wilaya_code,wilaya,commune_code,commune,ecole_code,nom_ecole,type
10,"Bouira",1001,"البويرة (BOUIRA)",10011048,"إبتدائية  النجاح الخاصة","Privé"
10,"Bouira",1001,"البويرة (BOUIRA)",10011059,"إبتدائية  انسيكلو الخاصة","Privé"
10,"Bouira",1001,"البويرة (BOUIRA)",10011061,"إبتدائية  المستقبل السامي","Privé"
12,"Tébessa",1201,"تبسة (TEBESSA)",12011083,"إبتدائية  التميز الخاصة","Privé"
13,"Tlemcen",1301,"تلمسان (TLEMCEN)",13011047,"إبتدائية  الفتح","Privé"
13,"Tlemcen",1301,"تلمسان (TLEMCEN)",13011048,"إبتدائية  الحياة","Privé"
13,"Tlemcen",1301,"تلمسان (TLEMCEN)",13011057,"إبتدائية  المجموعة المدرسية بوعبدالله - ابتدائي","Privé"
13,"Tlemcen",1301,"تلمسان (TLEMCEN)",13011058,"إبتدائية  المجمع المدرسي الفتح","Privé"
13,"Tlemcen",1351,"منصورة (MANSOURAH)",13511020,"إبتدائية  تيسورة الخاصة","Privé"
14,"Tiaret",1401,"تيارت (TIARET)",14011128,"إبتدائية  مؤسسة التربية و التعليم  محمد الفاتح الخاصة","Privé"
14,"Tiaret",1401,"تيارت (TIARET)",14011138,"إبتدائية  الإدراك","Privé"
15,"Tizi Ouzou",1501,"تيزي وزو (TIZI-OUZOU)",15011054,"إبتدائية  قوس قزح","Privé"
15,"Tizi Ouzou",1501,"تيزي وزو (TIZI-OUZOU)",15011055,"إبتدائية  إثري","Privé"
15,"Tizi Ouzou",1501,"تيزي وزو (TIZI-OUZOU)",15011056,"إبتدائية  جرجرة سكول","Privé"
15,"Tizi Ouzou",1501,"تيزي وزو (TIZI-OUZOU)",15011057,"إبتدائية  فورولو الصغير","Privé"
15,"Tizi Ouzou",1501,"تيزي وزو (TIZI-OUZOU)",15011058,"إبتدائية  لحاد","Privé"
15,"Tizi Ouzou",1501,"تيزي وزو (TIZI-OUZOU)",15011059,"إبتدائية  اليمامة البيضاء","Privé"
15,"Tizi Ouzou",1501,"تيزي وزو (TIZI-OUZOU)",15011060,"إبتدائية  اسبرانس سكول","Privé"
15,"Tizi Ouzou",1501,"تيزي وزو (TIZI-OUZOU)",15011061,"إبتدائية  أسلاس","Privé"
15,"Tizi Ouzou",1501,"تيزي وزو (TIZI-OUZOU)",15011062,"إبتدائية  تالة","Privé"
15,"Tizi Ouzou",1501,"تيزي وزو (TIZI-OUZOU)",15011063,"إبتدائية  تيللي","Privé"
15,"Tizi Ouzou",1501,"تيزي وزو (TIZI-OUZOU)",15011067,"إبتدائية  رونيسونس","Privé"
15,"Tizi Ouzou",1501,"تيزي وزو (TIZI-OUZOU)",15011068,"إبتدائية  أفولاي","Privé"
15,"Tizi Ouzou",1501,"تيزي وزو (TIZI-OUZOU)",15011069,"إبتدائية  تيزي نتسنا","Privé"
15,"Tizi Ouzou",1501,"تيزي وزو (TIZI-OUZOU)",15011070,"إبتدائية  إزجيقان نتفسوث","Privé"
15,"Tizi Ouzou",1501,"تيزي وزو (TIZI-OUZOU)",15011072,"إبتدائية  إخولاف","Privé"
15,"Tizi Ouzou",1501,"تيزي وزو (TIZI-OUZOU)",15011073,"إبتدائية  لاسيتادال","Privé"
15,"Tizi Ouzou",1501,"تيزي وزو (TIZI-OUZOU)",15011079,"إبتدائية  مادور","Privé"
15,"Tizi Ouzou",1501,"تيزي وزو (TIZI-OUZOU)",15011080,"إبتدائية  لاســيــتــدال مـلـحـقـة","Privé"
15,"Tizi Ouzou",1501,"تيزي وزو (TIZI-OUZOU)",15011082,"إبتدائية  ليباج دي ليفر","Privé"
15,"Tizi Ouzou",1510,"ذراع الميزان (DRAA EL MIZAN)",15101020,"إبتدائية  أعمر حرشاوي","Privé"
15,"Tizi Ouzou",1511,"تيزي غنيف (TIZI-GHENIF)",15111020,"إبتدائية  النــجــاح","Privé"
15,"Tizi Ouzou",1518,"عزازقة (AZAZGA)",15181015,"إبتدائية  شريفي علي","Privé"
15,"Tizi Ouzou",1518,"عزازقة (AZAZGA)",15181016,"إبتدائية  بن قاسي محند سعيد (بال إتتوال)","Privé"
15,"Tizi Ouzou",1536,"واضية (OUADHIAS)",15361006,"إبتدائية  لي بون إيـسبـرونـس","Privé"
15,"Tizi Ouzou",1537,"أزفون (AZEFFOUN)",15371024,"إبتدائية  الإخوة حدري (براين سكول سابقا)","Privé"
15,"Tizi Ouzou",1547,"ذراع بن خدة (DRAA-BEN-KHEDDA)",15471012,"إبتدائية  لكناري","Privé"
15,"Tizi Ouzou",1547,"ذراع بن خدة (DRAA-BEN-KHEDDA)",15471013,"إبتدائية  نوميديا توارس","Privé"
16,"Alger",1601,"الجزائر الوسطى (ALGER CENTRE)",16011022,"إبتدائية  م ت ت خ الكاهنة","Privé"
16,"Alger",1601,"الجزائر الوسطى (ALGER CENTRE)",16011023,"إبتدائية  م ت ت خ الكندي","Privé"
16,"Alger",1601,"الجزائر الوسطى (ALGER CENTRE)",16031013,"إبتدائية  م ت ت خ لعبادي حسان","Privé"
16,"Alger",1601,"الجزائر الوسطى (ALGER CENTRE)",16101022,"إبتدائية  م ت ت خ ساريس","Privé"
16,"Alger",1601,"الجزائر الوسطى (ALGER CENTRE)",16101027,"إبتدائية  م ت ت خ القلادة الذهبية","Privé"
16,"Alger",1601,"الجزائر الوسطى (ALGER CENTRE)",16111028,"إبتدائية  م ت ت خ ليقليسين","Privé"
16,"Alger",1601,"الجزائر الوسطى (ALGER CENTRE)",16111032,"إبتدائية  م ت ت خ الانفتاح","Privé"
16,"Alger",1601,"الجزائر الوسطى (ALGER CENTRE)",16111033,"إبتدائية  م ت ت خ الرجاء و التفوق","Privé"
16,"Alger",1601,"الجزائر الوسطى (ALGER CENTRE)",16111035,"إبتدائية  م ت ت خ فيتاغورس","Privé"
16,"Alger",1601,"الجزائر الوسطى (ALGER CENTRE)",16111040,"إبتدائية  م ت ت خ نور العلوم","Privé"
16,"Alger",1601,"الجزائر الوسطى (ALGER CENTRE)",16121035,"إبتدائية  م خ  قران دي سافوار","Privé"
16,"Alger",1601,"الجزائر الوسطى (ALGER CENTRE)",16171016,"إبتدائية  م ت ت خ رسالة الأمل","Privé"
16,"Alger",1601,"الجزائر الوسطى (ALGER CENTRE)",16171018,"إبتدائية  م ت ت خ كابوسين","Privé"
16,"Alger",1601,"الجزائر الوسطى (ALGER CENTRE)",16181030,"إبتدائية  م ت ت خ الأبرار","Privé"
16,"Alger",1601,"الجزائر الوسطى (ALGER CENTRE)",16181031,"إبتدائية  م ت ت خ مملكة الزهور","Privé"
16,"Alger",1601,"الجزائر الوسطى (ALGER CENTRE)",16181034,"إبتدائية  م ت ت خ الياسمين","Privé"
16,"Alger",1601,"الجزائر الوسطى (ALGER CENTRE)",16181036,"إبتدائية  م ت ت خ خديجة","Privé"
16,"Alger",1601,"الجزائر الوسطى (ALGER CENTRE)",16181039,"إبتدائية  م ت ت خ 3210 صولاي","Privé"
16,"Alger",1601,"الجزائر الوسطى (ALGER CENTRE)",16181040,"إبتدائية  م ت ت خ ابن سيرين","Privé"
16,"Alger",1601,"الجزائر الوسطى (ALGER CENTRE)",16181045,"إبتدائية  م ت ت خ المستقبل","Privé"
16,"Alger",1601,"الجزائر الوسطى (ALGER CENTRE)",16181049,"إبتدائية  م ت ت خ المعارج","Privé"
16,"Alger",1601,"الجزائر الوسطى (ALGER CENTRE)",16181050,"إبتدائية  م ت ت خ أضواء العلم","Privé"
16,"Alger",1601,"الجزائر الوسطى (ALGER CENTRE)",16181053,"إبتدائية  م ت ت خ أدسفور سكول","Privé"
16,"Alger",1601,"الجزائر الوسطى (ALGER CENTRE)",16181056,"إبتدائية  م ت ت خ مفدي زكريا","Privé"
16,"Alger",1601,"الجزائر الوسطى (ALGER CENTRE)",16221011,"إبتدائية  م ت ت خ فنتازيا","Privé"
16,"Alger",1601,"الجزائر الوسطى (ALGER CENTRE)",16221012,"إبتدائية  م ت ت خ فال جولي","Privé"
16,"Alger",1601,"الجزائر الوسطى (ALGER CENTRE)",16251009,"إبتدائية  م ت ت خ إينيسيال","Privé"
16,"Alger",1601,"الجزائر الوسطى (ALGER CENTRE)",16261040,"إبتدائية  م ت ت خ المجمع المدرسي الجوهر","Privé"
16,"Alger",1601,"الجزائر الوسطى (ALGER CENTRE)",16271010,"إبتدائية  م ت ت خ الحكمة","Privé"
16,"Alger",1601,"الجزائر الوسطى (ALGER CENTRE)",16421027,"إبتدائية  سميرة سكول الخاصة","Privé"
16,"Alger",1601,"الجزائر الوسطى (ALGER CENTRE)",16521031,"إبتدائية  م خ الاطلس الكبير","Privé"
16,"Alger",1602,"سيدي امحمد (SIDI M'HAMED)",16101022,"إبتدائية  م ت ت خ ساريس","Privé"
16,"Alger",1602,"سيدي امحمد (SIDI M'HAMED)",16101027,"إبتدائية  م ت ت خ القلادة الذهبية","Privé"
16,"Alger",1602,"سيدي امحمد (SIDI M'HAMED)",16111028,"إبتدائية  م ت ت خ ليقليسين","Privé"
16,"Alger",1602,"سيدي امحمد (SIDI M'HAMED)",16111032,"إبتدائية  م ت ت خ الانفتاح","Privé"
16,"Alger",1602,"سيدي امحمد (SIDI M'HAMED)",16111033,"إبتدائية  م ت ت خ الرجاء و التفوق","Privé"
16,"Alger",1602,"سيدي امحمد (SIDI M'HAMED)",16111040,"إبتدائية  م ت ت خ نور العلوم","Privé"
16,"Alger",1602,"سيدي امحمد (SIDI M'HAMED)",16181030,"إبتدائية  م ت ت خ الأبرار","Privé"
16,"Alger",1602,"سيدي امحمد (SIDI M'HAMED)",16181031,"إبتدائية  م ت ت خ مملكة الزهور","Privé"
16,"Alger",1602,"سيدي امحمد (SIDI M'HAMED)",16181034,"إبتدائية  م ت ت خ الياسمين","Privé"
16,"Alger",1602,"سيدي امحمد (SIDI M'HAMED)",16181036,"إبتدائية  م ت ت خ خديجة","Privé"
16,"Alger",1602,"سيدي امحمد (SIDI M'HAMED)",16181040,"إبتدائية  م ت ت خ ابن سيرين","Privé"
16,"Alger",1602,"سيدي امحمد (SIDI M'HAMED)",16181045,"إبتدائية  م ت ت خ المستقبل","Privé"
16,"Alger",1602,"سيدي امحمد (SIDI M'HAMED)",16181049,"إبتدائية  م ت ت خ المعارج","Privé"
16,"Alger",1602,"سيدي امحمد (SIDI M'HAMED)",16181050,"إبتدائية  م ت ت خ أضواء العلم","Privé"
16,"Alger",1602,"سيدي امحمد (SIDI M'HAMED)",16181053,"إبتدائية  م ت ت خ أدسفور سكول","Privé"
16,"Alger",1602,"سيدي امحمد (SIDI M'HAMED)",16221011,"إبتدائية  م ت ت خ فنتازيا","Privé"
16,"Alger",1602,"سيدي امحمد (SIDI M'HAMED)",16261040,"إبتدائية  م ت ت خ المجمع المدرسي الجوهر","Privé"
16,"Alger",1602,"سيدي امحمد (SIDI M'HAMED)",16271010,"إبتدائية  م ت ت خ الحكمة","Privé"
16,"Alger",1603,"المدنية (EL MADANIA)",16031013,"إبتدائية  م ت ت خ لعبادي حسان","Privé"
16,"Alger",1603,"المدنية (EL MADANIA)",16101022,"إبتدائية  م ت ت خ ساريس","Privé"
16,"Alger",1603,"المدنية (EL MADANIA)",16101027,"إبتدائية  م ت ت خ القلادة الذهبية","Privé"
16,"Alger",1603,"المدنية (EL MADANIA)",16111028,"إبتدائية  م ت ت خ ليقليسين","Privé"
16,"Alger",1603,"المدنية (EL MADANIA)",16111032,"إبتدائية  م ت ت خ الانفتاح","Privé"
16,"Alger",1603,"المدنية (EL MADANIA)",16111033,"إبتدائية  م ت ت خ الرجاء و التفوق","Privé"
16,"Alger",1603,"المدنية (EL MADANIA)",16111040,"إبتدائية  م ت ت خ نور العلوم","Privé"
16,"Alger",1603,"المدنية (EL MADANIA)",16121035,"إبتدائية  م خ  قران دي سافوار","Privé"
16,"Alger",1603,"المدنية (EL MADANIA)",16181030,"إبتدائية  م ت ت خ الأبرار","Privé"
16,"Alger",1603,"المدنية (EL MADANIA)",16181031,"إبتدائية  م ت ت خ مملكة الزهور","Privé"
16,"Alger",1603,"المدنية (EL MADANIA)",16181034,"إبتدائية  م ت ت خ الياسمين","Privé"
16,"Alger",1603,"المدنية (EL MADANIA)",16181036,"إبتدائية  م ت ت خ خديجة","Privé"
16,"Alger",1603,"المدنية (EL MADANIA)",16181040,"إبتدائية  م ت ت خ ابن سيرين","Privé"
16,"Alger",1603,"المدنية (EL MADANIA)",16181045,"إبتدائية  م ت ت خ المستقبل","Privé"
16,"Alger",1603,"المدنية (EL MADANIA)",16181049,"إبتدائية  م ت ت خ المعارج","Privé"
16,"Alger",1603,"المدنية (EL MADANIA)",16181050,"إبتدائية  م ت ت خ أضواء العلم","Privé"
16,"Alger",1603,"المدنية (EL MADANIA)",16181053,"إبتدائية  م ت ت خ أدسفور سكول","Privé"
16,"Alger",1603,"المدنية (EL MADANIA)",16221011,"إبتدائية  م ت ت خ فنتازيا","Privé"
16,"Alger",1603,"المدنية (EL MADANIA)",16261040,"إبتدائية  م ت ت خ المجمع المدرسي الجوهر","Privé"
16,"Alger",1603,"المدنية (EL MADANIA)",16271010,"إبتدائية  م ت ت خ الحكمة","Privé"
16,"Alger",1604,"محمد بلوزداد (MOHAMED BELOUZDAD)",16101022,"إبتدائية  م ت ت خ ساريس","Privé"
16,"Alger",1604,"محمد بلوزداد (MOHAMED BELOUZDAD)",16101027,"إبتدائية  م ت ت خ القلادة الذهبية","Privé"
16,"Alger",1604,"محمد بلوزداد (MOHAMED BELOUZDAD)",16111028,"إبتدائية  م ت ت خ ليقليسين","Privé"
16,"Alger",1604,"محمد بلوزداد (MOHAMED BELOUZDAD)",16111032,"إبتدائية  م ت ت خ الانفتاح","Privé"
16,"Alger",1604,"محمد بلوزداد (MOHAMED BELOUZDAD)",16111040,"إبتدائية  م ت ت خ نور العلوم","Privé"
16,"Alger",1604,"محمد بلوزداد (MOHAMED BELOUZDAD)",16121035,"إبتدائية  م خ  قران دي سافوار","Privé"
16,"Alger",1604,"محمد بلوزداد (MOHAMED BELOUZDAD)",16181030,"إبتدائية  م ت ت خ الأبرار","Privé"
16,"Alger",1604,"محمد بلوزداد (MOHAMED BELOUZDAD)",16181031,"إبتدائية  م ت ت خ مملكة الزهور","Privé"
16,"Alger",1604,"محمد بلوزداد (MOHAMED BELOUZDAD)",16181034,"إبتدائية  م ت ت خ الياسمين","Privé"
16,"Alger",1604,"محمد بلوزداد (MOHAMED BELOUZDAD)",16181036,"إبتدائية  م ت ت خ خديجة","Privé"
16,"Alger",1604,"محمد بلوزداد (MOHAMED BELOUZDAD)",16181040,"إبتدائية  م ت ت خ ابن سيرين","Privé"
16,"Alger",1604,"محمد بلوزداد (MOHAMED BELOUZDAD)",16181045,"إبتدائية  م ت ت خ المستقبل","Privé"
16,"Alger",1604,"محمد بلوزداد (MOHAMED BELOUZDAD)",16181049,"إبتدائية  م ت ت خ المعارج","Privé"
16,"Alger",1604,"محمد بلوزداد (MOHAMED BELOUZDAD)",16181050,"إبتدائية  م ت ت خ أضواء العلم","Privé"
16,"Alger",1604,"محمد بلوزداد (MOHAMED BELOUZDAD)",16181053,"إبتدائية  م ت ت خ أدسفور سكول","Privé"
16,"Alger",1604,"محمد بلوزداد (MOHAMED BELOUZDAD)",16221011,"إبتدائية  م ت ت خ فنتازيا","Privé"
16,"Alger",1604,"محمد بلوزداد (MOHAMED BELOUZDAD)",16261040,"إبتدائية  م ت ت خ المجمع المدرسي الجوهر","Privé"
16,"Alger",1604,"محمد بلوزداد (MOHAMED BELOUZDAD)",16271010,"إبتدائية  م ت ت خ الحكمة","Privé"
16,"Alger",1605,"باب الوادي (BAB EL OUED)",16031013,"إبتدائية  م ت ت خ لعبادي حسان","Privé"
16,"Alger",1605,"باب الوادي (BAB EL OUED)",16101022,"إبتدائية  م ت ت خ ساريس","Privé"
16,"Alger",1605,"باب الوادي (BAB EL OUED)",16101027,"إبتدائية  م ت ت خ القلادة الذهبية","Privé"
16,"Alger",1605,"باب الوادي (BAB EL OUED)",16111028,"إبتدائية  م ت ت خ ليقليسين","Privé"
16,"Alger",1605,"باب الوادي (BAB EL OUED)",16111032,"إبتدائية  م ت ت خ الانفتاح","Privé"
16,"Alger",1605,"باب الوادي (BAB EL OUED)",16111033,"إبتدائية  م ت ت خ الرجاء و التفوق","Privé"
16,"Alger",1605,"باب الوادي (BAB EL OUED)",16111040,"إبتدائية  م ت ت خ نور العلوم","Privé"
16,"Alger",1605,"باب الوادي (BAB EL OUED)",16181030,"إبتدائية  م ت ت خ الأبرار","Privé"
16,"Alger",1605,"باب الوادي (BAB EL OUED)",16181031,"إبتدائية  م ت ت خ مملكة الزهور","Privé"
16,"Alger",1605,"باب الوادي (BAB EL OUED)",16181034,"إبتدائية  م ت ت خ الياسمين","Privé"
16,"Alger",1605,"باب الوادي (BAB EL OUED)",16181036,"إبتدائية  م ت ت خ خديجة","Privé"
16,"Alger",1605,"باب الوادي (BAB EL OUED)",16181040,"إبتدائية  م ت ت خ ابن سيرين","Privé"
16,"Alger",1605,"باب الوادي (BAB EL OUED)",16181045,"إبتدائية  م ت ت خ المستقبل","Privé"
16,"Alger",1605,"باب الوادي (BAB EL OUED)",16181049,"إبتدائية  م ت ت خ المعارج","Privé"
16,"Alger",1605,"باب الوادي (BAB EL OUED)",16181050,"إبتدائية  م ت ت خ أضواء العلم","Privé"
16,"Alger",1605,"باب الوادي (BAB EL OUED)",16221011,"إبتدائية  م ت ت خ فنتازيا","Privé"
16,"Alger",1605,"باب الوادي (BAB EL OUED)",16261040,"إبتدائية  م ت ت خ المجمع المدرسي الجوهر","Privé"
16,"Alger",1605,"باب الوادي (BAB EL OUED)",16321015,"إبتدائية  م ت ت خ الفانوس","Privé"
16,"Alger",1606,"بولوغين بن زيري (BOLOGHINE IBNOU ZIRI)",16101022,"إبتدائية  م ت ت خ ساريس","Privé"
16,"Alger",1606,"بولوغين بن زيري (BOLOGHINE IBNOU ZIRI)",16101027,"إبتدائية  م ت ت خ القلادة الذهبية","Privé"
16,"Alger",1606,"بولوغين بن زيري (BOLOGHINE IBNOU ZIRI)",16111028,"إبتدائية  م ت ت خ ليقليسين","Privé"
16,"Alger",1606,"بولوغين بن زيري (BOLOGHINE IBNOU ZIRI)",16111032,"إبتدائية  م ت ت خ الانفتاح","Privé"
16,"Alger",1606,"بولوغين بن زيري (BOLOGHINE IBNOU ZIRI)",16111033,"إبتدائية  م ت ت خ الرجاء و التفوق","Privé"
16,"Alger",1606,"بولوغين بن زيري (BOLOGHINE IBNOU ZIRI)",16111040,"إبتدائية  م ت ت خ نور العلوم","Privé"
16,"Alger",1606,"بولوغين بن زيري (BOLOGHINE IBNOU ZIRI)",16181030,"إبتدائية  م ت ت خ الأبرار","Privé"
16,"Alger",1606,"بولوغين بن زيري (BOLOGHINE IBNOU ZIRI)",16181031,"إبتدائية  م ت ت خ مملكة الزهور","Privé"
16,"Alger",1606,"بولوغين بن زيري (BOLOGHINE IBNOU ZIRI)",16181034,"إبتدائية  م ت ت خ الياسمين","Privé"
16,"Alger",1606,"بولوغين بن زيري (BOLOGHINE IBNOU ZIRI)",16181036,"إبتدائية  م ت ت خ خديجة","Privé"
16,"Alger",1606,"بولوغين بن زيري (BOLOGHINE IBNOU ZIRI)",16181040,"إبتدائية  م ت ت خ ابن سيرين","Privé"
16,"Alger",1606,"بولوغين بن زيري (BOLOGHINE IBNOU ZIRI)",16181045,"إبتدائية  م ت ت خ المستقبل","Privé"
16,"Alger",1606,"بولوغين بن زيري (BOLOGHINE IBNOU ZIRI)",16181049,"إبتدائية  م ت ت خ المعارج","Privé"
16,"Alger",1606,"بولوغين بن زيري (BOLOGHINE IBNOU ZIRI)",16181050,"إبتدائية  م ت ت خ أضواء العلم","Privé"
16,"Alger",1606,"بولوغين بن زيري (BOLOGHINE IBNOU ZIRI)",16221011,"إبتدائية  م ت ت خ فنتازيا","Privé"
16,"Alger",1606,"بولوغين بن زيري (BOLOGHINE IBNOU ZIRI)",16261040,"إبتدائية  م ت ت خ المجمع المدرسي الجوهر","Privé"
16,"Alger",1607,"القصبة (CASBAH)",16101022,"إبتدائية  م ت ت خ ساريس","Privé"
16,"Alger",1607,"القصبة (CASBAH)",16101027,"إبتدائية  م ت ت خ القلادة الذهبية","Privé"
16,"Alger",1607,"القصبة (CASBAH)",16111028,"إبتدائية  م ت ت خ ليقليسين","Privé"
16,"Alger",1607,"القصبة (CASBAH)",16111032,"إبتدائية  م ت ت خ الانفتاح","Privé"
16,"Alger",1607,"القصبة (CASBAH)",16111033,"إبتدائية  م ت ت خ الرجاء و التفوق","Privé"
16,"Alger",1607,"القصبة (CASBAH)",16111040,"إبتدائية  م ت ت خ نور العلوم","Privé"
16,"Alger",1607,"القصبة (CASBAH)",16181030,"إبتدائية  م ت ت خ الأبرار","Privé"
16,"Alger",1607,"القصبة (CASBAH)",16181031,"إبتدائية  م ت ت خ مملكة الزهور","Privé"
16,"Alger",1607,"القصبة (CASBAH)",16181034,"إبتدائية  م ت ت خ الياسمين","Privé"
16,"Alger",1607,"القصبة (CASBAH)",16181036,"إبتدائية  م ت ت خ خديجة","Privé"
16,"Alger",1607,"القصبة (CASBAH)",16181040,"إبتدائية  م ت ت خ ابن سيرين","Privé"
16,"Alger",1607,"القصبة (CASBAH)",16181045,"إبتدائية  م ت ت خ المستقبل","Privé"
16,"Alger",1607,"القصبة (CASBAH)",16181049,"إبتدائية  م ت ت خ المعارج","Privé"
16,"Alger",1607,"القصبة (CASBAH)",16181050,"إبتدائية  م ت ت خ أضواء العلم","Privé"
16,"Alger",1607,"القصبة (CASBAH)",16221011,"إبتدائية  م ت ت خ فنتازيا","Privé"
16,"Alger",1607,"القصبة (CASBAH)",16261040,"إبتدائية  م ت ت خ المجمع المدرسي الجوهر","Privé"
16,"Alger",1607,"القصبة (CASBAH)",16271010,"إبتدائية  م ت ت خ الحكمة","Privé"
16,"Alger",1608,"وادي قريش (OUED KORICHE)",16101022,"إبتدائية  م ت ت خ ساريس","Privé"
16,"Alger",1608,"وادي قريش (OUED KORICHE)",16101027,"إبتدائية  م ت ت خ القلادة الذهبية","Privé"
16,"Alger",1608,"وادي قريش (OUED KORICHE)",16111028,"إبتدائية  م ت ت خ ليقليسين","Privé"
16,"Alger",1608,"وادي قريش (OUED KORICHE)",16111032,"إبتدائية  م ت ت خ الانفتاح","Privé"
16,"Alger",1608,"وادي قريش (OUED KORICHE)",16111033,"إبتدائية  م ت ت خ الرجاء و التفوق","Privé"
16,"Alger",1608,"وادي قريش (OUED KORICHE)",16111040,"إبتدائية  م ت ت خ نور العلوم","Privé"
16,"Alger",1608,"وادي قريش (OUED KORICHE)",16181030,"إبتدائية  م ت ت خ الأبرار","Privé"
16,"Alger",1608,"وادي قريش (OUED KORICHE)",16181031,"إبتدائية  م ت ت خ مملكة الزهور","Privé"
16,"Alger",1608,"وادي قريش (OUED KORICHE)",16181034,"إبتدائية  م ت ت خ الياسمين","Privé"
16,"Alger",1608,"وادي قريش (OUED KORICHE)",16181036,"إبتدائية  م ت ت خ خديجة","Privé"
16,"Alger",1608,"وادي قريش (OUED KORICHE)",16181040,"إبتدائية  م ت ت خ ابن سيرين","Privé"
16,"Alger",1608,"وادي قريش (OUED KORICHE)",16181045,"إبتدائية  م ت ت خ المستقبل","Privé"
16,"Alger",1608,"وادي قريش (OUED KORICHE)",16181049,"إبتدائية  م ت ت خ المعارج","Privé"
16,"Alger",1608,"وادي قريش (OUED KORICHE)",16181050,"إبتدائية  م ت ت خ أضواء العلم","Privé"
16,"Alger",1608,"وادي قريش (OUED KORICHE)",16221011,"إبتدائية  م ت ت خ فنتازيا","Privé"
16,"Alger",1608,"وادي قريش (OUED KORICHE)",16261040,"إبتدائية  م ت ت خ المجمع المدرسي الجوهر","Privé"
16,"Alger",1608,"وادي قريش (OUED KORICHE)",16271010,"إبتدائية  م ت ت خ الحكمة","Privé"
16,"Alger",1608,"وادي قريش (OUED KORICHE)",16321016,"إبتدائية  م ت ت خ آمال المستقبل","Privé"
16,"Alger",1610,"الابيار (EL BIAR)",16101022,"إبتدائية  م ت ت خ ساريس","Privé"
16,"Alger",1610,"الابيار (EL BIAR)",16101023,"إبتدائية  م ت ت خ النور","Privé"
16,"Alger",1610,"الابيار (EL BIAR)",16101024,"إبتدائية  م ت ت خ الأوراس","Privé"
16,"Alger",1610,"الابيار (EL BIAR)",16101025,"إبتدائية  م ت ت خ موزاوي حكيم","Privé"
16,"Alger",1610,"الابيار (EL BIAR)",16101026,"إبتدائية  م ت ت خ الأمل","Privé"
16,"Alger",1610,"الابيار (EL BIAR)",16101027,"إبتدائية  م ت ت خ القلادة الذهبية","Privé"
16,"Alger",1610,"الابيار (EL BIAR)",16111028,"إبتدائية  م ت ت خ ليقليسين","Privé"
16,"Alger",1610,"الابيار (EL BIAR)",16111032,"إبتدائية  م ت ت خ الانفتاح","Privé"
16,"Alger",1610,"الابيار (EL BIAR)",16111033,"إبتدائية  م ت ت خ الرجاء و التفوق","Privé"
16,"Alger",1610,"الابيار (EL BIAR)",16111040,"إبتدائية  م ت ت خ نور العلوم","Privé"
16,"Alger",1610,"الابيار (EL BIAR)",16121035,"إبتدائية  م خ  قران دي سافوار","Privé"
16,"Alger",1610,"الابيار (EL BIAR)",16181030,"إبتدائية  م ت ت خ الأبرار","Privé"
16,"Alger",1610,"الابيار (EL BIAR)",16181031,"إبتدائية  م ت ت خ مملكة الزهور","Privé"
16,"Alger",1610,"الابيار (EL BIAR)",16181034,"إبتدائية  م ت ت خ الياسمين","Privé"
16,"Alger",1610,"الابيار (EL BIAR)",16181036,"إبتدائية  م ت ت خ خديجة","Privé"
16,"Alger",1610,"الابيار (EL BIAR)",16181040,"إبتدائية  م ت ت خ ابن سيرين","Privé"
16,"Alger",1610,"الابيار (EL BIAR)",16181045,"إبتدائية  م ت ت خ المستقبل","Privé"
16,"Alger",1610,"الابيار (EL BIAR)",16181049,"إبتدائية  م ت ت خ المعارج","Privé"
16,"Alger",1610,"الابيار (EL BIAR)",16181050,"إبتدائية  م ت ت خ أضواء العلم","Privé"
16,"Alger",1610,"الابيار (EL BIAR)",16221011,"إبتدائية  م ت ت خ فنتازيا","Privé"
16,"Alger",1610,"الابيار (EL BIAR)",16261040,"إبتدائية  م ت ت خ المجمع المدرسي الجوهر","Privé"
16,"Alger",1610,"الابيار (EL BIAR)",16271010,"إبتدائية  م ت ت خ الحكمة","Privé"
16,"Alger",1610,"الابيار (EL BIAR)",16321015,"إبتدائية  م ت ت خ الفانوس","Privé"
16,"Alger",1610,"الابيار (EL BIAR)",16321016,"إبتدائية  م ت ت خ آمال المستقبل","Privé"
16,"Alger",1610,"الابيار (EL BIAR)",16521031,"إبتدائية  م خ الاطلس الكبير","Privé"
16,"Alger",1611,"بوزريعة (BOUZAREAH)",16101022,"إبتدائية  م ت ت خ ساريس","Privé"
16,"Alger",1611,"بوزريعة (BOUZAREAH)",16101027,"إبتدائية  م ت ت خ القلادة الذهبية","Privé"
16,"Alger",1611,"بوزريعة (BOUZAREAH)",16111028,"إبتدائية  م ت ت خ ليقليسين","Privé"
16,"Alger",1611,"بوزريعة (BOUZAREAH)",16111029,"إبتدائية  م ت ت خ نبراس البصائر","Privé"
16,"Alger",1611,"بوزريعة (BOUZAREAH)",16111031,"إبتدائية  م ت ت خ خطوة بخطوة","Privé"
16,"Alger",1611,"بوزريعة (BOUZAREAH)",16111032,"إبتدائية  م ت ت خ الانفتاح","Privé"
16,"Alger",1611,"بوزريعة (BOUZAREAH)",16111033,"إبتدائية  م ت ت خ الرجاء و التفوق","Privé"
16,"Alger",1611,"بوزريعة (BOUZAREAH)",16111034,"إبتدائية  م ت ت خ الرياس","Privé"
16,"Alger",1611,"بوزريعة (BOUZAREAH)",16111035,"إبتدائية  م ت ت خ فيتاغورس","Privé"
16,"Alger",1611,"بوزريعة (BOUZAREAH)",16111036,"إبتدائية  م ت ت ج إكسيلانس إي سوكسي","Privé"
16,"Alger",1611,"بوزريعة (BOUZAREAH)",16111038,"إبتدائية  م ت ت خ تيناس","Privé"
16,"Alger",1611,"بوزريعة (BOUZAREAH)",16111039,"إبتدائية  م ت ت خ ليتنسال","Privé"
16,"Alger",1611,"بوزريعة (BOUZAREAH)",16111040,"إبتدائية  م ت ت خ نور العلوم","Privé"
16,"Alger",1611,"بوزريعة (BOUZAREAH)",16121035,"إبتدائية  م خ  قران دي سافوار","Privé"
16,"Alger",1611,"بوزريعة (BOUZAREAH)",16181030,"إبتدائية  م ت ت خ الأبرار","Privé"
16,"Alger",1611,"بوزريعة (BOUZAREAH)",16181031,"إبتدائية  م ت ت خ مملكة الزهور","Privé"
16,"Alger",1611,"بوزريعة (BOUZAREAH)",16181034,"إبتدائية  م ت ت خ الياسمين","Privé"
16,"Alger",1611,"بوزريعة (BOUZAREAH)",16181036,"إبتدائية  م ت ت خ خديجة","Privé"
16,"Alger",1611,"بوزريعة (BOUZAREAH)",16181040,"إبتدائية  م ت ت خ ابن سيرين","Privé"
16,"Alger",1611,"بوزريعة (BOUZAREAH)",16181045,"إبتدائية  م ت ت خ المستقبل","Privé"
16,"Alger",1611,"بوزريعة (BOUZAREAH)",16181049,"إبتدائية  م ت ت خ المعارج","Privé"
16,"Alger",1611,"بوزريعة (BOUZAREAH)",16181050,"إبتدائية  م ت ت خ أضواء العلم","Privé"
16,"Alger",1611,"بوزريعة (BOUZAREAH)",16221011,"إبتدائية  م ت ت خ فنتازيا","Privé"
16,"Alger",1611,"بوزريعة (BOUZAREAH)",16251009,"إبتدائية  م ت ت خ إينيسيال","Privé"
16,"Alger",1611,"بوزريعة (BOUZAREAH)",16261040,"إبتدائية  م ت ت خ المجمع المدرسي الجوهر","Privé"
16,"Alger",1611,"بوزريعة (BOUZAREAH)",16321015,"إبتدائية  م ت ت خ الفانوس","Privé"
16,"Alger",1611,"بوزريعة (BOUZAREAH)",16321016,"إبتدائية  م ت ت خ آمال المستقبل","Privé"
16,"Alger",1611,"بوزريعة (BOUZAREAH)",16521031,"إبتدائية  م خ الاطلس الكبير","Privé"
16,"Alger",1617,"حسين داي (HUSSEIN DEY)",16101027,"إبتدائية  م ت ت خ القلادة الذهبية","Privé"
16,"Alger",1617,"حسين داي (HUSSEIN DEY)",16111028,"إبتدائية  م ت ت خ ليقليسين","Privé"
16,"Alger",1617,"حسين داي (HUSSEIN DEY)",16111032,"إبتدائية  م ت ت خ الانفتاح","Privé"
16,"Alger",1617,"حسين داي (HUSSEIN DEY)",16111033,"إبتدائية  م ت ت خ الرجاء و التفوق","Privé"
16,"Alger",1617,"حسين داي (HUSSEIN DEY)",16111040,"إبتدائية  م ت ت خ نور العلوم","Privé"
16,"Alger",1617,"حسين داي (HUSSEIN DEY)",16121035,"إبتدائية  م خ  قران دي سافوار","Privé"
16,"Alger",1617,"حسين داي (HUSSEIN DEY)",16171015,"إبتدائية  م ت ت خ الجيل الصاعد","Privé"
16,"Alger",1617,"حسين داي (HUSSEIN DEY)",16171016,"إبتدائية  م ت ت خ رسالة الأمل","Privé"
16,"Alger",1617,"حسين داي (HUSSEIN DEY)",16171017,"إبتدائية  م ت ت خ البشير الإبراهيمي","Privé"
16,"Alger",1617,"حسين داي (HUSSEIN DEY)",16171018,"إبتدائية  م ت ت خ كابوسين","Privé"
16,"Alger",1617,"حسين داي (HUSSEIN DEY)",16181030,"إبتدائية  م ت ت خ الأبرار","Privé"
16,"Alger",1617,"حسين داي (HUSSEIN DEY)",16181031,"إبتدائية  م ت ت خ مملكة الزهور","Privé"
16,"Alger",1617,"حسين داي (HUSSEIN DEY)",16181034,"إبتدائية  م ت ت خ الياسمين","Privé"
16,"Alger",1617,"حسين داي (HUSSEIN DEY)",16181036,"إبتدائية  م ت ت خ خديجة","Privé"
16,"Alger",1617,"حسين داي (HUSSEIN DEY)",16181040,"إبتدائية  م ت ت خ ابن سيرين","Privé"
16,"Alger",1617,"حسين داي (HUSSEIN DEY)",16181045,"إبتدائية  م ت ت خ المستقبل","Privé"
16,"Alger",1617,"حسين داي (HUSSEIN DEY)",16181047,"إبتدائية  م ت ت خ الرشد العالمية","Privé"
16,"Alger",1617,"حسين داي (HUSSEIN DEY)",16181049,"إبتدائية  م ت ت خ المعارج","Privé"
16,"Alger",1617,"حسين داي (HUSSEIN DEY)",16181050,"إبتدائية  م ت ت خ أضواء العلم","Privé"
16,"Alger",1617,"حسين داي (HUSSEIN DEY)",16181053,"إبتدائية  م ت ت خ أدسفور سكول","Privé"
16,"Alger",1617,"حسين داي (HUSSEIN DEY)",16221011,"إبتدائية  م ت ت خ فنتازيا","Privé"
16,"Alger",1617,"حسين داي (HUSSEIN DEY)",16261040,"إبتدائية  م ت ت خ المجمع المدرسي الجوهر","Privé"
16,"Alger",1617,"حسين داي (HUSSEIN DEY)",16271010,"إبتدائية  م ت ت خ الحكمة","Privé"
16,"Alger",1618,"القبة (KOUBA)",16101027,"إبتدائية  م ت ت خ القلادة الذهبية","Privé"
16,"Alger",1618,"القبة (KOUBA)",16111028,"إبتدائية  م ت ت خ ليقليسين","Privé"
16,"Alger",1618,"القبة (KOUBA)",16111032,"إبتدائية  م ت ت خ الانفتاح","Privé"
16,"Alger",1618,"القبة (KOUBA)",16111033,"إبتدائية  م ت ت خ الرجاء و التفوق","Privé"
16,"Alger",1618,"القبة (KOUBA)",16111040,"إبتدائية  م ت ت خ نور العلوم","Privé"
16,"Alger",1618,"القبة (KOUBA)",16121035,"إبتدائية  م خ  قران دي سافوار","Privé"
16,"Alger",1618,"القبة (KOUBA)",16171016,"إبتدائية  م ت ت خ رسالة الأمل","Privé"
16,"Alger",1618,"القبة (KOUBA)",16181030,"إبتدائية  م ت ت خ الأبرار","Privé"
16,"Alger",1618,"القبة (KOUBA)",16181031,"إبتدائية  م ت ت خ مملكة الزهور","Privé"
16,"Alger",1618,"القبة (KOUBA)",16181032,"إبتدائية  م ت ت خ ديكارت","Privé"
16,"Alger",1618,"القبة (KOUBA)",16181034,"إبتدائية  م ت ت خ الياسمين","Privé"
16,"Alger",1618,"القبة (KOUBA)",16181035,"إبتدائية  م ت ت خ 1.2.3صولاي","Privé"
16,"Alger",1618,"القبة (KOUBA)",16181036,"إبتدائية  م ت ت خ خديجة","Privé"
16,"Alger",1618,"القبة (KOUBA)",16181037,"إبتدائية  م ت ت خ الإيريس","Privé"
16,"Alger",1618,"القبة (KOUBA)",16181038,"إبتدائية  م ت ت خ التماريس","Privé"
16,"Alger",1618,"القبة (KOUBA)",16181039,"إبتدائية  م ت ت خ 3210 صولاي","Privé"
16,"Alger",1618,"القبة (KOUBA)",16181040,"إبتدائية  م ت ت خ ابن سيرين","Privé"
16,"Alger",1618,"القبة (KOUBA)",16181042,"إبتدائية  م ت ت خ القلم","Privé"
16,"Alger",1618,"القبة (KOUBA)",16181043,"إبتدائية  م ت ت خ الرشاد","Privé"
16,"Alger",1618,"القبة (KOUBA)",16181044,"إبتدائية  م ت ت خ الشاطر","Privé"
16,"Alger",1618,"القبة (KOUBA)",16181045,"إبتدائية  م ت ت خ المستقبل","Privé"
16,"Alger",1618,"القبة (KOUBA)",16181046,"إبتدائية  م ت ت خ التراث الحديثة","Privé"
16,"Alger",1618,"القبة (KOUBA)",16181047,"إبتدائية  م ت ت خ الرشد العالمية","Privé"
16,"Alger",1618,"القبة (KOUBA)",16181048,"إبتدائية  م ت ت خ كاتب ياسين","Privé"
16,"Alger",1618,"القبة (KOUBA)",16181049,"إبتدائية  م ت ت خ المعارج","Privé"
16,"Alger",1618,"القبة (KOUBA)",16181050,"إبتدائية  م ت ت خ أضواء العلم","Privé"
16,"Alger",1618,"القبة (KOUBA)",16181051,"إبتدائية  م ت ت خ مهد العلوم","Privé"
16,"Alger",1618,"القبة (KOUBA)",16181053,"إبتدائية  م ت ت خ أدسفور سكول","Privé"
16,"Alger",1618,"القبة (KOUBA)",16181054,"إبتدائية  م ت ت خ غيث","Privé"
16,"Alger",1618,"القبة (KOUBA)",16181055,"إبتدائية  م ت ت خ القيم النموذجية","Privé"
16,"Alger",1618,"القبة (KOUBA)",16181056,"إبتدائية  م ت ت خ مفدي زكريا","Privé"
16,"Alger",1618,"القبة (KOUBA)",16221011,"إبتدائية  م ت ت خ فنتازيا","Privé"
16,"Alger",1618,"القبة (KOUBA)",16261040,"إبتدائية  م ت ت خ المجمع المدرسي الجوهر","Privé"
16,"Alger",1618,"القبة (KOUBA)",16271010,"إبتدائية  م ت ت خ الحكمة","Privé"
16,"Alger",1618,"القبة (KOUBA)",16521031,"إبتدائية  م خ الاطلس الكبير","Privé"
16,"Alger",1622,"ابن عكنون (BEN AKNOUN)",16101022,"إبتدائية  م ت ت خ ساريس","Privé"
16,"Alger",1622,"ابن عكنون (BEN AKNOUN)",16101027,"إبتدائية  م ت ت خ القلادة الذهبية","Privé"
16,"Alger",1622,"ابن عكنون (BEN AKNOUN)",16111028,"إبتدائية  م ت ت خ ليقليسين","Privé"
16,"Alger",1622,"ابن عكنون (BEN AKNOUN)",16111032,"إبتدائية  م ت ت خ الانفتاح","Privé"
16,"Alger",1622,"ابن عكنون (BEN AKNOUN)",16111033,"إبتدائية  م ت ت خ الرجاء و التفوق","Privé"
16,"Alger",1622,"ابن عكنون (BEN AKNOUN)",16111040,"إبتدائية  م ت ت خ نور العلوم","Privé"
16,"Alger",1622,"ابن عكنون (BEN AKNOUN)",16121035,"إبتدائية  م خ  قران دي سافوار","Privé"
16,"Alger",1622,"ابن عكنون (BEN AKNOUN)",16181030,"إبتدائية  م ت ت خ الأبرار","Privé"
16,"Alger",1622,"ابن عكنون (BEN AKNOUN)",16181031,"إبتدائية  م ت ت خ مملكة الزهور","Privé"
16,"Alger",1622,"ابن عكنون (BEN AKNOUN)",16181034,"إبتدائية  م ت ت خ الياسمين","Privé"
16,"Alger",1622,"ابن عكنون (BEN AKNOUN)",16181036,"إبتدائية  م ت ت خ خديجة","Privé"
16,"Alger",1622,"ابن عكنون (BEN AKNOUN)",16181040,"إبتدائية  م ت ت خ ابن سيرين","Privé"
16,"Alger",1622,"ابن عكنون (BEN AKNOUN)",16181045,"إبتدائية  م ت ت خ المستقبل","Privé"
16,"Alger",1622,"ابن عكنون (BEN AKNOUN)",16181049,"إبتدائية  م ت ت خ المعارج","Privé"
16,"Alger",1622,"ابن عكنون (BEN AKNOUN)",16181050,"إبتدائية  م ت ت خ أضواء العلم","Privé"
16,"Alger",1622,"ابن عكنون (BEN AKNOUN)",16221010,"إبتدائية  م ت ت خ شمسي","Privé"
16,"Alger",1622,"ابن عكنون (BEN AKNOUN)",16221011,"إبتدائية  م ت ت خ فنتازيا","Privé"
16,"Alger",1622,"ابن عكنون (BEN AKNOUN)",16221012,"إبتدائية  م ت ت خ فال جولي","Privé"
16,"Alger",1622,"ابن عكنون (BEN AKNOUN)",16221013,"إبتدائية  م ت ت خ نهال","Privé"
16,"Alger",1622,"ابن عكنون (BEN AKNOUN)",16261040,"إبتدائية  م ت ت خ المجمع المدرسي الجوهر","Privé"
16,"Alger",1622,"ابن عكنون (BEN AKNOUN)",16271010,"إبتدائية  م ت ت خ الحكمة","Privé"
16,"Alger",1622,"ابن عكنون (BEN AKNOUN)",16321015,"إبتدائية  م ت ت خ الفانوس","Privé"
16,"Alger",1622,"ابن عكنون (BEN AKNOUN)",16321016,"إبتدائية  م ت ت خ آمال المستقبل","Privé"
16,"Alger",1622,"ابن عكنون (BEN AKNOUN)",16521031,"إبتدائية  م خ الاطلس الكبير","Privé"
16,"Alger",1625,"الرايس حميدو (RAIS HAMIDOU)",16101022,"إبتدائية  م ت ت خ ساريس","Privé"
16,"Alger",1625,"الرايس حميدو (RAIS HAMIDOU)",16101027,"إبتدائية  م ت ت خ القلادة الذهبية","Privé"
16,"Alger",1625,"الرايس حميدو (RAIS HAMIDOU)",16111028,"إبتدائية  م ت ت خ ليقليسين","Privé"
16,"Alger",1625,"الرايس حميدو (RAIS HAMIDOU)",16111032,"إبتدائية  م ت ت خ الانفتاح","Privé"
16,"Alger",1625,"الرايس حميدو (RAIS HAMIDOU)",16111033,"إبتدائية  م ت ت خ الرجاء و التفوق","Privé"
16,"Alger",1625,"الرايس حميدو (RAIS HAMIDOU)",16111040,"إبتدائية  م ت ت خ نور العلوم","Privé"
16,"Alger",1625,"الرايس حميدو (RAIS HAMIDOU)",16181030,"إبتدائية  م ت ت خ الأبرار","Privé"
16,"Alger",1625,"الرايس حميدو (RAIS HAMIDOU)",16181031,"إبتدائية  م ت ت خ مملكة الزهور","Privé"
16,"Alger",1625,"الرايس حميدو (RAIS HAMIDOU)",16181034,"إبتدائية  م ت ت خ الياسمين","Privé"
16,"Alger",1625,"الرايس حميدو (RAIS HAMIDOU)",16181036,"إبتدائية  م ت ت خ خديجة","Privé"
16,"Alger",1625,"الرايس حميدو (RAIS HAMIDOU)",16181040,"إبتدائية  م ت ت خ ابن سيرين","Privé"
16,"Alger",1625,"الرايس حميدو (RAIS HAMIDOU)",16181045,"إبتدائية  م ت ت خ المستقبل","Privé"
16,"Alger",1625,"الرايس حميدو (RAIS HAMIDOU)",16181049,"إبتدائية  م ت ت خ المعارج","Privé"
16,"Alger",1625,"الرايس حميدو (RAIS HAMIDOU)",16181050,"إبتدائية  م ت ت خ أضواء العلم","Privé"
16,"Alger",1625,"الرايس حميدو (RAIS HAMIDOU)",16221011,"إبتدائية  م ت ت خ فنتازيا","Privé"
16,"Alger",1625,"الرايس حميدو (RAIS HAMIDOU)",16251009,"إبتدائية  م ت ت خ إينيسيال","Privé"
16,"Alger",1625,"الرايس حميدو (RAIS HAMIDOU)",16261040,"إبتدائية  م ت ت خ المجمع المدرسي الجوهر","Privé"
16,"Alger",1625,"الرايس حميدو (RAIS HAMIDOU)",16321016,"إبتدائية  م ت ت خ آمال المستقبل","Privé"
16,"Alger",1627,"المرادية (EL MOURADIA)",16031013,"إبتدائية  م ت ت خ لعبادي حسان","Privé"
16,"Alger",1627,"المرادية (EL MOURADIA)",16101022,"إبتدائية  م ت ت خ ساريس","Privé"
16,"Alger",1627,"المرادية (EL MOURADIA)",16101027,"إبتدائية  م ت ت خ القلادة الذهبية","Privé"
16,"Alger",1627,"المرادية (EL MOURADIA)",16111028,"إبتدائية  م ت ت خ ليقليسين","Privé"
16,"Alger",1627,"المرادية (EL MOURADIA)",16111032,"إبتدائية  م ت ت خ الانفتاح","Privé"
16,"Alger",1627,"المرادية (EL MOURADIA)",16111033,"إبتدائية  م ت ت خ الرجاء و التفوق","Privé"
16,"Alger",1627,"المرادية (EL MOURADIA)",16111040,"إبتدائية  م ت ت خ نور العلوم","Privé"
16,"Alger",1627,"المرادية (EL MOURADIA)",16121035,"إبتدائية  م خ  قران دي سافوار","Privé"
16,"Alger",1627,"المرادية (EL MOURADIA)",16181030,"إبتدائية  م ت ت خ الأبرار","Privé"
16,"Alger",1627,"المرادية (EL MOURADIA)",16181031,"إبتدائية  م ت ت خ مملكة الزهور","Privé"
16,"Alger",1627,"المرادية (EL MOURADIA)",16181034,"إبتدائية  م ت ت خ الياسمين","Privé"
16,"Alger",1627,"المرادية (EL MOURADIA)",16181036,"إبتدائية  م ت ت خ خديجة","Privé"
16,"Alger",1627,"المرادية (EL MOURADIA)",16181040,"إبتدائية  م ت ت خ ابن سيرين","Privé"
16,"Alger",1627,"المرادية (EL MOURADIA)",16181045,"إبتدائية  م ت ت خ المستقبل","Privé"
16,"Alger",1627,"المرادية (EL MOURADIA)",16181049,"إبتدائية  م ت ت خ المعارج","Privé"
16,"Alger",1627,"المرادية (EL MOURADIA)",16181050,"إبتدائية  م ت ت خ أضواء العلم","Privé"
16,"Alger",1627,"المرادية (EL MOURADIA)",16221011,"إبتدائية  م ت ت خ فنتازيا","Privé"
16,"Alger",1627,"المرادية (EL MOURADIA)",16261040,"إبتدائية  م ت ت خ المجمع المدرسي الجوهر","Privé"
16,"Alger",1627,"المرادية (EL MOURADIA)",16271010,"إبتدائية  م ت ت خ الحكمة","Privé"
16,"Alger",1627,"المرادية (EL MOURADIA)",16271011,"إبتدائية  م ت ت خ الانطلاق - لونفول -","Privé"
16,"Alger",1631,"المغارية (EL MAGHARIA)",16101027,"إبتدائية  م ت ت خ القلادة الذهبية","Privé"
16,"Alger",1631,"المغارية (EL MAGHARIA)",16111028,"إبتدائية  م ت ت خ ليقليسين","Privé"
16,"Alger",1631,"المغارية (EL MAGHARIA)",16111032,"إبتدائية  م ت ت خ الانفتاح","Privé"
16,"Alger",1631,"المغارية (EL MAGHARIA)",16111040,"إبتدائية  م ت ت خ نور العلوم","Privé"
16,"Alger",1631,"المغارية (EL MAGHARIA)",16181030,"إبتدائية  م ت ت خ الأبرار","Privé"
16,"Alger",1631,"المغارية (EL MAGHARIA)",16181031,"إبتدائية  م ت ت خ مملكة الزهور","Privé"
16,"Alger",1631,"المغارية (EL MAGHARIA)",16181034,"إبتدائية  م ت ت خ الياسمين","Privé"
16,"Alger",1631,"المغارية (EL MAGHARIA)",16181036,"إبتدائية  م ت ت خ خديجة","Privé"
16,"Alger",1631,"المغارية (EL MAGHARIA)",16181040,"إبتدائية  م ت ت خ ابن سيرين","Privé"
16,"Alger",1631,"المغارية (EL MAGHARIA)",16181045,"إبتدائية  م ت ت خ المستقبل","Privé"
16,"Alger",1631,"المغارية (EL MAGHARIA)",16181049,"إبتدائية  م ت ت خ المعارج","Privé"
16,"Alger",1631,"المغارية (EL MAGHARIA)",16181050,"إبتدائية  م ت ت خ أضواء العلم","Privé"
16,"Alger",1631,"المغارية (EL MAGHARIA)",16181053,"إبتدائية  م ت ت خ أدسفور سكول","Privé"
16,"Alger",1631,"المغارية (EL MAGHARIA)",16221011,"إبتدائية  م ت ت خ فنتازيا","Privé"
16,"Alger",1631,"المغارية (EL MAGHARIA)",16261040,"إبتدائية  م ت ت خ المجمع المدرسي الجوهر","Privé"
16,"Alger",1632,"بني مسوس (BENI MESSOUS)",16101022,"إبتدائية  م ت ت خ ساريس","Privé"
16,"Alger",1632,"بني مسوس (BENI MESSOUS)",16101027,"إبتدائية  م ت ت خ القلادة الذهبية","Privé"
16,"Alger",1632,"بني مسوس (BENI MESSOUS)",16111028,"إبتدائية  م ت ت خ ليقليسين","Privé"
16,"Alger",1632,"بني مسوس (BENI MESSOUS)",16111032,"إبتدائية  م ت ت خ الانفتاح","Privé"
16,"Alger",1632,"بني مسوس (BENI MESSOUS)",16111033,"إبتدائية  م ت ت خ الرجاء و التفوق","Privé"
16,"Alger",1632,"بني مسوس (BENI MESSOUS)",16111040,"إبتدائية  م ت ت خ نور العلوم","Privé"
16,"Alger",1632,"بني مسوس (BENI MESSOUS)",16121035,"إبتدائية  م خ  قران دي سافوار","Privé"
16,"Alger",1632,"بني مسوس (BENI MESSOUS)",16181030,"إبتدائية  م ت ت خ الأبرار","Privé"
16,"Alger",1632,"بني مسوس (BENI MESSOUS)",16181031,"إبتدائية  م ت ت خ مملكة الزهور","Privé"
16,"Alger",1632,"بني مسوس (BENI MESSOUS)",16181034,"إبتدائية  م ت ت خ الياسمين","Privé"
16,"Alger",1632,"بني مسوس (BENI MESSOUS)",16181036,"إبتدائية  م ت ت خ خديجة","Privé"
16,"Alger",1632,"بني مسوس (BENI MESSOUS)",16181040,"إبتدائية  م ت ت خ ابن سيرين","Privé"
16,"Alger",1632,"بني مسوس (BENI MESSOUS)",16181045,"إبتدائية  م ت ت خ المستقبل","Privé"
16,"Alger",1632,"بني مسوس (BENI MESSOUS)",16181049,"إبتدائية  م ت ت خ المعارج","Privé"
16,"Alger",1632,"بني مسوس (BENI MESSOUS)",16181050,"إبتدائية  م ت ت خ أضواء العلم","Privé"
16,"Alger",1632,"بني مسوس (BENI MESSOUS)",16221011,"إبتدائية  م ت ت خ فنتازيا","Privé"
16,"Alger",1632,"بني مسوس (BENI MESSOUS)",16261040,"إبتدائية  م ت ت خ المجمع المدرسي الجوهر","Privé"
16,"Alger",1632,"بني مسوس (BENI MESSOUS)",16321015,"إبتدائية  م ت ت خ الفانوس","Privé"
16,"Alger",1632,"بني مسوس (BENI MESSOUS)",16321016,"إبتدائية  م ت ت خ آمال المستقبل","Privé"
16,"Alger",1632,"بني مسوس (BENI MESSOUS)",16321017,"إبتدائية  م ت ت خ التدرج","Privé"
16,"Alger",1632,"بني مسوس (BENI MESSOUS)",16321018,"إبتدائية  م ت ت خ وردة العلوم","Privé"
16,"Alger",1632,"بني مسوس (BENI MESSOUS)",16521031,"إبتدائية  م خ الاطلس الكبير","Privé"
16,"Alger",1609,"بئر مراد رايس (BIR MOURAD RAIS)",16091018,"إبتدائية  م خ ميمـــوزة","Privé"
16,"Alger",1609,"بئر مراد رايس (BIR MOURAD RAIS)",16091019,"إبتدائية  م خ الزينيث","Privé"
16,"Alger",1609,"بئر مراد رايس (BIR MOURAD RAIS)",16091020,"إبتدائية  م خ الرفيــــــق","Privé"
16,"Alger",1609,"بئر مراد رايس (BIR MOURAD RAIS)",16091021,"إبتدائية  م خ الجزائر مستقبل","Privé"
16,"Alger",1609,"بئر مراد رايس (BIR MOURAD RAIS)",16091022,"إبتدائية  م خ ليقليسين","Privé"
16,"Alger",1609,"بئر مراد رايس (BIR MOURAD RAIS)",16091023,"إبتدائية  م خ باليسا","Privé"
16,"Alger",1609,"بئر مراد رايس (BIR MOURAD RAIS)",16091024,"إبتدائية  م خ الأنوار","Privé"
16,"Alger",1609,"بئر مراد رايس (BIR MOURAD RAIS)",16091025,"إبتدائية  م خ الجزائرية","Privé"
16,"Alger",1609,"بئر مراد رايس (BIR MOURAD RAIS)",16091026,"إبتدائية  إليت ليكاسطور","Privé"
16,"Alger",1609,"بئر مراد رايس (BIR MOURAD RAIS)",16091027,"إبتدائية  غيث","Privé"
16,"Alger",1609,"بئر مراد رايس (BIR MOURAD RAIS)",16091028,"إبتدائية  الأوراس","Privé"
16,"Alger",1609,"بئر مراد رايس (BIR MOURAD RAIS)",16121027,"إبتدائية  م خ النجاح بئر خادم","Privé"
16,"Alger",1609,"بئر مراد رايس (BIR MOURAD RAIS)",16121032,"إبتدائية  م خ النور للتلميذ","Privé"
16,"Alger",1609,"بئر مراد رايس (BIR MOURAD RAIS)",16121034,"إبتدائية  م خ لابرسيفيرونس","Privé"
16,"Alger",1609,"بئر مراد رايس (BIR MOURAD RAIS)",16121053,"إبتدائية  م ت ت خ فرسان الحكمة","Privé"
16,"Alger",1609,"بئر مراد رايس (BIR MOURAD RAIS)",16231022,"إبتدائية  م خ السلام","Privé"
16,"Alger",1609,"بئر مراد رايس (BIR MOURAD RAIS)",16261051,"إبتدائية  الصفصاف","Privé"
16,"Alger",1609,"بئر مراد رايس (BIR MOURAD RAIS)",16261052,"إبتدائية  فتية سكول","Privé"
16,"Alger",1609,"بئر مراد رايس (BIR MOURAD RAIS)",16281011,"إبتدائية  م خ اليقظة المدرسية","Privé"
16,"Alger",1609,"بئر مراد رايس (BIR MOURAD RAIS)",16281014,"إبتدائية  م خ سيبال حيدرة","Privé"
16,"Alger",1609,"بئر مراد رايس (BIR MOURAD RAIS)",16281015,"إبتدائية  م خ الإفتخار","Privé"
16,"Alger",1609,"بئر مراد رايس (BIR MOURAD RAIS)",16361021,"إبتدائية  م خ أشبال متيجة","Privé"
16,"Alger",1609,"بئر مراد رايس (BIR MOURAD RAIS)",16361022,"إبتدائية  م خ مقعد  الطموح","Privé"
16,"Alger",1609,"بئر مراد رايس (BIR MOURAD RAIS)",16441026,"إبتدائية  م خ ماري كوري","Privé"
16,"Alger",1609,"بئر مراد رايس (BIR MOURAD RAIS)",16441028,"إبتدائية  م ت ت خ سلياد","Privé"
16,"Alger",1609,"بئر مراد رايس (BIR MOURAD RAIS)",16451017,"إبتدائية  م ت ت خ زرماني","Privé"
16,"Alger",1609,"بئر مراد رايس (BIR MOURAD RAIS)",16461032,"إبتدائية  م ت ت خ رواد التربية","Privé"
16,"Alger",1609,"بئر مراد رايس (BIR MOURAD RAIS)",16471012,"إبتدائية  م خ نيوتن","Privé"
16,"Alger",1609,"بئر مراد رايس (BIR MOURAD RAIS)",16471014,"إبتدائية  م خ الوصيل","Privé"
16,"Alger",1609,"بئر مراد رايس (BIR MOURAD RAIS)",16471015,"إبتدائية  م خ الرائدة","Privé"
16,"Alger",1609,"بئر مراد رايس (BIR MOURAD RAIS)",16471025,"إبتدائية  م خ مليسا مريم ميوزوتيس","Privé"
16,"Alger",1609,"بئر مراد رايس (BIR MOURAD RAIS)",16471030,"إبتدائية  لي لوريا","Privé"
16,"Alger",1609,"بئر مراد رايس (BIR MOURAD RAIS)",16471035,"إبتدائية  سيبلكنزنا للتربية والتعليم","Privé"
16,"Alger",1609,"بئر مراد رايس (BIR MOURAD RAIS)",16481041,"إبتدائية  المجمع المدرسي أشبال رزيق","Privé"
16,"Alger",1609,"بئر مراد رايس (BIR MOURAD RAIS)",16481048,"إبتدائية  البشير الإبراهيمي","Privé"
16,"Alger",1609,"بئر مراد رايس (BIR MOURAD RAIS)",16491024,"إبتدائية  م خ الطريق الصحيح","Privé"
16,"Alger",1609,"بئر مراد رايس (BIR MOURAD RAIS)",16491033,"إبتدائية  م خ المجمع المدرسي الأفق الجديد","Privé"
16,"Alger",1609,"بئر مراد رايس (BIR MOURAD RAIS)",16491034,"إبتدائية  م خ  لاشندال","Privé"
16,"Alger",1609,"بئر مراد رايس (BIR MOURAD RAIS)",16491038,"إبتدائية  م ت ت خ سندس سكول","Privé"
16,"Alger",1609,"بئر مراد رايس (BIR MOURAD RAIS)",16491039,"إبتدائية  م ت ت خ السبالة","Privé"
16,"Alger",1609,"بئر مراد رايس (BIR MOURAD RAIS)",16491042,"إبتدائية  لاشونس بورتوس","Privé"
16,"Alger",1609,"بئر مراد رايس (BIR MOURAD RAIS)",16491044,"إبتدائية  م ت ت خ لافوازي","Privé"
16,"Alger",1609,"بئر مراد رايس (BIR MOURAD RAIS)",16491046,"إبتدائية  سيتادال الأكاديمي","Privé"
16,"Alger",1609,"بئر مراد رايس (BIR MOURAD RAIS)",16511012,"إبتدائية  م خ الممتاز","Privé"
16,"Alger",1609,"بئر مراد رايس (BIR MOURAD RAIS)",16511035,"إبتدائية  بصمة التحدي","Privé"
16,"Alger",1609,"بئر مراد رايس (BIR MOURAD RAIS)",16521043,"إبتدائية  م خ جودة التعليم","Privé"
16,"Alger",1609,"بئر مراد رايس (BIR MOURAD RAIS)",16521045,"إبتدائية  م ت ت خ نوارة العلم و المعرفة","Privé"
16,"Alger",1609,"بئر مراد رايس (BIR MOURAD RAIS)",16521051,"إبتدائية  فانتازيا واست","Privé"
16,"Alger",1609,"بئر مراد رايس (BIR MOURAD RAIS)",16521052,"إبتدائية  أمل صادق","Privé"
16,"Alger",1609,"بئر مراد رايس (BIR MOURAD RAIS)",16521056,"إبتدائية  سبل النجاح","Privé"
16,"Alger",1609,"بئر مراد رايس (BIR MOURAD RAIS)",16521057,"إبتدائية  بصمتي للعلوم","Privé"
16,"Alger",1609,"بئر مراد رايس (BIR MOURAD RAIS)",16541011,"إبتدائية  م خ الاجيال الاعدادية","Privé"
16,"Alger",1609,"بئر مراد رايس (BIR MOURAD RAIS)",16541013,"إبتدائية  م خ المجمع المدرسي المرام","Privé"
16,"Alger",1609,"بئر مراد رايس (BIR MOURAD RAIS)",16541016,"إبتدائية  م خ في بلاد قوس  قزح","Privé"
16,"Alger",1609,"بئر مراد رايس (BIR MOURAD RAIS)",16541024,"إبتدائية  لوبوان كاري","Privé"
16,"Alger",1609,"بئر مراد رايس (BIR MOURAD RAIS)",16541025,"إبتدائية  قلمي","Privé"
16,"Alger",1609,"بئر مراد رايس (BIR MOURAD RAIS)",16551019,"إبتدائية  م ت ت خ ملتقى العلوم و التكنولوجيا","Privé"
16,"Alger",1609,"بئر مراد رايس (BIR MOURAD RAIS)",16561017,"إبتدائية  م خ الاستقبال","Privé"
16,"Alger",1612,"بئر خادم (BIRKHADEM)",16091019,"إبتدائية  م خ الزينيث","Privé"
16,"Alger",1612,"بئر خادم (BIRKHADEM)",16091021,"إبتدائية  م خ الجزائر مستقبل","Privé"
16,"Alger",1612,"بئر خادم (BIRKHADEM)",16091028,"إبتدائية  الأوراس","Privé"
16,"Alger",1612,"بئر خادم (BIRKHADEM)",16121024,"إبتدائية  م خ الأمير الصغير","Privé"
16,"Alger",1612,"بئر خادم (BIRKHADEM)",16121025,"إبتدائية  م خ الفنــــــك","Privé"
16,"Alger",1612,"بئر خادم (BIRKHADEM)",16121026,"إبتدائية  م خ تــافـــــات","Privé"
16,"Alger",1612,"بئر خادم (BIRKHADEM)",16121027,"إبتدائية  م خ النجاح بئر خادم","Privé"
16,"Alger",1612,"بئر خادم (BIRKHADEM)",16121028,"إبتدائية  م خ البراعــــــم","Privé"
16,"Alger",1612,"بئر خادم (BIRKHADEM)",16121029,"إبتدائية  م خ ميلينـــــا","Privé"
16,"Alger",1612,"بئر خادم (BIRKHADEM)",16121030,"إبتدائية  م خ مفاتيح العلم والمعرفة","Privé"
16,"Alger",1612,"بئر خادم (BIRKHADEM)",16121031,"إبتدائية  م خ طيبـــة","Privé"
16,"Alger",1612,"بئر خادم (BIRKHADEM)",16121032,"إبتدائية  م خ النور للتلميذ","Privé"
16,"Alger",1612,"بئر خادم (BIRKHADEM)",16121033,"إبتدائية  م خ أس بي أر","Privé"
16,"Alger",1612,"بئر خادم (BIRKHADEM)",16121034,"إبتدائية  م خ لابرسيفيرونس","Privé"
16,"Alger",1612,"بئر خادم (BIRKHADEM)",16121035,"إبتدائية  م خ  قران دي سافوار","Privé"
16,"Alger",1612,"بئر خادم (BIRKHADEM)",16121036,"إبتدائية  م خ قائد سكول","Privé"
16,"Alger",1612,"بئر خادم (BIRKHADEM)",16121037,"إبتدائية  م خ بتنيا","Privé"
16,"Alger",1612,"بئر خادم (BIRKHADEM)",16121038,"إبتدائية  م خ بيرفيكول","Privé"
16,"Alger",1612,"بئر خادم (BIRKHADEM)",16121039,"إبتدائية  م خ أندلسية","Privé"
16,"Alger",1612,"بئر خادم (BIRKHADEM)",16121040,"إبتدائية  م ت ت خ الرشيد","Privé"
16,"Alger",1612,"بئر خادم (BIRKHADEM)",16121041,"إبتدائية  م ت ت خ أنوار","Privé"
16,"Alger",1612,"بئر خادم (BIRKHADEM)",16121042,"إبتدائية  م ت ت خ صوفيا سكول","Privé"
16,"Alger",1612,"بئر خادم (BIRKHADEM)",16121043,"إبتدائية  بوليقون","Privé"
16,"Alger",1612,"بئر خادم (BIRKHADEM)",16121044,"إبتدائية  الإزدهار","Privé"
16,"Alger",1612,"بئر خادم (BIRKHADEM)",16121046,"إبتدائية  الأسود","Privé"
16,"Alger",1612,"بئر خادم (BIRKHADEM)",16121047,"إبتدائية  جنيراسيون جيني","Privé"
16,"Alger",1612,"بئر خادم (BIRKHADEM)",16121048,"إبتدائية  زهرة الفل","Privé"
16,"Alger",1612,"بئر خادم (BIRKHADEM)",16121049,"إبتدائية  زهرة الأنوار","Privé"
16,"Alger",1612,"بئر خادم (BIRKHADEM)",16121050,"إبتدائية  رياض التفوق","Privé"
16,"Alger",1612,"بئر خادم (BIRKHADEM)",16121051,"إبتدائية  الزيات","Privé"
16,"Alger",1612,"بئر خادم (BIRKHADEM)",16121052,"إبتدائية  فتيان المستقبل","Privé"
16,"Alger",1612,"بئر خادم (BIRKHADEM)",16121053,"إبتدائية  م ت ت خ فرسان الحكمة","Privé"
16,"Alger",1612,"بئر خادم (BIRKHADEM)",16231022,"إبتدائية  م خ السلام","Privé"
16,"Alger",1612,"بئر خادم (BIRKHADEM)",16261052,"إبتدائية  فتية سكول","Privé"
16,"Alger",1612,"بئر خادم (BIRKHADEM)",16281014,"إبتدائية  م خ سيبال حيدرة","Privé"
16,"Alger",1612,"بئر خادم (BIRKHADEM)",16361021,"إبتدائية  م خ أشبال متيجة","Privé"
16,"Alger",1612,"بئر خادم (BIRKHADEM)",16361022,"إبتدائية  م خ مقعد  الطموح","Privé"
16,"Alger",1612,"بئر خادم (BIRKHADEM)",16441028,"إبتدائية  م ت ت خ سلياد","Privé"
16,"Alger",1612,"بئر خادم (BIRKHADEM)",16451017,"إبتدائية  م ت ت خ زرماني","Privé"
16,"Alger",1612,"بئر خادم (BIRKHADEM)",16461032,"إبتدائية  م ت ت خ رواد التربية","Privé"
16,"Alger",1612,"بئر خادم (BIRKHADEM)",16471012,"إبتدائية  م خ نيوتن","Privé"
16,"Alger",1612,"بئر خادم (BIRKHADEM)",16471013,"إبتدائية  م خ المتنبي","Privé"
16,"Alger",1612,"بئر خادم (BIRKHADEM)",16471014,"إبتدائية  م خ الوصيل","Privé"
16,"Alger",1612,"بئر خادم (BIRKHADEM)",16471015,"إبتدائية  م خ الرائدة","Privé"
16,"Alger",1612,"بئر خادم (BIRKHADEM)",16471025,"إبتدائية  م خ مليسا مريم ميوزوتيس","Privé"
16,"Alger",1612,"بئر خادم (BIRKHADEM)",16471030,"إبتدائية  لي لوريا","Privé"
16,"Alger",1612,"بئر خادم (BIRKHADEM)",16471035,"إبتدائية  سيبلكنزنا للتربية والتعليم","Privé"
16,"Alger",1612,"بئر خادم (BIRKHADEM)",16481048,"إبتدائية  البشير الإبراهيمي","Privé"
16,"Alger",1612,"بئر خادم (BIRKHADEM)",16491024,"إبتدائية  م خ الطريق الصحيح","Privé"
16,"Alger",1612,"بئر خادم (BIRKHADEM)",16491033,"إبتدائية  م خ المجمع المدرسي الأفق الجديد","Privé"
16,"Alger",1612,"بئر خادم (BIRKHADEM)",16491034,"إبتدائية  م خ  لاشندال","Privé"
16,"Alger",1612,"بئر خادم (BIRKHADEM)",16491039,"إبتدائية  م ت ت خ السبالة","Privé"
16,"Alger",1612,"بئر خادم (BIRKHADEM)",16491042,"إبتدائية  لاشونس بورتوس","Privé"
16,"Alger",1612,"بئر خادم (BIRKHADEM)",16491044,"إبتدائية  م ت ت خ لافوازي","Privé"
16,"Alger",1612,"بئر خادم (BIRKHADEM)",16491046,"إبتدائية  سيتادال الأكاديمي","Privé"
16,"Alger",1612,"بئر خادم (BIRKHADEM)",16511012,"إبتدائية  م خ الممتاز","Privé"
16,"Alger",1612,"بئر خادم (BIRKHADEM)",16511035,"إبتدائية  بصمة التحدي","Privé"
16,"Alger",1612,"بئر خادم (BIRKHADEM)",16521043,"إبتدائية  م خ جودة التعليم","Privé"
16,"Alger",1612,"بئر خادم (BIRKHADEM)",16521045,"إبتدائية  م ت ت خ نوارة العلم و المعرفة","Privé"
16,"Alger",1612,"بئر خادم (BIRKHADEM)",16521051,"إبتدائية  فانتازيا واست","Privé"
16,"Alger",1612,"بئر خادم (BIRKHADEM)",16521052,"إبتدائية  أمل صادق","Privé"
16,"Alger",1612,"بئر خادم (BIRKHADEM)",16521056,"إبتدائية  سبل النجاح","Privé"
16,"Alger",1612,"بئر خادم (BIRKHADEM)",16521057,"إبتدائية  بصمتي للعلوم","Privé"
16,"Alger",1612,"بئر خادم (BIRKHADEM)",16541011,"إبتدائية  م خ الاجيال الاعدادية","Privé"
16,"Alger",1612,"بئر خادم (BIRKHADEM)",16541013,"إبتدائية  م خ المجمع المدرسي المرام","Privé"
16,"Alger",1612,"بئر خادم (BIRKHADEM)",16541016,"إبتدائية  م خ في بلاد قوس  قزح","Privé"
16,"Alger",1612,"بئر خادم (BIRKHADEM)",16541025,"إبتدائية  قلمي","Privé"
16,"Alger",1612,"بئر خادم (BIRKHADEM)",16551019,"إبتدائية  م ت ت خ ملتقى العلوم و التكنولوجيا","Privé"
16,"Alger",1612,"بئر خادم (BIRKHADEM)",16561017,"إبتدائية  م خ الاستقبال","Privé"
16,"Alger",1623,"دالي ابراهيم (DELY IBRAHIM)",16091019,"إبتدائية  م خ الزينيث","Privé"
16,"Alger",1623,"دالي ابراهيم (DELY IBRAHIM)",16091021,"إبتدائية  م خ الجزائر مستقبل","Privé"
16,"Alger",1623,"دالي ابراهيم (DELY IBRAHIM)",16091028,"إبتدائية  الأوراس","Privé"
16,"Alger",1623,"دالي ابراهيم (DELY IBRAHIM)",16121027,"إبتدائية  م خ النجاح بئر خادم","Privé"
16,"Alger",1623,"دالي ابراهيم (DELY IBRAHIM)",16121053,"إبتدائية  م ت ت خ فرسان الحكمة","Privé"
16,"Alger",1623,"دالي ابراهيم (DELY IBRAHIM)",16231013,"إبتدائية  م خ غابة ديكار","Privé"
16,"Alger",1623,"دالي ابراهيم (DELY IBRAHIM)",16231014,"إبتدائية  م خ المنار","Privé"
16,"Alger",1623,"دالي ابراهيم (DELY IBRAHIM)",16231015,"إبتدائية  م خ العباقرة الصغار","Privé"
16,"Alger",1623,"دالي ابراهيم (DELY IBRAHIM)",16231016,"إبتدائية  م خ الملاك","Privé"
16,"Alger",1623,"دالي ابراهيم (DELY IBRAHIM)",16231017,"إبتدائية  م خ سامي","Privé"
16,"Alger",1623,"دالي ابراهيم (DELY IBRAHIM)",16231018,"إبتدائية  م خ داليا","Privé"
16,"Alger",1623,"دالي ابراهيم (DELY IBRAHIM)",16231019,"إبتدائية  م خ المنى","Privé"
16,"Alger",1623,"دالي ابراهيم (DELY IBRAHIM)",16231020,"إبتدائية  م خ المدرسة العصرية","Privé"
16,"Alger",1623,"دالي ابراهيم (DELY IBRAHIM)",16231021,"إبتدائية  م خ بوجانة يوسف","Privé"
16,"Alger",1623,"دالي ابراهيم (DELY IBRAHIM)",16231022,"إبتدائية  م خ السلام","Privé"
16,"Alger",1623,"دالي ابراهيم (DELY IBRAHIM)",16231023,"إبتدائية  م خ مدرستي الصغيرة","Privé"
16,"Alger",1623,"دالي ابراهيم (DELY IBRAHIM)",16231024,"إبتدائية  م خ منبع التربية","Privé"
16,"Alger",1623,"دالي ابراهيم (DELY IBRAHIM)",16231025,"إبتدائية  م خ الياسمين","Privé"
16,"Alger",1623,"دالي ابراهيم (DELY IBRAHIM)",16231026,"إبتدائية  م خ نور الملاك","Privé"
16,"Alger",1623,"دالي ابراهيم (DELY IBRAHIM)",16231027,"إبتدائية  م خ حسن الوزان","Privé"
16,"Alger",1623,"دالي ابراهيم (DELY IBRAHIM)",16231028,"إبتدائية  م خ مونتي  سوري","Privé"
16,"Alger",1623,"دالي ابراهيم (DELY IBRAHIM)",16231029,"إبتدائية  م ت ت خ مملكة النور","Privé"
16,"Alger",1623,"دالي ابراهيم (DELY IBRAHIM)",16231030,"إبتدائية  م ت ت خ سيتادال دي سافوار","Privé"
16,"Alger",1623,"دالي ابراهيم (DELY IBRAHIM)",16231031,"إبتدائية  م ت ت خ مشوار المستقبل","Privé"
16,"Alger",1623,"دالي ابراهيم (DELY IBRAHIM)",16231032,"إبتدائية  م ت ت خ لادياقونال","Privé"
16,"Alger",1623,"دالي ابراهيم (DELY IBRAHIM)",16231033,"إبتدائية  م ت ت خ الأرنب الأزرق","Privé"
16,"Alger",1623,"دالي ابراهيم (DELY IBRAHIM)",16231034,"إبتدائية  حواسين سكول","Privé"
16,"Alger",1623,"دالي ابراهيم (DELY IBRAHIM)",16231035,"إبتدائية  الحوار","Privé"
16,"Alger",1623,"دالي ابراهيم (DELY IBRAHIM)",16231036,"إبتدائية  ديكارت غرب","Privé"
16,"Alger",1623,"دالي ابراهيم (DELY IBRAHIM)",16231037,"إبتدائية  11 ديسمبر","Privé"
16,"Alger",1623,"دالي ابراهيم (DELY IBRAHIM)",16281014,"إبتدائية  م خ سيبال حيدرة","Privé"
16,"Alger",1623,"دالي ابراهيم (DELY IBRAHIM)",16361021,"إبتدائية  م خ أشبال متيجة","Privé"
16,"Alger",1623,"دالي ابراهيم (DELY IBRAHIM)",16441026,"إبتدائية  م خ ماري كوري","Privé"
16,"Alger",1623,"دالي ابراهيم (DELY IBRAHIM)",16441028,"إبتدائية  م ت ت خ سلياد","Privé"
16,"Alger",1623,"دالي ابراهيم (DELY IBRAHIM)",16451017,"إبتدائية  م ت ت خ زرماني","Privé"
16,"Alger",1623,"دالي ابراهيم (DELY IBRAHIM)",16461032,"إبتدائية  م ت ت خ رواد التربية","Privé"
16,"Alger",1623,"دالي ابراهيم (DELY IBRAHIM)",16471012,"إبتدائية  م خ نيوتن","Privé"
16,"Alger",1623,"دالي ابراهيم (DELY IBRAHIM)",16471014,"إبتدائية  م خ الوصيل","Privé"
16,"Alger",1623,"دالي ابراهيم (DELY IBRAHIM)",16471015,"إبتدائية  م خ الرائدة","Privé"
16,"Alger",1623,"دالي ابراهيم (DELY IBRAHIM)",16471025,"إبتدائية  م خ مليسا مريم ميوزوتيس","Privé"
16,"Alger",1623,"دالي ابراهيم (DELY IBRAHIM)",16471028,"إبتدائية  م ت ت خ جنراسيون إليت","Privé"
16,"Alger",1623,"دالي ابراهيم (DELY IBRAHIM)",16471030,"إبتدائية  لي لوريا","Privé"
16,"Alger",1623,"دالي ابراهيم (DELY IBRAHIM)",16471035,"إبتدائية  سيبلكنزنا للتربية والتعليم","Privé"
16,"Alger",1623,"دالي ابراهيم (DELY IBRAHIM)",16481041,"إبتدائية  المجمع المدرسي أشبال رزيق","Privé"
16,"Alger",1623,"دالي ابراهيم (DELY IBRAHIM)",16481048,"إبتدائية  البشير الإبراهيمي","Privé"
16,"Alger",1623,"دالي ابراهيم (DELY IBRAHIM)",16491024,"إبتدائية  م خ الطريق الصحيح","Privé"
16,"Alger",1623,"دالي ابراهيم (DELY IBRAHIM)",16491033,"إبتدائية  م خ المجمع المدرسي الأفق الجديد","Privé"
16,"Alger",1623,"دالي ابراهيم (DELY IBRAHIM)",16491034,"إبتدائية  م خ  لاشندال","Privé"
16,"Alger",1623,"دالي ابراهيم (DELY IBRAHIM)",16491038,"إبتدائية  م ت ت خ سندس سكول","Privé"
16,"Alger",1623,"دالي ابراهيم (DELY IBRAHIM)",16491039,"إبتدائية  م ت ت خ السبالة","Privé"
16,"Alger",1623,"دالي ابراهيم (DELY IBRAHIM)",16491042,"إبتدائية  لاشونس بورتوس","Privé"
16,"Alger",1623,"دالي ابراهيم (DELY IBRAHIM)",16491044,"إبتدائية  م ت ت خ لافوازي","Privé"
16,"Alger",1623,"دالي ابراهيم (DELY IBRAHIM)",16491046,"إبتدائية  سيتادال الأكاديمي","Privé"
16,"Alger",1623,"دالي ابراهيم (DELY IBRAHIM)",16511012,"إبتدائية  م خ الممتاز","Privé"
16,"Alger",1623,"دالي ابراهيم (DELY IBRAHIM)",16511030,"إبتدائية  م ت ت خ الفايت سكول","Privé"
16,"Alger",1623,"دالي ابراهيم (DELY IBRAHIM)",16511035,"إبتدائية  بصمة التحدي","Privé"
16,"Alger",1623,"دالي ابراهيم (DELY IBRAHIM)",16521043,"إبتدائية  م خ جودة التعليم","Privé"
16,"Alger",1623,"دالي ابراهيم (DELY IBRAHIM)",16521045,"إبتدائية  م ت ت خ نوارة العلم و المعرفة","Privé"
16,"Alger",1623,"دالي ابراهيم (DELY IBRAHIM)",16521051,"إبتدائية  فانتازيا واست","Privé"
16,"Alger",1623,"دالي ابراهيم (DELY IBRAHIM)",16521052,"إبتدائية  أمل صادق","Privé"
16,"Alger",1623,"دالي ابراهيم (DELY IBRAHIM)",16521056,"إبتدائية  سبل النجاح","Privé"
16,"Alger",1623,"دالي ابراهيم (DELY IBRAHIM)",16521057,"إبتدائية  بصمتي للعلوم","Privé"
16,"Alger",1623,"دالي ابراهيم (DELY IBRAHIM)",16541011,"إبتدائية  م خ الاجيال الاعدادية","Privé"
16,"Alger",1623,"دالي ابراهيم (DELY IBRAHIM)",16541013,"إبتدائية  م خ المجمع المدرسي المرام","Privé"
16,"Alger",1623,"دالي ابراهيم (DELY IBRAHIM)",16541016,"إبتدائية  م خ في بلاد قوس  قزح","Privé"
16,"Alger",1623,"دالي ابراهيم (DELY IBRAHIM)",16541025,"إبتدائية  قلمي","Privé"
16,"Alger",1623,"دالي ابراهيم (DELY IBRAHIM)",16551019,"إبتدائية  م ت ت خ ملتقى العلوم و التكنولوجيا","Privé"
16,"Alger",1623,"دالي ابراهيم (DELY IBRAHIM)",16571018,"إبتدائية  م ت ت خ ك.سلمى","Privé"
16,"Alger",1624,"الحمامات (HAMMAMET)",16091019,"إبتدائية  م خ الزينيث","Privé"
16,"Alger",1624,"الحمامات (HAMMAMET)",16091021,"إبتدائية  م خ الجزائر مستقبل","Privé"
16,"Alger",1624,"الحمامات (HAMMAMET)",16091028,"إبتدائية  الأوراس","Privé"
16,"Alger",1624,"الحمامات (HAMMAMET)",16121027,"إبتدائية  م خ النجاح بئر خادم","Privé"
16,"Alger",1624,"الحمامات (HAMMAMET)",16121053,"إبتدائية  م ت ت خ فرسان الحكمة","Privé"
16,"Alger",1624,"الحمامات (HAMMAMET)",16231022,"إبتدائية  م خ السلام","Privé"
16,"Alger",1624,"الحمامات (HAMMAMET)",16241010,"إبتدائية  م خ النوابغ","Privé"
16,"Alger",1624,"الحمامات (HAMMAMET)",16241011,"إبتدائية  م خ الليدر","Privé"
16,"Alger",1624,"الحمامات (HAMMAMET)",16241012,"إبتدائية  م ت ت خ لي لومياردي فار","Privé"
16,"Alger",1624,"الحمامات (HAMMAMET)",16281014,"إبتدائية  م خ سيبال حيدرة","Privé"
16,"Alger",1624,"الحمامات (HAMMAMET)",16361021,"إبتدائية  م خ أشبال متيجة","Privé"
16,"Alger",1624,"الحمامات (HAMMAMET)",16441028,"إبتدائية  م ت ت خ سلياد","Privé"
16,"Alger",1624,"الحمامات (HAMMAMET)",16451017,"إبتدائية  م ت ت خ زرماني","Privé"
16,"Alger",1624,"الحمامات (HAMMAMET)",16461032,"إبتدائية  م ت ت خ رواد التربية","Privé"
16,"Alger",1624,"الحمامات (HAMMAMET)",16471012,"إبتدائية  م خ نيوتن","Privé"
16,"Alger",1624,"الحمامات (HAMMAMET)",16471014,"إبتدائية  م خ الوصيل","Privé"
16,"Alger",1624,"الحمامات (HAMMAMET)",16471015,"إبتدائية  م خ الرائدة","Privé"
16,"Alger",1624,"الحمامات (HAMMAMET)",16471025,"إبتدائية  م خ مليسا مريم ميوزوتيس","Privé"
16,"Alger",1624,"الحمامات (HAMMAMET)",16471030,"إبتدائية  لي لوريا","Privé"
16,"Alger",1624,"الحمامات (HAMMAMET)",16471035,"إبتدائية  سيبلكنزنا للتربية والتعليم","Privé"
16,"Alger",1624,"الحمامات (HAMMAMET)",16481048,"إبتدائية  البشير الإبراهيمي","Privé"
16,"Alger",1624,"الحمامات (HAMMAMET)",16491024,"إبتدائية  م خ الطريق الصحيح","Privé"
16,"Alger",1624,"الحمامات (HAMMAMET)",16491033,"إبتدائية  م خ المجمع المدرسي الأفق الجديد","Privé"
16,"Alger",1624,"الحمامات (HAMMAMET)",16491034,"إبتدائية  م خ  لاشندال","Privé"
16,"Alger",1624,"الحمامات (HAMMAMET)",16491039,"إبتدائية  م ت ت خ السبالة","Privé"
16,"Alger",1624,"الحمامات (HAMMAMET)",16491042,"إبتدائية  لاشونس بورتوس","Privé"
16,"Alger",1624,"الحمامات (HAMMAMET)",16491044,"إبتدائية  م ت ت خ لافوازي","Privé"
16,"Alger",1624,"الحمامات (HAMMAMET)",16511012,"إبتدائية  م خ الممتاز","Privé"
16,"Alger",1624,"الحمامات (HAMMAMET)",16511035,"إبتدائية  بصمة التحدي","Privé"
16,"Alger",1624,"الحمامات (HAMMAMET)",16521043,"إبتدائية  م خ جودة التعليم","Privé"
16,"Alger",1624,"الحمامات (HAMMAMET)",16521045,"إبتدائية  م ت ت خ نوارة العلم و المعرفة","Privé"
16,"Alger",1624,"الحمامات (HAMMAMET)",16521051,"إبتدائية  فانتازيا واست","Privé"
16,"Alger",1624,"الحمامات (HAMMAMET)",16521052,"إبتدائية  أمل صادق","Privé"
16,"Alger",1624,"الحمامات (HAMMAMET)",16521056,"إبتدائية  سبل النجاح","Privé"
16,"Alger",1624,"الحمامات (HAMMAMET)",16521057,"إبتدائية  بصمتي للعلوم","Privé"
16,"Alger",1624,"الحمامات (HAMMAMET)",16541016,"إبتدائية  م خ في بلاد قوس  قزح","Privé"
16,"Alger",1624,"الحمامات (HAMMAMET)",16541025,"إبتدائية  قلمي","Privé"
16,"Alger",1624,"الحمامات (HAMMAMET)",16551019,"إبتدائية  م ت ت خ ملتقى العلوم و التكنولوجيا","Privé"
16,"Alger",1624,"الحمامات (HAMMAMET)",16571018,"إبتدائية  م ت ت خ ك.سلمى","Privé"
16,"Alger",1626,"جسر قسنطينة (DJASR KASENTINA)",16091019,"إبتدائية  م خ الزينيث","Privé"
16,"Alger",1626,"جسر قسنطينة (DJASR KASENTINA)",16091021,"إبتدائية  م خ الجزائر مستقبل","Privé"
16,"Alger",1626,"جسر قسنطينة (DJASR KASENTINA)",16091028,"إبتدائية  الأوراس","Privé"
16,"Alger",1626,"جسر قسنطينة (DJASR KASENTINA)",16121027,"إبتدائية  م خ النجاح بئر خادم","Privé"
16,"Alger",1626,"جسر قسنطينة (DJASR KASENTINA)",16121032,"إبتدائية  م خ النور للتلميذ","Privé"
16,"Alger",1626,"جسر قسنطينة (DJASR KASENTINA)",16121034,"إبتدائية  م خ لابرسيفيرونس","Privé"
16,"Alger",1626,"جسر قسنطينة (DJASR KASENTINA)",16121053,"إبتدائية  م ت ت خ فرسان الحكمة","Privé"
16,"Alger",1626,"جسر قسنطينة (DJASR KASENTINA)",16231022,"إبتدائية  م خ السلام","Privé"
16,"Alger",1626,"جسر قسنطينة (DJASR KASENTINA)",16261034,"إبتدائية  م خ المؤهـــل","Privé"
16,"Alger",1626,"جسر قسنطينة (DJASR KASENTINA)",16261035,"إبتدائية  م خ سعـــــــدة","Privé"
16,"Alger",1626,"جسر قسنطينة (DJASR KASENTINA)",16261036,"إبتدائية  م خ الامان","Privé"
16,"Alger",1626,"جسر قسنطينة (DJASR KASENTINA)",16261037,"إبتدائية  م خ سالم بعزيز","Privé"
16,"Alger",1626,"جسر قسنطينة (DJASR KASENTINA)",16261038,"إبتدائية  م خ الابداع","Privé"
16,"Alger",1626,"جسر قسنطينة (DJASR KASENTINA)",16261039,"إبتدائية  م خ ابن باز","Privé"
16,"Alger",1626,"جسر قسنطينة (DJASR KASENTINA)",16261040,"إبتدائية  م ت ت خ المجمع المدرسي الجوهر","Privé"
16,"Alger",1626,"جسر قسنطينة (DJASR KASENTINA)",16261045,"إبتدائية  م خ الأمير الذكي","Privé"
16,"Alger",1626,"جسر قسنطينة (DJASR KASENTINA)",16261051,"إبتدائية  الصفصاف","Privé"
16,"Alger",1626,"جسر قسنطينة (DJASR KASENTINA)",16261052,"إبتدائية  فتية سكول","Privé"
16,"Alger",1626,"جسر قسنطينة (DJASR KASENTINA)",16281014,"إبتدائية  م خ سيبال حيدرة","Privé"
16,"Alger",1626,"جسر قسنطينة (DJASR KASENTINA)",16361021,"إبتدائية  م خ أشبال متيجة","Privé"
16,"Alger",1626,"جسر قسنطينة (DJASR KASENTINA)",16361022,"إبتدائية  م خ مقعد  الطموح","Privé"
16,"Alger",1626,"جسر قسنطينة (DJASR KASENTINA)",16441028,"إبتدائية  م ت ت خ سلياد","Privé"
16,"Alger",1626,"جسر قسنطينة (DJASR KASENTINA)",16451017,"إبتدائية  م ت ت خ زرماني","Privé"
16,"Alger",1626,"جسر قسنطينة (DJASR KASENTINA)",16461032,"إبتدائية  م ت ت خ رواد التربية","Privé"
16,"Alger",1626,"جسر قسنطينة (DJASR KASENTINA)",16471012,"إبتدائية  م خ نيوتن","Privé"
16,"Alger",1626,"جسر قسنطينة (DJASR KASENTINA)",16471014,"إبتدائية  م خ الوصيل","Privé"
16,"Alger",1626,"جسر قسنطينة (DJASR KASENTINA)",16471015,"إبتدائية  م خ الرائدة","Privé"
16,"Alger",1626,"جسر قسنطينة (DJASR KASENTINA)",16471025,"إبتدائية  م خ مليسا مريم ميوزوتيس","Privé"
16,"Alger",1626,"جسر قسنطينة (DJASR KASENTINA)",16471030,"إبتدائية  لي لوريا","Privé"
16,"Alger",1626,"جسر قسنطينة (DJASR KASENTINA)",16471035,"إبتدائية  سيبلكنزنا للتربية والتعليم","Privé"
16,"Alger",1626,"جسر قسنطينة (DJASR KASENTINA)",16481048,"إبتدائية  البشير الإبراهيمي","Privé"
16,"Alger",1626,"جسر قسنطينة (DJASR KASENTINA)",16491024,"إبتدائية  م خ الطريق الصحيح","Privé"
16,"Alger",1626,"جسر قسنطينة (DJASR KASENTINA)",16491033,"إبتدائية  م خ المجمع المدرسي الأفق الجديد","Privé"
16,"Alger",1626,"جسر قسنطينة (DJASR KASENTINA)",16491034,"إبتدائية  م خ  لاشندال","Privé"
16,"Alger",1626,"جسر قسنطينة (DJASR KASENTINA)",16491039,"إبتدائية  م ت ت خ السبالة","Privé"
16,"Alger",1626,"جسر قسنطينة (DJASR KASENTINA)",16491042,"إبتدائية  لاشونس بورتوس","Privé"
16,"Alger",1626,"جسر قسنطينة (DJASR KASENTINA)",16491043,"إبتدائية  م ت ت خ منبع المعرفة","Privé"
16,"Alger",1626,"جسر قسنطينة (DJASR KASENTINA)",16491044,"إبتدائية  م ت ت خ لافوازي","Privé"
16,"Alger",1626,"جسر قسنطينة (DJASR KASENTINA)",16511012,"إبتدائية  م خ الممتاز","Privé"
16,"Alger",1626,"جسر قسنطينة (DJASR KASENTINA)",16511035,"إبتدائية  بصمة التحدي","Privé"
16,"Alger",1626,"جسر قسنطينة (DJASR KASENTINA)",16521043,"إبتدائية  م خ جودة التعليم","Privé"
16,"Alger",1626,"جسر قسنطينة (DJASR KASENTINA)",16521045,"إبتدائية  م ت ت خ نوارة العلم و المعرفة","Privé"
16,"Alger",1626,"جسر قسنطينة (DJASR KASENTINA)",16521052,"إبتدائية  أمل صادق","Privé"
16,"Alger",1626,"جسر قسنطينة (DJASR KASENTINA)",16521056,"إبتدائية  سبل النجاح","Privé"
16,"Alger",1626,"جسر قسنطينة (DJASR KASENTINA)",16521057,"إبتدائية  بصمتي للعلوم","Privé"
16,"Alger",1626,"جسر قسنطينة (DJASR KASENTINA)",16541011,"إبتدائية  م خ الاجيال الاعدادية","Privé"
16,"Alger",1626,"جسر قسنطينة (DJASR KASENTINA)",16541016,"إبتدائية  م خ في بلاد قوس  قزح","Privé"
16,"Alger",1626,"جسر قسنطينة (DJASR KASENTINA)",16541025,"إبتدائية  قلمي","Privé"
16,"Alger",1626,"جسر قسنطينة (DJASR KASENTINA)",16551019,"إبتدائية  م ت ت خ ملتقى العلوم و التكنولوجيا","Privé"
16,"Alger",1628,"حيدرة (HYDRA)",16091019,"إبتدائية  م خ الزينيث","Privé"
16,"Alger",1628,"حيدرة (HYDRA)",16091021,"إبتدائية  م خ الجزائر مستقبل","Privé"
16,"Alger",1628,"حيدرة (HYDRA)",16091028,"إبتدائية  الأوراس","Privé"
16,"Alger",1628,"حيدرة (HYDRA)",16121027,"إبتدائية  م خ النجاح بئر خادم","Privé"
16,"Alger",1628,"حيدرة (HYDRA)",16121032,"إبتدائية  م خ النور للتلميذ","Privé"
16,"Alger",1628,"حيدرة (HYDRA)",16121053,"إبتدائية  م ت ت خ فرسان الحكمة","Privé"
16,"Alger",1628,"حيدرة (HYDRA)",16231022,"إبتدائية  م خ السلام","Privé"
16,"Alger",1628,"حيدرة (HYDRA)",16231035,"إبتدائية  الحوار","Privé"
16,"Alger",1628,"حيدرة (HYDRA)",16281011,"إبتدائية  م خ اليقظة المدرسية","Privé"
16,"Alger",1628,"حيدرة (HYDRA)",16281012,"إبتدائية  م خ لابينــــاد","Privé"
16,"Alger",1628,"حيدرة (HYDRA)",16281013,"إبتدائية  م خ كابيسيــــــن","Privé"
16,"Alger",1628,"حيدرة (HYDRA)",16281014,"إبتدائية  م خ سيبال حيدرة","Privé"
16,"Alger",1628,"حيدرة (HYDRA)",16281015,"إبتدائية  م خ الإفتخار","Privé"
16,"Alger",1628,"حيدرة (HYDRA)",16281016,"إبتدائية  م ت ت خ العقول النيرة","Privé"
16,"Alger",1628,"حيدرة (HYDRA)",16281017,"إبتدائية  لي سوريزي","Privé"
16,"Alger",1628,"حيدرة (HYDRA)",16281018,"إبتدائية  الريادة العلمية","Privé"
16,"Alger",1628,"حيدرة (HYDRA)",16361021,"إبتدائية  م خ أشبال متيجة","Privé"
16,"Alger",1628,"حيدرة (HYDRA)",16441028,"إبتدائية  م ت ت خ سلياد","Privé"
16,"Alger",1628,"حيدرة (HYDRA)",16451017,"إبتدائية  م ت ت خ زرماني","Privé"
16,"Alger",1628,"حيدرة (HYDRA)",16461032,"إبتدائية  م ت ت خ رواد التربية","Privé"
16,"Alger",1628,"حيدرة (HYDRA)",16471012,"إبتدائية  م خ نيوتن","Privé"
16,"Alger",1628,"حيدرة (HYDRA)",16471014,"إبتدائية  م خ الوصيل","Privé"
16,"Alger",1628,"حيدرة (HYDRA)",16471015,"إبتدائية  م خ الرائدة","Privé"
16,"Alger",1628,"حيدرة (HYDRA)",16471025,"إبتدائية  م خ مليسا مريم ميوزوتيس","Privé"
16,"Alger",1628,"حيدرة (HYDRA)",16471030,"إبتدائية  لي لوريا","Privé"
16,"Alger",1628,"حيدرة (HYDRA)",16471035,"إبتدائية  سيبلكنزنا للتربية والتعليم","Privé"
16,"Alger",1628,"حيدرة (HYDRA)",16481048,"إبتدائية  البشير الإبراهيمي","Privé"
16,"Alger",1628,"حيدرة (HYDRA)",16491024,"إبتدائية  م خ الطريق الصحيح","Privé"
16,"Alger",1628,"حيدرة (HYDRA)",16491033,"إبتدائية  م خ المجمع المدرسي الأفق الجديد","Privé"
16,"Alger",1628,"حيدرة (HYDRA)",16491034,"إبتدائية  م خ  لاشندال","Privé"
16,"Alger",1628,"حيدرة (HYDRA)",16491039,"إبتدائية  م ت ت خ السبالة","Privé"
16,"Alger",1628,"حيدرة (HYDRA)",16491042,"إبتدائية  لاشونس بورتوس","Privé"
16,"Alger",1628,"حيدرة (HYDRA)",16491044,"إبتدائية  م ت ت خ لافوازي","Privé"
16,"Alger",1628,"حيدرة (HYDRA)",16511012,"إبتدائية  م خ الممتاز","Privé"
16,"Alger",1628,"حيدرة (HYDRA)",16511035,"إبتدائية  بصمة التحدي","Privé"
16,"Alger",1628,"حيدرة (HYDRA)",16521043,"إبتدائية  م خ جودة التعليم","Privé"
16,"Alger",1628,"حيدرة (HYDRA)",16521045,"إبتدائية  م ت ت خ نوارة العلم و المعرفة","Privé"
16,"Alger",1628,"حيدرة (HYDRA)",16521051,"إبتدائية  فانتازيا واست","Privé"
16,"Alger",1628,"حيدرة (HYDRA)",16521052,"إبتدائية  أمل صادق","Privé"
16,"Alger",1628,"حيدرة (HYDRA)",16521056,"إبتدائية  سبل النجاح","Privé"
16,"Alger",1628,"حيدرة (HYDRA)",16521057,"إبتدائية  بصمتي للعلوم","Privé"
16,"Alger",1628,"حيدرة (HYDRA)",16541011,"إبتدائية  م خ الاجيال الاعدادية","Privé"
16,"Alger",1628,"حيدرة (HYDRA)",16541013,"إبتدائية  م خ المجمع المدرسي المرام","Privé"
16,"Alger",1628,"حيدرة (HYDRA)",16541016,"إبتدائية  م خ في بلاد قوس  قزح","Privé"
16,"Alger",1628,"حيدرة (HYDRA)",16541025,"إبتدائية  قلمي","Privé"
16,"Alger",1628,"حيدرة (HYDRA)",16551019,"إبتدائية  م ت ت خ ملتقى العلوم و التكنولوجيا","Privé"
16,"Alger",1634,"تسالة المرجة (TESSALA EL MERDJA)",16091019,"إبتدائية  م خ الزينيث","Privé"
16,"Alger",1634,"تسالة المرجة (TESSALA EL MERDJA)",16091021,"إبتدائية  م خ الجزائر مستقبل","Privé"
16,"Alger",1634,"تسالة المرجة (TESSALA EL MERDJA)",16091028,"إبتدائية  الأوراس","Privé"
16,"Alger",1634,"تسالة المرجة (TESSALA EL MERDJA)",16121027,"إبتدائية  م خ النجاح بئر خادم","Privé"
16,"Alger",1634,"تسالة المرجة (TESSALA EL MERDJA)",16121053,"إبتدائية  م ت ت خ فرسان الحكمة","Privé"
16,"Alger",1634,"تسالة المرجة (TESSALA EL MERDJA)",16231022,"إبتدائية  م خ السلام","Privé"
16,"Alger",1634,"تسالة المرجة (TESSALA EL MERDJA)",16281014,"إبتدائية  م خ سيبال حيدرة","Privé"
16,"Alger",1634,"تسالة المرجة (TESSALA EL MERDJA)",16341011,"إبتدائية  م خ يوسف يعلاوي","Privé"
16,"Alger",1634,"تسالة المرجة (TESSALA EL MERDJA)",16361021,"إبتدائية  م خ أشبال متيجة","Privé"
16,"Alger",1634,"تسالة المرجة (TESSALA EL MERDJA)",16441026,"إبتدائية  م خ ماري كوري","Privé"
16,"Alger",1634,"تسالة المرجة (TESSALA EL MERDJA)",16441028,"إبتدائية  م ت ت خ سلياد","Privé"
16,"Alger",1634,"تسالة المرجة (TESSALA EL MERDJA)",16451017,"إبتدائية  م ت ت خ زرماني","Privé"
16,"Alger",1634,"تسالة المرجة (TESSALA EL MERDJA)",16461032,"إبتدائية  م ت ت خ رواد التربية","Privé"
16,"Alger",1634,"تسالة المرجة (TESSALA EL MERDJA)",16471012,"إبتدائية  م خ نيوتن","Privé"
16,"Alger",1634,"تسالة المرجة (TESSALA EL MERDJA)",16471014,"إبتدائية  م خ الوصيل","Privé"
16,"Alger",1634,"تسالة المرجة (TESSALA EL MERDJA)",16471015,"إبتدائية  م خ الرائدة","Privé"
16,"Alger",1634,"تسالة المرجة (TESSALA EL MERDJA)",16471025,"إبتدائية  م خ مليسا مريم ميوزوتيس","Privé"
16,"Alger",1634,"تسالة المرجة (TESSALA EL MERDJA)",16471030,"إبتدائية  لي لوريا","Privé"
16,"Alger",1634,"تسالة المرجة (TESSALA EL MERDJA)",16471035,"إبتدائية  سيبلكنزنا للتربية والتعليم","Privé"
16,"Alger",1634,"تسالة المرجة (TESSALA EL MERDJA)",16481029,"إبتدائية  م خ العالم الجديد","Privé"
16,"Alger",1634,"تسالة المرجة (TESSALA EL MERDJA)",16481041,"إبتدائية  المجمع المدرسي أشبال رزيق","Privé"
16,"Alger",1634,"تسالة المرجة (TESSALA EL MERDJA)",16481048,"إبتدائية  البشير الإبراهيمي","Privé"
16,"Alger",1634,"تسالة المرجة (TESSALA EL MERDJA)",16491024,"إبتدائية  م خ الطريق الصحيح","Privé"
16,"Alger",1634,"تسالة المرجة (TESSALA EL MERDJA)",16491033,"إبتدائية  م خ المجمع المدرسي الأفق الجديد","Privé"
16,"Alger",1634,"تسالة المرجة (TESSALA EL MERDJA)",16491034,"إبتدائية  م خ  لاشندال","Privé"
16,"Alger",1634,"تسالة المرجة (TESSALA EL MERDJA)",16491038,"إبتدائية  م ت ت خ سندس سكول","Privé"
16,"Alger",1634,"تسالة المرجة (TESSALA EL MERDJA)",16491039,"إبتدائية  م ت ت خ السبالة","Privé"
16,"Alger",1634,"تسالة المرجة (TESSALA EL MERDJA)",16491042,"إبتدائية  لاشونس بورتوس","Privé"
16,"Alger",1634,"تسالة المرجة (TESSALA EL MERDJA)",16491044,"إبتدائية  م ت ت خ لافوازي","Privé"
16,"Alger",1634,"تسالة المرجة (TESSALA EL MERDJA)",16491046,"إبتدائية  سيتادال الأكاديمي","Privé"
16,"Alger",1634,"تسالة المرجة (TESSALA EL MERDJA)",16511012,"إبتدائية  م خ الممتاز","Privé"
16,"Alger",1634,"تسالة المرجة (TESSALA EL MERDJA)",16511035,"إبتدائية  بصمة التحدي","Privé"
16,"Alger",1634,"تسالة المرجة (TESSALA EL MERDJA)",16521043,"إبتدائية  م خ جودة التعليم","Privé"
16,"Alger",1634,"تسالة المرجة (TESSALA EL MERDJA)",16521045,"إبتدائية  م ت ت خ نوارة العلم و المعرفة","Privé"
16,"Alger",1634,"تسالة المرجة (TESSALA EL MERDJA)",16521052,"إبتدائية  أمل صادق","Privé"
16,"Alger",1634,"تسالة المرجة (TESSALA EL MERDJA)",16521056,"إبتدائية  سبل النجاح","Privé"
16,"Alger",1634,"تسالة المرجة (TESSALA EL MERDJA)",16521057,"إبتدائية  بصمتي للعلوم","Privé"
16,"Alger",1634,"تسالة المرجة (TESSALA EL MERDJA)",16541016,"إبتدائية  م خ في بلاد قوس  قزح","Privé"
16,"Alger",1634,"تسالة المرجة (TESSALA EL MERDJA)",16541025,"إبتدائية  قلمي","Privé"
16,"Alger",1634,"تسالة المرجة (TESSALA EL MERDJA)",16551019,"إبتدائية  م ت ت خ ملتقى العلوم و التكنولوجيا","Privé"
16,"Alger",1635,"اولاد شبل (OULED CHEBEL)",16091019,"إبتدائية  م خ الزينيث","Privé"
16,"Alger",1635,"اولاد شبل (OULED CHEBEL)",16091021,"إبتدائية  م خ الجزائر مستقبل","Privé"
16,"Alger",1635,"اولاد شبل (OULED CHEBEL)",16091028,"إبتدائية  الأوراس","Privé"
16,"Alger",1635,"اولاد شبل (OULED CHEBEL)",16121027,"إبتدائية  م خ النجاح بئر خادم","Privé"
16,"Alger",1635,"اولاد شبل (OULED CHEBEL)",16121053,"إبتدائية  م ت ت خ فرسان الحكمة","Privé"
16,"Alger",1635,"اولاد شبل (OULED CHEBEL)",16231022,"إبتدائية  م خ السلام","Privé"
16,"Alger",1635,"اولاد شبل (OULED CHEBEL)",16281014,"إبتدائية  م خ سيبال حيدرة","Privé"
16,"Alger",1635,"اولاد شبل (OULED CHEBEL)",16361021,"إبتدائية  م خ أشبال متيجة","Privé"
16,"Alger",1635,"اولاد شبل (OULED CHEBEL)",16361022,"إبتدائية  م خ مقعد  الطموح","Privé"
16,"Alger",1635,"اولاد شبل (OULED CHEBEL)",16441028,"إبتدائية  م ت ت خ سلياد","Privé"
16,"Alger",1635,"اولاد شبل (OULED CHEBEL)",16451017,"إبتدائية  م ت ت خ زرماني","Privé"
16,"Alger",1635,"اولاد شبل (OULED CHEBEL)",16461032,"إبتدائية  م ت ت خ رواد التربية","Privé"
16,"Alger",1635,"اولاد شبل (OULED CHEBEL)",16471012,"إبتدائية  م خ نيوتن","Privé"
16,"Alger",1635,"اولاد شبل (OULED CHEBEL)",16471014,"إبتدائية  م خ الوصيل","Privé"
16,"Alger",1635,"اولاد شبل (OULED CHEBEL)",16471015,"إبتدائية  م خ الرائدة","Privé"
16,"Alger",1635,"اولاد شبل (OULED CHEBEL)",16471025,"إبتدائية  م خ مليسا مريم ميوزوتيس","Privé"
16,"Alger",1635,"اولاد شبل (OULED CHEBEL)",16471030,"إبتدائية  لي لوريا","Privé"
16,"Alger",1635,"اولاد شبل (OULED CHEBEL)",16471035,"إبتدائية  سيبلكنزنا للتربية والتعليم","Privé"
16,"Alger",1635,"اولاد شبل (OULED CHEBEL)",16481041,"إبتدائية  المجمع المدرسي أشبال رزيق","Privé"
16,"Alger",1635,"اولاد شبل (OULED CHEBEL)",16481048,"إبتدائية  البشير الإبراهيمي","Privé"
16,"Alger",1635,"اولاد شبل (OULED CHEBEL)",16491024,"إبتدائية  م خ الطريق الصحيح","Privé"
16,"Alger",1635,"اولاد شبل (OULED CHEBEL)",16491033,"إبتدائية  م خ المجمع المدرسي الأفق الجديد","Privé"
16,"Alger",1635,"اولاد شبل (OULED CHEBEL)",16491034,"إبتدائية  م خ  لاشندال","Privé"
16,"Alger",1635,"اولاد شبل (OULED CHEBEL)",16491039,"إبتدائية  م ت ت خ السبالة","Privé"
16,"Alger",1635,"اولاد شبل (OULED CHEBEL)",16491042,"إبتدائية  لاشونس بورتوس","Privé"
16,"Alger",1635,"اولاد شبل (OULED CHEBEL)",16491044,"إبتدائية  م ت ت خ لافوازي","Privé"
16,"Alger",1635,"اولاد شبل (OULED CHEBEL)",16491046,"إبتدائية  سيتادال الأكاديمي","Privé"
16,"Alger",1635,"اولاد شبل (OULED CHEBEL)",16511012,"إبتدائية  م خ الممتاز","Privé"
16,"Alger",1635,"اولاد شبل (OULED CHEBEL)",16511035,"إبتدائية  بصمة التحدي","Privé"
16,"Alger",1635,"اولاد شبل (OULED CHEBEL)",16521043,"إبتدائية  م خ جودة التعليم","Privé"
16,"Alger",1635,"اولاد شبل (OULED CHEBEL)",16521045,"إبتدائية  م ت ت خ نوارة العلم و المعرفة","Privé"
16,"Alger",1635,"اولاد شبل (OULED CHEBEL)",16521052,"إبتدائية  أمل صادق","Privé"
16,"Alger",1635,"اولاد شبل (OULED CHEBEL)",16521056,"إبتدائية  سبل النجاح","Privé"
16,"Alger",1635,"اولاد شبل (OULED CHEBEL)",16521057,"إبتدائية  بصمتي للعلوم","Privé"
16,"Alger",1635,"اولاد شبل (OULED CHEBEL)",16541011,"إبتدائية  م خ الاجيال الاعدادية","Privé"
16,"Alger",1635,"اولاد شبل (OULED CHEBEL)",16541016,"إبتدائية  م خ في بلاد قوس  قزح","Privé"
16,"Alger",1635,"اولاد شبل (OULED CHEBEL)",16541025,"إبتدائية  قلمي","Privé"
16,"Alger",1635,"اولاد شبل (OULED CHEBEL)",16551019,"إبتدائية  م ت ت خ ملتقى العلوم و التكنولوجيا","Privé"
16,"Alger",1636,"بئر توتة (BIR TOUTA)",16091019,"إبتدائية  م خ الزينيث","Privé"
16,"Alger",1636,"بئر توتة (BIR TOUTA)",16091021,"إبتدائية  م خ الجزائر مستقبل","Privé"
16,"Alger",1636,"بئر توتة (BIR TOUTA)",16091028,"إبتدائية  الأوراس","Privé"
16,"Alger",1636,"بئر توتة (BIR TOUTA)",16121027,"إبتدائية  م خ النجاح بئر خادم","Privé"
16,"Alger",1636,"بئر توتة (BIR TOUTA)",16121032,"إبتدائية  م خ النور للتلميذ","Privé"
16,"Alger",1636,"بئر توتة (BIR TOUTA)",16121053,"إبتدائية  م ت ت خ فرسان الحكمة","Privé"
16,"Alger",1636,"بئر توتة (BIR TOUTA)",16231022,"إبتدائية  م خ السلام","Privé"
16,"Alger",1636,"بئر توتة (BIR TOUTA)",16281014,"إبتدائية  م خ سيبال حيدرة","Privé"
16,"Alger",1636,"بئر توتة (BIR TOUTA)",16361020,"إبتدائية  م خ النخــــب","Privé"
16,"Alger",1636,"بئر توتة (BIR TOUTA)",16361021,"إبتدائية  م خ أشبال متيجة","Privé"
16,"Alger",1636,"بئر توتة (BIR TOUTA)",16361022,"إبتدائية  م خ مقعد  الطموح","Privé"
16,"Alger",1636,"بئر توتة (BIR TOUTA)",16441028,"إبتدائية  م ت ت خ سلياد","Privé"
16,"Alger",1636,"بئر توتة (BIR TOUTA)",16451017,"إبتدائية  م ت ت خ زرماني","Privé"
16,"Alger",1636,"بئر توتة (BIR TOUTA)",16461032,"إبتدائية  م ت ت خ رواد التربية","Privé"
16,"Alger",1636,"بئر توتة (BIR TOUTA)",16471012,"إبتدائية  م خ نيوتن","Privé"
16,"Alger",1636,"بئر توتة (BIR TOUTA)",16471013,"إبتدائية  م خ المتنبي","Privé"
16,"Alger",1636,"بئر توتة (BIR TOUTA)",16471014,"إبتدائية  م خ الوصيل","Privé"
16,"Alger",1636,"بئر توتة (BIR TOUTA)",16471015,"إبتدائية  م خ الرائدة","Privé"
16,"Alger",1636,"بئر توتة (BIR TOUTA)",16471019,"إبتدائية  م خ أشعة المعرفة","Privé"
16,"Alger",1636,"بئر توتة (BIR TOUTA)",16471025,"إبتدائية  م خ مليسا مريم ميوزوتيس","Privé"
16,"Alger",1636,"بئر توتة (BIR TOUTA)",16471030,"إبتدائية  لي لوريا","Privé"
16,"Alger",1636,"بئر توتة (BIR TOUTA)",16471035,"إبتدائية  سيبلكنزنا للتربية والتعليم","Privé"
16,"Alger",1636,"بئر توتة (BIR TOUTA)",16481041,"إبتدائية  المجمع المدرسي أشبال رزيق","Privé"
16,"Alger",1636,"بئر توتة (BIR TOUTA)",16481048,"إبتدائية  البشير الإبراهيمي","Privé"
16,"Alger",1636,"بئر توتة (BIR TOUTA)",16491024,"إبتدائية  م خ الطريق الصحيح","Privé"
16,"Alger",1636,"بئر توتة (BIR TOUTA)",16491033,"إبتدائية  م خ المجمع المدرسي الأفق الجديد","Privé"
16,"Alger",1636,"بئر توتة (BIR TOUTA)",16491034,"إبتدائية  م خ  لاشندال","Privé"
16,"Alger",1636,"بئر توتة (BIR TOUTA)",16491039,"إبتدائية  م ت ت خ السبالة","Privé"
16,"Alger",1636,"بئر توتة (BIR TOUTA)",16491042,"إبتدائية  لاشونس بورتوس","Privé"
16,"Alger",1636,"بئر توتة (BIR TOUTA)",16491044,"إبتدائية  م ت ت خ لافوازي","Privé"
16,"Alger",1636,"بئر توتة (BIR TOUTA)",16511012,"إبتدائية  م خ الممتاز","Privé"
16,"Alger",1636,"بئر توتة (BIR TOUTA)",16511035,"إبتدائية  بصمة التحدي","Privé"
16,"Alger",1636,"بئر توتة (BIR TOUTA)",16521043,"إبتدائية  م خ جودة التعليم","Privé"
16,"Alger",1636,"بئر توتة (BIR TOUTA)",16521045,"إبتدائية  م ت ت خ نوارة العلم و المعرفة","Privé"
16,"Alger",1636,"بئر توتة (BIR TOUTA)",16521051,"إبتدائية  فانتازيا واست","Privé"
16,"Alger",1636,"بئر توتة (BIR TOUTA)",16521052,"إبتدائية  أمل صادق","Privé"
16,"Alger",1636,"بئر توتة (BIR TOUTA)",16521056,"إبتدائية  سبل النجاح","Privé"
16,"Alger",1636,"بئر توتة (BIR TOUTA)",16521057,"إبتدائية  بصمتي للعلوم","Privé"
16,"Alger",1636,"بئر توتة (BIR TOUTA)",16541011,"إبتدائية  م خ الاجيال الاعدادية","Privé"
16,"Alger",1636,"بئر توتة (BIR TOUTA)",16541013,"إبتدائية  م خ المجمع المدرسي المرام","Privé"
16,"Alger",1636,"بئر توتة (BIR TOUTA)",16541016,"إبتدائية  م خ في بلاد قوس  قزح","Privé"
16,"Alger",1636,"بئر توتة (BIR TOUTA)",16541025,"إبتدائية  قلمي","Privé"
16,"Alger",1636,"بئر توتة (BIR TOUTA)",16551019,"إبتدائية  م ت ت خ ملتقى العلوم و التكنولوجيا","Privé"
16,"Alger",1636,"بئر توتة (BIR TOUTA)",16561017,"إبتدائية  م خ الاستقبال","Privé"
16,"Alger",1636,"بئر توتة (BIR TOUTA)",16561018,"إبتدائية  م خ المدرسة النموذجية","Privé"
16,"Alger",1644,"زرالدة (ZERALDA)",16091019,"إبتدائية  م خ الزينيث","Privé"
16,"Alger",1644,"زرالدة (ZERALDA)",16091021,"إبتدائية  م خ الجزائر مستقبل","Privé"
16,"Alger",1644,"زرالدة (ZERALDA)",16091028,"إبتدائية  الأوراس","Privé"
16,"Alger",1644,"زرالدة (ZERALDA)",16121027,"إبتدائية  م خ النجاح بئر خادم","Privé"
16,"Alger",1644,"زرالدة (ZERALDA)",16121053,"إبتدائية  م ت ت خ فرسان الحكمة","Privé"
16,"Alger",1644,"زرالدة (ZERALDA)",16231022,"إبتدائية  م خ السلام","Privé"
16,"Alger",1644,"زرالدة (ZERALDA)",16281014,"إبتدائية  م خ سيبال حيدرة","Privé"
16,"Alger",1644,"زرالدة (ZERALDA)",16361021,"إبتدائية  م خ أشبال متيجة","Privé"
16,"Alger",1644,"زرالدة (ZERALDA)",16441021,"إبتدائية  م خ بن دالي","Privé"
16,"Alger",1644,"زرالدة (ZERALDA)",16441022,"إبتدائية  م خ النظريات","Privé"
16,"Alger",1644,"زرالدة (ZERALDA)",16441024,"إبتدائية  م خ المستقبل","Privé"
16,"Alger",1644,"زرالدة (ZERALDA)",16441025,"إبتدائية  م خ براهيمي سكول","Privé"
16,"Alger",1644,"زرالدة (ZERALDA)",16441026,"إبتدائية  م خ ماري كوري","Privé"
16,"Alger",1644,"زرالدة (ZERALDA)",16441027,"إبتدائية  م ت ت خ نوة","Privé"
16,"Alger",1644,"زرالدة (ZERALDA)",16441028,"إبتدائية  م ت ت خ سلياد","Privé"
16,"Alger",1644,"زرالدة (ZERALDA)",16441029,"إبتدائية  م ت ت خ المركب المدرسي الاستكمال","Privé"
16,"Alger",1644,"زرالدة (ZERALDA)",16441030,"إبتدائية  المستقبل الأصيل","Privé"
16,"Alger",1644,"زرالدة (ZERALDA)",16451017,"إبتدائية  م ت ت خ زرماني","Privé"
16,"Alger",1644,"زرالدة (ZERALDA)",16461032,"إبتدائية  م ت ت خ رواد التربية","Privé"
16,"Alger",1644,"زرالدة (ZERALDA)",16471012,"إبتدائية  م خ نيوتن","Privé"
16,"Alger",1644,"زرالدة (ZERALDA)",16471014,"إبتدائية  م خ الوصيل","Privé"
16,"Alger",1644,"زرالدة (ZERALDA)",16471015,"إبتدائية  م خ الرائدة","Privé"
16,"Alger",1644,"زرالدة (ZERALDA)",16471025,"إبتدائية  م خ مليسا مريم ميوزوتيس","Privé"
16,"Alger",1644,"زرالدة (ZERALDA)",16471030,"إبتدائية  لي لوريا","Privé"
16,"Alger",1644,"زرالدة (ZERALDA)",16471035,"إبتدائية  سيبلكنزنا للتربية والتعليم","Privé"
16,"Alger",1644,"زرالدة (ZERALDA)",16481029,"إبتدائية  م خ العالم الجديد","Privé"
16,"Alger",1644,"زرالدة (ZERALDA)",16481041,"إبتدائية  المجمع المدرسي أشبال رزيق","Privé"
16,"Alger",1644,"زرالدة (ZERALDA)",16481048,"إبتدائية  البشير الإبراهيمي","Privé"
16,"Alger",1644,"زرالدة (ZERALDA)",16491024,"إبتدائية  م خ الطريق الصحيح","Privé"
16,"Alger",1644,"زرالدة (ZERALDA)",16491033,"إبتدائية  م خ المجمع المدرسي الأفق الجديد","Privé"
16,"Alger",1644,"زرالدة (ZERALDA)",16491034,"إبتدائية  م خ  لاشندال","Privé"
16,"Alger",1644,"زرالدة (ZERALDA)",16491039,"إبتدائية  م ت ت خ السبالة","Privé"
16,"Alger",1644,"زرالدة (ZERALDA)",16491042,"إبتدائية  لاشونس بورتوس","Privé"
16,"Alger",1644,"زرالدة (ZERALDA)",16491044,"إبتدائية  م ت ت خ لافوازي","Privé"
16,"Alger",1644,"زرالدة (ZERALDA)",16511012,"إبتدائية  م خ الممتاز","Privé"
16,"Alger",1644,"زرالدة (ZERALDA)",16511030,"إبتدائية  م ت ت خ الفايت سكول","Privé"
16,"Alger",1644,"زرالدة (ZERALDA)",16511031,"إبتدائية  لاس أن سيناس سكول","Privé"
16,"Alger",1644,"زرالدة (ZERALDA)",16511035,"إبتدائية  بصمة التحدي","Privé"
16,"Alger",1644,"زرالدة (ZERALDA)",16521043,"إبتدائية  م خ جودة التعليم","Privé"
16,"Alger",1644,"زرالدة (ZERALDA)",16521045,"إبتدائية  م ت ت خ نوارة العلم و المعرفة","Privé"
16,"Alger",1644,"زرالدة (ZERALDA)",16521051,"إبتدائية  فانتازيا واست","Privé"
16,"Alger",1644,"زرالدة (ZERALDA)",16521052,"إبتدائية  أمل صادق","Privé"
16,"Alger",1644,"زرالدة (ZERALDA)",16521056,"إبتدائية  سبل النجاح","Privé"
16,"Alger",1644,"زرالدة (ZERALDA)",16521057,"إبتدائية  بصمتي للعلوم","Privé"
16,"Alger",1644,"زرالدة (ZERALDA)",16541011,"إبتدائية  م خ الاجيال الاعدادية","Privé"
16,"Alger",1644,"زرالدة (ZERALDA)",16541013,"إبتدائية  م خ المجمع المدرسي المرام","Privé"
16,"Alger",1644,"زرالدة (ZERALDA)",16541016,"إبتدائية  م خ في بلاد قوس  قزح","Privé"
16,"Alger",1644,"زرالدة (ZERALDA)",16541025,"إبتدائية  قلمي","Privé"
16,"Alger",1644,"زرالدة (ZERALDA)",16551019,"إبتدائية  م ت ت خ ملتقى العلوم و التكنولوجيا","Privé"
16,"Alger",1645,"السحاولة (SEHAOULA)",16091019,"إبتدائية  م خ الزينيث","Privé"
16,"Alger",1645,"السحاولة (SEHAOULA)",16091021,"إبتدائية  م خ الجزائر مستقبل","Privé"
16,"Alger",1645,"السحاولة (SEHAOULA)",16091028,"إبتدائية  الأوراس","Privé"
16,"Alger",1645,"السحاولة (SEHAOULA)",16121027,"إبتدائية  م خ النجاح بئر خادم","Privé"
16,"Alger",1645,"السحاولة (SEHAOULA)",16121032,"إبتدائية  م خ النور للتلميذ","Privé"
16,"Alger",1645,"السحاولة (SEHAOULA)",16121053,"إبتدائية  م ت ت خ فرسان الحكمة","Privé"
16,"Alger",1645,"السحاولة (SEHAOULA)",16231022,"إبتدائية  م خ السلام","Privé"
16,"Alger",1645,"السحاولة (SEHAOULA)",16231037,"إبتدائية  11 ديسمبر","Privé"
16,"Alger",1645,"السحاولة (SEHAOULA)",16281014,"إبتدائية  م خ سيبال حيدرة","Privé"
16,"Alger",1645,"السحاولة (SEHAOULA)",16361021,"إبتدائية  م خ أشبال متيجة","Privé"
16,"Alger",1645,"السحاولة (SEHAOULA)",16441028,"إبتدائية  م ت ت خ سلياد","Privé"
16,"Alger",1645,"السحاولة (SEHAOULA)",16451017,"إبتدائية  م ت ت خ زرماني","Privé"
16,"Alger",1645,"السحاولة (SEHAOULA)",16451018,"إبتدائية  بول دوقوم","Privé"
16,"Alger",1645,"السحاولة (SEHAOULA)",16461032,"إبتدائية  م ت ت خ رواد التربية","Privé"
16,"Alger",1645,"السحاولة (SEHAOULA)",16471012,"إبتدائية  م خ نيوتن","Privé"
16,"Alger",1645,"السحاولة (SEHAOULA)",16471013,"إبتدائية  م خ المتنبي","Privé"
16,"Alger",1645,"السحاولة (SEHAOULA)",16471014,"إبتدائية  م خ الوصيل","Privé"
16,"Alger",1645,"السحاولة (SEHAOULA)",16471015,"إبتدائية  م خ الرائدة","Privé"
16,"Alger",1645,"السحاولة (SEHAOULA)",16471019,"إبتدائية  م خ أشعة المعرفة","Privé"
16,"Alger",1645,"السحاولة (SEHAOULA)",16471025,"إبتدائية  م خ مليسا مريم ميوزوتيس","Privé"
16,"Alger",1645,"السحاولة (SEHAOULA)",16471028,"إبتدائية  م ت ت خ جنراسيون إليت","Privé"
16,"Alger",1645,"السحاولة (SEHAOULA)",16471030,"إبتدائية  لي لوريا","Privé"
16,"Alger",1645,"السحاولة (SEHAOULA)",16471035,"إبتدائية  سيبلكنزنا للتربية والتعليم","Privé"
16,"Alger",1645,"السحاولة (SEHAOULA)",16481041,"إبتدائية  المجمع المدرسي أشبال رزيق","Privé"
16,"Alger",1645,"السحاولة (SEHAOULA)",16481048,"إبتدائية  البشير الإبراهيمي","Privé"
16,"Alger",1645,"السحاولة (SEHAOULA)",16491022,"إبتدائية  م خ أحسن الأجيال","Privé"
16,"Alger",1645,"السحاولة (SEHAOULA)",16491024,"إبتدائية  م خ الطريق الصحيح","Privé"
16,"Alger",1645,"السحاولة (SEHAOULA)",16491033,"إبتدائية  م خ المجمع المدرسي الأفق الجديد","Privé"
16,"Alger",1645,"السحاولة (SEHAOULA)",16491034,"إبتدائية  م خ  لاشندال","Privé"
16,"Alger",1645,"السحاولة (SEHAOULA)",16491038,"إبتدائية  م ت ت خ سندس سكول","Privé"
16,"Alger",1645,"السحاولة (SEHAOULA)",16491039,"إبتدائية  م ت ت خ السبالة","Privé"
16,"Alger",1645,"السحاولة (SEHAOULA)",16491042,"إبتدائية  لاشونس بورتوس","Privé"
16,"Alger",1645,"السحاولة (SEHAOULA)",16491043,"إبتدائية  م ت ت خ منبع المعرفة","Privé"
16,"Alger",1645,"السحاولة (SEHAOULA)",16491044,"إبتدائية  م ت ت خ لافوازي","Privé"
16,"Alger",1645,"السحاولة (SEHAOULA)",16491046,"إبتدائية  سيتادال الأكاديمي","Privé"
16,"Alger",1645,"السحاولة (SEHAOULA)",16511012,"إبتدائية  م خ الممتاز","Privé"
16,"Alger",1645,"السحاولة (SEHAOULA)",16511035,"إبتدائية  بصمة التحدي","Privé"
16,"Alger",1645,"السحاولة (SEHAOULA)",16521043,"إبتدائية  م خ جودة التعليم","Privé"
16,"Alger",1645,"السحاولة (SEHAOULA)",16521045,"إبتدائية  م ت ت خ نوارة العلم و المعرفة","Privé"
16,"Alger",1645,"السحاولة (SEHAOULA)",16521052,"إبتدائية  أمل صادق","Privé"
16,"Alger",1645,"السحاولة (SEHAOULA)",16521056,"إبتدائية  سبل النجاح","Privé"
16,"Alger",1645,"السحاولة (SEHAOULA)",16521057,"إبتدائية  بصمتي للعلوم","Privé"
16,"Alger",1645,"السحاولة (SEHAOULA)",16541013,"إبتدائية  م خ المجمع المدرسي المرام","Privé"
16,"Alger",1645,"السحاولة (SEHAOULA)",16541016,"إبتدائية  م خ في بلاد قوس  قزح","Privé"
16,"Alger",1645,"السحاولة (SEHAOULA)",16541025,"إبتدائية  قلمي","Privé"
16,"Alger",1645,"السحاولة (SEHAOULA)",16551019,"إبتدائية  م ت ت خ ملتقى العلوم و التكنولوجيا","Privé"
16,"Alger",1645,"السحاولة (SEHAOULA)",16561017,"إبتدائية  م خ الاستقبال","Privé"
16,"Alger",1645,"السحاولة (SEHAOULA)",16561018,"إبتدائية  م خ المدرسة النموذجية","Privé"
16,"Alger",1646,"المعالمة (MAALMA)",16091019,"إبتدائية  م خ الزينيث","Privé"
16,"Alger",1646,"المعالمة (MAALMA)",16091021,"إبتدائية  م خ الجزائر مستقبل","Privé"
16,"Alger",1646,"المعالمة (MAALMA)",16091028,"إبتدائية  الأوراس","Privé"
16,"Alger",1646,"المعالمة (MAALMA)",16121027,"إبتدائية  م خ النجاح بئر خادم","Privé"
16,"Alger",1646,"المعالمة (MAALMA)",16121053,"إبتدائية  م ت ت خ فرسان الحكمة","Privé"
16,"Alger",1646,"المعالمة (MAALMA)",16231022,"إبتدائية  م خ السلام","Privé"
16,"Alger",1646,"المعالمة (MAALMA)",16281014,"إبتدائية  م خ سيبال حيدرة","Privé"
16,"Alger",1646,"المعالمة (MAALMA)",16361021,"إبتدائية  م خ أشبال متيجة","Privé"
16,"Alger",1646,"المعالمة (MAALMA)",16441024,"إبتدائية  م خ المستقبل","Privé"
16,"Alger",1646,"المعالمة (MAALMA)",16441026,"إبتدائية  م خ ماري كوري","Privé"
16,"Alger",1646,"المعالمة (MAALMA)",16441028,"إبتدائية  م ت ت خ سلياد","Privé"
16,"Alger",1646,"المعالمة (MAALMA)",16441029,"إبتدائية  م ت ت خ المركب المدرسي الاستكمال","Privé"
16,"Alger",1646,"المعالمة (MAALMA)",16451017,"إبتدائية  م ت ت خ زرماني","Privé"
16,"Alger",1646,"المعالمة (MAALMA)",16461028,"إبتدائية  م ت ت خ نسرين سكول","Privé"
16,"Alger",1646,"المعالمة (MAALMA)",16461031,"إبتدائية  م ت ت خ علوم و حياة","Privé"
16,"Alger",1646,"المعالمة (MAALMA)",16461032,"إبتدائية  م ت ت خ رواد التربية","Privé"
16,"Alger",1646,"المعالمة (MAALMA)",16471012,"إبتدائية  م خ نيوتن","Privé"
16,"Alger",1646,"المعالمة (MAALMA)",16471014,"إبتدائية  م خ الوصيل","Privé"
16,"Alger",1646,"المعالمة (MAALMA)",16471015,"إبتدائية  م خ الرائدة","Privé"
16,"Alger",1646,"المعالمة (MAALMA)",16471019,"إبتدائية  م خ أشعة المعرفة","Privé"
16,"Alger",1646,"المعالمة (MAALMA)",16471025,"إبتدائية  م خ مليسا مريم ميوزوتيس","Privé"
16,"Alger",1646,"المعالمة (MAALMA)",16471028,"إبتدائية  م ت ت خ جنراسيون إليت","Privé"
16,"Alger",1646,"المعالمة (MAALMA)",16471030,"إبتدائية  لي لوريا","Privé"
16,"Alger",1646,"المعالمة (MAALMA)",16471035,"إبتدائية  سيبلكنزنا للتربية والتعليم","Privé"
16,"Alger",1646,"المعالمة (MAALMA)",16481029,"إبتدائية  م خ العالم الجديد","Privé"
16,"Alger",1646,"المعالمة (MAALMA)",16481041,"إبتدائية  المجمع المدرسي أشبال رزيق","Privé"
16,"Alger",1646,"المعالمة (MAALMA)",16481048,"إبتدائية  البشير الإبراهيمي","Privé"
16,"Alger",1646,"المعالمة (MAALMA)",16491024,"إبتدائية  م خ الطريق الصحيح","Privé"
16,"Alger",1646,"المعالمة (MAALMA)",16491033,"إبتدائية  م خ المجمع المدرسي الأفق الجديد","Privé"
16,"Alger",1646,"المعالمة (MAALMA)",16491034,"إبتدائية  م خ  لاشندال","Privé"
16,"Alger",1646,"المعالمة (MAALMA)",16491039,"إبتدائية  م ت ت خ السبالة","Privé"
16,"Alger",1646,"المعالمة (MAALMA)",16491042,"إبتدائية  لاشونس بورتوس","Privé"
16,"Alger",1646,"المعالمة (MAALMA)",16491044,"إبتدائية  م ت ت خ لافوازي","Privé"
16,"Alger",1646,"المعالمة (MAALMA)",16511012,"إبتدائية  م خ الممتاز","Privé"
16,"Alger",1646,"المعالمة (MAALMA)",16511030,"إبتدائية  م ت ت خ الفايت سكول","Privé"
16,"Alger",1646,"المعالمة (MAALMA)",16511031,"إبتدائية  لاس أن سيناس سكول","Privé"
16,"Alger",1646,"المعالمة (MAALMA)",16511035,"إبتدائية  بصمة التحدي","Privé"
16,"Alger",1646,"المعالمة (MAALMA)",16521043,"إبتدائية  م خ جودة التعليم","Privé"
16,"Alger",1646,"المعالمة (MAALMA)",16521045,"إبتدائية  م ت ت خ نوارة العلم و المعرفة","Privé"
16,"Alger",1646,"المعالمة (MAALMA)",16521051,"إبتدائية  فانتازيا واست","Privé"
16,"Alger",1646,"المعالمة (MAALMA)",16521052,"إبتدائية  أمل صادق","Privé"
16,"Alger",1646,"المعالمة (MAALMA)",16521056,"إبتدائية  سبل النجاح","Privé"
16,"Alger",1646,"المعالمة (MAALMA)",16521057,"إبتدائية  بصمتي للعلوم","Privé"
16,"Alger",1646,"المعالمة (MAALMA)",16541013,"إبتدائية  م خ المجمع المدرسي المرام","Privé"
16,"Alger",1646,"المعالمة (MAALMA)",16541016,"إبتدائية  م خ في بلاد قوس  قزح","Privé"
16,"Alger",1646,"المعالمة (MAALMA)",16541025,"إبتدائية  قلمي","Privé"
16,"Alger",1646,"المعالمة (MAALMA)",16551019,"إبتدائية  م ت ت خ ملتقى العلوم و التكنولوجيا","Privé"
16,"Alger",1647,"بابا حسن (BABA HASSEN)",16091019,"إبتدائية  م خ الزينيث","Privé"
16,"Alger",1647,"بابا حسن (BABA HASSEN)",16091021,"إبتدائية  م خ الجزائر مستقبل","Privé"
16,"Alger",1647,"بابا حسن (BABA HASSEN)",16091028,"إبتدائية  الأوراس","Privé"
16,"Alger",1647,"بابا حسن (BABA HASSEN)",16121027,"إبتدائية  م خ النجاح بئر خادم","Privé"
16,"Alger",1647,"بابا حسن (BABA HASSEN)",16121032,"إبتدائية  م خ النور للتلميذ","Privé"
16,"Alger",1647,"بابا حسن (BABA HASSEN)",16121053,"إبتدائية  م ت ت خ فرسان الحكمة","Privé"
16,"Alger",1647,"بابا حسن (BABA HASSEN)",16231022,"إبتدائية  م خ السلام","Privé"
16,"Alger",1647,"بابا حسن (BABA HASSEN)",16281014,"إبتدائية  م خ سيبال حيدرة","Privé"
16,"Alger",1647,"بابا حسن (BABA HASSEN)",16361021,"إبتدائية  م خ أشبال متيجة","Privé"
16,"Alger",1647,"بابا حسن (BABA HASSEN)",16441026,"إبتدائية  م خ ماري كوري","Privé"
16,"Alger",1647,"بابا حسن (BABA HASSEN)",16441028,"إبتدائية  م ت ت خ سلياد","Privé"
16,"Alger",1647,"بابا حسن (BABA HASSEN)",16451017,"إبتدائية  م ت ت خ زرماني","Privé"
16,"Alger",1647,"بابا حسن (BABA HASSEN)",16461032,"إبتدائية  م ت ت خ رواد التربية","Privé"
16,"Alger",1647,"بابا حسن (BABA HASSEN)",16471011,"إبتدائية  م.ت.ت.خ سيبليسير للتربية والتعليم","Privé"
16,"Alger",1647,"بابا حسن (BABA HASSEN)",16471012,"إبتدائية  م خ نيوتن","Privé"
16,"Alger",1647,"بابا حسن (BABA HASSEN)",16471013,"إبتدائية  م خ المتنبي","Privé"
16,"Alger",1647,"بابا حسن (BABA HASSEN)",16471014,"إبتدائية  م خ الوصيل","Privé"
16,"Alger",1647,"بابا حسن (BABA HASSEN)",16471015,"إبتدائية  م خ الرائدة","Privé"
16,"Alger",1647,"بابا حسن (BABA HASSEN)",16471016,"إبتدائية  م خ صلاح مقران","Privé"
16,"Alger",1647,"بابا حسن (BABA HASSEN)",16471017,"إبتدائية  م خ منيل و أمين","Privé"
16,"Alger",1647,"بابا حسن (BABA HASSEN)",16471018,"إبتدائية  م خ القبس","Privé"
16,"Alger",1647,"بابا حسن (BABA HASSEN)",16471019,"إبتدائية  م خ أشعة المعرفة","Privé"
16,"Alger",1647,"بابا حسن (BABA HASSEN)",16471020,"إبتدائية  م خ جون دو لا فونتان","Privé"
16,"Alger",1647,"بابا حسن (BABA HASSEN)",16471021,"إبتدائية  م خ سراج  العلم","Privé"
16,"Alger",1647,"بابا حسن (BABA HASSEN)",16471022,"إبتدائية  م خ سيبليسير للتربية و التعليم","Privé"
16,"Alger",1647,"بابا حسن (BABA HASSEN)",16471023,"إبتدائية  م خ سيبلكنزنا للتربية و التعليم","Privé"
16,"Alger",1647,"بابا حسن (BABA HASSEN)",16471025,"إبتدائية  م خ مليسا مريم ميوزوتيس","Privé"
16,"Alger",1647,"بابا حسن (BABA HASSEN)",16471026,"إبتدائية  م ت ت خ التلميذ المبدع","Privé"
16,"Alger",1647,"بابا حسن (BABA HASSEN)",16471028,"إبتدائية  م ت ت خ جنراسيون إليت","Privé"
16,"Alger",1647,"بابا حسن (BABA HASSEN)",16471029,"إبتدائية  م ت ت خ بيسا سكول","Privé"
16,"Alger",1647,"بابا حسن (BABA HASSEN)",16471030,"إبتدائية  لي لوريا","Privé"
16,"Alger",1647,"بابا حسن (BABA HASSEN)",16471031,"إبتدائية  النشىء والرجاء","Privé"
16,"Alger",1647,"بابا حسن (BABA HASSEN)",16471032,"إبتدائية  المجمع الذكي أفكار","Privé"
16,"Alger",1647,"بابا حسن (BABA HASSEN)",16471033,"إبتدائية  بن عدوان","Privé"
16,"Alger",1647,"بابا حسن (BABA HASSEN)",16471034,"إبتدائية  سيبليسيرللتربية والتعليم","Privé"
16,"Alger",1647,"بابا حسن (BABA HASSEN)",16471035,"إبتدائية  سيبلكنزنا للتربية والتعليم","Privé"
16,"Alger",1647,"بابا حسن (BABA HASSEN)",16471036,"إبتدائية  سيبلنرزية للتربية والتعليم","Privé"
16,"Alger",1647,"بابا حسن (BABA HASSEN)",16481029,"إبتدائية  م خ العالم الجديد","Privé"
16,"Alger",1647,"بابا حسن (BABA HASSEN)",16481041,"إبتدائية  المجمع المدرسي أشبال رزيق","Privé"
16,"Alger",1647,"بابا حسن (BABA HASSEN)",16481048,"إبتدائية  البشير الإبراهيمي","Privé"
16,"Alger",1647,"بابا حسن (BABA HASSEN)",16491022,"إبتدائية  م خ أحسن الأجيال","Privé"
16,"Alger",1647,"بابا حسن (BABA HASSEN)",16491024,"إبتدائية  م خ الطريق الصحيح","Privé"
16,"Alger",1647,"بابا حسن (BABA HASSEN)",16491029,"إبتدائية  م خ الساحة","Privé"
16,"Alger",1647,"بابا حسن (BABA HASSEN)",16491033,"إبتدائية  م خ المجمع المدرسي الأفق الجديد","Privé"
16,"Alger",1647,"بابا حسن (BABA HASSEN)",16491034,"إبتدائية  م خ  لاشندال","Privé"
16,"Alger",1647,"بابا حسن (BABA HASSEN)",16491038,"إبتدائية  م ت ت خ سندس سكول","Privé"
16,"Alger",1647,"بابا حسن (BABA HASSEN)",16491039,"إبتدائية  م ت ت خ السبالة","Privé"
16,"Alger",1647,"بابا حسن (BABA HASSEN)",16491042,"إبتدائية  لاشونس بورتوس","Privé"
16,"Alger",1647,"بابا حسن (BABA HASSEN)",16491043,"إبتدائية  م ت ت خ منبع المعرفة","Privé"
16,"Alger",1647,"بابا حسن (BABA HASSEN)",16491044,"إبتدائية  م ت ت خ لافوازي","Privé"
16,"Alger",1647,"بابا حسن (BABA HASSEN)",16491046,"إبتدائية  سيتادال الأكاديمي","Privé"
16,"Alger",1647,"بابا حسن (BABA HASSEN)",16511012,"إبتدائية  م خ الممتاز","Privé"
16,"Alger",1647,"بابا حسن (BABA HASSEN)",16511017,"إبتدائية  م خ عزابن سكول","Privé"
16,"Alger",1647,"بابا حسن (BABA HASSEN)",16511030,"إبتدائية  م ت ت خ الفايت سكول","Privé"
16,"Alger",1647,"بابا حسن (BABA HASSEN)",16511031,"إبتدائية  لاس أن سيناس سكول","Privé"
16,"Alger",1647,"بابا حسن (BABA HASSEN)",16511035,"إبتدائية  بصمة التحدي","Privé"
16,"Alger",1647,"بابا حسن (BABA HASSEN)",16521043,"إبتدائية  م خ جودة التعليم","Privé"
16,"Alger",1647,"بابا حسن (BABA HASSEN)",16521045,"إبتدائية  م ت ت خ نوارة العلم و المعرفة","Privé"
16,"Alger",1647,"بابا حسن (BABA HASSEN)",16521051,"إبتدائية  فانتازيا واست","Privé"
16,"Alger",1647,"بابا حسن (BABA HASSEN)",16521052,"إبتدائية  أمل صادق","Privé"
16,"Alger",1647,"بابا حسن (BABA HASSEN)",16521056,"إبتدائية  سبل النجاح","Privé"
16,"Alger",1647,"بابا حسن (BABA HASSEN)",16521057,"إبتدائية  بصمتي للعلوم","Privé"
16,"Alger",1647,"بابا حسن (BABA HASSEN)",16541011,"إبتدائية  م خ الاجيال الاعدادية","Privé"
16,"Alger",1647,"بابا حسن (BABA HASSEN)",16541013,"إبتدائية  م خ المجمع المدرسي المرام","Privé"
16,"Alger",1647,"بابا حسن (BABA HASSEN)",16541016,"إبتدائية  م خ في بلاد قوس  قزح","Privé"
16,"Alger",1647,"بابا حسن (BABA HASSEN)",16541025,"إبتدائية  قلمي","Privé"
16,"Alger",1647,"بابا حسن (BABA HASSEN)",16551019,"إبتدائية  م ت ت خ ملتقى العلوم و التكنولوجيا","Privé"
16,"Alger",1647,"بابا حسن (BABA HASSEN)",16561017,"إبتدائية  م خ الاستقبال","Privé"
16,"Alger",1647,"بابا حسن (BABA HASSEN)",16561018,"إبتدائية  م خ المدرسة النموذجية","Privé"
16,"Alger",1648,"الدويرة (DOUIRA)",16091019,"إبتدائية  م خ الزينيث","Privé"
16,"Alger",1648,"الدويرة (DOUIRA)",16091021,"إبتدائية  م خ الجزائر مستقبل","Privé"
16,"Alger",1648,"الدويرة (DOUIRA)",16091028,"إبتدائية  الأوراس","Privé"
16,"Alger",1648,"الدويرة (DOUIRA)",16121027,"إبتدائية  م خ النجاح بئر خادم","Privé"
16,"Alger",1648,"الدويرة (DOUIRA)",16121032,"إبتدائية  م خ النور للتلميذ","Privé"
16,"Alger",1648,"الدويرة (DOUIRA)",16121053,"إبتدائية  م ت ت خ فرسان الحكمة","Privé"
16,"Alger",1648,"الدويرة (DOUIRA)",16231022,"إبتدائية  م خ السلام","Privé"
16,"Alger",1648,"الدويرة (DOUIRA)",16281014,"إبتدائية  م خ سيبال حيدرة","Privé"
16,"Alger",1648,"الدويرة (DOUIRA)",16361021,"إبتدائية  م خ أشبال متيجة","Privé"
16,"Alger",1648,"الدويرة (DOUIRA)",16361022,"إبتدائية  م خ مقعد  الطموح","Privé"
16,"Alger",1648,"الدويرة (DOUIRA)",16441026,"إبتدائية  م خ ماري كوري","Privé"
16,"Alger",1648,"الدويرة (DOUIRA)",16441028,"إبتدائية  م ت ت خ سلياد","Privé"
16,"Alger",1648,"الدويرة (DOUIRA)",16441029,"إبتدائية  م ت ت خ المركب المدرسي الاستكمال","Privé"
16,"Alger",1648,"الدويرة (DOUIRA)",16451017,"إبتدائية  م ت ت خ زرماني","Privé"
16,"Alger",1648,"الدويرة (DOUIRA)",16461032,"إبتدائية  م ت ت خ رواد التربية","Privé"
16,"Alger",1648,"الدويرة (DOUIRA)",16471012,"إبتدائية  م خ نيوتن","Privé"
16,"Alger",1648,"الدويرة (DOUIRA)",16471014,"إبتدائية  م خ الوصيل","Privé"
16,"Alger",1648,"الدويرة (DOUIRA)",16471015,"إبتدائية  م خ الرائدة","Privé"
16,"Alger",1648,"الدويرة (DOUIRA)",16471019,"إبتدائية  م خ أشعة المعرفة","Privé"
16,"Alger",1648,"الدويرة (DOUIRA)",16471025,"إبتدائية  م خ مليسا مريم ميوزوتيس","Privé"
16,"Alger",1648,"الدويرة (DOUIRA)",16471028,"إبتدائية  م ت ت خ جنراسيون إليت","Privé"
16,"Alger",1648,"الدويرة (DOUIRA)",16471030,"إبتدائية  لي لوريا","Privé"
16,"Alger",1648,"الدويرة (DOUIRA)",16471035,"إبتدائية  سيبلكنزنا للتربية والتعليم","Privé"
16,"Alger",1648,"الدويرة (DOUIRA)",16481019,"إبتدائية  اكسيلونس","Privé"
16,"Alger",1648,"الدويرة (DOUIRA)",16481029,"إبتدائية  م خ العالم الجديد","Privé"
16,"Alger",1648,"الدويرة (DOUIRA)",16481030,"إبتدائية  م خ الرائد للإمتياز","Privé"
16,"Alger",1648,"الدويرة (DOUIRA)",16481031,"إبتدائية  م خ جنة الامتياز بارادي دو لكسيلونس","Privé"
16,"Alger",1648,"الدويرة (DOUIRA)",16481041,"إبتدائية  المجمع المدرسي أشبال رزيق","Privé"
16,"Alger",1648,"الدويرة (DOUIRA)",16481047,"إبتدائية  قمم العلم","Privé"
16,"Alger",1648,"الدويرة (DOUIRA)",16481048,"إبتدائية  البشير الإبراهيمي","Privé"
16,"Alger",1648,"الدويرة (DOUIRA)",16491024,"إبتدائية  م خ الطريق الصحيح","Privé"
16,"Alger",1648,"الدويرة (DOUIRA)",16491033,"إبتدائية  م خ المجمع المدرسي الأفق الجديد","Privé"
16,"Alger",1648,"الدويرة (DOUIRA)",16491034,"إبتدائية  م خ  لاشندال","Privé"
16,"Alger",1648,"الدويرة (DOUIRA)",16491039,"إبتدائية  م ت ت خ السبالة","Privé"
16,"Alger",1648,"الدويرة (DOUIRA)",16491042,"إبتدائية  لاشونس بورتوس","Privé"
16,"Alger",1648,"الدويرة (DOUIRA)",16491043,"إبتدائية  م ت ت خ منبع المعرفة","Privé"
16,"Alger",1648,"الدويرة (DOUIRA)",16491044,"إبتدائية  م ت ت خ لافوازي","Privé"
16,"Alger",1648,"الدويرة (DOUIRA)",16491046,"إبتدائية  سيتادال الأكاديمي","Privé"
16,"Alger",1648,"الدويرة (DOUIRA)",16511012,"إبتدائية  م خ الممتاز","Privé"
16,"Alger",1648,"الدويرة (DOUIRA)",16511017,"إبتدائية  م خ عزابن سكول","Privé"
16,"Alger",1648,"الدويرة (DOUIRA)",16511030,"إبتدائية  م ت ت خ الفايت سكول","Privé"
16,"Alger",1648,"الدويرة (DOUIRA)",16511035,"إبتدائية  بصمة التحدي","Privé"
16,"Alger",1648,"الدويرة (DOUIRA)",16521043,"إبتدائية  م خ جودة التعليم","Privé"
16,"Alger",1648,"الدويرة (DOUIRA)",16521045,"إبتدائية  م ت ت خ نوارة العلم و المعرفة","Privé"
16,"Alger",1648,"الدويرة (DOUIRA)",16521051,"إبتدائية  فانتازيا واست","Privé"
16,"Alger",1648,"الدويرة (DOUIRA)",16521052,"إبتدائية  أمل صادق","Privé"
16,"Alger",1648,"الدويرة (DOUIRA)",16521056,"إبتدائية  سبل النجاح","Privé"
16,"Alger",1648,"الدويرة (DOUIRA)",16521057,"إبتدائية  بصمتي للعلوم","Privé"
16,"Alger",1648,"الدويرة (DOUIRA)",16541011,"إبتدائية  م خ الاجيال الاعدادية","Privé"
16,"Alger",1648,"الدويرة (DOUIRA)",16541013,"إبتدائية  م خ المجمع المدرسي المرام","Privé"
16,"Alger",1648,"الدويرة (DOUIRA)",16541016,"إبتدائية  م خ في بلاد قوس  قزح","Privé"
16,"Alger",1648,"الدويرة (DOUIRA)",16541025,"إبتدائية  قلمي","Privé"
16,"Alger",1648,"الدويرة (DOUIRA)",16551019,"إبتدائية  م ت ت خ ملتقى العلوم و التكنولوجيا","Privé"
16,"Alger",1648,"الدويرة (DOUIRA)",16561017,"إبتدائية  م خ الاستقبال","Privé"
16,"Alger",1648,"الدويرة (DOUIRA)",16561018,"إبتدائية  م خ المدرسة النموذجية","Privé"
16,"Alger",1649,"الدرارية (DRARIA)",16091019,"إبتدائية  م خ الزينيث","Privé"
16,"Alger",1649,"الدرارية (DRARIA)",16091021,"إبتدائية  م خ الجزائر مستقبل","Privé"
16,"Alger",1649,"الدرارية (DRARIA)",16091028,"إبتدائية  الأوراس","Privé"
16,"Alger",1649,"الدرارية (DRARIA)",16121027,"إبتدائية  م خ النجاح بئر خادم","Privé"
16,"Alger",1649,"الدرارية (DRARIA)",16121032,"إبتدائية  م خ النور للتلميذ","Privé"
16,"Alger",1649,"الدرارية (DRARIA)",16121053,"إبتدائية  م ت ت خ فرسان الحكمة","Privé"
16,"Alger",1649,"الدرارية (DRARIA)",16231022,"إبتدائية  م خ السلام","Privé"
16,"Alger",1649,"الدرارية (DRARIA)",16231035,"إبتدائية  الحوار","Privé"
16,"Alger",1649,"الدرارية (DRARIA)",16231037,"إبتدائية  11 ديسمبر","Privé"
16,"Alger",1649,"الدرارية (DRARIA)",16281014,"إبتدائية  م خ سيبال حيدرة","Privé"
16,"Alger",1649,"الدرارية (DRARIA)",16361021,"إبتدائية  م خ أشبال متيجة","Privé"
16,"Alger",1649,"الدرارية (DRARIA)",16441026,"إبتدائية  م خ ماري كوري","Privé"
16,"Alger",1649,"الدرارية (DRARIA)",16441028,"إبتدائية  م ت ت خ سلياد","Privé"
16,"Alger",1649,"الدرارية (DRARIA)",16451017,"إبتدائية  م ت ت خ زرماني","Privé"
16,"Alger",1649,"الدرارية (DRARIA)",16461032,"إبتدائية  م ت ت خ رواد التربية","Privé"
16,"Alger",1649,"الدرارية (DRARIA)",16471012,"إبتدائية  م خ نيوتن","Privé"
16,"Alger",1649,"الدرارية (DRARIA)",16471013,"إبتدائية  م خ المتنبي","Privé"
16,"Alger",1649,"الدرارية (DRARIA)",16471014,"إبتدائية  م خ الوصيل","Privé"
16,"Alger",1649,"الدرارية (DRARIA)",16471015,"إبتدائية  م خ الرائدة","Privé"
16,"Alger",1649,"الدرارية (DRARIA)",16471019,"إبتدائية  م خ أشعة المعرفة","Privé"
16,"Alger",1649,"الدرارية (DRARIA)",16471025,"إبتدائية  م خ مليسا مريم ميوزوتيس","Privé"
16,"Alger",1649,"الدرارية (DRARIA)",16471028,"إبتدائية  م ت ت خ جنراسيون إليت","Privé"
16,"Alger",1649,"الدرارية (DRARIA)",16471030,"إبتدائية  لي لوريا","Privé"
16,"Alger",1649,"الدرارية (DRARIA)",16471035,"إبتدائية  سيبلكنزنا للتربية والتعليم","Privé"
16,"Alger",1649,"الدرارية (DRARIA)",16481041,"إبتدائية  المجمع المدرسي أشبال رزيق","Privé"
16,"Alger",1649,"الدرارية (DRARIA)",16481048,"إبتدائية  البشير الإبراهيمي","Privé"
16,"Alger",1649,"الدرارية (DRARIA)",16491013,"إبتدائية  م ت ت خ المجمع المدرسي يورك لوتوس","Privé"
16,"Alger",1649,"الدرارية (DRARIA)",16491020,"إبتدائية  م خ المناهل","Privé"
16,"Alger",1649,"الدرارية (DRARIA)",16491021,"إبتدائية  م خ أ ز سكول","Privé"
16,"Alger",1649,"الدرارية (DRARIA)",16491022,"إبتدائية  م خ أحسن الأجيال","Privé"
16,"Alger",1649,"الدرارية (DRARIA)",16491023,"إبتدائية  م خ أرض الأمل","Privé"
16,"Alger",1649,"الدرارية (DRARIA)",16491024,"إبتدائية  م خ الطريق الصحيح","Privé"
16,"Alger",1649,"الدرارية (DRARIA)",16491025,"إبتدائية  م خ أرض المعرفة","Privé"
16,"Alger",1649,"الدرارية (DRARIA)",16491026,"إبتدائية  م خ العلم","Privé"
16,"Alger",1649,"الدرارية (DRARIA)",16491027,"إبتدائية  م خ الجيــل الجديـــد","Privé"
16,"Alger",1649,"الدرارية (DRARIA)",16491028,"إبتدائية  م خ حدائق المعرفة","Privé"
16,"Alger",1649,"الدرارية (DRARIA)",16491029,"إبتدائية  م خ الساحة","Privé"
16,"Alger",1649,"الدرارية (DRARIA)",16491030,"إبتدائية  منبع العلم","Privé"
16,"Alger",1649,"الدرارية (DRARIA)",16491031,"إبتدائية  م خ أرشيماد","Privé"
16,"Alger",1649,"الدرارية (DRARIA)",16491032,"إبتدائية  م خ الوصال","Privé"
16,"Alger",1649,"الدرارية (DRARIA)",16491033,"إبتدائية  م خ المجمع المدرسي الأفق الجديد","Privé"
16,"Alger",1649,"الدرارية (DRARIA)",16491034,"إبتدائية  م خ  لاشندال","Privé"
16,"Alger",1649,"الدرارية (DRARIA)",16491035,"إبتدائية  م خ العالم الجديد المستمر","Privé"
16,"Alger",1649,"الدرارية (DRARIA)",16491037,"إبتدائية  م خ الهمة","Privé"
16,"Alger",1649,"الدرارية (DRARIA)",16491038,"إبتدائية  م ت ت خ سندس سكول","Privé"
16,"Alger",1649,"الدرارية (DRARIA)",16491039,"إبتدائية  م ت ت خ السبالة","Privé"
16,"Alger",1649,"الدرارية (DRARIA)",16491040,"إبتدائية  م ت ت خ جاردان دي كولار","Privé"
16,"Alger",1649,"الدرارية (DRARIA)",16491041,"إبتدائية  م ت ت خ المميزون","Privé"
16,"Alger",1649,"الدرارية (DRARIA)",16491042,"إبتدائية  لاشونس بورتوس","Privé"
16,"Alger",1649,"الدرارية (DRARIA)",16491043,"إبتدائية  م ت ت خ منبع المعرفة","Privé"
16,"Alger",1649,"الدرارية (DRARIA)",16491044,"إبتدائية  م ت ت خ لافوازي","Privé"
16,"Alger",1649,"الدرارية (DRARIA)",16491045,"إبتدائية  نور النجوم وان","Privé"
16,"Alger",1649,"الدرارية (DRARIA)",16491046,"إبتدائية  سيتادال الأكاديمي","Privé"
16,"Alger",1649,"الدرارية (DRARIA)",16491047,"إبتدائية  البشير الإبراهيمي","Privé"
16,"Alger",1649,"الدرارية (DRARIA)",16491048,"إبتدائية  منبرالمعرفة","Privé"
16,"Alger",1649,"الدرارية (DRARIA)",16511012,"إبتدائية  م خ الممتاز","Privé"
16,"Alger",1649,"الدرارية (DRARIA)",16511035,"إبتدائية  بصمة التحدي","Privé"
16,"Alger",1649,"الدرارية (DRARIA)",16521043,"إبتدائية  م خ جودة التعليم","Privé"
16,"Alger",1649,"الدرارية (DRARIA)",16521045,"إبتدائية  م ت ت خ نوارة العلم و المعرفة","Privé"
16,"Alger",1649,"الدرارية (DRARIA)",16521051,"إبتدائية  فانتازيا واست","Privé"
16,"Alger",1649,"الدرارية (DRARIA)",16521052,"إبتدائية  أمل صادق","Privé"
16,"Alger",1649,"الدرارية (DRARIA)",16521056,"إبتدائية  سبل النجاح","Privé"
16,"Alger",1649,"الدرارية (DRARIA)",16521057,"إبتدائية  بصمتي للعلوم","Privé"
16,"Alger",1649,"الدرارية (DRARIA)",16541013,"إبتدائية  م خ المجمع المدرسي المرام","Privé"
16,"Alger",1649,"الدرارية (DRARIA)",16541016,"إبتدائية  م خ في بلاد قوس  قزح","Privé"
16,"Alger",1649,"الدرارية (DRARIA)",16541025,"إبتدائية  قلمي","Privé"
16,"Alger",1649,"الدرارية (DRARIA)",16551019,"إبتدائية  م ت ت خ ملتقى العلوم و التكنولوجيا","Privé"
16,"Alger",1650,"الرحمانية (RAHMANIA)",16091019,"إبتدائية  م خ الزينيث","Privé"
16,"Alger",1650,"الرحمانية (RAHMANIA)",16091021,"إبتدائية  م خ الجزائر مستقبل","Privé"
16,"Alger",1650,"الرحمانية (RAHMANIA)",16091028,"إبتدائية  الأوراس","Privé"
16,"Alger",1650,"الرحمانية (RAHMANIA)",16121027,"إبتدائية  م خ النجاح بئر خادم","Privé"
16,"Alger",1650,"الرحمانية (RAHMANIA)",16121053,"إبتدائية  م ت ت خ فرسان الحكمة","Privé"
16,"Alger",1650,"الرحمانية (RAHMANIA)",16231022,"إبتدائية  م خ السلام","Privé"
16,"Alger",1650,"الرحمانية (RAHMANIA)",16281014,"إبتدائية  م خ سيبال حيدرة","Privé"
16,"Alger",1650,"الرحمانية (RAHMANIA)",16361021,"إبتدائية  م خ أشبال متيجة","Privé"
16,"Alger",1650,"الرحمانية (RAHMANIA)",16441026,"إبتدائية  م خ ماري كوري","Privé"
16,"Alger",1650,"الرحمانية (RAHMANIA)",16441028,"إبتدائية  م ت ت خ سلياد","Privé"
16,"Alger",1650,"الرحمانية (RAHMANIA)",16451017,"إبتدائية  م ت ت خ زرماني","Privé"
16,"Alger",1650,"الرحمانية (RAHMANIA)",16461032,"إبتدائية  م ت ت خ رواد التربية","Privé"
16,"Alger",1650,"الرحمانية (RAHMANIA)",16471012,"إبتدائية  م خ نيوتن","Privé"
16,"Alger",1650,"الرحمانية (RAHMANIA)",16471013,"إبتدائية  م خ المتنبي","Privé"
16,"Alger",1650,"الرحمانية (RAHMANIA)",16471014,"إبتدائية  م خ الوصيل","Privé"
16,"Alger",1650,"الرحمانية (RAHMANIA)",16471015,"إبتدائية  م خ الرائدة","Privé"
16,"Alger",1650,"الرحمانية (RAHMANIA)",16471019,"إبتدائية  م خ أشعة المعرفة","Privé"
16,"Alger",1650,"الرحمانية (RAHMANIA)",16471025,"إبتدائية  م خ مليسا مريم ميوزوتيس","Privé"
16,"Alger",1650,"الرحمانية (RAHMANIA)",16471028,"إبتدائية  م ت ت خ جنراسيون إليت","Privé"
16,"Alger",1650,"الرحمانية (RAHMANIA)",16471030,"إبتدائية  لي لوريا","Privé"
16,"Alger",1650,"الرحمانية (RAHMANIA)",16471035,"إبتدائية  سيبلكنزنا للتربية والتعليم","Privé"
16,"Alger",1650,"الرحمانية (RAHMANIA)",16481029,"إبتدائية  م خ العالم الجديد","Privé"
16,"Alger",1650,"الرحمانية (RAHMANIA)",16481041,"إبتدائية  المجمع المدرسي أشبال رزيق","Privé"
16,"Alger",1650,"الرحمانية (RAHMANIA)",16481048,"إبتدائية  البشير الإبراهيمي","Privé"
16,"Alger",1650,"الرحمانية (RAHMANIA)",16491024,"إبتدائية  م خ الطريق الصحيح","Privé"
16,"Alger",1650,"الرحمانية (RAHMANIA)",16491033,"إبتدائية  م خ المجمع المدرسي الأفق الجديد","Privé"
16,"Alger",1650,"الرحمانية (RAHMANIA)",16491034,"إبتدائية  م خ  لاشندال","Privé"
16,"Alger",1650,"الرحمانية (RAHMANIA)",16491039,"إبتدائية  م ت ت خ السبالة","Privé"
16,"Alger",1650,"الرحمانية (RAHMANIA)",16491042,"إبتدائية  لاشونس بورتوس","Privé"
16,"Alger",1650,"الرحمانية (RAHMANIA)",16491044,"إبتدائية  م ت ت خ لافوازي","Privé"
16,"Alger",1650,"الرحمانية (RAHMANIA)",16511012,"إبتدائية  م خ الممتاز","Privé"
16,"Alger",1650,"الرحمانية (RAHMANIA)",16511030,"إبتدائية  م ت ت خ الفايت سكول","Privé"
16,"Alger",1650,"الرحمانية (RAHMANIA)",16511031,"إبتدائية  لاس أن سيناس سكول","Privé"
16,"Alger",1650,"الرحمانية (RAHMANIA)",16511035,"إبتدائية  بصمة التحدي","Privé"
16,"Alger",1650,"الرحمانية (RAHMANIA)",16521043,"إبتدائية  م خ جودة التعليم","Privé"
16,"Alger",1650,"الرحمانية (RAHMANIA)",16521045,"إبتدائية  م ت ت خ نوارة العلم و المعرفة","Privé"
16,"Alger",1650,"الرحمانية (RAHMANIA)",16521051,"إبتدائية  فانتازيا واست","Privé"
16,"Alger",1650,"الرحمانية (RAHMANIA)",16521052,"إبتدائية  أمل صادق","Privé"
16,"Alger",1650,"الرحمانية (RAHMANIA)",16521056,"إبتدائية  سبل النجاح","Privé"
16,"Alger",1650,"الرحمانية (RAHMANIA)",16521057,"إبتدائية  بصمتي للعلوم","Privé"
16,"Alger",1650,"الرحمانية (RAHMANIA)",16541011,"إبتدائية  م خ الاجيال الاعدادية","Privé"
16,"Alger",1650,"الرحمانية (RAHMANIA)",16541013,"إبتدائية  م خ المجمع المدرسي المرام","Privé"
16,"Alger",1650,"الرحمانية (RAHMANIA)",16541016,"إبتدائية  م خ في بلاد قوس  قزح","Privé"
16,"Alger",1650,"الرحمانية (RAHMANIA)",16541025,"إبتدائية  قلمي","Privé"
16,"Alger",1650,"الرحمانية (RAHMANIA)",16551019,"إبتدائية  م ت ت خ ملتقى العلوم و التكنولوجيا","Privé"
16,"Alger",1651,"اولاد فايت (OULED FAYET)",16091019,"إبتدائية  م خ الزينيث","Privé"
16,"Alger",1651,"اولاد فايت (OULED FAYET)",16091021,"إبتدائية  م خ الجزائر مستقبل","Privé"
16,"Alger",1651,"اولاد فايت (OULED FAYET)",16091028,"إبتدائية  الأوراس","Privé"
16,"Alger",1651,"اولاد فايت (OULED FAYET)",16121027,"إبتدائية  م خ النجاح بئر خادم","Privé"
16,"Alger",1651,"اولاد فايت (OULED FAYET)",16121032,"إبتدائية  م خ النور للتلميذ","Privé"
16,"Alger",1651,"اولاد فايت (OULED FAYET)",16121053,"إبتدائية  م ت ت خ فرسان الحكمة","Privé"
16,"Alger",1651,"اولاد فايت (OULED FAYET)",16231022,"إبتدائية  م خ السلام","Privé"
16,"Alger",1651,"اولاد فايت (OULED FAYET)",16231035,"إبتدائية  الحوار","Privé"
16,"Alger",1651,"اولاد فايت (OULED FAYET)",16231037,"إبتدائية  11 ديسمبر","Privé"
16,"Alger",1651,"اولاد فايت (OULED FAYET)",16281014,"إبتدائية  م خ سيبال حيدرة","Privé"
16,"Alger",1651,"اولاد فايت (OULED FAYET)",16361021,"إبتدائية  م خ أشبال متيجة","Privé"
16,"Alger",1651,"اولاد فايت (OULED FAYET)",16441026,"إبتدائية  م خ ماري كوري","Privé"
16,"Alger",1651,"اولاد فايت (OULED FAYET)",16441028,"إبتدائية  م ت ت خ سلياد","Privé"
16,"Alger",1651,"اولاد فايت (OULED FAYET)",16451017,"إبتدائية  م ت ت خ زرماني","Privé"
16,"Alger",1651,"اولاد فايت (OULED FAYET)",16461032,"إبتدائية  م ت ت خ رواد التربية","Privé"
16,"Alger",1651,"اولاد فايت (OULED FAYET)",16471012,"إبتدائية  م خ نيوتن","Privé"
16,"Alger",1651,"اولاد فايت (OULED FAYET)",16471013,"إبتدائية  م خ المتنبي","Privé"
16,"Alger",1651,"اولاد فايت (OULED FAYET)",16471014,"إبتدائية  م خ الوصيل","Privé"
16,"Alger",1651,"اولاد فايت (OULED FAYET)",16471015,"إبتدائية  م خ الرائدة","Privé"
16,"Alger",1651,"اولاد فايت (OULED FAYET)",16471019,"إبتدائية  م خ أشعة المعرفة","Privé"
16,"Alger",1651,"اولاد فايت (OULED FAYET)",16471025,"إبتدائية  م خ مليسا مريم ميوزوتيس","Privé"
16,"Alger",1651,"اولاد فايت (OULED FAYET)",16471028,"إبتدائية  م ت ت خ جنراسيون إليت","Privé"
16,"Alger",1651,"اولاد فايت (OULED FAYET)",16471030,"إبتدائية  لي لوريا","Privé"
16,"Alger",1651,"اولاد فايت (OULED FAYET)",16471035,"إبتدائية  سيبلكنزنا للتربية والتعليم","Privé"
16,"Alger",1651,"اولاد فايت (OULED FAYET)",16481041,"إبتدائية  المجمع المدرسي أشبال رزيق","Privé"
16,"Alger",1651,"اولاد فايت (OULED FAYET)",16481048,"إبتدائية  البشير الإبراهيمي","Privé"
16,"Alger",1651,"اولاد فايت (OULED FAYET)",16491024,"إبتدائية  م خ الطريق الصحيح","Privé"
16,"Alger",1651,"اولاد فايت (OULED FAYET)",16491033,"إبتدائية  م خ المجمع المدرسي الأفق الجديد","Privé"
16,"Alger",1651,"اولاد فايت (OULED FAYET)",16491034,"إبتدائية  م خ  لاشندال","Privé"
16,"Alger",1651,"اولاد فايت (OULED FAYET)",16491039,"إبتدائية  م ت ت خ السبالة","Privé"
16,"Alger",1651,"اولاد فايت (OULED FAYET)",16491042,"إبتدائية  لاشونس بورتوس","Privé"
16,"Alger",1651,"اولاد فايت (OULED FAYET)",16491043,"إبتدائية  م ت ت خ منبع المعرفة","Privé"
16,"Alger",1651,"اولاد فايت (OULED FAYET)",16491044,"إبتدائية  م ت ت خ لافوازي","Privé"
16,"Alger",1651,"اولاد فايت (OULED FAYET)",16491046,"إبتدائية  سيتادال الأكاديمي","Privé"
16,"Alger",1651,"اولاد فايت (OULED FAYET)",16511012,"إبتدائية  م خ الممتاز","Privé"
16,"Alger",1651,"اولاد فايت (OULED FAYET)",16511013,"إبتدائية  م خ السعيد صالحي","Privé"
16,"Alger",1651,"اولاد فايت (OULED FAYET)",16511014,"إبتدائية  م ت ت خ التحدي","Privé"
16,"Alger",1651,"اولاد فايت (OULED FAYET)",16511015,"إبتدائية  م خ بصمة الملائكة","Privé"
16,"Alger",1651,"اولاد فايت (OULED FAYET)",16511017,"إبتدائية  م خ عزابن سكول","Privé"
16,"Alger",1651,"اولاد فايت (OULED FAYET)",16511018,"إبتدائية  م خ حبر و الوان","Privé"
16,"Alger",1651,"اولاد فايت (OULED FAYET)",16511019,"إبتدائية  م خ أجيال المستقبل","Privé"
16,"Alger",1651,"اولاد فايت (OULED FAYET)",16511020,"إبتدائية  م خ عماد الريان","Privé"
16,"Alger",1651,"اولاد فايت (OULED FAYET)",16511030,"إبتدائية  م ت ت خ الفايت سكول","Privé"
16,"Alger",1651,"اولاد فايت (OULED FAYET)",16511031,"إبتدائية  لاس أن سيناس سكول","Privé"
16,"Alger",1651,"اولاد فايت (OULED FAYET)",16511033,"إبتدائية  ساني لاند","Privé"
16,"Alger",1651,"اولاد فايت (OULED FAYET)",16511034,"إبتدائية  نجوم الجزائر","Privé"
16,"Alger",1651,"اولاد فايت (OULED FAYET)",16511035,"إبتدائية  بصمة التحدي","Privé"
16,"Alger",1651,"اولاد فايت (OULED FAYET)",16521043,"إبتدائية  م خ جودة التعليم","Privé"
16,"Alger",1651,"اولاد فايت (OULED FAYET)",16521045,"إبتدائية  م ت ت خ نوارة العلم و المعرفة","Privé"
16,"Alger",1651,"اولاد فايت (OULED FAYET)",16521051,"إبتدائية  فانتازيا واست","Privé"
16,"Alger",1651,"اولاد فايت (OULED FAYET)",16521052,"إبتدائية  أمل صادق","Privé"
16,"Alger",1651,"اولاد فايت (OULED FAYET)",16521056,"إبتدائية  سبل النجاح","Privé"
16,"Alger",1651,"اولاد فايت (OULED FAYET)",16521057,"إبتدائية  بصمتي للعلوم","Privé"
16,"Alger",1651,"اولاد فايت (OULED FAYET)",16541011,"إبتدائية  م خ الاجيال الاعدادية","Privé"
16,"Alger",1651,"اولاد فايت (OULED FAYET)",16541013,"إبتدائية  م خ المجمع المدرسي المرام","Privé"
16,"Alger",1651,"اولاد فايت (OULED FAYET)",16541016,"إبتدائية  م خ في بلاد قوس  قزح","Privé"
16,"Alger",1651,"اولاد فايت (OULED FAYET)",16541025,"إبتدائية  قلمي","Privé"
16,"Alger",1651,"اولاد فايت (OULED FAYET)",16551019,"إبتدائية  م ت ت خ ملتقى العلوم و التكنولوجيا","Privé"
16,"Alger",1651,"اولاد فايت (OULED FAYET)",16561017,"إبتدائية  م خ الاستقبال","Privé"
16,"Alger",1651,"اولاد فايت (OULED FAYET)",16571018,"إبتدائية  م ت ت خ ك.سلمى","Privé"
16,"Alger",1652,"الشراقة (CHERAGA)",16091019,"إبتدائية  م خ الزينيث","Privé"
16,"Alger",1652,"الشراقة (CHERAGA)",16091021,"إبتدائية  م خ الجزائر مستقبل","Privé"
16,"Alger",1652,"الشراقة (CHERAGA)",16091028,"إبتدائية  الأوراس","Privé"
16,"Alger",1652,"الشراقة (CHERAGA)",16121027,"إبتدائية  م خ النجاح بئر خادم","Privé"
16,"Alger",1652,"الشراقة (CHERAGA)",16121053,"إبتدائية  م ت ت خ فرسان الحكمة","Privé"
16,"Alger",1652,"الشراقة (CHERAGA)",16231022,"إبتدائية  م خ السلام","Privé"
16,"Alger",1652,"الشراقة (CHERAGA)",16231035,"إبتدائية  الحوار","Privé"
16,"Alger",1652,"الشراقة (CHERAGA)",16231037,"إبتدائية  11 ديسمبر","Privé"
16,"Alger",1652,"الشراقة (CHERAGA)",16281014,"إبتدائية  م خ سيبال حيدرة","Privé"
16,"Alger",1652,"الشراقة (CHERAGA)",16361021,"إبتدائية  م خ أشبال متيجة","Privé"
16,"Alger",1652,"الشراقة (CHERAGA)",16361022,"إبتدائية  م خ مقعد  الطموح","Privé"
16,"Alger",1652,"الشراقة (CHERAGA)",16441026,"إبتدائية  م خ ماري كوري","Privé"
16,"Alger",1652,"الشراقة (CHERAGA)",16441028,"إبتدائية  م ت ت خ سلياد","Privé"
16,"Alger",1652,"الشراقة (CHERAGA)",16441029,"إبتدائية  م ت ت خ المركب المدرسي الاستكمال","Privé"
16,"Alger",1652,"الشراقة (CHERAGA)",16451017,"إبتدائية  م ت ت خ زرماني","Privé"
16,"Alger",1652,"الشراقة (CHERAGA)",16461032,"إبتدائية  م ت ت خ رواد التربية","Privé"
16,"Alger",1652,"الشراقة (CHERAGA)",16471012,"إبتدائية  م خ نيوتن","Privé"
16,"Alger",1652,"الشراقة (CHERAGA)",16471014,"إبتدائية  م خ الوصيل","Privé"
16,"Alger",1652,"الشراقة (CHERAGA)",16471015,"إبتدائية  م خ الرائدة","Privé"
16,"Alger",1652,"الشراقة (CHERAGA)",16471019,"إبتدائية  م خ أشعة المعرفة","Privé"
16,"Alger",1652,"الشراقة (CHERAGA)",16471025,"إبتدائية  م خ مليسا مريم ميوزوتيس","Privé"
16,"Alger",1652,"الشراقة (CHERAGA)",16471030,"إبتدائية  لي لوريا","Privé"
16,"Alger",1652,"الشراقة (CHERAGA)",16471035,"إبتدائية  سيبلكنزنا للتربية والتعليم","Privé"
16,"Alger",1652,"الشراقة (CHERAGA)",16481041,"إبتدائية  المجمع المدرسي أشبال رزيق","Privé"
16,"Alger",1652,"الشراقة (CHERAGA)",16481048,"إبتدائية  البشير الإبراهيمي","Privé"
16,"Alger",1652,"الشراقة (CHERAGA)",16491024,"إبتدائية  م خ الطريق الصحيح","Privé"
16,"Alger",1652,"الشراقة (CHERAGA)",16491033,"إبتدائية  م خ المجمع المدرسي الأفق الجديد","Privé"
16,"Alger",1652,"الشراقة (CHERAGA)",16491034,"إبتدائية  م خ  لاشندال","Privé"
16,"Alger",1652,"الشراقة (CHERAGA)",16491039,"إبتدائية  م ت ت خ السبالة","Privé"
16,"Alger",1652,"الشراقة (CHERAGA)",16491042,"إبتدائية  لاشونس بورتوس","Privé"
16,"Alger",1652,"الشراقة (CHERAGA)",16491044,"إبتدائية  م ت ت خ لافوازي","Privé"
16,"Alger",1652,"الشراقة (CHERAGA)",16511012,"إبتدائية  م خ الممتاز","Privé"
16,"Alger",1652,"الشراقة (CHERAGA)",16511017,"إبتدائية  م خ عزابن سكول","Privé"
16,"Alger",1652,"الشراقة (CHERAGA)",16511030,"إبتدائية  م ت ت خ الفايت سكول","Privé"
16,"Alger",1652,"الشراقة (CHERAGA)",16511031,"إبتدائية  لاس أن سيناس سكول","Privé"
16,"Alger",1652,"الشراقة (CHERAGA)",16511035,"إبتدائية  بصمة التحدي","Privé"
16,"Alger",1652,"الشراقة (CHERAGA)",16521028,"إبتدائية  م خ النيل","Privé"
16,"Alger",1652,"الشراقة (CHERAGA)",16521029,"إبتدائية  م خ رشا","Privé"
16,"Alger",1652,"الشراقة (CHERAGA)",16521030,"إبتدائية  م خ حسناء","Privé"
16,"Alger",1652,"الشراقة (CHERAGA)",16521031,"إبتدائية  م خ الاطلس الكبير","Privé"
16,"Alger",1652,"الشراقة (CHERAGA)",16521032,"إبتدائية  م خ دوبل انفينتي","Privé"
16,"Alger",1652,"الشراقة (CHERAGA)",16521033,"إبتدائية  م خ دروس الشمس","Privé"
16,"Alger",1652,"الشراقة (CHERAGA)",16521034,"إبتدائية  م خ اليقظة","Privé"
16,"Alger",1652,"الشراقة (CHERAGA)",16521035,"إبتدائية  م خ الاوركيدي","Privé"
16,"Alger",1652,"الشراقة (CHERAGA)",16521036,"إبتدائية  م خ تاج العلوم","Privé"
16,"Alger",1652,"الشراقة (CHERAGA)",16521037,"إبتدائية  م خ جنة الانس","Privé"
16,"Alger",1652,"الشراقة (CHERAGA)",16521038,"إبتدائية  م خ جنة هند","Privé"
16,"Alger",1652,"الشراقة (CHERAGA)",16521039,"إبتدائية  م خ ليقليسين الشراقة","Privé"
16,"Alger",1652,"الشراقة (CHERAGA)",16521040,"إبتدائية  م خ علوم و آداب","Privé"
16,"Alger",1652,"الشراقة (CHERAGA)",16521041,"إبتدائية  م خ لا ماجورال","Privé"
16,"Alger",1652,"الشراقة (CHERAGA)",16521042,"إبتدائية  م ت ت خ أفضل التطلعات","Privé"
16,"Alger",1652,"الشراقة (CHERAGA)",16521043,"إبتدائية  م خ جودة التعليم","Privé"
16,"Alger",1652,"الشراقة (CHERAGA)",16521044,"إبتدائية  م ت ت خ الاتقان العلمي","Privé"
16,"Alger",1652,"الشراقة (CHERAGA)",16521045,"إبتدائية  م ت ت خ نوارة العلم و المعرفة","Privé"
16,"Alger",1652,"الشراقة (CHERAGA)",16521046,"إبتدائية  م ت ت خ أنيس وملاك","Privé"
16,"Alger",1652,"الشراقة (CHERAGA)",16521047,"إبتدائية  م ت ت خ الكوكبة","Privé"
16,"Alger",1652,"الشراقة (CHERAGA)",16521048,"إبتدائية  الأمجاد","Privé"
16,"Alger",1652,"الشراقة (CHERAGA)",16521049,"إبتدائية  نسمة فراح","Privé"
16,"Alger",1652,"الشراقة (CHERAGA)",16521050,"إبتدائية  وعيل للتمييز","Privé"
16,"Alger",1652,"الشراقة (CHERAGA)",16521051,"إبتدائية  فانتازيا واست","Privé"
16,"Alger",1652,"الشراقة (CHERAGA)",16521052,"إبتدائية  أمل صادق","Privé"
16,"Alger",1652,"الشراقة (CHERAGA)",16521053,"إبتدائية  إسحاق سكول","Privé"
16,"Alger",1652,"الشراقة (CHERAGA)",16521054,"إبتدائية  أرشيماد الجديدة","Privé"
16,"Alger",1652,"الشراقة (CHERAGA)",16521055,"إبتدائية  زنيت سكول","Privé"
16,"Alger",1652,"الشراقة (CHERAGA)",16521056,"إبتدائية  سبل النجاح","Privé"
16,"Alger",1652,"الشراقة (CHERAGA)",16521057,"إبتدائية  بصمتي للعلوم","Privé"
16,"Alger",1652,"الشراقة (CHERAGA)",16541011,"إبتدائية  م خ الاجيال الاعدادية","Privé"
16,"Alger",1652,"الشراقة (CHERAGA)",16541013,"إبتدائية  م خ المجمع المدرسي المرام","Privé"
16,"Alger",1652,"الشراقة (CHERAGA)",16541016,"إبتدائية  م خ في بلاد قوس  قزح","Privé"
16,"Alger",1652,"الشراقة (CHERAGA)",16541025,"إبتدائية  قلمي","Privé"
16,"Alger",1652,"الشراقة (CHERAGA)",16551019,"إبتدائية  م ت ت خ ملتقى العلوم و التكنولوجيا","Privé"
16,"Alger",1652,"الشراقة (CHERAGA)",16571018,"إبتدائية  م ت ت خ ك.سلمى","Privé"
16,"Alger",1653,"سطاوالي (STAOUELI)",16091019,"إبتدائية  م خ الزينيث","Privé"
16,"Alger",1653,"سطاوالي (STAOUELI)",16091021,"إبتدائية  م خ الجزائر مستقبل","Privé"
16,"Alger",1653,"سطاوالي (STAOUELI)",16091028,"إبتدائية  الأوراس","Privé"
16,"Alger",1653,"سطاوالي (STAOUELI)",16121027,"إبتدائية  م خ النجاح بئر خادم","Privé"
16,"Alger",1653,"سطاوالي (STAOUELI)",16121032,"إبتدائية  م خ النور للتلميذ","Privé"
16,"Alger",1653,"سطاوالي (STAOUELI)",16121053,"إبتدائية  م ت ت خ فرسان الحكمة","Privé"
16,"Alger",1653,"سطاوالي (STAOUELI)",16231022,"إبتدائية  م خ السلام","Privé"
16,"Alger",1653,"سطاوالي (STAOUELI)",16281014,"إبتدائية  م خ سيبال حيدرة","Privé"
16,"Alger",1653,"سطاوالي (STAOUELI)",16361021,"إبتدائية  م خ أشبال متيجة","Privé"
16,"Alger",1653,"سطاوالي (STAOUELI)",16441024,"إبتدائية  م خ المستقبل","Privé"
16,"Alger",1653,"سطاوالي (STAOUELI)",16441026,"إبتدائية  م خ ماري كوري","Privé"
16,"Alger",1653,"سطاوالي (STAOUELI)",16441028,"إبتدائية  م ت ت خ سلياد","Privé"
16,"Alger",1653,"سطاوالي (STAOUELI)",16441029,"إبتدائية  م ت ت خ المركب المدرسي الاستكمال","Privé"
16,"Alger",1653,"سطاوالي (STAOUELI)",16451017,"إبتدائية  م ت ت خ زرماني","Privé"
16,"Alger",1653,"سطاوالي (STAOUELI)",16461032,"إبتدائية  م ت ت خ رواد التربية","Privé"
16,"Alger",1653,"سطاوالي (STAOUELI)",16471012,"إبتدائية  م خ نيوتن","Privé"
16,"Alger",1653,"سطاوالي (STAOUELI)",16471014,"إبتدائية  م خ الوصيل","Privé"
16,"Alger",1653,"سطاوالي (STAOUELI)",16471015,"إبتدائية  م خ الرائدة","Privé"
16,"Alger",1653,"سطاوالي (STAOUELI)",16471025,"إبتدائية  م خ مليسا مريم ميوزوتيس","Privé"
16,"Alger",1653,"سطاوالي (STAOUELI)",16471030,"إبتدائية  لي لوريا","Privé"
16,"Alger",1653,"سطاوالي (STAOUELI)",16471035,"إبتدائية  سيبلكنزنا للتربية والتعليم","Privé"
16,"Alger",1653,"سطاوالي (STAOUELI)",16481041,"إبتدائية  المجمع المدرسي أشبال رزيق","Privé"
16,"Alger",1653,"سطاوالي (STAOUELI)",16481048,"إبتدائية  البشير الإبراهيمي","Privé"
16,"Alger",1653,"سطاوالي (STAOUELI)",16491024,"إبتدائية  م خ الطريق الصحيح","Privé"
16,"Alger",1653,"سطاوالي (STAOUELI)",16491033,"إبتدائية  م خ المجمع المدرسي الأفق الجديد","Privé"
16,"Alger",1653,"سطاوالي (STAOUELI)",16491034,"إبتدائية  م خ  لاشندال","Privé"
16,"Alger",1653,"سطاوالي (STAOUELI)",16491039,"إبتدائية  م ت ت خ السبالة","Privé"
16,"Alger",1653,"سطاوالي (STAOUELI)",16491042,"إبتدائية  لاشونس بورتوس","Privé"
16,"Alger",1653,"سطاوالي (STAOUELI)",16491044,"إبتدائية  م ت ت خ لافوازي","Privé"
16,"Alger",1653,"سطاوالي (STAOUELI)",16511012,"إبتدائية  م خ الممتاز","Privé"
16,"Alger",1653,"سطاوالي (STAOUELI)",16511030,"إبتدائية  م ت ت خ الفايت سكول","Privé"
16,"Alger",1653,"سطاوالي (STAOUELI)",16511035,"إبتدائية  بصمة التحدي","Privé"
16,"Alger",1653,"سطاوالي (STAOUELI)",16521043,"إبتدائية  م خ جودة التعليم","Privé"
16,"Alger",1653,"سطاوالي (STAOUELI)",16521045,"إبتدائية  م ت ت خ نوارة العلم و المعرفة","Privé"
16,"Alger",1653,"سطاوالي (STAOUELI)",16521051,"إبتدائية  فانتازيا واست","Privé"
16,"Alger",1653,"سطاوالي (STAOUELI)",16521052,"إبتدائية  أمل صادق","Privé"
16,"Alger",1653,"سطاوالي (STAOUELI)",16521056,"إبتدائية  سبل النجاح","Privé"
16,"Alger",1653,"سطاوالي (STAOUELI)",16521057,"إبتدائية  بصمتي للعلوم","Privé"
16,"Alger",1653,"سطاوالي (STAOUELI)",16531017,"إبتدائية  م خ بن طوبال عبد الله","Privé"
16,"Alger",1653,"سطاوالي (STAOUELI)",16531018,"إبتدائية  م خ صبرينة رسطان","Privé"
16,"Alger",1653,"سطاوالي (STAOUELI)",16531019,"إبتدائية  م ت ت خ أذكياء ميموزى","Privé"
16,"Alger",1653,"سطاوالي (STAOUELI)",16541011,"إبتدائية  م خ الاجيال الاعدادية","Privé"
16,"Alger",1653,"سطاوالي (STAOUELI)",16541013,"إبتدائية  م خ المجمع المدرسي المرام","Privé"
16,"Alger",1653,"سطاوالي (STAOUELI)",16541016,"إبتدائية  م خ في بلاد قوس  قزح","Privé"
16,"Alger",1653,"سطاوالي (STAOUELI)",16541025,"إبتدائية  قلمي","Privé"
16,"Alger",1653,"سطاوالي (STAOUELI)",16551019,"إبتدائية  م ت ت خ ملتقى العلوم و التكنولوجيا","Privé"
16,"Alger",1653,"سطاوالي (STAOUELI)",16571018,"إبتدائية  م ت ت خ ك.سلمى","Privé"
16,"Alger",1654,"العاشور (EL ACHOUR)",16091019,"إبتدائية  م خ الزينيث","Privé"
16,"Alger",1654,"العاشور (EL ACHOUR)",16091021,"إبتدائية  م خ الجزائر مستقبل","Privé"
16,"Alger",1654,"العاشور (EL ACHOUR)",16091028,"إبتدائية  الأوراس","Privé"
16,"Alger",1654,"العاشور (EL ACHOUR)",16121027,"إبتدائية  م خ النجاح بئر خادم","Privé"
16,"Alger",1654,"العاشور (EL ACHOUR)",16121053,"إبتدائية  م ت ت خ فرسان الحكمة","Privé"
16,"Alger",1654,"العاشور (EL ACHOUR)",16231022,"إبتدائية  م خ السلام","Privé"
16,"Alger",1654,"العاشور (EL ACHOUR)",16231035,"إبتدائية  الحوار","Privé"
16,"Alger",1654,"العاشور (EL ACHOUR)",16231037,"إبتدائية  11 ديسمبر","Privé"
16,"Alger",1654,"العاشور (EL ACHOUR)",16281014,"إبتدائية  م خ سيبال حيدرة","Privé"
16,"Alger",1654,"العاشور (EL ACHOUR)",16361021,"إبتدائية  م خ أشبال متيجة","Privé"
16,"Alger",1654,"العاشور (EL ACHOUR)",16441028,"إبتدائية  م ت ت خ سلياد","Privé"
16,"Alger",1654,"العاشور (EL ACHOUR)",16451017,"إبتدائية  م ت ت خ زرماني","Privé"
16,"Alger",1654,"العاشور (EL ACHOUR)",16461032,"إبتدائية  م ت ت خ رواد التربية","Privé"
16,"Alger",1654,"العاشور (EL ACHOUR)",16471012,"إبتدائية  م خ نيوتن","Privé"
16,"Alger",1654,"العاشور (EL ACHOUR)",16471013,"إبتدائية  م خ المتنبي","Privé"
16,"Alger",1654,"العاشور (EL ACHOUR)",16471014,"إبتدائية  م خ الوصيل","Privé"
16,"Alger",1654,"العاشور (EL ACHOUR)",16471015,"إبتدائية  م خ الرائدة","Privé"
16,"Alger",1654,"العاشور (EL ACHOUR)",16471019,"إبتدائية  م خ أشعة المعرفة","Privé"
16,"Alger",1654,"العاشور (EL ACHOUR)",16471025,"إبتدائية  م خ مليسا مريم ميوزوتيس","Privé"
16,"Alger",1654,"العاشور (EL ACHOUR)",16471028,"إبتدائية  م ت ت خ جنراسيون إليت","Privé"
16,"Alger",1654,"العاشور (EL ACHOUR)",16471030,"إبتدائية  لي لوريا","Privé"
16,"Alger",1654,"العاشور (EL ACHOUR)",16471035,"إبتدائية  سيبلكنزنا للتربية والتعليم","Privé"
16,"Alger",1654,"العاشور (EL ACHOUR)",16481041,"إبتدائية  المجمع المدرسي أشبال رزيق","Privé"
16,"Alger",1654,"العاشور (EL ACHOUR)",16481048,"إبتدائية  البشير الإبراهيمي","Privé"
16,"Alger",1654,"العاشور (EL ACHOUR)",16491022,"إبتدائية  م خ أحسن الأجيال","Privé"
16,"Alger",1654,"العاشور (EL ACHOUR)",16491024,"إبتدائية  م خ الطريق الصحيح","Privé"
16,"Alger",1654,"العاشور (EL ACHOUR)",16491029,"إبتدائية  م خ الساحة","Privé"
16,"Alger",1654,"العاشور (EL ACHOUR)",16491033,"إبتدائية  م خ المجمع المدرسي الأفق الجديد","Privé"
16,"Alger",1654,"العاشور (EL ACHOUR)",16491034,"إبتدائية  م خ  لاشندال","Privé"
16,"Alger",1654,"العاشور (EL ACHOUR)",16491038,"إبتدائية  م ت ت خ سندس سكول","Privé"
16,"Alger",1654,"العاشور (EL ACHOUR)",16491039,"إبتدائية  م ت ت خ السبالة","Privé"
16,"Alger",1654,"العاشور (EL ACHOUR)",16491042,"إبتدائية  لاشونس بورتوس","Privé"
16,"Alger",1654,"العاشور (EL ACHOUR)",16491043,"إبتدائية  م ت ت خ منبع المعرفة","Privé"
16,"Alger",1654,"العاشور (EL ACHOUR)",16491044,"إبتدائية  م ت ت خ لافوازي","Privé"
16,"Alger",1654,"العاشور (EL ACHOUR)",16491046,"إبتدائية  سيتادال الأكاديمي","Privé"
16,"Alger",1654,"العاشور (EL ACHOUR)",16511012,"إبتدائية  م خ الممتاز","Privé"
16,"Alger",1654,"العاشور (EL ACHOUR)",16511035,"إبتدائية  بصمة التحدي","Privé"
16,"Alger",1654,"العاشور (EL ACHOUR)",16521043,"إبتدائية  م خ جودة التعليم","Privé"
16,"Alger",1654,"العاشور (EL ACHOUR)",16521045,"إبتدائية  م ت ت خ نوارة العلم و المعرفة","Privé"
16,"Alger",1654,"العاشور (EL ACHOUR)",16521051,"إبتدائية  فانتازيا واست","Privé"
16,"Alger",1654,"العاشور (EL ACHOUR)",16521052,"إبتدائية  أمل صادق","Privé"
16,"Alger",1654,"العاشور (EL ACHOUR)",16521056,"إبتدائية  سبل النجاح","Privé"
16,"Alger",1654,"العاشور (EL ACHOUR)",16521057,"إبتدائية  بصمتي للعلوم","Privé"
16,"Alger",1654,"العاشور (EL ACHOUR)",16541010,"إبتدائية  م خ لاصوربينا","Privé"
16,"Alger",1654,"العاشور (EL ACHOUR)",16541011,"إبتدائية  م خ الاجيال الاعدادية","Privé"
16,"Alger",1654,"العاشور (EL ACHOUR)",16541012,"إبتدائية  م خ المنارة الكبرى","Privé"
16,"Alger",1654,"العاشور (EL ACHOUR)",16541013,"إبتدائية  م خ المجمع المدرسي المرام","Privé"
16,"Alger",1654,"العاشور (EL ACHOUR)",16541014,"إبتدائية  م خ سندبـــــال","Privé"
16,"Alger",1654,"العاشور (EL ACHOUR)",16541015,"إبتدائية  م خ النجاح العاشور","Privé"
16,"Alger",1654,"العاشور (EL ACHOUR)",16541016,"إبتدائية  م خ في بلاد قوس  قزح","Privé"
16,"Alger",1654,"العاشور (EL ACHOUR)",16541017,"إبتدائية  م خ الأمـــل","Privé"
16,"Alger",1654,"العاشور (EL ACHOUR)",16541018,"إبتدائية  م خ الأميــــــرة","Privé"
16,"Alger",1654,"العاشور (EL ACHOUR)",16541019,"إبتدائية  م خ بوضياف","Privé"
16,"Alger",1654,"العاشور (EL ACHOUR)",16541020,"إبتدائية  م خ مداد","Privé"
16,"Alger",1654,"العاشور (EL ACHOUR)",16541022,"إبتدائية  م ت ت خ الإبانة","Privé"
16,"Alger",1654,"العاشور (EL ACHOUR)",16541023,"إبتدائية  النبرة سكول","Privé"
16,"Alger",1654,"العاشور (EL ACHOUR)",16541024,"إبتدائية  لوبوان كاري","Privé"
16,"Alger",1654,"العاشور (EL ACHOUR)",16541025,"إبتدائية  قلمي","Privé"
16,"Alger",1654,"العاشور (EL ACHOUR)",16551019,"إبتدائية  م ت ت خ ملتقى العلوم و التكنولوجيا","Privé"
16,"Alger",1655,"سويدانية (SOUIDANIA)",16091019,"إبتدائية  م خ الزينيث","Privé"
16,"Alger",1655,"سويدانية (SOUIDANIA)",16091021,"إبتدائية  م خ الجزائر مستقبل","Privé"
16,"Alger",1655,"سويدانية (SOUIDANIA)",16091028,"إبتدائية  الأوراس","Privé"
16,"Alger",1655,"سويدانية (SOUIDANIA)",16121027,"إبتدائية  م خ النجاح بئر خادم","Privé"
16,"Alger",1655,"سويدانية (SOUIDANIA)",16121053,"إبتدائية  م ت ت خ فرسان الحكمة","Privé"
16,"Alger",1655,"سويدانية (SOUIDANIA)",16231022,"إبتدائية  م خ السلام","Privé"
16,"Alger",1655,"سويدانية (SOUIDANIA)",16281014,"إبتدائية  م خ سيبال حيدرة","Privé"
16,"Alger",1655,"سويدانية (SOUIDANIA)",16361021,"إبتدائية  م خ أشبال متيجة","Privé"
16,"Alger",1655,"سويدانية (SOUIDANIA)",16441026,"إبتدائية  م خ ماري كوري","Privé"
16,"Alger",1655,"سويدانية (SOUIDANIA)",16441028,"إبتدائية  م ت ت خ سلياد","Privé"
16,"Alger",1655,"سويدانية (SOUIDANIA)",16451017,"إبتدائية  م ت ت خ زرماني","Privé"
16,"Alger",1655,"سويدانية (SOUIDANIA)",16461032,"إبتدائية  م ت ت خ رواد التربية","Privé"
16,"Alger",1655,"سويدانية (SOUIDANIA)",16471012,"إبتدائية  م خ نيوتن","Privé"
16,"Alger",1655,"سويدانية (SOUIDANIA)",16471014,"إبتدائية  م خ الوصيل","Privé"
16,"Alger",1655,"سويدانية (SOUIDANIA)",16471015,"إبتدائية  م خ الرائدة","Privé"
16,"Alger",1655,"سويدانية (SOUIDANIA)",16471019,"إبتدائية  م خ أشعة المعرفة","Privé"
16,"Alger",1655,"سويدانية (SOUIDANIA)",16471025,"إبتدائية  م خ مليسا مريم ميوزوتيس","Privé"
16,"Alger",1655,"سويدانية (SOUIDANIA)",16471028,"إبتدائية  م ت ت خ جنراسيون إليت","Privé"
16,"Alger",1655,"سويدانية (SOUIDANIA)",16471030,"إبتدائية  لي لوريا","Privé"
16,"Alger",1655,"سويدانية (SOUIDANIA)",16471035,"إبتدائية  سيبلكنزنا للتربية والتعليم","Privé"
16,"Alger",1655,"سويدانية (SOUIDANIA)",16481029,"إبتدائية  م خ العالم الجديد","Privé"
16,"Alger",1655,"سويدانية (SOUIDANIA)",16481041,"إبتدائية  المجمع المدرسي أشبال رزيق","Privé"
16,"Alger",1655,"سويدانية (SOUIDANIA)",16481048,"إبتدائية  البشير الإبراهيمي","Privé"
16,"Alger",1655,"سويدانية (SOUIDANIA)",16491024,"إبتدائية  م خ الطريق الصحيح","Privé"
16,"Alger",1655,"سويدانية (SOUIDANIA)",16491033,"إبتدائية  م خ المجمع المدرسي الأفق الجديد","Privé"
16,"Alger",1655,"سويدانية (SOUIDANIA)",16491034,"إبتدائية  م خ  لاشندال","Privé"
16,"Alger",1655,"سويدانية (SOUIDANIA)",16491039,"إبتدائية  م ت ت خ السبالة","Privé"
16,"Alger",1655,"سويدانية (SOUIDANIA)",16491042,"إبتدائية  لاشونس بورتوس","Privé"
16,"Alger",1655,"سويدانية (SOUIDANIA)",16491044,"إبتدائية  م ت ت خ لافوازي","Privé"
16,"Alger",1655,"سويدانية (SOUIDANIA)",16491046,"إبتدائية  سيتادال الأكاديمي","Privé"
16,"Alger",1655,"سويدانية (SOUIDANIA)",16511012,"إبتدائية  م خ الممتاز","Privé"
16,"Alger",1655,"سويدانية (SOUIDANIA)",16511017,"إبتدائية  م خ عزابن سكول","Privé"
16,"Alger",1655,"سويدانية (SOUIDANIA)",16511030,"إبتدائية  م ت ت خ الفايت سكول","Privé"
16,"Alger",1655,"سويدانية (SOUIDANIA)",16511031,"إبتدائية  لاس أن سيناس سكول","Privé"
16,"Alger",1655,"سويدانية (SOUIDANIA)",16511035,"إبتدائية  بصمة التحدي","Privé"
16,"Alger",1655,"سويدانية (SOUIDANIA)",16521043,"إبتدائية  م خ جودة التعليم","Privé"
16,"Alger",1655,"سويدانية (SOUIDANIA)",16521045,"إبتدائية  م ت ت خ نوارة العلم و المعرفة","Privé"
16,"Alger",1655,"سويدانية (SOUIDANIA)",16521051,"إبتدائية  فانتازيا واست","Privé"
16,"Alger",1655,"سويدانية (SOUIDANIA)",16521052,"إبتدائية  أمل صادق","Privé"
16,"Alger",1655,"سويدانية (SOUIDANIA)",16521056,"إبتدائية  سبل النجاح","Privé"
16,"Alger",1655,"سويدانية (SOUIDANIA)",16521057,"إبتدائية  بصمتي للعلوم","Privé"
16,"Alger",1655,"سويدانية (SOUIDANIA)",16541011,"إبتدائية  م خ الاجيال الاعدادية","Privé"
16,"Alger",1655,"سويدانية (SOUIDANIA)",16541013,"إبتدائية  م خ المجمع المدرسي المرام","Privé"
16,"Alger",1655,"سويدانية (SOUIDANIA)",16541016,"إبتدائية  م خ في بلاد قوس  قزح","Privé"
16,"Alger",1655,"سويدانية (SOUIDANIA)",16541025,"إبتدائية  قلمي","Privé"
16,"Alger",1655,"سويدانية (SOUIDANIA)",16551013,"إبتدائية  م ت ت خ مستقبل ييتهان","Privé"
16,"Alger",1655,"سويدانية (SOUIDANIA)",16551019,"إبتدائية  م ت ت خ ملتقى العلوم و التكنولوجيا","Privé"
16,"Alger",1656,"الخرايسية (KHRAISSIA)",16091019,"إبتدائية  م خ الزينيث","Privé"
16,"Alger",1656,"الخرايسية (KHRAISSIA)",16091021,"إبتدائية  م خ الجزائر مستقبل","Privé"
16,"Alger",1656,"الخرايسية (KHRAISSIA)",16091028,"إبتدائية  الأوراس","Privé"
16,"Alger",1656,"الخرايسية (KHRAISSIA)",16121027,"إبتدائية  م خ النجاح بئر خادم","Privé"
16,"Alger",1656,"الخرايسية (KHRAISSIA)",16121032,"إبتدائية  م خ النور للتلميذ","Privé"
16,"Alger",1656,"الخرايسية (KHRAISSIA)",16121053,"إبتدائية  م ت ت خ فرسان الحكمة","Privé"
16,"Alger",1656,"الخرايسية (KHRAISSIA)",16231022,"إبتدائية  م خ السلام","Privé"
16,"Alger",1656,"الخرايسية (KHRAISSIA)",16281014,"إبتدائية  م خ سيبال حيدرة","Privé"
16,"Alger",1656,"الخرايسية (KHRAISSIA)",16361021,"إبتدائية  م خ أشبال متيجة","Privé"
16,"Alger",1656,"الخرايسية (KHRAISSIA)",16361022,"إبتدائية  م خ مقعد  الطموح","Privé"
16,"Alger",1656,"الخرايسية (KHRAISSIA)",16441026,"إبتدائية  م خ ماري كوري","Privé"
16,"Alger",1656,"الخرايسية (KHRAISSIA)",16441028,"إبتدائية  م ت ت خ سلياد","Privé"
16,"Alger",1656,"الخرايسية (KHRAISSIA)",16451017,"إبتدائية  م ت ت خ زرماني","Privé"
16,"Alger",1656,"الخرايسية (KHRAISSIA)",16461032,"إبتدائية  م ت ت خ رواد التربية","Privé"
16,"Alger",1656,"الخرايسية (KHRAISSIA)",16471012,"إبتدائية  م خ نيوتن","Privé"
16,"Alger",1656,"الخرايسية (KHRAISSIA)",16471014,"إبتدائية  م خ الوصيل","Privé"
16,"Alger",1656,"الخرايسية (KHRAISSIA)",16471015,"إبتدائية  م خ الرائدة","Privé"
16,"Alger",1656,"الخرايسية (KHRAISSIA)",16471019,"إبتدائية  م خ أشعة المعرفة","Privé"
16,"Alger",1656,"الخرايسية (KHRAISSIA)",16471025,"إبتدائية  م خ مليسا مريم ميوزوتيس","Privé"
16,"Alger",1656,"الخرايسية (KHRAISSIA)",16471028,"إبتدائية  م ت ت خ جنراسيون إليت","Privé"
16,"Alger",1656,"الخرايسية (KHRAISSIA)",16471030,"إبتدائية  لي لوريا","Privé"
16,"Alger",1656,"الخرايسية (KHRAISSIA)",16471035,"إبتدائية  سيبلكنزنا للتربية والتعليم","Privé"
16,"Alger",1656,"الخرايسية (KHRAISSIA)",16481029,"إبتدائية  م خ العالم الجديد","Privé"
16,"Alger",1656,"الخرايسية (KHRAISSIA)",16481041,"إبتدائية  المجمع المدرسي أشبال رزيق","Privé"
16,"Alger",1656,"الخرايسية (KHRAISSIA)",16481048,"إبتدائية  البشير الإبراهيمي","Privé"
16,"Alger",1656,"الخرايسية (KHRAISSIA)",16491024,"إبتدائية  م خ الطريق الصحيح","Privé"
16,"Alger",1656,"الخرايسية (KHRAISSIA)",16491029,"إبتدائية  م خ الساحة","Privé"
16,"Alger",1656,"الخرايسية (KHRAISSIA)",16491033,"إبتدائية  م خ المجمع المدرسي الأفق الجديد","Privé"
16,"Alger",1656,"الخرايسية (KHRAISSIA)",16491034,"إبتدائية  م خ  لاشندال","Privé"
16,"Alger",1656,"الخرايسية (KHRAISSIA)",16491039,"إبتدائية  م ت ت خ السبالة","Privé"
16,"Alger",1656,"الخرايسية (KHRAISSIA)",16491042,"إبتدائية  لاشونس بورتوس","Privé"
16,"Alger",1656,"الخرايسية (KHRAISSIA)",16491043,"إبتدائية  م ت ت خ منبع المعرفة","Privé"
16,"Alger",1656,"الخرايسية (KHRAISSIA)",16491044,"إبتدائية  م ت ت خ لافوازي","Privé"
16,"Alger",1656,"الخرايسية (KHRAISSIA)",16491046,"إبتدائية  سيتادال الأكاديمي","Privé"
16,"Alger",1656,"الخرايسية (KHRAISSIA)",16511012,"إبتدائية  م خ الممتاز","Privé"
16,"Alger",1656,"الخرايسية (KHRAISSIA)",16511017,"إبتدائية  م خ عزابن سكول","Privé"
16,"Alger",1656,"الخرايسية (KHRAISSIA)",16511035,"إبتدائية  بصمة التحدي","Privé"
16,"Alger",1656,"الخرايسية (KHRAISSIA)",16521043,"إبتدائية  م خ جودة التعليم","Privé"
16,"Alger",1656,"الخرايسية (KHRAISSIA)",16521045,"إبتدائية  م ت ت خ نوارة العلم و المعرفة","Privé"
16,"Alger",1656,"الخرايسية (KHRAISSIA)",16521052,"إبتدائية  أمل صادق","Privé"
16,"Alger",1656,"الخرايسية (KHRAISSIA)",16521056,"إبتدائية  سبل النجاح","Privé"
16,"Alger",1656,"الخرايسية (KHRAISSIA)",16521057,"إبتدائية  بصمتي للعلوم","Privé"
16,"Alger",1656,"الخرايسية (KHRAISSIA)",16541013,"إبتدائية  م خ المجمع المدرسي المرام","Privé"
16,"Alger",1656,"الخرايسية (KHRAISSIA)",16541016,"إبتدائية  م خ في بلاد قوس  قزح","Privé"
16,"Alger",1656,"الخرايسية (KHRAISSIA)",16541025,"إبتدائية  قلمي","Privé"
16,"Alger",1656,"الخرايسية (KHRAISSIA)",16551019,"إبتدائية  م ت ت خ ملتقى العلوم و التكنولوجيا","Privé"
16,"Alger",1656,"الخرايسية (KHRAISSIA)",16561017,"إبتدائية  م خ الاستقبال","Privé"
16,"Alger",1656,"الخرايسية (KHRAISSIA)",16561018,"إبتدائية  م خ المدرسة النموذجية","Privé"
16,"Alger",1656,"الخرايسية (KHRAISSIA)",16561019,"إبتدائية  م خ أكرم للعلم و الايمان","Privé"
16,"Alger",1656,"الخرايسية (KHRAISSIA)",16561022,"إبتدائية  رفيق المستقبل","Privé"
16,"Alger",1656,"الخرايسية (KHRAISSIA)",16561023,"إبتدائية  نسيم العلا","Privé"
16,"Alger",1657,"عين بنيان (AIN BENIAN)",16091019,"إبتدائية  م خ الزينيث","Privé"
16,"Alger",1657,"عين بنيان (AIN BENIAN)",16091021,"إبتدائية  م خ الجزائر مستقبل","Privé"
16,"Alger",1657,"عين بنيان (AIN BENIAN)",16091028,"إبتدائية  الأوراس","Privé"
16,"Alger",1657,"عين بنيان (AIN BENIAN)",16121027,"إبتدائية  م خ النجاح بئر خادم","Privé"
16,"Alger",1657,"عين بنيان (AIN BENIAN)",16121032,"إبتدائية  م خ النور للتلميذ","Privé"
16,"Alger",1657,"عين بنيان (AIN BENIAN)",16121053,"إبتدائية  م ت ت خ فرسان الحكمة","Privé"
16,"Alger",1657,"عين بنيان (AIN BENIAN)",16231022,"إبتدائية  م خ السلام","Privé"
16,"Alger",1657,"عين بنيان (AIN BENIAN)",16241011,"إبتدائية  م خ الليدر","Privé"
16,"Alger",1657,"عين بنيان (AIN BENIAN)",16281014,"إبتدائية  م خ سيبال حيدرة","Privé"
16,"Alger",1657,"عين بنيان (AIN BENIAN)",16361021,"إبتدائية  م خ أشبال متيجة","Privé"
16,"Alger",1657,"عين بنيان (AIN BENIAN)",16441026,"إبتدائية  م خ ماري كوري","Privé"
16,"Alger",1657,"عين بنيان (AIN BENIAN)",16441028,"إبتدائية  م ت ت خ سلياد","Privé"
16,"Alger",1657,"عين بنيان (AIN BENIAN)",16441029,"إبتدائية  م ت ت خ المركب المدرسي الاستكمال","Privé"
16,"Alger",1657,"عين بنيان (AIN BENIAN)",16451017,"إبتدائية  م ت ت خ زرماني","Privé"
16,"Alger",1657,"عين بنيان (AIN BENIAN)",16461032,"إبتدائية  م ت ت خ رواد التربية","Privé"
16,"Alger",1657,"عين بنيان (AIN BENIAN)",16471012,"إبتدائية  م خ نيوتن","Privé"
16,"Alger",1657,"عين بنيان (AIN BENIAN)",16471014,"إبتدائية  م خ الوصيل","Privé"
16,"Alger",1657,"عين بنيان (AIN BENIAN)",16471015,"إبتدائية  م خ الرائدة","Privé"
16,"Alger",1657,"عين بنيان (AIN BENIAN)",16471025,"إبتدائية  م خ مليسا مريم ميوزوتيس","Privé"
16,"Alger",1657,"عين بنيان (AIN BENIAN)",16471030,"إبتدائية  لي لوريا","Privé"
16,"Alger",1657,"عين بنيان (AIN BENIAN)",16471035,"إبتدائية  سيبلكنزنا للتربية والتعليم","Privé"
16,"Alger",1657,"عين بنيان (AIN BENIAN)",16481048,"إبتدائية  البشير الإبراهيمي","Privé"
16,"Alger",1657,"عين بنيان (AIN BENIAN)",16491024,"إبتدائية  م خ الطريق الصحيح","Privé"
16,"Alger",1657,"عين بنيان (AIN BENIAN)",16491033,"إبتدائية  م خ المجمع المدرسي الأفق الجديد","Privé"
16,"Alger",1657,"عين بنيان (AIN BENIAN)",16491034,"إبتدائية  م خ  لاشندال","Privé"
16,"Alger",1657,"عين بنيان (AIN BENIAN)",16491039,"إبتدائية  م ت ت خ السبالة","Privé"
16,"Alger",1657,"عين بنيان (AIN BENIAN)",16491042,"إبتدائية  لاشونس بورتوس","Privé"
16,"Alger",1657,"عين بنيان (AIN BENIAN)",16491044,"إبتدائية  م ت ت خ لافوازي","Privé"
16,"Alger",1657,"عين بنيان (AIN BENIAN)",16511012,"إبتدائية  م خ الممتاز","Privé"
16,"Alger",1657,"عين بنيان (AIN BENIAN)",16511017,"إبتدائية  م خ عزابن سكول","Privé"
16,"Alger",1657,"عين بنيان (AIN BENIAN)",16511035,"إبتدائية  بصمة التحدي","Privé"
16,"Alger",1657,"عين بنيان (AIN BENIAN)",16521043,"إبتدائية  م خ جودة التعليم","Privé"
16,"Alger",1657,"عين بنيان (AIN BENIAN)",16521045,"إبتدائية  م ت ت خ نوارة العلم و المعرفة","Privé"
16,"Alger",1657,"عين بنيان (AIN BENIAN)",16521051,"إبتدائية  فانتازيا واست","Privé"
16,"Alger",1657,"عين بنيان (AIN BENIAN)",16521052,"إبتدائية  أمل صادق","Privé"
16,"Alger",1657,"عين بنيان (AIN BENIAN)",16521056,"إبتدائية  سبل النجاح","Privé"
16,"Alger",1657,"عين بنيان (AIN BENIAN)",16521057,"إبتدائية  بصمتي للعلوم","Privé"
16,"Alger",1657,"عين بنيان (AIN BENIAN)",16541016,"إبتدائية  م خ في بلاد قوس  قزح","Privé"
16,"Alger",1657,"عين بنيان (AIN BENIAN)",16541025,"إبتدائية  قلمي","Privé"
16,"Alger",1657,"عين بنيان (AIN BENIAN)",16551019,"إبتدائية  م ت ت خ ملتقى العلوم و التكنولوجيا","Privé"
16,"Alger",1657,"عين بنيان (AIN BENIAN)",16571016,"إبتدائية  م ت ت خ المستقبل الأمين","Privé"
16,"Alger",1657,"عين بنيان (AIN BENIAN)",16571018,"إبتدائية  م ت ت خ ك.سلمى","Privé"
16,"Alger",1657,"عين بنيان (AIN BENIAN)",16571028,"إبتدائية  م ت ت خ فلور دو ليس","Privé"
16,"Alger",1657,"عين بنيان (AIN BENIAN)",16571029,"إبتدائية  م ت ت خ المنال","Privé"
16,"Alger",1657,"عين بنيان (AIN BENIAN)",16571030,"إبتدائية  م خ الفن و المعرفة","Privé"
16,"Alger",1657,"عين بنيان (AIN BENIAN)",16571033,"إبتدائية  م خ أبو الأنوار","Privé"
16,"Alger",1657,"عين بنيان (AIN BENIAN)",16571034,"إبتدائية  م خ جزيرة الأبطال","Privé"
16,"Alger",1657,"عين بنيان (AIN BENIAN)",16571035,"إبتدائية  م ت ت خ الرايس ينيس","Privé"
16,"Alger",1657,"عين بنيان (AIN BENIAN)",16571036,"إبتدائية  الأزهر","Privé"
16,"Alger",1657,"عين بنيان (AIN BENIAN)",16571037,"إبتدائية  مملكة التلميذ","Privé"
16,"Alger",1657,"عين بنيان (AIN BENIAN)",16571038,"إبتدائية  توسنة","Privé"
17,"Djelfa",1701,"الجلفة (DJELFA)",17011112,"إبتدائية  مؤسسة التربية و التعليم  النخبة  الخاصة","Privé"
17,"Djelfa",1701,"الجلفة (DJELFA)",17011113,"إبتدائية  مؤسسة التربية و التعليم ""قرماط رقية"" الخاصة","Privé"
17,"Djelfa",1701,"الجلفة (DJELFA)",17011116,"إبتدائية  مؤسسة التربية و التعليم  نخبة المستقبل  الخاصة","Privé"
17,"Djelfa",1701,"الجلفة (DJELFA)",17011122,"إبتدائية  مؤسسة التربية والتعليم الموفق الخاصة","Privé"
17,"Djelfa",1701,"الجلفة (DJELFA)",17011123,"إبتدائية  مؤسسة التربية والتعليم النائل الخاصة","Privé"
18,"Jijel",1801,"جيجل (JIJEL)",18011050,"إبتدائية  الياقوت الخاصة","Privé"
18,"Jijel",1801,"جيجل (JIJEL)",18011051,"إبتدائية  التربية والتعليم الخاصة الآفاق","Privé"
18,"Jijel",1801,"جيجل (JIJEL)",18011057,"إبتدائية  السلام الخاصة","Privé"
18,"Jijel",1801,"جيجل (JIJEL)",18011059,"إبتدائية  ندى","Privé"
19,"Sétif",1901,"سطيف (SETIF)",19011091,"إبتدائية  الهدى الخاصة","Privé"
19,"Sétif",1901,"سطيف (SETIF)",19011092,"إبتدائية  الباهية الخاصة","Privé"
19,"Sétif",1901,"سطيف (SETIF)",19011094,"إبتدائية  زين بناة الوطن","Privé"
19,"Sétif",1901,"سطيف (SETIF)",19011095,"إبتدائية  البراءة الخاصة","Privé"
19,"Sétif",1901,"سطيف (SETIF)",19011097,"إبتدائية  الزهراء","Privé"
19,"Sétif",1901,"سطيف (SETIF)",19011103,"إبتدائية  عمراني بوسعد","Privé"
19,"Sétif",1920,"العلمة (EL EULMA)",19201050,"إبتدائية  صناع النجاح","Privé"
19,"Sétif",1920,"العلمة (EL EULMA)",19201057,"إبتدائية  المنارة","Privé"
21,"Skikda",2101,"سكيكدة (SKIKDA)",21011058,"إبتدائية  المجمع المدرسي الخاص موزاييك","Privé"
21,"Skikda",2101,"سكيكدة (SKIKDA)",21011061,"إبتدائية  النجيب الخاصة","Privé"
21,"Skikda",2101,"سكيكدة (SKIKDA)",21011066,"إبتدائية  ثمار المعرفة","Privé"
21,"Skikda",2104,"عزابة (AZZABA)",21041031,"إبتدائية  المجمع المدرسي المجاهد محمد بوكراعين الخاصة","Privé"
22,"Sidi Bel Abbès",2201,"سيدي بلعباس (SIDI BEL-ABBES)",22011079,"إبتدائية  مناهل العلم","Privé"
22,"Sidi Bel Abbès",2201,"سيدي بلعباس (SIDI BEL-ABBES)",22011081,"إبتدائية  القيم الحضارية","Privé"
22,"Sidi Bel Abbès",2201,"سيدي بلعباس (SIDI BEL-ABBES)",22011093,"إبتدائية  مقامي سكول","Privé"
23,"Annaba",2301,"عنابة (ANNABA)",23011075,"إبتدائية  العمري بلعيد","Privé"
23,"Annaba",2301,"عنابة (ANNABA)",23011077,"إبتدائية  الوفاق","Privé"
23,"Annaba",2301,"عنابة (ANNABA)",23011078,"إبتدائية  التحدي","Privé"
23,"Annaba",2301,"عنابة (ANNABA)",23011079,"إبتدائية  المتفوق حلاسة","Privé"
23,"Annaba",2301,"عنابة (ANNABA)",23011081,"إبتدائية  الإدريسي","Privé"
23,"Annaba",2301,"عنابة (ANNABA)",23011082,"إبتدائية  الأوائل","Privé"
23,"Annaba",2301,"عنابة (ANNABA)",23011083,"إبتدائية  الغليسين","Privé"
23,"Annaba",2301,"عنابة (ANNABA)",23011086,"إبتدائية  زهرة الأنوار","Privé"
23,"Annaba",2301,"عنابة (ANNABA)",23011087,"إبتدائية  الفتح","Privé"
23,"Annaba",2301,"عنابة (ANNABA)",23011088,"إبتدائية  المشكاة","Privé"
23,"Annaba",2301,"عنابة (ANNABA)",23011090,"إبتدائية  نور المعارف","Privé"
23,"Annaba",2301,"عنابة (ANNABA)",23011091,"إبتدائية  بيتاغور","Privé"
23,"Annaba",2301,"عنابة (ANNABA)",23011092,"إبتدائية  لعوابدية سلامي للمتفوقين","Privé"
23,"Annaba",2302,"برحال (BERRAHAL)",23011090,"إبتدائية  نور المعارف","Privé"
23,"Annaba",2302,"برحال (BERRAHAL)",23021011,"إبتدائية  مؤسسة مسجلة بالخطأ ( للحدف)","Privé"
23,"Annaba",2302,"برحال (BERRAHAL)",23021016,"إبتدائية  سبيل المستقبل","Privé"
23,"Annaba",2303,"الحجار (EL HADJAR)",23011090,"إبتدائية  نور المعارف","Privé"
23,"Annaba",2304,"العلمة (EL EULMA)",23011090,"إبتدائية  نور المعارف","Privé"
23,"Annaba",2305,"البوني (EL BOUNI)",23011090,"إبتدائية  نور المعارف","Privé"
23,"Annaba",2306,"واد العنب (OUED EL ANEB)",23011090,"إبتدائية  نور المعارف","Privé"
23,"Annaba",2307,"الشرف (CHORFA)",23011090,"إبتدائية  نور المعارف","Privé"
23,"Annaba",2308,"سرايدي (SERAIDI)",23011090,"إبتدائية  نور المعارف","Privé"
23,"Annaba",2309,"عين الباردة (AIN BERDA)",23011090,"إبتدائية  نور المعارف","Privé"
23,"Annaba",2310,"شطايبي (CHETAIBI)",23011090,"إبتدائية  نور المعارف","Privé"
23,"Annaba",2311,"سيدي عمار (SIDI AMAR)",23011090,"إبتدائية  نور المعارف","Privé"
23,"Annaba",2312,"التريعات (TREAT)",23011090,"إبتدائية  نور المعارف","Privé"
24,"Guelma",2401,"قالمة (GUELMA)",24011044,"إبتدائية  بن زايش لرواد المستقبل","Privé"
25,"Constantine",2501,"قسنطينة (CONSTANTINE)",25011148,"إبتدائية  الرشد","Privé"
25,"Constantine",2501,"قسنطينة (CONSTANTINE)",25011149,"إبتدائية  الأندلس","Privé"
25,"Constantine",2501,"قسنطينة (CONSTANTINE)",25011150,"إبتدائية  الشيماء","Privé"
25,"Constantine",2501,"قسنطينة (CONSTANTINE)",25011151,"إبتدائية  الينبوع","Privé"
25,"Constantine",2501,"قسنطينة (CONSTANTINE)",25011152,"إبتدائية  دار القلم","Privé"
25,"Constantine",2501,"قسنطينة (CONSTANTINE)",25011153,"إبتدائية  ديكارت","Privé"
25,"Constantine",2501,"قسنطينة (CONSTANTINE)",25011154,"إبتدائية  نور الملاك","Privé"
25,"Constantine",2501,"قسنطينة (CONSTANTINE)",25011155,"إبتدائية  اقــرأ","Privé"
25,"Constantine",2501,"قسنطينة (CONSTANTINE)",25011156,"إبتدائية  دار النجاح","Privé"
25,"Constantine",2501,"قسنطينة (CONSTANTINE)",25011160,"إبتدائية  بوعافية الخاصة","Privé"
25,"Constantine",2501,"قسنطينة (CONSTANTINE)",25011162,"إبتدائية  الباي الجديدة الخاصة","Privé"
25,"Constantine",2505,"ديدوش مراد (DIDOUCHE MOURAD)",25051021,"إبتدائية  العلمية لوصيف الخاصة","Privé"
25,"Constantine",2506,"الخروب (EL KHROUB)",25061093,"إبتدائية  رمسيس الخاصة","Privé"
25,"Constantine",2506,"الخروب (EL KHROUB)",25061099,"إبتدائية  الرواد الخاصة","Privé"
25,"Constantine",2506,"الخروب (EL KHROUB)",25061100,"إبتدائية  الخوارزمي الخاصة","Privé"
25,"Constantine",2506,"الخروب (EL KHROUB)",25061101,"إبتدائية  الوداد الخاصة","Privé"
25,"Constantine",2506,"الخروب (EL KHROUB)",25061102,"إبتدائية  مريمش الخاصة","Privé"
25,"Constantine",2506,"الخروب (EL KHROUB)",25061109,"إبتدائية  سيرتا سكول الخاصة","Privé"
25,"Constantine",2506,"الخروب (EL KHROUB)",25061116,"إبتدائية  دار العلم الخاصة","Privé"
25,"Constantine",2506,"الخروب (EL KHROUB)",25061119,"إبتدائية  نوبا العالمية الخاصة","Privé"
25,"Constantine",2506,"الخروب (EL KHROUB)",25061123,"إبتدائية  كوكب العباقرة زتشي","Privé"
25,"Constantine",2506,"الخروب (EL KHROUB)",25061124,"إبتدائية  النجم المتميز","Privé"
25,"Constantine",2506,"الخروب (EL KHROUB)",25061125,"إبتدائية  الشهيد لباد أحمد الخاصة","Privé"
25,"Constantine",2510,"عين السمارة (AIN SMARA)",25061126,"إبتدائية  التربية و التعليم الثريا الخاصة","Privé"
25,"Constantine",2510,"عين السمارة (AIN SMARA)",25101025,"إبتدائية  مالك بن نبي الخاصة","Privé"
26,"Médéa",2601,"المدية (MEDEA)",26011050,"إبتدائية  لينة","Privé"
27,"Mostaganem",2701,"مستغانم (MOSTAGANEM)",27011067,"إبتدائية  آفاق جديدة","Privé"
27,"Mostaganem",2701,"مستغانم (MOSTAGANEM)",27011068,"إبتدائية  مولود فرعون الخاصة","Privé"
28,"M'Sila",2801,"المسيلة (M'SILA)",28011079,"إبتدائية  آيات الماهر","Privé"
28,"M'Sila",2820,"بوسعادة (BOU SAADA)",28201055,"إبتدائية  بشيري العيفة","Privé"
29,"Mascara",2901,"معسكر (MASCARA)",29011063,"إبتدائية  مؤسسة التربية و التعليم الخاصة "" بحر المعرفة ""","Privé"
30,"Ouargla",3001,"ورقلة (OUARGLA)",30011063,"إبتدائية  الامل الواعد","Privé"
30,"Ouargla",3001,"ورقلة (OUARGLA)",30011079,"إبتدائية  الابداع","Privé"
30,"Ouargla",3004,"حاسي مسعود (HASSI MESSAOUD)",30041022,"إبتدائية  مؤسسة التربية والتعليم انسياتيف جنوب","Privé"
30,"Ouargla",3004,"حاسي مسعود (HASSI MESSAOUD)",30041023,"إبتدائية  العباقرة النموذجية","Privé"
30,"Ouargla",3005,"الرويسات (ROUISSAT)",30051027,"إبتدائية  بي أف مستقبل أفضل","Privé"
31,"Oran",3101,"وهران (ORAN)",31011187,"إبتدائية  المدرسة والتسلية الخاصة","Privé"
31,"Oran",3101,"وهران (ORAN)",31011189,"إبتدائية  الحياة الخاصة","Privé"
31,"Oran",3101,"وهران (ORAN)",31011190,"إبتدائية  الرياض الخاصة","Privé"
31,"Oran",3101,"وهران (ORAN)",31011191,"إبتدائية  ماسينيسا الخاصة","Privé"
31,"Oran",3101,"وهران (ORAN)",31011192,"إبتدائية  المدرسة العلمية الخاصة","Privé"
31,"Oran",3101,"وهران (ORAN)",31011193,"إبتدائية  المنزه الخاصة","Privé"
31,"Oran",3101,"وهران (ORAN)",31011194,"إبتدائية  أطفال الغد الخاصة","Privé"
31,"Oran",3101,"وهران (ORAN)",31011195,"إبتدائية  الجد والعمل الخاصة","Privé"
31,"Oran",3101,"وهران (ORAN)",31011196,"إبتدائية  سيباويه الخاصة","Privé"
31,"Oran",3101,"وهران (ORAN)",31011197,"إبتدائية  السفير الخاصة","Privé"
31,"Oran",3101,"وهران (ORAN)",31011198,"إبتدائية  إديكار الخاصة","Privé"
31,"Oran",3101,"وهران (ORAN)",31011199,"إبتدائية  فتح ابن باديس الخاصة","Privé"
31,"Oran",3101,"وهران (ORAN)",31011201,"إبتدائية  الحياة2 الخاصة","Privé"
31,"Oran",3101,"وهران (ORAN)",31011202,"إبتدائية  جيل بلادي الخاصة","Privé"
31,"Oran",3101,"وهران (ORAN)",31011203,"إبتدائية  الفرابي سكول الخاصة","Privé"
31,"Oran",3101,"وهران (ORAN)",31011204,"إبتدائية  مولود فرعون الخاصة","Privé"
31,"Oran",3101,"وهران (ORAN)",31011207,"إبتدائية  دالتا سكول الخاصة","Privé"
31,"Oran",3101,"وهران (ORAN)",31011208,"إبتدائية  أجيالنا الخاصة","Privé"
31,"Oran",3101,"وهران (ORAN)",31011209,"إبتدائية  شمس سكول الخاصة","Privé"
31,"Oran",3101,"وهران (ORAN)",31011210,"إبتدائية  فرعون الخاصة","Privé"
31,"Oran",3101,"وهران (ORAN)",31011211,"إبتدائية  النخبة الخاصة","Privé"
31,"Oran",3101,"وهران (ORAN)",31011213,"إبتدائية  ابن سينا الخاصة","Privé"
31,"Oran",3101,"وهران (ORAN)",31011214,"إبتدائية  عماد الخاصة","Privé"
31,"Oran",3101,"وهران (ORAN)",31011216,"إبتدائية  رؤية سكول الخاصة","Privé"
31,"Oran",3103,"بئر الجير (BIR EL DJIR)",31031062,"إبتدائية  إقرأ الخاصة","Privé"
31,"Oran",3103,"بئر الجير (BIR EL DJIR)",31031065,"إبتدائية  الحياة سكول الخاصة","Privé"
31,"Oran",3103,"بئر الجير (BIR EL DJIR)",31031067,"إبتدائية  سعادة الخاصة","Privé"
31,"Oran",3103,"بئر الجير (BIR EL DJIR)",31031075,"إبتدائية  النجاح سكول الخاصة","Privé"
31,"Oran",3103,"بئر الجير (BIR EL DJIR)",31031077,"إبتدائية  سيرين سكول الخاصة","Privé"
31,"Oran",3103,"بئر الجير (BIR EL DJIR)",31031079,"إبتدائية  لابليوم الخاصة","Privé"
31,"Oran",3103,"بئر الجير (BIR EL DJIR)",31031081,"إبتدائية  المجمع المدرسي رحموني الخاصة","Privé"
31,"Oran",3103,"بئر الجير (BIR EL DJIR)",31031082,"إبتدائية  النبلاء الخاصة","Privé"
31,"Oran",3105,"السانية (ES SENIA)",31051030,"إبتدائية  القرطبي الخاصة","Privé"
31,"Oran",3105,"السانية (ES SENIA)",31051038,"إبتدائية  أفونير سكول الخاصة","Privé"
34,"Bordj Bou Arréridj",3401,"برج بوعريرج (B. B. ARRERIDJ)",34011066,"إبتدائية  مؤسسة التربية و التعليم الخاصة التحدي","Privé"
34,"Bordj Bou Arréridj",3401,"برج بوعريرج (B. B. ARRERIDJ)",34011069,"إبتدائية  مؤسسة التربية و التعليم الخاصة التهذيب","Privé"
34,"Bordj Bou Arréridj",3401,"برج بوعريرج (B. B. ARRERIDJ)",34011070,"إبتدائية  مؤسسة التربية و التعليم الخاصة الاساس","Privé"
34,"Bordj Bou Arréridj",3401,"برج بوعريرج (B. B. ARRERIDJ)",34011071,"إبتدائية  مؤسسة التربية و التعليم الخاصة صيد الفوائد","Privé"
34,"Bordj Bou Arréridj",3401,"برج بوعريرج (B. B. ARRERIDJ)",34011074,"إبتدائية  مؤسسة التربية و التعليم عبد الرحمن شيبان الخاصة","Privé"
34,"Bordj Bou Arréridj",3401,"برج بوعريرج (B. B. ARRERIDJ)",34011082,"إبتدائية  مؤسسة التربية و التعليم الخاصة القوس الأول","Privé"
34,"Bordj Bou Arréridj",3401,"برج بوعريرج (B. B. ARRERIDJ)",34011087,"إبتدائية  مؤسسة التربية التعليم الخاصة النشء النجيب","Privé"
34,"Bordj Bou Arréridj",3401,"برج بوعريرج (B. B. ARRERIDJ)",34011090,"إبتدائية  مؤسسة التربية والتعليم الخاصة المجاهد المتوفى بلمانع مسعود","Privé"
35,"Boumerdès",3501,"بومرداس (BOUMERDES)",35011018,"إبتدائية  المدرسة الخاصة الزهور","Privé"
35,"Boumerdès",3501,"بومرداس (BOUMERDES)",35011019,"إبتدائية  المدرسة الخاصة نخبة الغد","Privé"
35,"Boumerdès",3501,"بومرداس (BOUMERDES)",35011020,"إبتدائية  التربية و التعليم البرت أنشتاين الخاصة","Privé"
35,"Boumerdès",3501,"بومرداس (BOUMERDES)",35011021,"إبتدائية  التربية و التعليم الخاصة الإمتياز","Privé"
35,"Boumerdès",3501,"بومرداس (BOUMERDES)",35011022,"إبتدائية  التربية و التعليم الخاصة بلحسن","Privé"
35,"Boumerdès",3501,"بومرداس (BOUMERDES)",35011023,"إبتدائية  المؤسسة التعليمية الخاصة إياد","Privé"
35,"Boumerdès",3501,"بومرداس (BOUMERDES)",35011026,"إبتدائية  المجمع المدرسي نظام","Privé"
35,"Boumerdès",3501,"بومرداس (BOUMERDES)",35011027,"إبتدائية  مؤسسة التربية والتعليم الخاصة الامل","Privé"
35,"Boumerdès",3501,"بومرداس (BOUMERDES)",35011028,"إبتدائية  سرايا الوطن","Privé"
35,"Boumerdès",3501,"بومرداس (BOUMERDES)",35011029,"إبتدائية  المؤسسة التعليمية الخاصة لليت","Privé"
35,"Boumerdès",3501,"بومرداس (BOUMERDES)",35011030,"إبتدائية  مدرسة التربية و التعليم  الجديد الخاصة","Privé"
35,"Boumerdès",3501,"بومرداس (BOUMERDES)",35011033,"إبتدائية  مؤسسة التربية و التعليم الخاصة شلانج سكول","Privé"
35,"Boumerdès",3502,"بودواو (BOUDOUAOU)",35021023,"إبتدائية  الخاصة الفضيلة","Privé"
35,"Boumerdès",3502,"بودواو (BOUDOUAOU)",35021024,"إبتدائية  يليس بيت الطفل السعيد","Privé"
35,"Boumerdès",3502,"بودواو (BOUDOUAOU)",35021025,"إبتدائية  ليكسيكو سكول","Privé"
35,"Boumerdès",3502,"بودواو (BOUDOUAOU)",35021031,"إبتدائية  الزهراوي","Privé"
35,"Boumerdès",3502,"بودواو (BOUDOUAOU)",35021032,"إبتدائية  مدرسة التربية و التعليم كين سكول الخاصة","Privé"
35,"Boumerdès",3504,"برج منايل (BORDJ MENAIEL)",35041031,"إبتدائية  جواهر المعرفة","Privé"
35,"Boumerdès",3504,"برج منايل (BORDJ MENAIEL)",35041037,"إبتدائية  مؤسسة التربية و التعليم الخاصة رحاب سكول","Privé"
35,"Boumerdès",3516,"قورصو (CORSO)",35161012,"إبتدائية  الأمل الخاصة","Privé"
35,"Boumerdès",3530,"حمادي (HAMMEDI)",35301014,"إبتدائية  مؤسسة التربية و التعليم الخاصة الريادة لمعرفة","Privé"
35,"Boumerdès",3531,"خميس الخشنة (KHEMIS EL KHECHNA)",35311033,"إبتدائية  نور المناهل","Privé"
40,"Khenchela",4001,"خنشلة (KHENCHELA)",40011060,"إبتدائية  المدرسة الخاصة اوراس المستقبل","Privé"
40,"Khenchela",4001,"خنشلة (KHENCHELA)",40011063,"إبتدائية  جيل المستقبل","Privé"
40,"Khenchela",4001,"خنشلة (KHENCHELA)",40011064,"إبتدائية  التفوق","Privé"
40,"Khenchela",4001,"خنشلة (KHENCHELA)",40011071,"إبتدائية  الانوار","Privé"
42,"Tipaza",4201,"تيبازة (TIPAZA)",42011017,"إبتدائية  الفلك سكول","Privé"
42,"Tipaza",4201,"تيبازة (TIPAZA)",42011018,"إبتدائية  داية سكول","Privé"
42,"Tipaza",4204,"دواودة (DOUAOUDA)",42041017,"إبتدائية  هديل","Privé"
42,"Tipaza",4206,"خميستي (KHEMISTI)",42061007,"إبتدائية  هنين سكول","Privé"
42,"Tipaza",4213,"عين تاقورايت (AIN TAGOURAIT)",42131007,"إبتدائية  الشاطئ الخاصة","Privé"
42,"Tipaza",4217,"فوكة (FOUKA)",42041015,"إبتدائية  المعالي للعلا","Privé"
42,"Tipaza",4218,"بواسماعيل (BOU ISMAIL)",42181022,"إبتدائية  نور الإشراق","Privé"
42,"Tipaza",4218,"بواسماعيل (BOU ISMAIL)",42181023,"إبتدائية  نوبل","Privé"
42,"Tipaza",4218,"بواسماعيل (BOU ISMAIL)",42181024,"إبتدائية  ميراكل سكول","Privé"
42,"Tipaza",4218,"بواسماعيل (BOU ISMAIL)",42181027,"إبتدائية  الجودة التعليمية","Privé"
42,"Tipaza",4218,"بواسماعيل (BOU ISMAIL)",42181028,"إبتدائية  مون فوجي","Privé"
42,"Tipaza",4218,"بواسماعيل (BOU ISMAIL)",42181029,"إبتدائية  برايد أكاديمي","Privé"
43,"Mila",4301,"ميلة (MILA)",43011079,"إبتدائية  النجاح الخاصة","Privé"
43,"Mila",4303,"شلغوم العيد (CHELGHOUM LAID)",43031038,"إبتدائية  الزهراء الخاصة","Privé"
44,"Aïn Defla",4401,"عين الدفلة (AIN-DEFLA)",44011031,"إبتدائية  فضيل الورتلاني","Privé"
44,"Aïn Defla",4401,"عين الدفلة (AIN-DEFLA)",44011032,"إبتدائية  آسيا جبار","Privé"
44,"Aïn Defla",4401,"عين الدفلة (AIN-DEFLA)",44011037,"إبتدائية  العقاد","Privé"
44,"Aïn Defla",4402,"مليانة (MILIANA)",44021021,"إبتدائية  الشيخ محمد موساوي","Privé"
44,"Aïn Defla",4410,"العطاف (EL-ATTAF)",44101033,"إبتدائية  شقرار","Privé"
46,"Aïn Témouchent",4601,"عين تيموشنت (AIN TEMOUCHENT)",46011044,"إبتدائية  الجزائر مستقبل عين تموشنت","Privé"
46,"Aïn Témouchent",4601,"عين تيموشنت (AIN TEMOUCHENT)",46011046,"إبتدائية  ابن طفيل","Privé"
47,"Ghardaïa",4701,"غرداية (GHARDAIA)",47011040,"إبتدائية  مؤسسة التربية و التعليم الخاصة الريادة","Privé"
47,"Ghardaïa",4701,"غرداية (GHARDAIA)",47011071,"إبتدائية  الحكمة","Privé"
47,"Ghardaïa",4701,"غرداية (GHARDAIA)",47011079,"إبتدائية  القلم إمرو","Privé"
47,"Ghardaïa",4701,"غرداية (GHARDAIA)",47071011,"إبتدائية  الرضوان","Privé"
47,"Ghardaïa",4704,"بريان (BERRIANE)",47041014,"إبتدائية  مدرسة فسائل الامل","Privé"
47,"Ghardaïa",4706,"القرارة (EL GUERRARA)",47061031,"إبتدائية  الرواد","Privé"
47,"Ghardaïa",4707,"العطف (EL ATTEUF)",47071011,"إبتدائية  الرضوان","Privé"
47,"Ghardaïa",4710,"بونورة (BOUNOURA)",47071011,"إبتدائية  الرضوان","Privé"
47,"Ghardaïa",4710,"بونورة (BOUNOURA)",47101012,"إبتدائية  مدرسة تاونزة العلمية","Privé"
47,"Ghardaïa",4710,"بونورة (BOUNOURA)",47101018,"إبتدائية  عباد الرحمان","Privé"
47,"Ghardaïa",4710,"بونورة (BOUNOURA)",47101022,"إبتدائية  مؤسسة التربية و التعليم الخاصة - الهمم تاونزا","Privé"
55,"Touggourt",5501,"تقرت (TOUGGOURT)",30131023,"إبتدائية  عباس  قسوم","Privé"
55,"Touggourt",5501,"تقرت (TOUGGOURT)",55031001,"إبتدائية  المجاهد حجوج ابراهيم","Privé"
55,"Touggourt",5502,"بلدة اعمر (BLIDET AMOR)",30131023,"إبتدائية  عباس  قسوم","Privé"
55,"Touggourt",5502,"بلدة اعمر (BLIDET AMOR)",55031001,"إبتدائية  المجاهد حجوج ابراهيم","Privé"
55,"Touggourt",5503,"تبسبست (TEBESBEST)",30131023,"إبتدائية  عباس  قسوم","Privé"
55,"Touggourt",5503,"تبسبست (TEBESBEST)",55031001,"إبتدائية  المجاهد حجوج ابراهيم","Privé"
55,"Touggourt",5504,"النزلة (NEZLA)",30131023,"إبتدائية  عباس  قسوم","Privé"
55,"Touggourt",5504,"النزلة (NEZLA)",55031001,"إبتدائية  المجاهد حجوج ابراهيم","Privé"
55,"Touggourt",5505,"الزاوية العابدية (ZAOUIA EL ABIDIA)",30131023,"إبتدائية  عباس  قسوم","Privé"
55,"Touggourt",5505,"الزاوية العابدية (ZAOUIA EL ABIDIA)",55031001,"إبتدائية  المجاهد حجوج ابراهيم","Privé"
55,"Touggourt",5506,"سيدي سليمان (SIDI SLIMANE)",30131023,"إبتدائية  عباس  قسوم","Privé"
55,"Touggourt",5506,"سيدي سليمان (SIDI SLIMANE)",55031001,"إبتدائية  المجاهد حجوج ابراهيم","Privé"
55,"Touggourt",5507,"الحجيرة (EL-HADJIRA)",30131023,"إبتدائية  عباس  قسوم","Privé"
55,"Touggourt",5507,"الحجيرة (EL-HADJIRA)",55031001,"إبتدائية  المجاهد حجوج ابراهيم","Privé"
55,"Touggourt",5508,"الطيبات (TAIBET)",30131023,"إبتدائية  عباس  قسوم","Privé"
55,"Touggourt",5508,"الطيبات (TAIBET)",55031001,"إبتدائية  المجاهد حجوج ابراهيم","Privé"
55,"Touggourt",5509,"نماسين (TEMACINE)",30131023,"إبتدائية  عباس  قسوم","Privé"
55,"Touggourt",5509,"نماسين (TEMACINE)",55031001,"إبتدائية  المجاهد حجوج ابراهيم","Privé"
55,"Touggourt",5510,"إبن ناصر (BENACEUR)",30131023,"إبتدائية  عباس  قسوم","Privé"
55,"Touggourt",5510,"إبن ناصر (BENACEUR)",55031001,"إبتدائية  المجاهد حجوج ابراهيم","Privé"
55,"Touggourt",5511,"المنقر (M'NAGUER)",30131023,"إبتدائية  عباس  قسوم","Privé"
55,"Touggourt",5511,"المنقر (M'NAGUER)",55031001,"إبتدائية  المجاهد حجوج ابراهيم","Privé"
55,"Touggourt",5512,"المقارين (MEGARINE)",30131023,"إبتدائية  عباس  قسوم","Privé"
55,"Touggourt",5512,"المقارين (MEGARINE)",55031001,"إبتدائية  المجاهد حجوج ابراهيم","Privé"
55,"Touggourt",5513,"العالية (EL ALIA)",30131023,"إبتدائية  عباس  قسوم","Privé"
55,"Touggourt",5513,"العالية (EL ALIA)",55031001,"إبتدائية  المجاهد حجوج ابراهيم","Privé"
01,"Adrar",0101,"أدرار (ADRAR)",01011039,"إبتدائية  مؤسسة التربية والتعليم المجاهد فرجاني محمد الصالح الخاصة","Privé"
02,"Chlef",0201,"الشلف (CHLEF)",02011088,"إبتدائية  مالك بن نبي الخاصة","Privé"
02,"Chlef",0201,"الشلف (CHLEF)",02011093,"إبتدائية  فرسان الحكمة الخاصة","Privé"
03,"Laghouat",0301,"الأغواط (LAGHOUAT)",03011067,"إبتدائية  الجزائر مستقبل 2","Privé"
03,"Laghouat",0301,"الأغواط (LAGHOUAT)",03011068,"إبتدائية  النور","Privé"
03,"Laghouat",0301,"الأغواط (LAGHOUAT)",03011075,"إبتدائية  الانفال","Privé"
03,"Laghouat",0301,"الأغواط (LAGHOUAT)",03011080,"إبتدائية  الفتح","Privé"
03,"Laghouat",0301,"الأغواط (LAGHOUAT)",03011081,"إبتدائية  النعيم","Privé"
03,"Laghouat",0301,"الأغواط (LAGHOUAT)",03011082,"إبتدائية  البشائر","Privé"
03,"Laghouat",0301,"الأغواط (LAGHOUAT)",03011083,"إبتدائية  البسمات","Privé"
04,"Oum El Bouaghi",0402,"عين البيضاء (AIN BEIDA)",04021046,"إبتدائية  المجمع المدرسي النخبة تريكي","Privé"
04,"Oum El Bouaghi",0403,"عين مليلة (AIN M'LILA)",04031043,"إبتدائية  برحايل صوفيا","Privé"
05,"Batna",0501,"باتنة (BATNA)",05011087,"إبتدائية  سي عمار بوزيد","Privé"
05,"Batna",0501,"باتنة (BATNA)",05011088,"إبتدائية  ابن رشد","Privé"
05,"Batna",0501,"باتنة (BATNA)",05011089,"إبتدائية  الطيب العقبي","Privé"
05,"Batna",0501,"باتنة (BATNA)",05011090,"إبتدائية  باستور","Privé"
05,"Batna",0501,"باتنة (BATNA)",05011091,"إبتدائية  رؤى","Privé"
05,"Batna",0501,"باتنة (BATNA)",05011096,"إبتدائية  المعارف الخاصة","Privé"
05,"Batna",0501,"باتنة (BATNA)",05011098,"إبتدائية  الخوارزمي لتعليم الأجيال","Privé"
05,"Batna",0501,"باتنة (BATNA)",05011105,"إبتدائية  مدرسة القمر الخاصة الابتدائية","Privé"
05,"Batna",0501,"باتنة (BATNA)",05011106,"إبتدائية  مياس و ميساء","Privé"
05,"Batna",0501,"باتنة (BATNA)",05011107,"إبتدائية  مالك بن نبي","Privé"
05,"Batna",0501,"باتنة (BATNA)",05011109,"إبتدائية  سواعد الأمة الخاصة","Privé"
06,"Béjaïa",0601,"بجاية (BEJAIA)",06011058,"إبتدائية  المدرسة الخاصة قاليلي","Privé"
06,"Béjaïa",0601,"بجاية (BEJAIA)",06011059,"إبتدائية  المدرسة الخاصة اليمامات","Privé"
06,"Béjaïa",0601,"بجاية (BEJAIA)",06011060,"إبتدائية  المدرسة الخاصة السوسن","Privé"
06,"Béjaïa",0601,"بجاية (BEJAIA)",06011062,"إبتدائية  عباسي سعدي","Privé"
06,"Béjaïa",0601,"بجاية (BEJAIA)",06011063,"إبتدائية  منابع العلم للنجاح","Privé"
06,"Béjaïa",0625,"أقبو (AKBOU)",06251025,"إبتدائية  المدرسة الخاصة أزال","Privé"
06,"Béjaïa",0625,"أقبو (AKBOU)",06251026,"إبتدائية  المدرسة الخاصة ثافاث ملحقة أقبو","Privé"
06,"Béjaïa",0633,"تالة حمزة (TALA HAMZA)",06331007,"إبتدائية  المجمع التعليمي أفيسان","Privé"
06,"Béjaïa",0636,"أوزلاقن (OUZELLAGUENE)",06361019,"إبتدائية  المدرسة الخاصة ثافاث","Privé"
06,"Béjaïa",0639,"سيدي عيش (SIDI-AICH)",06391009,"إبتدائية  المدرسة الخاصة بي","Privé"
09,"Blida",0901,"البليدة (BLIDA)",09011057,"إبتدائية  السنجاب الخاصة","Privé"
09,"Blida",0901,"البليدة (BLIDA)",09011058,"إبتدائية  باية الخاصة","Privé"
09,"Blida",0901,"البليدة (BLIDA)",09011059,"إبتدائية  كيدس سكول","Privé"
09,"Blida",0901,"البليدة (BLIDA)",09011060,"إبتدائية  النجاح الخاصة","Privé"
09,"Blida",0901,"البليدة (BLIDA)",09011061,"إبتدائية  الأزهار الخاصة","Privé"
09,"Blida",0901,"البليدة (BLIDA)",09011062,"إبتدائية  قارة اليمامة","Privé"
09,"Blida",0901,"البليدة (BLIDA)",09011065,"إبتدائية  القديس أغستين","Privé"
09,"Blida",0901,"البليدة (BLIDA)",09011066,"إبتدائية  لغليسين","Privé"
09,"Blida",0901,"البليدة (BLIDA)",09011067,"إبتدائية  نيوتن البليدة","Privé"
09,"Blida",0901,"البليدة (BLIDA)",09011068,"إبتدائية  الوجود الخاصة","Privé"
09,"Blida",0901,"البليدة (BLIDA)",09011069,"إبتدائية  الضاية الخضراء","Privé"
09,"Blida",0901,"البليدة (BLIDA)",09011070,"إبتدائية  كندة سكول","Privé"
09,"Blida",0901,"البليدة (BLIDA)",09011071,"إبتدائية  روكا سكول","Privé"
09,"Blida",0901,"البليدة (BLIDA)",09011072,"إبتدائية  الأمير الوسيم","Privé"
09,"Blida",0903,"الشبلي (CHEBLI)",09021041,"إبتدائية  أشبال التفوق","Privé"
09,"Blida",0905,"أولاد يعيش (OULED YAICH)",09051027,"إبتدائية  لالة  تماني","Privé"
09,"Blida",0905,"أولاد يعيش (OULED YAICH)",09051029,"إبتدائية  تعزونت","Privé"
09,"Blida",0905,"أولاد يعيش (OULED YAICH)",09051033,"إبتدائية  أطلس سكول","Privé"
09,"Blida",0905,"أولاد يعيش (OULED YAICH)",09051034,"إبتدائية  سفرينا سكول","Privé"
09,"Blida",0911,"الصومعة (SOUMAA)",09111016,"إبتدائية  فليستي سكول","Privé"
09,"Blida",0911,"الصومعة (SOUMAA)",09111017,"إبتدائية  لاريش","Privé"
09,"Blida",0916,"بوفاريك (BOUFARIK)",09161024,"إبتدائية  أروى الخاصة","Privé"
09,"Blida",0916,"بوفاريك (BOUFARIK)",09161028,"إبتدائية  الرواد","Privé"
09,"Blida",0916,"بوفاريك (BOUFARIK)",09161029,"إبتدائية  المقعد الطموح","Privé"
09,"Blida",0917,"الأربعاء (LARBAA)",09171040,"إبتدائية  سليم","Privé"
09,"Blida",0921,"بني مراد (BENI MERED)",09211014,"إبتدائية  رسيم الخاصة","Privé"
09,"Blida",0921,"بني مراد (BENI MERED)",09211017,"إبتدائية  الآفاق","Privé"
09,"Blida",0921,"بني مراد (BENI MERED)",09211018,"إبتدائية  السدر","Privé"
09,"Blida",0921,"بني مراد (BENI MERED)",09211019,"إبتدائية  التفوق","Privé"
09,"Blida",0921,"بني مراد (BENI MERED)",09211020,"إبتدائية  أبو وليد","Privé"
09,"Blida",0923,"قرواو (GUERROUAOU)",09231007,"إبتدائية  إبتسام","Privé"
09,"Blida",0923,"قرواو (GUERROUAOU)",09231008,"إبتدائية  أشبال المستقبل","Privé"