رقم,اسم_المدرسة,المنطقة_التربوية,نوع_التعليم,طبيعة,جنس_الطلاب,العنوان,الهاتف,المالك,اللغة_الأجنبية
1,االورغواي الرسمية المختمطة - االشرفية االولى,بيروت االولى,رسمي,رسمي,مختلطة,االشرفية - العدلية - شارع 09 مختمطة,,,
5,ثانوية جبارن غسان تويني الرسمية ااألولى -األشرفية,بيروت االولى,رسمي,رسمي,مختلطة,االشرفية - شارع اديب اسحق مختمطة,,,
8,ثانوية لور مغيزل الرسمية لمبنات,بيروت االولى,رسمي,رسمي,,االشرفية - الغابة - شارع الشحروري لمبنات,,,
21,متوسطة بيروت العالية الرسمية لمبنات,بيروت الثانية,رسمي,رسمي,مختلطة,خندق الغميق - شارع داوود عمون مختمطة,03384610,الدولة,
61,زقاق الببلط الرسمية المختمطة,بيروت الثانية,رسمي,رسمي,مختلطة,زقاق الببلط - شارع بطرس البستاني مختمطة,,,
91,ثانوية المفتي الشييد حسن خالد الرسمية المختمطة-(حوض الوالية),بيروت الثانية,رسمي,رسمي,مختلطة,برج ابي حيدر - شارع برج ابي حيدر مختمطة,,,
12,وطى المصيطبو الرسمية المختمطة,بيروت الثانية,رسمي,رسمي,مختلطة,وطى المصيطبة - شارع البستاني مختمطة,,,
22,ثانوية زىيو سممان الرسمية (سابقا وطى المصيطبة),بيروت الثانية,رسمي,رسمي,مختلطة,بئر حسن - شارع الشارع المقابل لشركة csT مختمطة 12 43,,,
42,ثانوية فخر الدين المعني الرسمية لمبنات,بيروت الثانية,رسمي,رسمي,,برج ابي حيدر - شارع عبد الغني العريسي لمبنات,,,
52,متوسطة الممك سعود المختمطة,بيروت الثانية,رسمي,رسمي,مختلطة,المزرعة - برج ابي حيدر - شارع المعري مختمطة 3 4,21865610,خاص,
62,االرشاد الرسمية المختمطة,بيروت الثانية,رسمي,رسمي,مختلطة,برج ابي حيدر - شارع مصباح شبقمو مختمطة,,,
03,ثانوية دولة الرئيس رياض الصمح الرسمية المختمطة,بيروت الثانية,رسمي,رسمي,مختلطة,ارس النبع - شارع المحمصاني مختمطة,,,
43,الطريق الجديدة المتوسطة الثانية المختمطة الرسمية,بيروت الثانية,رسمي,رسمي,مختلطة,الممعب - شارع الرواس مختمطة,,,
83,ثانوية جميل رواس الرسمية لمبنين,بيروت الثانية,رسمي,رسمي,,طريق الجديدة - شارع الرواس لمبنين,,,
04,ثانوية عمر فروخ الرسمية لمبنات,بيروت الثانية,رسمي,رسمي,,طريق الجديدة - شارع بولفار المدينة الرياضية لمبنات 31 72,,,
14,ابتياج قدوره المتوسطة المختمطة,بيروت الثانية,رسمي,رسمي,مختلطة,بئر حسن - مقابل المدينة الرياضية مختمطة,93932810,الدولة,
34,الطريق الجديدة الاربعة المختمطة,بيروت الثانية,رسمي,رسمي,مختلطة,الحرش - الطريق الجديدة - شارع حمد مختمطة 2,28704610,خاص,
44,ارس النبع الثانية الرسمية لمبنات,بيروت الثانية,رسمي,رسمي,مختلطة,ارس النبع - شارع محمد الحوت لمبنات,85574610,خاص,
74,البسطة األولى الرسمية المختمطة,بيروت الثانية,رسمي,رسمي,مختلطة,ارس النبع - المزرعة - شارع الشقيف-المتفرع من شارع عمربن خطاب مختمطة,,,
94,العبلمة الدكتور صبحي الصالح المتوسطة المختمطة,بيروت الثانية,رسمي,رسمي,مختلطة,بئر حسن - شارع عدنان الحكيم مختمطة,,,
6041,ارس النبع الرسميو الثانيو المختمطة,بيروت الثانية,رسمي,رسمي,مختلطة,ارس النبع - الباشورة - شارع داوود عمون مختمطة,,,
7741,ثانوية العبلمة عبداهلل العبليمي الرسمية لمبنات,بيروت الثانية,رسمي,رسمي,,الممعب - ابو شاكر - شارع لبس لمبنات 9 81,,,
3251,عمر الزعني المتوسطو الرسميو المختمطة,بيروت الثانية,رسمي,رسمي,مختلطة,الممعب - ابو شاكر - شارع عمر فروخ مختمطة,,,
4251,اميمي سرسق المتوسطة الرسمية المختمطة,بيروت الثانية,رسمي,رسمي,مختلطة,المصيطبة - قرب المدينة الرياضية - شارع محمد البزري مختمطة 6 2,,,
6251,روضة عمر االنسي الرسمية المختمطة,بيروت الثانية,رسمي,رسمي,مختلطة,بئر حسن - مقابل المدينة الرياضية بئر حسن - شارع شارع االمم المتحدة مختمطة,27274810,الدولة,فرنسية+فرنسية
0351,ثانوية جبارن انداروس التويني الرسمية المختمطة,بيروت الثانية,رسمي,رسمي,مختلطة,بئر حسن - شارع عدنان الحكيم مختمطة,85952810,الدولة,
2351,محمد شامل االبتدائية الرسمية المختمطة,بيروت الثانية,رسمي,رسمي,مختلطة,الممعب - شارع ابو شاكر- طمعة االطفائية مختمطة,,,
1261,مدرسة الشييد عدنان حمباوي الرسمية-االوازعي,بيروت الثانية,رسمي,رسمي,مختلطة,,,,
32,امين بييم النموذجية المختمطة الرسمية-المنارة,بيروت الثالثة,رسمي,رسمي,مختلطة,ارس بيروت - المنارة - شارع كاركاس مختمطة,,,
05,جابر االحمد الصباح,بيروت الثالثة,رسمي,رسمي,مختلطة,ارس بيروت - شارع التنوخيين مختمطة,,,
45,رمل الظريف الرسمية المختمطة,بيروت الثالثة,رسمي,رسمي,مختلطة,رمل الزيدانية - الزيدانية - شارع ازروب الكبي مختمطة,,,
75,ثانوية الدكتور حسن صعب الرسمية المختمطو,بيروت الثالثة,رسمي,رسمي,مختلطة,الصنائع - شارع الارشدين مختمطة,,,
06,ثانوية الدكتورة امان كبارة شعارني الرسمية لمبنات,بيروت الثالثة,رسمي,رسمي,,رمل الزيدانية - الزيدانيو - شارع مدحت باشا لمبنات 8 51,,,
16,روضة السيدة رفقة عبداهلل تاجي,بيروت الثالثة,رسمي,رسمي,مختلطة,دار الفتوى - شارع ابن رشد مختمطة,93110310,خاص,
5251,االمير شكيب ارسبلن المتوسطة المختمطة (سابقا فردان الرسمية),بيروت الثالثة,رسمي,رسمي,مختلطة,عين التينة - ساقية الجنزير - شارع رشيد كارمة مختمطة 01 9,,,
8251,ثانوية االمير شكيب ارسبلن الرسمية المختمطة,بيروت الثالثة,رسمي,رسمي,مختلطة,عين التينة - ساقية الجنزير - شارع رشيد كارمي مختمطة,00919710,,
46,مدرسة سن الفيل االولى المختمطة الرسمية,ضواحي بيروت المباشرة الشمالية,رسمي,رسمي,مختلطة,سن الفيل - ماارلياس - شارع حبيب ابي شيبل مختمطة,,,
66,برج حمود الرسمية - الفرع الفرنسي,ضواحي بيروت المباشرة الشمالية,رسمي,رسمي,مختلطة,برج حمود - الصالومي مختمطة,,,
07,التحويطة المختمطة الرسمية,ضواحي بيروت المباشرة الجنوبية,رسمي,رسمي,مختلطة,التحويطة - شارع الياس ابي ارشد مختمطة,,,
37,الشياح الرسمية الثانية المختمطة انكميزي,ضواحي بيروت المباشرة الجنوبية,رسمي,رسمي,مختلطة,عين الرمانة - شارع وديع نعيم مختمطة,,,
57,الشياح الثانية المتوسطة الرسمية لمبنات,ضواحي بيروت المباشرة الجنوبية,رسمي,رسمي,,مارمارون - شارع لمع لمع لمبنات,,,
87,ثانوية المربي احمد كزما الرسميو لمبنات - الغبيري,ضواحي بيروت المباشرة الجنوبية,رسمي,رسمي,,الغبيري - شارع عبدالكريم الخميل -روضة الشييدي لمبنات,99560017,خاص,
97,الغبيري االولى االبتدائية المختمطة- فرنسي,ضواحي بيروت المباشرة الجنوبية,رسمي,رسمي,مختلطة,الغبيري - المصبغة - شارع المصبغة مختمطة 5 7,,,
28,متوسطة الغبيري الثانية الرسمية المختمطة,ضواحي بيروت المباشرة الجنوبية,رسمي,رسمي,مختلطة,الغبيري - الجامع - شارع الجامع مختمطة,63926417,خاص,
68,الغبيري االولى الرسمية االبتدائية المختمطة انكميزي,ضواحي بيروت المباشرة الجنوبية,رسمي,رسمي,مختلطة,الغبيري - شارع درغام مختمطة 6 8,64075810,خاص,
88,روضة الغبيري الرسمية,ضواحي بيروت المباشرة الجنوبية,رسمي,رسمي,مختلطة,الغبيري - الحجاج - شارع الموسوي متفرع من عبد الكريم الخميل مختمطة,61525510,خاص,
5351,الشياح االولى الرسمية المختمطة,ضواحي بيروت المباشرة الجنوبية,رسمي,رسمي,مختلطة,الشياح - حي االميركان - كاليري سمعان مختمطة,,,
6651,ثانوية الغبيري الثالثة الرسمية لمبنات,ضواحي بيروت المباشرة الجنوبية,رسمي,رسمي,,الغبيري - شارع السفارة الكويتية لمبنات,22112810,,
29,ثانوية جديدة المتن الرسمية لمبنات,ضواحي بيروت القريبة الشمالية,رسمي,رسمي,,الجديدة - البوشرية - شارع االنوار لمبنات,05369810,خاص,فرنسية+فرنسية
49,سد البوشرية المتوسطة الرسمية لمبنات,ضواحي بيروت القريبة الشمالية,رسمي,رسمي,,سدالبوشرية - شارع مار تقبل لمبنات,,,
79,سد البوشرية االولى الرسميو المتوسطو المختمطو,ضواحي بيروت القريبة الشمالية,رسمي,رسمي,مختلطة,البوشرية - سد البوشرية - شارع الفردوس مختمطة,,,
99,ثانوية الدكوانة الرسمية,ضواحي بيروت القريبة الشمالية,رسمي,رسمي,مختلطة,الدكوانة - الساحو - شارع العام مختمطة,66878610,خاص,
001,المنصورية الرسمية المختمطة المتوسطة,ضواحي بيروت القريبة الشمالية,رسمي,رسمي,مختلطة,المنصورية - شارع الجامعو المبنانيو مختمطة 3 4,,,
101,ثانوية بيت مري الرسمية,ضواحي بيروت القريبة الشمالية,رسمي,رسمي,مختلطة,بيت مري - حي القمع - شارع مدرسة الفرير سابقا مختمطة,68807840,خاص,
201,بيت مري الرسمية المختمطة,ضواحي بيروت القريبة الشمالية,رسمي,رسمي,مختلطة,بيت مري - شارع العام مختمطة 2 8,,,
301,مدرسة بعبدا المختمطة الرسمية,ضواحي بيروت القريبة الوسطى,رسمي,رسمي,مختلطة,بعبدا - سيبنيو-قرب السفارة األردنية مختمطة,,,
701,الحدث المتوسطة المختمطة الرسمية,ضواحي بيروت القريبة الوسطى,رسمي,رسمي,مختلطة,الحدث - ساحة الدباس - شارع فؤاد الخوري مختمطة,49116450,خاص,فرنسية+فرنسية
901,كفرشيما الرسمية المختمطة,ضواحي بيروت القريبة الوسطى,رسمي,رسمي,مختلطة,كفرشيما - دير مار انطونيوس القرقفي مختمطة,,,
111,وادي شحرور الرسمية المختمطة المتوسطة,ضواحي بيروت القريبة الوسطى,رسمي,رسمي,مختلطة,وادي شحرور - وادي شحرور العميا - شارع الطريق العام مختمطة,,,
4351,سبنيو الرسمية المختمطة,ضواحي بيروت القريبة الوسطى,رسمي,رسمي,مختلطة,بعبدا - سنبيو - شارع الجامع مختمطة 5 3,,,
211,ثانوية برج البارجنة الرسمية لمبنات,ضواحي بيروت القريبة الجنوبية,رسمي,رسمي,مختلطة,برج البارجنة - شارع الرمل قرب مركز النجدة الشعبية لمبنات,91905410,خاص,فرنسية+فرنسية
511,برج البارجنة الرسمية الثالثة المختمطة - انكميزي,ضواحي بيروت القريبة الجنوبية,رسمي,رسمي,مختلطة,برج البارجنة - السياد - شارع مزرعة السياد مختمطة,,,
911,برج البارجنة الثانية الرسمية ق-ظ,ضواحي بيروت القريبة الجنوبية,رسمي,رسمي,مختلطة,برج البارجنة - برج البارجنة -المريجة - شارع البمدية-المريجة مختمطة,,,
321,حارة حريك االولى الرسمية المختمطة - ق - ظ,ضواحي بيروت القريبة الجنوبية,رسمي,رسمي,مختلطة,حارة حريك - شارع العام مختمطة,,,
421,ثانوية حارة حريك الرسمية لمصبيان,ضواحي بيروت القريبة الجنوبية,رسمي,رسمي,,حارة حريك - شارع الرئيسي لمبنين 12 81,,,
621,مدرسة حارة حريك الثانية الرسمية المختمطة- المتوسطة,ضواحي بيروت القريبة الجنوبية,رسمي,رسمي,مختلطة,حارة حريك - شارع العام قرب جامع االمام الرضى مختمطة,,,
821,الغدير الرسمية المختمطة - ق - ظ,ضواحي بيروت القريبة الجنوبية,رسمي,رسمي,مختلطة,تحويطة الغدير - شارع الرئيسي مختمطة 6 11,,,
3931,تحويطة الغدير الرسمية,ضواحي بيروت القريبة الجنوبية,رسمي,رسمي,مختلطة,تحويطة الغدير - السياد - شارع السياد مختمطة,,,
7441,مدرسة برج البارجنة الرسمية الاربعة ق.ظ. - انكميزي,ضواحي بيروت القريبة الجنوبية,رسمي,رسمي,مختلطة,برج البارجنة - الرمل - شارع طريق المطار قرب مستشفى الرسول مختمطة,,,
3751,ثانوية حسين مكتبي المريجة الميمكي,ضواحي بيروت القريبة الجنوبية,رسمي,رسمي,,المريجة - شارع يوسف الطويل لمبنين,87037410,خاص,فرنسية+إنكليزية
921,الصفار المتوسطة الرسمية المختمطة,ضواحي بيروت البعيدة كسروان,رسمي,رسمي,مختلطة,الصفار - شارع مار جرجس مختمطة,,,
131,حارة صخر المتوسطة الرسمية المختمطة,ضواحي بيروت البعيدة كسروان,رسمي,رسمي,مختلطة,حارة صخر - سيدة المعونات - شارع العام مختمطة,,,
331,مدرسة المربي ادوار ضو الرسمية - غادير,ضواحي بيروت البعيدة كسروان,رسمي,رسمي,مختلطة,غادير - شارع سيدة لورد مختمطة,,,
531,متوسطة الياس ابو شبكة الرسمية المختمطة,ضواحي بيروت البعيدة كسروان,رسمي,رسمي,مختلطة,ذوق مكايل - شارع حارة المير مختمطة,,,
631,ثانوية الياس ابو شبكة الرسمية,ضواحي بيروت البعيدة كسروان,رسمي,رسمي,مختلطة,,26091290,خاص,فرنسية+فرنسية
831,ذوق مصبح الرسمية المتوسطة,ضواحي بيروت البعيدة كسروان,رسمي,رسمي,مختلطة,ذوق مصبح - ذوق مصبح ابي عون - شارع المدرسة الرسمية مختمطة,,,
3841,ثانوية جورج افارم الرسمية النموذجية المختمطة,ضواحي بيروت البعيدة كسروان,رسمي,رسمي,مختلطة,غادير - شارع دير األرمن مختمطة 8 31,04773690,خاص,
931,ابتدائية الضبية الرسمية المختمطة,ضواحي بيروت البعيدة المتن,رسمي,رسمي,مختلطة,الضبية - شارع قرب دير مار جرجس - عوكر مختمطة,,,
141,متوسطة انطمياس الرسمية المختمطة,ضواحي بيروت البعيدة المتن,رسمي,رسمي,مختلطة,انطمياس - النقاش - شارع خميل فرح مختمطة,,,
341,مزرعة يشوع الرسمية المختمطة المتوسطة,ضواحي بيروت البعيدة المتن,رسمي,رسمي,مختلطة,مزرعة يشوع - شارع مار مارون مختمطة,,,
541,متوسطة جل الديب الرسمية لمصبيان,ضواحي بيروت البعيدة المتن,رسمي,رسمي,مختلطة,جل الديب - شارع القيامة مختمطة,,,
641,ثانوية جل الديب الرسمية,ضواحي بيروت البعيدة المتن,رسمي,رسمي,مختلطة,جل الديب - شارع قزحيا ابو جودة مختمطة 5 71,53751740,خاص,فرنسية+فرنسية
741,متوسطة الزلقا الرسمية المختمطة - ق - ظ,ضواحي بيروت البعيدة المتن,رسمي,رسمي,مختلطة,الزلقا - شارع سريح مختمطة,,,
841,ثانوية الزلقا الرسمية ب - ظ,ضواحي بيروت البعيدة المتن,رسمي,رسمي,مختلطة,الزلقا - شارع الشييد بشعبلني مختمطة 4 11,68585307,خاص,
051,عقبة بياقوت الرسمية المختمطة,ضواحي بيروت البعيدة المتن,رسمي,رسمي,مختلطة,بياقوت - شارع عقبو مختمطة,,,
251,ثانوية عرمون الرسمية,ضواحي بيروت البعيدة عاليه,رسمي,رسمي,مختلطة,,61801450,الدولة,
451,المعروفية الرسمية المختمطة,ضواحي بيروت البعيدة عاليه,رسمي,رسمي,مختلطة,,,,
651,الشويفات العمروسية الرسمية المختمطة,ضواحي بيروت البعيدة عاليه,رسمي,رسمي,مختلطة,الشويفات - االمارء الميدان مختمطة,,,
851,اسماعيل امان حسن حيدر الرسمية لمصبيان,ضواحي بيروت البعيدة عاليه,رسمي,رسمي,,الشويفات - القبة - شارع القبة لمبنين,,,
951,الشويفات االمارء الرسمية المختمطة,ضواحي بيروت البعيدة عاليه,رسمي,رسمي,مختلطة,الشويفات - االمارء - شارع االمارء مختمطة 4 3,,,
061,ديرقوبل الرسمية المختمطة,ضواحي بيروت البعيدة عاليه,رسمي,رسمي,مختلطة,,,,
161,بدادون الرسمية المتوسطة المختمطة,ضواحي بيروت البعيدة عاليه,رسمي,رسمي,مختلطة,بدادون - شارع العام مختمطة 1 2,,,
7931,العمروسية االولى المتوسطة المختمطة,ضواحي بيروت البعيدة عاليه,رسمي,رسمي,مختلطة,العمروسية - شارع طريق صيدا القديمة مختمطة,,,
4751,ثانوية الرئيس الشييد رفيق الحريري الرسمية المختمطة,ضواحي بيروت البعيدة عاليه,رسمي,رسمي,مختلطة,الشويفات - جامع الحسن - شارع التمثال مختمطة,,,
8751,العمروسية الثالثة المتوسطة الرسمية المختمطة,ضواحي بيروت البعيدة عاليه,رسمي,رسمي,مختلطة,العمروسية - شارع البركات مختمطة,,,
261,الناعمة المتوسطة المختمطة الرسمية,ضواحي بيروت البعيدة الشوف,رسمي,رسمي,مختلطة,الناعمة - الساحة العامة - شارع العام مختمطة,,,
461,ثانوية الشييد رفيق الحريري الرسمية-حارة الناعمة الرسمية,ضواحي بيروت البعيدة الشوف,رسمي,رسمي,مختلطة,حارة الناعمة - الخميج - شارع العام مختمطة,83800650,,فرنسية+فرنسية
2541,ثانوية الدامور الرسمية,ضواحي بيروت البعيدة الشوف,رسمي,رسمي,مختلطة,الدامور - المشاع الدامور - شارع الطريق العام مختمطة,,,
561,ثانوية السيدة منى عدوان قرداحي الرسمية,جبيل,رسمي,رسمي,مختلطة,جبيل - شارع االليزيو مختمطة,83304590,خاص,فرنسية+فرنسية
761,جبيل االولى الرسمية المتوسطة المختمطة,جبيل,رسمي,رسمي,مختلطة,جبيل - ماريعقوب مختمطة,,,
961,جبيل الاربعة الرسمية المختمطة,جبيل,رسمي,رسمي,مختلطة,جبيل - شارع االليزية مختمطة,,,
371,بشمي المختمطة المتوسطة الرسمية,جبيل,رسمي,رسمي,مختلطة,بشمي - شارع مار يوسف مختمطة,,,
471,الفيدار المختمطة المتوسطة الرسمية,جبيل,رسمي,رسمي,مختلطة,الفيدار - المدرسةالرسمية - شارع العام مختمطة 5 5,,,
571,حاالت الرسمية المتوسطة المختمطة,جبيل,رسمي,رسمي,مختلطة,حاالت - مارجرجس - شارع مار جرجس مختمطة,,,
771,دون بوسكو الرسمية المتوسطة المختمطة,جبيل,رسمي,رسمي,مختلطة,الحصون - شارع العام مختمطة 3 3,,,
871,عمشيت الرسمية المتوسطة المختمطة,جبيل,رسمي,رسمي,مختلطة,عمشيت - عمشيت البحر بناء CUB سابق - شارع الجامعة المبنانية مختمطة,75422690,خاص,فرنسية+فرنسية
081,مدرسة اسطفان جوان عاصي الرسمية المختمطة,جبيل,رسمي,رسمي,مختلطة,حصاارت - حرف الدير - شارع العام مختمطة,,,
091,مشمش الرسمية المختمطة المتوسطة,جبيل,رسمي,رسمي,مختلطة,مشمش - خعبيا مختمطة,,,
591,ثانوية قرطبا الرسمية,جبيل,رسمي,رسمي,مختلطة,قرطبا - شارع سيدة الحرزمانية مختمطة,,,
691,افقا الرسمية المختمطة,جبيل,رسمي,رسمي,مختلطة,افقا - افقا/ حاص المسؤولة - شارع العام مختمطة 1,,,
4641,ثانوية اىمج الرسمية,جبيل,رسمي,رسمي,مختلطة,اىمج - الشارع العام - شارع العام مختمطة,83340590,خاص,
2851,مدرسة انطون سعيد الرسمية - تجمع روضات مشان,جبيل,رسمي,رسمي,مختلطة,مشان - شارع الشارع العام مختمطة 2,76075867,الدولة,
7851,ثانوية جبيل الرسمية - فرع حصاارت,جبيل,رسمي,رسمي,مختلطة,,72042407,الدولة,
991,ثانوية عجمتون الرسمية,كسروان,رسمي,رسمي,مختلطة,عجمتون - الصخريات - شارع الصخريات مختمطة,54801367,الدولة,فرنسية+فرنسية
202,حارجل المتوسطة الرسمية المختمطة,كسروان,رسمي,رسمي,مختلطة,حارجل - قرب البريد - شارع العام الداخمي مختمطة,,,
602,ثانوية غوسطا الرسمية,كسروان,رسمي,رسمي,مختلطة,غسطا - البريد - شارع العام مختمطة,71923330,خاص,فرنسية+فرنسية
902,ثانوية غزير الرسمية المختمطة,كسروان,رسمي,رسمي,مختلطة,غزير - شارع الثانوية مختمطة,,,
112,ثانوية الكفور الرسمية المختمطة,كسروان,رسمي,رسمي,مختلطة,الكفور - مار جرجس - شارع اديب كرم مختمطة 5 8,60408790,,فرنسية+فرنسية
212,مدرسة الكفور المختمطة الرسمية,كسروان,رسمي,رسمي,مختلطة,الكفور - شارع اديب كرم مختمطة,,,
612,يحشوش المتوسطة الرسمية المختمطة,كسروان,رسمي,رسمي,مختلطة,يحشوش - شارع الحصواني مختمطة 2 1,,,
7141,ثانوية القاضي د. يوسف عمرو الرسمية,كسروان,رسمي,رسمي,مختلطة,,,,
6951,ثانوية كفرذبيان الرسمية,كسروان,رسمي,رسمي,مختلطة,كفردبيان - الزيرة - شارع العام مختمطة,59500390,الدولة,
712,مدرسة بيت شباب االبتدائية الرسمية,المتن,رسمي,رسمي,مختلطة,بيت شباب - السيده الكبرى - شارع السيمة مختمطة,,,
022,متوسطة المحيدثة الرسمية المختمطة,المتن,رسمي,رسمي,مختلطة,المحيدثة مختمطة,,,
322,ثانوية بتغرين الرسمية المختمطة,المتن,رسمي,رسمي,مختلطة,بتغرين - العين مختمطة,,,
522,ثانوية بسكنتا الرسمية,المتن,رسمي,رسمي,مختلطة,بسكنتا - الحصين مختمطة,,,
722,ثانوية ضيور الشوير الرسمية,المتن,رسمي,رسمي,مختلطة,ضيوارلشوير - عين الحانوت مختمطة 6 32,,,
822,الشوير الرسمية االبتدائية المختمطة,المتن,رسمي,رسمي,مختلطة,الشوير - شارع القديم مختمطة,,,
232,المتين الرسمية المتوسطة المختمطة,المتن,رسمي,رسمي,مختلطة,المتين - كنيسة السيدة - شارع العام مختمطة 3 3,,,
432,برمانا الرسمية المتوسطة المختمطة,المتن,رسمي,رسمي,مختلطة,برمانا - شارع ارىبات الصميب مختمطة,,,
4051,ثانوية بيت شباب الرسمية,المتن,رسمي,رسمي,مختلطة,بيت شباب - الصوانة - شارع العام مختمطة,,,
632,ثانوية قرنايل الرسمية,بعبدا,رسمي,رسمي,مختلطة,قرنايل - المدارس مختمطة,94306350,الدولة,
832,بزبدين الرسمية المتوسطة المختمطة,بعبدا,رسمي,رسمي,مختلطة,بزبدين - شارع العام مختمطة,,,
042,المربية نبية اسعد غرز الدين المتوسطة -(سابقاً ارس المتن ),بعبدا,رسمي,رسمي,مختلطة,ارس المتن - عين حمزه مختمطة,,,
342,خريبة المتن الرسمية المختمطة,بعبدا,رسمي,رسمي,مختلطة,الخريبة - شارع العام مختمطة,,,
442,فالوغا الرسمية التكميمية,بعبدا,رسمي,رسمي,مختلطة,فالوغا - الدورة - شارع العام مختمطة 2 9,,,
542,مدرسة خموات فالوغا الرسمية المتوسطة المختمطة,بعبدا,رسمي,رسمي,مختلطة,خموات /فالوغا - خموات - شارع العام مختمطة,,,
642,بتخنية الرسمية المتوسطة المختمطة,بعبدا,رسمي,رسمي,مختلطة,بتخنية - خموة اسد - شارع العام مختمطة 6,,,
742,قبيع الرسمية المتوسطة المختمطة,بعبدا,رسمي,رسمي,مختلطة,قبيع - شارع العام مختمطة,,,
942,القرية الرسمية المتوسطة المختمطة,بعبدا,رسمي,رسمي,مختلطة,القرية - شارع العام مختمطة,,,
152,اليبللية الرسمية المختمطة,بعبدا,رسمي,رسمي,مختلطة,,,,
352,مدرسة بعمشمية الرسمية المتوسطة المختمطة,بعبدا,رسمي,رسمي,مختلطة,بعمشمية - شارع المدرسة مختمطة,,,
452,صميما المتوسطة المختمطة الرسمية,بعبدا,رسمي,رسمي,مختلطة,صميما - الغربي الساري - شارع العام مختمطة 4 4,,,
6931,مدرسة حمانا الرسمية المختمطة,بعبدا,رسمي,رسمي,مختلطة,حمانا - الشاغور - شارع العام مختمطة,,,
6151,ثانوية نجيب بك صالحة الرسمية-ارس المتن,بعبدا,رسمي,رسمي,مختلطة,,78008350,الدولة,
1851,ثانوية العبادية الرسمية,بعبدا,رسمي,رسمي,مختلطة,العبادية - منطقة الحصن - شارع الحصن مختمطة,41215550,الدولة,
552,ثانوية مارون عبود الرسمية - عاليو سابقا,عاليه,رسمي,رسمي,مختلطة,عالية - طريق بخشتيو - شارع مارون عبود مختمطة,52745550,خاص,فرنسية+فرنسية
752,متوسطة عاليو الرسمية المختمطة,عاليه,رسمي,رسمي,مختلطة,عالية - شارع بشاره الخوري مختمطة,,,
952,القماطية المتوسطة الرسمية المختمطة,عاليه,رسمي,رسمي,مختلطة,القماطية - الجامع - شارع العام مختمطة,,,
162,كيفون الرسمية المتوسطة المختمطة,عاليه,رسمي,رسمي,مختلطة,كيفون - الساحو - شارع الجامع مختمطة,,,
262,ثانوية بيصور الرسمية,عاليه,رسمي,رسمي,مختلطة,بيصور - الحرج مختمطة 9 31,03307550,الدولة,
362,بيصور الرسمية المتوسطة المختمطة,عاليه,رسمي,رسمي,مختلطة,بيصور - شارع حرج العاصي مختمطة,,,
462,مجدليا الرسمية المتوسطة المختمطة,عاليه,رسمي,رسمي,مختلطة,مجدليا - شارع العام - قرب القاعة مختمطة 5 11,,,
562,عيناب المختمطة الرسمية,عاليه,رسمي,رسمي,مختلطة,عيناب - شارع العام مختمطة,,,
762,ثانوية حسين مسعود الرسمية المختمطة,عاليه,رسمي,رسمي,مختلطة,,,,
962,بتاتر المختمطة الرسمية,عاليه,رسمي,رسمي,مختلطة,بتاتر - شارع العام مختمطة,,,
272,مجدلبعنا المختمطة المتوسطة الرسمية,عاليه,رسمي,رسمي,مختلطة,مجدلبعنا - شارع العام مختمطة,,,
372,ثانوية مجدلبعنا الرسمية,عاليه,رسمي,رسمي,مختلطة,,05909250,خاص,
472,المشرفو المختمطة الرسمية,عاليه,رسمي,رسمي,مختلطة,المشرفة - شارع طريق المشرفة الرممية مختمطة,,,
572,بدغان الرسمية المتوسطة المختمطة,عاليه,رسمي,رسمي,مختلطة,بدغان - الرويس - شارع العام مختمطة 3 8,,,
672,شارون الرسمية المتوسطة المختمطة,عاليه,رسمي,رسمي,مختلطة,شارون - الست سارة - شارع الورد مختمطة,,,
972,العزونية الرسمية المتوسطة المختمطة,عاليه,رسمي,رسمي,مختلطة,,,,
482,الرمميو الرسمية المتوسطة المختمطة,عاليه,رسمي,رسمي,مختلطة,الرممية - السنديانو - شارع الطريق العام مختمطة,,,
682,كفرمتى المختمطة المتوسطة الرسمية,عاليه,رسمي,رسمي,مختلطة,كفرمتى - الحسني مختمطة,,,
782,بعورتو الرسمية المتوسطو المختمطة,عاليه,رسمي,رسمي,مختلطة,بعورتة - بعورتو - شارع الطريق العام مختمطة 3 11,,,
882,مدرسة البنيو الرسمية المتوسطة المختمطة,عاليه,رسمي,رسمي,مختلطة,البنية - شارع البنيو - عبيو مختمطة,,,
982,البساتين المتوسطة الرسمية المختمطة,عاليه,رسمي,رسمي,مختلطة,البساتين - الرويسو - شارع الشيداء مختمطة 4 8,,,
3431,عيتات الرسمية المختمطة,عاليه,رسمي,رسمي,مختلطة,,,,
5841,قبرشمون - رمحاالالمختمطة الرسمية,عاليه,رسمي,رسمي,مختلطة,قبرشمون - المستشفى - شارع العام مختمطة,,,
4651,مدرسة بحمدون العميا الرسمية,عاليه,رسمي,رسمي,مختلطة,بحمدون الضيعة - شارع احمد بعجور مختمطة,,,
1061,ثانوية مارون عبود الرسمية - فرع رشميا,عاليه,رسمي,رسمي,مختلطة,رشميا - النبع - شارع العام مختمطة,04508250,خاص,
092,ثانوية برجا الرسمية المختمطة,الشوف,رسمي,رسمي,مختلطة,برجا - الروس - شارع القمعة مختمطة,18532670,الدولة,فرنسية+فرنسية
292,برجا المتوسطة الرسمية لمبنات,الشوف,رسمي,رسمي,,برجا - البيادر برجا - شارع عين الصغير لمبنات,,,
492,بعاصير المختمطة المتوسطة الرسمية,الشوف,رسمي,رسمي,مختلطة,,,,
792,الجية االولى المختمطة المتوسطة الرسمية,الشوف,رسمي,رسمي,مختلطة,الجية - النبي يونس مختمطة,,,
892,كفرحيم المختمطة المتوسطة الرسمية,الشوف,رسمي,رسمي,مختلطة,كفرحيم - الرمل مختمطة 3 41,,,
992,ثانوية كفرحيم الرسمية,الشوف,رسمي,رسمي,مختلطة,كفرحيم - التعمير - شارع الثانوية - التعمير مختمطة,66802750,خاص,
003,مدرسة دميت المختمطة المتوسطة الرسمية,الشوف,رسمي,رسمي,مختلطة,دميت - الشميس مختمطة 5 01,,,
103,الجاىمية المتوسطة الرسمية المختمطة,الشوف,رسمي,رسمي,مختلطة,الجاىمية - المشايخ - شارع الحارة الفوقا مختمطة,,,
303,بشتفين المتوسطة الرسمية المختمطة,الشوف,رسمي,رسمي,مختلطة,بشتفين - شارع العام مختمطة,,,
503,ثانوية المؤرخ جوزف نعمو الرسمية,الشوف,رسمي,رسمي,مختلطة,ديارلقمر - مارعبدا مختمطة,74150550,الدولة,فرنسية+فرنسية
703,المربي رؤوف ابي غانم المتوسطة المختمطة الرسمية - كفرنبرخ,الشوف,رسمي,رسمي,مختلطة,كفرنبرخ - التعمير مختمطة,,,
803,مدرسة عينبال عترين الرسمية,الشوف,رسمي,رسمي,مختلطة,عترين - البمدية - شارع طريق عام مختمطة 2 1,,,
903,غريفة المختمطة المتوسطة الرسمية,الشوف,رسمي,رسمي,مختلطة,,,,
013,ثانوية بعقمين الرسمية,الشوف,رسمي,رسمي,مختلطة,بعقمين - شارع عين الحطاب مختمطة 01 23,23540350,الدولة,
113,بعقمين المتوسطة الرسمية المختمطة,الشوف,رسمي,رسمي,مختلطة,بعقمين - المرج - شارع السمقانية -بعقمين مختمطة,,,
313,ثانوية المختارة الرسمية,الشوف,رسمي,رسمي,مختلطة,الجديدة - شارع الشارع العام مختمطة,33501350,خاص,
513,عين وزين المتوسطة الرسمية المختمطة,الشوف,رسمي,رسمي,مختلطة,عين وزين - القاطع - شارع متفرع من الشارع الرئيسي مختمطة,,,
713,عماطور المختمطة المتوسطة الرسمية,الشوف,رسمي,رسمي,مختلطة,عماطور - شارع العام مختمطة,,,
813,باتارلرسمية المتوسطة المختمطة,الشوف,رسمي,رسمي,مختلطة,,,,
913,نيحا الشوف المتوسطة الرسمية المختمطة,الشوف,رسمي,رسمي,مختلطة,نيحا - شارع العام مختمطة,,,
323,خريبة الشوف المختمطة المتوسطة الرسمية,الشوف,رسمي,رسمي,مختلطة,الخريبة - شارع العام مختمطة 1 7,,,
523,ثانوية عين زحمتا الرسمية,الشوف,رسمي,رسمي,مختلطة,,,,
823,بتمون الرسمية المتوسطة المختمطة,الشوف,رسمي,رسمي,مختلطة,,,,
033,بريح الرسمية المتوسطة المختمطة,الشوف,رسمي,رسمي,مختلطة,بريح - البيادر مختمطة,,,
333,شحيم الرسمية الثالثة -الفرع االنكميزي,الشوف,رسمي,رسمي,مختلطة,شحيم - شارع جبل سويد مختمطة,,,
433,شحيم الرسمية الثانية - الفرع الفرنسي,الشوف,رسمي,رسمي,مختلطة,شحيم - شحيم - الببلط مختمطة 7 21,,,
933,شحيم الرسمية االولى/القسم الفرنسي,الشوف,رسمي,رسمي,مختلطة,شحيم - جبل سويد مختمطة,,,
043,عانوت المتوسطة المختمطة الرسمية,الشوف,رسمي,رسمي,مختلطة,عانوت - البركة مختمطة 5 11,,,
143,ثانوية عانوت الرسمية,الشوف,رسمي,رسمي,مختلطة,عانوت - شارع الشارع العام مختمطة,37224270,الدولة,فرنسية+فرنسية
343,الزعرورية المختمطة المتوسطة الرسمية,الشوف,رسمي,رسمي,مختلطة,,,,
643,المغيرية المتوسطة الرسمية المختمطة,الشوف,رسمي,رسمي,مختلطة,المغيرية - الدىور مختمطة,,,
843,كترمايا المتوسطة الرسمية المختمطة,الشوف,رسمي,رسمي,مختلطة,كترمايا - شارع العام مختمطة,,,
943,ثانوية منيره ابو مرعي البمبل الرسمية (كترمايا),الشوف,رسمي,رسمي,مختلطة,كترمايا - طريق المعنية مختمطة 4 01,09717970,الدولة,فرنسية+فرنسية
053,سبمين الرسمية المتوسطة المختمطة,الشوف,رسمي,رسمي,مختلطة,سبمين - الجامع مختمطة,,,
153,الوردانية المختمطة المتوسطة الرسمية,الشوف,رسمي,رسمي,مختلطة,الوردانية - المحافر - شارع العام مختمطة 2 4,,,
253,الرميمة المختمطة المتوسطة الرسمية,الشوف,رسمي,رسمي,مختلطة,الرميمة - شارع الكنيسة مختمطة,,,
5931,ثانوية نيحا الرسمية,الشوف,رسمي,رسمي,مختلطة,نيحا - شارع الرئيسي مختمطة,,,
3541,ثانوية بتمون الرسمية المختمطة,الشوف,رسمي,رسمي,مختلطة,بتمون - الشريفة - شارع العام مختمطة,23504250,الدولة,فرنسية+فرنسية
7841,ثانوية شحيم/فرع الزعرورية,الشوف,رسمي,رسمي,مختلطة,الزعرورية - الجامع الجديد - شارع العام مختمطة,55308970,الدولة,
553,الفضيمة الرسمية لمصبيان,طرابلس المدينة,رسمي,رسمي,,ابوسمار - زيتون - شارع الخناق النور لمبنين,40501460,خاص,فرنسية+فرنسية
753,مي الثانية الرسمية لمبنات,طرابلس المدينة,رسمي,رسمي,,التل والمدينة الوسطى - شارع المدارس لمبنات,16233460,الدولة,فرنسية+فرنسية
953,النموذج الرسمية لمبنات,طرابلس المدينة,رسمي,رسمي,,التل والمدينة الوسطى - الجميازت - شارع الشيخ سميم تقبل لمبنات,,,
163,الجديده الرسميو لمبنات,طرابلس المدينة,رسمي,رسمي,,السكر - شارع امين المقدم لمبنات,,,
263,دوحة االدب الرسمية لمبنات,طرابلس المدينة,رسمي,رسمي,,ساحة النجمة - النجمو - شارع النجمة لمبنات 4 8,,,
363,الجديدة الرسمية لمبنين - (مجمع التل),طرابلس المدينة,رسمي,رسمي,,التل والمدينة الوسطى - شارع طارق بن زياد لمبنين,,,
463,طاربمس االولى الرسمية لمصبيان,طرابلس المدينة,رسمي,رسمي,مختلطة,ساحة النجمة - النجمة - شارع القنواتي مختمطة 4 5,,,
763,النموذج لمبنين,طرابلس المدينة,رسمي,رسمي,,التل والمدينة الوسطى - شارع المدارس لمبنين,,,
273,ثانوية المربي حسن الحجو الرسمية ق.ظ.,طرابلس المدينة,رسمي,رسمي,,الازىرية - شارع المئتين لمبنين,,,
573,فرح انطون الرسمية لمبنين,طرابلس المدينة,رسمي,رسمي,,التل والمدينة الوسطى - شارع المدارس لمبنين,54282660,الدولة,فرنسية+فرنسية
773,روضة التل - الازىرية الرسمية المختمطة,طرابلس المدينة,رسمي,رسمي,مختلطة,التل والمدينة الوسطى - الكاردينال سمعاني - شارع المطارن مختمطة,50534460,خاص,
083,اليدى الرسمية لمصبيان,طرابلس المدينة,رسمي,رسمي,مختلطة,باب الحديد - شارع رشيد كارمي مختمطة 2 1,,,
183,ثانوية المربي فضل المقدم الرسمية لمبنات,طرابلس المدينة,رسمي,رسمي,,طاربمس (م) - الازىرية - شارع لطيفة لمبنات,19782660,خاص,
283,روضة التبانة المختمطة,طرابلس المدينة,رسمي,رسمي,مختلطة,خان العسكر - الدباغة - شارع كارج مارد مختمطة 4,56872660,الدولة,
383,ثانوية اندره نحاس الرسمية-لمبنات الميناء,طرابلس المدينة,رسمي,رسمي,,الميناء - شارع سعيد فريحة لمبنات,94010660,خاص,فرنسية+إنكليزية
583,الحياة الرسمية لمبنات,طرابلس المدينة,رسمي,رسمي,,الميناء - شارع الشيداء قرب القاعة الرياضية لمبنات,,,
783,البنات االولى الرسمية,طرابلس المدينة,رسمي,رسمي,,الميناء - شارع بساتين الميناء لمبنات,,,
983,عدنان زكي درويش الرسمية لمبنين,طرابلس المدينة,رسمي,رسمي,,الميناء - شارع ىاشم الحسيني لمبنين,,,
093,روضة الميناء االولى الرسمية,طرابلس المدينة,رسمي,رسمي,مختلطة,الميناء - شارع بور سعيد مختمطة 4 1,08310260,خاص,فرنسية+فرنسية
193,أرفت الحسيني الرسمية لمصبيان,طرابلس المدينة,رسمي,رسمي,,الميناء - الخارب - شارع الدكتور يعقوب لبان لمبنين,61700660,خاص,
293,النيضة الرسمية لمبنات,طرابلس المدينة,رسمي,رسمي,,الميناء - شارع الدكتور ىاشم الحسيني لمبنات 5 4,,,
393,النيضة الرسمية المختمطة,طرابلس المدينة,رسمي,رسمي,مختلطة,الميناء - الشيداء - شارع الزارعة مختمطة,,,
593,بطرس دوره لمبنين,طرابلس المدينة,رسمي,رسمي,,الميناء - الرممة - شارع ابن خمدون لمبنين,,,
793,التقدم الرسمية لمبنات,طرابلس المدينة,رسمي,رسمي,,باب الرمل-المدينة القديمة - شارع قبر الزيني- طريق بيروت القديمة لمبنات,,,
993,ثانوية المربي مواىب اسطى الرسمية لمبنين سابقاطاربمس الحدادين,طرابلس المدينة,رسمي,رسمي,,الحدادين - الرفاعية - شارع الرفاعيو لمبنين,,,
004,ابي سمارء االولى لمبنات,طرابلس المدينة,رسمي,رسمي,,ابوسمار - شارع المنار لمبنات 5 21,,,
104,الصبلح الرسمية لمبنات,طرابلس المدينة,رسمي,رسمي,,ابوسمار - شارع دار المعممين لمبنات,90062660,خاص,
204,النور الرسمية لمبنات,طرابلس المدينة,رسمي,رسمي,,ابوسمار - شارع ساحة الضناوي لمبنات 6 9,,,
304,الفيحاءالرسمية لمصبيان,طرابلس المدينة,رسمي,رسمي,,الحدادين - شارع طمعة الرفاعية لمبنين,43372660,خاص,فرنسية+فرنسية
504,الغازلي الرسمية لمصبيان,طرابلس المدينة,رسمي,رسمي,,ابوسمار - شارع سعدون لمبنين,,,
704,التدريب التربوي الرسمية لمبنات,طرابلس المدينة,رسمي,رسمي,,ابوسمار - شارع التدريب لمبنات,,,
904,مدرسة المربية سعاد المصري لمبنات الرسمية - طاربمس,طرابلس المدينة,رسمي,رسمي,,ابوسمار - شارع الشرفة لمبنات,,,
114,االميرة نسب الرسمية لمبنات,طرابلس المدينة,رسمي,رسمي,,ابوسمار - شارع جامع االيمان لمبنات 6 7,47392660,خاص,فرنسية+فرنسية
314,ثانوية طاربمس الحدادين الرسمية لمبنات,طرابلس المدينة,رسمي,رسمي,,ابوسمار - شارع الزيتون لمبنات,99243460,خاص,
414,روضة أبي سمارء االولى الرسمية,طرابلس المدينة,رسمي,رسمي,مختلطة,ابوسمار - شارع مفرق بارود مختمطة 5 3,51673460,خاص,
514,روضة ابي سمارء النموذجية,طرابلس المدينة,رسمي,رسمي,مختلطة,ابوسمار - الشارع - شارع التوحيد مختمطة,35552660,خاص,فرنسية+فرنسية
714,لقمان الرسمية المختمطة,طرابلس المدينة,رسمي,رسمي,مختلطة,الممولة - شارع المواء فؤاد شياب مختمطة,,,
024,سميمان البستاني المتوسطة الرسمية لمبنات,طرابلس المدينة,رسمي,رسمي,,القبة - شارع االميركان لمبنات,18048360,خاص,فرنسية+فرنسية
224,القبة الرسمية لمبنات,طرابلس المدينة,رسمي,رسمي,,القبة - شارع الحاووظ لمبنات,,,
324,ابن رشد الرسمية لمبنات,طرابلس المدينة,رسمي,رسمي,,القبة - البقار - شارع حارة لطيفة لمبنات 3,84658360,خاص,فرنسية+فرنسية
424,روضة ضير المغر الرسمية,طرابلس المدينة,رسمي,رسمي,مختلطة,القبة - شارع الحاووظ مختمطة,57309360,خاص,
524,الضياء الرسمية لمبنات,طرابلس المدينة,رسمي,رسمي,,القبة - شارع الارىبات لمبنات 2 4,95468360,خاص,
724,سميمان البستاني الرسمية لمبنين,طرابلس المدينة,رسمي,رسمي,مختلطة,القبة - شارع الزيتون مختمطة,,,
034,روضة القبة الرسمية,طرابلس المدينة,رسمي,رسمي,مختلطة,القبة - شارع ابن سينا مختمطة,87868360,خاص,فرنسية+فرنسية
234,ابن سينا الرسمية التكميمية لمصبيان,طرابلس المدينة,رسمي,رسمي,,القبة - شارع ابن سينا لمبنين,,,
844,ثانوية جورج صارف الرسمية,طرابلس المدينة,رسمي,رسمي,مختلطة,ابوسمار - جامعة المنار قرب الزىارء - شارع زيتون ابي سمارء مختمطة,00503460,الدولة,
7331,روضة لقمان الرسمية المختمطة,طرابلس المدينة,رسمي,رسمي,مختلطة,التبانة - سوق الخضرة - شارع التبانة مختمطة 3,05058360,خاص,فرنسية+فرنسية
8331,مجمع روضة بعل محسن الرسمية المختمطة,طرابلس المدينة,رسمي,رسمي,مختلطة,القبة - بعل محسن العالي مختمطة,82848360,خاص,
3731,روضو التبانة الثانية الرسمية,طرابلس المدينة,رسمي,رسمي,مختلطة,التبانة - شارع دنيا االطفال مستديرة دوار ابو عمي مختمطة 3 1,66509360,الدولة,
4731,تكميمية المربي سميح مولوي المختمطة,طرابلس المدينة,رسمي,رسمي,مختلطة,ابوسمار - حي النزىة مختمطة,,,
6731,روضة النشىء الجديد,طرابلس المدينة,رسمي,رسمي,مختلطة,التل والمدينة الوسطى - التل مختمطة,60432460,خاص,فرنسية+فرنسية
8731,حي النزىة الرسمية المختمطة,طرابلس المدينة,رسمي,رسمي,مختلطة,ابوسمار - النزىة - شارع ابي سمارء مختمطة,,,
2931,متوسطة التبانة الرسمية المختمطة,طرابلس المدينة,رسمي,رسمي,مختلطة,التبانة - شارع دوار أبو عمي مختمطة,,,
8931,القبة الرسمية المتوسطة لمبنات,طرابلس المدينة,رسمي,رسمي,,القبة - شارع خمف مدرسة الارىبات لمبنات 2 5,91878360,خاص,فرنسية+فرنسية
6541,بعل محسن الرسمية المختمطة,طرابلس المدينة,رسمي,رسمي,مختلطة,,,,
8841,ناتالي عاازر الرسمية لمبنات,طرابلس المدينة,رسمي,رسمي,,الميناء - شارع فرح انطون لمبنات 4 3,18260260,خاص,
2451,القبة الجديدة الرسمية المختمطة,طرابلس المدينة,رسمي,رسمي,مختلطة,القبة - الشعارني - شارع الميجرين مختمطة,00848360,الدولة,فرنسية+فرنسية
5551,ثانوية القبو الجديده الرسمية المختمطة,طرابلس المدينة,رسمي,رسمي,مختلطة,القبة - جامع قبة النصر - شارع البقار مختمطة,,,
7061,مي االولى الرسمية لمبنات,طرابلس المدينة,رسمي,رسمي,,طاربمس (م) - التل - شارع محمد كارني-البمدية لمبنات,48123460,الدولة,فرنسية+فرنسية
9261,مدرسة الازىرية التبانة الرسمية لمبنات,طرابلس المدينة,رسمي,رسمي,,,,,
1361,ثانوية عدنان الجسر الرسمية المختمطة,طرابلس المدينة,رسمي,رسمي,مختلطة,,52187030,,فرنسية+إنكليزية
4361,روضة الميناء المختمطة الرسمية,طرابلس المدينة,رسمي,رسمي,مختلطة,,10050260,الدولة,
144,البداوي الرسمية لمبنات,طرابلس الضواحي,رسمي,رسمي,,,,,
344,روضة البداوي الرسمية المختمطة االولى,طرابلس الضواحي,رسمي,رسمي,مختلطة,البداوي - شارع العام مختمطة,76978360,,فرنسية+فرنسية
544,القممون الرسمية لمبنات,طرابلس الضواحي,رسمي,رسمي,,القممون - شارع الحي الداخمي مقابل الجامع البحري لمبنات,,,
744,روضة القممون الرسمية,طرابلس الضواحي,رسمي,رسمي,مختلطة,القممون - طريق البممند - شارع طريق البممند-التجمع التربوي مختمطة,34800460,الدولة,
3041,وادي النحمة الرسمية المختمطة,طرابلس الضواحي,رسمي,رسمي,مختلطة,وادي النحمة - شارع المسجد مختمطة 4 2,,,
9141,البداوي االبتدائية الرسمية المختمطة,طرابلس الضواحي,رسمي,رسمي,مختلطة,البداوي - البدواي - شارع الجبل مختمطة,56609360,خاص,
0241,ثانوية البداوي الرسمية,طرابلس الضواحي,رسمي,رسمي,مختلطة,البداوي - الجبل - شارع الشييد رشيد كارمي مختمطة 6 51,99958360,خاص,
0251,روضة البداوي الثانية الرسمية,طرابلس الضواحي,رسمي,رسمي,مختلطة,البداوي - وادي النحمة - شارع العام مختمطة,55388360,الدولة,فرنسية+فرنسية
434,ثانوية المنيو الرسميو,طرابلس الضواحي,رسمي,رسمي,مختلطة,المنية - الحكر - شارع الطريق القديم مختمطة,,,
734,روضة المنية الرسمية المختمطة,طرابلس الضواحي,رسمي,رسمي,مختلطة,المنية مقالع - شارع الكنيسة القديمة مختمطة,44616460,خاص,فرنسية+فرنسية
934,المنية ببلط الرسمية المختمطة,طرابلس الضواحي,رسمي,رسمي,مختلطة,المنية ببلط - شارع الببلط مختمطة,,,
944,النبي يوشع الرسمية المختمطة,طرابلس الضواحي,رسمي,رسمي,مختلطة,النبي يوشع - شارع العام مختمطة,,,
054,مركبتا الرسمية المختمطة,طرابلس الضواحي,رسمي,رسمي,مختلطة,,,,
154,عدوة الرسمية المختمطة,طرابلس الضواحي,رسمي,رسمي,مختلطة,,,,
254,النبي كزيبر الرسمية المختمطة,طرابلس الضواحي,رسمي,رسمي,مختلطة,النبي كزبير - شارع العام مختمطة 51 4,,,
354,بحنين الرسمية المختمطة,طرابلس الضواحي,رسمي,رسمي,مختلطة,بحنين - شارع العام مختمطة,,,
554,دير عمار الرسمية لمبنات,طرابلس الضواحي,رسمي,رسمي,,دير عمار - البيادر - شارع العام لمبنات,,,
954,تكميمية بخعون الرسمية المختمطة,طرابلس الضواحي,رسمي,رسمي,مختلطة,بخعون - شارع مسجد العين مختمطة,,,
164,ثانوية بخعون الرسمية,طرابلس الضواحي,رسمي,رسمي,مختلطة,بخعون - الجورة - شارع العام مختمطة,,,
264,حقميت الرسمية المختمطة,طرابلس الضواحي,رسمي,رسمي,مختلطة,حقميت - شارع العام مختمطة 4 6,,,
364,حرف السياد الرسمية المختمطة,طرابلس الضواحي,رسمي,رسمي,مختلطة,حرف السياد - شارع ساحة البمدة مختمطة,,,
464,مدرسة المطل الرسمية المختمطة,طرابلس الضواحي,رسمي,رسمي,مختلطة,الواطية - المطل - شارع العام مختمطة 2 1,,,
664,حقل العزيمة الرسمية المختمطة,طرابلس الضواحي,رسمي,رسمي,مختلطة,حقل العزيمة - الطريق العام - شارع العام مختمطة,,,
964,حرف بيت زود الرسمية المختمطة,طرابلس الضواحي,رسمي,رسمي,مختلطة,حرف بيت زود - شارع العام مختمطة,,,
174,ثانوية سير الضنية الرسمية - فرع كفرحبو,طرابلس الضواحي,رسمي,رسمي,مختلطة,,53205260,خاص,فرنسية+فرنسية
374,ابن الييثم الرسمية المتوسطة,طرابلس الضواحي,رسمي,رسمي,مختلطة,السفيرة - ابن الييثم - شارع العام مختمطة,,,
474,السفيرة المتوسطة الرسمية,طرابلس الضواحي,رسمي,رسمي,مختلطة,السفيرة - شارع العام مختمطة 4 3,,,
674,بيت الفقس الرسمية المختمطة,طرابلس الضواحي,رسمي,رسمي,مختلطة,بيت الفقس - شارع العام مختمطة,,,
774,ثانوية بيت الفقس الرسمية,طرابلس الضواحي,رسمي,رسمي,مختلطة,بيت الفقس - شارع العام مختمطة 1 12,,,
974,عين التينة المختمطة الرسمية,طرابلس الضواحي,رسمي,رسمي,مختلطة,عين التينة - شارع العام مختمطة,,,
184,نمرين الرسميو المختمطة,طرابلس الضواحي,رسمي,رسمي,مختلطة,نمرين - الببلنو مختمطة,,,
484,حواره الرسمية المختمطة,طرابلس الضواحي,رسمي,رسمي,مختلطة,حوارة - المسجد مختمطة,,,
784,قرحيا الرسمية المختمطة,طرابلس الضواحي,رسمي,رسمي,مختلطة,قرحيا - شارع العام مختمطة,,,
884,جيرون الرسمية المختمطة,طرابلس الضواحي,رسمي,رسمي,مختلطة,جيرون - المسجد مختمطة 4,,,
984,القمامين المختمطة الرسمية,طرابلس الضواحي,رسمي,رسمي,مختلطة,القمامين - العين - شارع العام مختمطة,,,
094,ثانوية سير الضنية الرسمية,طرابلس الضواحي,رسمي,رسمي,مختلطة,سير الضنية - أول مدخل بمدة سير - شارع العام مختمطة 6 9,70309460,الدولة,
194,تكميمية سير الرسمية المختمطة,طرابلس الضواحي,رسمي,رسمي,مختلطة,سير الضنية - أول طمعة السقي مختمطة,,,
494,مدرسة روضة فتحية فتفت الرسمية المختمطة,طرابلس الضواحي,رسمي,رسمي,مختلطة,سير الضنية - المقاىي - شارع سير - الطريق العام مختمطة,03809460,الدولة,فرنسية+فرنسية
694,بقرصونا االولى الرسمية المختمطة,طرابلس الضواحي,رسمي,رسمي,مختلطة,بقرصونا - شارع بيت شوك مختمطة,,,
894,عاصون الرسمية المختمطة,طرابلس الضواحي,رسمي,رسمي,مختلطة,عاصون - الكنيسة - شارع الطريق لعام مختمطة,,,
994,ايازل الرسمية المختمطة,طرابلس الضواحي,رسمي,رسمي,مختلطة,ايازل - الطريق العام - شارع العام مختمطة 2,,,
005,القطين الرسمية المختمطة,طرابلس الضواحي,رسمي,رسمي,مختلطة,القطين - الشميس - شارع العام مختمطة,,,
105,طاارن الرسمية المختمطة,طرابلس الضواحي,رسمي,رسمي,مختلطة,طاارن - الطريق العام بطرماز مختمطة 6 4,,,
205,بطرماز الرسمية المختمطة,طرابلس الضواحي,رسمي,رسمي,مختلطة,بطرماز - الجنوبي - شارع العام مختمطة,,,
705,تكميمية حرف بيت حسنة المختمطة الرسمية,طرابلس الضواحي,رسمي,رسمي,مختلطة,حرف بيت حسنا - الجامع - شارع العام مختمطة,,,
6331,المنية الرسمية المختمطة - انكميزي,طرابلس الضواحي,رسمي,رسمي,مختلطة,المنية - الببلط - شارع عين البيضا مختمطة,,,
3831,مدرسة وادي سري - عصيموت الرسميو,طرابلس الضواحي,رسمي,رسمي,مختلطة,عصيوت - وادي سري - شارع العام مختمطة,,,
4831,متوسطة قرصيتا الرسميو الثانية,طرابلس الضواحي,رسمي,رسمي,مختلطة,قرصيتا - ضير الشير- التمع - شارع عام مختمطة 4 2,,,
5831,الريحانية الرسمية المختمطة-المنيو,طرابلس الضواحي,رسمي,رسمي,مختلطة,الريحانية - شارع العام مختمطة,,,
2041,كفربيتا الرسمية المختمطة,طرابلس الضواحي,رسمي,رسمي,مختلطة,كفربيتا - شارع بحنين مختمطة 4,,,
2251,ثانوية بيت الفقس - فرع قرصيتا,طرابلس الضواحي,رسمي,رسمي,مختلطة,قرصيتا - الجسر - شارع قرصيتا العام مختمطة,04206260,خاص,فرنسية+فرنسية
5451,ثانوية مارح السارج,طرابلس الضواحي,رسمي,رسمي,مختلطة,مارح السارج - شارع العام مختمطة,05204260,خاص,فرنسية+فرنسية
8451,ثانوية طاارن الرسمية,طرابلس الضواحي,رسمي,رسمي,مختلطة,طاارن - حجر الصيوان - شارع الثانوية مختمطة,05409460,خاص,فرنسية+فرنسية
6851,ثانوية الشييد الارئد وسام عيد الرسمية,طرابلس الضواحي,رسمي,رسمي,مختلطة,دير عمار - البواب دير عمار - شارع البواب مختمطة,77846460,الدولة,
0061,دبعل الغربية الرسمية المختمطة,طرابلس الضواحي,رسمي,رسمي,مختلطة,دبعل - دبعل الغربية - شارع العام - الشرفة مختمطة 1,,,
4261,ثانوية سير الضنية الرسمية - فرع ايازل,طرابلس الضواحي,رسمي,رسمي,مختلطة,ايازل - شارع العام مختمطة,47071017,خاص,
5261,ثانوية المنية الرسمية - فرع االنكميزي,طرابلس الضواحي,رسمي,رسمي,مختلطة,المنية - الشمبة قرب مستشفى الحكومي مختمطة 3 5,39116460,الدولة,
905,رفيق الحريري الرسمية المختمطة - تل عباس الغربي,عكار,رسمي,رسمي,مختلطة,,,,
315,الشيخ عياش الرسمية,عكار,رسمي,رسمي,مختلطة,الشيخ عياش - عبودية الشيخ عياش - شارع العام مختمطة,,,
515,تمبيرة الرسمية المختمطة,عكار,رسمي,رسمي,مختلطة,,,,
715,الحيصا المختمطة الرسمية,عكار,رسمي,رسمي,مختلطة,حيصا - شارع طريق طاربمس - حمص مختمطة,,,
815,رفيق الحريري الرسمية - تممعيان,عكار,رسمي,رسمي,مختلطة,تل معيان تل كرى - تممعيان - شارع جانب المسجد القديم مختمطة 4,,,
915,القميعات الرسمية المختمطة,عكار,رسمي,رسمي,مختلطة,,,,
025,الشيخ زناد الرسمية المختمطة,عكار,رسمي,رسمي,مختلطة,شيخ زناد - شارع العام مختمطة 1 1,,,
125,جوزف دوناتو الرسمية المختمطة - تمبيبو,عكار,رسمي,رسمي,مختلطة,تل بيبي - شارع العام مختمطة,,,
325,العريضة الرسمية المختمطة,عكار,رسمي,رسمي,مختلطة,العريضة - شارع الطريق العام مختمطة,,,
525,مدرسة المربي سميمان عزيز العمي الرسمية - حكر الضاىري,عكار,رسمي,رسمي,مختلطة,حكر الضاىري - شارع العام مختمطة,,,
725,حكر الحوشب الرسمية المختمطة,عكار,رسمي,رسمي,مختلطة,,,,
825,حمبا الرسميو المختمطة,عكار,رسمي,رسمي,مختلطة,حمبا - شارع طريق عام حمبا القيبات مختمطة 4 02,,,
035,ثانوية حمبا الرسمية,عكار,رسمي,رسمي,مختلطة,حمبا - شارع الطريق العام مختمطة,12929660,خاص,
135,روضة حمبا الرسمية المختمطة,عكار,رسمي,رسمي,مختلطة,حمبا - السوق - شارع المدارس مختمطة 6 1,06509660,الدولة,
235,عدبل الرسمية المختمطة,عكار,رسمي,رسمي,مختلطة,,,,
535,كروم عرب الرسمية المختمطة,عكار,رسمي,رسمي,مختلطة,كروم العرب - الزوق مختمطة,,,
735,بيت الحاج كوشا الرسمية المختمطة,عكار,رسمي,رسمي,مختلطة,كوشا - الجامع - شارع الجامع مختمطة,,,
935,جديدة الجومة التكميمية الرسمية المختمطة,عكار,رسمي,رسمي,مختلطة,,,,
145,مدرسة الدكتور يعقوب الصارف الرسمية,عكار,رسمي,رسمي,مختلطة,منيارة - شارع العام مختمطة 6 32,,,
245,منيارة الرسمية لمبنات,عكار,رسمي,رسمي,,منيارة - شارع الشرقي لمبنات,,,
345,ثانوية منيارة الرسمية,عكار,رسمي,رسمي,مختلطة,,81309660,الدولة,
645,الحاكور الرسمية المختمطة,عكار,رسمي,رسمي,مختلطة,الحاكور - شارع التمة مختمطة,,,
845,المباركية المختمطة الرسمية,عكار,رسمي,رسمي,مختلطة,,,,
155,ذوق الحبالصة المختمطة الرسمية,عكار,رسمي,رسمي,مختلطة,ذوق الحبالصة - شارع الشارع العام مختمطة,,,
455,ثانوية الشييد رفيق الحريري الرسمية - ببنين عكار,عكار,رسمي,رسمي,مختلطة,ببنين - ضيررّيا - شارع الطريق العام مختمطة,17707460,الدولة,
555,مدرسة المربي محمد خير الدين الرفاعي الرسمية-ببنين,عكار,رسمي,رسمي,,ببنين - الجواىرة (ريا) - شارع الداخمي لمبنين 5 7,,,
655,ببنين الرسمية لمبنات,عكار,رسمي,رسمي,,ببنين - المزارب - شارع العام لمبنات,44907460,خاص,
755,روضة ببنين الرسمية المختمطة,عكار,رسمي,رسمي,مختلطة,ببنين - كرم المزارب - شارع مفرق وادي الجاموس مختمطة 4,64507460,خاص,
855,المربي جورج نجيب فرح المختمطة الرسمية,عكار,رسمي,رسمي,مختلطة,العبدة - السيدة - شارع العام مختمطة,,,
065,قبة شمار الرسمية المختمطة,عكار,رسمي,رسمي,مختلطة,,,,
265,القرقف المختمطة الرسمية,عكار,رسمي,رسمي,مختلطة,قرقف - شارع العام مختمطة,,,
465,رفيق الحريري الرسمية - برقايل,عكار,رسمي,رسمي,مختلطة,برقايل - الكروم - شارع المدارس مختمطة,,,
565,ثانوية برقايل الرسمية,عكار,رسمي,رسمي,,برقايل - شارع العام لمبنين 8 72,,,
665,بازل المختمطة الرسمية,عكار,رسمي,رسمي,مختلطة,بازل - شارع العام مختمطة,,,
765,سفينة القيطع الرسمية المختمطة,عكار,رسمي,رسمي,مختلطة,سفينة القيطع - الجسر - شارع الجسر مختمطة 4 3,,,
865,حبشيت الرسمية المختمطة,عكار,رسمي,رسمي,مختلطة,,,,
075,عرب المفرق المختمطة الرسمية,عكار,رسمي,رسمي,مختلطة,برج العرب - حي الري - شارع العام مختمطة,,,
275,تكميمية الفاضل الرسمية - رماح,عكار,رسمي,رسمي,مختلطة,,,,
775,الكواشرة الرسمية المختمطة,عكار,رسمي,رسمي,مختلطة,كواشرة - الشرقي - شارع الحي الشرقي مختمطة,,,
975,عمار البيكات الرسميةالمختمطة,عكار,رسمي,رسمي,مختلطة,عمار البيكات - الكرم - شارع العام مختمطة 2 1,,,
085,مدرسة قشمق الرسمية,عكار,رسمي,رسمي,مختلطة,قشمق - شارع العام مختمطة,,,
185,وادي الحور الرسمية المختمطة,عكار,رسمي,رسمي,مختلطة,,,,
385,التميل الرسمية المختمطة,عكار,رسمي,رسمي,مختلطة,التميل - شارع الطريق القديم مختمطة,,,
585,خربة شار الرسمية المختمطة,عكار,رسمي,رسمي,مختلطة,,,,
985,البيرة الرسمية المختمطة,عكار,رسمي,رسمي,مختلطة,البيرة - شارع الطريق العام مختمطة,,,
195,مزرعة بمدة الرسمية المختمطة,عكار,رسمي,رسمي,مختلطة,,,,
395,السويسة الرسمية المختمطة,عكار,رسمي,رسمي,مختلطة,السويسة - 0 - شارع العام مختمطة 3,,,
495,رحبة الرسمية لمصبيان,عكار,رسمي,رسمي,مختلطة,رحبة - شارع الضيعة مختمطة,,,
595,رحبة الرسمية لمبنات,عكار,رسمي,رسمي,مختلطة,رحبة - الشريفة مختمطة 4 1,,,
695,ثانوية رحبة الرسمية,عكار,رسمي,رسمي,مختلطة,,20609860,الدولة,فرنسية+فرنسية
895,مدرسة ايبلت الرسمية المختمطة,عكار,رسمي,رسمي,مختلطة,ايبلت - المدرسة - شارع العام مختمطة,,,
006,حيزوق المختمطة الرسمية,عكار,رسمي,رسمي,مختلطة,حيزوق - شارع عام مختمطة,,,
306,ثانوية العيون الرسمية,عكار,رسمي,رسمي,مختلطة,العيون - شارع العام مختمطة,45206360,خاص,
806,بزبينا الرسمية المختمطة,عكار,رسمي,رسمي,مختلطة,بزبينا - شارع العام مختمطة 2 5,,,
906,تجمع صفوف الروضة الرسمية بزبينا,عكار,رسمي,رسمي,مختلطة,بزبينا - شارع الطريق العام مختمطة,92040917,الدولة,
016,عين يعقوب الرسمية المختمطة,عكار,رسمي,رسمي,مختلطة,عين يعقوب - شارع الطريق العام مختمطة 2 4,,,
216,البرج الرسمية المختمطة,عكار,رسمي,رسمي,مختلطة,البرج - الميدان - شارع العام مختمطة,,,
416,قوس عكار الرسمية المختمطو,عكار,رسمي,رسمي,مختلطة,عكار العتيقة - قوس عكار - شارع العام مختمطة,,,
616,ثانوية عكار العتيقة الرسمية,عكار,رسمي,رسمي,مختلطة,,11770507,,فرنسية+فرنسية
816,مشمش الرسمية المختمطة,عكار,رسمي,رسمي,مختلطة,مشمش - ضير الزيتونة - شارع العام مختمطة,,,
916,وطى مشمش الرسمية المختمطة,عكار,رسمي,رسمي,مختلطة,مشمش - وطى مشمش - شارع حي بدرة مختمطة 3 1,,,
026,فنيدق المختمطة الرسمية,عكار,رسمي,رسمي,مختلطة,فنيدق - شارع العام مختمطة,,,
126,تكميمية فنيدق المختمطة الرسمية,عكار,رسمي,رسمي,مختلطة,فنيدق - شارع المدارس مختمطة 51 4,,,
226,فنيدق الغربية المختمطة الرسمية,عكار,رسمي,رسمي,مختلطة,فنيدق - شارع الغربية مختمطة,,,
526,القرنة المختمطة الرسمية,عكار,رسمي,رسمي,مختلطة,قرنة - شارع العام مختمطة,,,
826,بيت يونس المختمطة الرسمية,عكار,رسمي,رسمي,مختلطة,بيت يونس - شارع حي الجامع مختمطة,,,
036,الزعرورة الرسمية المختمطة,عكار,رسمي,رسمي,مختلطة,الزعرورة - شارع بيت كساب مختمطة,,,
136,عيون السمك الرسمية المختمطة,عكار,رسمي,رسمي,مختلطة,عيون السمك - الطريق العام - شارع الرئيسي مختمطة 1 3,,,
236,خربة الجرد الرسمية المختمطة,عكار,رسمي,رسمي,مختلطة,,,,
336,شان الرسمية المختمطة,عكار,رسمي,رسمي,مختلطة,شان - الطنان - شارع العام مختمطة 3,,,
436,الحويش الرسميةالمختمطة,عكار,رسمي,رسمي,مختلطة,حويش - شارع العام مختمطة,,,
636,القبيات الذوق الرسمية المختمطة,عكار,رسمي,رسمي,مختلطة,,,,
046,مدرسة السنديانة الرسمية المختمطة,عكار,رسمي,رسمي,مختلطة,,,,
546,المونسة الرسمية,عكار,رسمي,رسمي,مختلطة,المونسة - الشرقي - شارع الجامع مختمطة,,,
846,مشتى حسن المختمطة الرسمية,عكار,رسمي,رسمي,مختلطة,مشتى حسن - شارع الطريق العام مختمطة 4 7,,,
946,ثانوية مشتى حسن الرسمية,عكار,رسمي,رسمي,مختلطة,مشتى حسن - شارع العام مختمطة,82206860,,
056,المربي مزيد الدندشمي - مشتى حمود المختمطة الرسمية,عكار,رسمي,رسمي,مختلطة,مشتى حمود - شارع العام مختمطة 4 6,,,
156,المقيبمة الرسمية المختمطة,عكار,رسمي,رسمي,مختلطة,,,,
456,قرحة الرسمية المختمطة,عكار,رسمي,رسمي,مختلطة,قرحة - شارع العام مختمطة,,,
656,مدرسة رفيق الحريري الرسمية المختمطة - رجم حسين -عكار,عكار,رسمي,رسمي,مختلطة,,,,
166,رجم عيسى الرسمية المختمطة,عكار,رسمي,رسمي,مختلطة,وادي خالد - قيطبو مختمطة,,,
266,الييشة الرسمية المختمطة,عكار,رسمي,رسمي,مختلطة,الييشة - شارع شارع البمدية مختمطة 5,,,
366,ثانوية الييشة الرسمية,عكار,رسمي,رسمي,مختلطة,,15007860,خاص,
2331,الكفرون الرسمية المختمطة,عكار,رسمي,رسمي,مختلطة,قبعيت - الكفرون - شارع العام مختمطة 2 1,,,
4331,تكميمة الحويش الرسمية المختمطة,عكار,رسمي,رسمي,مختلطة,حويش - نوح مختمطة,,,
6831,رجم خمف الكمخة الرسمية,عكار,رسمي,رسمي,مختلطة,وادي خالد - رجم خمف - شارع الكمخة مختمطة,,,
8831,مدرسة حنيدر الرسمية المختمطة,عكار,رسمي,رسمي,مختلطة,حنيدر - شارع العام مختمطة,,,
0931,ثانوية حارر الرسمية,عكار,رسمي,رسمي,مختلطة,حارر - البيادر - شارع الطريق العام مختمطة,13056860,خاص,
8041,ابارىيم عبد اهلل تامر الرسمية الحميرة -عكار,عكار,رسمي,رسمي,مختلطة,,,,
9041,مدرسة تمحميره المتوسطة الرسمية المختمطة,عكار,رسمي,رسمي,مختلطة,,,,
5341,ثانوية الحيصة الرسمية المختمطة,عكار,رسمي,رسمي,مختلطة,حيصا - شارع الطريق العام مختمطة 6 72,,,
9341,روضو عين الذىب الرسمية (دنبو),عكار,رسمي,رسمي,مختلطة,دنبو (عين الذىب) - الساحة - شارع العام مختمطة,24190860,الدولة,فرنسية+فرنسية
0641,ثانوية بقرزال الرسمية,عكار,رسمي,رسمي,مختلطة,بقرزال - الساحة - شارع العام مختمطة,46250860,خاص,فرنسية+فرنسية
2641,ثانوية القبيات الرسمية لمبنات,عكار,رسمي,رسمي,مختلطة,القبيات - الحموف لمبنات,22125360,الدولة,فرنسية+فرنسية
9841,متوسطة عيات الرسمية,عكار,رسمي,رسمي,مختلطة,,,,
0941,ثانوية كفرتون الرسمية,عكار,رسمي,رسمي,مختلطة,كفرتون - شارع وادي الشعير مختمطة 7 61,81205860,خاص,فرنسية+فرنسية
1941,ثانوية وادي خالد الرسمية المختمطة,عكار,رسمي,رسمي,مختلطة,وادي خالد - 0 - شارع 0 مختمطة,21107860,خاص,
2941,الفرض الرسمية - وادي خالد,عكار,رسمي,رسمي,مختلطة,وادي خالد - الفرض - شارع العام مختمطة 3,,,
4941,تل الزارعة الرسمية المختمطة,عكار,رسمي,رسمي,مختلطة,العبدة - الزارعة مختمطة,,,
9451,مدرسة بني صخر الرسمية االبتدائية,عكار,رسمي,رسمي,مختلطة,,,,
1551,نبع العواده الرسمية,عكار,رسمي,رسمي,مختلطة,العوادة - نبع العوادة - شارع العام مختمطة,,,
3551,مدرسة البقيعة الرسمية المختمطة,عكار,رسمي,رسمي,مختلطة,البقيعة - البقعية - شارع العام مختمطة,,,
4551,متوسطة المقيطع الرسمية,عكار,رسمي,رسمي,مختلطة,مقيطع - البحر - شارع حي البحر مختمطة 1 1,,,
0751,ثانوية مشحا الرسمية المختمطة,عكار,رسمي,رسمي,مختلطة,مشحة - وسط القرية - شارع الطريق العام مختمطة,00249660,خاص,
2751,ثانوية الشييد وليد عيدو- البقيعة الرسمية المختمطة,عكار,رسمي,رسمي,مختلطة,مشتى حمود - البقيعة - شارع العام مختمطة 6 9,10121107,خاص,
5751,ثانوية الشيخ عياش الرسمية,عكار,رسمي,رسمي,مختلطة,الشيخ عياش - شارع العام مختمطة,04451860,خاص,فرنسية+فرنسية
3851,المحمرة الرسمية المختمطة,عكار,رسمي,رسمي,مختلطة,,,,
5851,ثانوية الكواشرة الرسمية,عكار,رسمي,رسمي,مختلطة,كواشرة - الشرقي مختمطة,66213860,الدولة,فرنسية+فرنسية
4951,مدرسة الشييد رفيق الحريري المتوسطة المختمطة -القرقف,عكار,رسمي,رسمي,مختلطة,قرقف - القرقف - شارع وادي الحور مختمطة,,,
7951,بارعم المستقبل الرسمية,عكار,رسمي,رسمي,مختلطة,وادي خالد - المحطة - شارع العام مختمطة 4,,,
2061,ثانوية بيية الحريري الرسمية لمبنات,عكار,رسمي,رسمي,,وادي خالد - المحطة - شارع العام لمبنات,88407860,خاص,
4061,عين الذىب الرسمية المختمطة,عكار,رسمي,رسمي,مختلطة,دنبو (عين الذىب) - عين الذىب مختمطة 3,,,
8061,ثانوية حارر الرسمية فرع قبعيت,عكار,رسمي,رسمي,مختلطة,قبعيت - شارع العام مختمطة,47943207,خاص,
2161,ثانوية برقايل الرسمية لمبنات,عكار,رسمي,رسمي,,برقايل - األمندي - شارع رفيق الحريري لمبنات,,,
7161,ثانوية وادي خالد-فرع الوعر,عكار,رسمي,رسمي,مختلطة,وادي خالد - الوعر - شارع العامرية مختمطة,66253907,خاص,فرنسية+فرنسية
2261,ثانوية فنيدق الرسمية-فرع القرنة,عكار,رسمي,رسمي,مختلطة,قرنة - رمل مختمطة,75959860,خاص,
3261,مدرسة الحصنية الرسمية,عكار,رسمي,رسمي,مختلطة,زوق الحصنية - ضير عياص مختمطة 5,,,
6261,ثانوية برقايل الرسمية - فرع القرقف,عكار,رسمي,رسمي,مختلطة,قرقف - وادي الحور - شارع وادي الحور مختمطة,61607360,,
8261,وادي خالد الرسمية - الفرع االنكميزي,عكار,رسمي,رسمي,مختلطة,,,,
5361,ثانوية الييشة الرسمية/الارمة,عكار,رسمي,رسمي,مختلطة,وادي خالد - الارمة - شارع الارمة مختمطة,04128130,الدولة,
466,مرياطة الرسمية,زغرتا,رسمي,رسمي,مختلطة,مرياطة - شارع الجامع مختمطة,,,
666,مدرسة حيبلن الرسمية,زغرتا,رسمي,رسمي,مختلطة,حيبلن - بيت السكاف - شارع العام مختمطة,,,
866,مدرسة المربية جنى الفاخوري- عمما الرسمية,زغرتا,رسمي,رسمي,مختلطة,عمما - عمما - حي الببلنة مختمطة,,,
076,المربية جورجات القارح الرسمية لمبنات,زغرتا,رسمي,رسمي,,زغرتا - الصميب الجنوبي - شارع التل لمبنات,,,
176,مدرسة طوني فرنجيو المختمطة الرسمية-زغرتا,زغرتا,رسمي,رسمي,مختلطة,زغرتا - العبي - شارع الرئيس فرنجيو مختمطة 5 71,,,
276,األب سمعان الدوييي الرسمية لمبنين,زغرتا,رسمي,رسمي,,زغرتا - السيده الشرقي - شارع السيده لمبنين,,,
376,مدرسة فيار فرنجيو الرسمية المختمطة,زغرتا,رسمي,رسمي,مختلطة,زغرتا - الصميب الجنوبي - شارع العام مختمطة 3 3,,,
476,ثانوية زغرتا الرسمية,زغرتا,رسمي,رسمي,مختلطة,زغرتا - الثانوية - شارع الساحة مختمطة,22956660,الدولة,فرنسية+فرنسية
676,روضة زغرتا الرسمية المختمطة,زغرتا,رسمي,رسمي,مختلطة,زغرتا - العبي - شارع الرئيس فرنجية مختمطة,06436660,الدولة,فرنسية+فرنسية
876,اردة الرسمية المختمطة,زغرتا,رسمي,رسمي,مختلطة,اردة - العين - شارع العام مختمطة,,,
186,مجدليا الرسمية المختمطة,زغرتا,رسمي,رسمي,مختلطة,مجدليا - السيده - شارع العام مختمطة,,,
286,العيرونية الرسمية المختمطة,زغرتا,رسمي,رسمي,مختلطة,العيرونية - المسجد - شارع سير الضنية مختمطة 6 4,,,
386,كفرزينا الرسمية المختمطة,زغرتا,رسمي,رسمي,مختلطة,كفرزينا - شارع العام مختمطة,,,
686,ايعال الرسمية المختمطة,زغرتا,رسمي,رسمي,مختلطة,ايعال - شارع العام مختمطة 3 4,,,
786,مرح كفرصغاب الرسمية المختمطة,زغرتا,رسمي,رسمي,مختلطة,مرح كفرصغاب - شارع العام مختمطة,,,
096,ثانوية اسعد السبعمي الرسمية,زغرتا,رسمي,رسمي,مختلطة,سبعل - المدخل مختمطة,84459560,خاص,فرنسية+فرنسية
8141,ثانوية رشعين الرسمية المختمطة,زغرتا,رسمي,رسمي,مختلطة,رشعين - بيت عبود - شارع الطريق العام مختمطة,00186660,خاص,فرنسية+فرنسية
796,ضير العين الرسمية المختمطة,الكورة,رسمي,رسمي,مختلطة,ضير العين - شارع العام مختمطة,,,
007,مدرسة المربي انطانيوس ممكون الرسمية - برسا,الكورة,رسمي,رسمي,مختلطة,برسا - مار جرجس - شارع عام مختمطة,,,
407,جبارن مكاري الرسمية المختمطة,الكورة,رسمي,رسمي,مختلطة,انفة - الشرقي - شارع الجنينات مختمطة,,,
017,ثانوية دده,الكورة,رسمي,رسمي,مختلطة,,76650460,خاص,
117,ثانوية اميون الرسمية,الكورة,رسمي,رسمي,مختلطة,اميون - مار جرجس الكفر مختمطة 2 81,12005960,خاص,فرنسية+فرنسية
217,اميون الرسمية المختمطة,الكورة,رسمي,رسمي,مختلطة,اميون - اميون غربي - شارع اميل اده مختمطة,,,
517,كفرحزير الرسمية - انكميزي,الكورة,رسمي,رسمي,مختلطة,كفرحزير - شارع العام مختمطة 4 9,,,
717,ثانوية خميل سالم بطارم الرسمية,الكورة,رسمي,رسمي,مختلطة,بطارم - العين - شارع العام مختمطة,74803960,الدولة,فرنسية+فرنسية
027,كوسبا الرسمية لمبنات,الكورة,رسمي,رسمي,مختلطة,كوسبا - المدارس - شارع المدارس مختمطة,,,
427,كفرعقا الثانية المختمطة الرسمية,الكورة,رسمي,رسمي,مختلطة,كفرعقا - البياض - شارع العام مختمطة,,,
727,بزياز الرسمية,الكورة,رسمي,رسمي,مختلطة,بزياز - شارع القمعة مختمطة,,,
037,ثانوية كفرحاتا الرسمية,الكورة,رسمي,رسمي,مختلطة,كفرحاتا - طريق عام - شارع العام مختمطة 4 71,86222960,الدولة,فرنسية+فرنسية
137,المربي ألبر حنا أيوب - سابقاً كفرحاتا الرسمية,الكورة,رسمي,رسمي,مختلطة,كفرحاتا - شارع ماريوحنا الحبيب مختمطة,,,
637,كفريا الرسمية المختمطة,الكورة,رسمي,رسمي,مختلطة,كفريا - شارع ضير الغزالن مختمطة 2 6,,,
1931,ثانوية كفرعقا الرسمية,الكورة,رسمي,رسمي,مختلطة,كفرعقا - البياض - شارع 01 مختمطة,46525960,خاص,فرنسية+فرنسية
737,طوراز الرسمية المختمطة,بشري,رسمي,رسمي,مختلطة,طوراز - شارع العام مختمطة,,,
047,بشري الرسمية لمبنات,بشري,رسمي,رسمي,مختلطة,بشري - السيدة - شارع ماريوحنا مختمطة,,,
547,حصرون الرسمية المختمطة,بشري,رسمي,رسمي,مختلطة,حصرون - طريق الكنيسة - شارع الداخمي مختمطة,53109560,خاص,
647,ثانوية شكا الرسمية,البترون,رسمي,رسمي,مختلطة,شكا - الرىبانية - شارع الرئيسي مختمطة,22454560,خاص,فرنسية+فرنسية
847,مدرسة شكاالمتوسطة الرسمية,البترون,رسمي,رسمي,مختلطة,شكا - السيل - شارع الطريق العام مختمطة,,,
057,شكا الجديدة الرسمية المختمطة,البترون,رسمي,رسمي,مختلطة,شكا - الببلط مختمطة,,,
257,اليري المختمطة الرسمية,البترون,رسمي,رسمي,مختلطة,اليري - الشارع العام - شارع العام مختمطة,,,
357,حامات الرسمية المختمطة,البترون,رسمي,رسمي,مختلطة,حامات - الضيعة - شارع كنيسة سيدة النياح مختمطة 3 3,,,
457,ارسنحاش الرسمية المختمطة,البترون,رسمي,رسمي,مختلطة,ارس نحاش - البيدر - شارع الداخمي العام مختمطة,,,
557,البترون المختمطة الرسمية,البترون,رسمي,رسمي,مختلطة,البترون - مارح الشيخ - شارع المدارس مختمطة 2 91,,,
657,مدرسة اسطفان عطية المتوسطة الرسمية المختمطة,البترون,رسمي,رسمي,مختلطة,,,,
857,تجمع روضة البترون الرسمية,البترون,رسمي,رسمي,مختلطة,البترون - شارع العطايا مختمطة,13134760,خاص,فرنسية+فرنسية
467,ثانوية عبرين الرسمية,البترون,رسمي,رسمي,مختلطة,عبرين - الضيعة - شارع العام مختمطة,93152760,خاص,فرنسية+فرنسية
177,بقسميا المختمطة الرسمية,البترون,رسمي,رسمي,مختلطة,بقسميا - شارع العام مختمطة,,,
977,دوما المختمطة الرسمية,البترون,رسمي,رسمي,مختلطة,دوما - الصنوبر - شارع العام مختمطة 2 6,,,
087,ثانوية البترون الرسمية - فرع دوما,البترون,رسمي,رسمي,مختلطة,دوما - السوق - شارع العام مختمطة,72702560,خاص,
487,كفرحمدا المختمطة الرسمية,البترون,رسمي,رسمي,مختلطة,كفرحمدا - شارع العام مختمطة 1 7,,,
687,ثانوية تنورين الرسمية,البترون,رسمي,رسمي,مختلطة,تنورين الفوقا - مار يوسف - شارع مار يوسف مختمطة,,,
097,متوسطة وادي العاريش الرسمية المختمطة,زحلة المدينة,رسمي,رسمي,مختلطة,,,,
297,متوسطة زحمة االولى الرسمية المختمطة,زحلة المدينة,رسمي,رسمي,مختلطة,الارسية - شارع جان عاربي مختمطة,,,
497,متوسطة البردوني الرسمية المختمطة,زحلة المدينة,رسمي,رسمي,مختلطة,زحمة (م) - الميدان - شارع العام مختمطة,,,
697,متوسطة زحمة الثانية الرسمية المختمطة,زحلة المدينة,رسمي,رسمي,مختلطة,الميدان - شارع مار نقوال مختمطة,,,
797,دار السبلم الرسمية,زحلة المدينة,رسمي,رسمي,مختلطة,الميدان - شارع الميدان الغربي مختمطة 3 9,,,
897,متوسطة حوش االمارء النموذجية الرسمية المختمطة,زحلة المدينة,رسمي,رسمي,مختلطة,حوش االمارء - شارع جورج الياروي مختمطة,,,
008,ثانوية حوش االمارء الرسمية,زحلة المدينة,رسمي,رسمي,مختلطة,حوش االمارء - شارع الياروي مختمطة 3 71,,,
108,متوسطة زحمة الثالثة المختمطة الرسمية,زحلة المدينة,رسمي,رسمي,مختلطة,حوش الزارعنة - شارع البولفار مختمطة,,,
308,المعمقة المتوسطة لمصبيان الرسمية,زحلة المدينة,رسمي,رسمي,,المعمقة - الشمالي - شارع العام لمبنين,,,
508,متوسطة قاع الريم الرسمية المختمطة,زحلة الضواحي,رسمي,رسمي,مختلطة,قاع الريم - شارع مقابل كنيسة مار شربل مختمطة,,,
808,متوسطة الفرزل الرسمية المختمطة,زحلة الضواحي,رسمي,رسمي,مختلطة,الفرزل - سيدة البشارة مختمطة,,,
018,ثانوية تعمبايا الرسمية,زحلة الضواحي,رسمي,رسمي,مختلطة,تعمبايا - شارع الكنيسة مختمطة,35050580,الدولة,فرنسية+فرنسية
3631,ابتدائية حي العمرية الرسمية,زحلة الضواحي,رسمي,رسمي,مختلطة,سعدنايل - العمرية - شارع الفيضة مختمطة,,,
6941,ثانوية سعدنايل الرسمية,زحلة الضواحي,رسمي,رسمي,مختلطة,سعدنايل - البيدر - شارع العام مختمطة 31 52,,,
318,ثانوية رياق الرسمية,زحلة القضاء,رسمي,رسمي,مختلطة,رياق - الجامع رياق - شارع العام مختمطة,03400980,خاص,فرنسية+فرنسية
518,رياق الثانية المتوسطة الرسمية المختمطة,زحلة القضاء,رسمي,رسمي,مختلطة,,,,
918,نيحا المتوسطة الرسمية,زحلة القضاء,رسمي,رسمي,مختلطة,,,,
128,متوسطة عمي النيري الرسمية المختمطة,زحلة القضاء,رسمي,رسمي,مختلطة,عمي النيري - شارع سيم المصري مختمطة,33202980,الدولة,
228,متوسطة الناصرية الرسمية المختمطة,زحلة القضاء,رسمي,رسمي,مختلطة,الناصرية - شارع العام مختمطة 3 4,,,
328,حي الفيكاني الرسمية المختمطة,زحلة القضاء,رسمي,رسمي,مختلطة,,,,
428,متوسطة ماسا الرسمية المختمطة,زحلة القضاء,رسمي,رسمي,مختلطة,,,,
528,متوسطة كفرزبد الرسميةالمختمطة,زحلة القضاء,رسمي,رسمي,مختلطة,,,,
728,متوسطة دير الغازل الرسمية المختمطة,زحلة القضاء,رسمي,رسمي,مختلطة,,,,
038,متوسطة بارلياس الرسمية المختمطة,زحلة القضاء,رسمي,رسمي,مختلطة,,16811580,الدولة,
238,بر الياس الرسمية االبتدائية,زحلة القضاء,رسمي,رسمي,مختلطة,بارلياس - شارع العام مختمطة,,,
338,ثانوية مجدل عنجر الرسمية,زحلة القضاء,رسمي,رسمي,مختلطة,,60022680,الدولة,
438,متوسطة مجدل عنجر الثانية الرسمية المختمطة,زحلة القضاء,رسمي,رسمي,مختلطة,مجدل عنجر - البياض - شارع النبعة مختمطة,,,
538,متوسطة قب الياس الرسمية المختمطة,زحلة القضاء,رسمي,رسمي,مختلطة,قب الياس - المزينة - شارع العام مختمطة 3 01,96700580,الدولة,
638,ثانوية قب الياس الرسمية,زحلة القضاء,رسمي,رسمي,مختلطة,قب الياس - البحصاصة - شارع المزينة مختمطة,72500580,الدولة,فرنسية+إنكليزية
838,مكسو الرسمية المختمطة,زحلة القضاء,رسمي,رسمي,مختلطة,مكسة - النير - شارع البمدية مختمطة,,,
6531,حوش قيصر الرسمية,زحلة القضاء,رسمي,رسمي,مختلطة,,,,
7631,ثانوية عمي النيري الرسمية,زحلة القضاء,رسمي,رسمي,مختلطة,عمي النيري - شارع الكروم مختمطة,,,
5141,متوسطة رعيت الرسمية المختمطة,زحلة القضاء,رسمي,رسمي,مختلطة,رعيت - شارع العام مختمطة 2 8,,,
1241,ابتدائية حي الفضل - ديرزنون الرسمية,زحلة القضاء,رسمي,رسمي,مختلطة,دير زنون - الفضل مختمطة,,,
7151,الحريرية الرسمية,زحلة القضاء,رسمي,رسمي,مختلطة,بارلياس - عاصي - شارع طريق عام رياق-بمدة الحريرية مختمطة 3,,,
2361,ثانوية بر الياس الرسمية - فرع كفرزبد,زحلة القضاء,رسمي,رسمي,مختلطة,كفرزبد - شارع العام مختمطة,,,
148,متوسطة القصر الرسمية المختمطة,الهرمل,رسمي,رسمي,مختلطة,,,,
348,متوسطة الحريقة الرسمية,الهرمل,رسمي,رسمي,مختلطة,الحريقة - سيمة الزعرور - شارع الرئيسي مختمطة,,,
158,متوسطة الشربين الرسمية,الهرمل,رسمي,رسمي,مختلطة,,,,
758,البويضة الرسمية المختمطة,الهرمل,رسمي,رسمي,مختلطة,بويضة - شارع االمام عمي مختمطة,,,
858,حوش السيد عمي الرسمية,الهرمل,رسمي,رسمي,مختلطة,,,,
958,ثانوية اليرمل الرسمية,الهرمل,رسمي,رسمي,مختلطة,الدورة - شارع الثانوية مختمطة,,,
068,متوسطة اليرمل الرسمية االولى,الهرمل,رسمي,رسمي,مختلطة,اليرمل - المرح - شارع المدرسة مختمطة 4 41,,,
268,تكميمية اليرمل الرسمية الثانية,الهرمل,رسمي,رسمي,مختلطة,اليرمل - شارع المعالي مختمطة,,,
868,العسري الرسمية المختمطة,الهرمل,رسمي,رسمي,مختلطة,العسري - شارع فرعي مختمطة,,,
8631,مدرسة قنافذ الرسمية,الهرمل,رسمي,رسمي,مختلطة,قنفذ - قنافذ مختمطة,,,
7241,متوسطة اليرمل الرسمية الثالثة المختمطة,الهرمل,رسمي,رسمي,مختلطة,الدورة - الدورة الشمالية مبنى الثانوية - شارع العام طريق الثانوية مختمطة,,,
8241,متوسطة اليرمل الرسمية,الهرمل,رسمي,رسمي,مختلطة,الدورة - شارع الثكنة مختمطة 11 1,,,
2741,ثانوية القصر - سيبلت الماء,الهرمل,رسمي,رسمي,مختلطة,سيبلت الماء - شارع سيبلت الماء مختمطة,,,
3741,ثانوية اليرمل النموذجية الرسمية,الهرمل,رسمي,رسمي,مختلطة,اليرمل - تل مسعود - شارع العام مختمطة 8 42,,,
4741,اليرمل النموذجية الرسمية,الهرمل,رسمي,رسمي,مختلطة,اليرمل - تل مسعود - شارع العام مختمطة,,,
5161,ثانوية المربي مفمح محمد سعيد عموه الرسمية,الهرمل,رسمي,رسمي,مختلطة,اليرمل (م) - المرح - شارع حي المرح مختمطة,,,
968,متوسطة المبوة الرسمية,بعلبك,رسمي,رسمي,مختلطة,,,,
278,التوفيقية المتوسطة الرسمية,بعلبك,رسمي,رسمي,مختلطة,التوفيقية - شارع الطريق العام الدولية مختمطة,,,
578,متوسطة عرسال االولى المختمطة,بعلبك,رسمي,رسمي,مختلطة,عرسال - الجنوبي مختمطة,,,
778,ثانوية عرسال الرسمية,بعلبك,رسمي,رسمي,مختلطة,,03404280,,
878,متوسطة عرسال الرسمية الثالثة,بعلبك,رسمي,رسمي,مختلطة,عرسال - الشفق مختمطة 01,,,
978,متوسطة النبي عثمان الرسمية,بعلبك,رسمي,رسمي,مختلطة,النبي عثمان - الجامع مختمطة,,,
088,العين المتوسطة الرسمية,بعلبك,رسمي,رسمي,مختلطة,العين - ارض القطن مختمطة 1 01,,,
188,ثانوية العين الرسميو,بعلبك,رسمي,رسمي,مختلطة,العين - شارع ارض القطن مختمطة,33403280,الدولة,فرنسية+فرنسية
388,حمبتا الرسمية المختمطة,بعلبك,رسمي,رسمي,مختلطة,,,,
588,ثانوية الفاكية الرسمية,بعلبك,رسمي,رسمي,مختلطة,الفاكية - العريض - شارع الفاكية-الزيتون مختمطة,,,
788,ثانوية ارس بعمبك الرسمية,بعلبك,رسمي,رسمي,مختلطة,,15201280,الدولة,
888,متوسطة ارس بعمبك الرسمية,بعلبك,رسمي,رسمي,مختلطة,ارس بعمبك - القصر - شارع مار الياس مختمطة 5 2,,,
988,متوسطة القاع الرسمية,بعلبك,رسمي,رسمي,مختلطة,القاع - شارع الجيش المبناني مختمطة,,,
098,الحبلنية الرسمية,بعلبك,رسمي,رسمي,مختلطة,,,,
298,وادي الصفا الرسمية,بعلبك,رسمي,رسمي,مختلطة,وادي الصفا - شارع طريق حمص الدولي مختمطة,,,
898,مقنو الرسمية المختمطة,بعلبك,رسمي,رسمي,مختلطة,,,,
009,شعت المتوسطة الرسمية المختمطة,بعلبك,رسمي,رسمي,مختلطة,شعت - شارع حي الجامع مختمطة,,,
809,ثانوية دير االحمر الرسمية,بعلبك,رسمي,رسمي,مختلطة,,04312380,الدولة,
909,متوسطة ديارالحمر الرسمية,بعلبك,رسمي,رسمي,مختلطة,دير االحمر - مارنيار مختمطة 4 3,,,
119,شميس برقا الرسمية,بعلبك,رسمي,رسمي,مختلطة,برقة - شميس مختمطة,,,
419,مدرسة اليمونة الرسمية المختمطة,بعلبك,رسمي,رسمي,مختلطة,اليمونة - المسجد - شارع المسجد مختمطة 1,,,
519,متوسطة شميفا الرسمية المختمطة,بعلبك,رسمي,رسمي,مختلطة,,,,
129,بشوات المتوسطة الرسمية,بعلبك,رسمي,رسمي,مختلطة,,,,
629,بعمبك االبتدائية المختمطة الرسمية,بعلبك,رسمي,رسمي,مختلطة,بعمبك - عمشكة - شارع تبلل ارس العين مختمطة,00907380,الدولة,
929,مدرسة بعمبك المختمطة,بعلبك,رسمي,رسمي,مختلطة,بعمبك - تبلل ارس العين - شارع عمشكي مختمطة,,,
039,متوسطة بعمبك المختمطة الرسمية,بعلبك,رسمي,رسمي,مختلطة,بعمبك - عمشكي - تبلل ارس العين - شارع ارس العين مختمطة 5 41,78117380,الدولة,
239,متوسطة الشارونة الرسمية,بعلبك,رسمي,رسمي,مختلطة,بعمبك - الشروانة - شارع العام مختمطة,,,
339,ثانوية جودت رستم حيدر الرسمية,بعلبك,رسمي,رسمي,,دورس - 0 - شارع 0 لمبنات 8 42,54517380,خاص,
439,نحمة الرسمية,بعلبك,رسمي,رسمي,مختلطة,نحمة - شارع عاصف يحفوفي مختمطة,,,
639,حوش تمصفية الرسمية,بعلبك,رسمي,رسمي,مختلطة,حوش تل صفية - الحسينية مختمطة,,,
939,متوسطة شمسطار الرسمية المختمطة,بعلبك,رسمي,رسمي,مختلطة,شمسطار - الشرقي - شارع دار الص وان مختمطة,,,
149,متوسطة طاريا الرسمية,بعلبك,رسمي,رسمي,مختلطة,طاريا - الجنوبي - شارع الطريق العام مختمطة,,,
349,متوسطة حدث بعمبك الرسمية,بعلبك,رسمي,رسمي,مختلطة,حدث بعمبك - الحي الغربي - شارع العام مختمطة 2 8,,,
849,متوسطة بوداي الرسمية,بعلبك,رسمي,رسمي,مختلطة,بوداي - الحسينية - شارع الحسينية مختمطة,,,
259,متوسطة الخضر الرسمية,بعلبك,رسمي,رسمي,مختلطة,الخضر - الغربي - شارع العام مختمطة 3 2,,,
459,الخريبة المتوسطة الرسمية المختمطة,بعلبك,رسمي,رسمي,مختلطة,خريبة - النبي مختمطة,,,
659,متوسطة النبي شيت الرسمية,بعلبك,رسمي,رسمي,مختلطة,النبي شيت - الغربي - شارع العام مختمطة,,,
959,سرعين الفوقا المتوسطة الرسمية,بعلبك,رسمي,رسمي,مختلطة,سرعين الفوقا - شارع العام مختمطة,,,
269,ثانوية بريتال الرسمية,بعلبك,رسمي,رسمي,مختلطة,بريتال - شارع العام- قرب مفرق بريتال مختمطة,55004380,الدولة,
369,حام الرسمية المختمطة,بعلبك,رسمي,رسمي,مختلطة,,,,
469,متوسطة معربون الرسمية المختمطة,بعلبك,رسمي,رسمي,مختلطة,معربون - شارع النبع مختمطة,,,
569,الطفيل الرسمية المختمطة,بعلبك,رسمي,رسمي,مختلطة,,,,
669,متوسطة االنصار الرسمية,بعلبك,رسمي,رسمي,مختلطة,االنصار - المدرسة الرسمية - شارع الحسينية مختمطة,,,
869,متوسطة سميم حيدر الرسمية,بعلبك,رسمي,رسمي,مختلطة,,,,
579,متوسطة بيت شاما الرسمية,بعلبك,رسمي,رسمي,مختلطة,بيت شاما - البيادر مختمطة,,,
779,متوسطة حوش النبي الرسمية,بعلبك,رسمي,رسمي,مختلطة,حوش النبي - شارع حسينية البمدة مختمطة,,,
3531,متوسطة بعمبك الجديدة الثانية الرسمية المختمطة,بعلبك,رسمي,رسمي,مختلطة,بعمبك - حي بعمبك - شارع العام مختمطة 5 71,,,
5531,بارعم حوش الارفقةالرسمية,بعلبك,رسمي,رسمي,مختلطة,حوش الارفقة - شارع حوش العرب مختمطة,,,
5631,ثانوية القاع الرسمية,بعلبك,رسمي,رسمي,مختلطة,القاع - شارع طريق عام القاع-اليرمل مختمطة 5 5,61252280,الدولة,
2241,ثانوية بعمبك الثانية الرسمية لمبنات دورس,بعلبك,رسمي,رسمي,مختلطة,دورس - قبة دورس-خمف مستشفى المرتضى - شارع العام لمبنات,32127380,خاص,فرنسية+فرنسية
4241,متوسطة كفردان الرسمية,بعلبك,رسمي,رسمي,مختلطة,,,,
5641,مدرسة دورس الرسمية المختمطة,بعلبك,رسمي,رسمي,مختلطة,دورس - شارع طريق عام زحمة ­ بعمبك مختمطة,,,
7641,ثانوية تمنين التحتا الرسمية,بعلبك,رسمي,رسمي,مختلطة,تمنين التحتا - الطريق العام - شارع العام مختمطة,77611980,الدولة,
8641,ثانوية طاريا الرسمية,بعلبك,رسمي,رسمي,مختلطة,,,,
9641,ثانوية دير االحمر فرع بوداي,بعلبك,رسمي,رسمي,مختلطة,بوداي - شارع الطريق العام مختمطة,,,
0741,مدرسة صبوبا الرسمية,بعلبك,رسمي,رسمي,مختلطة,صبوبا - الجامع - شارع مدخل البمدة مختمطة 2,,,
1741,بيت صميبي ­ شمسطار,بعلبك,رسمي,رسمي,مختلطة,بيت صميبي - غنى صميبي مختمطة,,,
9851,تجمع روضات بعمبك,بعلبك,رسمي,رسمي,مختلطة,بعمبك - عمشكي - شارع تبلل ارس العين مختمطة,36307380,الدولة,فرنسية+فرنسية
4161,مدرسة حورتعبل الرسمية,بعلبك,رسمي,رسمي,مختلطة,حورتعبل - الشعب - شارع حورتعبل مختمطة,,,
089,متوسطة المنصورة الرسمية,البق اع الغربي,رسمي,رسمي,مختلطة,,,,
289,متوسطة حوش الحريمة الرسمية,البق اع الغربي,رسمي,رسمي,مختلطة,حوش الحريمة - شارع العام مختمطة,,,
489,المرج المتوسطة الرسمية,البق اع الغربي,رسمي,رسمي,مختلطة,المرج - الجامع - شارع العام مختمطة,,,
789,مدرسة جب جنين المختمطة الرسمية,البق اع الغربي,رسمي,رسمي,مختلطة,,,,
989,بعمول المتوسط الرسمية,البق اع الغربي,رسمي,رسمي,مختلطة,,,,
099,كامد الموز المتوسطة الرسمية,البق اع الغربي,رسمي,رسمي,مختلطة,,,,
199,ثانوية كامد ا لموز الرسمية,البق اع الغربي,رسمي,رسمي,مختلطة,كامدالموز - شارع المدارس مختمطة 4 71,,,
299,كفريا الرسمية المتوسطة,البق اع الغربي,رسمي,رسمي,مختلطة,,,,
499,متوسطة غزة الرسمية,البق اع الغربي,رسمي,رسمي,مختلطة,غزة - بمقا مختمطة,,,
699,السمطان يعقوب الفوقا المتوسطة الرسمية,البق اع الغربي,رسمي,رسمي,مختلطة,السمطان يعقوب الفوقا - مدخل البمدة مختمطة,,,
899,متوسطة المنارة االولى الرسمية,البق اع الغربي,رسمي,رسمي,مختلطة,,,,
999,ثانوية المناره الرسميو,البق اع الغربي,رسمي,رسمي,مختلطة,,11436580,خاص,
0001,متوسطة الصويري الرسمية,البق اع الغربي,رسمي,رسمي,مختلطة,الصويري - شارع العام مختمطة,,,
1001,متوسطة مشغرة الرسمية االولى المختمطة,البق اع الغربي,رسمي,رسمي,مختلطة,مشغرة - التعمير - شارع حي التعمير مختمطة 1 4,,,
2001,متوسطة مشغرة الثانية الرسمية المختمطو,البق اع الغربي,رسمي,رسمي,مختلطة,مشغرة - الحارة التحتا - شارع الشحارة مختمطة,,,
4001,متوسطة عين التينة الرسمية,البق اع الغربي,رسمي,رسمي,مختلطة,عين التينة - المطل مختمطة,,,
8001,متوسطة القرعون الرسمية,البق اع الغربي,رسمي,رسمي,مختلطة,القرعون - وسط البمدة - شارع عين الدير مختمطة,,,
0101,سحمر الثانية المتوسطة الرسمية المختمطة,البق اع الغربي,رسمي,رسمي,مختلطة,سحمر - الوادي تل الزعتر - شارع العام مختمطة,,,
1101,ثانوية سحمر الرسمية,البق اع الغربي,رسمي,رسمي,مختلطة,,82253680,الدولة,
2101,يحمر المتوسطة الرسمية,البق اع الغربي,رسمي,رسمي,مختلطة,يحمر - شارع العام مختمطة,,,
3101,متوسطة لبايا الرسمية,البق اع الغربي,رسمي,رسمي,مختلطة,,,,
4101,قميا الرسمية المتوسطة,البق اع الغربي,رسمي,رسمي,مختلطة,قميا - شارع عام مختمطة,,,
9531,الجارحية الرسمية,البق اع الغربي,رسمي,رسمي,مختلطة,المرج - الجارحية مختمطة,,,
4341,الارشدية الرسمية المختمطة,البق اع الغربي,رسمي,رسمي,مختلطة,,,,
7941,ثانوية الصويري الرسمية,البق اع الغربي,رسمي,رسمي,مختلطة,الصويري - العين مختمطة,57056580,الدولة,
8941,مدرسة سحمارالولى الرسميو المتوسطة,البق اع الغربي,رسمي,رسمي,مختلطة,سحمر - البيادر - شارع العام مختمطة 31 5,,,
9151,متوسطة ميدون الرسمية,البق اع الغربي,رسمي,رسمي,مختلطة,ميدون - الساحة العامة مختمطة,,,
1751,ثانوية الال الرسمية المختمطة,البق اع الغربي,رسمي,رسمي,مختلطة,الال - حرف عمين مختمطة 6 11,,,
5061,ثانوية لّبايا الرسمية المختمطة -(سابقاً سحمر الرسمية),البق اع الغربي,رسمي,رسمي,مختلطة,لبايا - لبابا - شارع العام مختمطة,,,
6101,ينطا المتوسطة الرسمية,راشيا,رسمي,رسمي,مختلطة,ينطا - شارع الرئيسي- جانب مركز جرف الثموج مختمطة,,,
9101,الرفيد المتوسطة الرسمية,راشيا,رسمي,رسمي,مختلطة,,,,
2201,مزرعة عزة الرسمية المتوسطة,راشيا,رسمي,رسمي,مختلطة,عزة - شارع الطريق العام مختمطة,,,
4201,مدرسة خربة روحا المختمطة,راشيا,رسمي,رسمي,مختلطة,,,,
7201,كفردنيس المتوسطة الرسمية,راشيا,رسمي,رسمي,مختلطة,,,,
8201,ثانوية ارشيا الرسمية,راشيا,رسمي,رسمي,مختلطة,ارشيا الوادي - مدخل ارشيا - شارع االوتستارد العام مختمطة,44135230,الدولة,
1301,متوسطة عيحا الرسمية,راشيا,رسمي,رسمي,مختلطة,,,,
2301,متوسطة كفرقوق الرسمية,راشيا,رسمي,رسمي,مختلطة,كفرقوق - بيت الزعرور مختمطة,,,
5301,متوسطة تنورة الرسمية,راشيا,رسمي,رسمي,مختلطة,تنورة - العين مختمطة,,,
8301,مجدل بمييص المتوسطة الرسمية,راشيا,رسمي,رسمي,مختلطة,,,,
1401,جب فرح وعازلعرب الرسمية,راشيا,رسمي,رسمي,مختلطة,عقبة - عازلعرب - شارع العام مختمطة,,,
2401,مدرسة ضير االحمر الرسمية,راشيا,رسمي,رسمي,مختلطة,,,,
2531,ثانوية الرفيد الرسمية,راشيا,رسمي,رسمي,مختلطة,,04006580,الدولة,
6631,ثانوية القرعون الرسمية-فرع كوكبا,راشيا,رسمي,رسمي,مختلطة,,55303580,الدولة,
6741,ثانوية حرمون الرسمية - ارشيا,راشيا,رسمي,رسمي,مختلطة,ارشيا الوادي - الحمار - شارع طريق الفاقعة شبعا مختمطة,11719580,الدولة,
3401,ثانوية د.حكمت صباغ يمنى العيد الرسمية(سابقا صيدا رسمية بنات),صيدا المدينة,رسمي,رسمي,,صيدا (م) - الدكرمان - شارع الست نفيسة لمبنات,,,
6401,االصبلح الثانية المختمطة الرسمية,صيدا المدينة,رسمي,رسمي,مختلطة,الدكرمان - شارع متفرع من حسام الدين الحريري مختمطة,,,
8401,صيدا المتوسطةالمختمطة الرسمية,صيدا المدينة,رسمي,رسمي,مختلطة,القناية - شارع حسام الدين الحريري مختمطة,,,
2501,متوسطة الشييد معروف سعد الرسمية,صيدا المدينة,رسمي,رسمي,مختلطة,الشارع - الوسطاني - شارع رياض الصمح (حمام العسكري) مختمطة,,,
3501,ثانوية المربية ثريا فارس ابو عمفا الرسمية,صيدا المدينة,رسمي,رسمي,,الشارع - الوسطاني - شارع رياض الصمح لمبنات 7 23,,,
9941,ثانوية الدكتور نزيو البزري الرسمية,صيدا المدينة,رسمي,رسمي,مختلطة,الوسطاني - شارع البارد مختمطة,,,
0051,صيدا المبنانية الكويتية الرسمية المختمطة,صيدا المدينة,رسمي,رسمي,مختلطة,الوسطاني - شارع الوسطاني مختمطة 5 41,,,
6161,المدرسة العمانية النموذجية الرسمية,صيدا المدينة,رسمي,رسمي,مختلطة,الدكرمان - شارع المينية مختمطة,,,
5501,ثانوية مصطفى الزعتري الرسمية,صيدا الضواحي,رسمي,رسمي,مختلطة,عين الحموة - التعمير - شارع عين الحموة مختمطة,,,
9501,عين الدلب المتوسطة الرسمية,صيدا الضواحي,رسمي,رسمي,مختلطة,عين الدلب - الكنائس مختمطة,,,
1601,الميو وميو المتوسطة الرسمية,صيدا الضواحي,رسمي,رسمي,مختلطة,,,,
3601,متوسطة الغازية المختمطة الرسمية,صيدا الضواحي,رسمي,رسمي,مختلطة,الغازية - الزىارني-ضيور التاببلين - شارع بستان البمح مختمطة,,,
5601,ثانوية الغازية الرسمية,صيدا الضواحي,رسمي,رسمي,مختلطة,الغازية - الرويس - شارع الرويس مختمطة 8 63,,,
4041,عين الحموة الرسمية االبتدائية المختمطة,صيدا الضواحي,رسمي,رسمي,مختلطة,عين الحموة - شارع التعمير مختمطة,,,
9241,مدرسة عبار المتوسطة المختمطة الرسمية,صيدا الضواحي,رسمي,رسمي,مختلطة,عبار - الكنيسة - شارع الحرش مختمطة 7 11,,,
0151,ثانوية حارة صيدا الرسمية,صيدا الضواحي,رسمي,رسمي,مختلطة,الحارة - تمة مار الياس - شارع مار الياس مختمطة,,,
6601,كفرحتى المتوسطة الرسمية,صيدا القضاء,رسمي,رسمي,مختلطة,كفرحتى - قيصوف - شارع الشارع العام مختمطة,,,
8601,كفرممكي المتوسطة الرسمية,صيدا القضاء,رسمي,رسمي,مختلطة,كفرممكي - شارع العام مختمطة,,,
1701,مغدوشة المتوسطة الرسمية,صيدا القضاء,رسمي,رسمي,مختلطة,مغدوشة - بيدر المعصرة - شارع المدارس مختمطة,95400270,الدولة,فرنسية+فرنسية
3701,زيتا االبتدائية الرسمية,صيدا القضاء,رسمي,رسمي,مختلطة,زيتا - البيدر - شارع التعمير مختمطة,,,
4701,بنعفول االبتدائية الرسمية,صيدا القضاء,رسمي,رسمي,مختلطة,,,,
5701,عنقون الرسمية المتوسطة,صيدا القضاء,رسمي,رسمي,مختلطة,عنقون - الزفاتي - شارع الحمى مختمطة,,,
6701,ثانوية عنقون الرسمية,صيدا القضاء,رسمي,رسمي,مختلطة,عنقون - شارع الحمى مختمطة 5 61,,,
7701,طبايا الرسمية المختمطة,صيدا القضاء,رسمي,رسمي,مختلطة,طبايا - الرئيسي - شارع العام مختمطة,,,
0801,مدرسة جوزيف حرب المختمطة الرسمية(المعمرية),صيدا القضاء,رسمي,رسمي,مختلطة,المعمرية - البيادر - شارع المحطة مختمطة,,,
3801,محمد ذياب حجازي-سابقاً المروانية المتوسطة الرسمية,صيدا القضاء,رسمي,رسمي,مختلطة,المروانية - ضير زريق مختمطة,,,
5801,النجارية المتوسطة الرسمية,صيدا القضاء,رسمي,رسمي,مختلطة,النجارية - الغربي - شارع مدخل القرية مختمطة,,,
6801,المصيمح االبتدائية الرسمية,صيدا القضاء,رسمي,رسمي,مختلطة,,,,
8801,العدوسية المتوسطة الرسمية,صيدا القضاء,رسمي,رسمي,مختلطة,العدوسية - ضير الزيتونة - شارع العام مختمطة,,,
9801,عدلون المتوسطة الرسمية,صيدا القضاء,رسمي,رسمي,مختلطة,عدلون - الحسينية - شارع المشاع مختمطة 6 9,,,
0901,ثانوية عدلون الرسمية,صيدا القضاء,رسمي,رسمي,مختلطة,عدلون - النبي ساري - شارع النبي ساري مختمطة,,,
2901,مدرسة الموبية الرسمية,صيدا القضاء,رسمي,رسمي,مختلطة,الموبية - الحسينية - شارع النادي الحسيني مختمطة,,,
4901,صرفند المتوسطة الرسمية,صيدا القضاء,رسمي,رسمي,مختلطة,الصرفند - البيادر - شارع ضيور الصرفند مختمطة,,,
6901,قاقعية الصنوبر المتوسطة الرسمية,صيدا القضاء,رسمي,رسمي,مختلطة,قعقعية الصنوبر - قاقعية الصنوبر - شارع المسجد مختمطة,,,
7901,كوثرية السياد الرسمية المتوسطة,صيدا القضاء,رسمي,رسمي,مختلطة,كوثرية السياد - البركو - شارع البركة مختمطة 4 6,,,
9901,الغسانية المتوسطة الرسمية,صيدا القضاء,رسمي,رسمي,مختلطة,الغسانية - شارع اإلمام السيد موسى الصدر مختمطة,,,
0011,البابمية المتوسطة الرسمية,صيدا القضاء,رسمي,رسمي,مختلطة,البابمية - بريم مختمطة 6 7,,,
1011,ثانوية البابمية الرسمية,صيدا القضاء,رسمي,رسمي,مختلطة,البابمية - البريم - شارع قرب الساحة مختمطة,,,
3011,الزاررية المتوسطة الرسمية,صيدا القضاء,رسمي,رسمي,مختلطة,الزاررية - شارع العام مختمطة,,,
5011,ارزى المتوسطة الرسمية,صيدا القضاء,رسمي,رسمي,مختلطة,ارزي - خمة الصفارء - شارع العام مقابل المحطة مختمطة,,,
7011,كوثرية الرز االبتدائية الرسمية,صيدا القضاء,رسمي,رسمي,مختلطة,,,,
9331,خارج البيساريو المتوسطو الرسميو,صيدا القضاء,رسمي,رسمي,مختلطة,البيسارية - خارج البيسارية مختمطة 2 3,,,
9631,متوسطة مطرية الشومر الرسمية,صيدا القضاء,رسمي,رسمي,مختلطة,مطرية الشومر - شارع النبع مختمطة,,,
0141,ثانوية الصرفند الرسمية,صيدا القضاء,رسمي,رسمي,مختلطة,الصرفند - قرب االوتوستارد/بناء جديد - شارع العام بين الصرفند والبابمية مختمطة 01 61,45014470,الدولة,
1151,متوسطة الصرفند الثانية الرسمية,صيدا القضاء,رسمي,رسمي,مختلطة,الصرفند - ضيور الصرفند - شارع ضيور الصرفند مختمطة,87314470,الدولة,فرنسية+إنكليزية
9351,ثانوية الشييد نعمة مروة الرسمية-السكسكية,صيدا القضاء,رسمي,رسمي,مختلطة,السكسكية - ارس المطل - شارع الثانوية مختمطة,95514470,الدولة,فرنسية+إنكليزية
2951,مدرسة انصارية االبتدائية المختمطة الرسمية,صيدا القضاء,رسمي,رسمي,مختلطة,انصارية - الغربي - شارع العام مختمطة,,,
8011,ثانوية لبعا الرسمية,جزين,رسمي,رسمي,مختلطة,,01403270,الدولة,فرنسية+فرنسية
5111,متوسطة الياس مرعي الرسمية,جزين,رسمي,رسمي,مختلطة,روم - شارع العام مختمطة,,,
8111,جزين المتوسطة الرسمية,جزين,رسمي,رسمي,مختلطة,جزين - البيادر - شارع العام مختمطة,52108770,الدولة,فرنسية+فرنسية
5211,الريحان المتوسطة الرسمية,جزين,رسمي,رسمي,مختلطة,,,,
1221,صور المتوسطة الرسمية لمبنات,صور,رسمي,رسمي,,صور - الشواكير لمبنات,,,
3221,صور الثانية الرسمية المختمطة,صور,رسمي,رسمي,مختلطة,صور - الشواكير مختمطة,,,
5221,المساكن الشعبية الرسمية,صور,رسمي,رسمي,مختلطة,صور - المساكن الشعبية - شارع الحسينية مختمطة,,,
7221,برج الشمالي المتوسطة الرسمية,صور,رسمي,رسمي,مختلطة,,,,
8221,البرغمية المتوسطة الرسمية,صور,رسمي,رسمي,مختلطة,,,,
9221,العباسية المتوسطة الرسمية,صور,رسمي,رسمي,مختلطة,العباسية - البيدر - شارع العام مختمطة,,,
0321,ثانوية العباسية الرسمية,صور,رسمي,رسمي,مختلطة,العباسية - قدموس - شارع قدموس مختمطة 61 27,,,
1321,برج رحال المتوسطة الرسمية المختمطة,صور,رسمي,رسمي,مختلطة,برج رحال - خمة حسن مختمطة,,,
3321,مدرسة الشييد مرشد النحاس الرسمية,صور,رسمي,رسمي,مختلطة,,,,
5321,متوسطة معروب الرسمية,صور,رسمي,رسمي,مختلطة,معروب - عريض المغارة مختمطة,,,
7321,الحميري الرسمية,صور,رسمي,رسمي,مختلطة,حميرة - الكرم - شارع العام مختمطة,,,
8321,طيرفمسيو المتوسطة الرسمية,صور,رسمي,رسمي,مختلطة,طيرفمسية - شارع كرم زعرورة مختمطة 4 5,,,
0421,صريفا المتوسطة الرسمية,صور,رسمي,رسمي,مختلطة,صريفا - المحفرة - شارع النادي الحسيني مختمطة,,,
1421,دير كيفا المتوسطة الرسمية,صور,رسمي,رسمي,مختلطة,ديركيفا - البيدر - شارع المدرسة مختمطة 6 1,,,
2421,ثانوية دير كيفا الرسمية,صور,رسمي,رسمي,مختلطة,ديركيفا - مثمث ديركيفا-صريفا- برج قبلويو - شارع العام مختمطة,,,
4421,الشيابية المتوسطة الرسمية,صور,رسمي,رسمي,مختلطة,الشيابية - الدبش - شارع الشيابية - بافمية مختمطة,73411470,الدولة,فرنسية+إنكليزية
7421,متوسطة االمام الصدر الرسمية-جويا,صور,رسمي,رسمي,مختلطة,جويا - تجمع المدارس - شارع العام مختمطة,,,
9421,ثانوية مبرة عمي الجمال الرسمية النموذجية الشاممة,صور,رسمي,رسمي,مختلطة,جويا - شارع العام مختمطة,,,
0521,مجادل المتوسطة الرسمية,صور,رسمي,رسمي,مختلطة,المجادل - وارء الجارن مختمطة 7 5,,,
1521,محرونة الرسمية االبتدائية,صور,رسمي,رسمي,مختلطة,محرونة - شارع النقارة مختمطة,,,
2521,دبعال الرسمية,صور,رسمي,رسمي,مختلطة,دبعال - شارع شارع المدرسة مختمطة 5 3,,,
3521,بافميو المتوسطة الرسمية,صور,رسمي,رسمي,مختلطة,بافمية - الصيريج - شارع العام مختمطة,,,
6521,مدرسة شيداء معركو االبتدائية الرسمية,صور,رسمي,رسمي,مختلطة,معركة - الشمال - شارع الشمال مختمطة,,,
0621,مدرسة عيتيت الرسمية,صور,رسمي,رسمي,مختلطة,عيتيت - الدبش - شارع العام مختمطة,,,
2621,البازورية المتوسطة الرسمية,صور,رسمي,رسمي,مختلطة,البازورية - الحسينية - شارع الممعب مختمطة,,,
3621,يانوح الرسمية - صور,صور,رسمي,رسمي,مختلطة,يانوح - الوقف - شارع الممعب مختمطة 3 4,,الوقف,
4621,ثانوية قانا الرسمية,صور,رسمي,رسمي,مختلطة,قانا - ارس عبيد - شارع قرب الممعب مختمطة,,,
5621,قانا المتوسطة الرسمية,صور,رسمي,رسمي,مختلطة,قانا - شارع ارس عبيد مختمطة 5 11,,,
7621,البياض المتوسطة الرسمية,صور,رسمي,رسمي,مختلطة,البياض - شارع العام مختمطة,,,
9621,صديقين المتوسطة الرسمية,صور,رسمي,رسمي,مختلطة,,,,
1721,زبقين المتوسطة الرسمية,صور,رسمي,رسمي,مختلطة,زبقين - الرويسة - شارع الشعاب مختمطة,,,
4721,الشعيتية الكنيسة المتوسطة الرسمية,صور,رسمي,رسمي,مختلطة,الشعيتية - شارع العام مختمطة,,,
5721,مدرسة مالكية الساحل الرسمية اإلبتدائية,صور,رسمي,رسمي,مختلطة,مالكية الساحل - الممعب مختمطة 2,,,
6721,دير قانون ارس العين المتوسطة الرسمية,صور,رسمي,رسمي,مختلطة,ديرقانون ارس العين - نادي أرس العين مختمطة,,,
7721,سماعيو المتوسطة الرسمية,صور,رسمي,رسمي,مختلطة,السماعية - القمعة مختمطة 3,,,
8721,باتولية المتوسطة الرسمية,صور,رسمي,رسمي,مختلطة,,,,
0821,ثانوية كمال سميب الرسمية - عين بعال,صور,رسمي,رسمي,مختلطة,عين بعال - بميدة - شارع العام مختمطة,,,
2821,القميمة المتوسطة الرسمية,صور,رسمي,رسمي,مختلطة,القميمة - شارع عمارن مختمطة,,,
5821,مجدل زون المتوسطة الرسمية,صور,رسمي,رسمي,مختلطة,مجدلزون - الغربي - شارع العام مختمطة,,,
7821,طير حرفا المتوسطة الرسمية المختمطة,صور,رسمي,رسمي,مختلطة,طير حرفا - شارع الثانوية مختمطة 3 2,,,
9821,عمما الشعب المتوسطة الرسمية,صور,رسمي,رسمي,مختلطة,عمما الشعب - الحي الشرقي - شارع الشارع العام مختمطة,07206470,الدولة,
0921,ثانوية عمما الشعب الرسمية,صور,رسمي,رسمي,مختلطة,عمما الشعب - شارع العام مختمطة 1 51,,,
1921,الظييرة المتوسطةالرسمية,صور,رسمي,رسمي,مختلطة,الظييرة - شارع خمة الصاحب مختمطة,,,
4921,الناقورة الرسمية المتوسطة,صور,رسمي,رسمي,مختلطة,الناقورة - شارع البيدر مختمطة,,,
2141,مدرسة وادي جيمو االبتدائية الرسمية,صور,رسمي,رسمي,مختلطة,وادي جيمو - الحي الغربي - شارع مقابل الشارع العام مختمطة,,,
3151,رشكنانية الرسمية المتوسطة المختمطة,صور,رسمي,رسمي,مختلطة,,,,
4151,مدرسة الشييد محمد زعرور الرسمية المختمطة,صور,رسمي,رسمي,مختلطة,صريفا - القندولي مختمطة 3 3,,,
5151,ثانوية شحور الرسمية المختمطة,صور,رسمي,رسمي,مختلطة,شحور - الشارع العام - شارع طريق شحور-صريفا (الرجم) مختمطة,99251470,الدولة,
0451,ثانوية صور الرسميو المختمطة فرع مروحين,صور,رسمي,رسمي,مختلطة,,,,
1651,ثانوية رحمن يونس الرسمية - قميمة,صور,رسمي,رسمي,مختلطة,القميمة - دىيم - شارع متفرع من شارع النبي عمارن مختمطة,69959370,الدولة,
7211,عربصاليم المتوسطة الرسمية المختمطة,النبطية,رسمي,رسمي,مختلطة,عربصاليم - القميعة - شارع الممعب مختمطة,,,
9211,حومين التحتا الرسمية المتوسطة,النبطية,رسمي,رسمي,مختلطة,حومين التحتا - شارع الدبش مختمطة,,,
1311,عين قانا المتوسطة الرسمية,النبطية,رسمي,رسمي,مختلطة,عين قانا - الحرج - شارع السعدونية مختمطة,,,
3311,ثانوية جباع الرسمية,النبطية,رسمي,رسمي,مختلطة,جباع - المرجة - شارع مفرق نبع القبي مختمطة,,,
4311,مدرسة كفرفيبل الرسمية,النبطية,رسمي,رسمي,مختلطة,,,,
5311,مدرسة حسن حبلل الرسمية المتوسطة,النبطية,رسمي,رسمي,مختلطة,حبوش - شارع العام مختمطة,,,
6311,حبوش المتوسطة الرسمية المختمطة,النبطية,رسمي,رسمي,مختلطة,حبوش - شارع طريق عام حبوش- عربصاليم مختمطة 5 6,,,
7311,كفررمان المتوسطة الرسمية,النبطية,رسمي,رسمي,مختلطة,كفررمان - البيدر - شارع العام مختمطة,,,
9311,شيداء دير الزىارني المتوسطة الرسمية المختمطة,النبطية,رسمي,رسمي,مختلطة,دير الزىارني - شارع العام مختمطة,,,
1411,وجيو الدرويش المتوسطة الرسمية(زفتا),النبطية,رسمي,رسمي,مختلطة,زفتا - شارع طريق زفتا المروانية مختمطة,,,
3411,سميح دخيل شاىين المتوسطة الرسمية,النبطية,رسمي,رسمي,مختلطة,النبطية - الجازير - شارع الصباح مختمطة,,,
4411,فريحة الحاج عمي المتوسطة الرسمية لمبنات,النبطية,رسمي,رسمي,مختلطة,النبطية - شارع عين قبيس مختمطة 3 11,,,
8411,ثانوية النبطية الرسمية لمبنات,النبطية,رسمي,رسمي,,كفررمان - مثمث كفررمان - شارع العام لمبنات,35406770,خاص,
9411,المربي سمير كريكر - سابقاً النبطية الثالثة الرسمية,النبطية,رسمي,رسمي,مختلطة,النبطية - السبلم - شارع التعمير مختمطة 4 7,,,
0511,حسن حمد غندور المتوسطة الرسمية المختمطة-النبطية الفوقا,النبطية,رسمي,رسمي,مختلطة,النبطية الفوقا - شارع قرب مستشفى غندور مختمطة,,,
2511,الكفور االبتدائية الرسمية المختمطة,النبطية,رسمي,رسمي,مختلطة,الكفور - العام مختمطة,,,
5511,ثانوية جبشيت الرسمية,النبطية,رسمي,رسمي,مختلطة,جبشيت - البياض - شارع العام قرب ثانوية التنشئة مختمطة,74001570,الدولة,
7511,ثانوية رمال رمال - الدوير الرسمية,النبطية,رسمي,رسمي,مختلطة,الدوير - الدوير - الوردات - شارع العام مختمطة,,,
8511,الدوير االبتدائية الرسمية,النبطية,رسمي,رسمي,مختلطة,الدوير - الوردات - شارع العام مختمطة 4 1,,,
9511,مدرسة الشرقية المتوسطة الرسمية,النبطية,رسمي,رسمي,مختلطة,الشرقية - االشعمية - شارع عام الكوثرية مختمطة,,,
0611,مدرسة سيناي الرسمية,النبطية,رسمي,رسمي,مختلطة,سيناي انصار - الوعر - شارع الوعر مختمطة 4 2,,,
2611,انصار االبتدائية الرسمية المختمطة,النبطية,رسمي,رسمي,مختلطة,انصار - الحماري - شارع العام مختمطة,,,
4611,القصيبة الرسمية المتوسطة المختمطة,النبطية,رسمي,رسمي,مختلطة,القصيبة - الساحة العامة مختمطة,,,
6611,سير الغربية الرسمية المتوسطة,النبطية,رسمي,رسمي,مختلطة,سيارلغربية - الضيور - شارع العام مختمطة,,,
8611,عدشيت المتوسطة الرسمية,النبطية,رسمي,رسمي,مختلطة,عدشيت - الجامع مختمطة,,,
9611,شوكين المتوسطة الرسمية,النبطية,رسمي,رسمي,مختلطة,شوكين - الساحةالعام مختمطة 11,,,
0711,ميفدون المتوسطة الرسمية,النبطية,رسمي,رسمي,مختلطة,ميفدون - البيدر - شارع البيدر مختمطة,,,
1711,الشييد الحاج محمود فقيو الرسميو المختمطة,النبطية,رسمي,رسمي,مختلطة,كفرتبنيت - الشرقي - شارع البيدر مختمطة 5 5,,,
2711,مدرسة يحمر الرسمية,النبطية,رسمي,رسمي,مختلطة,,,,
0731,مدرسة جديدة انصار الرسمية,النبطية,رسمي,رسمي,مختلطة,انصار - جديدة انصار مختمطة,,,
4141,ثانوية القصيبة الرسمية,النبطية,رسمي,رسمي,مختلطة,القصيبة - القمع مختمطة,29404570,الدولة,
2441,ثانوية ميفدون الرسمية,النبطية,رسمي,رسمي,مختلطة,ميفدون - المسارب - شارع العام مختمطة,21286770,الدولة,
3441,مدرسة يوسف سممان شمعون الرسمية لمروضات,النبطية,رسمي,رسمي,مختلطة,النبطية الفوقا - شارع مستشفى غندور النبطية الفوقا مختمطة 5,87616770,الدولة,فرنسية+إنكليزية
5441,ثانوية رومين الرسمية,النبطية,رسمي,رسمي,مختلطة,رومين - الثانوية - شارع العام مختمطة,01452570,الدولة,
6441,ثانوية انصار الرسمية,النبطية,رسمي,رسمي,مختلطة,انصار - الحماري - شارع الطريق العام مختمطة 21 73,,,
7051,مدرسة ارنون المتوسطة الرسمية,النبطية,رسمي,رسمي,مختلطة,ارنون - الحارة التحتا مختمطة,,,
7351,متوسطة عبدالمطيف فياض الرسمية المختمطة,النبطية,رسمي,رسمي,مختلطة,النبطية - شارع مرجعيون مختمطة,,,
2651,مدرسةحاروف المتوسطة الرسمية,النبطية,رسمي,رسمي,مختلطة,حاروف - سكارن - شارع سكارن مختمطة,,,
5951,اإلمام موسى الصدر زوطر الغربية الرسمية,النبطية,رسمي,رسمي,مختلطة,زوطر الغربية - حي الجارن - شارع المؤدي الى النير مختمطة,,,
5921,خربة سمم االولى الرسمية المختمطة,بنت جبيل,رسمي,رسمي,مختلطة,خربة سمم - الكروم - شارع المدرسة مختمطة,,,
7921,كفردونين االبتدائية الرسمية المختمطة,بنت جبيل,رسمي,رسمي,مختلطة,كفردونين - شارع ضير المغارة مختمطة,,,
9921,برج قبلوية الرسمية المتوسطة,بنت جبيل,رسمي,رسمي,مختلطة,برج قبلوية - شارع العام محطة الميازن مختمطة,,,
1031,فرون المتوسطة الرسمية,بنت جبيل,رسمي,رسمي,مختلطة,فرون - شارع المدرسة مختمطة,,,
2031,ثانوية تبنين الرسمية,بنت جبيل,رسمي,رسمي,مختلطة,تبنين - الدبش - شارع عام تبنين حاريص مختمطة 7 93,,,
3031,تبنين المتوسطة الرسمبو,بنت جبيل,رسمي,رسمي,مختلطة,تبنين - شارع الشارع العام مختمطة,,,
4031,عيتا الجبل االبتدائية الرسمية المختمطة,بنت جبيل,رسمي,رسمي,مختلطة,,,,
5031,برعشيت المتوسطة الرسمية المختمطة,بنت جبيل,رسمي,رسمي,مختلطة,,,,
9031,حاريص المتوسطة الرسمية,بنت جبيل,رسمي,رسمي,مختلطة,حاريص - شارع عريض المنزلة مختمطة,,,
2131,كفار االبتدائية الرسمية,بنت جبيل,رسمي,رسمي,مختلطة,كفار - شارع البمدية مختمطة,,,
4131,ثانوية بنت جبيل الرسمية - موسى واسماعيل عباس,بنت جبيل,رسمي,رسمي,مختلطة,بنت جبيل - الحسينية - شارع الحسينية مختمطة,,,
5131,بنت جبيل الرسمية الثانية المختمطة المتوسطة,بنت جبيل,رسمي,رسمي,مختلطة,بنت جبيل - العويني - شارع العام مختمطة 5 8,,,
7131,جميل جابر بزي المتوسطة المختمطة الرسمية,بنت جبيل,رسمي,رسمي,مختلطة,بنت جبيل - الميادين - شارع العام مختمطة,,,
8131,عبد المطيف سعد الرسمية المتوسطة,بنت جبيل,رسمي,رسمي,مختلطة,بنت جبيل - عين الصغيرة - شارع الساريا مختمطة 2 6,,,
9131,مدرسة يارون الرسمية,بنت جبيل,رسمي,رسمي,مختلطة,,,,
2231,شيداء عيناتا الرسمية,بنت جبيل,رسمي,رسمي,مختلطة,عيناتا - العقبة - شارع العام مختمطة,,,
4231,ثانوية رميش الرسمية,بنت جبيل,رسمي,رسمي,مختلطة,,,,
8231,عيتا الشعب الرسمية المختمطة,بنت جبيل,رسمي,رسمي,مختلطة,عيتا الشعب - شارع العام مختمطة,,,
9231,ثانوية عيتا الشعب الرسمية,بنت جبيل,رسمي,رسمي,مختلطة,عيتا الشعب - الرجم مختمطة 7 42,,,
0331,ارميو المتوسطة الرسمية,بنت جبيل,رسمي,رسمي,مختلطة,ارمية - شارع العام مختمطة,,,
2731,ثانوية السيد محسن االمين الرسمية / شقار,بنت جبيل,رسمي,رسمي,مختلطة,شقار - شارع حي الظيور مختمطة 7 03,,,
9441,ثانوية كفار الرسمية,بنت جبيل,رسمي,رسمي,مختلطة,كفار - الجممة - شارع العام مختمطة,,,
2051,خربة سمم الرسمية الثانية,بنت جبيل,رسمي,رسمي,مختلطة,خربة سمم - وادي القيسيو مختمطة,02350470,الدولة,فرنسية+إنكليزية
4711,حاصبيا المتوسطة الرسمية لمبنات,حاصبيا,رسمي,رسمي,مختلطة,حاصبيا - شارع السوق مختمطة,,,
6711,ثانوية حاصبيا الرسمية,حاصبيا,رسمي,رسمي,مختلطة,حاصبيا - الفوقاني - شارع الصنوبر مختمطة,06105570,الدولة,
8711,عين قنيا المتوسطة الرسمية المختمطة,حاصبيا,رسمي,رسمي,مختلطة,عين قنيا - عين قنبا - شارع صنوبر البمدة مختمطة,,,
0811,شبعا الرسمية,حاصبيا,رسمي,رسمي,مختلطة,شبعا - شارع العام مختمطة,,,
1811,ثانوية شبعا الرسمية,حاصبيا,رسمي,رسمي,مختلطة,شبعا - شارع العام مختمطة 2 81,,,
4811,الخموات المتوسطة الرسمية المختمطة,حاصبيا,رسمي,رسمي,مختلطة,الخموات - حي البمدية مختمطة,,,
5811,مدرسة الكفير الرسمية,حاصبيا,رسمي,رسمي,مختلطة,,,,
6811,ثانوية الكفير الرسمية,حاصبيا,رسمي,رسمي,مختلطة,الكفير - شارع العام مختمطة,11755570,الدولة,
2911,حمتا المتوسطة الرسمية المختمطة,حاصبيا,رسمي,رسمي,مختلطة,حمتا - شارع العام مختمطة,,,
2341,الماري الرسمية المختمطة,حاصبيا,رسمي,رسمي,مختلطة,الماري - الشارع العام - شارع الشارع العام مختمطة,,,
3951,ميمس المختمطة الرسمية - (سابقاً روضة اطفال ميمس),حاصبيا,رسمي,رسمي,مختلطة,ميمس - المدرسة - شارع العام مختمطة,,,
5911,ثانوية مرجعيون الرسمية,مرجعيون,رسمي,رسمي,مختلطة,جديدة مرجعيون - جديدة مرجعيون - المدارس - شارع المستشفى الحكومي مختمطة,74003870,الدولة,فرنسية+إنكليزية
8911,ببلط المتوسطة الرسمية,مرجعيون,رسمي,رسمي,مختلطة,ببلط - الشرقي - شارع العام مختمطة,,,
1021,عمي حسين عبداهلل المتوسطة,مرجعيون,رسمي,رسمي,مختلطة,الخيام - الجبلحيو - شارع الجامع البركة مختمطة,,,
4021,ابل السقي المتوسطة الرسمية المختمطة,مرجعيون,رسمي,رسمي,مختلطة,ابل السقي - الضيور - شارع العام مختمطة,,,
6021,الطيبو المتوسطو الرسمية,مرجعيون,رسمي,رسمي,مختلطة,الطيبة - المدرسة - شارع طريق عام الطيبة ديرسريان مختمطة 4 7,,,
7021,العديسو المتوسطة الرسمية المختمطة,مرجعيون,رسمي,رسمي,مختلطة,العديسة - الوسطاني - شارع العام مختمطة,,,
8021,ثانوية المربي محمد فمحة الرسمية ميس الجبل,مرجعيون,رسمي,رسمي,مختلطة,ميس الجبل - الغربي - شارع درب محيبيب الشييد حسن الغول مختمطة 3 11,,,
9021,ميس الجبل االبتدائية الرسمية المختمطة,مرجعيون,رسمي,رسمي,مختلطة,ميس الجبل - الجنوبي - شارع درب الحوارت مختمطة,,,
3121,حوال المتوسطة الرسمية,مرجعيون,رسمي,رسمي,مختلطة,,,,
6121,مجدل سمم االبتدائية الرسمية المختمطة,مرجعيون,رسمي,رسمي,مختلطة,مجدل سمم - المدرسة - شارع العام مختمطة,,,
9121,مدرسة تولين الرسمية,مرجعيون,رسمي,رسمي,مختلطة,تولين - الفاطور - شارع الفاطور مختمطة,,,
0221,الصوانو المتوسطة الرسمية,مرجعيون,رسمي,رسمي,مختلطة,الصوانة - شارع العام مختمطة 1 4,,,
6341,ثانوية الطيبة الرسمية,مرجعيون,رسمي,رسمي,مختلطة,الطيبة - الجنوبي - شارع العام طريق القنطرة مختمطة,88205870,خاص,
3051,عين عرب الرسمية,مرجعيون,رسمي,رسمي,مختلطة,,,,
6051,مدرسة كفركبل الرسمية,مرجعيون,رسمي,رسمي,مختلطة,كفركبل - خمة حجازي - شارع الشارع العام مختمطة,,,
4005,القديس يوسف لارىبات المحبة,بيروت االولى,خاص مجاني,خاص,مختلطة,الرميل - شارع مستشفى الروم مختمطة,01294410,خاص,فرنسية+فرنسية
8005,مار منصور لارىبات المحبة,بيروت االولى,خاص مجاني,خاص,مختلطة,االشرفية - شارع سميم باز مختمطة,,,
9005,الجيل الجديد,بيروت الثانية,خاص مجاني,خاص,مختلطة,البسطة الفوقا - البسطا - شارع االوازعي مختمطة,,,
7105,عمر بن الخطاب االبتدائية,بيروت الثانية,خاص مجاني,خاص,مختلطة,الحرش - لبس - شارع المفتي حسن خالد مختمطة,,,
6205,مار يوسف المارونية,ضواحي بيروت المباشرة الشمالية,خاص مجاني,خاص,مختلطة,برج حمود - حارة صادر - شارع مار يوسف مختمطة,,,
2305,قمب يسوع,ضواحي بيروت المباشرة الشمالية,خاص مجاني,خاص,مختلطة,النبعة - النبعة ببلاز عاازر - شارع مار ضوميط النبعة مختمطة,,,
1605,برج حمود االىمية,ضواحي بيروت المباشرة الشمالية,خاص مجاني,خاص,مختلطة,النبعة - شارع الغيبلن مختمطة,,,
6305,التربية الحديثة,ضواحي بيروت المباشرة الجنوبية,خاص مجاني,خاص,مختلطة,الشياح - الطيونو - شارع اسعد عبلمو مختمطة,,,
5405,الكارمة الوطنية,ضواحي بيروت المباشرة الجنوبية,خاص مجاني,خاص,مختلطة,الشياح - الجوار - شارع مارون مسك مختمطة,,,
9505,التنشئة المبنانية الوطنية,ضواحي بيروت المباشرة الجنوبية,خاص مجاني,خاص,مختلطة,الجناح - السمطان ابارىيم - شارع العام مختمطة,,,
3605,رويال سكول,ضواحي بيروت المباشرة الجنوبية,خاص مجاني,خاص,مختلطة,االوازعي - شارع االمام الصدر مختمطة,,,
4605,االىمية المجانية-االوازعي,ضواحي بيروت المباشرة الجنوبية,خاص مجاني,خاص,مختلطة,االوازعي - الخنسا - شارع العام مختمطة 2 8,,,
2075,ليسيو برومي المجانية,ضواحي بيروت المباشرة الجنوبية,خاص مجاني,خاص,مختلطة,الشياح - شارع شارع لمع قرب كنيسة ما مارون مختمطة,,,
6005,سيدة العطايا لمارىبات االنطونيات المجانية,ضواحي بيروت القريبة الشمالية,خاص مجاني,خاص,مختلطة,الدكوانة - مار جرجس - شارع مار جرجس مختمطة,43854930,خاص,فرنسية+فرنسية
5155,الفرير االسقفية الكاثوليكية,ضواحي بيروت القريبة الشمالية,خاص مجاني,خاص,مختلطة,الدكوانة - شركة الشاروكي - شارع ميرنا الشالوحي مختمطة,,,
0705,القديس مكسيموس الكاثوليكية,ضواحي بيروت القريبة الوسطى,خاص مجاني,خاص,مختلطة,كفرشيما - الدير - شارع البالوع-كفرشيما مختمطة,,,
2245,النيضة,ضواحي بيروت القريبة الوسطى,خاص مجاني,خاص,مختلطة,,,,
2705,الزىارء االبتدائية,ضواحي بيروت القريبة الجنوبية,خاص مجاني,خاص,مختلطة,برج البارجنة - الرويس - شارع حرب مختمطة,,,
6705,روضة الرضى النموذجية,ضواحي بيروت القريبة الجنوبية,خاص مجاني,خاص,مختلطة,برج البارجنة - المنشية مختمطة,,,
3805,التكامل االسبلمية,ضواحي بيروت القريبة الجنوبية,خاص مجاني,خاص,مختلطة,برج البارجنة - الرمل - شارع الحسينية مختمطة,,,
6805,اعدادية برج البارجنة,ضواحي بيروت القريبة الجنوبية,خاص مجاني,خاص,مختلطة,برج البارجنة - شارع الرويس مختمطة,,,
9805,الصادق النموذجية,ضواحي بيروت القريبة الجنوبية,خاص مجاني,خاص,مختلطة,برج البارجنة - السنديان - شارع عبد الناصر مختمطة 1 9,,,
0905,ابتدائية االخاء المبناني,ضواحي بيروت القريبة الجنوبية,خاص مجاني,خاص,مختلطة,حارة حريك - شارع بعجور مختمطة,,,
0545,مدرسة االتحاد,ضواحي بيروت القريبة الجنوبية,خاص مجاني,خاص,مختلطة,حي السمم - الكارمة - شارع اليبارية مختمطة 2 8,,,
2945,الجواد (ع),ضواحي بيروت القريبة الجنوبية,خاص مجاني,خاص,مختلطة,برج البارجنة - المنشية - شارع عبد الناصر مختمطة,,,
8455,السنابل,ضواحي بيروت القريبة الجنوبية,خاص مجاني,خاص,مختلطة,المريجة - الكفاءات مختمطة,,,
1105,جنة االطفال,ضواحي بيروت البعيدة كسروان,خاص مجاني,خاص,مختلطة,حارة صخر - شارع حارة صخر مختمطة,,,
2905,االسقفية االولى,ضواحي بيروت البعيدة كسروان,خاص مجاني,خاص,مختلطة,كفرياسين - شارع مار جرجس مختمطة,,,
4905,مار يوحنا المعمدان االبتدائية,ضواحي بيروت البعيدة كسروان,خاص مجاني,خاص,مختلطة,عين الريحانة - حارش - شارع حارش مختمطة,,,
6905,مدرسة االبارر,ضواحي بيروت البعيدة عاليه,خاص مجاني,خاص,مختلطة,عرمون - دوحة الحص - شارع القبة مختمطة,07500850,خاص,
5645,مدرسة ريبابميك ايميمنتري سكول,ضواحي بيروت البعيدة عاليه,خاص مجاني,خاص,مختلطة,,00041850,خاص,فرنسية+إنكليزية
4255,الميسيو فينوس,ضواحي بيروت البعيدة عاليه,خاص مجاني,خاص,مختلطة,العمروسية - شارع المدارس مختمطة,,,
8655,دار االيتام االسبلمية-مؤسسة التربية الخاصة,ضواحي بيروت البعيدة عاليه,خاص مجاني,خاص,مختلطة,عرمون - شارع القبة مختمطة,,,
0755,ماي نيوكولدج االبتدائية المجانية,ضواحي بيروت البعيدة عاليه,خاص مجاني,خاص,مختلطة,العمروسية - الجامعة - شارع الجامعة مختمطة 2 51,05058450,خاص,
1755,ليبانيز ادفنس سكول,ضواحي بيروت البعيدة عاليه,خاص مجاني,خاص,مختلطة,الشويفات - البركات - شارع البركات مختمطة,,,
5755,مدرسة الجيل الجديد,ضواحي بيروت البعيدة عاليه,خاص مجاني,خاص,مختلطة,الشويفات - العمروسيو - شارع العمروسية مختمطة 1 11,89653450,خاص,
0855,مدرسة الكارمة اإلبتدائية,ضواحي بيروت البعيدة عاليه,خاص مجاني,خاص,مختلطة,,21488450,خاص,
3015,سيدة الوردية المجانية - عمشيت,جبيل,خاص مجاني,خاص,مختلطة,عمشيت - الوردية - شارع حي الوردية مختمطة,,,
5015,سيدة ميفوق,جبيل,خاص مجاني,خاص,مختلطة,ميفوق - شارع العام مختمطة,60556790,خاص,فرنسية+فرنسية
8015,دون بوسكو لارىبات مريم المجانية,جبيل,خاص مجاني,خاص,مختلطة,قرطبا - شارع السيدة الحرزمانية مختمطة,,,
3105,مدرسة االمام عمي,كسروان,خاص مجاني,خاص,مختلطة,المعيصرة - العام - شارع البمدية مختمطة,,,
5115,سيدة لبنان لارىبات القمبين االقدسين,كسروان,خاص مجاني,خاص,مختلطة,,77588630,خاص,فرنسية+فرنسية
8115,سيدة الحبل ببل دنس,كسروان,خاص مجاني,خاص,مختلطة,,,,
0745,مدرسة قديس يوسف المجانية لارىبات القمبين االقدسين,كسروان,خاص مجاني,خاص,مختلطة,كفردبيان - جبال - شارع العام مختمطة,,,
1745,مدرسة الكممة-سيدة لبنان-حريصا,كسروان,خاص مجاني,خاص,مختلطة,درعون - جبل حريصا - شارع ميتم مار شربل / حريصا مختمطة 6,,,
1215,السيدة لارىبات القمبين االقدسين,المتن,خاص مجاني,خاص,مختلطة,,,,
4215,القديس بطرس,المتن,خاص مجاني,خاص,مختلطة,بسكنتا - مار بطرس مختمطة,,,
6215,ام المشورة الصالحة,المتن,خاص مجاني,خاص,مختلطة,,,,
0315,مار منصور دي بول لارىبات المحبة,المتن,خاص مجاني,خاص,مختلطة,برمانا - شارع الكنائس مختمطة,,,
3315,ارىبات مار يوسف دي ليون,بعبدا,خاص مجاني,خاص,مختلطة,ديارلحرف - الرئيسي - شارع العام مختمطة,,,
5305,مار قرياقوس المجانية,عاليه,خاص مجاني,خاص,مختلطة,رشميا - الارىبات - شارع السنتارل مختمطة,62308250,خاص,
2415,مار جرجس المارونية المجانية,عاليه,خاص مجاني,خاص,مختلطة,عين داره - مار جرجس - شارع الطريق العام مختمطة,,,
4415,التوحيد الثقافية,عاليه,خاص مجاني,خاص,مختلطة,,,,
6415,العرفان,الشوف,خاص مجاني,خاص,مختلطة,السمقانية - شارع العام مختمطة,,,
7255,السمطان صبلح الدين االبتدائية,الشوف,خاص مجاني,خاص,مختلطة,برجا - الروس - شارع الروس مختمطة,06432670,خاص,
8415,طاربمس المارونية المختمطة,طرابلس المدينة,خاص مجاني,خاص,مختلطة,التل والمدينة الوسطى - شارع التل العميا مختمطة,,,
0515,المطارن الخيرية المارونية,طرابلس المدينة,خاص مجاني,خاص,مختلطة,المدخل الجنوبي والبساتين - المطارن - شارع المطارن مختمطة,,,
4615,المطارن الرعائية,طرابلس المدينة,خاص مجاني,خاص,مختلطة,التبانة - السيده - شارع حي السيدة مختمطة,,,
9615,االمل المختمطة,طرابلس المدينة,خاص مجاني,خاص,مختلطة,القبة - طاربمس ضير المغر - شارع النصر مختمطة,,,
4715,قبة النصر المارونية,طرابلس المدينة,خاص مجاني,خاص,مختلطة,القبة - شارع الجيش مختمطة 2 22,,,
2845,مدرسة الرؤى التربوية,طرابلس المدينة,خاص مجاني,خاص,مختلطة,ابوسمار - ابي سمارء - شارع زيتون ابي سمارء مختمطة,,,
4175,مدرسة درب التبانة,طرابلس المدينة,خاص مجاني,خاص,مختلطة,,,,
5355,النور االسبلمية الحديثة,طرابلس الضواحي,خاص مجاني,خاص,مختلطة,البداوي - شارع الكنز مختمطة,,,
7715,المنية المارونية,طرابلس الضواحي,خاص مجاني,خاص,مختلطة,المنية - المخاضة - شارع العام مختمطة,,,
2815,الصديق - اإليمان اإلسبلمية السفيرة,طرابلس الضواحي,خاص مجاني,خاص,مختلطة,السفيرة - الحصن - شارع المدرسة مختمطة,,,
7345,المدرسة المبنانية االستارلية,طرابلس الضواحي,خاص مجاني,خاص,مختلطة,المنية - عين البيضا مختمطة,,,
7945,غرين الند سكول,طرابلس الضواحي,خاص مجاني,خاص,مختلطة,,42026460,خاص,
6055,المشاعل النموذجية,طرابلس الضواحي,خاص مجاني,خاص,مختلطة,سير الضنية - المسد - شارع المخفر مختمطة 2 4,,,
9555,مدرسة الجنان االبتدائية المجانية,طرابلس الضواحي,خاص مجاني,خاص,مختلطة,المنية - حمدون - شارع متفرع مختمطة,,,
4075,مدرسة الفاروق التربوية,طرابلس الضواحي,خاص مجاني,خاص,مختلطة,مزرعة القرين - العام - شارع الرمل مختمطة 1 9,88819460,خاص,
6075,مدرسة الشيخ,طرابلس الضواحي,خاص مجاني,خاص,مختلطة,عاصون - الحرف - شارع المستشفى الحكومي مختمطة,,,
0505,مدرسة النصر-ببنين,عكار,خاص مجاني,خاص,مختلطة,ببنين - النجمة مختمطة,84459130,خاص,فرنسية+فرنسية
7705,مدرسة العمم واالصبلح الحديثة,عكار,خاص مجاني,خاص,مختلطة,دغمة - العام - شارع العام مختمطة,,,
1615,نيج الببلغة,عكار,خاص مجاني,خاص,مختلطة,,05206360,خاص,فرنسية+فرنسية
5815,الحكمة الشرقية,عكار,خاص مجاني,خاص,مختلطة,,04369207,خاص,
8815,حمبا المارونية,عكار,خاص مجاني,خاص,مختلطة,حمبا - الموارنو مختمطة 2 71,,,
9815,سيدة النجاة,عكار,خاص مجاني,خاص,مختلطة,الشيخ محمد - ساحة الكنيسو - شارع الشيخ محمد مختمطة,,,
0915,القديس يوسف لمارىبات الباسيميات الشويريات,عكار,خاص مجاني,خاص,مختلطة,منيارة - شارع الكنائس مختمطة 1 01,77109660,خاص,
1915,مدرسة الخيرية االسبلمية - ببنين,عكار,خاص مجاني,خاص,مختلطة,عكار العتيقة - شارع الشييد وليد الشعار مختمطة,47946407,خاص,فرنسية+فرنسية
4025,المقاصد الخيرية االسبلمية - بيت ايوب,عكار,خاص مجاني,خاص,مختلطة,قرنة - الشحمينة - شارع الرمل مختمطة,,,
7025,مار ضومط لبلباء الكرمميين,عكار,خاص مجاني,خاص,مختلطة,القبيات - غوايا - شارع الدير مختمطة,,,
9025,مار سمعان المجانية,عكار,خاص مجاني,خاص,مختلطة,بيت مبلت - الفوار - شارع العين مختمطة,05706360,خاص,
0125,المقاصد الخيرية االسبلمية-وادي خالد,عكار,خاص مجاني,خاص,مختلطة,وادي خالد - شارع البقيعة مختمطة 2 3,,,
9035,مدرسة عالم التميز التربوية سابقا النيضة العممية,عكار,خاص مجاني,خاص,مختلطة,دنبو (عين الذىب) - البساتين - شارع العريض مختمطة,22339197,خاص,
2635,النور المبين,عكار,خاص مجاني,خاص,مختلطة,قبعيت - الكفرون - شارع العام مختمطة 1 7,11056830,خاص,
8345,الرشاد النموذجية,عكار,خاص مجاني,خاص,مختلطة,ببنين - الفتونة - شارع العبدة مختمطة,,,
8445,الشمائل النموذجية,عكار,خاص مجاني,خاص,مختلطة,عمارة - حي آل عقل مختمطة,59852860,خاص,فرنسية+فرنسية
2745,دار الحنان,عكار,خاص مجاني,خاص,مختلطة,,07039660,خاص,فرنسية+إنكليزية
9845,الزىارء الخالدة التابعة لجمعية المحبة الخيرية االجتماعية,عكار,خاص مجاني,خاص,مختلطة,برج العرب - ديردلوم - شارع ديردلوم مفرق برقايل مختمطة,08852860,خاص,
9945,الجوىرة المجانية ببنين,عكار,خاص مجاني,خاص,مختلطة,ببنين - طريق العام - شارع العام مختمطة 1 4,,,
0055,النور االسبلمية,عكار,خاص مجاني,خاص,مختلطة,البيرة - البيره - شارع الطريق العام مختمطة,,,
5055,الفاروق المجانية,عكار,خاص مجاني,خاص,مختلطة,ببنين - مسجد االصبلح - شارع العام مختمطة 3 8,,,
9055,الضحى العممية,عكار,خاص مجاني,خاص,مختلطة,فنيدق - الكروم - البستان - شارع الكروم مختمطة,87331307,خاص,فرنسية+فرنسية
3155,بارعم االيمان,عكار,خاص مجاني,خاص,مختلطة,فنيدق - البستان - شارع العام مختمطة,99859860,خاص,فرنسية+فرنسية
3655,مدرسة لبنان المجانية,عكار,خاص مجاني,خاص,مختلطة,بزبينا - 0 - شارع 0 مختمطة,09506360,خاص,فرنسية+فرنسية
1125,حارة الفوار المارونية,زغرتا,خاص مجاني,خاص,مختلطة,حارة الفوار - شارع العام مختمطة,,,
4125,مار انطونيوس لمارىبات االنطونيات,زغرتا,خاص مجاني,خاص,مختلطة,زغرتا - المعاصر - شارع الارىبات مختمطة,,,
4155,النور النموذجية االسبلمية,زغرتا,خاص مجاني,خاص,مختلطة,اردة - شارع العام مختمطة,77255260,خاص,فرنسية+فرنسية
3555,مدرسة األمان الدولية المجانية,زغرتا,خاص مجاني,خاص,مختلطة,مرياطة - الطريق العام - شارع 0 مختمطة,55355260,خاص,
7125,ضير العين المارونية,الكورة,خاص مجاني,خاص,مختلطة,ضير العين - مار يوسف - شارع مار يوسف مختمطة,,,
0225,ارىبات القديسة تريزيا,الكورة,خاص مجاني,خاص,مختلطة,دار بعشتار - شارع العام مختمطة,,,
1225,مار سركيس وباخوس لمبنات,بشري,خاص مجاني,خاص,مختلطة,طوراز - شارع شارع الكنيسة مختمطة,,,
3225,مار البا لارىبات المحبة,بشري,خاص مجاني,خاص,مختلطة,حصرون - شارع العام مختمطة,,,
4225,شكا المارونية,البترون,خاص مجاني,خاص,مختلطة,شكا - الطريق العام - شارع طريق كفرحزير مختمطة,,,
8225,سيدة الحبل ببلدنس لارىبات العائمةالمارونيات,البترون,خاص مجاني,خاص,مختلطة,تنورين الفوقا - شارع السيدة مختمطة,,,
2325,سيدة الزلزلة لمروم االرثوذكس,زحلة المدينة,خاص مجاني,خاص,مختلطة,زحمة (م) - مارمخايل ومارجرجس - شارع سيدة الزلزلة مختمطة,,,
9655,حضانة الطفل,زحلة المدينة,خاص مجاني,خاص,,زحمة-البولفار - مارمخايل ومار جرجس لمبنات,,,
5325,مدرسة مرسل النموذجية,زحلة الضواحي,خاص مجاني,خاص,مختلطة,تعمبايا - الزعرورة - شارع الربيع مختمطة,,,
7325,ماارلياس لرىبنة االباء اليسوعيين,زحلة الضواحي,خاص مجاني,خاص,مختلطة,تعمبايا - الزعرورة - شارع االستقبلل مختمطة,,,
9325,سيدة التعزية لمرىبانية اليسوعية,زحلة الضواحي,خاص مجاني,خاص,مختلطة,جديتا - المحطة مختمطة,,,
4205,ابتدائية خميل شياب,زحلة القضاء,خاص مجاني,خاص,مختلطة,مجدل عنجر - األكرمية - شارع األزىر مختمطة,76912680,خاص,فرنسية+إنكليزية
1425,زين العابدين,زحلة القضاء,خاص مجاني,خاص,مختلطة,عمي النيري - البيادر مختمطة,,,
7425,المقاصد الخيرية االسبلمية - بر الياس,زحلة القضاء,خاص مجاني,خاص,مختلطة,,,,
0525,ىارتش االرمنية االرثوذكسية,زحلة القضاء,خاص مجاني,خاص,مختلطة,عنجر - حوش موسى - شارع ىارتش مختمطة,,,
1525,االنجيمية السويسرية,زحلة القضاء,خاص مجاني,خاص,مختلطة,,,,
2525,لجنة تعميم ابناء المسممين في القرى-الخيرية االسبلمية,زحلة القضاء,خاص مجاني,خاص,مختلطة,مجدل عنجر - شارع النبعة مختمطة,,,
3525,العموم الحديثو,زحلة القضاء,خاص مجاني,خاص,مختلطة,مجدل عنجر - شارع العام مختمطة 2 4,,,
5525,مدرسة القديسة تقبل المجانية,زحلة القضاء,خاص مجاني,خاص,مختلطة,تربل - الجدار - شارع العام مختمطة,,,
7545,المدرسة االىمية - بارلياس,زحلة القضاء,خاص مجاني,خاص,مختلطة,بارلياس - الشرقي - شارع العام مختمطة,,,
6355,المناىل االبتدائية,زحلة القضاء,خاص مجاني,خاص,مختلطة,,,,
9405,مدرسة االمام السيد موسى الصدر,الهرمل,خاص مجاني,خاص,مختلطة,اليرمل (م) - اليرمل - شارع العام طريق عام الشربين مختمطة,22800280,خاص,فرنسية+فرنسية
8525,االمام عمي,الهرمل,خاص مجاني,خاص,مختلطة,اليرمل - الحاره مختمطة,,,
2625,الحديقة الخضارء االبتدائية,الهرمل,خاص مجاني,خاص,مختلطة,اليرمل - الدورة - اليرمل - شارع الطريق العام مختمطة,,,
9075,االنجيمية التربوية,الهرمل,خاص مجاني,خاص,مختلطة,اليرمل - المرح - شارع العام مختمطة,,,
0105,الميدي النموذجية المجانية,بعلبك,خاص مجاني,خاص,مختلطة,,05853380,خاص,فرنسية+إنكليزية
5625,التجييز المبنانية,بعلبك,خاص مجاني,خاص,مختلطة,مقارق - اميز - شارع العام مختمطة,,,
8625,المختار,بعلبك,خاص مجاني,خاص,مختلطة,عرسال - الشمالي - شارع العام مختمطة,,,
3725,الرشيد لمتربية والتعميم,بعلبك,خاص مجاني,خاص,مختلطة,العين - القطن مختمطة 1 7,,,
4725,التربية الحديثة,بعلبك,خاص مجاني,خاص,مختلطة,العين - حقل العضام مختمطة,,,
5725,مجمع المصطفى (ص) التربوي,بعلبك,خاص مجاني,خاص,مختلطة,العين - الشمالي - شارع العام مختمطة 1 21,,,
6725,االسقفية المجانية لمروم الكاثوليك,بعلبك,خاص مجاني,خاص,مختلطة,,,,
9725,الطفل يسوع لارىبات القمبين االقدسين,بعلبك,خاص مجاني,خاص,مختلطة,الفاكية - مار جرجس مختمطة,,,
5825,سيدة البرج لارىبات العائمة المقدسة المارونيات,بعلبك,خاص مجاني,خاص,مختلطة,دير االحمر - شارع العام مختمطة,,,
6925,زىرة االداب -عرسال,بعلبك,خاص مجاني,خاص,مختلطة,عرسال - الحي الشمالي - شارع البابين مختمطة 2 5,,,
9925,دون بوسكو لارىبات السالزيان,بعلبك,خاص مجاني,خاص,مختلطة,,,,
1035,المرتضى,بعلبك,خاص مجاني,خاص,مختلطة,بوداي - شارع العام مختمطة 3 22,,,
2035,روضة االيمان النموذجية,بعلبك,خاص مجاني,خاص,مختلطة,النبي شيت - شارع العام مختمطة,,,
8035,االمام عمي بن ابي طالب,بعلبك,خاص مجاني,خاص,مختلطة,بريتال - الشميس مختمطة,,,
3245,زىرة االداب,بعلبك,خاص مجاني,خاص,مختلطة,بعمبك - الصمح - شارع طريق وادي السيل مختمطة,00317380,خاص,فرنسية+إنكليزية
3345,دار التربية الوطنية المجانية,بعلبك,خاص مجاني,خاص,مختلطة,بعمبك - حي الشيخ حبيب مختمطة 6 95,,,
4345,الوطنية المارونية,بعلبك,خاص مجاني,خاص,مختلطة,بعمبك - القمعة - شارع كميل شمعون مختمطة,,,
2445,المدرسة المبنانية,بعلبك,خاص مجاني,خاص,مختلطة,حورتعبل - اليونيسية مختمطة 3 01,11716107,خاص,
5445,المعرفة,بعلبك,خاص مجاني,خاص,مختلطة,شعت - المقر - شارع العام مختمطة,,,
9545,مدرسة البشائر,بعلبك,خاص مجاني,خاص,مختلطة,دورس - شارع طريق تعاضد الجيش مختمطة,31424167,خاص,فرنسية+إنكليزية
0845,المدينة الفاضمة,بعلبك,خاص مجاني,خاص,مختلطة,عرسال - وادي االرنب مختمطة,,,
4055,مدرسة الشيخ محمد يعقوب االبتدائية,بعلبك,خاص مجاني,خاص,مختلطة,الطيبة - شارع العام مختمطة,,,
2355,الزىارء المجانية,بعلبك,خاص مجاني,خاص,مختلطة,,,,
1455,روضة القائم,بعلبك,خاص مجاني,خاص,مختلطة,بريتال - البطيخة - شارع سكة سرعين مختمطة,,,
5655,مدرسة النور المشرقة - عرسال,بعلبك,خاص مجاني,خاص,مختلطة,عرسال - الجنوبي مختمطة 1 6,,,
5075,ابتدائية مودرن انترناشيونال سكول,بعلبك,خاص مجاني,خاص,مختلطة,ايعات - شارع األرز مختمطة,11197380,خاص,
0205,عائشة ام المؤمنين,البق اع الغربي,خاص مجاني,خاص,مختلطة,,,,
1025,مدرسة الخيرية االسبلمية - مشمش,البق اع الغربي,خاص مجاني,خاص,مختلطة,الصويري - المحفارة مختمطة,,,
8135,لجنة تعميم ابناء المسممين في القرى-الخيرية االسبلمية,البق اع الغربي,خاص مجاني,خاص,مختلطة,,,,
1235,ابتدائية النجاح,البق اع الغربي,خاص مجاني,خاص,مختلطة,مشغرة - النبي نون - شارع النبي نون مختمطة,,,
2235,مؤسسة اسعد عبود الخيرية,البق اع الغربي,خاص مجاني,خاص,مختلطة,عيتنيت - شارع العام مختمطة 1 6,71405680,خاص,فرنسية+فرنسية
3235,القديس انطونيوس لبلتحاد الصغبيني,البق اع الغربي,خاص مجاني,خاص,مختلطة,صغبين - شارع الشارع العام مختمطة,,,
4235,االسقفية لمروم الكاثوليك,البق اع الغربي,خاص مجاني,خاص,مختلطة,صغبين - شارع العام مختمطة 3 1,,,
5235,مار يوحنا,البق اع الغربي,خاص مجاني,خاص,مختلطة,خربة قنافار - شارع العام مختمطة,,,
3645,مدرسة االمام الحسين (ع),البق اع الغربي,خاص مجاني,خاص,مختلطة,,,,
8355,دار االمان المجانية,البق اع الغربي,خاص مجاني,خاص,مختلطة,المنارة - سطية - شارع سطية مختمطة,,,
1075,مدرسة عفاف الطقل,البق اع الغربي,خاص مجاني,خاص,مختلطة,,,,
9235,العرفان المجانية,راشيا,خاص مجاني,خاص,مختلطة,,,,
6555,الكندية المجانية,راشيا,خاص مجاني,خاص,مختلطة,ضير االحمر - 0 - شارع 0 مختمطة,,,
0335,دار اليتيم العربي,صيدا المدينة,خاص مجاني,خاص,مختلطة,صيدا (م) - الفواخير - شارع رياض الصمح مختمطة,,,
4945,الميدي النموذجية المجانية-الغازية,صيدا الضواحي,خاص مجاني,خاص,مختلطة,الغازية - الرويس - شارع الرويس مختمطة,82242270,خاص,
7805,ليسيو ارزي الحديثة,صيدا القضاء,خاص مجاني,خاص,مختلطة,ارزي - العام - شارع العام مختمطة,,,
1435,منارة جبل عامل,صيدا القضاء,خاص مجاني,خاص,مختلطة,المروانية - شارع العام مختمطة,,,
4435,اعدادية النيضة التربوية,صيدا القضاء,خاص مجاني,خاص,مختلطة,,,,
9345,الشعمة الحديثة,صيدا القضاء,خاص مجاني,خاص,مختلطة,الزاررية - الوطى - شارع عام مختمطة,,,
4545,الشييد مصطفى شمارن,صيدا القضاء,خاص مجاني,خاص,مختلطة,البيسارية - المشاع - شارع الشارع العام مختمطة 7 34,05553270,خاص,
6535,القديس ميخائيل,جزين,خاص مجاني,خاص,مختلطة,جزين - مار يوسف مختمطة,,,
6835,رحاب الزىارء,صور,خاص مجاني,خاص,مختلطة,صور - الرمل - شارع االستارحة مختمطة,43774370,خاص,فرنسية+إنكليزية
1145,مدرسة اليداية ­ القميمة,صور,خاص مجاني,خاص,مختلطة,القميمة - عمارن - شارع العام مختمطة,,,
1645,االمام جعفر الصادق,صور,خاص مجاني,خاص,مختلطة,جويا - الصياح - شارع عام محرونة مختمطة,,,
8645,الشييد محمد سعد االبتدائية,صور,خاص مجاني,خاص,مختلطة,العباسية - برج رحال - شارع العام مختمطة,53308370,خاص,
5945,"دوحة االمام عمي ""ع"" المجانية",صور,خاص مجاني,خاص,مختلطة,بستيات - المبرة - شارع العام مختمطة 3 31,15000470,خاص,
4455,مدرسة الميدي النموذجية المجانية - صور,صور,خاص مجاني,خاص,مختلطة,العباسية - مفرق معركة - شارع مفرق معركة مختمطة,33005370,خاص,
5455,مدرسة األمجاد الوطنية / الكفاح سابقا,صور,خاص مجاني,خاص,مختلطة,,60654370,خاص,
6455,اإلمام عمي,صور,خاص مجاني,خاص,مختلطة,جويا - النادي مختمطة,33492430,الدولة,
4855,مدرسة صور الدولية المجانية,صور,خاص مجاني,خاص,مختلطة,جل البحر - حي جل البحر - شارع صور مختمطة,66904770,خاص,
3705,مدرسة اآلفاق االبتدائية المجانية,النبطية,خاص مجاني,خاص,مختلطة,كفرصير - الجوبية مختمطة,01024570,خاص,فرنسية+إنكليزية
9535,العممية االىمية المختمطة,النبطية,خاص مجاني,خاص,مختلطة,النبطية - عين قبيس مختمطة,63406770,خاص,فرنسية+إنكليزية
3635,مبرة السيدة زينب ع رقم 91/ النبطية,النبطية,خاص مجاني,خاص,مختلطة,حاروف - الوادي - شارع العام مختمطة,,,
5635,انصار الحكمة,النبطية,خاص مجاني,خاص,مختلطة,انصار - الحمار - شارع العام مختمطة,,,
6635,االعدادية النموذجية االبتدائية,النبطية,خاص مجاني,خاص,مختلطة,انصار - الزياتة - شارع الزياتة التحتا مختمطة 2 2,,,
9635,النيضة الجديدة القصيبو,النبطية,خاص مجاني,خاص,مختلطة,القصيبة - شارع الطوال مختمطة,73504570,خاص,
1735,االرشاد النموذجية,النبطية,خاص مجاني,خاص,مختلطة,النبطية الفوقا - الرجم مختمطة 2 51,66676770,خاص,
3145,االمام زين العابدين,النبطية,خاص مجاني,خاص,مختلطة,القصيبة - القمع مختمطة,,,
3545,مدرسة الوفاء المبناني - جبشيت,النبطية,خاص مجاني,خاص,مختلطة,جبشيت - الخمة - شارع العام /جبشيت عدشيت مختمطة,61279830,جمعية,فرنسية+إنكليزية
3055,مدرسة الشييد ببلل فحص االبتدائية,النبطية,خاص مجاني,خاص,مختلطة,,85416770,خاص,فرنسية+إنكليزية
4555,االعدادية النموذجية لمتربية والتعميم,النبطية,خاص مجاني,خاص,مختلطة,زبدين - كسار زعتر - شارع زبدين مختمطة,66166770,خاص,
6655,الميدي النموذجية,النبطية,خاص مجاني,خاص,مختلطة,الدوير - القرن - شارع داخمي مختمطة 4 81,,,
7755,مدرسة الميدي النموذجية-الشرقية,النبطية,خاص مجاني,خاص,مختلطة,الشرقية - الكسارة مختمطة,65453470,خاص,
2115,مدرسة مار يوسف المجانية,بنت جبيل,خاص مجاني,خاص,مختلطة,دبل - الكنيسة الجديدة - شارع الكنيسة مختمطة,65607307,خاص,
2045,االعدادية الجعفرية,بنت جبيل,خاص مجاني,خاص,مختلطة,عيترون - الغربي - شارع العام مختمطة,,,
5045,سيدة لبنان لمارىبات االنطونيات,بنت جبيل,خاص مجاني,خاص,مختلطة,رميش - الارىبات - شارع العام مختمطة,20107470,خاص,فرنسية+فرنسية
8145,اليدايا واالرشاد االبتدائية,بنت جبيل,خاص مجاني,خاص,مختلطة,السمطانية - الزعرورة - شارع العام مختمطة,,,
4645,مدرسة مودرن سكول النموذجية,بنت جبيل,خاص مجاني,خاص,مختلطة,تبنين - شارع العام مختمطة 1 5,68453870,خاص,فرنسية+إنكليزية
6645,مدرسة مجمع التحرير,بنت جبيل,خاص مجاني,خاص,مختلطة,,10162370,خاص,
3845,االشارق,بنت جبيل,خاص مجاني,خاص,مختلطة,عيناتا - صف اليوا - شارع العام - طريق عيناتا مختمطة 01 32,50305470,خاص,
4845,مدرسة الميدي النموذجية,بنت جبيل,خاص مجاني,خاص,مختلطة,بنت جبيل - صف اليوا مختمطة,33225470,خاص,
3755,مدرسة البارعم النموذجية,بنت جبيل,خاص مجاني,خاص,مختلطة,تبنين - الكاشف - شارع داخمي مختمطة,,,
2735,حاصبيا الخيرية,حاصبيا,خاص مجاني,خاص,مختلطة,حاصبيا - العين - شارع العام مختمطة,,,
0555,الميدي النموذجية االحمدية,حاصبيا,خاص مجاني,خاص,مختلطة,برغز - شارع العام مختمطة,,,
0835,الطيبة االىمية,مرجعيون,خاص مجاني,خاص,مختلطة,اعدادية جبل عامل - حوال قبل الظير 6 81 451 563 915 2 91 فرنسي + انكميزي,55105870,خاص,فرنسية+إنكليزية
3835,االمين,مرجعيون,خاص مجاني,خاص,مختلطة,مجدل سمم - شارع العام مختمطة,,,
1007,القمب األقدس -الفرير,بيروت االولى,خاص غير مجاني,خاص,مختلطة,الجميزة - شارع غورو مختمطة,,,
3007,الحكمة االشرفية,بيروت االولى,خاص غير مجاني,خاص,مختلطة,,,,
5007,الحبل ببلدنس,بيروت االولى,خاص غير مجاني,خاص,مختلطة,الرميل - شارع مستشفى الروم مختمطة,,,
8007,القديس غريغوريوس,بيروت االولى,خاص غير مجاني,خاص,مختلطة,الجعيتاوي - شارع مستشفى الروم مختمطة,,,
1107,سيدة الناصره,بيروت االولى,خاص غير مجاني,خاص,مختلطة,الناصرة - شارع دير الناصرة مختمطة 21 78,,,
2107,سان شارل لارىبات المحبة,بيروت االولى,خاص غير مجاني,خاص,مختلطة,الناصرة - شارع الزىار مختمطة,21810210,خاص,
3107,ثانوية عمي بن ابي طالب االشرفية,بيروت االولى,خاص غير مجاني,خاص,مختلطة,الناصرة - شارع بيضون مختمطة 8 32,,,
4107,الثانوية االنجيمية لبيروت الكبرى,بيروت االولى,خاص غير مجاني,خاص,مختلطة,االشرفية - السيوفي - شارع الغازلية مختمطة,,,
8107,الثبلثة اقمار االشرفية,بيروت االولى,خاص غير مجاني,خاص,مختلطة,الجميزة - العكاوي - شارع العكاوي مختمطة,,,
2207,الميسيو الفرنسية المبنانية الكبرى,بيروت االولى,خاص غير مجاني,خاص,مختلطة,اوتيل ديو - شارع اسحق بن حنين مختمطة,,,
8807,الرضا العاممية التابعة لمجمعية الخيرية االسبلمية العاممية,بيروت االولى,خاص غير مجاني,خاص,مختلطة,بيروت (م) - أرس النبع - شارع عمر بن الخطاب مختمطة,99723610,خاص,
9807,القسم االبتدائي العاممي,بيروت االولى,خاص غير مجاني,خاص,مختلطة,بيروت (م) - أرس النبع - شارع عمر بن الخطاب مختمطة 1 3,70033610,خاص,فرنسية+إنكليزية
1907,الروضة النموذجية العاممية,بيروت االولى,خاص غير مجاني,خاص,مختلطة,بيروت (م) - أرس النبع - شارع عمر بن الخطاب مختمطة,33323610,خاص,
3917,ثانوية الضحى - الجمعية الخيرية الثقافية,بيروت االولى,خاص غير مجاني,خاص,مختلطة,بيروت (م) - شارع النعماني مختمطة 1 4,,,
2328,الثقافة العامة الحديثة المعروفة باسم يسوع المخمص,بيروت االولى,خاص غير مجاني,خاص,مختلطة,االشرفية - البدوي - شارع اصفيان مختمطة,,,
2768,عيد القديس يوحنا الرسول,بيروت االولى,خاص غير مجاني,خاص,مختلطة,االشرفية - شارع ىوفبلن - الصيفي مختمطة,20472310,خاص,
6107,المخمص الثانويو بيروت,بيروت الثانية,خاص غير مجاني,خاص,مختلطة,البارك - بدارو-المتحف - شارع شارع الفرنسيسكان مختمطة,,,فرنسية
8207,دار الحنان,بيروت الثانية,خاص غير مجاني,خاص,مختلطة,زقاق الببلط - شارع طبارة مختمطة,84177310,خاص,
1307,القديسة حنو لارىبات البزنسون,بيروت الثانية,خاص غير مجاني,خاص,مختلطة,ميناء الحصن - شارع باب ادريس مختمطة,,,
4307,االخاء الوطنية,بيروت الثانية,خاص غير مجاني,خاص,مختلطة,البطركية - شارع النحاس مختمطة,,,
5307,ارىبات مار يوسف الظيور,بيروت الثانية,خاص غير مجاني,خاص,مختلطة,زقاق الببلط - البطريركية - شارع عبد القادر مختمطة 6 63,,,
7307,البطريركية,بيروت الثانية,خاص غير مجاني,خاص,مختلطة,البطركية - شارع البطريركية مختمطة 6 11,,,
8307,لبنان االخضر,بيروت الثانية,خاص غير مجاني,خاص,مختلطة,زقاق الببلط - شارع حمادة مختمطة,00197310,خاص,
2407,المعمدانبة االنجيمية,بيروت الثانية,خاص غير مجاني,خاص,مختلطة,المصيطبة - شارع المعموف مختمطة,,,
9407,روضة العموم,بيروت الثانية,خاص غير مجاني,خاص,مختلطة,المصيطبة - شارع ابو بكر الصديق مختمطة,,,
1507,مار الياس بطينا الثانوية,بيروت الثانية,خاص غير مجاني,خاص,مختلطة,وطى المصيطبة - شارع البستاني مختمطة,,,
3507,الميسو ناسيونال,بيروت الثانية,خاص غير مجاني,خاص,مختلطة,المصيطبة - شارع نقوالسرسق مختمطة 41 72,,,
8507,روضة االقبال,بيروت الثانية,خاص غير مجاني,خاص,مختلطة,البسطة الفوقا - شارع سيدي حسن مختمطة 1 4,,,
9507,الرسالة العربية,بيروت الثانية,خاص غير مجاني,خاص,مختلطة,البسطة التحتا - البسطة - شارع االوازعي مختمطة,,,
1607,ثانوية قصر الثقافة الحديثة,بيروت الثانية,خاص غير مجاني,خاص,مختلطة,برج ابي حيدر - العمماوي - شارع ابن خمدون مختمطة,,,
3607,مدرسة باسكال,بيروت الثانية,خاص غير مجاني,خاص,مختلطة,,,,
8607,ثانوية عمر بن الخطاب,بيروت الثانية,خاص غير مجاني,خاص,مختلطة,الحرش - شارع المفتي حسن خالد مختمطة,,,
0707,ثانويو الثقافو االسبلميو,بيروت الثانية,خاص غير مجاني,خاص,مختلطة,طريق الجديدة - شارع حسن خالد مختمطة 7 15,,,
4707,ماما نجاح,بيروت الثانية,خاص غير مجاني,خاص,مختلطة,طريق الجديدة - السبيل - شارع خديجة الكبرى مختمطة,,,
5707,بيجة االطفال,بيروت الثانية,خاص غير مجاني,خاص,مختلطة,الحرش - شارع القاضي مختمطة 2 3,,,
1807,الروضة الحديثة لبلمام زين العابدين,بيروت الثانية,خاص غير مجاني,خاص,مختلطة,ارس النبع - يموت - شارع محمد الحوت مختمطة,,,
3807,ثانوية ابن رشد,بيروت الثانية,خاص غير مجاني,خاص,مختلطة,ارس النبع - شارع قرنفل مختمطة,,,
2907,ليسيو المتحف,بيروت الثانية,خاص غير مجاني,خاص,مختلطة,البارك - شارع الجيش مختمطة,,,
4907,مرغربت ماري لارىبات الفرنسيسكان,بيروت الثانية,خاص غير مجاني,خاص,مختلطة,البارك - شارع المتحف مختمطة,03308310,خاص,
5907,ابتدائية بيت االطفال,بيروت الثانية,خاص غير مجاني,خاص,مختلطة,الحرش - شارع االوازعي مختمطة 81 63,,,
7907,ثانوية خالد بن الوليد,بيروت الثانية,خاص غير مجاني,خاص,مختلطة,الحرش - شارع االوازعي مختمطة,,,
0217,ليسيو عبدالقادر مؤسسة الحريري,بيروت الثانية,خاص غير مجاني,خاص,مختلطة,زقاق الببلط - شارع البستاني مختمطة 72 45,,,
9408,لويزفكمان,بيروت الثانية,خاص غير مجاني,خاص,مختلطة,البارك - شارع المستشفى العسكري مختمطة,,,
6218,ثانوية بيروت,بيروت الثانية,خاص غير مجاني,خاص,مختلطة,ارس النبع - شارع عمر بن الخطاب مختمطة,,,
3458,مدرسة و روضة األطفال األلمانيتان الدوليتان,بيروت الثانية,خاص غير مجاني,خاص,مختلطة,النجمة - المنارة - شارع بمس مختمطة,,,
1978,مدرسة قصر العمم والمعرفة,بيروت الثانية,خاص غير مجاني,خاص,مختلطة,المزرعة - النويري - شارع األوازعي مختمطة,,,
7978,مدرسة بيروت الثانية,بيروت الثانية,خاص غير مجاني,خاص,مختلطة,طريق الجديدة - شارع حسنين مختمطة 1 2,,,
8978,روضة دار االغاثة والتنمية,بيروت الثانية,خاص غير مجاني,خاص,مختلطة,المزرعة - شارع المعري مختمطة,,,
9978,ثانوية االيمان النموذجية,بيروت الثانية,خاص غير مجاني,خاص,مختلطة,طريق الجديدة - الكوال - شارع كميل شمعون مختمطة 4 02,,,
1088,عمي الحبلق لمتربية والتعميم,بيروت الثانية,خاص غير مجاني,خاص,مختلطة,المزرعة - الفاكياني - شارع ابو سيل مختمطة,,,
0407,المبنانية العامة االولى,بيروت الثالثة,خاص غير مجاني,خاص,مختلطة,الحمارء - كميمنصو - شارع خميل سركيس (الضناوي) مختمطة,08446310,خاص,
1017,انترناشونال كولدج,بيروت الثالثة,خاص غير مجاني,خاص,مختلطة,ارس بيروت - شارع بمس مختمطة,,,
5017,القديس منصور لارىبات المحبة,بيروت الثالثة,خاص غير مجاني,خاص,مختلطة,القنطاري - شارع كميمنصو مختمطة,,,
7017,المبنانية العامة,بيروت الثالثة,خاص غير مجاني,خاص,مختلطة,القنطاري - شارع جوستنيان مختمطة,08446310,خاص,
1117,الثانويو االنجيمية الوطنية,بيروت الثالثة,خاص غير مجاني,خاص,مختلطة,ارس بيروت - القنطاري - شارع تجاه وازرة االقتصاد مختمطة 2 22,,,
2117,ثانوية السيدة االرثوذكسية,بيروت الثالثة,خاص غير مجاني,خاص,مختلطة,ارس بيروت - الحمارء - شارع المكحول مختمطة,,,
4117,اليدى,بيروت الثالثة,خاص غير مجاني,خاص,مختلطة,الحمارء - شارع السادات مختمطة 1 3,00504630,خاص,
9117,الثانوية االنجيمية الفرنسية,بيروت الثالثة,خاص غير مجاني,خاص,مختلطة,قريطم - شارع مدام كوري مختمطة,,,
3217,ثانويةااليمان النموذجية,بيروت الثالثة,خاص غير مجاني,خاص,مختلطة,الظريف - شارع مدحت باشا مختمطة,,,
6217,الميسيو الفرنسية المبنانية - فردان,بيروت الثالثة,خاص غير مجاني,خاص,مختلطة,عين التينة - شارع فردان مختمطة,,,
2317,ثانوية االدفنتست االنجيمية,بيروت الثالثة,خاص غير مجاني,خاص,مختلطة,دار الفتوى - شارع مار الياس مختمطة,,,
3317,ازىر لبنان,بيروت الثالثة,خاص غير مجاني,خاص,مختلطة,دار الفتوى - شارع ابن الرشد مختمطة 1,98978710,خاص,
2028,ابي بكر الصديق,بيروت الثالثة,خاص غير مجاني,خاص,مختلطة,القنطاري - شارع القنطاري مختمطة,,,
6678,دان دو لي tiaL eD tneD,بيروت الثالثة,خاص غير مجاني,خاص,مختلطة,قريطم - شارع عبد الرازق حمادة مختمطة,16519710,خاص,
9317,السبلم المبنانية,ضواحي بيروت المباشرة الشمالية,خاص غير مجاني,خاص,مختلطة,الدورة - كمب طارد - شارع طارد مختمطة,,,
2417,الثانوية االرمنية االنجيمية,ضواحي بيروت المباشرة الشمالية,خاص غير مجاني,خاص,مختلطة,برج حمود - نور مرعش مختمطة,,,
6417,سيدة السبلم - الدوره,ضواحي بيروت المباشرة الشمالية,خاص غير مجاني,خاص,مختلطة,الدورة - البوشرية - شارع امانوس مختمطة,,,
2517,ثانوية الترقي السريانية,ضواحي بيروت المباشرة الشمالية,خاص غير مجاني,خاص,مختلطة,برج حمود - النبعة - شارع الغيبلن مختمطة 5,,,
3517,ثانوية مار تقبل الحديثة المختمطة,ضواحي بيروت المباشرة الشمالية,خاص غير مجاني,خاص,مختلطة,النبعة - النبعة ببلاز عاازر - شارع مارتقبل مختمطة,,,
4517,مؤسسة الشرق الثانوية,ضواحي بيروت المباشرة الشمالية,خاص غير مجاني,خاص,مختلطة,سن الفيل - الغازل - شارع الغازل مختمطة,,,
5517,ثانوية ارىبات الوردية,ضواحي بيروت المباشرة الشمالية,خاص غير مجاني,خاص,مختلطة,سن الفيل - النبعة - شارع مارضومط مختمطة,,,
0617,مدرسة الناصري االنجيمية,ضواحي بيروت المباشرة الشمالية,خاص غير مجاني,خاص,مختلطة,سن الفيل - الصالومي - شارع االنجيمية/عكر مختمطة,,,
6617,ثانوية سيدة المعونة الدائمة القديس مكسيموس,ضواحي بيروت المباشرة الشمالية,خاص غير مجاني,خاص,مختلطة,جسر الباشا - القمعة - شارع البطريرك عريضو مختمطة,,,
8168,مدرسة دار الطفل المبناني,ضواحي بيروت المباشرة الشمالية,خاص غير مجاني,خاص,مختلطة,,77913930,خاص,
3268,مدرسة روضة الريسا,ضواحي بيروت المباشرة الشمالية,خاص غير مجاني,خاص,مختلطة,,16188410,خاص,
4768,اي . بي .اي (i .p.e),ضواحي بيروت المباشرة الشمالية,خاص غير مجاني,خاص,مختلطة,سن الفيل - شارع فانرجيان مختمطة,,,
0578,المدرسة االرمنية المركزية,ضواحي بيروت المباشرة الشمالية,خاص غير مجاني,خاص,مختلطة,برج حمود - شارع ميرنا شالوحي مختمطة 1 9,,,
8617,ثانوية ارىبات سيدة المعونة الدائمة,ضواحي بيروت المباشرة الجنوبية,خاص غير مجاني,خاص,مختلطة,فرن الشباك - الجديد - شارع المعونة مختمطة,,,
3717,ثانوية التنشئة الوطنية-الطيونة,ضواحي بيروت المباشرة الجنوبية,خاص غير مجاني,خاص,مختلطة,فرن الشباك - معمل الريحة مختمطة,,,
5717,التربية الوطنية,ضواحي بيروت المباشرة الجنوبية,خاص غير مجاني,خاص,مختلطة,الشياح - غنوم - شارع غنوم مختمطة,,,
5817,االعدادية الحديثة,ضواحي بيروت المباشرة الجنوبية,خاص غير مجاني,خاص,مختلطة,الشياح - المصبغة مختمطة,,,
8817,الينبوع المتوسطو,ضواحي بيروت المباشرة الجنوبية,خاص غير مجاني,خاص,مختلطة,الشياح - ماضي - شارع ماضي مختمطة 1 1,10307517,خاص,فرنسية+فرنسية
1917,الوطن المقدس,ضواحي بيروت المباشرة الجنوبية,خاص غير مجاني,خاص,مختلطة,الشياح - ساحة البريد - شارع صيدا القديم مختمطة 6 3,,,
5917,طميعة الشعب,ضواحي بيروت المباشرة الجنوبية,خاص غير مجاني,خاص,مختلطة,الغبيري - الشياح - شارع العريس مختمطة,,,
9917,التقدم الثقافي - ابتدائي - روضة ق ظ,ضواحي بيروت المباشرة الجنوبية,خاص غير مجاني,خاص,مختلطة,الغبيري - الباشا - شارع صبار مختمطة,,,
3027,ثانوية التارث,ضواحي بيروت المباشرة الجنوبية,خاص غير مجاني,خاص,مختلطة,الشياح - الغبيري - شارع المطار الطريق العام مختمطة,,,
7027,مانور ىاوس ديكارت,ضواحي بيروت المباشرة الجنوبية,خاص غير مجاني,خاص,مختلطة,بئرحسن - شارع متخرجي المقاصد مختمطة,,,
8027,ثانوية البتول,ضواحي بيروت المباشرة الجنوبية,خاص غير مجاني,خاص,مختلطة,بئرحسن - قصر العويني-غربي جسر المطار - شارع قصر العويني مختمطة 51 74,,,
0127,بيروت الحديثة,ضواحي بيروت المباشرة الجنوبية,خاص غير مجاني,خاص,مختلطة,بئرحسن - شارع طريق المطار قرب فانتزي وورلد مختمطة 8 82,,,
1127,البحر المتوسط,ضواحي بيروت المباشرة الجنوبية,خاص غير مجاني,خاص,مختلطة,الغبيري - بئرحسن اول طريق المطار مختمطة,,,
7127,ابتدائية االوازعي ­ جمعية الشابات المسممات,ضواحي بيروت المباشرة الجنوبية,خاص غير مجاني,خاص,مختلطة,االوازعي - ثكنة ىنري شياب - شارع بولفار خمدة مختمطة,,,
0227,الناصر,ضواحي بيروت المباشرة الجنوبية,خاص غير مجاني,خاص,مختلطة,االوازعي - الناصر - شارع العام قرب مسبح ميامي مختمطة,,,
3227,ثانوية العائمة المبنانية الحديثة,ضواحي بيروت المباشرة الجنوبية,خاص غير مجاني,خاص,مختلطة,االوازعي - المدورة - شارع العام مختمطة,,,
9018,سانتا ماريا,ضواحي بيروت المباشرة الجنوبية,خاص غير مجاني,خاص,مختلطة,الشياح - عين الرمانة - شارع المازدا مختمطة 5,,,
4328,ارس بيروت الدولية,ضواحي بيروت المباشرة الجنوبية,خاص غير مجاني,خاص,مختلطة,الشياح - شارع طريق المطار مختمطة,,,
2528,الثقافة العامة,ضواحي بيروت المباشرة الجنوبية,خاص غير مجاني,خاص,مختلطة,االوازعي - الميامي - شارع الحي الداخمي مختمطة 1 1,,,
3528,مدرسة سيدة الشياح التكميمية,ضواحي بيروت المباشرة الجنوبية,خاص غير مجاني,خاص,مختلطة,الشياح - شارع الحجاج مختمطة,,,
4928,الجنان,ضواحي بيروت المباشرة الجنوبية,خاص غير مجاني,خاص,مختلطة,االوازعي - شارع االمام االوازعي مختمطة,,,
6448,العممية الحديثة,ضواحي بيروت المباشرة الجنوبية,خاص غير مجاني,خاص,مختلطة,الغبيري - الحسينية - شارع عواد مختمطة,39443810,خاص,
1268,المدرسة التوجييية الثانوية,ضواحي بيروت المباشرة الجنوبية,خاص غير مجاني,خاص,مختلطة,,03442730,خاص,
3468,سيتي مودرن سكول,ضواحي بيروت المباشرة الجنوبية,خاص غير مجاني,خاص,مختلطة,الشياح - مفرق بنك لبنان والميجر - شارع طريق المطار مختمطة 5,,,
2978,مدرسة ماترنل ستيب باي ستيب,ضواحي بيروت المباشرة الجنوبية,خاص غير مجاني,خاص,مختلطة,,04448210,خاص,
1188,ليتل وانز-seno elttiL,ضواحي بيروت المباشرة الجنوبية,خاص غير مجاني,خاص,مختلطة,,50632810,خاص,
9588,الشيخ عبد الناصر جبري,ضواحي بيروت المباشرة الجنوبية,خاص غير مجاني,خاص,مختلطة,الشياح - بئر حسن - شارع السفارة الكويتية مختمطة,,,
8417,قصر العموم الحديثة لمتربية والتعميم,ضواحي بيروت القريبة الشمالية,خاص غير مجاني,خاص,مختلطة,البوشرية - امانوس - شارع ماغي الحاج مختمطة,,,
7227,الحكمة مار مارون جديدة المتن,ضواحي بيروت القريبة الشمالية,خاص غير مجاني,خاص,مختلطة,الجديدة - العين - شارع الحكمة مختمطة,,,
1327,ثانوية ارىبات القمبين االقدسين,ضواحي بيروت القريبة الشمالية,خاص غير مجاني,خاص,مختلطة,البوشرية - الساري - شارع الارىبات مختمطة,,,
6327,االباء المخيتاريين االكميريكية البوشرية,ضواحي بيروت القريبة الشمالية,خاص غير مجاني,خاص,مختلطة,البوشرية - نيو روضو - شارع شارع سان الازر مختمطة,,,
9327,المحبة,ضواحي بيروت القريبة الشمالية,خاص غير مجاني,خاص,مختلطة,البوشرية - السبتية - شارع الفردوس مختمطة 2 1,,,
1427,ارىبات سيدة الرسل,ضواحي بيروت القريبة الشمالية,خاص غير مجاني,خاص,مختلطة,سدالبوشرية - الروضة - شارع سيدة الرسل مختمطة,,,
2427,مارجرجس االشورية,ضواحي بيروت القريبة الشمالية,خاص غير مجاني,خاص,مختلطة,البوشرية - حي االشوريين - شارع حي االشوريين مختمطة,,,
3427,التطور التربوي,ضواحي بيروت القريبة الشمالية,خاص غير مجاني,خاص,مختلطة,الروضة - مار يوسف - شارع التطور التربوي مختمطة,,,
5427,العائمة المقدسة الفرنسية,ضواحي بيروت القريبة الشمالية,خاص غير مجاني,خاص,مختلطة,,,,
7427,سيدة جبل الكرمل لمارىبات الكرمميات,ضواحي بيروت القريبة الشمالية,خاص غير مجاني,خاص,مختلطة,الفنار - جبر - شارع جبر مختمطة,,,
3527,سيدة العطايا لمارىبات االنطونيات,ضواحي بيروت القريبة الشمالية,خاص غير مجاني,خاص,مختلطة,الدكوانة - حي مار جرجس - شارع مار جرجس مختمطة,,,
4527,المبنانية,ضواحي بيروت القريبة الشمالية,خاص غير مجاني,خاص,مختلطة,الدكوانة - الساحة - شارع مارجرجس مختمطة 5,,,
5527,مدرسة الفادي االقدس,ضواحي بيروت القريبة الشمالية,خاص غير مجاني,خاص,مختلطة,سدالبوشرية - السريان - شارع ام المعونة الدائمة مختمطة,,,
6527,ثانوية القديس مكسيموس,ضواحي بيروت القريبة الشمالية,خاص غير مجاني,خاص,مختلطة,المنصورية - شارع شارع سامي الصمح مختمطة 31,,,
7527,ثانوية ارىبات الوردية,ضواحي بيروت القريبة الشمالية,خاص غير مجاني,خاص,مختلطة,المنصورية - المنتزه مختمطة,,,
9527,ثانوية القمبين االقدسين- عين نجم,ضواحي بيروت القريبة الشمالية,خاص غير مجاني,خاص,مختلطة,عين سعادة - عين نجم - شارع عين نجم مختمطة,,,
1627,الحكمة فرع مريم ام الحكمة - الفرع االنكميزي,ضواحي بيروت القريبة الشمالية,خاص غير مجاني,خاص,مختلطة,,,,
4627,ليسيو شارلمان,ضواحي بيروت القريبة الشمالية,خاص غير مجاني,خاص,مختلطة,رومية - شارع الكروم مختمطة,,,
7018,مدرسة االباء االنطونيين,ضواحي بيروت القريبة الشمالية,خاص غير مجاني,خاص,مختلطة,سدالبوشرية - البوشرية - شارع مارتقبل مختمطة 5 24,,,
3418,كوليج دي فرير اوني,ضواحي بيروت القريبة الشمالية,خاص غير مجاني,خاص,مختلطة,الدكوانة - شركة شيروكي - شارع اتوستارد ميرنا شالوحي مختمطة,,,
9748,سيدرز انترناسيونال سكول - السبتية,ضواحي بيروت القريبة الشمالية,خاص غير مجاني,خاص,مختلطة,السبتية - الفردوس - شارع مستشفى بيطار مختمطة 81,,,
9158,مدرسة دار االوالد,ضواحي بيروت القريبة الشمالية,خاص غير مجاني,خاص,مختلطة,بيت مري - القمعة - شارع الرئيسي مختمطة,,,
7758,المدرسة االنطونية الدولية-الدكوانة,ضواحي بيروت القريبة الشمالية,خاص غير مجاني,خاص,مختلطة,الدكوانة - مار روكز - شارع مار روكز مختمطة,,,
4868,مدرسة االمير المبناني,ضواحي بيروت القريبة الشمالية,خاص غير مجاني,خاص,مختلطة,الجديدة - عين الجديدة - شارع مار انطونيوس مختمطة,,,
6088,اميركان ىاي سكول,ضواحي بيروت القريبة الشمالية,خاص غير مجاني,خاص,مختلطة,الجديدة - شارع 32-42 مختمطة,,,
6588,ثانوية مار مارون,ضواحي بيروت القريبة الشمالية,خاص غير مجاني,خاص,مختلطة,,88414210,خاص,فرنسية+فرنسية
5888,جاردان انشانتيetnahcnE nidraJ,ضواحي بيروت القريبة الشمالية,خاص غير مجاني,خاص,مختلطة,,39827810,خاص,
2127,ثانوية الميدي (4),ضواحي بيروت القريبة الوسطى,خاص غير مجاني,خاص,مختلطة,الحدث - شارع الجاموس مختمطة,,,
0727,االنجيمية المبنانية لمبنبن والبنات,ضواحي بيروت القريبة الوسطى,خاص غير مجاني,خاص,مختلطة,المويزة - شارع عام الجميور مختمطة,,,
2727,ثانوية السيدة لمارىبات االنطونيات,ضواحي بيروت القريبة الوسطى,خاص غير مجاني,خاص,مختلطة,الحازمية - مار تقبل - شارع الساحة مختمطة,,,
8727,مدرسة دومينيكان لسيدة الداليفارند,ضواحي بيروت القريبة الوسطى,خاص غير مجاني,خاص,مختلطة,عاريا - شارع الشام مختمطة,,,
9727,سيدة الجميور,ضواحي بيروت القريبة الوسطى,خاص غير مجاني,خاص,مختلطة,الجميور - شارع طريق الشام مختمطة 74 591,,,
2827,القديس كسفاريوس لارىبات القمبين االقدسين,ضواحي بيروت القريبة الوسطى,خاص غير مجاني,خاص,مختلطة,الحدث - حارة البطم - شارع اديب الشدياق مختمطة,,,
3827,مدرسة االخوة المبنانية,ضواحي بيروت القريبة الوسطى,خاص غير مجاني,خاص,مختلطة,الحدث - الريجي - شارع الوروار________ مختمطة 7 11,,,
4827,الميسيو بيموت,ضواحي بيروت القريبة الوسطى,خاص غير مجاني,خاص,مختلطة,الحدث - شارع عبداهلل اليافي مختمطة,,,
6827,ثانوية عطايا الدولية,ضواحي بيروت القريبة الوسطى,خاص غير مجاني,خاص,مختلطة,الحدث - البطم - شارع الحمارء مختمطة,,,
8827,سيدة النجاة لمارىبات المخمصيات,ضواحي بيروت القريبة الوسطى,خاص غير مجاني,خاص,مختلطة,الحدث - شارع تبلل السان جورج مختمطة,,,
4927,القديس جاورجيوس -3-,ضواحي بيروت القريبة الوسطى,خاص غير مجاني,خاص,مختلطة,,,,
5927,الحكمة فرع مار يوحنا,ضواحي بيروت القريبة الوسطى,خاص غير مجاني,خاص,مختلطة,بعبدا - بارزيميا - شارع بارزيميا مختمطة,,,
7927,القديس جاورجيوس,ضواحي بيروت القريبة الوسطى,خاص غير مجاني,خاص,مختلطة,الحدث - حي الجاموس - شارع سان تريز مختمطة 4 11,,,
8927,مدرسة غابة الشرق,ضواحي بيروت القريبة الوسطى,خاص غير مجاني,خاص,مختلطة,كفرشيما - شارع صيدا القديم مختمطة,,,
5508,االليزه,ضواحي بيروت القريبة الوسطى,خاص غير مجاني,خاص,مختلطة,الحازمية - المختاريست - شارع الساحة مختمطة,,,
5018,ليسيو دي ازر,ضواحي بيروت القريبة الوسطى,خاص غير مجاني,خاص,مختلطة,الحدث - سقي الحدث - شارع الجاموس مختمطة,,,
4718,سيدة النعم,ضواحي بيروت القريبة الوسطى,خاص غير مجاني,خاص,مختلطة,كفرشيما - شارع نادي االدب والرياضة مختمطة,,,
4628,مدرسة غوتنبرغ,ضواحي بيروت القريبة الوسطى,خاص غير مجاني,خاص,مختلطة,الحدث - السفارة األردنية - شارع سبناي مختمطة 1,,,
7928,مدرسة معيد تولوز,ضواحي بيروت القريبة الوسطى,خاص غير مجاني,خاص,مختلطة,الحدث - االميركان - شارع ابو جودة مختمطة,,,
2638,البيان الجديدة,ضواحي بيروت القريبة الوسطى,خاص غير مجاني,خاص,مختلطة,الحدث - االبيض - شارع الجاموس مختمطة 7 11,,,
6048,ليسيو ايمانويل,ضواحي بيروت القريبة الوسطى,خاص غير مجاني,خاص,مختلطة,كفرشيما - حارة الفرن - شارع متفرع من شارع اديب الفتى مختمطة,,,
7148,ليبانيز مودرن سكول,ضواحي بيروت القريبة الوسطى,خاص غير مجاني,خاص,مختلطة,بعبدا - تحويطة الغدير - شارع متى مختمطة,05047410,خاص,فرنسية+إنكليزية
6248,بوبون روج,ضواحي بيروت القريبة الوسطى,خاص غير مجاني,خاص,مختلطة,الحازمية - مار الياس - شارع االباء المختاريست مختمطة,26705950,خاص,فرنسية+فرنسية
5348,الجمعية المسيحية لمشابات - الحدث,ضواحي بيروت القريبة الوسطى,خاص غير مجاني,خاص,مختلطة,الحدث - الخريبة - شارع مار جريس مختمطة,17978630,خاص,
2848,االليزة الثانوية,ضواحي بيروت القريبة الوسطى,خاص غير مجاني,خاص,مختلطة,الحازمية - الساحة - شارع تمفزيون لبنان مختمطة 01 22,,,
0958,ثانوية السيدة لمارىبات األنطونيات - كفرشيما,ضواحي بيروت القريبة الوسطى,خاص غير مجاني,خاص,مختلطة,كفرشيما - شارع التبلل مختمطة,,,
8268,مدرسة افانس لداء الصرع وذوي االحتياجات الخاصة,ضواحي بيروت القريبة الوسطى,خاص غير مجاني,خاص,مختلطة,,,,
1478,كفرشيما ىاي سكول,ضواحي بيروت القريبة الوسطى,خاص غير مجاني,خاص,مختلطة,الحدث - شارع فيممون وىبة مختمطة,,,
1288,المبنانية لمضرير,ضواحي بيروت القريبة الوسطى,خاص غير مجاني,خاص,مختلطة,,,,
7037,ثانوية االرض الخضارء غرين الند,ضواحي بيروت القريبة الجنوبية,خاص غير مجاني,خاص,مختلطة,برج البارجنة - مختار السبع - شارع متفرع من حسين درويش عمار مختمطة,,,
1137,ثانوية روضة الرضا,ضواحي بيروت القريبة الجنوبية,خاص غير مجاني,خاص,مختلطة,برج البارجنة - شارع المنشية مختمطة,37067410,خاص,
5137,ثانوية االدآب,ضواحي بيروت القريبة الجنوبية,خاص غير مجاني,خاص,مختلطة,برج البارجنة - الرويس - شارع حاطوم مختمطة,,,
7137,ثانوية االتحاد المبناني الحديثة - ب - ظ,ضواحي بيروت القريبة الجنوبية,خاص غير مجاني,خاص,مختلطة,برج البارجنة - جامع العرب - شارع جامع العرب مختمطة,,,
0237,تكميمية الحكمة المبنانية,ضواحي بيروت القريبة الجنوبية,خاص غير مجاني,خاص,مختلطة,برج البارجنة - شارع العنان مختمطة 1,,,
1237,المبنانية العالمية,ضواحي بيروت القريبة الجنوبية,خاص غير مجاني,خاص,مختلطة,برج البارجنة - طريق المطار - شارع الرئيسي مختمطة,,,
3237,النور,ضواحي بيروت القريبة الجنوبية,خاص غير مجاني,خاص,مختلطة,برج البارجنة - شارع العنان مختمطة 2,,,
5237,روضة االيمان,ضواحي بيروت القريبة الجنوبية,خاص غير مجاني,خاص,مختلطة,برج البارجنة - السباعي الروضة - شارع عين السكة مختمطة,,,
0337,روضة االطفال,ضواحي بيروت القريبة الجنوبية,خاص غير مجاني,خاص,مختلطة,تحويطة الغدير - شارع التحويطة مختمطة,,,
4337,الاربية المبنانية,ضواحي بيروت القريبة الجنوبية,خاص غير مجاني,خاص,مختلطة,حارة حريك - شارع دكاش مختمطة,,,
7337,ثانوية أشبال الساحل,ضواحي بيروت القريبة الجنوبية,خاص غير مجاني,خاص,مختلطة,حارة حريك - المنشية - شارع العام مختمطة,,,
9337,ثانوية الصداقة الحديثة-ق - ظ,ضواحي بيروت القريبة الجنوبية,خاص غير مجاني,خاص,مختلطة,حارة حريك - دكاش - شارع دكاش مختمطة 1 4,,,
1437,القديس جاورجيوس,ضواحي بيروت القريبة الجنوبية,خاص غير مجاني,خاص,مختلطة,حارة حريك - المنشية - شارع العام مختمطة,,,
2437,االخاء المبناني,ضواحي بيروت القريبة الجنوبية,خاص غير مجاني,خاص,مختلطة,حارة حريك - بعجور - شارع بعجور مختمطة 1,92095510,خاص,
3437,ثانوية المصطفى-ق.ظ.,ضواحي بيروت القريبة الجنوبية,خاص غير مجاني,خاص,,حارة حريك - شارع درغام لمبنين,,,
6437,النخبة المبنانية,ضواحي بيروت القريبة الجنوبية,خاص غير مجاني,خاص,مختلطة,حارة حريك - عبلمو - شارع عبلمو مختمطة,,,
8437,الوطنية ق - ظ,ضواحي بيروت القريبة الجنوبية,خاص غير مجاني,خاص,مختلطة,حارة حريك - المدرسة الوطنية - شارع بعجور مختمطة,,,
0537,االخوة الجديدة,ضواحي بيروت القريبة الجنوبية,خاص غير مجاني,خاص,مختلطة,,,,
3537,ليسيو باتريوت,ضواحي بيروت القريبة الجنوبية,خاص غير مجاني,خاص,مختلطة,المريجة - تحويطة الغدير - شارع بارد التفاح مختمطة 5 6,,,
5537,نور التكميمية,ضواحي بيروت القريبة الجنوبية,خاص غير مجاني,خاص,مختلطة,تحويطة الغدير - شارع التحويطة مختمطة 1,44237410,خاص,
7537,ثانوية جنة الطمبة,ضواحي بيروت القريبة الجنوبية,خاص غير مجاني,خاص,مختلطة,تحويطة الغدير - شارع زين حرب مختمطة,,,
0147,االتحاد التربوي,ضواحي بيروت القريبة الجنوبية,خاص غير مجاني,خاص,مختلطة,حي السمم - الكارمة - شارع الجامع مختمطة,,,
1418,العناية االليية لارىبات المحبة,ضواحي بيروت القريبة الجنوبية,خاص غير مجاني,خاص,مختلطة,المريجة - الكنائس مختمطة,,,
8328,تكميمية االمام الخميني,ضواحي بيروت القريبة الجنوبية,خاص غير مجاني,خاص,مختلطة,برج البارجنة - شارع عام المريجة مختمطة,,,
2628,ثانوية النجاح الوطنية مسائي,ضواحي بيروت القريبة الجنوبية,خاص غير مجاني,خاص,مختلطة,برج البارجنة - السنديان - شارع حاطوم مختمطة,13647410,خاص,فرنسية+إنكليزية
4828,بيروت الوطنية,ضواحي بيروت القريبة الجنوبية,خاص غير مجاني,خاص,مختلطة,المريجة - شارع المريجو مختمطة,,,
6828,مدرسة برج اليداية,ضواحي بيروت القريبة الجنوبية,خاص غير مجاني,خاص,مختلطة,برج البارجنة - السنديان - شارع االمام عمي مختمطة 1,,,
0038,ثانوية االمام الرضا الدولية,ضواحي بيروت القريبة الجنوبية,خاص غير مجاني,خاص,مختلطة,,,,
4238,ثانوية االمير,ضواحي بيروت القريبة الجنوبية,خاص غير مجاني,خاص,مختلطة,"برج البارجنة - السنديان - شارع االمام عمي ""ع"" مختمطة",,,
8238,ثانوية االتحاد المعاصرة,ضواحي بيروت القريبة الجنوبية,خاص غير مجاني,خاص,مختلطة,حي السمم - السمم - شارع الكارمة مختمطة,40858907,خاص,
0538,ثانوية رضوان العيتاوي,ضواحي بيروت القريبة الجنوبية,خاص غير مجاني,خاص,مختلطة,,,,
3638,تحويطة مودرن سكول,ضواحي بيروت القريبة الجنوبية,خاص غير مجاني,خاص,مختلطة,تحويطة الغدير - المدارس - شارع الشيخ ابارىيم مختمطة 3 81,,,
8638,سمارت ىاي سكول,ضواحي بيروت القريبة الجنوبية,خاص غير مجاني,خاص,مختلطة,برج البارجنة - عين الدلبة - شارع عين الدلبة مختمطة,,,
5938,ثانوية السنابل الجديدة,ضواحي بيروت القريبة الجنوبية,خاص غير مجاني,خاص,مختلطة,المريجة - الكفاءات مختمطة 6,73477410,خاص,
8938,باقر العموم,ضواحي بيروت القريبة الجنوبية,خاص غير مجاني,خاص,مختلطة,المريجة - السمم - شارع العمروسيو مختمطة,,,
3348,مدرسة االمام اليادي لبلعاقة السمعية والبصرية,ضواحي بيروت القريبة الجنوبية,خاص غير مجاني,خاص,مختلطة,برج البارجنة - المارمل - شارع طريق المطار مختمطة,,,
1558,قصر المعرفة,ضواحي بيروت القريبة الجنوبية,خاص غير مجاني,خاص,مختلطة,برج البارجنة - ذيب حرب - شارع حضانة الزىارء مختمطة,,,
1658,ثانوية المسار الدولية,ضواحي بيروت القريبة الجنوبية,خاص غير مجاني,خاص,مختلطة,المريجة - تحويطة الغدير - شارع الشيخ عباس مختمطة,,,
9268,ثانوية المرتضى برج البارجنة,ضواحي بيروت القريبة الجنوبية,خاص غير مجاني,خاص,مختلطة,برج البارجنة - شارع عثمان مختمطة 2 9,36666410,خاص,
8568,منارة العموم,ضواحي بيروت القريبة الجنوبية,خاص غير مجاني,خاص,مختلطة,,,,
9078,النخبة العممية,ضواحي بيروت القريبة الجنوبية,خاص غير مجاني,خاص,مختلطة,حارة حريك - العنان - شارع العنان مختمطة 1 3,,,
1578,الثانوية االىمية,ضواحي بيروت القريبة الجنوبية,خاص غير مجاني,خاص,مختلطة,برج البارجنة - شارع شارع المحتار السبع مختمطة,,,
2678,مدرسة الجوىرة,ضواحي بيروت القريبة الجنوبية,خاص غير مجاني,خاص,مختلطة,,,,
8588,برج ىاي سكول,ضواحي بيروت القريبة الجنوبية,خاص غير مجاني,خاص,مختلطة,برج البارجنة - العنان - شارع العنان مختمطة,,,
3788,مدرسة روضة الميدي,ضواحي بيروت القريبة الجنوبية,خاص غير مجاني,خاص,مختلطة,,68555410,خاص,
4637,العائمة المقدسة الفرنسية,ضواحي بيروت البعيدة كسروان,خاص غير مجاني,خاص,مختلطة,جونية - الساحة العامة مختمطة,,,
6637,المركزية لمرىبان المبنانيين,ضواحي بيروت البعيدة كسروان,خاص غير مجاني,خاص,مختلطة,جونية - غادير - شارع فؤاد شياب مختمطة,,,
9637,الرسل,ضواحي بيروت البعيدة كسروان,خاص غير مجاني,خاص,مختلطة,جونية - غادير - شارع الشييد االب بطرس ابي عقل مختمطة,,,
2737,مار ميخائيل الثانوية,ضواحي بيروت البعيدة كسروان,خاص غير مجاني,خاص,مختلطة,ذوق مكايل - مار مخائيل مختمطة,,,
3737,البشارة الثانوية المختمطة,ضواحي بيروت البعيدة كسروان,خاص غير مجاني,خاص,مختلطة,ذوق مكايل - مار ضومط - شارع العام مختمطة,,,
5737,مار يوسف لارىبات المحبة,ضواحي بيروت البعيدة كسروان,خاص غير مجاني,خاص,مختلطة,ذوق مكايل - مار ضوميط - شارع العام مختمطة,,,
8737,القديس يوسف لبلباء العاازريين,ضواحي بيروت البعيدة كسروان,خاص غير مجاني,خاص,مختلطة,عينطورة - الساحة - شارع العام مختمطة 52 781,,,
9737,مار يوحنا المعمدان,ضواحي بيروت البعيدة كسروان,خاص غير مجاني,خاص,مختلطة,عين الريحانة - حارش - شارع حارش مختمطة,,,
1837,ليسيو مارسيل بانيول,ضواحي بيروت البعيدة كسروان,خاص غير مجاني,خاص,مختلطة,ذوق مصبح - ادونيس - شارع ليسيو دوفيل مختمطة,,,
9138,سابيس انترناشيونال سكول ­ ادما,ضواحي بيروت البعيدة كسروان,خاص غير مجاني,خاص,مختلطة,ادما الدفنة - طمعة عين الدلبة مختمطة,,,
2358,دون بوسكو المتوسطة لارىبات السالزيان,ضواحي بيروت البعيدة كسروان,خاص غير مجاني,خاص,مختلطة,ادما الدفنة - المختار - شارع ادما مختمطة,19021930,خاص,
5068,روضة المبلئكة,ضواحي بيروت البعيدة كسروان,خاص غير مجاني,خاص,مختلطة,طبرجا - برنوق - شارع طبرجا مختمطة,21155890,خاص,فرنسية+فرنسية
0368,مدرسة كيندر كارتن كيندر الند,ضواحي بيروت البعيدة كسروان,خاص غير مجاني,خاص,مختلطة,,40842830,خاص,
1368,كيندر غارتن عينطورة,ضواحي بيروت البعيدة كسروان,خاص غير مجاني,خاص,مختلطة,,40842830,خاص,
5488,سمارت فيل elliv trams,ضواحي بيروت البعيدة كسروان,خاص غير مجاني,خاص,مختلطة,حارة صخر - باستور - شارع باستور مختمطة,38993130,خاص,
2837,ثانوية يغيشو مانوكيان,ضواحي بيروت البعيدة المتن,خاص غير مجاني,خاص,مختلطة,الضبية - حي الببلنة مختمطة,,,
4837,بوغوص كارميريان,ضواحي بيروت البعيدة المتن,خاص غير مجاني,خاص,مختلطة,انطمياس - النقاش - شارع مفرق النقاش مختمطة,,,
7837,مركز بيروت الثقافي بصاليم,ضواحي بيروت البعيدة المتن,خاص غير مجاني,خاص,مختلطة,بصاليم - شارع العام مختمطة,,,
9837,سيدة لورد لارىبات العائمة المقدسة المارونيات,ضواحي بيروت البعيدة المتن,خاص غير مجاني,خاص,مختلطة,انطمياس - شارع الشارع العام مختمطة,,,
1937,ثانوية فينيقيا,ضواحي بيروت البعيدة المتن,خاص غير مجاني,خاص,مختلطة,انطمياس - خمف البطريركية االرمنية - شارع المطاعم مختمطة 21,,,
3937,مار يوسف لارىبات العائمة المقدسة المارونيات,ضواحي بيروت البعيدة المتن,خاص غير مجاني,خاص,مختلطة,مزرعة يشوع - مار يوسف - شارع مار يوسف مختمطة,,,
4937,شانفيل لبلخوة المريميين,ضواحي بيروت البعيدة المتن,خاص غير مجاني,خاص,مختلطة,ديك المحدي - شارع شانفيل مختمطة 24 721,,,
5937,ارىبات الصميب,ضواحي بيروت البعيدة المتن,خاص غير مجاني,خاص,مختلطة,جل الديب - مار تقبل - شارع فال بارجاك مختمطة,,,
7937,دار الحضارة,ضواحي بيروت البعيدة المتن,خاص غير مجاني,خاص,مختلطة,الزلقا - الزغبي - شارع الزعبي مختمطة,,,
9937,دير بزمار الثانوية,ضواحي بيروت البعيدة المتن,خاص غير مجاني,خاص,مختلطة,الزلقا - الزغبي - شارع الزغبي- الجوىرجي مختمطة,,,
1428,ميبلنكتون وىايك ارسبلنيان,ضواحي بيروت البعيدة المتن,خاص غير مجاني,خاص,مختلطة,انطمياس - شارع مزىر مختمطة,,,
7958,بيبي كالين,ضواحي بيروت البعيدة المتن,خاص غير مجاني,خاص,مختلطة,,53032540,خاص,فرنسية+فرنسية
0068,كبلس اورنج,ضواحي بيروت البعيدة المتن,خاص غير مجاني,خاص,مختلطة,بصاليم - شارع العام مختمطة,,,
6568,انيتاز نورسوري,ضواحي بيروت البعيدة المتن,خاص غير مجاني,خاص,,بقنايا - شارع سيدة البير لمبنين,88182330,خاص,
4288,الثانوية االنجيمية الفرنسية - مونتانا,ضواحي بيروت البعيدة المتن,خاص غير مجاني,خاص,مختلطة,ديك المحدي - شارع فوق السفارة االميركية مختمطة,,,
8537,ثانوية قصر الصنوبر الحديثة,ضواحي بيروت البعيدة عاليه,خاص غير مجاني,خاص,مختلطة,الشويفات - العمروسيو - شارع العمروسية مختمطة,,,
2637,البيان,ضواحي بيروت البعيدة عاليه,خاص غير مجاني,خاص,مختلطة,العمروسية - البركات - شارع البيان مختمطة,,,
4047,يونيفرسال ىاي سكول الثانوية,ضواحي بيروت البعيدة عاليه,خاص غير مجاني,خاص,مختلطة,,,,
9047,الشويفات الدولية,ضواحي بيروت البعيدة عاليه,خاص غير مجاني,خاص,مختلطة,الشويفات - العمروسية - شارع شارل سعد مختمطة,,,
4147,ثانوية العموم و الثقافة المبنانية,ضواحي بيروت البعيدة عاليه,خاص غير مجاني,خاص,مختلطة,الشويفات - القبة دوحة عرمون - شارع الشيخ حسن خالد مختمطة 4 3,,,
5147,ماي نيو كولدج,ضواحي بيروت البعيدة عاليه,خاص غير مجاني,خاص,مختلطة,العمروسية - الجامعة المبنانية - شارع الجامعة مختمطة,,,
6147,الغازلي,ضواحي بيروت البعيدة عاليه,خاص غير مجاني,خاص,مختلطة,العمروسية - الكارمة - شارع الغازلي مختمطة 4 62,,,
7147,ثانوية الغازلي,ضواحي بيروت البعيدة عاليه,خاص غير مجاني,خاص,مختلطة,العمروسية - الكارمة - شارع الغازلي مختمطة,,,
0247,ثانوية المجتبى,ضواحي بيروت البعيدة عاليه,خاص غير مجاني,خاص,مختلطة,العمروسية - السمم - شارع الموقف الجديد مختمطة,,,
2247,التربية الحديثة,ضواحي بيروت البعيدة عاليه,خاص غير مجاني,خاص,مختلطة,الشويفات - االمارء - شارع الببلطة مختمطة,,,
6108,ثانوية الجيل الجديد,ضواحي بيروت البعيدة عاليه,خاص غير مجاني,خاص,مختلطة,,,,
7108,انترناسيونال لسنغ سكول,ضواحي بيروت البعيدة عاليه,خاص غير مجاني,خاص,مختلطة,العمروسية - شارع الخطيب مختمطة 21,,,
9108,المبنانية االوروبية,ضواحي بيروت البعيدة عاليه,خاص غير مجاني,خاص,مختلطة,عرمون - القبة - شارع دااراليتام مختمطة,,,
0208,امجاد,ضواحي بيروت البعيدة عاليه,خاص غير مجاني,خاص,مختلطة,الشويفات - القبة مختمطة 44 421,,,
3508,المبنانية االميركية,ضواحي بيروت البعيدة عاليه,خاص غير مجاني,خاص,مختلطة,عرمون - قرب جامع المكحل - شارع 96 مختمطة,,,
3018,مدرسة البيان,ضواحي بيروت البعيدة عاليه,خاص غير مجاني,خاص,مختلطة,العمروسية - البركات - شارع البيان مختمطة,82108450,خاص,
5318,ال سيتيو كولتوريل,ضواحي بيروت البعيدة عاليه,خاص غير مجاني,خاص,مختلطة,الشويفات - القبو - شارع كنيسة سيدة خمدة مختمطة,,,
8318,غرين سبايس سكول,ضواحي بيروت البعيدة عاليه,خاص غير مجاني,خاص,مختلطة,الشويفات - العمروسية - شارع العام مختمطة,,,
2718,مدرسة الصدر االولى,ضواحي بيروت البعيدة عاليه,خاص غير مجاني,خاص,مختلطة,الشويفات - العمروسية - شارع قرب سوق االربعاء مختمطة 1,,,
6718,االيمان النموذجية (عرمون ),ضواحي بيروت البعيدة عاليه,خاص غير مجاني,خاص,مختلطة,عرمون - القبة - شارع رقم 77 مختمطة,,,
3428,العموم واآلداب,ضواحي بيروت البعيدة عاليه,خاص غير مجاني,خاص,مختلطة,عرمون - الميتار - شارع العام مختمطة 1 1,,,
4428,ثانوية ىميوبوليس,ضواحي بيروت البعيدة عاليه,خاص غير مجاني,خاص,مختلطة,العمروسية - شارع العام مختمطة,,,
9828,ليسيو فينوس,ضواحي بيروت البعيدة عاليه,خاص غير مجاني,خاص,مختلطة,العمروسية - المدارس مختمطة,69963450,خاص,
5048,انترناشونال ىاي سكول,ضواحي بيروت البعيدة عاليه,خاص غير مجاني,خاص,مختلطة,الشويفات - القاضي - شارع القاضي مختمطة,,,
6848,مدرسة روضة الدولفين,ضواحي بيروت البعيدة عاليه,خاص غير مجاني,خاص,مختلطة,الشويفات - القبة - شارع الضمان االجتماعي مختمطة,,,
6948,المدرسة الحديثة,ضواحي بيروت البعيدة عاليه,خاص غير مجاني,خاص,مختلطة,العمروسية - التيرو - شارع 0 مختمطة 2 1,,,
7158,السيم - الشويفات,ضواحي بيروت البعيدة عاليه,خاص غير مجاني,خاص,مختلطة,الشويفات - القبة - شارع العام مختمطة,,,
0358,غارند انترناشونال سكول,ضواحي بيروت البعيدة عاليه,خاص غير مجاني,خاص,مختلطة,عرمون - شارع البيادر مختمطة 1,,,
7458,غموبال ىاي سكول,ضواحي بيروت البعيدة عاليه,خاص غير مجاني,خاص,مختلطة,خمدة - األمارء - شارع الشويفات مختمطة,,,
0658,ستيب فورورد,ضواحي بيروت البعيدة عاليه,خاص غير مجاني,خاص,مختلطة,الشويفات - العمروسية - شارع االمن العام مختمطة,,,
7858,فيرست االمين سكوول,ضواحي بيروت البعيدة عاليه,خاص غير مجاني,خاص,مختلطة,,,,
6468,ثانوية الكارمة,ضواحي بيروت البعيدة عاليه,خاص غير مجاني,خاص,مختلطة,,,,
5668,مدرسة الحياة الدولية,ضواحي بيروت البعيدة عاليه,خاص غير مجاني,خاص,مختلطة,,,,
3968,مدرسة مار يوسف الشويفات,ضواحي بيروت البعيدة عاليه,خاص غير مجاني,خاص,مختلطة,الشويفات - شارع األمارء مختمطة,,,
5968,مدرسة ليبانيز ادفنس سكول المتوسطة,ضواحي بيروت البعيدة عاليه,خاص غير مجاني,خاص,مختلطة,,79988450,خاص,
7968,المدرسة التربوية الجديدة المتوسطة,ضواحي بيروت البعيدة عاليه,خاص غير مجاني,خاص,مختلطة,,04045517,خاص,
8478,غدي كوميونتي سكول,ضواحي بيروت البعيدة عاليه,خاص غير مجاني,خاص,مختلطة,الشويفات - القبة - شارع ليبانون تاكسي مختمطة,,,
4188,ر واد السبلم,ضواحي بيروت البعيدة عاليه,خاص غير مجاني,خاص,مختلطة,,,,
7888,مدرسة الرسالة,ضواحي بيروت البعيدة عاليه,خاص غير مجاني,خاص,مختلطة,الشويفات - شارع اكرم رضوان مختمطة,,,
6247,الدوحة,ضواحي بيروت البعيدة الشوف,خاص غير مجاني,خاص,مختلطة,الناعمة - دوحة الحص مختمطة,,,
1108,مدرسة روضة االطفال االلمانيتين الدوليتين,ضواحي بيروت البعيدة الشوف,خاص غير مجاني,خاص,مختلطة,الناعمة - دوحة الحص مختمطة,,,
0488,مدرسة منتسوري المبنانية,ضواحي بيروت البعيدة الشوف,خاص غير مجاني,خاص,مختلطة,,,,
8247,ثانوية ارىبات القمبين االقدسين,جبيل,خاص غير مجاني,خاص,مختلطة,جبيل - الميناء - شارع القمعة مختمطة,,,
0347,ثانوية مار يوسف لارىبات العائمة المقدسة المارونيات,جبيل,خاص غير مجاني,خاص,مختلطة,جبيل - مار يوسف - شارع مار يوسف مختمطة,,,
2347,ثانوية المبلك الحارس,جبيل,خاص غير مجاني,خاص,مختلطة,ببلط - الكنيسة - شارع العام مختمطة,,,
5347,السيدة لارىبات العائمة المقدسة المارونيات,جبيل,خاص غير مجاني,خاص,مختلطة,عمشيت - السيدة مختمطة,,,
6347,ليسيو عمشيت,جبيل,خاص غير مجاني,خاص,مختلطة,عمشيت - كفركخمو - شارع ليسو عمشيت مختمطة 5 81,,,
7347,ثانوية فتاة لبنان,جبيل,خاص غير مجاني,خاص,مختلطة,,,,
8347,ارىبات مار يوسف الظيور,جبيل,خاص غير مجاني,خاص,مختلطة,معاد - شارع العام مختمطة 1 51,,,
9347,المنصف الدولية,جبيل,خاص غير مجاني,خاص,مختلطة,المنصف - الشرقي - شارع الرئيسي مختمطة,,,
6508,"ميتم االرمن ""عش العصافير""",جبيل,خاص غير مجاني,خاص,مختلطة,جبيل - الرمل - شارع ارمينيا مختمطة,76804590,خاص,فرنسية+فرنسية
9858,رسول المحبة الثانوية,جبيل,خاص غير مجاني,خاص,مختلطة,جبيل - مار يوسف مختمطة,,,
4588,جونيور ابورد,جبيل,خاص غير مجاني,خاص,مختلطة,,61860817,خاص,
2447,سيدة المويزة فيطرون,كسروان,خاص غير مجاني,خاص,مختلطة,فيطرون - مار ضوميط - شارع دير ما ضوميط مختمطة,,,
4447,ثانوية المنارة الدائمة,كسروان,خاص غير مجاني,خاص,مختلطة,ريفون - شارع الرئيسي مختمطة,,,
8447,ثانوية ارىبات القمبين االقدسين,كسروان,خاص غير مجاني,خاص,مختلطة,كفردبيان - جبال - شارع العام مختمطة,,,
2547,اكميريكية االرمن الكاثوليك,كسروان,خاص غير مجاني,خاص,,بزمار - دير سيدة بزمار لمبنين,21806290,خاص,
3547,جان دارك لارىبات الدومينيكان الدليفارند,كسروان,خاص غير مجاني,خاص,مختلطة,غسطا - غوسطا مختمطة 1 12,,,
4547,مؤسسة فتاة لبنان االجتماعية,كسروان,خاص غير مجاني,خاص,,,,,
6547,واحة العذارء المتوسطة لمارىبات الكرمميات,كسروان,خاص غير مجاني,خاص,مختلطة,رعشين - مار جرجس - شارع االم ماريا تريزيا لمصميب مختمطة 3 2,31055990,خاص,
7547,ثانوية مار الياس لمارىبات االنطونيات,كسروان,خاص غير مجاني,خاص,مختلطة,غزير - مار الياس - شارع مار الياس مختمطة,,,
9547,قمب يسوع لارىبات القمبين االقدسين,كسروان,خاص غير مجاني,خاص,مختلطة,كفرحباب - المنطقو الخضارء - شارع 54/5V مختمطة,,,
2647,ثانوية المعيصرة النموذجية الحديثة,كسروان,خاص غير مجاني,خاص,مختلطة,المعيصرة - شارع العام مختمطة,44106890,خاص,فرنسية+فرنسية
5647,السيدة ام النور,كسروان,خاص غير مجاني,خاص,مختلطة,العقيبة - بقاق الدين - شارع الضير مختمطة,,,
6647,مار يوحنا الثانوية,كسروان,خاص غير مجاني,خاص,مختلطة,العقيبة - القميرزة - شارع مار ضومط مختمطة 8 62,,,
6797,ادما الدولية - مار نوىار,كسروان,خاص غير مجاني,خاص,مختلطة,فتقا - شارع مار نيار مختمطة,,,
7908,مدرسة دير الشرفة,كسروان,خاص غير مجاني,خاص,مختلطة,درعون - الشرفة مختمطة 7,,,
9418,مدرسة سان روك سكول,كسروان,خاص غير مجاني,خاص,مختلطة,القميعات - مارح المير - شارع العام مختمطة,,,
0128,االنطونية الدولية,كسروان,خاص غير مجاني,خاص,مختلطة,عجمتون - دير مار يوحنا - شارع دير مار يوحنا مختمطة,,,
0558,واحة الرجاء,كسروان,خاص غير مجاني,خاص,مختلطة,السييمة - 54 - شارع المنطقة الحمارء مختمطة,,,
5837,مدرسة يسوع ومريم,المتن,خاص غير مجاني,خاص,مختلطة,قرنة شيوان - الربوة - شارع مقابل السفارة االلمانية شارع رقم 71 مختمطة,,,
9647,ليسو مونتاين-بيت شباب,المتن,خاص غير مجاني,خاص,مختلطة,بيت شباب - بيدر الشوار - شارع العام مختمطة,,,
2747,مار يوسف,المتن,خاص غير مجاني,خاص,مختلطة,قرنة شيوان - شارع المطارنية مختمطة,,,
5747,مدرسة ارىبات القمبين االقدسين الثانوية بكفيا,المتن,خاص غير مجاني,خاص,مختلطة,بكفيا - الساحة - شارع العام مختمطة,,,
6747,المدرسة التكميمية المختمطة لارىبات القمبين االقدسين,المتن,خاص غير مجاني,خاص,مختلطة,,77218940,خاص,فرنسية+فرنسية
8747,ثانوية القديس جاورجيوس لمارىبات الباسيميات الشويريات,المتن,خاص غير مجاني,خاص,مختلطة,الخنشارة - مار الياس - شارع ماارلياس مختمطة,,,
9747,القديس بطرس الثانوية,المتن,خاص غير مجاني,خاص,مختلطة,بسكنتا - الميدان - شارع مار بطرس مختمطة 3 4,,,
0847,مار منصور لارىبات البزنسون,المتن,خاص غير مجاني,خاص,مختلطة,بسكنتا - مار روكز - شارع الرئيسي مختمطة,50088240,خاص,فرنسية+فرنسية
2847,تكميمية ارىبات القمبين االقدسين,المتن,خاص غير مجاني,خاص,مختلطة,المروج - شارع العام مختمطة,02679240,خاص,فرنسية+فرنسية
4847,مار يوسف,المتن,خاص غير مجاني,خاص,مختلطة,المتين - شارع العام مختمطة,,,
6847,لويز فكمان,المتن,خاص غير مجاني,خاص,مختلطة,,,,
7847,الطفل يسوع لارىبات البزنسون,المتن,خاص غير مجاني,خاص,مختلطة,بعبدات - صبلح لبكي - شارع صبلح لبكي مختمطة 4 63,,,
0838,مدرسة البطريركية,المتن,خاص غير مجاني,خاص,مختلطة,قرنة شيوان - شارع العام مختمطة,,,
9958,مدرسة سابيس المتن,المتن,خاص غير مجاني,خاص,مختلطة,المتين - حوارن مختمطة 11 71,,,
3368,غودويل انترناشونال سكول,المتن,خاص غير مجاني,خاص,مختلطة,العطشانة - السريان - شارع مار يوسف مختمطة,,,
2488,مدرسة عينطورة المتن,المتن,خاص غير مجاني,خاص,مختلطة,عينطورة المتن - السيدة - شارع السيدة مختمطة,,,
9847,ثانوية حمانا لمرىبانية المبنانية المارونية,بعبدا,خاص غير مجاني,خاص,مختلطة,حمانا - المنطقة البنفسجية - شارع رقم 52 مختمطة,,,
1947,ثانوية النيضة العممية,بعبدا,خاص غير مجاني,خاص,مختلطة,,,,
1838,ثانوية اجيال الغد,بعبدا,خاص غير مجاني,خاص,مختلطة,قبيع - شارع العام مختمطة,,,
3358,مدرسة االشارق - المتن,بعبدا,خاص غير مجاني,خاص,مختلطة,قرنايل - الطريق العام - شارع خمف مبنى البمدية مختمطة,,,
2668,ثمارنا,بعبدا,خاص غير مجاني,خاص,مختلطة,,,,
6378,الميسيو موارل,بعبدا,خاص غير مجاني,خاص,مختلطة,,,,
1778,غرين ىيمز سكول,بعبدا,خاص غير مجاني,خاص,مختلطة,,,,
8947,االشارق,عاليه,خاص غير مجاني,خاص,مختلطة,عالية - شارع العام مختمطة,,,
0057,ارتس اند كمتر اديو كيشونال سكول,عاليه,خاص غير مجاني,خاص,مختلطة,عالية - شارع بخشتيو مختمطة,,,
9057,بيروت الدولية,عاليه,خاص غير مجاني,خاص,مختلطة,بشامون - الييودية - شارع غرين بارك مختمطة,,,
5157,التنوخية الوطنية,عاليه,خاص غير مجاني,خاص,مختلطة,,,,
6157,شكيب النكدي النموذجية,عاليه,خاص غير مجاني,خاص,مختلطة,,,,
8157,وست ىيل كوليدج,عاليه,خاص غير مجاني,خاص,مختلطة,قبرشمون - شارع ويست ىيل كوليدج مختمطة,,,
9157,ثانوية االرز الثقافية,عاليه,خاص غير مجاني,خاص,مختلطة,رمحاال - قبرشون - شارع طريق عام بيصور مختمطة 1 8,,,
0257,العرفان,عاليه,خاص غير مجاني,خاص,مختلطة,,,,
9997,اجيال,عاليه,خاص غير مجاني,خاص,مختلطة,بشامون - المدارس - شارع المدارس مختمطة,,,
5908,ماارلياس لارىبات العائمة المقدسة المارونيات,عاليه,خاص غير مجاني,خاص,مختلطة,بحمدون المحطة - شارع العام مختمطة,,,
8418,الجامعة الوطنية ­ عاليو,عاليه,خاص غير مجاني,خاص,مختلطة,عالية - الجامعة - شارع الجامعة الوطنية مختمطة,,,
3028,مدرسة االيميت الفرنسية,عاليه,خاص غير مجاني,خاص,مختلطة,بشامون - المدارس مختمطة 1 31,,,
0328,ثانوية اليداية,عاليه,خاص غير مجاني,خاص,مختلطة,بشامون - الينار - شارع الييودية مختمطة,,,
1328,ىاي ناشيونال كولدج - سرحمول,عاليه,خاص غير مجاني,خاص,مختلطة,سر حمول - الشميس - شارع العام مختمطة 6,,,
7628,دار الحكمة انترناشيونال,عاليه,خاص غير مجاني,خاص,مختلطة,بشامون - شارع العام مختمطة,,,
2348,مدرسة جيل المستقبل,عاليه,خاص غير مجاني,خاص,مختلطة,عاليو (م) - البساتين مختمطة,,,
3848,برت سكول,عاليه,خاص غير مجاني,خاص,مختلطة,عاليو (م) - الزىور - شارع الزىور مختمطة,30025550,خاص,
8958,انترناسيونال ليرننغ كوميونتي,عاليه,خاص غير مجاني,خاص,مختلطة,بشامون - الييودية - شارع العام مختمطة,,,
4068,ثانوية التربية والتعميم,عاليه,خاص غير مجاني,خاص,مختلطة,عالية - عين حاال - شارع عين حاال مختمطة 8 63,,,
9868,ثانوية اكسس الدولية,عاليه,خاص غير مجاني,خاص,مختلطة,,,,
6478,كانديان ىاي سكول,عاليه,خاص غير مجاني,خاص,مختلطة,,,,
2578,ىابي انجمز كندر غاردن سكول,عاليه,خاص غير مجاني,خاص,مختلطة,بشامون - شارع الكروم مختمطة,43427250,خاص,
4678,غدي الثقافية,عاليه,خاص غير مجاني,خاص,مختلطة,بيصور - lhugh - شارع العام مختمطة,,,
2257,ثانوية السمطان صبلح الدين,الشوف,خاص غير مجاني,خاص,مختلطة,برجا - الروس - شارع الروس مختمطة,,,
4257,ثانوية ديكارت,الشوف,خاص غير مجاني,خاص,مختلطة,بعاصير - المدورة - شارع العام مختمطة,,,
7257,جمعية انعاش القرية,الشوف,خاص غير مجاني,خاص,مختلطة,,,,
9257,ارىبات مار يوسف الظيور,الشوف,خاص غير مجاني,خاص,مختلطة,ديارلقمر - ضيور الدير مختمطة,,,
0357,"مدرسة ""الميسو ناسيونال """,الشوف,خاص غير مجاني,خاص,مختلطة,السمقانية - بقعاتا - شارع الميسو ناسيونال مختمطة 36 27,,,
1357,ثانوية العرفان,الشوف,خاص غير مجاني,خاص,مختلطة,السمقانية - شارع العام مختمطة,,,
3357,التعميمية االنكميزية,الشوف,خاص غير مجاني,خاص,مختلطة,غريفة - حي الكتان - شارع طريق النير مختمطة 4 7,,,
4357,شوف ناشونال كولدج,الشوف,خاص غير مجاني,خاص,مختلطة,بعقمين - التحتا - شارع العام مختمطة,,,
7357,الوفاء,الشوف,خاص غير مجاني,خاص,مختلطة,بعقمين - الفوقا - شارع سعيد تقي الدين مختمطة,,,
9357,ثانوية االيمان,الشوف,خاص غير مجاني,خاص,مختلطة,بعقمين - عين حطاب مختمطة,,,
4457,بيت الحكمة,الشوف,خاص غير مجاني,خاص,مختلطة,شحيم - شارع طريق عام شحيم داريا مختمطة,,,
7457,الميسيو باسكال,الشوف,خاص غير مجاني,خاص,مختلطة,عانوت - الشيخ عثمان مختمطة 3 71,,,
9457,كوليج يونيفرسال,الشوف,خاص غير مجاني,خاص,مختلطة,عانوت - مرج عمي - شارع العام مختمطة 2 5,,,
0557,المنيل,الشوف,خاص غير مجاني,خاص,مختلطة,مزبود - شارع فريسين مختمطة,,,
6557,ثانوية سيدة البشاره لمارىبات المخمصيات,الشوف,خاص غير مجاني,خاص,مختلطة,جون - دير المخمص - شارع دير الارىبات المخمصيات مختمطة,,,
5008,السيتيو ناسيونال,الشوف,خاص غير مجاني,خاص,مختلطة,برجا - الصوانة - شارع طريق جدار مختمطة,,,
3408,ليسو باسكال,الشوف,خاص غير مجاني,خاص,مختلطة,برجا - الفتيحات مختمطة,,,
8908,مار مارون,الشوف,خاص غير مجاني,خاص,مختلطة,مجدل المعوش - شارع الطريق العام مختمطة 11,,,
3118,ثانوية الشرق,الشوف,خاص غير مجاني,خاص,مختلطة,داريا - الضيور - شارع العام مختمطة,,,
9118,اوكبلند اكاديمي,الشوف,خاص غير مجاني,خاص,مختلطة,,,,
3718,حارة انترناشيونال كولدج,الشوف,خاص غير مجاني,خاص,مختلطة,,,,
3128,مدرسة مار مارون - بيت الدين,الشوف,خاص غير مجاني,خاص,مختلطة,بيت الدين - شارع العام مختمطة,,,
2138,بارعم المستقبل,الشوف,خاص غير مجاني,خاص,مختلطة,الوردانية - المنزلة - شارع العام مختمطة,,,
6338,ثانوية اجيال الغد,الشوف,خاص غير مجاني,خاص,مختلطة,مزبود - فريسين - شارع عام مختمطة,,,
7338,الميسيو الكبرى,الشوف,خاص غير مجاني,خاص,مختلطة,شحيم - خمة الشربين - شارع خمة الشربين مختمطة 1 9,,,
6738,ثانوية الريان,الشوف,خاص غير مجاني,خاص,مختلطة,,,,
2838,مدرسة جدار االبتدائية,الشوف,خاص غير مجاني,خاص,مختلطة,جدار - المنزلة - شارع العام مختمطة,,,
9148,روضة االمل لبلطفال,الشوف,خاص غير مجاني,خاص,مختلطة,وادي الزينة - شارع الشييد رفيق الحريري مختمطة,,,
4548,ثانوية العطاء النموذجية,الشوف,خاص غير مجاني,خاص,مختلطة,شحيم - الرويس - شارع النير مختمطة,,,
6658,غموبال انترناشيونال سكول,الشوف,خاص غير مجاني,خاص,مختلطة,كترمايا - الشكاير مختمطة,,,
8658,ثانوية الفاروق االسبلمية,الشوف,خاص غير مجاني,خاص,مختلطة,السعديات - شارع العام مختمطة,,,
9658,الساحل الجديدة,الشوف,خاص غير مجاني,خاص,مختلطة,الدبية - السيار - شارع العام مختمطة,,,
6268,مدرسة الحنان لذوي االحتياجات الخاصة,الشوف,خاص غير مجاني,خاص,مختلطة,شحيم - مرج عمي - شارع مرج عمي مختمطة,,,
5568,ليسو عمر بن الخطاب,الشوف,خاص غير مجاني,خاص,مختلطة,داريا - حي الضيور - شارع قرب محطة سرحال مختمطة 1 2,,,
9568,رجاء كولدج,الشوف,خاص غير مجاني,خاص,مختلطة,كفرقطرة - الطريق العام - شارع قرب كنيسة مار تقبل مختمطة,,,
8968,نوفيل اسبري كوليج,الشوف,خاص غير مجاني,خاص,مختلطة,المغيرية - الحبليا - شارع الحبليا مختمطة,,,
8078,ثانوية جنة الطمبة,الشوف,خاص غير مجاني,خاص,مختلطة,البرجين - المرجيات مختمطة,,,
2478,المركز الوطني لمتنمية والتاىيل,الشوف,خاص غير مجاني,خاص,مختلطة,السمقانية - شارع العام مختمطة,,,
0878,مدرسة االمان النموذجية,الشوف,خاص غير مجاني,خاص,مختلطة,داريا - التريمة - شارع الطريق العام مختمطة 2,,,
3878,رميمو ىاي سكول,الشوف,خاص غير مجاني,خاص,مختلطة,الرميمة - كعب الصخر البرج - شارع جانب االتوستارد الجنوبي مختمطة,,,
5088,ثانوية المسار الدولية-الجية,الشوف,خاص غير مجاني,خاص,مختلطة,الجية - دار الفتوى - شارع المواء احمد الحاج مختمطة 1,,,
8188,مريجة انترناشونال سكول SIM,الشوف,خاص غير مجاني,خاص,مختلطة,,,,
6288,ثانوبة برجا الدولية,الشوف,خاص غير مجاني,خاص,مختلطة,,,,
9788,مدرسة النببلء العالمية,الشوف,خاص غير مجاني,خاص,مختلطة,برجا - جب الغبرة - شارع جب الغبرة مختمطة,,,
7557,مدرسة الثقافة االسبلمية,طرابلس المدينة,خاص غير مجاني,خاص,مختلطة,المطارن - المئتين - شارع الروضة مختمطة,,,
1657,ثانوية روضة الفيحاء- طاربمس / المئتين,طرابلس المدينة,خاص غير مجاني,خاص,مختلطة,المطارن - شارع عزمي والمئتين والمعرض مختمطة,,,
5657,طاربمس االنجيمية لمبنين والبنات,طرابلس المدينة,خاص غير مجاني,خاص,مختلطة,الازىرية - شارع االستقبلل مختمطة,,,
7657,ثانوية الشمال,طرابلس المدينة,خاص غير مجاني,خاص,مختلطة,الازىرية - شارع محمد كارمي مختمطة,,,
1757,بيت االطفال,طرابلس المدينة,خاص غير مجاني,خاص,مختلطة,الميناء - الشيداء - شارع الشيخ منير الممك مختمطة 1 4,,,
2757,ثانوية القمبين االقدسين,طرابلس المدينة,خاص غير مجاني,خاص,مختلطة,الميناء - المشتي - شارع الشاطئ الفضي مختمطة,,,
3757,الثانوية الوطنية االرثوذكسية,طرابلس المدينة,خاص غير مجاني,خاص,مختلطة,الميناء - مار الياس - شارع مار الياس مختمطة 7 05,,,
4757,سيدة النجاة االنطونية-الميناء,طرابلس المدينة,خاص غير مجاني,خاص,مختلطة,الميناء - االمركان - شارع فرح انطون مختمطة,,,
6757,االيمان االسبلمية,طرابلس المدينة,خاص غير مجاني,خاص,مختلطة,,,,
1857,االعتماد لروضة االطفال,طرابلس المدينة,خاص غير مجاني,خاص,مختلطة,ابوسمار - ابو سمار - شارع كنعان باشا مختمطة,98963667,خاص,فرنسية+إنكليزية
6857,ثانوية الجنان,طرابلس المدينة,خاص غير مجاني,خاص,مختلطة,ابوسمار - زيتون - شارع المعيصرة مختمطة,,,
8857,ثانوية الزىارء الخيرية,طرابلس المدينة,خاص غير مجاني,خاص,مختلطة,ابوسمار - الزيتون - شارع الزيتون قرب مدرسة الكويتية مختمطة 5 1,,,
1957,االرثوذكسية الثانوية,طرابلس المدينة,خاص غير مجاني,خاص,مختلطة,القبة - حي الارىبات - شارع الارىبات مختمطة,,,
3957,ثانوية الرسالة االسبلمية,طرابلس المدينة,خاص غير مجاني,خاص,مختلطة,القبة - شارع ابن سينا مختمطة,,,
4957,المارونية فرع زيتون,طرابلس المدينة,خاص غير مجاني,خاص,مختلطة,القبة - شارع االرز مختمطة,,,
0518,الميسيو المبنانية,طرابلس المدينة,خاص غير مجاني,خاص,مختلطة,ابوسمار - ابي سمارء - شارع السكة البيضاء مختمطة,,,
5638,الفرح,طرابلس المدينة,خاص غير مجاني,خاص,مختلطة,ابوسمار - مفرق بارود - شارع عبد المجيد الارفعي مختمطة,,,
7548,تكميمية المطارن المارونية,طرابلس المدينة,خاص غير مجاني,خاص,مختلطة,بعل محسن - زيتون طاربمس - شارع الجيش مختمطة,31519360,خاص,
6648,روضة االنوار,طرابلس المدينة,خاص غير مجاني,خاص,مختلطة,القبة - شارع األرز مختمطة 2 5,,,
1948,مجمع العزم التربوي,طرابلس المدينة,خاص غير مجاني,خاص,مختلطة,الممولة - شارع بولفار فؤاد شياب مختمطة,,,
5358,مدرسة جنة األطفال,طرابلس المدينة,خاص غير مجاني,خاص,مختلطة,التل والمدينة الوسطى - الازىرية - شارع لطيفة مختمطة 1,,,
5658,ثانوية روضة الفيحاء(انكميزي)-المعرض,طرابلس المدينة,خاص غير مجاني,خاص,مختلطة,المطارن - شارع المعرض مختمطة,,,
4568,مدرسة الصبلح واإلصبلح - برقايل,طرابلس المدينة,خاص غير مجاني,خاص,مختلطة,,,,
4078,دار التربية والتعميم االسبلمية,طرابلس المدينة,خاص غير مجاني,خاص,مختلطة,طاربمس (م) - الحدادين - شارع الحرية مختمطة,,,
4778,ثانوية مناىج العالمية,طرابلس المدينة,خاص غير مجاني,خاص,مختلطة,طاربمس (م) - ابوسمارء - شارع جامعة الجنان مختمطة,,,
0988,مدرسة دار الطفولة,طرابلس المدينة,خاص غير مجاني,خاص,مختلطة,التل والمدينة الوسطى - الازىرية - شارع شارع المدارس مختمطة,29067117,خاص,
0067,الفجر,طرابلس الضواحي,خاص غير مجاني,خاص,مختلطة,,,,
9697,ثانوية الثقافة النموذجية,طرابلس الضواحي,خاص غير مجاني,خاص,مختلطة,البداوي - الجبل مختمطة,,,
0818,كوليج انترناسوينال - بداوي,طرابلس الضواحي,خاص غير مجاني,خاص,مختلطة,البداوي - الجبل - شارع الجبل الجديد مختمطة,,,
9538,المؤسسة االجتماعية االسبلمية,طرابلس الضواحي,خاص غير مجاني,خاص,مختلطة,البداوي - شارع المنكوبين مختمطة,,,
7848,النور الحديثة المتوسطة,طرابلس الضواحي,خاص غير مجاني,خاص,مختلطة,البداوي - 0 - شارع الكنز مختمطة 1 7,55509360,خاص,
8278,ثانوية التطوير التربوي,طرابلس الضواحي,خاص غير مجاني,خاص,مختلطة,القممون - الفمل مختمطة,,,
8957,ثانوية المنية االسبلمية,طرابلس الضواحي,خاص غير مجاني,خاص,مختلطة,المنية - الببلط - شارع الضيعة مختمطة,,,
6067,االيمان االسبلمية,طرابلس الضواحي,خاص غير مجاني,خاص,مختلطة,سير الضنية - حي حميو مختمطة,,,
2167,الريان الخاصة,طرابلس الضواحي,خاص غير مجاني,خاص,مختلطة,ايازل - البيدر - شارع العام مختمطة,,,
3608,الميسيو جنارل,طرابلس الضواحي,خاص غير مجاني,خاص,مختلطة,المنية - حمدون - شارع العام مختمطة,,,
9228,المجمع االسبلمي الكبير,طرابلس الضواحي,خاص غير مجاني,خاص,مختلطة,المنية - المخاضة - شارع الطريق البحري القديم مختمطة,,,
3238,ثانوية االرشاد الوطنية النموذجية,طرابلس الضواحي,خاص غير مجاني,خاص,مختلطة,المنية - القرين - شارع العام مختمطة,,,
7538,مدرسة الفاروق النموذجية,طرابلس الضواحي,خاص غير مجاني,خاص,مختلطة,دير عمار - البسطة - شارع الكسارة مختمطة 2 5,,,
7638,العبير النموذجية,طرابلس الضواحي,خاص غير مجاني,خاص,مختلطة,المنية - الببلط - شارع الببلط مختمطة,,,
4848,الميسيو مودرن,طرابلس الضواحي,خاص غير مجاني,خاص,مختلطة,بحنين - شارع العام مختمطة,,,
1568,مدرسة األرز المبنانية,طرابلس الضواحي,خاص غير مجاني,خاص,مختلطة,النبي يوشع - شارع المنية الضنية مختمطة,,,
1178,مدرسة الصفا,طرابلس الضواحي,خاص غير مجاني,خاص,مختلطة,المنية - العتيقة - شارع العام مختمطة,,,
8778,ال جونيس ا ب ت جنارل,طرابلس الضواحي,خاص غير مجاني,خاص,مختلطة,,,,
3978,مدرسة الجيل الثالث,طرابلس الضواحي,خاص غير مجاني,خاص,مختلطة,,,,
7088,مدرسة متوسطة فجر السبلم,طرابلس الضواحي,خاص غير مجاني,خاص,مختلطة,,67204260,خاص,
8788,كوالج ناسيونال المنية,طرابلس الضواحي,خاص غير مجاني,خاص,مختلطة,,,,
4127,ثانوية التنشئة المبنانيةالوطنية,عكار,خاص غير مجاني,خاص,مختلطة,,51933810,خاص,فرنسية+فرنسية
8167,اليداية النموذجية - فرع حمبا,عكار,خاص غير مجاني,خاص,مختلطة,خريبة الجندي - شارع طريق كروم عرب مختمطة,,,
0267,ليسية عبداهلل الارسي,عكار,خاص غير مجاني,خاص,مختلطة,,,,
3267,ابي بكر الصديق التابعة لمجمعية الحميدية االسبلمية,عكار,خاص غير مجاني,خاص,مختلطة,دير دلوم - شارع مفرق برقايل مختمطة,,,
4267,االرشاد النموذجية الخاصة,عكار,خاص غير مجاني,خاص,مختلطة,ببنين - عين العبد - شارع العام مختمطة 1,,,
6267,اليداية االسبلمية,عكار,خاص غير مجاني,خاص,مختلطة,ببنين - الشرقي مختمطة,,,
8267,الشمائل االسبلمية,عكار,خاص غير مجاني,خاص,مختلطة,عمارة - العقل مختمطة 2 5,,,
9267,اإليمان اإلسبلمية,عكار,خاص غير مجاني,خاص,مختلطة,قبة شمار - شارع سوق الخضار مختمطة,,,
3367,مدرسة البيان والنور,عكار,خاص غير مجاني,خاص,مختلطة,قبعيت - كروم التربة مختمطة,,,
5367,ثانوية نور اليدى,عكار,خاص غير مجاني,خاص,مختلطة,كواشرة - الغربي - شارع العام مختمطة,,,
9367,مدرسة العمم واالصبلح,عكار,خاص غير مجاني,خاص,مختلطة,دغمة - خربة داوود - شارع البيرة- دير جنين مختمطة,,,
0467,مدرسة العمماء,عكار,خاص غير مجاني,خاص,مختلطة,مشحة - البيادر مختمطة 1,,,
2467,االعتصام النموذجية االسبلمية,عكار,خاص غير مجاني,خاص,مختلطة,حيزوق - شارع العام مختمطة,,,
3467,ثانوية العروة الوثقى,عكار,خاص غير مجاني,خاص,مختلطة,,,,
4467,مار سمعان,عكار,خاص غير مجاني,خاص,مختلطة,بيت مبلت - الف وار - شارع العين مختمطة,,,
6467,عمي بن ابي طالب,عكار,خاص غير مجاني,خاص,مختلطة,بزبينا - وطى البرج - شارع الطريق العام مختمطة,,,
1567,البارءة االسبلمية,عكار,خاص غير مجاني,خاص,مختلطة,فنيدق - الضير - شارع المدارس مختمطة,,,
3567,الواحة الخاصة,عكار,خاص غير مجاني,خاص,مختلطة,حارر - النبي عثمان - شارع حي النبي عثمان مختمطة,,,
4567,مار ضومط المتوسطة,عكار,خاص غير مجاني,خاص,مختلطة,غوايا - القبيات - شارع غوايا مختمطة 3 6,52205360,خاص,فرنسية+فرنسية
5567,ثانوية ارىبات القمبين االقدسين,عكار,خاص غير مجاني,خاص,مختلطة,,,,
7567,المقاصد الخيرية االسبلمية,عكار,خاص غير مجاني,خاص,مختلطة,وادي خالد - شارع البقيعة مختمطة 2 4,32106860,خاص,
9567,ثانوية النيضة (سابقا النيضة),عكار,خاص غير مجاني,خاص,مختلطة,اكروم - شارع العام مختمطة,,,
9908,ثانوية االنطبلقة,عكار,خاص غير مجاني,خاص,مختلطة,اكروم - الوسطة-الطريق العام مختمطة,,,
3518,االمان االسبلمية,عكار,خاص غير مجاني,خاص,مختلطة,دوسة - البغدادي - شارع العام مختمطة,,,
5818,درة الشرقين,عكار,خاص غير مجاني,خاص,مختلطة,البيرة - شارع العامرية مختمطة,,,
6818,ثانوية العمم وااليمان,عكار,خاص غير مجاني,خاص,مختلطة,عكار العتيقة - الصنوبر - شارع عام مختمطة 4 21,,,
7818,االيمان النموذجية,عكار,خاص غير مجاني,خاص,مختلطة,فنيدق - البستان مختمطة,,,
3228,الجوىرة االسبلمية,عكار,خاص غير مجاني,خاص,مختلطة,بزبينا - البساتين - شارع الطريق الزارعية مختمطة 11 71,,,
6228,المجد لمتنشئة والتعميم,عكار,خاص غير مجاني,خاص,مختلطة,رحبة - شارع العام مفرق رحبة مختمطة,,,
7528,المدرسة الحديثة,عكار,خاص غير مجاني,خاص,مختلطة,,,,
7728,الرواد الدولية,عكار,خاص غير مجاني,خاص,مختلطة,دير دلوم - البحصة - شارع العام مختمطة,,,
0828,دار المستقبل االولى,عكار,خاص غير مجاني,خاص,مختلطة,عيدمون - اول البمدة - شارع العام مختمطة,,,
1828,دار االحسان - ببنين,عكار,خاص غير مجاني,خاص,مختلطة,ببنين - الروضة - شارع طريق وادي الجاموس مختمطة 3,,,
2928,النور االسبلمية,عكار,خاص غير مجاني,خاص,مختلطة,البيرة - شارع طريق العام مختمطة,41003860,خاص,
1238,مدرسة سيدة السبلم التكميمية,عكار,خاص غير مجاني,خاص,مختلطة,القبيات - الضير - شارع عين النمر مختمطة 6,47014107,خاص,
9338,ثانوية اجيال,عكار,خاص غير مجاني,خاص,مختلطة,كفرتون - المدرسة الرسمية - شارع الوسطى مختمطة,,,
8538,متوسطة الجوىرة,عكار,خاص غير مجاني,خاص,مختلطة,ببنين - الطريق العام - شارع العام مختمطة,,,
2738,مدرسة االيمان االسبلمية مشتى حمود,عكار,خاص غير مجاني,خاص,مختلطة,مشتى حمود - شارع الطريق العام مختمطة,,,
6838,ثانوية الرياض النموذجية,عكار,خاص غير مجاني,خاص,مختلطة,خربة داوود - خربة داود - شارع العام مختمطة 2 6,,,
8048,مجمع عمر بن الخطاب التربوي التابع لمجمعية الحميدية الخيرية,عكار,خاص غير مجاني,خاص,مختلطة,حمبا - السيل - شارع العام مختمطة,,,
0148,ثانوية رياض الشباب,عكار,خاص غير مجاني,خاص,مختلطة,ببنين - الطريق - شارع العام مختمطة 3 1,,,
2248,النصر االسبلمية الحديثة,عكار,خاص غير مجاني,خاص,مختلطة,دنبو (عين الذىب) - البساتين - شارع العام مختمطة,,,
9548,التفوق الحديثة مشحو,عكار,خاص غير مجاني,خاص,مختلطة,,,,
5948,المشرقية,عكار,خاص غير مجاني,خاص,مختلطة,الشيخ طابا - الحكر - شارع بستان الباشا مختمطة,,,
7058,كوالج عكار,عكار,خاص غير مجاني,خاص,مختلطة,قبة شمار - قبو شمار - شارع العام مختمطة,,,
8058,ربيع االطفال,عكار,خاص غير مجاني,خاص,مختلطة,عين الزيت - 0 - شارع 0 مختمطة,,,
9058,اجيال الشيخ محمد - عكار,عكار,خاص غير مجاني,خاص,مختلطة,الشيخ محمد - 0 - شارع الشارع الرئيسي مختمطة,,,
2158,زىرة االطفال االسبلمية,عكار,خاص غير مجاني,خاص,مختلطة,حمبا - شركة كيرباء لبنان - شارع السيل مختمطة 2 3,,,
7358,ليسيو عبد الحفيظ,عكار,خاص غير مجاني,خاص,مختلطة,حمبا - شارع دار المعممين مختمطة,,,
9358,منارة العموم,عكار,خاص غير مجاني,خاص,مختلطة,دير دلوم - شارع مجمع جواد السكني مختمطة,,,
9758,مدرسة األوائل النموذجية,عكار,خاص غير مجاني,خاص,مختلطة,حويش - عيون الغزالن - شارع 0 مختمطة,,,
1858,النور العمميو,عكار,خاص غير مجاني,خاص,مختلطة,البيرة - شارع العام مختمطة,,,
9168,الثانوية الجديدة لمتربية والتعميم,عكار,خاص غير مجاني,خاص,مختلطة,برج العرب - القيطع - شارع ال عقل مختمطة 3 71,,,
9368,مدرسة األمان العممية,عكار,خاص غير مجاني,خاص,مختلطة,حارر - شارع حارر مختمطة,,,
1468,مدرسة الضحى الثقافية,عكار,خاص غير مجاني,خاص,مختلطة,فنيدق - الكروم - شارع ال البعريني مختمطة 1,,,
1668,ثانوية الفارس التعميمية,عكار,خاص غير مجاني,خاص,مختلطة,ببنين - بببنين - شارع العام مختمطة,,,
4968,مدرسة الرسالة التربوية,عكار,خاص غير مجاني,خاص,مختلطة,عكار العتيقة - البموط - شارع العام مختمطة,,,
4178,مدرسة الضياء االسبلمية,عكار,خاص غير مجاني,خاص,مختلطة,الشيخ محمد - البعل - شارع العام مختمطة,,,
3378,ثانوية بحر العموم,عكار,خاص غير مجاني,خاص,مختلطة,بازل - الحرف - شارع العام مختمطة,,,
0478,مدرسة عالم التميز االسبلمي,عكار,خاص غير مجاني,خاص,مختلطة,دنبو (عين الذىب) - البساتين - شارع البساتين - العريض مختمطة,,,
2778,مدرسة الحداثة الدولية,عكار,خاص غير مجاني,خاص,مختلطة,برقايل - شارع الصنوبر مختمطة,,,
4388,ليسيو األنوار,عكار,خاص غير مجاني,خاص,مختلطة,,,,
7388,العمم والبيان,عكار,خاص غير مجاني,خاص,مختلطة,,,,
8688,مجمع الدريب التربوي,عكار,خاص غير مجاني,خاص,مختلطة,,,,
1667,روضة االطفال,زغرتا,خاص غير مجاني,خاص,مختلطة,مرياطة - الطريق العام مختمطة,,,
3667,مار جرجس,زغرتا,خاص غير مجاني,خاص,مختلطة,,,,
6667,نورث ليبانون كولدج,زغرتا,خاص غير مجاني,خاص,مختلطة,الجديدة - الطريق العام - شارع العام مختمطة,,,
8667,السيدة لارىبات العائمة المقدسة المارونيات,زغرتا,خاص غير مجاني,خاص,مختلطة,مجدليا - السيدة - شارع كنيسة السيدة مختمطة,,,
9667,ارىبات الناصرة,زغرتا,خاص غير مجاني,خاص,مختلطة,,,,
0767,فرير دالسال,زغرتا,خاص غير مجاني,خاص,مختلطة,,,,
1767,ثانوية مار انطونيوس لمارىبات االنطونيات,زغرتا,خاص غير مجاني,خاص,مختلطة,,,,
2767,مار انطوان البادواني,زغرتا,خاص غير مجاني,خاص,مختلطة,كرم سدة - مار يعقوب - شارع دير مار يعقوب مختمطة,,,
7118,مدرسة مرياطة الجديدة,زغرتا,خاص غير مجاني,خاص,مختلطة,عمما - 0 - شارع 0 مختمطة,,,
1818,بابيون,زغرتا,خاص غير مجاني,خاص,مختلطة,زغرتا - العقبة - شارع العقبة مختمطة,31176660,خاص,فرنسية+فرنسية
2258,النور النموذجية التكميمية,زغرتا,خاص غير مجاني,خاص,مختلطة,اردة - شارع العام مختمطة,,,
2458,متوسطة التوجيو التربوي,زغرتا,خاص غير مجاني,خاص,مختلطة,مجدليا - تل الذىب - شارع العام مختمطة 1 02,,,
4958,متوسطة االمان الدولية,زغرتا,خاص غير مجاني,خاص,مختلطة,مرياطة - العام - شارع العام مختمطة,,,
2468,اتوال دي نور,زغرتا,خاص غير مجاني,خاص,مختلطة,مجدليا - شارع مجدليا مختمطة,85391230,خاص,
6978,مدرسة ديدي,زغرتا,خاص غير مجاني,خاص,مختلطة,كفرحاتا - الحريق - شارع سركيس يمين مختمطة,80771930,خاص,
5767,الميسو الفرنسية المبنانية,الكورة,خاص غير مجاني,خاص,مختلطة,,,,
7767,ارىبات المحبة دار النور - بتوارتج,الكورة,خاص غير مجاني,خاص,مختلطة,,,,
9767,مدرسة الشويفات الدولية-الكورة,الكورة,خاص غير مجاني,خاص,مختلطة,,,,
1867,االنترناشونال سكول,الكورة,خاص غير مجاني,خاص,مختلطة,بترومين - حي فؤاد سميمان - شارع فؤاد سميمان مختمطة,,,
2867,الفرير -طاربمس سابقا,الكورة,خاص غير مجاني,خاص,مختلطة,ددة - قرب طريق عام برسا-دده - شارع طريق عام برسا-دده مختمطة 62 88,,,
3867,ليسيو القديس بطرس االرثوذكسية,الكورة,خاص غير مجاني,خاص,مختلطة,اميون - البياض - شارع العام مختمطة,,,
4867,ارىبات القديسة تريزيا,الكورة,خاص غير مجاني,خاص,مختلطة,اميون - البياض - شارع البياض مختمطة 9 22,,,
5867,بشمزين العالية,الكورة,خاص غير مجاني,خاص,مختلطة,بشمزين - ضير الظبط - شارع 61 مختمطة,,,
5518,ثانوية سيدة بكفتين االرثوذكسية,الكورة,خاص غير مجاني,خاص,مختلطة,بكفتين - وقف الروم - شارع دير سيدة بكفتين مختمطة,,,
0338,ثانوية التربية واالصبلح,الكورة,خاص غير مجاني,خاص,مختلطة,النخمة - الروابي - شارع العام مختمطة,,,
7867,مار سابا المتوسطة لارىبات الوردية,بشري,خاص غير مجاني,خاص,مختلطة,عبدين - مار سابا - شارع العام مختمطة,,,
0967,ارىبات القديسة تريزيا,بشري,خاص غير مجاني,خاص,مختلطة,حدشيت - الشربين - شارع الارىبات مختمطة,,,
2967,السيدة - حصرون لبلباء االنطونيين,بشري,خاص غير مجاني,خاص,مختلطة,حصرون - شارع العام مختمطة,,,
3967,سيدة الخبلص لارىبات العائمة المقدسة المارونيات,البترون,خاص غير مجاني,خاص,مختلطة,شكا - السوق - شارع الكنيسة مختمطة,,,
5967,مار الياس لارىبات العائمة المقدسة المارونيات,البترون,خاص غير مجاني,خاص,مختلطة,البترون - تين الرمل - شارع الارىبات مختمطة,,,
7967,القديس اسطفانوس لارىبات القمبين االقدسين,البترون,خاص غير مجاني,خاص,مختلطة,البترون - البحر - شارع قرب كنيسة القديس اسطفانوس مختمطة,,,
8518,مدرسة االمام الباقر,البترون,خاص غير مجاني,خاص,مختلطة,,45352760,خاص,
9518,افي ماريا,البترون,خاص غير مجاني,خاص,مختلطة,اصيا - حشبون - شارع العام مختمطة 4 9,,,
1077,يسوع الممك,زحلة المدينة,خاص غير مجاني,خاص,مختلطة,,,,
3077,ثانوية قمب يسوع لارىبات القمبين االقدسين,زحلة المدينة,خاص غير مجاني,خاص,مختلطة,,,,
7077,ثانوية مار يوسف لمارىبات االنطونيات,زحلة المدينة,خاص غير مجاني,خاص,مختلطة,زحمة-البولفار - كسارة - شارع arasK evac قرب مختمطة,,,
0177,مارجرجس لمسريان االرثوذكس,زحلة المدينة,خاص غير مجاني,خاص,مختلطة,الميدان - الغربي - شارع مار نقوال مختمطة,,,
1177,مار الياس لارىبات العائمة المقدسة المارونيات,زحلة المدينة,خاص غير مجاني,خاص,مختلطة,زحمة (م) - ضيور زحمة - شارع زحمة اارضي مختمطة 51 85,,,
4177,مار يوسف الكاثولكية المخمصية,زحلة المدينة,خاص غير مجاني,خاص,مختلطة,حوش االمارء - شارع مار يوسف مختمطة,,,
6177,تكميمية ارىبات القمبين االقدسين,زحلة المدينة,خاص غير مجاني,خاص,مختلطة,المعمقة - الصخرة مختمطة 4 61,,,
2218,المدرسة الوطنية االميركية,زحلة المدينة,خاص غير مجاني,خاص,مختلطة,حوش االمارء - كساره - شارع العام مختمطة,,,
9648,السبلم االنطونية,زحلة المدينة,خاص غير مجاني,خاص,مختلطة,زحمة (م) - مدرسة الّسبلم - شارع الّسبلم األنطونّية مختمطة,,,
5378,العقول النشيطة,زحلة المدينة,خاص غير مجاني,خاص,مختلطة,,,,
7778,مدرسة شعاع االمل,زحلة المدينة,خاص غير مجاني,خاص,مختلطة,,,,
2888,المدرسة العالمية االرثوذكسية,زحلة المدينة,خاص غير مجاني,خاص,مختلطة,زحمة (م) - مارمخايل ومارجرجس - شارع سيدة الزلزلة مختمطة 1,97608107,خاص,
8177,سيدة االنتقال لمارىبات المخمصيات,زحلة الضواحي,خاص غير مجاني,خاص,مختلطة,الفرزل - شارع كنيسة سيدة النياح مختمطة,,,
1277,ثانوية دار اليدى,زحلة الضواحي,خاص غير مجاني,خاص,مختلطة,,,,
0758,المحبة / سعدنايل,زحلة الضواحي,خاص غير مجاني,خاص,مختلطة,سعدنايل - عين الحمى - شارع 0 مختمطة,72783630,خاص,
1278,مدرسة مبللة,زحلة الضواحي,خاص غير مجاني,خاص,مختلطة,سعدنايل - سعد نايل - شارع القاطوع مختمطة,55131580,خاص,
5588,مدرسة مياارت لمتربية المختصة,زحلة الضواحي,خاص غير مجاني,خاص,مختلطة,,,,
7588,مركز العمووم والتكنولوجيا التربوي,زحلة الضواحي,خاص غير مجاني,خاص,مختلطة,شتوار - البنك االسود - شارع البنك االسود مختمطة,,,
9688,مدرسة بريج,زحلة الضواحي,خاص غير مجاني,خاص,مختلطة,تعمبايا - حمويات جابر - شارع العام مختمطة,,,
3277,ثانوية الغدير المختمطو,زحلة القضاء,خاص غير مجاني,خاص,مختلطة,رياق - شارع العام مختمطة,55600980,خاص,فرنسية+فرنسية
7277,اكميريكية القديسة حنة,زحلة القضاء,خاص غير مجاني,خاص,مختلطة,رياق - قرب المطار العسكري مختمطة,,,
1377,مدرسة سيدة النياح الثانوية لمارىبات المخمصيات,زحلة القضاء,خاص غير مجاني,خاص,مختلطة,ابمح - شارع كنيسة سيدة النياح مختمطة,,,
4377,ثانوية االمام الجواد,زحلة القضاء,خاص غير مجاني,خاص,مختلطة,عمي النيري - حوش الغنم - شارع قرب تعاضد جيش رياق مختمطة,,,
6377,النيضة العممية الثانية التكميمية,زحلة القضاء,خاص غير مجاني,خاص,مختلطة,عمي النيري - البستان مختمطة 1,92925907,خاص,
9377,االخوة الوطنية,زحلة القضاء,خاص غير مجاني,خاص,مختلطة,بارلياس - المغاسل - شارع العام مختمطة,,,
1477,ثانوية االمين المختمطة,زحلة القضاء,خاص غير مجاني,خاص,مختلطة,بارلياس - شارع البمدة مختمطة 3,,,
2477,الوادي االخضر,زحلة القضاء,خاص غير مجاني,خاص,مختلطة,بارلياس - البستان مختمطة,,,
7477,ثانوية كالوسد كمبنكيان,زحلة القضاء,خاص غير مجاني,خاص,مختلطة,عنجر - حوش موسى-حي ىاارتس مختمطة,,,
0577,المناىل,زحلة القضاء,خاص غير مجاني,خاص,مختلطة,,,,
4577,االنجيمية الوطنية,زحلة القضاء,خاص غير مجاني,خاص,مختلطة,قب الياس - قب الياس-حي الرمال مختمطة,,,
5577,ارىبات سيدة الرسل,زحلة القضاء,خاص غير مجاني,خاص,مختلطة,قب الياس - حي السريج مختمطة 9 55,,,
6577,قب الياس االىمية,زحلة القضاء,خاص غير مجاني,خاص,مختلطة,قب الياس - المزينو - شارع البولفار مختمطة,,,
4808,جمعية المبارت الخيرية (مدرسة االمام الكاظم-4),زحلة القضاء,خاص غير مجاني,خاص,مختلطة,عمي النيري - حوش الغنم - شارع قرب تعاضد جيش رياق مختمطة 31 46,,,
1618,ثانوية االسقفية الكاثوليكية,زحلة القضاء,خاص غير مجاني,خاص,مختلطة,بارلياس - شارع الطريق العام مختمطة,,,
5128,ازىر البقاع,زحلة القضاء,خاص غير مجاني,خاص,مختلطة,مجدل عنجر - االكرمية - شارع االزىر مختمطة,,,
2748,األمل الحديثة,زحلة القضاء,خاص غير مجاني,خاص,مختلطة,رياق - السنتارل - شارع العام مختمطة,,,
2758,الميسيو ايديال رياق,زحلة القضاء,خاص غير مجاني,خاص,مختلطة,رياق - المشفى - شارع العام مختمطة,,,
4368,ثانوية الحكمة الدولية,زحلة القضاء,خاص غير مجاني,خاص,مختلطة,,,,
7568,مدرسة االندلس,زحلة القضاء,خاص غير مجاني,خاص,مختلطة,بارلياس - شارع بر الياس مختمطة,,,
3668,ليبانيل انترناشونال كولدج,زحلة القضاء,خاص غير مجاني,خاص,مختلطة,,,,
0178,بارعم الروضة,زحلة القضاء,خاص غير مجاني,خاص,مختلطة,,,,
8178,مدرسة مجدل عنجر,زحلة القضاء,خاص غير مجاني,خاص,مختلطة,مجدل عنجر - المسيل - شارع المسيل مختمطة,,,
0278,مدرسة الطمياني,زحلة القضاء,خاص غير مجاني,خاص,مختلطة,بارلياس - سيم الحجر مختمطة,,,
8678,مدرسة اجيال المواىب,زحلة القضاء,خاص غير مجاني,خاص,مختلطة,,,,
0978,الثانوية الوطنية المبنانية,زحلة القضاء,خاص غير مجاني,خاص,مختلطة,,,,
5978,المدرسة االكاديمية العالمية لمعموم,زحلة القضاء,خاص غير مجاني,خاص,مختلطة,عمي النيري - شارع العام مختمطة,,,
1588,ماجدة صالح,زحلة القضاء,خاص غير مجاني,خاص,مختلطة,,,,
0788,جينيوس كيدس سكول loohcS sdik suineG,زحلة القضاء,خاص غير مجاني,خاص,مختلطة,,,,
8577,المستقبل,الهرمل,خاص غير مجاني,خاص,مختلطة,اليرمل - المعالي مختمطة,,,
1677,جمعيةالمبارت الخيرية ثانويةاالمام الباقر(ع),الهرمل,خاص غير مجاني,خاص,مختلطة,اليرمل - المعالي مختمطة,,,
2908,مدرسة البارعم المتوسطة,الهرمل,خاص غير مجاني,خاص,مختلطة,اليرمل - المعالي مختمطة,79710280,خاص,فرنسية+إنكليزية
4488,عقول حرة,الهرمل,خاص غير مجاني,خاص,مختلطة,اليرمل - الحارة مختمطة,,,
7488,صاناريز esirnus,الهرمل,خاص غير مجاني,خاص,مختلطة,اليرمل - الدورة - شارع السيد عباس الموسوي مختمطة 1,,,
4677,التجييز المبنانية التكميمية,بعلبك,خاص غير مجاني,خاص,مختلطة,اميز - شارع العام مختمطة,99898330,خاص,فرنسية+فرنسية
6677,المدرسة المبنانية الحديثة,بعلبك,خاص غير مجاني,خاص,مختلطة,عرسال - ارس السرج - شارع البابين مختمطة,,,
9677,متوسطة التربية الحديثة,بعلبك,خاص غير مجاني,خاص,مختلطة,العين - حقل العضام مختمطة,95052380,خاص,فرنسية+فرنسية
4777,سيدة البقاع - القاع,بعلبك,خاص غير مجاني,خاص,مختلطة,القاع - شارع ماارلياس مختمطة,,,
5777,الفجر النموذجية,بعلبك,خاص غير مجاني,خاص,مختلطة,شعت - شارع العام مختمطة 3 6,,,
8777,المدرسة الحديثة,بعلبك,خاص غير مجاني,خاص,مختلطة,بعمبك - الشيخ حبيب - شارع الشيخ حبيب مختمطة,,,
9777,التكميمية لارىبات القمبين االقدسين,بعلبك,خاص غير مجاني,خاص,مختلطة,الفاكية - مار جرجس مختمطة 3 01,39452380,خاص,
1877,ثانوية االدباء,بعلبك,خاص غير مجاني,خاص,مختلطة,بعمبك - المتربة - شارع حي الصمح/وادي السيل مختمطة,,,
5877,االمام الميدي (ع),بعلبك,خاص غير مجاني,خاص,مختلطة,,,,
1977,ثانوية خميل مطارن االسقفية بإدارة ارىبات القمبين االقدسين,بعلبك,خاص غير مجاني,خاص,مختلطة,بعمبك - 0 - شارع 0 مختمطة,55517380,خاص,فرنسية+إنكليزية
6977,ثانوية الحكمة بعمبك,بعلبك,خاص غير مجاني,خاص,مختلطة,,,,
7977,"غرين سكول""المدرسة الخضارء""",بعلبك,خاص غير مجاني,خاص,مختلطة,دورس - االخضر - شارع التعاضد مختمطة 2 9,,,
8977,مدينة الشمس,بعلبك,خاص غير مجاني,خاص,مختلطة,ايعات - مدرسة ىيمو بولس - شارع المنطرة مختمطة,,,
9977,مانر سكول,بعلبك,خاص غير مجاني,خاص,مختلطة,عين بورضاي - البياض - شارع الطيبة مختمطة 5 12,,,
1087,عمي وىبي شمسطار,بعلبك,خاص غير مجاني,خاص,مختلطة,شمسطار - حقل العميقة - شارع شمسطار /طاريا مختمطة,,,
4087,ثانوية المرتضى,بعلبك,خاص غير مجاني,خاص,مختلطة,بوداي - بعمبك-بوداي - شارع العام مختمطة,,,
6087,مركز البقاع التربوي,بعلبك,خاص غير مجاني,خاص,مختلطة,سرعين التحتا - الطريق العام - شارع زحمة /بعمبك مختمطة,,,
9087,ثانوية االيمان,بعلبك,خاص غير مجاني,خاص,مختلطة,,,,
1187,الثانوية الجعفرية,بعلبك,خاص غير مجاني,خاص,مختلطة,قصرنبا - شارع العام مختمطة 2,,,
6187,متوسطة الباسل,بعلبك,خاص غير مجاني,خاص,مختلطة,بعمبك - الشارونة مختمطة 1 3,04157380,خاص,
0308,ماري دومنيك الثانوية,بعلبك,خاص غير مجاني,خاص,مختلطة,,,,
3308,مدارس الميدي / البازلية,بعلبك,خاص غير مجاني,خاص,مختلطة,,,,
9808,مدرسة المنار الحديثة,بعلبك,خاص غير مجاني,خاص,مختلطة,بعمبك - السيار - شارع العام مختمطة,,,
0618,االمام المنتظر (عج) / بريتال,بعلبك,خاص غير مجاني,خاص,مختلطة,,,,
9818,التكميمية الوطنية المارونية,بعلبك,خاص غير مجاني,خاص,مختلطة,بعمبك - السيار - شارع كميل شمعون مختمطة 3 2,42813830,خاص,فرنسية+فرنسية
0918,النور - عرسال,بعلبك,خاص غير مجاني,خاص,مختلطة,عرسال - الجنوبي مختمطة,,,
9128,مدرسة المبلذ المتوسطة - عرسال,بعلبك,خاص غير مجاني,خاص,مختلطة,عرسال - الجنوبي - شارع المعيصرة مختمطة 1,,,
1038,مدرسة االمام الكاظم,بعلبك,خاص غير مجاني,خاص,مختلطة,النبي شيت - قرب مبرة اإلمام الحسين - شارع العام مختمطة,,,
1438,ثانوية المصطفى (ص) التربوية,بعلبك,خاص غير مجاني,خاص,مختلطة,العين - 0 - شارع 0 مختمطة,73352380,,
3248,سيد األوصياء,بعلبك,خاص غير مجاني,خاص,مختلطة,يونين - الغيضة - شارع العام مختمطة,,,
0348,بعمبك الخاصة,بعلبك,خاص غير مجاني,خاص,مختلطة,بعمبك - المقيس - شارع آل الصمح مختمطة,,,
1548,ثانوية اإليمان,بعلبك,خاص غير مجاني,خاص,مختلطة,,,,
4748,نور الزىارء - بعمبك,بعلبك,خاص غير مجاني,خاص,مختلطة,حدث بعمبك - 0 - شارع السفري - مفرق الخضر مختمطة,,,
5748,ثانوية القائم,بعلبك,خاص غير مجاني,خاص,مختلطة,بريتال - بريتال / السيل - شارع سرعين مختمطة 1 2,,,
0058,ثانوية االمام الحسن (ع),بعلبك,خاص غير مجاني,خاص,مختلطة,بريتال - شارع العام مختمطة,,,
5458,المستقبل الواعد,بعلبك,خاص غير مجاني,خاص,مختلطة,عرسال - وادي االرنب - شارع العام مختمطة,80804280,خاص,
5758,مدرسة بعمبك األىمية,بعلبك,خاص غير مجاني,خاص,مختلطة,بعمبك - الشيخ حبيب - شارع الشيخ حبيب مختمطة,,,
1168,متوسطة السيدة البرج-دير االحمر لارىبات العائمة المقدسة المار,بعلبك,خاص غير مجاني,خاص,مختلطة,,01402380,خاص,
6368,نيو غموبال سكول,بعلبك,خاص غير مجاني,خاص,مختلطة,حوش الارفقة - العام مختمطة 3,,,
7468,مودرن انترناشيونال سكول,بعلبك,خاص غير مجاني,خاص,مختلطة,بعمبك - شارع بعمبك مختمطة,,,
3568,مدرسة النيضة العممية,بعلبك,خاص غير مجاني,خاص,مختلطة,عرسال - وادي الحصن مختمطة 1 1,74404280,خاص,
0668,ثانوية المارم,بعلبك,خاص غير مجاني,خاص,مختلطة,حوش سنيد - شارع حوش سنيد مختمطة,,,
2968,مدرسة روضة طيور الجنة,بعلبك,خاص غير مجاني,خاص,مختلطة,بعمبك (م) - الصمح - شارع الصمح مختمطة,,,
4378,النيضة,بعلبك,خاص غير مجاني,خاص,مختلطة,,,,
3478,ثانوية القمم,بعلبك,خاص غير مجاني,خاص,مختلطة,بعمبك - وادي السيل - شارع آل المقيس مختمطة,,,
2878,مدرسة االكمديمية الكندية,بعلبك,خاص غير مجاني,خاص,مختلطة,,,,
5878,ايديال سكول,بعلبك,خاص غير مجاني,خاص,مختلطة,شمسطار - شارع أرس البياضو مختمطة,,,
1388,دار الحنان الجديدة,بعلبك,خاص غير مجاني,خاص,مختلطة,,78617380,خاص,
1488,مدرسة الزيتونة,بعلبك,خاص غير مجاني,خاص,مختلطة,,,,
0688,ثانوية التميز العممي,بعلبك,خاص غير مجاني,خاص,مختلطة,بعمبك - الصمح - شارع الصمح مختمطة,,,
1888,مدرسة اجيال السبلم سكول,بعلبك,خاص غير مجاني,خاص,مختلطة,,,,
9888,ثانوية االجيال الحديثة,بعلبك,خاص غير مجاني,خاص,مختلطة,,,,
7187,مركز عمر المختار التربوي,البق اع الغربي,خاص غير مجاني,خاص,مختلطة,الخيارة - شارع العام مختمطة,,,
9187,الثناء,البق اع الغربي,خاص غير مجاني,خاص,مختلطة,جب جنين - شارع التحرير مختمطة,,,
3287,تكميمية ارىبات القمبين االقدسين,البق اع الغربي,خاص غير مجاني,خاص,مختلطة,مشغرة - شارع العام مختمطة,88105680,خاص,فرنسية+إنكليزية
5287,مؤسسة اسعد عبود الخيرية,البق اع الغربي,خاص غير مجاني,خاص,مختلطة,عيتنيت - شارع العام مختمطة,,,
6287,ثانوية المخمص,البق اع الغربي,خاص غير مجاني,خاص,مختلطة,صغبين - الساحة - شارع العام مختمطة,39407680,خاص,
7287,يوحنا لودفيك شنمر,البق اع الغربي,خاص غير مجاني,خاص,مختلطة,خربة قنافار - شارع العام مختمطة,,,
9287,سبيل الرشاد,البق اع الغربي,خاص غير مجاني,خاص,مختلطة,,,,
0408,تكميمية المقاصد الخيرية االسبلمية,البق اع الغربي,خاص غير مجاني,خاص,مختلطة,,,,
2408,مركز االبارر التربوي,البق اع الغربي,خاص غير مجاني,خاص,مختلطة,,,,
7918,االمام الحسين المتوسطة,البق اع الغربي,خاص غير مجاني,خاص,مختلطة,,09353680,خاص,
6668,ثانوية الثقافة االسبلمية,البق اع الغربي,خاص غير مجاني,خاص,مختلطة,,,,
7768,مدرسة غرين وود,البق اع الغربي,خاص غير مجاني,خاص,مختلطة,المرج - شارع العام مختمطة 1 2,,,
1078,مدرسة المعونة الدائمة,البق اع الغربي,خاص غير مجاني,خاص,مختلطة,,04236680,,
0387,حارة الشرفة المتوسطة,راشيا,خاص غير مجاني,خاص,مختلطة,ارشيا الوادي - الميدان - شارع الشرفة مختمطة,,,
3387,ثانوية الوادي االزىر,راشيا,خاص غير مجاني,خاص,مختلطة,ارشيا الوادي - عين الحور - شارع مدخل ارشيا مختمطة,,,
1218,مركز صبلح الدين التربوي,راشيا,خاص غير مجاني,خاص,مختلطة,خربة روحا - شارع طريق عام بمدة مدوخا مختمطة,,,
3048,المبنانية العالمية في ارشيا,راشيا,خاص غير مجاني,خاص,مختلطة,ارشيا الوادي - شارع طريق عام ارشيا حاصبيا مختمطة,,,
2858,مدرسة دار الحياة,راشيا,خاص غير مجاني,خاص,مختلطة,ضير االحمر - خمف مستشفى بحمد - شارع 0 مختمطة 1 5,,,
7668,مدرسة البيان و البنيان,راشيا,خاص غير مجاني,خاص,مختلطة,مدوخا - شارع العام مختمطة,,,
5278,مجمع فيصل التربوي,راشيا,خاص غير مجاني,خاص,مختلطة,,,,
7378,مركز الشباب البقاعي التربوي,راشيا,خاص غير مجاني,خاص,مختلطة,,,,
7387,ثانوية االتحاد الوطني,صيدا المدينة,خاص غير مجاني,خاص,مختلطة,صيدا (م) - الدكرمان - شارع القدس مختمطة,,,
9387,ثانوية ارىبات مار يوسف الظيور,صيدا المدينة,خاص غير مجاني,خاص,مختلطة,الشارع - الدكرمان - شارع رياض الصمح مختمطة,,,
2487,ثانوية القمعة,صيدا المدينة,خاص غير مجاني,خاص,مختلطة,الشارع - الدكرمان - شارع معروف سعد مختمطة,,,
4487,ثانوية المقاصد االسبلمية,صيدا المدينة,خاص غير مجاني,خاص,مختلطة,الشارع - رجال االربعين - شارع ضير المير مختمطة,,,
5487,ثانوية رفيق الحريري,صيدا المدينة,خاص غير مجاني,خاص,مختلطة,مكسارلعبد - مكسر العبد - شارع الكنيسات مختمطة 06 39,,,
6487,االيمان النموذجية,صيدا المدينة,خاص غير مجاني,خاص,مختلطة,الشارع - الوسطاني - شارع بستان الكبير مختمطة,58592770,خاص,
7487,االيمان الحديثة,صيدا المدينة,خاص غير مجاني,خاص,مختلطة,الشارع - الوسطاني - شارع بستان الكبير مختمطة 01 54,,,
7797,الحاج بياء الدين الحريري,صيدا المدينة,خاص غير مجاني,خاص,مختلطة,الشارع - الدكرمان - شارع الحسبو الجديدة مختمطة,,,
8487,ثانوية السيدة لمارىبات المخمصيات,صيدا الضواحي,خاص غير مجاني,خاص,مختلطة,,,,
5587,الفنون االنجيمية الوطنية-صيدا ق.ظ.,صيدا الضواحي,خاص غير مجاني,خاص,مختلطة,المية ومية - عين الحموة - شارع فؤاد شياب مختمطة,,,
8797,مار الياس - درب السيم,صيدا الضواحي,خاص غير مجاني,خاص,مختلطة,درب السيم - القاطع - شارع القاطع مختمطة,,,
0897,مدارس الميدي,صيدا الضواحي,خاص غير مجاني,خاص,مختلطة,الغازية - ضيور الغازية مختمطة,,,
1897,ثانوية حسام الدين الحريري,صيدا الضواحي,خاص غير مجاني,خاص,مختلطة,بقسطا - شارع شرحبيل بن حسنة مختمطة 26 501,,,
8608,مدرسة السفير,صيدا الضواحي,خاص غير مجاني,خاص,مختلطة,الغازية - السفير - شارع السفير مختمطة,,,
5628,ثانوية االستجابة,صيدا الضواحي,خاص غير مجاني,خاص,مختلطة,المية ومية - المقبرة الجديدة - شارع الطريق العام مختمطة 4 02,,,
3438,ثانوية صيدا انترناشيونال سكول,صيدا الضواحي,خاص غير مجاني,خاص,مختلطة,عين الدلب - القاطع - شارع طريق جباع مختمطة,,,
2448,ثانوية الفرقان,صيدا الضواحي,خاص غير مجاني,خاص,مختلطة,القرية - المغارة مختمطة,,,
1378,ثانوية لبنان الدولية,صيدا الضواحي,خاص غير مجاني,خاص,مختلطة,عين الدلب - القاطع - شارع العام مختمطة,,,
9587,ثانوية سيدة مغدوشة,صيدا القضاء,خاص غير مجاني,خاص,مختلطة,مغدوشة - السيدة - شارع العام مختمطة,,,
4687,تكميمية زىرة العموم,صيدا القضاء,خاص غير مجاني,خاص,مختلطة,المروانية - شارع البركة مختمطة,,,
8687,متوسطو التكامل,صيدا القضاء,خاص غير مجاني,خاص,مختلطة,,,,
1787,الصرفند المتطورة,صيدا القضاء,خاص غير مجاني,خاص,مختلطة,الصرفند - خيزارن مختمطة,,,
2787,ثانوية االمام عمي لمتربية والتعميم,صيدا القضاء,خاص غير مجاني,خاص,مختلطة,الصرفند - عين القنطرة - شارع عام صيدا صور مختمطة 1 3,,,
4787,ثانوية الشييد مصطفى شمارن,صيدا القضاء,خاص غير مجاني,خاص,مختلطة,البيسارية - المشاع مختمطة,,,
7787,ثانوية الشعمة-ق.ظ,صيدا القضاء,خاص غير مجاني,خاص,مختلطة,الزاررية - الوطى - شارع العام مختمطة 1 2,57778230,خاص,
8787,مدرسة الكارمة,صيدا القضاء,خاص غير مجاني,خاص,مختلطة,الزاررية - البص - شارع العام مختمطة,,,
5897,التأىيل التربوي,صيدا القضاء,خاص غير مجاني,خاص,مختلطة,الصرفند - ضيور الصرفند مختمطة,,,
3338,ليسو الزىارني,صيدا القضاء,خاص غير مجاني,خاص,مختلطة,ارزي - الجامع - شارع العام مختمطة,,,
7068,مدرسة لوى لبلمتياز,صيدا القضاء,خاص غير مجاني,خاص,مختلطة,الصرفند - ضيور الصرفند مختمطة,,,
4468,مدرسة آدم أكاديمي سكول,صيدا القضاء,خاص غير مجاني,خاص,مختلطة,عدلون - الساحة العامة - شارع عدلون مختمطة 1,,,
8468,نور اإليمان,صيدا القضاء,خاص غير مجاني,خاص,مختلطة,قعقعية الصنوبر - الشييد نازر الجواد - شارع قاقعية الصنوبر مختمطة,,,
1688,قاسريم كولدج,صيدا القضاء,خاص غير مجاني,خاص,مختلطة,,,,
2587,صيدون الوطنية (ق.ظ),جزين,خاص غير مجاني,خاص,مختلطة,محاربية - المحاربية - شارع المحاربية مختمطة,,,
2887,تكميمية القمبين االقدسين,جزين,خاص غير مجاني,خاص,مختلطة,جزين - شارع القرقفي مختمطة,38608770,خاص,فرنسية+فرنسية
8578,مركز لبعا,جزين,خاص غير مجاني,خاص,مختلطة,,,,
1297,االنجيمية المبنانية,صور,خاص غير مجاني,خاص,مختلطة,صور - حي الرمل - شارع شارع اإلنجيمية مختمطة,,,
3297,رحاب الزىارء قسم الروضات,صور,خاص غير مجاني,خاص,مختلطة,صور - الرمل - شارع االستارحة مختمطة,43774370,خاص,
6297,االتحاد االبتدائية,صور,خاص غير مجاني,خاص,مختلطة,صور - الرمل - شارع االستارحة مختمطة,,,
0397,جبل عامل,صور,خاص غير مجاني,خاص,,برج الشمالي - المؤسسة - شارع الشييد حسن قصير لمبنين,,,
1397,االنكميزية العالمية,صور,خاص غير مجاني,خاص,مختلطة,برج الشمالي - محطة االسارء - شارع عام مختمطة 4 7,,,
4397,ثانوية الشييد محمد سعد,صور,خاص غير مجاني,خاص,مختلطة,العباسية - شارع طريق عام برج رحال مختمطة 31 92,,,
5397,العاممية الجنوبية المتوسطة,صور,خاص غير مجاني,خاص,مختلطة,,00208370,خاص,
1497,الميسية باستور,صور,خاص غير مجاني,خاص,مختلطة,جويا - البيدر - شارع البيدر مختمطة,,,
4497,الثانوية العممية الحديثة,صور,خاص غير مجاني,خاص,مختلطة,معركة - اإلزحا - شارع داخمي مختمطة,,,
8497,ثانوية اجيال المستقبل,صور,خاص غير مجاني,خاص,مختلطة,,,,
1597,ثانوية المصطفى (ص)صور,صور,خاص غير مجاني,خاص,مختلطة,عين بعال - الحوش - شارع العام مختمطة,,,
2597,ليسو حناوية,صور,خاص غير مجاني,خاص,مختلطة,حناوية - شارع العام مختمطة 32 611,,,
3597,العائمة المقدسة لارىبات العائمة المقدسة المارونيات,صور,خاص غير مجاني,خاص,مختلطة,عمما الشعب - شارع السيدة مختمطة,,,
9608,ايميت,صور,خاص غير مجاني,خاص,مختلطة,العباسية - شارع جل البحر مختمطة,,,
0118,مدرسة الميدي (عج) - صور,صور,خاص غير مجاني,خاص,مختلطة,العباسية - تاج الدين - شارع مفرق معركة مختمطة,,,
8028,ثانوية الزىارء,صور,خاص غير مجاني,خاص,مختلطة,برج الشمالي - امؤسسة - شارع الداخمي مختمطة,,,
4038,ثانوية االمجاد المبنانية,صور,خاص غير مجاني,خاص,مختلطة,برج الشمالي - االمجاد مختمطة 4 5,,,
6038,مدرسة الميادين الدولية,صور,خاص غير مجاني,خاص,مختلطة,البازورية - شارع الرئيسي مختمطة,,,
7738,القسطل النموذجيو المختمطة,صور,خاص غير مجاني,خاص,مختلطة,العباسية - الرز - شارع العام مختمطة 1,,,
8848,ثانوية ستارز كولدج,صور,خاص غير مجاني,خاص,مختلطة,العباسية - ايميت مختمطة,,,
4358,ثانوية قانا الجميل الخاصة,صور,خاص غير مجاني,خاص,مختلطة,قانا - الحافور مختمطة,,,
7558,ثانوية السارج-يانوح,صور,خاص غير مجاني,خاص,مختلطة,يانوح - عام - شارع عام مختمطة,,,
8068,الحسين بن عمي,صور,خاص غير مجاني,خاص,مختلطة,,,,
7268,ثانوية السارج صديقين,صور,خاص غير مجاني,خاص,مختلطة,صديقين - البيارة - شارع طريق عام صديقين جبال البطم مختمطة 6 12,,,
3078,الثانوية االكادمية- الحوش,صور,خاص غير مجاني,خاص,مختلطة,,,,
6078,ثانوية تيروس,صور,خاص غير مجاني,خاص,مختلطة,العباسية - جل البحر - شارع العام مختمطة 6,,,
9278,االكادمية الحديثة لمتعميم,صور,خاص غير مجاني,خاص,مختلطة,,,,
9778,أم.اي.اس.(ماسترز انترناشونال سكول),صور,خاص غير مجاني,خاص,مختلطة,جناتا - خربة عاصي - شارع المرج مختمطة,,,
3688,ثانوية الرواد,صور,خاص غير مجاني,خاص,مختلطة,معركة - شارع العام مختمطة,,,
5887,حبوش الدولية,النبطية,خاص غير مجاني,خاص,مختلطة,حبوش - المدرسة الدولية - شارع طريق عام حبوش عربصاليم مختمطة,,,
7887,االنجيمية الوطنية في النبطية,النبطية,خاص غير مجاني,خاص,مختلطة,النبطية - الميدان - شارع مرجعيون مختمطة,,,
9887,ثانوية السيدة لمارىبات االنطونيات,النبطية,خاص غير مجاني,خاص,مختلطة,النبطية - الارىبات - شارع خمة اليوا مختمطة,,,
2987,لبنان الجديد,النبطية,خاص غير مجاني,خاص,مختلطة,حاروف - الثغرة - شارع متفرع من الشارع العام مختمطة,,,
4987,متوسطة االخاء المبناني,النبطية,خاص غير مجاني,خاص,مختلطة,جبشيت - الكفعمي - شارع الحقولة مختمطة 2 2,75101570,خاص,فرنسية+إنكليزية
5987,ثانوية التربية والتعميم,النبطية,خاص غير مجاني,خاص,مختلطة,الدوير - البطحة - شارع العام مختمطة,,,
6987,االمام الميدي-الشرقية,النبطية,خاص غير مجاني,خاص,مختلطة,الشرقية - الكسارة - شارع داخمي مختمطة 52 47,,,
9987,ايميسا - القصيبو,النبطية,خاص غير مجاني,خاص,مختلطة,القصيبة - الحوطو - شارع العام مختمطة,,,
9897,الميدي,النبطية,خاص غير مجاني,خاص,مختلطة,كفرفيبل - خارج البمدة البريكة مختمطة,,,
0808,الميسيو مونديال النموذجية,النبطية,خاص غير مجاني,خاص,مختلطة,النبطية - كسار زعيتر - شارع زبدين مختمطة,,,
8018,مدرسة النخبة العاممية,النبطية,خاص غير مجاني,خاص,مختلطة,النبطية - جل الزيتونة - شارع قرب مركز كامل يوسف جابر الثقاف مختمطة,,,
0318,متوسطة الوفاء المبناني / جبشيت,النبطية,خاص غير مجاني,خاص,مختلطة,جبشيت - الخمة - شارع العام /جبشيت /عدشيت مختمطة 1 3,,,
2318,ثانوية النيضة,النبطية,خاص غير مجاني,خاص,مختلطة,,,,
3318,ثانوية الرحمة,النبطية,خاص غير مجاني,خاص,مختلطة,,,,
6628,ثانوية آالفاق,النبطية,خاص غير مجاني,خاص,مختلطة,كفرصير - الجوبيا - شارع الشبلل مختمطة,,,
9038,مدرسة السيدة زينب المتوسطة,النبطية,خاص غير مجاني,خاص,مختلطة,حاروف - الوادي - شارع العام مختمطة,06501570,خاص,فرنسية+إنكليزية
8738,متوسطة زين العابدين,النبطية,خاص غير مجاني,خاص,مختلطة,القصيبة - القمع - شارع العام مختمطة,97836730,خاص,
7748,العموم االكاديمية المتخصصة,النبطية,خاص غير مجاني,خاص,مختلطة,زبدين - خمة الميدي - شارع العام مختمطة,,,
1058,مدرسة عيون البارءة,النبطية,خاص غير مجاني,خاص,مختلطة,زبدين - المدارس - شارع مدرسة زبدين الرسمية مختمطة 5,,,
5058,الثانوية االكاديمية - تول,النبطية,خاص غير مجاني,خاص,مختلطة,تول - 0 - شارع مقابل مؤسسة امل التربوية مختمطة,,,
6558,االكاديمية الكندية المبنانية المميزة,النبطية,خاص غير مجاني,خاص,مختلطة,النبطية - المرج - شارع الجامعات مختمطة 1 31,,,
3958,مدرسة النور الشرقية,النبطية,خاص غير مجاني,خاص,مختلطة,,,,
2868,ثانوية الميادين كولدج,النبطية,خاص غير مجاني,خاص,مختلطة,دير الزىارني - شارع الشريفة مختمطة,,,
7878,مدرسة النبطية ىاي سكول,النبطية,خاص غير مجاني,خاص,مختلطة,النبطية - جل الزيتون - شارع شارع مركز كامل يوسف جابر مختمطة,,,
9878,النور مودرن ىاي سكول,النبطية,خاص غير مجاني,خاص,مختلطة,,,,
2088,مدرسة الثانوية الدولية,النبطية,خاص غير مجاني,خاص,مختلطة,قعقعية الجسر - الفيبلت مختمطة,,,
8488,ثانوية الحكمة النموزجية,النبطية,خاص غير مجاني,خاص,مختلطة,كفرتبنيت - مركز الشؤؤن - شارع العام مختمطة,,,
3588,جينيوس ىاي سكول,النبطية,خاص غير مجاني,خاص,مختلطة,حبوش - السيار - شارع السيار مختمطة,,,
5788,ثانوية انترناشونال اي سكول,النبطية,خاص غير مجاني,خاص,مختلطة,,,,
6597,البارعم الجنوبية,بنت جبيل,خاص غير مجاني,خاص,مختلطة,تبنين - تحتاني - شارع فرعي مختمطة,58152370,خاص,فرنسية+إنكليزية
8597,الفرح النموذجية,بنت جبيل,خاص غير مجاني,خاص,مختلطة,,,,
2697,الحياة مودرن سكول,بنت جبيل,خاص غير مجاني,خاص,مختلطة,,,,
4697,مار يوسف الثانوية,بنت جبيل,خاص غير مجاني,خاص,مختلطة,عين ابل - الدير - شارع العام مختمطة,,,
5697,مار يوسف لمارىبات االنطونيات,بنت جبيل,خاص غير مجاني,خاص,مختلطة,دبل - شارع مار يوسف مختمطة 4 1,36056470,خاص,فرنسية+إنكليزية
5997,االمام الميدي,بنت جبيل,خاص غير مجاني,خاص,مختلطة,الجميجمة - عين المزارب - شارع عين الخانوق مختمطة,,,
3808,ثانوية الصداقة,بنت جبيل,خاص غير مجاني,خاص,مختلطة,حاريص - الساحة العامة - شارع العام مختمطة 71,,,
5418,ثانوية مجمع التحرير,بنت جبيل,خاص غير مجاني,خاص,مختلطة,,,,
0138,مدارس االمام الميدي - بنت جبيل,بنت جبيل,خاص غير مجاني,خاص,مختلطة,بنت جبيل - صف اليوا مختمطة,,,
4648,مدرسة البارعم,بنت جبيل,خاص غير مجاني,خاص,مختلطة,تبنين - الكاشف - شارع طريق عام تبنين مختمطة,,,
6058,مدرسة الرضا,بنت جبيل,خاص غير مجاني,خاص,مختلطة,عيتا الشعب - شارع العام مختمطة,,,
2068,مدرسة متوسطة الطميعة الوطنية,بنت جبيل,خاص غير مجاني,خاص,مختلطة,,,,
2168,مدرسة الشروق الحديثة,بنت جبيل,خاص غير مجاني,خاص,مختلطة,عيتا الشعب - ابو طويل - شارع العام مختمطة,,,
5078,تبنين مودرن سكول,بنت جبيل,خاص غير مجاني,خاص,مختلطة,تبنين - شارع تبنبن -بنت جبيل مختمطة 6,,,
6878,مدرسة نور الميدي,بنت جبيل,خاص غير مجاني,خاص,مختلطة,برعشيت - اليوة - شارع العام مختمطة,,,
3097,ثانوية االرز النموذجية,حاصبيا,خاص غير مجاني,خاص,مختلطة,حاصبيا - شارع العام مختمطة,,,
7097,المبنانية الحديثة,حاصبيا,خاص غير مجاني,خاص,مختلطة,حاصبيا - السواد - شارع منطقة ابو قمحة مختمطة,,,
3708,مدرسة دار الحكمة الخاصة,حاصبيا,خاص غير مجاني,خاص,مختلطة,الكفير - مفرق الخموات - شارع العام مختمطة,,,
1848,مدرسة االيمان في العرقوب,حاصبيا,خاص غير مجاني,خاص,مختلطة,اليبارية - النعص - شارع كفرحمام-اليبارية مختمطة,,,
3058,مدرسة المستقبل,حاصبيا,خاص غير مجاني,خاص,مختلطة,حاصبيا - العين - شارع العام مختمطة 1 5,,,
0588,روضة المبلئكة,حاصبيا,خاص غير مجاني,خاص,مختلطة,حاصبيا - الفوقاني - شارع الرئيسي مختمطة,,,
9097,مرجعيون الوطنية,مرجعيون,خاص غير مجاني,خاص,مختلطة,جديدة مرجعيون - القمعة - شارع التكنة مختمطة,,,
1197,االرثوذكسية المتوسطة,مرجعيون,خاص غير مجاني,خاص,مختلطة,جديدة مرجعيون - المدارس مختمطة,,,
8197,ثانوية الطيبة االىمية,مرجعيون,خاص غير مجاني,خاص,مختلطة,,,,
8448,ثانوية جبل عامل,مرجعيون,خاص غير مجاني,خاص,مختلطة,حوال - الصوان - شارع العام مختمطة,,,
2078,سيتي انترناشيونال كولدج,مرجعيون,خاص غير مجاني,خاص,مختلطة,الطيبة - حي العين - شارع حي العين مختمطة,,,
5288,غارند ىيمز كولدج,مرجعيون,خاص غير مجاني,خاص,مختلطة,كفركبل - البمدية - شارع المسيل مختمطة,,,
1059,أرس العين األبتدائية والمتوسطة,بيروت الثانية,خاص غير مجاني,خاص,مختلطة,طريق الجديدة - مخيم صبار - شارع العام مختمطة,,,
5059,ارم اهلل اإلبتدائية المختمطة,بيروت الثانية,خاص غير مجاني,خاص,مختلطة,طريق الجديدة - مخيم شاتيبل - شارع العام مختمطة,93383067,خاص,
7059,الكابري الئلبتدائية المختمطة,بيروت الثانية,خاص غير مجاني,خاص,مختلطة,ماارلياس - مخيم مار الياس - شارع العام مختمطة,,,
9059,البيرة اإلبتدائية المختمطة,ضواحي بيروت القريبة الجنوبية,خاص غير مجاني,خاص,مختلطة,برج البارجنة - الحموي - شارع جمال عبد الناصر مختمطة,,,
4159,جالود المتوسطة لمبنات,ضواحي بيروت القريبة الجنوبية,خاص غير مجاني,خاص,,برج البارجنة - عين السكة - شارع الظريف لمبنات,80905410,خاص,
2159,الكارمة المتوسطة المختمطة,ضواحي بيروت البعيدة الشوف,خاص غير مجاني,خاص,مختلطة,الناعمة - المارح - شارع العام/الجندي الشييد مختمطة,,,
6159,ثانوية بيت جاال,الشوف,خاص غير مجاني,خاص,مختلطة,سبمين - شارع سبمين العام مختمطة,,,
0259,رفح المتوسطة المختمطة,طرابلس المدينة,خاص غير مجاني,خاص,مختلطة,الميناء - 0 - شارع 0 مختمطة,,,
3259,كوكب اإلبتدائية لمبنين,طرابلس الضواحي,خاص غير مجاني,خاص,,"البداوي - مخيم البداوي - شارع المدارس, مقابل محطة سرحان لمبنين",07680117,خاص,
5259,مجدو المتوسطة لمبنبن,طرابلس الضواحي,خاص غير مجاني,خاص,,البداوي - مخيم البداوي - شارع المدارس لمبنين,,,
8259,الرممة المتوسطة لمبنات والبنين,طرابلس الضواحي,خاص غير مجاني,خاص,مختلطة,البداوي - مخيم البداوي - شارع المدارس مختمطة,86774670,خاص,فرنسية+فرنسية
0359,ثانوية الناصرة المختمطة,طرابلس الضواحي,خاص غير مجاني,خاص,مختلطة,البداوي - مخيم البداوي - شارع المدارس مختمطة,98089130,خاص,
1359,ثانوية عمقا المختمطة,عكار,خاص غير مجاني,خاص,مختلطة,نير البارد - مخيم نير البارد - شارع المدارس مختمطة,23876417,خاص,
5359,المنارة االبتدائية المختمطة,عكار,خاص غير مجاني,خاص,مختلطة,نير البارد - مخيم نير البارد - شارع المدارس لمبنين,08590007,خاص,
7359,جبل طابور المتوسطة لمبنين,عكار,خاص غير مجاني,خاص,,نير البارد - مخيم نير البارد - شارع البحر لمبنين,,,
9359,عين كارم المتوسطة المختمطة,عكار,خاص غير مجاني,خاص,مختلطة,نير البارد - 0 - شارع البحر مختمطة,,,
2459,جفنة االبتدائية,زحلة الضواحي,خاص غير مجاني,خاص,مختلطة,تعمبايا - عين الزىور - شارع العين مختمطة,42860580,خاص,
4459,وادي الحوارث المتوسطة,زحلة القضاء,خاص غير مجاني,خاص,مختلطة,بارلياس - المغاسل مختمطة,,,
1459,ثانوية القسطل المختمطة,بعلبك,خاص غير مجاني,خاص,مختلطة,بعمبك - مخيم ويفل - شارع كميل شمعون مختمطة,,,
0559,عكا االبتدائية المختمطة,صيدا المدينة,خاص غير مجاني,خاص,مختلطة,صيدا (م) - باب الساري - شارع باب الساري مختمطة,72143770,خاص,
4559,مدرسة نابمس المتوسطة لمبنات,صيدا المدينة,خاص غير مجاني,خاص,,صيدا (م) - الدكرمان - شارع الست نفيسة لمبنات,,,
6559,الصخرة المتوسطة المختمطة,صيدا المدينة,خاص غير مجاني,خاص,مختلطة,سيروب - النبعة - شارع سيروب مختمطة,,,
7559,دير القاسي اإلبتدائية و المتوسطة,صيدا الضواحي,خاص غير مجاني,خاص,مختلطة,المية ومية - النبعة - شارع سيروب مختمطة,,,
2659,قبية المتوسطة لمبنات,صيدا الضواحي,خاص غير مجاني,خاص,,,,,
4659,حطين االبتدائية والمتوسطة لمبنين,صيدا الضواحي,خاص غير مجاني,خاص,,عين الحموة - مخيم عين الحموه - شارع العام لمبنين,,,
6659,السموع االبتدائية والمتوسطة لمبنين,صيدا الضواحي,خاص غير مجاني,خاص,,عين الحموة - مخيم عين الحموه - شارع الفوقاني لمبنين,,,
7659,صفد االبتدائية لمبنين,صيدا الضواحي,خاص غير مجاني,خاص,,عين الحموة - مخيم عين الحموه - شارع العام لمبنين 4 31,,,
8659,عسقبلن اإلبتدائية والمتوسطة المختمطة,صيدا الضواحي,خاص غير مجاني,خاص,مختلطة,المية ومية - 0 - شارع شارع العام مختمطة,,,
9659,ثانوية بيسان المختمطة,صيدا الضواحي,خاص غير مجاني,خاص,مختلطة,عين الحموة - مخيم عين الحموه - شارع العام مختمطة 2 34,95005770,خاص,
9559,العوجا اإلبتدائية والمتوسطة,صيدا القضاء,خاص غير مجاني,خاص,مختلطة,عدلون - العرش - شارع قرب الشارع العام مختمطة,,,
0759,الشجرة اإلبتدائية والمتوسطة لمبنين,صور,خاص غير مجاني,خاص,,البص - مخيم البص - شارع مستشفى الحكومي لمبنين,,,
2759,نمرين المتوسطة لمبنات,صور,خاص غير مجاني,خاص,,البص - مخيم البص - شارع العام لمبنات,,,
4759,الطنطورة االبتدائية المختمطة,صور,خاص غير مجاني,خاص,مختلطة,معشوق - 0 - شارع العام مختمطة,19436607,خاص,
7759,عين العسل اإلبتدائية والمتوسطة لمبنين,صور,خاص غير مجاني,خاص,,الرشيدية - مخيم الرشيديو - شارع الرئيسي لمدخل المخيم لمبنين,77906107,خاص,
8759,النقب المتوسطة المختمطة,صور,خاص غير مجاني,خاص,مختلطة,الرشيدية - مخيم الرشيديو - شارع المدارس/فرن القسطل مختمطة 5 81,89235330,خاص,
9759,القادسية اإلبتدائية والمتوسطة,صور,خاص غير مجاني,خاص,,الرشيدية - مخيم الرشيديو - شارع المدارس لمبنات,09404810,خاص,
0859,فمسطين اإلبتدائية لمبنين,صور,خاص غير مجاني,خاص,,برج الشمالي - حي صمحا - شارع المؤسسة العاممية لمبنين 3 41,,,
1859,الصرفند اإلبتدائية المختمطة,صور,خاص غير مجاني,خاص,مختلطة,برج الشمالي - مخيم برج الشمالي - شارع المدارس مختمطة,58994107,خاص,
4859,ثانوية األقصى المختمطة,صور,خاص غير مجاني,خاص,مختلطة,الرشيدية - مخيم الرشيديو - شارع العام مختمطة,24534930,خاص,
