id_etablissement,nom_etablissement,nom_russe,nom_bielorusse,ville_localite,rue,numero_rue,code_postal,latitude,longitude,site_web,telephone,email,email
relation/9357,СШ №165,Средняя школа №165,СШ №165,,праспект Газеты Звязда,6,220116,53.86968087142857,27.46813732857143,,,,
relation/21966,Сярэдняя школа №145,Средняя школа №145,Сярэдняя школа №145,,вуліца Алібегава,5,220116,53.871035299999996,27.480803336363632,,,,
relation/21967,Сярэдняя школа №67,Средняя школа №67,Сярэдняя школа №67,Мінск,вуліца Алібегава,5А,220116,53.870777269999984,27.479728,,,,
relation/21977,ЦДАДіМ «Ранак»,ЦДОДиМ «Ранак»,ЦДАДіМ «Ранак»,Мінск,праспект Газеты Праўда,50,220116,53.86137427777778,27.471805688888892,,,ranak@minsk.edu.by,ranak@minsk.edu.by
relation/75537,Сярэдняя школа №147,Средняя школа №147,Сярэдняя школа №147,Мінск,вуліца Мірашнічэнкі,35А,220131,53.96071117000001,27.610226114999996,,,,
relation/75538,Сярэдняя школа №34,Средняя школа №34,Сярэдняя школа №34,Мінск,вуліца Мірашнічэнкі,35,220131,53.960340946153835,27.6092023,,,,
relation/301549,Наваполацкі гарадскі ліцэй,Новополоцкий городской лицей,Наваполацкі гарадскі ліцэй,,,,,55.53614500937499,28.657235846874997,http://ngl.by/,,,
relation/966302,Сярэдняя школа №13,Средняя школа №13,Сярэдняя школа №13,,праспект Машэрава,33,,52.08621114666666,23.699628813333327,,,,
relation/1113907,Гімназія №11,Гимназия №11,Гімназія №11,Мінск,вуліца Каліноўскага,36,220086,53.939592566666676,27.64003832222222,,,,
relation/2814068,Школа № 6,Школа № 6,Школа № 6,,вуліца Канстанціна Саннікава,99,,53.094876783870966,30.062646551612907,https://rogachev6.znaj.by/,,,
relation/2814069,Школа № 4,Школа № 4,Школа № 4,,вуліца Мікалая Гогаля,62,,53.09557102307693,30.03972178461538,,,,
relation/3280207,Школа №2,Школа №2,Школа №2,,,,,53.7400402,31.720124215384615,,,,
relation/3658867,СШ №2,СШ №2,СШ №2,,Сацыялістычная вуліца,124,,53.145164605882364,29.231012558823526,,,,
relation/3729605,Сярэдняя школа №1,Средняя школа №1,Сярэдняя школа №1,,,,,51.93309397142857,30.789947700000003,,,,
relation/3739433,Гімназія 39,Гимназия 39,Гімназія 39,,,,,53.910579757142855,27.43998050952381,,,,
relation/3786934,Школа НДЦ «Зубраня»,Школа НДЦ «Зубренок»,Школа НДЦ «Зубраня»,,,,,54.83447017391304,26.71458467826087,,,,
relation/4112157,Школа № 7,Школа № 7,Школа № 7,,вуліца Якуба Коласа,39,,55.20017218571428,30.161728000000004,https://sh7vitebsk.schools.by/,+375(212) 66-39-83;+375(212) 67-37-87,,uogosh7@tut.by
relation/4119887,Гімназія №10,Гимназия №10,Гімназія №10,,,,,54.30174652000001,26.84399608,http://gymn10mol.schools.by/,+375(176) 76-09-42,,gymn10mol@gmail.com
relation/4829703,Гімназія № 4,Гимназия № 4,Гімназія № 4,,,,,54.478403528571434,26.39406645238095,http://gymn4.bynets.ru/,"+375(1592) 3-38-90, +375(1592) 3-38-31",,gimn-smorgon@mail.grodno.by
relation/4848170,Сярэдняя школа №159,Средняя школа №159,Сярэдняя школа №159,,,,,53.901426257142866,27.4419162,http://sch159.minsk.edu.by/,,,
relation/4868511,СШ №3,СШ №3,СШ №3,,,,,55.61498552666667,27.639119006666665,,,,
relation/5253354,Гімназія №6 iмя С.Ц. Дзямешкi,Гимназия №6 имени С.Т. Демешко,Гімназія №6 iмя С.Ц. Дзямешкi,,вуліца Вялікі Гасцінец,66,,54.30476679000001,26.84430034,https://gim6mol.uomrik.gov.by,8-(0176)-50-26-21;8-(0176)-50-26-21,,gim6mol@uomrik.gov.by
relation/5332012,Бабровіцкая сярэдняя агульнаадукацыйная школа,Бобровичская средняя общеобразовательная школа,Бабровіцкая сярэдняя агульнаадукацыйная школа,,вуліца Міру,2А,,52.288600200000005,29.370826066666666,,,,
relation/5563531,Гімназія №6,Гимназия №6,Гімназія №6,,,,,53.93451651052632,27.587144121052628,,,,
relation/5616144,Гімназія №7,Гимназия №7,Гімназія №7,,,,,53.900110819999995,27.583312309999997,http://gymn7.minsk.edu.by/,+375 17 2941623,,
relation/5657092,Сярэдняя школа №19,Средняя школа №19,Сярэдняя школа №19,,,,,53.15382356190476,26.005353395238096,http://sch18.baranovichi.edu.by/,,,
relation/5657093,Сярэдняя школа №18,Средняя школа №18,Сярэдняя школа №18,,,,,53.15438312857143,26.007038821428573,http://sch18.baranovichi.edu.by/,,,
relation/5663731,Школа № 10,Школа № 10,Школа № 10,,,,,53.11504503333333,26.026857891666666,,,,
relation/5674523,Школа №12 ім. Кабушкіна І. К.,Школа № 12 им. Кабушкина И. К.,Школа №12 ім. Кабушкіна І. К.,,,,,53.13680794545455,25.98932927272727,http://sch12.baranovichi.edu.by/,+375(163) 49-68-08,,sch12.baranovichi@edu.by
relation/5678122,Школа № 3,Школа № 3,Школа № 3,,,,,53.12087316153847,25.95929773846154,http://sch3.baranovichi.edu.by/,+375(163) 41-90-81,,sch3@baranovichi.edu.by
relation/5847589,Сярэдняя школа № 41,Средняя школа № 41,Сярэдняя школа № 41,,,,,53.88293055999999,30.371711173333335,,,,
relation/5847590,Вучэбна-педагагічны комплекс дзіцячы сад — сярэдняя школа №42,Учебно-педагогический комплекс детский сад — средняя школа №42,Вучэбна-педагагічны комплекс дзіцячы сад — сярэдняя школа №42,,,,,53.87563212857143,30.360540657142856,,+375(222) 42-45-35,,
relation/5851376,Гімназія № 4,Гимназия № 4,Гімназія № 4,,,,,53.873695017391306,30.325099291304344,http://www.gimnazia4.mogilev.by/,"+375(222) 45-32-93, +375(222) 46-38-66",,mogilev_gimn4@tut.by
relation/5853508,Магілёўскі дзяржаўны абласны ліцэй №2,Могилевский государственный областной лицей №2,Магілёўскі дзяржаўны абласны ліцэй №2,,,,,53.877020015384616,30.317364207692307,http://www.mgol2.by/,,,
relation/5853509,Сярэдняя школа № 5,Средняя школа № 5,Сярэдняя школа № 5,,,,,53.87703176315789,30.32207148421053,http://www.school5.mogilev.by/,+375(222) 48-25-64,,mogilev_school5@tut.by
relation/5853629,Сярэдняя школа №43,Средняя школа №43,Сярэдняя школа №43,,,,,53.874059418181815,30.338462063636367,,,,
relation/5867950,Гімназія №71,Гимназия № 71,Гімназія №71,,,,,52.410684123529414,30.982788935294117,,,,
relation/5867953,Школа № 32,Школа № 32,Школа № 32,,,,,52.410103911111115,30.98032941111111,,,,
relation/5881547,Сярэдняя школа № 26,Средняя школа № 26,Сярэдняя школа № 26,,,,,53.90745659999999,30.292328662499997,http://sosh26.by/,+375(222) 23-60-28,,sosh_26@tut.by
relation/5947643,Сярэдняя школа №23,Средняя школа №23,Сярэдняя школа №23,,,,,53.90987986000001,30.320979949999998,,,,
relation/5953793,Сярэдняя школа № 8,Средняя школа № 8,Сярэдняя школа № 8,,,,,53.932021725,30.340182341666672,http://school8.mogilev.by/,+375(222) 23-32-06,,school8@mogilev.by
relation/6322161,Школа № 5,Школа № 5,Школа № 5,,вуліца Вячаслава Сцяпанава,84,,53.100723668181814,30.06578495909091,,,,
relation/6363512,Сярэдняя школа № 9,Средняя школа № 9,Сярэдняя школа № 9,Светлагорск,вуліца Азалава,4,,52.624609129999996,29.717149060000004,https://sv9school.by/,+375(2342) 4-26-35;+375(2342) 4-32-35;+375(2342) 4-37-31,,info@sv9school.by
relation/6551161,Сярэдняя школа №5 (філіял),Средняя школа №5 (филиал),Сярэдняя школа №5 (філіял),,,,,53.87517966666667,30.324137933333336,,,,
relation/6680097,Школа № 18,Школа № 18,Школа № 18,,,,,55.17921577826087,30.17966459565218,http://sch18.vitebsk.edu.by/,+375(212) 34-33-24;+375(212) 34-36-55,,sch18@vitebsk.edu.by
relation/7000729,Гімназія №32,Гимназия №32,Гімназія №32,,вуліца Данілы Сердзіча,26,,53.91766345,27.48935434375,,,,
relation/7170145,Гімназія №9 імя Кірычэнкі,Гимназия №9 имени Кириченко,Гімназія №9 імя Кірычэнкі,Гродна,вуліца Пестрака,34/1,230026,53.6536980807692,23.83856761923077,https://gymn9.oktobrgrodno.gov.by/,+375152337032,gymn9@oktobrgrodno.gov.by,gymn9@oktobrgrodno.gov.by
relation/7170148,Сярэдняя школа №26 імя Сівачова,Средняя школа №26 имени Сивачёва,Сярэдняя школа №26 імя Сівачова,Гродна,праспект Янкі Купалы,55,230026,53.65332009285716,23.84185547142857,https://sch26.oktobrgrodno.gov.by/,+375152331427,sch26@oktobrgrodno.gov.by,sch26@oktobrgrodno.gov.by
relation/7469150,Сярэдняя школа №33 імя Абялеўскага,Средняя школа №33 имени Обелевского,Сярэдняя школа №33 імя Абялеўскага,Гродна,вуліца Томіна,28,,53.64898388571429,23.82648120714286,https://sch33.oktobrgrodno.gov.by/,+375152338635,sch33@oktobrgrodno.gov.by,sch33@oktobrgrodno.gov.by
relation/7550247,Школа №200,Школа №200,Школа №200,,вуліца Алеся Бачылы,26,220075,53.844884370833334,27.700782604166672,http://sch200.minsk.edu.by/,+375 17 344-13-12,,sch200@minsk.edu.by
relation/7550248,Школа №186,Школа №186,Школа №186,,,,,53.845225516666666,27.69937832222222,,,,
relation/7825261,Гімназія № 1,Гимназия № 1,Гімназія № 1,,,,,53.16238975,29.19365557857143,,,,
relation/7825262,Школа № 30,Школа № 30,Школа № 30,,,,,53.163289999999996,29.19356719,,,,
relation/8022794,СШ № 15,СШ № 15,СШ № 15,,,,,55.58795721666666,28.597883812500005,,,,
relation/8307965,Сярэдняя школа №56,Средняя школа №56,Сярэдняя школа №56,,,,,53.92536508636365,27.42525169545455,,,,
relation/8356993,Цяглевіцкі дзіцячы сад-сярэдняя школа,Теглевичский детский сад-средняя школа,Цяглевіцкі дзіцячы сад-сярэдняя школа,,,,,53.01403572500001,24.780225458333337,https://teglevichi.schools.by/,,teglevichi@mail.ru,teglevichi@mail.ru
relation/8815054,Магілёўская дзіцячая школа выяўленчых мастацтваў,Магілёўская дзіцячая школа выяўленчых мастацтваў,Магілёўская дзіцячая школа выяўленчых мастацтваў,,,,,53.90075079,30.337301139999994,,,,
relation/9205366,Сярэдняя школа №9,Средняя школа №9,Сярэдняя школа №9,,,,,53.85113155454546,27.483791396969696,,,,
relation/9347938,Клепацкая сярэдняя школа,Клепачская средняя школа,Клепацкая сярэдняя школа,,,,,52.70324426111112,24.355322122222223,http://klepachi-school.pruzhany.by/,,,
relation/10101083,Сярэдняя школа №2,Средняя школа №2,Сярэдняя школа №2,,,,,53.159140646666664,24.4785759,,,,
relation/11123161,Кіраўская сярэдняя школа,Кировская средняя школа,Кіраўская сярэдняя школа,,,,,55.18941512727274,30.117167618181814,https://kirovskaya.schools.by/,8-0212-69-05-85,,kirovskaschool@yandex.ru
relation/11153083,Школа № 4,Школа № 4,Школа № 4,,,,,54.217826106249994,30.28601843125,http://sh4shklov.by/,8-02239-77438;8-02239-77439,,shklovsh4@tut.by
relation/11586954,Крулеўшчынская сярэдняя школа,Крулеўшчынская сярэдняя школа,Крулеўшчынская сярэдняя школа,,,,,55.02356563333334,27.785932725,,,,
relation/12568571,Гродзенская гарадская гімназія імя А.І.Дубко,Гродненская городская гимназия имени А.И.Дубко,Гродзенская гарадская гімназія імя А.І.Дубко,,,,,53.6720227,23.831948214285713,https://grgg.lengrodno.gov.by/,+375152620107,grgg@lengrodno.by,grgg@lengrodno.by
relation/12691128,Школа № 4,Школа № 4,Школа № 4,,,,,55.11735620454545,26.883690140909092,,,,
relation/12906289,Сярэдняя школа № 66,Средняя школа № 66,Сярэдняя школа № 66,,вуліца Макаёнка,19,,52.46795319333333,31.034362240000004,https://school66gomel.by/,,,
relation/13117063,Сярэдняя школа № 44,Средняя школа № 44,Сярэдняя школа № 44,,,,,53.86470557777778,30.446646400000002,,,,
relation/13125317,Магілёўская дзіцячая школа мастацтваў №2,Магілёўская дзіцячая школа мастацтваў №2,Магілёўская дзіцячая школа мастацтваў №2,,,,,53.887028314285715,30.411449128571427,,,mdshi2@mail.ru,mdshi2@mail.ru
relation/13209475,Школа № 20,Школа № 20,Школа № 20,,,,,53.86602982499999,30.353250383333336,https://20mogilev.schools.by,+375-222-64-79-85;+375-222-64-77-60,,mogilev_school20@octroo.datacenter.by
relation/13804668,Гімназія г. Мсціслаўля,Гимназия г. Мстиславля,Гімназія г. Мсціслаўля,,,,,54.015456363157895,31.71254816315789,http://gymn.mstislavl.edu.by,+375224021170,,
relation/14136893,Сярэдняя школа № 2,Средняя школа № 2,Сярэдняя школа № 2,,,,,54.40640384000001,29.69898329,http://sch2.tolochin.edu.by,8-02136-5-15-81,,belts2@tut.by
relation/14337144,Сярэдняя школа № 2,Средняя школа № 2,Сярэдняя школа № 2,,,,,52.3948619,23.822401526086956,,,,
relation/14346859,Сярэдняя школа №1,Средняя школа №1,Сярэдняя школа №1,,,,,52.404144674285725,23.818517059999998,,,,
relation/15317601,Дорскі вучэбна-педагагічны комплекс дзіцячы сад - сярэдняя школа,Дорский учебно-педагогический комплекс детский сад – средняя школа,Дорскі вучэбна-педагагічны комплекс дзіцячы сад - сярэдняя школа,,Савецкая вуліца,1,,54.07414165,26.783445949999997,https://dory.volozhin-edu.gov.by,,,
relation/15670219,Бароўская сярэдняя школа імя Г.К.Жукава,Боровская средняя школа имени Г.К.Жукова,Бароўская сярэдняя школа імя Г.К.Жукава,Бароўка,,10А,,54.9597134257143,28.799493457142862,https://borovka.roolepel.by/,"+375 2132 68269, +375 2132 68569",borovka@roolepel.by,borovka@roolepel.by
relation/16017563,Гарадзенская абласная кадэцкая вучэльня,Гродненское областное кадетское училище,Гарадзенская абласная кадэцкая вучэльня,,,,,53.89074444666667,24.13100901333333,,,,
relation/19482892,Школа № 1,Школа № 1,Школа № 1,,,,,55.110277575,26.861845654166668,,,,
relation/20776457,Школа,Школа,Школа,,,,,54.185481487500006,28.736172149999998,,,,
way/23936990,Гімназія №28 імя Уладзіміра Караткевіча,Гимназия №28 имени Владимира Короткевича,Гімназія №28 імя Уладзіміра Караткевіча,,,,,53.86079599166667,27.614519799999997,,,,
way/23937000,Сярэдняя школа №123,Средняя школа №123,Сярэдняя школа №123,,,,,53.85689456,27.618329253333332,,,,
way/25097344,Школа-інтэрнат,Школа-интернат,Школа-інтэрнат,,,,,55.833014150000004,29.927012793750002,,,,
way/25313509,Средняя школа №190,Средняя школа №190,Сярэдняя школа №190,,вуліца Нікіфарава,19,220141,53.93989001666667,27.692410853333335,http://sch190.minsk.edu.by/,+375 17 2642490,,sch190@minsk.edu.by
way/25320337,Сярэдняя школа №70,Средняя школа №70,Сярэдняя школа №70,Мінск,вуліца Каліноўскага,34,220086,53.94025637142857,27.638843178571424,http://sch70.minsk.edu.by/,,,
way/25321746,Пачатковая школа №112,Начальная школа № 112,Пачатковая школа №112,,вуліца Убарэвіча,142,220077,53.83617992307693,27.62351576923077,,,,
way/25321750,Школа №124,Школа №124,Школа №124,,вуліца Убарэвіча,144 к2,220077,53.83520907692308,27.62235946153846,,,,
way/25321852,QSI International School of Minsk,Международная Школа,Міжнародная Школа,,вуліца Суворава,18,220049,53.93798511,27.620585755,https://minsk.qsi.org/,+375 17 280 66 00,minsk@qsi.org,minsk@qsi.org
way/25321965,Сярэдняя школа №108,Средняя школа №108,Сярэдняя школа №108,Мінск,Уральская вуліца,15,220037,53.90378626428571,27.618650057142855,https://108minsk.schools.by/,+375 17 3532051,sch108@minskedu.gov.by,sch108@minskedu.gov.by
way/25321967,Гімназія №5,Гимназия №5,Гімназія №5,Мінск,вуліца Мендзялеева,14,220037,53.90389207999999,27.617346269999995,http://gymn5.minsk.edu.by/,+375 17 2433812,gymn5@minskedu.gov.by,gymn5@minskedu.gov.by
way/25325774,Гімназія №15,Гимназия №15,Гімназія №15,,вуліца Максіма Багдановіча,84,220100,53.92668425,27.57643298571429,,,,
way/25325775,Гімназія №30,Гимназия №30,Гімназія №30,,вуліца Куйбышава,79/2,220100,53.92557646428572,27.577648757142857,,,,
way/25386915,Пачатковая школа №29 («Сонейка»),Начальная школа №29 («Солнышко»),Пачатковая школа №29 («Сонейка»),Мінск,Сонечная вуліца,3,220028,53.863942237500005,27.562626883333337,http://Nsch29.Minsk.Edu.by/,,,
way/25392648,Сярэдняя школа №7,Средняя школа №7,Сярэдняя школа №7,Мінск,праспект Пушкіна,5А,220015,53.89519612307693,27.49472623076923,http://sch7.minsk.edu.by/,+375 17 2072113,sch7@minsk.edu.by,sch7@minsk.edu.by
way/25392649,Сярэдняя школа №126,Средняя школа №126,Сярэдняя школа №126,Мінск,вуліца Янкі Маўра,35,220015,53.895799950000004,27.491976792857145,http://sch126.minsk.edu.by/,+375 17 2282960,sch126@minsk.edu.by,sch126@minsk.edu.by
way/25393513,Гимназия № 12,Гимназия № 12,Гимназия № 12,Мінск,вуліца Голубева,4,220116,53.86734980384617,27.481149696153846,http://gymn12.minsk.edu.by/,,,
way/25393742,СШ №165,Средняя школа №165,СШ №165,,праспект Газеты Звязда,6А,220116,53.87020822500001,27.467891935,,,,
way/25394027,Гімназія №10,Гимназия 10,Гімназія №10,,вуліца Голубева,29,220117,53.86630197692307,27.463180961538463,http://gymn10.minsk.edu.by/,+375 17 270 25 26,,
way/25394054,СШ №213,Средняя школа №213,СШ №213,,праспект Любімава,27,220117,53.86085624137932,27.456386748275854,,,,
way/25394055,СШ №208,Средняя школа №208,СШ №208,,праспект Любімава,31,220117,53.86081570952381,27.454307419047616,,,,
way/27900266,ДзЮСШ №8,ДЮСШ № 8,ДзЮСШ №8,,,,,55.17688312,30.22167632,,,,
way/27901688,ДЮСШ №6,ДЮСШ №6,ДЮСШ №6,,,,,55.17430214285714,30.1974873,,,,
way/28534062,Папярнянская сярэдняя школа,Папернянская средняя школа,Папярнянская сярэдняя школа,,Цэнтральная вуліца,21,,54.04012572777777,27.564807805555557,https://papernya.minsk-roo.gov.by,,,
way/30661548,Гімназія № 1,Гимназия № 1,Гімназія № 1,,,,,55.1959496,30.212236681818183,http://gymn-1.oct-vit-roo.by/,"+375212370129, +375212538084",,gimn1_vit@tut.by
way/36935677,Сярэдняя школа №69,Средняя школа №69,Сярэдняя школа №69,,,,,53.90795040909091,27.629452618181816,http://sch69.minsk.edu.by/,+375 17 3606102,sch69@minskedu.gov.by,sch69@minskedu.gov.by
way/37439310,Бараўлянская сярэдняя школа,Боровлянская средняя школа,Бараўлянская сярэдняя школа,,,,,54.00971656842105,27.68263922631579,,,,
way/38076021,Школа мастацтв № 1,Школа искусств № 1,Школа мастацтв № 1,,вуліца Дружбы,2,,55.527119461538476,28.668444680769234,,,,
way/38076025,Цэнтр дапрызыўной падрыхтоўкі,Центр допризывной подготовки,Цэнтр дапрызыўной падрыхтоўкі,,Маладзёжная вуліца,130,,55.52729588333333,28.664693849999995,https://novedu.by/tabid/2763/Default.aspx,+375214325380,ncdp@mail.ru,ncdp@mail.ru
way/39269064,Музычная школа,Музыкальная школа,Музычная школа,,Віленская вуліца,6А,,53.02340535384615,27.549644823076925,,,,
way/39670259,Сярэдняя школа №114,Средняя школа №114,Сярэдняя школа №114,,,,,53.957226719999994,27.630622739999996,http://sch114.minsk.edu.by,+375 17 3699900,,
way/39949087,Сярэдняя школа № 57,Средняя школа № 57,Сярэдняя школа № 57,,,,,52.459095607692305,30.96045336153846,,,,
way/39949088,Гомельскі абласны ЦКРНіР,Гомельский областной ЦКРОиР,Гомельскі абласны ЦКРНіР,,,,,52.45941691428571,30.962129557142855,,,,
way/41681456,Гімназія №2,Гимназия №2,Гімназія №2,,,,,52.787658753846145,27.506704684615386,,+375-174-234774,,
way/41683505,Школа №10,Школа №10,Школа №10,,,,,52.78868217777778,27.513076844444445,,+375-174-233643,,
way/41687355,Школа №11,Школа №11,Школа №11,,,,,52.78552073333333,27.506933333333333,,+375-174-231581,,
way/41738316,Школа № 1,Школа № 1,Школа № 1,,,,,52.789616737500005,27.5250342,,+375-174-250664,,
way/42115148,Школа №5,Школа №5,Школа №5,,,,,52.78612199090908,27.530799690909088,http://sh5soligorsk.eshkola.by/,+375-174-254741,,guo5@tut.by
way/42115152,Школа № 4,Школа № 4,Школа № 4,,,,,52.78655578181817,27.53347469090909,http://sch4sol.schools.by/,+375-174-251902,,330902@sch4sol.by
way/42330679,Гімназія №1,Гимназия №1,Гімназія №1,,,,,52.78229952,27.54647559,,,,
way/42330680,Сярэдняя школа №6,Средняя школа №6,Сярэдняя школа №6,,,,,52.78348158461539,27.54760591538462,,,,
way/42956978,Школа №2,Школа №2,Школа №2,,,,,52.79035245454545,27.54876324545454,http://2.edusoligorsk.by/,+375-174-226442,,vtor-shkola@yandex.ru
way/44519417,Сярэдняя Школа №2,Средняя Школа №2,Сярэдняя Школа №2,Кобрын,Першамайская вуліца,91,225830,52.2127209117647,24.36936910588235,,,,
way/45094013,Сярэдняя школа № 28 імя Сакалоўскага,Средняя школа № 28 имени Соколовского,Сярэдняя школа № 28 імя Сакалоўскага,Гродна,вуліца Брыкеля,11,,53.69986747727273,23.85029866818182,https://sch28.lengrodno.gov.by/,+375152785802,ch28@lengrodno.by,ch28@lengrodno.by
way/45816960,Дзіцячы дом,Детский дом,Дзіцячы дом,,,,,55.19812270869566,29.968348378260863,,,,
way/48184661,Сярэдняя школа №2,СШ №2,Сярэдняя школа №2,,,,,53.477212068421046,26.73347341052632,,,,
way/48187531,Сярэдняя школа №3,Средняя школа №3,Сярэдняя школа №3,Стоўбцы,,,,53.4900665,26.74339038,,,,
way/48535842,Сярэдняя школа № 50,Сярэдняя школа № 50,Сярэдняя школа № 50,,,,,52.461802750000004,30.95867,,,,
way/51073988,САШ №34,СОШ №34,САШ №34,,Савецкая вуліца,180,,52.463727766666665,30.983650673333333,,,,
way/57076406,Сярэдняя школа №7,Средняя школа №7,Сярэдняя школа №7,,вуліца Сака,67,,53.116706533333335,29.220508399999996,,,,
way/58413760,Міжшкольны вучэбна-вытворчы камбінат працоўнага навучання і прафесійнай арыентацыі навучэнцаў,Межшкольный учебно-производственный комбинат трудового обучения и профессиональной ориентации учащихся,Міжшкольны вучэбна-вытворчы камбінат працоўнага навучання і прафесійнай арыентацыі навучэнцаў,,вуліца Маякоўскага,32,,52.0948764625,23.6924802625,,,,
way/59483049,Школа № 45,Школа № 45 имени Маргелова В. Ф.,Школа № 45,,вуліца Чкалава,47А,,55.15840388695652,30.207817504347823,https://sch45.pervroo-vitebsk.gov.by/,+375(212) 61-69-94,,sch45@pervroo-vitebsk.gov.by
way/59628680,Сярэдняя школа №15,Средняя школа №15,Сярэдняя школа №15,,,,,52.0871413090909,23.705940509090908,,,,
way/60171462,Сярэдняя школа №7 г.Брэста,Средняя школа №7 г.Бреста,Сярэдняя школа №7 г.Брэста,,вуліца Горкага,20,,52.100249941666675,23.69844735833333,http://brestschool7.iatp.by/,,,
way/61719112,Сярэдняя школа №12,Средняя школа №12,Сярэдняя школа №12,,,,,52.10490652307692,23.77143205384616,,,,
way/61818728,Сацыяльна-педагагічны цэнтр,Социально-педагогический центр,Сацыяльна-педагагічны цэнтр,,,,,52.08581831666666,23.707969316666667,,,,
way/62116452,Музычная школа,Музыкальная школа,Музычная школа,,Паштовы завулак,1,,54.50948075294117,30.427770458823534,,,,
way/62193305,Цэнтр тэхнічнай творчасці дзяцей і моладзі,Центр технического творчества детей и молодёжи,Цэнтр тэхнічнай творчасці дзяцей і моладзі,,вуліца Аляксандра Астроўскага,19,,54.51334554545455,30.426759042424234,http://goroo-orsha.by/index.php?option=com_content&view=article&id=9&Itemid=13,+375(216) 21 05 36,,tehnik.orsha@gmail.com
way/62221941,Музычная школа № 2,Музыкальная школа № 2,Музычная школа № 2,,,,,54.49053912857143,30.396619785714286,,,,
way/62288561,Сярэдняя школа №25,Средняя школа №25,Сярэдняя школа №25,,,,,52.07451890624999,23.75930206875,http://sch25.brest.edu.by/ru/main.aspxtype=multipolygon,+375 (162) 52-42-61,,
way/62297519,Гімназія № 2,Гимназия № 2,Гімназія № 2,,вуліца Уладзіміра Леніна,41,,54.51366262857143,30.433755761904756,,,,
way/63946272,Сярэдняя школа №104,Средняя школа №104,Сярэдняя школа №104,,,,,53.93378317142857,27.550599607142853,,,,
way/64503844,Музычная школа № 1,Музыкальная школа № 1,Музычная школа № 1,,вуліца Леніна,37,,52.087620709999996,23.68614985,,,,
way/64719182,Гомельскі дзяржаўны абласны ліцэй,Гомельский Государственный Областной Лицей,Гомельскі дзяржаўны абласны ліцэй,,вуліца Жаркоўскага,14,,52.42987477391303,31.005680195652168,http://gsrl.by,,,
way/68543620,Сярэдняя школа №22,Средняя школа №22,Сярэдняя школа №22,,,,,52.10475985000001,23.732321815,,,,
way/68568409,Сярэдняя школа №31,Средняя школа №31,Сярэдняя школа №31,,,,,52.10637092777779,23.734000477777776,,,,
way/69139848,Роская музычная школа,Росская музыкальная школа,Роская музычная школа,,,,,53.284376359999996,24.40016226,,,,
way/69476359,Сярэдняя школа№35,Средняя школа №35,Сярэдняя школа№35,,,,,52.07930005,23.74334757777778,http://sch35.brest.edu.by/,+375 (16) 252-41-01,,
way/70460829,Сярэдняя школа №3,Средняя школа №3,Сярэдняя школа №3,,,,,52.09695324210526,23.698332536842106,,,,
way/71183155,Гімназія № 3,Гимназия № 3,Гімназія № 3,,,,,52.77655926999999,27.535063280000003,,+375-174-236989,,
way/71183167,Школа № 8,Школа № 8,Школа № 8,,,,,52.77832084545455,27.540263372727278,,+375-174-236142,,
way/72502110,Цэнтр турызму і краязнаўства,Центр туризма и краеведения,Цэнтр турызму і краязнаўства,,,,,52.77264113333334,27.52918637777778,http://sol.turcentr.schools.by/,"+375(174) 23-93-28, +375(174) 23-36-84",,rcut@tut.by
way/74549169,Школа №2,Школа №2,Школа №2,,,,,53.60156806923077,31.947609053846154,,,,
way/74749492,Школа мастацтваў,Школа искусств,Школа мастацтваў,,Пралетарская вуліца,20,,54.20312948000001,30.296769819999998,,,,
way/75597787,Школа №2,Школа №2,Школа №2,,Інтэрнацыянальная вуліца,71,225510,51.89957535714286,26.858026942857148,,,,
way/76091329,д/с №198,Начальная школа №198,д/с №198,,,,,53.943680210000004,27.69075595,,,,
way/76437485,Гімназія №38,Гимназия №38,Гімназія №38,,вуліца Шугаева,15 к1,220141,53.93854,27.680715030000005,http://gymn38.minsk.edu.by,,,
way/78054989,Школа Мастацваў,Школа искусств,Школа Мастацваў,,вуліца Луначарскага,13,,55.298135566666666,29.613057677777775,,,,
way/78392879,Сярэдняя школа №160,Средняя школа №160,Сярэдняя школа №160,,,,,53.86858063571429,27.4595514,,,,
way/82784415,Музычная школа,Муз. школа,Музычная школа,,вуліца Даўмана,5,,55.34821473333333,29.308125788888887,,,,
way/83986582,Сярэдняя школа №173,Средняя школа №173,Сярэдняя школа №173,,,,,53.88813725789473,27.6824097,,,,
way/84186547,Будаўнічы ліцэй,Строительный лицей,Будаўнічы ліцэй,,,,,52.098903940909096,23.652599913636365,https://ptu65.brest.by/,,,
way/85860699,Гімназія №2,Гимназия №2,Гімназія №2,,,,,52.10258306538461,23.760176911538466,https://gymn2.brestgoo.gov.by/,,,
way/85860704,Пачатковая школа №9,Начальная школа №9,Пачатковая школа №9,,,,,52.10174642727272,23.75880074545454,,,,
way/86434334,Сярэдняя школа №29,Средняя школа №29,Сярэдняя школа №29,,,,,52.106708149999996,23.77792523,,,,
way/86434351,Яслі-сад - пачатковая школа №8,Ясли-сад - начальная школа №8,Яслі-сад - пачатковая школа №8,,,,,52.10575164444444,23.782122922222225,https://upk8brest.schools.by/,+375162 25-16-77,,
way/86434353,Ліцэй №1 імя А.С.Пушкіна,Лицей №1 имени А.С. Пушкина,Ліцэй №1 імя А.С.Пушкіна,,Арлоўская вуліца,,,52.1078394625,23.782106175000003,https://liceum1.brestgoo.gov.by/,,,
way/86763912,Магілёўскі гарадскі сацыяльна-педагагічны цэнтр,Могилевский городской социально-педагогический центр,Магілёўскі гарадскі сацыяльна-педагагічны цэнтр,,вуліца Мельнікава,2,,53.88690402000001,30.27499598,,,,
way/90180277,Горад Сонца,Город Солнца,Горад Сонца,,,,,53.95898891,27.121919300000002,https://www.gorodsolnca.by/,,,
way/90275111,Сярэдняя школа № 1,Средняя школа № 1,Сярэдняя школа № 1,Камянец,вуліца Леніна,1,,52.40402604285714,23.81926785,http://sch1.kamenec.edu.by/,,,
way/93175854,Сярэдняя школа №87,Средняя школа №87,Сярэдняя школа №87,,,,,53.88772820000001,27.60292905625,,,,
way/93735840,Школа №11,Школа №11,Школа №11,17-ы мікрараён,,12А,,52.90547756000001,30.047227126666673,https://sh11.zhlobinedu.by/,,,
way/93735842,Школа №12,Школа №12,Школа №12,17-ы мікрараён,,11А,,52.90468202333334,30.04849913666667,https://sh12.zhlobinedu.by/,,,
way/97734520,Музычная школа,Музыкальная школа,Музычная школа,,Школьная вуліца,3А,,53.092859520000005,25.316834219999997,,,,
way/98988849,ДзЮСШ №1,ДЮСШ №1,ДзЮСШ №1,,вуліца Пушкіна,57,,53.09743864285714,25.3082648,,,,
way/99057416,Средняя школа №10,Средняя школа №10,Сярэдняя школа №10,Слонім,Брэсцкая вуліца,59,,53.086586109090916,25.306022400000003,,,,
way/99557804,Сярэдняя школа №144,Средняя школа №144,Сярэдняя школа №144,,,,,53.8285829125,27.769852649999994,,,,
way/99725807,Гімназія №2,Гимназия №2,Гімназія №2,,вуліца Уладзіміра Леніна,35,,54.51379376153847,30.43159963846153,,,,
way/101500433,Сярэдняя школа № 6,Средняя школа № 6,Сярэдняя школа № 6,,,,,55.469638862500005,28.758134425,,,,
way/101500434,Школа №8,Школа №8,Школа №8,,,,,55.468261209999994,28.760052890000004,,,,
way/102027514,Нядзельная школа Сімяон,Воскресная школа Симеон,Нядзельная школа Сімяон,,вуліца Савецкіх Пагранічнікаў,35,,52.08528092,23.691010240000004,,,,
way/102273482,Социально-педагогический центр Ошмянского района,Социально-педагогический центр Ошмянского района,Социально-педагогический центр Ошмянского района,,Савецкая вуліца,3А,,54.431498520000005,25.9570061,,,,
way/102273489,Школа - Інтэрнат,Школа - Интернат,Школа - Інтэрнат,,Савецкая вуліца,3,,54.43189156000001,25.959067819999994,,,,
way/102273535,Гімназія №1,Гимназия №1,Гімназія №1,,Савецкая вуліца,14,,54.43076614285714,25.952220285714287,,,,
way/102290034,Школа №10,Школа №10,Школа №10,,,,,52.101496953846144,23.754801715384612,,,,
way/102290059,Школа №24,Школа №24,Школа №24,,,,,52.10926724615385,23.76545382307692,,,,
way/102393827,Сярэдняя школа №26,Средняя школа №26,Сярэдняя школа №26,,,,,52.110930833333335,23.77801956,,,,
way/103338960,Сярэдняя школа №36,Средняя школа №36,Сярэдняя школа №36,,,,,53.7071636904762,23.853471204761906,https://sch36.lengrodno.gov.by/,+375152785711,sch36@lengrodno.by,sch36@lengrodno.by
way/103532622,Сярэдняя школа №33,Средняя школа №33,Сярэдняя школа №33,,,,,52.11986888461539,23.656014815384616,,,,
way/103785031,Школа №28,Средняя школа №28,Школа №28,,Арлоўская вуліца,48,,52.10956531875001,23.779448924999997,,,,
way/103874920,Школа № 28,Школа № 28,Школа № 28,,,,,55.18495371428572,30.22483907142857,http://school-28.oct-vit-roo.by/,+375(212) 47-50-02;+375(212) 47-22-52,,school-28@bk.ru
way/104018608,Школа №23,Школа №23,Школа №23,,,,,52.1068789,23.766342808333334,,,,
way/104716947,Мачулішчанская сярэдняя школа,Мачулищанская средняя школа,Мачулішчанская сярэдняя школа,,Школьная вуліца,,,53.78487976,27.595533220000004,,,,
way/104780142,Сярэдняя школа №1,Средняя школа №1,Сярэдняя школа №1,,,,,52.19237472222222,24.02711387777778,http://sch1.zhabinka.edu.by/,,,
way/106106318,Цэнтр дзіцячай творчасці,Центр детского творчества,Цэнтр дзіцячай творчасці,,Савецкая вуліца,37,,53.18769331111112,24.012897988888884,,,,
way/106992678,Маладзечанская дзіцячая школа мастацтваў,Молодечненская детская школа искусств,Маладзечанская дзіцячая школа мастацтваў,,вуліца Прытыцкага,29,222310,54.30756889000001,26.837653999999997,,,,
way/109424857,Сярэдняя школа №5,Средняя школа №5,Сярэдняя школа №5,,Першамайская вуліца,,,52.89523188,30.05501931333334,,,,
way/110082308,Сярэдняя школа №3,Средняя школа №3,Сярэдняя школа №3,,,,,52.198708693548376,24.017155816129037,,,,
way/110520441,Гімназія № 3 імя Пушкіна,Гимназия № 3 им. Пушкина,Гімназія № 3 імя Пушкіна,,,,,55.1819671625,30.2357420125,http://gymn-3.oct-vit-roo.by/,"+375212481846, +375212481490",,vgim3@mail.ru
way/111182308,Жабінкаўская дзіцячая школа мастацтваў,Жабинковская детская школа искусств,Жабінкаўская дзіцячая школа мастацтваў,,,,,52.196948799999994,24.01991261333333,,,,
way/112482049,Дубаўлянская сярэдняя школа,Дубовлянская средняя школа,Дубаўлянская сярэдняя школа,Бальшавік,Фабрычная вуліца,4,223043,54.00372268333333,27.572118245833337,http://dubovlyany.minsk.edu.by,+375 17 5158168,dubovlyany@minsk.edu.by,dubovlyany@minsk.edu.by
way/113139519,Школа № 34,Школа № 34,Школа № 34,,вуліца Праўды,63,,55.17934481428572,30.241109180952392,,,,
way/119775060,Музычная школа,Музыкальная школа,Музычная школа,,Чырвонаармейская вуліца,87А,,55.1125978,26.854902779999996,,,,
way/119857611,Школа № 46 імя маршала Баграмяна,Школа № 46 имени маршала Баграмяна,Школа № 46 імя маршала Баграмяна,,,,,55.16816060555555,30.26182188333333,https://school46.vsu.by/ru/o-shkole/administratsiya-shkoly.html,+375(212) 67-91-46,,vitebsk@school46.by
way/120162226,Школа № 47 імя генерала Іваноўскага,Школа № 47 имени генерала Ивановского,Школа № 47 імя генерала Іваноўскага,,,,,55.166826900000004,30.271026399999997,,,,
way/121023833,Сярэдняя школа №168,Средняя школа №168,Сярэдняя школа №168,,,,,53.88068546666667,27.546111160000002,,,,
way/121025023,Варапаеўская СШ,Воропаевская СШ,Варапаеўская СШ,,вуліца Гагарына,32,,55.14606412142858,27.197720392857143,https://vorop.schools.by/,,,
way/122804595,Детская школа искусств,Детская школа искусств,Детская школа искусств,,Ленінская вуліца,12,,55.46254305555555,29.98159517777778,,,,
way/124652834,Яромінская музычная школа,Ереминская музыкальная,Яромінская музычная школа,,,,,52.50938573999999,30.94178194,,,,
way/124659106,Яромінская сярэдняя школа,Ерёминская средняя школа,Яромінская сярэдняя школа,,Савецкая вуліца,150А,247016,52.50709322999999,30.943106765000003,http://www.ereminoshkola.gomel.by/,+375 232 935266,,er.shkola@ereminoshkola.gomel.by
way/127811059,ДУА «Гімназія г. Фаніпаля»,ГУО «Гимназия г. Фаниполя»,ДУА «Гімназія г. Фаніпаля»,Фаніпаль,Камсамольская вуліца,,,53.741379766666675,27.315726116666664,https://gymn-fanipol.schoolnet.by/,,,
way/128052052,Сярэдняя школа №138,Средняя школа №138,Сярэдняя школа №138,Мінск,вуліца Адоеўскага,34,220092,53.90401894117648,27.49204090588235,http://sch138.minsk.edu.by/,+375 17 2130433,sch138@minsk.edu.by,sch138@minsk.edu.by
way/129759283,ВВК,УПК,ВВК,,,,,53.73399656,28.38871782,,,,
way/130125165,Гімназія №1 імя У.А. Караля г. Чэрвеня,Гимназия,Гімназія,,вуліца Луначарскага,55,223232,53.71089781818182,28.424121663636367,,,,
way/130133423,СШ № 1,СШ № 1,СШ № 1,,,,,55.54167352857143,28.6314549,https://www.novedu.by/school1,+375214371286,1schoolnp@rambler.ru,1schoolnp@rambler.ru
way/130361460,Гімназія № 4,Гимназия № 4,Гімназія № 4,,,,,55.19910516923077,30.171584999999997,http://gymn4.vitebsk.edu.by/,+375(212) 35-38-67,,gymn4@vitebsk.edu.by
way/131113445,Сярэдняя школа №153,Средняя школа №153,Сярэдняя школа №153,,вуліца Пляханава,70,,53.862056962500006,27.5915657375,,,,
way/134530976,Сярэдняя школа №5,Средняя школа №5,Сярэдняя школа №5,,,,,52.56848701428571,24.461759864285717,http://school5.pruzhany.by,,,
way/135423067,Сярэдняя школа №141,Средняя школа №141,Сярэдняя школа №141,,,,,53.880775222222226,27.685359499999997,,,,
way/135423485,Сярэдняя школа №8,Средняя школа №8,Сярэдняя школа №8,,,,,53.87561598666666,27.689293286666665,,,,
way/135510032,Школа № 44,Школа № 44,Школа № 44,,,,,55.19784660454547,30.258257536363626,http://school-44.oct-vit-roo.by/,,,
way/138292286,Дзіцяча-юнацкая спартыўная школа № 8,Детско-юношеская спортивная школа № 8,Дзіцяча-юнацкая спартыўная школа № 8,,,,,55.17711768421052,30.2217571368421,,,,
way/140217391,Школа № 4,Школа № 4,Школа № 4,,,,,55.19364714666668,30.237560893333338,http://school-4.oct-vit-roo.by/,+375(212) 26-19-42;+375(212) 26-19-51,,school4vitebsc@yandex.ru
way/140754484,Сярэдняя школа №191,Средняя школа №191,Сярэдняя школа №191,,,,,53.94987098181818,27.688135772727275,,,,
way/142122378,Сярэдняя школа № 28,Средняя школа № 28 г. Минска,Сярэдняя школа № 28,Мінск,вуліца Максіма Багдановіча,76,220100,53.92537721333334,27.572526806666666,http://sch28.minsk.edu.by/,+ 375 17 3342541,,
way/143472564,Уваравіцкая СШ,Уваровичская СШ,Уваравіцкая СШ,,,,,52.59524896666667,30.72761846666667,,,,
way/143886986,Сярэдняя школа № 187,Средняя школа № 187,Сярэдняя школа № 187,Мінск,вуліца Куйбышава,65,,53.92157518181818,27.574585654545448,sch187.minsk.edu.by,,,
way/144292765,Сярэдняя школа №152,Средняя школа №152,Сярэдняя школа №152,,,,,53.87013438,27.59076736666667,,,,
way/144292766,Сярэдняя школа №164,Средняя школа №164,Сярэдняя школа №164,,,,,53.8689128,27.59249774285714,,,,
way/144715926,Магілёўская дзяржаўная спецыяльная школа закрытага тыпу,Могилёвская Государственная специальная школа закрытого типа,Магілёўская дзяржаўная спецыяльная школа закрытага тыпу,,,,,53.91264710833334,30.277324541666662,,+375 222 278778,,direktor-2008@tut.by
way/144718016,Сярэдняя школа №45,Средняя школа №45,Сярэдняя школа №45,,,,,53.91733846666666,30.286902111111115,,+375 222 500056,,
way/144898030,Музычная школа,Музыкальная школа,Музычная школа,,,,,54.248620900000006,29.795682040000003,,,,
way/146460808,СШ № 11,СШ № 11,СШ № 11,,,,,55.5248942875,28.6782048625,https://www.novedu.by/school11,+375214340149,nov-school-11@yandex.ru,nov-school-11@yandex.ru
way/146460810,СШ № 7,СШ № 7,СШ № 7,,,,,55.523559475000006,28.667745012499996,https://www.novedu.by/schol7,+375214320026,school7n@mail.ru,school7n@mail.ru
way/146464042,Дзіцячая мастацкая школа ім. І.Ф. Хруцкага,Детская художественная школа им. И.Ф. Хруцкого,Дзіцячая мастацкая школа ім. І.Ф. Хруцкага,,,,,55.53454495000001,28.657293109999994,,+375214539881,hudojka77@mail.ru,hudojka77@mail.ru
way/146582874,СШ № 8,СШ № 8,СШ № 8,,,,,55.52844611818181,28.672719063636364,https://www.novedu.by/school8,+375214374670,school_8@list.ru,school_8@list.ru
way/151254720,ДУА «Гімназія №1 імя Ф. Скарыны г. Мінска»,ГУО «Гимназия №1 им. Ф. Скорины г. Минска»,ДУА «Гімназія №1 імя Ф. Скарыны г. Мінска»,Мінск,праспект Ракасоўскага,138,220101,53.853552522222216,27.604950733333336,http://gymn1.minsk.edu.by,+375 17 3673163,gymn1@minsk.edu.by,gymn1@minsk.edu.by
way/152097220,Каладзішчанская сярэдняя школа № 2,Колодищанская средняя школа № 2,Каладзішчанская сярэдняя школа № 2,,Ціхая вуліца,20А,223050,53.911293864,27.773107304,https://kol-sch2.minsk-roo.gov.by,,,
way/154359737,Хорастаўская сярэдняя школа,Хорастаўская сярэдняя школа,Хорастаўская сярэдняя школа,,,,,52.496707366666655,27.276592955555557,https://horostovo.edus.by,,,
way/155762390,Дзіцячая школа мастацтваў,Детская школа искусств,Дзіцячая школа мастацтваў,,Савецкая вуліца,113,,55.6386311,27.03340896666667,,,,
way/155770731,Школа № 2,Школа № 2,Школа № 2,,,,,55.29061895999999,29.600996926666667,,+375213041237,,
way/156137096,СШ №2,СШ №2,СШ №2,,,,,52.93650305555556,27.8960559,,,,
way/156291967,Браслаўская гімназія,Браславская гимназия,Браслаўская гімназія,,Ленінская вуліца,131,211970,55.63701082564101,27.034095925641022,http://brasgymnasium.by/,"+375215362097, +375215362368",bras_gimn@vtb.by,bras_gimn@vtb.by
way/156343904,СШ №1,СШ №1,СШ №1,,,,,53.62352455714285,27.902908114285715,,,,
way/157010672,Школа мастацтваў,Школа искусств,Школа мастацтваў,,,,,55.904367660000005,28.812344659999997,,,,
way/157063562,Музычная школа,Музыкальная школа,Музычная школа,,Ленінская вуліца,28,,55.18054174,28.611871179999998,,,,
way/157424693,СШ №1,СШ №1,СШ №1,,,,,52.95072343636364,27.873834100000007,,,,
way/158179826,Школа № 14,Школа № 14,Школа № 14,,,,,55.16608015454545,30.123533,http://sch14.vitebsk.edu.by/,"+375212341254, +375212341332",school14_vit@tut.by,school14_vit@tut.by
way/159309266,Спартшкола,Спортшкола,Спартшкола,,вуліца Кастрычніка,6Б,,55.644231500000004,27.035658660000003,,,,
way/159458201,Гімназія №12,Гимназия №12,Гімназія №12,,,,,53.8666413625,27.478471156250002,http://gymn12.minsk.edu.by/,+375 17 2714652,,
way/160095241,Школа мастацтваў,Школа искусств,Школа мастацтваў,,Аршанская вуліца,110,,54.460753425,30.00631025833333,,,,
way/160154967,Гімназія №2,Гимназия №2,Гімназія №2,,вуліца Нікіфарава,37,,53.943845477777785,27.69518922222222,,,,
way/160975824,Сярэдняя школа №169,Средняя школа №169,Сярэдняя школа №169,,,,,53.88820113571428,27.685979178571433,,,,
way/161866677,Детская школа исскуств,Детская школа исскуств,Дзіцячая школа мастацтваў,Свислочь Пуховичский р-н,Набярэжная вуліца,17,,53.64684286666667,27.91404466666667,,,,
way/166076449,Школа №9,Школа №9,Школа №9,,,,,52.89853524999999,30.04925458888889,,,,
way/167484353,Дзіцячая музычная школа,Детская музыкальная школа,Дзіцячая музычная школа,,праспект Рэвалюцыі,41,,54.22479434444444,28.508333866666664,,,,
way/167885225,Вішнёўская пачатковая школа,Вишнёвская начальная школа,Вішнёўская пачатковая школа,,Цэнтральны завулак,14,,54.05903462,27.55491208,,,,
way/168140955,Сярэдняя школа №17,Средняя школа №17,Сярэдняя школа №17,,,,,53.87007429333334,27.606649020000003,,,,
way/168280130,Сярэдняя школа №134,Средняя школа №134,Сярэдняя школа №134,,,,,53.85822320666668,27.599693746666667,,,,
way/168501029,Сярэдняя школа №36,Средняя школа №36,Сярэдняя школа №36,,,,,53.85560942499999,27.599730025,,,,
way/168501030,Сярэдняя школа №118,Средняя школа №118,Сярэдняя школа №118,,,,,53.8554247909091,27.603136972727274,,,,
way/169243477,Школа № 6,Школа № 6,Школа № 6,,,,,55.19919568421052,30.25051907368421,,,,
way/169345145,Цэнтр пазашкольнай працы,Центр внешкольной работы,Цэнтр пазашкольнай працы,,Савецкі завулак,8,,52.216921799999994,31.420782155555553,,,,
way/173374038,Сярэдняя школа №48,Средняя школа №48,Сярэдняя школа №48,,,,,53.91798835000001,27.530756207142854,,,,
way/174636275,Музычная школа №4,Музыкальная школа №4,Музычная школа №4,,,,,55.196054612500006,30.2040926875,,,,
way/178425702,Школа № 12,Школа № 12,Школа № 12,,вуліца Пятруся Броўкі,7,,55.173518800000004,30.237227266666668,http://www.school12.vitebsk.by,+375(212) 64-70-38;+375(212) 64-70-37,,school12_vit@tut.by
way/179316702,Дзіцячая школа мастацтваў № 6,Детская школа искусств № 6,Дзіцячая школа мастацтваў № 6,,,,,53.90808288333333,30.30026811666667,http://kultura.mogilev.by/content/view/45/11/,+375(222) 23-68-30,,dshi6@tut.by
way/179583134,Школа,Школа,Школа,,Цэнтральная вуліца,46,,55.367960776923084,30.432602784615387,,,,
way/181060525,ВСАШ №19,ВСОШ №19,ВСАШ №19,,,,,53.86740782222223,27.609511455555555,,,,
way/181060526,Сярэдняя школа №139,Средняя школа №139,Сярэдняя школа №139,,,,,53.86700776153846,27.608712969230773,,,,
way/181081909,Ігаўская СШ,Иговская СШ,Ігаўская СШ,,,,,52.35177553636365,31.43064172727272,,,,
way/182644926,Крупецкая сярэдняя школа,Крупецкая средняя школа,Крупецкая сярэдняя школа,,,,,52.32066057647059,31.365671411764705,,,,
way/183884232,Сацыяльна-педагагічны цэнтр,Социально-педагогический центр,Сацыяльна-педагагічны цэнтр,,Тапалёвая вуліца,33,,53.07976416190476,25.307450966666664,,,,
way/184467574,Школа ім. Прытыцкага,Школа им. Притыцкого,Школа ім. Прытыцкага,,,,,53.19710108571428,24.012938899999998,,,,
way/188513223,Музычная школа,Музыкальная школа,Музычная школа,Бярозаўка,вуліца Леніна,3А,231306,53.717121955555555,25.501105388888888,,,,
way/188608538,Базавая школа,Базовая школа,Базавая школа,,вуліца Гагарына,27,211149,54.841892022222225,29.195773811111117,https://bsch-chashniki.schools.by/,+375 (2133) 6-35-09,chash3@tut.by,chash3@tut.by
way/192941629,Раённы цэнтр турызму і краязнаўства дзяцей і юнацтва,Районный центр туризма и краеведения детей и юношества,Раённы цэнтр турызму і краязнаўства дзяцей і юнацтва,,вуліца Перамогі,11,,53.1645077,24.46558524,https://turist-volkovysk.schools.by/,,,
way/194910603,Гімназія №3,Гимназия №3,Гімназія №3,,,,,54.31646561,26.858811660000004,,,,
way/194926206,ДЮСШ,ДЮСШ,ДЮСШ,,,,,54.086887588888885,26.533148977777778,,,,
way/197149959,Сярэдняя школа №7,Средняя школа №7,Сярэдняя школа №7,,,,,53.16530071,24.43814683,,,,
way/197157169,Дапаможная школа-інтэрнат,Вспомогательная школа-интернат,Дапаможная школа-інтэрнат,,,,,53.16583147142857,24.48633488571428,,,,
way/197157170,Гімназія №1,Гимназия №1,Гімназія №1,,,,,53.16748469,24.456587359999997,,,,
way/197157172,Сярэднаяя школа №4,Средняя школа №4,Сярэднаяя школа №4,,,,,53.13767525833334,24.42213506666667,https://4volk.schools.by/,,,
way/197846712,Валожынская Беларуская Гімназія №1,Воложинская Беларусская Гимназия №1,Валожынская Беларуская Гімназія №1,,,,,54.0849771923077,26.518451761538458,,,,
way/197846713,СШ №1,СШ №1,СШ №1,,,,,54.09298870625,26.516874481250007,,,,
way/198341833,Гімназія №2,Гимназия №2,Гімназія №2,,,,,53.1642696875,24.448419381249998,,,,
way/198511496,Сярэдняя школа №3,Средняя школа №3,Сярэдняя школа №3,,,,,53.1637636375,24.4688033875,,,,
way/198661947,Ульянавіцкая школа,Ульяновическая школа,Ульянавіцкая школа,,Цэнтральная вуліца,6,,54.79068698,29.534660759999998,,,,
way/199105868,Сярэдняя школа №8,Средняя школа №8,Сярэдняя школа №8,,,,,53.16406034285715,24.45729040714286,,,,
way/199860485,Уздзенская раённая дзіцяча-юнацкая спартыўная школа,Узденская районная детско-юношеская спортивная школа,Уздзенская раённая дзіцяча-юнацкая спартыўная школа,Узда,Савецкая вуліца,13А,223411,53.46726711111111,27.211868499999998,,80171854361,,
way/202816787,СШ,СШ,СШ,,,,,53.777635018181826,30.346201463636362,,,,
way/203441264,Школа мастацтваў,Школа искусств,Школа мастацтваў,,,,,53.4494676,31.004485569230773,,,,
way/203445547,Вячэрняя школа,Вечерняя школа,Вячэрняя школа,,,,,54.29324926666666,30.981152155555556,,,,
way/204114613,УПК,УПК,УПК,,,,,53.80518551428572,30.9536211,,,,
way/204344356,Лапаціцкая СШ,Лопатичска СШ,Лапаціцкая СШ,,,,,53.56595947333333,30.87079406,,,,
way/204432251,Музычная школа,Музыкальная школа,Музычная школа,,,,,55.40773742222222,30.725613333333328,,,,
way/204549108,Дзіцячая школа мастацтваў №1,Детская школа искусств №1,Дзіцячая школа мастацтваў №1,,плошча Леніна,12,,52.04675761666666,29.26702056666667,,,,
way/205043055,Клуб юных пажарных,Клуб юных пожарных,Клуб юных пажарных,,Камсамольская вуліца,13,,52.04682838,29.26900306,,,,
way/205059341,Яслі-сад №51,Ясли-Сад № 51,Яслі-сад №51,,Мінская вуліца,99,,53.15531886923077,29.21560594615385,,,,
way/205072982,Пачатковая школа-сад,Начальная школа-сад,Пачатковая школа-сад,,,,,53.75349032222222,30.36063518888889,,,,
way/205729239,Сярэдняя школа №9,Средняя школа №9,Сярэдняя школа №9,,,,,53.9046029875,30.352314212500005,,,,
way/205970789,Сярэдняя школа № 31,Средняя школа № 31,Сярэдняя школа № 31,,,,,53.90325568461538,30.361370007692305,http://sosh31.mogilev.by/,"+375(222) 26-26-50, +375(222) 26-25-40",,sosh_31@tut.by
way/206106152,Бабініцкая школа мастацтваў,Бабиничская школа искусств,Бабініцкая школа мастацтваў,,вуліца Шмырова,9,,55.407908277777786,30.72601553333333,,,,
way/206224914,Школа-інтэрнат,Школа Интернат,Школа-інтэрнат,,,,,53.8175118,30.97367046,,,,
way/206224915,Школа-інтэрнат,Школа Интернат,Школа-інтэрнат,,,,,53.81724106,30.97418914,,,,
way/206224916,Школа-інтэрнат,Школа Интернат,Школа-інтэрнат,,,,,53.81741396666667,30.972109633333332,,,,
way/207578988,Дзмітрыеўская ДССШ,Дмитриевская ДССШ,Дзмітрыеўская ДССШ,,,,,53.51312801538462,29.270335815384616,,,,
way/207703028,Музычная школа,Музыкальная школа,Музычная школа,Крычаў,вуліца Лазарэнкі,2А,,53.69441591111111,31.71087353333333,,,,
way/207703029,Мастацкая школа,Художественная школа,Мастацкая школа,Крычаў,вуліца Лазарэнкі,2,,53.69396002222222,31.710912177777782,,,,
way/208402595,ГУО «Гимназия № 1 г.Дзержинска»,Гимназия №1,Гімназія №1,,вуліца Талстога,1А,,53.68500306153846,27.13523212307693,https://gymn1.schoolnet.by/,,dsch1@schoolnet.by,dsch1@schoolnet.by
way/208548915,Каменская сярэдняя школа,КАМЕНСКАЯ СРЕДНЯЯ ШКОЛА,Каменская сярэдняя школа,Каменка,вуліца Механізатараў,10,,53.10163015294116,29.091523694117644,http://kamenka.bobruisk.edu.by,,,
way/209962442,Дзіцячая школа мастацтваў,Детская школа искусств,Дзіцячая школа мастацтваў,,Камсамольская вуліца,64А,,53.569029240000006,31.37332394,,,,
way/209962499,Цэнтр творчасці дзяцей і моладзі,Центр творчества детей и молодежи,Цэнтр творчасці дзяцей і моладзі,,Камсамольская вуліца,30,213533,53.56903734285714,31.37391897142857,,+375224332080,,
way/209994673,Нядзельная школа,Воскресная школа,Нядзельная школа,,,,,54.243804014285715,29.797159042857142,,,,
way/210010740,Школа-ДЮСШ,Школа-ДЮСШ,Школа-ДЮСШ,,,,,54.23588216923076,29.797754500000003,,,,
way/210182766,Дзіцячая школа мастацтваў,детская школа искусств,Дзіцячая школа мастацтваў,,,,,54.11845889999999,31.09380842,,,,
way/212731686,Сярэдняя школа №1,Средняя школа №1,Сярэдняя школа №1,Ганцавічы,Паркавая вуліца,10,,52.75729453571428,26.429888728571427,,,,
way/212731955,Сярэдняя школа №3,Средняя школа №3,Сярэдняя школа №3,Ганцавічы,Кветкавы завулак,27,,52.755406521428576,26.41748285,,,,
way/212769718,Фашчаўская сярэдняя школа Шклоўскага раёна,Фащевская средняя школа Шкловского района,Фашчаўская сярэдняя школа Шклоўскага раёна,Фашчаўка,Цэнтральная вуліца,76,213031,54.14340237777778,30.496272466666667,http://fachevka.shklov.edu.by,,,
way/213092390,Пачатковая школа,начальная школа,Пачатковая школа,,,,,54.050339980000004,31.686036159999997,,,,
way/213834795,ДСВСУ «Быхаўская спецыялізаваная дзіцяча-юнацкая школа алімпійскага рэзерву»,ГСУСУ «Быховская специализированная детско-юношеская школа олимпийского резерва»,ДСВСУ «Быхаўская спецыялізаваная дзіцяча-юнацкая школа алімпійскага рэзерву»,Быхаў,вуліца Дорахава,83А,,53.50501016666666,30.254765933333335,https://bykhov.gov.by/sotsialnaya-sfera/fizicheskaya-kultura-i-sport/item/1159-dush,+375 (2231) 40-587,dussh-2008@byhovsport.by,dussh-2008@byhovsport.by
way/215262814,Сярэдняя школа №2,Средняя школа №2,Сярэдняя школа №2,,,,,52.75857258571428,26.4395333,,,,
way/215364561,Запольская,Запольская,Запольская,,,,,53.352715707692305,29.184733015384616,,,,
way/215732675,Спартыўная школа,Спортивная школа,Спартыўная школа,,Маладзёжная вуліца,,,53.57394645555556,30.343542522222226,,,,
way/223117550,Школа глуханямых,Школа глухонемых,Школа глуханямых,,вуліца Лейбы Стругача,11,,54.42183935555556,25.910563888888888,,,,
way/223503242,Аўтадром ДТСААФ,Автодром ДОСААФ,Аўтадром ДТСААФ,,,,,52.80913440000001,27.555871936363634,,,,
way/224664381,Сярэдняя школа №42,Средняя школа №42,Сярэдняя школа №42,,,,,53.911352077777764,27.421132144444442,,,,
way/224877283,СШ № 14,СШ № 14,СШ № 14,,,,,55.516404981250005,28.694302725000004,https://14novopolotsk.schools.by/,+375(214) 550-550,,nsch14@mail.ru
way/225150030,Школа № 8,Школа № 8,Школа № 8,,,,,54.49964555,30.435767449999997,https://8orsha.schools.by/,+375(216) 54-44-28;+375(216) 51-24-56;+375(216) 51-42-54,,08.school.orsha@gmail.com
way/225386982,Гімназія №74,Гимназия №74,Гімназія №74,,вуліца Артылерыстаў,15,,53.884412651999995,27.560136972,,,,
way/225996713,Сярэдняя школа № 23,Средняя школа № 23,Сярэдняя школа № 23,,1-я Маладзёжная вуліца,26,,54.559588775,30.4486695875,https://23orsha.schools.by/,"+375(216) 29-43-04,+375(216) 29-43-01",,23.school.orsha@gmail.com
way/226100376,Гімназія № 9,Гимназия № 9,Гімназія № 9,,Маскоўскі праспект,41А,,55.17439196666666,30.233132516666668,http://gymn9.vitebsk.edu.by/,+375212575222,"gimnazium9@tut.by, gymn9@vitebsk.edu.by","gimnazium9@tut.by, gymn9@vitebsk.edu.by"
way/226125841,Школа № 38,Школа № 38,Школа № 38,,,,,55.175397094444435,30.237631511111108,http://sch38.vitebsk.edu.by/,+375(212) 63-49-28;+375(212) 63-71-86;+375(212) 63-29-84,,sc38_perv@mail.ru
way/226148459,Гімназія №14,Гимназия №14,Гімназія №14,,вуліца Васняцова,10,,53.87144951578947,27.615527831578948,,,,
way/226309993,Школа кулявой стральбы,школа пулевой стрельбы,Школа кулявой стральбы,,,,,55.17489617,30.2170861,,,,
way/226312089,Гімназія № 5,Гимназия № 5,Гімназія № 5,,,,,55.17373334,30.207509690000002,http://gymn5.vitebsk.edu.by,"+375212572052, +375212570840",,gimnazia5@tut.by
way/226784187,Сярэдняя школа №15,Средняя школа №15,Сярэдняя школа №15,,,,,53.85278739166666,27.601486212499996,,,,
way/226794773,Школа № 41,Школа № 41,Школа № 41,,,,,55.22736705499998,30.12476412,http://www.ecogimn.vitebsk.by/,+375(212) 35-53-90;+375(212) 35-53-43,,ecogimn@tut.by
way/227082259,Дапаможная школа №26,Вспомогательная школа № 26,Дапаможная школа №26,,,,,55.19766524444444,30.23563732222222,http://special-school-26.oct-vit-roo.by/,"+375212261960, +375212261961, +375212261960",,vgvsh26@mail.ru
way/227082261,Школа № 29 імя Піменава,Школа № 29 им. Пименова,Школа № 29 імя Піменава,,,,,55.197495728571425,30.236791657142852,https://29vitebsk.schools.by/,+375(212) 66-15-34,,v_school29@tut.by
way/227384076,Сярэдняя школа №7,Средняя школа №7,Сярэдняя школа №7,Гродна,вуліца Курчатава,7,230009,53.70622425,23.811907514285718,https://school7grodno.by/,+375152443640; +375152443641,sch7@lengrodno.by,sch7@lengrodno.by
way/228904763,Школа № 5,Школа № 5,Школа № 5,,,,,55.21269411666667,30.231583727777775,,,,
way/229716102,"ГУДО ""Центр творчества, туризма детей и молодёжи Мядельского района""","ГУДО ""Центр творчества, туризма детей и молодёжи Мядельского района""","ДУДА ""Цэнтр творчасці, турызму дзяцей і моладзі Мядзельскага раёна""",,Кастрычніцкая вуліца,10,222395,54.9170799923077,26.70160297692308,https://cttdim-myadel.schools.by/,+375179722453;+375179722454,cttdim@myadel.gov.by,cttdim@myadel.gov.by
way/230092231,Агульнаадукацыйная школа №59,Общеобразовательная школа №59,Агульнаадукацыйная школа №59,Мінск,Лідская вуліца,8,220055,53.923386199999996,27.435035494117653,,,,
way/232192061,Школа № 2,Школа № 2,Школа № 2,,,,,55.18382272499999,30.200912787500002,,,,
way/232194531,Сярэдняя школа №82,Средняя школа №82,Сярэдняя школа №82,,,,,53.87394141111111,27.62380453333333,,,,
way/232518126,Ходасаўская СШ,Ходосовская СШ,Ходасаўская СШ,,,,,53.9345368,31.480768985714285,,,,
way/232587812,Школа № 27,Школа № 27,Школа № 27,,Ленінградская вуліца,37,,55.2021081,30.178647950000006,,,,
way/234031783,Снитовская базовая школа,Снитовская базовая школа,Снитовская базовая школа,Снітава,Ленінская вуліца,111,,52.13082107647058,25.43805470588235,http://snit.ivanovo.edu.by/ru/main.aspx?ysclid=mmxbgeklyq853086630,,,
way/234031961,Снитовская базовая школа,Снитовская базовая школа,Снитовская базовая школа,,,,,52.13140864285714,25.438127428571427,http://snit.ivanovo.edu.by/ru/main.aspx?ysclid=mmxbgeklyq853086630,,,
way/234302537,Нядзельная школа,Воскресная школа,Нядзельная школа,,вуліца Куйбышава,11А,,53.131828539999994,26.0033192,,,,
way/234867309,Сярэдняя школа №155,Средняя школа №155,Сярэдняя школа №155,,,,,53.86027943809524,27.471373442857146,,,,
way/234897746,Школа № 14,Школа № 14,Школа № 14,,,,,53.12727456666667,25.990578558333336,http://sch14.baranovichi.edu.by/,+375(163) 42-51-50,,sch14@baranovichi.edu.by
way/238157576,Дзіцячы сад-школа,Д/сад-школа,Дзіцячы сад-школа,,Прыазёрная вуліца,2,,55.32569936,29.747846879999997,,,,
way/238506843,Гімназія № 7,Гимназия № 7,Гімназія № 7,,праспект Перамогі,29А,,55.16538435000001,30.217605843749997,http://gymn7.vitebsk.by/,"+375212580032, +375212580012",gimnazium7_vit@tut.by,gimnazium7_vit@tut.by
way/238508272,Гімназія № 8,Гимназия № 8,Гімназія № 8,,,,,55.16741330000001,30.217115844444443,http://www.guo8.vitebsk.by/,"+375212238457, +375212260821",gimnazium8@tut.by,gimnazium8@tut.by
way/238562238,СШ № 8,СШ №8,СШ № 8,,вуліца Геолагаў,2А,,52.118220208,29.351467336,,,,
way/238662619,Торфазаводская САШ,Торфозаводская СОШ,Торфазаводская САШ,,Савецкая вуліца,23,247014,52.56078714,30.885017266666672,http://www.bolshevikschool.gomel.by,+375 232 948060,torfzavod@mail.ru,torfzavod@mail.ru
way/238840007,Навагуцкая СШ,Новогутская СШ,Навагуцкая СШ,,,,,52.101778422222225,30.980828011111107,,,,
way/240058437,Школа № 3,Школа № 3,Школа № 3,,,,,55.20417302999999,30.21624203,http://school-3.oct-vit-roo.by/?page=our-address,+375212538399,vit.school3@rambler.ru,vit.school3@rambler.ru
way/240577396,Школа № 11,Школа № 11,Школа № 11,,,,,55.180473623076914,30.220894238461536,http://vs11.by/,+375(212) 47-20-76;+375(212) 47-00-67,,school_11_vit@tut.by
way/241794160,Дом дзіцячай творчасці,Дом детского творчества,Дом дзіцячай творчасці,,вуліца Карла Маркса,13,,52.15192939999999,25.54333916,,,,
way/241794180,"Ивановский районный центр, туризма, экологии и патриотического воспитания","Ивановский районный центр, туризма, экологии и патриотического воспитания","Ивановский районный центр, туризма, экологии и патриотического воспитания",,,,,52.15383183333333,25.54560415555555,,,,
way/241794187,Школа № 3,Школа № 3,Школа № 3,,,,,52.15076725555556,25.544040422222228,,,,
way/242478371,Музычная школа,Музыкальная школа,Музычная школа,,,,,54.890289328571434,28.622797428571428,,,,
way/242478372,Стайская сярэдняя школа,Стайская средняя школа,Стайская сярэдняя школа,Стаі,Школьная вуліца,13,,54.88960577142858,28.621683385714284,https://stailepel.znaj.by,+375 21 3232534,,
way/243113252,СШ № 2,СШ № 2,СШ № 2,,,,,55.536502780000006,28.637908232000008,https://www.novedu.by/school2,+375214511110,shcool2np@mail.ru,shcool2np@mail.ru
way/243119562,Гімназія № 2,Гимназия № 2,Гімназія № 2,,,,,55.52265671,28.66881611,http://gimnaziya2.sites.novedu.by/,+375214322810,gimnazia2nov@gmail.com,gimnazia2nov@gmail.com
way/243120926,СШ № 4,СШ № 4,СШ № 4,,,,,55.52764930645159,28.666120493548387,https://www.novedu.by/school4,+375214322466,shcool-4@inbox.ru,shcool-4@inbox.ru
way/243336115,"ДУА «Гімназія №1», корпус 2","ГУО «Гимназия №1», корпус 2","ДУА «Гімназія №1», корпус 2",,,,,55.19661039999999,30.202903886666668,http://gymn-1.oct-vit-roo.by/,,,
way/243495967,Гімназія № 1,Гимназия № 1,Гімназія № 1,,,,,55.5321779611111,28.66625123888889,https://www.novedu.by/gimnaziya,+375214534462,novop_gimnazia@mail.ru,novop_gimnazia@mail.ru
way/243511540,Школа № 31,Школа № 31,Школа № 31,,,,,55.17964744375,30.212765206249994,http://www.school31.vitebsk.by/,+375 (212) 58-32-10;+375 (212) 58-01-51,,
way/243526049,ДУДА «Воранаўскі цэнтр творчасці дзяцей і моладзі»,ГУДО «Вороновский центр творчества детей и молодёжи»,ДУДА «Воранаўскі цэнтр творчасці дзяцей і моладзі»,,Савецкая вуліца,46,,54.15067641111111,25.317514888888887,,,,
way/243738576,Школа № 33,Школа № 33,Школа № 33,,,,,55.17864961428571,30.206795514285716,https://33vitebsk.schools.by/,+375(212) 37-28-61;+375(212) 37-29-61,,sch33@pervroo-vitebsk.gov.by
way/243964267,Школа-інтэрнат,Школа-интернат,Школа-інтэрнат,,,,,52.37018098888889,23.367408422222223,,,,
way/244277132,Школа № 30,Школа № 30,Школа № 30,,вуліца Гагарына,58А,,55.21477076666667,30.223800055555557,,,,
way/245531984,Уцёўская САШ,Утевская СОШ,Уцёўская САШ,,Кааператыўная вуліца,,,52.22732414285714,31.380251842857145,,,,
way/245539660,СШ № 12,СШ № 12,СШ № 12,,,,,55.51886369999998,28.69074202,https://www.novedu.by/school12,+375214550415,12school@bk.ru,12school@bk.ru
way/245913391,Школа № 24,Школа № 24,Школа № 24,,,,,55.168357300000004,30.153458109090913,https://vitebsk24.schools.by/,+375212268493,school_24_v@tut.by,school_24_v@tut.by
way/245913392,Школа № 40,Школа № 40,Школа № 40,,,,,55.167510820000004,30.202688060000003,http://sch40.vitebsk.edu.by/,+375212579696,school40_vit@tut.by,school40_vit@tut.by
way/245960841,СШ № 3,СШ № 3,СШ № 3,,,,,55.53063285714285,28.650766,https://www.novedu.by/school3,+375214531720,school3_np@mail.ru,school3_np@mail.ru
way/248954080,Школа № 1,Школа № 1,Школа № 1,,,,,55.025459122222216,30.803868522222224,,"+375213841398, +375213841542",sch1@liozno.edu.by,sch1@liozno.edu.by
way/250717822,Грозаўскі псіханеўралагічны дом-інтэрнат,Грозовский психоневрологический дом - интернат,Грозаўскі псіханеўралагічны дом-інтэрнат,Канюхі,,,,53.15872406363637,27.386105090909087,https://konuhi.schools.by/,,,
way/251303350,Стаўнянская сярэдняя школа,Столнянская средняя школа,Стаўнянская сярэдняя школа,Стоўпня,вуліца Леніна,19,247256,52.91810033076923,30.42448127692308,,,,
way/252127813,Музычная школа,Музыкальная школа,Музычная школа,Доўск,Паркавая вуліца,,247261,53.15349536,30.45437738,,,,
way/254266498,ДУА «Баравухскі яслі-сад №37 г. Наваполацка»,ГУО «Боровухский ясли-сад №37 г. Новополоцка»,ДУА «Баравухскі яслі-сад №37 г. Наваполацка»,,,,,55.59201985714286,28.596604871428575,,,,
way/255474406,Сярэдняя школа №9,Средняя школа №9,Сярэдняя школа №9,,,,,53.87693360555554,25.331527338888886,,+375 154 652994,,
way/255520253,Гімназія №20,Гимназия №20,Гімназія №20,,,,,53.89623554545455,27.440522172727277,,,,
way/256603542,Музычная школа,Музыкальная школа,Музычная школа,,вуліца Леніна,8,,52.14503748333333,25.5329368,,,,
way/256821453,Казялужская сярэдняя школа,Козелужская средняя школа,Казялужская сярэдняя школа,,,,,51.89325334,29.908057959999997,,,,
way/256863879,Корпус пачатковых класаў Гімназіі № 2,Корпус начальных классов Гимназии № 2,Корпус пачатковых класаў Гімназіі № 2,Гродна,вуліца Серафімовіча,66,230029,53.696604438461534,23.816768730769233,https://gymn2.lengrodno.gov.by/,+375 152 44-51-36,gymn2@lengrodno.by,gymn2@lengrodno.by
way/257587638,Церахоўскі КПК,Тереховский УПК,Церахоўскі КПК,,вуліца Леніна,167,,52.21402437777778,31.44950307777778,,,,
way/260061650,Школа №14,Школа №14,Школа №14,,,,,52.788521177777774,27.498041855555556,,,,
way/260315322,Сярэдняя школа №142,Средняя школа №142,Сярэдняя школа №142,,,,,53.83778229999999,27.69856772,,,,
way/260426808,Сярэдняя школа №210,Средняя школа №210,Сярэдняя школа №210,,,,,53.83957393703703,27.700598048148155,,,,
way/260578583,Волпаўская сярэдняя школа,Волповская средняя школа,Волпаўская сярэдняя школа,,,,,53.365825588235296,24.36748991764706,https://volpa.schools.by/,,,
way/261402157,Жгуньская сярэдняя школа,Жгуньская средняя школа,Жгуньская сярэдняя школа,,Школьная вуліца,10,,52.33854485454545,31.313965772727272,,,,
way/262342820,Кругавец - Калінінскі дзіцячы сад - сярэдняя школа,Круговец - Калининский дет. сад - ср. школа,Кругавец - Калінінскі дзіцячы сад - сярэдняя школа,Кругавец-Калініна,вуліца Леніна,2,,52.1512628,31.695484527272733,https://krugovec.schools.by/,,,
way/262666214,Школа № 3,Школа № 3,Школа № 3,,,,,53.06698223499999,30.018181525000006,,,,
way/262671987,Школа,Школа,Школа,,,,,51.76920582307693,29.19655622307692,,,,
way/263483034,Пераростаўская СШ,Переростовкая СШ,Пераростаўская СШ,,,,,52.303897344000006,31.466267644000006,,,,
way/264303263,Кармянская СШ,Кормянская СШ,Кармянская СШ,,,,,52.343986984615384,31.51117653076923,,,,
way/264431538,Харашэўская СШ,Хорошевская СШ,Харашэўская СШ,,,,,52.34938644,31.60170494,,,,
way/264851558,Школа №13,Школа №13,Школа №13,,,,,52.9081984875,30.038190243749998,https://sh13.zhlobinedu.by/,,,
way/264986104,Школа №1,Школа №1,Школа №1,,,,,52.895258587499995,30.03918385,,,,
way/267216076,Сярэдняя школа №98,Средняя школа №98,Сярэдняя школа №98,,вуліца Яна Райніса,1,,53.876473325,27.60831998333333,,,,
way/267402036,Лабковіцкая сярэдняя школа,Лобковичская средняя школа,Лабковіцкая сярэдняя школа,,,,,53.83265797333333,31.7493613,,,,
way/270843669,Школа № 4,Школа № 4,Школа № 4,Рэчыца,Спартыўная вуліца,10,,52.357354470000004,30.41361839,https://school4.of.by/index.php/ru/,+375 2340 4-94-89;+375 2340 4-38-32,retchica_shkola4@mail.gomel.by,retchica_shkola4@mail.gomel.by
way/271430181,Школа №9,Школа №9,Школа №9,,,,,52.03504083636364,29.210695036363642,,,,
way/271452821,Школа №15,Школа №15,Школа №15,,,,,52.039669957142856,29.199699000000003,,,,
way/271455449,Школа №13,Школа №13,Школа №13,,,,,52.02960868333333,29.217750816666666,,,,
way/271455450,Школа №11,Школа №11,Школа №11,,,,,52.03111646,29.22031412,,,,
way/273538471,СШ №3,СШ №3,СШ №3,,,,,53.498616240000004,28.16909923,,,,
way/273727391,Сярэдняя школа № 1,Средняя школа № 1,Сярэдняя школа № 1,,,,,55.040736400000014,29.447009299999998,https://1.beshenkovichi.schools.by/,+375213143566,sch1_beshenk@mail.ru,sch1_beshenk@mail.ru
way/273814445,Бешанковіцкая гімназія-інтэрнат,Бешенковичская гимназия-интернат,Бешанковіцкая гімназія-інтэрнат,,,,,55.05205461666666,29.472999983333338,,+375(213) 142546;+375(213) 142137,besh_gumnasium@mail.ru,besh_gumnasium@mail.ru
way/273814451,Сярэдняя школа № 2,Средняя школа № 2,Сярэдняя школа № 2,,,,,55.046025045454556,29.462643109090905,https://sh2.beshenkovichi.schools.by/,+375213142437,sha-2@tut.by,sha-2@tut.by
way/274103671,Обальская сярэдняя школа,Обольская средняя школа,Обальская сярэдняя школа,,,,,55.35334952222222,29.294497766666666,https://obol.schools.by/,+375-2130-36337,obolj1@tut.by,obolj1@tut.by
way/274181545,Сярэдняя школа №21,Средняя школа №21,Сярэдняя школа №21,,,,,53.91035074285714,30.33717324285714,,,,
way/274444990,Сярэдняя школа №55,Средняя школа №55,Сярэдняя школа №55,,,,,53.8760277016129,27.565517709677415,,,,
way/274897533,Школа № 6,Школа № 6,Школа № 6,,,,,53.147228278571426,29.214122042857138,,+375225553979,,
way/274903337,Школа № 1,Школа № 1,Школа № 1,,,,,53.14984636249999,29.240490975000004,,+375225491088,,
way/274928482,Акцябрская школа,Октябрьская школа,Акцябрская школа,,,,,55.12833094,30.258128989999996,,+375(212) 200-364;+375(212) 200-378,oktshcool@yandex.ru,oktshcool@yandex.ru
way/275257872,СШ № 32,СШ № 32,СШ № 32,,,,,53.19611718,29.229297980000002,,,,
way/275392646,Багушэўская СШ №1,Богушевская СШ № 1,Багушэўская СШ №1,,,,,54.844253925000004,30.210478424999998,http://bogushevsk-school1.belhost.by/,"+375213545143, +375213545807",school_n1@tut.by,school_n1@tut.by
way/275392647,Багушэўская сярэдняя школа імя А.Э. Марфіцкага,Богушевская средняя школа имени А.Э. Марфицкого,Багушэўская сярэдняя школа імя А.Э. Марфіцкага,,,,,54.84031373684211,30.22060175789474,https://bogushevsk2.schools.by/,+375213552261,bogus-sc@tut.by,bogus-sc@tut.by
way/275392937,Санаторная школа-інтэрнат,санаторная школа-интернат,Санаторная школа-інтэрнат,,,,,54.85738246999999,30.204303590000002,https://shi-bogushevsk.schools.by/,"+375213545572, +375213545482",bskarolina@tut.by,bskarolina@tut.by
way/276072098,Гімназія №174,Гимназия №174,Гімназія №174,,,,,53.851509695999994,27.467838532000002,,,,
way/276254115,Даўжанская сярэдняя школа,Должанская средняя школа,Даўжанская сярэдняя школа,,,,,55.35712952857143,30.074158050000005,,+375212209437,dolzha@yandex.ru,dolzha@yandex.ru
way/276264847,Гімназія,Гимназия,Гімназія,,,,,52.13449603333335,28.489035783333332,https://petrikov.schools.by/,,,
way/277589409,Школа №2,Школа №2,Школа №2,,,,,55.51271108095237,28.769393861904764,,,,
way/277932256,Школа № 43 імя Шмырова М. П.,Школа № 43 им. Шмырёва М. Ф.,Школа № 43 імя Шмырова М. П.,,,,,55.161334475,30.19271030833333,http://sch43.vitebsk.edu.by/,"+375(212) 54-72-42, +375(212) 577-982",,school_43_vit@tut.by
way/278530497,Школа № 8,Школа № 8,Школа № 8,,вуліца Карла Маркса,37,,55.187606159999994,30.17052652,,"+375212343163, +375212342251",8school@tut.by,8school@tut.by
way/278807708,Аўташкола ДАСААФ,Автошкола ДОСААФ,Аўташкола ДАСААФ,,,,,54.3170049375,26.861511450000002,,,,
way/279006077,Бабінавіцкая яслі-сад сярэдняя школа (зачынена),Бабиновичская ясли-сад средняя школа (закрыта),Бабінавіцкая яслі-сад сярэдняя школа (зачынена),,,,,54.8331247625,30.565970500000002,,"+375213834391, +375213834316",asbab@liozno.edu.by,asbab@liozno.edu.by
way/279347812,Сярэдняя школа №3,Средняя школа №3,Сярэдняя школа №3,,,,,55.477640335714284,28.77382607142857,,,,
way/279350307,Сярэдняя школа №11,Средняя школа №11,Сярэдняя школа №11,,Чырвонаармейская вуліца,17А,,55.47628239999999,28.793857480000003,,,,
way/279547392,Краснабудская СШ,Красно-Будская СШ,Краснабудская СШ,,,,,52.18751746666666,31.495239155555552,,,,
way/279671857,Варонаўская школа,Вороновская школа,Варонаўская школа,,,,,55.149882955555555,30.392255555555558,,"+375212203508, +375212203575",voronyschool@yandex.ru,voronyschool@yandex.ru
way/279747114,Баршчэўская САШ,Борщёвская СОШ,Баршчэўская САШ,,,,,52.21158020000001,31.561815700000004,,,,
way/279931598,Школа № 2,Школа № 2,Школа № 2,,,,,55.031910591666666,30.79899959999999,,"+375213841581, +375213841552",sch2@liozno.edu.by,sch2@liozno.edu.by
way/280222643,Школа № 15,Школа № 15,Школа № 15,,,,,55.29883836000001,30.307696500000002,http://sch15.vitebsk.edu.by,+375 212 69-66-42,,school15by@otdelobr.by
way/280452429,Арэхаўская школа,Ореховская школа,Арэхаўская школа,,,,,54.694783599999994,30.498838059999997,https://orehovsk.schools.by/,"+375216270295, +375216270350",orechovskay.school.orsha@gmail.com,orechovskay.school.orsha@gmail.com
way/281553161,Сярэдняя школа №179,Средняя школа №179,Сярэдняя школа №179,,,,,53.910986872222225,27.447478877777773,,,,
way/281553162,Сярэдняя школа №185,Средняя школа №185,Сярэдняя школа №185,,,,,53.909530964285715,27.447014914285713,,,,
way/281640824,Гімназія №6 імя Дзяржынскага,Гимназия №6 имени Дзержинского,Гімназія №6 імя Дзяржынскага,Гродна,вуліца Брыкеля,103/2,230005,53.702700013333335,23.844530426666665,https://gymn6.lengrodno.gov.by/,+375152786045,gymn6@lengrodno.by,gymn6@lengrodno.by
way/282300377,Школа № 21,Школа № 21,Школа № 21,,,,,55.198143075,30.196974300000004,https://21vitebsk.schools.by/,"+375212365332, +375212360492",,shkola21vitebsk@mail.ru
way/282402307,Школа № 1,Школа № 1,Школа № 1,,,,,55.45794737826087,29.984052769565213,http://sch1.gorodok.edu.by/,"+375333060295, +375213942330, +375213943478",,
way/282414516,Музычная школа,Музыкальная школа,Музычная школа,,,,,53.83197259999999,23.648978739999997,,,,
way/282486974,Школа № 2,Школа № 2,Школа № 2,,,,,55.467307325,29.974265649999996,http://sch2.gorodok.edu.by,"+375333060315, +375213942703, +375213943406",,
way/282515062,ДТСААФ,ДОСААФ,ДТСААФ,,,,,53.51244471428572,28.13173004285714,,,,
way/282755061,Корабаўскі дзіцячы сад - сярэдняя школа імя Р.І. Мацэюна,Коробовская детский сад – средняя школа имени Р.И. Мацеюна,Корабаўскі дзіцячы сад - сярэдняя школа імя Р.І. Мацэюна,Карабы 2,Школьны завулак,2А,,55.119690738461536,27.5452953,https://koroby.rooglub.gov.by/,,,
way/282801376,Ржаўская дзіцячы сад-сярэдняя школа,Ржавская детский сад-средняя школа,Ржаўская дзіцячы сад-сярэдняя школа,,,,,55.07455514000001,29.57361664,,,,
way/283082049,Гімназія №43,Гимназия №43,Гімназія №43,,,,,53.9150729,27.432304550000005,,,,
way/283406325,Верцялішкаўская сярэдняя школа,Вертелишковская средняя школа,Верцялішкаўская сярэдняя школа,,,,,53.700476249999994,24.004679714285714,https://vertelishki.grodruo.by/,+375152473858,vertelishki.sch@grodno-region.by,vertelishki.sch@grodno-region.by
way/283563856,САШ,СОШ,САШ,,Піянерская вуліца,1,,52.51825512222222,29.59760947777778,,,,
way/284822746,школьная майстэрня,школьная мастерская,школьная майстэрня,,,,,52.18171944000001,31.682023039999997,,,,
way/285220994,Сярэдняя школа №20 імя Чайкінай,Средняя школа №20 имени Чайкиной,Сярэдняя школа №20 імя Чайкінай,Гродна,вуліца Вольгі Соламавай,76,,53.66640161666667,23.79352087222222,https://sch20.oktobrgrodno.gov.by/,+375152696250,sch20@oktobrgrodno.gov.by,sch20@oktobrgrodno.gov.by
way/286353250,Школа № 17,Школа № 17,Школа № 17,,вуліца Някрасава,3,,55.193982272727276,30.181353845454545,,"+375212359737, +375212359738",,
way/286422366,Школа № 25,Школа № 25,Школа № 25,,,,,55.17491322857143,30.21645012857143,http://sch25.vitebsk.edu.by/,"+375212571606, +375212577871",,sc25perv@tut.by
way/286483323,Краснасельская сярэдняя школа,Красносельская средняя школа,Краснасельская сярэдняя школа,,,,231911,53.260827141666674,24.41481338333333,https://krassh.schools.by/,80151262742,krssh@tut.by,krssh@tut.by
way/286643660,Краснасельская пачатковая школа,Красносельская начальная школа,Краснасельская пачатковая школа,,,,231911,53.26053132,24.426345660000003,,80151295894,,
way/286958014,Сярэдняя школа №189,Средняя школа №189,Сярэдняя школа №189,,,,,53.87299103750001,27.602960375000002,,,,
way/286972930,Раціцкая сярэдняя агульнаадукацыйная школа,Ратичская средняя общеобразовательная школа,Раціцкая сярэдняя агульнаадукацыйная школа,Рацічы,,,,53.76244481428572,23.6599416,https://ratichi.schools.by,,ratichi@mail.ru,ratichi@mail.ru
way/287217016,Быстрыцкая сярэдняя школа,Быстрицкая средняя школа,Быстрыцкая сярэдняя школа,,,,,53.03701236666667,27.07601527777778,https://bystrica.schools.by/,,,
way/287280466,ДУА «Сярэдняя школа №1 г. Фаніпаля»,ГУО «Средняя школа №1 г. Фаниполя»,ДУА «Сярэдняя школа №1 г. Фаніпаля»,,,,,53.74871234285714,27.326602328571433,,,,
way/288481575,УПК детский сад-средняя школа,УПК детский сад-средняя школа,УПК детский сад-средняя школа,Пацуі,вуліца Леніна,1,,53.05195254444445,24.05373478888889,,,,
way/288903180,Школа № 42,Школа № 42,Школа № 42,,,,,55.16134446666667,30.23467387777778,http://school42.by/,+375 (212) 25-66-61,,school42vit@gmail.com
way/289494393,Школа № 2,Школа № 2,Школа № 2,,,,,54.51063055000001,30.414288990000006,https://02orsha.schools.by/,+375 (216) 21-57-94,,02.school.orsha@gmail.com
way/289494394,Школа № 21,Школа № 21,Школа № 21,,,,,54.51189021764706,30.414453382352946,https://21orsha.schools.by/,+375 (216) 22-72-78,21.school.orsha@gmail.com,21.school.orsha@gmail.com
way/289550742,ДУА ”Навагрудская дзіцячая школа мастацтваў”,ГУО “Новогрудская детская школа искусств”,ДУА ”Навагрудская дзіцячая школа мастацтваў”,,вуліца Міцкевіча,9,231400,53.594869200000005,25.823099539999998,ndshi.nov-centr.of.by,,,
way/290571410,Гімназія,Гимназия,Гімназія,,вуліца Луначарскага,11,,52.62598351250001,29.72448675,http://sgymnasia.gomel.by/,+375(2342) 7-03-73,,info@svetgimnazia.by
way/290571411,Сярэдняя школа № 8,Средняя школа № 8,Сярэдняя школа № 8,,вуліца Луначарскага,13,,52.6238242,29.72283268,https://sv8.schools.by/,+375(2342) 2-89-44;+375(2342) 7-04-41,,school8sv@school8sv.by
way/290870190,Пачатковая школа №2,Начальная школа №2,Пачатковая школа №2,,Чырвоная вуліца,3А,,52.888130177777775,30.035273000000004,https://zhlobin2.schools.by/,+375 2334 45052 (директор),,
way/290876461,Сярэдняя школа № 2,Средняя школа № 2,Сярэдняя школа № 2,3-ці мікрараён,,17,,52.8837119,30.033604812500002,https://zlobinsch2.znaj.by/,+375 2334 45746,,
way/290895352,Гімназія № 8,Гимназия № 8,Гімназія № 8,,,,,52.88124905000001,30.045907700000004,,,,
way/291133496,Мышанская сярэдняя школа,Мышанская средняя школа,Мышанская сярэдняя школа,,,,,52.179808200000004,28.96555786666666,,,,
way/291812421,ГУ «СШ №1»,ГУ «СШ №1»,ГУ «СШ №1»,Карэлічы,вуліца Фаменкі,5,231430,53.57196134666666,26.1337377,https://1korelichi.schools.by,+375 1596 72161,,
way/291819593,Сярэдняя школа №49,Средняя школа №49,Сярэдняя школа №49,,,,,53.91952578275861,27.44098323103448,,,,
way/292423923,Расонская сярэдняя школа імя П.М. Машэрава,Россонская средняя школа им. П.М. Машерова,Расонская сярэдняя школа імя П.М. Машэрава,,вуліца Машэрава,2,,55.90221859,28.817598480000004,http://sch.rossoni.edu.by,"+375 (2159) 4-13-41, +375 (2159) 4-24-45",ros-sh@vitebsk.by,ros-sh@vitebsk.by
way/292998176,Музычная школа,Музыкальная школа,Музычная школа,,Школьная вуліца,А1,,52.08724474,27.63280456,,,,
way/293174169,Геранёнская сярэдняя школа,Геранёнская средняя школа,Геранёнская сярэдняя школа,,,,,54.112891571428584,25.576869185714283,https://geran.schools.by,(801595) 69545,,
way/293174272,Ліпнішкаўскі дзіцячы сад – сярэдняя школа,Ліпнішкаўскі дзіцячы сад – сярэдняя школа,Ліпнішкаўскі дзіцячы сад – сярэдняя школа,,,,,54.00281703076924,25.606904915384614,,,,
way/293178173,Геранёнская дзіцячая школа мастацтваў,Геранёнская детская школа искусств,Геранёнская дзіцячая школа мастацтваў,,Школьная вуліца,5,,54.11426544545454,25.578229263636363,https://geran-dshi.by/,(801595) 69544,,geran.dshi@ivie-lib.by
way/293720989,Гімназія №1 імя акадэміка Карскага,Гимназия №1 имени академика Карского,Гімназія №1 імя акадэміка Карскага,Гродна,праспект Янкі Купалы,82,230010,53.65726562,23.851387950000007,https://gymn1.oktobrgrodno.gov.by/,+375152339025,gymn1@oktobrgrodno.gov.by,gymn1@oktobrgrodno.gov.by
way/293964955,Коласаўская сярэдняя школа,Колосовская средняя школа,Коласаўская сярэдняя школа,,,,,53.517482525,26.92941905,https://kolosovo.znaj.by/,,,
way/294007203,Сярэдняя школа №83,Средняя школа №83,Сярэдняя школа №83,,,,,53.877155887499995,27.50441895,,,,
way/294601796,Школа №9,Школа №9,Школа №9,,,,,55.49671781333334,28.770930613333338,,,,
way/294862676,Сярэдняя школа №54,Средняя школа №54,Сярэдняя школа №54,,,,,53.86261525000001,27.562844483333336,,,,
way/295029646,Сярэдняя школа №53,Средняя школа №53,Сярэдняя школа №53,,,,,53.931608327272734,27.586256736363637,http://sch53.minsk.edu.by/,+375 17 3313045;+375 17 3315326,sch53@minsk.edu.by,sch53@minsk.edu.by
way/300883504,Гімназія № 2,Гимназия № 2,Гімназія № 2,,,,,55.192557625,30.193841125,http://gymn2.vitebsk.schools.by/,"+375 (212) 36-45-51, +375 (212) 36-05-53",,vtgimn2@gmail.com
way/301488958,Ракаўская сярэдняя школа,Раковская средняя школа,Ракаўская сярэдняя школа,,,,,53.96420613333333,27.060256913333333,,,,
way/302127988,Гімназія № 1,Гимназия № 1,Гімназія № 1,,,,,54.20696391250001,28.4773082875,,,,
way/303150839,Сярэдняя школа №172,Средняя школа №172,Сярэдняя школа №172,,,,,53.881666181818176,27.665887436363633,,,,
way/304074702,Сякерыцкая Базавая школа,Сякерыцкая Базавая школа,Сякерыцкая Базавая школа,,,,,52.466907260000006,28.9237123,,,,
way/306172948,Путрышкаўская сярэдняя школа імя Ф.Л.Крайніка,Путришковская средняя школа имени Ф.Л.Крайника,Путрышкаўская сярэдняя школа імя Ф.Л.Крайніка,,,,,53.69973541904762,23.94750901904762,https://putrishki.grodruo.by/,+375152474342;+375152474693,putrishki.sch@grodno-region.by,putrishki.sch@grodno-region.by
way/306374305,Гімназія №2,Гимназия №2,Гімназія №2,,,,,53.15832123333334,29.23248869333333,,,,
way/306382653,СШ № 28,СШ № 28,СШ № 28,,Ульянаўская вуліца,51,,53.170777169230774,29.187136092307693,,,,
way/306673319,Раманавіцкая СШ,Романовичская СШ,Раманавіцкая СШ,,Школьная вуліца,23,,52.42599466470589,31.120328370588233,,,,
way/306783538,Сярэдняя школа №1,Средняя школа №1,Сярэдняя школа №1,,,,,54.57226565,30.693336900000002,https://1.dubrovno.schools.by/,+375(2137) 4-10-22,dubrovno1school@mail.ru,dubrovno1school@mail.ru
way/307248290,Сярэдняя школа № 6,Средняя школа № 6,Сярэдняя школа № 6,,,,,53.882293274999995,30.336113125000008,http://www.school6.mogilev.by/,+375(222) 48-10-88,,mogilev_school6@tut.by
way/307248291,Сярэдняя школа № 7,Средняя школа № 7,Сярэдняя школа № 7,,,,,53.8861918,30.412733000000003,http://www.school7.mogilev.by/,+375(222) 42-28-43,,mogilev_school7@tut.by
way/307458351,Школа № 8,Школа № 8,Школа № 8,,,,,52.35699297777778,30.425899999999995,http://8shkola.by/,+375 (2340) 4-30-26,,rechica_shkola8@tut.by
way/307458353,Школа № 6,Школа № 6,Школа № 6,,,,,52.35610033636363,30.407663236363636,http://rechitsa-skool6.ehost.by/,"+375 (2340) 5-53-44, +375 (2340) 5-61-22",,rechica_shkola6@tut.by
way/307469511,Гімназія,Гимназия,Гімназія,,,,,52.36711252,30.408588579999996,http://rchgymn.ehost.by/,"+375 (2340) 2-17-93, +375 (2340) 2-72-13",,rechica_gimnaziya@tut.by
way/307469512,Школа № 10,Школа № 10,Школа № 10,,,,,52.367322290000004,30.41125643,http://10.rechica.schools.by/,"+375 (2340) 2-61-70, +375 (2340) 2-09-70",,rechica_shkola10@tut.by
way/307469513,Школа № 2,Школа № 2,Школа № 2,,,,,52.36349495384615,30.394716538461537,,,,
way/307490438,Школа № 11,Школа № 11,Школа № 11,,,,,52.371459790909086,30.347735427272724,http://11.rechica.schools.by/,+375 (2340) 4-78-30,,rechica_shkola11@tut.by
way/307520517,Дзіцячы сад-сярэдняя школа №1,Детский сад-средняя школа № 1,Дзіцячы сад-сярэдняя школа №1,,,,,52.349696971428564,30.43029907142857,http://upk1.schools.by/,"+375 (2340) 3-86-33, +375 (2340) 3-99-56",,rechica_shkola_upk1@tut.by
way/307929885,Базавая школа №5,Базовая школа №5,Базавая школа №5,,,,,55.49169518333333,28.80098256666666,,,,
way/307929888,Школа №12,Школа №12,Школа №12,,,,,55.49146670909091,28.81827021818182,,,,
way/308022055,Гімназія №1 «Логас»,Гимназия №1 «Логос»,Гімназія №1 «Логас»,,,,,54.496791014285705,26.917774499999997,,,,
way/308065629,Школа №2,Школа №2,Школа №2,,,,,53.68238996,27.12444832,,,,
way/308322340,Школа № 12,Школа № 12,Школа № 12,,,,,54.293451723529415,26.84840058235294,http://12.molod.schools.by/,+375(176) 75-14-77,,school12molod@yandex.by
way/308389854,Мікалаеўшчынская сярэдняя школа імя Якуба Коласа,Мікалаеўшчынская сярэдняя школа імя Якуба Коласа,Мікалаеўшчынская сярэдняя школа імя Якуба Коласа,,,,,53.40317677619049,26.835853223809522,https://nikol.stolbtsy-edu.gov.by/,,,
way/308746074,Школа № 11,Школа № 11,Школа № 11,,,,,54.29920584166667,26.852276066666672,,+375(176) 75-18-60,,school11mol@tut.by
way/308791050,Сярэдняя школа № 39 імя Лебедзева,Средняя школа № 39 имени Лебедева,Сярэдняя школа № 39 імя Лебедзева,,вуліца Агінскага,44А,230017,53.62435794615384,23.80643060769231,https://sch39.oktobrgrodno.gov.by/,+375152672943,sch39@oktobrgrodno.gov.by,sch39@oktobrgrodno.gov.by
way/309276363,Каладзішчанскія сярэдняя школа,Колодищанская средняя школа,Каладзішчанскія сярэдняя школа,,Мінская вуліца,3,,53.95585734444445,27.780410033333332,,,,
way/310637519,Сярэдняя школа №22,Средняя школа №22,Сярэдняя школа №22,,,,,53.886456499999994,27.61377073,,,,
way/310637934,Міжшкольны вучэбна-вытворчы камбінат Завадскога раёну,Межшкольный учебно-производственный комбинат Заводского района,Міжшкольны вучэбна-вытворчы камбінат Завадскога раёну,,вуліца Пляханава,16,220026,53.87132727777777,27.62291458888889,,,,
way/311303581,Школа № 14,Школа № 14,Школа № 14,,,,,54.29551755333332,26.875601613333334,http://sch14.molodechno.edu.by/,+375 176 74-00-18,,sch14mol@uomrik.gov.by
way/312029657,ДУА «Брагінская сярэдняя школа»,ГУО «Брагинская средняя школа»,ДУА «Брагінская сярэдняя школа»,Брагін,Чырвонаармейская вуліца,1,247632,51.778409021052624,30.275560057894733,,,,
way/312493132,Гімназія №37,Гимназия №37,Гімназія №37,,,,,53.88288913684212,27.42669132105263,,+375 17 2599786,,
way/312493133,Сярэдняя школа №175,Средняя школа №175,Сярэдняя школа №175,,,,,53.891347429999996,27.424176160000002,,,,
way/312493134,Сярэдняя школа №217,Средняя школа №217,Сярэдняя школа №217,,,,,53.889840304545444,27.436847886363633,,,,
way/312557132,Гімназія №31,Гимназия №31,Гімназія №31,,,,,53.89690141818182,27.427459,"http://clubtriumph.by/,,,",,,
way/312557333,Сярэдняя школа №23,Средняя школа №23,Сярэдняя школа №23,,,,,53.889632649999996,27.41781382,,,,
way/312558037,Сярэдняя школа №199,Средняя школа №199,Сярэдняя школа №199,,,,,53.883825746153846,27.42108981538461,,,,
way/312558783,Сярэдняя школа №212,Средняя школа №212,Сярэдняя школа №212,,,,,53.88466283636364,27.43389055,,,,
way/312559150,Гімназія №33,Гимназия №33,Гімназія №33,,,,,53.88426985833333,27.44182234166666,http://gymn33.minsk.edu.by/,,,
way/312612005,Суйкаўская базавая школа,Суйковская базовая школа,Суйкаўская базавая школа,,,,,55.23417755384615,30.088961253846154,https://suikovo.schools.by/,+375 212 696710,,shsuikowo@mail.ru
way/312724587,Сярэдняя школа №6,Средняя школа № 6 г. Минска,Сярэдняя школа №6,Мінск,вуліца Янкоўскага,23,220019,53.88061998846154,27.444627330769233,,,,
way/314407304,Чырвонаслабодская сярэдняя школа,Краснослободская средняя школа,Чырвонаслабодская сярэдняя школа,,вуліца Ціхамірава,2,,52.85115746666667,27.169986025,https://krsloboda.edus.by,,,
way/315285238,Мазырскі дзяржаўны абласны ліцэй,Мозырский государственный областной лицей,Мазырскі дзяржаўны абласны ліцэй,,,,,52.044820475,29.250516675,,,,
way/315285241,Школа №5,Школа №5,Школа №5,,,,,52.05857467368421,29.229517121052638,,,,
way/315285242,Школа №12,Школа №12,Школа №12,,,,,52.02811131666667,29.247212299999997,,,,
way/315285243,Сярэдняя школа №14,Средняя школа №14,Сярэдняя школа №14,,,,,52.03354877272728,29.238674381818182,http://mozyrschool14.info/,,,
way/315425400,Каменская сярэдняя школа,Каменская средняя школа,Каменская сярэдняя школа,,,,,51.98486070909091,29.122778918181815,,,,
way/316420476,Сярэдняя школа № 16,Средняя школа № 16,Сярэдняя школа № 16,,,,,52.13264489259259,26.120656618518517,,,,
way/317617345,Школа №1,Школа №1,Школа №1,,,,,54.48845628,26.89621638,,,,
way/318034059,Школа №5,Школа №5,Школа №5,,,,,54.507614094444435,26.933643361111105,,,,
way/318938989,Сярэдняя школа №33,Средняя школа №33,Сярэдняя школа №33,,,,,53.90471929999999,30.372255826315794,,,,
way/319736477,Гімназія №3 імя Соламавай,Гимназия №3 имени Соломовой,Гімназія №3 імя Соламавай,,,,,53.668427599999994,23.79485429545455,https://gymn3.oktobrgrodno.gov.by/,+375152652200,gymn3@oktobrgrodno.gov.by,gymn3@oktobrgrodno.gov.by
way/319736483,Сярэдняя школа №12 імя Бабко,Средняя школа №12 имени Бабко,Сярэдняя школа №12 імя Бабко,Гродна,вуліца Паповіча,32,,53.66753631428571,23.80686484285715,https://sch12.oktobrgrodno.gov.by/,+375152603714,sch12@oktobrgrodno.gov.by,sch12@oktobrgrodno.gov.by
way/320342887,Гімназія №4 імя Казакевіча,Гимназия №4 имени Казакевича,Гімназія №4 імя Казакевіча,Гродна,вуліца Рэпіна,17,,53.66034346923077,23.788433638461544,https://gymn4.oktobrgrodno.gov.by/,+375152650198,gymn4@oktobrgrodno.gov.by,gymn4@oktobrgrodno.gov.by
way/320451943,Столовая,Столовая,,,,,,52.0858607,23.6480173,,,,
way/320876990,Брэсцкі дзяржаўны гандлёва-тэхналагічны коледж,Брестский государственный торгово-технологический колледж,Брэсцкі дзяржаўны гандлёва-тэхналагічны коледж,,,,,52.09136503333333,23.652582580000004,https://ttk.brest.by/,,,
way/321379065,Школа № 9 ім. А. Ф. Наганава,Школа № 9 им. А.Ф. Наганова,Школа № 9 ім. А. Ф. Наганава,,,,,52.090449836000005,23.677412264,,,,
way/323211158,Гімназія № 7 імя У.Т.Калакольнікава,Гимназия № 7 имени В.Т.Колокольникова,Гімназія № 7 імя У.Т.Калакольнікава,Гродна,праспект Касманаўтаў,38Б,,53.67699331538462,23.859214469230764,https://gymn7.oktobrgrodno.gov.by/,+375152711405,gymn7@oktobrgrodno.gov.by,gymn7@oktobrgrodno.gov.by
way/324000410,Гімназія № 1,Гимназия № 1,Гімназія № 1,,,,,52.092855588235295,23.687066664705878,,,,
way/325146969,Аздараўленчы лагер,Озд.лагерь,Аздараўленчы лагер,,,,,52.1874677,28.923834200000005,,,,
way/325615203,Сярэдняя школа №1,Средняя школа №1,Сярэдняя школа №1,,,,,51.78907778181818,24.075214690909092,,,,
way/326002758,Воскресная школа Симеон,Воскресная школа Симеон,,,,,,52.08517912,23.6906901,,,,
way/326182384,Сярэдняя школа №19,Средняя школа №19,Сярэдняя школа №19,,,,,52.41862195789474,31.00137323157895,,,,
way/326182800,Школа 33,Школа 33,Школа 33,,,,,52.415216199999996,30.94726554,,,,
way/326189212,Дудзіцкая сярэдняя школа,Дудичская средняя школа,Дудзіцкая сярэдняя школа,,Юбілейная вуліца,6,,52.17934784285715,29.344119071428572,,,,
way/326487932,Школа № 47,Школа № 47,Школа № 47,,,,,52.404252011111105,30.986789155555552,http://www.school-47.iptv.by/,"+375(232) 40-08-78, +375(232) 40-08-77",,school-47.gorodgomel@yandex.by
way/326487933,Дзіцячая школа мастацтваў №3,Детская школа искусств №3,Дзіцячая школа мастацтваў №3,,,,,52.40578109999999,30.985312780000005,http://www.dhi3.com/,,,
way/327060070,Дзярэчынскі дзіцячы сад - сярэдняя школа,Деречинский детский сад - средняя школа,Дзярэчынскі дзіцячы сад - сярэдняя школа,,,,231952,53.246395199999995,24.928118164285713,https://derechin.schools.by/,+375156433307,derechinsch@mail.ru,derechinsch@mail.ru
way/327247208,Гадзілавіцкая сярэдняя школа,Гадиловичская средняя школа,Гадзілавіцкая сярэдняя школа,,,,,53.07583367857142,30.271064542857147,,,,
way/327941216,Школа,Школа,Школа,,,,,51.77582401428571,28.784718071428575,,,,
way/328198539,Глыбоцкая раённая гімназія,Глубокская районная гимназия,Глыбоцкая раённая гімназія,,Школьная вуліца,34А,,55.13614484000001,27.669660246666663,https://gymnasium.rooglub.gov.by/,+375 (2156) 5-48-73,glubokoegim@vitebsk.by,glubokoegim@vitebsk.by
way/328511681,Сярэдняя школа № 30,Средняя школа № 30,Сярэдняя школа № 30,,вуліца 50 год БССР,6,,52.456354357142864,30.99933811428571,,,,
way/328511682,Сярэдняя школа № 8,Средняя школа № 8,Сярэдняя школа № 8,,вуліца 50 год БССР,4,,52.45501718571428,30.99574881428571,,,,
way/328569360,Доўская сярэдняя школа,Довская средняя школа,Доўская сярэдняя школа,,,,,53.15776915,30.4714839,,,dovsk_school@rogachev.gov.by,dovsk_school@rogachev.gov.by
way/328904641,СШ №28 ім.Э.В.Сярогіна,СШ №28 им.Э.В.Серегина,СШ №28 ім.Э.В.Сярогіна,,,,,52.427229326923076,30.98923339615385,,+375 232 413860,,
way/330215596,Сярэдняя школа №136,Средняя школа №136,Сярэдняя школа №136,,вуліца Данілы Сердзіча,5,220082,53.91053693571429,27.484434921428576,http://sch136.minsk.edu.by/,+375 17 3638000,,
way/330228448,Сярэдняя школа №109,Средняя школа №109,Сярэдняя школа №109,,,,,53.86769503181817,27.685398668181822,,,,
way/330710205,СШ №27,СШ №27,СШ №27,,,,,53.147433529411764,29.22579514117647,https://bobr27.schools.by/,,,
way/331602571,Сярэдняя школа №180,Средняя школа №180,Сярэдняя школа №180,,,,,53.93268824666666,27.498966473333333,,,,
way/331602573,Сярэдняя школа №216,Средняя школа №216,Сярэдняя школа №216,,,,,53.93085270666667,27.501833993333328,,,,
way/331973091,Школа №3,Школа №3,Школа №3,,,,,52.203044829999996,27.87121604,,,,
way/332099405,Сярэдняя школа №64,Средняя школа №64,Сярэдняя школа №64,,,,,53.91888560625,27.573347225000003,,,,
way/332099413,Сярэдняя школа №20,Средняя школа №20,Сярэдняя школа №20,,,,,53.921689646666664,27.631796693333335,,,,
way/333114133,Школа № 17,Школа № 17,Школа № 17,,,,,54.51973100769231,30.438135723076925,https://17orsha.schools.by/,+375(216) 51-30-81,,17.orsha.school@gmail.com
way/333114134,Школа № 4,Школа № 4,Школа № 4,,,,,54.526362999999996,30.437730114285717,http://school4.goroo-orsha.by/,+375(216) 54 24 65,,04.school.orsha@gmail.com
way/333141775,Дапаможная школа № 24,Вспомогательная школа № 24,Дапаможная школа № 24,,,,,54.51854864285714,30.430613814285714,https://orsha-vsh24.schools.by/,+375(216) 21 26 04,,24.school.orsha@gmail.com
way/333141779,Школа № 16,Школа № 16,Школа № 16,,,,,54.515539563636366,30.4301597,http://16.orsha.schools.by/,+375(216) 21-04-86,,16.school.orsha@gmail.com
way/333141780,Сярэдняя школа № 3 імя У. С. Караткевіча,Средняя школа № 3 имени В. С. Короткевича,Сярэдняя школа № 3 імя У. С. Караткевіча,,,,,54.51911931666667,30.43043611666667,https://sh3.goroo-orsha.by/,+375 21 651-26-22,,school3@goroo-orsha.by
way/333244295,Варатынскі дзіцячы сад-сярэдняя школа,Воротынский детский сад-средняя школа,Варатынскі дзіцячы сад-сярэдняя школа,,,,,52.347820585714295,29.01114282857143,https://vorotyn.schools.by/,,,
way/333253515,Сярэдняя школа №140,Средняя школа №140,Сярэдняя школа №140,,,,,53.91138172500001,27.474652195000004,,,,
way/333253518,Сярэдняя школа №93,Средняя школа №93,Сярэдняя школа №93,,,,,53.9215440375,27.4786917125,,,,
way/334266224,Школа № 13,Школа № 13,Школа № 13,,,,,54.512254042857144,30.39640087857143,https://13orsha.schools.by/,+375(216) 31-37-68,,13.school.orsha@gmail.com
way/334274802,Сярэдняя школа №132,Средняя школа №132,Сярэдняя школа №132,,,,,53.92118811923077,27.475035673076924,,,,
way/334879672,Козловщинская СШ,Козловщинская СШ,Козловщинская СШ,Казлоўшчына,вуліца Леніна,33,231482,53.321529080000005,25.289025860000002,,,,
way/336176027,Какаўчынская сярэдняя школа,Коковчинская средняя школа,Какаўчынская сярэдняя школа,,Школьная вуліца,6,,54.69045474545454,30.086478245454543,https://kokovchino.schools.by,,,
way/336559344,Сярэдняя школа №209,Средняя школа №209,Сярэдняя школа №209,,,,,53.85941880400001,27.441610367999996,,,,
way/336882573,Школа № 3,Школа № 3,Школа № 3,,,,,52.78869338888889,27.541541122222224,http://www.school3soli.narod.ru/,+375-174-221341,,sveta-franc@narod.ru
way/336970557,Школа № 20,Школа № 20,Школа № 20,,,,,54.49349074166667,30.428025658333336,,,,
way/337258597,Сярэдняя школа № 1,Средняя школа № 1,Сярэдняя школа № 1,,,,,54.86140666874999,29.158744275000004,https://chashniki.schools.by/,+375 (2133) 6-14-70,sch1chash@vitebsk.by,sch1chash@vitebsk.by
way/337340489,Гімназія № 58 г.Гомеля ім. Ф.П.Гааза,Гимназия № 58 г.Гомеля им. Ф.П.Гааза,Гімназія № 58 г.Гомеля ім. Ф.П.Гааза,,,,,52.401640911111116,30.91353371111111,,,,
way/337535323,СШ №2,СШ №2,СШ №2,,,,,53.13861665999999,30.7964994,,,,
way/337782663,Сярэдняя школа №60,Средняя школа №60,Сярэдняя школа №60,,,,,53.89629808125001,27.5239969625,,,,
way/338049016,Чашніцкая гімназія,Чашніцкая гімназія,Чашніцкая гімназія,,,,,54.86008003333333,29.16456624444444,https://gymn-chashniki.schools.by/,+375 (2133) 6-18-97,gimnazchash@vitebsk.by,gimnazchash@vitebsk.by
way/338575591,Сярэдняя школа № 69,Средняя школа № 69,Сярэдняя школа № 69,,праспект Кастрычніка,72,246012,52.40208203076923,30.925809584615386,https://sosh69gomel.znaj.by,+375 232 311748,,sovroo-sch69@sovroo.gorodgomel.by
way/338575593,Сярэдняя школа № 61,Средняя школа № 61,Сярэдняя школа № 61,,праспект Кастрычніка,70,246012,52.40278234000001,30.927460360000005,https://school61ipv.znaj.by,+375 232 311983,,sovroo-sch61@sovroo.gorodgomel.by
way/338576481,Сярэдняя школа №60,Средняя школа № 60,Сярэдняя школа №60,,,,,52.46536586250001,30.965649606249997,,,,
way/338581463,Сярэдняя школа №30,Средняя школа №30,Сярэдняя школа №30,,,,,53.88032630869565,27.552394817391306,,,,
way/338793169,Ільічоўская сярэдняя школа,Ильичевская Средняя Школа,Ільічоўская сярэдняя школа,,,,,53.26247643846155,30.420249507692315,,,,
way/338885510,Сярэдняя школа №78,Средняя школа №78,Сярэдняя школа №78,,вуліца Няжданавай,36,,53.94309618,27.57806428,http://sch78.minsk.edu.by,"+375 17 2662273, +375 17 2662274, +375 17 2662275, +375 17 2624831",sch78@minsk.edu.by,sch78@minsk.edu.by
way/338891292,Сярэдняя школа №44,Средняя школа №44,Сярэдняя школа №44,,,,,53.90631430769231,27.54946586923077,,,,
way/338978656,Сярэдняя школа №45,Средняя школа №45,Сярэдняя школа №45,,,,,53.93877575,27.69338678571429,,,,
way/339585131,Сярэдняя школа №1,Средняя школа №1,Сярэдняя школа №1,,,,,53.88028447941176,27.536788120588234,,,,
way/339585851,Школа № 23,Школа № 23,Школа № 23,,вуліца Максіма Горкага,61А,,55.17396841428573,30.154401699999998,http://sch23.vitebsk.edu.by/,"+375(212) 34-06-72, +375(212) 34-37-13",,school23Vitebsk@yandex.ru
way/339814431,Школа № 16,Школа № 16,Школа № 16,,,,,55.16733136111111,30.180754722222233,http://sch16.vitebsk.edu.by/,+375(212) 53-48-61,,sch16@vitebsk.edu.by
way/340059220,Сярэдняя школа №1,Средняя школа №1,Сярэдняя школа №1,,,,,53.69248076153846,31.71396137692308,,,,
way/340172042,Полацкая дзяржаўная гімназія №1 імя Францыска Скарыны,Полоцкая государственная гимназия №1 имени Франциска Скорины,Полацкая дзяржаўная гімназія №1 імя Францыска Скарыны,,,,,55.487031063636366,28.77411413636363,http://psg-one.by/,+375(214) 42-24-49,,
way/340172044,Гімназія № 2,Гимназия № 2,Гімназія № 2,Полацк,праспект Францыска Скарыны,33,,55.484643788235296,28.78386994705883,http://www.pgg2.by/,+375(214) 42-18-78,,
way/340172051,СШ №10 імя Азіна,СШ №10 им. В.М.Азина,СШ №10 імя Азіна,Полацк,вуліца Францыска Скарыны,25,,55.489003972727275,28.774137127272727,https://sch10.polotskroo.by/,,,pgossh10@tut.by
way/340172054,Школа № 1,Школа № 1,Школа № 1,Полацк,Камуністычная вуліца,31,,55.48626063636363,28.784944672727274,https://sch1polotsk.schools.by/,"+375 (214) 74-20-40, +375 (214) 46-23-39, +375 (214) 46-61-74, +375 (214) 74-20-07",,pgossh1@mail.ru
way/340183050,Ноўкінская школа,Новкинская школа,Ноўкінская школа,,,,,55.13484214,30.15034382,http://novka.schools.by/,+375(212) 202-293,,novkaschool@yandex.ru
way/340213585,Школа №5,Школа №5,Школа №5,,,,,54.477067576923076,26.418787315384616,http://sch5.smorgon.edu.by/,+375(1592) 5-15-01,,sch5-smorgon@mail.grodno.by
way/340213586,Школа №7,Школа №7,Школа №7,,,,,54.47447715833334,26.42126575833333,http://www.7.smarhon.by/,+375(1592) 5 54 14,,
way/340370346,Школа № 3,Школа № 3,Школа № 3,,,,,54.4782421,26.380971505263155,http://www.sch3-smorgon.grodno.unibel.by/,+375(1592) 2-25-95,,sch3-smorgon@mail.grodno.by
way/340408114,Званецкая сярэдняя школа,Звонецкая средняя школа,Званецкая сярэдняя школа,,,,,53.233455799999994,30.43062518888889,,,,
way/341158849,Гімназія № 9,Гимназия №9,Гімназія № 9,,,,,53.9519987625,27.623450784374995,,,,
way/341158850,Сярэдняя школа №114,Средняя школа №114,Сярэдняя школа №114,,,,,53.94685328461538,27.6404599076923,,,,
way/341423539,Сярэдняя школа №71 імя Н. К. Каржанеўскага,Средняя школа №71 имени Н. К. Корженевского,Сярэдняя школа №71 імя Н. К. Каржанеўскага,,,,,53.84749804285714,27.503250842857142,https://sch71minsk.schools.by/,,,
way/341424392,МЦ №1 дапрызыўнай падрыхтоўкі,МЦ №1 допризывной подготовки,МЦ №1 дапрызыўнай падрыхтоўкі,,,,,52.42448556000001,30.958806099999997,,,,
way/341489777,Гімназія №13,Гимназия №13,Гімназія №13,,вуліца Адзінцова,32,220136,53.90184480909091,27.440029618181814,http://gymn13.minsk.edu.by/,,,
way/341489820,Дзіцячы сад - пачатковая школа №93,Детский сад - начальная школа №93,Дзіцячы сад - пачатковая школа №93,,,,,53.89720788333332,27.44391608333333,,,,
way/342237458,Сярэдняя школа № 2,Средняя школа № 2,Сярэдняя школа № 2,,Кааператыўная вуліца,3,,55.784289456250015,27.939147624999997,http://v-dvinsk-sh2.vitebsk.by/,+375 (2151) 5-33-54,,vdvinsk_scool2@mail.ru
way/342472831,Сярэдняя школа №68,Средняя школа №68,Сярэдняя школа №68,,,,,53.87062546923077,27.672296830769234,,,,
way/342694007,Гімназія № 25,Гимназия 25,Гімназія № 25,Мінск,вуліца Сядова,3,220021,53.86764403333333,27.660547122222223,,,,
way/342694011,Сярэдняя школа №116,Средняя школа №116,Сярэдняя школа №116,,,,,53.91446619999999,27.489604525,,,,
way/343961188,Старасельская сярэдняя школа,Старосельская средняя школа,Старасельская сярэдняя школа,Старое Сяло,Савецкая вуліца,2,247251,53.17796424166667,30.076743891666666,,,,
way/344013919,Астрашыцка-Гарадоцкая школа,Острошицко-Городокская школа,Астрашыцка-Гарадоцкая школа,,,,,54.06726175882354,27.699581517647058,http://o-gorodok.minsk.edu.by/,,,
way/344166454,Лагойская сярэдняя школа № 1,Логойская средняя школа № 1,Лагойская сярэдняя школа № 1,Лагойск,Пралетарская вуліца,7,223141,54.204069933333344,27.838130139999997,https://1logoisk.schools.by/,+375177455101;+375177455201,,logsch1@tut.by
way/344166455,Сярэдняя школа №3,Средняя школа №3,Сярэдняя школа №3,,,,,54.201942136363634,27.84566199090909,https://sch3.logoysk-edu.gov.by/,+375 1774 71 5 40;+375 1774 43 2 58,sch3@logoysk-edu.gov.by,sch3@logoysk-edu.gov.by
way/344267236,Балатнянская сярэдняя школа,Болотнянская средняя школа,Балатнянская сярэдняя школа,,,,,53.21500024615385,30.610805369230768,,,,
way/344735920,Сярэдняя школа №2,Средняя школа №2,Сярэдняя школа №2,,,,,54.8887275,27.773246655555553,,,doksh_sh2@mail.ru,doksh_sh2@mail.ru
way/345024100,СШ №21,СШ № 21,СШ № 21,,,,,52.421659553125,30.999958059374993,,,,
way/346359115,Школа № 2,Школа № 2,Школа № 2,,,,,55.10818972631579,26.84895581052632,,,,
way/349423473,Крушынаўская сярэдняя школа,Крушиновская средняя школа,Крушынаўская сярэдняя школа,,,,,53.235044,29.837696519999998,,,,
way/351656802,Сярэдняя школа №72,Средняя школа №72,Сярэдняя школа №72,,,,,53.891648918181815,27.652555572727273,http://sch72.minsk.edu.by/,"+375(17) 273-95-65, +375(17) 246-48-83",,sch72@minsk.edu.by
way/351726962,Сярэдняя школа №51,Средняя школа №51,Сярэдняя школа №51,,,,,53.84790444736842,27.562710715789475,,,,
way/351825218,Сярэдняя школа №63,Средняя школа №63,Сярэдняя школа №63,Мінск,вуліца Кедышкі,19,220049,53.93089601250001,27.6191671625,http://sch63.minsk.edu.by/,,,
way/351825224,Сярэдняя школа №73,Средняя школа №73,Сярэдняя школа №73,,,,,53.92797054545454,27.6030627,,,,
way/351848381,Сярэдняя школа №27,Средняя школа №27,Сярэдняя школа №27,,,,,53.919086484615384,27.558479530769226,,,,
way/351848387,Гімназія №18,Гимназия №18,Гімназія №18,,,,,53.925080211111116,27.608519233333336,,,,
way/351854851,Сярэдняя школа №122,Средняя школа №122,Сярэдняя школа №122,,,,,53.95454982222222,27.608671655555558,,,,
way/351895926,Сярэдняя школа №35,Средняя школа №35,Сярэдняя школа №35,,,,,53.93067718461539,27.559520361538464,,,,
way/351895927,Гімназія №34,Гимназия №34,Гімназія №34,,,,,53.93050484444444,27.553090722222223,,,,
way/352006358,"Радашковіцкая школа-інтэрнат для дзяцей-сірот і дзяцей, якія засталіся без апекі бацькоў","Радошковичская школа-интернат для детей-сирот и детей, оставшихся без попечения родителей","Радашковіцкая школа-інтэрнат для дзяцей-сірот і дзяцей, якія засталіся без апекі бацькоў",,,,,54.161289935294114,27.231869282352942,http://internatrad.edu.minskregion.by/,,,
way/352006361,"ГУО ""Раёвский учебно-педагогический комплекс детский сад-базовая школа""","ГУО ""Раёвский учебно-педагогический комплекс детский сад-базовая школа""","ГУО ""Раёвский учебно-педагогический комплекс детский сад-базовая школа""",,,,,54.302784599999995,27.22369438,,,,
way/352006362,Чысцінская сярэдняя школа,Чистинская средняя школа,Чысцінская сярэдняя школа,,,,,54.26322601249999,27.10911785,,,,
way/352037533,Сярэдняя школа №99,Средняя школа №99,Сярэдняя школа №99,,,,,53.90245687272728,27.50891977272727,http://sch99.minsk.edu.by/,,,
way/352037536,Сярэдняя школа №127,Средняя школа №127,Сярэдняя школа №127,,,,,53.90437180909091,27.501346045454543,,,,
way/352041679,Пачатковая школа №103,Начальная школа №103,Пачатковая школа №103,,,,,53.91267925,27.4983731875,http://sch103.minsk.edu.by/,,,
way/352041682,Гімназія №19,Гимназия №19,Гімназія №19,,,,,53.916054624999994,27.49869573333333,,,,
way/352044054,Сярэдняя школа №151,Средняя школа №151,Сярэдняя школа №151,,,,,53.899801816666674,27.454729791666665,,,,
way/352330831,Гімназія № 192,Гимназия №192,Гімназія № 192,,,,,53.852359539999995,27.467948205,,,,
way/352330839,Сярэдняя школа №218,Средняя школа №218,Сярэдняя школа №218,,,,,53.847569891304346,27.461647130434784,,,,
way/352330847,Сярэдняя школа №161,Средняя школа №161,Сярэдняя школа №161,,,,,53.84656776764705,27.464830994117644,,,,
way/352562659,Сярэдняя школа №206,Средняя школа №206,Сярэдняя школа №206,,,,,53.86278493529411,27.437281582352938,,,,
way/352562674,Сярэдняя школа №205,Средняя школа №205,Сярэдняя школа №205,,,,,53.86344978918918,27.43384404054054,,,,
way/352562713,Сярэдняя школа №215,Средняя школа №215,Сярэдняя школа №215,,,,,53.854337778571434,27.43646148571429,,,,
way/352562724,Сярэдняя школа №207,Средняя школа №207,Сярэдняя школа №207,,,,,53.857629036,27.438137155999996,,,,
way/352569479,Сярэдняя школа №157,Средняя школа №157,Сярэдняя школа №157,,,,,53.90243156153846,27.44678816923077,,,,
way/352601815,Гімназія №61,Гимназия №61,Гімназія №61,,Слабадская вуліца,101,220025,53.84822119999999,27.447601270833335,http://gymn61.minsk.edu.by,+375172741601,,
way/352601818,Сярэдняя школа №219,Средняя школа №219,Сярэдняя школа №219,,Слабадская вуліца,99,220025,53.84942392222223,27.44722021111111,,,,
way/352749481,Сярэдняя школа №5,Средняя школа №5,Сярэдняя школа №5,,,,,53.871820406666664,27.65128761333333,,+375 17 3172588,sch5@minsk.edu.by,sch5@minsk.edu.by
way/352749490,Сярэдняя школа №58,Средняя школа №58,Сярэдняя школа №58,,,,,53.87149425714285,27.634875085714288,,,,
way/352995556,Гімназія №16,Гимназия №16,Гімназія №16,,вуліца Лесі Украінкі,2,,53.929360385185184,27.505418355555555,,,,
way/352995562,Гімназія №56,Гимназия №56,Гімназія №56,,,,,53.88101925172413,27.54343000689655,,,,
way/353080138,Старая школа,Старая школа,Старая школа,,,,,52.47416731999999,23.50489146,,,,
way/353597364,Вярховіцкая сярэдняя школа,Верховичская средняя школа,Вярховіцкая сярэдняя школа,,,,,52.4742310875,23.507455274999998,,,,
way/354591651,Сярэдняя школа №117,Средняя школа №117,Сярэдняя школа №117,,,,,53.84440345714286,27.638255585714287,,,,
way/354628586,Ушацкая сярэдняя школа,Ушачская средняя школа,Ушацкая сярэдняя школа,,,,,55.178257975,28.616623333333337,,,,
way/356983268,ДУА «Сярэдняя школа № 11 г.Слуцка»,ГУО «Средняя школа № 11 г.Слуцка»,ДУА «Сярэдняя школа № 11 г.Слуцка»,,Зялёная вуліца,25,,53.0414437111111,27.56646598888889,,,,
way/357343273,СШ №54,СШ №54,СШ №54,,,,,52.4781657,31.0220685625,,,,
way/357345914,САШ №7,СОШ №7,САШ №7,,,,,52.43536758333334,30.956911183333332,,,,
way/358802783,Крупіцкая сярэдняя школа,Крупицкая средняя школа,Крупіцкая сярэдняя школа,,Школьная вуліца,8,,53.6782605,27.534723142857143,http://krupicy.minsk.edu.by/,,,
way/359122755,СШ №5,СШ №5,СШ №5,,,,,52.43478859090908,30.99852966818182,,,,
way/360153071,СШ №2,СШ №2,СШ №2,,,,,53.721203482352934,25.508311058823526,,,,
way/361025643,Сярэдняя школа №26,Средняя школа №26,Сярэдняя школа №26,,,,,53.87711998749999,27.488090825,,,,
way/361202661,Вядрэнская дзіцячы сад-базавая школа,Ведренская детский сад-базовая школа,Вядрэнская дзіцячы сад-базавая школа,,,,,54.905388411111105,29.280750611111117,,+375 (2133) 2-98-20,vedren.dshs2011@yandex.ru,vedren.dshs2011@yandex.ru
way/361211483,Сярэдняя школа №34,Средняя школа №34,Сярэдняя школа №34,Гродна,Індурская шаша,14,230020,53.6453187032258,23.84325171612904,https://sch34.oktobrgrodno.gov.by/,+375152332098;+375336683343;+375152660880,sch34@oktobrgrodno.gov.by,sch34@oktobrgrodno.gov.by
way/361211491,Сярэдняя школа №31 імя Кляцкова,Средняя школа №31 имени Клецкова,Сярэдняя школа №31 імя Кляцкова,Гродна,Індурская шаша,12,,53.644229013888896,23.843513666666666,https://sch31.oktobrgrodno.gov.by/,+375152312540,sch31@oktobrgrodno.gov.by,sch31@oktobrgrodno.gov.by
way/361211492,Сярэдняя школа № 38 імя Кірылы Тураўскага,Средняя школа № 38 имени Кирилла Туровского,Сярэдняя школа № 38 імя Кірылы Тураўскага,Гродна,Вішнявецкая вуліца,14,230020,53.6423545909091,23.85259797272727,https://sch38.oktobrgrodno.gov.by/,+375152634852,sch38@oktobrgrodno.gov.by,sch38@oktobrgrodno.gov.by
way/361265522,Сярэдняя школа №120,Средняя школа №120,Сярэдняя школа №120,,,,,53.86483761666668,27.672061350000003,,,,
way/361342030,Гімназія №10 імя Мітрапаліта Філарэта,Гимназия №10 имени Митрополита Филарета,Гімназія №10 імя Мітрапаліта Філарэта,Гродна,вуліца Дзяржынскага,8,230023,53.686364650000016,23.833746584210523,https://gymn10.lengrodno.gov.by/,+375152620020;+375152620021,gymn10@lengrodno.by,gymn10@lengrodno.by
way/361612071,Школа - Тэрыторыя поспеху,Школа - Территория успеха,Школа - Тэрыторыя поспеху,,,,,53.68508726363637,23.82328932727273,https://znaniya.by/,+375292875237,terrauspeha@gmail.com,terrauspeha@gmail.com
way/361707974,Сярэдняя школа №41,Средняя школа №41,Сярэдняя школа №41,,,,,53.91942367499999,27.445760828125003,,,,
way/361715534,Сярэдняя школа №11,Средняя школа №11,Сярэдняя школа №11,,,,,55.47626357727272,28.794204740909084,,,,
way/362191726,Сярэдняя школа №81,Средняя школа №81,Сярэдняя школа №81,,,,,53.92476655454547,27.491464824242424,,,,
way/362609112,Сярэдняя школа № 72,Средняя школа № 72,Сярэдняя школа № 72,,вуліца Мазурава,77А,,52.45390165294117,31.030651658823526,http://www.school-72.gorodgomel.by/,,,
way/363384138,Цяцерынская сярэдняя школа,Тетеринская средняя школа,Цяцерынская сярэдняя школа,,,,,54.16266327857143,29.76392308571429,https://teterino.schools.by/,,,
way/363568056,Шумілінская раённая гімназія,Шумилинская районная гимназия,Шумілінская раённая гімназія,,,,,55.24720718571429,29.63668575714286,https://gimnazia-shum.schools.by/,+375 2130 37937;+375 2130 37938,,gimnazia.shum@yandex.by
way/363967697,Сярэдняя школа №150,Средняя школа №150,Сярэдняя школа №150,,,,,53.926414027777774,27.482656205555557,,,,
way/364165126,ДУА «Гімназія №1 г. Слуцка»,ГУО «Гимназия №1 г. Слуцка»,ДУА «Гімназія №1 г. Слуцка»,Слуцк,Камсамольская вуліца,7,223610,53.02650280769231,27.56057611538462,https://gymn1.slutsk-vedy.gov.by/,+375179599697,school1@slutskedu.unibel.by,school1@slutskedu.unibel.by
way/364230242,Вежская сярэдняя школа,Вежская средняя школа,Вежская сярэдняя школа,,,,,53.276489299999994,27.598860600000002,https://veji.slutsk-vedy.gov.by/,,,
way/364728555,Азёрская сярэдняя школа,Озерская средняя школа,Азёрская сярэдняя школа,Возера,Дзяржынская вуліца,2,223417,53.63260761111111,27.457648222222225,https://vozera.by/?page_id=36,80171849341,schozero-uzda@edu.minskregion.by,schozero-uzda@edu.minskregion.by
way/365094270,Трасцянецкая сярэдняя школа,Тростенецкая средняя школа,Трасцянецкая сярэдняя школа,,,,,53.85095626363636,27.71479908181818,,,,
way/365237676,СШ № 24,СШ № 24,СШ № 24,,,,,53.15743487142858,29.169536885714283,,,,
way/365837408,СШ №2,СШ №2,СШ №2,,,,,52.21732028571429,27.857402599999997,,,,
way/366476328,прытулак,приют,прытулак,,,,,51.724886100000006,28.20949976,,,,
way/366653069,Сярэдняя школа №3,Средняя школа №3,Сярэдняя школа №3,,,,,53.7120521,31.72151824285714,,,,
way/366653072,Сярэдняя школа №5,Средняя школа №5,Сярэдняя школа №5,,,,,53.74740284999999,31.718601175,,,,
way/366655581,Школа № 8,Школа № 8,Школа № 8,мікрараён Камсамольскі,,26,213500,53.710771349999995,31.7104279125,,,schkola_8_krichev@mail.ru,schkola_8_krichev@mail.ru
way/367244039,Сярэдняя школа №4,ГУО Средняя школа № 4,Сярэдняя школа №4,Калінкавічы,Рэвалюцыйная вуліца,10,,52.13538825,29.32279213636364,,,,
way/367405283,Крэўская сярэдняя школа,Кревская средняя школа,Крэўская сярэдняя школа,,,,,54.31108540000001,26.276254285714288,,,,
way/367804249,Сярэдняя школа №80,Средняя школа №80,Сярэдняя школа №80,,,,,53.89320632222223,27.51039677777778,http://sch80.minsk.edu.by/,+375 17 2083933,,
way/367837669,Прыборскі дзіцячы садок - сярэдняя школа,Приборский детский сад - средняя школа,Прыборскі дзіцячы садок - сярэдняя школа,,,,,52.40721124,30.76231515,,,,
way/367984587,Школа №2,Школа №2,Школа №2,,,,,52.12493352222222,28.503644988888894,,,,
way/368035758,Сярэдняя школа №66,Средняя школа №66,Сярэдняя школа №66,,,,,53.950394822222215,27.605452455555554,,,,
way/368719518,Сярэдняя школа №32,Средняя школа №32,Сярэдняя школа №32,,,,,53.93739647272728,27.45649718181818,,,,
way/368750539,Школа №8,Школа №8,Школа №8,,,,,52.03750974666666,29.270667,,,,
way/369000396,Лінгвістычная гімназія-каледж № 24,Лингвистическая гимназия-колледж №24,Лінгвістычная гімназія-каледж № 24,,,,,53.904787840000004,27.562988460000003,,,,
way/369095145,Сярэдняя школа №91,Средняя школа №91,Сярэдняя школа №91,,,,,53.908837049999995,27.589958237499996,,,,
way/369135201,Акалоўская сярэдняя школа,Околовская средняя школа,Акалоўская сярэдняя школа,Акалова,,5,,54.489388488888885,27.870478199999997,https://okolovo.logoysk-edu.gov.by,,,
way/369261657,Будслаўская сярэдняя школа імя Паўліны Мядзёлкі,Будславская средняя школа им. Павлины Мяделки,Будслаўская сярэдняя школа імя Паўліны Мядзёлкі,,,,,54.78433160400001,27.460163851999997,https://budslav.schools.by/,,,
way/369355589,Ваўкалацкая сярэдняя школа,Волколатская средняя школа,Ваўкалацкая сярэдняя школа,,,,,54.93279435,27.3693484,,,,
way/369518753,Псуеўская дзіцяцы сад - базавая школа,Псуевская детский сад - базовая школа,Псуеўская дзіцяцы сад - базавая школа,,Савецкая вуліца,8,,55.20932008888889,28.154089966666664,,,,
way/369535954,Падсвільская яслі-сад - сярэдняя школа,Подсвильская ясли-сад - средняя школа,Падсвільская яслі-сад - сярэдняя школа,Падсвілле,Савецкая вуліца,47,,55.145863647058825,27.964563735294117,https://podsville.rooglub.gov.by/,,,
way/369648177,Язненская сярэдняя школа,Язненская средняя школа,Язненская сярэдняя школа,,,,,55.41913626666666,28.159430833333335,http://sch-yazn.vitebsk.by/,,,
way/369857464,Каханавіцкая дзіцячы сад-сярэдняя школа,Кохановичская детский сад - средняя школа,Каханавіцкая дзіцячы сад-сярэдняя школа,,Савецкая вуліца,11,,55.86666983333334,28.130221446666667,https://koh.schools.by/,,,
way/369867130,Пачатковая школа,Начальная школа,Пачатковая школа,,,,,56.01572532,28.111548340000002,,,,
way/369867133,Конна-спартыўная школа,Конно-спортивная школа,Конна-спартыўная школа,,,,,56.01294104,28.11226308,,,,
way/369963070,Сярэдняя школа №37,Средняя школа №37,Сярэдняя школа №37,,,,,53.8704159125,30.3439799875,,,,
way/369976403,Клястыцкая дзіцячы сад-сярэдняя школа ім. В.А. Хамчаноўскага,Клястицкая детский сад-средняя школа им. В.А. Хомченовского,Клястыцкая дзіцячы сад-сярэдняя школа ім. В.А. Хамчаноўскага,,,,,55.88814831250001,28.604054549999997,,,,
way/370078915,Школа-інтэрнат,Школа-интернат,Школа-інтэрнат,,,,,54.493387730769236,26.914613423076922,,,,
way/370196569,Фарынаўская сярэдняя школа,Фариновская средняя школа,Фарынаўская сярэдняя школа,,,,,55.430702125,28.58685695,https://farinovo.znaj.by/,,,
way/370214138,Вароніцкая дзіцячы сад - сярэдняя школа,Вороничская детский сад - средняя школа,Вароніцкая дзіцячы сад - сярэдняя школа,,,,,55.3289883,28.640719316666665,,,,
way/370403441,Арэхаўская СШ,Ореховская СШ,Арэхаўская СШ,,,,,55.202276350000005,28.669979293750004,,,,
way/370554780,Гімназія №2 г. Магілёва,Гимназия №2 г. Могилева,Гімназія №2 г. Магілёва,,,,,53.92069302608696,30.30806171304348,,,,
way/371266097,Сярэдняя школа №197,Средняя школа №197,Сярэдняя школа №197,,,,,53.950627519047615,27.68571684285714,,,,
way/371314301,КПК Дзераўноўскі яслі-сад - сярэдняя школа,УПК Деревновский ясли-сад - средняя школа,КПК Дзераўноўскі яслі-сад - сярэдняя школа,,,,,53.19122001666667,25.470481741666664,,,,
way/372316960,Сярэдняя школа № 2,Средняя школа № 2,Сярэдняя школа № 2,,,,,54.814003400000004,29.70517402857143,,,,
way/372331226,Абалецкая дзіцячы садок – базавая школа,Оболецкая детский сад – базовая школа,Абалецкая дзіцячы садок – базавая школа,,,,,54.59714744,29.81827621,,,,
way/372365126,Школа №2,Школа №2,Школа №2,,,,,54.24551393750001,29.79913425,,,,
way/372482368,ДУА «Тэхцінскі вучэбна-педагагічны комплекс дзіцячы сад - сярэдняя школа Бялыніцкага раёна»,ГУО «Техтинский учебно-педагогический комплекс детский сад - средняя школа Белыничского района»,ДУА «Тэхцінскі вучэбна-педагагічны комплекс дзіцячы сад - сярэдняя школа Бялыніцкага раёна»,,,,,53.8623736857143,29.721817250000004,http://tehtin.belynichi.edu.by/,+375 22 3273460,tehtin@belynichi.edu.by,tehtin@belynichi.edu.by
way/372734915,СШ №1,СШ №1,СШ №1,,,,,53.80436832857142,30.95432757142857,,,,
way/372749148,Каменскі вучэбна-педагагічны комплекс дзіцячы сад-сярэдняя школа,Каменский учебно-педагогический комплекс детский сад-средняя школа,Каменскі вучэбна-педагагічны комплекс дзіцячы сад-сярэдняя школа,,Цэнтральная вуліца,8,,53.877319771428574,30.90909897142857,,,,
way/372951590,Школа № 1,Школа № 1,Школа № 1,,,,,53.614811928571434,31.937705828571428,http://sch1.klimovichi.edu.by,375-2244-7-80-42,,gclimowichi.sh@yandex.by
way/373029137,СШ №1,СШ №1,СШ №1,,,,,54.286268688888896,30.983864366666662,,,,
way/373037776,Дрыбінская сярэдняя школа,Дрибинская средняя школа,Дрыбінская сярэдняя школа,,Савецкая вуліца,23,,54.11630040769232,31.088014876923072,https://dribin.schools.by,,,
way/373173518,Дзяржаўная ўстанова адукацыі «Трылесінская сярэдняя школа»,Государственное учреждение образования «Трилесинская средняя школа»,Дзяржаўная ўстанова адукацыі «Трылесінская сярэдняя школа»,,,,,54.0413349,30.978004588888894,,,,
way/373782271,Дуброўская сярэдняя школа,Дубровская средняя школа,Дуброўская сярэдняя школа,,,,,52.62932403,29.384779,,,,
way/373866206,Шацкая сярэдняя школа,Шацкая средняя школа,Шацкая сярэдняя школа,Шацк,Школьная вуліца,4,222824,53.435031285714295,27.688385535714286,https://shack.schools.by/,+375 17 13 33 241,shack-school@yandex.by,shack-school@yandex.by
way/373876080,Сярэдняя школа №177,Средняя школа №177,Сярэдняя школа №177,,,,,53.93522650909092,27.68194941818182,,,,
way/373878228,Негарэльская сярэдняя школа №1,Негорельская средняя школа №1,Негарэльская сярэдняя школа №1,,,,,53.58624813333333,27.050955483333336,,,,
way/373908005,Пяршайская вучэбна-педагагічны комплекс дзіцячы сад - сярэдняя школа,Першайский учебно-педагогический комплекс детский сад – средняя школа,Пяршайская вучэбна-педагагічны комплекс дзіцячы сад - сярэдняя школа,,,,,54.03628905555555,26.68025852222222,http://schoolpershai.edu.minskregion.by/,,,
way/373993755,Сярэдняя школа №115,Средняя школа №115,Сярэдняя школа №115,Мінск,вуліца Кедышкі,,,53.931684593333344,27.61546017333334,,,,
way/374063554,Гальшанская сярэдняя школа,Гольшанская средняя школа,Гальшанская сярэдняя школа,,,,,54.25766895384615,26.016120984615384,https://golshany.schools.by/,,,
way/374068385,Барунскі вучэбна-педагагічны комплекс яслі-сад - сярэдняя агульнаадукацыйная школа,Борунский учебно-педагогический комплекс ясли-сад - средняя общеобразовательная школа,Барунскі вучэбна-педагагічны комплекс яслі-сад - сярэдняя агульнаадукацыйная школа,,,,,54.31769881666667,26.13127990833333,,,,
way/374076297,Гімназія №27,Гимназия №27,Гімназія №27,,,,,53.90517835263159,27.48599712105263,,,,
way/374302888,Сярэдняя школа №178,Средняя школа №178,Сярэдняя школа №178,,,,,53.94263575714286,27.602374314285715,,,,
way/374408192,Кальчунская агульнаадукацыйная школа,Кольчунская общеобразовательная школа,Кальчунская агульнаадукацыйная школа,,,,,54.38769721999999,25.870926680000004,http://kolchuny.by/,,,
way/374416741,Сярэдняя школа №21,Средняя школа №21,Сярэдняя школа №21,,,,,53.911199836363636,27.5645001,,,,
way/374433602,Варнянскі-яслі-сад сярэдняя школа,Ворнянский-ясли-сад средняя школа,Варнянскі-яслі-сад сярэдняя школа,,,,,54.72643751,26.00759987,,,,
way/374529106,Свірская сярэдняя школа,Свирская средняя школа,Свірская сярэдняя школа,,,,,54.847764559999995,26.391712360000003,,,,
way/374579945,Занарацкая СШ,Занарочская средняя школа,Занарацкая СШ,Занарач,Кастрычніцкая вуліца,1,,54.80424921428572,26.762621442857146,https://zanaroch.schools.by/,+375 1797 36161,,
way/374714788,Камайская сярэдняя школа,Камайская средняя школа,Камайская сярэдняя школа,,,,,55.059925708333346,26.606345316666665,https://kamai.schools.by,,,
way/374736563,Сярэдняя школа №38,Средняя школа №38,Сярэдняя школа №38,,,,,53.895949344444446,27.485670377777776,,,,
way/374812338,Нарацкая сярэдняя школа №2,Нарочская средняя школа № 2,Нарацкая сярэдняя школа №2,,,,,54.918828833333336,26.69516711111111,http://www.naroch2.by,,,
way/374946394,Гімназія №36,Гимназия №36,Гімназія №36,,,,,53.91482343809523,27.530739347619054,http://gymn36.minsk.edu.by/,+375 17 2035294,,gymn36@minsk.edu.by
way/374973083,Германавіцкая сярэдняя школа,Германовичская средняя школа,Германавіцкая сярэдняя школа,,,,,55.411326568750006,27.728587887499998,http://germanovichi.sharkovschina.edu.by/,,,
way/374995730,Залеская дзіцячы садок-сярэдняя школа,Залесская детский сад-средняя школа,Залеская дзіцячы садок-сярэдняя школа,,,,,55.27628218333333,27.715603616666666,https://zalesse.rooglub.gov.by/,,,
way/375053064,Гімназія №35,Гимназия №35,Гімназія №35,Мінск,,,,53.84637516363636,27.532205154545455,,,,
way/375053119,Удзелаўская дзіцячы сад - сярэдняя школа,Уделовская детский сад - средняя школа,Удзелаўская дзіцячы сад - сярэдняя школа,,Савецкая вуліца,54,,55.21092897999999,27.55551453,https://udelo.rooglub.gov.by/,,,
way/375576983,ДУА «Палачанская сярэдняя школа Маладзечанскага раёна»,ГУО «Полочанская средняя школа Молодечненского района»,ДУА «Палачанская сярэдняя школа Маладзечанскага раёна»,,,,,54.2241039,26.711482999999998,http://schoolpolochany.edu.minskregion.by/,,,
way/375591364,Гарадоцкі дзіцячы сад - базавая школа,Городокский детский сад- базовая школа,Гарадоцкі дзіцячы сад - базавая школа,,,,,54.160382129999995,26.914307689999998,,,,
way/375893677,Сярэдняя школа №34,Средняя школа №34,Сярэдняя школа №34,,,,,53.86537757142857,30.33818752857143,http://www.school34.mogilev.by/,+375(222) 48-25-05,,mogilev_school34@tut.by
way/375893678,Сярэдняя школа №18,Средняя школа №18,Сярэдняя школа №18,,,,,53.86915911,30.332443239999996,http://www.school18.mogilev.by/,"+375(222) 48-45-62, +375(222) 48-59-22",,mogilev_school18@tut.by
way/375935690,Касцянёўская базавая школа Слонімскага раёна,Костенёвская базовая школа Слонимского района,Касцянёўская базавая школа Слонімскага раёна,,,,,53.069789160000006,25.21678022,https://kosteni.schools.by/,,,
way/375948928,Сялявіцкая дзіцячы сад - базавая школа,Селявичская детский сад- базовая школа,Сялявіцкая дзіцячы сад - базавая школа,,,,,53.0133785,25.03006785,,,,
way/375954627,Сянькоўшчынская сярэдняя школа,Сеньковщинская средняя школа,Сянькоўшчынская сярэдняя школа,,,,,53.17417499090909,25.15063676363636,http://senkov.slonim.edu.by/,,,
way/376287558,Сярэдняя школа №94,Средняя школа №94,Сярэдняя школа №94,,,,,53.94362435,27.716492613636373,,,,
way/376493415,Гродзенская спецыяльная школа-інтэрнат № 1,Гродненская специальная школа-интернат № 1,Гродзенская спецыяльная школа-інтэрнат № 1,,,,,53.699338139999995,23.843386199999998,https://int1zr.lengrodno.gov.by/,+375152786092,int1zr@lengrodno.by,int1zr@lengrodno.by
way/376671492,Замосцкая сярэдняя школа,Замостская средняя школа,Замосцкая сярэдняя школа,,,,,53.207685572727286,27.597541527272725,https://zamost.slutsk-vedy.gov.by,,,
way/376691498,Грэская сярэдняя школа,Греская средняя школа,Грэская сярэдняя школа,,,,,53.1687031909091,27.48845217272727,https://gresk.slutsk-vedy.gov.by,,,
way/376698895,Грозаўская сярэдняя школа,Грозовская средняя школа,Грозаўская сярэдняя школа,,завулак Гагарына,2,,53.16787037777778,27.32984368888889,https://grozovo.schools.by/,,,
way/376832146,Цімкавіцкая сярэдняя школа імя Кузьмы Чорнага,Тимковичская средняя школа имени Кузьмы Чорного,Цімкавіцкая сярэдняя школа імя Кузьмы Чорнага,,,,,53.0732513888889,26.993038499999994,https://timkovichi.schools.by/,,,
way/376940032,Ліпская сярэдняя школа,Липская средняя школа,Ліпская сярэдняя школа,,,,,53.239557866666665,26.47648894444444,https://xn--80apir.xn----8sbafcoeer1c5bfp.xn--90ais/,,,
way/376952328,Сноўская сярэдняя школа,Сновская средняя школа,Сноўская сярэдняя школа,,,,,53.22311645,26.4034969625,https://xn--b1avdk.xn----8sbafcoeer1c5bfp.xn--90ais/,,,
way/377023751,Гарадзішчанская сярэдняя школа імя М.А.Скіпара,Городищенская средняя школа имени М.А.Скипора,Гарадзішчанская сярэдняя школа імя М.А.Скіпара,,,,,53.32318455454545,26.001168154545454,http://gorodistche.baranovichi.edu.by/,,,
way/377144864,Любчанская сярэдняя школа,Любчанская средняя школа,Любчанская сярэдняя школа,,,,,53.75074495714285,26.065260957142858,https://novlubcha.schools.by/,,,
way/377171688,Шчорсаўская школа,Щорсовская Школа,Шчорсаўская школа,,,,,53.65233526666667,26.170854188888892,,,,
way/377254566,1,1,1,,Савецкая вуліца,,,52.249929566666665,29.083062739999995,,,,
way/377264192,Турэцкі вучэбна-педагагічны комплекс сярэдняя школа,Турецкий учебно-педагогический комплекс средняя школа,Турэцкі вучэбна-педагагічны комплекс сярэдняя школа,,Карэліцкая вуліца,26А,,53.528190008333326,26.301412033333335,https://turets.schools.by,+375 15 9634185,,
way/377275141,Сярэдняя школа г.п.Мір,Средняя школа г.п.Мир,Сярэдняя школа г.п.Мір,,,,,53.459836453333324,26.465369833333337,https://mir.schools.by,+375 1596 7-35-93,,mir-school@edu-korelichi.by
way/377336016,Піянерлагер «Пралеска»,Пионерлагерь «Пралеска»,Піянерлагер «Пралеска»,,,,,53.73413198888889,26.582315766666667,,,,
way/377439637,Гімназія №5 малодшыя класы,Гимназия №5 младшие классы,Гімназія №5 малодшыя класы,,,,,53.902434619999994,27.62039262,http://gymn5.minsk.edu.by/,+375 17 2433812,gymn5@minskedu.gov.by,gymn5@minskedu.gov.by
way/377443168,Бабровіцкая сярэдняя школа,Бобровичская средняя школа,Бабровіцкая сярэдняя школа,,,,,53.96452445,25.9742128375,https://bobrovichi.ivjeroo.gov.by/,,,
way/377593106,Мінойтаўская сярэдняя школа,Минойтовская средняя школа,Мінойтаўская сярэдняя школа,,,,,53.797391257142856,25.36755077142857,https://minoity.schools.by/,+375 154 597346,,
way/377735103,Сярэдняя школа №105,Средняя школа №105,Сярэдняя школа №105,,,,,53.888652780769235,27.524198330769227,,,,
way/377840151,Сапоцкінская сярэдняя школа,Сопоцкинская средняя школа,Сапоцкінская сярэдняя школа,Сапоцкін,Школьная вуліца,1,,53.828284533333324,23.65743030666666,https://sopockin.schools.by/,80152992561,,
way/377947984,Гудзевіцкая сярэдняя школа,Гудевичская средняя школа,Гудзевіцкая сярэдняя школа,,,,,53.372242490000005,24.174225089999997,https://gudevichi.schools.by/,,,
way/378013046,Хвінявіцкі дзіцячы сад - сярэдняя школа,Хвиневичский детский сад- средняя школа,Хвінявіцкі дзіцячы сад - сярэдняя школа,,,,,53.49235406363635,25.265399854545453,,,,
way/378125439,Дварэцкая сярэдняя школа,Дворецкая средняя школа,Дварэцкая сярэдняя школа,,,,,53.41021552142858,25.56312397142857,,,,
way/378270485,ДУА «Маўчадская санаторная школа-інтэрнат»,ГУО «Молчадская санаторная школа-интернат»,ДУА «Маўчадская санаторная школа-інтэрнат»,,Новая вуліца,32,,53.31681121666667,25.678887466666666,http://molint.by/index.php,,,
way/378323130,Начаўская сярэдняя школа,Начевская средняя школа,Начаўская сярэдняя школа,,,,,53.03495527,26.4220866,http://nacha.lyahovichi.edu.by/q,,,
way/378345958,Янавіцкая сярэдняя школа,Яновичская средняя школа,Янавіцкая сярэдняя школа,,Школьная вуліца,3,,53.01460316666666,26.651376244444442,https://yanovichi.kletsk-asveta.gov.by/,,,
way/378439715,Вясейская сярэдняя школа,Весейская средняя школа,Вясейская сярэдняя школа,,Пакроўская вуліца,2,,53.06076996666666,27.66979157777778,https://veseja.slutsk-vedy.gov.by,,,
way/378451213,Залужская сярэдняя школа,Залужская средняя школа,Залужская сярэдняя школа,,,,,53.139244233333336,28.16444329333334,https://zaluzie.starye-dorogi.by/,,,
way/378465129,Паставіцкая сярэдняя школа,Пастовичская средняя школа,Паставіцкая сярэдняя школа,,,,,53.053942276923074,28.47666717692308,https://pastovichi.starye-dorogi.by/,,,
way/378467954,Дзіцячы лагер «Хрысціянін»,Детский лагерь «Христианин»,Дзіцячы лагер «Хрысціянін»,,,,,53.041145300000004,28.762533033333337,,,,
way/378605060,Школа-інтэрнат,школа-интернат,Школа-інтэрнат,Гарадзец,Савецкая вуліца,30,247276,52.97758177586207,30.341931951724135,,,,
way/378659934,Пачатковыя класы Гімназіі № 25,Начальные классы Гимназии № 25,Пачатковыя класы Гімназіі № 25,,,,,53.86687185714285,27.6624685,,,,
way/378673958,Сярэдняя школа №84,Средняя школа №84,Сярэдняя школа №84,,вуліца Панамарова,11,220056,53.94308739285715,27.703307492857142,,,,
way/378933005,Школа № 9,Школа № 9,Школа № 9,,,,,53.13571378888889,26.0202186,,,,
way/378995618,Гімназія №8,Гимназия №8,Гімназія №8,,,,,53.92773669090909,27.594743809090904,http://gymn8.minsk.edu.by/,,,
way/378995622,Сярэдняя школа №37,Средняя школа №37,Сярэдняя школа №37,,,,,53.9296839,27.544936240000006,,,,
way/378995624,Гімназія №3,Гимназия №3,Гімназія №3,,,,,53.92483021666666,27.553834750000004,,,,
way/379073342,Школа № 20,Школа № 20,Школа № 20,,,,,53.1326509,26.077720714285714,http://sch20.baranovichi.edu.by/,+375(163) 48 88 45,,sch20@baranovichi.edu.by
way/379087785,Гімназія № 1,Гимназия № 1,Гімназія № 1,,,,,53.14280099999999,26.073034399999997,http://gymn1.baranovichi.edu.by/,"+375(163) 40-62-03, +375(163) 40-62-86",,gymn1@baranovichi.edu.by
way/379162313,Гімназія № 4,Гимназия № 4,Гімназія № 4,,,,,53.130266342857134,26.021649814285716,http://gymn4.baranovichi.edu.by/,+375(163) 45-30-54,,gymn4@baranovichi.edu.by
way/379162317,Школа № 7,Школа № 7,Школа № 7,,,,,53.13125666666667,26.026441858333328,,,,
way/379207569,Школа № 17,Школа № 17,Школа № 17,,,,,53.13501468571429,26.070040914285716,http://sch17.baranovichi.edu.by/,+375(163) 48-86-62,,sch17@baranovichi.edu.by
way/379355299,Сярэдняя школа №40,Средняя школа №40,Сярэдняя школа №40,,Фабрычная вуліца,27,,53.88630484285714,27.592862567857143,,,,
way/379401673,Сярэдняя школа №19,Средняя школа №19 им. Янки Купалы,Сярэдняя школа №19,,,,,53.91315240714284,27.588610600000003,http://sch19.minsk.edu.by,,,
way/379422973,Сярэдняя школа №10,Средняя школа №10,Сярэдняя школа №10,,,,,53.906577432000006,27.581217380000002,https://10minsk.schools.by/,,,
way/379476185,Гімназія № 3,Гимназия № 3,Гімназія № 3,,,,,53.1471231875,26.052378262500003,,,,
way/379476187,Школа № 15,Школа № 15,Школа № 15,,,,,53.150498160000005,26.062377520000002,,,,
way/379547411,Сярэдняя школа №43,Средняя школа №43,Сярэдняя школа №43,,,,,53.84125180625,27.645479624999993,,,,
way/379553319,Гімназія №25,Гимназия №25,Гімназія №25,,,,,53.846374271428566,27.639188785714282,,,,
way/379558287,Плешчыцкая сярэдняя школа,Плещицкая средняя школа,Плешчыцкая сярэдняя школа,,,,,52.071810885714285,26.19762892857143,http://pleschici.pinsk.edu.by/,,,
way/379740113,Молотковичская средняя школа,Молотковичская средняя школа,Малатковіцкая сярэдняя школа,,,,,52.11471108,25.920933133333335,https://molsh.roo-pinsk.gov.by,,molsh@roo-pinsk.gov.by,molsh@roo-pinsk.gov.by
way/379877300,Мотальская дзіцячы сад - сярэдняя школа №2,Мотольская детский сад- средняя школа №2,Мотальская дзіцячы сад - сярэдняя школа №2,,вуліца Варашылава,,,52.316113836363634,25.585153245454546,http://www.motol2.ivanovo.by/,,,
way/379894646,Гімназія №75,Гимназия №75,Гімназія №75,,,,,53.89098200714286,27.55645727857143,,,,
way/379955248,Дзіцячы сад - сярэдняя школа,Детский сад - средняя школа,Дзіцячы сад - сярэдняя школа,,,,,52.105718177777774,25.3800838,http://voroc.ivanovo.edu.by/,,,
way/379964496,Ліцэй № 1,Лицей № 1,Ліцэй № 1,,,,,53.14751694166666,26.007699558333332,http://lyceum1.baranovichi.edu.by/,+375(163) 57-93-93,,licey1@baranovichi.edu.by
way/379985437,Опальская сярэдняя школа,Опольская средняя школа,Опальская сярэдняя школа,,,,,52.3205064,25.409983500000003,http://opol.ivanovo.edu.by/,,opol@ivanovo.edu.by,opol@ivanovo.edu.by
way/380047196,Бездзежская сярэдняя школа,Бездежская средняя школа,Бездзежская сярэдняя школа,,,,,52.31128784444444,25.31086668888889,http://bezdej.drogichin.edu.by/,,,
way/380087402,ДУА Сярэдняя школа №2 г.Драгічына,ГУО Средняя школа №2 г.Дрогичина,ДУА Сярэдняя школа №2 г.Драгічына,,,,,52.1884821047619,25.14922986666667,http://sch2.drogichin.edu.by/,,,
way/380133991,Пярковіцкая сярэдняя школа,Перковичская средняя школа,Пярковіцкая сярэдняя школа,,,,,52.17669434,25.032383520000003,http://perk.drogichin.edu.by/,,,
way/380195553,Сярэдняя школа №125,Средняя школа №125,Сярэдняя школа №125,,,,,53.912524318181816,27.477452163636368,,,,
way/380200721,Мінская дзяржаўная гімназія-каледж мастацтваў,Минская государственная гимназия-колледж искусств,Мінская дзяржаўная гімназія-каледж мастацтваў,,,,,53.914698923529414,27.555968999999994,http://gki.minsk.edu.by/,+375 17 2867818,,
way/380229835,Антопальская сярэдняя школа,Антопольская средняя школа,Антопальская сярэдняя школа,,,,,52.19957645000001,24.7865076,,,,
way/380237463,Гімназія № 50,Гимназия № 50,Гімназія № 50,,,,,53.91029332499999,27.57085900625,https://gym50.by/,+375 17 2906614,,
way/380290607,Бухавіцкая сярэдняя школа,Буховичская средняя школа,Бухавіцкая сярэдняя школа,,,,,52.281530200000006,24.423049433333333,http://buxov.kobrin.edu.by/,,,
way/380296327,Астраміцкая сярэдняя школа,Остромичская средняя школа,Астраміцкая сярэдняя школа,,,,,52.27652362727274,24.469548472727272,http://ostrom.kobrin.edu.by/,,,
way/380315312,Школа № 16,Школа № 16,Школа № 16,,,,,53.11891032727274,26.02357071818182,,,,
way/380315313,Школа № 21,Школа № 21,Школа № 21,,,,,53.11241542727273,26.017843954545455,,,,
way/380406107,ДАЦ Жамчужынка,ДОЦ «Жемчужинка»,ДАЦ Жамчужынка,,,,,52.276440952380945,24.343615957142855,http://belkidscenter.by,,,
way/380406140,Імянінская сярэдняя школа,Именинская средняя школа,Імянінская сярэдняя школа,,,,,52.26786440000001,24.344130250000003,http://imen.kobrin.edu.by/,,,
way/380426150,Засульская сярэдняя школа,Засульская средняя школа,Засульская сярэдняя школа,,,,,53.578930070370376,26.83147286296296,http://zasulie.edu.minskregion.by,,,
way/380450618,Балоцкая базавая школа (былая),Болотская базовая школа (бывш.),Балоцкая базавая школа (былая),,,,,52.1409331125,24.5198153,,,,
way/380462469,Сярэдняя школа №133,Средняя Школа №133,Сярэдняя школа №133,,,,,53.8995892090909,27.619080763636365,,,,
way/380657495,Ліцэй БНТУ,Лицей БНТУ,Ліцэй БНТУ,,,,,53.92850778125002,27.61390025,https://bntu.by/liceum/liceum,"+375 17 2808708, +375 17 2809203",liceum@bntu.by,liceum@bntu.by
way/380726841,Высокаўская сярэдняя школа,Высоковская средняя школа,Высокаўская сярэдняя школа,,,,,52.37221508823529,23.366266247058828,http://visokoye.kamenec.edu.by/,,,
way/380926516,Баркоўская сярэдняя школа,Борковская средняя школа,Баркоўская сярэдняя школа,,,,,52.362574987500004,24.859608549999997,http://borki.bereza.edu.by/,,,
way/380937397,Сярэдняя школа №2,Средняя школа №2,Сярэдняя школа №2,,,,,52.527139837499995,24.973496074999996,http://sch2.bereza.edu.by/,,,
way/381212220,Гімназія № 2,Гимназия № 2,Гімназія № 2,,,,,53.11716485555556,26.033415650000002,http://gymn2.baranovichi.edu.by/,+375(163) 52-94-71,,gymn2@baranovichi.edu.by
way/381282024,Сакольнікскі дзіцячы сад - базавая школа,Сокольникский детский сад - базовая школа,Сакольнікскі дзіцячы сад - базавая школа,,,,,52.95922027058824,24.251920929411767,http://www.sokolniki.grodno.by/,,,
way/381437238,Гнезнаўскі вучэбна-педагагічны комплекс дзіцячы сад-сярэдняя школа,Гнезновский учебно-педагогический комплекс детский сад-средняя школа,Гнезнаўскі вучэбна-педагагічны комплекс дзіцячы сад-сярэдняя школа,,,,,53.12167369999999,24.34987371538461,http://gnezno.grodno.unibel.by/,,,
way/381816843,Сярэдняя школа №16,Средняя школа №16,Сярэдняя школа №16,,,,,53.91109054705882,27.512028985294116,,,,
way/381995139,Крывошынская сярэдняя школа,Кривошинская средняя школа,Крывошынская сярэдняя школа,,,,,52.87852863333333,26.124954346666662,http://krivoshin.lyahovichi.edu.by/,,,
way/382237110,Сярэдняя школа №1,Средняя школа №1,Сярэдняя школа №1,,,,,52.2249185,27.472175125,http://sch1m.luninec.edu.by/,,,
way/382242677,Ленінскі вучэбна-педагагічны комплекс дзіцячы сад-сярэдняя школа,Ленинский учебно-педагогический комплекс детский сад-средняя школа,Ленінскі вучэбна-педагагічны комплекс дзіцячы сад-сярэдняя школа,,,,,52.341556260000004,27.48428182,,,,
way/382714920,Суражская сярэдняя школа імя М.П.Шмырова,Суражская средняя школа им. М.Ф.Шмырёва,Суражская сярэдняя школа імя М.П.Шмырова,,,,,55.405856307692304,30.72931687692308,,,,
way/382734246,Сярэдняя школа №9,Средняя школа №9,Сярэдняя школа №9,,вуліца Дружбы,33 к1,225301,52.19506070588234,24.352465288235294,,,,
way/383440012,Сярэдняя школа №22,Средняя школа №22,Сярэдняя школа №22,,,,,53.925366491666665,30.33255779166667,,,,
way/383775859,Амельнянская сярэдняя школа,Омельнянская средняя школа,Амельнянская сярэдняя школа,,Мічурынская вуліца,24,,52.47765976153846,25.740687607692312,http://omelnaya.ivacevichi.edu.by/,,,
way/384591990,Сярэдняя школа №131,Средняя школа №131,Сярэдняя школа №131,,,,,53.83764918947368,27.649250173684216,,,,
way/384591996,Сярэдняя школа №143,Средняя школа №143,Сярэдняя школа №143,,,,,53.83652638461539,27.64238641538461,,,,
way/385643590,Сярэдняя школа №46,Средняя школа №46,Сярэдняя школа №46,,,,,53.83664250000001,27.63537750909091,,,,
way/386030597,Яслі-сад-сярэдняя школа,Ясли-сад-средняя школа,Яслі-сад-сярэдняя школа,,,,,52.585244357142855,24.86125877142857,http://selec.bereza.edu.by/,,,
way/386641613,Сярэдняя школа №135,Средняя школа №135,Сярэдняя школа №135,,,,,53.83608078571428,27.612603685714287,,,,
way/386674579,Ліцэй №1,Лицей №1,Ліцэй №1,,,,,53.88884717272728,25.29651787272727,,+375 154 652983,,
way/386674580,Сярэднаяя школа №1,Средняя школа №1,Сярэднаяя школа №1,,,,,53.89400167272727,25.292465518181817,,+375 154 652790,,
way/386674581,Сярэднаяя школа №4,Средняя школа №4,Сярэднаяя школа №4,,,,,53.8951657125,25.298191162500004,http://sc4lida.iam.by/,+375 154 652786,sch4lida@gmail.com,sch4lida@gmail.com
way/386796925,Плешчаніцкая сярэдняя школа №1,Плещеницкая средняя общеобразовательная школа № 1,Плешчаніцкая сярэдняя школа №1,,,,,54.428204446153856,27.824948746153844,,,,
way/386800761,Гімназія №1,Гимназия №1,Гімназія №1,,,,,53.8918309,25.29087234,,+375 154 652823,,
way/386910174,СШ № 4,СШ № 4,СШ № 4,,,,,54.09652664285715,28.313800857142862,,,,
way/386929557,СШ №6,СШ №6,СШ №6,,вуліца 8 Сакавіка,14,,54.090510808333335,28.303564374999997,,,,
way/387386669,Школа №16,Школа №16,Школа №16,,,,,55.49550356363636,28.755377136363634,,,,
way/387701424,Сярэдняя школа №18 імя Еўфрасінні Полацкай,Средняя школа №18 имени Евфросинии Полоцкой,Сярэдняя школа №18 імя Еўфрасінні Полацкай,,,,,55.49896341714287,28.749541402857144,,,,
way/388121583,Гімназія №7,Гимназия №7,Гімназія №7,,,,,54.3119923875,26.830642112499998,http://gimnasy7-molo.by,+375-0176-77-04-36,,gimn7mol@gmail.com
way/388130343,Школа №8,Школа №8,Школа №8,,,,,54.30540248888889,26.850549411111114,https://sch8-molod.schools.by,+375-176-760922,school8molod@tut.by,school8molod@tut.by
way/388135482,Маладзечанская спецыяльная агульнаадукацыйная школа-інтэрнат,Молодечненская специальная общеобразовательная школа-интернат,Маладзечанская спецыяльная агульнаадукацыйная школа-інтэрнат,,,,,54.309689531578954,26.848665242105266,,,,
way/388225639,Сярэдняя школа №181,Средняя школа №181,Сярэдняя школа №181,,,,,53.857143415625,27.462755031249998,,,,
way/388305887,Семежаўская сярэдняя школа імя М.С.Высоцкага,Семежевская средняя школа имени М.С.Высоцкого,Семежаўская сярэдняя школа імя М.С.Высоцкага,,,,,52.96473727272728,26.99323865454545,https://semezhevo.schools.by/,,,
way/388483307,Сярэдняя школа №2 імя П.І.Кавалёва,Средняя школа №2 имени Ф.И.Ковалёва,Сярэдняя школа №2 імя П.І.Кавалёва,,,,,53.49005721538462,29.332523984615378,,,,
way/389411640,Гайненская сярэдняя школа,Гайненская средняя школа,Гайненская сярэдняя школа,,,,,54.250650349999994,27.69918795714286,https://gaina.logoysk-edu.gov.by,+375 17 74 58 2 38,,
way/389770645,Аснежыцкая сярэдняя школа,Оснежицкая средняя школа,Аснежыцкая сярэдняя школа,,,,,52.187690999999994,26.138001260000003,http://osnejici.pinsk.edu.by/,,,
way/390381075,Школа №9,Школа №9,Школа №9,,,,,54.49231125,30.400509483333334,http://school9.goroo-orsha.by/,+375(216) 50-65-23,,09.school.orsha@gmail.com
way/390686189,Сярэдняя школа №32,Средняя школа №32,Сярэдняя школа №32,,,,,53.875178380952384,30.381576690476187,https://school32mog.by/,,,
way/391342887,Кіраўская СШ,Кіраўская СШ,Кіраўская СШ,,,,,55.105203455555554,27.774571066666667,,,,
way/391355069,Сярэдняя школа №121,Средняя школа №121,Сярэдняя школа №121,,вуліца Каліноўскага,,,53.93896486666667,27.647956840000003,,,,
way/391356108,Сярэдняя школа №137,Средняя школа №137,Сярэдняя школа №137,,,,,53.93809537857142,27.644829621428574,,,,
way/391602979,нядзельная школа для дзяцей,воскресная школа для детей,нядзельная школа для дзяцей,,,,,53.880780779999995,27.439048800000002,,,,
way/392184512,Сярэдняя школа №25,Средняя школа №25,Сярэдняя школа №25,,,,,53.928786675,30.35301393333333,http://mogsh-25.mogilev.by/,"+375(222) 72-03-80, +375(222) 72-05-66",,mogsh-25@rambler.ru
way/393428762,Уздзенская раённая гімназія,Узденская районная гимназия,Уздзенская раённая гімназія,,,,,53.4677878047619,27.217495819047617,https://gymn-uzda.schools.by/,+375171866246,,gimnaziya.uzda@yandex.by
way/394457826,Лучнікоўская сярэдняя школа,Лучниковская средняя школа,Лучнікоўская сярэдняя школа,,,,,53.03922705555555,27.52844948888889,https://lychniki.slutsk-vedy.gov.by,,,
way/394670110,Сярэдняя школа №27,Средняя школа №27,Сярэдняя школа №27,,,,,53.918264377777774,30.317894500000005,,,,
way/394732205,ДУА «Сярэдняя школа №6 г.Слуцка»,ГУО «Средняя школа № 6 г.Слуцка»,ДУА «Сярэдняя школа №6 г.Слуцка»,,Піянерская вуліца,5,,53.03088527692307,27.552524753846157,,,,
way/394792425,ДУА «Сярэдняя школа № 10 ім.С.Ф.Рубанава г.Слуцка»,ГУО «Средняя школа № 10 им.С.Ф.Рубанова г.Слуцка»,ДУА «Сярэдняя школа № 10 ім.С.Ф.Рубанава г.Слуцка»,,вуліца Уласаўца,2,,53.0224306,27.54324064444444,,,,
way/394792439,ДУА «Сярэдняя школа № 13 г.Слуцка»,ГУО «Средняя школа № 13 г.Слуцка»,ДУА «Сярэдняя школа № 13 г.Слуцка»,,1-ы завулак Чайкоўскага,1,,53.015144113333335,27.55314214666667,,,,
way/395221110,Сярэдняя школа №101,Средняя школа №101,Сярэдняя школа №101,,,,,53.88637632962964,27.5065091,,,,
way/396303202,Сярэдняя школа № 40,Средняя школа № 40,Сярэдняя школа № 40,,,,,53.95041132857143,30.366843485714288,,,,
way/396303224,Сярэдняя школа № 35,Средняя школа № 35,Сярэдняя школа № 35,,,,,53.93324720833334,30.359241850000004,http://school35.mogilev.by/,+375(222) 75-10-18,,sosh_35@tut.by
way/396719853,Сярэдняя школа №89,Средняя школа №89,Сярэдняя школа №89,,,,,53.85047510833334,27.54883110833333,,,,
way/396719855,Сярэдняя школа №62,Средняя школа №62,Сярэдняя школа №62,,,,,53.854026399999995,27.548982825000003,,,,
way/396719856,Сярэдняя школа №11,Средняя школа №11,Сярэдняя школа №11,,,,,53.853695922222215,27.550420966666664,http://sch11.minsk.edu.by/,,,
way/397078349,Сярэдняя школа №3,Средняя школа №3,Сярэдняя школа №3,,,,,53.88494024999999,27.52328028333333,,,,
way/397171699,Мінскае гарадское кадэцкае вучылішча,Минское городское кадетское училище №2,Мінскае гарадское кадэцкае вучылішча,,,,,53.955984781249995,27.646174018749996,http://mgku2.minsk.edu.by/,+375172370988,,
way/400028365,Літвянская базавая школа,Литвянская базовая школа,Літвянская базавая школа,,Школьная вуліца,13,,53.51202726923078,27.143068584615385,https://litvyan.schools.by/,,,
way/400947632,Сярэдняя школа №30 імя Д. Б. Гвішыяні г. Брэста,Средняя школа №30 имени Д.Б. Гвишиани г. Бреста,Сярэдняя школа №30 імя Д. Б. Гвішыяні г. Брэста,,,,,52.079990949999996,23.750199424999998,http://sch30.brest.edu.by/,+375(162) 48-43-14 (приёмная комиссия),,
way/401440344,Гімназія,Гимназия,Гімназія,,,,,55.11024363,26.82789423,,,,
way/401440345,Школа № 3,Школа № 3,Школа № 3,,,,,55.12140385714286,26.815066699999996,,,,
way/401610314,Навасадская сярэдняя школа,Новосадская средняя школа,Навасадская сярэдняя школа,,,,,54.25424942499999,28.70729975833333,,+375 177 97-42-27,novosadyschool@rooborisov.by,novosadyschool@rooborisov.by
way/401947053,Козенская агульнаадукацыйная школа,Козенская общеобразовательная школа,Козенская агульнаадукацыйная школа,,,,,52.01895152083333,29.1893682875,,,,
way/402104060,Сярэдняя школа № 9,Средняя школа № 9,Сярэдняя школа № 9,,вуліца Леніна,327,,53.0428903625,27.5894838875,http://sch9.slutsk.edu.by,,,
way/402104065,Сярэдняя школа № 8,Средняя школа № 8,Сярэдняя школа № 8,,Сацыялістычная вуліца,108,,53.02982906363636,27.582341490909094,,,,
way/402202761,Сярэдняя школа № 2 г. Слуцка,Средняя школа № 2 г. Слуцка,Сярэдняя школа № 2 г. Слуцка,,Віленская вуліца,61,,53.01050399166666,27.53693435833333,,,,
way/402202766,ДУА «Сярэдняя школа №4 г.Слуцка»,ГУО «Средняя школа №4 г.Слуцка»,ДУА «Сярэдняя школа №4 г.Слуцка»,,Савецкая вуліца,42,,53.035846653846164,27.57546951538462,,,,
way/402207873,ДУА «Сярэдняя школа № 5 г.Слуцка»,ГУО «Средняя школа № 5 г.Слуцка»,ДУА «Сярэдняя школа № 5 г.Слуцка»,,,,,53.02455798333333,27.551407525,,,,
way/402213936,Сярэдняя школа № 12 г. Слуцка,Средняя школа № 12 г. Слуцка,Сярэдняя школа № 12 г. Слуцка,,,,,53.006277839999996,27.52517375,,,,
way/402645336,Школа,Школа,Школа,,,,,54.01400391999999,27.464150140000005,,,,
way/402648617,Школа,Школа,Школа,,,,,54.012236359999996,27.45547542,,,,
way/403439345,Мінскае абласное кадэцкае вучылішча,Минское областное кадетское училище,Мінскае абласное кадэцкае вучылішча,Слуцк,Магістральная вуліца,2,223602,53.04404048,27.57879322,https://www.moky.by/,(8-01795) 6-53-83,info@moky.by,info@moky.by
way/403610717,Школа №2,Школа №2,Школа №2,,,,,53.998548257142865,29.707503014285717,,,,
way/403845668,Гімназія № 29,Гимназия № 29,Гімназія № 29,,,,,53.90843380769232,27.541586623076928,http://gymn29.minsk.edu.by/,+375(17) 226-61-26,,gymn29@minsk.edu.by
way/404111334,Сярэдняя школа № 22,Средняя школа № 22,Сярэдняя школа № 22,,,,,54.22378246666667,28.5278436,http://www.sh22borisov.by/,,,
way/404143052,Школа № 35,Школа № 35,Школа № 35,,,,,55.16689198888889,30.112275477777775,http://sch35.vitebsk.edu.by/,+375(212) 34-57-21,,pervsc35@tut.by
way/404561051,Вялікасліўская базавая школа,Великосливская базовая школа,Вялікасліўская базавая школа,,,,,52.947019061538455,27.629580284615386,,,,
way/404664411,Шырокаўская сярэдняя школа,Широковская средняя школа,Шырокаўская сярэдняя школа,,,,,52.69686324285715,30.883116942857146,,,,
way/404876536,Лагер «Рамонак»,Лагерь «Ромашка»,Лагер «Рамонак»,,,,,53.234843345454536,29.169369400000004,,,,
way/404876541,Лагер «Арляня»,Лагерь «Орлёнок»,Лагер «Арляня»,,,,,53.236249580000006,29.163345399999997,,,,
way/405160360,Дзіцячы сад-базавая школа,Детский сад-базовая школа,Дзіцячы сад-базавая школа,,,,,54.278679912499996,30.6746283,,,,
way/405314724,Сярэдняя школа,Средняя школа,Сярэдняя школа,,,,,53.102136266666676,29.737430860000003,,,,
way/405822024,Раманавіцкая сярэдняя школа Магілёўскага раёна,Романовичская средняя школа Могилевского района,Раманавіцкая сярэдняя школа Магілёўскага раёна,,,,,53.86277041428571,30.554756428571434,http://romanovichi.mogilev.edu.by/,,,
way/406584560,Запольская сярэдняя школа,Запольская средняя школа,Запольская сярэдняя школа,,Мінская вуліца,12,,53.7644524923077,27.99411333846153,,,,
way/406813332,Школа для дзяцей з парушэннем слыху,Витебская специальная общеобразовательная школа-интернат,Школа для дзяцей з парушэннем слыху,,,,,55.15761170000001,30.193699818181816,http://vitnc.vitebsk-region.edu.by/,+375(212) 27-02-00;+375(212) 27-03-19,,vitnc@vitebsk-region.edu.by;vithiss@mail.ru
way/408376816,Вучэбна-педагагічны комплекс яслі-сад-сярэдняя школа аграгарадка Адэльск,Учебно-педагогический комплекс ясли-сад-средняя школа агрогородка Одельск,Вучэбна-педагагічны комплекс яслі-сад-сярэдняя школа аграгарадка Адэльск,,,,,53.405221994444446,23.765533033333334,https://odelsk.schools.by/,,,
way/408901435,Юрацішкаўскі яслі-сад - сярэдняя школа,Юратишковский ясли-сад - средняя школа,Юрацішкаўскі яслі-сад - сярэдняя школа,,,,,54.03639205625,25.928513893749997,https://yuratishki.schools.by/,,,
way/408921191,Пяскоўскі НПК дзіцячы сад-сярэдняя школа,Песковский УПК детский сад-средняя школа,Пяскоўскі НПК дзіцячы сад-сярэдняя школа,,,,231621,53.34790325454546,24.624541209090907,https://peski.schools.by/,,peski.ms@tut.by,peski.ms@tut.by
way/408943541,Гімназія №17,Гимназия №17,Гімназія №17,,,,,53.87436236923077,27.601044238461537,,,,
way/409831946,Сярэдняя школа № 1 г. Чэрыкава,Средняя школа № 1 г. Черикова,Сярэдняя школа № 1 г. Чэрыкава,,,,,53.570751825,31.376557491666663,http://sch1.cherikov.edu.by,+375224331506,sch1@cherikov.edu.by,sch1@cherikov.edu.by
way/410630901,Сярэдняя школа №14,Средняя школа №14,Сярэдняя школа №14,,,,,55.49570579200002,28.815173584,,,,
way/410630915,Сярэдняя школа №13,Средняя школа №13,Сярэдняя школа №13,,,,,55.47792080909091,28.830418272727275,,,,
way/410630917,Сярэдняя школа №4,Средняя школа №4,Сярэдняя школа №4,,,,,55.473902721428566,28.76659770714286,,,,
way/413029712,Паўстынская сярэдняя школа,Паўстынская сярэдняя школа,Паўстынская сярэдняя школа,,,,,52.976773130769224,27.812416084615386,https://povstynsk.slutsk-vedy.gov.by,,,
way/413088191,Сярэдняя школа №14 імя Фаміна,Средняя школа №14 им. Фомина,Сярэдняя школа №14 імя Фаміна,,,,,52.06777026250001,23.72935888125,,,,
way/413088192,Сярэдняя школа №37,Средняя школа №37,Сярэдняя школа №37,,,,,52.06873539285714,23.728841621428575,,,,
way/413162177,Сярэдняя школа №1,Средняя школа №1,Сярэдняя школа №1,,,,,52.07458150769231,23.723491400000004,,,,
way/413342418,Прылуцкая сярэдняя школа,Прилукская средняя школа,Прылуцкая сярэдняя школа,,,,,53.78212067500001,27.436399241666667,http://priluki.minsk.edu.by/,,,
way/414379185,Школа №2,СШ №2,Школа №2,,вуліца Чкалава,6,222310,54.29971787647059,26.826675411764704,http://sch2mol.by/,+375 176 55 39 31,sch2mol@gmail.com,sch2mol@gmail.com
way/414634310,Школа № 19,Школа № 19,Школа № 19,,,,,55.1722679076923,30.14078436923077,http://sch19.vitebsk.edu.by/,+375(212) 34-14-42;+375(212) 34-38-61,,http://sch19@vitebsk.edu.by/
way/414805268,Сярэдняя школа №55,Средняя школа № 55,Сярэдняя школа №55,,,,,52.46832918947369,30.96813816842105,,,,
way/417098660,Сярэдняя школа №10,Средняя школа №10,Сярэдняя школа №10,,вуліца Шапашніка,25,,52.14008838666666,26.071922499999996,,,,
way/417988518,СШ №1,СШ №1 имени Янки Купалы,СШ №1,,,,,54.318769561538474,26.878238576923074,https://sch1mol.schools.by/m/,+375 176 73 79 05,sch1mol@gmail.com,sch1mol@gmail.com
way/417988519,Школа №4,Школа №4,Школа №4,,,,,54.31152679230768,26.843233261538465,http://art-school-four.com/,+375-176-77-08-70,,art.school.four@gmail.com
way/417988520,СШ №5,СШ №5 (1957 г.),СШ №5,,,,,54.31957751428571,26.869789785714286,https://sch5mol.schools.by/m/,+375 176 73 79 67,sch5mol@gmail.com,sch5mol@gmail.com
way/418522532,Школа № 9,Школа № 9,Школа № 9,,,,,55.289536777777776,30.256970477777777,https://9vitebsk.schools.by/,+375 212 290359,,
way/418860131,Селеўская базавая школа,Селевская базовая школа,Селеўская базавая школа,Селеўцы,Цэнтральная вуліца,,,54.13066030000001,26.80766256923077,,,,
way/418978452,Школа №19,Школа №19,Школа №19,,,,,54.21895865714286,28.527378357142858,,,,
way/419028846,Сярэдняя школа №9,Средняя школа №9,Сярэдняя школа №9,,,,,52.14318025,26.091250062500002,,,,
way/419321462,Сярэдняя школа №2,Средняя школа №2,Сярэдняя школа №2,,,,,52.13077376923077,26.10590706153846,,,,
way/420076929,Верасніцкая сярэдняя школа,Вересницкая средняя школа,Верасніцкая сярэдняя школа,,,,,52.08701484285714,27.63391382857143,,,,
way/420293199,Старасельская сярэдняя школа Віцебскага раёна,Старосельская средняя школа Витебского района,Старасельская сярэдняя школа Віцебскага раёна,,,,,55.22609621666666,29.876865183333333,https://sh-staroeselo.schools.by,8 (0212) 29 82 35;8 (0212) 29 82 37,,stseloschool@vitebsk.by
way/420348433,Сярэдняя школа № 7,Средняя школа № 7,Сярэдняя школа № 7,,,,,52.13384127272727,26.095067436363635,http://sch7.pinsk.edu.by,633453,sch7@pinsk.edu.by,sch7@pinsk.edu.by
way/420348438,Сярэдняя школа №15,Средняя школа №15,Сярэдняя школа №15,,,,,52.14053250769229,26.107468438461538,http://sch15.pinsk.edu.by,+375165610154,sch15@pinsk.edu.by,sch15@pinsk.edu.by
way/420358969,Гімназія №1 імя Фёдара Якімовіча Перца,Гимназия №1 им. Федора Якимовича Перца,Гімназія №1 імя Фёдара Якімовіча Перца,,,,,52.12256356499999,26.117447025,http://gymn1.pinsk.edu.by,,,
way/420789234,Сярэдняя школа № 1,Средняя школа № 1,Сярэдняя школа № 1,,,,,52.11099430833334,26.072236524999994,http://sch1.pinsk.edu.by/,640408,sch1@pinsk.edu.by,sch1@pinsk.edu.by
way/420789236,Гімназія №3,Гимназия №3,Гімназія №3,,,,,52.11489215,26.07167,,,,
way/420879596,Сярэдняя школа № 12,Средняя школа № 12,Сярэдняя школа № 12,,,,,52.12263482727272,26.109245172727274,,,,
way/421347029,Гімназія №2,Гимназия №2,Гімназія №2,,,,,52.13908919000001,26.10224378,,,,
way/421347030,Сярэдняя школа №8,Средняя школа №8,Сярэдняя школа №8,,,,,52.14023713809523,26.113253514285713,,,,
way/421427549,Цэнтр дзіцячага і юнацкага турызму,Центр детского и юношеского туризма,Цэнтр дзіцячага і юнацкага турызму,,,,,52.124637500000006,26.081143400000006,,,,
way/421427550,Сярэдняя школа №18,Средняя школа №18,Сярэдняя школа №18,,,,,52.13234011923076,26.072671692307697,http://sch18.pinsk.edu.by/,+375165610812,sch18@pinsk.edu.by,sch18@pinsk.edu.by
way/421427551,Сярэдняя школа №14,Средняя школа №14,Сярэдняя школа №14,,,,,52.13223865,26.069249425,http://sch14.pinsk.edu.by/,+375 165 643134 (приёмная); +375 165 621702,sch14@pinsk.edu.by,sch14@pinsk.edu.by
way/421470352,Сярэдняя школа №17,Средняя школа № 17,Сярэдняя школа №17,,,,,52.1303756,26.022786125,,,,
way/421480867,Школа №3,Школа №3,Школа №3,,,,,52.1157625,26.09483303636364,,,,
way/422550576,Цэнтр дзіцячай творчасці,Центр детского творчества,Цэнтр дзіцячай творчасці,,вуліца Вароўскага,35,,54.42360078,27.837512320000002,,,,
way/424211913,Крынкаўская сярэдняя школа ім. М.Т. Лынькова,Крынковская средняя школа им. М.Т. Лынькова,Крынкаўская сярэдняя школа ім. М.Т. Лынькова,,,,211220,55.02709672857143,30.432414385714285,https://krynki.schools.by,+375 2138 50634,,krynki@liozno.edu.by
way/427002651,Сярэдняя школа №128,Средняя школа №128,Сярэдняя школа №128,,вуліца Альшэўскага,59,,53.922119425,27.49213110625,,,,
way/427623387,Нядзельная школа,Воскресная школа,Нядзельная школа,Кобрын,вуліца Тухачэўскага,140,,52.23087506,24.326788119999996,,,,
way/427802757,Сярэдняя школа № 11,Средняя школа № 11,Сярэдняя школа № 11,,вуліца Азалава,9А,,52.62772472499999,29.7158007,https://sv11.schools.by/,+375(2342) 4-23-33;+375(2342) 9-16-63;+375(2342) 4-40-22,,svetlshkola11@svetlshkola11.by
way/427837005,Сярэдняя школа № 12,Средняя школа № 12,Сярэдняя школа № 12,,Пясочная вуліца,22А,,52.64352622222222,29.72744885555555,https://svetlogorsk12.by/,+375(2342) 5-76-97,,sv12@svetlogorsk12.by
way/427842220,Сярэдняя школа № 1,Средняя школа № 1,Сярэдняя школа № 1,,вуліца Пушкіна,4,,52.63290346428572,29.754869035714282,https://sv1.schools.by/,+375(2342) 5-17-82;+375(2342) 9-35-28,,svetlshkola_1@sv1schools.by
way/427879247,Сярэдняя школа №15,Средняя школа №15,Сярэдняя школа №15,,,,,55.537138299999995,28.798801062499997,,+375 214 441290,,
way/428514815,Школа №18,Школа №18,Школа №18,,,,,52.08718330909091,23.68746174545455,,,,
way/429452400,Сярэдняя школа № 7,Средняя школа № 7,Сярэдняя школа № 7,,,,,54.18229802222222,28.470051022222222,,,,
way/429889904,Сярэдняя школа №223,Средняя школа №223,Сярэдняя школа №223,,,,,53.894181610714284,27.65675340714285,,,,
way/430244086,Сярэдняя школа № 2 г. Мсціслаўля,Средняя школа № 2 г. Мстиславля,Сярэдняя школа № 2 г. Мсціслаўля,,,,,54.0110607375,31.711494281250005,http://sch2.mstislavl.edu.by,+375224021755,,
way/431464323,Школа №10,Школа №10,Школа №10,,,,,52.040100033333346,29.259705449999995,,,,
way/431909509,СШ №9,СШ №9,СШ №9,,,,,54.10684829444445,28.362447544444446,,,,
way/432210336,Гімназія №1,Гимназия №1,Гімназія №1,,,,,54.09236359166667,28.29370056666667,,,,
way/433776099,Школа № 22,Школа № 22,Школа № 22,,,,,55.20809568461539,30.19548536923077,,,,
way/435302879,Сярэдняя школа № 11,Средняя школа № 11,Сярэдняя школа № 11,,,,,54.51110361111111,30.381199922222223,https://11orsha.schools.by/,+375(216) 20-26-36,,11.school.orsha@gmail.com
way/436998868,Сярэдняя школа №110,Средняя школа №110,Сярэдняя школа №110,,Брэсцкая вуліца,66,,53.85440282499999,27.517908008333336,http://sch110.minsk.edu.by/,+37517 364 45 06,,
way/437067481,Дзіцячая мастацкая школа,Детская художественная школа искусств,Дзіцячая мастацкая школа,,,,,52.045770157142854,29.264916685714287,,,,
way/437067482,Мазырскі раённы цэнтр карэкцыйна-развіваючага навучання і рэабілітацыі,Мозырский районный центр коррекционно-развивающего обучения и реабилитации,Мазырскі раённы цэнтр карэкцыйна-развіваючага навучання і рэабілітацыі,,,,,52.04627678000001,29.26557798,,,,
way/437067485,Школа №7,Школа №7,Школа №7,,,,,52.04739209545455,29.261351922727272,,,,
way/437516439,Дзіцячы сад - сярэдняя школа №22 імя С.І. Грыцаўца,Детский сад - средняя школа №22 имени С.И. Грицевца,Дзіцячы сад - сярэдняя школа №22 імя С.І. Грыцаўца,,,,,54.4178247,30.273411436842103,https://ds-ssh22bolbasovo.schools.by/,+375(216) 29-74-99,,22.school.orsha@gmail.com
way/439235345,Сярэдняя школа № 10,Средняя школа № 10,Сярэдняя школа № 10,Юбілейны мікрараён,,15,,52.63607543999999,29.745147546666672,https://school10sv.by/,+375 234 22-33-75,,guo@school10sv.by
way/439928051,Школа,Школа,Школа,,,,,53.619641200000004,26.662364620000005,,,,
way/439964627,Сярэдняя школа № 15,Средняя школа № 15,Сярэдняя школа № 15,,,,,53.948620500000004,30.355149025,,,,
way/440509444,Ісернская сярэдняя школа,Исернская средняя школа,Ісернская сярэдняя школа,,,,,52.8998254,27.638559457142858,,,,
way/440586254,Гімназія,Гимназия,Гімназія,,,,,51.7970666,29.505529342857148,,,,
way/440586263,Школа № 3,Школа № 3,Школа № 3,,,,,51.786014025,29.503883849999998,,,,
way/440602614,Міжэвіцкая сярэдняя школа,Мижевичская средняя школа,Міжэвіцкая сярэдняя школа,,,,,52.972092999999994,25.080961527272724,https://mizhevichi.schools.by/,,,
way/442187238,Гімназія №2,Гимназия №2,Гімназія №2,,вуліца Чапаева,,,54.479504588235294,26.89760712352941,,,,
way/443448634,Нядзельная школа Храма Святой Мучаніцы Лізаветы,Воскресная школа Храма Святой Мученицы Елизаветы,Нядзельная школа Храма Святой Мучаніцы Лізаветы,,,,,53.15342068333333,29.224903416666667,,,,
way/443450080,Школа-санаторый,Школа-санаторий,Школа-санаторый,,,,,53.460499933333324,27.21190639166667,,,,
way/443860796,Сярэдняя школа № 28,Средняя школа № 28,Сярэдняя школа № 28,,,,,53.88903425714285,30.272069314285716,,,,
way/445453011,Каменюцкая сярэдняя школа,Каменюкская средняя школа,Каменюцкая сярэдняя школа,,Савецкая вуліца,2А,,52.55950436923078,23.793534884615383,http://kamenuki.kamenec.edu.by/,,,
way/446568769,Гасцілавіцкая сярэдняя школа,Гостиловичская средняя школа,Гасцілавіцкая сярэдняя школа,Гасцілавічы,Школьная вуліца,2,223111,54.21020790666666,27.898354793333333,https://gostilovichi.logoysk-edu.gov.by,,,
way/447054727,Сярэдняя школа №2,Средняя школа №2,Сярэдняя школа №2,,,,,53.89952828749998,30.330870137499996,,,,
way/447070828,Сярэдняя школа,Средняя школа,Сярэдняя школа,,,,,54.93509154444444,29.149908288888884,https://ivansk.schools.by/,+375 2133 6-49-82,ivansk@vitebsk.by,ivansk@vitebsk.by
way/447655200,Цэнтр творчасці дзяцей і моладзі,Центр творчества детей и молодёжи,Цэнтр творчасці дзяцей і моладзі,,,,,52.44846906666666,30.957986833333333,,,,
way/447703977,Школа №2,Школа №2,Школа №2,,,,,51.86359545,26.793305216666667,,,,
way/447703978,Школа №3,Школа №3,Школа №3,,,,,51.8637597,26.791025037500003,,,,
way/447721170,Аўтадром,Автодром,Аўтадром,,,,,52.43600424,30.897183140000003,,,,
way/447849940,Красненская сярэдняя школа,Красненская средняя школа,Красненская сярэдняя школа,,Гомельская вуліца,1,247021,52.472840700000006,30.929557763636364,https://www.kr-school.gomel.by/,+375 232 941600;+375 232 941599;+375 232 929386,,krasnoe_school@grumk.by
way/447861827,Аўтадром,Автодром,Аўтадром,,,,,52.44531184,30.837633160000003,,,,
way/449276706,Гімназія №56,Гимназия № 56,Гімназія №56,,,,,52.4413563,30.99569419333334,,,,
way/449276806,Эколага-асветніцкі цэнтр,Эколого-просветительский центр,Эколага-асветніцкі цэнтр,,,,,52.45071019999999,30.99195555714286,,,,
way/450254581,Сярэдняя школа №4,Средняя школа №4,Сярэдняя школа №4,Моладзевы мікрараён,,10,,53.35786407142857,32.048297271428574,http://sch4.kostjukovichi.edu.by,,,
way/451970123,ДУА «Мазырскі цэнтр турызму і краязнаўства дзяцей і моладзі»,ГУО «Мозырский центр туризма и краеведения детей и молодежи»,ДУА «Мазырскі цэнтр турызму і краязнаўства дзяцей і моладзі»,,,,,52.04822707000001,29.25706545,,,,
way/452934076,Піянерлагер,Пионерлагерь,Піянерлагер,,,,,53.76944724545455,28.65364231818182,,,,
way/452934079,Хутарская сярэдняя школа,Хуторская средняя школа,Хутарская сярэдняя школа,,вуліца 60 год Кастрычніка,10,,53.76765276,28.67108822,http://hytor.cherven.edu.by/,,,
way/453006410,Школа №20,Школа №20,Школа №20,,,,,52.4272014,30.980625033333336,,,,
way/455551326,Яршэвіцкі вучэбна-педагагічны комплекс дзіцячы сад - сярэдняя школа,Яршевичский учебно-педагогический комплекс детский сад – средняя школа,Яршэвіцкі вучэбна-педагагічны комплекс дзіцячы сад - сярэдняя школа,,,,,54.033551599999996,26.892609157142857,,,,
way/455817339,Астрынская сярэдняя школа імя Цёткі (А. С. Пашкевіч),Остринская средняя школа имени Тетки (А. С. Пашкевич),Астрынская сярэдняя школа імя Цёткі (А. С. Пашкевіч),,,,,53.730385250000005,24.525067983333333,https://ostrino.schools.by/,,,
way/456406924,Бягомльская сярэдняя школа,Бегомльская средняя школа,Бягомльская сярэдняя школа,,вуліца Манковіча,2,,54.732991242857146,28.052161442857138,https://begoml.schools.by,,,
way/456629690,Прудніцкая сярэдняя школа,Прудникская средняя школа,Прудніцкая сярэдняя школа,,,,,55.415088787500004,29.9902827,,+375(2139) 3-58-49,,
way/457982263,Даўгінаўская СШ,Долгиновская СШ,Даўгінаўская СШ,,,,,54.639864288888894,27.474174866666665,,,,
way/458335127,СШ №1,СШ №1,СШ №1,,,,,55.363813177777786,27.458052811111113,,,,
way/458335545,Школа №62,Школа №62,Школа №62,,,,,52.40205732857142,30.911434071428573,,,,
way/458550482,Гімназія № 46 імя Блеза Паскаля,Гимназия № 46 им. Блеза Паскаля,Гімназія № 46 імя Блеза Паскаля,,вуліца Клермон-Феран,14А,,52.412275980000004,30.96675854,,,,
way/458820710,Ліцэй №1,Лицей №1,Ліцэй №1,,,,,52.4209719625,30.972162850000004,,,,
way/458823717,СШ №39,СШ №39,СШ №39,,,,,52.426889427272734,30.953228481818186,,,,
way/458823727,Сярэдняя школа № 22,Средняя школа № 22,Сярэдняя школа № 22,,Чарнаморская вуліца,3,,52.4251543,30.952167219999996,http://www.school-22.by/,+375 232 320059,,sovroo-sch22@sovroo.gorodgomel.by
way/459067730,ГДПСЛ ім. П.Я. Галавачова,ГГПСЛ им. П.Я. ГОЛОВАЧЕВА,ГДПСЛ ім. П.Я. Галавачова,,Севастопальская вуліца,153,,52.37876396470588,31.017075300000002,http://ggpsl.gomel.by/,,,
way/459234483,Ірынінская гімназія,Ирининская гимназия,Ірынінская гімназія,,,,,52.38232374285714,31.02645952857143,,,,
way/459391214,Школа №2,Школа №2,Школа №2,,,,,52.39004938000001,31.02855532,,,,
way/459819181,Куранецкая СШ,Куранецкая СШ,Куранецкая СШ,Куранец,Партызанская вуліца,19,,54.553721481249994,26.95713535625,,,,
way/461381559,Сярэдняя школа №1,ГУО СРЕДНЯЯ ШКОЛА № 1,Сярэдняя школа №1,,,,,52.12867767,29.33515842,,,,
way/462277654,Сярэдняя школа №15,Средняя школа №15,Сярэдняя школа №15,,,,,53.897778842857136,25.262574485714286,,+375 154 652843,,
way/462726899,Сярэднаяя школа №11,Средняя школа №11,Сярэднаяя школа №11,,,,,53.88248142857143,25.30025458571428,,+375 154 652891,,
way/463849555,ДУА «Рубяжэвіцкая сярэдняя школа»,ГУО «Рубежевичская средняя школа»,ДУА «Рубяжэвіцкая сярэдняя школа»,,,,,53.68583101666667,26.856726991666672,,,,
way/465501794,НПК Базавая школа,УПК Базовая школа,НПК Базавая школа,,,,,53.98924630769231,27.794177807692304,,,,
way/466192531,Зажэвіцкая сярэдняя школа,Зажевичская средняя школа,Зажэвіцкая сярэдняя школа,,,,,52.78766352222223,27.64201305555555,https://zazhevichi.edus.by,,,
way/467132428,Дварышчанская сярэдняя школа,Дворищанская средняя школа,Дварышчанская сярэдняя школа,,,,,53.803832692307694,27.23899374615384,,,,
way/467326884,Іёдская дзіцячы сад - сярэдняя школа,Иодская детский сад - средняя школа,Іёдская дзіцячы сад - сярэдняя школа,,Школьная вуліца,25,,55.45674661875,27.22845945,,,,
way/467589047,Сярэдняя школа № 40 імя Крамко,Средняя школа № 40 имени Кремко,Сярэдняя школа № 40 імя Крамко,Гродна,вуліца Крамко,29,,53.63674083076923,23.86183690769231,https://sch40.oktobrgrodno.gov.by/,+375152634393,sch40@oktobrgrodno.gov.by,sch40@oktobrgrodno.gov.by
way/467609020,Дубаўлянская сярэдняя,Дубовлянская Средняя,Дубаўлянская сярэдняя,,,,,54.004491531578935,27.572267178947367,,,,
way/468002725,Косінская сярэдняя школа,Косинская средняя школа,Косінская сярэдняя школа,,,,,54.12114161111111,27.95075021111111,https://kosino.logoysk-edu.gov.by,,,
way/468030307,ДУА «Улукаўская дапаможная школа-інтэрнат»,ГУО «Улуковская вспомогательная школа-интернат»,ДУА «Улукаўская дапаможная школа-інтэрнат»,,,,,52.40564618999999,31.10243362,,,,
way/468487417,Гімназія,Гимназия,Гімназія,,,,,52.2206283,27.491152680000006,,,,
way/468563214,Яслі-сад-сярэдняя школа,Ясли-сад-средняя школа,Яслі-сад-сярэдняя школа,,,,,54.11449699166667,30.807031766666668,,,,
way/469068960,Сярэдняя школа № 2,Средняя школа № 2,Сярэдняя школа № 2,,,,,53.45152291428571,31.01112477857143,https://2slavgorod.schools.by,+375 (2246) 79891,,schkola2@centr-slavgorod.by
way/470745046,Дзіцячы сад-сярэдняя школа п.Юбілейны,детский сад-средняя школа п.Юбилейный,Дзіцячы сад-сярэдняя школа п.Юбілейны,,,,,53.26635797,24.579272290000002,https://moiseevichi.schools.by/,,,
way/473116164,Сваташыцкая дзіцячы сад-сярэдняя школа,Сватошицкая детский сад-средняя школа,Сваташыцкая дзіцячы сад-сярэдняя школа,,,,,54.502863049999995,30.782990769999998,,,,
way/473221007,Сярэдняя школа № 35 імя Волкава,Средняя школа № 35 имени Волкова,Сярэдняя школа № 35 імя Волкава,Гродна,вуліца Фурсенкі,2,,53.63010078823529,23.852651847058826,https://sch35.oktobrgrodno.gov.by/,+375152311889,sch35@oktobrgrodno.gov.by,sch35@oktobrgrodno.gov.by
way/476178938,Школа № 9,Школа № 9,Школа № 9,,,,,52.37711316666667,30.368839800000003,,,,
way/476182121,Сярэдняя школа № 5,Средняя школа № 5,Сярэдняя школа № 5,,,,,52.368172936363635,30.378707145454545,,,,
way/477289147,Сярэдняя школа №6 імя Гарнавых,Средняя школа №6 имени Горновых,Сярэдняя школа №6 імя Гарнавых,Гродна,вуліца Гарнавых,31,230001,53.66586934090908,23.818245518181815,https://sch6.oktobrgrodno.gov.by/,+375152604360; +375152651451,sch6@oktobrgrodno.gov.by,sch6@oktobrgrodno.gov.by
way/477672918,Чачкаўская школа,Чачковская школа,Чачкаўская школа,Чачкава,Цэнтральная вуліца,3,,53.892689142857144,27.199525242857142,,,,
way/478443045,Жамчужненская сярэдняя школа,Жемчужненская средняя школа,Жамчужненская сярэдняя школа,Жамчужны,Цэнтральная вуліца,7,,53.136759250000004,25.87973232142857,http://zhemch.baranovichi.edu.by/ru/main.aspx,,,
way/479310190,Старобінская сярэдняя школа,Старобинская средняя школа,Старобінская сярэдняя школа,,,,,52.73246675714286,27.450189635714285,https://starobin.edus.by,,,
way/479678747,Ракітніцкая сярэдняя школа,Ракитницкая средняя школа,Ракітніцкая сярэдняя школа,,,,,52.13466604736843,23.989300510526316,,,,
way/479924757,Ліцэй № 1 імя акадэміка Астроўскага,Лицей №1 имени академика Островского,Ліцэй № 1 імя акадэміка Астроўскага,Гродна,бульвар Ленінскага Камсамола,21,,53.70153553888889,23.811653244444443,http://lyceum1.grodno.by/,,,
way/480855722,Сеніцкая сярэдняя школа ім. Янкі Купалы,Сеницкая средняя школа им. Янки Купалы,Сеніцкая сярэдняя школа ім. Янкі Купалы,,,,,53.82357564615385,27.5243016,http://senica.minsk-roo.gov.by/,,senica@minsk-roo.gov.by,senica@minsk-roo.gov.by
way/480948238,СШ №2,СШ №2,СШ №2,,,,,54.29017254285714,30.97797655714286,,,,
way/481392679,Школа №2,Школа №2,Школа №2,Слонім,Камсамольская вуліца,34,231800,53.10044244000001,25.31421153333334,,,,
way/481431449,Сярэдняя школа №4,Средняя школа №4,Сярэдняя школа №4,,,,,52.71334645000001,25.331819228571426,,,,
way/481986092,Ждановіцкая спецыяльная агульнаадукацыйная школа-інтэрнат,Ждановичская специальная общеобразовательная школа-интернат,Ждановіцкая спецыяльная агульнаадукацыйная школа-інтэрнат,Ждановічы,Шырокая вуліца,50,,53.93861159090909,27.414961154545452,https://zhdanovichi-specinternat.iatp.by/,,,
way/482278604,Сярэдняя школа в.Здзітава,Средняя школа д.Здитово,Сярэдняя школа в.Здзітава,,,,,52.47225211818182,24.996378863636366,http://shzditovo.bereza.edu.by/,+375164357447,,
way/486238225,Школа №10,Школа №10,Школа №10,,,,,52.90349834285714,30.041467457142854,https://sh10.zhlobinedu.by/,,,
way/486445597,Сасноўская дзіцячы сад-базавая школа,Сосновская детский сад-базовая школа,Сасноўская дзіцячы сад-базавая школа,,,,,55.08521865555556,30.15987528888889,https://sosnovka.schools.by/,+375(212) 29-39-70,,cochobka@tut.by
way/487144284,Гоцкая сярэдняя школа,Гоцкая сярэдняя школа,Гоцкая сярэдняя школа,,,,,52.52600715,27.139673483333336,https://gock.edus.by,,,
way/488431433,Музычная гімназія №4,Музыкальная гимназия №4,Музычная гімназія №4,,,,,52.10461089285713,23.765452535714285,,,,
way/489665427,Школа № 5,Школа № 5,Школа № 5,,,,,54.503957981250004,30.44424936875,http://school5.goroo-orsha.by/,+375(216) 22-30-45,,05.school.orsha@gmail.com
way/489665434,Школа№ 6,Школа№ 6,Школа№ 6,,,,,54.500390925,30.403094287500004,http://06orsha.schools.by/,+375(216) 506-559,,06.school.orsha@gmail.com
way/489671255,Школа № 12,Школа № 12,Школа № 12,,,,,54.5170526,30.3717315375,https://12orsha.schools.by/,+375(216) 204-900,,12.school.orsha@gmail.com
way/489671257,Школа № 10,Школа № 10,Школа № 10,,,,,54.5233159,30.368326257142858,https://10orsha.schools.by/,+375(216) 20-44-18,,10.school.orsha@gmail.com
way/490273897,Тышкавіцкая сярэдняя школа,Тышковичская средняя школа,Тышкавіцкая сярэдняя школа,,Школьны завулак,,,52.349713952,25.606207979999994,,,,
way/491433966,Грыцэвіцкая сярэдняя школа,Грицевичская средняя школа,Грыцэвіцкая сярэдняя школа,,,,,52.977783585714285,26.71308301428572,https://gricevichi.kletsk-asveta.gov.by/,,,
way/491666672,Івянецкая сярэдняя школа,Ивенецкая средняя школа,Івянецкая сярэдняя школа,,,,,53.88840935,26.748823750000003,,,,
way/492600552,Школа 4,Школа 4,Школа 4,,,,,52.25848887368421,26.794942668421047,http://sch4.luninec.edu.by/,80164726427,sch4@luninec.edu.by,sch4@luninec.edu.by
way/492600554,Школа №2,Школа №2,Школа №2,,вуліца Лісовіча,5,,52.254636375,26.79401108333333,http://sch2.luninec.edu.by/,+375 1647 26429,sch2@luninec.edu.by,sch2@luninec.edu.by
way/492660576,СШ №1,СШ №1,СШ №1,,,,,52.24269614,26.800931300000002,,,,
way/492725226,Школа № 10,Школа № 10,Школа № 10,,,,,55.200749888888886,30.203153211111108,http://school-10.oct-vit-roo.by/,+375(212) 362214,,s10vitebsk@narod.ru
way/492769920,Васілевіцкая Школа-інтэрнат,Василевичская Школа-интернат,Васілевіцкая Школа-інтэрнат,,Камсамольская вуліца,4,,52.249342725000005,29.82691005,,,,
way/492823240,Васілевіцкая сярэдняя школа,Василевичская средняя школа,Васілевіцкая сярэдняя школа,Васілевічы,вуліца Казлова,34,,52.24741546,29.8279657,,,,
way/494490918,Турбаза,Турбаза,Турбаза,,,,,52.769686937500005,27.531671925,,,,
way/495727671,Інтэрнат,Интернат,Інтэрнат,,,,,52.096256734482765,23.72731968965517,,,,
way/495747320,Гімназія №1 імя Янкі Купалы,Гимназия №1 имени Янки Купалы,Гімназія №1 імя Янкі Купалы,,,,,52.040705957142855,29.277381471428573,https://gimn-mozyr.schools.by/,+375 23 07 01,mozgimnaziya@mail.gomel.by,mozgimnaziya@mail.gomel.by
way/496926292,Сярэдняя школа №32 імя Ларыонавай,Средняя школа №32 имени Ларионовой,Сярэдняя школа №32 імя Ларыонавай,Гродна,вуліца Ліможа,11,,53.70434196206897,23.852531713793102,https://sch32.lengrodno.gov.by/,+375152785601,sch32@lengrodno.by,sch32@lengrodno.by
way/496938928,Гродзенская спецыяльная школа-інтэрнат №2,Гродненская специальная школа-интернат №2,Гродзенская спецыяльная школа-інтэрнат №2,,вуліца Сухамбаева,9,,53.696101175,23.812745975000006,https://int2gl.lengrodno.gov.by/,+375152443673;+375152443674,int2gl@lengrodno.by,int2gl@lengrodno.by
way/497848106,Сярэдняя школа №8,Средняя школа №8,Сярэдняя школа №8,,,,,53.89976385833333,25.314480349999997,,+375 154 652864,,
way/497848109,Сярэдняя школа №6,Средняя школа №6,Сярэдняя школа №6,,,,,53.894689283333335,25.27662611111111,https://sch6lida.by/,+375 154 611154,,
way/498262635,Гімназія № 5 імя Караткевіча,Гимназия № 5 имени Короткевича,Гімназія № 5 імя Караткевіча,Гродна,вуліца Дамброўскага,17,230009,53.70131440555554,23.80119976111111,https://gymn5.lengrodno.gov.by/,+375152443615,gymn5@lengrodno.by,gymn5@lengrodno.by
way/498651379,Школа № 16,Школа № 16,Школа № 16,,,,,52.02759650769231,29.208501969230767,,,,
way/502075370,Каралінская сярэдняя школа,Каролинская средняя школа,Каралінская сярэдняя школа,,,,,53.07396364,24.892975930000002,https://karolino.schools.by/,,,
way/502303196,Міжэрычны дзіцячы сад - базавая школа імя У.Ляха,Мижеричский детский сад - базовая школа имени В.Ляха,Міжэрычны дзіцячы сад - базавая школа імя У.Ляха,,,,,53.06716561666667,24.771219650000003,https://mizerichi.schools.by/,,,
way/502570184,Дзіцяча-юнацкая спартыўная школа,Детско-юношеская спортивная школа,Дзіцяча-юнацкая спартыўная школа,,,,,53.14992421764706,24.815400558823534,https://dyussh-zelva.schools.by/,,,
way/502570185,Сярэдняя школа №3,Средняя школа №3,Сярэдняя школа №3,,,,,53.16001187200001,24.814502500000003,https://sch3zelva.schools.by/,,sch3zelva@mail.ru,sch3zelva@mail.ru
way/504143780,Сярэдняя школа №1,Средняя Школа №1,Сярэдняя школа №1,,,,,54.026046959999995,28.09680624,,,,
way/504590907,Мотальская сярэдняя школа,Мотольская средняя школа,Мотальская сярэдняя школа,,,,,52.31598297777777,25.60733267222222,http://mot.ivanovo.edu.by/,,,
way/504972604,Сярэдняя школа вёскі Сёмкава,Средняя школа деревни Сёмково,Сярэдняя школа вёскі Сёмкава,,,,,54.023505539999995,27.432563120000005,,,,
way/506496093,Школа,Школа,Школа,,,,,52.252573816666676,26.899425800000003,,,,
way/506749761,УА «Дзяржаўны агульнаадукацыйны ліцэй г.Лунінца»,УО «Государственный общеобразовательный лицей г.Лунинца»,УА «Дзяржаўны агульнаадукацыйны ліцэй г.Лунінца»,,,,,52.250306775,26.82984415,,,,
way/506759645,Аўтадром,Автодром,Аўтадром,,,,,52.24932828888889,26.850062811111112,,,,
way/508273148,Школа №4,Школа №4,Школа №4,,,,,52.1448925,25.523839016666667,,,,
way/509605480,Лойкаўская сярэдняя школа,Лойковская средняя школа,Лойкаўская сярэдняя школа,,,,,53.781466064285716,23.7842168,https://loyki.schools.by/,,loyki_school@mail.ru,loyki_school@mail.ru
way/510433852,Бярозаўская пачатковая школа,Берёзовская начальная школа,Бярозаўская пачатковая школа,,,,,52.54007437142857,24.974747214285717,http://nsch.bereza.edu.by/,,,
way/510767322,Гожская сярэдняя школа,Гожская средняя школа,Гожская сярэдняя школа,,Школьная вуліца,7,231741,53.8123512,23.852220335000002,https://goja.grodruo.by/,+375152683320,goja.sch@grodno-region.by,goja.sch@grodno-region.by
way/511150147,Навадворская сярэдняя школа,Новодворская средняя школа,Навадворская сярэдняя школа,,,,,52.831452239130435,24.348653630434782,http://novodvorskaya-shkola.grodno.by/,,,
way/511150181,Поразаўская срэдняя школа,Порозовская средняя школа,Поразаўская срэдняя школа,,,,,52.941111923076924,24.37003485384615,http://www.porozschool.grodno.by/,,,
way/511163676,Харэаграфічная школа,Хореографическая школа,Харэаграфічная школа,,,,,54.259312939999994,28.51316714,,,,
way/511294437,СШ №2,СШ №2,СШ №2,,,,,55.640685785714275,27.032758414285716,,,,
way/512015918,Жалудоцкая сярэдняя школа імя В. Урублеўскага,Желудокская средняя школа имени В. Врублевского,Жалудоцкая сярэдняя школа імя В. Урублеўскага,,,,,53.60104650714286,24.980213296428566,https://zhel.schuchin-edu.by,,,
way/513490453,Князеўская сярэдняя школа,Князевская средняя школа,Князеўская сярэдняя школа,,,,231942,53.215280988888885,24.733307144444446,https://gimnazia-knazevo.schools.by/,+375156431238,kniazevo_sh@tut.by,kniazevo_sh@tut.by
way/514195905,Рагозніцкая сярэдняя школа,Рогозницкая средняя школа,Рагозніцкая сярэдняя школа,,,,231623,53.26577538095238,24.684972509523813,https://rogoz.schools.by/,+375151520131 (приёмная),rogoz.ms@tut.by,rogoz.ms@tut.by
way/515618157,Сярэдняя школа №204,Средняя школа №204,Сярэдняя школа №204,,,,,53.84609258888889,27.47815598888889,http://sch204.minsk.edu.by/,,sch204@minsk.edu.by,sch204@minsk.edu.by
way/515821222,Першамайскі КПК яслі-сад-сш,Первомайский УПК ясли-сад-сш,Першамайскі КПК яслі-сад-сш,,,,,52.5252905882353,24.89418324705882,http://pervomaysk.bereza.edu.by/,,,
way/516181886,Сярэдняя школа №3 імя Усава,Средняя школа №3 имени Усова,Сярэдняя школа №3 імя Усава,Гродна,вуліца Фамічова,16,,53.66236345833334,23.843772841666663,https://sch3.oktobrgrodno.gov.by/,+375152310363,sch3@oktobrgrodno.gov.by,sch3@oktobrgrodno.gov.by
way/517094588,ДОЛ «Івалга»,ДОЛ «Иволга»,ДОЛ «Івалга»,,,,,54.420773174999994,26.8126659625,,,,
way/517951269,Школа №1,Школа №1,Школа №1,,,,,52.538673453846165,24.980922907692314,,,,
way/518308740,Азярніцкая сярэдняя школа,Озерницкая средняя школа,Азярніцкая сярэдняя школа,,,,,53.0718219,25.013985562500004,https://ozernica.znaj.by/,+375-1562-43140,,
way/518900353,Сігневіцкая сярэдняя школа,Сигневичская средняя школа,Сігневіцкая сярэдняя школа,,,,,52.42554561428572,24.89240017142857,http://signevichi.bereza.edu.by,,,
way/519327196,Рэвяціцкая сярэдняя школа,Ревятичская средняя школа,Рэвяціцкая сярэдняя школа,,,,,52.434791129999994,24.843099739999996,http://revyatichi.bereza.edu.by/,,,
way/520249548,Свіслацкая сярэдняя школа,Свислочская средняя школа,Свіслацкая сярэдняя школа,,,,,53.5001849125,24.063166250000002,https://svislochskaya.schools.by/,,svisloch@mail.ru,svisloch@mail.ru
way/520343343,Малькавіцкая сярэдняя школа,Мальковичская средняя школа,Малькавіцкая сярэдняя школа,,,,,52.535676327272725,26.597046445454545,http://malkovichi.gancevichi.edu.by/ru/main.aspx,,,
way/521734157,Хараўская сярэдняя школа,Хоревская средняя школа,Хараўская сярэдняя школа,,,,225145,52.638274214285715,24.584933699999997,,,,
way/524623161,Нарутавіцкая базавая школа,Нарутовичская базовая школа,Нарутавіцкая базавая школа,,,,,52.558819758823525,24.773703700000002,http://narutovichi.bereza.edu.by/,,,
way/524638633,Бранагорскі вучэбна-педагагічны комплекс яслі-сад-базавая школа,Бронногорский учебно-педагогический комплекс ясли-сад-базовая школа,Бранагорскі вучэбна-педагагічны комплекс яслі-сад-базавая школа,,,,,52.61083891764706,25.08146971764706,http://brgora.bereza.edu.by/,,,
way/526430397,Малецкі яслі-сад-сярэдняя школа,Малечский ясли-сад-средняя школа,Малецкі яслі-сад-сярэдняя школа,,,,,52.48743974736843,24.70297667894737,http://malech.bereza.edu.by/,,,
way/526430400,Малецкая санаторная школа-інтэрнат,Малечская санаторная школа-интернат,Малецкая санаторная школа-інтэрнат,,,,,52.486504875,24.698609128571427,http://msbs.brest-region.edu.by/,,,
way/527768488,Варанілавіцкі ВВК д/с - СШ,Ворониловичский УПК д/с — СШ,Варанілавіцкі ВВК д/с - СШ,,,,,52.80674377142858,24.92649068571429,,,,
way/530280281,Бародзіцкі дзіцячы сад - пачатковая школа,Бородичский детский сад - начальная школа,Бародзіцкі дзіцячы сад - пачатковая школа,,,,,53.160509875,24.788504604999996,https://borodichi.schools.by/,,,
way/531790799,Сярэдняя школа в. Чарнаўчыцы,Средняя школа д. Чернавчицы,Сярэдняя школа в. Чарнаўчыцы,,,,,52.210762005263156,23.743160084210523,http://chernavchicy.brest.edu.by/,,,
way/532878838,Шайтараўская сярэдняя школа,Шайтеровская средняя школа,Шайтараўская сярэдняя школа,,,,,55.711808825,28.083764962500002,,,,
way/532931176,Мажэйкаўскі вучэбна-педагагічны комплекс дзіцячы сад - сярэдняя школа,Можейковский учебно-педагогический комплекс детский сад - средняя школа,Мажэйкаўскі вучэбна-педагагічны комплекс дзіцячы сад - сярэдняя школа,Мажэйкава,Маладзёжная вуліца,20,,53.72040296428571,24.983773121428573,https://mozheykovo.schools.by/,80154621191,,
way/533162316,Бастунскія яслі-сад - базавая школа,Бастунские ясли-сад - базовая школа,Бастунскія яслі-сад - базавая школа,,,,,54.077839256249995,25.285248912500002,https://bastuny.schools.by/,,,
way/533312104,Трокельские ясли-сад-базовая школа,Трокельские ясли-сад-базовая школа,Тракельскія яслі-сад-базавая школа,,,,,54.03947501666667,25.409208258333333,https://trokeli.schools.by/,,,
way/533360066,Пацэвіцкі вучэбна-педагагічны комплекс дзіцячы сад-сярэдняя школа,Пацевичский учебно-педагогический комплекс детский сад-средняя школа,Пацэвіцкі вучэбна-педагагічны комплекс дзіцячы сад-сярэдняя школа,,,,,53.32087196666667,24.68484604444445,https://patsev.schools.by/,,,
way/533545048,Сярэдняя школа № 1 г. п. Рось,Средняя школа № 1 г. п. Россь,Сярэдняя школа № 1 г. п. Рось,,,,,53.28622272352941,24.399204670588237,https://1ross.schools.by/,,,
way/533892137,Пальмінская сярэдняя школа,Пальминская средняя школа,Пальмінская сярэдняя школа,,Цэнтральная вуліца,51,,55.44390694,30.136286870000003,http://palm.gorodok.edu.by,+375 21 3932137,,
way/533892144,Езярышчанская школа,Езерищенская школа,Езярышчанская школа,,,,,55.83492517142857,29.9877999,,,,
way/533892146,Бычыхінская сярэдняя школа,Бычихинская средняя школа,Бычыхінская сярэдняя школа,,,,,55.67482182,29.98639566,http://buchiha.gorodok.edu.by/,+375 2139 57137,,buchiha@tut.by
way/536662255,Сярэдняя школа №37,Средняя школа №37,Сярэдняя школа №37,Гродна,вуліца Вольгі Соламавай,155,,53.656973254545456,23.778829400000003,https://sch37.oktobrgrodno.gov.by/,+375152691541,sch37@oktobrgrodno.gov.by,sch37@oktobrgrodno.gov.by
way/537405488,Сярэдняя школа № 16 імя Сухамбаева,Средняя школа № 16 имени Сухомбаева,Сярэдняя школа № 16 імя Сухамбаева,Гродна,вуліца Сухамбаева,1,230029,53.695036316666666,23.81644295,https://sch16.lengrodno.gov.by/,+375152443635;+375152443632,sch16@lengrodno.by,sch16@lengrodno.by
way/537408647,Сярэдняя школа №22 імя Бохана,Средняя школа №22 имени Бохана,Сярэдняя школа №22 імя Бохана,Гродна,вуліца Урублеўскага,92,230002,53.70766349,23.80092248,https://sch22.lengrodno.gov.by/,+375152446760;+375152443654,sch22@lengrodno.by,sch22@lengrodno.by
way/537409821,Сярэдняя школа №18 імя Даватара,Средняя школа №18 имени Доватора,Сярэдняя школа №18 імя Даватара,Гродна,вуліца Пушкіна,40,230012,53.69638447999999,23.82707807,https://sch18.lengrodno.gov.by/,+375152443685,sch18@lengrodno.by,sch18@lengrodno.by
way/537441078,Сярэдняя школа № 2 імя Саяпіна,Средняя школа № 2 имени Саяпина,Сярэдняя школа № 2 імя Саяпіна,Гродна,вуліца 17 Верасня,48,230023,53.6900923923077,23.843891099999993,https://sch2.lengrodno.gov.by/,+375152620012,sch2@lengrodno.by,sch2@lengrodno.by
way/537442841,Сярэдняя школа №5 імя П.З. Калініна,Средняя школа №5 имени П.З. Калинина,Сярэдняя школа №5 імя П.З. Калініна,Гродна,Пралетарская вуліца,69,230003,53.68464951111111,23.85573096666667,https://sch5.oktobrgrodno.gov.by/,+375152712269,sch5@oktobrgrodno.gov.by,sch5@oktobrgrodno.gov.by
way/537448499,Сярэдняя школа №8,Средняя школа №8,Сярэдняя школа №8,Гродна,вуліца Міхася Васілька,23,230023,53.681878008333335,23.838959641666666,https://sch8.lengrodno.gov.by/,+375152620046;+375152620037;+375152620049,sch8@lengrodno.by,sch8@lengrodno.by
way/537449860,Сярэдняя школа №11 імя генерала Антонава,Средняя школа №11 имени генерала Антонова,Сярэдняя школа №11 імя генерала Антонава,Гродна,вуліца Белуша,18,230025,53.673092100000005,23.848311738461533,https://sch11.oktobrgrodno.gov.by/,+375152712252,sch11@oktobrgrodno.gov.by,sch11@oktobrgrodno.gov.by
way/537453716,Сярэдняя школа №13 імя У.Т.Цабо,Средняя школа №13 имени В.Т.Цабо,Сярэдняя школа №13 імя У.Т.Цабо,Гродна,Бярозавая вуліца,2,230003,53.67813994545455,23.854983327272727,https://sch13.oktobrgrodno.gov.by/,+375152712247,sch13@oktobrgrodno.gov.by,sch13@oktobrgrodno.gov.by
way/537455320,Сярэдняя школа №15 імя Карбышава,Средняя школа №15 имени Карбышева,Сярэдняя школа №15 імя Карбышава,Гродна,вуліца Міру,15,230024,53.6743394076923,23.808648907692312,https://sch15.oktobrgrodno.gov.by/,+375152652566,sch15@oktobrgrodno.gov.by,sch15@oktobrgrodno.gov.by
way/537457962,Сярэдняя школа №19,Средняя школа №19,Сярэдняя школа №19,Гродна,,,,53.673052325,23.766562354999998,https://sch19.oktobrgrodno.gov.by/,+375152339915,sch19@oktobrgrodno.gov.by,sch19@oktobrgrodno.gov.by
way/537472494,Сярэдняя школа №23 імя Ф.П.Гудзея,Средняя школа №23 имени Ф.П.Гудея,Сярэдняя школа №23 імя Ф.П.Гудзея,Гродна,вуліца Болдзіна,12В,,53.69200377499999,23.805496405,https://sch23.lengrodno.gov.by/,+375152442142,sch23@lengrodno.by,sch23@lengrodno.by
way/537474077,Гімназія №2,Гимназия №2,Гімназія №2,Гродна,вуліца Болдзіна,10Б,230009,53.69323633846154,23.804876292307693,https://gymn2.lengrodno.gov.by/,+375152445002,gymn2@lengrodno.by,gymn2@lengrodno.by
way/539706463,Сярэдняя школа № 59,Средняя школа № 59,Сярэдняя школа № 59,,,,,52.44827008666667,31.01631822,https://59-ka.by/,+375 232 53-07-76,school59@gomel.centroo.by,school59@gomel.centroo.by
way/539817993,Ланская сярэдняя школа,Ланская средняя школа,Ланская сярэдняя школа,,,,,53.14685980909089,26.685361354545453,https://xn--80avh4d.xn----8sbafcoeer1c5bfp.xn--90ais/,,,
way/539918028,Гімназія №23,Гимназия №23,Гімназія №23,,,,,53.913591438888886,27.579482322222226,http://gymn23.minsk.edu.by/,,,
way/541190324,Верхнядзвінская дзяржаўная гімназія,Верхнедвинская государственная гимназия,Верхнядзвінская дзяржаўная гімназія,,,,,55.76656200952381,27.92934753333333,,,,
way/541609547,Сярэдняя школа №25,Средняя школа №25,Сярэдняя школа №25,,вуліца Чарняхоўскага,27,,53.153271659999994,29.200197000000003,,,,
way/541927244,Абухоўская сярэдняя школа,Обуховская средняя школа,Абухоўская сярэдняя школа,Абухава,Цэнтральная вуліца,1,,53.60430679000001,24.08424665,,968-541,,
way/541947530,Сярэдняя школа №1 імя П.А.Крываноса,Средняя школа №1 имени П.А.Кривоноса,Сярэдняя школа №1 імя П.А.Крываноса,,,,,53.48267118571429,29.34276026428572,,,,
way/541950704,Люсінскі дзіцячы сад - сярэдняя школа імя Якуба Коласа,Люсинский детский сад - средняя школа имени Якуба Коласа,Люсінскі дзіцячы сад - сярэдняя школа імя Якуба Коласа,Люсіна,Школьная вуліца,8,225430,52.625396362500005,26.517053562500003,http://lusino.gancevichi.edu.by/,,,
way/542494484,ДУА «Каменіцкі навучальна-педагагічны комплекс дзіцячы сад - сярэдняя школа»,ГУО «Каменичский учебно-педагогический комплекс детский сад - средняя школа»,ДУА «Каменіцкі навучальна-педагагічны комплекс дзіцячы сад - сярэдняя школа»,,,,,53.54077278571428,28.829290142857143,,,,
way/542810044,Дзяржаўная ўстанова адукацыі «Будагаўскі вучэбна-педагагічны комплекс дзіцячы сад - сярэдняя школа»,Государственное учреждение образования «Будаговский учебно-педагогический комплекс детский сад - средняя школа»,Дзяржаўная ўстанова адукацыі «Будагаўскі вучэбна-педагагічны комплекс дзіцячы сад - сярэдняя школа»,,,,,54.14436408,28.301755419999996,https://budagovo.schools.by,,,
way/543056552,Гімназія №2 ім. Ерашова,Гимназия №2 им. Ерашова,Гімназія №2 ім. Ерашова,,,,,54.88484522,28.716189219999997,https://gimn.roolepel.by/,+375-2132-6-90-53,,gimnerashova@roolepel.by
way/543056557,Школа № 3,Школа № 3,Школа № 3,,,,,54.88618644545455,28.697365572727268,,,,
way/543473006,Андрэеўскі дзіцячы дом,Андреевский детский дом,Андрэеўскі дзіцячы дом,,Школьны завулак,,,54.57212612000001,30.446678306666666,https://dd-andreevschina.schools.by/,+375 21 629 4246,,andreevskiy.det.dom@gmail.com
way/543756882,ДУА Сярэдняя школа в. Вялікія Матыкалы,ГУО Средняя школа д. Большие Мотыкалы,ДУА Сярэдняя школа в. Вялікія Матыкалы,,,,,52.19700117692308,23.58545194615385,https://bmotykaly.schools.by/,,,
way/543838520,Запалянскі дзіцячы садок-сярэдняя школа,Заполянский детский сад-средняя школа,Запалянскі дзіцячы садок-сярэдняя школа,,,,,52.703017079999995,25.145073770000003,https://zap.rooivacevichi.gov.by/,,,
way/543998089,Сварынская базавая школа (былая),Сварынская базовая школа (бывш.),Сварынская базавая школа (былая),,,,,51.968846875000004,25.035991241666668,,,,
way/544194085,Асінторфская сярэдняя школа,Осинторфская средняя школа,Асінторфская сярэдняя школа,,,,,54.716733325,30.654048650000004,https://osintorf.schools.by,+375 (2137) 3-67-69,,osinschool62@mail.ru
way/544209010,Азёрская сярэдняя школа,Озёрская средняя школа,Азёрская сярэдняя школа,Азёры,вуліца Будаўнікоў,2,231753,53.720157474999986,24.179462666666666,https://ozery.grodruo.by/,+375152667116;+375152667113;+375152667115;+375152667150;+375152667121,ozery@grodno-region.by,ozery@grodno-region.by
way/544389615,Сярэдняя школа №21,Средняя школа №21,Сярэдняя школа №21,,,,,52.03909236190475,23.702393414285716,,,,
way/544513863,Базавая школа,Базовая школа,Базавая школа,,,,,53.29764326923077,26.238866384615385,http://volno.baranovichi.edu.by/,,,
way/544568738,Песковская средняя школа,Песковская средняя школа,Песковская средняя школа,,,,,52.18858555454546,24.245134681818183,,,,
way/545077389,Стытычэўская сярэдняя школа,Стытычевская средняя школа,Стытычэўская сярэдняя школа,,Мірная вуліца,16,225745,52.057038555555565,26.130982333333336,,,,
way/545315363,Гімназія № 1,Гимназия № 1,Гімназія № 1,,,,,53.58821266249999,25.8052675625,,,,
way/545350058,Зарубскі дзіцячы сад - сярэдняя школа Дубровенскага раёна,Зарубский детский сад - средняя школа Дубровенского района,Зарубскі дзіцячы сад - сярэдняя школа Дубровенскага раёна,,,,,54.525273081818185,30.933901563636365,https://saruby.schools.by,+375 (2137) 3-62-18,,saruby@mail.ru
way/545485609,Гімназія,Гимназия,Гімназія,,,,,53.59258533846153,25.81839233846154,,,,
way/546140195,Палянінавіцкая сярэдняя школа,Поляниновичская средняя школа,Палянінавіцкая сярэдняя школа,,,,,53.37882172,30.515615879999995,,,,
way/546659451,Сельскагаспадарчы прафесійны ліцэй,Сельскохозяйственный профессиональный лицей,Сельскагаспадарчы прафесійны ліцэй,,вуліца Леніна,36,231778,53.2002659125,24.013472025000002,http://bgspl.of.by/,+375(151) 2-17-30,,ptu194@tut.by
way/546903514,Шчомысліцкая сярэдняя школа,Щомыслицкая средняя школа,Шчомысліцкая сярэдняя школа,,,,,53.82382863,27.448563819999997,http://shemyslica.minsk.edu.by/,,,
way/547056045,Калядзіцкі ВПК дзіцячы сад-пачатковая школа,Колядичский УПК детский сад — начальная школа,Калядзіцкі ВПК дзіцячы сад-пачатковая школа,,,,,52.63234142499999,24.545995575,,,,
way/547894241,"Дзіцячы сад - сярэдняя школа, Струбніцкі НПК","Детский сад - средняя школа, струбницкий УПК","Дзіцячы сад - сярэдняя школа, Струбніцкі НПК",,,,,53.315136966666664,24.603499911111115,,,,
way/548030320,СШ №1,СШ №1,СШ №1,,,,,53.1359066,30.805458875,,,,
way/548293655,Парплішчанская сярэдняя школа,Порплищенская средняя школа,Парплішчанская сярэдняя школа,,Школьная вуліца,2А,,54.959495016666665,27.653042033333335,https://porplische.schools.by/,,,
way/549033561,Сярэдняя школа № 3,Средняя школа № 3,Сярэдняя школа № 3,,,,,54.609183729629635,25.971047811111116,https://sch3.edu-ostrovets.gov.by/,+375 1591 28983,sc3@ostrovets.gov.by,sc3@ostrovets.gov.by
way/549096024,СШ №2,СШ №2,СШ №2,,,,,53.80156597500001,30.964801683333334,,,,
way/549707020,Слабадская сярэдняя школа,Слободская средняя школа,Слабадская сярэдняя школа,,,,,52.521001,24.51277916,http://slobudka-school.pruzhany.by/,,,
way/549960886,Махроўская школа,Мохровская школа,Махроўская школа,,,,,51.98071085882353,25.55875230588235,,,,
way/550882122,Падароскі дзіцячы сад - сярэдняя школа,Подоросский детский сад - средняя школа,Падароскі дзіцячы сад - сярэдняя школа,,,,,52.98600871111111,24.615626933333335,https://podorosk.schools.by/,,,
way/551272273,СШ №9,СШ №9,СШ №9,,,,,53.07154487333333,25.31419253333333,,,,
way/551289150,Сярэдняя школа №3,Средняя школа №3,Сярэдняя школа №3,,,,,53.085941831818175,25.307346495454542,,,,
way/551289151,Сярэдняя школа №10,Средняя школа №10,Сярэдняя школа №10,,,,,53.08606743043479,25.306281513043476,,,,
way/551409566,Ёлкаўская сярэдняя школа,Ёлковская средняя школа,Ёлкаўская сярэдняя школа,,,,,53.1300210375,25.134998437500002,https://elka.schools.by/,,,
way/551698926,Гімназія,Гимназия,Гімназія,,,,,52.55598192105263,24.460285936842105,http://gymnasium.pruzhany.by/,+375 (1632) 2-79-34,gymnasium@pruzhany.by,gymnasium@pruzhany.by
way/551699876,Сярэдняя школа №4,Средняя школа №4,Сярэдняя школа №4,,вуліца Макаранкі,16,,52.552839018181814,24.471045727272724,http://school4.pruzhany.by/,,,
way/551934884,Дунілавіцкая яслі-сад-сярэдняя школа,Дуниловичская ясли-сад-средняя школа,Дунілавіцкая яслі-сад-сярэдняя школа,Дунілавічы,Школьная вуліца,9,,55.087110910000014,27.23854798,https://dunschool.do.am/,,,
way/552311491,СШ №130 імя Рут Уолер,СШ №130 имени Рут Уоллер,СШ №130 імя Рут Уолер,,,,,53.838354122580625,27.57051342580645,,,,
way/552473921,Аўтадром,Автодром,Аўтадром,,,,,52.27535777142857,26.735453057142852,,,,
way/553155370,Сярэдняя школа №9 г. Маладзечна,Средняя школа №9 г. Молодечно,Сярэдняя школа №9 г. Маладзечна,,,,,54.3251198642857,26.842200421428572,,,,
way/553865407,Карпекскі дзіцячы сад,Карпекский детский сад,Карпекскі дзіцячы сад,,вуліца Фаміна,25,,55.45353053846155,28.976230476923085,https://sad-karpeki.schools.by/,,,
way/554111505,Школа № 7,Школа № 7,Школа № 7,,,,,54.49473457777778,30.403104355555552,http://school7.goroo-orsha.by/,+375(216) 54-89-84,,07.school.orsha@gmail.com
way/554221176,Сярэдняя школа №2,Средняя школа №2,Сярэдняя школа №2,,,,,54.026014255555566,28.074400722222222,,,,
way/554221179,Школа №3,Школа №3,Школа №3,,,,,54.018354439999996,28.06345369,,,,
way/554481513,Сярэдняя школа №77,Средняя школа №77,Сярэдняя школа №77,,,,,53.86079641428571,27.627909628571434,,,,
way/555706390,Галынкоўская сярэдняя школа,Голынковская средняя школа,Галынкоўская сярэдняя школа,,,,,53.216301093333335,25.03934581333333,https://golynka.schools.by/,,,
way/556309504,Школа № 1,Школа № 1,Школа № 1,,,,,53.51707840000001,30.24306194166667,https://byhov1.schools.by/,+375-2231-77-492;+375-2231-77-941,,bychov.ch1@yandex.ru
way/556349568,Сярэдняя школа №24,Средняя школа №24,Сярэдняя школа №24,,,,,53.83695615869565,27.580544782608694,,,,
way/556493482,Гімназія №40,Гимназия №40,Гімназія №40,,,,,53.837972311538465,27.581106838461537,,,,
way/557504059,Сушчэўская сярэдняя школа,Сущёвская средняя школа,Сушчэўская сярэдняя школа,,,,,55.349458166666665,30.23323564444444,,,,
way/558796468,Данілавіцкі НПК ЯС-СШ,Даниловичский УПК ЯС-СШ,Данілавіцкі НПК ЯС-СШ,,,,,53.60846187142857,27.371223785714278,,,,
way/559087566,Школа,Школа,Школа,,,,,55.18668008888889,28.264809922222224,,,,
way/559605202,Школа № 2,Школа № 2,Школа № 2,,,,,53.33084175,31.383399433333334,,,,
way/559605208,Гімназія №1,Гимназия №1,Гімназія №1,,,,,53.33133783000001,31.39595711,,,,
way/560092069,СШ №3,СШ №3,СШ №3,,,,,52.47573471538461,25.17430946153846,,,,
way/561959291,Азярэцкая базавая школа,Озерецкая базовая школа,Азярэцкая базавая школа,,,,,54.42212064444445,29.76806566666666,https://ozertsy.schools.by/,+375 2136 34437,skola_66@mail.ru,skola_66@mail.ru
way/562489555,Здзітаўская сярэдняя школа,Здитовская средняя школа,Здзітаўская сярэдняя школа,,,,,52.42469855882352,25.26329348823529,http://zditovo.bereza.edu.by/,,,
way/563459311,Аброўская сярэдняя школа,Обровская средняя школа,Аброўская сярэдняя школа,,Школьны завулак,4,,52.507062730769235,25.567454615384612,,,,
way/563460684,Сярэдняя школа №90,Средняя школа №90,Сярэдняя школа №90,,,,,53.87623366315788,27.538608226315784,http://sch90.minsk.edu.by/,,,
way/563676234,Шаняўская сярэдняя школа імя Міколы Засіма,Шеневская средняя школа имени Миколы Засима,Шаняўская сярэдняя школа імя Міколы Засіма,,,,,52.526129319999995,24.39353557,http://sheni-school.pruzhany.by/,,,
way/564647510,ДУА «Хажоўская сярэдняя школа Маладзечанскага раёна»,ГУО «Хожовская средняя школа Молодечненского района»,ДУА «Хажоўская сярэдняя школа Маладзечанскага раёна»,,,,,54.24867031818181,26.8391978,,,,
way/565014266,Пачатковая школа,Начальная школа,Пачатковая школа,,,,,53.623682225,27.891824399999997,,,,
way/565082090,Школа №8,Школа №8,Школа №8,Кобрын,Паркавая вуліца,2,225301,52.19727453076923,24.345291146153844,http://sch8.kobrin.edu.by,+375164221083,,sch8@kobrin.edu.by
way/565082103,Школа №7,Школа №7,Школа №7,,вуліца Дзяржынскага,55,225301,52.20260215172413,24.344856572413793,http://sch7.kobrin.edu.by,+375164221774,sch7@kobrin.edu.by,sch7@kobrin.edu.by
way/565190798,Празароцкая сярэдняя школа,Прозорокская средняя школа,Празароцкая сярэдняя школа,,,,,55.29007658571429,28.218513599999998,https://prozoroki.rooglub.gov.by/,,,
way/566536319,Сярэдняя школа №85,Средняя школа №85,Сярэдняя школа №85,,,,,53.8675866625,27.648845787499997,,,,
way/566817101,Хадосаўская базавая школа,Ходосовская базовая школа,Хадосаўская базавая школа,,,,,52.46734283333333,23.730845666666667,,,,
way/568436423,ДУА Вучэбна-педагагічны комплекс Раготнаўскі дзіцячы сад-базавая школа,ГУО Учебно-педагогический комплекс Роготновский детский сад-базовая школа,ДУА Вучэбна-педагагічны комплекс Раготнаўскі дзіцячы сад-базавая школа,,,,,53.344855575000004,25.4827692625,https://rogotnovo.znaj.by/,,,
way/569360818,Вярэйкаўская сярэдняя школа,Верейковская средняя школа,Вярэйкаўская сярэдняя школа,,,,,53.248746264285714,24.180832057142858,https://vereiki.schools.by/,,,
way/569635549,Алекшыцкая сярэдняя школа,Олекшицкая средняя школа,Алекшыцкая сярэдняя школа,,,,,53.340317257142864,23.947290385714286,,,,
way/569676607,Луцкаўлянская сярэдняя школа,Луцковлянская средняя школа,Луцкаўлянская сярэдняя школа,,,,,53.441271363999995,23.93189672399999,https://luckowlyany.grodruo.by/,+375152603909,luckowlyany.sch@grodno-region.by,luckowlyany.sch@grodno-region.by
way/569923172,Індурская сярэдняя школа,Индурская средняя школа,Індурская сярэдняя школа,,,,231712,53.465543775,23.881537774999998,https://indura.grodruo.by/,+375152601678,indura.sch@grodno-region.by,indura.sch@grodno-region.by
way/570095562,Парэчанская сярэдняя школа,Пореченская средняя школа,Парэчанская сярэдняя школа,Парэчча,вуліца Палякова,29Б,,53.88069862105263,24.13719552631579,,,,
way/570329994,Сярэдняя школа аг. Памежны,Средняя школа аг. Пограничный,Сярэдняя школа аг. Памежны,Пагранічны,Савецкая вуліца,57,,53.117672344999995,23.96867505,http://pogrgymn.berestovica.edu.by/,,,
way/570671308,Крынічанская Сярэдняя школа,Криничанская Средняя Школа,Крынічанская Сярэдняя школа,,,,,51.99577845833333,29.324264233333334,https://krinichnyi.schools.by/,+375 236 209965,krin.ssch@yandex.by,krin.ssch@yandex.by
way/570903017,Курылавіцкі дзіцячы садок - сярэдняя школа,Куриловичский детский сад - средняя школа,Курылавіцкі дзіцячы садок - сярэдняя школа,,,,,53.3589302125,24.876150081250003,https://kuril-ms.schools.by/,,,
way/571338468,Сярэдняя школа №96,Средняя школа №96,Сярэдняя школа №96,,,,,53.89936933333334,27.49898406666666,,,,
way/571659926,Дзіцячы сад - сярэдняя школа - Рудаяворскі НПК,Детский сад - средняя школа - Рудаяворский УПК,Дзіцячы сад - сярэдняя школа - Рудаяворскі НПК,,,,,53.404323506249995,25.109158375,,,,
way/572746292,Адрыжынская сярэдняя школа,Одрижинская средняя школа,Адрыжынская сярэдняя школа,,,,,51.97427589,25.46187605,,,,
way/575112138,Парэцкая дзяржаўная санаторная школа-інтэрнат,Поречская государственная санаторная школа-интернат,Парэцкая дзяржаўная санаторная школа-інтэрнат,,,,,53.879632175,24.1402736875,https://sschi-poreche.schools.by/,,,
way/576799700,Васілевіцкая спецыяльная агульнаадукацыйная школа-інтэрнат для дзяцей з парушэннямі зроку,Василевичская специальная общеобразовательная школа-интернат для детей с нарушениями зрения,Васілевіцкая спецыяльная агульнаадукацыйная школа-інтэрнат для дзяцей з парушэннямі зроку,,,,,52.2521196,29.831510459999997,,,,
way/578837932,Лапіцкая сярэдняя школа,Лапичская средняя школа,Лапіцкая сярэдняя школа,,,,,53.42675050588236,28.482946776470587,https://lapichy.schools.by/,,Lapichyschool@tut.by,Lapichyschool@tut.by
way/579564172,Старадварэцкі яслі-сад-базавая школа,Стародворецкий ясли-сад-базовая школа,Старадварэцкі яслі-сад-базавая школа,,,,,53.2585791,24.102048559999997,https://stdvorec.schools.by/,,,
way/580937145,Мазоловская государственная общеобразовательная средняя школа,Мазоловская государственная общеобразовательная средняя школа,Мазоловская государственная общеобразовательная средняя школа,,,,,55.2763839,30.13451708181818,,,,
way/582479229,Сярэдняя школа №17,Средняя школа №17,Сярэдняя школа №17,,,,,53.89618538421052,25.255589252631573,,+375 154 652975,,
way/585297246,Дабрамыслінская сярэдняя школа,Добромыслинская средняя школа,Дабрамыслінская сярэдняя школа,,,,,54.92725694000001,30.675894060000005,https://dobromisl.schools.by/,+375 2138 50618,,dob@liozno.edu.by
way/585526831,Сіняўская сярэдняя школа,Синявская средняя школа,Сіняўская сярэдняя школа,,,,,52.9658167,26.462621600000006,,,,
way/587289359,Сярэдняя адукацыйная школа,Сярэдняя адукацыйная школа,Сярэдняя адукацыйная школа,,,,,52.42002483,28.95730206,,,,
way/587321565,Кабакоўская сярэдняя школа,Кабаковская средняя школа,Кабакоўская сярэдняя школа,,,,,52.501264436363634,24.770051300000002,http://kabaki.bereza.edu.by/,,,
way/587873562,Багданоўскі вучэбна-педагагічны комплекс дзіцячы сад - сярэдняя школа,Богдановский УПК детский сад – средняя школа,Багданоўскі вучэбна-педагагічны комплекс дзіцячы сад - сярэдняя школа,,,,,54.17285652666667,26.147927066666668,http://schoolbogdanovo.edu.minskregion.by/,,,
way/587949904,Замастоцкі дзіцячы сад-сярэдняя школа,Замосточская детский сад-средняя школа,Замастоцкі дзіцячы сад-сярэдняя школа,Замасточча,Школьная вуліца,9,211232,55.01460312941177,30.18092188823529,https://zamostochie.schools.by/,+375 212 201425,,zamost.school14@yandex.ru
way/589274673,Машканская дзіцячы сад - сярэдняя школа,Мошканская детский сад - средняя школа,Машканская дзіцячы сад - сярэдняя школа,,,,,54.95795583333334,30.04510224166667,,,,
way/590551817,Маўчадская сярэдняя школа,Молчадская средняя школа,Маўчадская сярэдняя школа,,,,,53.31548188571429,25.69284089285714,http://molchadsk.baranovichi.edu.by/,,,
way/592060637,Дзіцячы дом-інтэрнат,Детский дом-интернат,Дзіцячы дом-інтэрнат,,,,,54.8309410076923,30.225634084615383,,,,
way/592782936,Наваельнянская СШ,Новоельнянская СШ,Наваельнянская СШ,,,,,53.46325043,25.57644927,,,,
way/593164775,Параслянская сярэдняя школа,Порослянская средняя школа,Параслянская сярэдняя школа,,,,,52.603612609090916,24.39884399090909,http://poroslyany-school.pruzhany.by/,,,
way/594590901,Сярэдняя школа №1 в. Копішча,Средняя школа №1 д. Копище,Сярэдняя школа №1 в. Копішча,Копішча,Авіяцыйная вуліца,2,220125,53.95493196451613,27.669081164516133,http://newschool.by/,+375 17 270 41 03,sch1newbor@tut.by,sch1newbor@tut.by
way/596975865,Вялікасельскі ВПК дзіцячы сад-базавая школа,Великосельский УПК детский сад-базовая школа,Вялікасельскі ВПК дзіцячы сад-базавая школа,,,,,52.6323727,24.314737363636365,http://velikoeselo-school.pruzhany.by/,,velikoeselo-school@pruzhany.by,velikoeselo-school@pruzhany.by
way/597891944,Карнадскі дзіцячы сад-базавая школа,Корнадский детский сад-базовая школа,Карнадскі дзіцячы сад-базавая школа,,,,,52.802652658333336,24.485363375000002,https://kornad.schools.by/,,,
way/598364521,Крывіцкая сярэдняя школа,Крывіцкая сярэдняя школа,Крывіцкая сярэдняя школа,,,,,52.82436215,27.3880018625,https://krivichi.edus.by,,,
way/599039156,Сярэдняя школа №2 г.Скідзеля,Средняя школа №2 г.Скиделя,Сярэдняя школа №2 г.Скідзеля,,вуліца Кірава,29,,53.57074245833334,24.19723654166667,,,,
way/599039159,Скідзельская ДЮСШ,Скидельская ДЮСШ,Скідзельская ДЮСШ,,вуліца Кірава,,,53.57161572857142,24.198723442857148,,,,
way/601734435,Лагазінская сярэдняя школа,Логозинская средняя школа,Лагазінская сярэдняя школа,,Школьная вуліца,2,,54.23194631,27.76378226,https://logoza.logoysk-edu.gov.by,+375 17 7443382,,
way/601902572,Мастоцкая сярэдняя школа,Мостокская средняя школа,Мастоцкая сярэдняя школа,,,,,53.97134912222222,30.465066922222224,http://mostok.mogilev.edu.by/,,,
way/604982651,Сярэдняя школа №4,Средняя школа № 4,Сярэдняя школа №4,,,,,53.22406236250001,26.6669923375,https://сш4.несвиж-асвета.бел,,,
way/610243577,Мазалаўская школа,Мазоловская школа,Мазалаўская школа,,,,,53.98107684545455,31.582828518181817,,,,
way/610447082,Ляснянская сярэдняя школа,Леснянская средняя школа,Ляснянская сярэдняя школа,,,,,52.9894475,25.763662471428574,http://lesnaja.baranovichi.edu.by/,,,
way/611203758,Ізабелінскі вучэбна-педагагічны комплекс дзіцячы сад - сярэдняя школа,Изабелинский учебно-педагогический комплекс детский сад - средняя школа,Ізабелінскі вучэбна-педагагічны комплекс дзіцячы сад - сярэдняя школа,,,,,53.09477213125,24.554215637499993,https://izabelin.schools.by/,,,
way/611532875,Альбрэхтаўская сярэдняя школа,Альбрехтовская средняя школа,Альбрэхтаўская сярэдняя школа,,,,,55.87561004285714,28.843518085714287,,,,
way/615641636,Пачатковая школа,Начальная школа,Пачатковая школа,,Камуністычная вуліца,6,,53.600121009999995,24.9783966,,,,
way/615773358,Дубненская сярэдняя школа,Дубненская средняя школа,Дубненская сярэдняя школа,,,,,53.44541351538461,24.376642230769228,https://dubno.schools.by/,,dubno.ms@tut.by,dubno.ms@tut.by
way/616166475,Першамайская школа,Первомайская Школа,Першамайская школа,,,,,53.90836054545454,24.64651480909091,,,,
way/617199157,Спораўская сярэдняя школа,Споровская средняя школа,Спораўская сярэдняя школа,,,,,52.424054214285725,25.332955871428567,http://sporovo.bereza.edu.by/,,,
way/617352247,Пескаўская сярэдняя школа,Песковская средняя школа,Пескаўская сярэдняя школа,,,,,52.499939456521744,25.191606843478258,http://peski.bereza.edu.by/,,,
way/617379025,Бярозаўская базавая школа імя А.М.Застаўнога,Берёзовская базовая школа имени А.Н.Заставного,Бярозаўская базавая школа імя А.М.Застаўнога,,,,,52.552705530000004,24.962625730000003,http://bsch.bereza.edu.by/,,,
way/620128333,ДУА «Сеніцкая дзіцячая школа мастацтваў»,ГУО «Сеницкая детская школа искусств»,ДУА «Сеніцкая дзіцячая школа мастацтваў»,,,,223056,53.82821011,27.521606230000003,,+375175061147,,
way/620151575,Сярэдняя школа № 41 імя Кузняцова,Средняя школа № 41 имени Кузнецова,Сярэдняя школа № 41 імя Кузняцова,,вуліца Францішка Багушэвіча,24,230018,53.6158355125,23.813112775,https://sch41.oktobrgrodno.gov.by/,+375152677617,sch41@oktobrgrodno.gov.by,sch41@oktobrgrodno.gov.by
way/620372809,Міжлеская сярэдняя школа,Междулесская средняя школа,Міжлеская сярэдняя школа,,,,,52.387679614285716,25.015699785714283,http://mezhdulesse.bereza.edu.by/,,,
way/621759889,Астроўская сярэдняя школа,Островская средняя школа,Астроўская сярэдняя школа,,,,,53.35589549999998,26.415109392307695,https://xn--b1amfoalgi.xn----8sbafcoeer1c5bfp.xn--90ais/,,,
way/622253444,Цэльская сярэдняя школа,Цельская средняя школа,Цэльская сярэдняя школа,,,,,53.39356502,28.458007519999995,https://cel.schools.by/,,,
way/622847277,Бараўлянская сярэдняя школа №3,Боровлянская средняя школа №3,Бараўлянская сярэдняя школа №3,Лескаўка,Светлая вуліца,2Б,223040,53.995585375,27.708862433333337,http://bor-sch3.minsk.edu.by/,+375 17 514-79-30,,bor-sch3@minsk.edu.by
way/623807139,Хомская сярэдняя школа,Хомская средняя школа,Хомская сярэдняя школа,,,,,52.33670699374999,25.23059478125,http://homsk.drogichin.edu.by/,+375164477438,homsk-sh@drogichinoosit.brest.by,homsk-sh@drogichinoosit.brest.by
way/624337999,Сярэдняя школа №3,Средняя школа №3,Сярэдняя школа №3,,,,,52.53098750357143,24.982851492857147,http://sch3.bereza.edu.by/,,,
way/625304200,Даманаўская сярэдняя школа,Домановская средняя школа,Даманаўская сярэдняя школа,,,,,52.83208514999999,25.479917033333326,http://domanovo.rooivacevichi.gov.by/,,,
way/625555496,Быценьская сярэдняя школа,Бытенская средняя школа,Быценьская сярэдняя школа,,,,,52.87912582105263,25.500356015789475,http://byten.rooivacevichi.gov.by/,,,
way/625837494,Голдаўскі вучэбна-педагагічны комплекс дзіцячы сад – базавая школа,Голдовский учебно-педагогический комплекс детский сад – базовая школа,Голдаўскі вучэбна-педагагічны комплекс дзіцячы сад – базавая школа,,,,,53.69672905555555,25.10170817777778,,+375 154 590540,,
way/626390249,Лукаўская сярэдняя школа №2,Луковская средняя школа №2,Лукаўская сярэдняя школа №2,,,,,51.88783165555556,24.238994755555556,,,,
way/627615051,Гацукоўская сярэдняя школа,Гацуковская средняя школа,Гацукоўская сярэдняя школа,Гацук,,,,53.32828946428572,27.516349521428573,https://gacyk.slutsk-vedy.gov.by,8 017 95 74 336,gacykshool@gmail.com,gacykshool@gmail.com
way/627623649,Амговіцкая сярэдняя школа,Омговичская средняя школа,Амговіцкая сярэдняя школа,,,,,53.10259279999999,27.804356915384613,,,,
way/628524084,Школа №19,Школа №19,Школа №19,,,,,53.93058095789474,30.255018452631578,,,,
way/628561648,Любішчыцкая сярэдняя школа,Любищицкая средняя школа,Любішчыцкая сярэдняя школа,,,,,52.753386793333334,25.424578853333333,http://lyubi.rooivacevichi.gov.by/,,,
way/628774314,Сярэдняя школа №52,Средняя школа №52,Сярэдняя школа №52,,Каменнагорская вуліца,114,,53.9313938923077,27.43389560769231,,,,
way/629176532,Казловіцкая сярэдняя школа,Козловичская средняя школа,Казловіцкая сярэдняя школа,,,,,52.99807198888888,27.65301346666667,https://kozlovich.slutsk-vedy.gov.by,,,
way/629619137,Гімназія №3,Гимназия № 3,Гімназія №3,,Ленінская вуліца,41,,53.90078905263158,30.340203121052628,,,,
way/629634549,Сярэдняя школа № 1,Средняя школа № 1,Сярэдняя школа № 1,,Першамайская вуліца,24/2,,53.90340575882354,30.335583652941175,,,,
way/629634550,Сярэдняя школа №6,Средняя школа №6,Сярэдняя школа №6,,завулак Тані Карпінскай,2А,,53.903235054545455,30.33554796363636,,,,
way/629640741,Магілёўскі дзяржаўны прафесійны ліцэй № 7,Магілёўскі дзяржаўны прафесійны ліцэй № 7,Магілёўскі дзяржаўны прафесійны ліцэй № 7,,,,,53.871347483333345,30.314957441666664,,,,
way/629640843,Дзіцячая школа мастацтваў № 3 імя М.М.Салдатава,Детская школа искусств № 3 им. М.Н.Солдатова,Дзіцячая школа мастацтваў № 3 імя М.М.Салдатава,,,,,53.86793118333333,30.32606498333334,,,,
way/629641759,Ліцэй №1,Лицей №1,Ліцэй №1,,,,,53.89594348235294,30.319238852941172,,,,
way/629641852,Сярэдняя школа №11,Средняя школа №11,Сярэдняя школа №11,,,,,53.89584451428572,30.31779457857142,,,,
way/629642272,Сярэдняя школа №4,Средняя школа №4,Сярэдняя школа №4,,,,,53.90444345333334,30.322433993333334,,,,
way/629851070,Спецыяльная агульнаадукацыйная школа для дзяцей з парушэннямі псіхічнага развіцця (цяжкасцямі ў навучанні),Спецыяльная агульнаадукацыйная школа для дзяцей з парушэннямі псіхічнага развіцця (цяжкасцямі ў навучанні),Спецыяльная агульнаадукацыйная школа для дзяцей з парушэннямі псіхічнага развіцця (цяжкасцямі ў навучанні),,,,,53.90133746923076,30.338267630769224,,,,
way/629885327,Магілёўскі дзяржаўны абласны ліцэй №3,Магілёўскі дзяржаўны абласны ліцэй №3,Магілёўскі дзяржаўны абласны ліцэй №3,,,,,53.91009706153846,30.335576746153848,,,,
way/630333802,Дзеравянчыцкі яслі-сад-пачатковая школа,Деревянчицкий ясли-сад-начальная школа,Дзеравянчыцкі яслі-сад-пачатковая школа,,,,,53.03643758333334,25.264243783333338,,,,
way/630541045,Рахавіцкая сярэдняя школа,Раховичская средняя школа,Рахавіцкая сярэдняя школа,,,,,52.98762545,25.19660621666667,https://rahovichi.schools.by/,,,
way/631113343,Дашкоўская сярэдняя школа,Дашковская средняя школа,Дашкоўская сярэдняя школа,,Першамайская вуліца,2,,53.744767342857145,30.256897100000003,http://dashkovka.mogilev.edu.by,,,
way/631200355,Сярэдняя школа № 12,Средняя школа № 10,Сярэдняя школа № 10,,,,,53.92927676842106,30.316562063157892,,,,
way/632000470,Вымнянская сярэдняя школа,Вымнянская средняя школа,Вымнянская сярэдняя школа,,,,,55.258701050000006,30.600166387500003,,,,
way/635426084,Ліцэй БРУ,Ліцэй БРУ,Ліцэй БРУ,,,,,53.904238688888896,30.343203300000003,,,,
way/636361796,Гімназія г. Шклова,Гимназия г. Шклова,Гімназія г. Шклова,,,,,54.20022391111111,30.29962107777778,https://gymn-shklov.schools.by/,+375-2239-76-841;+375-2239-76-840,,gymnasiumshclov3@tut.by
way/637140848,Сярэдняя школа №38,Средняя школа №38,Сярэдняя школа №38,,,,,53.8657391,30.306946385714287,,,,
way/637286759,Сярэдняя школа № 1,Средняя школа № 1,Сярэдняя школа № 1,,,,,54.252729637499996,29.799248100000003,,,,
way/637516980,Вялікаэйсмантаўская сярэдняя школа,Большеэйсмонтовская средняя школа,Вялікаэйсмантаўская сярэдняя школа,,,,,53.363313113333334,24.0745353,http://beber.berestovica.edu.by/,,,
way/637751360,Чэрнеўская базавая школа,Черневская базовая школа,Чэрнеўская базавая школа,Чэрнева,,33,,55.72608251818181,27.25983120909091,,,,
way/638159175,Самахвалавіцкая сярэдняя школа,Самохваловичская средняя школа,Самахвалавіцкая сярэдняя школа,,,,,53.7396323375,27.508375943749996,https://samohvalovichi.schools.by/,,,
way/639466739,Школа-інтэрнат для дзяцей з парушэннямі зроку,Школа-интернат для детей с нарушениями зрения,Школа-інтэрнат для дзяцей з парушэннямі зроку,,,,,54.20254659999999,30.30021736666667,http://zrok.mogilev.by/,+375-2239-95-197;+375-2239-95-198,,sp.zrok@tut.by
way/640289378,Селішчанскі дзіцячы сад - пачатковая школа,Селещанский Детский сад Начальная школа,Селішчанскі дзіцячы сад - пачатковая школа,,,,,54.35498006153846,27.063897276923075,,,,
way/641728697,Запольская дзіцячы садок-сярэдняя школа,Запольская детский сад-средняя школа,Запольская дзіцячы садок-сярэдняя школа,,,,,55.50012145555555,30.772541177777775,https://zapole.schools.by/,,,
way/641906072,Школа №1,Школа №1,Школа №1,,,,,54.410351263636365,29.697231918181828,,,,
way/643484850,Сярэдняя школа №97,Средняя школа №97,Сярэдняя школа №97,,,,,53.84351784545454,27.50029473636364,http://sch97.minsk.edu.by/,,,
way/643484851,Сярэдняя школа №119,Средняя школа №119,Сярэдняя школа №119,,,,,53.84347356,27.49644777333333,http://sch119.minsk.edu.by/,,,
way/645176195,Школа-Інтэрнат,Школа-Интернат,Школа-Інтэрнат,,,,,53.894952275,26.746226755,,,,
way/645464393,Сярэдняя школа №5,Средняя школа №5,Сярэдняя школа №5,Жодзіна,вуліца Гагарына,16,222167,54.09326804444445,28.297816177777776,,,,
way/646518636,Сярэдняя школа №2,Средняя школа №2,Сярэдняя школа №2,Шчучын,Савецкая вуліца,39,231513,53.61337114285715,24.733094485714286,https://sch2schuchin.schools.by/,+375151475988,sch2@shhuchin.edu.by;sch2@mail.grodno.by,sch2@shhuchin.edu.by;sch2@mail.grodno.by
way/647739951,Гімназія №4,Гимназия № 4,Гімназія №4,,,,,53.91247465999999,27.44471995,,,,
way/647739952,Сярэдняя школа №201,Средняя школа №201,Сярэдняя школа №201,,,,,53.91321603809524,27.44292696666667,,,,
way/648033323,Сярэдняя школа №2,Средняя школа № 2 г. Минска,Сярэдняя школа №2,,,,,53.874725764000004,27.45182512,http://sch2.minsk.edu.by,,sch2@minsk.edu.by,sch2@minsk.edu.by
way/648230562,Сярэдняя школа № 25,Средняя школа № 25,Сярэдняя школа № 25,,,,,53.84560397187501,27.480384487500007,http://www.sch25.minsk.edu.by,+375172968580,sch25@minsk.edu.by,sch25@minsk.edu.by
way/648424645,Домжарыцкая базавая школа Лепельскага раёна,Домжерицкая базовая школа Лепельского района,Домжарыцкая базавая школа Лепельскага раёна,,Цэнтральная вуліца,5,,54.74761484166668,28.316083175000003,,,,
way/648430093,Зеленаборская сярэдняя школа,Зеленоборская средняя школа,Зеленаборская сярэдняя школа,,,,,52.65594396666667,25.24075824444445,http://zbs.rooivacevichi.gov.by/,,,
way/648524757,ГУО «Гімназія г. Клецка»,ГУО «Гимназия г. Клецка»,ГУО «Гімназія г. Клецка»,,,,,53.06798143157894,26.632810121052632,,,,
way/648596515,Сярэдняя школа №5,Средняя школа №5,Сярэдняя школа №5,,,,,53.1523638125,24.43531035,,,,
way/650015229,Стрыгінская сярэдняя школа,Стригинская средняя школа,Стрыгінская сярэдняя школа,Стрыгінь,Школьная вуліца,8,,52.50903975238094,25.02976862380952,http://strigin.bereza.edu.by/,,,
way/651873337,Сярэдняя школа №12,Средняя школа №12,Сярэдняя школа №12,,,,,53.93244583125001,25.266859125,,+375 154 652941,,
way/651886033,Барысаўская мастацкая школа майстэрстваў,Борисовская художественная школа искусств,Барысаўская мастацкая школа майстэрстваў,,,,,54.211881860000005,28.479538960000003,,,,
way/651988321,Равінская дзіцячы сад - сярэдняя школа,Ровинская детский сад - средняя школа,Равінская дзіцячы сад - сярэдняя школа,,,,,52.226753210000005,25.217782839999998,http://rovini.drogichin.edu.by/,+375164440538,Rovini-sh@drogichinoosit.brest.by,Rovini-sh@drogichinoosit.brest.by
way/653351546,Шылавіцкая сярэдняя школа,Шиловичская средняя школа,Шылавіцкая сярэдняя школа,,,,,53.16716258571427,24.24491604285714,https://shilovichi.schools.by/,,,
way/653362961,Сярэдняя школа №18,Средняя школа №18,Сярэдняя школа №18,,,,,54.213896899999995,28.47897544,,,,
way/653738224,Мілевіцкі дзіцячы садок-сярэдняя школа,Милевичский детский сад-средняя школа,Мілевіцкі дзіцячы садок-сярэдняя школа,,,,,53.280709421428575,24.869858571428573,https://milev.schools.by/,,,
way/654484630,Падкраіцкая базавая школа,Подкраичская базовая школа,Падкраіцкая базавая школа,,,,,52.437444622222216,24.7211602,http://podkraichi.bereza.edu.by/,,,
way/656334188,Хадакоўская базавая школа,Ходаковская базовая школа,Хадакоўская базавая школа,,,,,52.58512982222223,25.38369578888889,,,,
way/656492680,Воленская сярэдняя школа,Воленская средняя школа,Воленская сярэдняя школа,,,,,52.66024319999999,25.326633359999995,http://volya.rooivacevichi.gov.by/,,,
way/656682034,Сівіцкі вучэбна-педагагічны комплекс дзіцячы сад - базавая школа,Сивицкий учебно-педагогический комплекс детский сад – базовая школа,Сівіцкі вучэбна-педагагічны комплекс дзіцячы сад - базавая школа,,,,,53.92106723333333,26.67361145,,,,
way/656721389,Яглевіцкая сярэдняя школа,Яглевичская средняя школа,Яглевіцкая сярэдняя школа,,,,,52.69519669230768,25.376422430769228,http://yaglevichi.rooivacevichi.gov.by/,,,
way/658443220,Сярэдняя школа №1,Средняя школа №1,Сярэдняя школа №1,,,,,52.71519038500001,25.352245869999997,http://sch1.rooivacevichi.gov.by/,,,
way/658443237,Ліцэй Івацэвіцкага раёна,Лицей Ивацевичского района,Ліцэй Івацэвіцкага раёна,,,,,52.71385547857144,25.33307058571429,http://licey.rooivacevichi.gov.by/,,,
way/658569478,Сярэдняя школа №27 імя Юртава,Средняя школа №27 имени Юртова,Сярэдняя школа №27 імя Юртава,Гродна,вуліца Ліможа,46,,53.71285221578947,23.84632646315789,https://sch27.lengrodno.gov.by/,+375152445545,sch27@lengrodno.by,sch27@lengrodno.by
way/658699087,Гімназія г.Белаазёрска,Гимназия г.Белоозёрска,Гімназія г.Белаазёрска,,,,,52.46984626923076,25.17082103846154,http://gimnazia-blz.bereza.edu.by/,,,
way/658699095,Сярэдняя школа №1,Средняя школа №1,Сярэдняя школа №1,,,,,52.4679241375,25.175126375,http://sch1-blz.bereza.edu.by/,,,
way/659518121,Гортальская школа,Гортольская школа,Гортальская школа,,,,,52.5053374,25.903300136363633,,,,
way/660274693,Васілішкаўская сярэдняя школа,Василишковская средняя школа,Васілішкаўская сярэдняя школа,,Савецкая вуліца,36А,,53.78021264761905,24.849067833333336,https://vasilish.schools.by/,+375151475476,,
way/660690045,Сярэдняя школа № 1,Средняя школа № 1,Сярэдняя школа № 1,,Савецкая вуліца,11,,53.21944969230769,26.677358715384614,,,,
way/661446329,Табульская сярэдняя школа,Тобульская средняя школа,Табульская сярэдняя школа,,,,,52.28750363333333,25.7517349,https://tobsh.roo-pinsk.gov.by/,,tobsh@roo-pinsk.gov.by,tobsh@roo-pinsk.gov.by
way/662787214,Вялікагацкая сярэдняя школа,Великогатская средняя школа,Вялікагацкая сярэдняя школа,,,,,52.54775544444444,25.660306755555556,https://gvelikaja.rooivacevichi.gov.by/,,,
way/663578969,Святавольская базавая школа,Святовольская базовая школа,Святавольская базавая школа,,,,,52.535357090000005,25.692518704999998,,,,
way/664070703,Лашанскі дзіцячы сад - сярэдняя школа,Лошанский детский сад - средняя школа,Лашанскі дзіцячы сад - сярэдняя школа,,Цэнтральная вуліца,2,,54.04188,27.301005275,https://loshany.schools.by,,,
way/664717546,Павіццеўскі дзіцячы сад-сярэдняя школа,Повитьевский детский сад-средняя школа,Павіццеўскі дзіцячы сад-сярэдняя школа,,,,,51.98444633636364,24.757260300000006,,,,
way/664753743,Чарнянская сярэдняя школа імя Ю.М.Шалегейка,Чернянская средняя школа имени Ю.Н.Шелегейко,Чарнянская сярэдняя школа імя Ю.М.Шалегейка,,,,,51.984437023529416,24.208124388235294,,,,
way/664896592,Корчицкая базовая школа (бывш),Корчицкая базовая школа (бывш),Корчицкая базовая школа (бывш),,,,,52.10896995,24.377587400000003,,,,
way/664896611,Навасёлкаўская сярэдняя школа,Новосёлковская средняя школа,Навасёлкаўская сярэдняя школа,,,,,52.0266630125,24.356745925,http://novos.kobrin.edu.by,,,
way/664896640,Бельская базавая школа,Бельская базовая школа,Бельская базавая школа,,,,,52.014945390909105,24.407329309090912,http://belsk.kobrin.edu.by/,,,
way/664901596,Кобрынскі раённы сацыяльна-педагагічны цэнтр. Дзіцячы прытулак,Кобринский районный социально-педагогический центр. Детский приют,Кобрынскі раённы сацыяльна-педагагічны цэнтр. Дзіцячы прытулак,,,,,51.917918949999994,24.48936894166667,,,,
way/664902865,Хабовіцкая сярэдняя школа,Хабовичская средняя школа,Хабовіцкая сярэдняя школа,,,,,52.06078975454545,24.480435354545452,http://hab.kobrin.edu.by/,+375 1642 57060,,
way/665005478,Запрудская базавая школа,Запрудская базовая школа,Запрудская базавая школа,,,,,52.331160725000004,24.5718023875,http://zaprud.kobrin.edu.by/,,,
way/665326264,Лукская сярэдняя школа,Лукская средняя школа,Лукская сярэдняя школа,,,,,52.37767006923077,24.683086653846154,http://luka.kobrin.edu.by/,,,
way/666056258,Ліноўская сярэдняя школа,Линовская средняя школа,Ліноўская сярэдняя школа,,,,,52.47607259166668,24.521976999999996,http://school.brest.by,+375163251358,linovo-school@pruzhany.by,linovo-school@pruzhany.by
way/666315697,Пачапаўская школа,Почаповская спецшкола,Пачапаўская школа,,,,,53.358665759999994,25.818605,http://pochapovo.baranovichi.edu.by/,+375163449818;+375163449838,pochapovo@bar-roo-edu.brest.by,pochapovo@bar-roo-edu.brest.by
way/666370816,Сярэдняя школа № 29,Средняя школа № 29,Сярэдняя школа № 29,,,,,53.13873593999999,29.18031258,,,,
way/666400986,Сярэдняя школа №16,Средняя школа №16,Сярэдняя школа №16,,,,,53.87467435555555,25.28325108888889,,+375 154 611328,,
way/666400987,Сярэдняя школа №14,Средняя школа №14,Сярэдняя школа №14,,,,,53.878227228571426,25.282786885714284,,+375 154 611613,,
way/666400988,Сярэдняя школа №13,Средняя школа №13,Сярэдняя школа №13,,,,,53.915132330769225,25.23829866153846,,+375 154 652949,,
way/666400989,Сярэдняя школа №10,Средняя школа №10,Сярэдняя школа №10,,,,,53.88179321250001,25.290041804166666,,+375 154 607986,,
way/666400991,Сярэдняя школа №5,Средняя школа №5,Сярэдняя школа №5,,,,,53.91559308,25.281964393333332,,+375 154 652831,,
way/666859912,Новадзевяткавіцкая сярэдняя школа,Новодевятковичская средняя школа,Новадзевяткавіцкая сярэдняя школа,,,,231825,52.914585339999995,25.168152524999996,http://novodev.slonim.edu.by/,,,
way/666913490,Залеская сярэдняя школа,Залесская средняя школа,Залеская сярэдняя школа,,,,,52.220491928571434,24.469842800000002,http://zales.kobrin.edu.by/,,,
way/667333729,Школа №1,Школа №1,Школа №1,,,,,53.280233430769236,29.462973953846152,,,,
way/667469740,Школа №4,Школа №4,Школа №4,,,,,53.703084182352946,28.4198463,,,,
way/667841265,Сярэдняя школа № 2 імя Цішкі Гартнага,Средняя школа № 2 имени Тишки Гартного,Сярэдняя школа № 2 імя Цішкі Гартнага,,,,,53.14951930416667,27.08960727916666,https://2kopyl.schools.by/,,,
way/667943050,Агарэвіцкая сярэдняя школа,Огаревичская средняя школа,Агарэвіцкая сярэдняя школа,,,,,52.77319778571428,26.523948585714287,http://ogarevichi.gancevichi.edu.by/,,,
way/668133338,Правамастоўская сярэдняя школа,Правомостовская средняя школа,Правамастоўская сярэдняя школа,,,,,53.429237335714284,24.62374349285714,,,,
way/668464835,Сярэдняя школа №1,Средняя школа №1,Сярэдняя школа №1,,,,,52.55668406818183,24.446265263636363,http://school1.pruzhany.by/,,,
way/668978835,Сорагская сярэдняя школа імя К.В.Герчыка,Сорогская средняя школа имени К.В.Герчика,Сорагская сярэдняя школа імя К.В.Герчыка,,,,,53.03391191428572,27.925801057142856,http://sorogi.slutsk.edu.by,,,
way/671560185,Лыскаўскі вучэбна-педагагічны комплекс дзіцячы сад-базавая школа,Лысковский учебно-педагогический комплекс детский сад-базовая школа,Лыскаўскі вучэбна-педагагічны комплекс дзіцячы сад-базавая школа,,,,,52.851962063636364,24.61521919090909,http://www.lyskovo-school.pruzhany.by/,,,
way/671591850,Гудагайскай сярэдняя школа,Гудогайская средняя школа,Гудагайскай сярэдняя школа,,Зялёны завулак,2,,54.588220750000005,25.888930916666663,https://gudogai.schools.by/,,,
way/672100435,Сярэдняя школа № 1 г. Скідзеля,Средняя школа № 1 г. Скиделя,Сярэдняя школа № 1 г. Скідзеля,Скідзель,Чырвонаармейская вуліца,44,,53.58718932857143,24.239714971428572,,,,
way/672100438,Сярэдняя школа №1,Средняя школа № 1,Сярэдняя школа №1,Скідзель,вуліца Леніна,64,,53.585974546666655,24.249177626666665,https://skidel1.schools.by,,,
way/672245006,Ханевіцкі дзіцячы сад-сярэдняя школа,Хоневичский детский сад-средняя школа,Ханевіцкі дзіцячы сад-сярэдняя школа,,,,,52.88060983750002,24.55417548125,https://honevichi.schools.by/,,,
way/672616166,Гімназія г. Лагойска,Гимназия г. Логойска,Гімназія г. Лагойска,,,,,54.2113167,27.85477056,,,,
way/673555597,Мокраўскі ВПК дзіцячы сад - сярэдняя школа,Мокровский УПК детский сад - средняя школа,Мокраўскі ВПК дзіцячы сад - сярэдняя школа,,,,,52.653203966666666,24.425332244444444,http://mokroe-school.pruzhany.by/,,,
way/673836867,СШ №2,СШ №2,СШ №2,,,,,55.623612721428564,27.615673978571426,,,,
way/674736217,Сярэдняя школа №3,Средняя школа №3,Сярэдняя школа №3,,,,,53.46821977500001,25.410275337500003,http://dtsh3.by/,,,
way/674736235,Сярэдняя школа №1,Средняя школа №1,Сярэдняя школа №1,,,,,53.465606625,25.398219840000003,https://dtsh1.znaj.by/,+375 1563 6-31-37,dtsh1@grodno-region.by,dtsh1@grodno-region.by
way/674926773,Падлеская сярэдняя школа,Подлесская средняя школа,Падлеская сярэдняя школа,,,,,53.04201734285714,27.28214002857143,https://podles.slutsk-vedy.gov.by,,,
way/676076648,Роўбіцкі КПК дзіцячы сад - базавая школа,Ровбицкий УПК детский сад - базовая школа,Роўбіцкі КПК дзіцячы сад - базавая школа,,,,,52.669924977777775,24.080972977777776,http://rovbitsk-school.pruzhany.by/,,,
way/676220538,Сухопальскі ВВК дзіцячы сад – сярэдняя школа,Сухопольский УПК детский сад – средняя школа,Сухопальскі ВВК дзіцячы сад – сярэдняя школа,,,,,52.65595521111111,24.163760255555555,http://suhopol-school.pruzhany.by/,,,
way/676492184,Мураўская сярэдняя школа,Муравская средняя школа,Мураўская сярэдняя школа,,,,225160,52.64400858571428,24.2240189,http://murava-school.pruzhany.by/,,murava-school@pruzhany.by,murava-school@pruzhany.by
way/676827750,Магілёўская гарадская СДЮШАР №5,Магілёўская гарадская СДЮШАР №5,Магілёўская гарадская СДЮШАР №5,,,,,53.90685807142858,30.38145857142857,,,,
way/678104685,Вялікалуцкая базавая школа,Великолукская БШ,Вялікалуцкая базавая школа,,,,,53.01107533333334,26.042680033333337,http://velluki.baranovichi.edu.by/,,velluki@baranovichi.edu.by,velluki@baranovichi.edu.by
way/679190415,ДЮСШ,ДЮСШ,ДЮСШ,,,,,53.32331134545454,26.011899936363637,,,,
way/680077684,Шарашоўская сярэдняя школа,Шерешевская средняя школа,Шарашоўская сярэдняя школа,Шарашэва,вуліца Кірава,8,,52.561889368181824,24.212740145454543,https://shereshevo-school.pruzhany.by/,,shereshevo-school@pruzhany.by,shereshevo-school@pruzhany.by
way/681552308,Сярэдняя школа №2,Средняя школа №2 г.п Россь,Сярэдняя школа №2,,,,231912,53.29338909166666,24.401010858333333,https://2ross.schools.by,80151258421,rossnow2@mail.ru,rossnow2@mail.ru
way/681597291,Магілёўскі ВВК дзіцячы садок - сярэдняя школа,Могилевецкий УПК детский сад - средняя школа,Магілёўскі ВВК дзіцячы садок - сярэдняя школа,,,,225157,52.86557558571429,24.680280414285715,http://mogilevtsy-school.pruzhany.by/,,,
way/684552574,СДзЮШАР №2,СДЮШОР №2,СДзЮШАР №2,,,,,53.15449693333333,24.43821215,,,,
way/685425462,Акцябрскі дзіцячы сад – сярэдняя школа,Октябрьский детский сад – средняя школа,Акцябрскі дзіцячы сад – сярэдняя школа,,,,,52.24439036428572,24.602898292857144,http://oktjabr.kobrin.edu.by,,Oktjabr@kobrin.edu.by,Oktjabr@kobrin.edu.by
way/686245232,Сярэдняя школа №13,Средняя школа №13,Сярэдняя школа №13,,,,,53.855834949999995,30.303648880000004,,,,
way/686336993,Конюхаўскі вучэбна-педагагічны комплекс яслі-сад - сярэдняя школа,Конюховский учебно-педагогический комплекс ясли-сад - средняя школа,Конюхаўскі вучэбна-педагагічны комплекс яслі-сад - сярэдняя школа,,Цэнтральная вуліца,87,231782,53.393549033333336,23.900093433333335,,,,
way/687029974,Матнявіцкі яслі-сад,Мотневичский ясли-сад,Матнявіцкі яслі-сад,,,,,52.89635516,30.770694279999997,,,,
way/687315244,СДзЮШАР №1,СДЮШОР №1,СДзЮШАР №1,,,,,53.16127740555556,24.478090033333338,,,,
way/687415817,Доцішская сярэдняя школа,Дотишская средняя школа,Доцішская сярэдняя школа,,Савецкая вуліца,4,,54.11911777499999,24.997436224999998,https://dotishki.schools.by/,,,
way/687576721,Грынкаўскі дзіцячы садок - сярэдняя школа,Гринковский детский сад - средняя школа,Грынкаўскі дзіцячы садок - сярэдняя школа,,,,,52.956366325,24.131759787500002,https://grinki.schools.by/,,,
way/687875840,Іўеўскі дзяржаўны каледж,Ивьевский ГСПТЛ,Іўеўскі дзяржаўны каледж,,,,,53.93792387222222,25.761234699999996,https://igspl.by/,,,
way/687984527,СШ №1 імя З.І. Азгура,СШ №1 им. З.И. Азгура,СШ №1 імя З.І. Азгура,,,,,54.811025619999995,29.690388679999995,,+375 2135 5-57-95,,
way/688879509,Петрышкаўская сярэдняя школа,Петришковская средняя школа,Петрышкаўская сярэдняя школа,,Чыгуначная вуліца,22А,,54.07251499615386,27.21443126153846,http://petryshki.minsk.edu.by,,,
way/689216136,Агароднікаўская сярэдняя школа,Огородниковская средняя школа,Агароднікаўская сярэдняя школа,,,,,52.5385296,25.0875771,http://ogorodniki.bereza.edu.by/,,,
way/689233633,Сярэдняя школа №1,Средняя школа №1,Сярэдняя школа №1,,,,,54.48224066666666,26.393564800000004,,,,
way/689904784,Аршанскі дзяржаўны прафесійны ліцэй лёгкай прамысловасці,Оршанский государственный профессиональный лицей легкой промышленности,Аршанскі дзяржаўны прафесійны ліцэй лёгкай прамысловасці,,,,,54.53486992608697,30.446469013043476,,,,
way/689930048,Дабрынская дзіцячы сад-базавая школа,Добрынская детский сад-базовая школа,Дабрынская дзіцячы сад-базавая школа,Дабрынь,Маладзёжная вуліца,2,211054,54.44717058,30.788210400000004,https://dobryn.schools.by/,+375 2137 50928,,dobrschkola@yandex.by
way/689946604,Кватарскі яслі-сад-базавая школа,Кваторский ясли-сад-базовая школа,Кватарскі яслі-сад-базавая школа,,,,,53.1244350125,24.06205,,,,
way/690231482,Гімназія №1,Гимназия №1,Гімназія №1,,,,,53.41077610909092,24.5345825,https://gymn1mosty.schools.by/,,gymn1.mosty@tut.by,gymn1.mosty@tut.by
way/690439738,Будская дзіцячы сад-сярэдняя школа,Будская детский сад-средняя школа,Будская дзіцячы сад-сярэдняя школа,,,,,54.659447271428576,30.65898362857143,,,,
way/691087066,Цыдавіцкая школа,Цидовичская школа,Цыдавіцкая школа,,,,,53.7729979,23.914588133333336,,+375152937639,,
way/692269462,Закрытая школа,Закрытая школа,Закрытая школа,,,,,53.29572115999999,24.27001154,,,,
way/692483126,Батчынская сярэдняя школа,Батчинская средняя школа,Батчынская сярэдняя школа,,,,,52.23989700714286,24.222925964285714,http://batchi.kobrin.edu.by/,,,
way/693123214,СШ №1,СШ №1,СШ №1,,,,,55.62105214285714,27.624897914285718,,,,
way/694769750,Тэвельскі дзіцячы сад-пачатковая школа,Тевельский детский сад-начальная школа,Тэвельскі дзіцячы сад-пачатковая школа,,,,,52.33932118,24.247767079999996,,,,
way/694779394,Стрыгаўская сярэдняя школа,Стриговская средняя школа,Стрыгаўская сярэдняя школа,,,,,52.29753720000001,24.275938599999993,,,,
way/695010951,Базавая школа в. Яцкавічы,Базовая школа д. Яцковичи,Базавая школа в. Яцкавічы,,,,,52.24275038571428,24.12835667142857,,,,
way/695014881,Маціевіцкая базавая школа,Матиевичская базовая школа,Маціевіцкая базавая школа,,,,,52.23575043333334,24.07932123333333,http://matievichi.zhabinka.edu.by/,,,
way/695259356,Падлескі яслі-сад,Подлесский ясли-сад,Падлескі яслі-сад,,,,,52.29131928,23.85546876,,,,
way/695581464,Падстарынская сярэдняя школа,Подстаринская средняя школа,Падстарынская сярэдняя школа,,,,,52.76617055,25.3544963,https://podstarin.rooivacevichi.gov.by/,,,
way/695719933,Пелішчанская сярэдняя школа імя І.Ю.Кур’яновіча,Пелищенская средняя школа имени И.Ю. Курьяновича,Пелішчанская сярэдняя школа імя І.Ю.Кур’яновіча,,,,,52.320769757142855,23.932137414285712,http://pelisce.kamenec.edu.by/,,,
way/696011874,Аўтадром,Автодром,Аўтадром,,,,,52.37583192500001,23.355216049999996,,,,
way/697471456,Нёманская сярэдняя школа імя І. Д. Гурскага,Нёманская средняя школа имени И. Д. Гурского,Нёманская сярэдняя школа імя І. Д. Гурскага,Магільна,Школьная вуліца,2,223406,53.41606722,26.98378828,,,,
way/698260414,Вялікашылавіцкі яслі-сад - базавая школа,Вяликашылавицки ясли-сад - базовая школа,Вялікашылавіцкі яслі-сад - базавая школа,,,,,53.03746780909091,25.374821763636362,https://bshilovichi.schools.by/,,,
way/699168552,Гуцкая дзяржаўная агульнаадукацыйная сярэдняя школа,Гутская государственная общеобразовательная средняя школа,Гуцкая дзяржаўная агульнаадукацыйная сярэдняя школа,,,,,55.20304072222222,27.20536231111111,,,,
way/699420969,Сярэдняя школа в.Тамашоўка імя П.І.Клімука,Средняя школа д.Томашовка имени П.И.Климука,Сярэдняя школа в.Тамашоўка імя П.І.Клімука,,,,,51.56185982173912,23.602191643478264,,,,
way/701864394,Вулька-Аброўская сярэдняя школа,Вулька-Обровская средняя школа,Вулька-Аброўская сярэдняя школа,,,,,52.57486635833334,25.488871299999996,https://vulka-obr.rooivacevichi.gov.by/,,,
way/701916282,СШ №1,СШ №1,СШ №1,,,,,53.51635157272727,28.1283687,,,,
way/702317667,Дзяржаўны цэнтр карэкцыйна-развіваючага навучання і рэабілітацыі,Государственный центр коррекционно-развивающего обучения и реабилитации,Дзяржаўны цэнтр карэкцыйна-развіваючага навучання і рэабілітацыі,,бульвар Ленінскага Камсамола,33,230010,53.69867855454545,23.804779990909086,https://ckroirgrodno.by/,+375152624784,ckroirgrodno@ckroirgrodno.by,ckroirgrodno@ckroirgrodno.by
way/702319133,Сярэдняя школа №8 ім. Н.У.Карвата,Средняя школа №8 им. Н.В.Карвата,Сярэдняя школа №8 ім. Н.У.Карвата,,,,,52.100902135714286,23.670483571428573,,,,
way/702546539,Сярэдняя школа №86,Школа №86,Сярэдняя школа №86,,завулак Казлова,11,,53.89860931333333,27.597377623333333,https://sch86.minskedu.gov.by/,,,
way/702980709,Гарадзішчанская сярэдняя агульнаадукацыйная школа,Городищенская средняя общеобразовательная школа,Гарадзішчанская сярэдняя агульнаадукацыйная школа,Гарадзішча,Садовая вуліца,26/3,,54.188918306666665,30.614162919999995,,,,
way/704991262,Пекалінская базавая школа,Пекалинская базовая школа,Пекалінская базавая школа,Пекалін,Школьная вуліца,4,,53.90491615714285,28.12570237142857,https://pekalin.schools.by,+375 17 7661646,,
way/704992796,Замастоцкая сярэдняя школа,Замосточская средняя школа,Замастоцкая сярэдняя школа,,Цэнтральная вуліца,12,,53.822240349999994,27.861543,http://zamostoche.minsk.edu.by,,,
way/704993043,Драчкоўская сярэдняя школа,Драчковская средняя школа,Драчкоўская сярэдняя школа,Драчкава,Цэнтральная вуліца,10А,,53.82131281666667,28.07157641666667,https://drachkovo.schools.by/,,,
way/706075697,Капцёўская сярэдняя школа,Коптёвская средняя школа,Капцёўская сярэдняя школа,,вуліца Перамогі,58А,,53.56816300000001,23.871759587499998,https://koptevka.grodruo.by/,+375152605741,koptevka.sch@grodno-region.by,koptevka.sch@grodno-region.by
way/706791395,Верхменская сярэдняя школа імя У.А. Тумара,Верхменская средняя школа имени В.А. Тумара,Верхменская сярэдняя школа імя У.А. Тумара,,Школьная вуліца,14А,,53.95351296,28.23406098,https://verchmen.schools.by/,,,
way/706807944,Чарніцкі вучэбна-педагагічны комплекс дзіцячы садок - базавая школа,Черницкий учебно-педагогический комплекс детский сад - базовая школа,Чарніцкі вучэбна-педагагічны комплекс дзіцячы садок - базавая школа,,Цэнтральная вуліца,17,,54.00729824,28.247807469999998,https://chernica.schools.by/,,,
way/707017427,Ломашаўская дзіцячы сад-базавая школа,Ломашевская детский сад - базовая школа,Ломашаўская дзіцячы сад-базавая школа,Ломашы,Школьная вуліца,6,,55.34975452,28.32409352,https://rooglub.gov.by/ru/home/13-ob-otdele/shkolnye-uchrezhdeniya-obrazovaniya/53-uo-lomashevskij-gupk-ds-ssh,,,
way/707955755,Школа мастацтваў №2,Школа искусств № 2,Школа мастацтваў №2,,,,,55.59372793499999,28.597777325,,,,
way/708771339,Косаўская сярэдняя школа,Коссовская средняя школа,Косаўская сярэдняя школа,,,,,52.75816311428572,25.145769521428573,https://kossovo.rooivacevichi.gov.by/,,,
way/710005861,Гімназія,Гимназия,Гімназія,,,,,52.14624065714286,25.535638657142858,,,,
way/710982281,Гарадзішчанская сярэдняя школа,Городищенская средняя школа,Гарадзішчанская сярэдняя школа,,,,225731,52.176172199999996,26.269973633333336,,,,
way/713918951,ДУА «Камарынская СШ»,ГУО «Комаринская СШ»,ДУА «Камарынская СШ»,Камарын,вуліца Карла Маркса,10А,,51.438248888888886,30.56669811111111,https://komarin.schools.by/,8 (02344) 38623,,
way/714460816,Людвіноўская сярэдняя школа,Людвиновская средняя школа,Людвіноўская сярэдняя школа,,,,,54.57527004999999,27.276074008333335,,,,
way/717136114,Яслі-сад №4 г. Браслава,Ясли-сад №4 г. Браслава,Яслі-сад №4 г. Браслава,Браслаў,Летняя вуліца,14,,55.6277254875,27.0698465375,,,,
way/717537547,Сярэдняя школа №2,Средняя школа №2,Сярэдняя школа №2,,,,,53.41686533888888,24.551070544444443,https://mosty-ms2.schools.by/,,,
way/717537548,Сярэдняя школа №5,Средняя школа №5,Сярэдняя школа №5,,,,,53.41791816153846,24.550667153846156,https://5mosty.schools.by/,,,
way/717715844,Сярэдняя школа № 1,Средняя школа № 1,Сярэдняя школа № 1,,,,,55.64350535555555,27.035713944444446,,,,
way/722229858,Гарадзейская спецыяльная школа-інтэрнат,Городейская специальная школа-интернат,Гарадзейская спецыяльная школа-інтэрнат,,,,,53.309225907142846,26.509441042857137,https://xn----etbdeq6aap0f6c.xn----8sbafcoeer1c5bfp.xn--90ais/,,,
way/722398970,Сярэдняя школа №95,Средняя школа №95,Сярэдняя школа №95,,,,,53.93456629285714,27.562811235714285,http://sch95.minsk.edu.by/,+375 17 3556222,,sch95@minsk.edu.by
way/723027351,Пясачанская базавая школа,Песочанская базовая школа,Пясачанская базавая школа,,,,,53.338508059999995,27.097946760000003,https://pesochnoe.schools.by/,,,
way/723285877,Сярэдняя школа №93,Средняя школа №93,Сярэдняя школа №93,Мінск,вуліца Герояў 120-й Дывізіі,27А,,53.94300944583333,27.7238856125,,+375 17 3730130,,
way/723448885,Хатлянская сярэдняя школа,Хотлянская средняя школа,Хатлянская сярэдняя школа,,,,,53.40453638181818,27.556837800000004,,80171838375;80171838341,,hotlyan.sch@uzda.gor.by
way/723708266,Дзітвянская сярэдняя школа,Дитвянская средняя школа,Дзітвянская сярэдняя школа,,,,,53.85714381666667,25.1520647,,+375 154 577240,,
way/724288898,Пярэжырская сярэдняя школа ім. А.Я.Гурыновіча,Пережирская средняя школа им. А.Е.Гуриновича,Пярэжырская сярэдняя школа ім. А.Я.Гурыновіча,,Школьная вуліца,3,,53.678376211111114,27.752162027777775,https://perezhir.schools.by/,,,
way/724608039,Навасельская сярэдняя школа,Новосельская средняя школа,Навасельская сярэдняя школа,Наваселле,Школьная вуліца,1,,53.91603261250001,27.193783325000002,https://novoe-selo.minsk-roo.gov.by/,+375 17 5026191;+375 17 5026603,,
way/724630362,Дзіцячы сад-базавая школа,Детский сад- Базовая школа,Дзіцячы сад-базавая школа,,,,,53.35394864,27.20645713,,,,
way/725113347,Бігосаўская сярэдняя школа,Бигосовская средняя школа,Бігосаўская сярэдняя школа,,Маладзёжная вуліца,3,,55.83937057142856,27.740546285714284,https://bigosovo.schools.by,,,
way/727125322,Новапагосцкая яслі-сад-сярэдняя школа,Новопогостская детский сад - средняя школа,Новапагосцкая яслі-сад-сярэдняя школа,,,,,55.498414025,27.4731592125,http://sch-npogost.vitebsk.by/,,,
way/727149580,СШ №2,СШ №2,СШ №2,,,,,55.35990766363636,27.478897845454547,,,,
way/727505052,Сярэдняя школа №2,Средняя школа №2,Сярэдняя школа №2,,вуліца Гагарына,1,,53.30642243529411,26.51958571176471,https://xn--2-etbde7ban7j.xn----8sbafcoeer1c5bfp.xn--90ais/,,,
way/728389236,Сярэдняя школа № 1,Средняя школа № 1,Сярэдняя школа № 1,,,,,53.31288373888888,26.540509544444447,https://городея1.несвиж-асвета.бел,,,
way/729804688,Прылепскі вучэбна-педагагічны комплекс дзіцячы сад - сярэдняя школа,Прилепский учебно-педагогический комплекс детский сад - средняя школа,Прылепскі вучэбна-педагагічны комплекс дзіцячы сад - сярэдняя школа,,,,,54.075425187499995,27.8368508125,https://prilepy.schools.by,,,
way/730150338,Сярэдняя школа №2,Средняя школа №2,Сярэдняя школа №2,,,,,52.191763599999994,23.985935742857148,,,,
way/730199311,Сярэдняя школа №4,Средняя школа №4,Сярэдняя школа №4,,,,,52.2302189,24.378035544444444,,,,
way/730228872,Сярэдняя школа № 6,Средняя школа № 6,Сярэдняя школа № 6,,Вераснёўскі праезд,14,,52.630616970000005,29.73860086000001,,,,
way/731776056,Азарыцкая Сярэдняя школа,Озаричская Средняя школа,Азарыцкая Сярэдняя школа,,,,,52.464128779999996,29.261663100000003,,,,
way/731944056,Гімназія г. Драгічына,Гимназия г. Дрогичина,Гімназія г. Драгічына,,вуліца Леніна,,225612,52.185788947619045,25.164991828571434,,,,
way/731944058,Сярэдняя школа №1,Средняя школа №1,Сярэдняя школа №1,,,,,52.188279628571436,25.157831128571427,,,,
way/731968422,Гімназія № 1 імя М.У.Рамашкі,Гимназия № 1 имени Н.В.Ромашко,Гімназія № 1 імя М.У.Рамашкі,,,,,53.149241024999995,27.079860117857134,https://gymn1kopyl.schools.by/,,,
way/732138293,Забалоцкі дзіцячы сад - базавая школа,Заболотский детский сад - базовая школа,Забалоцкі дзіцячы сад - базавая школа,,,,,53.674509430000015,27.270146045,https://zabolotie.schools.by/,,,
way/732547144,Першамайская сярэдняя школа,Первомайская средняя школа,Першамайская сярэдняя школа,,,,,53.885351541666665,25.410330433333332,,+375 154 591380,,
way/732666276,Сярэдняя школа №61,Средняя школа №61,Сярэдняя школа №61,,,,,53.93137558000001,27.657696689999995,,,,
way/735210360,Сярэдняя школа №3,Средняя школа №3,Сярэдняя школа №3,,,,,53.59491990000001,24.728165663636368,http://shhuchin-sch3.grodno.unibel.by/,,sch3@shhuchin.edu.by,sch3@shhuchin.edu.by
way/735279625,Гімназія №3,Гимназия 3,Гімназія №3,Бабруйск,Сацыялістычная вуліца,119,,53.14251808333333,29.226007066666668,,,,
way/735289903,Межаўская сярэдняя школа,Межаўская сярэдняя школа,Межаўская сярэдняя школа,,,,,54.62179528571428,30.310994971428567,,,,
way/736596987,Радашковіцкая сярэдняя школа,Радошковичская средняя школа,Радашковіцкая сярэдняя школа,,,,,54.149745425,27.25273443333333,,,,
way/739055000,Сярэдняя школа в. Вельямовічы,Средняя школа д. Вельямовичи,Сярэдняя школа в. Вельямовічы,,,,,52.22302373750001,23.45369135,https://velyamovichi.roobrest.gov.by,+375 162 28 99 68,,
way/739790364,Навапольская сярэдняя школа,Новопольская средняя школа,Навапольская сярэдняя школа,,,,,53.97496816666666,27.12997043333333,,,,
way/744906272,Навасёлкаўская базавая школа,Новосёлковская базовая школа,Навасёлкаўская базавая школа,,,,,53.5257678,23.852685890909086,https://novosjolki.schools.by/,,,
way/749053334,Урыцкая сярэдняя школа,Урицкая средняя школа,Урыцкая сярэдняя школа,,,,,52.46828151999999,30.815269539999996,,,,
way/749415892,Вучэбна-педагагічны комплекс дзіцячы садок-сярэдняя школа,Учебно-педагогический комплекс детский сад-средняя школа,Вучэбна-педагагічны комплекс дзіцячы садок-сярэдняя школа,,,,,54.17972718333334,27.359358525,,,,
way/751065253,Школа №11,Школа №11,Школа №11,,,,,52.07106144705882,23.701937470588234,,,,
way/755589675,ДУА «Сярэдняя школа № 2 г.п. Карэлічы»,ГУО «Средняя школа № 2 г.п. Кореличи»,ДУА «Сярэдняя школа № 2 г.п. Карэлічы»,,вуліца Гастэлы,2,,53.562372887500004,26.142517543750003,https://2korelichi.schools.by/,+375 1596 7-21-75,,
way/757049019,СДЮШАР «Дняпро» Магілёўскай абласной установы прафсаюзаў,СДЮШОР Днепр Могилевская Областная Учреждение Профсоюзов,СДЮШАР «Дняпро» Магілёўскай абласной установы прафсаюзаў,,,,,53.888959,30.31695639,,,,
way/758198053,Арэхаўская сярэдняя школа,Ореховская средняя школа,Арэхаўская сярэдняя школа,,,,,51.640909009999994,23.95163218,http://orehovo.malorita.edu.by,,,
way/758446471,Олтушская сярэдняя школа імя А.Н.Алесіка,Олтушская средняя школа имени А.Н.Олесика,Олтушская сярэдняя школа імя А.Н.Алесіка,,,,,51.682530799999995,23.962113672727273,http://oltush.malorita.edu.by,,,
way/759042312,Базовая школа (бывшая),Базовая школа (бывшая),Базовая школа (бывшая),,,,,51.75509735555555,23.838564455555556,,,,
way/759222420,Ланская сярэдняя школа,Ланская средняя школа,Ланская сярэдняя школа,,,,,51.69285437272728,23.946619809090905,,,,
way/761274965,Каменскі вучэбна-педагагічны комплекс дзіцячы сад-сярэдняя школа,Каменский учебно-педагогический комплекс детский сад-средняя школа,Каменскі вучэбна-педагагічны комплекс дзіцячы сад-сярэдняя школа,Камень,Школьная вуліца,155А,,53.22429934,27.444049819999996,https://kamen.schools.by,,,
way/761800150,Шарсцінская базавая школа,Шерстинская базовая школа,Шарсцінская базавая школа,,Школьная вуліца,11,,52.6531943125,31.055235775,https://sherstin.schools.by/,+375 23 303-79-26,,sherstin_school@vetka.gov.by
way/762188871,Мікелеўшчынскі вучэбна-педагагічны комплекс дзіцячы сад-сярэдняя школа,Микелевщинский учебно-педагогический комплекс детский сад-средняя школа,Мікелеўшчынскі вучэбна-педагагічны комплекс дзіцячы сад-сярэдняя школа,,,,,53.487234854545456,24.664214554545456,https://mikel.schools.by/,,,
way/763241998,Сярэдняя школа в. Знаменка,Средняя школа д. Знаменка,Сярэдняя школа в. Знаменка,Знаменка,Школьная вуліца,26,,51.87959021764706,23.652987194117646,https://znamenka.roobrest.gov.by,,,
way/763313589,Сярэдняя школа № 2,Средняя школа № 2,Сярэдняя школа № 2,,вуліца Цітова,1,,52.63539142,29.708275153333336,https://svetlogorsk-2.schools.by/,+375 234 22-12-89,,svetlogorsk@sh2.by
way/764451294,Батвінаўская сярэдняя школа,Ботвиновская средняя школа,Батвінаўская сярэдняя школа,,,,,53.75805087500001,31.460670958333328,,,,
way/767958409,Гвозніцкая сярэдняя школа,Гвозницкая средняя школа,Гвозніцкая сярэдняя школа,,,,,51.81851360909091,23.907773700000003,,,,
way/768603050,Куковская средняя школа,Куковская средняя школа,Куковская средняя школа,Кукава,Каммуністычная вуліца,7,,52.81487369999999,26.55195292222222,,,,
way/768663416,Старасельская сярэдняя школа імя М.М.Чарнака,Старосельская средняя школа имени М.Н.Чернака,Старасельская сярэдняя школа імя М.М.Чарнака,,,,,52.088703744444445,24.09616584444445,,,,
way/768954288,Ленінская школа,Ленинская школа,Ленінская школа,,,,,52.1645739,24.114022846153844,,,,
way/769108670,Верхалеская сярэдняя школа,Верхолесская средняя школа,Верхалеская сярэдняя школа,,,,,52.08379508,24.302351129999998,http://verholesse.kobrin.edu.by/,,,
way/771134703,Дзівінская сярэдняя школа,Дивинская средняя школа,Дзівінская сярэдняя школа,,,,,51.95668438749999,24.584802625000002,http://divin.kobrin.edu.by/,,,
way/771135154,Дзівінскі дзіцячы дом,Дивинский детский дом,Дзівінскі дзіцячы дом,,,,,51.956772199999996,24.57409576363636,http://divindetdom.brest-region.edu.by/,,,
way/771671722,Будчанскі яслі-сад - сярэдняя школа,Будчанский ясли-сад - средняя школа,Будчанскі яслі-сад - сярэдняя школа,,Цэнтральны завулак,5,225455,52.76026366,26.842928060000002,,,,
way/771864698,Круговіцкі яслі-сад-сярэдняя школа,Круговіцкі яслі-сад-сярэдняя школа,Круговіцкі яслі-сад-сярэдняя школа,,,,,52.774765020000004,26.619036740000002,http://krugovichi.gancevichi.edu.by/,,,
way/771883218,Школа №18,Школа №18,Школа №18,,,,,53.154155374999995,29.22318966666666,,,,
way/772160925,Дзяніскавіцкі яслі-сад - сярэдняя школа,Денисковичский ясли-сад - средняя школа,Дзяніскавіцкі яслі-сад - сярэдняя школа,,,,,52.72361468888889,26.68000602222222,,,,
way/772683059,Дзіцячая школа мастацтваў,Детская школа искусств,Дзіцячая школа мастацтваў,,,,,53.67654703999999,27.532321680000003,,,,
way/773859517,Арэхаўская сярэдняя школа,Ореховская средняя школа,Арэхаўская сярэдняя школа,,,,,51.982889137499996,24.667579274999998,http://oreh.kobrin.edu.by/,,,
way/774600028,Суднікоўскі сярэдняя школа,Судниковская средняя школа,Суднікоўскі сярэдняя школа,,,,,53.90389255,26.902839110000002,,,,
way/774603095,Вішнеўскі вучэбна-педагагічны комплекс дзіцячы сад - сярэдняя школа Валожынскага раёна,Вишневский учебно-педагогический комплекс детский сад – средняя школа Воложинского района,Вішнеўскі вучэбна-педагагічны комплекс дзіцячы сад - сярэдняя школа Валожынскага раёна,,,,,54.13825679999999,26.211074883333335,,,,
way/774605191,Гародзькаўскім вучэбна-педагагічны комплекс дзіцячы сад - сярэдняя школа,Городьковский учебно-педагогический комплекс детский сад – средняя школа,Гародзькаўскім вучэбна-педагагічны комплекс дзіцячы сад - сярэдняя школа,,,,,54.213993285714295,26.44621685714286,,,,
way/774605548,Валожынская дзіцячая школа мастацтваў,Воложинская детская школа искусств,Валожынская дзіцячая школа мастацтваў,,,,,54.212813440000005,26.445952620000003,,,,
way/774611145,Пугачэўскі вучэбна-педагагічны комплекс дзіцячы сад - сярэдняя школа,Пугачевский учебно-педагогический комплекс детский сад – средняя школа,Пугачэўскі вучэбна-педагагічны комплекс дзіцячы сад - сярэдняя школа,,,,,54.08283594444445,26.996871922222223,,,,
way/774616250,Сакаўшчынскі навучальна-педагагічны комплекс дзіцячы сад-сярэдняя школа імя В.А.Каваленкі,Саковщинский учебно-педагогический комплекс детский сад – средняя школа имени В.А.Коваленко,Сакаўшчынскі навучальна-педагагічны комплекс дзіцячы сад-сярэдняя школа імя В.А.Каваленкі,,,,,54.110466333333335,26.38193665555556,,,,
way/775613627,Асвейская сярэдняя школа,Освейская средняя школа,Асвейская сярэдняя школа,,,,,56.015637528571425,28.112727600000003,https://osveya.schools.by/,,,
way/776648295,Сярэдняя школа № 74,Средняя школа № 74,Сярэдняя школа № 74,,Чачэрская вуліца,60,,52.46786480000001,31.04461448,https://school74.by/,,,
way/778386378,Сярэдняя школа вёскі Новыя Лышчыцы,Средняя школа деревни Новые Лыщицы,Сярэдняя школа вёскі Новыя Лышчыцы,,,,,52.26095873529412,23.496162747058833,,,,
way/778957985,Базавая школа,Базовая школа,Базавая школа,,,,,55.553975671428574,27.41832489285714,,,,
way/779467612,Веснаўскі дом-інтэрнат для дзяцей-інвалідаў з асаблівасцямі псіхафізічнага развіцця,Весновский дом-интернат для детей-инвалидов с особенностями психофизического развития,Веснаўскі дом-інтэрнат для дзяцей-інвалідаў з асаблівасцямі псіхафізічнага развіцця,,,,,52.85513582857143,28.569012864285718,,,,
way/780294697,Гімназія №1,Гимназия №1,Гімназія №1,,,,,53.47826074166667,26.741129449999992,,,,
way/781917996,Средняя школа д.Медно,Средняя школа д.Медно,Средняя школа д.Медно,,,,,51.86397927647059,23.750048882352942,,,,
way/782181990,Забалацкая сярэдняя школа,Забалацкая сярэдняя школа,Забалацкая сярэдняя школа,,,,,52.79576856666667,27.872790577777778,http://zabolot.luban.edu.by/,,,
way/782534070,Радастаўская сярэдняя школа,Радостовская средняя школа,Радастаўская сярэдняя школа,,,,,51.96583427777778,24.95161305555556,http://radostovo.drogichin.edu.by/,,,
way/782555880,Новазелянкаўскі дзіцячы сад - сярэдняя школа,Новозеленковский детский сад - средняя школа,Новазелянкаўскі дзіцячы сад - сярэдняя школа,,Школьная вуліца,13А,,53.83641852000001,28.33526248,http://novzel.cherven.edu.by,,,
way/783718862,Гарадзецкі дзіцячы сад-сярэдняя школа,Городецкий детский сад-средняя школа,Гарадзецкі дзіцячы сад-сярэдняя школа,,,,,52.20111146875001,24.6656747125,http://gorodec.kobrin.edu.by/,,,
way/784677038,Мярэцкаўская дзіцячы сад - базавая школа,Мерецковская детский сад - базовая школа,Мярэцкаўская дзіцячы сад - базавая школа,,Цэнтральная вуліца,46,,55.1967852,27.634460460000003,https://mereckie.rooglub.gov.by/,,,
way/785460638,Сярэдняя школа №2,Средняя школа №2,Сярэдняя школа №2,,,,,51.895794712500006,29.9721616625,,,,
way/785460654,Сярэдняя школа № 1,Средняя школа № 1,Сярэдняя школа № 1,,,,,51.88354922105263,29.968941631578947,,,,
way/786195510,Сярэдняя школа №3,Средняя школа №3,Сярэдняя школа №3,,,,,54.403013933333334,29.71126254444445,,,,
way/787328533,Сярэдняя школа № 3,Средняя школа № 3,Сярэдняя школа № 3,,,,,53.14617082307693,27.110766653846156,https://3kopyl.schools.by/,,,
way/790798254,ДУА «Навучальна-педагагічны комплекс яслі-сад - пачатковая школа №11»,ГУО «Учебно-педагогический комплекс ясли-сад - начальная школа №11»,ДУА «Навучальна-педагагічны комплекс яслі-сад - пачатковая школа №11»,,вуліца Кастрычніцкай Рэвалюцыі,47,224011,52.080792929999994,23.75889796,,,,
way/790969433,Мажская пачатковая школа,Мажская начальная школа,Мажская пачатковая школа,,,,,53.116901240000004,27.056473439999998,https://mazha.schools.by/,,,
way/793600162,Нававескаўская сярэдняя школа,Нововёсковская средняя школа,Нававескаўская сярэдняя школа,,,,,53.354778460000006,26.541041866666667,https://nveska.stolbtsy-edu.gov.by/,,,
way/794323361,Гімназія Глуска,Гимназия Глуска,Гімназія Глуска,,,,,52.89146255,28.680238,http://gymn.glusk.edu.by/,,,
way/797007237,Лазавіцкая сярэдняя школа,Лазовичская средняя школа,Лазавіцкая сярэдняя школа,,,,,52.960518754545454,26.87910505454545,https://lazovichi.kletsk-asveta.gov.by/,,,
way/797490478,Школа,Школа,Школа,,,,,55.31862838000001,30.43430042,,,,
way/798534112,Берёзовичская средняя школа,Берёзовичская средняя школа,Берёзовичская средняя школа,,,,,52.15824768,25.85817316,https://berozovichi.roo-pinsk.gov.by/,,berozovichi@roo-pinsk.gov.by,berozovichi@roo-pinsk.gov.by
way/800675885,Вензавецкі дзіцячы садок - сярэдняя школа,Вензовецкий детский сад - средняя школа,Вензавецкі дзіцячы садок - сярэдняя школа,,,,,53.426253263157896,25.332733836842102,https://venzovec.schools.by/,,,
way/804098449,Ходараўскі вучэбна-педагагічны комплекс дзіцячы сад – сярэдняя школа,Ходоровский учебно-педагогический комплекс детский сад – средняя школа,Ходараўскі вучэбна-педагагічны комплекс дзіцячы сад – сярэдняя школа,,,,,53.63975852857143,25.065174242857147,,+375 154 572744,,
way/805411642,Башнеўская базавая школа,Башневская базовая школа,Башнеўская базавая школа,,,,,55.22061261111112,29.675280144444443,https://bashni.schools.by/,+375 2130 38191,,bashni-sh@tut.by
way/807413092,Зазерская сярэдняя школа,Зазерская средняя школа,Зазерская сярэдняя школа,,Сонечная вуліца,5,,53.66178632,27.80601456,https://zazere.schools.by,,,
way/807965319,Школа № 1,Школа № 1,Школа № 1,,,,,55.29665647727272,29.620400018181808,https://shum1.schools.by/,+375(2130) 5-41-74,,shumsn1@gmail.com
way/808548995,Школа № 1,Школа № 1,Школа № 1,,,,,55.31756820909092,29.4328851,,,,
way/808874740,Гімназія №5,Гимназия №5,Гімназія №5,,,,,52.12809091333333,23.652698146666662,,,,
way/808937988,Жытамлянская сярэдняя школа,Житомлянская средняя школа,Жытамлянская сярэдняя школа,,,,,53.631274471428576,24.100920614285712,https://zhitomlya.schools.by/,,,
way/809933186,Школа-сад №5,Школа-сад №5,Школа-сад №5,,вуліца Карбышава,45,,52.094381035714285,23.69568075,https://upk5.brestgoo.gov.by/,+375162214011,,
way/814600972,Рэчыцкі дзіцячы садок - базавая школа (ЗАКІНУТА),Речицкий детский сад - базовая школа (ЗАБРОШЕНО),Рэчыцкі дзіцячы садок - базавая школа (ЗАКІНУТА),,,,,52.39210650588237,24.006444300000002,,,,
way/815501552,Школа-сад,Школа-сад,Школа-сад,,,,,52.42219915714286,24.17191601428571,,,,
way/815713369,Сярэдняя школа №2,Средняя школа,Сярэдняя школа №2,,,,,52.3334188125,24.194539175,,,,
way/815785347,Тарноўская сярэдняя школа,Тарновская средняя школа,Тарноўская сярэдняя школа,,,,,53.7913507875,25.144594225,,+375 154 594233,,
way/816749245,Гімназія №1,Гимназия №1,Гімназія №1,,,,,53.71565251999999,25.503727400000002,,+375 154 561942,,
way/816749246,СШ №3,СШ №3,СШ №3,,,,,53.71163468181819,25.5033599,,+375 154 561159,,
way/818075250,Пачатковая школа. д. Прылукі,Начальная школа д. Прилуки,Пачатковая школа. д. Прылукі,,,,,51.98967989090909,23.70083966363637,,,,
way/819207514,Сярэдняя школа №4,Средняя школа №4,Сярэдняя школа №4,,,,,52.06552000869566,23.689272743478256,,,,
way/820221780,Цэнтр юных маракоў з флатыліяй,Центр юных моряков с флотилией г. Бреста,Цэнтр юных маракоў з флатыліяй,,,,,52.0855768625,23.720267625,,,,
way/820538488,СШ №1,СШ №1,СШ №1,,,,,53.35078222857144,32.055291614285714,,,,
way/820538494,СШ №2,СШ №2,СШ №2,,,,,53.35699056000001,32.0573428,,,,
way/823592869,Хальчанская базавая школа,Хальчанская базовая школа,Хальчанская базавая школа,,,,,52.56169908333334,31.143020433333334,https://hbs.schools.by/,,halch_school@mail.gomel.by,halch_school@mail.gomel.by
way/824146882,Жухавіцкая сярэдняя школа,Жуховичская средняя школа,Жухавіцкая сярэдняя школа,,Цэнтральная вуліца,102 к1,,53.40516182727272,26.31735634545455,https://guhovichi.schools.by,+375 15 9676322,,
way/825803594,Опсаўская яслі-сад-сярэдняя школа,Опсовская ясли-сад-средняя школа,Опсаўская яслі-сад-сярэдняя школа,,Маладзёжная вуліца,7,,55.54227425,26.8280847625,http://opsa.braslav.edu.by,,,
way/827390645,Пінкавіцкая сярэдняя школа імя Якуба Коласа,Пинковичская средняя школа имени Якуба Коласа,Пінкавіцкая сярэдняя школа імя Якуба Коласа,,,,,52.143189650000004,26.16813003333333,,,,
way/827894283,Дзмітравіцкая сярэдняя школа,Дмитровичская средняя школа,Дзмітравіцкая сярэдняя школа,,,,,52.486728983333336,23.780195083333336,,,,
way/828542282,Падбельскі дзіцячы сад - пачатковая школа,Подбельский детский сад- начальная школа,Падбельскі дзіцячы сад - пачатковая школа,,,,,52.49290472,23.868909019999997,,,,
way/828926365,Навіцкавіцкая сярэдняя школа,Новицковичская средняя школа,Навіцкавіцкая сярэдняя школа,,,,,52.44362721428571,23.847202114285718,,,,
way/829112053,Сталовіцкая школа,Столовичская школа,Сталовіцкая школа,,,,,53.20291947692307,26.02997126923077,,,,
way/829233042,Ваверская сярэдняя школа,Ваверская средняя школа,Ваверская сярэдняя школа,,,,,53.835264800000004,24.970248354545458,,+375 154 571293,,
way/829838951,Гімназія №6,Гимназия №6,Гімназія №6,,,,,52.06101097272727,23.738091381818183,,,,
way/830081756,Сярэдняя школа №20,Средняя школа №20,Сярэдняя школа №20,,вуліца Карбышава,81,224030,52.090364224999995,23.69773903,,,,
way/830516097,Сярэдняя школа,Средняя школа,Сярэдняя школа,,,,,54.85872494,29.653072700000003,,,,
way/832298014,Гаранская дзіцячы сад-сярэдняя школа,Горянская детский сад-средняя школа,Гаранская дзіцячы сад-сярэдняя школа,,,,,55.41655455,29.031362233333336,https://goryany.schools.by/,+375(214) 45-70-75,,yoggossh@tut.by
way/834297866,Більдзюжская сярэдняя школа,Бильдюжская средняя школа,Більдзюжская сярэдняя школа,,Школьная вуліца,2,,55.48826932857143,27.374534699999998,,,,
way/835134181,Раснянская школа,Ряснянская школа,Раснянская школа,,,,,52.395160080000004,23.40868374,,,,
way/836736681,Галавінская сярэдняя школа,Головинская средняя школа,Галавінская сярэдняя школа,,Садовая вуліца,15,247007,52.39939287777778,31.125260983333337,http://golovinzi.gomel.by,+375 232 941209; +375 232 936342,golovinzschool@golovinzi.gomel.by; golovinzschool@mail.ru,golovinzschool@golovinzi.gomel.by; golovinzschool@mail.ru
way/838547291,Сярэдняя школа №7,Средняя школа №7,Сярэдняя школа №7,,Зорная вуліца,14,,53.09236997499998,25.38967488928571,,80156222634,,
way/838645262,Школа спецыялізаванай адукацыі і выхавання,Школа специализированного образования и воспитания,Школа спецыялізаванай адукацыі і выхавання,,,,,52.970532899999995,25.93472221666666,,,,
way/838645265,Вучэбна-педагагічны комплекс Уцёская дзіцячы сад-сярэдняя школа,Учебно-педагогический комплекс Утесская детский сад – средняя школа,Вучэбна-педагагічны комплекс Уцёская дзіцячы сад-сярэдняя школа,,,,,52.9714646,25.93683880625,,,,
way/839762444,Школа-інтэрнат,Школа-интернат,Школа-інтэрнат,,,,,54.234993225,29.7997253125,,,,
way/841003018,Талькаўская сярэдняя школа,Тальковская средняя школа,Талькаўская сярэдняя школа,,,,,53.372419750000006,28.33831049166667,,,,
way/841353264,Школа 6,Школа 6,Школа 6,,,,,54.50829354,26.37719224,,,,
way/842776871,Школа,Школа,Школа,,,,,53.36159138000001,26.11338078,,,,
way/845097632,Дзіцячы сад,Детский сад,Дзіцячы сад,,,,,52.94812155714287,26.363728714285713,,,,
way/846467680,Заастравецкая сярэдняя школа,Заостровечская средняя школа,Заастравецкая сярэдняя школа,,,,,52.89859057500001,26.7713336625,https://zaostrovech.kletsk-asveta.gov.by/,,,
way/846500245,Сярэдняя школа №4,Средняя школа №4,Сярэдняя школа №4,,,,,53.900157290909085,27.56797873636364,,,,
way/846753188,Дзіцяча-юнацкая спартыўная школа 'Прыбужжа',Детско-юношеская спортивная школа «Прибужье»,Дзіцяча-юнацкая спартыўная школа 'Прыбужжа',,,,,52.11454208333333,23.83555056666667,,,,
way/846760317,Ліпская сярэдняя школа,Липская средняя школа,Ліпская сярэдняя школа,,,,,52.833268016666665,26.09509015,lipsk.lyahovichi.edu.by,,,
way/848469953,Грэбенская базавая школа,Гребенская базовая школа,Грэбенская базавая школа,,Цэнтральная вуліца,16,,53.60922585714286,27.63550287142857,https://novopole.schools.by,,,
way/850568201,Сярэдняя школа №129,Средняя школа №129,Сярэдняя школа №129,,,,,53.86404556000001,27.616255213333336,,+375 17 3673795,,
way/851924862,Сярэдняя школа №1,Средняя школа №1,Сярэдняя школа №1,,,,,54.32057565833333,29.14060515833333,,,,
way/857709532,Арабаўшчынская школа,Арабовщенская школа,Арабаўшчынская школа,,,,,53.261151149999996,26.043147216666668,,,,
way/858832706,Гімназія №1,Гимназия №1,Гімназія №1,,,,,53.09603820769231,25.3099714,,,,
way/860501018,Сярэдняя школа-дзіцячы сад,Средняя школа-детский сад,Сярэдняя школа-дзіцячы сад,,,,,54.4059027125,30.213619375,,,,
way/870813853,Нядзельная школа,Воскресная школа,Нядзельная школа,,,,,52.09740577499999,23.68877205,,,,
way/874955038,Дзеркаўшчынская дзіцячы сад-сярэдняя школа,Дерковщинская детский сад-средняя школа,Дзеркаўшчынская дзіцячы сад-сярэдняя школа,,Школьная вуліца,4,,55.06305271818182,27.56501784545454,https://derkovschina.rooglub.gov.by/,,,
way/878605831,Пліская дзіцячы сад-сярэдняя школа Глыбоцкага раёна,Плисская детский сад - средняя школа Глубокского района,Пліская дзіцячы сад-сярэдняя школа Глыбоцкага раёна,,Зарэчная вуліца,4А,,55.22488758181819,27.963074181818182,https://rooglub.gov.by/ru/home/13-ob-otdele/shkolnye-uchrezhdeniya-obrazovaniya/57-uo-plisskij-gupk-ds-ssh,,,
way/879772061,Bubble Gym,Бабл Джим,Бабл Джым,,вуліца Суворава,18,220049,53.93764524000001,27.62040948,https://www.qsi.org/minsk/,+375 17 280 66 00,minsk@qsi.org,minsk@qsi.org
way/879772063,High School,Хай скул,Хай скул,,,18,,53.937476939999996,27.619929919999997,,,,
way/880492039,Дзешчанская сярэдняя школа,Дещенская средняя школа,Дзешчанская сярэдняя школа,Дзешчанка,Школьная вуліца,8,223418,53.5790676125,27.464223049999998,https://dechenka.uzda-asveta.gov.by/,,,
way/881678280,Александрыйская сярэдняя школа,Александрийская средняя школа,Александрыйская сярэдняя школа,Александрыя,Копыская вуліца,26,213017,54.32760661818181,30.281250518181817,,+375223979108;+375223979106,,alexandria-school@yandex.by
way/882307975,Сяляўшчынская базавая школа,Селявщинская базовая школа,Сяляўшчынская базавая школа,,Цэнтральная вуліца,36,,55.81869186666666,28.796072316666667,https://selyavshchina.schools.by,,,
way/883872665,Вайскоўская сярэдняя школа,Войсковская средняя школа,Вайскоўская сярэдняя школа,Войская,Савецкая вуліца,78,225066,52.4121355,23.612543199999998,http://voyskay.kamenec.edu.by/,+375 1631 48 5 06,,voysc@tut.by
way/884552833,Вяліка-лятчанская сярэдняя школа,Велико-летчанская средняя школа,Вяліка-лятчанская сярэдняя школа,,,,,55.1954562,29.966804240000005,,,,
way/890968597,Школа №3,Школа №3,Школа №3,,,,,53.82429626923078,28.99111631538462,,,,
way/891848305,Прыдзвінска-Бароўская сярэдняя школа,Придвинско-Боровская средняя школа,Прыдзвінска-Бароўская сярэдняя школа,,Маскоўская вуліца,44А,,55.81201705714285,27.933672857142852,,+375 21 5168065,,
way/896007818,Мішкаўская яслі-сад-пачатковая школа Шумілінскага раёна,Мишковская ясли-сад-начальная школа Шумилинского района,Мішкаўская яслі-сад-пачатковая школа Шумілінскага раёна,,,,,55.19344267857143,29.345965021428576,,,,
way/905595654,Сярэдняя школа №42,Средняя школа №42,Сярэдняя школа №42,Гродна,вуліца Віктара Глухава,16,,53.72222708181818,23.876335400000002,https://sch42.lengrodno.gov.by/,+375152640065,sch42@lengrodno.by,sch42@lengrodno.by
way/908277266,Маласітнянская дзіцячы сад-базавая школа,Малоситнянская детский сад-базовая школа,Маласітнянская дзіцячы сад-базавая школа,,Зялёная вуліца,19А,,55.69717401666667,29.35760653333333,https://sitno.schools.by,,,
way/909086301,Краснапольская дзіцячы садок-сярэдняя школа,Краснопольская детский сад-средняя школа,Краснапольская дзіцячы садок-сярэдняя школа,,вуліца Ф. Скарыны,15,,55.814207487500006,29.266233399999997,http://kras-sh.rossoni.edu.by,,,
way/911879075,Сярэдняя школа № 75,Средняя школа № 75,Сярэдняя школа № 75,,Беліцкая вуліца,5,,52.36079781428572,31.01327411071428,,,,
way/912208214,Сярэдняя школа №1,Средняя школа №1,Сярэдняя школа №1,,,,,53.062099180952394,26.638771123809523,,,,
way/912220298,Школа № 1,Школа №1,Школа № 1,,,,,52.636813329999995,28.881351070000004,,,,
way/912251799,Сярэдняя школа № 3,Средняя школа № 3,Сярэдняя школа № 3,,,,,53.05826521818181,26.642576904545457,https://sch-3.kletsk-asveta.gov.by/,,,
way/917832904,ВВК,УПК,ВВК,,,,,52.93627583999999,26.301602539999998,,,,
way/918299009,Яслі-сад,Ясли-сад,Яслі-сад,,,,,52.077342380000005,27.34813428,,,,
way/941603492,Сярэдняя школа № 3,Средняя школа № 3,Сярэдняя школа № 3,,вуліца Леніна,80,,52.636554422222225,29.738626888888884,https://sv3.schools.by/,,,mail@sh3svetlogorsk.by
way/942728721,Паўсвіжская дзяржаўная агульнаадукацыйная сярэдняя школа-сад,Полсвижская государственная общеобразовательная средняя школа-сад,Паўсвіжская дзяржаўная агульнаадукацыйная сярэдняя школа-сад,,,,,54.8558634125,28.735511525000003,,,,
way/943077281,Княжыцкая СШ,Княжицкая СШ,Княжыцкая СШ,,,,,53.97272500000001,30.144008687499998,,,,
way/948059263,Сярэдняя школа №12,Средняя школа №12,Сярэдняя школа №12,,,,,53.898949266666676,27.426911311111112,,,,
way/951806096,Міжшкольны вучэбна-вытворчы камбінат,Межшкольный учебно-производственный комбинат,Міжшкольны вучэбна-вытворчы камбінат,,,,,52.02024190000001,29.18694481,,,,
way/952757104,Спондаўская сярэдняя школа,Спондовская средняя школа,Спондаўская сярэдняя школа,,,,,54.90795291111112,26.238137388888887,https://spondy.edu-ostrovets.gov.by/,,,
way/963399630,Базавая школа ім. В. Віткі,Базовая школа им. В.Витки,Базавая школа ім. В. Віткі,,,,,52.9623920875,27.375677399999994,https://oktjab.slutsk-vedy.gov.by/,,,
way/963415833,Азярэцкая сярэдняя школа,Озерецкая средняя школа,Азярэцкая сярэдняя школа,,Савецкая вуліца,12А,,55.195127185714284,27.771879571428574,https://ozercy.rooglub.gov.by/,+375 21 5637141,,
way/965452840,Курыціцкая сярэдняя школа,Куритичская средняя школа,Курыціцкая сярэдняя школа,,Савецкая вуліца,10А,,52.27992852666667,28.61550463333333,https://kuritichi.schools.by/,,,
way/967926203,Сярэдняя школа № 11,Средняя школа № 11,Сярэдняя школа № 11,,,,,52.125889425,26.0962473,,,,
way/969793764,ДУА «Гімназія № 3 г. Барысава»,ГУО «Гимназия № 3 г. Борисова»,ДУА «Гімназія № 3 г. Барысава»,Барысаў,Стаханаўская вуліца,48,222520,54.2239218076923,28.500895669230772,http://borisovgymnasia3.by/,8 0177 967100,admin@borisovgymnasia3.by,admin@borisovgymnasia3.by
way/970503311,Сярэдняя школа імя Янкі Купалы,Средняя школа имени Янки Купалы,Сярэдняя школа імя Янкі Купалы,,,,,54.32375617,30.289634669999998,,,,
way/971353702,Сярэдняя школа №2,Средняя школа №2,Сярэдняя школа №2,,,,,53.06680544444445,26.62939041111111,,,,
way/972694815,Чурылавіцкая сярэдняя школа,Чуриловичская средняя школа,Чурылавіцкая сярэдняя школа,,Паркавая вуліца,1,,53.75439854285715,27.57384435,http://churilovichi.minsk.edu.by,+375 17 5180566,,
way/973349037,Варонская пачатковая школа,Воронская начальная школа,Варонская пачатковая школа,,,,,54.75669679,25.958448370000003,,,,
way/975304246,ДУА Крупская раённая гімназія,ГУО Крупская районная гимназия,ДУА Крупская раённая гімназія,,,,,54.324768311111114,29.144959374074077,http://gymn.uost-krupki.obr.by/,+375 1796 55661,krup-gimn@yandex.by,krup-gimn@yandex.by
way/975431291,Краснабярэжская базавая школа,Краснобережская базовая школа,Краснабярэжская базавая школа,,,,,51.87832500833332,28.443365158333336,,,,
way/975807057,Мішневіцкая яслі-сад-базавая школа,Мишневичская ясли-сад-базовая школа,Мішневіцкая яслі-сад-базавая школа,,,,,55.44469792499999,29.5861085375,,,,
way/976569382,Сярэдняя школа № 5,Средняя школа № 5,Сярэдняя школа № 5,,Вераснёўскі праезд,10,,52.63153141428571,29.740335585714288,https://svetl5.schools.by/,,,sv5school@sv5school.by
way/977350976,СШ №3,СШ №3,СШ №3,,,,,54.27429608749999,30.991880150000004,http://sch3.roogorki.by,80223353056,school_3_gorki@tut.by,school_3_gorki@tut.by
way/977445362,Школа №2,Школа №2,Школа №2,,,,,52.89750804285713,28.676265971428574,,,,
way/977488023,Гімназія № 1,Гимназия № 1,Гімназія № 1,,,,,54.27901818461539,30.996886792307688,,,,
way/978768438,Ленінская СШ,Ленинская СШ,Ленінская СШ,,,,,54.4066161,31.122031385714287,,,,
way/979188844,Слабадская дзіцячы садок-сярэдняя школа Лепельскага раёна,Слободская детский сад-средняя школа Лепельского района,Слабадская дзіцячы садок-сярэдняя школа Лепельскага раёна,,,,,54.76063934,28.65550768,https://lepel.vitebsk-region.gov.by/ru/obrazovanie/,,,
way/979799027,Сярэдняя школа № 224,Средняя школа № 224,Сярэдняя школа № 224,,,,,53.8384428263158,27.59170210526316,,,,
way/979835750,Сярэдняя № 225,Средняя школа № 225,Сярэдняя № 225,,Універсітэцкі праезд,5,,53.934064773076926,27.670000461538464,,,,
way/979838724,Сярэдняя школа №1 імя С.І. Грыцаўца,Средняя школа № 1 имени С.И. Грицевца,Сярэдняя школа №1 імя С.І. Грыцаўца,,вуліца Францыска Скарыны,11,,53.107262725,25.993808137499997,,,,
way/981891429,Сярэдняя школа № 1,Средняя школа № 1,Сярэдняя школа № 1,,,,,53.444918671428574,30.999600042857143,https://1slavgorod.schools.by,+375 2246 79787,,schkola1@centr-slavgorod.by
way/982045666,Спартыўная школа,Спортивная школа,Спартыўная школа,,,,,52.203534175,24.341422362499998,,,,
way/982377243,Пачатковая школа № 48,Начальная школа № 48,Пачатковая школа № 48,,,,,55.16624986363636,30.28081307272727,https://sch48.pervroo-vitebsk.gov.by/,+375 212 68 48 10,,sch48@pervroo-vitebsk.gov.by
way/986147713,Гімназія №146,Гимназия №146,Гімназія №146,Мінск,праспект Газеты Праўда,48,,53.86178027391305,27.47144552173913,,,,
way/986536306,Сярэдняя школа №2,Средняя школа №2,Сярэдняя школа №2,,,,,52.05863588888888,27.23795297222222,,,,
way/988819081,Глініцкі дзіцячы сад-базавая школа,Глиницкий детский сад-базовая школа,Глініцкі дзіцячы сад-базавая школа,,,,,52.06272940666667,28.624680879999996,http://www.skolaglinica.guo.by,8(0236) 253438,,skolaglinica@mail.ru
way/991635246,Школа № 3,Школа № 3,Школа № 3,,,,,53.6041181,31.968027050000003,http://sch3.klimovichi.edu.by/be/main.aspx,8 (02244) 7-80-35,,sch3.klim@yandex.by
way/991880005,Сярэдняя школа № 17,Средняя школа № 17,Сярэдняя школа № 17,,,,,52.10987053333332,23.67853655,,,,
way/997797353,Барздоўская дзіцячы садок - школа,Борздовская детский сад - школа,Барздоўская дзіцячы садок - школа,,,,,54.41915000000001,30.652609837500002,https://borzdov.schools.by,+375 216 284731,,borzdov.school@yandex.ru
way/998249905,Школа №32,Школа №32,Школа №32,,,,,52.11356760666667,23.731629786666662,,,,
way/999847754,Валынецкая сярэдняя школа,Волынецкая средняя школа,Валынецкая сярэдняя школа,,,,,55.70389725454545,28.18102011818182,https://volschool.znaj.by,+375(2151) 5-92-48,,volyntsy.shkola@yandex.by
way/1001834015,Заазерская дзіцячы сад-базавая школа,Заозерская детский сад-базовая школа,Заазерская дзіцячы сад-базавая школа,,,,,55.395744675,28.838071975000002,,,,
way/1001881244,СШ №3,СШ №3,СШ №3,,,,,52.80555542857143,28.007121842857142,,,,
way/1002068276,Галоцкая сярэдняя школа,Голоцкая средняя школа,Галоцкая сярэдняя школа,,,,,53.70519125714286,27.856281914285717,,,,
way/1004126898,Сярэдняя школа №4,Средняя школа №4,Сярэдняя школа №4,,,,,53.117647042857136,25.979071042857147,http://sch4.baranovichi.edu.by/,,,
way/1008696741,Сярэдняя школа,Средняя школа,Сярэдняя школа,,,,,52.14934852857142,23.750014535714282,,,,
way/1008862011,Сярэдняя школа № 16 г. Брэста,Средняя школа № 16 г. Бреста,Сярэдняя школа № 16 г. Брэста,,,,,52.11178675,23.686697195,,,,
way/1011476809,Школа № 2,Школа № 2,Школа № 2,,,,,52.40208267142857,30.328913900000003,,,,
way/1011476810,Школа № 1,Школа № 1,Школа № 1,,,,,52.404970965,30.339707555000007,,,,
way/1013492531,Цёмналеская базавая агульнаадукацыйная школа,Темнолесская базовая общеобразовательная школа,Цёмналеская базавая агульнаадукацыйная школа,,,,,54.101735975000004,31.231324083333334,,,,
way/1018324272,Бачэйкаўская сярэдняя школа,Бочейковская средняя школа,Бачэйкаўская сярэдняя школа,,Зарэчная вуліца,126А,,55.016394690909095,29.156957981818184,https://bocheik.beshroo.gov.by,+375 2131 65332,sh.botcheik.schools@tut.by,sh.botcheik.schools@tut.by
way/1024872748,Сярэдняя школа № 12,Средняя школа № 12,Сярэдняя школа № 12,,,,,52.12130812608696,26.110885104347833,http://sch12.pinsk.edu.by/,,sch12@pinsk.edu.by,sch12@pinsk.edu.by
way/1025386500,Белавежская сярэдняя школа,Беловежская средняя школа,Белавежская сярэдняя школа,,,,,52.40377619047618,23.464948709523803,,,,
way/1029317175,Спартшкола,Спортшкола,Спартшкола,,,,,55.618925690909094,27.63348528181818,,,,
way/1030360064,Сіцькоўская школа-сад,Ситьковская школа-сад,Сіцькоўская школа-сад,,,,,55.5296257111111,28.058463911111108,,,,
way/1030976452,Мялешкаўская сярэдняя школа,Мелешковская средняя школа,Мялешкаўская сярэдняя школа,,Камсамольская вуліца,1А,,53.028047927272716,27.723094936363633,https://meleshki.slutsk-vedy.gov.by,,,
way/1031622650,Немяржанская сярэдняя школа,Немержанская средняя школа,Немяржанская сярэдняя школа,,,,,52.296204400000015,25.056206316666664,http://nemerja.drogichin.edu.by/,,,
way/1033442645,Сярэдняя школа № 6,Средняя школа № 6,Сярэдняя школа № 6,,,,,52.11694294761905,26.100837904761903,,,,
way/1040255615,Дзіцячы сад-сярэдняя школа,Детский сад-средняя школа,Дзіцячы сад-сярэдняя школа,,,,,54.36565832857142,30.8156028,https://sava.schools.by,8(02233)4-19-16;8(02233)4-18-49,,sava.ypk@obraz.datacenter.by
way/1041902233,Сярэдняя школа 'Бэйс-Агарон',Средняя школа «Бейс-Агарон»,Сярэдняя школа 'Бэйс-Агарон',,,,,52.141211716666675,26.108921491666663,,,,
way/1041962460,Жодзінская жаночая гімназія,Жодинская женская гимназия,Жодзінская жаночая гімназія,,,,,54.108856325,28.3625570125,,,,
way/1044784684,Школа,Школа,Школа,,,,,51.67253082999999,28.77004899,,,,
way/1046254499,Капцянская базавая школа,Коптянская базовая школа,Капцянская базавая школа,,,,,55.06454094000001,30.349927760000003,https://kopti.schools.by,8-021(2)208-137,,yo-koptischool@vitebsk.by
way/1046946080,Пяляская сярэдняя школа з навучаннем на літоўскай мове,Пелясская средняя школа с обучением на литовском языке,Пяляская сярэдняя школа з навучаннем на літоўскай мове,,,,,53.95060286923077,24.982152446153844,,,,
way/1047512182,Гімназія,Столинская государственная гимназия,Гімназія,,,,,51.889539783333326,26.8528982,,,,
way/1049697813,Сітцаўская сярэдняя школа,Ситцевская средняя школа,Сітцаўская сярэдняя школа,,,,,54.91897793888889,27.540679877777777,,,,
way/1049711123,Калачаўскі дзіцячы сад-сярэдняя школа,Калачевский детский сад-средняя школа,Калачаўскі дзіцячы сад-сярэдняя школа,,,,,54.30881534166667,27.50665645833334,,,,
way/1049718149,Сямкоўскі дзіцячы сад-базавая школа,Семковский детский сад-базовая школа,Сямкоўскі дзіцячы сад-базавая школа,,,,,54.16516601111111,27.64000904444444,,,,
way/1049731219,Карэнская сярэдняя школа,Коренская средняя школа,Карэнская сярэдняя школа,,,,,54.34522314166666,27.725654175,https://koren.logoysk-edu.gov.by/,,,
way/1049733042,Астрашыцкі дзіцячы сад-сярэдняя школа,Острошицкий детский сад-средняя школа,Астрашыцкі дзіцячы сад-сярэдняя школа,,,,,54.113024384615386,27.756255061538464,,,,
way/1049734872,Задорʼеўскі дзіцячы сад-сярэдняя школа,Задорьевский детский сад-средняя школа,Задорʼеўскі дзіцячы сад-сярэдняя школа,,Школьная вуліца,1,,54.592784200000004,27.764022416666666,,,,
way/1049740195,Крайская сярэдняя школа,Крайская средняя школа,Крайская сярэдняя школа,,вуліца Будзённага,9,,54.521430380000005,27.503620259999998,https://kraisk.logoysk-edu.gov.by,,,
way/1049741061,Завішынскі дзіцячы сад-базавая школа,Завишинский детский сад-базовая школа,Завішынскі дзіцячы сад-базавая школа,,,,,54.47807816666668,27.651843277777783,,,,
way/1050518410,Краснадворская сярэдняя школа,Краснодворская средняя школа,Краснадворская сярэдняя школа,,,,,52.807114181818186,27.440321454545458,https://krdvor.edus.by,,,
way/1050844485,Скаўшынская сярэдняя школа,Скаўшынская сярэдняя школа,Скаўшынская сярэдняя школа,,,,,52.536532820000005,27.83993939,https://skovshin.edus.by/,,,
way/1050904708,Пушкоўская сярэдняя школа-сад,Пушковская средняя школа-сад,Пушкоўская сярэдняя школа-сад,,,,,54.980696066666674,30.81257307333333,,,,
way/1053649958,Сярэдняя школа,Средняя школа,Сярэдняя школа,,,,,52.20423253846154,23.687186169230774,,,,
way/1054278591,Русінаўская сярэдняя школа,Русиновская СШ,Русінаўская сярэдняя школа,,,,,53.0844741909091,26.092017881818176,,,,
way/1054328413,Сярэдняя школа №6,Средняя школа №6,Сярэдняя школа №6,,,,,52.100570819999994,23.71554922,,,,
way/1054579486,Сярэдняя школа № 5,Средняя школа № 5,Сярэдняя школа № 5,,вуліца Аляксандра Ляўданскага,6,,54.0437353125,28.0759462875,http://sh5.smoledu.by,+375 17 7650369,,
way/1056171691,Брэсцкі дзяржаўны абласны ліцэй імя П. М. Машэрава,Брестский государственный областной лицей имени П.М. Машерова,Брэсцкі дзяржаўны абласны ліцэй імя П. М. Машэрава,,,,,52.08562749473685,23.698286005263157,http://www.licey-masherov.by/,+375 (16) 220-03-61,,
way/1060201143,Галавацкая сярэдняя школа,Головачская средняя школа,Галавацкая сярэдняя школа,,,,,53.63813065454545,24.255984354545454,,,,
way/1060330813,Салонская Школа,Солонская Школа,Салонская Школа,,,,,52.838659199999995,30.0054094,,,,
way/1062050214,Школа № 7,Школа № 7,Школа № 7,Рэчыца,вуліца Будаўнікоў,7,,52.370546133333335,30.351371666666665,http://7school-rechitsa.by/index.php/ru/,+375234036792,,
way/1062309403,Клаўнарыум Аранжавы млын,Клоунариум Аранжавы млын,Клаўнарыум Аранжавы млын,,,,,55.256969822222224,28.167066233333337,,,,
way/1066396240,Школа №3,Школа №3,Школа №3,,,,,51.9009335125,26.867524187500003,,,,
way/1066419812,Белавушская сярэдняя школа,Белоушская средняя школа,Белавушская сярэдняя школа,,,,,51.94225456,26.910039739999995,https://bel.roo-stolin.gov.by/,,,
way/1067187966,Сярэдняя школа №19,Средняя школа №19,Сярэдняя школа №19,,,,,52.09235378461538,23.71800516923077,,,,
way/1067885829,Вучылішча алімпійскага рэзерву,Училище олимпийского резерва,Вучылішча алімпійскага рэзерву,,,,,52.0989799076923,23.653848146153848,,,,
way/1067960384,Сярэдняя школа,Средняя школа,Сярэдняя школа,,,,,52.140102538461534,23.61146753076923,,,,
way/1067977078,ДУА «Сярэдняя школа в.Тэльмы-1»,ГУО «Средняя школа д.Тельмы-1»,ДУА «Сярэдняя школа в.Тэльмы-1»,,,,,52.114715270588235,23.826731094117648,https://telmy.roobrest.gov.by/,,,
way/1067980421,Сярэдняя школа,Средняя школа,Сярэдняя школа,,,,,52.028910035294125,23.808822994117648,,,,
way/1068193898,Сярэдняя школа в. Вялікія Радванічы,Средняя школа д. Большие Радваничи,Сярэдняя школа в. Вялікія Радванічы,,,,,52.04165668571428,24.00259497142857,https://radvanichi.roobrest.gov.by/,,,
way/1068198665,Велікарыцкая сярэдняя школа ім. П.У Саевіча,Великоритская средняя школа им. П.В Саевича,Велікарыцкая сярэдняя школа ім. П.У Саевіча,,,,,51.93513591111111,24.056279166666666,,,,
way/1068234204,Раённая гімназія,Районная гимназия,Раённая гімназія,,,,,51.787813775,24.083571893749994,,,,
way/1068252338,Ляхавецкая сярэдняя школа,Ляховецкая средняя школа,Ляхавецкая сярэдняя школа,,,,,51.79942185555556,24.20109758888889,http://lahovcy.malorita.edu.by,,,
way/1068263684,Макранская сярэдняя школа,Мокранская средняя школа,Макранская сярэдняя школа,,,,,51.83922623000001,24.254753219999998,http://mokrany.malorita.edu.by/,,mokrany@malorita.edu.by,mokrany@malorita.edu.by
way/1069233597,Сярэдняя школа №4,Средняя школа №4,Сярэдняя школа №4,,,,,53.49266046153846,26.74634113076923,,,,
way/1070328192,Нядзельная школа,Воскрессная школа,Нядзельная школа,,,,,53.08735524000001,26.08497552,,,,
way/1070765665,Гімназія № 41,Гимназия № 41,Гімназія № 41,,,,,53.85487109310345,27.481561648275864,http://gymn41.minsk.edu.by,+375 17 3672541,,
way/1071527038,Пачатковая школа,Начальная школа,Пачатковая школа,,,,,52.393037725,23.825681981249996,,,,
way/1077923535,Камянецкая гімназія,Каменецкая гимназия,Камянецкая гімназія,,,,,52.40458783333333,23.818555353333338,,,,
way/1078820362,Гімназія №5,Гимназия №5,Гімназія №5,,,,,53.107963525,25.9758121125,,,,
way/1078826375,Польская школа,Польская школа,Польская школа,,,,,53.12765718888889,26.007798555555553,,,,
way/1078826376,Вучэбна-метадычны кабінет,Учебно-методический кабинет,Вучэбна-метадычны кабінет,,,,,53.1261113,26.0083356,,,,
way/1079403077,Дом школьніка,Дом школьника,Дом школьніка,,,,,53.12252258333333,26.023356933333332,,,,
way/1079403084,Аўташкола 'Вялікая мядзведзіца',Автошкола «Большая медведица»,Аўташкола 'Вялікая мядзведзіца',,,,,53.13801582000001,26.014915180000003,,,,
way/1079403086,Сярэдняя школа №13,Средняя школа № 13,Сярэдняя школа №13,,,,,53.1291025,26.053413600000003,,,,
way/1082082966,Сярэдняя Дзеткавіцкая Школа,Средняя Детковичская Школа,Сярэдняя Дзеткавіцкая Школа,,,,,52.313795925,24.81987935,http://detk.drogichin.edu.by/,,,
way/1086823535,Сярэдняя школа № 226,Средняя школа № 226,Сярэдняя школа № 226,,,,,53.870393908333334,27.545225475,,,,
way/1091252816,Сярэдняя школа №46,Сярэдняя школа №46,Сярэдняя школа №46,,,,,53.9356751875,30.2414064375,,,,
way/1091929690,Сярэдняя школа № 1,Средняя школа № 1,Сярэдняя школа № 1,,,,,54.42391100769232,25.925524,,+375 1593 7-92-75,srsh1@mail.grodno.by,srsh1@mail.grodno.by
way/1092178503,Сярэдняя школа №194,Средняя школа №194,Сярэдняя школа №194,,,,,53.8793263,27.90389748181818,,,,
way/1092287610,Сярэдняя школа «Канкорд»,Сярэдняя школа «Канкорд»,Сярэдняя школа «Канкорд»,,,,,53.92611876000001,30.30477042,,,,
way/1092307464,Гімназія № 1,Гимназия № 1,Гімназія № 1,,,,,54.86877796666667,26.927797722222223,,,,
way/1092319256,Сярэдняя школа №1 імя В. М. Дубоўкі,Средняя школа №1 им. В. Н. Дубовки,Сярэдняя школа №1 імя В. М. Дубоўкі,,,,,54.8733244,26.935813449999998,,,,
way/1092375867,Сярэдняя школа №2,Средняя школа №2,Сярэдняя школа №2,,,,,54.88317365555556,26.924975844444443,,,,
way/1095019004,Глінкаўская сярэдняя школа,Глинковская средняя школа,Глінкаўская сярэдняя школа,,,,,51.92562412307692,26.6757915,https://gln.roo-stolin.gov.by/,,,
way/1097450691,Альпенская базавая школа,Ольпенская базовая школа,Альпенская базавая школа,,,,,52.02185428333333,27.166297766666663,,,olp@roo-stolin.gov.by,olp@roo-stolin.gov.by
way/1097469189,Школа №1,Школа №1,Школа №1,,,,,52.0558367875,27.204665,,,,
way/1097974482,Альманская сярэдняя школа,Ольманская средняя школа,Альманская сярэдняя школа,,,,,51.80994475,27.05459525,,+375165573258,,
way/1098208423,Жыровіцкая сярэдняя школа,Жировичская средняя школа,Жыровіцкая сярэдняя школа,,,,,53.00163482222223,25.35128706111111,,,,
way/1099492136,ДУА «Івакаўскі дзіцячы сад сярэдняя школа»,ГУО «Иваковский детский сад средняя школа»,ДУА «Івакаўскі дзіцячы сад сярэдняя школа»,,,,,52.26537214444445,31.351501088888888,,,,
way/1104122358,СШ №4,СШ №4,СШ №4,,,,,53.503679225000006,28.1354747,,,,
way/1105821830,Чарнаборская НВК дзіцячы сад - сярэдняя школа,Черноборская УПК детский сад - средняя школа,Чарнаборская НВК дзіцячы сад - сярэдняя школа,Чорны Бор,Прамысловая вуліца,21,,53.63595734210527,29.978718289473687,,,,
way/1106847546,Гадылёўская сярэдняя школа,Годылевская средняя школа,Гадылёўская сярэдняя школа,,,,,53.60950900666667,30.363883853333334,,,,
way/1107870670,Мілавідская сярэдняя школа,Миловидская средняя школа,Мілавідская сярэдняя школа,,,,,52.89140854,25.849773219999996,,,,
way/1108023716,Пінская станцыя юннатаў,Пинская станция юннатов,Пінская станцыя юннатаў,,,,,52.12943568461539,26.106311715384614,,+375 165 63 03 60,,
way/1108032846,Сярэдняя школа № 67,Средняя школа № 67,Сярэдняя школа № 67,,,,,52.45436496666667,31.017914822222224,https://school67.by/,+375232539431,,school67@gomel.centroo.by
way/1112152488,Падгорʼеўская школа-сад,Подгорьевская школа-сад,Падгорʼеўская школа-сад,,,,,53.827270444444444,30.44460895555556,,,,
way/1112700752,Чалюшчавіцкая сярэдняя школа,Челющевичская средняя школа,Чалюшчавіцкая сярэдняя школа,,,,,52.354302010000005,28.750747640000004,,,,
way/1117556252,Школа №2,Школа №2,Школа №2,,,,,52.136327355000006,25.53841678,,,,
way/1117844152,Навагаранскі дзіцячы сад,ГУО «Новогорянский детский сад »,Навагаранскі дзіцячы сад,,Лясная вуліца,11,211290,55.403689099999994,29.039876279999998,https://sad-novgoryani.schools.by/,+375 214 475925,,
way/1123204079,Янушкавіцкая сярэдняя агульна-адукацыйная школа,Янушковичская средняя общеобразовательная школа,Янушкавіцкая сярэдняя агульна-адукацыйная школа,Янушкавічы,Школьная вуліца,10,,54.275387290000005,27.59703667,,,,
way/1123903688,ДУА «Бялыніцкая дапаможная школа-інтэрнат»,ГУО «Белыничская вспомогательная школа-интернат»,ДУА «Бялыніцкая дапаможная школа-інтэрнат»,,,,,53.990050243750005,29.72389220625,http://bvschi.mogilev-region.edu.by/,,specshool@belynichi.gov.by,specshool@belynichi.gov.by
way/1125623900,Псышчаўскі вучэбна-педагагічны комплекс дзіцячы сад – сярэдняя школа,Псыщевский учебно-педагогический комплекс детский сад – средняя школа,Псышчаўскі вучэбна-педагагічны комплекс дзіцячы сад – сярэдняя школа,,,,,52.29133684000001,25.467917980000003,http://www.psyshevo.ivanovo.by/,,,
way/1125805144,Аўтадром ДРБУ-154,Автодром ДРСУ-154,Аўтадром ДРБУ-154,,,,,52.381839660000004,31.34169824,,,,
way/1126227456,Сярэдняя школа в. Страдзеч імя М.Е. Зайца,Средняя школа д. Страдечь имени Н.Е. Зайца,Сярэдняя школа в. Страдзеч імя М.Е. Зайца,,,,,51.929925838461536,23.6613514,,,,
way/1127811701,Цэнтр дадатковай адукацыі дзяцей і моладзі,Центр дополнительного образования детей и молодёжи,Цэнтр дадатковай адукацыі дзяцей і моладзі,,,,,53.48713463636364,29.34315151818182,,,,
way/1127967719,Брэсцкі дзяржаўны прафісійны ліцэй чыгуначнага транспарту,Брестский государственный профессиональный лицей железнодорожного транспорта,Брэсцкі дзяржаўны прафісійны ліцэй чыгуначнага транспарту,,,,,52.099031739130425,23.703216926086952,,,,
way/1127976919,СДЮШАР,СДЮШОР,СДЮШАР,,,,,53.70478189999999,31.721421826666663,,,,
way/1127982426,Цэнтр дадатковай адукацыі дзяцей і моладзі,Центр дополнительного образования детей и молодёжи,Цэнтр дадатковай адукацыі дзяцей і моладзі,,,,,53.80922642857142,30.974900157142855,,,,
way/1128442854,Цэнтр дадатковай адукацыі дзяцей і моладзі г.Брэста,Центр дополнительного образования детей и молодежи г.Бреста,Цэнтр дадатковай адукацыі дзяцей і моладзі г.Брэста,,,,,52.09052650555555,23.70992276666667,,,,
way/1131142883,Зоркаўскі вучэбна-педагагічны комплекс дзіцячы сад-базавая школа,Зорьковский учебно-педагогический комплекс детский сад-базовая школа,Зоркаўскі вучэбна-педагагічны комплекс дзіцячы сад-базавая школа,Вецярэвічы 2,Школьная вуліца,8,222818,53.341507681818186,27.8328413,http://www.zorka-upk.guo.by/,+375 17 13 32 424,zorka.upk@yandex.by,zorka.upk@yandex.by
way/1131152520,Праўдзінская сярэдняя школа,Правдинская средняя школа,Праўдзінская сярэдняя школа,Праўдзінскі,Юбілейная вуліца,38,222839,53.52201140000001,27.83250486,https://pravdinskij.pukhovichi-asveta.gov.by/,+375 17 13 42 432,pravdin.sch@pukhovichi-asveta.gov.by,pravdin.sch@pukhovichi-asveta.gov.by
way/1131614270,Сярэдняя школа №47,Средняя школа №47,Сярэдняя школа №47,,Фабрычная вуліца,7,,53.88849205499999,27.58402374,,,,
way/1134165135,Бакштаўская сярэдняя школа імя Марыі Мікалаеўны Чэрнік,Бакштовская средняя школа имени Марии Николаевны Черник,Бакштаўская сярэдняя школа імя Марыі Мікалаеўны Чэрнік,,,,,53.93877596666667,26.186588833333335,https://bakshty.schools.by/,,,
way/1134262468,ДУА «Сярэдняя школа №2 г. Фаніпаля»,ГУО «Средняя школа №2 г. Фаниполя»,ДУА «Сярэдняя школа №2 г. Фаніпаля»,,,,,53.76213190000001,27.34316298,,,,
way/1134968154,ДУА «Лукомльская дзіцячы садок-пачатковая школа»,ГУО «Лукомльская детский сад-начальная школа»,ДУА «Лукомльская дзіцячы садок-пачатковая школа»,,,,,54.70796096,29.149646450000006,http://luk.chashniki.edu.by/,+375 (2133) 6-94-37,dlukschola@tut.by,dlukschola@tut.by
way/1135588699,Ульская сярэдняя школа,Улльская средняя школа,Ульская сярэдняя школа,,вуліца Раманава,50,,55.217981120000005,29.23487905,https://ulla.beshroo.gov.by/,,,
way/1135915502,Сямёнавіцкая базавая школа,Семёновичская базовая школа,Сямёнавіцкая базавая школа,Сямёнавічы,Школьная вуліца,13А,223404,53.446213746153845,27.136985707692308,http://semenov.uzda-asveta.gov.by/,,,
way/1136724288,Пачатковая школа №10,Начальная школа №10,Пачатковая школа №10,,,,,52.1920053375,24.3485688625,http://sch10.kobrin.edu.by/,+375 8(01642)3-20-91,,kbr-sch10@brest.by
way/1137622601,Спартыўныя секцыі,Спортивные секции,Спартыўныя секцыі,,,,,53.15307882,26.00078082,,,,
way/1138000345,Сярэдняя школа № 6,Средняя школа № 6,Сярэдняя школа № 6,,вуліца Леніна,71,,52.22014085294118,24.36101448823529,,,,
way/1138014617,Сярэдняя школа № 3,Средняя школа № 3,Сярэдняя школа № 3,,,,,52.21886615555555,24.346238438888886,http://sch3.kobrin.edu.by,+375 1642 6-29-55,kbr-sch3@brest.by,kbr-sch3@brest.by
way/1138718343,СШ №17,СШ №17,СШ №17,,,,,53.883144400000006,30.27292798,,,,
way/1149203351,Яноўская сярэдняя школа,Яновская средняя школа,Яноўская сярэдняя школа,,,,,54.75929744,30.098282049999995,,,,
way/1149581609,Базавая школа в.Сухое,Базовая школа д.Сухое,Базавая школа в.Сухое,,,,,52.093509159999996,25.59948202,,,,
way/1151263953,Інтэрнат - в. Грыбіна,Интернат - д. Грибино,Інтэрнат - в. Грыбіна,,,,,54.27002602,29.72711258,,,,
way/1153933923,Узмёнская базавая школа,Узмёнская базовая школа,Узмёнская базавая школа,,,,,55.74085711666667,27.922064066666668,,,,
way/1157505554,Відамлянская школа,Видомлянская школа,Відамлянская школа,,,,,52.330250855555555,23.780944155555552,,,,
way/1159041125,Вялічкавіцкая сярэдняя школа,Вялічкавіцкая сярэдняя школа,Вялічкавіцкая сярэдняя школа,,,,,52.6310478,27.255236878571427,https://velich.edus.by,,,
way/1163407360,Амелянецкая сярэдняя школа,Амелянецкая сярэдняя школа,Амелянецкая сярэдняя школа,,,,,52.53780421666667,23.54952625,,,,
way/1170502392,ВВК,УПК,ВВК,,,,,52.11585464285714,26.085202428571428,,,,
way/1172784315,Сярэдняя школа №228,Сярэдняя школа №228,Сярэдняя школа №228,,,,,53.86119535,27.54172178,,,,
way/1180940668,СДЮШАР № 2,СДЮШОР № 2,СДЮШАР № 2,,,,,52.12181160952382,26.11218481904762,https://dsh2.by/,,diussh2.pinsk@mail.ru,diussh2.pinsk@mail.ru
way/1182189942,Сярэдняя школа №2,Средняя школа №2,Сярэдняя школа №2,,,,,51.79321245,24.078394325,,,,
way/1185447334,Баравікоўская базавая школа,Баравікоўская базавая школа,Баравікоўская базавая школа,,,,,53.68727425000001,27.43795793,,,,
way/1185466403,Скрыбаўская сярэдняя школа,Скрибовская средняя школа,Скрыбаўская сярэдняя школа,,Усходняя вуліца,24А,,53.693368828571415,24.996803135714288,,,,
way/1188752378,Школа мастацтваў,Школа искусств,Школа мастацтваў,,,,,52.20393376,24.34960006,,,,
way/1195609800,Школа №15,Средняя школа №15,Сярэдняя школа 15,Салігорск,вуліца Сцямпкоўскай,,223703,52.7852223,27.489228640000004,,,,
way/1199290018,Нарацкая сярэдняя школа № 1,Нарочская средняя школа № 1,Нарацкая сярэдняя школа № 1,,,,,54.93018785333334,26.68607896,http://naroch1.by,,,
way/1201212425,Школа,Школа,Школа,,,,,52.83159694,31.49064612,,,,
way/1202352374,Сярэдняя школа № 227,Средняя школа № 227,Сярэдняя школа № 227,,,,,53.87170069687501,27.528610218749996,,,,
way/1205969012,Горкаўская сярэдняя школа,Горковская средняя школа,Горкаўская сярэдняя школа,,,,,53.04949018888889,28.052443111111117,https://gorki.starye-dorogi.by/,,,
way/1209716699,Калавуравіцкая сярэдняя школа,Каллауровичская средняя школа,Калавуравіцкая сярэдняя школа,,,,,52.08775857777779,26.493208700000004,,,,
way/1211310310,Ласіцкая сярэдняя школа,Ласицкая средняя школа,Ласіцкая сярэдняя школа,,,,,51.926614574999995,26.297886375,https://lasick.roo-pinsk.gov.by/,655138,lasick@roo-pinsk.gov.by,lasick@roo-pinsk.gov.by
way/1211645651,Ахоўская школа,Оховская школа,Ахоўская школа,,,,,52.19417023999999,25.916837466666667,https://ohovo.roo-pinsk.gov.by,+375165388545,,
way/1215599764,Запольская сярэдняя школа,Запольская средняя школа,Запольская сярэдняя школа,,,,,53.76448744999999,27.99404586,,,,
way/1217857870,Старыцкая сярэдняя школа,Старыцкая сярэдняя школа,Старыцкая сярэдняя школа,,,,,53.22676567692308,27.257462738461534,https://staritsa.schools.by/,,,
way/1218987719,Школа-інтэрнат Бэйс-Агарон,Школа-интернат Бэйс-Агарон,Школа-інтэрнат Бэйс-Агарон,,,,,52.12464241,26.110701119999998,,,,
way/1220313329,Новодворская базовая школа,Новодворская базовая школа,Новодворская базовая школа,,,,,52.306050742857146,26.242989528571428,https://ndvor.roo-pinsk.gov.by,,ndvor@roo-pinsk.gov.by,ndvor@roo-pinsk.gov.by
way/1226556805,Сейлавіцкая сярэдняя школа,Сейловичская средняя школа,Сейлавіцкая сярэдняя школа,,,,,53.28444258125,26.774860824999998,https://xn--b1afkacmvu4d.xn----8sbafcoeer1c5bfp.xn--90ais/,,,
way/1228031168,Кошевичская средняя школа,Кошевичская средняя школа,Кошевичская средняя школа,,,,,52.172103264705875,25.994807588235297,https://kosh.roo-pinsk.gov.by,,,
way/1230071558,Хмелеўская сярэдняя школа,Хмелевская средняя школа,Хмелеўская сярэдняя школа,,,,,52.25390583333333,23.906826758333334,,,,
way/1234000124,Брестский областной центр туризма и краеведения детей и молодежи,Брестский областной центр туризма и краеведения детей и молодежи,Брестский областной центр туризма и краеведения детей и молодежи,,,,,52.10515316666667,23.71025825,,,,
way/1234923865,Крайская школа,Крайская школа,Крайская школа,,,,,52.49264746000001,25.99361236666666,,,,
way/1238622263,Даматканавіцкая сярэдняя школа,Домоткановичская средняя школа,Даматканавіцкая сярэдняя школа,,,,,53.11427492222222,26.555344955555558,https://domotkanovichi.kletsk-asveta.gov.by/,,,
way/1239847327,Рассветаўская сярэдняя школа,Рассветовская средняя школа,Рассветаўская сярэдняя школа,,,,,53.104987542857145,26.671705328571424,https://rassvet.kletsk-asveta.gov.by/,,,
way/1240095799,Дзіцячы сад - пачатковая школа №15,Детский сад - начальная школа №15,Дзіцячы сад - пачатковая школа №15,,,,,54.29706386,26.888088520000004,,,,
way/1240457505,Зубкаўская сярэдняя школа,Зубковская средняя школа,Зубкаўская сярэдняя школа,,,,,53.08658175555556,26.768262099999998,https://zubki.kletsk-asveta.gov.by/,,,
way/1241358292,Сярэдняя школа в. Скокі,Средняя школа д. Скоки,Сярэдняя школа в. Скокі,,,,,52.156333213333326,23.638513133333333,,,,
way/1242570909,Гімназія,Гимназия,Гімназія,Кобрын,вуліца Пушкіна,4,225306,52.210173065000006,24.352814025000004,https://gimnkbr.ihb.by/index.php?lang=be,8-01642-3-41-21,kbr-gymn@brest.by,kbr-gymn@brest.by
way/1242989707,Зеленоборская средняя школа,Зеленоборская средняя школа,Зеленоборская средняя школа,,,,,54.014130583333326,28.480824325,http://zelbor.smoledu.by/,+375 1775 65755,,
way/1249004320,Стрельцовская государственная общеобразовательная базовая школа,Стрельцовская государственная общеобразовательная базовая школа,Стрельцовская государственная общеобразовательная базовая школа,,,,,55.35987336000001,27.939978619999998,,,,
way/1254081769,Тучанская сярэдняя школа,Тучанская средняя школа,Тучанская сярэдняя школа,,,,,52.96524930000001,26.54568891111111,https://tucha.kletsk-asveta.gov.by/,,,
way/1254529011,Кухчыцкая сярэдняя школа,Кухчицкая средняя школа,Кухчыцкая сярэдняя школа,,,,,53.032463408333335,26.570398108333336,https://kuhchici.kletsk-asveta.gov.by/,,,
way/1260458014,Галынкаўская сярэдняя школа,Голынковская средняя школа,Галынкаўская сярэдняя школа,,,,,52.89496157999999,26.54857578,https://golinka.kletsk-asveta.gov.by/,,,
way/1261942348,Рудзенская сярэдняя школа,Рудзенская сярэдняя школа,Рудзенская сярэдняя школа,,,,,53.592039810526316,27.867116336842106,,,,
way/1263517261,Сярэдняя школа №2 імя М.П. Масонава,Средняя школа №2 имени Н.П. Массонова,Сярэдняя школа №2 імя М.П. Масонава,,,,,53.0376949,24.102671858333334,https://svisloch2.schools.by/,,,
way/1264704195,Морацкая сярэдняя школа,Морочская средняя школа,Морацкая сярэдняя школа,,,,,52.8820736,26.849220542857136,https://moroch.kletsk-asveta.gov.by/,,,
way/1268701906,Голубаўская базавая школа,Голубовская базовая школа,Голубаўская базавая школа,,,,,55.778876466666674,28.21075648333333,,,,
way/1270599095,Навасёлкаўская базавая школа,Новоселковская базовая школа,Навасёлкаўская базавая школа,,,,,53.01427265555555,26.88859106666667,https://upk-novoselki.schools.by/,,,
way/1271472900,Сярэдняя школа № 1 г. Крычава. Пачатковая школа,Средняя школа № 1 г. Кричева. Начальная школа,Сярэдняя школа № 1 г. Крычава. Пачатковая школа,,,,,53.687361327272725,31.713068781818183,,,,
way/1273355676,Жыліхаўская сярэдняя школа,Жилиховская средняя школа,Жыліхаўская сярэдняя школа,,Садовая вуліца,27,,52.9531443,27.066478288888888,https://zhilihovo.schools.by/,,,
way/1274320371,Бучацінская сярэдняя школа,Бучатинская средняя школа,Бучацінская сярэдняя школа,,,,,52.91580391250001,27.090240137499997,https://buchatino.schools.by/,,,
way/1274419811,Купятичская средняя школа,Купятичская средняя школа,Купятичская средняя школа,,,,,52.16775865714285,26.201800485714283,https://kup.roo-pinsk.gov.by/,682478,kup@roo-pinsk.gov.by,kup@roo-pinsk.gov.by
way/1275702858,Школа №35 імя П.І. Батава,Школа №35 имени П.И. Батова,Школа №35 імя П.І. Батава,,,,,53.205800836363636,29.222626545454546,https://bobr35.schools.by,,,
way/1277812362,Сярэдняя школа № 1,Средняя школа № 1,Сярэдняя школа № 1,,Кастрычніцкая вуліца,22,,52.563751508333326,31.176145425,,,,
way/1279880119,Сярэдняя школа в. Астрамечава,Средняя школа д. Остромечево,Сярэдняя школа в. Астрамечава,,,,,52.26755871818182,23.587872081818183,https://ostromechevo.roobrest.gov.by/,,,
way/1283127001,Лядненская сярэдняя школа,Лядненская средняя школа,Лядненская сярэдняя школа,,,,,52.98529536666667,27.218673872222222,https://ljadno.slutsk-vedy.gov.by/,,,
way/1283711034,Шарашоўская дзіцячая школа мастацтваў,Шерешевская детская школа искусств,Шарашоўская дзіцячая школа мастацтваў,,,,,52.554555640000004,24.217763899999998,,,,
way/1285463603,Лясноўская сярэдняя школа,Лесновская средняя школа,Лясноўская сярэдняя школа,,вуліца Драздовіча,1,,53.25941071666667,27.06693431666667,https://lesnoe.schools.by/,,,
way/1285889510,Глінская СШ,Глинская СШ,Глінская СШ,,,,,53.64941136,31.409651399999994,,,,
way/1287923062,Пацейкаўская сярэдняя школа,Потейковская средняя школа,Пацейкаўская сярэдняя школа,,,,,53.17358829166667,26.955515675,https://potejki.schools.by/,,,
way/1293684765,Ванялевіцкая сярэдняя школа,Ванелевичская средняя школа,Ванялевіцкая сярэдняя школа,,,,,53.091055509090914,27.156752936363638,https://vanelevichi.schools.by/,,,
way/1294635899,Доктаравіцкая сярэдняя школа,Докторовическая средняя школа,Доктаравіцкая сярэдняя школа,,,,,53.095621215384625,27.216626046153845,https://doctorovichi.schools.by/,,,
way/1297898951,Вучэбна-педагагічны комплекс дзіцячы садок - пачатковая школа,Учебно-педагогический комплекс детский сад - начальная школа,Вучэбна-педагагічны комплекс дзіцячы садок - пачатковая школа,,,,,53.20734624285715,27.122619842857144,https://upk-dz.schools.by/,,,
way/1298158487,Сярэдняя школа №2,Средняя школа №2,Сярэдняя школа №2,,,,,53.84687634,28.996452920000003,,,,
way/1299228904,Базовая школа д. Малые Зводы,Базовая школа д. Малые Зводы,Базовая школа д. Малые Зводы,,,,,52.30556111428571,23.48255467142857,,,,
way/1300160580,ГУО Голубицкий детский сад-средняя школа,ГУО Голубицкий детский сад-средняя школа,ГУО Голубицкий детский сад-средняя школа,,,,,52.108202975000005,28.289558441666667,,,,
way/1301446449,Слабадакучынская сярэдняя школа,Слободокучинская средняя школа,Слабадакучынская сярэдняя школа,,,,,53.26032037777778,27.1866911,https://slobodka.schools.by/,,,
way/1302646241,Камсамольская сярэдняя школа,Комсомольская средняя школа,Камсамольская сярэдняя школа,,,,,53.226494566666666,27.359066608333336,https://komsomol.schools.by/,,,
way/1305177658,Салтанаўшчынская сярэдняя школа,Солтановщинская средняя школа,Салтанаўшчынская сярэдняя школа,,,,,53.19478837500001,26.8106299625,https://xn--80aafymnccdzn2g.xn----8sbafcoeer1c5bfp.xn--90ais/,,,
way/1305347227,Дзіцячы сад-базавая школа,Детский сад-базовая школа,Дзіцячы сад-базавая школа,,,,,52.86965876666667,27.034879,https://smolichi.schools.by/,,,
way/1305424156,Сярэдняя школа № 3,Средняя школа № 3,Сярэдняя школа № 3,,,,,53.214914809523805,26.695936947619046,https://xn--3-6tbv.xn----8sbafcoeer1c5bfp.xn--90ais/,,,
way/1309894893,Танежыцкая сярэдняя школа,Танежицкая средняя школа,Танежыцкая сярэдняя школа,,,,,52.91699852222221,27.314358300000002,http://tanejici.slutsk.edu.by,,,
way/1310887618,Беліцкая сярэдняя школа,Беличская средняя школа,Беліцкая сярэдняя школа,,,,,52.944963472727274,27.44992051818182,https://belichi.slutsk-vedy.gov.by,,,
way/1312422751,Селішчанская сярэдняя школа,Селищанская средняя школа,Селішчанская сярэдняя школа,,,,,52.999605181818175,27.408624799999995,https://selische.slutsk-vedy.gov.by,,,
way/1313648272,Сяражская сярэдняя школа,Серяжская средняя школа,Сяражская сярэдняя школа,,,,,53.06112779090909,27.472220509090914,https://serjagi.slutsk-vedy.gov.by,,,
way/1314841195,Маякская сярэдняя школа,Маякская средняя школа,Маякская сярэдняя школа,,,,,53.1222518375,27.454545674999995,https://majak.slutsk-vedy.gov.by,,,
way/1315255769,Знаменская сярэдняя школа,Знаменская средняя школа,Знаменская сярэдняя школа,,,,,53.05644204444445,27.36492198888889,https://znamja.slutsk-vedy.gov.by,,,
way/1315328641,Дзяржаўная ўстанова адукацыі Рудзенская дапаможная школа-інтэрнат,Государственное учреждение образования Руденская вспомогательная школа-интернат,Дзяржаўная ўстанова адукацыі Рудзенская дапаможная школа-інтэрнат,,Ленінская вуліца,45,,53.5875513,27.852223577777778,,,,
way/1318608074,Сярэдняя школа №2 в. Копішча,Средняя школа №2 д. Копище,Сярэдняя школа №2 в. Копішча,Копішча,вуліца Мікалая Камава,15,220125,53.963123933333335,27.652587393333327,,+375 17 242 14 75,,
way/1319609643,Бобрская средняя школа им. А.В.Луначарского,Бобрская средняя школа им. А.В.Луначарского,Бобрская средняя школа им. А.В.Луначарского,Бобр,Магілёўская вуліца,22А,,54.33820657142858,29.278639071428568,https://bobr.uost-krupki.obr.by/,,,
way/1322850975,Сярэдняя школа №92,Средняя школа №92,Сярэдняя школа №92,,,,,53.866396495454545,27.629372154545454,,,,
way/1324943560,Спецыяльная школа № 13 г. Мінска,Специальная школа № 13 г. Минска,Спецыяльная школа № 13 г. Мінска,,,,,53.90034279047619,27.65469075714286,,,,
way/1328214949,Сярэдняя школа №1 імя П.І. Купрыянава,Средняя школа № 1 имени П.И.Куприянова,Сярэдняя школа №1 імя П.І. Купрыянава,,,,,54.09840278181818,28.364643800000007,https://sch1.zhodino-edu.gov.by/,,,
way/1328535464,Лапацінская сярэдняя школа,Лопатинская средняя школа,Лапацінская сярэдняя школа,,,,,52.02046659333333,26.335474480000002,,,,
way/1334995908,Акцябрская базавая школа,Октябрьская базовая школа,Акцябрская базавая школа,,,,,52.852429619999995,27.262232660000002,https://okt.edus.by,,,
way/1340969029,Пясчанская сярэдняя школа,Песчанская средняя школа,Пясчанская сярэдняя школа,,,,,52.643261412499996,27.1230373,https://peschanka.edus.by,,,
way/1341334046,Новапалеская сярэдняя школа,Новапалеская сярэдняя школа,Новапалеская сярэдняя школа,,,,,52.64920782,27.412083670000005,https://npoles.edus.by,,,
way/1344507798,Школа №1,школа № 1,Школа №1,,,,,55.19818115999999,29.653178940000004,,,,
way/1346554766,Доўгаўская сярэдняя школа,Доўгаўская сярэдняя школа,Доўгаўская сярэдняя школа,,,,,52.61164858000001,27.56940216,https://dolgow.edus.by,,,
way/1350747833,Мастацкая школа,Художественная школа,Мастацкая школа,,,,,52.093399266666665,23.677108255555552,,,,
way/1355246645,Крыўлянская сярэдняя школа,Кривлянская средняя школа,Крыўлянская сярэдняя школа,,,,,52.28520492727273,24.067250609090912,,,,
way/1357526230,Специальная школа №1,Специальная школа №1,Специальная школа №1,,,,,52.08946371111111,23.695795927777773,,,,
way/1359781976,Драчоўская базавая школа,Драчоўская базавая школа,Драчоўская базавая школа,,,,,52.576351575,27.722018325,https://dracheva.edus.by,,,
way/1366980269,Сенніцкая сярэдняя школа №2,Сенницкая средняя школа №2,Сенніцкая сярэдняя школа №2,,,,,53.82817471333333,27.507683059999998,,,,
way/1373873261,Ільюшынская сярэдняя школа,Ильюшинская средняя школа,Ільюшынская сярэдняя школа,,,,,55.101722966666664,28.56388476666667,http://il.ushachi.edu.by/,,,
way/1378930288,Речковская средняя школа,Речковская средняя школа,Речковская средняя школа,,,,,52.46334421666668,26.053383800000002,https://rechki.rooivacevichi.gov.by/,529438,rechki@rooivacevichi.gov.by,rechki@rooivacevichi.gov.by
way/1382255061,Средняя школа №5 г. Осиповичи имени Ф.А. Крыловича,Средняя школа №5 г. Осиповичи имени Ф.А. Крыловича,Средняя школа №5 г. Осиповичи имени Ф.А. Крыловича,,,,,53.30446205999999,28.66030238,https://os5.osipovichiedu.gov.by/,,,
way/1394098080,Сярэдняя школа № 5,Средняя школа № 5,Сярэдняя школа № 5,,,,,52.10543945454546,23.646552854545458,,,,
way/1394098081,Гімназія № 3 імя В.М. Верамяюк,Гимназия № 3 имени В.Н. Веремеюк,Гімназія № 3 імя В.М. Верамяюк,,,,,52.10474787,23.647390629999997,,,,
way/1394098082,Сярэдняя школа №27,Средняя школа №27,Сярэдняя школа №27,,,,,52.10487462142857,23.65033778571429,,,,
way/1395590843,Збуражская средняя школа,Збуражская средняя школа,Збуражская средняя школа,,,,,51.769340150000005,23.977285560000002,,,,
way/1418932481,Лежневичский детский сад - базовая школа,Лежневичский детский сад - базовая школа,Лежневичский детский сад - базовая школа,,,,,53.89795327142857,26.064790714285717,,,,
way/1419391883,Жидченская средняя школа,Жидченская средняя школа,Жидченская средняя школа,,,,,51.95776702941177,25.953748682352934,,,,
way/1419650425,Языльская сярэдняя школа,Языльская сярэдняя школа,Языльская сярэдняя школа,,,,,52.97979221000001,27.969363969999996,https://yazil.starye-dorogi.by/,,,
way/1424116218,Замшанская базавая школа,Замшанская базовая школа,Замшанская базавая школа,,,,,51.83317108,24.08493584,,,,
way/1424469650,Хаціслаўская сярэдняя школа,Хотиславская средняя школа,Хаціслаўская сярэдняя школа,,,,,51.710352362500004,24.0984267,,,,
way/1425015374,Мельніцкая базавая школа,Мельникская базовая школа,Мельніцкая базавая школа,,,,,51.73045046666667,24.12089333333333,,,,
way/1425590085,Крываносаўская сярэдняя школа,Крываносаўская сярэдняя школа,Крываносаўская сярэдняя школа,,,,,52.88775375,28.386123208333327,https://krivonosy.starye-dorogi.by/,,,
way/1426414305,Міжшкольны навучальна-вытворчы камбінат,Межшкольный учебно-производственный комбинат,Міжшкольны навучальна-вытворчы камбінат,,,,,51.96578686,24.599709400000002,,,,
way/1435122692,Любкаўшчынская сярэдняя школа,Любкаўшчынская сярэдняя школа,Любкаўшчынская сярэдняя школа,,,,,53.347294425,26.793723662499996,https://lub.stolbtsy-edu.gov.by/,,,
way/1435816007,Вішнявецкая сярэдняя школа,Вішнявецкая сярэдняя школа,Вішнявецкая сярэдняя школа,,,,,53.35167104285715,26.68826117142857,https://vishnevec.stolbtsy-edu.gov.by/,,,
way/1441676472,Атраднаўская сярэдняя школа,Атраднаўская сярэдняя школа,Атраднаўская сярэдняя школа,,,,,52.71057796923076,27.78543687692307,http://otradnoe.luban.edu.by/,,,
way/1442272292,Горкаўская сярэдняя школа,Горкаўская сярэдняя школа,Горкаўская сярэдняя школа,,,,,53.386876599999994,26.631057342105258,,,,
way/1442833908,Гараднянская сярэдняя школа,Городнянская средняя школа,Гараднянская сярэдняя школа,,,,,51.865778420000005,26.51085574,https://grd.roo-stolin.gov.by/,,,
way/1443331611,Мяжанская дзіцячы сад-сярэдняя школа,Межанская детский сад-средняя школа,Мяжанская дзіцячы сад-сярэдняя школа,,,,,55.68129273750001,30.420525,,,,
way/1443675416,Бялкаўшчынскі яслі-сад-пачатковая школа,Бялкаўшчынскі яслі-сад-пачатковая школа,Бялкаўшчынскі яслі-сад-пачатковая школа,Бялкоўшчына,Цэнтральная вуліца,23,,54.45317375384616,26.319322746153844,,+375 (1592) 9-52-24,,
way/1444277531,Кіселявецкі дзіцячы сад-сярэдняя школа,Киселевецкий детский сад-средняя школа,Кіселявецкі дзіцячы сад-сярэдняя школа,,,,,52.17116038571429,24.456404214285715,,,,
way/1444439560,Барысаўская пачатковая школа,Борисовская начальная школа,Барысаўская пачатковая школа,,,,,52.18818720000001,24.389563933333335,http://boris.kobrin.edu.by/,,,
way/1445776688,Дзіцячая мастацкая школа мастацтваў г. Гомеля,Детская художественная школа искусств г.Гомеля,Дзіцячая мастацкая школа мастацтваў г. Гомеля,,,,,52.443082325,30.99753220833334,,,,
way/1445915392,Залужская сярэдняя школа,Залужская сярэдняя школа,Залужская сярэдняя школа,,,,,53.4444131904762,26.600558119047623,https://zalujie.stolbtsy-edu.gov.by/,,,
way/1447732195,Жабінкаўскі раённы цэнтр для дзяцей і моладзі,Жабинковский районный центр творчества для детей и молодежи,Жабінкаўскі раённы цэнтр для дзяцей і моладзі,,,,,52.19657228421053,24.01002765263158,,,,
way/1448136837,Старасвержанская сярэдняя школа,Старасвержанская сярэдняя школа,Старасвержанская сярэдняя школа,,,,,53.46074417333334,26.68340648666667,https://stsverzhen.stolbtsy-edu.gov.by/,,,
way/1449256477,Марковичский детский сад-средняя школа,Марковичский детский сад-средняя школа,Марковичский детский сад-средняя школа,,,,,52.115029760000006,31.200771420000002,,,,
way/1450105237,Хідрынская сярэдняя школа,Хидринская средняя школа,Хідрынская сярэдняя школа,,,,,52.14842483333334,24.3700367,,,,
way/1454829987,Вобчынская базавая школа,Вобчынская базавая школа,Вобчынская базавая школа,,,,,52.75658556363637,27.913814754545456,http://obchin.luban.edu.by/,,,
way/1463507620,Мінянская сярэдняя школа,Минянская средняя шкла,Мінянская сярэдняя школа,,,,,52.30488460000001,24.4456304,,,,
way/1463689901,Астроміцкая дзіцячая школа мастацтваў,Остромичская детская школа искусств,Астроміцкая дзіцячая школа мастацтваў,,,,,52.275011799999994,24.468097840000002,,,,
way/1463747448,Школа-інтэрнат для глуханямых,Школа-интернат для глухонемых,Школа-інтэрнат для глуханямых,,,,,52.134016499999994,26.11796056923077,,,,
way/1466778294,Тальская сярэдняя школа імя І.А.Муравейкі,Тальская сярэдняя школа імя І.А.Муравейкі,Тальская сярэдняя школа імя І.А.Муравейкі,,,,,52.85640484545454,27.955559100000002,https://talschool.by/,,,
way/1515489513,учебный корпус,учебный корпус,,,,,,52.086551639999996,23.64967282,,,,
way/1520996061,Бараўлянская сярэдняя школа №4,Бараўлянская сярэдняя школа №4,Бараўлянская сярэдняя школа №4,Лескаўка,Рублёўская вуліца,3А,223040,54.002392811111115,27.731420222222223,,,,
way/629849552,Магілёўская дзіцячая школа выяўленчых мастацтваў (корпус №1),Магілёўская дзіцячая школа выяўленчых мастацтваў (корпус №1),Магілёўская дзіцячая школа выяўленчых мастацтваў (корпус №1),,,,,53.90075079,30.337301139999994,,,,
node/281679081,ДМШ 3,ДХШ 3,ДМШ 3,,,,,53.9103062,27.5898314,,,,
node/306062390,Балетная Школа,Балетная Школа,Балетная Школа,,,,,52.09391,23.71667,,,,
node/306062444,ЦКРОІР Стымул,ЦКРОИР Стимул,ЦКРОІР Стымул,,вуліца Будзённага,48,,52.09167,23.69931,,,,
node/306063064,Нядзельная школа,Воскресная школа,Нядзельная школа,,,,,52.09714,23.68908,,,,
node/306063079,Вячэрняя школа,Вечерняя школа,Вячэрняя школа,,,,,52.0977246,23.6901607,,,,
node/306064379,НВК №1,Упк №1,НВК №1,,,,,52.3666693,30.4261048,,,,
node/306064405,Школа-Інтэрнат,Школа-Интернат,Школа-Інтэрнат,,,,,52.3663958,30.3820977,,,,
node/306064701,Дом-інтарнат,Дом-интернат,Дом-інтарнат,,,,,52.05857,29.19941,,,,
node/306065532,СШ № 2,СШ № 2,СШ № 2,,,,,54.093491,28.3243465,,,,
node/306068159,Школа мастацтваў №2,Школа Искусств № 2,Школа мастацтваў №2,,,,,52.4762027,31.0259091,,,,
node/320409634,Дзіцячая мастацкая школа,Детская художественная школа искусств,Дзіцячая мастацкая школа,Гродна,вуліца Карбышава,10,,53.6814849,23.8363661,http://artschool.na.by/,+375 152 72 32 32,artschool@tut.by,artschool@tut.by
node/320409644,Дзіцячая мастацкая школа мастацтваў,Детская художественная школа искусств,Дзіцячая мастацкая школа мастацтваў,,,,,53.6802496,23.8349525,http://www.art-school.by/,+375152623516,1988@art-school.by,1988@art-school.by
node/331222795,Сярэдняя школа №4,Средняя школа №4,Сярэдняя школа №4,,,,,52.6279966,29.7518979,,,,
node/378305973,СШ №3,СШ №3,СШ №3,,,,,53.3951544,24.5348982,,,,
node/452534419,Сярэдняя школа № 27,Средняя школа № 27,Сярэдняя школа № 27,,вуліца Песіна,30А,,52.4383952,31.0024769,http://www.school27-gomel.by/,+375 232 32-01-15,school27@gomel.centroo.by,school27@gomel.centroo.by
node/577625909,Школа № 2,Школа № 2,Школа № 2,,,,,53.0793018,30.0464657,,,,
node/612437657,Школа мастацтваў,ШКОЛА ИССКУСТВ,Школа мастацтваў,,,,,53.481269,26.73641,,,,
node/612450715,Дзіцяча-юнацкай творчасці,ДЕТСКО-ЮНОШЕСКОГО ТВОРЧЕСТВА,Дзіцяча-юнацкай творчасці,,,,,53.48207,26.74958,,,,
node/638539149,СШ №42,СШ №42,СШ №42,,,,,52.5395307,30.9071775,,,,
node/638539187,СШ №13,СШ №13,СШ №13,,,,,52.5366325,30.9131664,,,,
node/700209386,Школа мастацтваў №1,Школа искусств №1,Школа мастацтваў №1,,,,,55.1672769,30.2136413,,,,
node/806433926,Дзіцячая мастацкая школа,Детская художественная школа,Дзіцячая мастацкая школа,,,,,55.1963385,30.2051351,http://www.hudojka.by/,+375(212) 37-02-60;+375(212) 37-23-94,,vitebsk.hudojka@mail.ru
node/833772643,Пярковіцкая санаторная школа-інтэрнат,Перковичская санаторная школа-интернат,Пярковіцкая санаторная школа-інтэрнат,,,,,52.1774055,25.0285263,,,,
node/914388470,СШ №2,СШ №2,СШ №2,,,,,53.5096185,28.1493794,,,,
node/919499702,Школа Мастацваў,Школа искусств,Школа Мастацваў,,,,,52.4678111,30.8060537,,,,
node/979279076,ДЮСШ па грэблевым відам спорту,ДЮСШ по гребным видам спорта,ДЮСШ па грэблевым відам спорту,,,,,52.085248,23.7242228,,,,
node/1118913422,СОЛ Мінск,СОЛ Минск,СОЛ Мінск,,,,,53.9506018,27.6861801,,,,
node/1233154359,Гімназія,Гимназия,Гімназія,,,,,52.7569771,26.4305894,,,,
node/1233154380,Музычная школа,Музыкальная школа,Музычная школа,,,,,52.7505504,26.4156984,,,,
node/1370855867,Акцябрская сярэдняя школа,Октябрьская средняя школа,Акцябрская сярэдняя школа,Акцябр,Цэнтральная вуліца,15,223134,54.42862,27.7433711,https://oktjabr-logoisk.schools.by/,+375 1774 72 2 99,,
node/1377652352,Майфрыдам-цэнтр,Майфридом-центр,Майфрыдам-цэнтр,Мінск,завулак Калініна,16,,53.9327616,27.6086701,,,,
node/1528347551,СШ №2 імя К. Крапівы,СШ №2 им. К.Крапивы,СШ №2 імя К. Крапівы,,,,,53.4667793,27.2109317,,,,
node/1559608214,Музычная школа,Музыкальная школа,Музычная школа,,,,,53.7147964,28.4181935,,,,
node/1643324592,Ліцэй,Лицей,Ліцэй,,,,,53.9481027,27.3490567,,,,
node/1734264984,Царкоўна-прыходская школа,Церковно-приходская школа,Царкоўна-прыходская школа,,,,,55.162218,30.2127484,,,,
node/1738981391,Музычная школа,Музыкальная школа,Музычная школа,,,,,55.3985596,26.6312499,,,,
node/1868771127,Сярэдняя школа №1,Средняя школа №1,Сярэдняя школа №1,,,,,53.6030684,24.7364763,http://sch1.shhuchin.edu.by/,+375 15 14 29951,sch1@shhuchin.edu.by,sch1@shhuchin.edu.by
node/2061662506,Раённы эколага-біялагічны цэнтр дзяцей і юнацтва,Районный эколого-биологический центр детей и юношества,Раённы эколага-біялагічны цэнтр дзяцей і юнацтва,,,,,53.1621203,24.4545108,,,,
node/2078717164,Музычная школа,Музыкальная школа,Музычная школа,,,,,53.1640489,24.4586479,,,,
node/2078717172,Школа мастацтваў,Школа искусств,Школа мастацтваў,,,,,53.1632627,24.4608646,,,,
node/2099797990,Мормальская сярэдняя школа,Мормальская средняя школа,Мормальская сярэдняя школа,,,,,52.7701999,29.8897085,,,,
node/2131952696,Вячэрняя школа,Вечерняя школа,Вячэрняя школа,,,,,54.029746,28.0869768,,,,
node/2179572045,Азярцоўская сярэдняя школа,Озерцовская средняя школа,Азярцоўская сярэдняя школа,,,,,53.8430445,27.3927938,,,,
node/2185553962,Прафесійны ліцэй,Дзержинский профессиональный лицей,Прафесійны ліцэй,,,,,53.6741724,27.1304803,,,,
node/2185560220,Гімназія,Гимназия,Гімназія,,,,,53.6873326,27.1396025,,,,
node/2186771077,Дзіцячая школа мастацтваў,Детская школа искусств,Дзіцячая школа мастацтваў,,,,,53.6856675,27.1279404,,,,
node/2186925313,Сярэдняя школа №2,Средняя школа №2,Сярэдняя школа №2,,,,,53.6825632,27.1251504,,,,
node/2187013273,ДЮСШ,ДЮСШ,ДЮСШ,,,,,53.6844496,27.1382633,,,,
node/2327044442,Нядзельная школа,Нядзельная школа,Нядзельная школа,,,,,55.5668079,28.2142917,,,,
node/2339747305,Спецыялізаваная дзіцяча-юнацкая школа алімпійскага рэзерву №2,Специализированная детско-юношеская школа олимпийского резерва №2,Спецыялізаваная дзіцяча-юнацкая школа алімпійскага рэзерву №2,,,,,53.6647512,23.8195869,https://sdushor2grodno.by/,+375152967902;+375152663478,sdushor2grodno@mail.ru,sdushor2grodno@mail.ru
node/2354923235,Школа в. Праскурні,Школа д.Проскурни,Школа в. Праскурні,,,,,52.807708,30.0797967,,,,
node/2415611390,Школа для дзяцей з парушэннем слыху,Школа для детей с нарушением слуха,Школа для дзяцей з парушэннем слыху,,,,,53.1353771,29.2303097,,,,
node/2415620583,Школа 19,Школа 19,Школа 19,,Інтэрнацыянальная вуліца,51,213819,53.1375418,29.2020836,,,,
node/2460418304,Цэнтр дзіцячай творчасці,Центр Детского творчества,Цэнтр дзіцячай творчасці,,,,,52.3658545,30.4041792,https://rctdim.by/,+375 (2340) 2-70-84,rechitsa_tsdt@mail.ru,rechitsa_tsdt@mail.ru
node/2552975127,Навасёлкаўская сярэдняя школа,Новоселковская С/Ш,Навасёлкаўская сярэдняя школа,,Школьная вуліца,,211832,55.1428194,27.0131087,,,,
node/2613170402,ДУА «ЦДА ДзіМ «Светач» г.Мінска»,ГУО «ЦДО ДиМ «Светоч» г.Минска»,ДУА «ЦДА ДзіМ «Светач» г.Мінска»,,вуліца Якуба Коласа,,,53.9298627,27.5970664,http://svetoch.minsk.edu.by,+375 17 2371123,svetoch@minsk.edu.by,svetoch@minsk.edu.by
node/2621535606,Дзіцячая музычная школа,Детская музыкальная школа,Дзіцячая музычная школа,,,,,52.7793823,27.5466108,,,,
node/2624615074,Гурток юных натуралістаў,кружок «юных натуралистов»,Гурток юных натуралістаў,,,,,52.7859593,27.5343232,,,,
node/2680783323,Рэчыцкі раённы ліцэй,Речицкий районный лицей,Рэчыцкі раённы ліцэй,Рэчыца,Савецкая вуліца,55,247500,52.3682701,30.3955288,https://licei.rechitsa.gov.by/,+375234049398,licei@rechitsa-edu.gov.by,licei@rechitsa-edu.gov.by
node/2723888925,ЦДАДзіМ «Маяк»,ЦДОДиМ «Маяк»,ЦДАДзіМ «Маяк»,Мінск,Палявы завулак,2А,,53.8762693,27.566085,https://mayak.minskedu.gov.by/,,,
node/2781013735,Школа аг. Пірэвічы,Школа аг. Пиревичи,Школа аг. Пірэвічы,,,,,52.7844975,30.3294365,,,,
node/2810420471,Школа аг. Красны Бераг,Школа аг.Красный Берег,Школа аг. Красны Бераг,,,,,52.9467459,29.7899618,,,,
node/2830926389,Школа в. Скепня,Школа д.Скепня,Школа в. Скепня,,,,,52.7603486,30.2234624,,,,
node/2905383044,Школа-Інтэрнат,Школа-Интернат,Школа-Інтэрнат,,,,,53.9345602,30.2882028,,,,
node/2957609697,Навучальны цэнтр цэнтра занятасці,Учебный центр центра занятости,Навучальны цэнтр цэнтра занятасці,,,,,52.1042201,23.6769525,,,,
node/2961991587,ДЮСШ,ДЮСШ,ДЮСШ,,,,,55.9024093,28.8117164,,+375 (2159) 4-28-61,,
node/3014280838,Музычная школа,Музыкальная школа,Музычная школа,,,,,53.4560648,26.4582152,,,,
node/3158396233,Нядзельная школа,Воскресная школа,Нядзельная школа,,,,,53.9564808,27.5382689,,+375 29 7559268,,
node/3212157334,Харэаграфічная школа,Хореографическая школа,Харэаграфічная школа,,,,,52.1468017,25.5328044,,,,
node/3216099882,Дзіцячая школа мастацтваў,Детская школа искусств,Дзіцячая школа мастацтваў,,Набярэжная вуліца,13,211162,54.6569863,29.1387512,https://novolukomldshi.ucoz.ru/,+375 (2133) 5-67-30,,
node/3237673393,Беліцкі вучэбна-педагагічны комплекс дзіцячы сад – сярэдняя школа,Белицкий учебно-педагогический комплекс детский сад – средняя школа,Беліцкі вучэбна-педагагічны комплекс дзіцячы сад – сярэдняя школа,,,,,53.6519579,25.3181823,,+375 154 575340,,
node/3237673397,Ганчарскі вучэбна-педагагічны комплекс дзіцячы сад – сярэдняя школа,Гончарский учебно-педагогический комплекс детский сад – средняя школа,Ганчарскі вучэбна-педагагічны комплекс дзіцячы сад – сярэдняя школа,,,,,53.7329524,25.4166884,,+375 154 592338,,
node/3237673398,Гудскі вучэбна-педагагічны комплекс дзіцячы сад – базавая школа,Гудский учебно-педагогический комплекс детский сад – базовая школа,Гудскі вучэбна-педагагічны комплекс дзіцячы сад – базавая школа,,,,,53.9748323,25.2323171,,+375 154 590319,,
node/3237673399,Дварышчанскі вучэбна-педагагічны комплекс дзіцячы сад – сярэдняя школа,Дворищанский учебно-педагогический комплекс детский сад – средняя школа,Дварышчанскі вучэбна-педагагічны комплекс дзіцячы сад – сярэдняя школа,,,,,53.9944751,25.3898586,,+375 154 599307,,
node/3237673401,Ёдкаўская сярэдняя школа,Едковская средняя школа,Ёдкаўская сярэдняя школа,,,,,53.8517811,25.3648731,,+375 154 596111,,
node/3237673402,Крупаўская сярэдняя школа,Круповская средняя школа,Крупаўская сярэдняя школа,,,,,53.4833645,24.8474908,,+375 154 574269,,
node/3237673406,Пескаўскі вучэбна-педагагічны комплекс дзіцячы сад – сярэдняя школа,Песковский учебно-педагогический комплекс детский сад – средняя школа,Пескаўскі вучэбна-педагагічны комплекс дзіцячы сад – сярэдняя школа,,,,,53.5645117,25.1720382,,+375 154 576301,,
node/3237673407,Парэчанскі вучэбна-педагагічны комплекс дзіцячы сад – базавая школа,Поречский учебно-педагогический комплекс детский сад – базовая школа,Парэчанскі вучэбна-педагагічны комплекс дзіцячы сад – базавая школа,,,,,53.6419282,25.1759434,,+375 154 572393,,
node/3282659455,мадэльная школа Нагорнага,модельная школа Нагорного,мадэльная школа Нагорнага,,,,,53.1479911,25.9987075,,,,
node/3386857075,Сярэдняя школа №76,Средняя школа №76,Сярэдняя школа №76,,,,,53.9242962,27.5869661,,,,
node/3602706267,Дзіцячы сад-сярэдняя школа «Адраджэнне»,Детский сад-средняя школа «Возрождение»,Дзіцячы сад-сярэдняя школа «Адраджэнне»,,,,,53.8410545,27.5017081,http://www.revivals.by/,,,
node/3676916238,Школа мастацтваў,Школа искусств,Школа мастацтваў,,,,,55.2221216,29.6684285,,,,
node/3710919425,ДУДО «Раённы цэнтр творчасці дзяцей і моладзі «Ветразь надзей»» г. п. Хоцімска,ГУДО «Районный центр творчества детей и молодежи «Ветразь надзей» г.п.Хотимска»,ДУДО «Раённы цэнтр творчасці дзяцей і моладзі «Ветразь надзей»» г. п. Хоцімска,,,,,53.4061948,32.577771,,,,
node/3710919478,Дом рамёстваў,Дом ремесел,Дом рамёстваў,,,,,53.4120236,32.5862703,,,,
node/3710919479,Школа мастацваў,Школа искусств,Школа мастацваў,,,,,53.4120034,32.5861748,,,,
node/3761568773,ДУА «Жыліцкі дзіцячая школа мастацтваў»,ГУО «Жиличская детская школа искусств»,ДУА «Жыліцкі дзіцячая школа мастацтваў»,Жылічы,вуліца Міру,5,213948,53.1558521,29.6886848,https://vk.com/guo_zhilichskaya_shkola_iskysstv,+375-22-37-72-2-16;+375-22-37-72-2-18;+375-22-37-74-8-44,,zilichi_dshi@mail.ru
node/3855000068,Школа мастацтваў «Маладзік»,Школа искусств «Маладик»,Школа мастацтваў «Маладзік»,,,,,55.1612768,30.2169964,,,,
node/3907098348,Цэнтр індывідуальнага навучання,Центр индивидуального обучения,Цэнтр індывідуальнага навучання,,,,,53.0918156,30.0559495,,,,
node/3912878270,Адукацыйны цэнтр «Лідар»,Образовательный центр Лидер,Адукацыйны цэнтр «Лідар»,,,,,53.0798854,30.0513588,,,,
node/3915801786,Школа-Інтэрнат,Школа-Интернат,Школа-Інтэрнат,,,,,51.8022279,29.1538459,,,,
node/3916568726,Музычная школа,Музыкальная Школа,Музычная школа,,,,,53.4862147,29.348433,,,,
node/4040110468,Дзіцячая школа мастацтваў,Детская школа искусств,Дзіцячая школа мастацтваў,,,,,55.4873365,28.7697783,,,,
node/4090255844,Сыраваткінская СШ,Сыроваткинская СШ (Сыроватки),Сыраваткінская СШ,,,,,54.6811585,26.4010326,,,,
node/4100658038,Дзіцячая школа мастацтваў,Детская школа искусств,Дзіцячая школа мастацтваў,,,,,55.2269495,30.2105689,,,,
node/4143362089,Нядзельная школа «Хрыстос для ўсіх»,Воскресная школа церкви «Христос для всех»,Нядзельная школа «Хрыстос для ўсіх»,,Чыгуначная вуліца,35,,52.7928906,27.5354275,,,,
node/4209876256,ГЛагер акторскага майстэрства «Acting Camp»,Лагерь актёрского мастерства «Acting Camp»,ГЛагер акторскага майстэрства «Acting Camp»,,,,,53.8073395,27.7365927,http://Camp.CinemaSchool.by,"+375(29)3405643, +375(25)5201926",,
node/4214387006,Пiнская дзіцячая музычная школа №1,Пинская детская школа искусств,Пінская дзіцячая школа мастацтваў,,,,,52.1148711,26.1109732,https://www.pinsk.gov.by/gosserv/dhi.php,"623750 (приёмная) , 654383 (зам.директора) . 622529 (директор)",pinsk-dshi@yandex.ru,pinsk-dshi@yandex.ru
node/4219641597,Музычная школа,Музыкальная школа,Музычная школа,,,,,54.3177384,29.1399459,,,,
node/4236991093,Нядзельная школа,Воскресная школа,Нядзельная школа,,,,,55.1600336,30.2262256,,,,
node/4245885589,ДЮСШ,ДЮСШ,ДЮСШ,,,,,53.7762711,30.3482787,,,,
node/4253940289,Фоташкола Віталія Когаля,Фотошкола Виталия Коголя,Фоташкола Віталія Когаля,,,,210009,55.199658,30.2374229,,+375292159184,,
node/4263416462,Музычная школа,Музыкальная школа,Музычная школа,,,,,52.5542853,24.4639124,,,,
node/4269723494,Pro-гімназія,Pro-гимназия,Pro-гімназія,,,,,53.8736238,27.5714145,,,,
node/4276535495,Школа №18,Школа №18,Школа №18,,,,,53.1537928,29.222649,,,,
node/4284084661,Сярэдняя школа №202,Средняя школа №202,Сярэдняя школа №202,,,,,53.9478477,27.67473,,,,
node/4284084662,Сярэдняя школа №203,Средняя школа №203,Сярэдняя школа №203,,,,,53.9470175,27.6718192,,,,
node/4296986389,РОСТ ІП ЯРМОШЫНА,РОСТ ИП ЕРМОШИНА,РОСТ ІП ЯРМОШЫНА,,,,,53.1265588,26.0242106,,80295207316,rost-bar@baranovichi.by,rost-bar@baranovichi.by
node/4321510192,Дзіцяча-юнацкая спартыўная школа Стаўбцоўскага раёна,Детско-юношеская спортивная школа Столбцовского района,Дзіцяча-юнацкая спартыўная школа Стаўбцоўскага раёна,,,,,53.4829154,26.7405784,,,,
node/4326087091,Музычная школа,Музыкальная школа,Музычная школа,,,,,55.0216723,30.7957296,,,,
node/4326505622,Свислочская средняя школа им. А.Г. Червякова,Свислочская средняя школа им. А.Г. Червякова,Свислочская средняя школа им. А.Г. Червякова,Свислочь Пуховичский р-н,вуліца Будаўнікоў,15,,53.6448663,27.9216517,,,,
node/4330648430,Дом дзіцячай творчасці,Дом детского творчества,Дом дзіцячай творчасці,,Інтэрнацыянальная вуліца,18,,52.0697908,27.7282152,,,,
node/4384984189,Жодзінская жаночая гімназія,Жодинская женская гимназия,Жодзінская жаночая гімназія,,Савецкая вуліца,20,222163,54.1087694,28.3625064,http://girl-gimn.unibel.by,+375177522142,girls.gymn@gmail.com,girls.gymn@gmail.com
node/4404187291,Дзіцячая школа мастацтваў №1,Детская школа искусств №1,Дзіцячая школа мастацтваў №1,,,,,55.1633417,30.2216556,,,,
node/4404187292,Дзіцячая школа мастацтваў №5,Детская школа искусств №5,Дзіцячая школа мастацтваў №5,,,,,55.1632162,30.221604,,,,
node/4406335189,Баравікоўская СШ,Баравиковская СШ,Баравікоўская СШ,,,,,52.5466047,29.8448077,,,,
node/4408715205,Корпус №1,Корпус №1,Корпус №1,,,,,53.9046192,30.3425114,,,,
node/4409360391,СДзЮШАР,СДЮШОР,СДзЮШАР,,,,,54.2177329,28.5082556,,,,
node/4411246692,Музычная школа,музыкальная школа,Музычная школа,,,,,53.3086438,28.6374588,,,,
node/4423212589,Дзіцячая школа мастацтваў г. Кіраўска,ГУО «Детская школа искусств г. Кировска»,Дзіцячая школа мастацтваў г. Кіраўска,,,,,53.2700563,29.4762813,,,,
node/4428554991,Сярэдняя школа №23,Средняя школа №23,Сярэдняя школа №23,,,,,53.1340425,29.1929293,,,,
node/4428577390,Базавая школа №15,Базовая школа №15,Базавая школа №15,,,,,53.1419792,29.2944785,,,,
node/4428580389,Сярэдняя школа №3,Средняя школа №3,Сярэдняя школа №3,,,,,53.1296681,29.2261348,,,,
node/4428580390,Сярэдняя школа №4,Средняя школа №4,Сярэдняя школа №4,,,,,53.1324708,29.2135331,,,,
node/4430554889,Сярэдняя школа №17,Средняя школа №17,Сярэдняя школа №17,,,,,53.0961148,29.2350745,,,,
node/4434312889,БДК,БГК,БДК,,,,,54.2142281,28.4898414,,,,
node/4441698690,Аўташкола ДАСААФ,автошкола ДОСААФ,Аўташкола ДАСААФ,,,,,54.2249188,28.4900273,,,,
node/4481325889,Зала барацьбы,Зал борьбы,Зала барацьбы,,вуліца Якуба Ясінскага,23,,54.3020153,26.8256306,,,,
node/4485722830,Школа №6,Школа №6,Школа №6,,,,,53.0309711,27.5536159,,,,
node/4486673311,Жлобінская ДзЮСШ,Жлобинская ДЮСШ,Жлобінская ДзЮСШ,,,,,52.894443,30.058712,,,,
node/4505356491,Аўташкола БелТэхМайстар,Автошкола БелТехМастер,Аўташкола БелТэхМайстар,,,,,52.6326508,29.7524144,,,,
node/4510418108,школа развіцця СМАРТіК,школа развития СМАРТиК,школа развіцця СМАРТіК,,,,,53.8807767,27.519998,http://smartik.www.by,+375 29 3203540;+375 33 9045352,smartik.by@gmail.com,smartik.by@gmail.com
node/4515161291,Астрашыска-гарадоцкая сярэдняя школа,Острошицко-городокская СШ,Астрашыска-гарадоцкая сярэдняя школа,,,,,54.0673637,27.6996279,,,,
node/4531358394,Дзіцячая школа мастацтваў №2,Детская школа искусств №2,Дзіцячая школа мастацтваў №2,,,,,52.0351043,29.216707,,,,
node/4533406559,Дзіцячая школа мастацтваў №3 «Маладзік»,Детская школа искусств № 3 Маладик,Дзіцячая школа мастацтваў №3 «Маладзік»,,,,,55.1619492,30.2173015,,,,
node/4540984892,ДЮСШ,ДЮСШ,ДЮСШ,,,,,53.7783717,24.8462464,,,,
node/4560619954,Дзіцячая мастацкая школа,Детская художественная школа,Дзіцячая мастацкая школа,,,,,54.3057758,26.823239,,,,
node/4577009493,Айціландыя,Айтиландия,Айціландыя,,вуліца Каменшчыкава,36,246045,52.4683021,31.0238572,http://gomel.itlandia.by,+375291393010,gomel@itlandia.by,gomel@itlandia.by
node/4577938229,Цэнтр дадатковага адукацыі,Центр дополнительного образования,Цэнтр дадатковага адукацыі,,,,,53.8691679,27.629566,,,,
node/4689552292,СДЮШАР,СДЮШОР,СДЮШАР,,,,225051,52.3950724,23.8214372,,,,
node/4696083189,Аўташкола «Прафесіянал»,Автошкола «Профессионал»,Аўташкола «Прафесіянал»,,,,,54.5074844,30.4257231,,,,
node/4709873690,Студыя «Пазнайка»,Студия «Познайка»,Студыя «Пазнайка»,,,,,53.9892627,27.6677222,,,,
node/4716032790,Цэнтр ранняга развіцця дзяцей FasTracKids,Центр раннего развития детей FasTracKids,Цэнтр ранняга развіцця дзяцей FasTracKids,,,,,53.9341572,27.4757664,https://fastrackids.by/,+375 17 3627328,ftk.belarus@gmail.com,ftk.belarus@gmail.com
node/4716430095,Музычная школа,Музыкальная школа,Музычная школа,,,,,54.0049923,27.6831556,,,,
node/4736931221,Сярэдняя школа №1,Средняя школа №1,Сярэдняя школа №1,,,,,52.216235,27.8633754,,,,
node/4764738499,Гарбацэвіцкая сярэдняя школа,Горбацевичская средняя школа,Гарбацэвіцкая сярэдняя школа,,,,,53.095588,29.0074387,,,,
node/4778168070,Светлаборская базавая школа,Светлоборская базовая школа,Светлаборская базавая школа,,,,222818,53.5811222,28.2927748,,,,
node/4784316621,Школа №2,Школа №2,Школа №2,,вуліца Іванова,42,,54.4863622,26.4094476,https://sch2.smorgon-edu.gov.by/,+375 15 922 87 67,,
node/4844160321,Школа ранняга развіцця New baby,Школа раннего развития New baby,Школа ранняга развіцця New baby,,,,,53.1435115,26.0421399,,,,
node/4872695721,Гняздзілаўскі дзіцячы сад-базавая школа,Гнездиловский Детский Сад - Базовая Школа,Гняздзілаўскі дзіцячы сад-базавая школа,,,,,54.8194927,27.7525456,,,,
node/4884761921,Школа №1,Школа №1,Школа №1,,,,213827,53.1500714,29.2410004,,,,
node/4898117869,Школа №1 ім. А. С. Пушкіна,Школа №1 им. А.С.Пушкина,Школа №1 ім. А. С. Пушкіна,,,,,53.4596606,27.2198875,,,,
node/4907536221,ЛНД,ЛНД,ЛНД,,,,,53.8952003,27.4621596,,,,
node/4919108885,Спецыяльная школа,Специальная школа,Спецыяльная школа,,,,,53.6994586,23.843795,https://spsch.lengrodno.gov.by/,+375152563993,spsch@lengrodno.by,spsch@lengrodno.by
node/4940527891,Дзіцячая школа мастацтваў г.Бяроза (філія в. Здзітава),Детская школа искусств г.Берёза (филиал д.Здитово),Дзіцячая школа мастацтваў г.Бяроза (філія в. Здзітава),,,,,52.4734285,24.9971943,,,,
node/4952626959,Школа,Школа,Школа,,,,,52.2524519,26.8997292,,,,
node/4961645623,Гімназія-каледж мастацтваў,Гимназия-колледж искусств,Гімназія-каледж мастацтваў,,,,222310,54.2937152,26.8477604,,+375176773126;+375176750515,gkimolodechno@gmail.com;gkmolodechno@gmail.com,gkimolodechno@gmail.com;gkmolodechno@gmail.com
node/4976473622,Сярэдняя школа №5,Средняя школа №5,Сярэдняя школа №5,,,,,53.7470526,31.7193694,,,,
node/4986883324,СДзЮШАР Веласпорт,СДЮШОР Велоспорт,СДзЮШАР Веласпорт,,,,,54.416236,29.7016047,,,,
node/4987028523,СДзЮШАР Секцыя грэка-рымскай барацьбы,СДЮШОР Секция греко-римской борьбы,СДзЮШАР Секцыя грэка-рымскай барацьбы,,,,,54.4015967,29.6798769,,,,
node/5022861880,Сярэдняя школа № 7,Средняя школа № 7,Сярэдняя школа № 7,,,,,52.9018364,30.014674,,,,
node/5036637608,QSI International School of Minsk,Международная Школа,Міжнародная Школа,,вуліца Суворава,18,220049,53.9380489,27.6203035,https://www.qsi.org/belarus/blr,+375 17 280 66 00,minsk@qsi.by,minsk@qsi.by
node/5038847716,Пачатковая школа гімназіі №9,Начальная школа Гимназии № 9,Пачатковая школа гімназіі №9,,,,,53.6553053,23.8389003,,,,
node/5140705221,Школа Сяргея Нагорнага,Школа Сергея Нагорного,Школа Сяргея Нагорнага,,,,,53.6877862,23.8210017,,,,
node/5183957842,Дзіцяча - юнацкі клуб «Альтэрнатыва»,Детско-юнешеский клуб «Альтернатива»,Дзіцяча - юнацкі клуб «Альтэрнатыва»,,,,,53.8876143,27.6151999,,,,
node/5241781061,Школа-інтэрнат,Школа-интернат,Школа-інтэрнат,,,,,52.5364998,30.9086515,,,,
node/5279037634,Школа-інтэрнат,Школа-интернат,Школа-інтэрнат,,вуліца Марозава,,,52.1134323,25.9114607,,,,
node/5350713567,Альтэрнатыва,Альтернатива,Альтэрнатыва,,,,,53.8672313,27.4545486,https://www.alt-school.by/,,,
node/5375953421,Сярэдняя школа «Альтасфера»,Средняя школа «Альтасфера»,Сярэдняя школа «Альтасфера»,,,,,53.9113116,27.5635683,http://www.altasfera.by/,+375 17 2845997,,
node/5393345521,English Pie,Инглиш Пай,Інгліш Пай,,,,,53.9570595,27.6049203,https://englishpie.by/,+375 29 3822828,info@englishpie.by,info@englishpie.by
node/5435534424,Магілёўская абласная СДЮШАР прафсаюзаў «Юнацтва»,Магілёўская абласная СДЮШАР прафсаюзаў «Юнацтва»,Магілёўская абласная СДЮШАР прафсаюзаў «Юнацтва»,,,,,53.9120808,30.3262948,,+375222276978,dush.unost@mail.ru,dush.unost@mail.ru
node/5469424932,Цэнтр дадатковай адукацыі дзяцей і моладзі «Ветразь»,Центр дополнительного образования детей и молодёжи «Ветразь»,Цэнтр дадатковай адукацыі дзяцей і моладзі «Ветразь»,,,,,53.8779111,27.5594692,,,,
node/5565165650,Плешчаніцкая дзіцячая школа мастацтваў,Плещеницкая детская школа искусств,Плешчаніцкая дзіцячая школа мастацтваў,Плешчаніцы,вуліца Гастэлы,2А,,54.4140584,27.8170319,,,,
node/5704999921,Спартыўная школа,Спортивная школа,Спартыўная школа,,,,,53.5714146,24.1995123,,,,
node/5731652922,СШ,СШ №6,СШ,,,,,54.0901195,28.3029077,,,,
node/5771929553,Цэнтр развіцця дзяцей і моладзі,Центр развития детей и молодёжи,Цэнтр развіцця дзяцей і моладзі,,вуліца Дзяржынскага,,,54.2460911,28.5123932,,,,
node/5821300253,Прыватная школа «Стэмбрыдж»,Частная школа «Стембридж»,Прыватная школа «Стэмбрыдж»,Мінск,праспект Незалежнасці,117А,220114,53.931543,27.6372532,https://www.stembridge.by/,+375296914900,hello@stembridge.by,hello@stembridge.by
node/5896644187,Нядзельная школа,Воскресная школа,Нядзельная школа,,,,,52.0832954,23.6543845,,,,
node/5984907922,Магілёўская дзіцячая школа выяўленчых мастацтваў (корпус №2),Магілёўская дзіцячая школа выяўленчых мастацтваў (корпус №2),Магілёўская дзіцячая школа выяўленчых мастацтваў (корпус №2),,Ленінская вуліца,34,,53.8999713,30.3382887,,,,
node/6018415850,Чайлд Кінг,Чайлд Кинг,Чайлд Кінг,,,,,53.9571161,27.6055133,http://childkingdom.club/,,,
node/6099267785,Круцілаўская школа-сад,Крутиловичская школа-сад,Круцілаўская школа-сад,,,,,53.4584328,25.6603216,,,,
node/6128743403,Школьная установа,Школьное учреждение,Школьная установа,,,,,53.5684104,26.3413173,,,,
node/6189846919,Цэнтр творчасці дзяцей і моладзі «Крынічка»,Цэнтр творчасці дзяцей і моладзі «Крынічка»,Цэнтр творчасці дзяцей і моладзі «Крынічка»,,,,,53.9285339,30.3549737,,,,
node/6199024194,Цэнтр дадатковай адукацыі дзяцей і моладзі «Ветразь»,Центр дополнительного образования детей и молодёжи «Ветразь»,Цэнтр дадатковай адукацыі дзяцей і моладзі «Ветразь»,,,,,53.841292,27.501894,http://oktcvr.minsk.edu.by/,,,
node/6312824392,Лемары,Лемари,Лемары,,,,,53.9569682,27.6061805,http://www.lemari.by,+375 29 3308186,info.lemari@tut.by,info.lemari@tut.by
node/6380216459,Бердаўскі вучэбна-педагагічны комплекс дзіцячы сад-сярэдняя школа,Бердовский учебно-педагогический комплекс детский сад-средняя школа,Бердаўскі вучэбна-педагагічны комплекс дзіцячы сад-сярэдняя школа,,,,,53.9263222,25.508253,https://berdovka.schools.by/,,,
node/6482034685,Глінішчанская СШ,Глинищанская СШ,Глінішчанская СШ,,,,,51.9363938,29.6609418,,,,
node/6548831697,Клуб «Дружба»,Клуб Дружба,Клуб «Дружба»,,,,,53.896819,25.2651912,,,,
node/6642627085,Макавіцкая сярэдняя школа,Маковичская средняя школа,Макавіцкая сярэдняя школа,,,,,52.9818339,28.5908306,,,,
node/6655324289,Музычная школа,Музыкальная школа,Музычная школа,,,,,54.2238806,28.5213061,,,,
node/6703347786,Сярэдняя школа №34,ГУО средняя школа 34,Сярэдняя школа №34,,,,,53.1642418,29.1702228,,,,
node/6777253586,Шарашоўская школа (пустуе),Шерешовская школа (пустует),Шарашоўская школа (пустуе),,,,,52.5525978,24.2087676,,,,
node/6854724186,Гімназія-каледж мастацтваў,Гимназия-колледж искусств,Гімназія-каледж мастацтваў,,,,,53.1544794,29.2216603,,80225763065,,
node/6946492185,САШ 2,СОШ 2,САШ 2,,,,,52.3629919,30.3949606,,,,
node/7048479523,Школа развіцця дзіцяці «Першая адукацыя»,Школа развития ребенка «Первое образование»,Школа развіцця дзіцяці «Першая адукацыя»,,Магілёўская вуліца,37,,53.8859866,27.5555747,,,,
node/7119391578,Развіццё,Развитие,Развіццё,Кобрын,вуліца Дружбы,24,225830,52.1932316,24.350989,,,,
node/7124052285,Каўбчанская СШ,Каўбчанская СШ,Каўбчанская СШ,,Школьная вуліца,1,213908,53.6452606,29.2331189,,,,
node/7125883287,Астравенская дзіцячы сад-сярэдняя школа,ГУО «Островенская детский сад-средняя школа»,Астравенская дзіцячы сад-сярэдняя школа,,Надазёрная вуліца,17,211364,55.1388115,29.8498113,,,,
node/7129350159,Цэнтр тэхнічнай творчасці,Центр технического творчества,Цэнтр тэхнічнай творчасці,Салігорск,вуліца Леніна,57,,52.7789885,27.5474481,https://tehno-soligorsk.schools.by,,,
node/7227141086,Астранамічная школа «Млечны шлях»,Астрономическая школа «Млечный путь»,Астранамічная школа «Млечны шлях»,,,,,53.956963,27.604871,https://www.milkyway.by/,,,
node/7236289576,Музычная школа,Музыкальная школа,Музычная школа,,,,,56.0159352,28.0860946,,,,
node/7243319885,Перамена. Прыватная школа і дзіцячы сад,Перемена. Частная школа и детский сад,Перамена. Прыватная школа і дзіцячы сад,,,,220062,53.9419921,27.4593037,https://peremena.by,+375 29 1100300,info@peremena.by,info@peremena.by
node/7287762154,Музычная школа,Музыкальная школа,Музычная школа,,,,,54.0356308,26.6798871,,,,
node/7503598285,Крок,Шаг,Крок,,вуліца Карла Маркса,32,,53.8994949,27.5612409,,,,
node/7670811926,Школа веславання,Школа гребли,Школа веславання,,,,,54.8701243,26.9255422,,,,
node/7684388413,Сеўкаўская дзіцячы сад-базавая школа,ГУО «Севковский детский сад - базовая школа»,Сеўкаўская дзіцячы сад-базавая школа,Сяўкі,вуліца Пічугіна,10,247119,51.7823593,30.5457817,https://sevki.schools.by/,,,
node/7684472807,Бывалькаўская дзіцячы сад-сярэдняя школа,ГУО «Бывальковский детский сад-средняя школа»,Бывалькаўская дзіцячы сад-сярэдняя школа,Бывалькі,вуліца Кузьмы Грыба,3,247112,51.8478394,30.6465912,https://byvalki.schools.by/,,,
node/7684472811,Крупейская базавая школа,Крупейская базовая школа,Крупейская базавая школа,Крупейкі,вуліца Банникава,17А,,51.9177553,30.7291163,https://krupejki.schools.by/,,,
node/7685033840,Малажынская сярэдняя школа,Маложинская средняя школа,Малажынская сярэдняя школа,Малажын,Школьная вуліца,3,247642,51.742111,30.5062164,https://malogin.schools.by/,+375 (02344) 9-73-43,maloginsh@roo-bragin.by,maloginsh@roo-bragin.by
node/7685033842,Малажынскі дзіцячы сад,ГУО «Маложинский детский сад»,Малажынскі дзіцячы сад,Малажын,Новая вуліца,21,247642,51.7430504,30.5019696,https://ds-malogin.schools.by/,+375(2344)37241,Malozhinds@roo-bragin.by,Malozhinds@roo-bragin.by
node/7687229265,Карпаўскі дзіцячы сад,ГУО «Карповский детский сад,Карпаўскі дзіцячы сад,Карпаўка,вуліца Гагарына,15,247103,52.0256014,30.9056507,https://loevroo.schools.by/pages/232620614987,+375 2347 42253,karpaukaschool@mail.gomel.by,karpaukaschool@mail.gomel.by
node/7694635786,Хімаўскі НВК,Химовский УПК,Хімаўскі НВК,,,,,53.162003,29.3983369,http://himy.bobruisk.edu.by,8 (0225) 71-29-07,himy@bobruisk.edu.by,himy@bobruisk.edu.by
node/7699924143,Бабовіцкая сярэдняя школа,ГУО «Бобовичская средняя школа»,Бабовіцкая сярэдняя школа,Бабовічы,Пралетарская вуліца,1Е,247035,52.3397864,30.9237356,https://bobovichi.schools.by/,,bobovichi2014@mail.gomel.by,bobovichi2014@mail.gomel.by
node/7704938620,Яслі-сад №1 г. п. Лоеў,ГУО «Ясли сад №1 г.п. Лоева»,Яслі-сад №1 г. п. Лоеў,,вуліца Горкага,2,,51.938791,30.8037404,https://detsad1loev.schools.by/,+375 02347 5-29-44,,
node/7721797292,Нядзельная школа прыхода святога прападобнапакутніка Серафіма архімандрыта Жыровіцкага,Воскресная школа прихода святого преподобномученика Серафима архимандрита Жировичского,Нядзельная школа прыхода святога прападобнапакутніка Серафіма архімандрыта Жыровіцкага,,,,,53.6244393,23.8566728,https://www.grodno-orthodox.by/cases/sunday-school.html,,,
node/8142356607,Нядзельная школа,Воскресная школа,Нядзельная школа,Кобрын,вуліца Леніна,18,225306,52.214122,24.3587298,,,,
node/8370858017,Буйніцкая дзіцячая школа мастацтваў імя Л.Л. Іванова,Буйничская детская школа искусств имени Л.Л. Иванова,Буйніцкая дзіцячая школа мастацтваў імя Л.Л. Іванова,,,,,53.8570949,30.2630967,,,,
node/8749065966,ДУА «Брынёўскі дзіцячы сад - сярэдняя школа»,ГУО «Бриневский детский сад - средняя школа»,ДУА «Брынёўскі дзіцячы сад - сярэдняя школа»,Брынёў,вуліца Гагарына,4,247947,52.1894004,28.180634,https://brinev.schools.by/,+375235094847,brinevo@mail.gomel.by,brinevo@mail.gomel.by
node/8781008626,DreamIT,DreamIT,Курсы для дзяцей і дарослых DreamIT.by,,вуліца Будаўнікоў,39,,52.7922255,27.5315989,https://dreamit.by,+375 29 832 92 41,,
node/8812321478,Лагойская дзіцячая школа мастацтваў,Логойская детская школа искусств,Лагойская дзіцячая школа мастацтваў,Лагойск,Савецкая вуліца,18,,54.2009114,27.8472156,https://vk.com/logoisk_music_art,+375 17 745 58 67,,
node/8812584239,Семукацкая дзіцячы сад-сярэдняя школа,Семукачский детский сад-средняя школа,Семукацкая дзіцячы сад-сярэдняя школа,Семукачы,Зарэчная вуліца,36,,53.7488341,29.8642447,,,,
node/9005215916,Капцэвіцкая сярэдняя школа,Копцевичская средняя школа,Капцэвіцкая сярэдняя школа,,,,,52.2265935,28.3159035,,,,
node/9005439280,Мінская школа кінамастацтва,Минская школа киноискусства,Мінская школа кінамастацтва,Гомель,вуліца Ільіча,331,246013,52.3565655,31.0289931,https://CinwmaSchool.by,+375 33 6041030,1@CinemaSchool.by,1@CinemaSchool.by
node/9035806924,Сярэдняя школа №2,Средняя школа №2,Сярэдняя школа №2,,,,,54.6526731,29.1371751,https://2.novolukoml.schools.by/,+375 (2133) 6-76-90,NL.school2@gmail.com,NL.school2@gmail.com
node/9035806925,Сярэдняя школа №1,Средняя школа №1,Сярэдняя школа №1,,,,,54.6580593,29.1488032,https://1.novolukoml.schools.by/,+375 (2133) 6-76-99,,
node/9067757081,Лагойская комплексная спецыялізаваная дзіцяча-юнацкая спартыўная школа алімпійскага рэзерву,Логойская комплексная специализированная детско-юношеская школа олимпийского резерва,Лагойская комплексная спецыялізаваная дзіцяча-юнацкая спартыўная школа алімпійскага рэзерву,Лагойск,Камсамольская вуліца,12,,54.206535,27.8438296,,,,
node/9138521317,Гімназія г.п. Брагіна,ГУО «Гимназия г.п. Брагина»,Гімназія г.п. Брагіна,,,,247632,51.7782264,30.2748021,,,,
node/9142267719,Філіял Лагойскай комплекснай спецыалізаванай дзіцяча-юнацкай школы алімпійскага рэзерву,Филиал Логойской комплексной специализированной детско-юношеская школы олимпийского резерва,Філіял Лагойскай комплекснай спецыалізаванай дзіцяча-юнацкай школы алімпійскага рэзерву,,,,,54.2281144,27.7612905,,,,
node/9534783429,Гімназія Інавацыя,Гимназия Инновация,Гімназія Інавацыя,,,,,53.890685,27.5372285,http://innovagroup.by/,,,
node/9572831717,Дзіцячая студыя развіцця прамовы ВЯРШЫНА,Детская студия развития речи ВЕРШИНА,Дзіцячая студыя развіцця прамовы ВЯРШЫНА,,,55,,53.9465807,27.6292793,https://taplink.cc/vershina_deti.by,,,
node/9850516044,ДУА «Магілёўская гарадская гімназія №1»,ГУО «Могилевская городская гимназия № 1»,ДУА «Магілёўская гарадская гімназія №1»,Магілёў,вуліца Маўчанскага,47,212038,53.8768746,30.3722527,https://mogilevgymn1.by,,,
node/9904843018,Былая школа,Бывшая школа,Былая школа,,Ленінская вуліца,,,53.3635102,28.0345751,,,,
node/9951287215,Творчы цэнтр «МалМала»,Творческий центр «МалМала»,Творчы цэнтр «МалМала»,,,,,52.0888976,23.6931619,,,,
node/9992782169,Сярэдняя школа №170,Средняя школа №170,Сярэдняя школа №170,,,,,53.871799,27.4662971,,,,
node/10002253391,Магілёўскае абласное кадэцкае вучылішча ім. героя Савецкага Саюза Я. Нікалаенка,Магілёўскае абласное кадэцкае вучылішча ім. героя Савецкага Саюза Я. Нікалаенка,Магілёўскае абласное кадэцкае вучылішча ім. героя Савецкага Саюза Я. Нікалаенка,,,,,53.8966889,30.2929425,,,,
node/10139495287,Каменскі вучэбна-педагагічны комплекс дзіцячы сад-сярэдняя школа,Каменский учебно-педагогический комплекс детский сад-средняя школа,Каменскі вучэбна-педагагічны комплекс дзіцячы сад-сярэдняя школа,,,,,54.4171298,28.0265176,,,,
node/10177795758,Сярэдняя школа №1,Средняя школа №1,Сярэдняя школа №1,,,,,52.7566701,26.4299366,,,,
node/10262277482,Спецыялізаваная дзіцяча-юнацкая школа алімпійскага рэзерву №7,Специализированная детско-юношеская школа олимпийского резерва №7,Спецыялізаваная дзіцяча-юнацкая школа алімпійскага рэзерву №7,,,,,53.707434,23.7997737,https://sdjushor7.by/,+375152556078,info@sdushor7.by,info@sdushor7.by
node/10274993060,Адукацыйны цэнтр «Разумнік»,Адукацыйны цэнтр «Разумнік»,Адукацыйны цэнтр «Разумнік»,Мінск,вуліца Лабанка,58,220136,53.897921,27.4327172,https://ymnik.by/,,,
node/10555303018,Школа аг. Залессе,Школа аг. Залесье,Школа аг. Залессе,,вуліца Агінскага,15,,54.4232241,26.5288357,,,,
node/10557313820,Дзіцячая мастацкая школа,Детская художественная школа,Дзіцячая мастацкая школа,,,,,55.1790937,30.2013127,,,,
node/10634622976,Дзіцячая школа мастацтваў №5,Детская школа искусств № 5,Дзіцячая школа мастацтваў №5,,,,,55.1729439,30.2276108,,,,
node/10758494411,«Design&Decor School» Еўрапейская школа Інтэр'ера Дызайну і Дэкору,«Design&Decor School» Европейская школа Интерьера Дизайна и Декора,«Design&Decor School» Еўрапейская школа Інтэр'ера Дызайну і Дэкору,,праспект Пераможцаў,,,53.9406392,27.4667628,https://designdecor.by/,+375 29 615-17-17,,
node/10836860002,Галеўская пачатковая школа,Галевская начальная школа,Галеўская пачатковая школа,,,,,52.1523123,26.091911,,,,
node/10932196870,Сярэдняя школа Шыіцкі ДУА,Средняя школа Шиичский ГУО,Сярэдняя школа Шыіцкі ДУА,,,,,52.2484491,29.2269539,,,,
node/10937886698,Старасельская дзіцячая школа мастацтваў,Старасельская дзіцячая школа мастацтваў,Старасельская дзіцячая школа мастацтваў,,,,,55.2238929,29.8805444,,,,
node/11025948181,Теорема,Теорема,Тэарэма,,вуліца Сяргея Ясеніна,19А,,53.8493609,27.4600407,https://theorem.by/index.html,,,
node/11027627905,ДУА «Сярэдняя школа №6 г.Смаргоні»,ГУО «Средняя школа №6 г.Сморгони»,ДУА «Сярэдняя школа №6 г.Смаргоні»,,бульвар Надзей,,,54.5081378,26.3767094,,,,
node/11216952037,клуб «Rover Joy» (велотуризм),клуб «Rover Joy» (велотуризм),клуб «Rover Joy» (велотуризм),,Лясны праезд,2,223710,52.7692758,27.531852,,+375445314029,chaolin72@mail.ru,chaolin72@mail.ru
node/11251016082,Дзіцячы цэнтр развіцця Умка,Детский центр развития Умка,Дзіцячы цэнтр развіцця Умка,,,,,52.0880237,23.7105171,,,,
node/11283608270,Іжская базавая школа,Ижская базовая школа,Іжская базавая школа,,,,,54.6575074,26.7722211,,,,
node/11455564677,Детская хореографическая школа искусств имени В.Н.Погодина г.Бреста,Детская хореографическая школа искусств имени В.Н.Погодина г.Бреста,Детская хореографическая школа искусств имени В.Н.Погодина г.Бреста,,,,,52.0931115,23.6931407,,,,
node/11459668159,"Дзіцячы аздараўленчы цэнтр ""Актыўнае дзіцё""","Детский оздоровительный центр ""Активный ребёнок""","Дзіцячы аздараўленчы цэнтр ""Актыўнае дзіцё""",,,,,52.0992819,23.6897323,http://activebaby.by/,,,
node/11463148001,"Молотковичская государственная детская школа искусств, филиал аг. Плещицы","Молотковичская государственная детская школа искусств, филиал аг. Плещицы","Молотковичская государственная детская школа искусств, филиал аг. Плещицы",,,,,52.0652467,26.2005982,,,,
node/11746035051,ГУО СШ №51,ГУО СШ №51,ГУО СШ №51,,,,,53.8478292,27.5629002,,,,
node/11799251580,Позитив,Позитив,Позитив,,,,,52.0640133,23.7331505,https://pozitivbrest.by,,,
node/11799881077,Кошевичская воскресная школа,Кошевичская воскресная школа,Кошевичская воскресная школа,,,,,52.173754,25.9973645,,,,
node/11902051952,Чернавчицкая детская школа искусств,Чернавчицкая детская школа искусств,Чернавчицкая детская школа искусств,,,,,52.2111404,23.744325,,,,
node/12032779220,Козенская дзіцячая школа мастацтваў,Козенская детская школа искусств №2,Козенская дзіцячая школа мастацтваў,,,,,52.0164527,29.1962669,,,,
node/12032779227,Дзіцячая школа мастацтваў №3,Детская школа искусств №3,Дзіцячая школа мастацтваў №3,,,,,52.028925,29.2514689,,,,
node/12504485756,Дошкольный центр Развития Ребенка,Дошкольный центр Развития Ребенка,Дошкольный центр Развития Ребенка,,,,,53.8869573,26.7498931,https://lesovichok.volozhin-edu.gov.by/,,,
node/12556652834,"Цэнтр дзіцячага развіцця ""Апельсін""","Центр детского развития ""Апельсин""","Цэнтр дзіцячага развіцця ""Апельсін""",,,,,52.0847274,23.7147523,,,,
node/12565410492,"Центр развития ""Кидс""","Центр развития ""Кидс""","Центр развития ""Кидс""",,,,,55.190297,30.2063057,,+375 29 765-20-20,,
node/12568535458,Курсы А. Лазуркина,Курсы А. Лазуркина,Курсы А. Лазуркина,,,,,55.1900298,30.2050719,https://xn--80aodhcqsx.xn--90ais/kursy-podgotovki-k-ct-v-vitebske/,+375 (29) 137-33-83; +375 (29) 517-89-10,,
node/12597605842,Сярэдняя школа № 31,Средняя школа № 31,Сярэдняя школа № 31,,вуліца Свярдлова,32,,52.4023932,31.0401997,https://31gomel.by/,,31_schools@novobel.by,31_schools@novobel.by
node/12723074420,Курсы бухгалтерского учёта Голоден эпл,Курсы бухгалтерского учёта Голоден эпл,Курсы бухгалтерского учёта Голоден эпл,,Кальварыйская вуліца,17,,53.9059853,27.5291812,,,,
node/12834869614,100ct,100ct,100ct,,вуліца Жаркоўскага,6А,,52.4307689,31.0087183,https://100ct.by/gomel,+375 29 197 7171,,
node/12851871408,ProУспех,ProУспех,ProУспех,,Савецкая вуліца,61,,52.4403176,31.0043286,,,,
node/12853576793,Мудрый Лис,Мудрый Лис,Мудрый Лис,,Савецкая вуліца,55,,52.4368154,31.0060575,,+375 44 733 3573,,
node/12853585738,Шаг,Шаг,Шаг,,Савецкая вуліца,20,,52.4292462,31.0116179,,,,
node/12927960677,Комната школьника,Комната школьника,Пакой школьніка,,вуліца Свірыдава,1 к2,,52.4780678,31.0182291,,,,
node/13025625484,IT Kids Academy,IT Kids Academy,IT Kids Academy,Мінск,Нававіленская вуліца,47,220053,53.9357544,27.532296,https://itkids.by/,,,
node/13059141267,Гимназия 42 имени Ж.И. Алфёрова,Гимназия 42 имени Ж.И. Алфёрова,Гимназия 42 имени Ж.И. Алфёрова,,Іллянская вуліца,12а,,53.9339855,27.467374,,,,
node/13074647763,Магиум,Магиум,Магиум,,,,,52.1027152,23.7863573,,,,
node/13077536818,Твой репетитор,Твой репетитор,Твой репетитор,,вуліца Калеснікава,20,,53.9198457,27.4387558,,,,
node/13098639837,Былая Люцінская дзяржаўная дапаможная школа-інтэрнат,Бывш. Лютинская государственная вспомогательная школа-интернат,Былая Люцінская дзяржаўная дапаможная школа-інтэрнат,,,,,52.3050379,23.4760719,,,,
node/13157801376,Вастроўская Сярэдняя Школа,Островская Средняя Школа,Вастроўская Сярэдняя Школа,,,1,,52.8897617,25.976973,http://ostrov.lyahovichi.edu.by/,,,
node/13241257501,Свислочская средняя школа,Свислочская средняя школа,Свислочская средняя школа,,вуліца Цімошчанка,,,53.4438176,28.9547573,,,,
node/13294658583,Цэнтр развіцця талентаў «Performance»,Центр развития талантов «Performance»,Цэнтр развіцця талентаў «Performance»,,,,,52.0954461,23.6881576,https://www.instagram.com/performance_brest/,,,
node/13319457135,Кіселявецкая дзіцячая школа мастацтваў,Киселевецкая детская школа искусств,Кіселявецкая дзіцячая школа мастацтваў,,,,,52.1649142,24.4483164,,,,
node/13522033939,Дзівінская дзіцячая школа мастацтваў,Дивинская детская школа искусств,Дзівінская дзіцячая школа мастацтваў,,,,,51.9568736,24.5770944,,,,
node/13712914481,Айтиландия,Айтиландия,Айтиландия,,Шафарнянская вуліца,1,220125,53.9505485,27.6791954,https://itlandia.by/,+375 44 707-66-80,,
node/13766386201,Школа,Школа,Школа,,,,,51.5497494,29.8006709,,,,
node/13766558101,Школа,Школа,Школа,,,,,51.5497494,29.8006709,,,,
node/13844582455,"Шахматны клуб ""Чорная пешка""","Шахматный клуб ""Чёрная пешка""","Шахматны клуб ""Чорная пешка""",,,,,52.0929467,23.6905079,https://blackpawn.by/,+375 44 510 33 33,info@blackpawn.by,info@blackpawn.by
node/13844825356,KIBERone,KIBERone,KIBERone,,,,,52.0742383,23.7064351,https://brest.kiber-one.by/,+375 (29) 765-22-50,,
node/13871569410,Філіял Моладаўскай дзіцячай школы мастацтваў,Филиал Молодовской детской школы искусств,Філіял Моладаўскай дзіцячай школы мастацтваў,,,,,52.2365635,25.6686062,,,,
node/13882545563,Гімназія № 36 імя Мележа І. П.,Гимназия № 36 им. Мележа И. П.,Гімназія № 36 імя Мележа І. П.,,,,,52.403591,30.951772,http://bsg36.gorodgomel.by/,"+375(232) 48-10-27, +375(232) 26-48-65, +375(232) 23-13-17, +375(232) 26-52-45",bsg36@mail.gomel.by,bsg36@mail.gomel.by
node/13901422401,Гимназия N 8 им. В.И.Козлова,Гимназия N 8 им. В.И.Козлова,,,,,,52.8819713,30.046542,,,,
