id_etablissement,nom_etablissement,nom_en,nom_translit,type_etablissement,statut_operateur,gouvernorat_region,district,sous_district,latitude,longitude,ville
node/4319654692,مدارس البقرين,,mdrs lbqryn,École,,Hadramawt,Al Mukalla City,Al Mukalla City,14.5560765,49.1333781,
node/4298022225,مدارس النور,,mdrs lnwr,École,,Hadramawt,Al Mukalla City,Al Mukalla City,14.553924,49.135923,
node/4298021120,مدارس الاحفاد,,mdrs lHfd,École,,Hadramawt,Al Mukalla City,Al Mukalla City,14.552851,49.132791,
node/4298025314,روضة أطفال,Kindergarten,Kindergarten,École,,Hadramawt,Al Mukalla City,Al Mukalla City,14.552121,49.127169,
node/1841773527,كلية العلوم جامعة حضرموت,,kly@ l`lwm jm`@ HDrmwt,Université,,Hadramawt,Al Mukalla City,Al Mukalla City,14.5510266,49.11532,
way/173342510,مدرسه السيده عائشه للبنات,,mdrsh lsydh `y'shh llbnt,École,,Hadramawt,Al Mukalla City,Al Mukalla City,,,
way/232722640,مدرسه الخنساء,,mdrsh lkhns,École,,Hadramawt,Al Mukalla City,Al Mukalla City,,,
way/377983791,ثانويه الشاطئ,,thnwyh lshTy',École,,Hadramawt,Al Mukalla City,Al Mukalla City,,,
node/4319622138,مدارس الصدارة الحديثة,مدارس الصدارة الحديثه,مدارس الصدارة الحديثه,École,,Hadramawt,Al Mukalla City,Al Mukalla City,14.5586739,49.1375793,
node/4298024863,مدرسه,,mdrsh,École,,Hadramawt,Ghayl Bawazir,Ghayl Bawazir,14.7733483,49.2662448,
node/11250603524,مدرسة كثيبة,,mdrs@ kthyb@,École,,Hadramawt,Ghayl Bawazir,Ghayl Bawazir,14.7644666,49.2980282,
way/810207638,مدرسة الحامي الثانوية للبنات,,mdrs@ lHmy lthnwy@ llbnt,École,,Hadramawt,Ash Shihr,Al Hami,,,
way/810207620,مدرسة بدر الكسادي,,mdrs@ bdr lksdy,École,,Hadramawt,Ash Shihr,Al Hami,,,
way/714988306,ثانوية الملاح باطايع,,thnwy@ lmlH bTy`,École,,Hadramawt,Ash Shihr,Al Hami,,,
way/714988317,مدرسة صلاح الدين الأيوبي الأساسية,,mdrs@ SlH ldyn l'ywby l'ssy@,École,,Hadramawt,Ash Shihr,Al Hami,,,
way/810207643,مدرسة الهدى,,mdrs@ lhd~,École,,Hadramawt,Ash Shihr,Al Hami,,,
way/810195928,روضة الحامي,,rwD@ lHmy,Jardin d'enfants,,Hadramawt,Ash Shihr,Al Hami,,,
way/810195927,مدرسة الفقيد أحمد سالمين عليو الأساسية,,mdrs@ lfqyd 'Hmd slmyn `lyw l'ssy@,École,,Hadramawt,Ash Shihr,Al Hami,,,
node/8370870617,كلية المجتمع سقطرى,,kly@ lmjtm` sqTr~,Collège / Institut,,Socotra,Hadibu,Hadibu,12.6496037,54.0131072,
node/8370868718,كلية التربية سقطرى,,kly@ ltrby@ sqTr~,Collège / Institut,,Socotra,Hadibu,Hadibu,12.6489762,54.0108287,
node/8375295417,مدرسة علي بن ابي طالب,,mdrs@ `ly bn by Tlb,École,,Socotra,Hadibu,Hadibu,12.601813,53.8572588,
relation/17538873,مدرسة 30 نوفمبر,,mdrs@ 30 nwfmbr,École,,Shabwah,Bayhan,Al-Olya,,,
node/8568262918,المحفد,Al Mahfad,Al Mahfad,École,,Abyan,Al Mahfad,Al Mahfad,14.0640437,46.9157508,
node/8757531848,مدرسة رضوم,,mdrs@ rDwm,École,,Shabwah,Radum,Radum,14.0908613,47.7302938,
node/11254662720,مدرسة الظهرة,,mdrs@ lZhr@,École,,Hadramawt,Yab'uth,Yab'uth,14.665699,47.7635792,
node/8538601458,ثانوية عمد,,thnwy@ `md,École,,Hadramawt,Amd,Amd,15.2913985,47.9668933,
way/1348452597,مدرسة حشوة الاساسية,,mdrs@ Hshw@ lssy@,École,,Hadramawt,Rakhyah,Rakhyah,,,
node/3030038018,مدرسة عذبان,,mdrs@ `dhbn,École,,Ma'rib,Harib,Al Ashraf,14.9372438,45.5032974,
node/3030005221,مدرسة النور للبنات,Alnour School for girls,Alnour School for girls,École,,Ma'rib,Harib,Al Ashraf,14.9318259,45.5039834,
node/3030216039,مدرسة الثورة الأساسية,,mdrs@ lthwr@ l'ssy@,École,,Ma'rib,Harib,Al Ashraf,14.9334552,45.4992446,
node/3030005222,مدرسة الثورة الثانوية,Althwrah School,Althwrah School,École,,Ma'rib,Harib,Al Ashraf,14.9320812,45.4986291,
node/8484069924,مدرسة الزهراء,,mdrs@ lzhr,École,,Ma'rib,Harib,Jaradha,14.9793685,45.4860072,
node/8484047721,المعهد التقني الصناعي,,lm`hd ltqny lSn`y,Université,,Ma'rib,Harib,Aal Aqil,14.9749445,45.4583528,
node/8484109350,مدرسة جعدر,,mdrs@ j`dr,École,,Ma'rib,Harib,Aal Abu Tuhayf,14.999621,45.5446447,
node/11087463228,مدرسة التعاون ال عقيل,,mdrs@ lt`wn l `qyl,École,,Ma'rib,Harib,Aal Aqil,15.0054011,45.5188835,
node/12716264245,مدرسة القويم 2,,mdrs@ lqwym 2,École,,Ma'rib,Harib,Al Qawim,14.9124701,45.28083,
node/12716263139,مدرسة القويم,,mdrs@ lqwym,École,,Ma'rib,Harib,Al Qawim,14.91534,45.2800199,
node/11599546269,مدرسة الطارف الاساسية,,mdrs@ lTrf lssy@,École,,Ma'rib,Jabal Murad,Jabal Murad,15.0200519,45.1942731,
node/6712522986,مدرسة النور الاساسية,,mdrs@ lnwr lssy@,École,,Ma'rib,Ma'rib City,Al Ashraf,15.449172,45.3572606,
node/8456568038,جامعة سبأ,,jm`@ sb',Université,,Ma'rib,Ma'rib City,Al Ashraf,15.4615106,45.3159552,
node/5340528244,مدرسة حمزه بن عبدالمطلب,,mdrs@ Hmzh bn `bdlmTlb,École,,Ma'rib,Ma'rib City,Al Ashraf,15.442378,45.3454768,
node/2591810037,مدرسة ابو بكر الصديق,,mdrs@ bw bkr lSdyq,École,,Ma'rib,Ma'rib,Aal Fujayh,15.4483637,45.3989177,
node/5407378886,مدرسة ال عقار,,mdrs@ l `qr,École,,Ma'rib,Ma'rib,Aal Rashid Munif,15.4501841,45.4229506,
node/5524285122,مدرسة صلاح الدين الايوبي بالفضي آل عنيج,salah al deen alayoby school,salah al deen alayoby school,École,,Ma'rib,Ma'rib,Aal Shabwan,15.5658039,45.4009658,
node/4354453190,مدرسة الشهيد الوزير,,mdrs@ lshhyd lwzyr,École,,Sana'a,Bani Hushaysh,Eyal Malik,15.5038851,44.4125885,
way/1029095535,مدرسة النزاري,,mdrs@ lnzry,École,,Sana'a City,As Sab'in,As Sab'in,,,
node/7012029785,مدرسة النزاري,,mdrs@ lnzry,École,,Sana'a City,As Sab'in,As Sab'in,15.3124509,44.2288603,
node/5164066422,مركز المبدعون للهندسة,MC4eng,MC4eng,Collège / Institut,,Sana'a City,As Sab'in,As Sab'in,15.3071706,44.2421216,
node/8400972917,مدرسة المؤيد,,mdrs@ lmw'yd,École,,Sana'a City,As Sab'in,As Sab'in,15.3048053,44.2525047,
node/5204761122,مركز المبدعون للهندسة,mc4eng,mc4eng,Collège / Institut,,Sana'a City,As Sab'in,As Sab'in,15.3034311,44.241302,
node/8285675217,معهد تايدي,,m`hd tydy,Collège / Institut,,Sana'a City,As Sab'in,As Sab'in,15.3035926,44.2357128,
node/7669719088,مدرسة سهيل اليمن,,mdrs@ shyl lymn,École,,Sana'a City,As Sab'in,As Sab'in,15.3004684,44.2320029,
node/5176505323,مدراس السهيل الاهلية,,mdrs lshyl lhly@,Jardin d'enfants,,Sana'a City,As Sab'in,As Sab'in,15.2993735,44.2287779,
node/8395478475,مدرسة القادسية,,mdrs@ lqdsy@,École,,Sana'a City,As Sab'in,As Sab'in,15.3067334,44.2292012,
way/1029096313,مدرسة جويرية بنت الحارث,,mdrs@ jwyry@ bnt lHrth,École,,Sana'a City,As Sab'in,As Sab'in,,,
node/760300086,مدرسة زيد بن حارثه الاساسيه,ZAID SCHOOL,ZAID SCHOOL,École,,Sana'a City,As Sab'in,As Sab'in,15.3093117,44.2356321,
node/6983385815,مدرسة النباء الاهلية فرع البنين,Alnaba'a Private school,Alnaba'a Private school,École,,Sana'a City,As Sab'in,As Sab'in,15.3114599,44.2396374,
node/760342468,مدرسه الفلاح,,mdrsh lflH,École,,Sana'a City,As Sab'in,As Sab'in,15.3113051,44.2364918,
node/1502021939,مدرسة جويرية بنت الحارث,,mdrs@ jwyry@ bnt lHrth,École,,Sana'a City,As Sab'in,As Sab'in,15.3081836,44.2328839,
node/8589851619,٢٢ مايو,,22 myw,École,,Al Hodeidah,At Tuhayta,Al Matinah,13.9182049,43.2050962,
node/8589857321,داود بن حجر,,dwd bn Hjr,École,,Al Hodeidah,Al Khukhah,Dawbalah,13.8386964,43.2408303,
node/8589857617,النور,,lnwr,École,,Al Hodeidah,Al Khukhah,Dawbalah,13.8598236,43.2417055,
node/8589857618,الفتح,,lftH,École,,Al Hodeidah,Al Khukhah,Dawbalah,13.8796019,43.2408677,
node/8589849030,السبيعة,,lsby`@,École,,Al Hodeidah,Al Khukhah,Al Khawkhah,13.8111024,43.2746367,
node/8589857322,الثغر,,lthGr,École,,Al Hodeidah,Al Khukhah,Dawbalah,13.8122466,43.2497725,
node/8589857323,٢٢ مايو,,22 myw,École,,Al Hodeidah,Al Khukhah,Dawbalah,13.8106913,43.24957,
node/8589856520,محمد ادريس,,mHmd drys,École,,Al Hodeidah,Al Khukhah,Al Khawkhah,13.8032499,43.2524342,
node/8589849128,الطليعة,,lTly`@,École,,Al Hodeidah,Al Khukhah,Al Khawkhah,13.8048908,43.2496827,
node/8589849029,الفاروق,,lfrwq,École,,Al Hodeidah,Al Khukhah,Dawbalah,13.8148402,43.2403862,
node/8589851620,عمر ابن الخطاب,,`mr bn lkhTb,École,,Al Hodeidah,Al Khukhah,Al Omaysi,13.7672052,43.259549,
node/8589849032,الخير,,lkhyr,École,,Al Hodeidah,Al Khukhah,Al Omaysi,13.7115783,43.2812711,
node/8589849126,موشج,,mwshj,École,,Al Hodeidah,Al Khukhah,Al Omaysi,13.7180145,43.281169,
node/8589849033,دار الشجاع,,dr lshj`,École,,Ta'iz,Al Makha,Az Zahari,13.5939138,43.3162456,
node/8589858217,حصيب الملك,,HSyb lmlk,École,,Ta'iz,Al Makha,Az Zahari,13.5193398,43.2711511,
node/8589849034,الزهاري,,lzhry,École,,Ta'iz,Al Makha,Az Zahari,13.5571537,43.2754156,
node/8589849125,الشاذلية,,lshdhly@,École,,Ta'iz,Al Makha,Az Zahari,13.5261171,43.3940017,
node/8589849124,البواكر,,lbwkr,École,,Ta'iz,Al Makha,Az Zahari,13.5195184,43.3641195,
node/8589856521,القعطبية للتاكد,,lq`Tby@ lltkd,École,,Ta'iz,Al Makha,Az Zahari,13.4601101,43.2705822,
node/8589856522,القعطبية,,lq`Tby@,École,,Ta'iz,Al Makha,Az Zahari,13.4619514,43.2729179,
node/8589849129,خديجة بنت خويلد,,khdyj@ bnt khwyld,École,,Ta'iz,Al Makha,Az Zahari,13.4460228,43.2704997,
node/4727521471,محمد علي ابراهيم,,mHmd `ly brhym,École,,Ta'iz,Al Makha,Az Zahari,13.4467746,43.2706528,
node/4727521472,Female School,,Female School,École,,Ta'iz,Al Makha,Az Zahari,13.4464315,43.2709345,
node/8589857318,الهليبي,,lhlyby,École,,Ta'iz,Al Makha,Al Makha,13.3628327,43.2685084,
node/8589849123,الهليبي,,lhlyby,École,,Ta'iz,Al Makha,Al Makha,13.3629593,43.2684918,
node/8589849121,عائشة السروري,,`y'sh@ lsrwry,École,,Ta'iz,Al Makha,Al Makha,13.2913388,43.2647618,
node/8589849025,الشاذلي,,lshdhly,École,,Ta'iz,Al Makha,Al Makha,13.3244648,43.248226,
node/8589851618,حمود الدخين,,Hmwd ldkhyn,École,,Ta'iz,Al Makha,Al Makha,13.3205428,43.2589226,
node/8589859417,النورس,,lnwrs,Jardin d'enfants,,Ta'iz,Al Makha,Al Makha,13.3207405,43.258912,
node/8589849023,السعيدة,,ls`yd@,École,,Ta'iz,Al Makha,Al Makha,13.313487,43.2523209,
node/5053123382,As Sa'eed Mixed Primary School,,As Sa'eed Mixed Primary School,École,,Ta'iz,Al Makha,Al Makha,13.3129914,43.2524527,
node/5053123363,مدرسة الكويت الأساسية,,mdrs@ lkwyt l'ssy@,École,,Ta'iz,Al Makha,Al Makha,13.3163835,43.2484297,
node/8589856517,الزهراء,,lzhr,École,,Ta'iz,Al Makha,Al Makha,13.3155206,43.2533776,
node/8589849024,الكويت,,lkwyt,École,,Ta'iz,Al Makha,Al Makha,13.3180203,43.2445718,
way/1212095782,مدرسة المصعد,,mdrs@ lmS`d,École,,Lahj,Al Maqatirah,As Sud,,,
way/1212095783,مدرسة نجد كربة,,mdrs@ njd krb@,École,,Lahj,Al Maqatirah,An Najishah,,,
way/1243586124,مدرسة النجاح الأصابح,,mdrs@ lnjH l'SbH,École,,Ta'iz,Ash Shamayatayn,Al Asabih,,,
way/979484359,مدرسة التعاون حجرين,,mdrs@ lt`wn Hjryn,École,,Ta'iz,Al Ma'afer,Al Jibzyah,,,
way/979473917,مدرسة الأنوار الأساسية والثانوية بالميسار,,mdrs@ l'nwr l'ssy@ wlthnwy@ blmysr,École,,Ta'iz,Al Ma'afer,Ash Sh'ubah,,,
way/717481108,عمر المختار,Omar Almokhtar,Omar Almokhtar,École,,Ta'iz,Dimnat Khadir,Khadir Al Silmi,,,
node/6246546485,مدرسة النصر للبنات,Al Nasr Girls School,Al Nasr Girls School,École,,Ta'iz,Dimnat Khadir,Khadir Al Silmi,13.4543216,44.1809388,
way/758536035,مدرسة اسماء للبنات,,mdrs@ sm llbnt,École,,Ta'iz,Al Misrakh,Arsh,,,
way/765434116,مدرسة 26,,mdrs@ 26,École,,Ta'iz,Al Misrakh,Arsh,,,
way/766915413,مدرسة العهد الجديد,,mdrs@ l`hd ljdyd,École,,Ta'iz,Al Misrakh,Arsh,,,
way/767876436,مدرسة العهد الجديد,,mdrs@ l`hd ljdyd,École,,Ta'iz,Al Misrakh,Arsh,,,
node/10154797428,مدرسة المثنى بن حارثة,,mdrs@ lmthn~ bn Hrth@,École,,Ta'iz,Maqbanah,Al Fakikah,13.4550728,43.7805176,
node/7725145525,مدرسة الوحدة,,mdrs@ lwHd@,École,,Ta'iz,Mawza',Al Awashqah,13.3828979,43.6482525,
node/7725197253,مدرسة الشهداء,,mdrs@ lshhd,École,,Ta'iz,Mawza',Al Awashqah,13.3129,43.7336,
node/7725205467,مدرسة الشهيد زيد عون,,mdrs@ lshhyd zyd `wn,École,,Ta'iz,Mawza',Al Awashqah,13.3558842,43.6212158,
node/7725213103,مدرسة اليرموك,,mdrs@ lyrmwk,École,,Ta'iz,Al Makha,Al Mashalihah,13.3201396,43.5398483,
node/8589857319,الزقيرية,,lzqyry@,École,,Ta'iz,Al Makha,Al Mashalihah,13.2912021,43.4718577,
node/8589857417,السلام,,lslm,École,,Ta'iz,Al Makha,Al Mashalihah,13.273136,43.4538414,
node/8589849027,مدرسة النور,,mdrs@ lnwr,École,government,Ta'iz,Al Makha,Al Mashalihah,13.2938779,43.4432929,المخاء
node/7725171859,مدرسة 26 سبتمبر,,mdrs@ 26 sbtmbr,École,,Ta'iz,Mawza',Al Ahmul,13.4651105,43.4935212,
node/8589857317,الباقرية,,lbqry@,École,,Ta'iz,Al Makha,Az Zahari,13.4901596,43.4197001,
node/8589856519,صلاح الدين,,SlH ldyn,École,,Ta'iz,Al Makha,Az Zahari,13.4966556,43.4392275,
node/8589849026,الجيل الجديد,,ljyl ljdyd,École,,Ta'iz,Al Makha,Az Zahari,13.498134,43.4415939,
node/7725192272,مدرسة 12 يونيو,,mdrs@ 12 ywnyw,École,,Ta'iz,Al Makha,Az Zahari,13.4907051,43.4636191,
node/8589856518,جوفين,,jwfyn,École,,Ta'iz,Al Makha,Az Zahari,13.5417088,43.418991,
node/7811767104,مدرسة الأمل,,mdrs@ l'ml,École,,Ta'iz,Maqbanah,Al Fakikah,13.4874589,43.7987137,
node/7985582640,مدرسة 26 سبتمبر,,mdrs@ 26 sbtmbr,École,,Ibb,Far' Al Odayn,Al Aqibah,13.9171688,43.7235549,
way/1299186869,مدرسه الخنساء بتات اساسي وثانوي,,mdrsh lkhns btt ssy wthnwy,École,,Ta'iz,Shar'ab Ar Rawnah,Al Hayajim,,,
way/1299186907,مدرسه النشء الجديد,,mdrsh lnsh ljdyd,École,,Ta'iz,Shar'ab Ar Rawnah,Al Hayajim,,,
node/7672803872,مدرسة 22 مايو,,mdrs@ 22 myw,École,public,Ibb,Jiblah,Al Maktab,13.8984426,44.1591245,
node/7760594703,Girl School مدرسة خولة,,Girl School mdrs@ khwl@,École,,Ibb,Jiblah,Al Maktab,13.897673,44.1592846,
node/5792843990,مدرسة سعيد بن المسيب,,mdrs@ s`yd bn lmsyb,École,,Ibb,Dhi As Sufal,Khnwah,13.7643128,44.1633224,
node/9706384266,مدرسة الإمام الشوكاني,,mdrs@ lmm lshwkny,École,public,Ta'iz,At Ta'iziyah,Al Janadyah Al Olya,13.7470402,44.1059093,
node/5760514122,مدرسة سبأ,,mdrs@ sb',École,,Ibb,Dhi As Sufal,Khnwah,13.7553233,44.1333904,
node/11081329690,مدرسة الشموخ الأهلية,,mdrs@ lshmwkh l'hly@,École,private,Ta'iz,At Ta'iziyah,Ash Sha'banyah As Sufla,13.6005,44.0714227,تعز
node/6491962585,المعهد التقني الصناعي,,lm`hd ltqny lSn`y,Collège / Institut,,Ta'iz,At Ta'iziyah,Ash Sha'banyah As Sufla,13.5995101,44.0731767,
node/4466338189,عثمان بن عفان,,`thmn bn `fn,École,,Ta'iz,Sabir Al Mawadim,Al Adnah,13.5947463,44.078926,
node/4298024412,الجامعة اللبنانية الحديثة,,ljm`@ llbnny@ lHdyth@,Université,,Ta'iz,Salah,Salah,13.595066,44.063158,
node/5817006062,مدرسة زيد الموشكي للبنات,,mdrs@ zyd lmwshky llbnt,École,,Ta'iz,Al Qahirah,Al Qahirah,13.5913247,44.0217421,
node/12622792030,مدرسة أم القرى,,mdrs@ 'm lqr~,École,,Ta'iz,Al Qahirah,Al Qahirah,13.5914898,44.0234909,
node/4298022444,Alsaeed Islamic Science College,,Alsaeed Islamic Science College,Collège / Institut,,Ta'iz,Al Qahirah,Al Qahirah,13.589702,44.015522,
node/8079391323,جامعة العلوم والتكنولوجيا - تعز,,jm`@ l`lwm wltknwlwjy - t`z,Université,,Ta'iz,Al Mudhaffar,Al Mudhaffar,13.5829561,44.0010806,تعز
node/4298023657,Community College,,Community College,Collège / Institut,,Ta'iz,Al Mudhaffar,Al Mudhaffar,13.585497,43.9831427,
way/235549393,جامعة تعز,,jm`@ t`z,Université,,Ta'iz,Al Mudhaffar,Al Mudhaffar,,,
node/6793725194,مدرسة البراء بن مالك,AL-Bra'a Bin Malek School,AL-Bra'a Bin Malek School,École,,Ta'iz,Sabir Al Mawadim,Birdad,13.4928408,43.9720156,
node/7888998691,مدرسة السلام زنم,,mdrs@ lslm znm,École,,Ta'iz,Al Misrakh,Sanamat,13.4795349,44.0272796,
node/6936517920,مدرسة القادسية,Al `qadesya,Al `qadesya,École,,Ta'iz,Al Misrakh,Sanamat,13.4859072,44.0225324,
node/6936517846,معهد البيحاني,baaees,baaees,École,,Ta'iz,Al Misrakh,Sanamat,13.489881,44.0324674,
node/7889011173,مدرسة الجنيد,,mdrs@ ljnyd,École,,Ta'iz,Al Misrakh,Sanamat,13.4861213,44.0306347,
node/10815435005,14 أكتوبر الأساسية للبنات,,14 'ktwbr l'ssy@ llbnt,École,,Ta'iz,Sabir Al Mawadim,Al Mawadim,13.5629358,44.0285736,
way/235551161,مدرسة الثلايا الاساسيه,,mdrs@ lthly lssyh,École,,Ta'iz,Al Qahirah,Al Qahirah,,,
way/235551162,مدرسة الفاروق الثانوي - بنين,,mdrs@ lfrwq lthnwy - bnyn,École,,Ta'iz,Al Qahirah,Al Qahirah,,,
way/235551467,ثانوية تعز الكبرى,,thnwy@ t`z lkbr~,École,,Ta'iz,Al Qahirah,Al Qahirah,,,
node/4811118426,مدرسة ناصر النموذجية,,mdrs@ nSr lnmwdhjy@,École,,Ta'iz,Al Qahirah,Al Qahirah,13.5747978,44.01491,
node/10132787542,جامعة الجند للعلوم والتكنولوجيا,,jm`@ ljnd ll`lwm wltknwlwjy,Université,,Ta'iz,Al Mudhaffar,Al Mudhaffar,13.5774715,44.0093869,
node/10132812017,مدرسة طيبة,,mdrs@ Tyb@,École,,Ta'iz,Al Qahirah,Al Qahirah,13.5851091,44.0165173,
node/2817366326,مدرسة الصديق الأساسية والثانوية,,mdrs@ lSdyq l'ssy@ wlthnwy@,École,,Ta'iz,Al Qahirah,Al Qahirah,13.5878192,44.0176291,
way/277208200,مدرسة الصديق الأساسية والثانوية,,mdrs@ lSdyq l'ssy@ wlthnwy@,École,,Ta'iz,Al Qahirah,Al Qahirah,,,
node/1461464510,مدرسة الشعب الثانوية,Shaab School,Shaab School,École,,Ta'iz,Al Qahirah,Al Qahirah,13.5783345,44.0214381,
way/235550517,مدرسة صلاح الدين الاساسبه - بنات,,mdrs@ SlH ldyn lssbh - bnt,École,,Ta'iz,Salah,Salah,,,
way/235550483,جامعة تعز - كلية الطب,,jm`@ t`z - kly@ lTb,Université,,Ta'iz,Al Qahirah,Al Qahirah,,,
way/117965663,مدرسة عمار بن ياسر الاساسية -  بنين,,mdrs@ `mr bn ysr lssy@ -  bnyn,École,,Ta'iz,Salah,Salah,,,
node/4298024865,جامعة العلوم والتكولوجيا,Science And Technology University,Science And Technology University,Université,,Ta'iz,Salah,Salah,13.586226,44.039254,
node/2817414127,مدرسة سبأ للبنات,,mdrs@ sb' llbnt,École,,Ta'iz,Salah,Salah,13.5850679,44.0393036,
node/4298025317,مدرسة 22 مايو,,mdrs@ 22 myw,École,,Ta'iz,Salah,Salah,13.58777,44.04243,
way/279818234,Mohammed Ali Othman School,,Mohammed Ali Othman School,École,,Ta'iz,Salah,Salah,,,
node/1461473527,مدرسة محمد علي عثمان الاهلية,,mdrs@ mHmd `ly `thmn lhly@,École,,Ta'iz,Salah,Salah,13.5744028,44.0356752,
node/1461474645,مدارس جيل الامجاد,,mdrs jyl lmjd,École,,Ta'iz,Salah,Salah,13.5749629,44.0322752,
node/1461475037,مدارس الرياده الاهلية,,mdrs lrydh lhly@,École,,Ta'iz,Salah,Salah,13.5746257,44.0327504,
node/1461420922,مجمع الكويت الاساسي الثانوي,,mjm` lkwyt lssy lthnwy,École,,Ta'iz,Salah,Salah,13.5703249,44.0305361,
node/700236904,المدرسة الحديثة,Modern Education School,Modern Education School,École,,Ta'iz,Salah,Salah,13.569113,44.031302,
node/1461598875,مدرسة الخنساء الاساسية - بنات,,mdrs@ lkhns lssy@ - bnt,École,,Ta'iz,Salah,Salah,13.5689368,44.0320861,
way/277209281,Yemen Interactive School,,Yemen Interactive School,École,,Ta'iz,Salah,Salah,,,تعز
node/2840084294,المدرسة التفاعلية اليمنية,Yemen interactive school,Yemen interactive school,École,,Ta'iz,Salah,Salah,13.567981,44.0384541,
way/277208651,مدرسة أسماء للبنات,,mdrs@ 'sm llbnt,École,,Ta'iz,Salah,Salah,,,
node/7441625085,اجيال السعيدة,,jyl ls`yd@,École,,Ta'iz,Salah,Salah,13.5669699,44.0312414,
node/1461600386,مدرسة عقبة بن نافع الاساسية,,mdrs@ `qb@ bn nf` lssy@,École,,Ta'iz,Sabir Al Mawadim,Al Mawadim,13.5653491,44.0298115,
node/6343026120,مدرسة النصر النموذجية,Alnasr school,Alnasr school,École,,Ta'iz,Mawiyah,Khadir Al Burihi,13.5801815,44.2237473,
node/6491962285,مدرسة القرناح الاساسية,,mdrs@ lqrnH lssy@,École,,Ta'iz,Mawiyah,Issrar,13.5841326,44.2939642,
node/6172842494,كلية التربية,,kly@ ltrby@,Collège / Institut,,Ad Dali',Ad Dali',Ad Dali',13.7087766,44.7328987,
node/6604549608,معهد هايبراو للتدريب والتأهيل,,m`hd hybrw lltdryb wlt'hyl,École,,Ad Dali',Ad Dali',Ad Dali',13.7063128,44.7335272,
node/6604551885,معهد teach me للتدريب والتأهيل,,m`hd teach me lltdryb wlt'hyl,École,,Ad Dali',Ad Dali',Ad Dali',13.7067281,44.733433,
node/6172848885,مدرسة صالح قاسم للبنات,,mdrs@ SlH qsm llbnt,École,,Ad Dali',Ad Dali',Ad Dali',13.705201,44.7350842,
node/6172846486,ثانوية عائشة للبنات,,thnwy@ `y'sh@ llbnt,École,,Ad Dali',Ad Dali',Ad Dali',13.7051671,44.7348437,
node/6172847493,مدرسة الجريذي للبنيين,,mdrs@ ljrydhy llbnyyn,École,,Ad Dali',Ad Dali',Ad Dali',13.7056933,44.7348244,
node/7770349085,مدرسة ١٤ اكتوبر,14 October school,14 October school,École,,Ad Dali',Qa'tabah,Qa'tabah,13.850069,44.6995266,
node/7434458986,مدرسة الشهيد حزام,,mdrs@ lshhyd Hzm,École,,Ad Dali',Qa'tabah,Qa'tabah,13.8554464,44.7020426,
node/7434458985,مدرسة الرويشان,,mdrs@ lrwyshn,École,,Ad Dali',Qa'tabah,Qa'tabah,13.8533504,44.700547,
node/4654147692,ثانوية العبادي,,thnwy@ l`bdy,École,,Ad Dali',Ash Shu'ayb,Ash Shu'ayb,13.829871,44.8674668,
node/5081804121,ملعب ثانوية العبادي,,ml`b thnwy@ l`bdy,École,,Ad Dali',Ash Shu'ayb,Ash Shu'ayb,13.8298702,44.8674945,
node/5037485423,ثانوية العبادي,,thnwy@ l`bdy,École,,Ad Dali',Ash Shu'ayb,Ash Shu'ayb,13.8297965,44.8677756,
way/1392737629,مدرسة شوبل,,mdrs@ shwbl,École,,Ad Dali',Ash Shu'ayb,Ash Shu'ayb,,,
node/10134869016,ثانوية الفقيد علي أسعد المصري,,thnwy@ lfqyd `ly 's`d lmSry,École,,Ad Dali',Ash Shu'ayb,Ash Shu'ayb,13.8566405,44.8186284,
node/4325268092,ثانوية الفقيد علي اسعد المصري,Ali Asaad Almasri high school Al Madu,Ali Asaad Almasri high school Al Madu,École,,Ad Dali',Ash Shu'ayb,Ash Shu'ayb,13.8517957,44.8201074,
node/4549310893,ثانوية الفقيد علي اسعد المصري المضو,ali Asaad almasri high school,ali Asaad almasri high school,École,,Ad Dali',Ash Shu'ayb,Ash Shu'ayb,13.8478166,44.8116945,
node/5345022821,مدرسة,,mdrs@,École,,Ad Dali',Ash Shu'ayb,Ash Shu'ayb,13.8004172,44.8690928,
node/6172847501,مدرسة أساسية,,mdrs@ 'ssy@,École,,Ad Dali',Ad Dali',Ad Dali',13.6995356,44.7284331,
node/8215566120,مدرسة الثورة الثانوية,,mdrs@ lthwr@ lthnwy@,École,,Ta'iz,Dimnat Khadir,Khadir Al Badu,13.3768413,44.2975617,
node/8740465017,مدرسة سكينة للبنات,,mdrs@ skyn@ llbnt,École,,Ta'iz,Dimnat Khadir,Khadir Al Badu,13.377542,44.2969224,
node/8740379417,مدرسة الثوره الأساسية,,mdrs@ lthwrh l'ssy@,École,,Ta'iz,Dimnat Khadir,Khadir Al Badu,13.3784968,44.3012181,
node/9063476893,نموذجية السلام,,nmwdhjy@ lslm,École,,Lahj,Al Qubaytah,Al Yusufayn,13.3083039,44.33775,
way/842324510,مدرسة الفلاح غليبة اعبوس,,mdrs@ lflH Glyb@ `bws,École,,Ta'iz,Hayfan,Al Aghabirah,,,
node/4564848389,مدرسه الزبير ماره الشويفه,,mdrsh lzbyr mrh lshwyfh,École,,Ta'iz,Dimnat Khadir,Ash Shuwayfah,13.3379903,44.3153474,
node/5392775208,مدرسة العلاء,,mdrs@ l`l,École,,Ta'iz,As Silw,Adh Dhahrin,13.3459732,44.2394084,
way/842326675,مدرسة ابى هريرة,,mdrs@ b~ hryr@,École,,Ta'iz,Hayfan,Al A'bus,,,
way/900273905,مرسه الاخلاص,,mrsh lkhlS,École,,Ta'iz,Hayfan,Al A'bus,,,
node/7433457015,مدرسة النصر فرعين اعبوس تأسست عام 1962م,,mdrs@ lnSr fr`yn `bws t'sst `m 1962m,École,,Ta'iz,Hayfan,Al A'bus,13.2847729,44.3003426,
way/842326677,مدرسة الارشاد ظبي اعبوس,,mdrs@ lrshd Zby `bws,École,,Ta'iz,Hayfan,Al A'bus,,,
node/3798774686,مدرسة الخير - الرام أعبوس,,mdrs@ lkhyr - lrm '`bws,École,,Ta'iz,Hayfan,Al A'ruq,13.2764121,44.2645178,
node/3798776270,مدرسة المحبوب - أغابرة,,mdrs@ lmHbwb - 'Gbr@,École,,Ta'iz,Hayfan,Al Aghabirah,13.2915181,44.2731113,
way/899432617,مدرسة التحرير مشاوز اعبوس تأسست عام 1963م,,mdrs@ ltHryr mshwz `bws t'sst `m 1963m,École,,Ta'iz,Hayfan,Al A'bus,,,
way/842324507,مدرسة الحرية بني علي اعبوس تاسست عام 1956م,,mdrs@ lHry@ bny `ly `bws tsst `m 1956m,École,,Ta'iz,Hayfan,Al A'bus,,,
node/5707828521,مدرسة الإشعاع العلمي,,mdrs@ lsh`` l`lmy,École,,Lahj,Al Qubaytah,Al Yusufayn,13.2992057,44.3467135,
node/5787976825,مدرسة النصر,,mdrs@ lnSr,École,,Lahj,Al Qubaytah,Al Yusufayn,13.2981052,44.3661221,
node/6791685966,مدرسة الإرشاد مداكشه قبيطه,,mdrs@ lrshd mdkshh qbyTh,École,public,Lahj,Al Qubaytah,Al Qubaytah,13.2279581,44.4055533,Lahj
node/7610607456,ملحق مدرسة الانوار,,mlHq mdrs@ lnwr,École,,Lahj,Al Qubaytah,Al Qubaytah,13.2410225,44.4039523,
node/7610592776,مدرسة الانطلاق الشعبية,,mdrs@ lnTlq lsh`by@,École,,Lahj,Al Qubaytah,Al Qubaytah,13.2307488,44.3851241,
node/8104456217,مدرسة,,mdrs@,École,,Lahj,Tuban,Al Hawtah,13.0701773,44.9025204,
node/12408251308,مدرسة الخنساء الأساسية- بنات,,mdrs@ lkhns l'ssy@- bnt,École,,Lahj,Tuban,Al Hawtah,12.9966703,44.9207783,
node/5541127886,دار الحديث بالفيوش,Dar AlaHadeeth Fyeoush,Dar AlaHadeeth Fyeoush,Université,,Lahj,Tuban,Al Hawtah,12.9890683,44.976025,
node/4543483740,روضة الوهط,,rwD@ lwhT,Jardin d'enfants,,Lahj,Tuban,Al Hawtah,12.9760494,44.893881,
node/4343436237,مدرسة إقبال,,mdrs@ qbl,École,,Lahj,Tuban,Al Hawtah,12.9745649,44.8892591,
node/4332422302,Kuwait school,,Kuwait school,École,,Lahj,Tuban,Al Hawtah,12.9779496,44.8933008,
node/4324648693,مدرسه عمر بن الخطاب,,mdrsh `mr bn lkhTb,École,,Aden,Dar Sa'd,Dar Sa'd,12.8922922,44.9861354,
way/173088501,كلية عدن,Aden College,Aden College,Université,,Aden,Dar Sa'd,Dar Sa'd,,,
node/4324648692,مدرسة الشوكاني,,mdrs@ lshwkny,École,,Aden,Dar Sa'd,Dar Sa'd,12.8905158,44.9864453,
way/1079244064,مدرسة الوحدة,,mdrs@ lwHd@,École,,Aden,Ash Shaykh Othman,Ash Shaykh Othman,,,
relation/2312164,ثانوية زينب,,thnwy@ zynb,École,,Aden,Ash Shaykh Othman,Ash Shaykh Othman,,,
node/4324642414,المعهد التقني,,lm`hd ltqny,Collège / Institut,,Aden,Ash Shaykh Othman,Ash Shaykh Othman,12.8847638,44.9889122,
node/4323329017,مدرسة عمر المختار,,mdrs@ `mr lmkhtr,École,,Aden,Ash Shaykh Othman,Ash Shaykh Othman,12.8744194,44.988813,
relation/2312162,ثانوية الفقيد عثمان عبده,,thnwy@ lfqyd `thmn `bdh,École,,Aden,Ash Shaykh Othman,Ash Shaykh Othman,,,
node/7811057485,مدرسة 7 يوليو,,mdrs@ 7 ywlyw,École,,Aden,Ash Shaykh Othman,Ash Shaykh Othman,12.8731782,44.9906751,
node/9458400227,مدرسة الحصاد الاهلية,,mdrs@ lHSd lhly@,École,,Aden,Ash Shaykh Othman,Ash Shaykh Othman,12.8719132,44.9858301,
node/7830809886,روضة أروى,,rwD@ 'rw~,Jardin d'enfants,,Aden,Ash Shaykh Othman,Ash Shaykh Othman,12.8730215,44.9926378,
node/7830809885,مدرسة ردفان الإبتدائية,,mdrs@ rdfn lbtdy'y@,École,,Aden,Ash Shaykh Othman,Ash Shaykh Othman,12.8727647,44.9959873,
node/7830809985,مدرسة خالد حيدر,,mdrs@ khld Hydr,École,,Aden,Ash Shaykh Othman,Ash Shaykh Othman,12.8733582,44.99555,
node/7830810188,مدرسة بلقيس,,mdrs@ blqys,École,,Aden,Ash Shaykh Othman,Ash Shaykh Othman,12.8699491,44.9967282,
node/7830810187,مدرسة 30 نوفمبر,,mdrs@ 30 nwfmbr,École,,Aden,Ash Shaykh Othman,Ash Shaykh Othman,12.8692964,44.9969429,
node/4355754402,جامعة العلوم والتكنولوجيا,,jm`@ l`lwm wltknwlwjy,École,,Aden,Al Mansurah,Al Mansurah,12.8667083,44.9928863,
node/4324725968,ثانوية النعمان,,thnwy@ ln`mn,École,,Aden,Al Mansurah,Al Mansurah,12.8647457,44.9760939,
node/4324714225,مدارس النبراس الحديثة,,mdrs lnbrs lHdyth@,École,,Aden,Ash Shaykh Othman,Ash Shaykh Othman,12.8724172,44.9780148,
node/7447859585,فرع مدارس النبراس الأهلية,,fr` mdrs lnbrs l'hly@,École,,Aden,Al Mansurah,Al Mansurah,12.8645673,44.9698484,
node/7447859586,مدارس سماء عدن النموذجية,,mdrs sm `dn lnmwdhjy@,École,,Aden,Al Mansurah,Al Mansurah,12.8577876,44.9596329,
node/4324765602,مدرسة ثانوية سيدتنا خديجة بنت خويلد,,mdrs@ thnwy@ sydtn khdyj@ bnt khwyld,École,,Aden,Al Mansurah,Al Mansurah,12.859474,44.9791925,
node/4324765603,ثانوية المنصورة,,thnwy@ lmnSwr@,École,,Aden,Al Mansurah,Al Mansurah,12.8597036,44.9774074,
node/8568271117,مسجد عثمان بن عفان,Masjd Othman Bn Affan,Masjd Othman Bn Affan,École,,Aden,Al Mansurah,Al Mansurah,12.8616601,44.9790974,
node/4324765600,مدرسة ابن زيدون,,mdrs@ bn zydwn,École,,Aden,Al Mansurah,Al Mansurah,12.86032,44.9796883,
node/4324756342,المعاهد الكندية,Cambridge Aden Institute,Cambridge Aden Institute,Université,,Aden,Al Mansurah,Al Mansurah,12.8628337,44.9882667,
node/4323054121,ثانوية احمد حامد خلفية,,thnwy@ Hmd Hmd khlfy@,École,,Aden,Al Mansurah,Al Mansurah,12.8513888,44.9895622,
node/6400082185,مدارس الفردوس الحديثه,مدرسة الفردوس الحديثه,مدرسة الفردوس الحديثه,École,,Aden,Al Mansurah,Al Mansurah,12.8384238,44.9585237,
node/6400076488,مدرسة ابو حربه,,mdrs@ bw Hrbh,École,,Aden,Al Mansurah,Al Mansurah,12.8381972,44.9563688,
node/4324778388,كلية العادل للعلوم الإنسانية والتطبيقية,,kly@ l`dl ll`lwm lnsny@ wltTbyqy@,Collège / Institut,,Aden,Al Mansurah,Al Mansurah,12.8370386,44.9630057,
node/4324801428,نيابة شؤون الطلاب -  جامعة عدن,,nyb@ shw'wn lTlb -  jm`@ `dn,Université,,Aden,Al Burayqah,Al Burayqah,12.8371131,44.9308023,
node/4324801429,كلية العلوم الإدارية,,kly@ l`lwm ldry@,Université,,Aden,Al Burayqah,Al Burayqah,12.8357864,44.9290616,
way/172904901,جامعة عدن,Aden University,Aden University,Université,,Aden,Al Burayqah,Al Burayqah,,,
relation/2312158,جامعة عدن - كلية الحقوق والاقتصاد,Aden University - Campus Faculty of Economics and Law,Aden University - Campus Faculty of Economics and Law,École,,Aden,Al Burayqah,Al Burayqah,,,
node/4463102789,"University of Aden, Faculty of Engineering","University of Aden, Faculty of Engineering","University of Aden, Faculty of Engineering",École,,Aden,Al Burayqah,Al Burayqah,12.8480337,44.9172331,
node/6938694985,كلية الهندسة - جامعة عدن,,kly@ lhnds@ - jm`@ `dn,Collège / Institut,,Aden,Al Burayqah,Al Burayqah,12.8480303,44.91727,
node/6886611685,سكن الطلاب جامعة عدن - مدينة الشعب,University of Aden students dormitory - Madinat Al-Shaab,University of Aden students dormitory - Madinat Al-Shaab,Collège / Institut,,Aden,Al Burayqah,Al Burayqah,12.8377255,44.9233649,
node/6086790085,مدرسة الحسوة,Alhswa school,Alhswa school,École,,Aden,Al Burayqah,Al Burayqah,12.8329466,44.945517,
node/6476716885,مدرسه صلاح الدين بنين,,mdrsh SlH ldyn bnyn,École,,Aden,Al Burayqah,Al Burayqah,12.7614876,44.8379951,
node/6503646385,مدرسه الشهيد هيثم للبنات,,mdrsh lshhyd hythm llbnt,École,,Aden,Al Burayqah,Al Burayqah,12.7609043,44.8369668,
node/4324794103,مدرسة صافر للتعليم الأساسي,,mdrs@ Sfr llt`lym l'ssy,École,,Aden,Al Burayqah,Al Burayqah,12.7537454,44.8918885,
node/4324794106,روضة الشموع,,rwD@ lshmw`,École,,Aden,Al Burayqah,Al Burayqah,12.7525393,44.8894007,
node/8657341119,مدرسة شعبو المضاربة,,mdrs@ sh`bw lmDrb@,École,,Lahj,Al Madaribah Wa Al Aarah,Al Madaribah,12.9857527,43.9088747,
node/6542205687,مدرسه المظاربه راس العاره,,mdrsh lmZrbh rs l`rh,École,,Lahj,Al Madaribah Wa Al Aarah,Al Arah,12.7344313,43.6664322,
node/4695992015,مدرسة الثورة الابتدائية,Athaura Primary School,Athaura Primary School,École,,Lahj,Al Madaribah Wa Al Aarah,Al Arah,12.68724,43.5229886,
node/4298021376,مدارس الغرباني,,mdrs lGrbny,École,,Aden,Kritar - Sirah,Sirah,12.782335,45.033045,
node/4298024815,مدرسة سيف بن ذي يزن,,mdrs@ syf bn dhy yzn,École,,Aden,Kritar - Sirah,Sirah,12.78388,45.027809,
node/4298024888,ثانوية صيرة,Sera Secondary School,Sera Secondary School,École,,Aden,Kritar - Sirah,Sirah,12.781348,45.041113,
node/4298024862,مدرسة عقبة بن نافع,School,School,École,,Aden,Kritar - Sirah,Sirah,12.7807826,45.0399135,
node/4700329699,تربيه مديريه صيره,,trbyh mdyryh Syrh,École,,Aden,Kritar - Sirah,Sirah,12.7811714,45.0369622,
node/4700329698,ثانوية أبان للبنات,,thnwy@ 'bn llbnt,École,,Aden,Kritar - Sirah,Sirah,12.7814252,45.0364339,
way/91426192,مدرسة البيحاني الثانوية النموذجية,Al-Behani Secondary School,Al-Behani Secondary School,École,,Aden,Kritar - Sirah,Sirah,,,
node/4298023335,مدرسة بازرعة,,mdrs@ bzr`@,École,,Aden,Kritar - Sirah,Sirah,12.774267,45.038195,
node/6452255146,مدرسة العيدروس للبنات,,mdrs@ l`ydrws llbnt,École,,Aden,Kritar - Sirah,Sirah,12.7707667,45.0344054,
node/4700329700,مدرسه باحميش الطويله,,mdrsh bHmysh lTwylh,École,,Aden,Kritar - Sirah,Sirah,12.7761749,45.0294928,
node/4700329701,مدرسه الطويله للبنات,,mdrsh lTwylh llbnt,École,,Aden,Kritar - Sirah,Sirah,12.776015,45.030417,
node/11735409969,مدرسة الروضة - 5 فبراير سابقا,Al-Rawda School,Al-Rawda School,École,,Aden,At Tawahi,At Tawahi,12.7836204,44.99914,
node/4218761589,مدرسة قتبان الابتدائية,Qataban Primary School,Qataban Primary School,École,,Aden,Al Mu'alla,Al Mu'alla,12.7922686,45.0135282,
node/6395359320,المعهد التقني الصناعي,Technical Industrial Institute,Technical Industrial Institute,Collège / Institut,,Aden,Al Mu'alla,Al Mu'alla,12.7897013,45.0052175,
node/6395359338,كلية الحاسوب وتقنية المعلومات,Factually of Computer and Information technology,Factually of Computer and Information technology,Collège / Institut,,Aden,Al Mu'alla,Al Mu'alla,12.7895732,45.0052161,
node/6395359352,مدرسة أبي بكر الصديق للتعليم الأساسي,,mdrs@ 'by bkr lSdyq llt`lym l'ssy,École,,Aden,Al Mu'alla,Al Mu'alla,12.788911,45.0089057,
node/6395359331,مدرسة فاطمة الزهراء النموذجية,,mdrs@ fTm@ lzhr lnmwdhjy@,École,,Aden,Al Mu'alla,Al Mu'alla,12.7902818,45.0088572,
node/4218761590,ثانوية مأرب,Maareb high school,Maareb high school,École,,Aden,Kritar - Sirah,Sirah,12.7871702,45.0060921,
node/4325289478,مدرسة بنات,,mdrs@ bnt,École,,Aden,At Tawahi,At Tawahi,12.7861922,45.0026549,
node/6385668565,مدارس التفوق الأهلية,,mdrs ltfwq l'hly@,École,,Aden,At Tawahi,At Tawahi,12.7911049,44.999935,
node/4238295260,جمعية اطفال التوحد,,jm`y@ Tfl ltwHd,Jardin d'enfants,,Aden,Khur Maksar,Khur Maksar,12.803143,45.038325,
way/173088503,كلية الطب,Faculty of Medicine,Faculty of Medicine,Collège / Institut,,Aden,Khur Maksar,Khur Maksar,,,
node/4323043827,معهد مالي,MALI Institute,MALI Institute,Université,,Aden,Khur Maksar,Khur Maksar,12.8089774,45.0306967,
node/4323043829,معهد امديست,,m`hd mdyst,Université,,Aden,Khur Maksar,Khur Maksar,12.8086591,45.0314072,
way/995512757,جامعة عدن,University of Aden,University of Aden,Université,,Aden,Khur Maksar,Khur Maksar,,,
way/173088740,معهد امين ناشر للعلوم الصحيه,,m`hd myn nshr ll`lwm lSHyh,Université,,Aden,Khur Maksar,Khur Maksar,,,
node/4654147793,كلية الآداب,,kly@ ladb,École,,Aden,Khur Maksar,Khur Maksar,12.8122905,45.0369972,
way/1032993332,مدرسة الجيل الأهلية,,mdrs@ ljyl l'hly@,École,,Aden,Khur Maksar,Khur Maksar,,,عدن
node/4677886294,مدرسة المعارف الاهلية,,mdrs@ lm`rf lhly@,École,,Aden,Al Mansurah,Al Mansurah,12.8595208,44.9996594,
node/7830809888,روضة أروى,,rwD@ 'rw~,Jardin d'enfants,,Aden,Ash Shaykh Othman,Ash Shaykh Othman,12.8685503,44.9992084,
node/7830809588,مدرسة الفجر,,mdrs@ lfjr,École,,Aden,Ash Shaykh Othman,Ash Shaykh Othman,12.8689751,44.9988154,
node/4167709291,مدرسة الممداره للبنات,,mdrs@ lmmdrh llbnt,École,,Aden,Ash Shaykh Othman,Ash Shaykh Othman,12.8746588,45.0090705,
node/4183459340,مدرسة الممداره للبنين,,mdrs@ lmmdrh llbnyn,École,,Aden,Ash Shaykh Othman,Ash Shaykh Othman,12.8735353,45.0104025,
node/5708634423,مدرسة ابواربع,,mdrs@ bwrb`,École,,Abyan,Khanfar,Ja'ar,13.2260474,45.3028586,
node/5751843031,مدرسة النور,Noor School,Noor School,École,,Abyan,Khanfar,Ja'ar,13.2527974,45.2847397,
node/7164523385,كلية التربية يافع,Yafa'a College of Education,Yafa'a College of Education,Collège / Institut,,Lahj,Yafi',Lab'us,13.8602855,45.2394741,
node/6938009823,مدرسة الشهيد حسين عوض صالح للبنين,,mdrs@ lshhyd Hsyn `wD SlH llbnyn,École,,Lahj,Yafi',Lab'us,13.8330189,45.257575,يافع - المحجبة
node/6938009824,مدرسة الشهيد حسين عوض صالح للبنات,,mdrs@ lshhyd Hsyn `wD SlH llbnt,École,,Lahj,Yafi',Lab'us,13.833255,45.257247,يافع - المحجبة
way/1285357127,مدرسة صالح محمد الوليدي,,mdrs@ SlH mHmd lwlydy,École,,Abyan,Sibah,Sibah,,,
way/1282625597,مدرسة المحجر,,mdrs@ lmHjr,École,,Abyan,Sibah,Sibah,,,
node/6528693287,مذرسة رصد,,mdhrs@ rSd,École,,Abyan,Rassd,Al Qarrah,13.7131218,45.2917064,
node/7112791085,جبل السعدي,,jbl ls`dy,École,,Abyan,Rassd,Al Qarrah,13.7668367,45.2522181,
node/7773011085,مدارس الرسالة,,mdrs lrsl@,École,,Al Bayda,Al Bayda,Al Hijrah,13.9937703,45.5681874,
node/13695808301,مدرسه ذمتالب النموذجيه,,mdrsh dhmtlb lnmwdhjyh,École,,Al Bayda,Mukayras,Mukayras,13.9461562,45.695721,
way/1260657581,مدرسة الوحده,,mdrs@ lwHdh,École,,Al Bayda,Dhi Na'im,Al Munqati',,,
node/6550677685,مدرسة النبي المختار,,mdrs@ lnby lmkhtr,École,,Sana'a City,Sana'a City Outskirts -Sanhan wa Bani Bahlul,Sana'a City Outskirts -Sanhan wa Bani Bahlul,15.2847097,44.2538558,
node/6555532898,مدرسة النبي المختار,,mdrs@ lnby lmkhtr,École,,Sana'a City,Sana'a City Outskirts -Sanhan wa Bani Bahlul,Sana'a City Outskirts -Sanhan wa Bani Bahlul,15.2847097,44.2538558,
node/8285674718,شهداء البطحة والقلفان,,shhd lbTH@ wlqlfn,École,,Sana'a City,Sana'a City Outskirts -Sanhan wa Bani Bahlul,Sana'a City Outskirts -Sanhan wa Bani Bahlul,15.2959484,44.2631713,
node/13469713029,مدارس القيم الأهلية,,mdrs lqym l'hly@,École,,Sana'a City,Sana'a City Outskirts -Sanhan wa Bani Bahlul,Sana'a City Outskirts -Sanhan wa Bani Bahlul,15.243952,44.2545953,
node/6567341785,مدرسة 22 مايو,,mdrs@ 22 myw,École,,Sana'a City,Sana'a City Outskirts -Sanhan wa Bani Bahlul,Sana'a City Outskirts -Sanhan wa Bani Bahlul,15.2418605,44.2578185,
node/5207579126,مدرسة الامام زيد الشاطبي,,mdrs@ lmm zyd lshTby,École,,Sana'a,Sanhan wa Bani Bahlul,Ar Rub' Al Gharbi,15.2314726,44.3111104,
node/5203921030,الجلاحب,Aljlahb,Aljlahb,École,,Sana'a,Bani Dabyan,Bani Dabyan,15.0692608,44.8422229,
node/7857891986,مدرسه المشاخرة,,mdrsh lmshkhr@,École,,Dhamar,Mayfa'at Ans,Asbil,14.6585685,44.60132,
node/7857895985,مدرسة المشاخرة,,mdrs@ lmshkhr@,École,,Dhamar,Mayfa'at Ans,Asbil,14.6602834,44.6029809,
node/11979589069,مدرسة خمر بني فلاح,,mdrs@ khmr bny flH,École,,Dhamar,Al Hada,Nisan,14.833274,44.5525741,
node/11979583970,مدرسة خمر بني فلاح,,mdrs@ khmr bny flH,École,,Dhamar,Al Hada,Nisan,14.8325586,44.5507775,
node/11979583870,مدرسة خمر بني فلاح,,mdrs@ khmr bny flH,École,,Dhamar,Al Hada,Nisan,14.8325191,44.5508269,
node/11979598669,مدرسة جبحر,,mdrs@ jbHr,École,,Dhamar,Al Hada,Kuman Sinamah,14.7835737,44.5361162,
node/4811086422,مدرسة دار الحديث,,mdrs@ dr lHdyth,École,,Dhamar,Jahran,Al Mawsatah,14.7927663,44.294656,
node/5681799726,مدرسة خولة بنت الازور للبنات,,mdrs@ khwl@ bnt lzwr llbnt,École,,Dhamar,Jahran,Al Mawsatah,14.7953936,44.2911491,
node/6476801186,مدرسة الظهره,,mdrs@ lZhrh,École,,Dhamar,Dhamar City,Manqadhah,14.6721317,44.3787458,
way/488857053,مدرسة الفاروق بشارح وبني خضير,,mdrs@ lfrwq bshrH wbny khDyr,École,,Dhamar,Dawran Anis,Sharih,,,
node/9230703031,مدرسة ذي النورين ببدش,,mdrs@ dhy lnwryn bbdsh,École,public,Dhamar,Al Hada,Kalabat Mahdharah,14.6703833,44.4182933,بدش
node/5863012400,مدرسة الوحدة للبنات,,mdrs@ lwHd@ llbnt,École,,Dhamar,Dhamar City,Dhamar,14.5399587,44.4036191,
node/5863037785,كلية طب الاسنان,,kly@ Tb lsnn,Collège / Institut,,Dhamar,Dhamar City,Dhamar,14.5423589,44.4154741,
node/5678683221,مدرسة عثمان بن عفان,,mdrs@ `thmn bn `fn,École,,Dhamar,Dhamar City,Dhamar,14.5489474,44.4107355,
node/7684770819,مدرسة النور الأساسية,,mdrs@ lnwr l'ssy@,École,,Dhamar,Dhamar City,Dhamar,14.54561,44.40584,
node/5678382121,مدرسة علي بن ابي طالب بمدينة ذمار,,mdrs@ `ly bn by Tlb bmdyn@ dhmr,École,,Dhamar,Dhamar City,Dhamar,14.5531991,44.406686,
node/5678683521,مدرسة ذمار علي حارة قهار,,mdrs@ dhmr `ly Hr@ qhr,École,,Dhamar,Dhamar City,Dhamar,14.5602298,44.4067967,
node/13327523825,مدرسة الشهيد الكرار الديلمي,,mdrs@ lshhyd lkrr ldylmy,École,,Dhamar,Dhamar City,Manqadhah,14.6063094,44.4442604,
node/6680262785,كليه القعمي ابو شامخ,,klyh lq`my bw shmkh,Collège / Institut,,Dhamar,Dhamar City,Manqadhah,14.5895078,44.3912527,
node/8380904619,كلية العلوم الادارية,Faculty of Administrative Sciences,Faculty of Administrative Sciences,Collège / Institut,,Dhamar,Dhamar City,Dhamar,14.5792536,44.382643,
node/8380927917,قاعة الفنية,Technical Hall,Technical Hall,Collège / Institut,,Dhamar,Dhamar City,Dhamar,14.5788518,44.3822952,
node/8386603619,قاعة الفرنسي,,q`@ lfrnsy,Collège / Institut,,Dhamar,Dhamar City,Manqadhah,14.5767789,44.3783891,
way/776584397,جامعة ذمار,University Dhamar,University Dhamar,Université,,Dhamar,Dhamar City,Manqadhah,,,
node/8386604517,كلية الحاسبات ونظم المعلومات,,kly@ lHsbt wnZm lm`lwmt,Collège / Institut,,Dhamar,Dhamar City,Manqadhah,14.5800362,44.3755032,
relation/10755740,مدرسة الشهيد الثلايا,,mdrs@ lshhyd lthly,École,,Dhamar,Dhamar City,Dhamar,,,ذمار
relation/10755741,مدرسة الكوفة,,mdrs@ lkwf@,École,,Dhamar,Dhamar City,Dhamar,,,
node/9704238650,مدرسة عمر,,mdrs@ `mr,École,,Dhamar,Dhamar City,Dhamar,14.5555165,44.4019364,
way/141809013,مدرسة الميثاق,,mdrs@ lmythq,École,,Dhamar,Dhamar City,Dhamar,,,
node/4856295823,كلية التربية,,kly@ ltrby@,Collège / Institut,,Dhamar,Dhamar City,Dhamar,14.544847,44.3912479,
node/8089951818,مدرسة أبوبكر الصديق,,mdrs@ 'bwbkr lSdyq,École,,Dhamar,Dhamar City,Dhamar,14.5435661,44.3951569,
node/4856318125,مدرسة الثورة,School of the revolution,School of the revolution,École,,Dhamar,Dhamar City,Dhamar,14.5429335,44.4008645,
node/5863012394,جامعة العلوم والتكنلوجيا,,jm`@ l`lwm wltknlwjy,Collège / Institut,,Dhamar,Dhamar City,Dhamar,14.5418469,44.4021653,
node/5863083189,المعهد الامريكي للغات,,lm`hd lmryky llGt,École,,Dhamar,Dhamar City,Dhamar,14.5427362,44.3970974,
node/8387950617,مدرسة الجودة الأهلية,Quality National School,Quality National School,École,,Dhamar,Dhamar City,Dhamar,14.5338715,44.3968125,
node/6419107913,جامعة الحكمة,,jm`@ lHkm@,Université,,Dhamar,Dhamar City,Dhamar,14.5300627,44.4008141,
node/5678355325,مدرسة الخنساء للبنات بسنبان,,mdrs@ lkhns llbnt bsnbn,École,,Dhamar,Mayfa'at Ans,Ans As Salamah,14.4228217,44.66338,
node/5678355326,مدرسة لقمان للتعليم الاساسي بسنبان,,mdrs@ lqmn llt`lym lssy bsnbn,École,,Dhamar,Mayfa'at Ans,Ans As Salamah,14.4266644,44.6601832,
node/9698975626,مدرسة علي بن طاهر الأساسية,Ali Bin Taher School,Ali Bin Taher School,École,government,Ad Dali',Juban,Hajaj,14.0955581,44.8024103,المملاح
node/6340538386,الفاروق,AL faruoqe,AL faruoqe,École,,Ad Dali',Juban,Juban,14.0092224,44.8784078,
node/12398101817,مدرسة اللقية الثانوية عزلة ال عمر,,mdrs@ llqy@ lthnwy@ `zl@ l `mr,École,,Ad Dali',Damt,Aal Amr,14.126785,44.7650519,الغراس عزلة ال عمر
node/5318486722,بيت مشرح,,byt mshrH,École,,Ibb,An Nadirah,Shakhb,14.1446349,44.4927187,
node/9676888414,مدرسة الجبوبة,,mdrs@ ljbwb@,École,,Ibb,An Nadirah,Sha'b Al Muraysi,14.0375795,44.5080955,
node/4913901221,مدرسة الشهيد الثلايا - الغيلي,,mdrs@ lshhyd lthly - lGyly,École,,Ibb,Ar Radmah,Azaal,14.1695427,44.5826755,
node/8387846020,مدرسة صلاح الدين الايوبي,Salah El Din Al Ayoubi School,Salah El Din Al Ayoubi School,École,,Ibb,Ar Radmah,Sudan,14.2073081,44.5669375,
node/8390154717,مجمع الأمل التربوي,Al-Amal Educational Complex,Al-Amal Educational Complex,École,,Ibb,Ar Radmah,Bani Qays,14.2235587,44.5826755,
node/1869250563,مدرسة خالد بن الوليد,,mdrs@ khld bn lwlyd,École,,Ibb,Yarim,Yarim,14.296547,44.3780172,
node/1869319799,منتزة لاند,,mntz@ lnd,Jardin d'enfants,,Ibb,Yarim,Bani Manbah,14.2984942,44.3687698,
node/12593610428,مدرسة الهدى الابتدائية,,mdrs@ lhd~ lbtdy'y@,École,,Ibb,Hobeish,Bani Shabib,14.1327398,44.0435026,
node/7236130786,مدرسة الشعب,alshab school,alshab school,École,,Ibb,Adh Dhihar,Adh Dhihar,13.9776417,44.1853979,
node/6111334685,مدرسة أسماء للبنات,,mdrs@ 'sm llbnt,École,,Ibb,Adh Dhihar,Adh Dhihar,13.9754082,44.1908126,
node/8530136417,مدرسة أروى للبنات,Arwa Girls School,Arwa Girls School,École,,Ibb,Adh Dhihar,Adh Dhihar,13.9750894,44.1798537,
node/5015695921,جامعة إب كلية التربية,University of Ibb College of Education,University of Ibb College of Education,École,,Ibb,Adh Dhihar,Adh Dhihar,13.9776176,44.1783621,
node/4876104123,كلية التربية إب,Ibb Faculty of Education,Ibb Faculty of Education,Collège / Institut,,Ibb,Adh Dhihar,Adh Dhihar,13.9774893,44.1780392,
node/8308649019,مدرسة الشهيد الصباحي,,mdrs@ lshhyd lSbHy,École,,Ibb,Adh Dhihar,Adh Dhihar,13.972756,44.1757731,
node/4825567322,مدرسة الشهيد الصباحي,Alshaheed Alsbahi school,Alshaheed Alsbahi school,École,,Ibb,Adh Dhihar,Adh Dhihar,13.9720391,44.1750044,
node/13518744888,مدارس السبعين الحديثة,,mdrs lsb`yn lHdyth@,École,,Sana'a City,As Sab'in,As Sab'in,15.3108796,44.2269471,
node/4986927922,مدرسة إخوان ثابت,,mdrs@ khwn thbt,École,,Sana'a City,As Sab'in,As Sab'in,15.3082838,44.2244768,
node/5773917033,مدرسة الشوكاني,,mdrs@ lshwkny,École,,Sana'a City,As Sab'in,As Sab'in,15.3017912,44.2240182,صنعاء
node/12593383592,مدرسة الإحسان للبنات,,mdrs@ lHsn llbnt,École,,Sana'a City,As Sab'in,As Sab'in,15.3012152,44.2248639,صنعاء
node/6560953687,مدارس نماء,Name  school,Name  school,École,,Sana'a City,As Sab'in,As Sab'in,15.3017217,44.228306,
node/8164414617,مدارس نماء الحديثه,( Sh ),( Sh ),École,,Sana'a City,As Sab'in,As Sab'in,15.3006731,44.2282019,
node/6007424086,مدرسة محمد اسماعيل,,mdrs@ mHmd sm`yl,École,,Sana'a City,As Sab'in,As Sab'in,15.3128845,44.2231653,
node/4532786189,مدارس المثالية التربوية,idel school,idel school,École,,Sana'a City,As Sab'in,As Sab'in,15.3166004,44.2272414,
node/7056564885,مدرسة خولة,,mdrs@ khwl@,École,,Sana'a City,As Sab'in,As Sab'in,15.3182693,44.224747,
node/13518704570,مدارس أمجاد اليمن الحديثة,,mdrs 'mjd lymn lHdyth@,École,,Sana'a City,As Sab'in,As Sab'in,15.3173793,44.2237794,
node/4729009991,مدرسة سمية للبنات,Somaiah schoolgirls,Somaiah schoolgirls,École,,Sana'a City,As Sab'in,As Sab'in,15.3203406,44.2213926,
node/5348913822,مدارس دار الفكر النموذجية,,mdrs dr lfkr lnmwdhjy@,École,,Sana'a City,As Sab'in,As Sab'in,15.3250732,44.2249387,
node/6134329390,مدرسة أم سلمة للبنات,Om sallamah schoolgirls,Om sallamah schoolgirls,École,,Sana'a City,As Sab'in,As Sab'in,15.3256628,44.2227742,
node/13437303010,مدرسة الشهيد أحمد الحورش,,mdrs@ lshhyd 'Hmd lHwrsh,École,,Sana'a City,As Sab'in,As Sab'in,15.329795,44.2150851,
way/308602675,مدرسة الشهيد العصيمي,,mdrs@ lshhyd l`Symy,École,,Sana'a City,As Safiyah,As Safiyah,,,
node/12200086077,مدرسة الشهيد حزام العصيمي,,mdrs@ lshhyd Hzm l`Symy,École,,Sana'a City,As Safiyah,As Safiyah,15.3327648,44.2132203,الامانة
way/118733113,مدرسة عبدالرزاق الصنعاني,,mdrs@ `bdlrzq lSn`ny,École,,Sana'a City,Al Wehdah,Al Wehdah,,,صنعاء
node/12600862036,مدرسة النزيلي الأهلية,,mdrs@ lnzyly l'hly@,École,,Sana'a City,Al Wehdah,Al Wehdah,15.3344516,44.2094932,
way/104407065,مدرسة التضامن للبنين,,mdrs@ ltDmn llbnyn,École,,Sana'a City,As Safiyah,As Safiyah,,,
node/13437303101,المدارس الثقافية الرائدة,,lmdrs lthqfy@ lry'd@,École,,Sana'a City,Al Wehdah,Al Wehdah,15.3361531,44.2099084,
node/6467137033,مدارس النجاح,,mdrs lnjH,École,,Sana'a City,As Safiyah,As Safiyah,15.3349219,44.2122567,
node/5339491622,مدرسة ذو النورين,,mdrs@ dhw lnwryn,École,,Sana'a City,As Safiyah,As Safiyah,15.3388867,44.2193554,
node/10632742555,مدرسة أنس بن مالك,,mdrs@ 'ns bn mlk,École,,Sana'a City,As Safiyah,As Safiyah,15.3367894,44.2235272,
node/5079949922,مدرسة ابن خلدون للبنين,,mdrs@ bn khldwn llbnyn,École,,Sana'a City,As Safiyah,As Safiyah,15.3399071,44.2255563,
node/5074223622,مدارس الثريا فرع البنات,,mdrs lthry fr` lbnt,École,,Sana'a City,As Safiyah,As Safiyah,15.3397869,44.2274597,
node/5074223621,مدارس الثريا فرع البنين,Althorya school,Althorya school,École,,Sana'a City,As Safiyah,As Safiyah,15.3390455,44.2276164,
node/13437302955,مدارس رواد اليمن الدولية,,mdrs rwd lymn ldwly@,École,,Sana'a City,As Safiyah,As Safiyah,15.331541,44.2275131,
node/10632742535,مدارس رواد اليمن الدولية فرع البراعم,,mdrs rwd lymn ldwly@ fr` lbr`m,École,,Sana'a City,As Safiyah,As Safiyah,15.3319125,44.2243107,صنعاء
node/13437303016,مدارس الأمل الحديثة,,mdrs l'ml lHdyth@,École,,Sana'a City,As Safiyah,As Safiyah,15.3327348,44.2178839,
node/7445084388,مدرسة ابن اليمن,,mdrs@ bn lymn,École,,Sana'a City,As Safiyah,As Safiyah,15.3290176,44.2201258,
node/8383196719,جامعة السعيدة,,jm`@ ls`yd@,Université,,Sana'a City,As Safiyah,As Safiyah,15.3280051,44.2188421,
node/13518640362,مدرسة الفرسان للبنين,,mdrs@ lfrsn llbnyn,École,,Sana'a City,As Safiyah,As Safiyah,15.326026,44.2207687,
node/6013514711,مدرسة طارق بن زياد الأساسية,Tareq Ben zeyad basic school,Tareq Ben zeyad basic school,École,,Sana'a City,As Safiyah,As Safiyah,15.3263493,44.2228004,
node/10632742517,مدرسة عبدالرحمن الغافقي,,mdrs@ `bdlrHmn lGfqy,École,,Sana'a City,As Safiyah,As Safiyah,15.3286449,44.2275869,
node/10632742516,مدرسة سكينة الثانوية للبنات,,mdrs@ skyn@ lthnwy@ llbnt,École,,Sana'a City,As Safiyah,As Safiyah,15.3290451,44.2275328,
node/5079942627,مدرسة الشعب الثانوية,,mdrs@ lsh`b lthnwy@,École,,Sana'a City,Old City,Old City,15.3510261,44.219175,
node/5079952021,مدرسة معين,,mdrs@ m`yn,École,,Sana'a City,Old City,Old City,15.349782,44.219034,
node/5079935324,مدرسة الثورة للبنات,AlThowrah Girls School,AlThowrah Girls School,École,,Sana'a City,Old City,Old City,15.3504799,44.2234547,
node/9106013417,مدارس الوطنية الحديثة - فرع البنات,,mdrs lwTny@ lHdyth@ - fr` lbnt,École,,Sana'a City,As Safiyah,As Safiyah,15.3406759,44.2195931,
way/104407067,مدرسة أم سلمة للبنات,,mdrs@ 'm slm@ llbnt,École,,Sana'a City,As Safiyah,As Safiyah,,,
way/237755285,اكاديمية الشرطة,Police Academy,Police Academy,Collège / Institut,,Sana'a City,Al Wehdah,Al Wehdah,,,
way/104407066,مدرسة المعتصم للبنين,,mdrs@ lm`tSm llbnyn,École,,Sana'a City,Al Wehdah,Al Wehdah,,,
node/4298021947,مدرسة المعتصم,Almoatasem School,Almoatasem School,École,,Sana'a City,Al Wehdah,Al Wehdah,15.3405894,44.2088467,
node/12587743576,الأكاديمية اليمنية للدراسات العليا,,l'kdymy@ lymny@ lldrst l`ly,Université,,Sana'a City,Al Wehdah,Al Wehdah,15.3407212,44.2072957,صنعاء
node/5070410521,كلية الشرطة,,kly@ lshrT@,Collège / Institut,,Sana'a City,Al Wehdah,Al Wehdah,15.341916,44.207064,
node/6560928486,مدارس العلوم والتقنية,Sciences and Technology School,Sciences and Technology School,École,,Sana'a City,Al Wehdah,Al Wehdah,15.3404289,44.2058236,صنعاء
way/237755387,مدرسة الشهيد السماوي,,mdrs@ lshhyd lsmwy,École,,Sana'a City,Al Wehdah,Al Wehdah,,,
way/235752355,مدرسة اروى للبنات,,mdrs@ rw~ llbnt,École,,Sana'a City,Al Wehdah,Al Wehdah,,,
way/104407063,مدرسة الكويت للبنين,,mdrs@ lkwyt llbnyn,École,,Sana'a City,Al Wehdah,Al Wehdah,,,
node/12573635355,مدرسة اللأطفال النموذجية,,mdrs@ ll'Tfl lnmwdhjy@,École,,Sana'a City,Old City,Old City,15.3500327,44.2092329,صنعاء
node/6327119586,مدرسة نشوان الحميري,Nashwan alhomyari school,Nashwan alhomyari school,École,,Sana'a City,Old City,Old City,15.350635,44.2115902,
way/518453324,ثانوية عبدالناصر للمتفوقين,Jamal Abdulnaser highschool,Jamal Abdulnaser highschool,École,,Sana'a City,Al Wehdah,Al Wehdah,,,
node/4354420301,مدرسة الطبري,,mdrs@ lTbry,École,,Sana'a City,Old City,Old City,15.3572376,44.209422,
node/2536820603,مركز تعليم اللغة العربية والدراسات الشرقية,Center For Arabic Learning And Eastern Studies,Center For Arabic Learning And Eastern Studies,École,,Sana'a City,Old City,Old City,15.3557782,44.2145003,صنعاء
node/5079942632,مدرسة اللقية,,mdrs@ llqy@,École,,Sana'a City,Old City,Old City,15.3544574,44.2190037,
way/1025649953,مدرسة,,mdrs@,École,,Sana'a City,Old City,Old City,,,
node/6029109279,مدرسة أحمد ياسين,,mdrs@ 'Hmd ysyn,École,,Sana'a City,Old City,Old City,15.3618957,44.2282468,
node/11392952369,مدارس مناهل الهداى,,mdrs mnhl lhd~,École,,Sana'a City,Shu'ub,Shu'ub,15.3679502,44.2281943,
node/13436370730,مدرسة الوشاح الأساسية للبنين,,mdrs@ lwshH l'ssy@ llbnyn,École,,Sana'a City,Shu'ub,Shu'ub,15.3678934,44.2109933,
node/4242721497,مدرسة سبأ الحكومية للبنين,shiba school for boys,shiba school for boys,École,,Sana'a City,Shu'ub,Shu'ub,15.3697951,44.2050393,
node/7294950957,مدرسة الفاروق,Madrasat al Faruq,Madrasat al Faruq,École,,Sana'a City,Shu'ub,Shu'ub,15.3743317,44.2119008,
node/13436435943,مدارس بابل,,mdrs bbl,École,,Sana'a City,Shu'ub,Shu'ub,15.3748905,44.2046338,
node/6937224454,المدرسة البيطرة,Al Madrasah al Baytarah,Al Madrasah al Baytarah,École,,Sana'a City,Shu'ub,Shu'ub,15.37674,44.208291,
node/8285674619,جامعة أقرأ للعلوم والتكنولوجيا,,jm`@ 'qr' ll`lwm wltknwlwjy,Université,,Sana'a City,Shu'ub,Shu'ub,15.3788363,44.2063029,
way/1024881854,مدرسة الرماح للبنات,,mdrs@ lrmH llbnt,École,,Sana'a City,Shu'ub,Shu'ub,,,
way/237754139,مدرسة زينب للبنات,,mdrs@ zynb llbnt,École,,Sana'a City,Shu'ub,Shu'ub,,,
node/13521156691,مدارس أرض الجنتين الأهلية,,mdrs 'rD ljntyn l'hly@,École,,Sana'a City,Shu'ub,Shu'ub,15.3793233,44.217436,
node/6937224389,معهد صنعاء,Ma`had San`a',Ma`had San`a',Collège / Institut,,Sana'a City,Shu'ub,Shu'ub,15.381174,44.219963,
way/1029070964,مدرسة حرمل,,mdrs@ Hrml,École,,Sana'a City,Shu'ub,Shu'ub,,,
way/89618738,مدرسة قتيبة بن مسلم النموذجية,,mdrs@ qtyb@ bn mslm lnmwdhjy@,École,,Sana'a City,Shu'ub,Shu'ub,,,
way/237754140,مدرسة علي بن أبي طالب للبنين,,mdrs@ `ly bn 'by Tlb llbnyn,École,,Sana'a City,Shu'ub,Shu'ub,,,
node/13436370759,مدارس سام الأهلية للبنين,,mdrs sm l'hly@ llbnyn,École,,Sana'a City,Shu'ub,Shu'ub,15.3691904,44.2210342,
way/237754294,مدرسة عمر المختار الثانوية,,mdrs@ `mr lmkhtr lthnwy@,École,,Sana'a City,Shu'ub,Shu'ub,,,
node/13455426545,مدارس بوابة العربي فرع البنات,,mdrs bwb@ l`rby fr` lbnt,École,,Sana'a City,Shu'ub,Shu'ub,15.3746358,44.2394087,
way/89618739,مدرسة 7 تموز,,mdrs@ 7 tmwz,École,,Sana'a City,Shu'ub,Shu'ub,,,
way/602874924,مدارس زايد,,mdrs zyd,École,,Sana'a City,Shu'ub,Shu'ub,,,
way/89619245,مدرسة عمر عبدالعزيز,,mdrs@ `mr `bdl`zyz,École,,Sana'a City,Shu'ub,Shu'ub,,,
way/602874925,مدارس التربوية الحديثة,,mdrs ltrbwy@ lHdyth@,École,,Sana'a City,Shu'ub,Shu'ub,,,
way/89618740,مدرسة اليرموك,,mdrs@ lyrmwk,École,,Sana'a City,Shu'ub,Shu'ub,,,
node/11959236366,كلية رواد النهضة للعلوم الطبية والتطبيقية - سعوان,,kly@ rwd lnhD@ ll`lwm lTby@ wltTbyqy@ - s`wn,Collège / Institut,,Sana'a City,Shu'ub,Shu'ub,15.3808387,44.2387554,مدينة صنعاء
node/13455426644,مدرسة النهضة الحديثة,,mdrs@ lnhD@ lHdyth@,École,,Sana'a City,Shu'ub,Shu'ub,15.3779241,44.2365387,
way/1039250281,مدرسة سنان حطروم,,mdrs@ snn HTrwm,École,,Sana'a City,Shu'ub,Shu'ub,,,
node/13455426537,مدرسة الفوارس,,mdrs@ lfwrs,École,,Sana'a City,Shu'ub,Shu'ub,15.376106,44.2410046,
node/8827018917,مدارس الأقصى,,mdrs l'qS~,École,,Sana'a City,Shu'ub,Shu'ub,15.3798007,44.2419503,
way/1027439265,مدرسة الشهيد عبدالله حنيش النموذجية للبنات,,mdrs@ lshhyd `bdllh Hnysh lnmwdhjy@ llbnt,École,,Sana'a,Bani Hushaysh,Sa'wan,,,مدينة صنعاء
node/12057758806,مدارس الأقصى الحديثة,,mdrs l'qS~ lHdyth@,École,,Sana'a,Bani Hushaysh,Sa'wan,15.3827022,44.2438301,مدينة صنعاء
node/12057716745,مدارس التربوية الحديثة,,mdrs ltrbwy@ lHdyth@,École,,Sana'a,Bani Hushaysh,Sa'wan,15.3817234,44.2439064,
node/12403304136,روضة قطر الندى,,rwD@ qTr lnd~,Jardin d'enfants,,Sana'a,Bani Hushaysh,Sa'wan,15.3725321,44.2444292,
node/12056891747,مدارس البناء التربوي,,mdrs lbn ltrbwy,École,,Sana'a,Bani Hushaysh,Sa'wan,15.3724119,44.2457656,صنعاء
node/12403304125,معهد عالمية أنجل للعلوم الصحية,,m`hd `lmy@ 'njl ll`lwm lSHy@,Collège / Institut,,Sana'a,Bani Hushaysh,Sa'wan,15.3706545,44.2450861,صنعاء
node/12403304140,مدارس الرائد النموذجية - فرع البنات,,mdrs lry'd lnmwdhjy@ - fr` lbnt,École,,Sana'a,Bani Hushaysh,Sa'wan,15.3706937,44.2432411,مدينة صنعاء
node/12056913076,مدارس الرائد النموذجية,,mdrs lry'd lnmwdhjy@,École,,Sana'a,Bani Hushaysh,Sa'wan,15.3696215,44.2443866,صنعاء
node/13455426641,مدرسة فلذات أكبادنا,,mdrs@ fldht 'kbdn,École,,Sana'a,Bani Hushaysh,Sa'wan,15.3652476,44.2516382,
way/601832042,مدرسة عمار بن ياسر,,mdrs@ `mr bn ysr,École,,Sana'a City,Azaal,Azaal,,,
node/8184132217,مدرسة عمار بن ياسر,,mdrs@ `mr bn ysr,École,,Sana'a City,Azaal,Azaal,15.3600943,44.2295759,
node/13455426450,مدارس السيادة الحديثة,,mdrs lsyd@ lHdyth@,École,,Sana'a,Bani Hushaysh,Sa'wan,15.3846196,44.2537799,
node/5372932322,كلية المجتمع,Community College,Community College,Collège / Institut,,Sana'a,Bani Hushaysh,Sa'wan,15.4067847,44.2504525,
node/12403309186,مدارس البناء التربوي - فرع البنات,,mdrs lbn ltrbwy - fr` lbnt,École,,Sana'a,Bani Hushaysh,Sa'wan,15.3861303,44.2453745,مدينة صنعاء
node/13455426495,مدرسة الشهيد إبراهيم الحمدي,,mdrs@ lshhyd brhym lHmdy,École,,Sana'a,Bani Hushaysh,Sa'wan,15.387379,44.2464441,
node/12403309189,مدارس شموس العلم الأهلية,,mdrs shmws l`lm l'hly@,École,,Sana'a,Bani Hushaysh,Sa'wan,15.3886005,44.2440621,مدينة صنعاء
node/4365488589,مدرسه الراعي,Alrayee school,Alrayee school,École,,Sana'a,Bani Hushaysh,Sa'wan,15.3877449,44.2401991,
node/13455426527,مدارس آية الأهلية,,mdrs ay@ l'hly@,École,,Sana'a City,Shu'ub,Shu'ub,15.384074,44.2363791,
node/6059929636,مدرسة 14 أكتوبر,,mdrs@ 14 'ktwbr,École,,Sana'a City,Shu'ub,Shu'ub,15.3858091,44.2240402,
node/4701257490,مدرسة الشهيد الاحمر,,mdrs@ lshhyd lHmr,École,,Sana'a City,Shu'ub,Shu'ub,15.3898887,44.2161621,
way/602874923,مدارس الأمجاد الدولية,,mdrs l'mjd ldwly@,École,,Sana'a City,Shu'ub,Shu'ub,,,
node/13438580891,مدرسة العصرية,,mdrs@ l`Sry@,École,,Sana'a City,Shu'ub,Shu'ub,15.3837352,44.2055552,
node/6024441019,الارتقاء الاهلية,,lrtq lhly@,École,,Sana'a City,Shu'ub,Shu'ub,15.3840641,44.2048711,
node/11110591005,مدرسة فقيد الأمة,,mdrs@ fqyd l'm@,École,,Sana'a City,Shu'ub,Shu'ub,15.384734,44.2058657,
way/602404160,مدارس الإتقان الأهلية,,mdrs ltqn l'hly@,École,,Sana'a City,Ath Thawrah,Ath Thawrah,,,
node/7184994685,الاتقان الأهلية,,ltqn l'hly@,École,,Sana'a City,Ath Thawrah,Ath Thawrah,15.3882967,44.2066434,صنعاء
node/12599361319,مدرسة المسيلة النموذجية,,mdrs@ lmsyl@ lnmwdhjy@,École,,Sana'a City,Ath Thawrah,Ath Thawrah,15.4018043,44.2040065,صنعاء
node/4733665323,مدرسة الشهيد الكبسي,,mdrs@ lshhyd lkbsy,École,,Sana'a City,Ath Thawrah,Ath Thawrah,15.4040302,44.2132404,
node/6619156587,مدرسة غمدان النموذجية,,mdrs@ Gmdn lnmwdhjy@,École,,Sana'a City,Ath Thawrah,Ath Thawrah,15.3991749,44.210976,
node/6619156588,مدرسة اقرأ,,mdrs@ qr',École,,Sana'a City,Ath Thawrah,Ath Thawrah,15.398156,44.2113921,
node/11092808505,EXCEL ETA for training,EXCEL ETA for training,EXCEL ETA for training,École,,Sana'a City,Bani Al Harith,Bani Al Harith,15.410609,44.2150528,
node/5425915923,المعهد للتدريب والتأهيل المركزي,,lm`hd lltdryb wlt'hyl lmrkzy,École,,Sana'a City,Ath Thawrah,Ath Thawrah,15.4070192,44.2070523,
node/4636990197,مدرسة الشهيد حميد القديمي,,mdrs@ lshhyd Hmyd lqdymy,École,,Sana'a City,Ath Thawrah,Ath Thawrah,15.4064305,44.2057551,
way/104407781,مدرسة صنعاء الأهلية النموذجية,,mdrs@ Sn` l'hly@ lnmwdhjy@,École,,Sana'a City,Ath Thawrah,Ath Thawrah,,,
way/809877714,مدرسة العروبة,,mdrs@ l`rwb@,École,,Sana'a City,Bani Al Harith,Bani Al Harith,,,
node/4334111736,مدرسة الروضة للبنات,,mdrs@ lrwD@ llbnt,École,,Sana'a City,Bani Al Harith,Bani Al Harith,15.4379375,44.2167527,
way/373881009,مدرسة عمر بن عبد العزيز,Omar Bin Abdul-aziz High School,Omar Bin Abdul-aziz High School,École,,Sana'a City,Bani Al Harith,Bani Al Harith,,,
node/3773579358,مدرسة الجيل الجديد للبنات,Al-Jeel Al-Jadeed School for Girls,Al-Jeel Al-Jadeed School for Girls,École,,Sana'a City,Bani Al Harith,Bani Al Harith,15.4345938,44.2265271,
node/8194117719,مدرسة كوكب العلوم,Kawkab  aleulum school,Kawkab  aleulum school,École,,Sana'a City,Bani Al Harith,Bani Al Harith,15.432489,44.2131058,
node/8194110117,مدرسة كوكب العلوم,Kawkab aleulum School,Kawkab aleulum School,École,,Sana'a City,Bani Al Harith,Bani Al Harith,15.4323748,44.2130972,
node/4341004490,صناع الحياة الأهلية,,Sn` lHy@ l'hly@,École,,Sana'a City,Bani Al Harith,Bani Al Harith,15.4371715,44.2159383,
node/3777088318,مدرسة شهداء الجوية للبنات,Shuhada Al-Jawia School,Shuhada Al-Jawia School,École,,Sana'a City,Bani Al Harith,Bani Al Harith,15.445929,44.2198209,
way/373879348,مدرسة شهداء الجوية للبنات,Shuhada Al-Jaweia School for Girls,Shuhada Al-Jaweia School for Girls,École,,Sana'a City,Bani Al Harith,Bani Al Harith,,,
way/373876695,مدرسة جيل الوحدة,Jeel Al-Wahda School,Jeel Al-Wahda School,École,,Sana'a City,Bani Al Harith,Bani Al Harith,,,
node/3773070278,مدرسة جيل الوحدة,,mdrs@ jyl lwHd@,École,,Sana'a City,Bani Al Harith,Bani Al Harith,15.4547208,44.238231,
node/3773070279,مدرسة الفتح,,mdrs@ lftH,École,,Sana'a City,Bani Al Harith,Bani Al Harith,15.4635884,44.2349378,
node/13144529801,مدارس الشورى,,mdrs lshwr~,École,,Sana'a City,Bani Al Harith,Bani Al Harith,15.4453884,44.2331789,
node/7542976388,مدرسة الوليد الأهليه,,mdrs@ lwlyd l'hlyh,École,,Sana'a City,Bani Al Harith,Bani Al Harith,15.4466014,44.2298622,
node/3777130962,مدرسة القوبري (التعاون),Al-Taawon School,Al-Taawon School,École,,Sana'a City,Bani Al Harith,Bani Al Harith,15.4434803,44.2301071,
node/13711882201,مدرسة مشاعل النصر الأهلية,,mdrs@ msh`l lnSr l'hly@,École,,Sana'a City,Bani Al Harith,Bani Al Harith,15.479476,44.243402,
node/13711896301,مدرسة الحارث الأساسية,,mdrs@ lHrth l'ssy@,École,,Sana'a City,Bani Al Harith,Bani Al Harith,15.474707,44.245097,
node/13384264002,مدرسة الواحة,,mdrs@ lwH@,École,,Sana'a City,Bani Al Harith,Bani Al Harith,15.4752337,44.2395533,
node/13711890702,مدرسة الواحة الأهلية,,mdrs@ lwH@ l'hly@,École,,Sana'a City,Bani Al Harith,Bani Al Harith,15.475097,44.239424,
node/13410409501,مدرسة الشهيد يحيى محمد المتوكل للبنات,,mdrs@ lshhyd yHy~ mHmd lmtwkl llbnt,École,,Sana'a City,Bani Al Harith,Bani Al Harith,15.4744276,44.2356484,
node/13711932301,مدرسة العلا الأهلية,,mdrs@ l`l l'hly@,École,,Sana'a City,Bani Al Harith,Bani Al Harith,15.477383,44.233969,
node/4263194294,مدرسة بيرزاهر,,mdrs@ byrzhr,École,,Sana'a City,Bani Al Harith,Al Hama'a,15.5249877,44.2526227,
way/1234612777,Al-Shahid Al-Jabri Basic Secondary School in Bani Adwan,,Al-Shahid Al-Jabri Basic Secondary School in Bani Adwan,École,,Amran,Raydah,Dhayfan,,,
way/1234612778,Al-Shahid Al-Jabri Basic Secondary School in Bani Adwan,,Al-Shahid Al-Jabri Basic Secondary School in Bani Adwan,École,,Amran,Raydah,Dhayfan,,,
way/1234271469,Shaimama school for Girls Bvevan,,Shaimama school for Girls Bvevan,École,,Amran,Raydah,Dhayfan,,,
node/6502602485,ناصر - المحلا,,nSr - lmHl,École,,Amran,Thula,Hababah,15.5536181,43.8361474,
node/6502602285,مدرسة بيت هبه,Bait heba schoole,Bait heba schoole,École,,Amran,Thula,Hababah,15.5635769,43.838098,
node/7700162192,مدرسة 11 أكتوبر,,mdrs@ 11 'ktwbr,École,,Amran,Jabal Eyal Yazid,Eyal Hatim,15.6716871,43.8100685,
node/11083812105,مدرسة التفوق,,mdrs@ ltfwq,École,,Amran,Amran,Amran,15.6642624,43.9363259,
node/4341005689,مدرسة الحسين للبنات,,mdrs@ lHsyn llbnt,École,,Amran,Amran,Amran,15.6645954,43.9466585,
node/4332970911,مدرسة الشهيد الزبيري,,mdrs@ lshhyd lzbyry,École,,Amran,Amran,Amran,15.659879,43.9462774,
node/4341004690,مدرسة النور,,mdrs@ lnwr,École,,Amran,Amran,Amran,15.65831,43.9436307,
node/4332965751,مدرسة النور,,mdrs@ lnwr,École,,Amran,Amran,Amran,15.6583315,43.9436348,
node/7700142700,مدرسة اقرأ,,mdrs@ qr',École,,Amran,Amran,Amran,15.6526239,43.9484191,
node/7700173113,مدرسة عمران,,mdrs@ `mrn,École,,Amran,Amran,Amran,15.6566306,43.9553349,
node/7685181843,مدرسة أسماء بنت أبي بكر,,mdrs@ 'sm bnt 'by bkr,École,,Hajjah,Hajjah City,Abs,15.7011021,43.5904693,حجة
node/8638953165,مدرسة جبل النصيري,,mdrs@ jbl lnSyry,École,,Hajjah,Wadrah,An Nussayri,15.72199,43.47588,
way/1137649828,مدرسة,,mdrs@,École,,Sana'a,Hamdan,Jusham,,,
way/1137596024,مدرسة,,mdrs@,École,,Sana'a,Hamdan,Jusham,,,
way/1137648286,مدرسة عمار ابن ياسر,,mdrs@ `mr bn ysr,École,,Sana'a,Hamdan,Rub' Hamdan,,,
way/1135951037,مدرسة الغرزة,,mdrs@ lGrz@,École,,Sana'a,Hamdan,Rub' Hamdan,,,
node/10589179493,مدرسة,,mdrs@,École,,Sana'a,Hamdan,Rub' Hamdan,15.4473633,44.0687167,
way/1135949850,مدرسة 14 اكتوبر,,mdrs@ 14 ktwbr,École,,Sana'a,Hamdan,Rub' Hamdan,,,
node/10589269111,مدرسة,,mdrs@,École,,Sana'a,Hamdan,Rub' Hamdan,15.4687283,44.0130517,
node/5950924113,مدرسة النصر المبين,Alnser almobeen school,Alnser almobeen school,École,,Sana'a City,Bani Al Harith,Bani Al Harith,15.463509,44.1732185,
node/7581330285,عمر ابن الخطاب,,`mr bn lkhTb,École,,Sana'a City,Sana'a City Outskirts - Hamdan,Sana'a City Outskirts - Hamdan,15.4171527,44.1243338,
node/4581290997,جامعة دار السلام,,jm`@ dr lslm,Université,,Sana'a City,Ath Thawrah,Ath Thawrah,15.4158054,44.2028163,
node/12599361320,مدرسة إقراء الأهلية,,mdrs@ qr l'hly@,École,,Sana'a City,Ath Thawrah,Ath Thawrah,15.4019704,44.2031778,صنعاء
node/12572220946,مدرسة سماء النهضة الأهلية,,mdrs@ sm lnhD@ l'hly@,École,,Sana'a City,Ath Thawrah,Ath Thawrah,15.397954,44.1984086,صنعاء
way/599931011,مدرسة النصر,,mdrs@ lnSr,École,,Sana'a City,Ath Thawrah,Ath Thawrah,,,صنعاء
node/10160025107,الأكاديمية اليمنية لهندسة النفط والغاز,,l'kdymy@ lymny@ lhnds@ lnfT wlGz,Collège / Institut,,Sana'a City,Ath Thawrah,Ath Thawrah,15.4013132,44.195418,
node/7205596785,مدارس أنوار العلى,Anwar Al Ola School,Anwar Al Ola School,École,,Sana'a City,Sana'a City Outskirts - Hamdan,Sana'a City Outskirts - Hamdan,15.4076066,44.159698,
node/6573169087,مدرسة فرسان اليمن,,mdrs@ frsn lymn,École,,Sana'a City,Sana'a City Outskirts - Hamdan,Sana'a City Outskirts - Hamdan,15.3998293,44.1546347,
way/602874894,جامعة الإيمان,,jm`@ lymn,Université,,Sana'a City,Ath Thawrah,Ath Thawrah,,,
node/12561034804,مدارس المعارف الحديثة,,mdrs lm`rf lHdyth@,École,,Sana'a City,Ma'in,Ma'in,15.3933904,44.1708283,صنعاء
node/8503983717,مدرسة السلام للبنات,,mdrs@ lslm llbnt,École,,Sana'a City,Sana'a City Outskirts - Hamdan,Sana'a City Outskirts - Hamdan,15.3944187,44.1599823,
way/1029131577,مدرسة سيئون,,mdrs@ syy'wn,École,,Sana'a City,Ma'in,Ma'in,,,
way/399247538,كلية الطب,,kly@ lTb,Collège / Institut,,Sana'a City,Ma'in,Ma'in,,,
way/1020377762,مدرسة سماء المعرفة,,mdrs@ sm lm`rf@,École,,Sana'a City,Ma'in,Ma'in,,,المدينة الليبية
way/602874901,كلية الأسنان,,kly@ l'snn,Collège / Institut,,Sana'a City,Ma'in,Ma'in,,,
node/7004170485,حضانة اطفال عمران,,HDn@ Tfl `mrn,Jardin d'enfants,,Sana'a City,Ath Thawrah,Ath Thawrah,15.3852547,44.1847617,
node/8399382017,مدرسة عمر بن الخطاب,,mdrs@ `mr bn lkhTb,École,,Sana'a City,Ath Thawrah,Ath Thawrah,15.3949148,44.1802414,حي النهضة
node/13200918842,مدارس بناة المجد الحديثة,,mdrs bn@ lmjd lHdyth@,École,,Sana'a City,Ath Thawrah,Ath Thawrah,15.3963624,44.1836621,
way/1029050558,مدرسة النهضة,,mdrs@ lnhD@,École,,Sana'a City,Ath Thawrah,Ath Thawrah,,,حي النهضة
node/5132001925,مدارس النهضة,Al-Nahdha School,Al-Nahdha School,École,,Sana'a City,Ath Thawrah,Ath Thawrah,15.3901479,44.1849679,
node/5816242658,مدرسة حليمة للبنات,,mdrs@ Hlym@ llbnt,École,,Sana'a City,Ath Thawrah,Ath Thawrah,15.3921773,44.2003061,
way/602899841,مدرسة حليمة السعدية للبنات,,mdrs@ Hlym@ ls`dy@ llbnt,École,,Sana'a City,Ath Thawrah,Ath Thawrah,,,
node/6028250923,مدرسة أوسان,Awssan school,Awssan school,École,,Sana'a City,Ath Thawrah,Ath Thawrah,15.3891662,44.2023656,
way/608263761,مدرسة أوسان,,mdrs@ 'wsn,École,,Sana'a City,Ath Thawrah,Ath Thawrah,,,صنعاء
node/8687950020,مدارس قحطان الأهلية,,mdrs qHTn l'hly@,École,,Sana'a City,Ath Thawrah,Ath Thawrah,15.3866906,44.2034223,
node/10160025045,مدارس قحطان الأهلية الفرع,,mdrs qHTn l'hly@ lfr`,École,,Sana'a City,Ath Thawrah,Ath Thawrah,15.3872621,44.2002154,
node/10160025059,مدريسة واحة العلم الأهلية,,mdrys@ wH@ l`lm l'hly@,École,,Sana'a City,Ath Thawrah,Ath Thawrah,15.3852545,44.195137,
node/4242717597,مدرسة عثمان بن عفان الحكومية للبنين,Aothman bn affan school for boys,Aothman bn affan school for boys,École,,Sana'a City,Ath Thawrah,Ath Thawrah,15.3840041,44.1990485,
node/4242721889,مدرسة اليمن الحديث الحكومية للبنات,The modern Yemen school for girls,The modern Yemen school for girls,École,,Sana'a City,Ath Thawrah,Ath Thawrah,15.3839962,44.1983443,
node/10160025054,الكلية الدولية للعلوم الصحية والتقنية,,lkly@ ldwly@ ll`lwm lSHy@ wltqny@,Collège / Institut,,Sana'a City,Ath Thawrah,Ath Thawrah,15.3853357,44.1975062,
node/4452929398,مدارس التقنية الأهلية,,mdrs ltqny@ l'hly@,École,,Sana'a City,Shu'ub,Shu'ub,15.3810033,44.2029033,
way/602926705,مدرسة آزال الوادي,,mdrs@ azl lwdy,École,,Sana'a City,Ma'in,Ma'in,,,
way/24480524,كلية الهندسة,Faculty of Engineering,Faculty of Engineering,Collège / Institut,,Sana'a City,Ma'in,Ma'in,,,
node/6937224590,كلية الهندسة,Kulliyat al Handasah,Kulliyat al Handasah,Collège / Institut,,Sana'a City,Ma'in,Ma'in,15.369991,44.17898,
node/3777190325,رئاسة جامعة صنعاء,,ry's@ jm`@ Sn`,École,,Sana'a City,Ath Thawrah,Ath Thawrah,15.3691605,44.1858966,
node/3777190324,نيابة شؤون الطلاب,,nyb@ shw'wn lTlb,École,,Sana'a City,Ath Thawrah,Ath Thawrah,15.369101,44.1864224,
way/60795684,جامعة العلوم والتكنولوجيا,University of Science and Technology,University of Science and Technology,Université,,Sana'a City,Ath Thawrah,Ath Thawrah,,,
node/13436435956,مدرسة الشهيد أحمد الثلايا,,mdrs@ lshhyd 'Hmd lthly,École,,Sana'a City,Ath Thawrah,Ath Thawrah,15.3735845,44.1958804,
node/13436435955,مدرسة فاطنة الزهراء للبنات,,mdrs@ fTn@ lzhr llbnt,École,,Sana'a City,Ath Thawrah,Ath Thawrah,15.3731409,44.1955103,
node/6028250916,مدرسة البتول,,mdrs@ lbtwl,École,,Sana'a City,Shu'ub,Shu'ub,15.3725871,44.2024777,
way/120247461,مدرسة أم المؤمونين عائشة,Aeshah School,Aeshah School,École,,Sana'a City,At Tahrir,At Tahrir,,,
node/13521158073,مدارس الفردوس النموذجية,,mdrs lfrdws lnmwdhjy@,École,,Sana'a City,At Tahrir,At Tahrir,15.3681094,44.1975528,
node/4401651194,مدرسة الميثاق,,mdrs@ lmythq,École,,Sana'a City,At Tahrir,At Tahrir,15.3662112,44.1921171,
way/603521833,مدرسة الميثاق,,mdrs@ lmythq,École,,Sana'a City,At Tahrir,At Tahrir,,,
node/13521158078,مدارس الرسالة,,mdrs lrsl@,École,,Sana'a City,At Tahrir,At Tahrir,15.3649088,44.1938741,
node/13521158077,مدرسة يمن المستقبل,,mdrs@ ymn lmstqbl,École,,Sana'a City,At Tahrir,At Tahrir,15.3648868,44.1941544,
node/5673912123,جامعة الحكمة,Alhekmah university,Alhekmah university,Collège / Institut,,Sana'a City,At Tahrir,At Tahrir,15.3651082,44.1923209,
node/6029109284,مدرسة خالد بن الوليد,khaled ebn alwaleed school,khaled ebn alwaleed school,École,,Sana'a City,At Tahrir,At Tahrir,15.3602275,44.1990381,
node/3256253232,مدرسة بلقيس,,mdrs@ blqys,École,,Sana'a City,At Tahrir,At Tahrir,15.3559803,44.1964422,
node/6131128100,مدارس هامات,,mdrs hmt,École,,Sana'a City,At Tahrir,At Tahrir,15.361436,44.1892974,
node/5895667784,الجامعة الدولية,,ljm`@ ldwly@,Université,,Sana'a City,At Tahrir,At Tahrir,15.3604333,44.1860755,
node/12587743581,مدارس سفير الحديثة,,mdrs sfyr lHdyth@,École,,Sana'a City,At Tahrir,At Tahrir,15.3598471,44.1875607,صنعاء
node/3256253227,مدرسة أسماء للبنات,,mdrs@ 'sm llbnt,École,,Sana'a City,At Tahrir,At Tahrir,15.3556914,44.1881004,
node/4452440152,المركز الكندي للغات,Canadian Language Centre,Canadian Language Centre,Collège / Institut,,Sana'a City,At Tahrir,At Tahrir,15.3578544,44.1871303,
node/13475400705,مدارس التربية الحديثة,,mdrs ltrby@ lHdyth@,École,,Sana'a City,Ma'in,Ma'in,15.3597709,44.1791488,
way/120248255,مدرسة معاذ بن جبل,,mdrs@ m`dh bn jbl,École,,Sana'a City,Ma'in,Ma'in,,,
node/12299826395,مدرسة نسيبة بنت كعب للبنات,,mdrs@ nsyb@ bnt k`b llbnt,École,,Sana'a City,Ma'in,Ma'in,15.3597158,44.1836861,
way/237823828,مدارس الرشيد الحديثة- فرع البنين,Arrasheed Modern School -Boy Branch,Arrasheed Modern School -Boy Branch,École,,Sana'a City,Ma'in,Ma'in,,,
node/4473108697,مدارس التربيه الحديثه,,mdrs ltrbyh lHdythh,École,,Sana'a City,Ma'in,Ma'in,15.3597896,44.179488,
way/602926703,كلية اللغات,,kly@ llGt,École,,Sana'a City,Ma'in,Ma'in,,,
way/373884294,مبنى شؤون الطلاب ومدرج كلية الحاسوب,,mbn~ shw'wn lTlb wmdrj kly@ lHswb,École,,Sana'a City,At Tahrir,At Tahrir,,,
way/373884293,كلية الحاسوب وتكنولوجيا المعلومات,Faculty of Computer and Information Technology,Faculty of Computer and Information Technology,École,,Sana'a City,At Tahrir,At Tahrir,,,
way/373884292,كلية الحاسوب وتكنولوجيا المعلومات,Faculty of Computer and Information Technology,Faculty of Computer and Information Technology,Collège / Institut,,Sana'a City,At Tahrir,At Tahrir,,,
way/373884295,مركز الحاسب الآلي,,mrkz lHsb laly,École,,Sana'a City,At Tahrir,At Tahrir,,,
way/602926704,كلية الإعلام,,kly@ l`lm,École,,Sana'a City,Ma'in,Ma'in,,,
node/3777190317,مباني السكن الطلابي,,mbny lskn lTlby,École,,Sana'a City,At Tahrir,At Tahrir,15.3653565,44.1872148,
way/602926700,كلية التجارة والاقتصاد,,kly@ ltjr@ wlqtSd,École,,Sana'a City,At Tahrir,At Tahrir,,,
node/8164414717,مدارس الرشيد,,mdrs lrshyd,École,,Sana'a City,At Tahrir,At Tahrir,15.367248,44.1897994,
node/13436436024,كلية الآفاق للعلوم الطبية والتقنية,,kly@ lafq ll`lwm lTby@ wltqny@,Collège / Institut,,Sana'a City,At Tahrir,At Tahrir,15.3671356,44.19074,
node/13436436023,المدرسة العلمية الحديثة,,lmdrs@ l`lmy@ lHdyth@,École,,Sana'a City,At Tahrir,At Tahrir,15.3674382,44.1911222,
way/602926697,القاعة الكبرى بكلية الشريعة والقانون,,lq`@ lkbr~ bkly@ lshry`@ wlqnwn,École,,Sana'a City,At Tahrir,At Tahrir,,,
node/6937224471,جامعة صنعاء,Jami`at San`a',Jami`at San`a',Collège / Institut,,Sana'a City,At Tahrir,At Tahrir,15.367033,44.186782,
way/602926699,كلية الشريعة والقانون,,kly@ lshry`@ wlqnwn,École,,Sana'a City,Ma'in,Ma'in,,,
way/1089201817,جامعة صنعاء,Sanaa University,Sanaa University,Université,,Sana'a City,Ma'in,Ma'in,,,
way/313258973,كلية التربية,,kly@ ltrby@,Collège / Institut,,Sana'a City,Ma'in,Ma'in,,,
node/6937218379,كلية الزراعة,,kly@ lzr`@,Collège / Institut,,Sana'a City,Ma'in,Ma'in,15.366001,44.181063,
way/24466450,كلية الزراعة,Faculty of Agriculture,Faculty of Agriculture,Collège / Institut,,Sana'a City,Ma'in,Ma'in,,,
node/3777190313,مركز المياه والبيئة,,mrkz lmyh wlbyy'@,École,,Sana'a City,Ma'in,Ma'in,15.3686197,44.1803356,
node/8383195121,رياض ومدارس السلسبيل الاهلية,,ryD wmdrs lslsbyl lhly@,École,,Sana'a City,Ma'in,Ma'in,15.3659177,44.1747816,صنعاء
node/7746360485,مدرسة بدر الكبرى,Badr high school,Badr high school,École,,Sana'a City,Ma'in,Ma'in,15.3677327,44.1726274,
node/5875416933,جامعة اليمن,Yemen Univercity,Yemen Univercity,Université,,Sana'a City,Ma'in,Ma'in,15.3670234,44.1744959,
node/5877278585,مدارس إكليل اليمن الحديثة,Eklell Al-Yemen Modern Schools,Eklell Al-Yemen Modern Schools,École,,Sana'a City,Ma'in,Ma'in,15.3610113,44.1762953,
node/9905258317,معهد اورنج,Orange Institute,Orange Institute,École,,Sana'a City,Ma'in,Ma'in,15.3612421,44.1765242,
node/6690293157,جامعة الناصر,AL-Nasser University,AL-Nasser University,Université,,Sana'a City,Ma'in,Ma'in,15.3586637,44.1726783,السنينة
node/4890392521,استاتيكا للهندسة والتدريب,Statika For Engineering,Statika For Engineering,École,,Sana'a City,Ma'in,Ma'in,15.3582507,44.1740542,
way/500697321,مدرسة الاقصى للبنات,,mdrs@ lqS~ llbnt,École,,Sana'a City,Ma'in,Ma'in,,,
node/13475400737,مدارس الخير النموذجية الأهلية,,mdrs lkhyr lnmwdhjy@ l'hly@,École,,Sana'a City,Ma'in,Ma'in,15.3595731,44.1763084,
node/6345369214,جامعة الرازي,AL-Razi university,AL-Razi university,Université,,Sana'a City,Ma'in,Ma'in,15.3589227,44.1768252,
node/6381704986,مدرسه هائل سعيد انعم,,mdrsh hy'l s`yd n`m,École,,Sana'a City,Ma'in,Ma'in,15.3558641,44.1772952,
node/5875416947,المدرسة السودانية,,lmdrs@ lswdny@,École,,Sana'a City,Ma'in,Ma'in,15.356241,44.1737385,
node/6345346696,جامعة آزال للتنمية البشرية,Azal university for human development,Azal university for human development,Université,,Sana'a City,Ma'in,Ma'in,15.3569712,44.1747563,صنعاء
node/12563189859,مدارس تمكين الدولية,,mdrs tmkyn ldwly@,École,,Sana'a City,Ma'in,Ma'in,15.3586565,44.1700443,السنينة
node/12609716829,مدارس طيبة التربوية,,mdrs Tyb@ ltrbwy@,École,,Sana'a City,Ma'in,Ma'in,15.3581287,44.1709121,
node/8133575917,جامعة الناصر,Alnasser University,Alnasser University,Collège / Institut,,Sana'a City,Ma'in,Ma'in,15.3595877,44.1698298,
way/60792816,جامعة العلوم والتكنولوجيا- كلية الطب,,jm`@ l`lwm wltknwlwjy- kly@ lTb,Collège / Institut,,Sana'a City,Ma'in,Ma'in,,,
way/60792829,جامعة العلوم والتكنولوجيا- الكلية الادارية,,jm`@ l`lwm wltknwlwjy- lkly@ ldry@,Collège / Institut,,Sana'a City,Ma'in,Ma'in,,,
way/60792825,جامعة العلوم والتكنولوجيا- كلية الأسنان,,jm`@ l`lwm wltknwlwjy- kly@ l'snn,Collège / Institut,,Sana'a City,Ma'in,Ma'in,,,
way/60792848,جامعة العلوم والتكنولوجيا,University of Science and Technology,University of Science and Technology,Université,,Sana'a City,Ma'in,Ma'in,,,صنعاء
node/8401435317,مدارس القادة والإرادة,,mdrs lqd@ wlrd@,École,,Sana'a City,Ma'in,Ma'in,15.3752917,44.1749026,
node/10247843009,مدرسة الطفل النجم,star baby school,star baby school,École,,Sana'a City,Ma'in,Ma'in,15.3737994,44.1707531,
node/5760557921,روضة الاندلس,,rwD@ lndls,Jardin d'enfants,,Sana'a City,Ma'in,Ma'in,15.3796769,44.1744567,
node/8399381817,كلية الطب والعلوم الصحية,,kly@ lTb wl`lwm lSHy@,Collège / Institut,,Sana'a City,Ma'in,Ma'in,15.381958,44.174087,
node/6937224328,كلية الطب,Kulliyat at Tibb,Kulliyat at Tibb,Collège / Institut,,Sana'a City,Ma'in,Ma'in,15.382331,44.173902,
node/5600329621,مدرسة شملان,Shamlan school,Shamlan school,École,,Sana'a City,Sana'a City Outskirts - Hamdan,Sana'a City Outskirts - Hamdan,15.409742,44.1538485,
way/906031379,مدارس تلال صنعاء الدولية,,mdrs tll Sn` ldwly@,École,,Sana'a,Bani Matar,Shihab Al Asfal,,,مدينة صنعاء
node/6508973494,جامعة الاتحاد للعلوم والتكنولوجيا,Union University of Science and Technology,Union University of Science and Technology,Université,,Sana'a City,Ma'in,Ma'in,15.337549,44.173167,
node/12584732516,مدارس العالمية الحديثة - فرع الإنجليزي,,mdrs l`lmy@ lHdyth@ - fr` lnjlyzy,École,,Sana'a City,Ma'in,Ma'in,15.3379383,44.172931,صنعاء
node/12407562085,مدرسة صنعاء البريطانية,,mdrs@ Sn` lbryTny@,École,,Sana'a City,Ma'in,Ma'in,15.337628,44.1754749,صنعاء
way/1029339252,مدرسة عذبان,,mdrs@ `dhbn,École,,Sana'a City,Ma'in,Ma'in,,,صنعاء
node/12584732511,مدارس أعلام سبأ الأهلية,,mdrs '`lm sb' l'hly@,École,,Sana'a City,Ma'in,Ma'in,15.3377619,44.170894,صنعاء
way/1029348699,مدرسة,,mdrs@,École,,Sana'a City,Ma'in,Ma'in,,,
node/4182490189,مدرسة الصديق,Alsedeeg school,Alsedeeg school,École,,Sana'a City,Ma'in,Ma'in,15.3405895,44.1657806,
way/607858877,مدرسة الصديق,,mdrs@ lSdyq,École,,Sana'a City,Ma'in,Ma'in,,,
node/4182489490,مدرسة الوفاق,,mdrs@ lwfq,École,,Sana'a City,Ma'in,Ma'in,15.3452262,44.1653141,
node/4182489790,مدرسة الرشيد النموذجيه,Alrasheed school,Alrasheed school,École,,Sana'a City,Ma'in,Ma'in,15.3481889,44.168162,
node/13452070423,جامعة الرازي فرع الحاسوب,,jm`@ lrzy fr` lHswb,Université,,Sana'a City,Ma'in,Ma'in,15.3536032,44.1786948,
way/1089201801,جامعة الرازي فرع الحاسوب,"AL-Razi University, Computer Science Department","AL-Razi University, Computer Science Department",Université,,Sana'a City,Ma'in,Ma'in,,,
node/5878121422,مدارس اليمنية الحديثة,,mdrs lymny@ lHdyth@,École,,Sana'a City,Ma'in,Ma'in,15.3521813,44.175814,
node/4182489789,مدرسة احباب الله,Ahbab Allah school,Ahbab Allah school,École,,Sana'a City,Ma'in,Ma'in,15.34713,44.1697865,
node/10177184339,مدرسة ربى العلوم,,mdrs@ rb~ l`lwm,École,,Sana'a City,Ma'in,Ma'in,15.34665,44.1678251,
node/4182443493,مدرسة ام هاني للبنات,,mdrs@ m hny llbnt,École,,Sana'a City,Ma'in,Ma'in,15.343882,44.1665804,
node/4182443191,جامعة سبأ,Sheba university,Sheba university,Université,,Sana'a City,Ma'in,Ma'in,15.3438058,44.168472,
node/12408199450,جامعة العلوم الحديثة,,jm`@ l`lwm lHdyth@,Université,,Sana'a City,Ma'in,Ma'in,15.341682,44.1731117,
node/12407644002,مدرسة أوائل المجد الأهلية,,mdrs@ 'wy'l lmjd l'hly@,École,,Sana'a City,Ma'in,Ma'in,15.3422772,44.179639,صنعاء
node/5081200221,كلية طب الاسنان جامعة سبأ,Dental College and Clinics Saba University,Dental College and Clinics Saba University,Collège / Institut,,Sana'a City,Ma'in,Ma'in,15.3426819,44.1810023,
node/4472852320,مدرسة بغداد,,mdrs@ bGdd,École,,Sana'a City,Ma'in,Ma'in,15.3430521,44.1856548,
node/5673813421,مدرسة سقطرى,,mdrs@ sqTr~,École,,Sana'a City,Ma'in,Ma'in,15.3459731,44.1810201,
node/3256260078,مدرسة صنعاء الأهلية,Sanaa private school,Sanaa private school,École,,Sana'a City,At Tahrir,At Tahrir,15.353585,44.1898224,
node/3256277270,مدرسة أحمد العباسي,,mdrs@ 'Hmd l`bsy,École,,Sana'a City,Ma'in,Ma'in,15.3501719,44.1896221,
node/13518892499,رئاسة جامعة صنعاء القديمة,,ry's@ jm`@ Sn` lqdym@,Collège / Institut,,Sana'a City,Ma'in,Ma'in,15.3483905,44.1897503,
way/58097829,جامعة صنعاء القديمة,Sana'a Old University,Sana'a Old University,Université,,Sana'a City,Ma'in,Ma'in,,,
way/53211599,كلية العلوم,,kly@ l`lwm,École,,Sana'a City,Ma'in,Ma'in,,,
node/13518892500,قسم اللغة الفرنسية,,qsm llG@ lfrnsy@,Collège / Institut,,Sana'a City,Ma'in,Ma'in,15.3474929,44.1909733,
node/13518892501,قسم الرياضيات,,qsm lryDyt,Collège / Institut,,Sana'a City,Ma'in,Ma'in,15.3480206,44.1916868,
node/13518892502,كلية الآداب والعلوم الإنسانية,,kly@ ladb wl`lwm lnsny@,Collège / Institut,,Sana'a City,Ma'in,Ma'in,15.3490759,44.1912952,
node/4332188397,مدرسه الشهيد العلفي,alshaheed aloloffy school,alshaheed aloloffy school,École,,Sana'a City,At Tahrir,At Tahrir,15.3496987,44.1958308,
node/13518892520,مدرسة الفرات الأساسية الثانوية للبنات,,mdrs@ lfrt l'ssy@ lthnwy@ llbnt,École,,Sana'a City,At Tahrir,At Tahrir,15.3517426,44.1929354,
node/13518892535,مدرسة المعرفة الأهلية,,mdrs@ lm`rf@ l'hly@,École,,Sana'a City,At Tahrir,At Tahrir,15.352957,44.192812,
node/8038031914,مدارس شمس العلوم الحديثة,Shams ALaloom Modern Schools,Shams ALaloom Modern Schools,École,,Sana'a City,At Tahrir,At Tahrir,15.3526515,44.1980885,أمانة العاصمة
node/4990833721,مدرسة سيف بن ذي يزن,,mdrs@ syf bn dhy yzn,École,,Sana'a City,Al Wehdah,Al Wehdah,15.3491469,44.2030072,
way/1089204772,مدرسة صنعاء المتقدمة فرع البنين,,mdrs@ Sn` lmtqdm@ fr` lbnyn,École,,Sana'a City,Al Wehdah,Al Wehdah,,,صنعاء
node/11079015889,مدرسة صنعاء المتقدمة,,mdrs@ Sn` lmtqdm@,École,,Sana'a City,Al Wehdah,Al Wehdah,15.3462148,44.2028813,
node/11079015893,المدرسة اليمنية الرائدة,,lmdrs@ lymny@ lry'd@,École,,Sana'a City,Al Wehdah,Al Wehdah,15.3459265,44.1990152,
way/237755388,مدرسة الزبيري,,mdrs@ lzbyry,École,,Sana'a City,Al Wehdah,Al Wehdah,,,
node/6050924689,مؤسسة القيادات الشابة,,mw'ss@ lqydt lshb@,École,,Sana'a City,Al Wehdah,Al Wehdah,15.3369038,44.2014263,
node/12559596180,مدارس كيان الطفل الحديثة,,mdrs kyn lTfl lHdyth@,École,,Sana'a City,Al Wehdah,Al Wehdah,15.3356893,44.200421,صنعاء
node/12559596179,المدرسة الباكستانية,,lmdrs@ lbkstny@,École,,Sana'a City,Al Wehdah,Al Wehdah,15.3359171,44.1997203,صنعاء
node/6060101596,مدرسة الشهيد علي عبد المغني,Abdulmoghni school,Abdulmoghni school,École,,Sana'a City,Al Wehdah,Al Wehdah,15.3359194,44.1976982,صنعاء
way/610188589,مدرسة الإسراء,,mdrs@ lsr,École,,Sana'a City,Al Wehdah,Al Wehdah,,,
node/12409058865,مدارس الأرض السعيدة,,mdrs l'rD ls`yd@,École,,Sana'a City,Ma'in,Ma'in,15.3376538,44.1900065,صنعاء
node/9911090912,جامعة المستقبل,,jm`@ lmstqbl,Université,,Sana'a City,Ma'in,Ma'in,15.3371952,44.1861142,
node/12407644006,مدرسة القدس الشريف,,mdrs@ lqds lshryf,École,,Sana'a City,Ma'in,Ma'in,15.3387098,44.1880347,
node/4858907323,جامعة العلوم الحديثة,,jm`@ l`lwm lHdyth@,Université,,Sana'a City,Ma'in,Ma'in,15.3390921,44.1874998,صنعاء
node/6370084585,مدرسة رابعة العدوية للبنات,,mdrs@ rb`@ l`dwy@ llbnt,École,,Sana'a City,Ma'in,Ma'in,15.3386486,44.1813847,
node/12409058887,جامعة المستقبل كلية الهندسة وتكنولوجيا المعلومات,,jm`@ lmstqbl kly@ lhnds@ wtknwlwjy lm`lwmt,Collège / Institut,,Sana'a City,Ma'in,Ma'in,15.3366921,44.1847908,صنعاء
node/4298023892,جامعة المستقبل  كلية اللغات والعلوم الإنسانية,,jm`@ lmstqbl  kly@ llGt wl`lwm lnsny@,Université,,Sana'a City,Ma'in,Ma'in,15.335584,44.184651,صنعاء
node/6670056188,اميدست,,mydst,Collège / Institut,,Sana'a City,Ma'in,Ma'in,15.336128,44.1872293,
node/10624927351,كلية علوم الطوارئ الصحية والتقنية,,kly@ `lwm lTwry' lSHy@ wltqny@,Collège / Institut,,Sana'a City,Ma'in,Ma'in,15.3364361,44.1892223,صنعاء
node/12409058861,مدارس البنيان الحديثة,,mdrs lbnyn lHdyth@,École,,Sana'a City,Ma'in,Ma'in,15.336081,44.1892513,
node/10624927345,مدارس كنوز المعرفة,,mdrs knwz lm`rf@,École,,Sana'a City,As Sab'in,As Sab'in,15.3340001,44.1882068,
node/10624927341,مدرسة الحمد,,mdrs@ lHmd,École,,Sana'a City,As Sab'in,As Sab'in,15.3315504,44.1893412,صنعاء
node/4332357312,مدارس ذو ريدان الاهليه,Thoo Raydan school,Thoo Raydan school,École,,Sana'a City,As Sab'in,As Sab'in,15.329849,44.1911383,
node/10624927339,مدرسة أبجد,,mdrs@ 'bjd,École,,Sana'a City,As Sab'in,As Sab'in,15.3308259,44.1884684,صنعاء
node/5009368123,مدرسة الأمجاد الأهلية-حدة,Alamjad school,Alamjad school,École,,Sana'a City,As Sab'in,As Sab'in,15.332455,44.1855807,صنعاء
node/5878121448,كلية الهندسة,,kly@ lhnds@,Collège / Institut,,Sana'a City,As Sab'in,As Sab'in,15.3264336,44.1848757,
way/827493201,جامعة الملكة أروى,,jm`@ lmlk@ 'rw~,Université,,Sana'a City,As Sab'in,As Sab'in,,,صنعاء
node/7725482369,الكلية الطبية,,lkly@ lTby@,Collège / Institut,,Sana'a City,As Sab'in,As Sab'in,15.3260063,44.1849148,
node/5878121447,الجامعة العربية للعلوم التقنية,Arabic Univercity for Technical Science,Arabic Univercity for Technical Science,Université,,Sana'a City,As Sab'in,As Sab'in,15.3260568,44.18674,
node/5878121444,مدرسة وديان حدة,,mdrs@ wdyn Hd@,École,,Sana'a City,As Sab'in,As Sab'in,15.3277566,44.1859798,
node/10624927336,مدارس الأمجاد الأهلية الدولية,,mdrs l'mjd l'hly@ ldwly@,École,,Sana'a City,As Sab'in,As Sab'in,15.3281454,44.188362,صنعاء
node/12587743573,مدارس أبجد 2,,mdrs 'bjd 2,École,,Sana'a City,As Sab'in,As Sab'in,15.3283827,44.19066,صنعاء
node/5778994977,مدرسة الأنفال,Alanfal school,Alanfal school,École,,Sana'a City,As Sab'in,As Sab'in,15.3293772,44.1923278,
node/12587743571,مدرسة المؤتمن,,mdrs@ lmw'tmn,École,,Sana'a City,As Sab'in,As Sab'in,15.330026,44.1912967,صنعاء
node/4298021968,مدارس الإقبال الأهلية الحديثة,,mdrs lqbl l'hly@ lHdyth@,École,,Sana'a City,As Sab'in,As Sab'in,15.3304194,44.1915392,صنعاء
way/308606634,مدرسة ابن ماجد,,mdrs@ bn mjd,École,,Sana'a City,As Sab'in,As Sab'in,,,
way/104407782,مدرسة خولة للبنات,,mdrs@ khwl@ llbnt,École,,Sana'a City,As Sab'in,As Sab'in,,,
node/12584732528,مدارس صروح التربية الحديثة,,mdrs SrwH ltrby@ lHdyth@,École,,Sana'a City,As Sab'in,As Sab'in,15.3298544,44.1946276,صنعاء
node/4813981222,معهد مالي للغات,Mali institute,Mali institute,École,,Sana'a City,As Sab'in,As Sab'in,15.3299972,44.1963783,
node/6479016952,مدرسة المستقبل الدولية,,mdrs@ lmstqbl ldwly@,École,,Sana'a City,As Sab'in,As Sab'in,15.328489,44.1975483,صنعاء
node/11367283161,كلية الهندسة وعلوم الحاسوب جامعة الناصر,,kly@ lhnds@ w`lwm lHswb jm`@ lnSr,Collège / Institut,,Sana'a City,As Sab'in,As Sab'in,15.3269662,44.199882,
node/10649030366,جامعة سبأ- عمادة الدراسات العليا,,jm`@ sb'- `md@ ldrst l`ly,Collège / Institut,,Sana'a City,As Sab'in,As Sab'in,15.3276091,44.1976104,
node/7014822385,معهد ساي للغات,,m`hd sy llGt,École,,Sana'a City,As Sab'in,As Sab'in,15.325214,44.199401,
way/231406905,مدرسة الشهيد الطيار محمد الديلمي الأساسية,,mdrs@ lshhyd lTyr mHmd ldylmy l'ssy@,École,,Sana'a City,As Sab'in,As Sab'in,,,
node/5878121457,مدارس حدة الحديثة,,mdrs Hd@ lHdyth@,École,,Sana'a City,As Sab'in,As Sab'in,15.3216453,44.197669,
node/4957875929,الجامعة الإماراتية,Emirates University,Emirates University,Université,,Sana'a City,As Sab'in,As Sab'in,15.3123961,44.1859984,
node/13466614720,المدرسة التأسيسية الأهلية,,lmdrs@ lt'sysy@ l'hly@,École,,Sana'a City,As Sab'in,As Sab'in,15.3251128,44.1865692,
node/7725482380,مبنى الإدارة الرئيسي لجامعة الملكة أروى,,mbn~ ldr@ lry'ysy ljm`@ lmlk@ 'rw~,Collège / Institut,,Sana'a City,As Sab'in,As Sab'in,15.3257907,44.1860775,صنعاء
node/5266707426,الجامعة الماليزيا تونتك لتكنولوجيا,INTERNATIONAL UNIVERSITY FOR TECHNOLOGY TWINTECH,INTERNATIONAL UNIVERSITY FOR TECHNOLOGY TWINTECH,Collège / Institut,,Sana'a City,As Sab'in,As Sab'in,15.3002476,44.1715699,
node/9929107617,مدرسة منارات صنعاء,,mdrs@ mnrt Sn`,École,,Sana'a City,As Sab'in,As Sab'in,15.3019069,44.1688412,
node/4954926123,معهد A2Z لتعليم اللغة الانجليزية,A2Z English Institute,A2Z English Institute,École,,Sana'a City,As Sab'in,As Sab'in,15.2986011,44.1783151,
node/4990833738,مدرسة العلوم الحديثة,,mdrs@ l`lwm lHdyth@,École,,Sana'a City,As Sab'in,As Sab'in,15.2981889,44.186319,
node/4990833737,مركز اعادة تأهيل الأطفال,,mrkz `d@ t'hyl l'Tfl,Jardin d'enfants,,Sana'a City,As Sab'in,As Sab'in,15.2996577,44.1861677,
node/8383195517,مدارس الأمين الأهلية,,mdrs l'myn l'hly@,École,,Sana'a City,As Sab'in,As Sab'in,15.3042138,44.1907625,
node/5789120732,الجامعة الأردنية,Jordanian Univercity,Jordanian Univercity,Université,,Sana'a City,As Sab'in,As Sab'in,15.3043055,44.1868275,
node/4298024213,Kindergarten,Kindergarten,Kindergarten,Jardin d'enfants,,Sana'a City,As Sab'in,As Sab'in,15.304255,44.185596,
node/13452194220,المدرسة الماليزية الأولى,,lmdrs@ lmlyzy@ l'wl~,École,,Sana'a City,As Sab'in,As Sab'in,15.3015545,44.1793218,
node/9928749217,سكند مام حضانة ازاد,second mom,second mom,Jardin d'enfants,,Sana'a City,As Sab'in,As Sab'in,15.3036818,44.1809484,
node/13452194238,مدارس طلائع المعرفة,,mdrs Tly'` lm`rf@,École,,Sana'a City,As Sab'in,As Sab'in,15.307065,44.1799133,
node/13452194229,مدارس أبناء الوحدة الأهلية,,mdrs 'bn lwHd@ l'hly@,École,,Sana'a City,As Sab'in,As Sab'in,15.3083016,44.1793406,
node/13452194224,المدرسة البريطانية,,lmdrs@ lbryTny@,École,,Sana'a City,As Sab'in,As Sab'in,15.30881,44.1837716,
node/11274584683,المدارس اليمنية الحديثة فرع الثانوية (بنين),,lmdrs lymny@ lHdyth@ fr` lthnwy@ (bnyn),École,,Sana'a City,As Sab'in,As Sab'in,15.3097909,44.18997,
node/11054639864,مدارس اليمنية الحديثة فرع البنين ثانوي,,mdrs lymny@ lHdyth@ fr` lbnyn thnwy,École,,Sana'a City,As Sab'in,As Sab'in,15.3097792,44.1895332,
node/4690487996,مدارس ربى العلوم النموذجية,,mdrs rb~ l`lwm lnmwdhjy@,École,,Sana'a City,As Sab'in,As Sab'in,15.3093883,44.1896047,
node/7524076385,مدرسة أزال ( حدة),Azzal School,Azzal School,École,,Sana'a City,As Sab'in,As Sab'in,15.3066583,44.1910628,
node/7101986185,مدرسة برايت ستارز / مـدرسـة النجوم الساطعة,Bright Stars School BSS,Bright Stars School BSS,École,,Sana'a City,As Sab'in,As Sab'in,15.3053578,44.1883816,صنعاء
node/4549686089,مدرسة اليمان الدولية,,mdrs@ lymn ldwly@,École,,Sana'a City,As Sab'in,As Sab'in,15.3048787,44.1954689,صنعاء
node/261733782,مركز تدريب اللغة,,mrkz tdryb llG@,École,,Sana'a City,As Sab'in,As Sab'in,15.3074794,44.1971627,
node/12538695260,مدارس المدار,,mdrs lmdr,École,,Sana'a City,As Sab'in,As Sab'in,15.3076502,44.1972025,صنعاء
node/7294968596,مدرسة أزال,Madrasat Azal,Madrasat Azal,École,,Sana'a City,As Sab'in,As Sab'in,15.30764,44.19423,
node/6022377620,جامعة الحضارة,Civilization University,Civilization University,Université,,Sana'a City,As Sab'in,As Sab'in,15.3106484,44.1945529,
node/5200289521,مدرسة زيد الموشكي,,mdrs@ zyd lmwshky,École,,Sana'a City,As Sab'in,As Sab'in,15.3084866,44.1970867,
node/12538705811,روضة ومدرسة رؤيتي,,rwD@ wmdrs@ rw'yty,École,,Sana'a City,As Sab'in,As Sab'in,15.3071011,44.2009627,صنعاء
node/8420049878,مدارس اكسفورد شموخ اليمن التربوية,,mdrs ksfwrd shmwkh lymn ltrbwy@,École,,Sana'a City,As Sab'in,As Sab'in,15.3064009,44.2000642,صنعاء
node/622010230,مدرسة أكسفورد,Oxford School,Oxford School,École,,Sana'a City,As Sab'in,As Sab'in,15.305621,44.2000689,
node/12538695295,مدارس الدرب الأهلية,,mdrs ldrb l'hly@,École,,Sana'a City,As Sab'in,As Sab'in,15.3050692,44.1978449,صنعاء
node/5132058832,مدرسة شهداء السبعين,Shohdaa Alsabeen School,Shohdaa Alsabeen School,École,,Sana'a City,As Sab'in,As Sab'in,15.3019894,44.1994679,
node/4690536891,مدرسة جنة المواهب,,mdrs@ jn@ lmwhb,École,,Sana'a City,As Sab'in,As Sab'in,15.3020791,44.1979013,
node/4690487998,مدارس الدرب الأهلية,Al-Darb school,Al-Darb school,École,,Sana'a City,As Sab'in,As Sab'in,15.3030027,44.1982725,
node/8383195318,مدارس الجزيرة فرع البنين,,mdrs ljzyr@ fr` lbnyn,École,,Sana'a City,As Sab'in,As Sab'in,15.3043679,44.1925507,
node/4876517125,مدارس النبراس النموذجية,al-Nebras model school,al-Nebras model school,École,,Sana'a City,As Sab'in,As Sab'in,15.3020178,44.1927207,
node/4690487997,المدرسة البريطانية الدولية,,lmdrs@ lbryTny@ ldwly@,École,,Sana'a City,As Sab'in,As Sab'in,15.3023918,44.1944598,صنعاء
node/6410706985,مدارس ورياض سكند هوم,Second Home Model Nurseries & Schools,Second Home Model Nurseries & Schools,École,,Sana'a City,As Sab'in,As Sab'in,15.2994431,44.1922589,
node/6567298603,روضة وحضانة بيبي هاوس,,rwD@ wHDn@ byby hws,Jardin d'enfants,,Sana'a City,As Sab'in,As Sab'in,15.2995732,44.2017639,
node/4431850691,كيدز بلانت,Kids Planet,Kids Planet,École,,Sana'a City,As Sab'in,As Sab'in,15.2966886,44.2031607,
node/12279251582,جامعة الرشيد الذكية,,jm`@ lrshyd ldhky@,Université,,Sana'a City,As Sab'in,As Sab'in,15.2955319,44.1999437,
node/13452172360,رياض ومدارس المتحدة,,ryD wmdrs lmtHd@,École,,Sana'a City,As Sab'in,As Sab'in,15.2970748,44.1965631,
way/231405759,الجامعة اليمنية,Yemeni University,Yemeni University,Université,,Sana'a City,As Sab'in,As Sab'in,,,
node/4644799989,المدارس اليمنية الحديثة,Yemen modern school,Yemen modern school,École,,Sana'a City,Sana'a City Outskirts -Sanhan wa Bani Bahlul,Sana'a City Outskirts -Sanhan wa Bani Bahlul,15.2935596,44.2011845,صنعاء
way/1089200534,الجامعة اللبنانية الدولية,Lebanese International University,Lebanese International University,Université,,Sana'a City,Sana'a City Outskirts -Sanhan wa Bani Bahlul,Sana'a City Outskirts -Sanhan wa Bani Bahlul,,,
node/5141016666,مدارس واحة اليمن,Oasis Yemen School,Oasis Yemen School,École,,Sana'a City,Sana'a City Outskirts -Sanhan wa Bani Bahlul,Sana'a City Outskirts -Sanhan wa Bani Bahlul,15.2889234,44.1981335,
node/13473735301,روضة ومدرسة بن بوك,,rwD@ wmdrs@ bn bwk,École,,Sana'a City,Sana'a City Outskirts -Sanhan wa Bani Bahlul,Sana'a City Outskirts -Sanhan wa Bani Bahlul,15.2900868,44.1957074,
node/13473730187,مدارس الجزيرة النموذجية للبنات,,mdrs ljzyr@ lnmwdhjy@ llbnt,École,,Sana'a City,Sana'a City Outskirts -Sanhan wa Bani Bahlul,Sana'a City Outskirts -Sanhan wa Bani Bahlul,15.2886198,44.1879934,
node/13473730189,مدرسة الهادي,,mdrs@ lhdy,École,,Sana'a City,Sana'a City Outskirts -Sanhan wa Bani Bahlul,Sana'a City Outskirts -Sanhan wa Bani Bahlul,15.2858281,44.1907293,
node/13452172386,مدرسة بصمتي,,mdrs@ bSmty,École,,Sana'a City,Sana'a City Outskirts -Sanhan wa Bani Bahlul,Sana'a City Outskirts -Sanhan wa Bani Bahlul,15.2958925,44.1846474,
node/5043695721,مدرسة النصر حمر,,mdrs@ lnSr Hmr,École,,Sana'a,Al Haymah Ad Dakhiliyah,Al Jid'an,15.2171609,43.9026959,
node/6080667388,عمر بن عبدالعزيز,,`mr bn `bdl`zyz,École,,Sana'a,Al Haymah Ad Dakhiliyah,Bani Yusuf,15.2332485,43.7970331,
node/6080620986,مدرسة عمر بن عبدالعزيز,,mdrs@ `mr bn `bdl`zyz,École,,Sana'a,Al Haymah Ad Dakhiliyah,Bani Yusuf,15.2317852,43.7969487,
node/3804211975,مدرسة المطرح- بني إسحاق,,mdrs@ lmTrH- bny sHq,École,,Sana'a,Sa'fan,Bani Ishaq,15.0558057,43.6047922,
node/5678355324,مدرسة الجهارنة الكميم الحداء تنفيذ مشروع الاشغال العامة,,mdrs@ ljhrn@ lkmym lHd tnfydh mshrw` lshGl l`m@,École,,Dhamar,Al Hada,Al Kumaym,14.9623943,44.3630987,
node/8245834795,مدرسه. النور,,mdrsh. lnwr,École,,Sana'a,Sanhan wa Bani Bahlul,Ar Rub' Ash Sharqi,15.1237175,44.3622382,
node/8544134517,مستشفى سيان,,mstshf~ syn,Jardin d'enfants,,Sana'a,Sanhan wa Bani Bahlul,Ar Rub' Ash Sharqi,15.1758357,44.3304637,
node/9603291217,مدرسة المتفوقين,,mdrs@ lmtfwqyn,École,,Sana'a City,Sana'a City Outskirts -Sanhan wa Bani Bahlul,Sana'a City Outskirts -Sanhan wa Bani Bahlul,15.2378634,44.2498335,
node/13469712991,مدارس رواد المجد النموذجية,,mdrs rwd lmjd lnmwdhjy@,École,,Sana'a City,Sana'a City Outskirts -Sanhan wa Bani Bahlul,Sana'a City Outskirts -Sanhan wa Bani Bahlul,15.2316128,44.2524952,
way/1346381474,مدرسة الحسين بن علي,,mdrs@ lHsyn bn `ly,École,public,Sana'a City,Sana'a City Outskirts -Sanhan wa Bani Bahlul,Sana'a City Outskirts -Sanhan wa Bani Bahlul,,,
node/12452973136,مدرسة الحسين بن علي,,mdrs@ lHsyn bn `ly,École,,Sana'a City,Sana'a City Outskirts -Sanhan wa Bani Bahlul,Sana'a City Outskirts -Sanhan wa Bani Bahlul,15.2303347,44.2504537,
node/13469712821,مدرسة عقبة بن نافع,,mdrs@ `qb@ bn nf`,École,,Sana'a,Sanhan wa Bani Bahlul,Ar Rub' Al Gharbi,15.2146414,44.2448106,
node/13467781804,مدرسة شهداء الأقصى,,mdrs@ shhd l'qS~,École,,Sana'a,Sanhan wa Bani Bahlul,Ar Rub' Al Gharbi,15.2409022,44.2098936,
node/13467781800,مدارس صنعاء الجديدة الدولية,,mdrs Sn` ljdyd@ ldwly@,École,,Sana'a,Sanhan wa Bani Bahlul,Ar Rub' Al Gharbi,15.2530105,44.211511,
node/13467781641,مدارس ضياء اليمن,,mdrs Dy lymn,École,,Sana'a,Sanhan wa Bani Bahlul,Ar Rub' Al Gharbi,15.2533883,44.2168701,
node/13469713087,مدرسة الشهيد محمد نجاد حمزة,,mdrs@ lshhyd mHmd njd Hmz@,École,,Sana'a City,Sana'a City Outskirts -Sanhan wa Bani Bahlul,Sana'a City Outskirts -Sanhan wa Bani Bahlul,15.2576529,44.2396662,
node/7101775889,مدرسة الرسالة,Al- Resalah School,Al- Resalah School,École,,Sana'a City,Sana'a City Outskirts -Sanhan wa Bani Bahlul,Sana'a City Outskirts -Sanhan wa Bani Bahlul,15.267063,44.2292994,
node/13469713203,مدارس منارات الإبداع الأهلية,,mdrs mnrt lbd` l'hly@,École,,Sana'a City,Sana'a City Outskirts -Sanhan wa Bani Bahlul,Sana'a City Outskirts -Sanhan wa Bani Bahlul,15.2676954,44.2238009,
node/13469713202,مدرسة المعارف الأهلية,,mdrs@ lm`rf l'hly@,École,,Sana'a City,Sana'a City Outskirts -Sanhan wa Bani Bahlul,Sana'a City Outskirts -Sanhan wa Bani Bahlul,15.2687537,44.2198312,
node/5689374923,مدارس شهداء السبعين,,mdrs shhd lsb`yn,École,,Sana'a,Sanhan wa Bani Bahlul,Ar Rub' Al Gharbi,15.2631721,44.2171094,
node/13467781566,مدارس الريادة الحديثة الأهلية,,mdrs lryd@ lHdyth@ l'hly@,École,,Sana'a City,Sana'a City Outskirts -Sanhan wa Bani Bahlul,Sana'a City Outskirts -Sanhan wa Bani Bahlul,15.2580565,44.2227414,
node/4349881794,مدرسة معاذ بن جبل,,mdrs@ m`dh bn jbl,École,,Sana'a City,Sana'a City Outskirts -Sanhan wa Bani Bahlul,Sana'a City Outskirts -Sanhan wa Bani Bahlul,15.2747153,44.205463,
node/4690554889,عبدالله بن مسعود,,`bdllh bn ms`wd,École,,Sana'a City,As Sab'in,As Sab'in,15.2733608,44.2155031,
node/6424374185,مدرسة ظفار,Dhafar School,Dhafar School,École,,Sana'a City,As Sab'in,As Sab'in,15.2699547,44.2212743,
node/13469713207,مدارس أطياف اليمن الأهلية,,mdrs 'Tyf lymn l'hly@,École,,Sana'a City,Sana'a City Outskirts -Sanhan wa Bani Bahlul,Sana'a City Outskirts -Sanhan wa Bani Bahlul,15.2701897,44.22675,
node/6696040585,حي الشباب,,Hy lshbb,École,,Sana'a City,As Sab'in,As Sab'in,15.2714832,44.2238912,
node/8776297817,مدرسة الأمل الدولية,Al-Amal International School,Al-Amal International School,École,,Sana'a City,As Sab'in,As Sab'in,15.2754889,44.2248638,
way/776075058,مدارس الزيتونة الأهلية,,mdrs lzytwn@ l'hly@,École,,Sana'a City,As Sab'in,As Sab'in,,,صنعاء
node/4690536890,مدرسة المثنى,,mdrs@ lmthn~,École,,Sana'a City,As Sab'in,As Sab'in,15.2795204,44.222007,
node/12583232932,مدرسة الناصر للبنين,,mdrs@ lnSr llbnyn,École,,Sana'a City,As Sab'in,As Sab'in,15.2787317,44.2208516,صنعاء
node/12420501372,مدارس أم القرى,,mdrs 'm lqr~,École,,Sana'a City,As Sab'in,As Sab'in,15.2810802,44.2197743,
node/4761656821,الجامعة البريطانية,,ljm`@ lbryTny@,École,,Sana'a City,Sana'a City Outskirts -Sanhan wa Bani Bahlul,Sana'a City Outskirts -Sanhan wa Bani Bahlul,15.2834056,44.2100786,
node/4431880091,مدرسة طوكيو للبنات,Tokyo Girls School,Tokyo Girls School,École,,Sana'a City,Sana'a City Outskirts -Sanhan wa Bani Bahlul,Sana'a City Outskirts -Sanhan wa Bani Bahlul,15.286311,44.2117495,
node/4431880291,سما اليمن الدولية,Yemen's Sky inter.,Yemen's Sky inter.,École,,Sana'a City,As Sab'in,As Sab'in,15.2880718,44.2128825,
node/12621496386,مدارس رواد التكنولوجيا,,mdrs rwd ltknwlwjy,École,,Sana'a City,As Sab'in,As Sab'in,15.2871028,44.2209915,صنعاء
node/4533842289,معهد YES للغات والتدريب,The Yemeni International Institute,The Yemeni International Institute,École,,Sana'a City,As Sab'in,As Sab'in,15.2861147,44.2210275,
node/12621496383,مدارس الرضوان الأهلية,,mdrs lrDwn l'hly@,École,,Sana'a City,As Sab'in,As Sab'in,15.2867142,44.2196202,صنعاء
node/10951978777,كلية بلقيس اليمن للعلوم الصحية والتكنولوجيا,,kly@ blqys lymn ll`lwm lSHy@ wltknwlwjy,Collège / Institut,,Sana'a City,As Sab'in,As Sab'in,15.2847002,44.2231699,
node/12621500059,مدرسة ابن النفيس النموذجية,,mdrs@ bn lnfys lnmwdhjy@,École,,Sana'a City,As Sab'in,As Sab'in,15.2862692,44.2345467,صنعاء
way/1028096602,مدرسة الشهيد محمد يحيى العلفي,,mdrs@ lshhyd mHmd yHy~ l`lfy,École,,Sana'a City,Sana'a City Outskirts -Sanhan wa Bani Bahlul,Sana'a City Outskirts -Sanhan wa Bani Bahlul,,,صنعاء
node/12621500061,مدارس سما اليمن الدولية,,mdrs sm lymn ldwly@,École,,Sana'a City,Sana'a City Outskirts -Sanhan wa Bani Bahlul,Sana'a City Outskirts -Sanhan wa Bani Bahlul,15.286816,44.2372272,صنعاء
node/13452127141,مدرسة العقيق,,mdrs@ l`qyq,École,,Sana'a City,As Sab'in,As Sab'in,15.2881308,44.2376907,
node/9177789717,مدارس الخليل الحديثة,,mdrs lkhlyl lHdyth@,École,,Sana'a City,As Sab'in,As Sab'in,15.2869272,44.2325469,
node/12299737947,مدرسة الجامعة,,mdrs@ ljm`@,École,,Sana'a City,As Sab'in,As Sab'in,15.2928929,44.2363674,
node/13452127010,مدارس أمل الأمة الأهلية,,mdrs 'ml l'm@ l'hly@,École,,Sana'a City,Sana'a City Outskirts -Sanhan wa Bani Bahlul,Sana'a City Outskirts -Sanhan wa Bani Bahlul,15.2896081,44.2455402,
node/13452078598,مدارس عمان الأهلية,,mdrs `mn l'hly@,École,,Sana'a City,Sana'a City Outskirts -Sanhan wa Bani Bahlul,Sana'a City Outskirts -Sanhan wa Bani Bahlul,15.289568,44.2468357,
node/9944898717,مدرسة صفية بنت عبد المطلب,SAFYH BENT ABD ALMTALEB,SAFYH BENT ABD ALMTALEB,École,,Sana'a City,Sana'a City Outskirts -Sanhan wa Bani Bahlul,Sana'a City Outskirts -Sanhan wa Bani Bahlul,15.2894436,44.2444609,صنعاء
node/13452127016,مدارس جيل الحكمة التربوية,,mdrs jyl lHkm@ ltrbwy@,École,,Sana'a City,Sana'a City Outskirts -Sanhan wa Bani Bahlul,Sana'a City Outskirts -Sanhan wa Bani Bahlul,15.2855784,44.2463341,
node/13452078587,مدارس الهمم العالية,,mdrs lhmm l`ly@,École,,Sana'a City,Sana'a City Outskirts -Sanhan wa Bani Bahlul,Sana'a City Outskirts -Sanhan wa Bani Bahlul,15.2844464,44.2511702,
node/7982417985,مدرسة طريق النجاح,,mdrs@ Tryq lnjH,École,,Sana'a City,Sana'a City Outskirts -Sanhan wa Bani Bahlul,Sana'a City Outskirts -Sanhan wa Bani Bahlul,15.2771285,44.2472648,
node/13452127107,مدارس الأندلس الأهلية,,mdrs l'ndls l'hly@,École,,Sana'a City,Sana'a City Outskirts -Sanhan wa Bani Bahlul,Sana'a City Outskirts -Sanhan wa Bani Bahlul,15.2779819,44.244592,
node/13452078572,مدرسة ماريا القبطية,,mdrs@ mry lqbTy@,École,,Sana'a City,Sana'a City Outskirts -Sanhan wa Bani Bahlul,Sana'a City Outskirts -Sanhan wa Bani Bahlul,15.2763867,44.2428043,
node/13452078576,جامعة الأندلس فرع الطالبات,,jm`@ l'ndls fr` lTlbt,Université,,Sana'a City,Sana'a City Outskirts -Sanhan wa Bani Bahlul,Sana'a City Outskirts -Sanhan wa Bani Bahlul,15.2765989,44.2418173,
node/13452078571,مدرسة التكنولوجيا,,mdrs@ ltknwlwjy,École,,Sana'a City,Sana'a City Outskirts -Sanhan wa Bani Bahlul,Sana'a City Outskirts -Sanhan wa Bani Bahlul,15.2768318,44.241474,
node/13452127035,مدارس الامتياز الحديثة,,mdrs lmtyz lHdyth@,École,,Sana'a City,Sana'a City Outskirts -Sanhan wa Bani Bahlul,Sana'a City Outskirts -Sanhan wa Bani Bahlul,15.2795899,44.2433207,
node/13452078579,مدارس أحباب الرحمن,,mdrs 'Hbb lrHmn,École,,Sana'a City,Sana'a City Outskirts -Sanhan wa Bani Bahlul,Sana'a City Outskirts -Sanhan wa Bani Bahlul,15.2806029,44.2419286,
node/13452127069,مدرسة سعد بن معاذ الأساسية للبنين,,mdrs@ s`d bn m`dh l'ssy@ llbnyn,École,,Sana'a City,Sana'a City Outskirts -Sanhan wa Bani Bahlul,Sana'a City Outskirts -Sanhan wa Bani Bahlul,15.2825033,44.2399156,
node/13452127041,مدارس القيم الأهلية,,mdrs lqym l'hly@,École,,Sana'a City,Sana'a City Outskirts -Sanhan wa Bani Bahlul,Sana'a City Outskirts -Sanhan wa Bani Bahlul,15.2798086,44.2353116,
node/13452127066,مدارس أجيال الربيع الأهلية,,mdrs 'jyl lrby` l'hly@,École,,Sana'a City,Sana'a City Outskirts -Sanhan wa Bani Bahlul,Sana'a City Outskirts -Sanhan wa Bani Bahlul,15.2829639,44.2372575,
node/13452127081,مدرسة الأنوار الحديثة,,mdrs@ l'nwr lHdyth@,École,,Sana'a City,Sana'a City Outskirts -Sanhan wa Bani Bahlul,Sana'a City Outskirts -Sanhan wa Bani Bahlul,15.2769586,44.2366876,
node/13452127084,مدرسة رواد الأقصى الحديثة,,mdrs@ rwd l'qS~ lHdyth@,École,,Sana'a City,Sana'a City Outskirts -Sanhan wa Bani Bahlul,Sana'a City Outskirts -Sanhan wa Bani Bahlul,15.2770517,44.2396823,
node/12597749236,جامعة 21 سبتمبر للعلوم الطبية والتطبيقية,,jm`@ 21 sbtmbr ll`lwm lTby@ wltTbyqy@,Université,,Sana'a City,Sana'a City Outskirts -Sanhan wa Bani Bahlul,Sana'a City Outskirts -Sanhan wa Bani Bahlul,15.2761422,44.2369203,
node/13469713231,مدرسة البشائر,,mdrs@ lbshy'r,École,,Sana'a City,Sana'a City Outskirts -Sanhan wa Bani Bahlul,Sana'a City Outskirts -Sanhan wa Bani Bahlul,15.2696502,44.2305091,
way/408604003,جامعة إب,Ibb University,Ibb University,Université,,Ibb,Adh Dhihar,Adh Dhihar,,,
node/5015704822,مجمع السعيد التربوي للبنات,Al - Saeed Educational Complex for Girls,Al - Saeed Educational Complex for Girls,École,,Ibb,Adh Dhihar,Adh Dhihar,13.9635844,44.1805095,
node/5235489724,مدرسة الشهيد محمد الدرة,,mdrs@ lshhyd mHmd ldr@,École,,Ibb,Al Mashannah,Al Mashannah,13.9408408,44.1821328,إب
node/4315882390,مدرسة الأقصى الأهلية,,mdrs@ l'qS~ l'hly@,École,,Ibb,Jiblah,Al Mi'shar,13.9336957,44.1750856,
node/7575310485,مدارس النور الاهلية,,mdrs lnwr lhly@,École,,Ibb,Al Mashannah,Al Mashannah,13.9484424,44.1746692,
node/7575310189,مدرسة الرواد الاهلية,,mdrs@ lrwd lhly@,École,,Ibb,Al Mashannah,Al Mashannah,13.9502105,44.1757836,
way/991049549,Al-wahdah,,Al-wahdah,École,,Ibb,Far' Al Odayn,Al Mazahin,,,
node/9993463617,حومل العدين,,Hwml l`dyn,École,,Ibb,Far' Al Odayn,Al Akhmas,13.9658576,43.7882398,
node/11906531469,مدرسة خوله,Khawla School,Khawla School,École,,Al Hodeidah,Hays,Hays,13.931645,43.4775942,
node/7347893307,مدرسه الفتح,,mdrsh lftH,École,,Dhamar,Wusab As Safil,Al Magharib,14.3117969,43.5582125,
node/6377522685,مدرسة محمد جمال الدين,بالطويلة,بالطويلة,École,,Al Hodeidah,Zabid,Bilad Al Ruqud,14.2762801,43.4637299,
node/6377463787,مدرسة المبراية,,mdrs@ lmbry@,École,,Al Hodeidah,Zabid,Bilad Al Ruqud,14.2980464,43.4623559,
node/6382904585,مدرسة القاضي الارياني,,mdrs@ lqDy lryny,École,,Al Hodeidah,Zabid,Bilad Al Ruqud,14.2735164,43.44167,
node/6382903985,الإرشاد بالمدن,,lrshd blmdn,École,,Al Hodeidah,Zabid,Bilad As Salamah,14.3332633,43.4388314,
node/12865203742,مدرسة شرقة,,mdrs@ shrq@,École,,Raymah,Mazhar,Maswar,14.611407,43.7496845,
node/6510669385,المعهد المهني بالسريح,,lm`hd lmhny blsryH,Collège / Institut,,Dhamar,Wusab Al Aali,Dhuhr,14.387133,43.7284995,
node/5693736021,مدرسة المليانة بني طيبة,,mdrs@ lmlyn@ bny Tyb@,École,,Dhamar,Maghrib Ans,Bani Taybah,14.484866,44.1147616,
node/4845953423,مدرسة الدريوم,Adderume school,Adderume school,École,,Dhamar,Maghrib Ans,Bani Jabr,14.4845273,44.089711,
node/5052506725,مجمع النصر التربوي للتعليم الاساسي الثانوي,,mjm` lnSr ltrbwy llt`lym lssy lthnwy,École,,Dhamar,Otmah,Tahijir,14.4725929,44.0120339,
node/5062457923,الحرف,,lHrf,École,,Dhamar,Dawran Anis,Khums Bani Fadl,14.7324707,44.0232399,
node/7294964375,مدرسة القرن,Al Qarn,Al Qarn,École,,Raymah,Mazhar,Maswar,14.625144,43.767867,
node/12860888073,مدرسة بلال بن رباح الإبتدائية,,mdrs@ bll bn rbH lbtdy'y@,École,,Raymah,Mazhar,Bukal,14.6426918,43.7548376,
node/7294964381,مدرسة جعفر بن أباطالب,,mdrs@ j`fr bn 'bTlb,École,,Raymah,Mazhar,Maswar,14.61942,43.75094,
node/7294969045,مدرسة المياسي,,mdrs@ lmysy,École,,Raymah,Mazhar,Bukal,14.645567,43.737424,
node/4642824189,مدرسة الجيل الصاعد بالذحل,,mdrs@ ljyl lS`d bldhHl,École,,Raymah,Al Jabin,Bani Abu Ad Daif,14.6719436,43.6490897,
node/4642673495,مدرسة الحمزة بعولة,,mdrs@ lHmz@ b`wl@,École,,Raymah,Al Jabin,Bani Ad Dubaybi,14.6824369,43.699822,
node/11707891971,مدرسة قرية الابيات العليا,,mdrs@ qry@ lbyt l`ly,École,,Al Hodeidah,Al Marawi'ah,Al Kitabyah wa Al Wa'ariyah,14.7825448,43.1319101,
node/12622956047,مدرسة أبو بكر الصديق,,mdrs@ 'bw bkr lSdyq,École,,Al Hodeidah,Al Mina,Al Hodeidah,14.8109971,42.9508309,الحديدة
way/601248188,مدرسة أبوبكر الصديق,,mdrs@ 'bwbkr lSdyq,École,,Al Hodeidah,Al Mina,Al Hodeidah,,,
node/5124728370,مدرسة عمار بن ياسر,,mdrs@ `mr bn ysr,École,,Al Hodeidah,Al Mina,Al Hodeidah,14.8064579,42.9501331,
node/12622956043,مدرسة علي عبدالمغني,,mdrs@ `ly `bdlmGny,École,,Al Hodeidah,Al Mina,Al Hodeidah,14.8058229,42.9590396,الحديدة
node/12622956037,مدرسة عثمان بن عفان,,mdrs@ `thmn bn `fn,École,,Al Hodeidah,Al Mina,Al Hodeidah,14.8016002,42.9588886,الحديدة
node/12622956029,مدرسة أروى بنت أحمد الصليحي النموذجية,,mdrs@ 'rw~ bnt 'Hmd lSlyHy lnmwdhjy@,École,,Al Hodeidah,Al Mina,Al Hodeidah,14.7997189,42.9563162,الحديدة
node/12622956031,مدارس الخالد النموذجية الاهلية,,mdrs lkhld lnmwdhjy@ lhly@,École,,Al Hodeidah,Al Mina,Al Hodeidah,14.8004184,42.9570235,الحديدة
way/601241502,مدرسة الزبيري,,mdrs@ lzbyry,École,,Al Hodeidah,Al Mina,Al Hodeidah,,,
node/5037550725,معهد لان تك,,m`hd ln tk,École,,Al Hodeidah,Al Mina,Al Hodeidah,14.7994131,42.9460123,
way/601241507,مدرسة الثورة,Al-thawra School,Al-thawra School,École,,Al Hodeidah,Al Mina,Al Hodeidah,,,
way/601241505,مدرسة الثغر الأساسية,,mdrs@ lthGr l'ssy@,École,,Al Hodeidah,Al Mina,Al Hodeidah,,,
node/6937218292,مدرسة بلقيس,Madrasat Bilqis,Madrasat Bilqis,École,,Al Hodeidah,Al Mina,Al Hodeidah,14.806307,42.940532,
node/6510668386,مدرسة 26 سبتمبر للبنات,,mdrs@ 26 sbtmbr llbnt,École,,Al Hodeidah,Al Mina,Al Hodeidah,14.8087872,42.9388772,الحديدة
node/6937224566,المعهد القومي,Al Ma`had al Qawmi,Al Ma`had al Qawmi,Collège / Institut,,Al Hodeidah,Al Mina,Al Hodeidah,14.811166,42.938928,
node/12622956079,مدرسة التوفيق,,mdrs@ ltwfyq,École,,Al Hodeidah,Al Mina,Al Hodeidah,14.8070563,42.9343488,الحديدة
node/6937224506,مدرسة عمر بن عبد العزيز,Madrasat `Umar Bin `Abd al `Aziz,Madrasat `Umar Bin `Abd al `Aziz,École,,Al Hodeidah,Al Mina,Al Hodeidah,14.806712,42.933185,
node/6937224568,مدرسة علي بن أبي طالب,Madrasat `Ali Bin Abi Talib,Madrasat `Ali Bin Abi Talib,École,,Al Hodeidah,Al Mina,Al Hodeidah,14.804799,42.934803,
node/12622956085,مدرسة رياض العرفان,,mdrs@ ryD l`rfn,École,,Al Hodeidah,Al Mina,Al Hodeidah,14.800869,42.9364305,الحديدة
node/12622956099,مدرسة عذبان,,mdrs@ `dhbn,École,,Al Hodeidah,Al Hawak,Al Hawak,14.7851261,42.9480478,الحديدة
node/12622956088,مجمع السعيد,,mjm` ls`yd,École,,Al Hodeidah,Al Mina,Al Hodeidah,14.7959952,42.9413935,الحديدة
node/6937218331,مدرسة خولة بنت الأزور,Madrasat Khawlah,Madrasat Khawlah,École,,Al Hodeidah,Al Mina,Al Hodeidah,14.793257,42.948299,
node/6045098989,مدرسة ودار الأيتام,,mdrs@ wdr l'ytm,École,,Al Hodeidah,Al Mina,Al Hodeidah,14.7973726,42.9617002,
node/4571063889,كلية الآداب جامعة الحديدة,,kly@ ladb jm`@ lHdyd@,Collège / Institut,,Al Hodeidah,Al Mina,Al Hodeidah,14.7946423,42.9608527,
node/5002271822,مدرسة النور,,mdrs@ lnwr,École,,Al Hodeidah,Al Mina,Al Hodeidah,14.7933629,42.958866,الحديدة
node/6937218330,مدرسة الخادم غالب,Madrasat al Khadim Ghalib,Madrasat al Khadim Ghalib,École,,Al Hodeidah,Al Hawak,Al Hawak,14.786307,42.954788,
node/11110591205,عقبة بن نافع,,`qb@ bn nf`,École,,Al Hodeidah,Al Hawak,Al Hawak,14.7868188,42.9590037,
node/11110591105,عقبة بن نافع,,`qb@ bn nf`,École,,Al Hodeidah,Al Hawak,Al Hawak,14.7866504,42.9589694,
node/11110591305,عقبة بن نافع,,`qb@ bn nf`,École,,Al Hodeidah,Al Hawak,Al Hawak,14.7865435,42.9590438,
node/6929026285,جامعة العلوم والتكنولوجيا,,jm`@ l`lwm wltknwlwjy,Université,,Al Hodeidah,Al Hawak,Al Hawak,14.7878204,42.9651215,
node/12622956014,كلية الشفاء للعلوم الطبية والتقنية,,kly@ lshf ll`lwm lTby@ wltqny@,Collège / Institut,,Al Hodeidah,Al Hawak,Al Hawak,14.7920047,42.9630551,الحديدة
node/12622850908,مدرسة سبأ الأهلية,,mdrs@ sb' l'hly@,École,,Al Hodeidah,Al Hawak,Al Hawak,14.7888892,42.9683016,
node/6045099190,مدرسة الشهداء,,mdrs@ lshhd,École,,Al Hodeidah,Al Hali,Al Hodeidah,14.793026,42.9754347,
node/12459701401,كلية المجتمع الرائدة للعلوم الطبية والتكنولوجيا-الحديدة,Al-Raida Community College for Medical Science and Technology,Al-Raida Community College for Medical Science and Technology,Collège / Institut,,Al Hodeidah,Al Hali,Al Hodeidah,14.7988522,42.9703691,
node/12459702601,كلية المجتمع الرائدة للعلوم الطبية والتكنولوجيا-الحديدة,Al-Raida Community College for Medical Science and Technology,Al-Raida Community College for Medical Science and Technology,Collège / Institut,,Al Hodeidah,Al Hali,Al Hodeidah,14.7990048,42.9703606,
node/5031215824,الجامعة الوطنيه,,ljm`@ lwTnyh,Collège / Institut,,Al Hodeidah,Al Hali,Al Hodeidah,14.7990149,42.970363,
node/6377481085,مدرسة الشهداء الأساسية الثانوية,,mdrs@ lshhd l'ssy@ lthnwy@,École,,Al Hodeidah,Al Hali,Al Hodeidah,14.7931297,42.9735026,
node/4962103022,مدرسة زايد بن سلطان,,mdrs@ zyd bn slTn,École,,Al Hodeidah,Al Hali,Al Hodeidah,14.8067369,42.9757827,
node/5031234521,مدرسة الشافعي الاهلية,,mdrs@ lshf`y lhly@,École,,Al Hodeidah,Al Hali,Al Hodeidah,14.8041033,42.9751825,
node/6042600701,كلية الهندسة جامعة الحديدة,,kly@ lhnds@ jm`@ lHdyd@,Collège / Institut,,Al Hodeidah,Al Hali,Al Hodeidah,14.8046884,42.9954922,
node/6045098590,كلية الطب والعلوم الصحية,,kly@ lTb wl`lwm lSHy@,Collège / Institut,,Al Hodeidah,Al Hawak,Al Hawak,14.7623494,42.9581566,
way/172789746,كلية الشريعة وكلية التجارة,,kly@ lshry`@ wkly@ ltjr@,École,,Al Hodeidah,Al Hawak,Al Hawak,,,
node/12622976806,كلية التجارة والاقتصاد,,kly@ ltjr@ wlqtSd,Collège / Institut,,Al Hodeidah,Al Hawak,Al Hawak,14.7704959,42.954413,
node/6045098588,رئاسة جامعة الحديدة,,ry's@ jm`@ lHdyd@,Collège / Institut,,Al Hodeidah,Al Hawak,Al Hawak,14.769519,42.9539578,
way/172789744,كلية التربية البدنية,,kly@ ltrby@ lbdny@,École,,Al Hodeidah,Al Hawak,Al Hawak,,,
way/172789747,كلية علوم وهندسة الحاسوب,,kly@ `lwm whnds@ lHswb,École,,Al Hodeidah,Al Hawak,Al Hawak,,,
way/172789748,كلية التربية,,kly@ ltrby@,École,,Al Hodeidah,Al Hawak,Al Hawak,,,
way/996765960,جامعة الحديدة,,jm`@ lHdyd@,Université,,Al Hodeidah,Al Hawak,Al Hawak,,,
node/12622976805,كلية طب الأسنان جامعة الحديدة,,kly@ Tb l'snn jm`@ lHdyd@,Collège / Institut,,Al Hodeidah,Al Hawak,Al Hawak,14.7768063,42.9506891,الحديدة
node/6937224212,مدرسة عمر,Madrasat `Umar,Madrasat `Umar,École,,Al Hodeidah,Al Hawak,Al Hawak,14.780221,42.951914,
node/6045098594,30 نوفمبر,,30 nwfmbr,École,,Al Hodeidah,Al Hawak,Al Hawak,14.7785362,42.9579966,
node/4237985993,مدرسة الصباح الثانوية,,mdrs@ lSbH lthnwy@,École,,Al Hodeidah,Al Hawak,Al Hawak,14.7844866,42.9539906,
node/13437333958,مدرسة زيد بن ثابت الأساسية والثانوية,,mdrs@ zyd bn thbt l'ssy@ wlthnwy@,École,government,Al Hodeidah,Zabid,Al Badwah,14.3200484,43.352069,زبيد
node/6382903986,مدرسة السلام,,mdrs@ lslm,École,,Al Hodeidah,Zabid,Bilad As Salamah,14.2675276,43.3740907,
node/6377522785,مدرسة الإخلاص بالبراتة,,mdrs@ lkhlS blbrt@,École,,Al Hodeidah,Zabid,At Taribah,14.2692128,43.4043451,
node/8589849028,١٤ اكتوبر,,14 ktwbr,École,,Al Hodeidah,At Tuhayta,Al Matinah,13.9531529,43.1715687,
node/11857396569,مدرسة الفوز,,mdrs@ lfwz,École,,Al Hodeidah,Al Marawi'ah,Ar Raqabah,14.8617564,43.234507,
node/11857397369,مدرسة الفوز 2,,mdrs@ lfwz 2,École,,Al Hodeidah,Al Marawi'ah,Ar Raqabah,14.8617802,43.2344685,
node/11857400469,مدرسة الفوز 4,,mdrs@ lfwz 4,École,,Al Hodeidah,Al Marawi'ah,Ar Raqabah,14.8618208,43.2345672,
node/11857398969,مدرسة الفوز 3,,mdrs@ lfwz 3,École,,Al Hodeidah,Al Marawi'ah,Ar Raqabah,14.8618584,43.2345805,
node/8309071617,جديدة,,jdyd@,École,,Al Hodeidah,Bajil,Al Khalfiyah,15.0817327,43.2657871,
node/7251838585,مدرسة 14 أكتوبر - الشرفي,,mdrs@ 14 'ktwbr - lshrfy,École,,Al Mahwit,Melhan,Al Qiblah,15.4079253,43.3466308,
node/4681741998,مدرسة النسيبه الثانوية والأساسية للبنات,,mdrs@ lnsybh lthnwy@ wl'ssy@ llbnt,École,,Al Mahwit,Al Khabt,Al Wasitah,15.4602329,43.355422,
node/8061839986,مدرسة نسيبة بنت كعب,,mdrs@ nsyb@ bnt k`b,École,,Al Hodeidah,Az Zuhrah,Az Zuhrah Rub' Al Wadi,15.7253856,43.0302661,
node/8059190586,مدرسة الزهرة,,mdrs@ lzhr@,École,,Al Hodeidah,Az Zuhrah,Az Zuhrah Rub' Al Wadi,15.7225753,42.996908,
node/8510274517,المرابيع,,lmrby`,École,,Al Hodeidah,Az Zuhrah,Rub' Ash Sham,15.8115776,43.1513743,
node/4643672290,مدرسة بلقيس,,mdrs@ blqys,École,,Hajjah,Abs,Bani Thawab,15.9715839,43.1935835,
node/4506245248,الثورة,,lthwr@,École,,Hajjah,Al Mahabishah,Bani Maji',15.9521967,43.437352,الجدلة
node/4506246758,مدرسة الميثاق,,mdrs@ lmythq,École,,Hajjah,Al Mahabishah,Bani Maji',15.9532675,43.4378533,الجدلة
node/4402470192,مدرسة خمر الأهلية,,mdrs@ khmr l'hly@,École,,Amran,Khamir,Adh Dhahir,15.9928376,43.9519107,
way/1026806060,مدرسة السلام,,mdrs@ lslm,École,,Amran,Khamir,Adh Dhahir,,,
way/1026806073,مدارس نور الحياة الأهلية,,mdrs nwr lHy@ l'hly@,École,,Amran,Khamir,Adh Dhahir,,,
way/1026809182,مدرسة,,mdrs@,École,,Amran,Khamir,Adh Dhahir,,,
node/9566044109,جامعة خمر,,jm`@ khmr,Université,,Amran,Khamir,Adh Dhahir,15.9998242,43.9554729,
node/8513861521,مدرسة النهضة,Al Nahda School in Barar,Al Nahda School in Barar,École,,Amran,Raydah,Hamdah,15.8198221,43.9903317,
node/12612125889,مدرسة سبأ,,mdrs@ sb',École,,Amran,Huth,Khaywan,16.27981,44.07045,
way/353243925,Sa'dah College of Education,,Sa'dah College of Education,Collège / Institut,,Sa'dah,Sa'dah,Sa'dah,,,
way/353327214,مدرسة الثورة الأساسية بمديرية صعده,,mdrs@ lthwr@ l'ssy@ bmdyry@ S`dh,Université,,Sa'dah,Sa'dah,Sa'dah,,,
node/6937218347,المعهد العلمي العالي,Al Ma`had al `Ilmi al `Ali,Al Ma`had al `Ilmi al `Ali,Collège / Institut,,Sa'dah,Sa'dah,Sa'dah,16.937837,43.754204,
relation/17177820,مدرسة القِص النموذجية للبنات - صعده,Al-Ges School,Al-Ges School,École,,Sa'dah,Sa'dah,Sa'dah,,,
node/9189441069,مدرسة الفتح,,mdrs@ lftH,École,,Sa'dah,As Safra,Wadi'ah,16.8952125,43.8048516,
node/7281498785,مدرسة ابي ذر الغفاري,,mdrs@ by dhr lGfry,École,,Sa'dah,As Safra,Wadi'ah,16.8372103,43.8660723,
node/5792789999,مدرسة الدحل,,mdrs@ ldHl,École,,Al Jawf,Khab wa Ash Sha'f,Ash Sha'f,16.7157,44.8915,
node/12612207911,مدرسة الرملة,,mdrs@ lrml@,École,,Hadramawt,Al Qatn,Al Qatn,15.82531,48.2767399,
node/8733634517,مدرسة عثمان بن عفان(غصيص),School Othman bn Afan,School Othman bn Afan,École,,Hadramawt,Al Qatn,Al Qatn,15.8904215,48.4495684,
node/4298023801,كلية الاتصالات العامه,,kly@ ltSlt l`mh,Collège / Institut,,Hadramawt,Al Qatn,Al Qatn,15.83941,48.479276,
node/4326873994,مدرسة الفقيد بن حمدة,,mdrs@ lfqyd bn Hmd@,École,,Hadramawt,Al Qatn,Al Qatn,15.8404938,48.4583875,
node/4298021174,روضة الامل,,rwD@ lml,École,,Hadramawt,Al Qatn,Al Qatn,15.8418375,48.4571928,
node/4328044926,مدرسة القارة,,mdrs@ lqr@,École,,Hadramawt,Sayun,Sayun,15.9790071,48.9591157,
node/4298023658,كلية المجتمع,,kly@ lmjtm`,Collège / Institut,,Hadramawt,Sayun,Sayun,15.961375,48.829122,
node/4298021356,Algaren Boys School,,Algaren Boys School,École,,Hadramawt,Sayun,Sayun,15.944123,48.800626,
node/4298021357,Algaren Girls School,,Algaren Girls School,École,,Hadramawt,Sayun,Sayun,15.943093,48.800368,
node/4327698359,ثانوية الصبّان,,thnwy@ lSbWn,École,,Hadramawt,Sayun,Sayun,15.9390942,48.7985538,
node/4298023253,ثانوية باكثير للبنات,,thnwy@ bkthyr llbnt,École,,Hadramawt,Sayun,Sayun,15.9363145,48.7968265,
node/4298021112,مدرسة الارتقاء,,mdrs@ lrtq,École,,Hadramawt,Sayun,Sayun,15.9356174,48.7956536,
node/4327638769,ثانوية النهضة,,thnwy@ lnhD@,École,,Hadramawt,Sayun,Sayun,15.9377974,48.7919695,
node/4327699047,مدرسة الخليفة عمر بن الخطاب للبنات,,mdrs@ lkhlyf@ `mr bn lkhTb llbnt,École,,Hadramawt,Sayun,Sayun,15.932519,48.789336,
node/4298024729,Rehabilitation Of Working Children Center,,Rehabilitation Of Working Children Center,École,,Hadramawt,Sayun,Sayun,15.944252,48.796892,
node/4327604505,روضة الطفل بسيئون,,rwD@ lTfl bsyy'wn,École,,Hadramawt,Sayun,Sayun,15.9428421,48.7889118,
node/4298022993,مدرسة الزبيري,,mdrs@ lzbyry,École,,Hadramawt,Sayun,Sayun,15.9468416,48.7862262,
node/4298024874,معهد سيئون العالي,,m`hd syy'wn l`ly,Collège / Institut,,Hadramawt,Sayun,Sayun,15.948501,48.77728,
node/6672556614,مدرسة السيدة خديجة للبنات,,mdrs@ lsyd@ khdyj@ llbnt,École,,Hadramawt,Sayun,Sayun,15.9456086,48.7775322,
node/6672556613,مدرسة التعاون للبنين,,mdrs@ lt`wn llbnyn,École,,Hadramawt,Sayun,Sayun,15.9460242,48.7779558,
node/11569616177,مدرسة وديان ال وعيل,al wail valley school,al wail valley school,École,,Hadramawt,Al Qaff,Al Qaff,16.5767364,49.058135,
node/4285426689,مدرسة عيديد الابتدائية للبنين,,mdrs@ `ydyd lbtdy'y@ llbnyn,École,,Hadramawt,Tarim,Tarim,16.0527739,48.9840341,
node/4285426389,مركز دار المصطفى للدراسات الاسلامية,,mrkz dr lmSTf~ lldrst lslmy@,École,,Hadramawt,Tarim,Tarim,16.0504555,48.975404,
node/4328693562,معهد التفوق,,m`hd ltfwq,Collège / Institut,,Hadramawt,Tarim,Tarim,16.0515486,49.005259,
node/4328798393,مدرسة الحد,,mdrs@ lHd,École,,Hadramawt,Tarim,Tarim,16.0610548,49.022571,
node/9644257077,مدرسة ثبي للتعلم الأساسي بنين,,mdrs@ thby llt`lm l'ssy bnyn,École,,Hadramawt,Tarim,Tarim,16.0231902,48.9958531,
node/8529721657,مدرسة ثبي للتعليم الأساسي بنات,,mdrs@ thby llt`lym l'ssy bnt,École,,Hadramawt,Tarim,Tarim,16.0225147,48.9871681,
node/4328045003,كلية العلوم التطبيقية - جامعة حضرموت,,kly@ l`lwm ltTbyqy@ - jm`@ HDrmwt,Collège / Institut,,Hadramawt,Tarim,Tarim,15.9823111,48.9774123,
node/4298022286,مدرسه,,mdrsh,École,,Hadramawt,Tarim,Tarim,15.986052,49.021297,
node/4356805693,مدرسة الريضة,,mdrs@ lryD@,École,,Hadramawt,Tarim,Tarim,15.9866128,49.0222857,
node/4601156889,مدرسة السويري بنات,,mdrs@ lswyry bnt,École,,Hadramawt,Tarim,Tarim,15.9767874,49.0240103,
node/4328045012,مدرسة السويري للتعليم الأساسي,,mdrs@ lswyry llt`lym l'ssy,École,,Hadramawt,Tarim,Tarim,15.976896,49.0181515,
node/4360349291,مدرسة ابن حم للبنات,,mdrs@ bn Hm llbnt,École,,Hadramawt,Tarim,Tarim,15.9697087,48.9919227,
node/12634774201,مدرسة شريوف للتعليم الأساسي,,mdrs@ shrywf llt`lym l'ssy,École,,Hadramawt,Tarim,Tarim,15.8945624,49.0033052,
node/4269169591,Arrdod primary school,,Arrdod primary school,École,,Hadramawt,Tarim,Tarim,15.8688511,49.0182427,
way/1165151297,مدرسة خوله,Khawla School,Khawla School,École,,Al Maharah,Al Ghaydhah,Al Faydami,,,
way/1378974849,ابوعُبيدة بن الجراح,Abu Ubaidah ibn al-Jarrah,Abu Ubaidah ibn al-Jarrah,École,,Hadramawt,Ar Raydah wa Qussay'ar,Ar Raydah wa Qussay'ar,,,
node/4378929789,ادارة التربيه والتعليم,,dr@ ltrbyh wlt`lym,École,,Hadramawt,Ar Raydah wa Qussay'ar,Ar Raydah wa Qussay'ar,15.0418385,50.4757441,
way/1143879652,مدرسة معاذ بن جبل,,mdrs@ m`dh bn jbl,École,,Hadramawt,Ad Dis,Ad Dis,,,
node/7575126274,مدرسة خولة للبنات,,mdrs@ khwl@ llbnt,École,,Hadramawt,Ad Dis,Ad Dis,14.9010362,49.9888766,
way/1143878826,مدرسة هبورك,,mdrs@ hbwrk,École,,Hadramawt,Ad Dis,Ad Dis,,,
node/6718116200,ثانوية البنات,,thnwy@ lbnt,École,,Hadramawt,Ad Dis,Ad Dis,14.9093448,49.9909516,
node/6718116219,مدرسة خالد بن الوليد,,mdrs@ khld bn lwlyd,École,,Hadramawt,Ad Dis,Ad Dis,14.9087552,49.9911003,
node/6718116209,مدرسة عمر بن عبدالعزيز,,mdrs@ `mr bn `bdl`zyz,École,,Hadramawt,Ad Dis,Ad Dis,14.9080798,49.9910051,
node/4328874672,مدرسة,,mdrs@,École,,Hadramawt,Sah,Sah,15.5969792,48.8481773,
node/11379840564,مدرسة أروى للتعليم الأساسي,,mdrs@ 'rw~ llt`lym l'ssy,École,,Hadramawt,Wadi Al Ayn,Hawrah,15.7086164,48.295827,
node/11379854997,مدرسة أروى للتعليم الأساسي,,mdrs@ 'rw~ llt`lym l'ssy,École,,Hadramawt,Wadi Al Ayn,Hawrah,15.7086164,48.295827,
node/4298023920,ثانوية حورة للبنات,,thnwy@ Hwr@ llbnt,École,,Hadramawt,Wadi Al Ayn,Hawrah,15.705085,48.295298,
node/11383586288,معهد الريف للتدريب و التأهيل,,m`hd lryf lltdryb w lt'hyl,École,,Hadramawt,Wadi Al Ayn,Hawrah,15.7125579,48.2974883,
node/11383586212,مدرسة الجيل الصاعد,,mdrs@ ljyl lS`d,École,,Hadramawt,Wadi Al Ayn,Hawrah,15.7234906,48.2812311,
node/11383582777,مدرسة النور,,mdrs@ lnwr,École,,Hadramawt,Wadi Al Ayn,Hawrah,15.7493184,48.297955,
node/6184722685,مدرسة ثانوية,,mdrs@ thnwy@,École,,Hadramawt,Daw'an,Saif,15.3235851,48.3313623,
node/4298024816,ثانوية المصموم,,thnwy@ lmSmwm,École,,Hadramawt,Daw'an,Saif,15.3222987,48.3318277,
node/4298022634,مدرسه الشهداء,,mdrsh lshhd,École,,Hadramawt,Daw'an,Saif,15.3105343,48.3323195,
node/8211379417,مدرسة الشيخ سليمان سعيد بقشان خيلة بقشان,,mdrs@ lshykh slymn s`yd bqshn khyl@ bqshn,École,,Hadramawt,Daw'an,Saif,15.2179472,48.3868154,
node/7277051685,مجمع الشيخ عبدالله سعيد بقشان,bugshans edu,bugshans edu,École,,Hadramawt,Daw'an,Saif,15.229168,48.3731052,
node/11250603710,مدرسة وائل بن حجر,,mdrs@ wy'l bn Hjr,École,,Hadramawt,Ash Shihr,Ash Shihr,15.0333046,49.4569013,
way/734739778,ثانوية بامطرف,,thnwy@ bmTrf,École,,Hadramawt,Ash Shihr,Ash Shihr,,,
way/996130971,مدرسة عمر بن العاص للبنات,Omar Bin Al-Aas Primary School,Omar Bin Al-Aas Primary School,École,,Hadramawt,Ash Shihr,Ash Shihr,,,
way/1000942611,مدرسة ابن الرشد للبنات,Ibn Ar'rushd Primary School,Ibn Ar'rushd Primary School,École,,Hadramawt,Ash Shihr,Ash Shihr,,,
way/996130956,ثانوية باحسن للبنات,,thnwy@ bHsn llbnt,École,,Hadramawt,Ash Shihr,Ash Shihr,,,
way/829924167,مدرسة سعاد للبنين,Su'ad Primary School,Su'ad Primary School,École,,Hadramawt,Ash Shihr,Ash Shihr,,,
way/996130949,مدرسة سعاد للبنين,Su'ad Primary School,Su'ad Primary School,École,,Hadramawt,Ash Shihr,Ash Shihr,,,
way/429207223,ثانويه الفقيد سعيد عوض باوزير,,thnwyh lfqyd s`yd `wD bwzyr,École,,Hadramawt,Ghayl Bawazir,Ghayl Bawazir,,,
way/429205836,مدرسة باعمر,,mdrs@ b`mr,École,,Hadramawt,Ghayl Bawazir,Ghayl Bawazir,,,
way/232737178,مدرسه الصديق,,mdrsh lSdyq,École,,Hadramawt,Ghayl Bawazir,Ghayl Bawazir,,,
way/564007680,مدرسه,,mdrsh,École,,Hadramawt,Ghayl Bawazir,Ghayl Bawazir,,,
node/4319351676,روضه شحير,,rwDh shHyr,École,,Hadramawt,Ghayl Bawazir,Ghayl Bawazir,14.6932827,49.397089,
way/232728365,جامعة حضرموت للعلوم والتكنولوجيا‎,Hadramout University of Science and Technology,Hadramout University of Science and Technology,Université,,Hadramawt,Al Mukalla City,Al Mukalla City,,,
way/232726615,ثانويه بنات,,thnwyh bnt,École,,Hadramawt,Al Mukalla City,Al Mukalla City,,,
way/173342545,كلية الطب جامعة حضرموت,,kly@ lTb jm`@ HDrmwt,Université,,Hadramawt,Al Mukalla City,Al Mukalla City,,,
node/8662368917,المعهد الصحي,,lm`hd lSHy,Collège / Institut,,Hadramawt,Al Mukalla City,Al Mukalla City,14.4695476,49.0338447,
node/4298023873,Hadhramout University,,Hadhramout University,Collège / Institut,,Hadramawt,Al Mukalla City,Al Mukalla City,14.4849635,49.0454903,
relation/2315191,جامعه حضرموت,Hadramout University,Hadramout University,Université,,Hadramawt,Al Mukalla City,Al Mukalla City,,,
node/5108002625,مجمع كليات المستقبل - جامعة حضرموت,Hadhramut university colection of future fucaltes,Hadhramut university colection of future fucaltes,Collège / Institut,,Hadramawt,Al Mukalla City,Al Mukalla City,14.4931684,49.0576042,
node/4298021894,مدارس الامجاد,,mdrs lmjd,École,,Hadramawt,Al Mukalla City,Al Mukalla City,14.4970827,49.0545162,
way/536139451,مدرسة الشيخ ناصر,,mdrs@ lshykh nSr,École,,Hadramawt,Al Mukalla City,Al Mukalla City,,,
node/4298022646,Alslal School,,Alslal School,École,,Hadramawt,Al Mukalla City,Al Mukalla City,14.4883139,49.0454235,
node/4298024265,كليه الاقتصاد وإداره اعمال,,klyh lqtSd wdrh `ml,Collège / Institut,,Hadramawt,Al Mukalla City,Al Mukalla City,14.4867319,49.044074,
node/12566334600,Ahgaff University,,Ahgaff University,Université,,Hadramawt,Al Mukalla City,Al Mukalla City,14.4873957,49.0432521,
node/12566334587,Ahgff - Girls Faculity,,Ahgff - Girls Faculity,Université,,Hadramawt,Al Mukalla City,Al Mukalla City,14.4872414,49.0422926,
node/4528883789,رئاسة جامعة حضرموت,Hadrmout University,Hadrmout University,École,,Hadramawt,Al Mukalla City,Al Mukalla City,14.5075318,49.0604103,
node/10542483727,جامعة الريان,,jm`@ lryn,Université,public,Hadramawt,Al Mukalla City,Al Mukalla City,14.507096,49.0624378,المكلا
way/536114656,مدرسة الرسالة النموذجية,,mdrs@ lrsl@ lnmwdhjy@,École,,Hadramawt,Al Mukalla City,Al Mukalla City,,,
node/4320694714,مدارس المعارف الحديثة,,mdrs lm`rf lHdyth@,École,,Hadramawt,Al Mukalla City,Al Mukalla City,14.5219544,49.0780565,
node/4320694713,مدارس حضرموت العالمية,,mdrs HDrmwt l`lmy@,École,,Hadramawt,Al Mukalla City,Al Mukalla City,14.5211535,49.08586,
node/4336478427,معهد باشريف لتعليم اللغة الانجليزيه,,m`hd bshryf lt`lym llG@ lnjlyzyh,Collège / Institut,,Hadramawt,Al Mukalla City,Al Mukalla City,14.5284448,49.141801,
way/173342337,مدرسة الميناء الثانوية للبنات,,mdrs@ lmyn lthnwy@ llbnt,École,,Hadramawt,Al Mukalla City,Al Mukalla City,,,
node/4298023422,Bin Khldon School;ثانوية الميناء للبنات,,Bin Khldon School;thnwy@ lmyn llbnt,École,,Hadramawt,Al Mukalla City,Al Mukalla City,14.5270034,49.1369116,
node/6937224258,مدرسة ابن خلدون,Madrasat Ibn Khaldun,Madrasat Ibn Khaldun,École,,Hadramawt,Al Mukalla City,Al Mukalla City,14.526905,49.137047,
node/4226493089,مدرسة الجماهير,Al-Jamaheer School,Al-Jamaheer School,École,,Hadramawt,Al Mukalla City,Al Mukalla City,14.5321959,49.1263489,
node/4358692791,مدرسة جيل الثورة,Jeel Athawrah School,Jeel Athawrah School,École,,Hadramawt,Al Mukalla City,Al Mukalla City,14.5381856,49.1257764,
