id,nom_ecole,type_code,type_nom,statut,annee,latitude,longitude,commune_code,commune_fi,commune_sv,seutukunta_code,seutukunta_fi,seutukunta_sv,maakunta_code,maakunta_fi,maakunta_sv
08888,Tusby träsk svenska skola,11,Peruskoulut,0,2025,60.415303,25.054554,245,Kerava,Kervo,011,Helsinki,Helsingfors,01,Uusimaa,Nyland
08871,Aapiskujan koulu,11,Peruskoulut,0,2025,63.16205,23.831721,934,Vimpeli,Vimpeli,146,Järviseutu,Järviseutu,14,Etelä-Pohjanmaa,Södra Österbotten
03117,Aarnivalkean koulu,11,Peruskoulut,0,2025,60.182315,24.806708,049,Espoo,Esbo,011,Helsinki,Helsingfors,01,Uusimaa,Nyland
03874,Aavan koulu,12,Peruskouluasteen erityiskoulut,0,2025,60.926024,24.655727,165,Janakkala,Janakkala,051,Hämeenlinna,Tavastehus,05,Kanta-Häme,Egentliga Tavastland
03584,Ahjon koulu,11,Peruskoulut,0,2025,60.399352,25.140696,245,Kerava,Kervo,011,Helsinki,Helsingfors,01,Uusimaa,Nyland
05773,Ahlaisten koulu,11,Peruskoulut,0,2025,61.671818,21.630714,609,Pori,Björneborg,043,Pori,Björneborg,04,Satakunta,Satakunta
08458,Ahlströmin alakoulu,11,Peruskoulut,0,2025,61.862626,21.503206,484,Merikarvia,Sastmola,043,Pori,Björneborg,04,Satakunta,Satakunta
08374,Ahmasojan koulu,12,Peruskouluasteen erityiskoulut,0,2025,61.124552,22.130973,050,Eura,Eura,041,Rauma,Raumo,04,Satakunta,Satakunta
07735,Ahmon koulu,11,Peruskoulut,0,2025,63.08006,27.668579,749,Siilinjärvi,Siilinjärvi,112,Kuopio,Kuopio,11,Pohjois-Savo,Norra Savolax
06811,Ahokkalan koulu,11,Peruskoulut,0,2025,62.700734,29.921232,276,Kontiolahti,Kontiolahti,122,Joensuu,Joensuu,12,Pohjois-Karjala,Norra Karelen
07046,Ahonkylän koulu,11,Peruskoulut,0,2025,62.766675,22.677511,145,Ilmajoki,Ilmajoki,142,Seinäjoki,Seinäjoki,14,Etelä-Pohjanmaa,Södra Österbotten
06565,Ahteen koulu,11,Peruskoulut,0,2025,63.931924,25.041888,535,Nivala,Nivala,176,Nivala-Haapajärvi,Nivala-Haapajärvi,17,Pohjois-Pohjanmaa,Norra Österbotten
03636,Ahtialan peruskoulu,11,Peruskoulut,0,2025,61.003616,25.771578,398,Lahti,Lahtis,071,Lahti,Lahtis,07,Päijät-Häme,Päijänne-Tavastland
08656,Ahvenisjärven koulu,11,Peruskoulut,0,2025,61.448785,23.860014,837,Tampere,Tammerfors,064,Tampere,Tammerfors,06,Pirkanmaa,Birkaland
04753,Aitoon koulu,11,Peruskoulut,0,2025,61.337172,24.491775,635,Pälkäne,Pälkäne,064,Tampere,Tammerfors,06,Pirkanmaa,Birkaland
06616,Aittakorven koulu,11,Peruskoulut,0,2025,60.493613,26.868959,285,Kotka,Kotka,082,Kotka-Hamina,Kotka-Fredrikshamn,08,Kymenlaakso,Kymmenedalen
06566,Aittolan koulu,11,Peruskoulut,2,2025,63.852372,24.986102,535,Nivala,Nivala,176,Nivala-Haapajärvi,Nivala-Haapajärvi,17,Pohjois-Pohjanmaa,Norra Österbotten
00827,Akaan lukio,15,Lukiot,0,2025,61.16206,23.871111,020,Akaa,Akaa,063,Etelä-Pirkanmaa,Södra Birkaland,06,Pirkanmaa,Birkaland
08181,Akvarellin koulu,11,Peruskoulut,0,2025,60.806911,23.615361,061,Forssa,Forssa,053,Forssa,Forssa,05,Kanta-Häme,Egentliga Tavastland
05555,Alahärmän yhtenäiskoulu,11,Peruskoulut,0,2025,63.237528,22.8617,233,Kauhava,Kauhava,142,Seinäjoki,Seinäjoki,14,Etelä-Pohjanmaa,Södra Österbotten
00002,Alajärven lukio,15,Lukiot,0,2025,63.007964,23.818708,005,Alajärvi,Alajärvi,146,Järviseutu,Järviseutu,14,Etelä-Pohjanmaa,Södra Österbotten
06593,Alajärven yläkoulu,11,Peruskoulut,0,2025,63.007964,23.818708,005,Alajärvi,Alajärvi,146,Järviseutu,Järviseutu,14,Etelä-Pohjanmaa,Södra Österbotten
04279,Alakorkalon koulu,11,Peruskoulut,0,2025,66.462285,25.606053,698,Rovaniemi,Rovaniemi,191,Rovaniemi,Rovaniemi,19,Lappi,Lappland
04108,Alakylän koulu,11,Peruskoulut,0,2025,67.354364,24.890787,261,Kittilä,Kittilä,196,Tunturi-Lappi,Tunturi-Lappi,19,Lappi,Lappland
06594,Alakylän koulu,11,Peruskoulut,0,2025,63.023802,23.682694,005,Alajärvi,Alajärvi,146,Järviseutu,Järviseutu,14,Etelä-Pohjanmaa,Södra Österbotten
06899,Alakylän koulu,11,Peruskoulut,0,2025,62.792489,22.774803,743,Seinäjoki,Seinäjoki,142,Seinäjoki,Seinäjoki,14,Etelä-Pohjanmaa,Södra Österbotten
06788,Alanurmon koulu,11,Peruskoulut,0,2025,62.944654,23.004381,408,Lapua,Lappo,142,Seinäjoki,Seinäjoki,14,Etelä-Pohjanmaa,Södra Österbotten
06018,Alapitkän koulu,11,Peruskoulut,0,2025,63.201709,27.538584,402,Lapinlahti,Lapinlahti,111,Ylä-Savo,Norra Savolax,11,Pohjois-Savo,Norra Savolax
07782,Alarannan koulu,11,Peruskoulut,0,2025,65.322763,25.31542,139,Ii,Ii,173,Oulunkaari,Oulunkaari,17,Pohjois-Pohjanmaa,Norra Österbotten
07903,Alasenjärven peruskoulu,11,Peruskoulut,0,2025,61.01291,25.800613,398,Lahti,Lahtis,071,Lahti,Lahtis,07,Päijät-Häme,Päijänne-Tavastland
03294,Alavan koulu,12,Peruskouluasteen erityiskoulut,0,2025,62.885932,27.663429,297,Kuopio,Kuopio,112,Kuopio,Kuopio,11,Pohjois-Savo,Norra Savolax
06252,Alavieskan yhtenäiskoulu,11,Peruskoulut,0,2025,64.165061,24.30134,009,Alavieska,Alavieska,177,Ylivieska,Ylivieska,17,Pohjois-Pohjanmaa,Norra Österbotten
06931,Alaviitalan koulu,11,Peruskoulut,0,2025,62.625752,22.975605,743,Seinäjoki,Seinäjoki,142,Seinäjoki,Seinäjoki,14,Etelä-Pohjanmaa,Södra Österbotten
00003,Alavuden lukio,15,Lukiot,0,2025,62.592401,23.614762,010,Alavus,Alavus,144,Kuusiokunnat,Kuusiokunnat,14,Etelä-Pohjanmaa,Södra Österbotten
05295,Alavuden yläkoulu,11,Peruskoulut,0,2025,62.592986,23.619977,010,Alavus,Alavus,144,Kuusiokunnat,Kuusiokunnat,14,Etelä-Pohjanmaa,Södra Österbotten
03148,Alberga skola,11,Peruskoulut,0,2025,60.416237,22.319209,202,Kaarina,S:t Karins,023,Turku,Åbo,02,Varsinais-Suomi,Egentliga Finland
08847,Albert Edelfeltin koulu,11,Peruskoulut,0,2025,60.38817,25.647474,638,Porvoo,Borgå,015,Porvoo,Borgå,01,Uusimaa,Nyland
04498,Aleksanterin koulu,11,Peruskoulut,0,2025,64.504841,25.650431,791,Siikalatva,Siikalatva,175,Haapavesi-Siikalatva,Haapavesi-Siikalatva,17,Pohjois-Pohjanmaa,Norra Österbotten
03380,Aleksis Kiven koulu,11,Peruskoulut,0,2025,60.137063,24.226387,755,Siuntio,Sjundeå,011,Helsinki,Helsingfors,01,Uusimaa,Nyland
03002,Aleksis Kiven peruskoulu,11,Peruskoulut,0,2025,60.188114,24.951266,091,Helsinki,Helsingfors,011,Helsinki,Helsingfors,01,Uusimaa,Nyland
08524,Alhaisten koulu,11,Peruskoulut,0,2025,60.374306,23.132915,734,Salo,Salo,022,Salo,Salo,02,Varsinais-Suomi,Egentliga Finland
03383,Alhoniityn koulu,11,Peruskoulut,0,2025,61.486285,23.491346,536,Nokia,Nokia,064,Tampere,Tammerfors,06,Pirkanmaa,Birkaland
03812,Ali-Juhakkalan koulu,12,Peruskouluasteen erityiskoulut,2,2025,60.993679,25.566563,398,Lahti,Lahtis,071,Lahti,Lahtis,07,Päijät-Häme,Päijänne-Tavastland
08903,Ali-Keravan koulu,11,Peruskoulut,0,2025,60.398661,25.115123,245,Kerava,Kervo,011,Helsinki,Helsingfors,01,Uusimaa,Nyland
00004,Alppilan lukio,15,Lukiot,0,2025,60.192579,24.939768,091,Helsinki,Helsingfors,011,Helsinki,Helsingfors,01,Uusimaa,Nyland
03837,Alvarin koulu,11,Peruskoulut,0,2025,62.809504,23.507295,300,Kuortane,Kuortane,144,Kuusiokunnat,Kuusiokunnat,14,Etelä-Pohjanmaa,Södra Österbotten
08121,Alvettulan koulu,11,Peruskoulut,0,2025,61.19894,24.487124,109,Hämeenlinna,Tavastehus,051,Hämeenlinna,Tavastehus,05,Kanta-Häme,Egentliga Tavastland
03256,Amosparkens skola,11,Peruskoulut,0,2025,60.171076,22.731067,322,Kemiönsaari,Kimitoön,021,Åboland-Turunmaa,Åboland-Turunmaa,02,Varsinais-Suomi,Egentliga Finland
00028,Anna Tapion koulu,11,Peruskoulut,0,2025,61.340082,24.493225,635,Pälkäne,Pälkäne,064,Tampere,Tammerfors,06,Pirkanmaa,Birkaland
03379,Annalan koulu,11,Peruskoulut,0,2025,61.464161,23.89698,837,Tampere,Tammerfors,064,Tampere,Tammerfors,06,Pirkanmaa,Birkaland
08842,Antinkankaan koulu,11,Peruskoulut,0,2025,64.690219,24.518043,678,Raahe,Brahestad,174,Raahe,Brahestad,17,Pohjois-Pohjanmaa,Norra Österbotten
08103,Anttilan koulu,11,Peruskoulut,0,2025,60.493157,25.095276,186,Järvenpää,Träskända,011,Helsinki,Helsingfors,01,Uusimaa,Nyland
07161,Anttolan koulu,11,Peruskoulut,0,2025,61.884992,29.0871,740,Savonlinna,Nyslott,103,Savonlinna,Nyslott,10,Etelä-Savo,Södra Savolax
06133,Anttolan yhtenäiskoulu,11,Peruskoulut,0,2025,61.584436,27.647163,491,Mikkeli,S:t Michel,101,Mikkeli,S:t Michel,10,Etelä-Savo,Södra Savolax
03391,Apollon yhteiskoulu,19,Perus- ja lukioasteen koulut,0,2025,60.201696,24.878242,091,Helsinki,Helsingfors,011,Helsinki,Helsingfors,01,Uusimaa,Nyland
03743,Arabian peruskoulu,11,Peruskoulut,0,2025,60.204402,24.973114,091,Helsinki,Helsingfors,011,Helsinki,Helsingfors,01,Uusimaa,Nyland
00007,Arkadian yhteislyseon lukio,15,Lukiot,0,2025,60.380001,24.737761,543,Nurmijärvi,Nurmijärvi,011,Helsinki,Helsingfors,01,Uusimaa,Nyland
08376,Armfeltin koulu,11,Peruskoulut,0,2025,60.400881,23.078047,734,Salo,Salo,022,Salo,Salo,02,Varsinais-Suomi,Egentliga Finland
07023,Aron koulu,11,Peruskoulut,0,2025,62.455253,22.221123,232,Kauhajoki,Kauhajoki,141,Suupohja,Suupohja,14,Etelä-Pohjanmaa,Södra Österbotten
04002,Arpelan koulu,11,Peruskoulut,0,2025,66.020659,24.382027,851,Tornio,Torneå,192,Kemi-Tornio,Kemi-Torneå,19,Lappi,Lappland
05105,Arppen koulu,11,Peruskoulut,0,2025,62.102772,30.133284,260,Kitee,Kitee,124,Keski-Karjala,Mellersta Karelen,12,Pohjois-Karjala,Norra Karelen
08226,Arvo Ylpön koulu,11,Peruskoulut,0,2025,61.166097,23.863847,020,Akaa,Akaa,063,Etelä-Pirkanmaa,Södra Birkaland,06,Pirkanmaa,Birkaland
04400,Aseman koulu,11,Peruskoulut,0,2025,65.198624,25.396958,564,Oulu,Uleåborg,171,Oulu,Uleåborg,17,Pohjois-Pohjanmaa,Norra Österbotten
04522,Aseman koulu,11,Peruskoulut,0,2025,62.303856,26.485098,077,Hankasalmi,Hankasalmi,131,Jyväskylä,Jyväskylä,13,Keski-Suomi,Mellersta Finland
05311,Aseman koulu,11,Peruskoulut,0,2025,62.620053,23.606087,010,Alavus,Alavus,144,Kuusiokunnat,Kuusiokunnat,14,Etelä-Pohjanmaa,Södra Österbotten
06948,Aseman koulu,11,Peruskoulut,0,2025,62.912305,22.523334,743,Seinäjoki,Seinäjoki,142,Seinäjoki,Seinäjoki,14,Etelä-Pohjanmaa,Södra Österbotten
07783,Aseman koulu,11,Peruskoulut,0,2025,65.31903,25.4476,139,Ii,Ii,173,Oulunkaari,Oulunkaari,17,Pohjois-Pohjanmaa,Norra Österbotten
07794,Aseman koulu,11,Peruskoulut,0,2025,60.570545,27.18829,075,Hamina,Fredrikshamn,082,Kotka-Hamina,Kotka-Fredrikshamn,08,Kymenlaakso,Kymmenedalen
07992,Aseman koulu,11,Peruskoulut,0,2025,61.061128,23.633117,887,Urjala,Urjala,063,Etelä-Pirkanmaa,Södra Birkaland,06,Pirkanmaa,Birkaland
08086,Aseman koulu,11,Peruskoulut,0,2025,60.632844,24.858063,106,Hyvinkää,Hyvinge,011,Helsinki,Helsingfors,01,Uusimaa,Nyland
08464,Aseman koulu,11,Peruskoulut,0,2025,60.656067,21.956005,503,Mynämäki,Mynämäki,023,Turku,Åbo,02,Varsinais-Suomi,Egentliga Finland
08013,Asemanpellon koulu,11,Peruskoulut,0,2025,60.259131,24.125383,444,Lohja,Lojo,011,Helsinki,Helsingfors,01,Uusimaa,Nyland
07956,Asemanseudun koulu,11,Peruskoulut,0,2025,60.785441,22.91148,430,Loimaa,Loimaa,025,Loimaa,Loimaa,02,Varsinais-Suomi,Egentliga Finland
04614,Askaisten koulu,11,Peruskoulut,0,2025,60.573312,21.874968,481,Masku,Masku,023,Turku,Åbo,02,Varsinais-Suomi,Egentliga Finland
03498,Askiston koulu,11,Peruskoulut,0,2025,60.27854,24.776825,092,Vantaa,Vanda,011,Helsinki,Helsingfors,01,Uusimaa,Nyland
07253,"Askolan koulu, alakoulu",11,Peruskoulut,0,2025,60.52671,25.584971,018,Askola,Askola,015,Porvoo,Borgå,01,Uusimaa,Nyland
07251,"Askolan koulu, yläkoulu",11,Peruskoulut,0,2025,60.52671,25.584971,018,Askola,Askola,015,Porvoo,Borgå,01,Uusimaa,Nyland
00009,Askolan lukio,15,Lukiot,0,2025,60.52671,25.584971,018,Askola,Askola,015,Porvoo,Borgå,01,Uusimaa,Nyland
03500,Atalan koulu,11,Peruskoulut,0,2025,61.507996,23.916398,837,Tampere,Tammerfors,064,Tampere,Tammerfors,06,Pirkanmaa,Birkaland
08548,Aunelan koulu,11,Peruskoulut,0,2025,60.45693,22.200665,853,Turku,Åbo,023,Turku,Åbo,02,Varsinais-Suomi,Egentliga Finland
08363,Auran yhtenäiskoulu,11,Peruskoulut,0,2025,60.650413,22.589845,019,Aura,Aura,025,Loimaa,Loimaa,02,Varsinais-Suomi,Egentliga Finland
04021,Auranlaakson koulu,11,Peruskoulut,0,2025,60.448622,22.381392,202,Kaarina,S:t Karins,023,Turku,Åbo,02,Varsinais-Suomi,Egentliga Finland
03851,Aurinkokiven koulu,11,Peruskoulut,0,2025,60.319144,24.8519,092,Vantaa,Vanda,011,Helsinki,Helsingfors,01,Uusimaa,Nyland
03724,Aurinkolahden peruskoulu,11,Peruskoulut,0,2025,60.203473,25.145298,091,Helsinki,Helsingfors,011,Helsinki,Helsingfors,01,Uusimaa,Nyland
03732,Aurinkorinteen koulu,11,Peruskoulut,0,2025,62.837088,27.668611,297,Kuopio,Kuopio,112,Kuopio,Kuopio,11,Pohjois-Savo,Norra Savolax
03911,Aurinkovuoren koulu,11,Peruskoulut,0,2025,61.176479,25.525296,016,Asikkala,Asikkala,071,Lahti,Lahtis,07,Päijät-Häme,Päijänne-Tavastland
03118,Auroran koulu,11,Peruskoulut,0,2025,60.232473,24.713623,235,Kauniainen,Grankulla,011,Helsinki,Helsingfors,01,Uusimaa,Nyland
03814,Auroran koulu,11,Peruskoulut,0,2025,61.422477,21.871372,886,Ulvila,Ulvsby,043,Pori,Björneborg,04,Satakunta,Satakunta
05436,Axåkers skola,11,Peruskoulut,0,2025,63.601313,22.784801,599,Pedersören kunta,Pedersöre,154,Jakobstadsregionen,Jakobstadsregionen,15,Pohjanmaa,Österbotten
07928,Bergö skola,11,Peruskoulut,0,2025,62.973853,21.175889,475,Maalahti,Malax,152,Vaasa,Vasa,15,Pohjanmaa,Österbotten
08856,Billnäs skola,11,Peruskoulut,0,2025,60.081843,23.647718,710,Raasepori,Raseborg,014,Raasepori,Raseborg,01,Uusimaa,Nyland
03392,Björneborgs svenska samskola,19,Perus- ja lukioasteen koulut,0,2025,61.484681,21.789439,609,Pori,Björneborg,043,Pori,Björneborg,04,Satakunta,Satakunta
08758,Bobäcks skola,11,Peruskoulut,0,2025,60.176611,24.54402,257,Kirkkonummi,Kyrkslätt,011,Helsinki,Helsingfors,01,Uusimaa,Nyland
07892,Bonäs-Vestersundsby skola,11,Peruskoulut,0,2025,63.6767,22.672116,598,Pietarsaari,Jakobstad,154,Jakobstadsregionen,Jakobstadsregionen,15,Pohjanmaa,Österbotten
07761,Borgaregatans skola,11,Peruskoulut,0,2025,63.113721,21.632204,905,Vaasa,Vasa,152,Vaasa,Vasa,15,Pohjanmaa,Österbotten
05671,Borgby skola,11,Peruskoulut,0,2025,60.407413,25.308801,753,Sipoo,Sibbo,011,Helsinki,Helsingfors,01,Uusimaa,Nyland
00024,Borgå Gymnasium,15,Lukiot,0,2025,60.390528,25.665915,638,Porvoo,Borgå,015,Porvoo,Borgå,01,Uusimaa,Nyland
05565,Bosund skola,11,Peruskoulut,0,2025,63.819541,22.849826,440,Luoto,Larsmo,154,Jakobstadsregionen,Jakobstadsregionen,15,Pohjanmaa,Österbotten
03104,Botby grundskola,11,Peruskoulut,0,2025,60.218785,25.09143,091,Helsinki,Helsingfors,011,Helsinki,Helsingfors,01,Uusimaa,Nyland
05672,Boxby skola,11,Peruskoulut,0,2025,60.305756,25.390202,753,Sipoo,Sibbo,011,Helsinki,Helsingfors,01,Uusimaa,Nyland
08787,Bromarv skola,11,Peruskoulut,0,2025,59.989716,23.034908,710,Raasepori,Raseborg,014,Raasepori,Raseborg,01,Uusimaa,Nyland
00026,Brändö gymnasium,15,Lukiot,0,2025,60.186023,25.002022,091,Helsinki,Helsingfors,011,Helsinki,Helsingfors,01,Uusimaa,Nyland
06859,Brändö låg- och högstadium,11,Peruskoulut,0,2025,60.419042,21.023319,035,Brändö,Brändö,213,Ålands skärgård,Ålands skärgård,21,Ahvenanmaa,Åland
03059,Brändö lågstadieskola,11,Peruskoulut,0,2025,60.186023,25.002022,091,Helsinki,Helsingfors,011,Helsinki,Helsingfors,01,Uusimaa,Nyland
05630,Bäckby skola,11,Peruskoulut,0,2025,63.624129,23.114472,599,Pedersören kunta,Pedersöre,154,Jakobstadsregionen,Jakobstadsregionen,15,Pohjanmaa,Österbotten
03682,Carea-koulu,12,Peruskouluasteen erityiskoulut,2,2025,60.902025,26.572735,286,Kouvola,Kouvola,081,Kouvola,Kouvola,08,Kymenlaakso,Kymmenedalen
06755,Centralskolan,11,Peruskoulut,0,2025,63.730581,23.034144,288,Kruunupyy,Kronoby,154,Jakobstadsregionen,Jakobstadsregionen,15,Pohjanmaa,Österbotten
06764,Chydenius skola,11,Peruskoulut,0,2025,63.843174,23.145224,272,Kokkola,Karleby,162,Kokkola,Karleby,16,Keski-Pohjanmaa,Mellersta Österbotten
03693,Cronhjelmskolan,11,Peruskoulut,0,2025,63.758433,22.745905,440,Luoto,Larsmo,154,Jakobstadsregionen,Jakobstadsregionen,15,Pohjanmaa,Österbotten
03662,Crusellin peruskoulu,11,Peruskoulut,0,2025,60.162557,24.919354,091,Helsinki,Helsingfors,011,Helsinki,Helsingfors,01,Uusimaa,Nyland
05776,Cygnaeuksen koulu,11,Peruskoulut,0,2025,61.481642,21.789967,609,Pori,Björneborg,043,Pori,Björneborg,04,Satakunta,Satakunta
08808,Cygnaeus skola,11,Peruskoulut,0,2025,60.453192,22.263769,853,Turku,Åbo,023,Turku,Åbo,02,Varsinais-Suomi,Egentliga Finland
04619,Dalsbruks skola,11,Peruskoulut,0,2025,60.023163,22.497159,322,Kemiönsaari,Kimitoön,021,Åboland-Turunmaa,Åboland-Turunmaa,02,Varsinais-Suomi,Egentliga Finland
08777,Degerby skola,11,Peruskoulut,0,2025,60.090575,24.181602,149,Inkoo,Ingå,014,Raasepori,Raseborg,01,Uusimaa,Nyland
03607,Degerö lågstadieskola,11,Peruskoulut,0,2025,60.186774,25.043927,091,Helsinki,Helsingfors,011,Helsinki,Helsingfors,01,Uusimaa,Nyland
03205,Dickursby skola,11,Peruskoulut,0,2025,60.295902,25.058688,092,Vantaa,Vanda,011,Helsinki,Helsingfors,01,Uusimaa,Nyland
06763,Donnerska skolan,11,Peruskoulut,0,2025,63.843184,23.139909,272,Kokkola,Karleby,162,Kokkola,Karleby,16,Keski-Pohjanmaa,Mellersta Österbotten
03061,Drumsö lågstadieskola,11,Peruskoulut,0,2025,60.157571,24.87743,091,Helsinki,Helsingfors,011,Helsinki,Helsingfors,01,Uusimaa,Nyland
06863,Eckerö lågstadium,11,Peruskoulut,0,2025,60.224144,19.55673,043,Eckerö,Eckerö,212,Ålands landsbygd,Ålands landsbygd,21,Ahvenanmaa,Åland
03356,Edsevö skola,11,Peruskoulut,0,2025,63.632028,22.838655,599,Pedersören kunta,Pedersöre,154,Jakobstadsregionen,Jakobstadsregionen,15,Pohjanmaa,Österbotten
03345,Edsevön koulu,11,Peruskoulut,0,2025,63.632028,22.838655,599,Pedersören kunta,Pedersöre,154,Jakobstadsregionen,Jakobstadsregionen,15,Pohjanmaa,Österbotten
06001,Edvin Laineen koulu,11,Peruskoulut,0,2025,63.557635,27.184889,140,Iisalmi,Idensalmi,111,Ylä-Savo,Norra Savolax,11,Pohjois-Savo,Norra Savolax
03563,Eestinkallion koulu,11,Peruskoulut,0,2025,60.318203,24.760637,092,Vantaa,Vanda,011,Helsinki,Helsingfors,01,Uusimaa,Nyland
08025,Ehnroosin koulu,11,Peruskoulut,0,2025,60.630055,25.321959,505,Mäntsälä,Mäntsälä,011,Helsinki,Helsingfors,01,Uusimaa,Nyland
06082,Einari Vuorelan koulu,11,Peruskoulut,0,2025,62.300798,24.804291,249,Keuruu,Keuruu,133,Keuruu,Keuru,13,Keski-Suomi,Mellersta Finland
00316,Eiran aikuislukio,15,Lukiot,0,2025,60.155657,24.9428,091,Helsinki,Helsingfors,011,Helsinki,Helsingfors,01,Uusimaa,Nyland
00036,Ekenäs gymnasium,15,Lukiot,0,2025,59.973502,23.451771,710,Raasepori,Raseborg,014,Raasepori,Raseborg,01,Uusimaa,Nyland
08771,Ekenäs högstadieskola,11,Peruskoulut,0,2025,59.972702,23.447105,710,Raasepori,Raseborg,014,Raasepori,Raseborg,01,Uusimaa,Nyland
07643,Eklöfska skola,11,Peruskoulut,0,2025,60.343444,25.58748,638,Porvoo,Borgå,015,Porvoo,Borgå,01,Uusimaa,Nyland
03540,Elias-koulu,19,Perus- ja lukioasteen koulut,0,2025,60.157337,24.936514,091,Helsinki,Helsingfors,011,Helsinki,Helsingfors,01,Uusimaa,Nyland
07425,Elimäen yhtenäiskoulu,11,Peruskoulut,0,2025,60.721114,26.46106,286,Kouvola,Kouvola,081,Kouvola,Kouvola,08,Kymenlaakso,Kymmenedalen
00037,Elisenvaaran lukio,15,Lukiot,0,2025,60.707616,22.749425,636,Pöytyä,Pöytyä,025,Loimaa,Loimaa,02,Varsinais-Suomi,Egentliga Finland
03864,Elisenvaaran yhtenäiskoulu,11,Peruskoulut,0,2025,60.707616,22.749425,636,Pöytyä,Pöytyä,025,Loimaa,Loimaa,02,Varsinais-Suomi,Egentliga Finland
08878,Elomaan koulu,11,Peruskoulut,0,2025,61.636833,26.784281,097,Hirvensalmi,Hirvensalmi,101,Mikkeli,S:t Michel,10,Etelä-Savo,Södra Savolax
08641,Emäkosken koulu,11,Peruskoulut,0,2025,61.462716,23.497023,536,Nokia,Nokia,064,Tampere,Tammerfors,06,Pirkanmaa,Birkaland
00394,Englantilainen koulu,19,Perus- ja lukioasteen koulut,0,2025,60.193608,24.896011,091,Helsinki,Helsingfors,011,Helsinki,Helsingfors,01,Uusimaa,Nyland
06827,Enon koulu,11,Peruskoulut,0,2025,62.78888,30.15352,167,Joensuu,Joensuu,122,Joensuu,Joensuu,12,Pohjois-Karjala,Norra Karelen
07199,Enonkosken koulu,11,Peruskoulut,0,2025,62.088561,28.918893,046,Enonkoski,Enonkoski,103,Savonlinna,Nyslott,10,Etelä-Savo,Södra Savolax
00497,Enontekiön Erälukio,15,Lukiot,0,2025,68.384926,23.636999,047,Enontekiö,Enontekis,196,Tunturi-Lappi,Tunturi-Lappi,19,Lappi,Lappland
05777,Enäjärven koulu,11,Peruskoulut,0,2025,61.551299,21.631665,609,Pori,Björneborg,043,Pori,Björneborg,04,Satakunta,Satakunta
07619,Epoon koulu,11,Peruskoulut,0,2025,60.349513,25.837793,638,Porvoo,Borgå,015,Porvoo,Borgå,01,Uusimaa,Nyland
06567,Erkkilän koulu,11,Peruskoulut,0,2025,63.970708,25.044672,535,Nivala,Nivala,176,Nivala-Haapajärvi,Nivala-Haapajärvi,17,Pohjois-Pohjanmaa,Norra Österbotten
00594,Erkko-lukio,15,Lukiot,2,2025,60.816518,25.733859,560,Orimattila,Orimattila,071,Lahti,Lahtis,07,Päijät-Häme,Päijänne-Tavastland
07509,Eräjärven koulu,11,Peruskoulut,0,2025,61.572501,24.564809,562,Orivesi,Orivesi,064,Tampere,Tammerfors,06,Pirkanmaa,Birkaland
07438,Eskolanmäen koulu,11,Peruskoulut,0,2025,60.852184,26.709737,286,Kouvola,Kouvola,081,Kouvola,Kouvola,08,Kymenlaakso,Kymmenedalen
03804,Eskon koulu,11,Peruskoulut,0,2025,60.759101,24.914116,086,Hausjärvi,Hausjärvi,052,Riihimäki,Riihimäki,05,Kanta-Häme,Egentliga Tavastland
03728,Espoo International School,11,Peruskoulut,0,2025,60.224781,24.322303,755,Siuntio,Sjundeå,011,Helsinki,Helsingfors,01,Uusimaa,Nyland
03725,Espoon kristillinen koulu,11,Peruskoulut,0,2025,60.161396,24.75108,049,Espoo,Esbo,011,Helsinki,Helsingfors,01,Uusimaa,Nyland
03554,Espoon steinerkoulu,19,Perus- ja lukioasteen koulut,0,2025,60.179465,24.732855,049,Espoo,Esbo,011,Helsinki,Helsingfors,01,Uusimaa,Nyland
00039,Espoon yhteislyseo,15,Lukiot,0,2025,60.210106,24.751443,235,Kauniainen,Grankulla,011,Helsinki,Helsingfors,01,Uusimaa,Nyland
03157,Espoonlahden koulu,11,Peruskoulut,0,2025,60.239081,24.657825,049,Espoo,Esbo,011,Helsinki,Helsingfors,01,Uusimaa,Nyland
00093,Espoonlahden lukio,15,Lukiot,0,2025,60.239081,24.657825,049,Espoo,Esbo,011,Helsinki,Helsingfors,01,Uusimaa,Nyland
03359,Etelä-Hervannan koulu,11,Peruskoulut,0,2025,61.443389,23.850066,837,Tampere,Tammerfors,064,Tampere,Tammerfors,06,Pirkanmaa,Birkaland
03898,Etelä-Nummelan koulu,11,Peruskoulut,0,2025,60.322149,24.313815,927,Vihti,Vichtis,011,Helsinki,Helsingfors,01,Uusimaa,Nyland
03547,Etelä-Pohjanmaan Steiner-koulu,11,Peruskoulut,0,2025,62.772535,22.830268,743,Seinäjoki,Seinäjoki,142,Seinäjoki,Seinäjoki,14,Etelä-Pohjanmaa,Södra Österbotten
00494,Etelä-Tapiolan lukio,15,Lukiot,0,2025,60.179008,24.794684,049,Espoo,Esbo,011,Helsinki,Helsingfors,01,Uusimaa,Nyland
08146,Eteläinen koulu,11,Peruskoulut,0,2025,60.73334,24.764555,694,Riihimäki,Riihimäki,052,Riihimäki,Riihimäki,05,Kanta-Häme,Egentliga Tavastland
08122,Eteläisten koulu,11,Peruskoulut,0,2025,61.072793,24.682052,109,Hämeenlinna,Tavastehus,051,Hämeenlinna,Tavastehus,05,Kanta-Häme,Egentliga Tavastland
08863,Etelänummen koulu,11,Peruskoulut,0,2025,63.671907,22.705622,598,Pietarsaari,Jakobstad,154,Jakobstadsregionen,Jakobstadsregionen,15,Pohjanmaa,Österbotten
00845,Etu-Töölön lukio,15,Lukiot,0,2025,60.171234,24.922248,091,Helsinki,Helsingfors,011,Helsinki,Helsingfors,01,Uusimaa,Nyland
00042,Eurajoen lukio,15,Lukiot,0,2025,61.211972,21.756373,051,Eurajoki,Euraåminne,041,Rauma,Raumo,04,Satakunta,Satakunta
08793,Eurajoen yhteiskoulu,11,Peruskoulut,0,2025,61.211972,21.756373,051,Eurajoki,Euraåminne,041,Rauma,Raumo,04,Satakunta,Satakunta
00043,Euran lukio,15,Lukiot,0,2025,61.126209,22.133042,050,Eura,Eura,041,Rauma,Raumo,04,Satakunta,Satakunta
08365,Euran yhteiskoulu,11,Peruskoulut,0,2025,61.124552,22.130973,050,Eura,Eura,041,Rauma,Raumo,04,Satakunta,Satakunta
05076,Europaeuksen koulu,11,Peruskoulut,0,2025,61.195787,27.695324,739,Savitaipale,Savitaipale,091,Lappeenranta,Villmanstrand,09,Etelä-Karjala,Södra Karelen
05814,Evijärven keskikoulu,11,Peruskoulut,0,2025,63.360148,23.45652,052,Evijärvi,Evijärvi,146,Järviseutu,Järviseutu,14,Etelä-Pohjanmaa,Södra Österbotten
00044,Evijärven lukio,15,Lukiot,0,2025,63.360148,23.45652,052,Evijärvi,Evijärvi,146,Järviseutu,Järviseutu,14,Etelä-Pohjanmaa,Södra Österbotten
00099,F. E. Sillanpään lukio,15,Lukiot,0,2025,61.650265,23.188101,108,Hämeenkyrö,Tavastkyro,064,Tampere,Tammerfors,06,Pirkanmaa,Birkaland
03733,Finno skola,11,Peruskoulut,0,2025,60.16247,24.699528,049,Espoo,Esbo,011,Helsinki,Helsingfors,01,Uusimaa,Nyland
08064,Fiskarin koulu,11,Peruskoulut,0,2025,60.128731,23.551343,710,Raasepori,Raseborg,014,Raasepori,Raseborg,01,Uusimaa,Nyland
05429,Forsby skola,11,Peruskoulut,0,2025,63.568703,22.8801,599,Pedersören kunta,Pedersöre,154,Jakobstadsregionen,Jakobstadsregionen,15,Pohjanmaa,Österbotten
07219,Forsby skola,11,Peruskoulut,0,2025,60.494759,25.936935,434,Loviisa,Lovisa,016,Loviisa,Lovisa,01,Uusimaa,Nyland
00058,Forssan yhteislyseo,15,Lukiot,0,2025,60.81306,23.633661,061,Forssa,Forssa,053,Forssa,Forssa,05,Kanta-Häme,Egentliga Tavastland
03808,Fredrika-koulu,11,Peruskoulut,0,2025,60.396004,25.665691,638,Porvoo,Borgå,015,Porvoo,Borgå,01,Uusimaa,Nyland
03119,Friisilän koulu,11,Peruskoulut,0,2025,60.198604,24.6813,235,Kauniainen,Grankulla,011,Helsinki,Helsingfors,01,Uusimaa,Nyland
04024,Friisilän koulu,11,Peruskoulut,0,2025,60.483684,22.155309,680,Raisio,Reso,023,Turku,Åbo,02,Varsinais-Suomi,Egentliga Finland
08339,Friitalan koulu,11,Peruskoulut,0,2025,61.423715,21.872709,886,Ulvila,Ulvsby,043,Pori,Björneborg,04,Satakunta,Satakunta
05256,Frosteruksen koulu,11,Peruskoulut,0,2025,63.976835,25.769529,317,Kärsämäki,Kärsämäki,176,Nivala-Haapajärvi,Nivala-Haapajärvi,17,Pohjois-Pohjanmaa,Norra Österbotten
06867,Föglö grundskola,11,Peruskoulut,0,2025,60.027906,20.389975,062,Föglö,Föglö,213,Ålands skärgård,Ålands skärgård,21,Ahvenanmaa,Åland
04503,Gananderin koulu,11,Peruskoulut,0,2025,64.506797,25.645482,791,Siikalatva,Siikalatva,175,Haapavesi-Siikalatva,Haapavesi-Siikalatva,17,Pohjois-Pohjanmaa,Norra Österbotten
07236,Generalshagens skola,11,Peruskoulut,0,2025,60.457203,26.233494,434,Loviisa,Lovisa,016,Loviisa,Lovisa,01,Uusimaa,Nyland
07763,Gerby skola,11,Peruskoulut,0,2025,63.136405,21.594333,905,Vaasa,Vasa,152,Vaasa,Vasa,15,Pohjanmaa,Österbotten
08622,Gesterbyn koulu,11,Peruskoulut,0,2025,60.133154,24.440861,257,Kirkkonummi,Kyrkslätt,011,Helsinki,Helsingfors,01,Uusimaa,Nyland
06868,Geta lågstadium,11,Peruskoulut,0,2025,60.376083,19.847697,065,Geta,Geta,212,Ålands landsbygd,Ålands landsbygd,21,Ahvenanmaa,Åland
06865,Godby högstadium,11,Peruskoulut,0,2025,60.223427,19.97954,060,Finström,Finström,212,Ålands landsbygd,Ålands landsbygd,21,Ahvenanmaa,Åland
03175,Granhultsskolan,11,Peruskoulut,1,2025,60.216698,24.712989,235,Kauniainen,Grankulla,011,Helsinki,Helsingfors,01,Uusimaa,Nyland
03105,Grundskolan Norsen,11,Peruskoulut,0,2025,60.163278,24.951227,091,Helsinki,Helsingfors,011,Helsinki,Helsingfors,01,Uusimaa,Nyland
03910,Grundskolan i Grankulla,11,Peruskoulut,0,2025,60.216698,24.712989,235,Kauniainen,Grankulla,011,Helsinki,Helsingfors,01,Uusimaa,Nyland
07634,Grännäs skola,11,Peruskoulut,0,2025,60.289841,25.864044,638,Porvoo,Borgå,015,Porvoo,Borgå,01,Uusimaa,Nyland
05673,Gumbostrands skola,11,Peruskoulut,0,2025,60.256474,25.294165,753,Sipoo,Sibbo,011,Helsinki,Helsingfors,01,Uusimaa,Nyland
03335,Gumeruksen koulu,11,Peruskoulut,0,2025,64.809795,24.77475,748,Siikajoki,Siikajoki,174,Raahe,Brahestad,17,Pohjois-Pohjanmaa,Norra Österbotten
00062,Gymnasiet Grankulla samskola,15,Lukiot,0,2025,60.213915,24.723003,235,Kauniainen,Grankulla,011,Helsinki,Helsingfors,01,Uusimaa,Nyland
00561,Gymnasiet Lärkan,15,Lukiot,0,2025,60.219185,24.876101,091,Helsinki,Helsingfors,011,Helsinki,Helsingfors,01,Uusimaa,Nyland
00438,Gymnasiet i Petalax,15,Lukiot,0,2025,62.842016,21.430106,475,Maalahti,Malax,152,Vaasa,Vasa,15,Pohjanmaa,Österbotten
03116,H:gin Juutalainen Yhteiskoulu,11,Peruskoulut,0,2025,60.167233,24.928323,091,Helsinki,Helsingfors,011,Helsinki,Helsingfors,01,Uusimaa,Nyland
00084,H:gin ransk.-suom. koulu,19,Perus- ja lukioasteen koulut,0,2025,60.207682,24.870655,091,Helsinki,Helsingfors,011,Helsinki,Helsingfors,01,Uusimaa,Nyland
00842,HY Viikin normaalikoulu,19,Perus- ja lukioasteen koulut,0,2025,60.227835,25.029724,091,Helsinki,Helsingfors,011,Helsinki,Helsingfors,01,Uusimaa,Nyland
03004,Haagan peruskoulu,11,Peruskoulut,0,2025,63.447882,24.179886,074,Halsua,Halsua,161,Kaustinen,Kaustby,16,Keski-Pohjanmaa,Mellersta Österbotten
07405,Haapa-Kimolan koulu,11,Peruskoulut,0,2025,60.799398,26.311927,142,Iitti,Iitti,071,Lahti,Lahtis,07,Päijät-Häme,Päijänne-Tavastland
08144,Haapahuhdan koulu,11,Peruskoulut,1,2025,60.765878,24.78223,694,Riihimäki,Riihimäki,052,Riihimäki,Riihimäki,05,Kanta-Häme,Egentliga Tavastland
06488,Haapajoen koulu,11,Peruskoulut,0,2025,64.602889,24.420376,678,Raahe,Brahestad,174,Raahe,Brahestad,17,Pohjois-Pohjanmaa,Norra Österbotten
00065,Haapajärven lukio,15,Lukiot,0,2025,63.748962,25.319993,069,Haapajärvi,Haapajärvi,176,Nivala-Haapajärvi,Nivala-Haapajärvi,17,Pohjois-Pohjanmaa,Norra Österbotten
06463,Haapajärven yläaste,11,Peruskoulut,0,2025,63.758175,25.321006,069,Haapajärvi,Haapajärvi,176,Nivala-Haapajärvi,Nivala-Haapajärvi,17,Pohjois-Pohjanmaa,Norra Österbotten
06789,Haapakosken koulu,11,Peruskoulut,0,2025,62.966741,23.105747,408,Lapua,Lappo,142,Seinäjoki,Seinäjoki,14,Etelä-Pohjanmaa,Södra Österbotten
06568,Haapalan koulu,11,Peruskoulut,0,2025,63.889989,25.023887,535,Nivala,Nivala,176,Nivala-Haapajärvi,Nivala-Haapajärvi,17,Pohjois-Pohjanmaa,Norra Österbotten
06077,Haapamäen yhteiskoulu,11,Peruskoulut,0,2025,62.244372,24.4398,249,Keuruu,Keuruu,133,Keuruu,Keuru,13,Keski-Suomi,Mellersta Finland
04845,Haapaniemen koulu,11,Peruskoulut,0,2025,63.085221,25.851174,931,Viitasaari,Viitasaari,138,Saarijärvi-Viitasaari,Saarijärvi-Viitasaari,13,Keski-Suomi,Mellersta Finland
07532,Haapaniemen koulu,11,Peruskoulut,0,2025,62.884247,27.666734,297,Kuopio,Kuopio,112,Kuopio,Kuopio,11,Pohjois-Savo,Norra Savolax
00067,Haapaveden lukio,15,Lukiot,0,2025,64.140799,25.381567,071,Haapavesi,Haapavesi,175,Haapavesi-Siikalatva,Haapavesi-Siikalatva,17,Pohjois-Pohjanmaa,Norra Österbotten
05170,Haapaveden yläkoulu,11,Peruskoulut,0,2025,64.140799,25.381567,071,Haapavesi,Haapavesi,175,Haapavesi-Siikalatva,Haapavesi-Siikalatva,17,Pohjois-Pohjanmaa,Norra Österbotten
08104,Haarajoen koulu,11,Peruskoulut,0,2025,60.49758,25.145997,186,Järvenpää,Träskända,011,Helsinki,Helsingfors,01,Uusimaa,Nyland
03760,Haarlan koulu,11,Peruskoulut,0,2025,60.393929,22.218105,853,Turku,Åbo,023,Turku,Åbo,02,Varsinais-Suomi,Egentliga Finland
03387,Haga skola,11,Peruskoulut,0,2025,63.08171,21.723322,905,Vaasa,Vasa,152,Vaasa,Vasa,15,Pohjanmaa,Österbotten
03177,Hagelstamska skolan,11,Peruskoulut,1,2025,60.213915,24.723003,235,Kauniainen,Grankulla,011,Helsinki,Helsingfors,01,Uusimaa,Nyland
06569,Haikaran koulu,11,Peruskoulut,0,2025,63.925842,24.855153,535,Nivala,Nivala,176,Nivala-Haapajärvi,Nivala-Haapajärvi,17,Pohjois-Pohjanmaa,Norra Österbotten
03334,Hailuodon peruskoulu,11,Peruskoulut,0,2025,65.009676,24.713082,072,Hailuoto,Karlö,171,Oulu,Uleåborg,17,Pohjois-Pohjanmaa,Norra Österbotten
08606,Haimoon koulu,11,Peruskoulut,0,2025,60.465948,24.495875,927,Vihti,Vichtis,011,Helsinki,Helsingfors,01,Uusimaa,Nyland
08378,Hajalan koulu,11,Peruskoulut,0,2025,60.416576,22.948152,734,Salo,Salo,022,Salo,Salo,02,Varsinais-Suomi,Egentliga Finland
05850,Hakalahden koulu,11,Peruskoulut,1,2025,63.844583,23.149225,272,Kokkola,Karleby,162,Kokkola,Karleby,16,Keski-Pohjanmaa,Mellersta Österbotten
03656,Hakalan koulu,11,Peruskoulut,2,2025,60.501949,26.957237,285,Kotka,Kotka,082,Kotka-Hamina,Kotka-Fredrikshamn,08,Kymenlaakso,Kymmenedalen
03511,Hakalantalon koulu,11,Peruskoulut,0,2025,60.615338,24.869842,106,Hyvinkää,Hyvinge,011,Helsinki,Helsingfors,01,Uusimaa,Nyland
03287,Hakametsän koulu,11,Peruskoulut,0,2025,60.798522,21.431672,895,Uusikaupunki,Nystad,024,Vakka-Suomi,Nystadsregionen,02,Varsinais-Suomi,Egentliga Finland
08886,Hakarinteen koulu,11,Peruskoulut,0,2025,59.970004,23.44804,710,Raasepori,Raseborg,014,Raasepori,Raseborg,01,Uusimaa,Nyland
03665,Hakastaron koulu,12,Peruskouluasteen erityiskoulut,0,2025,60.387807,23.138432,734,Salo,Salo,022,Salo,Salo,02,Varsinais-Suomi,Egentliga Finland
08153,Hakkalan koulu,11,Peruskoulut,0,2025,61.082363,25.005769,109,Hämeenlinna,Tavastehus,051,Hämeenlinna,Tavastehus,05,Kanta-Häme,Egentliga Tavastland
08710,Hakkarin koulu,11,Peruskoulut,0,2025,61.339199,23.748899,418,Lempäälä,Lempäälä,064,Tampere,Tammerfors,06,Pirkanmaa,Birkaland
04514,Hakojärven koulu,11,Peruskoulut,1,2025,62.605688,23.908487,010,Alavus,Alavus,144,Kuusiokunnat,Kuusiokunnat,14,Etelä-Pohjanmaa,Södra Österbotten
00454,Halikon lukio,15,Lukiot,0,2025,60.40644,23.078195,734,Salo,Salo,022,Salo,Salo,02,Varsinais-Suomi,Egentliga Finland
08870,Halkokarin koulu,11,Peruskoulut,0,2025,63.859024,23.13034,272,Kokkola,Karleby,162,Kokkola,Karleby,16,Keski-Pohjanmaa,Mellersta Österbotten
06949,Halkosaaren koulu,11,Peruskoulut,0,2025,62.864735,22.757892,743,Seinäjoki,Seinäjoki,142,Seinäjoki,Seinäjoki,14,Etelä-Pohjanmaa,Södra Österbotten
05101,Halssilan koulu,11,Peruskoulut,0,2025,62.241854,25.795099,179,Jyväskylä,Jyväskylä,131,Jyväskylä,Jyväskylä,13,Keski-Suomi,Mellersta Finland
03521,Halsuan Yhtenäiskoulu,11,Peruskoulut,0,2025,63.457434,24.172884,074,Halsua,Halsua,161,Kaustinen,Kaustby,16,Keski-Pohjanmaa,Mellersta Österbotten
07620,Hamarin koulu,11,Peruskoulut,0,2025,60.365368,25.638587,638,Porvoo,Borgå,015,Porvoo,Borgå,01,Uusimaa,Nyland
07784,Haminan koulu,11,Peruskoulut,0,2025,65.322059,25.373929,139,Ii,Ii,173,Oulunkaari,Oulunkaari,17,Pohjois-Pohjanmaa,Norra Österbotten
00071,Haminan lukio,15,Lukiot,0,2025,60.567039,27.209156,075,Hamina,Fredrikshamn,082,Kotka-Hamina,Kotka-Fredrikshamn,08,Kymenlaakso,Kymmenedalen
07736,Hamulan koulu,11,Peruskoulut,0,2025,63.077041,27.613697,749,Siilinjärvi,Siilinjärvi,112,Kuopio,Kuopio,11,Pohjois-Savo,Norra Savolax
08079,Hangonkylän koulu,11,Peruskoulut,0,2025,59.834861,22.942674,078,Hanko,Hangö,014,Raasepori,Raseborg,01,Uusimaa,Nyland
08755,Hangö centralskola,11,Peruskoulut,0,2025,59.829804,22.967078,078,Hanko,Hangö,014,Raasepori,Raseborg,01,Uusimaa,Nyland
00073,Hangö gymnasium,15,Lukiot,0,2025,59.825421,22.97193,078,Hanko,Hangö,014,Raasepori,Raseborg,01,Uusimaa,Nyland
08754,Hangö högstadium,11,Peruskoulut,0,2025,59.825421,22.97193,078,Hanko,Hangö,014,Raasepori,Raseborg,01,Uusimaa,Nyland
08756,Hangöby skola,11,Peruskoulut,0,2025,59.834861,22.942674,078,Hanko,Hangö,014,Raasepori,Raseborg,01,Uusimaa,Nyland
08249,Hanhijoen koulu,11,Peruskoulut,0,2025,60.461215,22.733569,577,Paimio,Pemar,023,Turku,Åbo,02,Varsinais-Suomi,Egentliga Finland
00103,Hankasalmen lukio,15,Lukiot,0,2025,62.386698,26.431793,077,Hankasalmi,Hankasalmi,131,Jyväskylä,Jyväskylä,13,Keski-Suomi,Mellersta Finland
00072,Hankoniemen lukio,15,Lukiot,0,2025,59.830534,22.960703,078,Hanko,Hangö,014,Raasepori,Raseborg,01,Uusimaa,Nyland
08078,Hankoniemen yläaste,11,Peruskoulut,0,2025,59.831258,22.960866,078,Hanko,Hangö,014,Raasepori,Raseborg,01,Uusimaa,Nyland
04370,Hannulan koulu,11,Peruskoulut,0,2025,65.839947,24.176125,851,Tornio,Torneå,192,Kemi-Tornio,Kemi-Torneå,19,Lappi,Lappland
08549,Hannunniitun koulu,11,Peruskoulut,0,2025,60.457431,22.324596,853,Turku,Åbo,023,Turku,Åbo,02,Varsinais-Suomi,Egentliga Finland
03120,Hansakallion koulu,11,Peruskoulut,0,2025,60.190252,24.59225,049,Espoo,Esbo,011,Helsinki,Helsingfors,01,Uusimaa,Nyland
03507,Harakkamäen koulu,11,Peruskoulut,0,2025,64.693466,24.584624,678,Raahe,Brahestad,174,Raahe,Brahestad,17,Pohjois-Pohjanmaa,Norra Österbotten
00074,Harjavallan lukio,15,Lukiot,0,2025,61.31234,22.150249,079,Harjavalta,Harjavalta,043,Pori,Björneborg,04,Satakunta,Satakunta
03752,Harjulan koulu,11,Peruskoulut,0,2025,60.367843,24.733254,543,Nurmijärvi,Nurmijärvi,011,Helsinki,Helsingfors,01,Uusimaa,Nyland
08105,Harjulan koulu,11,Peruskoulut,0,2025,60.473218,25.075868,186,Järvenpää,Träskända,011,Helsinki,Helsingfors,01,Uusimaa,Nyland
06222,Harjun koulu,11,Peruskoulut,0,2025,62.294037,27.133579,593,Pieksämäki,Pieksämäki,105,Pieksämäki,Pieksämäki,10,Etelä-Savo,Södra Savolax
07800,Harjun peruskoulu,11,Peruskoulut,2,2025,60.980521,25.656616,398,Lahti,Lahtis,071,Lahti,Lahtis,07,Päijät-Häme,Päijänne-Tavastland
03840,Harjuniityn koulu,11,Peruskoulut,0,2025,61.471839,23.451621,536,Nokia,Nokia,064,Tampere,Tammerfors,06,Pirkanmaa,Birkaland
08340,Harjunpään koulu,11,Peruskoulut,0,2025,61.498577,21.910041,886,Ulvila,Ulvsby,043,Pori,Björneborg,04,Satakunta,Satakunta
08141,Harjunrinteen koulu,11,Peruskoulut,0,2025,60.739189,24.767377,694,Riihimäki,Riihimäki,052,Riihimäki,Riihimäki,05,Kanta-Häme,Egentliga Tavastland
07239,Harjurinteen koulu,11,Peruskoulut,0,2025,60.456594,26.218309,434,Loviisa,Lovisa,016,Loviisa,Lovisa,01,Uusimaa,Nyland
07204,Hartolan Yhtenäiskoulu,11,Peruskoulut,0,2025,61.573351,26.014966,081,Hartola,Hartola,071,Lahti,Lahtis,07,Päijät-Häme,Päijänne-Tavastland
08170,Harvialan koulu,11,Peruskoulut,0,2025,60.957526,24.605342,165,Janakkala,Janakkala,051,Hämeenlinna,Tavastehus,05,Kanta-Häme,Egentliga Tavastland
08655,Hatanpään koulu,11,Peruskoulut,0,2025,61.475381,23.762952,837,Tampere,Tammerfors,064,Tampere,Tammerfors,06,Pirkanmaa,Birkaland
07522,Hatsalan klassillinen koulu,11,Peruskoulut,0,2025,62.897418,27.65639,297,Kuopio,Kuopio,112,Kuopio,Kuopio,11,Pohjois-Savo,Norra Savolax
06142,Hatsolan koulu,11,Peruskoulut,0,2025,61.861493,27.75936,178,Juva,Juva,105,Pieksämäki,Pieksämäki,10,Etelä-Savo,Södra Savolax
03777,Hauhon Yhtenäiskoulu,11,Peruskoulut,0,2025,61.167868,24.576164,109,Hämeenlinna,Tavastehus,051,Hämeenlinna,Tavastehus,05,Kanta-Häme,Egentliga Tavastland
08180,Haukankallion koulu,12,Peruskouluasteen erityiskoulut,0,2025,60.862488,24.707978,165,Janakkala,Janakkala,051,Hämeenlinna,Tavastehus,05,Kanta-Häme,Egentliga Tavastland
03158,Haukilahden koulu,11,Peruskoulut,0,2025,60.166304,24.766659,049,Espoo,Esbo,011,Helsinki,Helsingfors,01,Uusimaa,Nyland
00040,Haukilahden lukio,15,Lukiot,0,2025,60.180943,24.825374,049,Espoo,Esbo,011,Helsinki,Helsingfors,01,Uusimaa,Nyland
04408,Haukiputaan koulu,11,Peruskoulut,0,2025,65.174649,25.364993,564,Oulu,Uleåborg,171,Oulu,Uleåborg,17,Pohjois-Pohjanmaa,Norra Österbotten
00076,Haukiputaan lukio,15,Lukiot,0,2025,65.17655,25.337907,564,Oulu,Uleåborg,171,Oulu,Uleåborg,17,Pohjois-Pohjanmaa,Norra Österbotten
06137,Haukivuoren yhtenäiskoulu,11,Peruskoulut,0,2025,62.020116,27.211791,491,Mikkeli,S:t Michel,101,Mikkeli,S:t Michel,10,Etelä-Savo,Södra Savolax
08728,Haukkamäen koulu,11,Peruskoulut,0,2025,60.529187,24.194166,224,Karkkila,Högfors,011,Helsinki,Helsingfors,01,Uusimaa,Nyland
00077,Hausjärven lukio,15,Lukiot,0,2025,60.793846,25.032221,086,Hausjärvi,Hausjärvi,052,Riihimäki,Riihimäki,05,Kanta-Häme,Egentliga Tavastland
06534,Hausjärven yhtenäiskoulu,11,Peruskoulut,0,2025,60.794141,25.034573,086,Hausjärvi,Hausjärvi,052,Riihimäki,Riihimäki,05,Kanta-Häme,Egentliga Tavastland
03499,Havukosken koulu,11,Peruskoulut,0,2025,60.318585,25.078184,092,Vantaa,Vanda,011,Helsinki,Helsingfors,01,Uusimaa,Nyland
08185,Heikan koulu,11,Peruskoulut,0,2025,60.821451,23.648642,061,Forssa,Forssa,053,Forssa,Forssa,05,Kanta-Häme,Egentliga Tavastland
03420,Heikkilän koulu,11,Peruskoulut,0,2025,60.130114,24.469622,257,Kirkkonummi,Kyrkslätt,011,Helsinki,Helsingfors,01,Uusimaa,Nyland
05686,Heinijärven koulu,11,Peruskoulut,0,2025,61.595781,23.187523,108,Hämeenkyrö,Tavastkyro,064,Tampere,Tammerfors,06,Pirkanmaa,Birkaland
00078,Heinolan lukio,15,Lukiot,0,2025,61.203992,26.03365,111,Heinola,Heinola,071,Lahti,Lahtis,07,Päijät-Häme,Päijänne-Tavastland
07373,Heinsuon koulu,11,Peruskoulut,0,2025,60.991138,25.514798,098,Hollola,Hollola,071,Lahti,Lahtis,07,Päijät-Häme,Päijänne-Tavastland
08171,Heinäjoen koulu,11,Peruskoulut,0,2025,60.943069,24.732188,165,Janakkala,Janakkala,051,Hämeenlinna,Tavastehus,05,Kanta-Häme,Egentliga Tavastland
05921,Heinävaaran koulu,11,Peruskoulut,0,2025,62.552019,30.183637,167,Joensuu,Joensuu,122,Joensuu,Joensuu,12,Pohjois-Karjala,Norra Karelen
00080,Heinäveden lukio,15,Lukiot,0,2025,62.425406,28.627139,090,Heinävesi,Heinävesi,122,Joensuu,Joensuu,12,Pohjois-Karjala,Norra Karelen
07277,Heinäveden yläkoulu,11,Peruskoulut,0,2025,62.425406,28.627139,090,Heinävesi,Heinävesi,122,Joensuu,Joensuu,12,Pohjois-Karjala,Norra Karelen
04996,Heituinlahden koulu,11,Peruskoulut,1,2025,61.127679,27.512343,739,Savitaipale,Savitaipale,091,Lappeenranta,Villmanstrand,09,Etelä-Karjala,Södra Karelen
06506,Helilän koulu,11,Peruskoulut,0,2025,60.518627,26.927744,285,Kotka,Kotka,082,Kotka-Hamina,Kotka-Fredrikshamn,08,Kymenlaakso,Kymmenedalen
06790,Hellanmaan koulu,11,Peruskoulut,0,2025,63.037328,22.839477,408,Lapua,Lappo,142,Seinäjoki,Seinäjoki,14,Etelä-Pohjanmaa,Södra Österbotten
07869,Helsingby skola,11,Peruskoulut,0,2025,63.024647,21.808326,499,Mustasaari,Korsholm,152,Vaasa,Vasa,15,Pohjanmaa,Österbotten
00107,Helsinge gymnasium,15,Lukiot,0,2025,60.282289,24.98121,092,Vantaa,Vanda,011,Helsinki,Helsingfors,01,Uusimaa,Nyland
03222,Helsinge skola,11,Peruskoulut,0,2025,60.282289,24.98121,092,Vantaa,Vanda,011,Helsinki,Helsingfors,01,Uusimaa,Nyland
00670,Helsingin  kielilukio,15,Lukiot,0,2025,60.224932,25.074263,091,Helsinki,Helsingfors,011,Helsinki,Helsingfors,01,Uusimaa,Nyland
03638,Helsingin Kristillinen koulu,11,Peruskoulut,0,2025,60.249576,24.98523,091,Helsinki,Helsingfors,011,Helsinki,Helsingfors,01,Uusimaa,Nyland
03861,Helsingin Montessori-koulu,11,Peruskoulut,0,2025,60.209202,25.043963,091,Helsinki,Helsingfors,011,Helsinki,Helsingfors,01,Uusimaa,Nyland
00729,Helsingin Rudolf Steiner -koulu,19,Perus- ja lukioasteen koulut,0,2025,60.196443,24.906023,091,Helsinki,Helsingfors,011,Helsinki,Helsingfors,01,Uusimaa,Nyland
03393,Helsingin Suomalainen Yhteiskoulu,19,Perus- ja lukioasteen koulut,0,2025,60.215388,24.89198,091,Helsinki,Helsingfors,011,Helsinki,Helsingfors,01,Uusimaa,Nyland
03394,Helsingin Uusi yhteiskoulu,19,Perus- ja lukioasteen koulut,0,2025,60.238002,24.999706,091,Helsinki,Helsingfors,011,Helsinki,Helsingfors,01,Uusimaa,Nyland
03782,Helsingin eurooppalainen koulu,19,Perus- ja lukioasteen koulut,0,2025,60.164591,24.938601,091,Helsinki,Helsingfors,011,Helsinki,Helsingfors,01,Uusimaa,Nyland
00088,Helsingin kuvataidelukio,15,Lukiot,0,2025,60.185872,24.958476,091,Helsinki,Helsingfors,011,Helsinki,Helsingfors,01,Uusimaa,Nyland
00081,Helsingin luonnontiedelukio,15,Lukiot,0,2025,60.205586,24.966021,091,Helsinki,Helsingfors,011,Helsinki,Helsingfors,01,Uusimaa,Nyland
00648,Helsingin medialukio,15,Lukiot,0,2025,60.26983,25.030743,091,Helsinki,Helsingfors,011,Helsinki,Helsingfors,01,Uusimaa,Nyland
00083,Helsingin normaalilyseo,19,Perus- ja lukioasteen koulut,0,2025,60.162818,24.944119,091,Helsinki,Helsingfors,011,Helsinki,Helsingfors,01,Uusimaa,Nyland
00085,Helsingin saksalainen koulu,19,Perus- ja lukioasteen koulut,0,2025,60.167084,24.931956,091,Helsinki,Helsingfors,011,Helsinki,Helsingfors,01,Uusimaa,Nyland
03395,Helsingin yhteislyseo,19,Perus- ja lukioasteen koulut,0,2025,60.230905,25.089786,091,Helsinki,Helsingfors,011,Helsinki,Helsingfors,01,Uusimaa,Nyland
04027,Henrikin yhtenäiskoulu,11,Peruskoulut,0,2025,60.602381,22.08683,538,Nousiainen,Nousis,023,Turku,Åbo,02,Varsinais-Suomi,Egentliga Finland
08550,Hepokullan koulu,11,Peruskoulut,0,2025,60.476379,22.246825,853,Turku,Åbo,023,Turku,Åbo,02,Varsinais-Suomi,Egentliga Finland
03585,Hepolan koulu,11,Peruskoulut,0,2025,60.641814,25.303737,505,Mäntsälä,Mäntsälä,011,Helsinki,Helsingfors,01,Uusimaa,Nyland
06855,Hepolan koulu,11,Peruskoulut,0,2025,65.68322,24.666109,240,Kemi,Kemi,192,Kemi-Tornio,Kemi-Torneå,19,Lappi,Lappland
08145,Herajoen koulu,11,Peruskoulut,0,2025,60.712491,24.740322,694,Riihimäki,Riihimäki,052,Riihimäki,Riihimäki,05,Kanta-Häme,Egentliga Tavastland
05882,Herman Ojalan koulu,11,Peruskoulut,0,2025,63.768708,24.248406,849,Toholampi,Toholampi,161,Kaustinen,Kaustby,16,Keski-Pohjanmaa,Mellersta Österbotten
08521,Hermannin koulu,11,Peruskoulut,0,2025,60.384443,23.132202,734,Salo,Salo,022,Salo,Salo,02,Varsinais-Suomi,Egentliga Finland
05997,Hernejärven koulu,11,Peruskoulut,0,2025,63.539535,27.465351,140,Iisalmi,Idensalmi,111,Ylä-Savo,Norra Savolax,11,Pohjois-Savo,Norra Savolax
07048,Herralan koulu,11,Peruskoulut,0,2025,62.735788,22.570753,145,Ilmajoki,Ilmajoki,142,Seinäjoki,Seinäjoki,14,Etelä-Pohjanmaa,Södra Österbotten
07374,Herralan koulu,11,Peruskoulut,0,2025,60.900456,25.469693,098,Hollola,Hollola,071,Lahti,Lahtis,07,Päijät-Häme,Päijänne-Tavastland
03005,Hertsikan ala-aste,11,Peruskoulut,0,2025,60.203609,25.035057,091,Helsinki,Helsingfors,011,Helsinki,Helsingfors,01,Uusimaa,Nyland
03664,Hertton.rannan ala-asteen koul,11,Peruskoulut,0,2025,60.190553,25.032248,091,Helsinki,Helsingfors,011,Helsinki,Helsingfors,01,Uusimaa,Nyland
03396,Herttoniemen yhteiskoulu,19,Perus- ja lukioasteen koulut,0,2025,60.206455,25.03615,091,Helsinki,Helsingfors,011,Helsinki,Helsingfors,01,Uusimaa,Nyland
04026,Hetan peruskoulu,11,Peruskoulut,0,2025,68.384926,23.636999,047,Enontekiö,Enontekis,196,Tunturi-Lappi,Tunturi-Lappi,19,Lappi,Lappland
08219,Hevospitäjän yhtenäiskoulu,11,Peruskoulut,0,2025,60.804205,23.300732,981,Ypäjä,Ypäjä,053,Forssa,Forssa,05,Kanta-Häme,Egentliga Tavastland
06221,Hiekanpään koulu,11,Peruskoulut,0,2025,62.303086,27.133547,593,Pieksämäki,Pieksämäki,105,Pieksämäki,Pieksämäki,10,Etelä-Savo,Södra Savolax
03179,Hiekkaharjun koulu,11,Peruskoulut,0,2025,60.308363,25.035737,092,Vantaa,Vanda,011,Helsinki,Helsingfors,01,Uusimaa,Nyland
03605,Hietakummun ala-asteen koulu,11,Peruskoulut,0,2025,60.247031,25.01661,091,Helsinki,Helsingfors,011,Helsinki,Helsingfors,01,Uusimaa,Nyland
06965,Hietalahden koulu,11,Peruskoulut,0,2025,63.085954,21.641506,905,Vaasa,Vasa,152,Vaasa,Vasa,15,Pohjanmaa,Österbotten
04914,Hietaman koulu,11,Peruskoulut,0,2025,62.59922,25.586089,992,Äänekoski,Äänekoski,135,Äänekoski,Äänekoski,13,Keski-Suomi,Mellersta Finland
05340,Hietaperän koulu,11,Peruskoulut,1,2025,64.19319,29.165668,290,Kuhmo,Kuhmo,181,Kehys-Kainuu,Kehys-Kainuu,18,Kainuu,Kajanaland
06106,Hietasyrjän koulu,11,Peruskoulut,0,2025,62.499284,25.972389,410,Laukaa,Laukaa,131,Jyväskylä,Jyväskylä,13,Keski-Suomi,Mellersta Finland
03092,Hiidenkiven peruskoulu,11,Peruskoulut,0,2025,60.263158,25.020551,091,Helsinki,Helsingfors,011,Helsinki,Helsingfors,01,Uusimaa,Nyland
07248,Hilda Käkikosken koulu,11,Peruskoulut,0,2025,60.626241,26.207354,407,Lapinjärvi,Lappträsk,016,Loviisa,Lovisa,01,Uusimaa,Nyland
04051,Hillatien koulu,11,Peruskoulut,0,2025,66.710922,27.42572,320,Kemijärvi,Kemijärvi,194,Itä-Lappi,Östra Lappland,19,Lappi,Lappland
07533,Hiltulanlahden koulu,11,Peruskoulut,0,2025,62.807017,27.605538,297,Kuopio,Kuopio,112,Kuopio,Kuopio,11,Pohjois-Savo,Norra Savolax
07635,Hindhår skola,11,Peruskoulut,0,2025,60.39899,25.469202,638,Porvoo,Borgå,015,Porvoo,Borgå,01,Uusimaa,Nyland
08366,Hinnerjoen koulu,11,Peruskoulut,0,2025,60.995048,21.984,050,Eura,Eura,041,Rauma,Raumo,04,Satakunta,Satakunta
06329,Hintan koulu,11,Peruskoulut,0,2025,65.026342,25.534292,564,Oulu,Uleåborg,171,Oulu,Uleåborg,17,Pohjois-Pohjanmaa,Norra Österbotten
07621,Hinthaaran koulu,11,Peruskoulut,0,2025,60.39899,25.469202,638,Porvoo,Borgå,015,Porvoo,Borgå,01,Uusimaa,Nyland
04233,Hirvaan koulu,11,Peruskoulut,0,2025,66.432298,25.472768,698,Rovaniemi,Rovaniemi,191,Rovaniemi,Rovaniemi,19,Lappi,Lappland
04781,Hirvasen koulu,11,Peruskoulut,0,2025,62.522005,25.671316,992,Äänekoski,Äänekoski,135,Äänekoski,Äänekoski,13,Keski-Suomi,Mellersta Finland
04472,Hirvaskosken koulu,11,Peruskoulut,2,2025,65.396386,27.31608,615,Pudasjärvi,Pudasjärvi,173,Oulunkaari,Oulunkaari,17,Pohjois-Pohjanmaa,Norra Österbotten
07386,Hirvelän koulu,11,Peruskoulut,2,2025,60.94817,26.61677,286,Kouvola,Kouvola,081,Kouvola,Kouvola,08,Kymenlaakso,Kymmenedalen
08028,Hirvihaaran koulu,11,Peruskoulut,0,2025,60.618886,25.235642,505,Mäntsälä,Mäntsälä,011,Helsinki,Helsingfors,01,Uusimaa,Nyland
07006,Hirvijärven koulu,11,Peruskoulut,0,2025,62.478413,22.817217,301,Kurikka,Kurikka,142,Seinäjoki,Seinäjoki,14,Etelä-Pohjanmaa,Södra Österbotten
08438,Hirvikosken Yhtenäiskoulu,11,Peruskoulut,0,2025,60.869303,22.980637,430,Loimaa,Loimaa,025,Loimaa,Loimaa,02,Varsinais-Suomi,Egentliga Finland
06527,Hirvikosken koulu,11,Peruskoulut,0,2025,60.609543,26.645797,624,Pyhtää,Pyttis,082,Kotka-Hamina,Kotka-Fredrikshamn,08,Kymenlaakso,Kymmenedalen
05625,Hirvlax skola,11,Peruskoulut,1,2025,63.418579,22.346763,893,Uusikaarlepyy,Nykarleby,154,Jakobstadsregionen,Jakobstadsregionen,15,Pohjanmaa,Österbotten
04620,Hitis-Rosala skola,11,Peruskoulut,0,2025,59.852743,22.421711,322,Kemiönsaari,Kimitoön,021,Åboland-Turunmaa,Åboland-Turunmaa,02,Varsinais-Suomi,Egentliga Finland
03856,Hiukkavaaran koulu,11,Peruskoulut,0,2025,65.010622,25.594417,564,Oulu,Uleåborg,171,Oulu,Uleåborg,17,Pohjois-Pohjanmaa,Norra Österbotten
08291,Hj. Nortamon peruskoulu,11,Peruskoulut,0,2025,61.1254,21.500129,684,Rauma,Raumo,041,Rauma,Raumo,04,Satakunta,Satakunta
06595,Hoiskon koulu,11,Peruskoulut,0,2025,63.027138,23.857835,005,Alajärvi,Alajärvi,146,Järviseutu,Järviseutu,14,Etelä-Pohjanmaa,Södra Österbotten
05854,Hollihaan koulu,11,Peruskoulut,0,2025,63.847566,23.122305,272,Kokkola,Karleby,162,Kokkola,Karleby,16,Keski-Pohjanmaa,Mellersta Österbotten
05564,Holm skola,11,Peruskoulut,0,2025,63.753743,22.742024,440,Luoto,Larsmo,154,Jakobstadsregionen,Jakobstadsregionen,15,Pohjanmaa,Österbotten
03386,Honganpalon koulu,11,Peruskoulut,0,2025,64.645643,24.478432,678,Raahe,Brahestad,174,Raahe,Brahestad,17,Pohjois-Pohjanmaa,Norra Österbotten
00096,Honkajoen lukio,15,Lukiot,0,2025,61.993642,22.271831,214,Kankaanpää,Kankaanpää,044,Pohjois-Satakunta,Norra Satakunta,04,Satakunta,Satakunta
05678,Honkajoen yhtenäiskoulu,11,Peruskoulut,0,2025,61.993642,22.271831,214,Kankaanpää,Kankaanpää,044,Pohjois-Satakunta,Norra Satakunta,04,Satakunta,Satakunta
03685,Honkalammen koulu,12,Peruskouluasteen erityiskoulut,0,2025,62.616139,29.508974,426,Liperi,Liperi,122,Joensuu,Joensuu,12,Pohjois-Karjala,Norra Karelen
08372,Honkilahden koulu,11,Peruskoulut,0,2025,60.968132,22.152055,050,Eura,Eura,041,Rauma,Raumo,04,Satakunta,Satakunta
04915,Honkolan koulu,11,Peruskoulut,0,2025,62.571263,25.665455,992,Äänekoski,Äänekoski,135,Äänekoski,Äänekoski,13,Keski-Suomi,Mellersta Finland
03106,Hoplaxskolan,11,Peruskoulut,0,2025,60.196017,24.877581,091,Helsinki,Helsingfors,011,Helsinki,Helsingfors,01,Uusimaa,Nyland
06618,Hovinsaaren koulu,11,Peruskoulut,0,2025,60.470966,26.922922,285,Kotka,Kotka,082,Kotka-Hamina,Kotka-Fredrikshamn,08,Kymenlaakso,Kymmenedalen
03307,Hovirinnan koulu,11,Peruskoulut,0,2025,60.403673,22.363105,202,Kaarina,S:t Karins,023,Turku,Åbo,02,Varsinais-Suomi,Egentliga Finland
08794,Huhdan koulu,11,Peruskoulut,0,2025,61.258195,21.814078,051,Eurajoki,Euraåminne,041,Rauma,Raumo,04,Satakunta,Satakunta
08614,Huhmarnummen koulu,11,Peruskoulut,0,2025,60.305151,24.35773,927,Vihti,Vichtis,011,Helsinki,Helsingfors,01,Uusimaa,Nyland
03834,Huhtasuon yhtenäiskoulu,11,Peruskoulut,0,2025,62.270051,25.80426,179,Jyväskylä,Jyväskylä,131,Jyväskylä,Jyväskylä,13,Keski-Suomi,Mellersta Finland
03747,Huhtisen koulu,11,Peruskoulut,0,2025,60.40905,25.663777,638,Porvoo,Borgå,015,Porvoo,Borgå,01,Uusimaa,Nyland
03902,Hulmin koulu,11,Peruskoulut,0,2025,62.991498,21.962264,399,Laihia,Laihela,152,Vaasa,Vasa,15,Pohjanmaa,Österbotten
05162,Humalojan koulu,11,Peruskoulut,0,2025,64.148566,25.289749,071,Haapavesi,Haapavesi,175,Haapavesi-Siikalatva,Haapavesi-Siikalatva,17,Pohjois-Pohjanmaa,Norra Österbotten
04832,Huopanan koulu,11,Peruskoulut,0,2025,63.055102,25.573367,931,Viitasaari,Viitasaari,138,Saarijärvi-Viitasaari,Saarijärvi-Viitasaari,13,Keski-Suomi,Mellersta Finland
06295,Huovilan koulu,11,Peruskoulut,0,2025,64.835389,25.932825,494,Muhos,Muhos,171,Oulu,Uleåborg,17,Pohjois-Pohjanmaa,Norra Österbotten
08317,Huovinrinteen koulu,11,Peruskoulut,0,2025,61.037577,22.404135,783,Säkylä,Säkylä,041,Rauma,Raumo,04,Satakunta,Satakunta
07138,Husulan koulu,11,Peruskoulut,0,2025,60.598511,27.169938,075,Hamina,Fredrikshamn,082,Kotka-Hamina,Kotka-Fredrikshamn,08,Kymenlaakso,Kymmenedalen
03502,Hutsin koulu,11,Peruskoulut,1,2025,62.090108,30.15095,260,Kitee,Kitee,124,Keski-Karjala,Mellersta Karelen,12,Pohjois-Karjala,Norra Karelen
03423,Huttukylän koulu,11,Peruskoulut,2,2025,65.084039,25.856646,564,Oulu,Uleåborg,171,Oulu,Uleåborg,17,Pohjois-Pohjanmaa,Norra Österbotten
06848,Hutun koulu,11,Peruskoulut,0,2025,65.577046,28.266817,832,Taivalkoski,Taivalkoski,178,Koillismaa,Koillismaa,17,Pohjois-Pohjanmaa,Norra Österbotten
04891,Huutijärven koulu,11,Peruskoulut,0,2025,61.451616,24.108696,211,Kangasala,Kangasala,064,Tampere,Tammerfors,06,Pirkanmaa,Birkaland
06525,Huutjärven koulu,11,Peruskoulut,0,2025,60.488917,26.744434,624,Pyhtää,Pyttis,082,Kotka-Hamina,Kotka-Fredrikshamn,08,Kymenlaakso,Kymmenedalen
06966,Huutoniemen koulu,11,Peruskoulut,0,2025,63.093419,21.676902,905,Vaasa,Vasa,152,Vaasa,Vasa,15,Pohjanmaa,Österbotten
08839,Hyllykallion koulu,11,Peruskoulut,0,2025,62.79902,22.886765,743,Seinäjoki,Seinäjoki,142,Seinäjoki,Seinäjoki,14,Etelä-Pohjanmaa,Södra Österbotten
06296,Hyrkin koulu,11,Peruskoulut,0,2025,64.882695,25.872478,494,Muhos,Muhos,171,Oulu,Uleåborg,17,Pohjois-Pohjanmaa,Norra Österbotten
08587,Hyrylän yläaste,11,Peruskoulut,0,2025,60.389991,25.021457,858,Tuusula,Tusby,011,Helsinki,Helsingfors,01,Uusimaa,Nyland
05273,Hyrynsalmen yhtenäiskoulu,11,Peruskoulut,0,2025,64.672996,28.495027,105,Hyrynsalmi,Hyrynsalmi,181,Kehys-Kainuu,Kehys-Kainuu,18,Kainuu,Kajanaland
03835,Hyttikallion koulu,11,Peruskoulut,0,2025,64.145166,25.354671,071,Haapavesi,Haapavesi,175,Haapavesi-Siikalatva,Haapavesi-Siikalatva,17,Pohjois-Pohjanmaa,Norra Österbotten
04916,Hytölän koulu,11,Peruskoulut,1,2025,62.590164,26.189784,275,Konnevesi,Konnevesi,135,Äänekoski,Äänekoski,13,Keski-Suomi,Mellersta Finland
00098,Hyvinkään lukio,15,Lukiot,0,2025,60.629359,24.851895,106,Hyvinkää,Hyvinge,011,Helsinki,Helsingfors,01,Uusimaa,Nyland
08087,Hyvinkäänkylän koulu,11,Peruskoulut,0,2025,60.600894,24.8157,106,Hyvinkää,Hyvinge,011,Helsinki,Helsingfors,01,Uusimaa,Nyland
07028,Hyypän koulu,11,Peruskoulut,0,2025,62.215989,22.288857,232,Kauhajoki,Kauhajoki,141,Suupohja,Suupohja,14,Etelä-Pohjanmaa,Södra Österbotten
03305,Hyökkälän koulu,11,Peruskoulut,2,2025,60.406604,25.02733,858,Tuusula,Tusby,011,Helsinki,Helsingfors,01,Uusimaa,Nyland
03744,Hyökännummen koulu,11,Peruskoulut,0,2025,60.543816,25.1249,505,Mäntsälä,Mäntsälä,011,Helsinki,Helsingfors,01,Uusimaa,Nyland
03566,Hähkänän koulu,11,Peruskoulut,0,2025,60.43155,23.224641,734,Salo,Salo,022,Salo,Salo,02,Varsinais-Suomi,Egentliga Finland
05745,Häijään koulu,11,Peruskoulut,0,2025,61.500424,23.100412,790,Sastamala,Sastamala,068,Lounais-Pirkanmaa,Sydvästra Birkaland,06,Pirkanmaa,Birkaland
07375,Hälvälän koulu,11,Peruskoulut,1,2025,60.985332,25.452112,098,Hollola,Hollola,071,Lahti,Lahtis,07,Päijät-Häme,Päijänne-Tavastland
08088,Hämeenkadun koulu,11,Peruskoulut,0,2025,60.637838,24.867607,106,Hyvinkää,Hyvinge,011,Helsinki,Helsingfors,01,Uusimaa,Nyland
07679,Hämeenkosken koulu,11,Peruskoulut,0,2025,61.025314,25.13242,098,Hollola,Hollola,071,Lahti,Lahtis,07,Päijät-Häme,Päijänne-Tavastland
03210,Hämeenkylän koulu,11,Peruskoulut,0,2025,60.269328,24.815866,092,Vantaa,Vanda,011,Helsinki,Helsingfors,01,Uusimaa,Nyland
05684,Hämeenkyrön Yhteiskoulu,11,Peruskoulut,0,2025,61.650265,23.188101,108,Hämeenkyrö,Tavastkyro,064,Tampere,Tammerfors,06,Pirkanmaa,Birkaland
08812,Hämeenlinnan Yhteiskoulu,11,Peruskoulut,0,2025,61.006302,24.481712,109,Hämeenlinna,Tavastehus,051,Hämeenlinna,Tavastehus,05,Kanta-Häme,Egentliga Tavastland
00100,Hämeenlinnan lyseon lukio,15,Lukiot,0,2025,60.979928,24.452991,109,Hämeenlinna,Tavastehus,051,Hämeenlinna,Tavastehus,05,Kanta-Häme,Egentliga Tavastland
00605,Hämeenlinnan lyseon lukion aikuislinja,15,Lukiot,0,2025,60.979928,24.452991,109,Hämeenlinna,Tavastehus,051,Hämeenlinna,Tavastehus,05,Kanta-Häme,Egentliga Tavastland
05615,Härkmeri skola,11,Peruskoulut,0,2025,62.15894,21.429201,287,Kristiinankaupunki,Kristinestad,153,Sydösterbotten,Sydösterbotten,15,Pohjanmaa,Österbotten
00001,Härmän lukio,15,Lukiot,0,2025,63.237239,22.859509,233,Kauhava,Kauhava,142,Seinäjoki,Seinäjoki,14,Etelä-Pohjanmaa,Södra Österbotten
07937,Högstadiet i Petalax,11,Peruskoulut,0,2025,62.842016,21.430106,475,Maalahti,Malax,152,Vaasa,Vasa,15,Pohjanmaa,Österbotten
08852,Höjdens skola,11,Peruskoulut,0,2025,60.060565,23.295527,710,Raasepori,Raseborg,014,Raasepori,Raseborg,01,Uusimaa,Nyland
03367,Hönttämäen koulu,11,Peruskoulut,0,2025,65.050068,25.600457,564,Oulu,Uleåborg,171,Oulu,Uleåborg,17,Pohjois-Pohjanmaa,Norra Österbotten
03761,Hösmärinpuiston koulu,11,Peruskoulut,1,2025,60.199225,24.675735,049,Espoo,Esbo,011,Helsinki,Helsingfors,01,Uusimaa,Nyland
04782,Höytiän koulu,11,Peruskoulut,0,2025,62.424531,25.37562,892,Uurainen,Uurainen,131,Jyväskylä,Jyväskylä,13,Keski-Suomi,Mellersta Finland
04669,Ihalan koulu,11,Peruskoulut,0,2025,60.472382,22.173506,680,Raisio,Reso,023,Turku,Åbo,02,Varsinais-Suomi,Egentliga Finland
08283,Ihoden koulu,11,Peruskoulut,0,2025,60.991113,21.589027,631,Pyhäranta,Pyhäranta,024,Vakka-Suomi,Nystadsregionen,02,Varsinais-Suomi,Egentliga Finland
05909,Iiksenvaaran koulu,11,Peruskoulut,0,2025,62.580163,29.871752,167,Joensuu,Joensuu,122,Joensuu,Joensuu,12,Pohjois-Karjala,Norra Karelen
00151,Iin lukio,15,Lukiot,0,2025,65.320689,25.369269,139,Ii,Ii,173,Oulunkaari,Oulunkaari,17,Pohjois-Pohjanmaa,Norra Österbotten
00152,Iisalmen lyseo,15,Lukiot,0,2025,63.559032,27.180369,140,Iisalmi,Idensalmi,111,Ylä-Savo,Norra Savolax,11,Pohjois-Savo,Norra Savolax
07725,Iisveden koulu,11,Peruskoulut,0,2025,62.659717,27.054019,778,Suonenjoki,Suonenjoki,115,Sisä-Savo,Inre Savolax,11,Pohjois-Savo,Norra Savolax
00154,Iitin lukio,15,Lukiot,0,2025,60.892192,26.326569,142,Iitti,Iitti,071,Lahti,Lahtis,07,Päijät-Häme,Päijänne-Tavastland
07404,Iitin yläkoulu,11,Peruskoulut,0,2025,60.887855,26.320967,142,Iitti,Iitti,071,Lahti,Lahtis,07,Päijät-Häme,Päijänne-Tavastland
08162,Iittalan yhtenäiskoulu,11,Peruskoulut,0,2025,61.089826,24.126426,109,Hämeenlinna,Tavastehus,051,Hämeenlinna,Tavastehus,05,Kanta-Häme,Egentliga Tavastland
04515,Iivarin koulu,11,Peruskoulut,0,2025,62.645077,23.815357,010,Alavus,Alavus,144,Kuusiokunnat,Kuusiokunnat,14,Etelä-Pohjanmaa,Södra Österbotten
03121,Iivisniemen koulu,11,Peruskoulut,2,2025,60.246723,24.779958,049,Espoo,Esbo,011,Helsinki,Helsingfors,01,Uusimaa,Nyland
00155,Ikaalisten lukio,15,Lukiot,0,2025,61.764291,23.066782,143,Ikaalinen,Ikalis,061,Luoteis-Pirkanmaa,Nordvästra Birkaland,06,Pirkanmaa,Birkaland
05698,Ikaalisten yhteiskoulu,11,Peruskoulut,0,2025,61.770844,23.050232,143,Ikaalinen,Ikalis,061,Luoteis-Pirkanmaa,Nordvästra Birkaland,06,Pirkanmaa,Birkaland
08069,Ikkalan koulu,11,Peruskoulut,1,2025,60.492591,24.113997,444,Lohja,Lojo,011,Helsinki,Helsingfors,01,Uusimaa,Nyland
05183,Ikosen koulu,11,Peruskoulut,0,2025,63.673707,25.977367,626,Pyhäjärvi,Pyhäjärvi,176,Nivala-Haapajärvi,Nivala-Haapajärvi,17,Pohjois-Pohjanmaa,Norra Österbotten
00156,Ilmajoen lukio,15,Lukiot,0,2025,62.730391,22.565292,145,Ilmajoki,Ilmajoki,142,Seinäjoki,Seinäjoki,14,Etelä-Pohjanmaa,Södra Österbotten
04646,Ilmaristen koulu,11,Peruskoulut,0,2025,60.507536,22.379741,423,Lieto,Lundo,023,Turku,Åbo,02,Varsinais-Suomi,Egentliga Finland
03522,Ilolan koulu,11,Peruskoulut,0,2025,60.32696,25.025781,092,Vantaa,Vanda,011,Helsinki,Helsingfors,01,Uusimaa,Nyland
07622,Ilolan koulu,11,Peruskoulut,0,2025,60.453557,25.756813,638,Porvoo,Borgå,015,Porvoo,Borgå,01,Uusimaa,Nyland
00157,Ilomantsin lukio,15,Lukiot,0,2025,62.665979,30.929664,146,Ilomantsi,Ilomants,122,Joensuu,Joensuu,12,Pohjois-Karjala,Norra Karelen
07050,Ilomäen koulu,11,Peruskoulut,7,2025,62.76299,22.366488,145,Ilmajoki,Ilmajoki,142,Seinäjoki,Seinäjoki,14,Etelä-Pohjanmaa,Södra Österbotten
08552,Ilpoisten koulu,11,Peruskoulut,0,2025,60.424508,22.283232,853,Turku,Åbo,023,Turku,Åbo,02,Varsinais-Suomi,Egentliga Finland
00158,Imatran yhteislukio,15,Lukiot,0,2025,61.175341,28.761582,153,Imatra,Imatra,093,Imatra,Imatra,09,Etelä-Karjala,Södra Karelen
04028,Inarin koulu,11,Peruskoulut,0,2025,68.905993,26.999378,148,Inari,Enare,197,Pohjois-Lappi,Norra Lappland,19,Lappi,Lappland
05604,Iniö skola,11,Peruskoulut,0,2025,60.395469,21.390408,445,Parainen,Pargas,021,Åboland-Turunmaa,Åboland-Turunmaa,02,Varsinais-Suomi,Egentliga Finland
08266,Inkereen koulu,11,Peruskoulut,0,2025,60.431981,23.265091,734,Salo,Salo,022,Salo,Salo,02,Varsinais-Suomi,Egentliga Finland
07808,Inkeroisten yhtenäiskoulu,11,Peruskoulut,0,2025,60.690513,26.845709,286,Kouvola,Kouvola,081,Kouvola,Kouvola,08,Kymenlaakso,Kymmenedalen
03510,International School of H:ki,19,Perus- ja lukioasteen koulut,0,2025,60.160684,24.915652,091,Helsinki,Helsingfors,011,Helsinki,Helsingfors,01,Uusimaa,Nyland
07221,Isnäs skola,11,Peruskoulut,0,2025,60.397837,25.997427,434,Loviisa,Lovisa,016,Loviisa,Lovisa,01,Uusimaa,Nyland
07224,Isnäsin koulu,11,Peruskoulut,0,2025,60.397837,25.997427,434,Loviisa,Lovisa,016,Loviisa,Lovisa,01,Uusimaa,Nyland
07296,Isojoen Koulukolmio,11,Peruskoulut,0,2025,62.114696,21.958111,151,Isojoki,Storå,141,Suupohja,Suupohja,14,Etelä-Pohjanmaa,Södra Österbotten
05830,Isokylän koulu,11,Peruskoulut,0,2025,63.820114,23.132127,272,Kokkola,Karleby,162,Kokkola,Karleby,16,Keski-Pohjanmaa,Mellersta Österbotten
04876,Isolahden koulu,11,Peruskoulut,0,2025,62.197288,25.550134,500,Muurame,Muurame,131,Jyväskylä,Jyväskylä,13,Keski-Suomi,Mellersta Finland
06967,Isolahden koulu,11,Peruskoulut,0,2025,63.120917,21.606801,905,Vaasa,Vasa,152,Vaasa,Vasa,15,Pohjanmaa,Österbotten
03768,Isoniitun koulu,11,Peruskoulut,0,2025,60.385898,24.758766,543,Nurmijärvi,Nurmijärvi,011,Helsinki,Helsingfors,01,Uusimaa,Nyland
03903,Isonkylän koulu,11,Peruskoulut,0,2025,62.93173,22.050576,399,Laihia,Laihela,152,Vaasa,Vasa,15,Pohjanmaa,Österbotten
07304,Isonkyrön yläkoulu,11,Peruskoulut,0,2025,62.995977,22.314927,152,Isokyrö,Storkyro,142,Seinäjoki,Seinäjoki,14,Etelä-Pohjanmaa,Södra Österbotten
08318,Isosäkylän koulu,11,Peruskoulut,0,2025,61.051042,22.329628,783,Säkylä,Säkylä,041,Rauma,Raumo,04,Satakunta,Satakunta
04917,Istunmäen koulu,11,Peruskoulut,1,2025,62.703071,26.454519,275,Konnevesi,Konnevesi,135,Äänekoski,Äänekoski,13,Keski-Suomi,Mellersta Finland
03180,Itä-Hakkilan koulu,11,Peruskoulut,0,2025,60.29441,25.108464,092,Vantaa,Vanda,011,Helsinki,Helsingfors,01,Uusimaa,Nyland
03681,Itä-Suomen suomal.-venäl.koulu,19,Perus- ja lukioasteen koulut,0,2025,61.046874,28.176244,405,Lappeenranta,Villmanstrand,091,Lappeenranta,Villmanstrand,09,Etelä-Karjala,Södra Karelen
03039,Itäkeskuksen peruskoulu,11,Peruskoulut,0,2025,60.214813,25.073268,091,Helsinki,Helsingfors,011,Helsinki,Helsingfors,01,Uusimaa,Nyland
05593,Itälän koulu,11,Peruskoulut,2,2025,63.681723,22.731912,598,Pietarsaari,Jakobstad,154,Jakobstadsregionen,Jakobstadsregionen,15,Pohjanmaa,Österbotten
05770,Itätuulen koulu,11,Peruskoulut,0,2025,61.468293,21.841742,609,Pori,Björneborg,043,Pori,Björneborg,04,Satakunta,Satakunta
04031,Ivalon koulu,11,Peruskoulut,0,2025,68.663122,27.549167,148,Inari,Enare,197,Pohjois-Lappi,Norra Lappland,19,Lappi,Lappland
00161,Ivalon lukio,15,Lukiot,0,2025,68.663122,27.549167,148,Inari,Enare,197,Pohjois-Lappi,Norra Lappland,19,Lappi,Lappland
07045,Jaakko Ilkan koulu,11,Peruskoulut,0,2025,62.730391,22.565292,145,Ilmajoki,Ilmajoki,142,Seinäjoki,Seinäjoki,14,Etelä-Pohjanmaa,Södra Österbotten
07117,Jaalan koulu,11,Peruskoulut,0,2025,61.052193,26.47156,286,Kouvola,Kouvola,081,Kouvola,Kouvola,08,Kymenlaakso,Kymmenedalen
00191,Jakobstads gymnasium,15,Lukiot,0,2025,63.677446,22.708082,598,Pietarsaari,Jakobstad,154,Jakobstadsregionen,Jakobstadsregionen,15,Pohjanmaa,Österbotten
06814,Jakokosken koulu,11,Peruskoulut,0,2025,62.740508,29.982761,276,Kontiolahti,Kontiolahti,122,Joensuu,Joensuu,12,Pohjois-Karjala,Norra Karelen
06428,Jakun koulu,11,Peruskoulut,0,2025,65.303996,25.629733,139,Ii,Ii,173,Oulunkaari,Oulunkaari,17,Pohjois-Pohjanmaa,Norra Österbotten
00192,Jalasjärven lukio,15,Lukiot,0,2025,62.489147,22.741531,301,Kurikka,Kurikka,142,Seinäjoki,Seinäjoki,14,Etelä-Pohjanmaa,Södra Österbotten
06998,Jalasjärven yläaste,11,Peruskoulut,0,2025,62.489431,22.743162,301,Kurikka,Kurikka,142,Seinäjoki,Seinäjoki,14,Etelä-Pohjanmaa,Södra Österbotten
03695,Jalavapuiston koulu,11,Peruskoulut,0,2025,60.197457,24.664546,049,Espoo,Esbo,011,Helsinki,Helsingfors,01,Uusimaa,Nyland
07801,Jalkarannan peruskoulu,11,Peruskoulut,0,2025,60.993375,25.59449,398,Lahti,Lahtis,071,Lahti,Lahtis,07,Päijät-Häme,Päijänne-Tavastland
04981,Janakan päiväkotikoulu,11,Peruskoulut,0,2025,62.25899,25.892978,179,Jyväskylä,Jyväskylä,131,Jyväskylä,Jyväskylä,13,Keski-Suomi,Mellersta Finland
00614,Janakkalan lukio,15,Lukiot,0,2025,60.916807,24.644874,165,Janakkala,Janakkala,051,Hämeenlinna,Tavastehus,05,Kanta-Häme,Egentliga Tavastland
06305,Jauhinkankaan koulu,11,Peruskoulut,0,2025,64.252469,24.807792,563,Oulainen,Oulainen,177,Ylivieska,Ylivieska,17,Pohjois-Pohjanmaa,Norra Österbotten
05624,Jeppo skola,11,Peruskoulut,0,2025,63.40283,22.650378,893,Uusikaarlepyy,Nykarleby,154,Jakobstadsregionen,Jakobstadsregionen,15,Pohjanmaa,Österbotten
05905,Joensuun Lyseon peruskoulu,11,Peruskoulut,0,2025,62.602139,29.753984,167,Joensuu,Joensuu,122,Joensuu,Joensuu,12,Pohjois-Karjala,Norra Karelen
00619,Joensuun aikuislukio,15,Lukiot,0,2025,62.598037,29.743763,167,Joensuu,Joensuu,122,Joensuu,Joensuu,12,Pohjois-Karjala,Norra Karelen
07974,Joensuun koulu,11,Peruskoulut,0,2025,60.630732,23.525779,761,Somero,Somero,022,Salo,Salo,02,Varsinais-Suomi,Egentliga Finland
00195,Joensuun lyseon lukio,15,Lukiot,0,2025,62.598037,29.743763,167,Joensuu,Joensuu,122,Joensuu,Joensuu,12,Pohjois-Karjala,Norra Karelen
03799,Joensuun steinerkoulu,11,Peruskoulut,0,2025,62.615083,29.743407,167,Joensuu,Joensuu,122,Joensuu,Joensuu,12,Pohjois-Karjala,Norra Karelen
00196,Joensuun yhteiskoulun lukio,15,Lukiot,0,2025,62.59572,29.750603,167,Joensuu,Joensuu,122,Joensuu,Joensuu,12,Pohjois-Karjala,Norra Karelen
08194,Joentaan koulu,11,Peruskoulut,0,2025,60.712662,24.499169,433,Loppi,Loppi,052,Riihimäki,Riihimäki,05,Kanta-Häme,Egentliga Tavastland
05016,Jokela-Niinistön alakoulu,11,Peruskoulut,0,2025,60.909005,26.744305,286,Kouvola,Kouvola,081,Kouvola,Kouvola,08,Kymenlaakso,Kymmenedalen
03352,Jokelan koulu,11,Peruskoulut,0,2025,60.461259,22.678611,577,Paimio,Pemar,023,Turku,Åbo,02,Varsinais-Suomi,Egentliga Finland
06353,Jokelan koulu,11,Peruskoulut,0,2025,64.670398,24.604891,678,Raahe,Brahestad,174,Raahe,Brahestad,17,Pohjois-Pohjanmaa,Norra Österbotten
08881,Jokelan koulu,11,Peruskoulut,0,2025,62.289759,25.729701,179,Jyväskylä,Jyväskylä,131,Jyväskylä,Jyväskylä,13,Keski-Suomi,Mellersta Finland
08588,Jokelan yläaste,11,Peruskoulut,0,2025,60.549236,24.963281,858,Tuusula,Tusby,011,Helsinki,Helsingfors,01,Uusimaa,Nyland
08608,Jokikunnan koulu,11,Peruskoulut,0,2025,60.438286,24.190376,927,Vihti,Vichtis,011,Helsinki,Helsingfors,01,Uusimaa,Nyland
03877,Jokilaakson koulu,11,Peruskoulut,0,2025,60.455254,25.622553,638,Porvoo,Borgå,015,Porvoo,Borgå,01,Uusimaa,Nyland
04647,Jokilaakson koulu,11,Peruskoulut,0,2025,60.506078,22.453683,423,Lieto,Lundo,023,Turku,Åbo,02,Varsinais-Suomi,Egentliga Finland
05829,Jokilaakson koulu,11,Peruskoulut,1,2025,63.845946,23.19314,272,Kokkola,Karleby,162,Kokkola,Karleby,16,Keski-Pohjanmaa,Mellersta Österbotten
03671,Jokiniemen koulu,11,Peruskoulut,0,2025,60.299382,25.051659,092,Vantaa,Vanda,011,Helsinki,Helsingfors,01,Uusimaa,Nyland
03746,Jokipuiston koulu,11,Peruskoulut,0,2025,60.370432,25.274664,753,Sipoo,Sibbo,011,Helsinki,Helsingfors,01,Uusimaa,Nyland
08621,Jokirinteen koulu,11,Peruskoulut,0,2025,60.127624,24.450817,257,Kirkkonummi,Kyrkslätt,011,Helsinki,Helsingfors,01,Uusimaa,Nyland
03181,Jokivarren koulu,11,Peruskoulut,0,2025,60.346675,25.112415,092,Vantaa,Vanda,011,Helsinki,Helsingfors,01,Uusimaa,Nyland
06913,Jokivarren koulu,11,Peruskoulut,0,2025,60.805402,25.745399,560,Orimattila,Orimattila,071,Lahti,Lahtis,07,Päijät-Häme,Päijänne-Tavastland
03711,Joonas-koulu,12,Peruskouluasteen erityiskoulut,1,2025,61.678925,24.360431,562,Orivesi,Orivesi,064,Tampere,Tammerfors,06,Pirkanmaa,Birkaland
05200,Jormuan koulu,11,Peruskoulut,1,2025,64.302394,27.998835,205,Kajaani,Kajana,182,Kajaani,Kajana,18,Kainuu,Kajanaland
07603,Joroisten Yhtenäiskoulu,11,Peruskoulut,0,2025,62.180082,27.830701,171,Joroinen,Jorois,114,Varkaus,Varkaus,11,Pohjois-Savo,Norra Savolax
00537,Joroisten lukio,15,Lukiot,0,2025,62.180082,27.830701,171,Joroinen,Jorois,114,Varkaus,Varkaus,11,Pohjois-Savo,Norra Savolax
06900,Joupin koulu,11,Peruskoulut,0,2025,62.793848,22.817785,743,Seinäjoki,Seinäjoki,142,Seinäjoki,Seinäjoki,14,Etelä-Pohjanmaa,Södra Österbotten
03122,Jousenkaaren koulu,11,Peruskoulut,0,2025,60.176745,24.78555,049,Espoo,Esbo,011,Helsinki,Helsingfors,01,Uusimaa,Nyland
00198,Joutsan lukio,15,Lukiot,0,2025,61.74597,26.121275,172,Joutsa,Joutsa,132,Joutsa,Joutsa,13,Keski-Suomi,Mellersta Finland
06066,Joutsan yhtenäiskoulu,11,Peruskoulut,0,2025,61.74597,26.121275,172,Joutsa,Joutsa,132,Joutsa,Joutsa,13,Keski-Suomi,Mellersta Finland
07465,Joutsenon koulu,11,Peruskoulut,0,2025,61.113986,28.511118,405,Lappeenranta,Villmanstrand,091,Lappeenranta,Villmanstrand,09,Etelä-Karjala,Södra Karelen
04812,Juankosken koulu,11,Peruskoulut,0,2025,63.065403,28.327376,297,Kuopio,Kuopio,112,Kuopio,Kuopio,11,Pohjois-Savo,Norra Savolax
00200,Juankosken lukio,15,Lukiot,0,2025,63.065403,28.327376,297,Kuopio,Kuopio,112,Kuopio,Kuopio,11,Pohjois-Savo,Norra Savolax
04804,Juantehtaan koulu,11,Peruskoulut,0,2025,63.064826,28.327548,297,Kuopio,Kuopio,112,Kuopio,Kuopio,11,Pohjois-Savo,Norra Savolax
05994,Juhani Ahon koulu,11,Peruskoulut,0,2025,63.55954,27.182848,140,Iisalmi,Idensalmi,111,Ylä-Savo,Norra Savolax,11,Pohjois-Savo,Norra Savolax
06631,Juhani Vuorisen koulu,11,Peruskoulut,0,2025,63.902596,23.926057,217,Kannus,Kannus,162,Kokkola,Karleby,16,Keski-Pohjanmaa,Mellersta Österbotten
08660,Juhannuskylän koulu,11,Peruskoulut,0,2025,61.503446,23.77109,837,Tampere,Tammerfors,064,Tampere,Tammerfors,06,Pirkanmaa,Birkaland
06306,Juho Oksan koulu,11,Peruskoulut,0,2025,64.267886,24.812083,563,Oulainen,Oulainen,177,Ylivieska,Ylivieska,17,Pohjois-Pohjanmaa,Norra Österbotten
03385,Jukolan koulu,11,Peruskoulut,0,2025,60.982217,24.427848,109,Hämeenlinna,Tavastehus,051,Hämeenlinna,Tavastehus,05,Kanta-Häme,Egentliga Tavastland
06571,Junttilan koulu,11,Peruskoulut,0,2025,63.955055,24.901723,535,Nivala,Nivala,176,Nivala-Haapajärvi,Nivala-Haapajärvi,17,Pohjois-Pohjanmaa,Norra Österbotten
04555,Juokslahden koulu,11,Peruskoulut,0,2025,61.937775,25.324406,182,Jämsä,Jämsä,134,Jämsä,Jämsä,13,Keski-Suomi,Mellersta Finland
07252,Juornaankylän koulu,11,Peruskoulut,0,2025,60.572684,25.75235,018,Askola,Askola,015,Porvoo,Borgå,01,Uusimaa,Nyland
03123,Jupperin koulu,11,Peruskoulut,0,2025,60.245732,24.769057,049,Espoo,Esbo,011,Helsinki,Helsingfors,01,Uusimaa,Nyland
07068,Jurvan Yhtenäiskoulu,11,Peruskoulut,0,2025,62.683044,21.981139,301,Kurikka,Kurikka,142,Seinäjoki,Seinäjoki,14,Etelä-Pohjanmaa,Södra Österbotten
00209,Jurvan lukio,15,Lukiot,0,2025,62.683044,21.981139,301,Kurikka,Kurikka,142,Seinäjoki,Seinäjoki,14,Etelä-Pohjanmaa,Södra Österbotten
06395,Jussinpekan koulu,11,Peruskoulut,0,2025,63.898116,24.529546,746,Sievi,Sievi,177,Ylivieska,Ylivieska,17,Pohjois-Pohjanmaa,Norra Österbotten
03846,Juteinin koulu,11,Peruskoulut,0,2025,61.05544,24.383237,082,Hattula,Hattula,051,Hämeenlinna,Tavastehus,05,Kanta-Häme,Egentliga Tavastland
00210,Juuan lukio,15,Lukiot,0,2025,63.235618,29.246885,176,Juuka,Juuka,122,Joensuu,Joensuu,12,Pohjois-Karjala,Norra Karelen
03558,Juupajoen koulukeskus,11,Peruskoulut,0,2025,61.80355,24.388003,177,Juupajoki,Juupajoki,069,Ylä-Pirkanmaa,Övre Birkaland,06,Pirkanmaa,Birkaland
00202,Juvan lukio,15,Lukiot,0,2025,61.898781,27.852085,178,Juva,Juva,105,Pieksämäki,Pieksämäki,10,Etelä-Savo,Södra Savolax
06141,Juvan yhtenäiskoulu,11,Peruskoulut,0,2025,61.898781,27.852085,178,Juva,Juva,105,Pieksämäki,Pieksämäki,10,Etelä-Savo,Södra Savolax
03740,Juvanpuiston koulu,11,Peruskoulut,0,2025,60.271026,25.07555,092,Vantaa,Vanda,011,Helsinki,Helsingfors,01,Uusimaa,Nyland
07588,Juvolan koulu,11,Peruskoulut,1,2025,62.068591,28.738456,740,Savonlinna,Nyslott,103,Savonlinna,Nyslott,10,Etelä-Savo,Södra Savolax
03308,Jynkän koulu,11,Peruskoulut,0,2025,62.856902,27.642558,297,Kuopio,Kuopio,112,Kuopio,Kuopio,11,Pohjois-Savo,Norra Savolax
07528,Jynkänlahden koulu,11,Peruskoulut,0,2025,62.847886,27.637647,297,Kuopio,Kuopio,112,Kuopio,Kuopio,11,Pohjois-Savo,Norra Savolax
06399,Jyringin koulu,11,Peruskoulut,0,2025,63.927018,24.423228,746,Sievi,Sievi,177,Ylivieska,Ylivieska,17,Pohjois-Pohjanmaa,Norra Österbotten
07174,Jyrängön koulu,11,Peruskoulut,0,2025,61.194541,26.03407,111,Heinola,Heinola,071,Lahti,Lahtis,07,Päijät-Häme,Päijänne-Tavastland
04980,Jyskän koulu,11,Peruskoulut,0,2025,62.241653,25.846362,179,Jyväskylä,Jyväskylä,131,Jyväskylä,Jyväskylä,13,Keski-Suomi,Mellersta Finland
00203,Jyväskylän Lyseon lukio,15,Lukiot,0,2025,62.247067,25.743106,179,Jyväskylä,Jyväskylä,131,Jyväskylä,Jyväskylä,13,Keski-Suomi,Mellersta Finland
03541,Jyväskylän Steinerkoulu,11,Peruskoulut,0,2025,62.246014,25.721429,179,Jyväskylä,Jyväskylä,131,Jyväskylä,Jyväskylä,13,Keski-Suomi,Mellersta Finland
00590,Jyväskylän aikuislukio,15,Lukiot,0,2025,62.247067,25.743106,179,Jyväskylä,Jyväskylä,131,Jyväskylä,Jyväskylä,13,Keski-Suomi,Mellersta Finland
03759,Jyväskylän kristillinen koulu,11,Peruskoulut,0,2025,62.240594,25.728305,179,Jyväskylä,Jyväskylä,131,Jyväskylä,Jyväskylä,13,Keski-Suomi,Mellersta Finland
00204,Jyväskylän normaalikoulu,19,Perus- ja lukioasteen koulut,0,2025,62.239659,25.735966,179,Jyväskylä,Jyväskylä,131,Jyväskylä,Jyväskylä,13,Keski-Suomi,Mellersta Finland
08553,Jäkärlän koulu,11,Peruskoulut,0,2025,60.478412,22.285525,853,Turku,Åbo,023,Turku,Åbo,02,Varsinais-Suomi,Egentliga Finland
05712,Jämijärven keskuskoulu,11,Peruskoulut,0,2025,61.818629,22.69527,181,Jämijärvi,Jämijärvi,044,Pohjois-Satakunta,Norra Satakunta,04,Satakunta,Satakunta
00207,Jämsän lukio,15,Lukiot,0,2025,61.864265,25.182254,182,Jämsä,Jämsä,134,Jämsä,Jämsä,13,Keski-Suomi,Mellersta Finland
04552,Jämsänjoen yhtenäiskoulu,11,Peruskoulut,0,2025,61.876161,25.196537,182,Jämsä,Jämsä,134,Jämsä,Jämsä,13,Keski-Suomi,Mellersta Finland
06075,Jämsänkosken yhtenäiskoulu,11,Peruskoulut,0,2025,61.925366,25.172624,182,Jämsä,Jämsä,134,Jämsä,Jämsä,13,Keski-Suomi,Mellersta Finland
06158,Jäppilän koulu,11,Peruskoulut,0,2025,62.380282,27.43269,593,Pieksämäki,Pieksämäki,105,Pieksämäki,Pieksämäki,10,Etelä-Savo,Södra Savolax
08010,Järnefeltin yhtenäiskoulu,11,Peruskoulut,0,2025,60.197923,24.000344,444,Lohja,Lojo,011,Helsinki,Helsingfors,01,Uusimaa,Nyland
05844,Järvelän koulu,11,Peruskoulut,0,2025,63.52553,23.733644,236,Kaustinen,Kaustby,161,Kaustinen,Kaustby,16,Keski-Pohjanmaa,Mellersta Österbotten
03713,Järvenperän koulu,11,Peruskoulut,0,2025,60.385761,25.108611,245,Kerava,Kervo,011,Helsinki,Helsingfors,01,Uusimaa,Nyland
08102,Järvenpään Yhteiskoulu,11,Peruskoulut,0,2025,60.465916,25.092707,186,Järvenpää,Träskända,011,Helsinki,Helsingfors,01,Uusimaa,Nyland
00208,Järvenpään lukio,15,Lukiot,0,2025,60.480615,25.081817,186,Järvenpää,Träskända,011,Helsinki,Helsingfors,01,Uusimaa,Nyland
03850,Järvikunnan koulu,11,Peruskoulut,0,2025,60.734187,25.615792,560,Orimattila,Orimattila,071,Lahti,Lahtis,07,Päijät-Häme,Päijänne-Tavastland
03474,Järvikylien koulu,11,Peruskoulut,0,2025,67.297874,25.913774,758,Sodankylä,Sodankylä,197,Pohjois-Lappi,Norra Lappland,19,Lappi,Lappland
06400,Järvikylän koulu,11,Peruskoulut,1,2025,63.916331,24.583602,746,Sievi,Sievi,177,Ylivieska,Ylivieska,17,Pohjois-Pohjanmaa,Norra Österbotten
06572,Järvikylän koulu,11,Peruskoulut,0,2025,63.890271,24.944251,535,Nivala,Nivala,176,Nivala-Haapajärvi,Nivala-Haapajärvi,17,Pohjois-Pohjanmaa,Norra Österbotten
03852,Jätkäsaaren peruskoulu,11,Peruskoulut,0,2025,60.155887,24.917289,091,Helsinki,Helsingfors,011,Helsinki,Helsingfors,01,Uusimaa,Nyland
06550,Jäälin koulu,11,Peruskoulut,0,2025,65.084469,25.704396,564,Oulu,Uleåborg,171,Oulu,Uleåborg,17,Pohjois-Pohjanmaa,Norra Österbotten
06466,K.J. Ståhlbergin koulu,11,Peruskoulut,0,2025,63.754538,25.328602,069,Haapajärvi,Haapajärvi,176,Nivala-Haapajärvi,Nivala-Haapajärvi,17,Pohjois-Pohjanmaa,Norra Österbotten
04005,Kaakamon koulu,11,Peruskoulut,0,2025,65.799289,24.439829,851,Tornio,Torneå,192,Kemi-Tornio,Kemi-Torneå,19,Lappi,Lappland
03748,Kaakkurin koulu,11,Peruskoulut,0,2025,64.956418,25.534962,564,Oulu,Uleåborg,171,Oulu,Uleåborg,17,Pohjois-Pohjanmaa,Norra Österbotten
04670,Kaanaan ala-aste,11,Peruskoulut,0,2025,60.468047,22.104826,680,Raisio,Reso,023,Turku,Åbo,02,Varsinais-Suomi,Egentliga Finland
04019,Kaaresuvannon koulu,11,Peruskoulut,0,2025,68.447806,22.502117,047,Enontekiö,Enontekis,196,Tunturi-Lappi,Tunturi-Lappi,19,Lappi,Lappland
08659,Kaarilan koulu,11,Peruskoulut,0,2025,61.507191,23.672401,837,Tampere,Tammerfors,064,Tampere,Tammerfors,06,Pirkanmaa,Birkaland
00472,Kaarinan lukio,15,Lukiot,0,2025,60.405945,22.38289,202,Kaarina,S:t Karins,023,Turku,Åbo,02,Varsinais-Suomi,Egentliga Finland
05767,Kaarisillan yhtenäiskoulu,11,Peruskoulut,0,2025,61.499013,21.789408,609,Pori,Björneborg,043,Pori,Björneborg,04,Satakunta,Satakunta
08884,Kaaron koulu,11,Peruskoulut,0,2025,61.167431,21.537539,684,Rauma,Raumo,041,Rauma,Raumo,04,Satakunta,Satakunta
08341,Kaasmarkun koulu,11,Peruskoulut,0,2025,61.457415,22.020261,886,Ulvila,Ulvsby,043,Pori,Björneborg,04,Satakunta,Satakunta
04713,Kaavin koulu,11,Peruskoulut,0,2025,62.974954,28.490316,204,Kaavi,Kaavi,113,Koillis-Savo,Nordöstra Savolax,11,Pohjois-Savo,Norra Savolax
07175,Kailaan koulu,11,Peruskoulut,0,2025,61.211739,26.038625,111,Heinola,Heinola,071,Lahti,Lahtis,07,Päijät-Häme,Päijänne-Tavastland
07027,Kainaston koulu,11,Peruskoulut,0,2025,62.465901,22.030196,232,Kauhajoki,Kauhajoki,141,Suupohja,Suupohja,14,Etelä-Pohjanmaa,Södra Österbotten
04543,Kaipolan koulu,11,Peruskoulut,0,2025,61.818885,25.229838,182,Jämsä,Jämsä,134,Jämsä,Jämsä,13,Keski-Suomi,Mellersta Finland
04353,Kaisajoen koulu,11,Peruskoulut,0,2025,66.075962,24.771278,845,Tervola,Tervola,192,Kemi-Tornio,Kemi-Torneå,19,Lappi,Lappland
03010,Kaisaniemen ala-asteen koulu,11,Peruskoulut,0,2025,60.173363,24.948219,091,Helsinki,Helsingfors,011,Helsinki,Helsingfors,01,Uusimaa,Nyland
06449,Kaisaniemen koulu,11,Peruskoulut,0,2025,64.081969,24.527168,977,Ylivieska,Ylivieska,177,Ylivieska,Ylivieska,17,Pohjois-Pohjanmaa,Norra Österbotten
03159,Kaitaan koulu,11,Peruskoulut,0,2025,62.31468,25.73164,179,Jyväskylä,Jyväskylä,131,Jyväskylä,Jyväskylä,13,Keski-Suomi,Mellersta Finland
03182,Kaivokselan koulu,11,Peruskoulut,0,2025,60.26755,24.868555,092,Vantaa,Vanda,011,Helsinki,Helsingfors,01,Uusimaa,Nyland
08267,Kaivolan koulu,11,Peruskoulut,0,2025,60.450623,23.24275,734,Salo,Salo,022,Salo,Salo,02,Varsinais-Suomi,Egentliga Finland
00611,Kajaanin lukio,15,Lukiot,0,2025,64.219901,27.722964,205,Kajaani,Kajana,182,Kajaani,Kajana,18,Kainuu,Kajanaland
05376,Kajaanin lyseo,11,Peruskoulut,0,2025,64.224675,27.736719,205,Kajaani,Kajana,182,Kajaani,Kajana,18,Kainuu,Kajanaland
05779,Kalaholman koulu,11,Peruskoulut,0,2025,61.485883,21.846747,609,Pori,Björneborg,043,Pori,Björneborg,04,Satakunta,Satakunta
00253,Kalajoen lukio,15,Lukiot,0,2025,64.260611,23.954185,208,Kalajoki,Kalajoki,177,Ylivieska,Ylivieska,17,Pohjois-Pohjanmaa,Norra Österbotten
03237,Kalajärven koulu,11,Peruskoulut,0,2025,60.307625,24.733246,049,Espoo,Esbo,011,Helsinki,Helsingfors,01,Uusimaa,Nyland
03523,Kalannin koulu,11,Peruskoulut,0,2025,60.817773,21.564431,895,Uusikaupunki,Nystad,024,Vakka-Suomi,Nystadsregionen,02,Varsinais-Suomi,Egentliga Finland
03845,Kalasataman peruskoulu,11,Peruskoulut,0,2025,60.183925,24.979715,091,Helsinki,Helsingfors,011,Helsinki,Helsingfors,01,Uusimaa,Nyland
07526,Kalevalan koulu,11,Peruskoulut,0,2025,62.904927,27.694538,297,Kuopio,Kuopio,112,Kuopio,Kuopio,11,Pohjois-Savo,Norra Savolax
08905,Kalevan koulu,11,Peruskoulut,0,2025,60.419461,25.0877,245,Kerava,Kervo,011,Helsinki,Helsingfors,01,Uusimaa,Nyland
00254,Kalevan lukio,15,Lukiot,0,2025,61.49787,23.786464,837,Tampere,Tammerfors,064,Tampere,Tammerfors,06,Pirkanmaa,Birkaland
03822,Kalevankankaan koulu,11,Peruskoulut,0,2025,61.697451,27.249717,491,Mikkeli,S:t Michel,101,Mikkeli,S:t Michel,10,Etelä-Savo,Södra Savolax
07351,Kalkkisten koulu,11,Peruskoulut,1,2025,61.300549,25.690312,016,Asikkala,Asikkala,071,Lahti,Lahtis,07,Päijät-Häme,Päijänne-Tavastland
00306,Kallaveden lukio,15,Lukiot,0,2025,62.889432,27.687898,297,Kuopio,Kuopio,112,Kuopio,Kuopio,11,Pohjois-Savo,Norra Savolax
05962,Kalliokylän koulu,11,Peruskoulut,1,2025,63.591443,26.405395,263,Kiuruvesi,Kiuruvesi,111,Ylä-Savo,Norra Savolax,11,Pohjois-Savo,Norra Savolax
07376,Kalliolan koulu,11,Peruskoulut,0,2025,61.053377,25.664647,098,Hollola,Hollola,071,Lahti,Lahtis,07,Päijät-Häme,Päijänne-Tavastland
03280,Kalliomaan koulu,12,Peruskouluasteen erityiskoulut,0,2025,60.532181,25.108622,858,Tuusula,Tusby,011,Helsinki,Helsingfors,01,Uusimaa,Nyland
03011,Kallion ala-asteen koulu,11,Peruskoulut,0,2025,60.18754,24.943204,091,Helsinki,Helsingfors,011,Helsinki,Helsingfors,01,Uusimaa,Nyland
00255,Kallion lukio,15,Lukiot,0,2025,60.183834,24.955068,091,Helsinki,Helsingfors,011,Helsinki,Helsingfors,01,Uusimaa,Nyland
07590,Kallislahden koulu,11,Peruskoulut,1,2025,61.909539,28.596764,740,Savonlinna,Nyslott,103,Savonlinna,Nyslott,10,Etelä-Savo,Södra Savolax
03888,Kanavan koulu,11,Peruskoulut,0,2025,61.307916,23.751674,418,Lempäälä,Lempäälä,064,Tampere,Tammerfors,06,Pirkanmaa,Birkaland
04983,Kanavuoren koulu,11,Peruskoulut,6,2025,62.243479,25.865348,179,Jyväskylä,Jyväskylä,131,Jyväskylä,Jyväskylä,13,Keski-Suomi,Mellersta Finland
05910,Kanervalan koulu,11,Peruskoulut,1,2025,62.615694,29.743815,167,Joensuu,Joensuu,122,Joensuu,Joensuu,12,Pohjois-Karjala,Norra Karelen
03441,Kanervikon peruskoulu,12,Peruskouluasteen erityiskoulut,0,2025,60.994032,25.563973,398,Lahti,Lahtis,071,Lahti,Lahtis,07,Päijät-Häme,Päijänne-Tavastland
00256,Kangasalan lukio,15,Lukiot,0,2025,61.466901,24.04484,211,Kangasala,Kangasala,064,Tampere,Tammerfors,06,Pirkanmaa,Birkaland
06000,Kangaslammin koulu,11,Peruskoulut,0,2025,63.54574,27.225271,140,Iisalmi,Idensalmi,111,Ylä-Savo,Norra Savolax,11,Pohjois-Savo,Norra Savolax
06910,Kangaslammin koulu,11,Peruskoulut,1,2025,62.295424,28.254399,915,Varkaus,Varkaus,114,Varkaus,Varkaus,11,Pohjois-Savo,Norra Savolax
06775,Kangasmetsän koulu,11,Peruskoulut,0,2025,61.805642,22.404764,214,Kankaanpää,Kankaanpää,044,Pohjois-Satakunta,Norra Satakunta,04,Satakunta,Satakunta
00257,Kangasniemen lukio,15,Lukiot,0,2025,61.988278,26.63542,213,Kangasniemi,Kangasniemi,101,Mikkeli,S:t Michel,10,Etelä-Savo,Södra Savolax
04934,Kangasvarren koulu,11,Peruskoulut,0,2025,60.938645,27.764598,441,Luumäki,Luumäki,091,Lappeenranta,Villmanstrand,09,Etelä-Karjala,Södra Karelen
03879,Kangasvuoren päiväkotikoulu,11,Peruskoulut,0,2025,62.261651,25.79217,179,Jyväskylä,Jyväskylä,131,Jyväskylä,Jyväskylä,13,Keski-Suomi,Mellersta Finland
06984,Kankaan koulu,11,Peruskoulut,0,2025,62.597009,22.377571,301,Kurikka,Kurikka,142,Seinäjoki,Seinäjoki,14,Etelä-Pohjanmaa,Södra Österbotten
07385,Kankaan koulu,12,Peruskouluasteen erityiskoulut,0,2025,60.984342,25.516575,098,Hollola,Hollola,071,Lahti,Lahtis,07,Päijät-Häme,Päijänne-Tavastland
08245,Kankaan koulu,11,Peruskoulut,0,2025,61.606255,21.841744,609,Pori,Björneborg,043,Pori,Björneborg,04,Satakunta,Satakunta
00258,Kankaanpään Yhteislyseo,15,Lukiot,0,2025,61.807803,22.384787,214,Kankaanpää,Kankaanpää,044,Pohjois-Satakunta,Norra Satakunta,04,Satakunta,Satakunta
08644,Kankaantaan koulu,11,Peruskoulut,0,2025,61.484772,23.518186,536,Nokia,Nokia,064,Tampere,Tammerfors,06,Pirkanmaa,Birkaland
08873,Kankaisten koulu,11,Peruskoulut,0,2025,61.986522,26.6367,213,Kangasniemi,Kangasniemi,101,Mikkeli,S:t Michel,10,Etelä-Savo,Södra Savolax
04570,Kankaisten kyläkoulu,11,Peruskoulut,0,2025,62.188479,26.258731,850,Toivakka,Toivakka,131,Jyväskylä,Jyväskylä,13,Keski-Suomi,Mellersta Finland
03083,Kankarepuiston peruskoulu,11,Peruskoulut,0,2025,60.260582,25.079381,091,Helsinki,Helsingfors,011,Helsinki,Helsingfors,01,Uusimaa,Nyland
03080,Kannelmäen peruskoulu,11,Peruskoulut,0,2025,60.248361,24.88406,091,Helsinki,Helsingfors,011,Helsinki,Helsingfors,01,Uusimaa,Nyland
03811,Kanniston koulu,11,Peruskoulut,0,2025,60.327296,24.861164,092,Vantaa,Vanda,011,Helsinki,Helsingfors,01,Uusimaa,Nyland
04790,Kannonkosken koulu,11,Peruskoulut,0,2025,62.978409,25.270786,216,Kannonkoski,Kannonkoski,138,Saarijärvi-Viitasaari,Saarijärvi-Viitasaari,13,Keski-Suomi,Mellersta Finland
00260,Kannuksen lukio,15,Lukiot,0,2025,63.902596,23.926057,217,Kannus,Kannus,162,Kokkola,Karleby,16,Keski-Pohjanmaa,Mellersta Österbotten
05410,Kantakaupungin koulu,11,Peruskoulut,0,2025,62.279093,21.371933,287,Kristiinankaupunki,Kristinestad,153,Sydösterbotten,Sydösterbotten,15,Pohjanmaa,Österbotten
03648,Kantokasken koulu,11,Peruskoulut,0,2025,60.17631,24.603117,049,Espoo,Esbo,011,Helsinki,Helsingfors,01,Uusimaa,Nyland
03365,Kantvikin koulu,11,Peruskoulut,0,2025,60.09047,24.396958,257,Kirkkonummi,Kyrkslätt,011,Helsinki,Helsingfors,01,Uusimaa,Nyland
07647,Kapellby skola,11,Peruskoulut,0,2025,60.627124,26.204792,407,Lapinjärvi,Lappträsk,016,Loviisa,Lovisa,01,Uusimaa,Nyland
08423,Kappelimäen koulu,11,Peruskoulut,0,2025,60.878506,21.701105,400,Laitila,Laitila,024,Vakka-Suomi,Nystadsregionen,02,Varsinais-Suomi,Egentliga Finland
03160,Karakallion koulu,11,Peruskoulut,0,2025,60.20041,24.653762,049,Espoo,Esbo,011,Helsinki,Helsingfors,01,Uusimaa,Nyland
03149,Karamalmens skola,11,Peruskoulut,0,2025,60.195695,24.710466,235,Kauniainen,Grankulla,011,Helsinki,Helsingfors,01,Uusimaa,Nyland
03490,Karamzinin koulu,11,Peruskoulut,0,2025,62.30127,25.734885,179,Jyväskylä,Jyväskylä,131,Jyväskylä,Jyväskylä,13,Keski-Suomi,Mellersta Finland
08142,Karan koulu,11,Peruskoulut,0,2025,60.739018,24.761408,694,Riihimäki,Riihimäki,052,Riihimäki,Riihimäki,05,Kanta-Häme,Egentliga Tavastland
06507,Karhulan koulu,11,Peruskoulut,0,2025,60.515759,26.936839,285,Kotka,Kotka,082,Kotka-Hamina,Kotka-Fredrikshamn,08,Kymenlaakso,Kymmenedalen
00261,Karhulan lukio,15,Lukiot,0,2025,60.515759,26.936839,285,Kotka,Kotka,082,Kotka-Hamina,Kotka-Fredrikshamn,08,Kymenlaakso,Kymmenedalen
08867,Karhulanvaaran koulu,11,Peruskoulut,0,2025,64.881817,29.025567,777,Suomussalmi,Suomussalmi,181,Kehys-Kainuu,Kehys-Kainuu,18,Kainuu,Kajanaland
08050,Karhunkorven koulu,11,Peruskoulut,0,2025,60.489514,24.858096,543,Nurmijärvi,Nurmijärvi,011,Helsinki,Helsingfors,01,Uusimaa,Nyland
05916,Karhunmäen koulu,11,Peruskoulut,0,2025,62.57082,29.818375,167,Joensuu,Joensuu,122,Joensuu,Joensuu,12,Pohjois-Karjala,Norra Karelen
03124,Karhusuon koulu,11,Peruskoulut,0,2025,60.228008,24.62114,049,Espoo,Esbo,011,Helsinki,Helsingfors,01,Uusimaa,Nyland
06611,Karhuvuoren koulu,11,Peruskoulut,0,2025,60.484677,26.858005,285,Kotka,Kotka,082,Kotka-Hamina,Kotka-Fredrikshamn,08,Kymenlaakso,Kymmenedalen
03573,Karigasniemen koulu,11,Peruskoulut,0,2025,69.423761,25.823695,890,Utsjoki,Utsjoki,197,Pohjois-Lappi,Norra Lappland,19,Lappi,Lappland
04082,Karihaaran koulu,11,Peruskoulut,0,2025,65.754788,24.561226,240,Kemi,Kemi,192,Kemi-Tornio,Kemi-Torneå,19,Lappi,Lappland
03372,Karijoen koulu,11,Peruskoulut,0,2025,62.307621,21.728435,218,Karijoki,Bötom,141,Suupohja,Suupohja,14,Etelä-Pohjanmaa,Södra Österbotten
08511,Karin koulu,11,Peruskoulut,0,2025,61.126996,21.506096,684,Rauma,Raumo,041,Rauma,Raumo,04,Satakunta,Satakunta
08753,Karis svenska högstadium,11,Peruskoulut,0,2025,60.073416,23.663447,710,Raasepori,Raseborg,014,Raasepori,Raseborg,01,Uusimaa,Nyland
00262,Karis-Billnäs gymnasium,15,Lukiot,0,2025,60.075218,23.665405,710,Raasepori,Raseborg,014,Raasepori,Raseborg,01,Uusimaa,Nyland
07802,Kariston peruskoulu,11,Peruskoulut,0,2025,60.974076,25.755073,398,Lahti,Lahtis,071,Lahti,Lahtis,07,Päijät-Häme,Päijänne-Tavastland
00263,Karjaan lukio,15,Lukiot,0,2025,60.062603,23.660872,710,Raasepori,Raseborg,014,Raasepori,Raseborg,01,Uusimaa,Nyland
08110,Karjaan yhteiskoulu,11,Peruskoulut,0,2025,60.062603,23.660872,710,Raasepori,Raseborg,014,Raasepori,Raseborg,01,Uusimaa,Nyland
08462,Karjalan koulu,11,Peruskoulut,0,2025,60.787745,22.066042,503,Mynämäki,Mynämäki,023,Turku,Åbo,02,Varsinais-Suomi,Egentliga Finland
07964,Karjalohjan koulu,11,Peruskoulut,0,2025,60.252168,23.738811,444,Lohja,Lojo,011,Helsinki,Helsingfors,01,Uusimaa,Nyland
00266,Karkkilan lukio,15,Lukiot,0,2025,60.533703,24.209037,224,Karkkila,Högfors,011,Helsinki,Helsingfors,01,Uusimaa,Nyland
08725,Karkkilan yhteiskoulu,11,Peruskoulut,0,2025,60.533484,24.208418,224,Karkkila,Högfors,011,Helsinki,Helsingfors,01,Uusimaa,Nyland
05148,Karkun koulu,11,Peruskoulut,0,2025,61.438134,23.032064,790,Sastamala,Sastamala,068,Lounais-Pirkanmaa,Sydvästra Birkaland,06,Pirkanmaa,Birkaland
00061,Karleby svenska gymnasium,15,Lukiot,0,2025,63.843731,23.1017,272,Kokkola,Karleby,162,Kokkola,Karleby,16,Keski-Pohjanmaa,Mellersta Österbotten
05911,Karsikon koulu,11,Peruskoulut,0,2025,62.601674,29.802707,167,Joensuu,Joensuu,122,Joensuu,Joensuu,12,Pohjois-Karjala,Norra Karelen
00267,Karstulan lukio,15,Lukiot,0,2025,62.879733,24.810145,226,Karstula,Karstula,138,Saarijärvi-Viitasaari,Saarijärvi-Viitasaari,13,Keski-Suomi,Mellersta Finland
04866,Karstulan yhtenäiskoulu,11,Peruskoulut,0,2025,62.879733,24.810145,226,Karstula,Karstula,138,Saarijärvi-Viitasaari,Saarijärvi-Viitasaari,13,Keski-Suomi,Mellersta Finland
08101,Kartanon koulu,11,Peruskoulut,0,2025,60.481244,25.092499,186,Järvenpää,Träskända,011,Helsinki,Helsingfors,01,Uusimaa,Nyland
07771,Kartanon peruskoulu,11,Peruskoulut,0,2025,60.948767,25.815157,398,Lahti,Lahtis,071,Lahti,Lahtis,07,Päijät-Häme,Päijänne-Tavastland
03762,Kartanonkosken koulu,11,Peruskoulut,0,2025,60.280513,24.957878,092,Vantaa,Vanda,011,Helsinki,Helsingfors,01,Uusimaa,Nyland
03792,Kartanonrannan koulu,11,Peruskoulut,0,2025,60.152612,24.547613,257,Kirkkonummi,Kyrkslätt,011,Helsinki,Helsingfors,01,Uusimaa,Nyland
07572,Karttulan Kissakuusenkoulu,11,Peruskoulut,0,2025,62.897245,26.967992,297,Kuopio,Kuopio,112,Kuopio,Kuopio,11,Pohjois-Savo,Norra Savolax
04043,Karungin koulu,11,Peruskoulut,0,2025,66.033668,24.029094,851,Tornio,Torneå,192,Kemi-Tornio,Kemi-Torneå,19,Lappi,Lappland
03449,Karvetin koulu,11,Peruskoulut,0,2025,60.479424,22.051015,529,Naantali,Nådendal,023,Turku,Åbo,02,Varsinais-Suomi,Egentliga Finland
03111,Karviaistien koulu,12,Peruskouluasteen erityiskoulut,0,2025,60.247354,25.008206,091,Helsinki,Helsingfors,011,Helsinki,Helsingfors,01,Uusimaa,Nyland
05719,Karvian yhtenäiskoulu,11,Peruskoulut,0,2025,62.135648,22.56849,230,Karvia,Karvia,044,Pohjois-Satakunta,Norra Satakunta,04,Satakunta,Satakunta
07181,Karvion koulu,11,Peruskoulut,0,2025,62.508886,28.662024,090,Heinävesi,Heinävesi,122,Joensuu,Joensuu,12,Pohjois-Karjala,Norra Karelen
06573,Karvoskylän koulu,11,Peruskoulut,0,2025,63.857131,25.146614,535,Nivala,Nivala,176,Nivala-Haapajärvi,Nivala-Haapajärvi,17,Pohjois-Pohjanmaa,Norra Österbotten
05650,Karvsor skola,11,Peruskoulut,0,2025,63.246725,22.280628,946,Vöyri,Vörå,152,Vaasa,Vasa,15,Pohjanmaa,Österbotten
03440,Kasakkamäen peruskoulu,11,Peruskoulut,0,2025,60.975615,25.569903,398,Lahti,Lahtis,071,Lahti,Lahtis,07,Päijät-Häme,Päijänne-Tavastland
03176,Kasavuoren koulu,11,Peruskoulut,1,2025,60.215411,24.702986,235,Kauniainen,Grankulla,011,Helsinki,Helsingfors,01,Uusimaa,Nyland
03595,Kaskisten koulu,11,Peruskoulut,0,2025,62.390734,21.231171,231,Kaskinen,Kaskö,153,Sydösterbotten,Sydösterbotten,15,Pohjanmaa,Österbotten
07850,Kaskö svenska skola,11,Peruskoulut,0,2025,62.391368,21.22779,231,Kaskinen,Kaskö,153,Sydösterbotten,Sydösterbotten,15,Pohjanmaa,Österbotten
06316,Kastellin koulu,11,Peruskoulut,0,2025,65.001816,25.525348,564,Oulu,Uleåborg,171,Oulu,Uleåborg,17,Pohjois-Pohjanmaa,Norra Österbotten
00603,Kastellin lukio,15,Lukiot,0,2025,65.001816,25.525348,564,Oulu,Uleåborg,171,Oulu,Uleåborg,17,Pohjois-Pohjanmaa,Norra Österbotten
07088,Kasukkalan koulu,11,Peruskoulut,0,2025,60.966424,28.31327,405,Lappeenranta,Villmanstrand,091,Lappeenranta,Villmanstrand,09,Etelä-Karjala,Södra Karelen
07739,Kasurilan koulu,11,Peruskoulut,0,2025,63.045482,27.70196,749,Siilinjärvi,Siilinjärvi,112,Kuopio,Kuopio,11,Pohjois-Savo,Norra Savolax
06453,Katajan koulu,11,Peruskoulut,0,2025,64.067587,24.558649,977,Ylivieska,Ylivieska,177,Ylivieska,Ylivieska,17,Pohjois-Pohjanmaa,Norra Österbotten
03013,Katajanokan ala-asteen koulu,11,Peruskoulut,0,2025,60.167718,24.970057,091,Helsinki,Helsingfors,011,Helsinki,Helsingfors,01,Uusimaa,Nyland
08580,Katariinan koulu,12,Peruskouluasteen erityiskoulut,0,2025,60.461041,22.295626,853,Turku,Åbo,023,Turku,Åbo,02,Varsinais-Suomi,Egentliga Finland
08767,Katarinaskolan,11,Peruskoulut,0,2025,60.07406,23.65867,710,Raasepori,Raseborg,014,Raasepori,Raseborg,01,Uusimaa,Nyland
00775,Katedralskolan i Åbo,15,Lukiot,0,2025,60.450758,22.274721,853,Turku,Åbo,023,Turku,Åbo,02,Varsinais-Suomi,Egentliga Finland
03853,Kauhajoen Yhteiskoulu,11,Peruskoulut,0,2025,62.42335,22.17132,232,Kauhajoki,Kauhajoki,141,Suupohja,Suupohja,14,Etelä-Pohjanmaa,Södra Österbotten
07029,Kauhajoen koulukeskus,11,Peruskoulut,0,2025,62.422708,22.16215,232,Kauhajoki,Kauhajoki,141,Suupohja,Suupohja,14,Etelä-Pohjanmaa,Södra Österbotten
00268,Kauhajoen lukio,15,Lukiot,0,2025,62.422005,22.173768,232,Kauhajoki,Kauhajoki,141,Suupohja,Suupohja,14,Etelä-Pohjanmaa,Södra Österbotten
06798,Kauhajärven koulu,11,Peruskoulut,0,2025,63.012596,23.472214,408,Lapua,Lappo,142,Seinäjoki,Seinäjoki,14,Etelä-Pohjanmaa,Södra Österbotten
08442,Kauhanojan koulu,11,Peruskoulut,0,2025,60.82971,23.134157,430,Loimaa,Loimaa,025,Loimaa,Loimaa,02,Varsinais-Suomi,Egentliga Finland
00269,Kauhavan lukio,15,Lukiot,0,2025,63.098101,23.06475,233,Kauhava,Kauhava,142,Seinäjoki,Seinäjoki,14,Etelä-Pohjanmaa,Södra Österbotten
03884,Kauhavan yhtenäiskoulu,11,Peruskoulut,0,2025,63.098101,23.06475,233,Kauhava,Kauhava,142,Seinäjoki,Seinäjoki,14,Etelä-Pohjanmaa,Södra Österbotten
07089,Kaukaan koulu,11,Peruskoulut,0,2025,61.059391,28.233601,405,Lappeenranta,Villmanstrand,091,Lappeenranta,Villmanstrand,09,Etelä-Karjala,Södra Karelen
08658,Kaukajärven koulu,11,Peruskoulut,0,2025,61.471255,23.872063,837,Tampere,Tammerfors,064,Tampere,Tammerfors,06,Pirkanmaa,Birkaland
03161,Kauklahden koulu,11,Peruskoulut,0,2025,60.188713,24.594058,049,Espoo,Esbo,011,Helsinki,Helsingfors,01,Uusimaa,Nyland
04237,Kaukon koulu,11,Peruskoulut,0,2025,66.477537,25.668645,698,Rovaniemi,Rovaniemi,191,Rovaniemi,Rovaniemi,19,Lappi,Lappland
04111,Kaukosen koulu,11,Peruskoulut,0,2025,67.484993,24.905233,261,Kittilä,Kittilä,196,Tunturi-Lappi,Tunturi-Lappi,19,Lappi,Lappland
06330,Kaukovainion yhtenäinen perusk,11,Peruskoulut,0,2025,64.993402,25.514891,564,Oulu,Uleåborg,171,Oulu,Uleåborg,17,Pohjois-Pohjanmaa,Norra Österbotten
04384,Kaulirannan koulu,11,Peruskoulut,2,2025,66.457729,23.675225,976,Ylitornio,Övertorneå,193,Torniolaakso,Tornedalen,19,Lappi,Lappland
00270,Kauniaisten lukio,15,Lukiot,0,2025,60.215411,24.702986,235,Kauniainen,Grankulla,011,Helsinki,Helsingfors,01,Uusimaa,Nyland
03909,Kauniaisten peruskoulu,11,Peruskoulut,0,2025,60.213111,24.715459,235,Kauniainen,Grankulla,011,Helsinki,Helsingfors,01,Uusimaa,Nyland
07444,Kaunisnurmen koulu,11,Peruskoulut,0,2025,60.867573,26.685845,286,Kouvola,Kouvola,081,Kouvola,Kouvola,08,Kymenlaakso,Kymmenedalen
00431,Loviisan lukio,15,Lukiot,0,2025,60.456594,26.218309,434,Loviisa,Lovisa,016,Loviisa,Lovisa,01,Uusimaa,Nyland
05995,Kauppis-Heikin koulu,11,Peruskoulut,0,2025,63.517267,27.239807,140,Iisalmi,Idensalmi,111,Ylä-Savo,Norra Savolax,11,Pohjois-Savo,Norra Savolax
08732,Kauraslammen koulu,11,Peruskoulut,0,2025,61.568682,23.601813,980,Ylöjärvi,Ylöjärvi,064,Tampere,Tammerfors,06,Pirkanmaa,Birkaland
08813,Kaurialan koulu,11,Peruskoulut,0,2025,60.987885,24.456736,109,Hämeenlinna,Tavastehus,051,Hämeenlinna,Tavastehus,05,Kanta-Häme,Egentliga Tavastland
00101,Kaurialan lukio,15,Lukiot,0,2025,60.995229,24.450304,109,Hämeenlinna,Tavastehus,051,Hämeenlinna,Tavastehus,05,Kanta-Häme,Egentliga Tavastland
07408,Kausalan koulu,11,Peruskoulut,0,2025,60.892115,26.347228,142,Iitti,Iitti,071,Lahti,Lahtis,07,Päijät-Häme,Päijänne-Tavastland
07417,Kausan koulu,12,Peruskouluasteen erityiskoulut,0,2025,60.892115,26.347228,142,Iitti,Iitti,071,Lahti,Lahtis,07,Päijät-Häme,Päijänne-Tavastland
05845,Kaustisen keskuskoulu (1-6),11,Peruskoulut,0,2025,63.54602,23.69247,236,Kaustinen,Kaustby,161,Kaustinen,Kaustby,16,Keski-Pohjanmaa,Mellersta Österbotten
05842,Kaustisen keskuskoulu (7-9),11,Peruskoulut,0,2025,63.54602,23.69247,236,Kaustinen,Kaustby,161,Kaustinen,Kaustby,16,Keski-Pohjanmaa,Mellersta Österbotten
00478,Kaustisen musiikkilukio,15,Lukiot,0,2025,63.545136,23.693116,236,Kaustinen,Kaustby,161,Kaustinen,Kaustby,16,Keski-Pohjanmaa,Mellersta Österbotten
08367,Kauttuan koulu,11,Peruskoulut,0,2025,61.119945,22.157177,050,Eura,Eura,041,Rauma,Raumo,04,Satakunta,Satakunta
08487,Kauvatsan päiväkotikoulu,11,Peruskoulut,0,2025,61.33484,22.487504,271,Kokemäki,Kumo,043,Pori,Björneborg,04,Satakunta,Satakunta
07745,Kehvon koulu,11,Peruskoulut,0,2025,63.002715,27.552793,749,Siilinjärvi,Siilinjärvi,112,Kuopio,Kuopio,11,Pohjois-Savo,Norra Savolax
03890,Keimolanmäen koulu,11,Peruskoulut,0,2025,60.317682,24.828799,092,Vantaa,Vanda,011,Helsinki,Helsingfors,01,Uusimaa,Nyland
03677,Keinumäen koulu,12,Peruskouluasteen erityiskoulut,0,2025,60.220466,24.688423,235,Kauniainen,Grankulla,011,Helsinki,Helsingfors,01,Uusimaa,Nyland
03251,Keinutien ala-asteen koulu,11,Peruskoulut,0,2025,60.234988,25.070963,091,Helsinki,Helsingfors,011,Helsinki,Helsingfors,01,Uusimaa,Nyland
08711,Kelhon koulu,11,Peruskoulut,0,2025,61.270805,23.852954,418,Lempäälä,Lempäälä,064,Tampere,Tammerfors,06,Pirkanmaa,Birkaland
05096,Keljonkankaan yhtenäiskoulu,11,Peruskoulut,0,2025,62.190028,25.707412,179,Jyväskylä,Jyväskylä,131,Jyväskylä,Jyväskylä,13,Keski-Suomi,Mellersta Finland
07591,Kellarpellon koulu,11,Peruskoulut,0,2025,61.881032,28.803883,740,Savonlinna,Nyslott,103,Savonlinna,Nyslott,10,Etelä-Savo,Södra Savolax
08589,Kellokosken koulu,11,Peruskoulut,0,2025,60.532793,25.098634,858,Tuusula,Tusby,011,Helsinki,Helsingfors,01,Uusimaa,Nyland
03516,Kellon koulu,11,Peruskoulut,0,2025,65.126229,25.355162,564,Oulu,Uleåborg,171,Oulu,Uleåborg,17,Pohjois-Pohjanmaa,Norra Österbotten
05099,Keltinmäen koulu,11,Peruskoulut,0,2025,62.22932,25.678649,179,Jyväskylä,Jyväskylä,131,Jyväskylä,Jyväskylä,13,Keski-Suomi,Mellersta Finland
00271,Kemijärven lukio,15,Lukiot,0,2025,66.710922,27.42572,320,Kemijärvi,Kemijärvi,194,Itä-Lappi,Östra Lappland,19,Lappi,Lappland
00272,Kemin lyseon lukio,15,Lukiot,0,2025,65.731774,24.562023,240,Kemi,Kemi,192,Kemi-Tornio,Kemi-Torneå,19,Lappi,Lappland
04104,Keminmaan keskuskoulu,11,Peruskoulut,0,2025,65.802262,24.54284,241,Keminmaa,Keminmaa,192,Kemi-Tornio,Kemi-Torneå,19,Lappi,Lappland
00474,Keminmaan lukio,15,Lukiot,0,2025,65.802262,24.54284,241,Keminmaa,Keminmaa,192,Kemi-Tornio,Kemi-Torneå,19,Lappi,Lappland
04636,Kemiönsaaren keskuskoulu,11,Peruskoulut,0,2025,60.162497,22.726011,322,Kemiönsaari,Kimitoön,021,Åboland-Turunmaa,Åboland-Turunmaa,02,Varsinais-Suomi,Egentliga Finland
00479,Kempeleen lukio,15,Lukiot,0,2025,64.917548,25.481979,244,Kempele,Kempele,171,Oulu,Uleåborg,17,Pohjois-Pohjanmaa,Norra Österbotten
07573,Kemppaanmäen koulu,11,Peruskoulut,6,2025,62.875924,27.187075,297,Kuopio,Kuopio,112,Kuopio,Kuopio,11,Pohjois-Savo,Norra Savolax
04639,Kepolan koulu,11,Peruskoulut,0,2025,61.126208,22.306445,783,Säkylä,Säkylä,041,Rauma,Raumo,04,Satakunta,Satakunta
00275,Keravan lukio,15,Lukiot,0,2025,60.405464,25.099043,245,Kerava,Kervo,011,Helsinki,Helsingfors,01,Uusimaa,Nyland
08113,Keravanjoen koulu,11,Peruskoulut,0,2025,60.402162,25.1348,245,Kerava,Kervo,011,Helsinki,Helsingfors,01,Uusimaa,Nyland
07159,Kerimäen koulu,11,Peruskoulut,0,2025,61.914584,29.271832,740,Savonlinna,Nyslott,103,Savonlinna,Nyslott,10,Etelä-Savo,Södra Savolax
07753,Kerkonjoen koulu,11,Peruskoulut,1,2025,62.755485,26.692515,686,Rautalampi,Rautalampi,115,Sisä-Savo,Inre Savolax,11,Pohjois-Savo,Norra Savolax
04671,Kerttulan ala-aste,11,Peruskoulut,0,2025,60.496601,22.15655,680,Raisio,Reso,023,Turku,Åbo,02,Varsinais-Suomi,Egentliga Finland
00008,Kerttulin lukio,15,Lukiot,0,2025,60.449596,22.283047,853,Turku,Åbo,023,Turku,Åbo,02,Varsinais-Suomi,Egentliga Finland
03885,Kertunlaakson koulu,11,Peruskoulut,0,2025,62.809982,22.90686,743,Seinäjoki,Seinäjoki,142,Seinäjoki,Seinäjoki,14,Etelä-Pohjanmaa,Södra Österbotten
03794,Keski-Nurmon koulu,11,Peruskoulut,0,2025,62.77521,23.002866,743,Seinäjoki,Seinäjoki,142,Seinäjoki,Seinäjoki,14,Etelä-Pohjanmaa,Södra Österbotten
04905,Keski-Palokan koulu,11,Peruskoulut,0,2025,62.292685,25.714983,179,Jyväskylä,Jyväskylä,131,Jyväskylä,Jyväskylä,13,Keski-Suomi,Mellersta Finland
03718,Keski-Uudenmaan kristillinen koulu,11,Peruskoulut,0,2025,60.460774,25.089226,186,Järvenpää,Träskända,011,Helsinki,Helsingfors,01,Uusimaa,Nyland
03580,Keskuskoulu,11,Peruskoulut,0,2025,64.225818,27.724108,205,Kajaani,Kajana,182,Kajaani,Kajana,18,Kainuu,Kajanaland
06489,Keskuskoulu,11,Peruskoulut,0,2025,64.686161,24.484585,678,Raahe,Brahestad,174,Raahe,Brahestad,17,Pohjois-Pohjanmaa,Norra Österbotten
06793,Keskuskoulu,11,Peruskoulut,0,2025,62.965107,23.011222,408,Lapua,Lappo,142,Seinäjoki,Seinäjoki,14,Etelä-Pohjanmaa,Södra Österbotten
07230,Keskuskoulu,11,Peruskoulut,0,2025,60.392507,25.67527,638,Porvoo,Borgå,015,Porvoo,Borgå,01,Uusimaa,Nyland
08080,Keskuskoulu,11,Peruskoulut,0,2025,59.829804,22.967078,078,Hanko,Hangö,014,Raasepori,Raseborg,01,Uusimaa,Nyland
08116,Keskuskoulu,11,Peruskoulut,0,2025,60.413377,25.090881,245,Kerava,Kervo,011,Helsinki,Helsingfors,01,Uusimaa,Nyland
08182,Keskuskoulu,11,Peruskoulut,0,2025,60.813228,23.628879,061,Forssa,Forssa,053,Forssa,Forssa,05,Kanta-Häme,Egentliga Tavastland
08277,Keskuskoulun ala-aste,11,Peruskoulut,0,2025,61.111282,23.122178,619,Punkalaidun,Punkalaidun,068,Lounais-Pirkanmaa,Sydvästra Birkaland,06,Pirkanmaa,Birkaland
07394,Keskuskoulun koulu,11,Peruskoulut,0,2025,63.098402,21.610588,905,Vaasa,Vasa,152,Vaasa,Vasa,15,Pohjanmaa,Österbotten
03833,Keskustan alakoulu,11,Peruskoulut,0,2025,61.313954,22.152375,079,Harjavalta,Harjavalta,043,Pori,Björneborg,04,Satakunta,Satakunta
06776,Keskustan koulu,11,Peruskoulut,0,2025,61.803535,22.391035,214,Kankaanpää,Kankaanpää,044,Pohjois-Satakunta,Norra Satakunta,04,Satakunta,Satakunta
07305,Keskustan koulu,11,Peruskoulut,0,2025,62.996897,22.316896,152,Isokyrö,Storkyro,142,Seinäjoki,Seinäjoki,14,Etelä-Pohjanmaa,Södra Österbotten
08795,Keskustan koulu,11,Peruskoulut,0,2025,61.205405,21.744151,051,Eurajoki,Euraåminne,041,Rauma,Raumo,04,Satakunta,Satakunta
08861,Keskustan koulu,11,Peruskoulut,0,2025,60.911411,26.622355,286,Kouvola,Kouvola,081,Kouvola,Kouvola,08,Kymenlaakso,Kymmenedalen
08471,Keskustan yläkoulu,11,Peruskoulut,0,2025,61.313954,22.152375,079,Harjavalta,Harjavalta,043,Pori,Björneborg,04,Satakunta,Satakunta
05373,Kestilän alakoulu,11,Peruskoulut,0,2025,64.35306,26.286485,791,Siikalatva,Siikalatva,175,Haapavesi-Siikalatva,Haapavesi-Siikalatva,17,Pohjois-Pohjanmaa,Norra Österbotten
05460,Kesälahden koulu,11,Peruskoulut,0,2025,61.89227,29.828435,260,Kitee,Kitee,124,Keski-Karjala,Mellersta Karelen,12,Pohjois-Karjala,Norra Karelen
07090,Kesämäen koulu,11,Peruskoulut,0,2025,61.046924,28.174616,405,Lappeenranta,Villmanstrand,091,Lappeenranta,Villmanstrand,09,Etelä-Karjala,Södra Karelen
06277,Ketolanperän koulu,11,Peruskoulut,0,2025,64.867803,25.588122,244,Kempele,Kempele,171,Oulu,Uleåborg,17,Pohjois-Pohjanmaa,Norra Österbotten
07537,Kettulan koulu,11,Peruskoulut,0,2025,62.921306,27.683919,297,Kuopio,Kuopio,112,Kuopio,Kuopio,11,Pohjois-Savo,Norra Savolax
06085,Keuruun ala-aste,11,Peruskoulut,0,2025,62.26155,24.704577,249,Keuruu,Keuruu,133,Keuruu,Keuru,13,Keski-Suomi,Mellersta Finland
00277,Keuruun yhteiskoulun lukio,15,Lukiot,0,2025,62.261744,24.701114,249,Keuruu,Keuruu,133,Keuruu,Keuru,13,Keski-Suomi,Mellersta Finland
06078,Keuruun yhteiskoulun yläkoulu,11,Peruskoulut,0,2025,62.261744,24.701114,249,Keuruu,Keuruu,133,Keuruu,Keuru,13,Keski-Suomi,Mellersta Finland
08908,Kevätkummun koulu,11,Peruskoulut,0,2025,60.387952,25.699623,638,Porvoo,Borgå,015,Porvoo,Borgå,01,Uusimaa,Nyland
03757,Kielikylpykoulu,11,Peruskoulut,0,2025,63.667822,22.699177,598,Pietarsaari,Jakobstad,154,Jakobstadsregionen,Jakobstadsregionen,15,Pohjanmaa,Österbotten
05727,Kihniön yhtenäiskoulu,11,Peruskoulut,0,2025,62.209264,23.180449,250,Kihniö,Kihniö,061,Luoteis-Pirkanmaa,Nordvästra Birkaland,06,Pirkanmaa,Birkaland
05919,Kiihtelysvaaran alakoulu,11,Peruskoulut,0,2025,62.481661,30.258532,167,Joensuu,Joensuu,122,Joensuu,Joensuu,12,Pohjois-Karjala,Norra Karelen
04630,Kiikan koulu,11,Peruskoulut,0,2025,61.327616,22.762254,790,Sastamala,Sastamala,068,Lounais-Pirkanmaa,Sydvästra Birkaland,06,Pirkanmaa,Birkaland
08111,Kiilan koulu,11,Peruskoulut,0,2025,60.063461,23.658916,710,Raasepori,Raseborg,014,Raasepori,Raseborg,01,Uusimaa,Nyland
00326,Kiimingin lukio,15,Lukiot,0,2025,65.12956,25.769995,564,Oulu,Uleåborg,171,Oulu,Uleåborg,17,Pohjois-Pohjanmaa,Norra Österbotten
06551,Kiiminkijoen koulu,11,Peruskoulut,0,2025,65.13058,25.785058,564,Oulu,Uleåborg,171,Oulu,Uleåborg,17,Pohjois-Pohjanmaa,Norra Österbotten
06547,Kiiminkipuiston koulu,11,Peruskoulut,0,2025,65.127969,25.790633,564,Oulu,Uleåborg,171,Oulu,Uleåborg,17,Pohjois-Pohjanmaa,Norra Österbotten
03313,Kiinamyllyn koulu,12,Peruskouluasteen erityiskoulut,0,2025,60.448486,22.294879,853,Turku,Åbo,023,Turku,Åbo,02,Varsinais-Suomi,Egentliga Finland
07970,Kiiruun koulu,11,Peruskoulut,0,2025,60.629128,23.509323,761,Somero,Somero,022,Salo,Salo,02,Varsinais-Suomi,Egentliga Finland
03787,Kiiskilän koulu,11,Peruskoulut,0,2025,63.804034,24.65632,746,Sievi,Sievi,177,Ylivieska,Ylivieska,17,Pohjois-Pohjanmaa,Norra Österbotten
03360,Killan koulu,11,Peruskoulut,0,2025,60.404399,25.083019,245,Kerava,Kervo,011,Helsinki,Helsingfors,01,Uusimaa,Nyland
07481,Killinkosken koulu,11,Peruskoulut,0,2025,62.408695,23.894979,936,Virrat,Virdois,069,Ylä-Pirkanmaa,Övre Birkaland,06,Pirkanmaa,Birkaland
03488,Kilon koulu,11,Peruskoulut,0,2025,60.412147,22.411887,202,Kaarina,S:t Karins,023,Turku,Åbo,02,Varsinais-Suomi,Egentliga Finland
03731,Kilonpuiston koulu,11,Peruskoulut,0,2025,60.209797,24.651738,049,Espoo,Esbo,011,Helsinki,Helsingfors,01,Uusimaa,Nyland
06002,Kilpijärven koulu,11,Peruskoulut,0,2025,63.577066,27.212686,140,Iisalmi,Idensalmi,111,Ylä-Savo,Norra Savolax,11,Pohjois-Savo,Norra Savolax
05083,Kilpisen Yhtenäiskoulu,11,Peruskoulut,0,2025,62.229123,25.715859,179,Jyväskylä,Jyväskylä,131,Jyväskylä,Jyväskylä,13,Keski-Suomi,Mellersta Finland
03373,Kilpisjärven koulu,11,Peruskoulut,0,2025,69.019021,20.865024,047,Enontekiö,Enontekis,196,Tunturi-Lappi,Tunturi-Lappi,19,Lappi,Lappland
03212,Kilterin koulu,11,Peruskoulut,0,2025,60.261232,24.849966,092,Vantaa,Vanda,011,Helsinki,Helsingfors,01,Uusimaa,Nyland
05702,Kilvakkalan koulu,11,Peruskoulut,0,2025,61.761145,23.0102,143,Ikaalinen,Ikalis,061,Luoteis-Pirkanmaa,Nordvästra Birkaland,06,Pirkanmaa,Birkaland
04076,Kimitonejdens skola,11,Peruskoulut,0,2025,60.162497,22.726011,322,Kemiönsaari,Kimitoön,021,Åboland-Turunmaa,Åboland-Turunmaa,02,Varsinais-Suomi,Egentliga Finland
00329,Kimitoöns gymnasium,15,Lukiot,0,2025,60.162497,22.726011,322,Kemiönsaari,Kimitoön,021,Åboland-Turunmaa,Åboland-Turunmaa,02,Varsinais-Suomi,Egentliga Finland
05640,Kimo skola,11,Peruskoulut,0,2025,63.24777,22.446264,946,Vöyri,Vörå,152,Vaasa,Vasa,15,Pohjanmaa,Österbotten
07080,Kimpisen koulu,11,Peruskoulut,0,2025,61.058274,28.200064,405,Lappeenranta,Villmanstrand,091,Lappeenranta,Villmanstrand,09,Etelä-Karjala,Södra Karelen
00413,Kimpisen lukio,15,Lukiot,1,2025,61.058906,28.198717,405,Lappeenranta,Villmanstrand,091,Lappeenranta,Villmanstrand,09,Etelä-Karjala,Södra Karelen
04877,Kinkomaan koulu,11,Peruskoulut,0,2025,62.158255,25.752358,500,Muurame,Muurame,131,Jyväskylä,Jyväskylä,13,Keski-Suomi,Mellersta Finland
08107,Kinnarin koulu,11,Peruskoulut,0,2025,60.471106,25.103246,186,Järvenpää,Träskända,011,Helsinki,Helsingfors,01,Uusimaa,Nyland
04883,Kinnulan keskuskoulu,11,Peruskoulut,0,2025,63.360411,24.980924,256,Kinnula,Kinnula,138,Saarijärvi-Viitasaari,Saarijärvi-Viitasaari,13,Keski-Suomi,Mellersta Finland
00538,Kinnulan lukio,15,Lukiot,0,2025,63.360411,24.980924,256,Kinnula,Kinnula,138,Saarijärvi-Viitasaari,Saarijärvi-Viitasaari,13,Keski-Suomi,Mellersta Finland
06128,Kintauden koulu,11,Peruskoulut,0,2025,62.272847,25.334121,592,Petäjävesi,Petäjävesi,131,Jyväskylä,Jyväskylä,13,Keski-Suomi,Mellersta Finland
04093,Kipinän peruskoulu,11,Peruskoulut,2,2025,65.280674,26.552003,615,Pudasjärvi,Pudasjärvi,173,Oulunkaari,Oulunkaari,17,Pohjois-Pohjanmaa,Norra Österbotten
06952,Kirja-Matin koulu,11,Peruskoulut,0,2025,62.950409,22.528932,743,Seinäjoki,Seinäjoki,142,Seinäjoki,Seinäjoki,14,Etelä-Pohjanmaa,Södra Österbotten
05601,Kirjala skola,11,Peruskoulut,0,2025,60.34681,22.382865,445,Parainen,Pargas,021,Åboland-Turunmaa,Åboland-Turunmaa,02,Varsinais-Suomi,Egentliga Finland
07262,Kirjolan koulu,11,Peruskoulut,0,2025,61.548511,29.508137,580,Parikkala,Parikkala,093,Imatra,Imatra,09,Etelä-Karjala,Södra Karelen
07192,Kirkkiksen koulu,11,Peruskoulut,0,2025,61.198728,26.040882,111,Heinola,Heinola,071,Lahti,Lahtis,07,Päijät-Häme,Päijänne-Tavastland
04893,Kirkkoharjun koulu,11,Peruskoulut,0,2025,61.464168,24.063425,211,Kangasala,Kangasala,064,Tampere,Tammerfors,06,Pirkanmaa,Birkaland
03362,Kirkkojärven koulu,11,Peruskoulut,0,2025,60.209425,24.664255,049,Espoo,Esbo,011,Helsinki,Helsingfors,01,Uusimaa,Nyland
07140,Kirkkojärven koulu,11,Peruskoulut,0,2025,60.596179,27.211937,075,Hamina,Fredrikshamn,082,Kotka-Hamina,Kotka-Fredrikshamn,08,Kymenlaakso,Kymmenedalen
05470,Kirkkokadun koulu,11,Peruskoulut,0,2025,63.545985,29.133959,541,Nurmes,Nurmes,125,Pielisen Karjala,Pielisen Karjala,12,Pohjois-Karjala,Norra Karelen
04430,Kirkkokedon koulu,11,Peruskoulut,0,2025,65.963216,29.191023,305,Kuusamo,Kuusamo,178,Koillismaa,Koillismaa,17,Pohjois-Pohjanmaa,Norra Österbotten
05307,Kirkkomännikön koulu,11,Peruskoulut,0,2025,62.591924,23.620273,010,Alavus,Alavus,144,Kuusiokunnat,Kuusiokunnat,14,Etelä-Pohjanmaa,Södra Österbotten
06410,Kirkkomännikön koulu,11,Peruskoulut,0,2025,64.762636,25.65368,859,Tyrnävä,Tyrnävä,171,Oulu,Uleåborg,17,Pohjois-Pohjanmaa,Norra Österbotten
08364,Kirkonkulman koulu,11,Peruskoulut,0,2025,60.601103,22.540127,019,Aura,Aura,025,Loimaa,Loimaa,02,Varsinais-Suomi,Egentliga Finland
08819,Kirkonkulman koulu,11,Peruskoulut,0,2025,60.968406,24.525885,109,Hämeenlinna,Tavastehus,051,Hämeenlinna,Tavastehus,05,Kanta-Häme,Egentliga Tavastland
08126,Kirkonkulman yhtenäiskoulu,11,Peruskoulut,0,2025,60.935183,23.363258,103,Humppila,Humppila,053,Forssa,Forssa,05,Kanta-Häme,Egentliga Tavastland
03583,Kirkonkylän koulu,11,Peruskoulut,0,2025,61.170776,28.052486,831,Taipalsaari,Taipalsaari,091,Lappeenranta,Villmanstrand,09,Etelä-Karjala,Södra Karelen
03807,Kirkonkylän koulu,11,Peruskoulut,0,2025,60.669519,27.695621,489,Miehikkälä,Miehikkälä,082,Kotka-Hamina,Kotka-Fredrikshamn,08,Kymenlaakso,Kymmenedalen
03904,Kirkonkylän koulu,11,Peruskoulut,0,2025,62.979729,22.000105,399,Laihia,Laihela,152,Vaasa,Vasa,15,Pohjanmaa,Österbotten
04294,Kirkonkylän koulu,11,Peruskoulut,0,2025,66.818658,28.674534,732,Salla,Salla,194,Itä-Lappi,Östra Lappland,19,Lappi,Lappland
04754,Kirkonkylän koulu,11,Peruskoulut,0,2025,61.458991,23.590642,604,Pirkkala,Birkala,064,Tampere,Tammerfors,06,Pirkanmaa,Birkaland
05689,Kirkonkylän koulu,11,Peruskoulut,0,2025,61.641747,23.195952,108,Hämeenkyrö,Tavastkyro,064,Tampere,Tammerfors,06,Pirkanmaa,Birkaland
05817,Kirkonkylän koulu,11,Peruskoulut,0,2025,63.360148,23.45652,052,Evijärvi,Evijärvi,146,Järviseutu,Järviseutu,14,Etelä-Pohjanmaa,Södra Österbotten
05981,Kirkonkylän koulu,11,Peruskoulut,0,2025,63.740528,27.004902,925,Vieremä,Vieremä,111,Ylä-Savo,Norra Savolax,11,Pohjois-Savo,Norra Savolax
06129,Kirkonkylän koulu,11,Peruskoulut,0,2025,62.259713,25.184531,592,Petäjävesi,Petäjävesi,131,Jyväskylä,Jyväskylä,13,Keski-Suomi,Mellersta Finland
06169,Kirkonkylän koulu,11,Peruskoulut,0,2025,61.988993,26.64106,213,Kangasniemi,Kangasniemi,101,Mikkeli,S:t Michel,10,Etelä-Savo,Södra Savolax
06278,Kirkonkylän koulu,11,Peruskoulut,0,2025,64.917891,25.484814,244,Kempele,Kempele,171,Oulu,Uleåborg,17,Pohjois-Pohjanmaa,Norra Österbotten
06297,Kirkonkylän koulu,11,Peruskoulut,0,2025,64.803554,26.00733,494,Muhos,Muhos,171,Oulu,Uleåborg,17,Pohjois-Pohjanmaa,Norra Österbotten
06640,Kirkonkylän koulu,11,Peruskoulut,0,2025,63.214186,24.423446,584,Perho,Perho,161,Kaustinen,Kaustby,16,Keski-Pohjanmaa,Mellersta Österbotten
06815,Kirkonkylän koulu,11,Peruskoulut,2,2025,62.768829,29.851759,276,Kontiolahti,Kontiolahti,122,Joensuu,Joensuu,12,Pohjois-Karjala,Norra Karelen
07005,Kirkonkylän koulu,11,Peruskoulut,0,2025,62.489431,22.743162,301,Kurikka,Kurikka,142,Seinäjoki,Seinäjoki,14,Etelä-Pohjanmaa,Södra Österbotten
07615,Kirkonkylän koulu,11,Peruskoulut,0,2025,60.647966,25.58251,616,Pukkila,Pukkila,015,Porvoo,Borgå,01,Uusimaa,Nyland
07674,Kirkonkylän koulu,11,Peruskoulut,0,2025,61.790662,24.457874,177,Juupajoki,Juupajoki,069,Ylä-Pirkanmaa,Övre Birkaland,06,Pirkanmaa,Birkaland
08031,Kirkonkylän koulu,11,Peruskoulut,0,2025,60.63795,25.324987,505,Mäntsälä,Mäntsälä,011,Helsinki,Helsingfors,01,Uusimaa,Nyland
08065,Kirkonkylän koulu,11,Peruskoulut,0,2025,60.093406,23.516888,710,Raasepori,Raseborg,014,Raasepori,Raseborg,01,Uusimaa,Nyland
08255,Kirkonkylän koulu,11,Peruskoulut,2,2025,60.19987,23.12864,734,Salo,Salo,022,Salo,Salo,02,Varsinais-Suomi,Egentliga Finland
08272,Kirkonkylän koulu,11,Peruskoulut,0,2025,61.699,22.018651,608,Pomarkku,Påmark,043,Pori,Björneborg,04,Satakunta,Satakunta
08302,Kirkonkylän koulu,11,Peruskoulut,0,2025,60.543271,22.220652,704,Rusko,Rusko,023,Turku,Åbo,02,Varsinais-Suomi,Egentliga Finland
08360,Kirkonkylän koulu,11,Peruskoulut,0,2025,60.957507,22.856953,430,Loimaa,Loimaa,025,Loimaa,Loimaa,02,Varsinais-Suomi,Egentliga Finland
08368,Kirkonkylän koulu,11,Peruskoulut,0,2025,61.132262,22.128537,050,Eura,Eura,041,Rauma,Raumo,04,Satakunta,Satakunta
08866,Kirkonkylän koulu,11,Peruskoulut,0,2025,61.361441,24.659429,635,Pälkäne,Pälkäne,064,Tampere,Tammerfors,06,Pirkanmaa,Birkaland
04511,Kirkonkylän peruskoulu,11,Peruskoulut,0,2025,65.571533,28.221144,832,Taivalkoski,Taivalkoski,178,Koillismaa,Koillismaa,17,Pohjois-Pohjanmaa,Norra Österbotten
07773,Kirkonkylän peruskoulu,11,Peruskoulut,0,2025,60.948346,25.92221,398,Lahti,Lahtis,071,Lahti,Lahtis,07,Päijät-Häme,Päijänne-Tavastland
04096,Kirkonmäen koulu,11,Peruskoulut,0,2025,65.802262,24.54284,241,Keminmaa,Keminmaa,192,Kemi-Tornio,Kemi-Torneå,19,Lappi,Lappland
07976,Kirkonmäen koulu,11,Peruskoulut,0,2025,60.618517,23.513605,761,Somero,Somero,022,Salo,Salo,02,Varsinais-Suomi,Egentliga Finland
04661,Kirkonpiirin koulu,11,Peruskoulut,0,2025,60.61858,22.12974,538,Nousiainen,Nousis,023,Turku,Åbo,02,Varsinais-Suomi,Egentliga Finland
08351,Kirkonseudun koulu,11,Peruskoulut,0,2025,61.368229,22.016541,531,Nakkila,Nakkila,043,Pori,Björneborg,04,Satakunta,Satakunta
03235,Kirstin koulu,11,Peruskoulut,0,2025,60.201502,24.669817,049,Espoo,Esbo,011,Helsinki,Helsingfors,01,Uusimaa,Nyland
06377,Kisatien koulu,11,Peruskoulut,0,2025,63.600483,24.959316,691,Reisjärvi,Reisjärvi,176,Nivala-Haapajärvi,Nivala-Haapajärvi,17,Pohjois-Pohjanmaa,Norra Österbotten
08681,Kissanmaan koulu,11,Peruskoulut,0,2025,61.498396,23.798517,837,Tampere,Tammerfors,064,Tampere,Tammerfors,06,Pirkanmaa,Birkaland
00279,Kiteen lukio,15,Lukiot,0,2025,62.102772,30.133284,260,Kitee,Kitee,124,Keski-Karjala,Mellersta Karelen,12,Pohjois-Karjala,Norra Karelen
00280,Kittilän lukio,15,Lukiot,0,2025,67.651311,24.91234,261,Kittilä,Kittilä,196,Tunturi-Lappi,Tunturi-Lappi,19,Lappi,Lappland
04107,Kittilän yläkoulu,11,Peruskoulut,0,2025,67.65029,24.910426,261,Kittilä,Kittilä,196,Tunturi-Lappi,Tunturi-Lappi,19,Lappi,Lappland
08413,Kiukaisten koulu,11,Peruskoulut,0,2025,61.211369,22.09628,050,Eura,Eura,041,Rauma,Raumo,04,Satakunta,Satakunta
03806,Kiuruveden erityiskoulu,12,Peruskouluasteen erityiskoulut,0,2025,63.760458,26.782852,263,Kiuruvesi,Kiuruvesi,111,Ylä-Savo,Norra Savolax,11,Pohjois-Savo,Norra Savolax
00282,Kiuruveden lukio,15,Lukiot,0,2025,63.648501,26.618297,263,Kiuruvesi,Kiuruvesi,111,Ylä-Savo,Norra Savolax,11,Pohjois-Savo,Norra Savolax
05956,Kiuruveden yläkoulu,11,Peruskoulut,0,2025,63.653865,26.615632,263,Kiuruvesi,Kiuruvesi,111,Ylä-Savo,Norra Savolax,11,Pohjois-Savo,Norra Savolax
07324,Kivelän koulu,11,Peruskoulut,0,2025,62.490501,27.794297,420,Leppävirta,Leppävirta,114,Varkaus,Varkaus,11,Pohjois-Savo,Norra Savolax
08063,Kivenpuiston koulu,12,Peruskouluasteen erityiskoulut,0,2025,60.46072,24.799226,543,Nurmijärvi,Nurmijärvi,011,Helsinki,Helsingfors,01,Uusimaa,Nyland
04084,Kivikon koulu,11,Peruskoulut,0,2025,65.750083,24.588873,240,Kemi,Kemi,192,Kemi-Tornio,Kemi-Torneå,19,Lappi,Lappland
08330,Kivimaan koulu,11,Peruskoulut,0,2025,60.546613,21.365076,304,Kustavi,Gustavs,024,Vakka-Suomi,Nystadsregionen,02,Varsinais-Suomi,Egentliga Finland
07915,Kivimaan peruskoulu,11,Peruskoulut,0,2025,60.999002,25.667226,398,Lahti,Lahtis,071,Lahti,Lahtis,07,Päijät-Häme,Päijänne-Tavastland
03871,Kivimiehen koulu,11,Peruskoulut,0,2025,60.181631,24.83063,049,Espoo,Esbo,011,Helsinki,Helsingfors,01,Uusimaa,Nyland
03185,Kivimäen koulu,11,Peruskoulut,0,2025,60.28055,24.860365,092,Vantaa,Vanda,011,Helsinki,Helsingfors,01,Uusimaa,Nyland
04403,Kiviniemen koulu,11,Peruskoulut,2,2025,65.115064,25.329181,564,Oulu,Uleåborg,171,Oulu,Uleåborg,17,Pohjois-Pohjanmaa,Norra Österbotten
05851,Kiviniityn koulu,11,Peruskoulut,0,2025,63.839535,23.101406,272,Kokkola,Karleby,162,Kokkola,Karleby,16,Keski-Pohjanmaa,Mellersta Österbotten
06455,Kiviojan koulu,11,Peruskoulut,0,2025,64.079892,24.554596,977,Ylivieska,Ylivieska,177,Ylivieska,Ylivieska,17,Pohjois-Pohjanmaa,Norra Österbotten
04007,Kivirannan koulu,11,Peruskoulut,0,2025,65.856358,24.180878,851,Tornio,Torneå,192,Kemi-Tornio,Kemi-Torneå,19,Lappi,Lappland
07270,Kivistön koulu,11,Peruskoulut,0,2025,62.778219,22.851246,743,Seinäjoki,Seinäjoki,142,Seinäjoki,Seinäjoki,14,Etelä-Pohjanmaa,Södra Österbotten
07398,Klamilan koulu,11,Peruskoulut,0,2025,60.51749,27.456251,935,Virolahti,Virolahti,082,Kotka-Hamina,Kotka-Fredrikshamn,08,Kymenlaakso,Kymmenedalen
08052,Klaukkalan koulu,11,Peruskoulut,0,2025,60.384059,24.743994,543,Nurmijärvi,Nurmijärvi,011,Helsinki,Helsingfors,01,Uusimaa,Nyland
05883,Kleemolan koulu,11,Peruskoulut,1,2025,63.72484,24.324817,849,Toholampi,Toholampi,161,Kaustinen,Kaustby,16,Keski-Pohjanmaa,Mellersta Österbotten
03515,Knuutilankankaan koulu,11,Peruskoulut,0,2025,64.992445,25.556399,564,Oulu,Uleåborg,171,Oulu,Uleåborg,17,Pohjois-Pohjanmaa,Norra Österbotten
08419,Kodisjoen koulu,11,Peruskoulut,0,2025,61.026667,21.688845,684,Rauma,Raumo,041,Rauma,Raumo,04,Satakunta,Satakunta
08187,Koijärven koulu-päiväkoti,11,Peruskoulut,0,2025,60.935889,23.638531,061,Forssa,Forssa,053,Forssa,Forssa,05,Kanta-Häme,Egentliga Tavastland
06170,Koittilan koulu,11,Peruskoulut,0,2025,62.17774,26.653689,213,Kangasniemi,Kangasniemi,101,Mikkeli,S:t Michel,10,Etelä-Savo,Södra Savolax
04921,Koiviston koulu,11,Peruskoulut,0,2025,62.531567,25.73912,992,Äänekoski,Äänekoski,135,Äänekoski,Äänekoski,13,Keski-Suomi,Mellersta Finland
06986,Koiviston koulu,11,Peruskoulut,2,2025,62.66037,22.400997,301,Kurikka,Kurikka,142,Seinäjoki,Seinäjoki,14,Etelä-Pohjanmaa,Södra Österbotten
08682,Koiviston koulu,11,Peruskoulut,0,2025,61.470797,23.796694,837,Tampere,Tammerfors,064,Tampere,Tammerfors,06,Pirkanmaa,Birkaland
05150,Koivuhaan koulu,11,Peruskoulut,0,2025,60.304423,22.313385,445,Parainen,Pargas,021,Åboland-Turunmaa,Åboland-Turunmaa,02,Varsinais-Suomi,Egentliga Finland
07896,Koivuhaan koulu,11,Peruskoulut,0,2025,63.826055,23.070961,272,Kokkola,Karleby,162,Kokkola,Karleby,16,Keski-Pohjanmaa,Mellersta Österbotten
03213,Koivukylän koulu,11,Peruskoulut,0,2025,60.324812,25.076532,092,Vantaa,Vanda,011,Helsinki,Helsingfors,01,Uusimaa,Nyland
03259,Koivuluodon koulu,11,Peruskoulut,0,2025,64.693935,24.466619,678,Raahe,Brahestad,174,Raahe,Brahestad,17,Pohjois-Pohjanmaa,Norra Österbotten
06287,Koivupuhdon koulu,11,Peruskoulut,0,2025,64.297501,24.451836,483,Merijärvi,Merijärvi,177,Ylivieska,Ylivieska,17,Pohjois-Pohjanmaa,Norra Österbotten
03561,Koivusaaren koulu,11,Peruskoulut,0,2025,60.494558,25.07839,186,Järvenpää,Träskända,011,Helsinki,Helsingfors,01,Uusimaa,Nyland
00285,Kokemäen lukio,15,Lukiot,0,2025,61.258189,22.34673,271,Kokemäki,Kumo,043,Pori,Björneborg,04,Satakunta,Satakunta
08479,Kokemäen yhtenäiskoulu,11,Peruskoulut,0,2025,61.257474,22.347658,271,Kokemäki,Kumo,043,Pori,Björneborg,04,Satakunta,Satakunta
03567,Kokkokankaan koulu,11,Peruskoulut,0,2025,65.822584,24.177768,851,Tornio,Torneå,192,Kemi-Tornio,Kemi-Torneå,19,Lappi,Lappland
00616,Kokkolan aikuislukio,15,Lukiot,0,2025,63.837902,23.123881,272,Kokkola,Karleby,162,Kokkola,Karleby,16,Keski-Pohjanmaa,Mellersta Österbotten
00615,Kokkolan suomalainen lukio,15,Lukiot,0,2025,63.837902,23.123881,272,Kokkola,Karleby,162,Kokkola,Karleby,16,Keski-Pohjanmaa,Mellersta Österbotten
04143,Kolarin koulu,11,Peruskoulut,0,2025,67.33124,23.77702,273,Kolari,Kolari,196,Tunturi-Lappi,Tunturi-Lappi,19,Lappi,Lappland
00455,Kolarin lukio,15,Lukiot,0,2025,67.334063,23.794681,273,Kolari,Kolari,196,Tunturi-Lappi,Tunturi-Lappi,19,Lappi,Lappland
07655,Kolhon koulu,11,Peruskoulut,2,2025,62.139134,24.501101,508,Mänttä-Vilppula,Mänttä-Vilppula,069,Ylä-Pirkanmaa,Övre Birkaland,06,Pirkanmaa,Birkaland
05516,Kolin koulu,11,Peruskoulut,0,2025,63.109524,29.776514,422,Lieksa,Lieksa,125,Pielisen Karjala,Pielisen Karjala,12,Pohjois-Karjala,Norra Karelen
07041,Kolmenraitin koulu,11,Peruskoulut,0,2025,62.429479,22.242455,232,Kauhajoki,Kauhajoki,141,Suupohja,Suupohja,14,Etelä-Pohjanmaa,Södra Österbotten
03651,Kolsan koulu,11,Peruskoulut,0,2025,60.55623,24.957241,858,Tuusula,Tusby,011,Helsinki,Helsingfors,01,Uusimaa,Nyland
08401,Komisuon koulu,11,Peruskoulut,0,2025,60.456409,23.571096,734,Salo,Salo,022,Salo,Salo,02,Varsinais-Suomi,Egentliga Finland
03014,Konalan ala-asteen koulu,11,Peruskoulut,0,2025,60.236691,24.845397,091,Helsinki,Helsingfors,011,Helsinki,Helsingfors,01,Uusimaa,Nyland
00551,Konepajan aikuislukio,15,Lukiot,0,2025,60.19489,24.947416,091,Helsinki,Helsingfors,011,Helsinki,Helsingfors,01,Uusimaa,Nyland
00627,Konepajan lukio,15,Lukiot,0,2025,60.19489,24.947416,091,Helsinki,Helsingfors,011,Helsinki,Helsingfors,01,Uusimaa,Nyland
04787,Konginkankaan koulu,11,Peruskoulut,0,2025,62.777783,25.809701,992,Äänekoski,Äänekoski,135,Äänekoski,Äänekoski,13,Keski-Suomi,Mellersta Finland
08156,Konnarin koulu,11,Peruskoulut,0,2025,61.070133,25.010259,109,Hämeenlinna,Tavastehus,051,Hämeenlinna,Tavastehus,05,Kanta-Häme,Egentliga Tavastland
00530,Konneveden lukio,15,Lukiot,0,2025,62.627628,26.277993,275,Konnevesi,Konnevesi,135,Äänekoski,Äänekoski,13,Keski-Suomi,Mellersta Finland
07329,Konnuslahden koulu,11,Peruskoulut,0,2025,62.539729,27.88792,420,Leppävirta,Leppävirta,114,Varkaus,Varkaus,11,Pohjois-Savo,Norra Savolax
05024,Kontinjoen koulu,11,Peruskoulut,0,2025,64.152417,27.859728,765,Sotkamo,Sotkamo,182,Kajaani,Kajana,18,Kainuu,Kajanaland
06810,Kontiolahden koulu,11,Peruskoulut,0,2025,62.768829,29.851759,276,Kontiolahti,Kontiolahti,122,Joensuu,Joensuu,12,Pohjois-Karjala,Norra Karelen
00464,Kontiolahden lukio,15,Lukiot,0,2025,62.768829,29.851759,276,Kontiolahti,Kontiolahti,122,Joensuu,Joensuu,12,Pohjois-Karjala,Norra Karelen
05227,Kontiomäen koulu,11,Peruskoulut,0,2025,64.337375,28.090858,578,Paltamo,Paltamo,182,Kajaani,Kajana,18,Kainuu,Kajanaland
06548,Kontion koulu,11,Peruskoulut,0,2025,65.149924,25.635361,564,Oulu,Uleåborg,171,Oulu,Uleåborg,17,Pohjois-Pohjanmaa,Norra Österbotten
06818,Kontioniemen koulu,11,Peruskoulut,0,2025,62.739332,29.822802,276,Kontiolahti,Kontiolahti,122,Joensuu,Joensuu,12,Pohjois-Karjala,Norra Karelen
06224,Kontiopuiston koulu,11,Peruskoulut,0,2025,62.301913,27.183589,593,Pieksämäki,Pieksämäki,105,Pieksämäki,Pieksämäki,10,Etelä-Savo,Södra Savolax
03015,Kontulan ala-asteen koulu,11,Peruskoulut,0,2025,60.232304,25.092161,091,Helsinki,Helsingfors,011,Helsinki,Helsingfors,01,Uusimaa,Nyland
03640,Kopun kristillinen koulu,11,Peruskoulut,0,2025,60.344631,24.289713,927,Vihti,Vichtis,011,Helsinki,Helsingfors,01,Uusimaa,Nyland
06404,Korhosen koulu,11,Peruskoulut,0,2025,63.976976,24.284187,746,Sievi,Sievi,177,Ylivieska,Ylivieska,17,Pohjois-Pohjanmaa,Norra Österbotten
07426,Korian koulu,11,Peruskoulut,0,2025,60.846916,26.611174,286,Kouvola,Kouvola,081,Kouvola,Kouvola,08,Kymenlaakso,Kymmenedalen
06298,Korivaaran koulu,11,Peruskoulut,0,2025,64.821857,25.955693,494,Muhos,Muhos,171,Oulu,Uleåborg,17,Pohjois-Pohjanmaa,Norra Österbotten
04220,Korkalovaaran peruskoulu,11,Peruskoulut,0,2025,66.507995,25.698002,698,Rovaniemi,Rovaniemi,191,Rovaniemi,Rovaniemi,19,Lappi,Lappland
06509,Korkeakosken koulu,11,Peruskoulut,0,2025,60.537905,26.900364,285,Kotka,Kotka,082,Kotka-Hamina,Kotka-Fredrikshamn,08,Kymenlaakso,Kymmenedalen
08196,Kormun koulu,11,Peruskoulut,0,2025,60.744183,24.652217,433,Loppi,Loppi,052,Riihimäki,Riihimäki,05,Kanta-Häme,Egentliga Tavastland
06092,Korpilahden yhtenäiskoulu,11,Peruskoulut,0,2025,62.018241,25.559728,179,Jyväskylä,Jyväskylä,131,Jyväskylä,Jyväskylä,13,Keski-Suomi,Mellersta Finland
05218,Korpitien koulu,11,Peruskoulut,0,2025,64.406138,27.828694,578,Paltamo,Paltamo,182,Kajaani,Kajana,18,Kainuu,Kajanaland
00900,Korsholms gymnasium,15,Lukiot,0,2025,63.118087,21.689228,905,Vaasa,Vasa,152,Vaasa,Vasa,15,Pohjanmaa,Österbotten
07866,Korsholms högstadium,11,Peruskoulut,0,2025,63.117886,21.684833,905,Vaasa,Vasa,152,Vaasa,Vasa,15,Pohjanmaa,Österbotten
07925,Korsnäs kby skola,11,Peruskoulut,0,2025,62.779208,21.183963,280,Korsnäs,Korsnäs,152,Vaasa,Vasa,15,Pohjanmaa,Österbotten
08293,Kortelan koulu,11,Peruskoulut,0,2025,61.09488,21.501123,684,Rauma,Raumo,041,Rauma,Raumo,04,Satakunta,Satakunta
05093,Kortepohjan päiväkotikoulu,11,Peruskoulut,0,2025,62.249927,25.709372,179,Jyväskylä,Jyväskylä,131,Jyväskylä,Jyväskylä,13,Keski-Suomi,Mellersta Finland
03860,Kortesjärven Yhtenäiskoulu,11,Peruskoulut,0,2025,63.297062,23.157918,233,Kauhava,Kauhava,142,Seinäjoki,Seinäjoki,14,Etelä-Pohjanmaa,Södra Österbotten
04305,Korvatunturin koulu,11,Peruskoulut,0,2025,67.28772,28.170352,742,Savukoski,Savukoski,194,Itä-Lappi,Östra Lappland,19,Lappi,Lappland
07468,Korvenkylän koulu,11,Peruskoulut,0,2025,61.175794,28.691389,405,Lappeenranta,Villmanstrand,091,Lappeenranta,Villmanstrand,09,Etelä-Karjala,Södra Karelen
05649,Koskeby skola,11,Peruskoulut,0,2025,63.129606,22.255046,946,Vöyri,Vörå,152,Vaasa,Vasa,15,Pohjanmaa,Österbotten
03480,Koskelan ala-asteen koulu,11,Peruskoulut,0,2025,60.220332,24.968773,091,Helsinki,Helsingfors,011,Helsinki,Helsingfors,01,Uusimaa,Nyland
07838,Koskelan yläkoulu,11,Peruskoulut,2,2025,62.030991,24.626295,508,Mänttä-Vilppula,Mänttä-Vilppula,069,Ylä-Pirkanmaa,Övre Birkaland,06,Pirkanmaa,Birkaland
07449,Kosken koulukeskus,11,Peruskoulut,0,2025,61.170422,28.784289,153,Imatra,Imatra,093,Imatra,Imatra,09,Etelä-Karjala,Södra Karelen
00290,Kosken lukio,15,Lukiot,0,2025,60.656472,23.131871,284,Koski Tl,Koski Tl,025,Loimaa,Loimaa,02,Varsinais-Suomi,Egentliga Finland
07950,Kosken seudun yläaste,11,Peruskoulut,0,2025,60.656472,23.131871,284,Koski Tl,Koski Tl,025,Loimaa,Loimaa,02,Varsinais-Suomi,Egentliga Finland
07053,Koskenkorvan koulu,11,Peruskoulut,0,2025,62.680113,22.463724,145,Ilmajoki,Ilmajoki,142,Seinäjoki,Seinäjoki,14,Etelä-Pohjanmaa,Södra Österbotten
04238,Koskenkylän koulu,11,Peruskoulut,0,2025,66.505954,25.89717,698,Rovaniemi,Rovaniemi,191,Rovaniemi,Rovaniemi,19,Lappi,Lappland
07225,Koskenkylän koulu,11,Peruskoulut,0,2025,60.494759,25.936935,434,Loviisa,Lovisa,016,Loviisa,Lovisa,01,Uusimaa,Nyland
08645,Koskenmäki-Tervasuon koulu,11,Peruskoulut,0,2025,61.460464,23.494365,536,Nokia,Nokia,064,Tampere,Tammerfors,06,Pirkanmaa,Birkaland
06076,Koskenpään koulu,11,Peruskoulut,0,2025,62.081363,25.147818,182,Jämsä,Jämsä,134,Jämsä,Jämsä,13,Keski-Suomi,Mellersta Finland
08345,Koskin koulu,11,Peruskoulut,0,2025,61.467294,22.180855,886,Ulvila,Ulvsby,043,Pori,Björneborg,04,Satakunta,Satakunta
07007,Koskuen koulu,11,Peruskoulut,0,2025,62.354685,22.84562,301,Kurikka,Kurikka,142,Seinäjoki,Seinäjoki,14,Etelä-Pohjanmaa,Södra Österbotten
05835,Kosolan koulu,11,Peruskoulut,0,2025,63.094784,23.02549,233,Kauhava,Kauhava,142,Seinäjoki,Seinäjoki,14,Etelä-Pohjanmaa,Södra Österbotten
04930,Kostianvirran Yhtenäiskoulu,11,Peruskoulut,0,2025,61.337229,24.267505,635,Pälkäne,Pälkäne,064,Tampere,Tammerfors,06,Pirkanmaa,Birkaland
07482,Kotalan koulu,11,Peruskoulut,0,2025,62.266274,24.028999,936,Virrat,Virdois,069,Ylä-Pirkanmaa,Övre Birkaland,06,Pirkanmaa,Birkaland
03767,Kotimäen koulu,11,Peruskoulut,0,2025,60.446435,22.413341,202,Kaarina,S:t Karins,023,Turku,Åbo,02,Varsinais-Suomi,Egentliga Finland
03397,Kotka Svenska Samskola,19,Perus- ja lukioasteen koulut,0,2025,60.494641,26.893762,285,Kotka,Kotka,082,Kotka-Hamina,Kotka-Fredrikshamn,08,Kymenlaakso,Kymmenedalen
00626,Kotkan aikuislukio,15,Lukiot,0,2025,60.464429,26.938484,285,Kotka,Kotka,082,Kotka-Hamina,Kotka-Fredrikshamn,08,Kymenlaakso,Kymmenedalen
00291,Kotkan lyseo,15,Lukiot,0,2025,60.464429,26.938484,285,Kotka,Kotka,082,Kotka-Hamina,Kotka-Fredrikshamn,08,Kymenlaakso,Kymmenedalen
06613,Kotkansaaren koulu,11,Peruskoulut,0,2025,60.4585,26.932587,285,Kotka,Kotka,082,Kotka-Hamina,Kotka-Fredrikshamn,08,Kymenlaakso,Kymmenedalen
03064,Kottby grundskola,11,Peruskoulut,0,2025,60.219886,24.956722,091,Helsinki,Helsingfors,011,Helsinki,Helsingfors,01,Uusimaa,Nyland
03774,Koulumestarin koulu,11,Peruskoulut,0,2025,60.2134,24.641659,049,Espoo,Esbo,011,Helsinki,Helsingfors,01,Uusimaa,Nyland
03171,Koulumäen koulu,12,Peruskouluasteen erityiskoulut,1,2025,60.239436,24.659625,049,Espoo,Esbo,011,Helsinki,Helsingfors,01,Uusimaa,Nyland
03844,Koulunmäen yhtenäiskoulu,11,Peruskoulut,0,2025,62.606913,25.7195,992,Äänekoski,Äänekoski,135,Äänekoski,Äänekoski,13,Keski-Suomi,Mellersta Finland
06926,Kouran koulu,11,Peruskoulut,0,2025,62.709998,23.103694,743,Seinäjoki,Seinäjoki,142,Seinäjoki,Seinäjoki,14,Etelä-Pohjanmaa,Södra Österbotten
03285,Kourujärven koulu,11,Peruskoulut,0,2025,61.112689,21.537398,684,Rauma,Raumo,041,Rauma,Raumo,04,Satakunta,Satakunta
00295,Kouvolan Yhteislyseo,15,Lukiot,0,2025,60.874946,26.706786,286,Kouvola,Kouvola,081,Kouvola,Kouvola,08,Kymenlaakso,Kymmenedalen
00569,Kouvolan iltalukio,15,Lukiot,2,2025,60.872156,26.716001,286,Kouvola,Kouvola,081,Kouvola,Kouvola,08,Kymenlaakso,Kymmenedalen
07440,Kouvolan yhteiskoulu,11,Peruskoulut,0,2025,60.871228,26.70194,286,Kouvola,Kouvola,081,Kouvola,Kouvola,08,Kymenlaakso,Kymmenedalen
03512,Kriivarin koulu,11,Peruskoulut,0,2025,60.43866,22.713023,577,Paimio,Pemar,023,Turku,Åbo,02,Varsinais-Suomi,Egentliga Finland
00298,Kristiinankaupungin lukio,15,Lukiot,0,2025,62.270674,21.394023,287,Kristiinankaupunki,Kristinestad,153,Sydösterbotten,Sydösterbotten,15,Pohjanmaa,Österbotten
05412,Kristiinanseudun koulu,11,Peruskoulut,0,2025,62.270674,21.394023,287,Kristiinankaupunki,Kristinestad,153,Sydösterbotten,Sydösterbotten,15,Pohjanmaa,Österbotten
00299,Kristinestads gymnasium,15,Lukiot,0,2025,62.273973,21.372177,287,Kristiinankaupunki,Kristinestad,153,Sydösterbotten,Sydösterbotten,15,Pohjanmaa,Österbotten
05622,Kristinestads högstadieskola,11,Peruskoulut,0,2025,62.273637,21.36967,287,Kristiinankaupunki,Kristinestad,153,Sydösterbotten,Sydösterbotten,15,Pohjanmaa,Österbotten
05623,Kristinestads skola,11,Peruskoulut,0,2025,62.275929,21.374921,287,Kristiinankaupunki,Kristinestad,153,Sydösterbotten,Sydösterbotten,15,Pohjanmaa,Österbotten
00465,Kronoby gymnasium,15,Lukiot,0,2025,63.729409,23.03368,288,Kruunupyy,Kronoby,154,Jakobstadsregionen,Jakobstadsregionen,15,Pohjanmaa,Österbotten
03085,Kruununhaan yläasteen koulu,11,Peruskoulut,0,2025,60.174841,24.952562,091,Helsinki,Helsingfors,011,Helsinki,Helsingfors,01,Uusimaa,Nyland
03886,Kruunuvuorenrannan peruskoulu,11,Peruskoulut,0,2025,60.17366,25.033547,091,Helsinki,Helsingfors,011,Helsinki,Helsingfors,01,Uusimaa,Nyland
04203,Kuhan koulu,11,Peruskoulut,0,2025,65.900826,26.731622,683,Ranua,Ranua,191,Rovaniemi,Rovaniemi,19,Lappi,Lappland
06109,Kuhaniemen koulu,11,Peruskoulut,0,2025,62.393588,25.961116,410,Laukaa,Laukaa,131,Jyväskylä,Jyväskylä,13,Keski-Suomi,Mellersta Finland
07944,Kuhmoisten yhtenäiskoulu,19,Perus- ja lukioasteen koulut,0,2025,61.569704,25.178295,291,Kuhmoinen,Kuhmoinen,064,Tampere,Tammerfors,06,Pirkanmaa,Birkaland
00301,Kuhmon yhteislukio,15,Lukiot,0,2025,64.122703,29.514486,290,Kuhmo,Kuhmo,181,Kehys-Kainuu,Kehys-Kainuu,18,Kainuu,Kajanaland
03364,Kuitinmäen koulu,11,Peruskoulut,0,2025,60.427122,22.335907,853,Turku,Åbo,023,Turku,Åbo,02,Varsinais-Suomi,Egentliga Finland
08796,Kuivalahden koulu,11,Peruskoulut,0,2025,61.273018,21.59027,051,Eurajoki,Euraåminne,041,Rauma,Raumo,04,Satakunta,Satakunta
04410,Kuivaniemen koulu,11,Peruskoulut,0,2025,65.600283,25.190549,139,Ii,Ii,173,Oulunkaari,Oulunkaari,17,Pohjois-Pohjanmaa,Norra Österbotten
06915,Kuivannon koulu,11,Peruskoulut,1,2025,60.875493,26.003885,560,Orimattila,Orimattila,071,Lahti,Lahtis,07,Päijät-Häme,Päijänne-Tavastland
07768,Kukkasen peruskoulu,11,Peruskoulut,0,2025,60.938768,25.959038,398,Lahti,Lahtis,071,Lahti,Lahtis,07,Päijät-Häme,Päijänne-Tavastland
08925,Kukkulan koulu,12,Peruskouluasteen erityiskoulut,0,2025,62.228717,25.705045,179,Jyväskylä,Jyväskylä,131,Jyväskylä,Jyväskylä,13,Keski-Suomi,Mellersta Finland
07152,Kulennoisten koulu,11,Peruskoulut,0,2025,61.826559,29.24099,740,Savonlinna,Nyslott,103,Savonlinna,Nyslott,10,Etelä-Savo,Södra Savolax
06816,Kulhon koulu,11,Peruskoulut,0,2025,62.6246,29.920311,276,Kontiolahti,Kontiolahti,122,Joensuu,Joensuu,12,Pohjois-Karjala,Norra Karelen
08712,Kuljun koulu,11,Peruskoulut,0,2025,61.37696,23.78007,418,Lempäälä,Lempäälä,064,Tampere,Tammerfors,06,Pirkanmaa,Birkaland
07637,Kullo skola,11,Peruskoulut,0,2025,60.339934,25.476934,638,Porvoo,Borgå,015,Porvoo,Borgå,01,Uusimaa,Nyland
07625,Kulloon koulu,11,Peruskoulut,0,2025,60.339934,25.476934,638,Porvoo,Borgå,015,Porvoo,Borgå,01,Uusimaa,Nyland
04672,Kuloisten ala-aste,11,Peruskoulut,0,2025,60.487632,22.196484,680,Raisio,Reso,023,Turku,Åbo,02,Varsinais-Suomi,Egentliga Finland
03016,Kulosaaren ala-asteen koulu,11,Peruskoulut,0,2025,60.185664,25.009204,091,Helsinki,Helsingfors,011,Helsinki,Helsingfors,01,Uusimaa,Nyland
03398,Kulosaaren yhteiskoulu,19,Perus- ja lukioasteen koulut,0,2025,60.187114,25.003453,091,Helsinki,Helsingfors,011,Helsinki,Helsingfors,01,Uusimaa,Nyland
07513,Kultavuoren koulu,11,Peruskoulut,0,2025,61.682842,24.362309,562,Orivesi,Orivesi,064,Tampere,Tammerfors,06,Pirkanmaa,Birkaland
05202,Kuluntalahden koulu,11,Peruskoulut,0,2025,64.274015,27.896526,205,Kajaani,Kajana,182,Kajaani,Kajana,18,Kainuu,Kajanaland
06875,Kumlinge låg- och högstadium,11,Peruskoulut,0,2025,60.257586,20.737384,295,Kumlinge,Kumlinge,213,Ålands skärgård,Ålands skärgård,21,Ahvenanmaa,Åland
05928,Kummun koulu,11,Peruskoulut,0,2025,62.724965,29.014753,309,Outokumpu,Outokumpu,122,Joensuu,Joensuu,12,Pohjois-Karjala,Norra Karelen
03150,Kungsgårdsskolan,11,Peruskoulut,0,2025,60.181287,24.59866,049,Espoo,Esbo,011,Helsinki,Helsingfors,01,Uusimaa,Nyland
05663,Kungsvägens skola,11,Peruskoulut,0,2025,60.375087,25.264497,753,Sipoo,Sibbo,011,Helsinki,Helsingfors,01,Uusimaa,Nyland
05764,Kuninkaanhaan koulu,11,Peruskoulut,0,2025,61.479506,21.807296,609,Pori,Björneborg,043,Pori,Björneborg,04,Satakunta,Satakunta
00588,Kuninkaantien lukio,15,Lukiot,0,2025,60.209993,24.659792,049,Espoo,Esbo,011,Helsinki,Helsingfors,01,Uusimaa,Nyland
03868,Kuokkala svenska skola,11,Peruskoulut,0,2025,62.225094,25.777704,179,Jyväskylä,Jyväskylä,131,Jyväskylä,Jyväskylä,13,Keski-Suomi,Mellersta Finland
08713,Kuokkalan koulu,11,Peruskoulut,0,2025,61.334145,23.735976,418,Lempäälä,Lempäälä,064,Tampere,Tammerfors,06,Pirkanmaa,Birkaland
03557,Kuokkalan yhtenäiskoulu,11,Peruskoulut,0,2025,62.225094,25.777704,179,Jyväskylä,Jyväskylä,131,Jyväskylä,Jyväskylä,13,Keski-Suomi,Mellersta Finland
00305,Kuopion Lyseon lukio,15,Lukiot,0,2025,62.891538,27.679292,297,Kuopio,Kuopio,112,Kuopio,Kuopio,11,Pohjois-Savo,Norra Savolax
00624,Kuopion aikuislukio,15,Lukiot,0,2025,62.890208,27.692499,297,Kuopio,Kuopio,112,Kuopio,Kuopio,11,Pohjois-Savo,Norra Savolax
00304,Kuopion klassillinen lukio,15,Lukiot,0,2025,62.899429,27.661963,297,Kuopio,Kuopio,112,Kuopio,Kuopio,11,Pohjois-Savo,Norra Savolax
03719,Kuopion kristillinen yhtenäiskoulu,11,Peruskoulut,0,2025,62.889264,27.607174,297,Kuopio,Kuopio,112,Kuopio,Kuopio,11,Pohjois-Savo,Norra Savolax
03555,Kuopion steinerkoulu Virkkula,11,Peruskoulut,0,2025,62.89661,27.677147,297,Kuopio,Kuopio,112,Kuopio,Kuopio,11,Pohjois-Savo,Norra Savolax
00510,Kuopion taidelukio Lumit,15,Lukiot,0,2025,62.890208,27.692499,297,Kuopio,Kuopio,112,Kuopio,Kuopio,11,Pohjois-Savo,Norra Savolax
08609,Kuoppanummen koulukeskus,11,Peruskoulut,0,2025,60.338178,24.323324,927,Vihti,Vichtis,011,Helsinki,Helsingfors,01,Uusimaa,Nyland
07668,Kuoreveden koulu,11,Peruskoulut,0,2025,61.861041,24.823609,182,Jämsä,Jämsä,134,Jämsä,Jämsä,13,Keski-Suomi,Mellersta Finland
00310,Kuortaneen lukio,15,Lukiot,0,2025,62.816562,23.504965,300,Kuortane,Kuortane,144,Kuusiokunnat,Kuusiokunnat,14,Etelä-Pohjanmaa,Södra Österbotten
05561,Kuortaneen yhteiskoulu,11,Peruskoulut,0,2025,62.801705,23.517093,300,Kuortane,Kuortane,144,Kuusiokunnat,Kuusiokunnat,14,Etelä-Pohjanmaa,Södra Österbotten
00312,Kurikan lukio,15,Lukiot,0,2025,62.619203,22.416091,301,Kurikka,Kurikka,142,Seinäjoki,Seinäjoki,14,Etelä-Pohjanmaa,Södra Österbotten
06981,Kurikan yhteiskoulu,11,Peruskoulut,0,2025,62.620699,22.401664,301,Kurikka,Kurikka,142,Seinäjoki,Seinäjoki,14,Etelä-Pohjanmaa,Södra Österbotten
03751,Kurikankulman koulu,11,Peruskoulut,0,2025,61.463068,23.665243,604,Pirkkala,Birkala,064,Tampere,Tammerfors,06,Pirkanmaa,Birkaland
04656,Kurittulan koulu,11,Peruskoulut,0,2025,60.567666,22.106385,481,Masku,Masku,023,Turku,Åbo,02,Varsinais-Suomi,Egentliga Finland
07331,Kurjalan koulu,11,Peruskoulut,0,2025,62.544546,28.106298,420,Leppävirta,Leppävirta,114,Varkaus,Varkaus,11,Pohjois-Savo,Norra Savolax
03508,Kurkelan koulu,11,Peruskoulut,0,2025,60.414337,25.106589,245,Kerava,Kervo,011,Helsinki,Helsingfors,01,Uusimaa,Nyland
04559,Kurkiauran koulu,11,Peruskoulut,0,2025,61.917265,26.12356,172,Joutsa,Joutsa,132,Joutsa,Joutsa,13,Keski-Suomi,Mellersta Finland
07539,Kurkimäen koulu,11,Peruskoulut,0,2025,62.781312,27.487118,297,Kuopio,Kuopio,112,Kuopio,Kuopio,11,Pohjois-Savo,Norra Savolax
04606,Kurun yhtenäiskoulu,11,Peruskoulut,0,2025,61.81445,23.703135,980,Ylöjärvi,Ylöjärvi,064,Tampere,Tammerfors,06,Pirkanmaa,Birkaland
04536,Kuuhankaveden koulu,11,Peruskoulut,0,2025,62.386698,26.431793,077,Hankasalmi,Hankasalmi,131,Jyväskylä,Jyväskylä,13,Keski-Suomi,Mellersta Finland
03390,Kuukanniemen koulu,11,Peruskoulut,0,2025,61.078265,27.93992,416,Lemi,Lemi,091,Lappeenranta,Villmanstrand,09,Etelä-Karjala,Södra Karelen
06408,Kuulammen koulu,11,Peruskoulut,0,2025,64.76551,25.648912,859,Tyrnävä,Tyrnävä,171,Oulu,Uleåborg,17,Pohjois-Pohjanmaa,Norra Österbotten
00314,Kuusamon lukio,15,Lukiot,0,2025,65.965235,29.172748,305,Kuusamo,Kuusamo,178,Koillismaa,Koillismaa,17,Pohjois-Pohjanmaa,Norra Österbotten
06110,Kuusan koulu,11,Peruskoulut,0,2025,62.462317,25.936433,410,Laukaa,Laukaa,131,Jyväskylä,Jyväskylä,13,Keski-Suomi,Mellersta Finland
00315,Kuusankosken lukio,15,Lukiot,2,2025,60.90581,26.619675,286,Kouvola,Kouvola,081,Kouvola,Kouvola,08,Kymenlaakso,Kymmenedalen
03187,Kuusikon koulu,11,Peruskoulut,0,2025,60.283198,25.063982,092,Vantaa,Vanda,011,Helsinki,Helsingfors,01,Uusimaa,Nyland
04626,Kuusiston koulu,11,Peruskoulut,0,2025,60.384817,22.403348,202,Kaarina,S:t Karins,023,Turku,Åbo,02,Varsinais-Suomi,Egentliga Finland
03801,Kuusjoen koulu,11,Peruskoulut,0,2025,60.525284,23.2307,734,Salo,Salo,022,Salo,Salo,02,Varsinais-Suomi,Egentliga Finland
07744,Kuuslahden koulu,11,Peruskoulut,0,2025,63.130235,27.779949,749,Siilinjärvi,Siilinjärvi,112,Kuopio,Kuopio,11,Pohjois-Savo,Norra Savolax
07609,Kuvansin koulu,11,Peruskoulut,0,2025,62.262476,27.879423,171,Joroinen,Jorois,114,Varkaus,Varkaus,11,Pohjois-Savo,Norra Savolax
07649,Kvarnbackens skola,11,Peruskoulut,0,2025,60.39938,25.671053,638,Porvoo,Borgå,015,Porvoo,Borgå,01,Uusimaa,Nyland
07873,Kvevlax lärcenter,11,Peruskoulut,0,2025,63.161169,21.829511,499,Mustasaari,Korsholm,152,Vaasa,Vasa,15,Pohjanmaa,Österbotten
07307,Kylkkälän koulu,11,Peruskoulut,0,2025,63.007917,22.175998,905,Vaasa,Vasa,152,Vaasa,Vasa,15,Pohjanmaa,Österbotten
03277,Kylliälän koulu,12,Peruskouluasteen erityiskoulut,0,2025,64.807664,25.472054,425,Liminka,Limingo,171,Oulu,Uleåborg,17,Pohjois-Pohjanmaa,Norra Österbotten
07987,Kylmäkosken koulu,11,Peruskoulut,0,2025,61.153918,23.690618,020,Akaa,Akaa,063,Etelä-Pirkanmaa,Södra Birkaland,06,Pirkanmaa,Birkaland
06819,Kylmäojan koulu,11,Peruskoulut,0,2025,62.683535,29.818446,276,Kontiolahti,Kontiolahti,122,Joensuu,Joensuu,12,Pohjois-Karjala,Norra Karelen
04009,Kyläjoen koulu,11,Peruskoulut,0,2025,65.823006,24.308367,851,Tornio,Torneå,192,Kemi-Tornio,Kemi-Torneå,19,Lappi,Lappland
03905,Kylänpään koulu,11,Peruskoulut,0,2025,62.90784,22.068264,399,Laihia,Laihela,152,Vaasa,Vasa,15,Pohjanmaa,Österbotten
05787,Kyläsaaren koulu,11,Peruskoulut,0,2025,61.53559,21.67137,609,Pori,Björneborg,043,Pori,Björneborg,04,Satakunta,Satakunta
03785,Kymenlaakson steinerkoulu,11,Peruskoulut,0,2025,60.909719,26.640278,286,Kouvola,Kouvola,081,Kouvola,Kouvola,08,Kymenlaakso,Kymmenedalen
06510,Kyminkartanon koulu,11,Peruskoulut,0,2025,60.516092,26.907006,285,Kotka,Kotka,082,Kotka-Hamina,Kotka-Fredrikshamn,08,Kymenlaakso,Kymmenedalen
07388,Kymintehtaan koulu,11,Peruskoulut,0,2025,60.897762,26.644467,286,Kouvola,Kouvola,081,Kouvola,Kouvola,08,Kymenlaakso,Kymmenedalen
04826,Kymönkosken koulu,11,Peruskoulut,0,2025,63.113629,25.940973,931,Viitasaari,Viitasaari,138,Saarijärvi-Viitasaari,Saarijärvi-Viitasaari,13,Keski-Suomi,Mellersta Finland
05082,Kypärämäen koulu,11,Peruskoulut,0,2025,62.237679,25.692863,179,Jyväskylä,Jyväskylä,131,Jyväskylä,Jyväskylä,13,Keski-Suomi,Mellersta Finland
03513,Kyrkbackens skola,11,Peruskoulut,0,2025,60.194629,21.90337,445,Parainen,Pargas,021,Åboland-Turunmaa,Åboland-Turunmaa,02,Varsinais-Suomi,Egentliga Finland
06873,Kyrkby högstadium,11,Peruskoulut,0,2025,60.148703,19.952292,170,Jomala,Jomala,212,Ålands landsbygd,Ålands landsbygd,21,Ahvenanmaa,Åland
08778,Kyrkfjärdens skola,11,Peruskoulut,0,2025,60.044348,24.000427,149,Inkoo,Ingå,014,Raasepori,Raseborg,01,Uusimaa,Nyland
05670,Kyrkoby skola,11,Peruskoulut,0,2025,60.371493,25.263019,753,Sipoo,Sibbo,011,Helsinki,Helsingfors,01,Uusimaa,Nyland
03694,Kyrkostrands skola,11,Peruskoulut,0,2025,63.662759,22.697638,598,Pietarsaari,Jakobstad,154,Jakobstadsregionen,Jakobstadsregionen,15,Pohjanmaa,Österbotten
00323,Kyrkslätts gymnasium,15,Lukiot,0,2025,60.122755,24.436412,257,Kirkkonummi,Kyrkslätt,011,Helsinki,Helsingfors,01,Uusimaa,Nyland
03560,Kyrölän koulu,11,Peruskoulut,2,2025,60.448934,24.717568,543,Nurmijärvi,Nurmijärvi,011,Helsinki,Helsingfors,01,Uusimaa,Nyland
00160,Kyrönmaan lukio,15,Lukiot,0,2025,62.995977,22.314927,152,Isokyrö,Storkyro,142,Seinäjoki,Seinäjoki,14,Etelä-Pohjanmaa,Södra Österbotten
05691,Kyröskosken koulu,11,Peruskoulut,0,2025,61.663909,23.181691,108,Hämeenkyrö,Tavastkyro,064,Tampere,Tammerfors,06,Pirkanmaa,Birkaland
08096,Kytäjän koulu,11,Peruskoulut,0,2025,60.609268,24.623673,106,Hyvinkää,Hyvinge,011,Helsinki,Helsingfors,01,Uusimaa,Nyland
03304,Kytöpuiston koulu,11,Peruskoulut,0,2025,60.318417,25.066641,092,Vantaa,Vanda,011,Helsinki,Helsingfors,01,Uusimaa,Nyland
04783,Kyynämöisten koulu,11,Peruskoulut,0,2025,62.48365,25.310446,892,Uurainen,Uurainen,131,Jyväskylä,Jyväskylä,13,Keski-Suomi,Mellersta Finland
06778,Kyynärjärven koulu,11,Peruskoulut,0,2025,61.838733,22.352371,214,Kankaanpää,Kankaanpää,044,Pohjois-Satakunta,Norra Satakunta,04,Satakunta,Satakunta
04042,Kyösti Kallion koulu,11,Peruskoulut,0,2025,63.922831,24.96571,535,Nivala,Nivala,176,Nivala-Haapajärvi,Nivala-Haapajärvi,17,Pohjois-Pohjanmaa,Norra Österbotten
03249,Källbo skola,11,Peruskoulut,0,2025,60.228347,19.982397,060,Finström,Finström,212,Ålands landsbygd,Ålands landsbygd,21,Ahvenanmaa,Åland
08751,Källhagens skola,11,Peruskoulut,0,2025,60.186906,24.001495,444,Lohja,Lojo,011,Helsinki,Helsingfors,01,Uusimaa,Nyland
06648,Kälviän Kirkonkylän koulu,11,Peruskoulut,0,2025,63.859259,23.43531,272,Kokkola,Karleby,162,Kokkola,Karleby,16,Keski-Pohjanmaa,Mellersta Österbotten
08683,Kämmenniemen koulu,11,Peruskoulut,0,2025,61.628487,23.837461,837,Tampere,Tammerfors,064,Tampere,Tammerfors,06,Pirkanmaa,Birkaland
05788,Käppärän koulu,11,Peruskoulut,0,2025,61.485032,21.763203,609,Pori,Björneborg,043,Pori,Björneborg,04,Satakunta,Satakunta
06514,Käpylän koulu,11,Peruskoulut,0,2025,60.515882,26.951081,285,Kotka,Kotka,082,Kotka-Hamina,Kotka-Fredrikshamn,08,Kymenlaakso,Kymmenedalen
03082,Käpylän peruskoulu,11,Peruskoulut,0,2025,60.210265,24.945589,091,Helsinki,Helsingfors,011,Helsinki,Helsingfors,01,Uusimaa,Nyland
03520,Kärjen koulu,11,Peruskoulut,0,2025,62.747999,22.85924,743,Seinäjoki,Seinäjoki,142,Seinäjoki,Seinäjoki,14,Etelä-Pohjanmaa,Södra Österbotten
08208,Kärjenniemen koulu,11,Peruskoulut,0,2025,61.258535,23.935036,908,Valkeakoski,Valkeakoski,063,Etelä-Pirkanmaa,Södra Birkaland,06,Pirkanmaa,Birkaland
07663,Kärkölän Yhtenäiskoulu,11,Peruskoulut,0,2025,60.868984,25.271284,316,Kärkölä,Kärkölä,071,Lahti,Lahtis,07,Päijät-Häme,Päijänne-Tavastland
07917,Kärpäsen peruskoulu,11,Peruskoulut,0,2025,60.978454,25.606051,398,Lahti,Lahtis,071,Lahti,Lahtis,07,Päijät-Häme,Päijänne-Tavastland
00531,Kärsämäen lukio,15,Lukiot,0,2025,63.976835,25.769529,317,Kärsämäki,Kärsämäki,176,Nivala-Haapajärvi,Nivala-Haapajärvi,17,Pohjois-Pohjanmaa,Norra Österbotten
05193,Kätönlahden koulu,11,Peruskoulut,0,2025,64.232847,27.769279,205,Kajaani,Kajana,182,Kajaani,Kajana,18,Kainuu,Kajanaland
04425,Käylän koulu,11,Peruskoulut,1,2025,66.296111,29.149999,305,Kuusamo,Kuusamo,178,Koillismaa,Koillismaa,17,Pohjois-Pohjanmaa,Norra Österbotten
05006,Kääpälän koulu,11,Peruskoulut,2,2025,61.102261,26.972752,286,Kouvola,Kouvola,081,Kouvola,Kouvola,08,Kymenlaakso,Kymmenedalen
07365,Käärmelahden koulu,11,Peruskoulut,0,2025,63.090393,27.423423,297,Kuopio,Kuopio,112,Kuopio,Kuopio,11,Pohjois-Savo,Norra Savolax
05430,Kållby skola,11,Peruskoulut,0,2025,63.62251,22.917899,599,Pedersören kunta,Pedersöre,154,Jakobstadsregionen,Jakobstadsregionen,15,Pohjanmaa,Österbotten
06876,Kökars låg- och högstadium,11,Peruskoulut,0,2025,59.919331,20.903634,318,Kökar,Kökar,213,Ålands skärgård,Ålands skärgård,21,Ahvenanmaa,Åland
07287,Könönpellon koulu,11,Peruskoulut,0,2025,62.297912,27.93794,915,Varkaus,Varkaus,114,Varkaus,Varkaus,11,Pohjois-Savo,Norra Savolax
03745,Laajakallion koulu,11,Peruskoulut,0,2025,60.122071,24.471338,257,Kirkkonummi,Kyrkslätt,011,Helsinki,Helsingfors,01,Uusimaa,Nyland
03126,Laajalahden koulu,11,Peruskoulut,0,2025,60.284832,25.126582,092,Vantaa,Vanda,011,Helsinki,Helsingfors,01,Uusimaa,Nyland
03086,Laajasalon peruskoulu,11,Peruskoulut,0,2025,60.178882,25.057559,091,Helsinki,Helsingfors,011,Helsinki,Helsingfors,01,Uusimaa,Nyland
03579,Laakavuoren ala-aste,11,Peruskoulut,0,2025,60.239345,25.109689,091,Helsinki,Helsingfors,011,Helsinki,Helsingfors,01,Uusimaa,Nyland
00401,Laanilan lukio,15,Lukiot,0,2025,65.023615,25.520727,564,Oulu,Uleåborg,171,Oulu,Uleåborg,17,Pohjois-Pohjanmaa,Norra Österbotten
06318,Laanilan yläaste,11,Peruskoulut,0,2025,65.023615,25.520727,564,Oulu,Uleåborg,171,Oulu,Uleåborg,17,Pohjois-Pohjanmaa,Norra Österbotten
05646,Lagmans skola,11,Peruskoulut,0,2025,63.679314,22.712841,598,Pietarsaari,Jakobstad,154,Jakobstadsregionen,Jakobstadsregionen,15,Pohjanmaa,Österbotten
03268,Lagmansgårdens skola,12,Peruskouluasteen erityiskoulut,0,2025,63.659521,22.780642,599,Pedersören kunta,Pedersöre,154,Jakobstadsregionen,Jakobstadsregionen,15,Pohjanmaa,Österbotten
03151,Lagstads skola,11,Peruskoulut,0,2025,60.207511,24.656576,049,Espoo,Esbo,011,Helsinki,Helsingfors,01,Uusimaa,Nyland
00495,Lahden Rudolf Steiner-koulu,19,Perus- ja lukioasteen koulut,0,2025,60.98872,25.610648,398,Lahti,Lahtis,071,Lahti,Lahtis,07,Päijät-Häme,Päijänne-Tavastland
03786,Lahden kristillinen koulu,11,Peruskoulut,0,2025,60.988903,25.684397,398,Lahti,Lahtis,071,Lahti,Lahtis,07,Päijät-Häme,Päijänne-Tavastland
00623,Lahden lukio Gaudia,15,Lukiot,0,2025,60.984705,25.674738,398,Lahti,Lahtis,071,Lahti,Lahtis,07,Päijät-Häme,Päijänne-Tavastland
00403,Lahden lyseo,15,Lukiot,0,2025,60.986667,25.654342,398,Lahti,Lahtis,071,Lahti,Lahtis,07,Päijät-Häme,Päijänne-Tavastland
03770,Lahden ruotsinkielinen koulu,11,Peruskoulut,0,2025,60.971288,25.666317,398,Lahti,Lahtis,071,Lahti,Lahtis,07,Päijät-Häme,Päijänne-Tavastland
03399,Lahden yhteiskoulu,19,Perus- ja lukioasteen koulut,0,2025,60.98549,25.655205,398,Lahti,Lahtis,071,Lahti,Lahtis,07,Päijät-Häme,Päijänne-Tavastland
05820,Lahdenkylän koulu,11,Peruskoulut,6,2025,63.420749,23.353951,052,Evijärvi,Evijärvi,146,Järviseutu,Järviseutu,14,Etelä-Pohjanmaa,Södra Österbotten
05967,Lahnajoen koulu,11,Peruskoulut,0,2025,63.780611,26.35703,263,Kiuruvesi,Kiuruvesi,111,Ylä-Savo,Norra Savolax,11,Pohjois-Savo,Norra Savolax
06558,Lahnaniemen koulu,11,Peruskoulut,0,2025,61.566172,26.980252,097,Hirvensalmi,Hirvensalmi,101,Mikkeli,S:t Michel,10,Etelä-Savo,Södra Savolax
03127,Lahnuksen koulu,11,Peruskoulut,0,2025,60.310429,24.707197,049,Espoo,Esbo,011,Helsinki,Helsingfors,01,Uusimaa,Nyland
00406,Laihian lukio,15,Lukiot,0,2025,62.972868,22.009583,399,Laihia,Laihela,152,Vaasa,Vasa,15,Pohjanmaa,Österbotten
06974,Laihian yhtenäiskoulu,11,Peruskoulut,1,2025,62.978029,22.009274,399,Laihia,Laihela,152,Vaasa,Vasa,15,Pohjanmaa,Österbotten
03908,Laihian yläkoulu,11,Peruskoulut,0,2025,62.972868,22.009583,399,Laihia,Laihela,152,Vaasa,Vasa,15,Pohjanmaa,Österbotten
06299,Laitasaaren koulu,11,Peruskoulut,0,2025,64.874593,25.863255,494,Muhos,Muhos,171,Oulu,Uleåborg,17,Pohjois-Pohjanmaa,Norra Österbotten
08431,Laitilan kyläkoulu,11,Peruskoulut,0,2025,60.916341,21.619784,400,Laitila,Laitila,024,Vakka-Suomi,Nystadsregionen,02,Varsinais-Suomi,Egentliga Finland
00407,Laitilan lukio,15,Lukiot,0,2025,60.879779,21.705306,400,Laitila,Laitila,024,Vakka-Suomi,Nystadsregionen,02,Varsinais-Suomi,Egentliga Finland
03371,Lakarin koulu,11,Peruskoulut,2,2025,65.369458,27.003677,615,Pudasjärvi,Pudasjärvi,173,Oulunkaari,Oulunkaari,17,Pohjois-Pohjanmaa,Norra Österbotten
04642,Lallin koulu,11,Peruskoulut,0,2025,61.090273,22.385316,783,Säkylä,Säkylä,041,Rauma,Raumo,04,Satakunta,Satakunta
00408,Lammin lukio,15,Lukiot,0,2025,61.082363,25.005769,109,Hämeenlinna,Tavastehus,051,Hämeenlinna,Tavastehus,05,Kanta-Häme,Egentliga Tavastland
08684,Lamminpään koulu,11,Peruskoulut,0,2025,61.51994,23.624846,837,Tampere,Tammerfors,064,Tampere,Tammerfors,06,Pirkanmaa,Birkaland
03897,Lamminrahkan yhtenäiskoulu,11,Peruskoulut,0,2025,61.495117,23.949327,837,Tampere,Tammerfors,064,Tampere,Tammerfors,06,Pirkanmaa,Birkaland
06614,Langinkosken koulu,11,Peruskoulut,0,2025,60.485138,26.901436,285,Kotka,Kotka,082,Kotka-Hamina,Kotka-Fredrikshamn,08,Kymenlaakso,Kymmenedalen
04764,Lanneveden koulu,11,Peruskoulut,0,2025,62.60832,25.391189,729,Saarijärvi,Saarijärvi,138,Saarijärvi-Viitasaari,Saarijärvi-Viitasaari,13,Keski-Suomi,Mellersta Finland
08797,Lapijoen koulu,11,Peruskoulut,0,2025,61.180827,21.634638,051,Eurajoki,Euraåminne,041,Rauma,Raumo,04,Satakunta,Satakunta
08434,Lapin koulu,11,Peruskoulut,0,2025,61.102726,21.839099,684,Rauma,Raumo,041,Rauma,Raumo,04,Satakunta,Satakunta
04228,Lapin yliopiston harjoittelukoulu,11,Peruskoulut,0,2025,66.503843,25.7178,698,Rovaniemi,Rovaniemi,191,Rovaniemi,Rovaniemi,19,Lappi,Lappland
00409,"Lapinlahden Lukio,Kuvataideluk",15,Lukiot,0,2025,63.365526,27.386247,402,Lapinlahti,Lapinlahti,111,Ylä-Savo,Norra Savolax,11,Pohjois-Savo,Norra Savolax
04351,Lapinniemen koulu,11,Peruskoulut,0,2025,66.088516,24.813733,845,Tervola,Tervola,192,Kemi-Tornio,Kemi-Torneå,19,Lappi,Lappland
00411,Lappajärven geolukio,15,Lukiot,0,2025,63.211811,23.637229,403,Lappajärvi,Lappajärvi,146,Järviseutu,Järviseutu,14,Etelä-Pohjanmaa,Södra Österbotten
05864,Lappajärven yhteiskoulu,11,Peruskoulut,0,2025,63.211586,23.630765,403,Lappajärvi,Lappajärvi,146,Järviseutu,Järviseutu,14,Etelä-Pohjanmaa,Södra Österbotten
03829,Lappeen koulu,11,Peruskoulut,0,2025,61.051221,28.065743,405,Lappeenranta,Villmanstrand,091,Lappeenranta,Villmanstrand,09,Etelä-Karjala,Södra Karelen
00412,Lappeenrannan Lyseon lukio,15,Lukiot,1,2025,61.058428,28.1806,405,Lappeenranta,Villmanstrand,091,Lappeenranta,Villmanstrand,09,Etelä-Karjala,Södra Karelen
00628,Lappeenrannan lukio,15,Lukiot,0,2025,61.058906,28.198717,405,Lappeenranta,Villmanstrand,091,Lappeenranta,Villmanstrand,09,Etelä-Karjala,Södra Karelen
03553,Lappeenrannan steinerkoulu,11,Peruskoulut,0,2025,61.054202,28.158437,405,Lappeenranta,Villmanstrand,091,Lappeenranta,Villmanstrand,09,Etelä-Karjala,Södra Karelen
05636,Lappfjärd skola,11,Peruskoulut,0,2025,62.253596,21.526867,287,Kristiinankaupunki,Kristinestad,153,Sydösterbotten,Sydösterbotten,15,Pohjanmaa,Österbotten
08901,Lappohjan koulu,11,Peruskoulut,0,2025,59.902003,23.251309,078,Hanko,Hangö,014,Raasepori,Raseborg,01,Uusimaa,Nyland
08900,Lappvik skola,11,Peruskoulut,0,2025,59.902003,23.251309,078,Hanko,Hangö,014,Raasepori,Raseborg,01,Uusimaa,Nyland
00284,Lapuan lukio,15,Lukiot,0,2025,62.975999,23.006693,408,Lapua,Lappo,142,Seinäjoki,Seinäjoki,14,Etelä-Pohjanmaa,Södra Österbotten
06786,Lapuan yläkoulu,11,Peruskoulut,0,2025,62.966234,23.008481,408,Lapua,Lappo,142,Seinäjoki,Seinäjoki,14,Etelä-Pohjanmaa,Södra Österbotten
04918,Lapunmäen yhtenäiskoulu,11,Peruskoulut,0,2025,62.627628,26.277993,275,Konnevesi,Konnevesi,135,Äänekoski,Äänekoski,13,Keski-Suomi,Mellersta Finland
08148,Lasitehtaan koulu,11,Peruskoulut,0,2025,60.736467,24.734674,694,Riihimäki,Riihimäki,052,Riihimäki,Riihimäki,05,Kanta-Häme,Egentliga Tavastland
04098,Lassilan koulu,11,Peruskoulut,0,2025,65.791731,24.508396,241,Keminmaa,Keminmaa,192,Kemi-Tornio,Kemi-Torneå,19,Lappi,Lappland
08714,Lastusten koulu,11,Peruskoulut,0,2025,61.320942,23.888487,418,Lempäälä,Lempäälä,064,Tampere,Tammerfors,06,Pirkanmaa,Birkaland
03769,Latokartanon peruskoulu,11,Peruskoulut,0,2025,60.232069,25.03729,091,Helsinki,Helsingfors,011,Helsinki,Helsingfors,01,Uusimaa,Nyland
06108,Laukaan kirkonkylän koulu,11,Peruskoulut,0,2025,62.416999,25.954961,410,Laukaa,Laukaa,131,Jyväskylä,Jyväskylä,13,Keski-Suomi,Mellersta Finland
00415,Laukaan lukio,15,Lukiot,0,2025,62.416618,25.950652,410,Laukaa,Laukaa,131,Jyväskylä,Jyväskylä,13,Keski-Suomi,Mellersta Finland
04681,Laukolan koulu,11,Peruskoulut,0,2025,60.611325,22.304278,704,Rusko,Rusko,023,Turku,Åbo,02,Varsinais-Suomi,Egentliga Finland
03601,Launialan koulu,11,Peruskoulut,0,2025,61.692627,27.320354,491,Mikkeli,S:t Michel,101,Mikkeli,S:t Michel,10,Etelä-Savo,Södra Savolax
08197,Launosten koulu,11,Peruskoulut,0,2025,60.749846,24.581694,433,Loppi,Loppi,052,Riihimäki,Riihimäki,05,Kanta-Häme,Egentliga Tavastland
08003,Laurentius-koulu,11,Peruskoulut,0,2025,60.253873,24.065769,444,Lohja,Lojo,011,Helsinki,Helsingfors,01,Uusimaa,Nyland
06403,Lauri Haikolan Koulu,11,Peruskoulut,0,2025,63.899675,24.527758,746,Sievi,Sievi,177,Ylivieska,Ylivieska,17,Pohjois-Pohjanmaa,Norra Österbotten
08463,Laurin koulu,11,Peruskoulut,0,2025,60.679722,21.986227,503,Mynämäki,Mynämäki,023,Turku,Åbo,02,Varsinais-Suomi,Egentliga Finland
03363,Laurinlahden koulu,11,Peruskoulut,0,2025,60.14655,24.66551,049,Espoo,Esbo,011,Helsinki,Helsingfors,01,Uusimaa,Nyland
07081,Lauritsalan koulu,11,Peruskoulut,0,2025,61.073928,28.25891,405,Lappeenranta,Villmanstrand,091,Lappeenranta,Villmanstrand,09,Etelä-Karjala,Södra Karelen
08559,Lausteen koulu,11,Peruskoulut,0,2025,60.431864,22.359865,853,Turku,Åbo,023,Turku,Åbo,02,Varsinais-Suomi,Egentliga Finland
05581,Lauttakylän koulu,11,Peruskoulut,0,2025,61.179515,22.693523,102,Huittinen,Huittinen,043,Pori,Björneborg,04,Satakunta,Satakunta
00419,Lauttakylän lukio,15,Lukiot,0,2025,61.181339,22.696608,102,Huittinen,Huittinen,043,Pori,Björneborg,04,Satakunta,Satakunta
03026,Lauttasaaren ala-asteen koulu,11,Peruskoulut,0,2025,60.160789,24.870806,091,Helsinki,Helsingfors,011,Helsinki,Helsingfors,01,Uusimaa,Nyland
03400,Lauttasaaren yhteiskoulu,19,Perus- ja lukioasteen koulut,0,2025,60.158655,24.862691,091,Helsinki,Helsingfors,011,Helsinki,Helsingfors,01,Uusimaa,Nyland
00421,Lavian yhtenäiskoulu,11,Peruskoulut,0,2025,61.595035,22.592251,609,Pori,Björneborg,043,Pori,Björneborg,04,Satakunta,Satakunta
08017,Lehmijärven koulu,11,Peruskoulut,0,2025,60.296273,24.137833,444,Lohja,Lojo,011,Helsinki,Helsingfors,01,Uusimaa,Nyland
06820,Lehmon koulu,11,Peruskoulut,0,2025,62.649076,29.812213,276,Kontiolahti,Kontiolahti,122,Joensuu,Joensuu,12,Pohjois-Karjala,Norra Karelen
05385,Lehtikankaan koulu,11,Peruskoulut,0,2025,64.207704,27.735809,205,Kajaani,Kajana,182,Kajaani,Kajana,18,Kainuu,Kajanaland
03209,Lehtikuusen koulu,11,Peruskoulut,0,2025,60.274236,25.097658,092,Vantaa,Vanda,011,Helsinki,Helsingfors,01,Uusimaa,Nyland
07288,Lehtoniemen koulu,11,Peruskoulut,0,2025,62.298978,27.860376,915,Varkaus,Varkaus,114,Varkaus,Varkaus,11,Pohjois-Savo,Norra Savolax
06310,Lehtopään koulu,11,Peruskoulut,0,2025,64.264877,24.905181,563,Oulainen,Oulainen,177,Ylivieska,Ylivieska,17,Pohjois-Pohjanmaa,Norra Österbotten
03627,Leinolan koulu,11,Peruskoulut,0,2025,61.493777,23.912562,837,Tampere,Tammerfors,064,Tampere,Tammerfors,06,Pirkanmaa,Birkaland
03796,Leivolan koulu,11,Peruskoulut,0,2025,64.131538,28.332823,765,Sotkamo,Sotkamo,182,Kajaani,Kajana,18,Kainuu,Kajanaland
03612,Lemin koulukeskus,11,Peruskoulut,0,2025,61.059031,27.810011,416,Lemi,Lemi,091,Lappeenranta,Villmanstrand,09,Etelä-Karjala,Södra Karelen
06877,Lemlands lågstadium,11,Peruskoulut,0,2025,60.067173,20.096991,417,Lemland,Lemland,212,Ålands landsbygd,Ålands landsbygd,21,Ahvenanmaa,Åland
03778,Lempoisten koulu,11,Peruskoulut,0,2025,61.305739,23.745976,418,Lempäälä,Lempäälä,064,Tampere,Tammerfors,06,Pirkanmaa,Birkaland
07728,Lempyyn koulu,11,Peruskoulut,1,2025,62.648383,27.368334,778,Suonenjoki,Suonenjoki,115,Sisä-Savo,Inre Savolax,11,Pohjois-Savo,Norra Savolax
00422,Lempäälän lukio,15,Lukiot,0,2025,61.310656,23.770115,418,Lempäälä,Lempäälä,064,Tampere,Tammerfors,06,Pirkanmaa,Birkaland
04644,Lemun koulu,11,Peruskoulut,0,2025,60.567044,21.97909,481,Masku,Masku,023,Turku,Åbo,02,Varsinais-Suomi,Egentliga Finland
05323,Lentuan koulu,11,Peruskoulut,1,2025,64.20806,29.733705,290,Kuhmo,Kuhmo,181,Kehys-Kainuu,Kehys-Kainuu,18,Kainuu,Kajanaland
08685,Lentävänniemen koulu,11,Peruskoulut,0,2025,61.526428,23.698983,837,Tampere,Tammerfors,064,Tampere,Tammerfors,06,Pirkanmaa,Birkaland
08234,Lepaan koulu,11,Peruskoulut,0,2025,61.117496,24.337422,082,Hattula,Hattula,051,Hämeenlinna,Tavastehus,05,Kanta-Häme,Egentliga Tavastland
08594,Lepolan koulu,11,Peruskoulut,0,2025,60.55872,24.973904,858,Tuusula,Tusby,011,Helsinki,Helsingfors,01,Uusimaa,Nyland
05433,Lepplax skola,11,Peruskoulut,0,2025,63.670704,22.895132,599,Pedersören kunta,Pedersöre,154,Jakobstadsregionen,Jakobstadsregionen,15,Pohjanmaa,Österbotten
07328,Leppäkertun koulu,11,Peruskoulut,0,2025,62.489788,27.779045,420,Leppävirta,Leppävirta,114,Varkaus,Varkaus,11,Pohjois-Savo,Norra Savolax
03189,Leppäkorven koulu,11,Peruskoulut,0,2025,60.356947,25.083377,092,Vantaa,Vanda,011,Helsinki,Helsingfors,01,Uusimaa,Nyland
08172,Leppäkosken koulu,11,Peruskoulut,0,2025,60.862488,24.707978,165,Janakkala,Janakkala,051,Hämeenlinna,Tavastehus,05,Kanta-Häme,Egentliga Tavastland
06406,Leppälän koulu,11,Peruskoulut,1,2025,63.946255,24.519118,746,Sievi,Sievi,177,Ylivieska,Ylivieska,17,Pohjois-Pohjanmaa,Norra Österbotten
03236,Leppätien koulu,11,Peruskoulut,0,2025,60.376221,25.250923,753,Sipoo,Sibbo,011,Helsinki,Helsingfors,01,Uusimaa,Nyland
03163,Leppävaaran koulu,11,Peruskoulut,0,2025,60.399024,22.370621,202,Kaarina,S:t Karins,023,Turku,Åbo,02,Varsinais-Suomi,Egentliga Finland
00423,Leppävaaran lukio,15,Lukiot,0,2025,60.223854,24.758627,235,Kauniainen,Grankulla,011,Helsinki,Helsingfors,01,Uusimaa,Nyland
06113,Leppäveden koulu,11,Peruskoulut,0,2025,62.32767,25.841733,410,Laukaa,Laukaa,131,Jyväskylä,Jyväskylä,13,Keski-Suomi,Mellersta Finland
00424,Leppävirran lukio,15,Lukiot,0,2025,62.490501,27.794297,420,Leppävirta,Leppävirta,114,Varkaus,Varkaus,11,Pohjois-Savo,Norra Savolax
08054,Lepsämän koulu,11,Peruskoulut,0,2025,60.39595,24.641332,543,Nurmijärvi,Nurmijärvi,011,Helsinki,Helsingfors,01,Uusimaa,Nyland
03772,Lestin alakoulu,11,Peruskoulut,0,2025,63.524016,24.669572,421,Lestijärvi,Lestijärvi,161,Kaustinen,Kaustby,16,Keski-Pohjanmaa,Mellersta Österbotten
03565,Lestin yläkoulu,11,Peruskoulut,0,2025,63.524016,24.669572,421,Lestijärvi,Lestijärvi,161,Kaustinen,Kaustby,16,Keski-Pohjanmaa,Mellersta Österbotten
07484,Liedenpohjan koulu,11,Peruskoulut,1,2025,62.378899,23.65518,936,Virrat,Virdois,069,Ylä-Pirkanmaa,Övre Birkaland,06,Pirkanmaa,Birkaland
00132,Liedon lukio,15,Lukiot,0,2025,60.501308,22.453057,423,Lieto,Lundo,023,Turku,Åbo,02,Varsinais-Suomi,Egentliga Finland
03836,Lieksan Keskuskoulu,11,Peruskoulut,0,2025,63.319932,30.027683,422,Lieksa,Lieksa,125,Pielisen Karjala,Pielisen Karjala,12,Pohjois-Karjala,Norra Karelen
00425,Lieksan lukio,15,Lukiot,0,2025,63.324508,30.020292,422,Lieksa,Lieksa,125,Pielisen Karjala,Pielisen Karjala,12,Pohjois-Karjala,Norra Karelen
05533,Lieksan yläkoulu,11,Peruskoulut,0,2025,63.324508,30.020292,422,Lieksa,Lieksa,125,Pielisen Karjala,Pielisen Karjala,12,Pohjois-Karjala,Norra Karelen
08686,Lielahden koulu,11,Peruskoulut,0,2025,61.521229,23.67103,837,Tampere,Tammerfors,064,Tampere,Tammerfors,06,Pirkanmaa,Birkaland
08505,Lietsalan koulu,11,Peruskoulut,0,2025,60.485491,22.065658,529,Naantali,Nådendal,023,Turku,Åbo,02,Varsinais-Suomi,Egentliga Finland
06105,Lievestuoreen koulu,11,Peruskoulut,0,2025,62.259198,26.203671,410,Laukaa,Laukaa,131,Jyväskylä,Jyväskylä,13,Keski-Suomi,Mellersta Finland
00427,Limingan lukio,15,Lukiot,0,2025,64.811621,25.414582,425,Liminka,Limingo,171,Oulu,Uleåborg,17,Pohjois-Pohjanmaa,Norra Österbotten
06280,Liminganlahden koulu,11,Peruskoulut,0,2025,64.811621,25.414582,425,Liminka,Limingo,171,Oulu,Uleåborg,17,Pohjois-Pohjanmaa,Norra Österbotten
03358,Linnainmaan koulu,11,Peruskoulut,0,2025,61.491766,23.894455,837,Tampere,Tammerfors,064,Tampere,Tammerfors,06,Pirkanmaa,Birkaland
07228,Linnajoen koulu,11,Peruskoulut,0,2025,60.391223,25.674343,638,Porvoo,Borgå,015,Porvoo,Borgå,01,Uusimaa,Nyland
03781,Linnakankaan koulu,11,Peruskoulut,0,2025,64.923298,25.558533,244,Kempele,Kempele,171,Oulu,Uleåborg,17,Pohjois-Pohjanmaa,Norra Österbotten
08798,Linnamaan koulu,11,Peruskoulut,0,2025,61.216954,21.626625,051,Eurajoki,Euraåminne,041,Rauma,Raumo,04,Satakunta,Satakunta
00657,Linnankosken lukio ja aikuislinja,15,Lukiot,0,2025,60.391856,25.664046,638,Porvoo,Borgå,015,Porvoo,Borgå,01,Uusimaa,Nyland
03741,Lintulaakson koulu,11,Peruskoulut,0,2025,60.52711,24.765923,543,Nurmijärvi,Nurmijärvi,011,Helsinki,Helsingfors,01,Uusimaa,Nyland
06339,Lintulammen koulu,11,Peruskoulut,0,2025,64.992197,25.502045,564,Oulu,Uleåborg,171,Oulu,Uleåborg,17,Pohjois-Pohjanmaa,Norra Österbotten
03696,Lintumetsän koulu,11,Peruskoulut,0,2025,60.412147,22.411887,202,Kaarina,S:t Karins,023,Turku,Åbo,02,Varsinais-Suomi,Egentliga Finland
03128,Lintuvaaran koulu,11,Peruskoulut,0,2025,60.200718,24.679942,235,Kauniainen,Grankulla,011,Helsinki,Helsingfors,01,Uusimaa,Nyland
03519,Lintuviidan koulu,11,Peruskoulut,0,2025,62.769381,22.878365,743,Seinäjoki,Seinäjoki,142,Seinäjoki,Seinäjoki,14,Etelä-Pohjanmaa,Södra Österbotten
06707,Liperin koulu,11,Peruskoulut,0,2025,62.530619,29.369865,426,Liperi,Liperi,122,Joensuu,Joensuu,12,Pohjois-Karjala,Norra Karelen
04649,Littoisten koulu,11,Peruskoulut,0,2025,60.451885,22.410732,202,Kaarina,S:t Karins,023,Turku,Åbo,02,Varsinais-Suomi,Egentliga Finland
06795,Liuhtarin koulu,11,Peruskoulut,0,2025,62.969596,23.041492,408,Lapua,Lappo,142,Seinäjoki,Seinäjoki,14,Etelä-Pohjanmaa,Södra Österbotten
04888,Liuksialan koulu,11,Peruskoulut,2,2025,61.450006,24.024781,211,Kangasala,Kangasala,064,Tampere,Tammerfors,06,Pirkanmaa,Birkaland
05100,Lohikosken koulu,11,Peruskoulut,0,2025,62.266106,25.761884,179,Jyväskylä,Jyväskylä,131,Jyväskylä,Jyväskylä,13,Keski-Suomi,Mellersta Finland
00429,Lohjan Yhteislyseon lukio,15,Lukiot,0,2025,60.254876,24.059152,444,Lohja,Lojo,011,Helsinki,Helsingfors,01,Uusimaa,Nyland
05877,Lohtajan Kirkonkylän koulu,11,Peruskoulut,0,2025,64.022973,23.503738,272,Kokkola,Karleby,162,Kokkola,Karleby,16,Keski-Pohjanmaa,Mellersta Österbotten
03524,Lohtajan koulu,11,Peruskoulut,0,2025,64.220126,27.679837,205,Kajaani,Kajana,182,Kajaani,Kajana,18,Kainuu,Kajanaland
06554,Lohtajan koulu,11,Peruskoulut,0,2025,64.026165,23.505325,272,Kokkola,Karleby,162,Kokkola,Karleby,16,Keski-Pohjanmaa,Mellersta Österbotten
08497,Loimaan Keskuskoulu,11,Peruskoulut,0,2025,60.853819,23.049258,430,Loimaa,Loimaa,025,Loimaa,Loimaa,02,Varsinais-Suomi,Egentliga Finland
05584,Loiman koulu,11,Peruskoulut,1,2025,61.151933,22.675054,102,Huittinen,Huittinen,043,Pori,Björneborg,04,Satakunta,Satakunta
08450,Lokalahden koulu,11,Peruskoulut,0,2025,60.676992,21.462065,895,Uusikaupunki,Nystad,024,Vakka-Suomi,Nystadsregionen,02,Varsinais-Suomi,Egentliga Finland
08193,Lopen Yhtenäiskoulu,11,Peruskoulut,0,2025,60.716755,24.44852,433,Loppi,Loppi,052,Riihimäki,Riihimäki,05,Kanta-Häme,Egentliga Tavastland
00574,Lopen lukio,15,Lukiot,0,2025,60.716755,24.44852,433,Loppi,Loppi,052,Riihimäki,Riihimäki,05,Kanta-Häme,Egentliga Tavastland
07899,Lotilan peruskoulu,11,Peruskoulut,0,2025,60.978338,25.667389,398,Lahti,Lahtis,071,Lahti,Lahtis,07,Päijät-Häme,Päijänne-Tavastland
04359,Louen koulu,11,Peruskoulut,0,2025,66.140892,24.954934,845,Tervola,Tervola,192,Kemi-Tornio,Kemi-Torneå,19,Lappi,Lappland
07167,Louhen koulu,11,Peruskoulut,1,2025,61.947196,29.042804,740,Savonlinna,Nyslott,103,Savonlinna,Nyslott,10,Etelä-Savo,Södra Savolax
06834,Louhiojan koulu,11,Peruskoulut,2,2025,62.803468,30.112057,167,Joensuu,Joensuu,122,Joensuu,Joensuu,12,Pohjois-Karjala,Norra Karelen
04650,Loukinaisten koulu,11,Peruskoulut,0,2025,60.484227,22.40138,423,Lieto,Lundo,023,Turku,Åbo,02,Varsinais-Suomi,Egentliga Finland
00432,Lovisa Gymnasium,15,Lukiot,0,2025,60.457915,26.232386,434,Loviisa,Lovisa,016,Loviisa,Lovisa,01,Uusimaa,Nyland
07235,Lovisavikens skola,11,Peruskoulut,0,2025,60.457915,26.232386,434,Loviisa,Lovisa,016,Loviisa,Lovisa,01,Uusimaa,Nyland
06654,Lucina Hagmanin koulu,11,Peruskoulut,0,2025,63.85728,23.462606,272,Kokkola,Karleby,162,Kokkola,Karleby,16,Keski-Pohjanmaa,Mellersta Österbotten
05705,Luhalahden koulu,11,Peruskoulut,1,2025,61.774335,23.269505,143,Ikaalinen,Ikalis,061,Luoteis-Pirkanmaa,Nordvästra Birkaland,06,Pirkanmaa,Birkaland
06127,Luhangan koulu,11,Peruskoulut,0,2025,61.83607,25.831084,435,Luhanka,Luhanka,132,Joutsa,Joutsa,13,Keski-Suomi,Mellersta Finland
06916,Luhtikylän koulu,11,Peruskoulut,1,2025,60.861545,25.485873,560,Orimattila,Orimattila,071,Lahti,Lahtis,07,Päijät-Häme,Päijänne-Tavastland
04115,Lukkarin koulu,11,Peruskoulut,0,2025,67.650844,24.911674,261,Kittilä,Kittilä,196,Tunturi-Lappi,Tunturi-Lappi,19,Lappi,Lappland
05538,Lukkarin koulu,11,Peruskoulut,0,2025,60.379689,25.261331,753,Sipoo,Sibbo,011,Helsinki,Helsingfors,01,Uusimaa,Nyland
08051,Lukkarin koulu,11,Peruskoulut,0,2025,60.461163,24.797741,543,Nurmijärvi,Nurmijärvi,011,Helsinki,Helsingfors,01,Uusimaa,Nyland
06484,Lumijoen peruskoulu,11,Peruskoulut,0,2025,64.840573,25.181519,436,Lumijoki,Lumijoki,171,Oulu,Uleåborg,17,Pohjois-Pohjanmaa,Norra Österbotten
00609,Lumon lukio,15,Lukiot,0,2025,60.351382,25.07803,092,Vantaa,Vanda,011,Helsinki,Helsingfors,01,Uusimaa,Nyland
06878,Lumparlands lågstadium,11,Peruskoulut,0,2025,60.117184,20.258214,438,Lumparland,Lumparland,212,Ålands landsbygd,Ålands landsbygd,21,Ahvenanmaa,Åland
06390,Luohuan koulu,11,Peruskoulut,0,2025,64.54499,25.278575,748,Siikajoki,Siikajoki,174,Raahe,Brahestad,17,Pohjois-Pohjanmaa,Norra Österbotten
08820,Luolajan koulu,11,Peruskoulut,0,2025,60.972724,24.425122,109,Hämeenlinna,Tavastehus,051,Hämeenlinna,Tavastehus,05,Kanta-Häme,Egentliga Tavastland
08560,Luolavuoren koulu,11,Peruskoulut,0,2025,60.430087,22.296488,853,Turku,Åbo,023,Turku,Åbo,02,Varsinais-Suomi,Egentliga Finland
06601,Luoma-ahon koulu,11,Peruskoulut,7,2025,63.083757,23.856122,005,Alajärvi,Alajärvi,146,Järviseutu,Järviseutu,14,Etelä-Pohjanmaa,Södra Österbotten
07054,Luoman koulu,11,Peruskoulut,0,2025,62.713648,22.502311,145,Ilmajoki,Ilmajoki,142,Seinäjoki,Seinäjoki,14,Etelä-Pohjanmaa,Södra Österbotten
08503,Luonnonmaan koulu,11,Peruskoulut,0,2025,60.45467,21.987182,529,Naantali,Nådendal,023,Turku,Åbo,02,Varsinais-Suomi,Egentliga Finland
07010,Luopajärven koulu,11,Peruskoulut,0,2025,62.597409,22.749573,301,Kurikka,Kurikka,142,Seinäjoki,Seinäjoki,14,Etelä-Pohjanmaa,Södra Österbotten
00838,Luostarivuoren Lyseon lukio,15,Lukiot,0,2025,60.445378,22.269879,853,Turku,Åbo,023,Turku,Åbo,02,Varsinais-Suomi,Egentliga Finland
08541,Luostarivuoren koulu,11,Peruskoulut,0,2025,60.445378,22.269879,853,Turku,Åbo,023,Turku,Åbo,02,Varsinais-Suomi,Egentliga Finland
06989,Luovan koulu,11,Peruskoulut,0,2025,62.585441,22.545179,301,Kurikka,Kurikka,142,Seinäjoki,Seinäjoki,14,Etelä-Pohjanmaa,Södra Österbotten
07289,Luttilan koulu,11,Peruskoulut,0,2025,62.34491,27.86227,915,Varkaus,Varkaus,114,Varkaus,Varkaus,11,Pohjois-Savo,Norra Savolax
05969,Luupuveden koulu,11,Peruskoulut,0,2025,63.738682,26.71824,263,Kiuruvesi,Kiuruvesi,111,Ylä-Savo,Norra Savolax,11,Pohjois-Savo,Norra Savolax
03652,Luvian yhtenäiskoulu,11,Peruskoulut,0,2025,61.360978,21.627444,051,Eurajoki,Euraåminne,041,Rauma,Raumo,04,Satakunta,Satakunta
03278,Lyceiparkens skola,11,Peruskoulut,0,2025,60.391241,25.665342,638,Porvoo,Borgå,015,Porvoo,Borgå,01,Uusimaa,Nyland
08811,Lyseon koulu,11,Peruskoulut,0,2025,60.997673,24.478076,109,Hämeenlinna,Tavastehus,051,Hämeenlinna,Tavastehus,05,Kanta-Häme,Egentliga Tavastland
07173,Lyseonmäen koulu,11,Peruskoulut,0,2025,61.207217,26.032621,111,Heinola,Heinola,071,Lahti,Lahtis,07,Päijät-Häme,Päijänne-Tavastland
00728,Lyseonpuiston lukio,15,Lukiot,0,2025,66.501102,25.724932,698,Rovaniemi,Rovaniemi,191,Rovaniemi,Rovaniemi,19,Lappi,Lappland
03129,Lähderannan koulu,11,Peruskoulut,0,2025,60.243709,24.742924,049,Espoo,Esbo,011,Helsinki,Helsingfors,01,Uusimaa,Nyland
06662,Lähemäen koulu,11,Peruskoulut,0,2025,61.69564,27.298173,491,Mikkeli,S:t Michel,101,Mikkeli,S:t Michel,10,Etelä-Savo,Södra Savolax
07807,Lähteen peruskoulu,11,Peruskoulut,0,2025,60.955404,25.656383,398,Lahti,Lahtis,071,Lahti,Lahtis,07,Päijät-Häme,Päijänne-Tavastland
07660,Länkipohjan koulu,11,Peruskoulut,0,2025,61.730927,24.786846,182,Jämsä,Jämsä,134,Jämsä,Jämsä,13,Keski-Suomi,Mellersta Finland
07353,Länsi-Asikkalan koulu,11,Peruskoulut,1,2025,61.190588,25.402035,016,Asikkala,Asikkala,071,Lahti,Lahtis,07,Päijät-Häme,Päijänne-Tavastland
08202,Länsi-Lopen koulu,11,Peruskoulut,0,2025,60.765638,24.297501,433,Loppi,Loppi,052,Riihimäki,Riihimäki,05,Kanta-Häme,Egentliga Tavastland
05772,Länsi-Porin koulu,11,Peruskoulut,0,2025,61.487532,21.740799,609,Pori,Björneborg,043,Pori,Björneborg,04,Satakunta,Satakunta
03244,Länsi-Puijon koulu,11,Peruskoulut,0,2025,62.916946,27.639384,297,Kuopio,Kuopio,112,Kuopio,Kuopio,11,Pohjois-Savo,Norra Savolax
07901,Länsiharjun peruskoulu,11,Peruskoulut,0,2025,60.973465,25.638881,398,Lahti,Lahtis,071,Lahti,Lahtis,07,Päijät-Häme,Päijänne-Tavastland
03813,Länsikaaren koulu,11,Peruskoulut,0,2025,60.520035,24.759104,543,Nurmijärvi,Nurmijärvi,011,Helsinki,Helsingfors,01,Uusimaa,Nyland
03708,Länsimetsän koulu,11,Peruskoulut,0,2025,63.13128,21.575882,905,Vaasa,Vasa,152,Vaasa,Vasa,15,Pohjanmaa,Österbotten
03527,Länsimäen koulu,11,Peruskoulut,0,2025,60.248735,25.114442,092,Vantaa,Vanda,011,Helsinki,Helsingfors,01,Uusimaa,Nyland
08838,Länsinummen koulu,11,Peruskoulut,0,2025,63.66491,22.68782,598,Pietarsaari,Jakobstad,154,Jakobstadsregionen,Jakobstadsregionen,15,Pohjanmaa,Österbotten
05306,Länsipuolen koulu,11,Peruskoulut,0,2025,62.541299,23.453054,010,Alavus,Alavus,144,Kuusiokunnat,Kuusiokunnat,14,Etelä-Pohjanmaa,Södra Österbotten
03263,Länsirannan koulu,11,Peruskoulut,2,2025,63.137231,23.54115,403,Lappajärvi,Lappajärvi,146,Järviseutu,Järviseutu,14,Etelä-Pohjanmaa,Södra Österbotten
03791,Länsituulen koulu,11,Peruskoulut,0,2025,65.178755,25.336018,564,Oulu,Uleåborg,171,Oulu,Uleåborg,17,Pohjois-Pohjanmaa,Norra Österbotten
08198,Läyliäisten koulu,11,Peruskoulut,0,2025,60.617871,24.462223,433,Loppi,Loppi,052,Riihimäki,Riihimäki,05,Kanta-Häme,Egentliga Tavastland
07096,Lönnrotin koulu,11,Peruskoulut,0,2025,61.05885,28.180541,405,Lappeenranta,Villmanstrand,091,Lappeenranta,Villmanstrand,09,Etelä-Karjala,Södra Karelen
07936,Maalahden suomenkielinen koulu,11,Peruskoulut,1,2025,62.918805,21.625862,475,Maalahti,Malax,152,Vaasa,Vasa,15,Pohjanmaa,Österbotten
03596,Maaniitun koulu,11,Peruskoulut,0,2025,60.464875,24.817554,543,Nurmijärvi,Nurmijärvi,011,Helsinki,Helsingfors,01,Uusimaa,Nyland
07363,Maaninkajärven koulu,11,Peruskoulut,0,2025,63.150876,27.304857,297,Kuopio,Kuopio,112,Kuopio,Kuopio,11,Pohjois-Savo,Norra Savolax
03293,Maaselän koulu,11,Peruskoulut,0,2025,62.289593,27.077826,593,Pieksämäki,Pieksämäki,105,Pieksämäki,Pieksämäki,10,Etelä-Savo,Södra Savolax
03295,Maatullin peruskoulu,11,Peruskoulut,0,2025,60.276195,25.037829,091,Helsinki,Helsingfors,011,Helsinki,Helsingfors,01,Uusimaa,Nyland
06337,Madekosken koulu,11,Peruskoulut,0,2025,64.960217,25.647361,564,Oulu,Uleåborg,171,Oulu,Uleåborg,17,Pohjois-Pohjanmaa,Norra Österbotten
00604,Madetojan musiikkilukio,15,Lukiot,0,2025,65.005029,25.481427,564,Oulu,Uleåborg,171,Oulu,Uleåborg,17,Pohjois-Pohjanmaa,Norra Österbotten
05693,Mahnalan Ympäristökoulu,11,Peruskoulut,0,2025,61.572923,23.314732,108,Hämeenkyrö,Tavastkyro,064,Tampere,Tammerfors,06,Pirkanmaa,Birkaland
08502,Maijamäen koulu,11,Peruskoulut,0,2025,60.472785,22.031217,529,Naantali,Nådendal,023,Turku,Åbo,02,Varsinais-Suomi,Egentliga Finland
05491,Maiju Lassilan koulu,11,Peruskoulut,0,2025,62.220408,30.334294,848,Tohmajärvi,Tohmajärvi,124,Keski-Karjala,Mellersta Karelen,12,Pohjois-Karjala,Norra Karelen
03600,Maikkulan koulu,11,Peruskoulut,0,2025,64.982124,25.575483,564,Oulu,Uleåborg,171,Oulu,Uleåborg,17,Pohjois-Pohjanmaa,Norra Österbotten
03130,Mainingin koulu,11,Peruskoulut,0,2025,60.162323,24.593177,257,Kirkkonummi,Kyrkslätt,011,Helsinki,Helsingfors,01,Uusimaa,Nyland
03859,Majakan koulu,12,Peruskouluasteen erityiskoulut,1,2025,60.503483,24.684025,543,Nurmijärvi,Nurmijärvi,011,Helsinki,Helsingfors,01,Uusimaa,Nyland
04316,Maksniemen koulu,11,Peruskoulut,0,2025,65.675757,24.783721,751,Simo,Simo,192,Kemi-Tornio,Kemi-Torneå,19,Lappi,Lappland
06577,Malilan koulu,11,Peruskoulut,0,2025,63.960614,25.180855,535,Nivala,Nivala,176,Nivala-Haapajärvi,Nivala-Haapajärvi,17,Pohjois-Pohjanmaa,Norra Österbotten
03103,Malmin peruskoulu,11,Peruskoulut,0,2025,60.255267,25.000442,091,Helsinki,Helsingfors,011,Helsinki,Helsingfors,01,Uusimaa,Nyland
03289,Malminkartanon ala-ast. koulu,11,Peruskoulut,0,2025,60.246151,24.859972,091,Helsinki,Helsingfors,011,Helsinki,Helsingfors,01,Uusimaa,Nyland
05598,Malms skola,11,Peruskoulut,0,2025,60.301898,22.295998,445,Parainen,Pargas,021,Åboland-Turunmaa,Åboland-Turunmaa,02,Varsinais-Suomi,Egentliga Finland
03487,Mankalan koulu,11,Peruskoulut,0,2025,60.487549,25.111441,186,Järvenpää,Träskända,011,Helsinki,Helsingfors,01,Uusimaa,Nyland
03609,Mankkaan koulu,11,Peruskoulut,0,2025,62.254003,25.756662,179,Jyväskylä,Jyväskylä,131,Jyväskylä,Jyväskylä,13,Keski-Suomi,Mellersta Finland
03131,Mankkaanpuron koulu,11,Peruskoulut,0,2025,60.126337,24.466149,257,Kirkkonummi,Kyrkslätt,011,Helsinki,Helsingfors,01,Uusimaa,Nyland
03818,Mankolan Yhtenäiskoulu,11,Peruskoulut,0,2025,62.26871,25.724172,179,Jyväskylä,Jyväskylä,131,Jyväskylä,Jyväskylä,13,Keski-Suomi,Mellersta Finland
07450,Mansikkalan koulukeskus,11,Peruskoulut,0,2025,61.175341,28.761582,153,Imatra,Imatra,093,Imatra,Imatra,09,Etelä-Karjala,Södra Karelen
07442,Mansikkamäen koulu,11,Peruskoulut,0,2025,60.876677,26.727269,286,Kouvola,Kouvola,081,Kouvola,Kouvola,08,Kymenlaakso,Kymmenedalen
06003,Mansikkaniemen koulu,11,Peruskoulut,0,2025,63.594002,27.1761,140,Iisalmi,Idensalmi,111,Ylä-Savo,Norra Savolax,11,Pohjois-Savo,Norra Savolax
05878,Marinkaisten koulu,11,Peruskoulut,0,2025,63.943422,23.439415,272,Kokkola,Karleby,162,Kokkola,Karleby,16,Keski-Pohjanmaa,Mellersta Österbotten
03720,Marjalan koulu,11,Peruskoulut,0,2025,62.632433,29.662093,167,Joensuu,Joensuu,122,Joensuu,Joensuu,12,Pohjois-Karjala,Norra Karelen
03410,Marjatta-koulu,12,Peruskouluasteen erityiskoulut,0,2025,60.226314,24.902438,091,Helsinki,Helsingfors,011,Helsinki,Helsingfors,01,Uusimaa,Nyland
06023,Martikkalan koulu,11,Peruskoulut,1,2025,63.409278,27.219995,402,Lapinlahti,Lapinlahti,111,Ylä-Savo,Norra Savolax,11,Pohjois-Savo,Norra Savolax
03649,Martin koulu,11,Peruskoulut,0,2025,60.621138,24.892362,106,Hyvinkää,Hyvinge,011,Helsinki,Helsingfors,01,Uusimaa,Nyland
03727,Martinkallion koulu,11,Peruskoulut,0,2025,60.156979,24.677764,049,Espoo,Esbo,011,Helsinki,Helsingfors,01,Uusimaa,Nyland
03215,Martinlaakson koulu,11,Peruskoulut,0,2025,60.276514,24.844062,092,Vantaa,Vanda,011,Helsinki,Helsingfors,01,Uusimaa,Nyland
00059,Martinlaakson lukio,15,Lukiot,0,2025,60.274953,24.84478,092,Vantaa,Vanda,011,Helsinki,Helsingfors,01,Uusimaa,Nyland
04404,Martinniemen koulu,11,Peruskoulut,0,2025,65.209993,25.315498,564,Oulu,Uleåborg,171,Oulu,Uleåborg,17,Pohjois-Pohjanmaa,Norra Österbotten
03825,Martti Ahtisaaren koulu,11,Peruskoulut,0,2025,62.851942,27.701872,297,Kuopio,Kuopio,112,Kuopio,Kuopio,11,Pohjois-Savo,Norra Savolax
06649,Marttilan koulu,11,Peruskoulut,0,2025,63.857769,23.468267,272,Kokkola,Karleby,162,Kokkola,Karleby,16,Keski-Pohjanmaa,Mellersta Österbotten
06891,Marttilan koulu,11,Peruskoulut,2,2025,61.343792,22.906684,790,Sastamala,Sastamala,068,Lounais-Pirkanmaa,Sydvästra Birkaland,06,Pirkanmaa,Birkaland
07271,Marttilan koulu,11,Peruskoulut,0,2025,62.786987,22.8368,743,Seinäjoki,Seinäjoki,142,Seinäjoki,Seinäjoki,14,Etelä-Pohjanmaa,Södra Österbotten
07961,Marttilan koulu,11,Peruskoulut,0,2025,60.588677,22.887977,480,Marttila,Marttila,025,Loimaa,Loimaa,02,Varsinais-Suomi,Egentliga Finland
08624,Masalan koulu,11,Peruskoulut,0,2025,60.16671,24.536683,257,Kirkkonummi,Kyrkslätt,011,Helsinki,Helsingfors,01,Uusimaa,Nyland
03709,Maskun Hemmingin koulu,11,Peruskoulut,0,2025,60.571043,22.108926,481,Masku,Masku,023,Turku,Åbo,02,Varsinais-Suomi,Egentliga Finland
06017,Matin ja Liisan koulu,11,Peruskoulut,0,2025,63.358798,27.403461,402,Lapinlahti,Lapinlahti,111,Ylä-Savo,Norra Savolax,11,Pohjois-Savo,Norra Savolax
00916,Matinkylän lukio,15,Lukiot,0,2025,60.159385,24.733977,049,Espoo,Esbo,011,Helsinki,Helsingfors,01,Uusimaa,Nyland
03132,Matinlahden koulu,11,Peruskoulut,0,2025,62.769596,22.855441,743,Seinäjoki,Seinäjoki,142,Seinäjoki,Seinäjoki,14,Etelä-Pohjanmaa,Södra Österbotten
07750,Matti Lohen koulu,11,Peruskoulut,0,2025,62.624523,26.817999,686,Rautalampi,Rautalampi,115,Sisä-Savo,Inre Savolax,11,Pohjois-Savo,Norra Savolax
08716,Mattilan koulu,11,Peruskoulut,0,2025,61.265845,23.762498,418,Lempäälä,Lempäälä,064,Tampere,Tammerfors,06,Pirkanmaa,Birkaland
04360,Mattisen koulu,11,Peruskoulut,0,2025,66.120708,24.969317,845,Tervola,Tervola,192,Kemi-Tornio,Kemi-Torneå,19,Lappi,Lappland
06716,Mattisenlahden koulu,11,Peruskoulut,0,2025,62.590537,29.5907,426,Liperi,Liperi,122,Joensuu,Joensuu,12,Pohjois-Karjala,Norra Karelen
00128,Mattlidens gymnasium,15,Lukiot,0,2025,60.197259,24.595706,049,Espoo,Esbo,011,Helsinki,Helsingfors,01,Uusimaa,Nyland
03169,Mattlidens skola,11,Peruskoulut,0,2025,60.197259,24.595706,049,Espoo,Esbo,011,Helsinki,Helsingfors,01,Uusimaa,Nyland
03020,Maunulan ala-asteen koulu,11,Peruskoulut,0,2025,60.227519,24.92999,091,Helsinki,Helsingfors,011,Helsinki,Helsingfors,01,Uusimaa,Nyland
03401,Maunulan yht.k.-Hgin mat.lukio,19,Perus- ja lukioasteen koulut,0,2025,60.229963,24.925411,091,Helsinki,Helsingfors,011,Helsinki,Helsingfors,01,Uusimaa,Nyland
03615,Maunun koulu,11,Peruskoulut,0,2025,60.543985,22.21726,704,Rusko,Rusko,023,Turku,Åbo,02,Varsinais-Suomi,Egentliga Finland
05651,Maxmo Kyrkoby skola,11,Peruskoulut,0,2025,63.220025,22.04787,946,Vöyri,Vörå,152,Vaasa,Vasa,15,Pohjanmaa,Österbotten
03021,Meilahden ala-asteen koulu,11,Peruskoulut,0,2025,60.19211,24.902944,091,Helsinki,Helsingfors,011,Helsinki,Helsingfors,01,Uusimaa,Nyland
03088,Meilahden yläasteen koulu,11,Peruskoulut,0,2025,60.194131,24.898449,091,Helsinki,Helsingfors,011,Helsinki,Helsingfors,01,Uusimaa,Nyland
03022,Mellunmäen ala-asteen koulu,11,Peruskoulut,0,2025,60.232463,25.120958,091,Helsinki,Helsingfors,011,Helsinki,Helsingfors,01,Uusimaa,Nyland
04243,Meltauksen koulu,11,Peruskoulut,0,2025,66.903021,25.370738,698,Rovaniemi,Rovaniemi,191,Rovaniemi,Rovaniemi,19,Lappi,Lappland
07887,Merenkurkun koulu,11,Peruskoulut,0,2025,63.091367,21.613701,905,Vaasa,Vasa,152,Vaasa,Vasa,15,Pohjanmaa,Österbotten
03882,Merenojan yhtenäiskoulu,11,Peruskoulut,0,2025,64.260611,23.954185,208,Kalajoki,Kalajoki,177,Ylivieska,Ylivieska,17,Pohjois-Pohjanmaa,Norra Österbotten
08377,Meri-Halikon koulu,11,Peruskoulut,2,2025,60.327443,22.942449,734,Salo,Salo,022,Salo,Salo,02,Varsinais-Suomi,Egentliga Finland
05766,Meri-Porin Yhtenäiskoulu,11,Peruskoulut,0,2025,61.556636,21.596425,609,Pori,Björneborg,043,Pori,Björneborg,04,Satakunta,Satakunta
06942,Merikaarron koulu,11,Peruskoulut,0,2025,63.062493,21.962799,905,Vaasa,Vasa,152,Vaasa,Vasa,15,Pohjanmaa,Österbotten
06486,Merikadun koulu,11,Peruskoulut,0,2025,64.683159,24.470729,678,Raahe,Brahestad,174,Raahe,Brahestad,17,Pohjois-Pohjanmaa,Norra Österbotten
00505,Merikarvian lukio,15,Lukiot,0,2025,61.862626,21.503206,484,Merikarvia,Sastmola,043,Pori,Björneborg,04,Satakunta,Satakunta
08452,Merikarvian yhteiskoulu,11,Peruskoulut,0,2025,61.862626,21.503206,484,Merikarvia,Sastmola,043,Pori,Björneborg,04,Satakunta,Satakunta
06320,Merikosken koulu,11,Peruskoulut,2,2025,65.027664,25.473536,564,Oulu,Uleåborg,171,Oulu,Uleåborg,17,Pohjois-Pohjanmaa,Norra Österbotten
00831,Merikosken lukio,15,Lukiot,1,2025,65.006644,25.491115,564,Oulu,Uleåborg,171,Oulu,Uleåborg,17,Pohjois-Pohjanmaa,Norra Österbotten
03614,Merilahden peruskoulu,11,Peruskoulut,0,2025,60.200299,25.132901,091,Helsinki,Helsingfors,011,Helsinki,Helsingfors,01,Uusimaa,Nyland
08507,Merimaskun koulu,11,Peruskoulut,0,2025,60.470804,21.872081,529,Naantali,Nådendal,023,Turku,Åbo,02,Varsinais-Suomi,Egentliga Finland
03326,Meritorin koulu,11,Peruskoulut,0,2025,62.754408,22.817379,743,Seinäjoki,Seinäjoki,142,Seinäjoki,Seinäjoki,14,Etelä-Pohjanmaa,Södra Österbotten
08100,Merituulen koulu,11,Peruskoulut,0,2025,60.053565,24.020992,149,Inkoo,Ingå,014,Raasepori,Raseborg,01,Uusimaa,Nyland
07581,Mertalan koulu,11,Peruskoulut,0,2025,61.868266,28.93708,740,Savonlinna,Nyslott,103,Savonlinna,Nyslott,10,Etelä-Savo,Södra Savolax
08303,Merttelän koulu,11,Peruskoulut,1,2025,60.562348,22.228666,704,Rusko,Rusko,023,Turku,Åbo,02,Varsinais-Suomi,Egentliga Finland
08687,Messukylän koulu,11,Peruskoulut,0,2025,61.486433,23.842218,837,Tampere,Tammerfors,064,Tampere,Tammerfors,06,Pirkanmaa,Birkaland
03780,Metsokankaan koulu,11,Peruskoulut,0,2025,64.945123,25.546438,564,Oulu,Uleåborg,171,Oulu,Uleåborg,17,Pohjois-Pohjanmaa,Norra Österbotten
03023,Metsolan ala-asteen koulu,11,Peruskoulut,0,2025,60.241929,24.960932,091,Helsinki,Helsingfors,011,Helsinki,Helsingfors,01,Uusimaa,Nyland
07012,Metsolan koulu,11,Peruskoulut,0,2025,62.517596,22.702954,301,Kurikka,Kurikka,142,Seinäjoki,Seinäjoki,14,Etelä-Pohjanmaa,Södra Österbotten
08005,Metsolan koulu,11,Peruskoulut,0,2025,60.237536,24.068098,444,Lohja,Lojo,011,Helsinki,Helsingfors,01,Uusimaa,Nyland
03883,Metsäkaltevan koulu,11,Peruskoulut,0,2025,60.601807,24.879119,106,Hyvinkää,Hyvinge,011,Helsinki,Helsingfors,01,Uusimaa,Nyland
05395,Metsäkulman koulu,11,Peruskoulut,0,2025,63.526831,22.521742,893,Uusikaarlepyy,Nykarleby,154,Jakobstadsregionen,Jakobstadsregionen,15,Pohjanmaa,Österbotten
08055,Metsäkylän koulu,11,Peruskoulut,0,2025,60.40654,24.798674,543,Nurmijärvi,Nurmijärvi,011,Helsinki,Helsingfors,01,Uusimaa,Nyland
08734,Metsäkylän yhtenäiskoulu,11,Peruskoulut,0,2025,61.573781,23.507277,980,Ylöjärvi,Ylöjärvi,064,Tampere,Tammerfors,06,Pirkanmaa,Birkaland
08446,Metsämaan koulu,11,Peruskoulut,0,2025,60.940485,23.15255,430,Loimaa,Loimaa,025,Loimaa,Loimaa,02,Varsinais-Suomi,Egentliga Finland
06990,Miedon koulu,11,Peruskoulut,0,2025,62.565844,22.291025,301,Kurikka,Kurikka,142,Seinäjoki,Seinäjoki,14,Etelä-Pohjanmaa,Södra Österbotten
07418,Miehikkälän koulu,11,Peruskoulut,1,2025,60.669519,27.695621,489,Miehikkälä,Miehikkälä,082,Kotka-Hamina,Kotka-Fredrikshamn,08,Kymenlaakso,Kymmenedalen
05165,Mieluskylän koulu,11,Peruskoulut,0,2025,64.173575,25.157925,071,Haapavesi,Haapavesi,175,Haapavesi-Siikalatva,Haapavesi-Siikalatva,17,Pohjois-Pohjanmaa,Norra Österbotten
08821,Miemalan koulu,11,Peruskoulut,0,2025,60.959355,24.498404,109,Hämeenlinna,Tavastehus,051,Hämeenlinna,Tavastehus,05,Kanta-Häme,Egentliga Tavastland
08630,Miinan koulu,11,Peruskoulut,0,2025,60.802312,23.488459,169,Jokioinen,Jockis,053,Forssa,Forssa,05,Kanta-Häme,Egentliga Tavastland
05607,Mika Waltarin koulu,11,Peruskoulut,0,2025,60.433981,25.368801,611,Pornainen,Borgnäs,011,Helsinki,Helsingfors,01,Uusimaa,Nyland
08581,Mikaelin koulu,12,Peruskouluasteen erityiskoulut,0,2025,60.447377,22.253548,853,Turku,Åbo,023,Turku,Åbo,02,Varsinais-Suomi,Egentliga Finland
03543,Mikaelskolan,11,Peruskoulut,0,2025,59.986132,23.413304,710,Raasepori,Raseborg,014,Raasepori,Raseborg,01,Uusimaa,Nyland
06808,Mikkelin Lyseon koulu,11,Peruskoulut,0,2025,61.693529,27.277151,491,Mikkeli,S:t Michel,101,Mikkeli,S:t Michel,10,Etelä-Savo,Södra Savolax
00509,Mikkelin lukio,15,Lukiot,0,2025,61.691393,27.267908,491,Mikkeli,S:t Michel,101,Mikkeli,S:t Michel,10,Etelä-Savo,Södra Savolax
03608,Mikkelän koulu,11,Peruskoulut,0,2025,60.205397,24.632596,049,Espoo,Esbo,011,Helsinki,Helsingfors,01,Uusimaa,Nyland
03190,Mikkolan koulu,11,Peruskoulut,0,2025,60.340818,25.095341,092,Vantaa,Vanda,011,Helsinki,Helsingfors,01,Uusimaa,Nyland
03637,Mikkolan koulu,11,Peruskoulut,2,2025,60.394656,25.019304,858,Tuusula,Tusby,011,Helsinki,Helsingfors,01,Uusimaa,Nyland
03069,Minervaskolan,11,Peruskoulut,0,2025,60.175918,24.925414,091,Helsinki,Helsingfors,011,Helsinki,Helsingfors,01,Uusimaa,Nyland
07527,Minna Canthin koulu,11,Peruskoulut,0,2025,62.891312,27.650982,297,Kuopio,Kuopio,112,Kuopio,Kuopio,11,Pohjois-Savo,Norra Savolax
03619,Moision koulu,11,Peruskoulut,6,2025,60.253578,24.081343,444,Lohja,Lojo,011,Helsinki,Helsingfors,01,Uusimaa,Nyland
06187,Moision koulu,11,Peruskoulut,2,2025,61.653805,27.264185,491,Mikkeli,S:t Michel,101,Mikkeli,S:t Michel,10,Etelä-Savo,Södra Savolax
08523,Moision koulu,11,Peruskoulut,0,2025,60.391613,23.135165,734,Salo,Salo,022,Salo,Salo,02,Varsinais-Suomi,Egentliga Finland
08717,Moision koulu,11,Peruskoulut,0,2025,61.345896,23.755051,418,Lempäälä,Lempäälä,064,Tampere,Tammerfors,06,Pirkanmaa,Birkaland
07926,Molpe skola,11,Peruskoulut,0,2025,62.866608,21.281618,280,Korsnäs,Korsnäs,152,Vaasa,Vasa,15,Pohjanmaa,Österbotten
06541,Monnin koulu,11,Peruskoulut,0,2025,60.686147,24.831662,694,Riihimäki,Riihimäki,052,Riihimäki,Riihimäki,05,Kanta-Häme,Egentliga Tavastland
07254,Monninkylän koulu,11,Peruskoulut,0,2025,60.497819,25.53318,018,Askola,Askola,015,Porvoo,Borgå,01,Uusimaa,Nyland
07854,Mosebacke skola,11,Peruskoulut,0,2025,62.472096,21.356507,545,Närpiö,Närpes,153,Sydösterbotten,Sydösterbotten,15,Pohjanmaa,Österbotten
05743,Mouhijärven yhteiskoulu,11,Peruskoulut,0,2025,61.514392,22.998717,790,Sastamala,Sastamala,068,Lounais-Pirkanmaa,Sydvästra Birkaland,06,Pirkanmaa,Birkaland
00512,Muhoksen lukio,15,Lukiot,0,2025,64.810061,25.98877,494,Muhos,Muhos,171,Oulu,Uleåborg,17,Pohjois-Pohjanmaa,Norra Österbotten
06293,Muhoksen yläkoulu,11,Peruskoulut,0,2025,64.810061,25.98877,494,Muhos,Muhos,171,Oulu,Uleåborg,17,Pohjois-Pohjanmaa,Norra Österbotten
03675,Muijalan koulu,11,Peruskoulut,0,2025,60.28837,24.190988,444,Lohja,Lojo,011,Helsinki,Helsingfors,01,Uusimaa,Nyland
05140,Muistolan koulu,11,Peruskoulut,0,2025,61.354552,22.89951,790,Sastamala,Sastamala,068,Lounais-Pirkanmaa,Sydvästra Birkaland,06,Pirkanmaa,Birkaland
07919,Mukkulan peruskoulu,11,Peruskoulut,0,2025,61.014602,25.663464,398,Lahti,Lahtis,071,Lahti,Lahtis,07,Päijät-Häme,Päijänne-Tavastland
07056,Munakan koulu,11,Peruskoulut,0,2025,62.841704,22.730595,743,Seinäjoki,Seinäjoki,142,Seinäjoki,Seinäjoki,14,Etelä-Pohjanmaa,Södra Österbotten
03024,Munkkiniemen ala-asteen koulu,11,Peruskoulut,0,2025,60.202609,24.875838,091,Helsinki,Helsingfors,011,Helsinki,Helsingfors,01,Uusimaa,Nyland
03402,Munkkiniemen yhteiskoulu,19,Perus- ja lukioasteen koulut,0,2025,60.200306,24.878386,091,Helsinki,Helsingfors,011,Helsinki,Helsingfors,01,Uusimaa,Nyland
03025,Munkkivuoren ala-asteen koulu,11,Peruskoulut,0,2025,60.206011,24.871196,091,Helsinki,Helsingfors,011,Helsinki,Helsingfors,01,Uusimaa,Nyland
05627,Munsala skola,11,Peruskoulut,0,2025,63.455699,22.435049,893,Uusikaarlepyy,Nykarleby,154,Jakobstadsregionen,Jakobstadsregionen,15,Pohjanmaa,Österbotten
00466,Muonion lukio,15,Lukiot,0,2025,67.965791,23.676483,498,Muonio,Muonio,196,Tunturi-Lappi,Tunturi-Lappi,19,Lappi,Lappland
04145,Muonion yhtenäiskoulu,11,Peruskoulut,0,2025,67.961536,23.676779,498,Muonio,Muonio,196,Tunturi-Lappi,Tunturi-Lappi,19,Lappi,Lappland
06413,Murron koulu,11,Peruskoulut,0,2025,64.842127,25.667863,859,Tyrnävä,Tyrnävä,171,Oulu,Uleåborg,17,Pohjois-Pohjanmaa,Norra Österbotten
06621,Mussalon koulu,11,Peruskoulut,0,2025,60.456086,26.882636,285,Kotka,Kotka,082,Kotka-Hamina,Kotka-Fredrikshamn,08,Kymenlaakso,Kymmenedalen
08381,Mustamäen koulu,11,Peruskoulut,0,2025,60.392443,23.036629,734,Salo,Salo,022,Salo,Salo,02,Varsinais-Suomi,Egentliga Finland
06973,Mustasaaren keskuskoulu,11,Peruskoulut,0,2025,63.117733,21.680747,905,Vaasa,Vasa,152,Vaasa,Vasa,15,Pohjanmaa,Österbotten
08112,Mustion koulu,11,Peruskoulut,0,2025,60.137752,23.852294,710,Raasepori,Raseborg,014,Raasepori,Raseborg,01,Uusimaa,Nyland
05914,Mutalan koulu,11,Peruskoulut,0,2025,62.61328,29.786916,167,Joensuu,Joensuu,122,Joensuu,Joensuu,12,Pohjois-Karjala,Norra Karelen
08735,Mutalan koulu,11,Peruskoulut,0,2025,61.66446,23.566127,980,Ylöjärvi,Ylöjärvi,064,Tampere,Tammerfors,06,Pirkanmaa,Birkaland
00575,Muuramen lukio,15,Lukiot,0,2025,62.131129,25.668355,500,Muurame,Muurame,131,Jyväskylä,Jyväskylä,13,Keski-Suomi,Mellersta Finland
04850,Muurasjärven koulu,11,Peruskoulut,0,2025,63.544927,25.23542,601,Pihtipudas,Pihtipudas,138,Saarijärvi-Viitasaari,Saarijärvi-Viitasaari,13,Keski-Suomi,Mellersta Finland
08470,Muurlan koulu,11,Peruskoulut,0,2025,60.359849,23.287255,734,Salo,Salo,022,Salo,Salo,02,Varsinais-Suomi,Egentliga Finland
04275,Muurolan peruskoulu,11,Peruskoulut,0,2025,66.368133,25.377121,698,Rovaniemi,Rovaniemi,191,Rovaniemi,Rovaniemi,19,Lappi,Lappland
04816,Muuruveden koulu,11,Peruskoulut,0,2025,63.013275,28.207134,297,Kuopio,Kuopio,112,Kuopio,Kuopio,11,Pohjois-Savo,Norra Savolax
03688,Mylly-Antin koulu,12,Peruskouluasteen erityiskoulut,0,2025,60.49297,22.27349,853,Turku,Åbo,023,Turku,Åbo,02,Varsinais-Suomi,Egentliga Finland
08648,Myllyhaan koulu,11,Peruskoulut,0,2025,61.490204,23.504646,536,Nokia,Nokia,064,Tampere,Tammerfors,06,Pirkanmaa,Birkaland
03275,Myllyjoen koulu,12,Peruskouluasteen erityiskoulut,0,2025,61.694163,27.353053,491,Mikkeli,S:t Michel,101,Mikkeli,S:t Michel,10,Etelä-Savo,Södra Savolax
06603,Myllykankaan koulu,11,Peruskoulut,0,2025,63.01509,23.638287,005,Alajärvi,Alajärvi,146,Järviseutu,Järviseutu,14,Etelä-Pohjanmaa,Södra Österbotten
07809,Myllykosken yhtenäiskoulu,11,Peruskoulut,0,2025,60.771152,26.784119,286,Kouvola,Kouvola,081,Kouvola,Kouvola,08,Kymenlaakso,Kymmenedalen
08746,Myllykylän koulu,11,Peruskoulut,2,2025,60.823243,23.817557,834,Tammela,Tammela,053,Forssa,Forssa,05,Kanta-Häme,Egentliga Tavastland
03658,Myllylän koulu,11,Peruskoulut,0,2025,60.808845,25.722968,560,Orimattila,Orimattila,071,Lahti,Lahtis,07,Päijät-Häme,Päijänne-Tavastland
03320,Myllymäen koulu,11,Peruskoulut,2,2025,60.630055,25.321959,505,Mäntsälä,Mäntsälä,011,Helsinki,Helsingfors,01,Uusimaa,Nyland
05573,Myllymäen koulu,11,Peruskoulut,0,2025,62.522484,24.271006,989,Ähtäri,Etseri,144,Kuusiokunnat,Kuusiokunnat,14,Etelä-Pohjanmaa,Södra Österbotten
07099,Myllymäen koulu,11,Peruskoulut,0,2025,61.038607,28.2215,405,Lappeenranta,Villmanstrand,091,Lappeenranta,Villmanstrand,09,Etelä-Karjala,Södra Karelen
08822,Myllymäen koulu,11,Peruskoulut,0,2025,60.98929,24.433693,109,Hämeenlinna,Tavastehus,051,Hämeenlinna,Tavastehus,05,Kanta-Häme,Egentliga Tavastland
03262,Myllyojan koulu,11,Peruskoulut,0,2025,65.018752,25.553917,564,Oulu,Uleåborg,171,Oulu,Uleåborg,17,Pohjois-Pohjanmaa,Norra Österbotten
03089,Myllypuron peruskoulu,11,Peruskoulut,0,2025,60.220658,25.070632,091,Helsinki,Helsingfors,011,Helsinki,Helsingfors,01,Uusimaa,Nyland
06322,Myllytullin koulu,11,Peruskoulut,0,2025,65.015822,25.477545,564,Oulu,Uleåborg,171,Oulu,Uleåborg,17,Pohjois-Pohjanmaa,Norra Österbotten
03687,Myllärin koulu,12,Peruskouluasteen erityiskoulut,0,2025,66.488007,25.785629,698,Rovaniemi,Rovaniemi,191,Rovaniemi,Rovaniemi,19,Lappi,Lappland
00517,Mynämäen lukio,15,Lukiot,0,2025,60.678599,21.991794,503,Mynämäki,Mynämäki,023,Turku,Åbo,02,Varsinais-Suomi,Egentliga Finland
07234,Myrskylän koulu,11,Peruskoulut,0,2025,60.672238,25.854619,504,Myrskylä,Mörskom,015,Porvoo,Borgå,01,Uusimaa,Nyland
05786,Myötätuulen koulu,12,Peruskouluasteen erityiskoulut,0,2025,61.475164,21.780545,609,Pori,Björneborg,043,Pori,Björneborg,04,Satakunta,Satakunta
04442,Mäkelän koulu,11,Peruskoulut,0,2025,66.003717,29.254953,305,Kuusamo,Kuusamo,178,Koillismaa,Koillismaa,17,Pohjois-Pohjanmaa,Norra Österbotten
04878,Mäkelänmäen koulu,11,Peruskoulut,0,2025,62.133131,25.670699,500,Muurame,Muurame,131,Jyväskylä,Jyväskylä,13,Keski-Suomi,Mellersta Finland
00518,Mäkelänrinteen lukio,15,Lukiot,0,2025,60.19877,24.949159,091,Helsinki,Helsingfors,011,Helsinki,Helsingfors,01,Uusimaa,Nyland
05169,Mäkirinteen koulu,11,Peruskoulut,0,2025,64.140798,25.378258,071,Haapavesi,Haapavesi,175,Haapavesi-Siikalatva,Haapavesi-Siikalatva,17,Pohjois-Pohjanmaa,Norra Österbotten
06797,Männikön koulu,11,Peruskoulut,0,2025,62.942658,23.139869,408,Lapua,Lappo,142,Seinäjoki,Seinäjoki,14,Etelä-Pohjanmaa,Södra Österbotten
00519,Mäntsälän lukio,15,Lukiot,0,2025,60.639833,25.319001,505,Mäntsälä,Mäntsälä,011,Helsinki,Helsingfors,01,Uusimaa,Nyland
07651,Mänttä-Vilppulan yläkoulu,11,Peruskoulut,0,2025,62.022853,24.499539,508,Mänttä-Vilppula,Mänttä-Vilppula,069,Ylä-Pirkanmaa,Övre Birkaland,06,Pirkanmaa,Birkaland
06200,Mäntyharjun Yhtenäiskoulu,11,Peruskoulut,0,2025,61.418801,26.866972,507,Mäntyharju,Mäntyharju,101,Mikkeli,S:t Michel,10,Etelä-Savo,Södra Savolax
00520,Mäntyharjun lukio,15,Lukiot,0,2025,61.417265,26.866098,507,Mäntyharju,Mäntyharju,101,Mikkeli,S:t Michel,10,Etelä-Savo,Södra Savolax
05855,Mäntykankaan koulu,11,Peruskoulut,0,2025,63.840885,23.116813,272,Kokkola,Karleby,162,Kokkola,Karleby,16,Keski-Pohjanmaa,Mellersta Österbotten
03174,Mäntymäen koulu,11,Peruskoulut,1,2025,60.213111,24.715459,235,Kauniainen,Grankulla,011,Helsinki,Helsingfors,01,Uusimaa,Nyland
08009,Mäntynummen yhtenäiskoulu,11,Peruskoulut,0,2025,60.254876,24.059152,444,Lohja,Lojo,011,Helsinki,Helsingfors,01,Uusimaa,Nyland
03666,Mäntysalon koulu,11,Peruskoulut,0,2025,60.400086,24.760132,543,Nurmijärvi,Nurmijärvi,011,Helsinki,Helsingfors,01,Uusimaa,Nyland
00521,Mäntän lukio,15,Lukiot,0,2025,62.030991,24.626295,508,Mänttä-Vilppula,Mänttä-Vilppula,069,Ylä-Pirkanmaa,Övre Birkaland,06,Pirkanmaa,Birkaland
06636,Märsylän koulu,11,Peruskoulut,1,2025,63.986457,23.952678,217,Kannus,Kannus,162,Kokkola,Karleby,16,Keski-Pohjanmaa,Mellersta Österbotten
08383,Märynummen koulu,11,Peruskoulut,0,2025,60.434782,23.049256,734,Salo,Salo,022,Salo,Salo,02,Varsinais-Suomi,Egentliga Finland
03071,Månsas lågstadieskola,11,Peruskoulut,0,2025,60.227519,24.92999,091,Helsinki,Helsingfors,011,Helsinki,Helsingfors,01,Uusimaa,Nyland
03207,Mårtensdals skola,11,Peruskoulut,0,2025,60.280059,24.845547,092,Vantaa,Vanda,011,Helsinki,Helsingfors,01,Uusimaa,Nyland
06642,Möttösen koulu,11,Peruskoulut,0,2025,63.179358,24.53876,584,Perho,Perho,161,Kaustinen,Kaustby,16,Keski-Pohjanmaa,Mellersta Österbotten
07904,Möysän peruskoulu,11,Peruskoulut,0,2025,60.977876,25.689897,398,Lahti,Lahtis,071,Lahti,Lahtis,07,Päijät-Häme,Päijänne-Tavastland
00552,Naantalin lukio,15,Lukiot,0,2025,60.473198,22.029988,529,Naantali,Nådendal,023,Turku,Åbo,02,Varsinais-Suomi,Egentliga Finland
05029,Naapurinvaaran koulu,11,Peruskoulut,0,2025,64.18159,28.232153,765,Sotkamo,Sotkamo,182,Kajaani,Kajana,18,Kainuu,Kajanaland
08596,Nahkelan koulu,11,Peruskoulut,0,2025,60.403897,24.937604,858,Tuusula,Tusby,011,Helsinki,Helsingfors,01,Uusimaa,Nyland
08227,Nahkialan koulu,11,Peruskoulut,0,2025,61.174057,23.883689,020,Akaa,Akaa,063,Etelä-Pirkanmaa,Södra Birkaland,06,Pirkanmaa,Birkaland
05197,Nakertajan koulu,11,Peruskoulut,0,2025,64.24932,27.698006,205,Kajaani,Kajana,182,Kajaani,Kajana,18,Kainuu,Kajanaland
00553,Nakkilan lukio,15,Lukiot,0,2025,61.368887,22.001421,531,Nakkila,Nakkila,043,Pori,Björneborg,04,Satakunta,Satakunta
08348,Nakkilan yhteiskoulu,11,Peruskoulut,0,2025,61.368887,22.001421,531,Nakkila,Nakkila,043,Pori,Björneborg,04,Satakunta,Satakunta
08514,Nanun koulu,11,Peruskoulut,0,2025,61.117639,21.511687,684,Rauma,Raumo,041,Rauma,Raumo,04,Satakunta,Satakunta
04276,Napapiirin peruskoulu,11,Peruskoulut,0,2025,66.529205,25.831974,698,Rovaniemi,Rovaniemi,191,Rovaniemi,Rovaniemi,19,Lappi,Lappland
08638,Narvan koulu,11,Peruskoulut,0,2025,61.296817,23.50472,922,Vesilahti,Vesilahti,064,Tampere,Tammerfors,06,Pirkanmaa,Birkaland
07387,Naukion yhtenäiskoulu,11,Peruskoulut,0,2025,60.917241,26.610595,286,Kouvola,Kouvola,081,Kouvola,Kouvola,08,Kymenlaakso,Kymmenedalen
03114,Naulakallion koulu,12,Peruskouluasteen erityiskoulut,0,2025,60.233629,25.116412,091,Helsinki,Helsingfors,011,Helsinki,Helsingfors,01,Uusimaa,Nyland
03876,Naulan peruskoulu,12,Peruskouluasteen erityiskoulut,2,2025,61.140626,21.512378,684,Rauma,Raumo,041,Rauma,Raumo,04,Satakunta,Satakunta
03325,Nauriskasken koulu,11,Peruskoulut,0,2025,60.175993,24.600918,049,Espoo,Esbo,011,Helsinki,Helsingfors,01,Uusimaa,Nyland
06762,Nedervetil skola,11,Peruskoulut,0,2025,63.70049,23.338815,288,Kruunupyy,Kronoby,154,Jakobstadsregionen,Jakobstadsregionen,15,Pohjanmaa,Österbotten
03726,Neiron koulu,11,Peruskoulut,0,2025,62.697056,22.757623,145,Ilmajoki,Ilmajoki,142,Seinäjoki,Seinäjoki,14,Etelä-Pohjanmaa,Södra Österbotten
03587,Neljäntuulen koulu,12,Peruskouluasteen erityiskoulut,0,2025,66.498887,25.729518,698,Rovaniemi,Rovaniemi,191,Rovaniemi,Rovaniemi,19,Lappi,Lappland
05915,Nepenmäen koulu,11,Peruskoulut,0,2025,62.586358,29.780731,167,Joensuu,Joensuu,122,Joensuu,Joensuu,12,Pohjois-Karjala,Norra Karelen
06025,Nerkoon koulu,11,Peruskoulut,0,2025,63.420472,27.33032,402,Lapinlahti,Lapinlahti,111,Ylä-Savo,Norra Savolax,11,Pohjois-Savo,Norra Savolax
00618,Nettilukio,15,Lukiot,0,2025,61.647469,27.07329,491,Mikkeli,S:t Michel,101,Mikkeli,S:t Michel,10,Etelä-Savo,Södra Savolax
03482,Neulamäen koulu,11,Peruskoulut,0,2025,62.882751,27.610382,297,Kuopio,Kuopio,112,Kuopio,Kuopio,11,Pohjois-Savo,Norra Savolax
07143,Neuvottoman koulu,11,Peruskoulut,0,2025,60.559563,27.047581,075,Hamina,Fredrikshamn,082,Kotka-Hamina,Kotka-Fredrikshamn,08,Kymenlaakso,Kymmenedalen
06457,Niemelän koulu,11,Peruskoulut,0,2025,64.106436,24.473739,977,Ylivieska,Ylivieska,177,Ylivieska,Ylivieska,17,Pohjois-Pohjanmaa,Norra Österbotten
06386,Niemenkartanon koulu,11,Peruskoulut,0,2025,63.599704,24.970886,691,Reisjärvi,Reisjärvi,176,Nivala-Haapajärvi,Nivala-Haapajärvi,17,Pohjois-Pohjanmaa,Norra Österbotten
08805,Niemenkulman koulu,11,Peruskoulut,0,2025,60.412443,22.532259,202,Kaarina,S:t Karins,023,Turku,Åbo,02,Varsinais-Suomi,Egentliga Finland
03828,Niemenrannan koulu,11,Peruskoulut,0,2025,64.959843,25.369387,564,Oulu,Uleåborg,171,Oulu,Uleåborg,17,Pohjois-Pohjanmaa,Norra Österbotten
04531,Niemisjärven koulu,11,Peruskoulut,0,2025,62.287227,26.337797,077,Hankasalmi,Hankasalmi,131,Jyväskylä,Jyväskylä,13,Keski-Suomi,Mellersta Finland
06901,Niemistön koulu,11,Peruskoulut,0,2025,62.813342,22.790847,743,Seinäjoki,Seinäjoki,142,Seinäjoki,Seinäjoki,14,Etelä-Pohjanmaa,Södra Österbotten
08235,Nihattulan koulu,11,Peruskoulut,0,2025,61.022973,24.349479,082,Hattula,Hattula,051,Hämeenlinna,Tavastehus,05,Kanta-Häme,Egentliga Tavastland
08445,Niinijoen koulu,11,Peruskoulut,0,2025,60.858856,22.880336,430,Loimaa,Loimaa,025,Loimaa,Loimaa,02,Varsinais-Suomi,Egentliga Finland
06781,Niinisalon koulu,11,Peruskoulut,1,2025,61.847859,22.465214,214,Kankaanpää,Kankaanpää,044,Pohjois-Satakunta,Norra Satakunta,04,Satakunta,Satakunta
03134,Niipperin koulu,11,Peruskoulut,0,2025,60.303284,24.742109,049,Espoo,Esbo,011,Helsinki,Helsingfors,01,Uusimaa,Nyland
03135,Niittykummun koulu,11,Peruskoulut,0,2025,60.173951,24.76412,049,Espoo,Esbo,011,Helsinki,Helsingfors,01,Uusimaa,Nyland
06698,Niittylahden koulu,11,Peruskoulut,0,2025,62.5204,29.86753,167,Joensuu,Joensuu,122,Joensuu,Joensuu,12,Pohjois-Karjala,Norra Karelen
03670,Niittyvillan koulu,12,Peruskouluasteen erityiskoulut,0,2025,62.730432,22.860999,743,Seinäjoki,Seinäjoki,142,Seinäjoki,Seinäjoki,14,Etelä-Pohjanmaa,Södra Österbotten
05950,Nilakan yhtenäiskoulu,11,Peruskoulut,0,2025,63.177886,26.347284,239,Keitele,Keitele,111,Ylä-Savo,Norra Savolax,11,Pohjois-Savo,Norra Savolax
04463,Nilon koulu,11,Peruskoulut,0,2025,65.978776,29.180617,305,Kuusamo,Kuusamo,178,Koillismaa,Koillismaa,17,Pohjois-Pohjanmaa,Norra Österbotten
04444,Nilonkankaan koulu,11,Peruskoulut,0,2025,65.978776,29.180617,305,Kuusamo,Kuusamo,178,Koillismaa,Koillismaa,17,Pohjois-Pohjanmaa,Norra Österbotten
05152,Nilsbyn koulu,11,Peruskoulut,0,2025,60.326794,22.397468,445,Parainen,Pargas,021,Åboland-Turunmaa,Åboland-Turunmaa,02,Varsinais-Suomi,Egentliga Finland
00554,Nilsiän lukio,15,Lukiot,0,2025,63.204534,28.089271,297,Kuopio,Kuopio,112,Kuopio,Kuopio,11,Pohjois-Savo,Norra Savolax
04803,Nilsiän yhtenäiskoulu,11,Peruskoulut,0,2025,63.204534,28.089271,297,Kuopio,Kuopio,112,Kuopio,Kuopio,11,Pohjois-Savo,Norra Savolax
04445,Nissinvaaran koulu,11,Peruskoulut,0,2025,66.054209,29.150627,305,Kuusamo,Kuusamo,178,Koillismaa,Koillismaa,17,Pohjois-Pohjanmaa,Norra Österbotten
03526,Nissnikun koulu,11,Peruskoulut,0,2025,60.156146,24.529436,257,Kirkkonummi,Kyrkslätt,011,Helsinki,Helsingfors,01,Uusimaa,Nyland
03590,Nisulanmäen koulu,11,Peruskoulut,0,2025,62.131129,25.668355,500,Muurame,Muurame,131,Jyväskylä,Jyväskylä,13,Keski-Suomi,Mellersta Finland
08584,Niva-Kaijan koulu,11,Peruskoulut,0,2025,63.926412,24.973324,535,Nivala,Nivala,176,Nivala-Haapajärvi,Nivala-Haapajärvi,17,Pohjois-Pohjanmaa,Norra Österbotten
00555,Nivalan lukio,15,Lukiot,0,2025,63.925066,24.972912,535,Nivala,Nivala,176,Nivala-Haapajärvi,Nivala-Haapajärvi,17,Pohjois-Pohjanmaa,Norra Österbotten
05963,Nivan koulu,11,Peruskoulut,0,2025,63.654971,26.611384,263,Kiuruvesi,Kiuruvesi,111,Ylä-Savo,Norra Savolax,11,Pohjois-Savo,Norra Savolax
04247,Nivankylän koulu,11,Peruskoulut,0,2025,66.588333,25.615921,698,Rovaniemi,Rovaniemi,191,Rovaniemi,Rovaniemi,19,Lappi,Lappland
03618,Nivavaaran koulu,11,Peruskoulut,2,2025,66.529584,25.827645,698,Rovaniemi,Rovaniemi,191,Rovaniemi,Rovaniemi,19,Lappi,Lappland
07596,Nojanmaan koulu,11,Peruskoulut,0,2025,61.875958,28.93477,740,Savonlinna,Nyslott,103,Savonlinna,Nyslott,10,Etelä-Savo,Södra Savolax
08649,Nokia-Viholan koulu,11,Peruskoulut,0,2025,61.468623,23.497486,536,Nokia,Nokia,064,Tampere,Tammerfors,06,Pirkanmaa,Birkaland
00556,Nokian lukio,15,Lukiot,0,2025,61.486421,23.513792,536,Nokia,Nokia,064,Tampere,Tammerfors,06,Pirkanmaa,Birkaland
08642,Nokianvirran koulu,11,Peruskoulut,0,2025,61.483917,23.516008,536,Nokia,Nokia,064,Tampere,Tammerfors,06,Pirkanmaa,Birkaland
03597,Noljakan koulu,11,Peruskoulut,0,2025,62.622342,29.692393,167,Joensuu,Joensuu,122,Joensuu,Joensuu,12,Pohjois-Karjala,Norra Karelen
08709,Noormarkun yhtenäiskoulu,11,Peruskoulut,0,2025,61.590926,21.874418,609,Pori,Björneborg,043,Pori,Björneborg,04,Satakunta,Satakunta
07057,Nopankylän koulu,11,Peruskoulut,0,2025,62.719458,22.274455,145,Ilmajoki,Ilmajoki,142,Seinäjoki,Seinäjoki,14,Etelä-Pohjanmaa,Södra Österbotten
04909,Nopolan koulu,11,Peruskoulut,0,2025,63.050475,24.558928,312,Kyyjärvi,Kyyjärvi,138,Saarijärvi-Viitasaari,Saarijärvi-Viitasaari,13,Keski-Suomi,Mellersta Finland
08091,Nopon koulu,11,Peruskoulut,0,2025,60.56729,24.804593,106,Hyvinkää,Hyvinge,011,Helsinki,Helsingfors,01,Uusimaa,Nyland
03674,Nordsjö lågstadieskola,11,Peruskoulut,0,2025,60.208456,25.139422,091,Helsinki,Helsingfors,011,Helsinki,Helsingfors,01,Uusimaa,Nyland
08896,Norra Korsholms skola,11,Peruskoulut,0,2025,63.159535,21.687855,499,Mustasaari,Korsholm,152,Vaasa,Vasa,15,Pohjanmaa,Österbotten
05667,Norra Paipis skola,11,Peruskoulut,0,2025,60.470094,25.213401,753,Sipoo,Sibbo,011,Helsinki,Helsingfors,01,Uusimaa,Nyland
07379,Nostavan koulu,11,Peruskoulut,0,2025,60.94093,25.544142,098,Hollola,Hollola,071,Lahti,Lahtis,07,Päijät-Häme,Päijänne-Tavastland
00480,Nousiaisten lukio,15,Lukiot,0,2025,60.602381,22.08683,538,Nousiainen,Nousis,023,Turku,Åbo,02,Varsinais-Suomi,Egentliga Finland
07114,Nuijamaan koulu,11,Peruskoulut,0,2025,60.961477,28.536606,405,Lappeenranta,Villmanstrand,091,Lappeenranta,Villmanstrand,09,Etelä-Karjala,Södra Karelen
08056,Nukarin koulu,11,Peruskoulut,0,2025,60.528727,24.913592,543,Nurmijärvi,Nurmijärvi,011,Helsinki,Helsingfors,01,Uusimaa,Nyland
08611,Nummelan koulu,11,Peruskoulut,0,2025,60.333587,24.311251,927,Vihti,Vichtis,011,Helsinki,Helsingfors,01,Uusimaa,Nyland
03240,Nummelanharjun koulu,11,Peruskoulut,0,2025,60.338254,24.312371,927,Vihti,Vichtis,011,Helsinki,Helsingfors,01,Uusimaa,Nyland
06970,Nummen koulu,11,Peruskoulut,0,2025,63.095463,21.717732,905,Vaasa,Vasa,152,Vaasa,Vasa,15,Pohjanmaa,Österbotten
08042,Nummen yhtenäiskoulu,11,Peruskoulut,0,2025,60.383875,23.911818,444,Lohja,Lojo,011,Helsinki,Helsingfors,01,Uusimaa,Nyland
08814,Nummen yhtenäiskoulu,11,Peruskoulut,0,2025,60.981684,24.403625,109,Hämeenlinna,Tavastehus,051,Hämeenlinna,Tavastehus,05,Kanta-Häme,Egentliga Tavastland
03310,Nummenpakan koulu,11,Peruskoulut,0,2025,60.462082,22.29706,853,Turku,Åbo,023,Turku,Åbo,02,Varsinais-Suomi,Egentliga Finland
08035,Nummisten koulu,11,Peruskoulut,0,2025,60.562746,25.289346,505,Mäntsälä,Mäntsälä,011,Helsinki,Helsingfors,01,Uusimaa,Nyland
04610,Nuolialan koulu,11,Peruskoulut,0,2025,61.470565,23.687471,604,Pirkkala,Birkala,064,Tampere,Tammerfors,06,Pirkanmaa,Birkaland
07686,Nuoramoisten koulu,11,Peruskoulut,1,2025,61.422132,25.845397,781,Sysmä,Sysmä,071,Lahti,Lahtis,07,Päijät-Häme,Päijänne-Tavastland
04375,Nuorgamin koulu,11,Peruskoulut,0,2025,70.081817,27.867638,890,Utsjoki,Utsjoki,197,Pohjois-Lappi,Norra Lappland,19,Lappi,Lappland
03714,Nuorten Ystävien koulu,12,Peruskouluasteen erityiskoulut,0,2025,64.816758,26.028245,494,Muhos,Muhos,171,Oulu,Uleåborg,17,Pohjois-Pohjanmaa,Norra Österbotten
00558,Nurmeksen lukio,15,Lukiot,0,2025,63.547398,29.137909,541,Nurmes,Nurmes,125,Pielisen Karjala,Pielisen Karjala,12,Pohjois-Karjala,Norra Karelen
04884,Nurmelan koulu,11,Peruskoulut,0,2025,63.360411,24.980924,256,Kinnula,Kinnula,138,Saarijärvi-Viitasaari,Saarijärvi-Viitasaari,13,Keski-Suomi,Mellersta Finland
08718,Nurmen koulu,11,Peruskoulut,0,2025,61.3371,23.684381,418,Lempäälä,Lempäälä,064,Tampere,Tammerfors,06,Pirkanmaa,Birkaland
00620,Nurmijärven lukio,15,Lukiot,0,2025,60.461018,24.804189,543,Nurmijärvi,Nurmijärvi,011,Helsinki,Helsingfors,01,Uusimaa,Nyland
03403,Nurmijärven yhteisk. yläaste,11,Peruskoulut,0,2025,60.461018,24.804189,543,Nurmijärvi,Nurmijärvi,011,Helsinki,Helsingfors,01,Uusimaa,Nyland
00527,Nurmon lukio,15,Lukiot,0,2025,62.828428,22.913374,743,Seinäjoki,Seinäjoki,142,Seinäjoki,Seinäjoki,14,Etelä-Pohjanmaa,Södra Österbotten
07272,Nurmon yläkoulu,11,Peruskoulut,0,2025,62.828428,22.913374,743,Seinäjoki,Seinäjoki,142,Seinäjoki,Seinäjoki,14,Etelä-Pohjanmaa,Södra Österbotten
08729,Nyhkälän koulu,11,Peruskoulut,0,2025,60.53408,24.212852,224,Karkkila,Högfors,011,Helsinki,Helsingfors,01,Uusimaa,Nyland
06869,Näfsby lågstadium,11,Peruskoulut,0,2025,60.201001,19.772153,076,Hammarland,Hammarland,212,Ålands landsbygd,Ålands landsbygd,21,Ahvenanmaa,Åland
00456,Närpes gymnasium,15,Lukiot,0,2025,62.472096,21.356507,545,Närpiö,Närpes,153,Sydösterbotten,Sydösterbotten,15,Pohjanmaa,Österbotten
07852,Närpes högstadieskola,11,Peruskoulut,0,2025,62.472796,21.356667,545,Närpiö,Närpes,153,Sydösterbotten,Sydösterbotten,15,Pohjanmaa,Österbotten
05562,Näs skola,11,Peruskoulut,0,2025,63.805833,22.782882,440,Luoto,Larsmo,154,Jakobstadsregionen,Jakobstadsregionen,15,Pohjanmaa,Österbotten
07597,Nätkin koulu,11,Peruskoulut,0,2025,61.846968,28.9673,740,Savonlinna,Nyslott,103,Savonlinna,Nyslott,10,Etelä-Savo,Södra Savolax
03454,Nöykkiön koulu,11,Peruskoulut,0,2025,60.270338,25.070274,091,Helsinki,Helsingfors,011,Helsinki,Helsingfors,01,Uusimaa,Nyland
03137,Nöykkiönlaakson koulu,11,Peruskoulut,0,2025,60.246268,24.781218,049,Espoo,Esbo,011,Helsinki,Helsingfors,01,Uusimaa,Nyland
08036,Ohkolan koulu,11,Peruskoulut,0,2025,60.565755,25.142094,505,Mäntsälä,Mäntsälä,011,Helsinki,Helsingfors,01,Uusimaa,Nyland
08135,Oinasjärven koulu,11,Peruskoulut,0,2025,60.530336,23.781907,761,Somero,Somero,022,Salo,Salo,02,Varsinais-Suomi,Egentliga Finland
06542,Oitin koulu,11,Peruskoulut,2,2025,60.786375,25.029244,086,Hausjärvi,Hausjärvi,052,Riihimäki,Riihimäki,05,Kanta-Häme,Egentliga Tavastland
08612,Ojakkalan koulu,11,Peruskoulut,0,2025,60.371574,24.402767,927,Vihti,Vichtis,011,Helsinki,Helsingfors,01,Uusimaa,Nyland
06458,Ojakylän koulu,11,Peruskoulut,0,2025,64.064801,24.457397,977,Ylivieska,Ylivieska,177,Ylivieska,Ylivieska,17,Pohjois-Pohjanmaa,Norra Österbotten
07785,Ojakylän koulu,11,Peruskoulut,0,2025,65.286838,25.371082,139,Ii,Ii,173,Oulunkaari,Oulunkaari,17,Pohjois-Pohjanmaa,Norra Österbotten
08906,Ojamonharjun yhtenäiskoulu,11,Peruskoulut,0,2025,60.231934,24.024784,444,Lohja,Lojo,011,Helsinki,Helsingfors,01,Uusimaa,Nyland
03843,Ojaniitun koulu,11,Peruskoulut,0,2025,60.242467,24.096628,444,Lohja,Lojo,011,Helsinki,Helsingfors,01,Uusimaa,Nyland
03867,Ojanperän koulu,11,Peruskoulut,0,2025,64.797818,25.419687,425,Liminka,Limingo,171,Oulu,Uleåborg,17,Pohjois-Pohjanmaa,Norra Österbotten
06471,Oksavan koulu,11,Peruskoulut,0,2025,63.812042,25.247534,069,Haapajärvi,Haapajärvi,176,Nivala-Haapajärvi,Nivala-Haapajärvi,17,Pohjois-Pohjanmaa,Norra Österbotten
03628,Olarin koulu,11,Peruskoulut,0,2025,60.195695,24.710466,235,Kauniainen,Grankulla,011,Helsinki,Helsingfors,01,Uusimaa,Nyland
08344,Olavin koulu,12,Peruskouluasteen erityiskoulut,0,2025,61.423715,21.872709,886,Ulvila,Ulvsby,043,Pori,Björneborg,04,Satakunta,Satakunta
08690,Olkahisen koulu,11,Peruskoulut,0,2025,61.521443,23.945428,837,Tampere,Tammerfors,064,Tampere,Tammerfors,06,Pirkanmaa,Birkaland
06356,Olkijoen koulu,11,Peruskoulut,0,2025,64.739144,24.600425,678,Raahe,Brahestad,174,Raahe,Brahestad,17,Pohjois-Pohjanmaa,Norra Österbotten
06188,Olkkolan koulu,11,Peruskoulut,2,2025,61.620672,27.276726,491,Mikkeli,S:t Michel,101,Mikkeli,S:t Michel,10,Etelä-Savo,Södra Savolax
03286,Ollikkalan koulu,11,Peruskoulut,0,2025,60.400606,23.139948,734,Salo,Salo,022,Salo,Salo,02,Varsinais-Suomi,Egentliga Finland
06968,Onkilahden yhtenäiskoulu,11,Peruskoulut,0,2025,63.102372,21.622444,905,Vaasa,Vasa,152,Vaasa,Vasa,15,Pohjanmaa,Österbotten
06822,Onttolan koulu,11,Peruskoulut,0,2025,62.649293,29.677609,276,Kontiolahti,Kontiolahti,122,Joensuu,Joensuu,12,Pohjois-Karjala,Norra Karelen
03838,"Oppimis - ja Ohjauskeskus Valteri, Onerva",12,Peruskouluasteen erityiskoulut,0,2025,62.227428,25.705465,179,Jyväskylä,Jyväskylä,131,Jyväskylä,Jyväskylä,13,Keski-Suomi,Mellersta Finland
03355,Oravais skola,11,Peruskoulut,0,2025,63.307043,22.390632,946,Vöyri,Vörå,152,Vaasa,Vasa,15,Pohjanmaa,Österbotten
05396,Oravaisten koulu,11,Peruskoulut,0,2025,63.307043,22.390632,946,Vöyri,Vörå,152,Vaasa,Vasa,15,Pohjanmaa,Österbotten
07336,Oravikosken koulu,11,Peruskoulut,0,2025,62.587458,27.602856,420,Leppävirta,Leppävirta,114,Varkaus,Varkaus,11,Pohjois-Savo,Norra Savolax
07836,Orimattilan yhteiskoulu ja Erkko-lukio,19,Perus- ja lukioasteen koulut,0,2025,60.818453,25.735605,560,Orimattila,Orimattila,071,Lahti,Lahtis,07,Päijät-Häme,Päijänne-Tavastland
07968,Oripään koulu,11,Peruskoulut,0,2025,60.846966,22.690911,561,Oripää,Oripää,025,Loimaa,Loimaa,02,Varsinais-Suomi,Egentliga Finland
00595,Oriveden lukio,15,Lukiot,0,2025,61.684065,24.356815,562,Orivesi,Orivesi,064,Tampere,Tammerfors,06,Pirkanmaa,Birkaland
07519,Oriveden yhteiskoulu,11,Peruskoulut,0,2025,61.684065,24.356815,562,Orivesi,Orivesi,064,Tampere,Tammerfors,06,Pirkanmaa,Birkaland
03231,Ortelan koulu,11,Peruskoulut,0,2025,61.000793,24.489779,109,Hämeenlinna,Tavastehus,051,Hämeenlinna,Tavastehus,05,Kanta-Häme,Egentliga Tavastland
08607,Otalammen koulu,11,Peruskoulut,0,2025,60.400711,24.480047,927,Vihti,Vichtis,011,Helsinki,Helsingfors,01,Uusimaa,Nyland
00565,Otaniemen lukio,15,Lukiot,0,2025,60.183853,24.81932,049,Espoo,Esbo,011,Helsinki,Helsingfors,01,Uusimaa,Nyland
05266,Otanmäen koulu,11,Peruskoulut,0,2025,64.109789,27.098235,205,Kajaani,Kajana,182,Kajaani,Kajana,18,Kainuu,Kajanaland
06189,Otavan koulu,11,Peruskoulut,0,2025,61.647469,27.07329,491,Mikkeli,S:t Michel,101,Mikkeli,S:t Michel,10,Etelä-Savo,Södra Savolax
06513,Otsolan koulu,11,Peruskoulut,0,2025,60.53192,26.957744,285,Kotka,Kotka,082,Kotka-Hamina,Kotka-Fredrikshamn,08,Kymenlaakso,Kymmenedalen
05566,Otson yhtenäiskoulu,11,Peruskoulut,0,2025,62.552723,24.07849,989,Ähtäri,Etseri,144,Kuusiokunnat,Kuusiokunnat,14,Etelä-Pohjanmaa,Södra Österbotten
05568,Otsonkoulu,11,Peruskoulut,2,2025,62.553496,24.07894,989,Ähtäri,Etseri,144,Kuusiokunnat,Kuusiokunnat,14,Etelä-Pohjanmaa,Södra Österbotten
07179,Otto Kotilaisen koulu,11,Peruskoulut,0,2025,62.425619,28.628874,090,Heinävesi,Heinävesi,122,Joensuu,Joensuu,12,Pohjois-Karjala,Norra Karelen
00596,Oulaisten lukio,15,Lukiot,0,2025,64.269775,24.841323,563,Oulainen,Oulainen,177,Ylivieska,Ylivieska,17,Pohjois-Pohjanmaa,Norra Österbotten
06304,Oulaisten yläkoulu,11,Peruskoulut,0,2025,64.267089,24.808016,563,Oulainen,Oulainen,177,Ylivieska,Ylivieska,17,Pohjois-Pohjanmaa,Norra Österbotten
03830,Oulujoen koulu,12,Peruskouluasteen erityiskoulut,0,2025,64.849349,26.184708,494,Muhos,Muhos,171,Oulu,Uleåborg,17,Pohjois-Pohjanmaa,Norra Österbotten
06341,Oulujoen koulu,11,Peruskoulut,0,2025,65.008242,25.56399,564,Oulu,Uleåborg,171,Oulu,Uleåborg,17,Pohjois-Pohjanmaa,Norra Österbotten
00601,Oulun Suom. Yhteiskoulun lukio,15,Lukiot,0,2025,65.010435,25.460707,564,Oulu,Uleåborg,171,Oulu,Uleåborg,17,Pohjois-Pohjanmaa,Norra Österbotten
00548,Oulun aikuislukio,15,Lukiot,0,2025,65.001816,25.525348,564,Oulu,Uleåborg,171,Oulu,Uleåborg,17,Pohjois-Pohjanmaa,Norra Österbotten
03735,Oulun kansainvälinen koulu,11,Peruskoulut,0,2025,65.016784,25.481226,564,Oulu,Uleåborg,171,Oulu,Uleåborg,17,Pohjois-Pohjanmaa,Norra Österbotten
03798,Oulun kristillinen peruskoulu,11,Peruskoulut,0,2025,65.032282,25.425056,564,Oulu,Uleåborg,171,Oulu,Uleåborg,17,Pohjois-Pohjanmaa,Norra Österbotten
00598,Oulun lyseon lukio,15,Lukiot,0,2025,65.0157,25.472671,564,Oulu,Uleåborg,171,Oulu,Uleåborg,17,Pohjois-Pohjanmaa,Norra Österbotten
00599,Oulun normaalikoulu,19,Perus- ja lukioasteen koulut,0,2025,60.158409,24.958738,091,Helsinki,Helsingfors,011,Helsinki,Helsingfors,01,Uusimaa,Nyland
03544,Oulun steinerkoulu,19,Perus- ja lukioasteen koulut,0,2025,65.001872,25.456215,564,Oulu,Uleåborg,171,Oulu,Uleåborg,17,Pohjois-Pohjanmaa,Norra Österbotten
03030,Oulunkylän ala-asteen koulu,11,Peruskoulut,0,2025,60.231544,24.961378,091,Helsinki,Helsingfors,011,Helsinki,Helsingfors,01,Uusimaa,Nyland
03404,Oulunkylän yhteiskoulu,19,Perus- ja lukioasteen koulut,0,2025,60.236115,24.963659,091,Helsinki,Helsingfors,011,Helsinki,Helsingfors,01,Uusimaa,Nyland
06332,Oulunlahden koulu,11,Peruskoulut,0,2025,64.967014,25.494047,564,Oulu,Uleåborg,171,Oulu,Uleåborg,17,Pohjois-Pohjanmaa,Norra Österbotten
06358,Oulunsalon Kirkonkylän koulu,11,Peruskoulut,0,2025,64.933356,25.410818,564,Oulu,Uleåborg,171,Oulu,Uleåborg,17,Pohjois-Pohjanmaa,Norra Österbotten
00543,Oulunsalon lukio,15,Lukiot,0,2025,64.935493,25.396704,564,Oulu,Uleåborg,171,Oulu,Uleåborg,17,Pohjois-Pohjanmaa,Norra Österbotten
04259,Ounasjoen peruskoulu,11,Peruskoulut,0,2025,66.642653,25.473416,698,Rovaniemi,Rovaniemi,191,Rovaniemi,Rovaniemi,19,Lappi,Lappland
08929,Ounasrinteen peruskoulu,11,Peruskoulut,0,2025,66.486602,25.800954,698,Rovaniemi,Rovaniemi,191,Rovaniemi,Rovaniemi,19,Lappi,Lappland
00063,Ounasvaaran lukio,15,Lukiot,0,2025,66.494545,25.767763,698,Rovaniemi,Rovaniemi,191,Rovaniemi,Rovaniemi,19,Lappi,Lappland
04221,Ounasvaaran peruskoulu,11,Peruskoulut,0,2025,66.496234,25.755521,698,Rovaniemi,Rovaniemi,191,Rovaniemi,Rovaniemi,19,Lappi,Lappland
03115,Outamon koulu,12,Peruskouluasteen erityiskoulut,0,2025,60.273626,23.942576,444,Lohja,Lojo,011,Helsinki,Helsingfors,01,Uusimaa,Nyland
00602,Outokummun lukio,15,Lukiot,0,2025,62.730563,29.004998,309,Outokumpu,Outokumpu,122,Joensuu,Joensuu,12,Pohjois-Karjala,Norra Karelen
08835,Oxhamns skola,11,Peruskoulut,0,2025,63.669834,22.70122,598,Pietarsaari,Jakobstad,154,Jakobstadsregionen,Jakobstadsregionen,15,Pohjanmaa,Österbotten
06605,Paalijärven koulu,11,Peruskoulut,0,2025,63.063383,23.908323,005,Alajärvi,Alajärvi,146,Järviseutu,Järviseutu,14,Etelä-Pohjanmaa,Södra Österbotten
08628,Paanan koulu,11,Peruskoulut,0,2025,60.804274,23.492366,169,Jokioinen,Jockis,053,Forssa,Forssa,05,Kanta-Häme,Egentliga Tavastland
06154,Paatelan koulu,11,Peruskoulut,0,2025,61.91589,28.043926,178,Juva,Juva,105,Pieksämäki,Pieksämäki,10,Etelä-Savo,Södra Savolax
03797,Paattisten koulu,11,Peruskoulut,0,2025,60.591773,22.380068,853,Turku,Åbo,023,Turku,Åbo,02,Varsinais-Suomi,Egentliga Finland
06391,Paavolan koulu,11,Peruskoulut,0,2025,64.607122,25.21145,748,Siikajoki,Siikajoki,174,Raahe,Brahestad,17,Pohjois-Pohjanmaa,Norra Österbotten
06597,Paavolan koulu,11,Peruskoulut,0,2025,62.999612,23.79221,005,Alajärvi,Alajärvi,146,Järviseutu,Järviseutu,14,Etelä-Pohjanmaa,Södra Österbotten
08092,Paavolan koulu,11,Peruskoulut,0,2025,60.64582,24.836659,106,Hyvinkää,Hyvinge,011,Helsinki,Helsingfors,01,Uusimaa,Nyland
00672,Padasjoen lukio,15,Lukiot,0,2025,61.35196,25.268744,576,Padasjoki,Padasjoki,071,Lahti,Lahtis,07,Päijät-Häme,Päijänne-Tavastland
07521,Padasjoen yhtenäiskoulu,11,Peruskoulut,0,2025,61.35196,25.268744,576,Padasjoki,Padasjoki,071,Lahti,Lahtis,07,Päijät-Häme,Päijänne-Tavastland
04651,Pahkamäen koulu,11,Peruskoulut,0,2025,60.558657,22.448554,423,Lieto,Lundo,023,Turku,Åbo,02,Varsinais-Suomi,Egentliga Finland
03722,Paijalan koulu,11,Peruskoulut,0,2025,60.41605,25.016278,858,Tuusula,Tusby,011,Helsinki,Helsingfors,01,Uusimaa,Nyland
07380,Paimelan koulu,11,Peruskoulut,0,2025,61.092193,25.628757,098,Hollola,Hollola,071,Lahti,Lahtis,07,Päijät-Häme,Päijänne-Tavastland
00634,Paimion lukio,15,Lukiot,0,2025,60.462137,22.681007,577,Paimio,Pemar,023,Turku,Åbo,02,Varsinais-Suomi,Egentliga Finland
04811,Pajulahden koulu,11,Peruskoulut,0,2025,63.140691,27.84652,297,Kuopio,Kuopio,112,Kuopio,Kuopio,11,Pohjois-Savo,Norra Savolax
08531,Pajulan koulu,11,Peruskoulut,0,2025,60.394537,23.099249,734,Salo,Salo,022,Salo,Salo,02,Varsinais-Suomi,Egentliga Finland
03795,Pajuluoman koulu,11,Peruskoulut,0,2025,62.75487,22.874609,743,Seinäjoki,Seinäjoki,142,Seinäjoki,Seinäjoki,14,Etelä-Pohjanmaa,Södra Österbotten
03139,Pakankylän koulu,11,Peruskoulut,0,2025,60.283384,24.677306,049,Espoo,Esbo,011,Helsinki,Helsingfors,01,Uusimaa,Nyland
03032,Pakilan ala-asteen koulu,11,Peruskoulut,2,2025,60.243551,24.935663,091,Helsinki,Helsingfors,011,Helsinki,Helsingfors,01,Uusimaa,Nyland
03091,Pakilan peruskoulu,11,Peruskoulut,0,2025,60.243551,24.935663,091,Helsinki,Helsingfors,011,Helsinki,Helsingfors,01,Uusimaa,Nyland
03419,Paloheinän ala-asteen koulu,11,Peruskoulut,0,2025,60.254409,24.930443,091,Helsinki,Helsingfors,011,Helsinki,Helsingfors,01,Uusimaa,Nyland
04582,Paloisten koulu,11,Peruskoulut,1,2025,63.492337,27.854698,402,Lapinlahti,Lapinlahti,111,Ylä-Savo,Norra Savolax,11,Pohjois-Savo,Norra Savolax
08058,Palojoen koulu,11,Peruskoulut,0,2025,60.430027,24.884526,543,Nurmijärvi,Nurmijärvi,011,Helsinki,Helsingfors,01,Uusimaa,Nyland
08882,Palokan Yhtenäiskoulu,11,Peruskoulut,0,2025,62.288564,25.737482,179,Jyväskylä,Jyväskylä,131,Jyväskylä,Jyväskylä,13,Keski-Suomi,Mellersta Finland
03894,Palokankaan koulu,12,Peruskouluasteen erityiskoulut,0,2025,64.213787,27.725236,205,Kajaani,Kajana,182,Kajaani,Kajana,18,Kainuu,Kajanaland
07059,Palonkylän koulu,11,Peruskoulut,0,2025,62.72702,22.605554,145,Ilmajoki,Ilmajoki,142,Seinäjoki,Seinäjoki,14,Etelä-Pohjanmaa,Södra Österbotten
04805,Palonurmen koulu,11,Peruskoulut,0,2025,63.29278,28.184505,297,Kuopio,Kuopio,112,Kuopio,Kuopio,11,Pohjois-Savo,Norra Savolax
00635,Paltamon lukio,15,Lukiot,0,2025,64.406138,27.828694,578,Paltamo,Paltamo,182,Kajaani,Kajana,18,Kainuu,Kajanaland
08416,Panelian koulu,11,Peruskoulut,0,2025,61.227141,21.962248,050,Eura,Eura,041,Rauma,Raumo,04,Satakunta,Satakunta
08566,Pansion koulu,11,Peruskoulut,0,2025,60.45021,22.168573,853,Turku,Åbo,023,Turku,Åbo,02,Varsinais-Suomi,Egentliga Finland
08627,Papinmäen koulu,12,Peruskouluasteen erityiskoulut,2,2025,60.133133,24.444375,257,Kirkkonummi,Kyrkslätt,011,Helsinki,Helsingfors,01,Uusimaa,Nyland
08228,Pappilan koulu,11,Peruskoulut,0,2025,61.182479,23.833483,020,Akaa,Akaa,063,Etelä-Pirkanmaa,Södra Birkaland,06,Pirkanmaa,Birkaland
08610,Pappilanpellon koulu,11,Peruskoulut,0,2025,60.413797,24.321633,927,Vihti,Vichtis,011,Helsinki,Helsingfors,01,Uusimaa,Nyland
07793,Pappilansalmen koulu,11,Peruskoulut,0,2025,60.563609,27.209298,075,Hamina,Fredrikshamn,082,Kotka-Hamina,Kotka-Fredrikshamn,08,Kymenlaakso,Kymmenedalen
00526,Paraisten lukio,15,Lukiot,0,2025,60.300309,22.291955,445,Parainen,Pargas,021,Åboland-Turunmaa,Åboland-Turunmaa,02,Varsinais-Suomi,Egentliga Finland
05151,Paraistenseudun koulu,11,Peruskoulut,0,2025,60.300309,22.291955,445,Parainen,Pargas,021,Åboland-Turunmaa,Åboland-Turunmaa,02,Varsinais-Suomi,Egentliga Finland
00637,Pargas svenska gymnasium,15,Lukiot,0,2025,60.301752,22.291294,445,Parainen,Pargas,021,Åboland-Turunmaa,Åboland-Turunmaa,02,Varsinais-Suomi,Egentliga Finland
00638,Parikkalan lukio,15,Lukiot,0,2025,61.548511,29.508137,580,Parikkala,Parikkala,093,Imatra,Imatra,09,Etelä-Karjala,Södra Karelen
00639,Parkanon lukio,15,Lukiot,0,2025,62.013914,23.020855,581,Parkano,Parkano,061,Luoteis-Pirkanmaa,Nordvästra Birkaland,06,Pirkanmaa,Birkaland
05749,Parkanon yhtenäiskoulu,11,Peruskoulut,0,2025,62.013914,23.020855,581,Parkano,Parkano,061,Luoteis-Pirkanmaa,Nordvästra Birkaland,06,Pirkanmaa,Birkaland
06472,Parkkilan koulu,11,Peruskoulut,0,2025,63.84247,25.407046,069,Haapajärvi,Haapajärvi,176,Nivala-Haapajärvi,Nivala-Haapajärvi,17,Pohjois-Pohjanmaa,Norra Österbotten
03703,Parkkojan koulu,11,Peruskoulut,0,2025,60.5186,25.251467,611,Pornainen,Borgnäs,011,Helsinki,Helsingfors,01,Uusimaa,Nyland
08230,Parolan Yhteiskoulu,11,Peruskoulut,0,2025,61.055907,24.360163,082,Hattula,Hattula,051,Hämeenlinna,Tavastehus,05,Kanta-Häme,Egentliga Tavastland
08236,Parolan koulu,11,Peruskoulut,0,2025,61.055475,24.361978,082,Hattula,Hattula,051,Hämeenlinna,Tavastehus,05,Kanta-Häme,Egentliga Tavastland
00665,Parolan lukio,15,Lukiot,0,2025,61.055539,24.372165,082,Hattula,Hattula,051,Hämeenlinna,Tavastehus,05,Kanta-Häme,Egentliga Tavastland
06010,Partalan koulu,11,Peruskoulut,0,2025,63.618176,27.147725,140,Iisalmi,Idensalmi,111,Ylä-Savo,Norra Savolax,11,Pohjois-Savo,Norra Savolax
03079,Pasilan peruskoulu,11,Peruskoulut,0,2025,60.194615,24.934914,091,Helsinki,Helsingfors,011,Helsinki,Helsingfors,01,Uusimaa,Nyland
07895,Pataluodon koulu,11,Peruskoulut,0,2025,62.614648,29.818614,167,Joensuu,Joensuu,122,Joensuu,Joensuu,12,Pohjois-Karjala,Norra Karelen
08149,Patastenmäen koulu,11,Peruskoulut,0,2025,60.734211,24.805345,694,Riihimäki,Riihimäki,052,Riihimäki,Riihimäki,05,Kanta-Häme,Egentliga Tavastland
06323,Pateniemen koulu,11,Peruskoulut,0,2025,65.086172,25.405665,564,Oulu,Uleåborg,171,Oulu,Uleåborg,17,Pohjois-Pohjanmaa,Norra Österbotten
00674,Pateniemen lukio,15,Lukiot,1,2025,65.066696,25.421715,564,Oulu,Uleåborg,171,Oulu,Uleåborg,17,Pohjois-Pohjanmaa,Norra Österbotten
06352,Pattasten koulu,11,Peruskoulut,0,2025,64.69129,24.562499,678,Raahe,Brahestad,174,Raahe,Brahestad,17,Pohjois-Pohjanmaa,Norra Österbotten
06344,Paulaharjun koulu,11,Peruskoulut,0,2025,65.039634,25.484748,564,Oulu,Uleåborg,171,Oulu,Uleåborg,17,Pohjois-Pohjanmaa,Norra Österbotten
06985,Paulaharjun koulu,11,Peruskoulut,0,2025,62.623651,22.387556,301,Kurikka,Kurikka,142,Seinäjoki,Seinäjoki,14,Etelä-Pohjanmaa,Södra Österbotten
00481,Pedersöre gymnasium,15,Lukiot,0,2025,63.607859,22.791585,599,Pedersören kunta,Pedersöre,154,Jakobstadsregionen,Jakobstadsregionen,15,Pohjanmaa,Österbotten
05085,Pehulan koulu,11,Peruskoulut,0,2025,61.286569,22.699037,790,Sastamala,Sastamala,068,Lounais-Pirkanmaa,Sydvästra Birkaland,06,Pirkanmaa,Birkaland
07627,Peipon koulu,11,Peruskoulut,0,2025,60.373583,25.632332,638,Porvoo,Borgå,015,Porvoo,Borgå,01,Uusimaa,Nyland
07496,Pekkalan koulu,11,Peruskoulut,0,2025,61.897736,24.108261,702,Ruovesi,Ruovesi,069,Ylä-Pirkanmaa,Övre Birkaland,06,Pirkanmaa,Birkaland
08237,Pekolan koulu,11,Peruskoulut,0,2025,61.046521,24.444238,082,Hattula,Hattula,051,Hämeenlinna,Tavastehus,05,Kanta-Häme,Egentliga Tavastland
04154,Pelkosenniemen koulu,11,Peruskoulut,0,2025,67.111208,27.509622,583,Pelkosenniemi,Pelkosenniemi,194,Itä-Lappi,Östra Lappland,19,Lappi,Lappland
00640,Pellon lukio,15,Lukiot,0,2025,66.790368,23.992766,854,Pello,Pello,193,Torniolaakso,Tornedalen,19,Lappi,Lappland
04158,Pellon peruskoulu,11,Peruskoulut,0,2025,66.790368,23.992766,854,Pello,Pello,193,Torniolaakso,Tornedalen,19,Lappi,Lappland
05578,Pellonpuiston koulu,11,Peruskoulut,0,2025,61.183083,22.691508,102,Huittinen,Huittinen,043,Pori,Björneborg,04,Satakunta,Satakunta
06651,Peltokorven koulu,11,Peruskoulut,0,2025,63.843758,23.367758,272,Kokkola,Karleby,162,Kokkola,Karleby,16,Keski-Pohjanmaa,Mellersta Österbotten
08693,Peltolammin koulu,11,Peruskoulut,0,2025,61.454934,23.748741,837,Tampere,Tammerfors,064,Tampere,Tammerfors,06,Pirkanmaa,Birkaland
03218,Peltolan koulu,11,Peruskoulut,0,2025,60.298378,25.028012,092,Vantaa,Vanda,011,Helsinki,Helsingfors,01,Uusimaa,Nyland
07060,Peltoniemen koulu,11,Peruskoulut,0,2025,62.758952,22.58169,145,Ilmajoki,Ilmajoki,142,Seinäjoki,Seinäjoki,14,Etelä-Pohjanmaa,Södra Österbotten
08915,Peltosaaren koulu,11,Peruskoulut,0,2025,60.738967,24.76431,694,Riihimäki,Riihimäki,052,Riihimäki,Riihimäki,05,Kanta-Häme,Egentliga Tavastland
06919,Pennalan koulu,11,Peruskoulut,0,2025,60.893584,25.703419,560,Orimattila,Orimattila,071,Lahti,Lahtis,07,Päijät-Häme,Päijänne-Tavastland
05231,Pentti Haanpään koulu,11,Peruskoulut,0,2025,64.172361,25.965151,791,Siikalatva,Siikalatva,175,Haapavesi-Siikalatva,Haapavesi-Siikalatva,17,Pohjois-Pohjanmaa,Norra Österbotten
06639,Perhon keskuskoulu,11,Peruskoulut,0,2025,63.214186,24.423446,584,Perho,Perho,161,Kaustinen,Kaustby,16,Keski-Pohjanmaa,Mellersta Österbotten
00529,Perhon lukio,15,Lukiot,0,2025,63.215153,24.430226,584,Perho,Perho,161,Kaustinen,Kaustby,16,Keski-Pohjanmaa,Mellersta Österbotten
03238,Perkkaan koulu,11,Peruskoulut,0,2025,60.214592,24.825456,049,Espoo,Esbo,011,Helsinki,Helsingfors,01,Uusimaa,Nyland
00641,Perniön lukio,15,Lukiot,0,2025,60.203878,23.127679,734,Salo,Salo,022,Salo,Salo,02,Varsinais-Suomi,Egentliga Finland
08253,Perniön yhtenäiskoulu,11,Peruskoulut,0,2025,60.203878,23.127679,734,Salo,Salo,022,Salo,Salo,02,Varsinais-Suomi,Egentliga Finland
03611,Perttilän koulu,11,Peruskoulut,0,2025,60.275781,24.144165,444,Lohja,Lojo,011,Helsinki,Helsingfors,01,Uusimaa,Nyland
08591,Pertun koulu,11,Peruskoulut,0,2025,60.543668,24.969831,858,Tuusula,Tusby,011,Helsinki,Helsingfors,01,Uusimaa,Nyland
06214,Pertunmaan yhtenäiskoulu,11,Peruskoulut,0,2025,61.503765,26.476485,588,Pertunmaa,Pertunmaa,101,Mikkeli,S:t Michel,10,Etelä-Savo,Södra Savolax
03906,Perälän koulu,11,Peruskoulut,0,2025,62.96447,22.03823,399,Laihia,Laihela,152,Vaasa,Vasa,15,Pohjanmaa,Österbotten
07565,Perälän koulu,11,Peruskoulut,0,2025,62.463043,21.617301,846,Teuva,Östermark,141,Suupohja,Suupohja,14,Etelä-Pohjanmaa,Södra Österbotten
07932,Petalax skola,11,Peruskoulut,0,2025,62.837527,21.432001,475,Maalahti,Malax,152,Vaasa,Vasa,15,Pohjanmaa,Österbotten
05398,Petterinmäen koulu,11,Peruskoulut,2,2025,63.124095,22.626507,946,Vöyri,Vörå,152,Vaasa,Vasa,15,Pohjanmaa,Österbotten
06307,Petäjäskosken koulu,11,Peruskoulut,1,2025,64.255544,24.605466,563,Oulainen,Oulainen,177,Ylivieska,Ylivieska,17,Pohjois-Pohjanmaa,Norra Österbotten
00664,Petäjäveden lukio,15,Lukiot,0,2025,62.257829,25.18187,592,Petäjävesi,Petäjävesi,131,Jyväskylä,Jyväskylä,13,Keski-Suomi,Mellersta Finland
06416,Petäjäveden yläaste,11,Peruskoulut,0,2025,62.257829,25.18187,592,Petäjävesi,Petäjävesi,131,Jyväskylä,Jyväskylä,13,Keski-Suomi,Mellersta Finland
00642,Pieksämäen lukio,15,Lukiot,0,2025,62.298626,27.152657,593,Pieksämäki,Pieksämäki,105,Pieksämäki,Pieksämäki,10,Etelä-Savo,Södra Savolax
06029,Pielaveden Yhtenäiskoulu,11,Peruskoulut,0,2025,63.236168,26.756542,595,Pielavesi,Pielavesi,111,Ylä-Savo,Norra Savolax,11,Pohjois-Savo,Norra Savolax
00643,Pielaveden lukio,15,Lukiot,0,2025,63.233699,26.75107,595,Pielavesi,Pielavesi,111,Ylä-Savo,Norra Savolax,11,Pohjois-Savo,Norra Savolax
05907,Pielisjoen koulu,11,Peruskoulut,0,2025,62.602912,29.77575,167,Joensuu,Joensuu,122,Joensuu,Joensuu,12,Pohjois-Karjala,Norra Karelen
00645,Pietarsaaren lukio,15,Lukiot,0,2025,63.677446,22.708082,598,Pietarsaari,Jakobstad,154,Jakobstadsregionen,Jakobstadsregionen,15,Pohjanmaa,Österbotten
07576,Pihkainmäen koulu,11,Peruskoulut,0,2025,62.844717,27.332749,297,Kuopio,Kuopio,112,Kuopio,Kuopio,11,Pohjois-Savo,Norra Savolax
03533,Pihkapuiston ala-asteen koulu,11,Peruskoulut,0,2025,60.251445,24.8535,091,Helsinki,Helsingfors,011,Helsinki,Helsingfors,01,Uusimaa,Nyland
06523,Pihkoon koulu,11,Peruskoulut,0,2025,60.515378,26.86084,285,Kotka,Kotka,082,Kotka-Hamina,Kotka-Fredrikshamn,08,Kymenlaakso,Kymmenedalen
03033,Pihlajamäen ala-asteen koulu,11,Peruskoulut,0,2025,60.239922,24.999553,091,Helsinki,Helsingfors,011,Helsinki,Helsingfors,01,Uusimaa,Nyland
07599,Pihlajaniemen koulu,11,Peruskoulut,0,2025,61.86231,28.824284,740,Savonlinna,Nyslott,103,Savonlinna,Nyslott,10,Etelä-Savo,Södra Savolax
06088,Pihlajaveden ala-aste,11,Peruskoulut,1,2025,62.35168,24.394827,249,Keuruu,Keuruu,133,Keuruu,Keuru,13,Keski-Suomi,Mellersta Finland
03252,Pihlajiston ala-asteen koulu,11,Peruskoulut,0,2025,60.232183,25.003962,091,Helsinki,Helsingfors,011,Helsinki,Helsingfors,01,Uusimaa,Nyland
00668,Pihtiputaan lukio,15,Lukiot,0,2025,63.368414,25.583267,601,Pihtipudas,Pihtipudas,138,Saarijärvi-Viitasaari,Saarijärvi-Viitasaari,13,Keski-Suomi,Mellersta Finland
08890,Piikkiön yhtenäiskoulu,11,Peruskoulut,0,2025,60.429199,22.527263,202,Kaarina,S:t Karins,023,Turku,Åbo,02,Varsinais-Suomi,Egentliga Finland
06313,Piipsjärven koulu,11,Peruskoulut,1,2025,64.294755,24.897788,563,Oulainen,Oulainen,177,Ylivieska,Ylivieska,17,Pohjois-Pohjanmaa,Norra Österbotten
03534,Piispanlähteen koulu,11,Peruskoulut,0,2025,60.406805,22.322857,202,Kaarina,S:t Karins,023,Turku,Åbo,02,Varsinais-Suomi,Egentliga Finland
03912,Piispanmäen koulu,11,Peruskoulut,0,2025,63.847514,23.172402,272,Kokkola,Karleby,162,Kokkola,Karleby,16,Keski-Pohjanmaa,Mellersta Österbotten
06345,Pikkaralan koulu,11,Peruskoulut,0,2025,64.919027,25.769923,564,Oulu,Uleåborg,171,Oulu,Uleåborg,17,Pohjois-Pohjanmaa,Norra Österbotten
05127,Pikkolan koulu,11,Peruskoulut,0,2025,61.466231,24.047063,211,Kangasala,Kangasala,064,Tampere,Tammerfors,06,Pirkanmaa,Birkaland
03672,Pikku Huopalahden ala-aste,11,Peruskoulut,0,2025,60.202063,24.895108,091,Helsinki,Helsingfors,011,Helsinki,Helsingfors,01,Uusimaa,Nyland
07389,Pilkanmaan koulu,11,Peruskoulut,2,2025,60.94575,26.584867,286,Kouvola,Kouvola,081,Kouvola,Kouvola,08,Kymenlaakso,Kymmenedalen
08199,Pilpalan koulu,11,Peruskoulut,1,2025,60.621975,24.285604,433,Loppi,Loppi,052,Riihimäki,Riihimäki,05,Kanta-Häme,Egentliga Tavastland
00586,Pirkanmaan aikuislukio,15,Lukiot,0,2025,61.764677,23.067719,143,Ikaalinen,Ikalis,061,Luoteis-Pirkanmaa,Nordvästra Birkaland,06,Pirkanmaa,Birkaland
08475,Pirkkalan koulu,11,Peruskoulut,0,2025,61.336916,22.13472,079,Harjavalta,Harjavalta,043,Pori,Björneborg,04,Satakunta,Satakunta
00400,Pirkkalan yhteislukio,15,Lukiot,0,2025,61.463892,23.645416,604,Pirkkala,Birkala,064,Tampere,Tammerfors,06,Pirkanmaa,Birkaland
04013,Pirkkiön koulu,11,Peruskoulut,1,2025,65.815639,24.20248,851,Tornio,Torneå,192,Kemi-Tornio,Kemi-Torneå,19,Lappi,Lappland
03680,Pirtin koulu,11,Peruskoulut,0,2025,62.828455,27.662527,297,Kuopio,Kuopio,112,Kuopio,Kuopio,11,Pohjois-Savo,Norra Savolax
08694,Pispalan koulu,11,Peruskoulut,0,2025,61.503413,23.712219,837,Tampere,Tammerfors,064,Tampere,Tammerfors,06,Pirkanmaa,Birkaland
03738,Pitkäjärven koulu,11,Peruskoulut,0,2025,61.475298,23.946929,211,Kangasala,Kangasala,064,Tampere,Tammerfors,06,Pirkanmaa,Birkaland
07980,Pitkäjärven koulu,11,Peruskoulut,0,2025,60.666979,23.30602,761,Somero,Somero,022,Salo,Salo,02,Varsinais-Suomi,Egentliga Finland
03327,Pitkäkankaan koulu,11,Peruskoulut,0,2025,64.942156,25.382845,564,Oulu,Uleåborg,171,Oulu,Uleåborg,17,Pohjois-Pohjanmaa,Norra Österbotten
03034,Pitäjänmäen peruskoulu,11,Peruskoulut,0,2025,60.226597,24.859405,091,Helsinki,Helsingfors,011,Helsinki,Helsingfors,01,Uusimaa,Nyland
07860,Pjelax skola,11,Peruskoulut,0,2025,62.39414,21.373415,545,Närpiö,Närpes,153,Sydösterbotten,Sydösterbotten,15,Pohjanmaa,Österbotten
06676,Pogostan koulu,11,Peruskoulut,0,2025,62.665979,30.929664,146,Ilomantsi,Ilomants,122,Joensuu,Joensuu,12,Pohjois-Karjala,Norra Karelen
06902,Pohjan koulu,11,Peruskoulut,0,2025,62.794771,22.865073,743,Seinäjoki,Seinäjoki,142,Seinäjoki,Seinäjoki,14,Etelä-Pohjanmaa,Södra Österbotten
06847,Pohjankartanon koulu,11,Peruskoulut,0,2025,65.005029,25.481427,564,Oulu,Uleåborg,171,Oulu,Uleåborg,17,Pohjois-Pohjanmaa,Norra Österbotten
06773,Pohjanlinnan koulu,11,Peruskoulut,0,2025,61.805642,22.404764,214,Kankaanpää,Kankaanpää,044,Pohjois-Satakunta,Norra Satakunta,04,Satakunta,Satakunta
05032,Pohjavaaran koulu,11,Peruskoulut,0,2025,64.223593,28.082583,765,Sotkamo,Sotkamo,182,Kajaani,Kajana,18,Kainuu,Kajanaland
08150,Pohjoinen koulu,11,Peruskoulut,0,2025,60.746027,24.779453,694,Riihimäki,Riihimäki,052,Riihimäki,Riihimäki,05,Kanta-Häme,Egentliga Tavastland
03049,Pohjois-Haagan ala-ast. koulu,11,Peruskoulut,0,2025,60.226727,24.892191,091,Helsinki,Helsingfors,011,Helsinki,Helsingfors,01,Uusimaa,Nyland
03405,Pohjois-Haagan yhteiskoulu,19,Perus- ja lukioasteen koulut,0,2025,60.226734,24.897752,091,Helsinki,Helsingfors,011,Helsinki,Helsingfors,01,Uusimaa,Nyland
07787,Pohjois-Iin koulu,11,Peruskoulut,0,2025,65.341782,25.37443,139,Ii,Ii,173,Oulunkaari,Oulunkaari,17,Pohjois-Pohjanmaa,Norra Österbotten
03734,Pohjois-Pielaveden koulu,11,Peruskoulut,0,2025,63.36322,26.714506,595,Pielavesi,Pielavesi,111,Ylä-Savo,Norra Savolax,11,Pohjois-Savo,Norra Savolax
03900,Pohjois-Ritaharjun koulu,11,Peruskoulut,0,2025,65.092612,25.448892,564,Oulu,Uleåborg,171,Oulu,Uleåborg,17,Pohjois-Pohjanmaa,Norra Österbotten
03166,Pohjois-Tapiolan koulu,11,Peruskoulut,0,2025,60.186723,24.795177,049,Espoo,Esbo,011,Helsinki,Helsingfors,01,Uusimaa,Nyland
03875,Pohjoiskehän koulu,11,Peruskoulut,0,2025,61.153416,21.500689,684,Rauma,Raumo,041,Rauma,Raumo,04,Satakunta,Satakunta
06089,Pohjoislahden ala-aste,11,Peruskoulut,0,2025,62.19383,24.788571,249,Keuruu,Keuruu,133,Keuruu,Keuru,13,Keski-Suomi,Mellersta Finland
03056,Pohjoismainen yhtenäiskoulu,11,Peruskoulut,0,2025,60.214441,24.940905,091,Helsinki,Helsingfors,011,Helsinki,Helsingfors,01,Uusimaa,Nyland
08083,Pohjoispuiston koulu,11,Peruskoulut,0,2025,60.639949,24.85697,106,Hyvinkää,Hyvinge,011,Helsinki,Helsingfors,01,Uusimaa,Nyland
08281,Pohjoisseudun ala-aste,11,Peruskoulut,0,2025,61.151162,23.186527,619,Punkalaidun,Punkalaidun,068,Lounais-Pirkanmaa,Sydvästra Birkaland,06,Pirkanmaa,Birkaland
05796,Pohjoisväylän koulu,11,Peruskoulut,0,2025,61.506761,21.834016,609,Pori,Björneborg,043,Pori,Björneborg,04,Satakunta,Satakunta
03273,Pohjolan koulu,12,Peruskouluasteen erityiskoulut,0,2025,64.822387,26.034004,494,Muhos,Muhos,171,Oulu,Uleåborg,17,Pohjois-Pohjanmaa,Norra Österbotten
08143,Pohjolanrinteen koulu,11,Peruskoulut,0,2025,60.742601,24.766222,694,Riihimäki,Riihimäki,052,Riihimäki,Riihimäki,05,Kanta-Häme,Egentliga Tavastland
03723,Poikkilaakson ala-asteen koulu,11,Peruskoulut,0,2025,60.166464,25.082426,091,Helsinki,Helsingfors,011,Helsinki,Helsingfors,01,Uusimaa,Nyland
05346,Poikolan koulu,11,Peruskoulut,0,2025,63.239019,29.25382,176,Juuka,Juuka,122,Joensuu,Joensuu,12,Pohjois-Karjala,Norra Karelen
07797,Poitsilan koulu,11,Peruskoulut,1,2025,60.561273,27.158252,075,Hamina,Fredrikshamn,082,Kotka-Hamina,Kotka-Fredrikshamn,08,Kymenlaakso,Kymmenedalen
08857,Pojo kyrkoby skola,11,Peruskoulut,0,2025,60.095232,23.520006,710,Raasepori,Raseborg,014,Raasepori,Raseborg,01,Uusimaa,Nyland
06727,Polvijärven koulu,11,Peruskoulut,0,2025,62.854711,29.367294,607,Polvijärvi,Polvijärvi,122,Joensuu,Joensuu,12,Pohjois-Karjala,Norra Karelen
00467,Polvijärven lukio,15,Lukiot,0,2025,62.854711,29.367294,607,Polvijärvi,Polvijärvi,122,Joensuu,Joensuu,12,Pohjois-Karjala,Norra Karelen
00651,Pomarkun lukio,15,Lukiot,0,2025,61.699273,22.008112,608,Pomarkku,Påmark,043,Pori,Björneborg,04,Satakunta,Satakunta
08269,Pomarkun yhteiskoulu,11,Peruskoulut,0,2025,61.699273,22.008112,608,Pomarkku,Påmark,043,Pori,Björneborg,04,Satakunta,Satakunta
03842,Pontuksen koulu,11,Peruskoulut,0,2025,61.079013,28.30959,405,Lappeenranta,Villmanstrand,091,Lappeenranta,Villmanstrand,09,Etelä-Karjala,Södra Karelen
03715,Porin Kristillinen koulu,11,Peruskoulut,0,2025,61.492222,21.801463,609,Pori,Björneborg,043,Pori,Björneborg,04,Satakunta,Satakunta
05771,Porin Lyseon koulu,11,Peruskoulut,0,2025,61.488746,21.787289,609,Pori,Björneborg,043,Pori,Björneborg,04,Satakunta,Satakunta
00546,Porin aikuislukio,15,Lukiot,0,2025,61.481366,21.791462,609,Pori,Björneborg,043,Pori,Björneborg,04,Satakunta,Satakunta
00653,Porin lukio,15,Lukiot,0,2025,61.481366,21.791462,609,Pori,Björneborg,043,Pori,Björneborg,04,Satakunta,Satakunta
03545,Porin seudun steinerkoulu,11,Peruskoulut,0,2025,61.481963,21.791531,609,Pori,Björneborg,043,Pori,Björneborg,04,Satakunta,Satakunta
00666,Porkkalan lukio,15,Lukiot,0,2025,60.12327,24.43657,257,Kirkkonummi,Kyrkslätt,011,Helsinki,Helsingfors,01,Uusimaa,Nyland
05609,Pornaisten yhtenäiskoulu,11,Peruskoulut,0,2025,60.477768,25.376738,611,Pornainen,Borgnäs,011,Helsinki,Helsingfors,01,Uusimaa,Nyland
05481,Porokylän koulu,11,Peruskoulut,0,2025,63.554399,29.090537,541,Nurmes,Nurmes,125,Pielisen Karjala,Pielisen Karjala,12,Pohjois-Karjala,Norra Karelen
03035,Porolahden peruskoulu,11,Peruskoulut,0,2025,60.195116,25.057195,091,Helsinki,Helsingfors,011,Helsinki,Helsingfors,01,Uusimaa,Nyland
08747,Portaan koulu,11,Peruskoulut,0,2025,60.75661,23.900153,834,Tammela,Tammela,053,Forssa,Forssa,05,Kanta-Häme,Egentliga Tavastland
00671,Posion lukio,15,Lukiot,0,2025,66.111541,28.174254,614,Posio,Posio,194,Itä-Lappi,Östra Lappland,19,Lappi,Lappland
04194,Posion peruskoulu,11,Peruskoulut,0,2025,66.111541,28.174254,614,Posio,Posio,194,Itä-Lappi,Östra Lappland,19,Lappi,Lappland
03613,Postipuun koulu,11,Peruskoulut,0,2025,60.303757,24.746692,049,Espoo,Esbo,011,Helsinki,Helsingfors,01,Uusimaa,Nyland
06800,Poutun koulu,11,Peruskoulut,0,2025,62.986332,22.98125,408,Lapua,Lappo,142,Seinäjoki,Seinäjoki,14,Etelä-Pohjanmaa,Södra Österbotten
03841,Pruukin yhtenäiskoulu,11,Peruskoulut,0,2025,62.756743,22.846992,743,Seinäjoki,Seinäjoki,142,Seinäjoki,Seinäjoki,14,Etelä-Pohjanmaa,Södra Österbotten
00658,Pudasjärven lukio,15,Lukiot,0,2025,65.365851,26.985767,615,Pudasjärvi,Pudasjärvi,173,Oulunkaari,Oulunkaari,17,Pohjois-Pohjanmaa,Norra Österbotten
03847,Pudasjärven peruskoulu,11,Peruskoulut,0,2025,65.365851,26.985767,615,Pudasjärvi,Pudasjärvi,173,Oulunkaari,Oulunkaari,17,Pohjois-Pohjanmaa,Norra Österbotten
05109,Puhoksen koulu,11,Peruskoulut,0,2025,62.090365,29.884541,260,Kitee,Kitee,124,Keski-Karjala,Mellersta Karelen,12,Pohjois-Karjala,Norra Karelen
08923,Puijonsarven koulu,11,Peruskoulut,0,2025,62.932833,27.655035,297,Kuopio,Kuopio,112,Kuopio,Kuopio,11,Pohjois-Savo,Norra Savolax
08496,Puistokadun koulu,11,Peruskoulut,0,2025,60.84706,23.045948,430,Loimaa,Loimaa,025,Loimaa,Loimaa,02,Varsinais-Suomi,Egentliga Finland
05098,Puistokadun päiväkotikoulu,11,Peruskoulut,0,2025,62.246917,25.74935,179,Jyväskylä,Jyväskylä,131,Jyväskylä,Jyväskylä,13,Keski-Suomi,Mellersta Finland
03427,Puistokoulu,12,Peruskouluasteen erityiskoulut,0,2025,61.43195,23.810643,837,Tampere,Tammerfors,064,Tampere,Tammerfors,06,Pirkanmaa,Birkaland
03577,Puistolan peruskoulu,11,Peruskoulut,0,2025,60.267222,25.056103,091,Helsinki,Helsingfors,011,Helsinki,Helsingfors,01,Uusimaa,Nyland
03036,Puistolanraitin ala-ast. koulu,11,Peruskoulut,0,2025,60.270332,25.050747,091,Helsinki,Helsingfors,011,Helsinki,Helsingfors,01,Uusimaa,Nyland
03098,Puistopolun peruskoulu,11,Peruskoulut,0,2025,60.211742,25.141889,091,Helsinki,Helsingfors,011,Helsinki,Helsingfors,01,Uusimaa,Nyland
03094,Pukinmäenkaaren peruskoulu,11,Peruskoulut,0,2025,60.250094,24.991541,091,Helsinki,Helsingfors,011,Helsinki,Helsingfors,01,Uusimaa,Nyland
07039,Pukkilan koulu,11,Peruskoulut,0,2025,62.410097,22.198475,232,Kauhajoki,Kauhajoki,141,Suupohja,Suupohja,14,Etelä-Pohjanmaa,Södra Österbotten
07275,Pulkonkosken koulu,11,Peruskoulut,0,2025,63.128478,27.181936,297,Kuopio,Kuopio,112,Kuopio,Kuopio,11,Pohjois-Savo,Norra Savolax
07473,Pulpin koulu,11,Peruskoulut,0,2025,61.12567,28.451095,405,Lappeenranta,Villmanstrand,091,Lappeenranta,Villmanstrand,09,Etelä-Karjala,Södra Karelen
07150,Punkaharjun koulu,11,Peruskoulut,0,2025,61.763055,29.389041,740,Savonlinna,Nyslott,103,Savonlinna,Nyslott,10,Etelä-Savo,Södra Savolax
08274,Punkalaitumen Yhteiskoulu,11,Peruskoulut,0,2025,61.112345,23.121973,619,Punkalaidun,Punkalaidun,068,Lounais-Pirkanmaa,Sydvästra Birkaland,06,Pirkanmaa,Birkaland
00659,Punkalaitumen lukio,15,Lukiot,0,2025,61.112345,23.121973,619,Punkalaidun,Punkalaidun,068,Lounais-Pirkanmaa,Sydvästra Birkaland,06,Pirkanmaa,Birkaland
08567,Puolalan koulu,11,Peruskoulut,0,2025,60.452651,22.260679,853,Turku,Åbo,023,Turku,Åbo,02,Varsinais-Suomi,Egentliga Finland
00660,Puolalanmäen lukio,15,Lukiot,0,2025,60.452732,22.264236,853,Turku,Åbo,023,Turku,Åbo,02,Varsinais-Suomi,Egentliga Finland
00673,Puolangan lukio,15,Lukiot,0,2025,64.867457,27.669832,620,Puolanka,Puolanka,181,Kehys-Kainuu,Kehys-Kainuu,18,Kainuu,Kajanaland
06360,Puolankajärven koulu,11,Peruskoulut,0,2025,64.867457,27.669832,620,Puolanka,Puolanka,181,Kehys-Kainuu,Kehys-Kainuu,18,Kainuu,Kajanaland
08094,Puolimatkan koulu,11,Peruskoulut,0,2025,60.61726,24.840126,106,Hyvinkää,Hyvinge,011,Helsinki,Helsingfors,01,Uusimaa,Nyland
03038,Puotilan ala-asteen koulu,11,Peruskoulut,0,2025,60.213611,25.092598,091,Helsinki,Helsingfors,011,Helsinki,Helsingfors,01,Uusimaa,Nyland
07269,Purmo skola,11,Peruskoulut,0,2025,63.475341,23.015284,599,Pedersören kunta,Pedersöre,154,Jakobstadsregionen,Jakobstadsregionen,15,Pohjanmaa,Österbotten
08545,Puropellon koulu,11,Peruskoulut,0,2025,60.441169,22.27193,853,Turku,Åbo,023,Turku,Åbo,02,Varsinais-Suomi,Egentliga Finland
08071,Pusulan koulu,11,Peruskoulut,0,2025,60.472576,23.986641,444,Lohja,Lojo,011,Helsinki,Helsingfors,01,Uusimaa,Nyland
04368,Putaan koulu,11,Peruskoulut,0,2025,65.839571,24.173756,851,Tornio,Torneå,192,Kemi-Tornio,Kemi-Torneå,19,Lappi,Lappland
04971,Putaanvirran koulu,11,Peruskoulut,0,2025,63.367848,25.584134,601,Pihtipudas,Pihtipudas,138,Saarijärvi-Viitasaari,Saarijärvi-Viitasaari,13,Keski-Suomi,Mellersta Finland
05847,Puumalan koulu,11,Peruskoulut,0,2025,63.574729,23.652505,236,Kaustinen,Kaustby,161,Kaustinen,Kaustby,16,Keski-Pohjanmaa,Mellersta Österbotten
04597,Puumalan yhtenäiskoulu,11,Peruskoulut,0,2025,61.526159,28.175008,623,Puumala,Puumala,101,Mikkeli,S:t Michel,10,Etelä-Savo,Södra Savolax
04988,Puuppolan koulu,11,Peruskoulut,0,2025,62.342951,25.697829,179,Jyväskylä,Jyväskylä,131,Jyväskylä,Jyväskylä,13,Keski-Suomi,Mellersta Finland
07291,Puurtilan koulu,11,Peruskoulut,0,2025,62.33747,27.916677,915,Varkaus,Varkaus,114,Varkaus,Varkaus,11,Pohjois-Savo,Norra Savolax
00541,Pyhäjoen lukio,15,Lukiot,0,2025,64.461274,24.248726,625,Pyhäjoki,Pyhäjoki,174,Raahe,Brahestad,17,Pohjois-Pohjanmaa,Norra Österbotten
00661,Pyhäjärven lukio,15,Lukiot,0,2025,63.680663,25.969819,626,Pyhäjärvi,Pyhäjärvi,176,Nivala-Haapajärvi,Nivala-Haapajärvi,17,Pohjois-Pohjanmaa,Norra Österbotten
07145,Pyhällön koulu,11,Peruskoulut,0,2025,60.751845,27.335608,075,Hamina,Fredrikshamn,082,Kotka-Hamina,Kotka-Fredrikshamn,08,Kymenlaakso,Kymmenedalen
08832,Pyhämaan koulu,11,Peruskoulut,0,2025,60.952988,21.366676,895,Uusikaupunki,Nystad,024,Vakka-Suomi,Nystadsregionen,02,Varsinais-Suomi,Egentliga Finland
08459,Pyhän koulu,11,Peruskoulut,0,2025,60.651388,21.865344,503,Mynämäki,Mynämäki,023,Turku,Åbo,02,Varsinais-Suomi,Egentliga Finland
07381,Pyhäniemen koulu,11,Peruskoulut,0,2025,61.04485,25.506415,098,Hollola,Hollola,071,Lahti,Lahtis,07,Päijät-Häme,Päijänne-Tavastland
03505,Pyhännän koulu,11,Peruskoulut,0,2025,64.094511,26.323455,630,Pyhäntä,Pyhäntä,175,Haapavesi-Siikalatva,Haapavesi-Siikalatva,17,Pohjois-Pohjanmaa,Norra Österbotten
06695,Pyhäselän koulu,11,Peruskoulut,0,2025,62.43838,29.963767,167,Joensuu,Joensuu,122,Joensuu,Joensuu,12,Pohjois-Karjala,Norra Karelen
00010,Pyhäselän lukio,15,Lukiot,0,2025,62.43838,29.963767,167,Joensuu,Joensuu,122,Joensuu,Joensuu,12,Pohjois-Karjala,Norra Karelen
04867,Pylkönmäen koulu,11,Peruskoulut,0,2025,62.67051,24.811068,729,Saarijärvi,Saarijärvi,138,Saarijärvi-Viitasaari,Saarijärvi-Viitasaari,13,Keski-Suomi,Mellersta Finland
06532,Pyttis svenska skola,11,Peruskoulut,0,2025,60.46635,26.631737,624,Pyhtää,Pyttis,082,Kotka-Hamina,Kotka-Fredrikshamn,08,Kymenlaakso,Kymmenedalen
00646,Pyynikin lukio,15,Lukiot,0,2025,61.475507,23.76106,837,Tampere,Tammerfors,064,Tampere,Tammerfors,06,Pirkanmaa,Birkaland
08518,Pyynpään koulu,11,Peruskoulut,0,2025,61.140626,21.512378,684,Rauma,Raumo,041,Rauma,Raumo,04,Satakunta,Satakunta
07523,Pyörön koulu,11,Peruskoulut,0,2025,62.836806,27.642394,297,Kuopio,Kuopio,112,Kuopio,Kuopio,11,Pohjois-Savo,Norra Savolax
03303,Pähkinärinteen koulu,11,Peruskoulut,0,2025,60.256737,24.805254,092,Vantaa,Vanda,011,Helsinki,Helsingfors,01,Uusimaa,Nyland
03192,Päiväkummun koulu,11,Peruskoulut,0,2025,60.324695,25.099015,092,Vantaa,Vanda,011,Helsinki,Helsingfors,01,Uusimaa,Nyland
03138,Päivänkehrän koulu,11,Peruskoulut,0,2025,60.156603,24.699956,049,Espoo,Esbo,011,Helsinki,Helsingfors,01,Uusimaa,Nyland
06454,Päivärinnan koulu,11,Peruskoulut,0,2025,64.071317,24.526985,977,Ylivieska,Ylivieska,177,Ylivieska,Ylivieska,17,Pohjois-Pohjanmaa,Norra Österbotten
03870,Päivölänlaakson koulu,11,Peruskoulut,0,2025,60.407998,25.134701,245,Kerava,Kervo,011,Helsinki,Helsingfors,01,Uusimaa,Nyland
00662,Pälkäneen lukio,15,Lukiot,0,2025,61.337735,24.275277,635,Pälkäne,Pälkäne,064,Tampere,Tammerfors,06,Pirkanmaa,Birkaland
07040,Päntäneen koulu,11,Peruskoulut,0,2025,62.356515,22.058097,232,Kauhajoki,Kauhajoki,141,Suupohja,Suupohja,14,Etelä-Pohjanmaa,Södra Österbotten
06661,Päämajakoulu,11,Peruskoulut,0,2025,61.690349,27.264837,491,Mikkeli,S:t Michel,101,Mikkeli,S:t Michel,10,Etelä-Savo,Södra Savolax
07618,Pääskytien koulu,11,Peruskoulut,0,2025,60.377902,25.641945,638,Porvoo,Borgå,015,Porvoo,Borgå,01,Uusimaa,Nyland
08568,Pääskyvuoren koulu,11,Peruskoulut,0,2025,60.444304,22.336006,853,Turku,Åbo,023,Turku,Åbo,02,Varsinais-Suomi,Egentliga Finland
04101,Pölhön koulu,11,Peruskoulut,0,2025,65.80915,24.592098,241,Keminmaa,Keminmaa,192,Kemi-Tornio,Kemi-Torneå,19,Lappi,Lappland
07747,Pöljän koulu,11,Peruskoulut,0,2025,63.119809,27.636108,749,Siilinjärvi,Siilinjärvi,112,Kuopio,Kuopio,11,Pohjois-Savo,Norra Savolax
06319,Pöllönkankaan koulu,11,Peruskoulut,0,2025,65.068539,25.51496,564,Oulu,Uleåborg,171,Oulu,Uleåborg,17,Pohjois-Pohjanmaa,Norra Österbotten
07861,Pörtom skola,11,Peruskoulut,0,2025,62.708481,21.61069,545,Närpiö,Närpes,153,Sydösterbotten,Sydösterbotten,15,Pohjanmaa,Österbotten
00713,Raahen lukio,15,Lukiot,0,2025,64.683159,24.470729,678,Raahe,Brahestad,174,Raahe,Brahestad,17,Pohjois-Pohjanmaa,Norra Österbotten
04122,Raattaman koulu,11,Peruskoulut,6,2025,68.139228,24.219998,261,Kittilä,Kittilä,196,Tunturi-Lappi,Tunturi-Lappi,19,Lappi,Lappland
08928,Rahkolan koulu,11,Peruskoulut,0,2025,64.079084,24.531199,977,Ylivieska,Ylivieska,177,Ylivieska,Ylivieska,17,Pohjois-Pohjanmaa,Norra Österbotten
06655,Rahkosen koulu,11,Peruskoulut,0,2025,63.607995,24.026185,272,Kokkola,Karleby,162,Kokkola,Karleby,16,Keski-Pohjanmaa,Mellersta Österbotten
08695,Raholan koulu,11,Peruskoulut,0,2025,61.499613,23.633877,837,Tampere,Tammerfors,064,Tampere,Tammerfors,06,Pirkanmaa,Birkaland
00714,Raision lukio,15,Lukiot,0,2025,60.481129,22.170381,680,Raisio,Reso,023,Turku,Åbo,02,Varsinais-Suomi,Egentliga Finland
03193,Rajakylän koulu,11,Peruskoulut,0,2025,60.25237,25.109209,092,Vantaa,Vanda,011,Helsinki,Helsingfors,01,Uusimaa,Nyland
06346,Rajakylän koulu,11,Peruskoulut,0,2025,65.066696,25.421715,564,Oulu,Uleåborg,171,Oulu,Uleåborg,17,Pohjois-Pohjanmaa,Norra Österbotten
07550,Rajalan koulu,11,Peruskoulut,0,2025,62.904108,27.640029,297,Kuopio,Kuopio,112,Kuopio,Kuopio,11,Pohjois-Savo,Norra Savolax
08059,Rajamäen koulu,11,Peruskoulut,0,2025,60.529683,24.754955,543,Nurmijärvi,Nurmijärvi,011,Helsinki,Helsingfors,01,Uusimaa,Nyland
03194,Rajatorpan koulu,11,Peruskoulut,0,2025,60.258636,24.824071,092,Vantaa,Vanda,011,Helsinki,Helsingfors,01,Uusimaa,Nyland
03233,Rakokiven peruskoulu,11,Peruskoulut,0,2025,60.938281,25.9651,398,Lahti,Lahtis,071,Lahti,Lahtis,07,Päijät-Häme,Päijänne-Tavastland
00625,Raksilan lukio,15,Lukiot,0,2025,65.006644,25.491115,564,Oulu,Uleåborg,171,Oulu,Uleåborg,17,Pohjois-Pohjanmaa,Norra Österbotten
06884,Rangsby lågstadium,11,Peruskoulut,0,2025,60.278808,20.068564,736,Saltvik,Saltvik,212,Ålands landsbygd,Ålands landsbygd,21,Ahvenanmaa,Åland
06459,Rannan koulu,11,Peruskoulut,0,2025,64.093622,24.514372,977,Ylivieska,Ylivieska,177,Ylivieska,Ylivieska,17,Pohjois-Pohjanmaa,Norra Österbotten
05214,Rantakankaan koulu,11,Peruskoulut,0,2025,64.273365,25.865022,791,Siikalatva,Siikalatva,175,Haapavesi-Siikalatva,Haapavesi-Siikalatva,17,Pohjois-Pohjanmaa,Norra Österbotten
05871,Rantakankaan koulu,11,Peruskoulut,2,2025,63.226671,23.729228,403,Lappajärvi,Lappajärvi,146,Järviseutu,Järviseutu,14,Etelä-Pohjanmaa,Södra Österbotten
03872,Rantakylän normaalikoulu,11,Peruskoulut,0,2025,62.612939,29.82009,167,Joensuu,Joensuu,122,Joensuu,Joensuu,12,Pohjois-Karjala,Norra Karelen
06178,Rantakylän yhtenäiskoulu,11,Peruskoulut,0,2025,61.677422,27.201511,491,Mikkeli,S:t Michel,101,Mikkeli,S:t Michel,10,Etelä-Savo,Södra Savolax
05524,Rantalan koulu,11,Peruskoulut,0,2025,63.311411,30.041048,422,Lieksa,Lieksa,125,Pielisen Karjala,Pielisen Karjala,12,Pohjois-Karjala,Norra Karelen
00716,Rantasalmen lukio,15,Lukiot,0,2025,62.069166,28.299679,681,Rantasalmi,Rantasalmi,103,Savonlinna,Nyslott,10,Etelä-Savo,Södra Savolax
07243,Rantasalmen yhtenäiskoulu,11,Peruskoulut,0,2025,62.071007,28.298705,681,Rantasalmi,Rantasalmi,103,Savonlinna,Nyslott,10,Etelä-Savo,Södra Savolax
04350,Rantavitikan peruskoulu,11,Peruskoulut,0,2025,66.485261,25.721114,698,Rovaniemi,Rovaniemi,191,Rovaniemi,Rovaniemi,19,Lappi,Lappland
00735,Ranuan lukio,15,Lukiot,0,2025,65.924186,26.529249,683,Ranua,Ranua,191,Rovaniemi,Rovaniemi,19,Lappi,Lappland
04201,Ranuan yhtenäiskoulu,11,Peruskoulut,0,2025,65.924635,26.526495,683,Ranua,Ranua,191,Rovaniemi,Rovaniemi,19,Lappi,Lappland
04217,Ranuan yläaste,11,Peruskoulut,2,2025,65.924635,26.526495,683,Ranua,Ranua,191,Rovaniemi,Rovaniemi,19,Lappi,Lappland
03140,Rastaalan koulu,11,Peruskoulut,0,2025,60.44284,22.278458,853,Turku,Åbo,023,Turku,Åbo,02,Varsinais-Suomi,Egentliga Finland
06460,Raudaskosken koulu,11,Peruskoulut,0,2025,64.003862,24.746231,977,Ylivieska,Ylivieska,177,Ylivieska,Ylivieska,17,Pohjois-Pohjanmaa,Norra Österbotten
03907,Rauhalan koulu,11,Peruskoulut,0,2025,62.972903,22.008035,399,Laihia,Laihela,152,Vaasa,Vasa,15,Pohjanmaa,Österbotten
00721,Rauman Lyseon lukio,15,Lukiot,0,2025,61.134076,21.482638,684,Rauma,Raumo,041,Rauma,Raumo,04,Satakunta,Satakunta
03717,Rauman freinetkoulu,11,Peruskoulut,0,2025,61.132046,21.498386,684,Rauma,Raumo,041,Rauma,Raumo,04,Satakunta,Satakunta
00492,Rauman normaalikoulu,11,Peruskoulut,0,2025,61.131436,21.493355,684,Rauma,Raumo,041,Rauma,Raumo,04,Satakunta,Satakunta
03317,Raumankarin koulu,11,Peruskoulut,0,2025,64.064855,23.661782,208,Kalajoki,Kalajoki,177,Ylivieska,Ylivieska,17,Pohjois-Pohjanmaa,Norra Österbotten
08509,Raumanmeren peruskoulu,11,Peruskoulut,0,2025,61.140626,21.512378,684,Rauma,Raumo,041,Rauma,Raumo,04,Satakunta,Satakunta
08862,Raumon koulu,11,Peruskoulut,0,2025,65.850862,24.218683,851,Tornio,Torneå,192,Kemi-Tornio,Kemi-Torneå,19,Lappi,Lappland
08569,Raunistulan koulu,11,Peruskoulut,0,2025,60.463305,22.267138,853,Turku,Åbo,023,Turku,Åbo,02,Varsinais-Suomi,Egentliga Finland
00723,Rautalammin lukio,15,Lukiot,0,2025,62.618897,26.841206,686,Rautalampi,Rautalampi,115,Sisä-Savo,Inre Savolax,11,Pohjois-Savo,Norra Savolax
04733,Rautavaaran Yhtenäiskoulu,11,Peruskoulut,0,2025,63.497476,28.294397,687,Rautavaara,Rautavaara,113,Koillis-Savo,Nordöstra Savolax,11,Pohjois-Savo,Norra Savolax
00482,Rautavaaran lukio,15,Lukiot,0,2025,63.497476,28.294397,687,Rautavaara,Rautavaara,113,Koillis-Savo,Nordöstra Savolax,11,Pohjois-Savo,Norra Savolax
06266,Raution koulu,11,Peruskoulut,0,2025,64.062432,24.217221,208,Kalajoki,Kalajoki,177,Ylivieska,Ylivieska,17,Pohjois-Pohjanmaa,Norra Österbotten
04257,Rautiosaaren koulu,11,Peruskoulut,0,2025,66.42008,25.501791,698,Rovaniemi,Rovaniemi,191,Rovaniemi,Rovaniemi,19,Lappi,Lappland
00542,Rautjärven lukio,15,Lukiot,0,2025,61.430187,29.356579,689,Rautjärvi,Rautjärvi,093,Imatra,Imatra,09,Etelä-Karjala,Södra Karelen
06697,Reijolan koulu,11,Peruskoulut,0,2025,62.544415,29.835603,167,Joensuu,Joensuu,122,Joensuu,Joensuu,12,Pohjois-Karjala,Norra Karelen
08284,Reilan koulu,11,Peruskoulut,0,2025,61.033252,21.365632,631,Pyhäranta,Pyhäranta,024,Vakka-Suomi,Nystadsregionen,02,Varsinais-Suomi,Egentliga Finland
00532,Reisjärven lukio,15,Lukiot,0,2025,63.600483,24.959316,691,Reisjärvi,Reisjärvi,176,Nivala-Haapajärvi,Nivala-Haapajärvi,17,Pohjois-Pohjanmaa,Norra Österbotten
06704,Rekivaaran koulu,11,Peruskoulut,0,2025,62.4406,30.030991,167,Joensuu,Joensuu,122,Joensuu,Joensuu,12,Pohjois-Karjala,Norra Karelen
03196,Rekolan koulu,11,Peruskoulut,0,2025,60.332594,25.076835,092,Vantaa,Vanda,011,Helsinki,Helsingfors,01,Uusimaa,Nyland
03753,Rekolanmäen koulu,11,Peruskoulut,0,2025,60.334906,25.058564,092,Vantaa,Vanda,011,Helsinki,Helsingfors,01,Uusimaa,Nyland
08129,Rengon koulu,11,Peruskoulut,0,2025,60.890928,24.293836,109,Hämeenlinna,Tavastehus,051,Hämeenlinna,Tavastehus,05,Kanta-Häme,Egentliga Tavastland
07906,Renkomäen peruskoulu,11,Peruskoulut,0,2025,60.932233,25.649664,398,Lahti,Lahtis,071,Lahti,Lahtis,07,Päijät-Häme,Päijänne-Tavastland
07877,Replot-Björkö skola,11,Peruskoulut,0,2025,63.233572,21.416506,499,Mustasaari,Korsholm,152,Vaasa,Vasa,15,Pohjanmaa,Österbotten
03438,Repokankaan koulu,11,Peruskoulut,0,2025,62.314156,27.83274,915,Varkaus,Varkaus,114,Varkaus,Varkaus,11,Pohjois-Savo,Norra Savolax
05768,Reposaaren koulu,11,Peruskoulut,0,2025,61.612881,21.443706,609,Pori,Björneborg,043,Pori,Björneborg,04,Satakunta,Satakunta
00082,Ressun lukio,15,Lukiot,0,2025,60.166415,24.935747,091,Helsinki,Helsingfors,011,Helsinki,Helsingfors,01,Uusimaa,Nyland
03096,Ressun peruskoulu,11,Peruskoulut,0,2025,60.166988,24.924715,091,Helsinki,Helsingfors,011,Helsinki,Helsingfors,01,Uusimaa,Nyland
06392,Revonlahden koulu,11,Peruskoulut,0,2025,64.715807,24.958958,748,Siikajoki,Siikajoki,174,Raahe,Brahestad,17,Pohjois-Pohjanmaa,Norra Österbotten
08095,Ridasjärven koulu,11,Peruskoulut,0,2025,60.653038,24.990907,106,Hyvinkää,Hyvinge,011,Helsinki,Helsingfors,01,Uusimaa,Nyland
08546,Rieskalähteen koulu,11,Peruskoulut,0,2025,60.466469,22.258733,853,Turku,Åbo,023,Turku,Åbo,02,Varsinais-Suomi,Egentliga Finland
03700,Riihenmäen yhtenäiskoulu,11,Peruskoulut,0,2025,60.647868,25.31807,505,Mäntsälä,Mäntsälä,011,Helsinki,Helsingfors,01,Uusimaa,Nyland
08598,Riihikallion koulu,11,Peruskoulut,0,2025,60.375265,25.008491,858,Tuusula,Tusby,011,Helsinki,Helsingfors,01,Uusimaa,Nyland
03865,Riihikosken yhtenäiskoulu,11,Peruskoulut,0,2025,60.721327,22.597255,636,Pöytyä,Pöytyä,025,Loimaa,Loimaa,02,Varsinais-Suomi,Egentliga Finland
00724,Riihimäen lukio,15,Lukiot,0,2025,60.742398,24.778915,694,Riihimäki,Riihimäki,052,Riihimäki,Riihimäki,05,Kanta-Häme,Egentliga Tavastland
08748,Riihivalkaman koulu,11,Peruskoulut,0,2025,60.767941,23.686384,834,Tammela,Tammela,053,Forssa,Forssa,05,Kanta-Häme,Egentliga Tavastland
07530,Riistaveden yhtenäiskoulu,11,Peruskoulut,0,2025,62.915888,28.145852,297,Kuopio,Kuopio,112,Kuopio,Kuopio,11,Pohjois-Savo,Norra Savolax
08799,Rikantilan koulu,11,Peruskoulut,1,2025,61.158263,21.720336,051,Eurajoki,Euraåminne,041,Rauma,Raumo,04,Satakunta,Satakunta
03690,Rinnekodin koulu,12,Peruskouluasteen erityiskoulut,0,2025,60.211266,24.73936,235,Kauniainen,Grankulla,011,Helsinki,Helsingfors,01,Uusimaa,Nyland
06242,Ristiinan yhtenäiskoulu,11,Peruskoulut,0,2025,61.512479,27.258099,491,Mikkeli,S:t Michel,101,Mikkeli,S:t Michel,10,Etelä-Savo,Södra Savolax
05257,Ristijärven keskuskoulu,11,Peruskoulut,0,2025,64.504479,28.209424,697,Ristijärvi,Ristijärvi,182,Kajaani,Kajana,18,Kainuu,Kajanaland
08024,Ristin koulu,11,Peruskoulut,0,2025,60.180512,23.992896,444,Lohja,Lojo,011,Helsinki,Helsingfors,01,Uusimaa,Nyland
05563,Risö skola,11,Peruskoulut,0,2025,63.71848,22.75216,440,Luoto,Larsmo,154,Jakobstadsregionen,Jakobstadsregionen,15,Pohjanmaa,Österbotten
03802,Ritaharjun koulu,11,Peruskoulut,0,2025,65.080952,25.456549,564,Oulu,Uleåborg,171,Oulu,Uleåborg,17,Pohjois-Pohjanmaa,Norra Österbotten
06802,Ritavuoren koulu,11,Peruskoulut,0,2025,62.989552,23.028635,408,Lapua,Lappo,142,Seinäjoki,Seinäjoki,14,Etelä-Pohjanmaa,Södra Österbotten
06696,Riveria - Hammaslahden koulu,11,Peruskoulut,0,2025,62.506309,29.82248,167,Joensuu,Joensuu,122,Joensuu,Joensuu,12,Pohjois-Karjala,Norra Karelen
08285,Rohdaisten koulu,11,Peruskoulut,0,2025,60.952299,21.441757,631,Pyhäranta,Pyhäranta,024,Vakka-Suomi,Nystadsregionen,02,Varsinais-Suomi,Egentliga Finland
03040,Roihuvuoren ala-asteen koulu,11,Peruskoulut,0,2025,60.200614,25.053026,091,Helsinki,Helsingfors,011,Helsinki,Helsingfors,01,Uusimaa,Nyland
06637,Roikolan koulu,11,Peruskoulut,0,2025,63.902365,23.84482,217,Kannus,Kannus,162,Kokkola,Karleby,16,Keski-Pohjanmaa,Mellersta Österbotten
06663,Rouhialan koulu,11,Peruskoulut,0,2025,61.700099,27.26874,491,Mikkeli,S:t Michel,101,Mikkeli,S:t Michel,10,Etelä-Savo,Södra Savolax
08211,Roukon yhtenäiskoulu,11,Peruskoulut,0,2025,61.283633,24.014584,908,Valkeakoski,Valkeakoski,063,Etelä-Pirkanmaa,Södra Birkaland,06,Pirkanmaa,Birkaland
08907,Routionmäen yhtenäiskoulu,11,Peruskoulut,0,2025,60.275865,24.058769,444,Lohja,Lojo,011,Helsinki,Helsingfors,01,Uusimaa,Nyland
00579,Rovaniemen aikuislukio,15,Lukiot,0,2025,66.501102,25.724932,698,Rovaniemi,Rovaniemi,191,Rovaniemi,Rovaniemi,19,Lappi,Lappland
03858,Rovaniemen kristillinen koulu,11,Peruskoulut,0,2025,66.488315,25.702961,698,Rovaniemi,Rovaniemi,191,Rovaniemi,Rovaniemi,19,Lappi,Lappland
03546,Rovaniemen steinerkoulu,11,Peruskoulut,0,2025,66.488315,25.702961,698,Rovaniemi,Rovaniemi,191,Rovaniemi,Rovaniemi,19,Lappi,Lappland
07517,Rovastinkankaan koulu,11,Peruskoulut,0,2025,61.660065,24.350346,562,Orivesi,Orivesi,064,Tampere,Tammerfors,06,Pirkanmaa,Birkaland
00622,Rudolf Steinerskolan i Helsingfors,19,Perus- ja lukioasteen koulut,0,2025,60.196443,24.906023,091,Helsinki,Helsingfors,011,Helsinki,Helsingfors,01,Uusimaa,Nyland
06803,Ruhan koulu,11,Peruskoulut,0,2025,62.904631,22.981047,408,Lapua,Lappo,142,Seinäjoki,Seinäjoki,14,Etelä-Pohjanmaa,Södra Österbotten
04419,Rukan koulu,11,Peruskoulut,0,2025,66.167577,29.127521,305,Kuusamo,Kuusamo,178,Koillismaa,Koillismaa,17,Pohjois-Pohjanmaa,Norra Österbotten
08806,Rungon koulu,11,Peruskoulut,0,2025,60.421268,22.469369,202,Kaarina,S:t Karins,023,Turku,Åbo,02,Varsinais-Suomi,Egentliga Finland
06012,Runnin koulu,11,Peruskoulut,0,2025,63.586121,26.832861,140,Iisalmi,Idensalmi,111,Ylä-Savo,Norra Savolax,11,Pohjois-Savo,Norra Savolax
04690,Ruokolahden koulu,11,Peruskoulut,0,2025,61.293181,28.82635,700,Ruokolahti,Ruokolahti,093,Imatra,Imatra,09,Etelä-Karjala,Södra Karelen
06622,Ruonalan koulu,11,Peruskoulut,0,2025,60.479267,26.870108,285,Kotka,Kotka,082,Kotka-Hamina,Kotka-Fredrikshamn,08,Kymenlaakso,Kymmenedalen
05549,Ruonan koulu,11,Peruskoulut,1,2025,62.849712,23.482717,300,Kuortane,Kuortane,144,Kuusiokunnat,Kuusiokunnat,14,Etelä-Pohjanmaa,Södra Österbotten
06652,Ruotsalon koulu,11,Peruskoulut,0,2025,63.903919,23.350814,272,Kokkola,Karleby,162,Kokkola,Karleby,16,Keski-Pohjanmaa,Mellersta Österbotten
08599,Ruotsinkylän koulu,11,Peruskoulut,0,2025,60.371516,24.974331,858,Tuusula,Tusby,011,Helsinki,Helsingfors,01,Uusimaa,Nyland
07490,Ruoveden Yhtenäiskoulu,11,Peruskoulut,0,2025,61.982829,24.067296,702,Ruovesi,Ruovesi,069,Ylä-Pirkanmaa,Övre Birkaland,06,Pirkanmaa,Birkaland
00730,Ruoveden lukio,15,Lukiot,0,2025,61.982829,24.067296,702,Ruovesi,Ruovesi,069,Ylä-Pirkanmaa,Övre Birkaland,06,Pirkanmaa,Birkaland
08601,Rusutjärven koulu,11,Peruskoulut,0,2025,60.425828,24.965502,858,Tuusula,Tusby,011,Helsinki,Helsingfors,01,Uusimaa,Nyland
06387,Ruukin koulu,11,Peruskoulut,0,2025,64.656858,25.105484,748,Siikajoki,Siikajoki,174,Raahe,Brahestad,17,Pohjois-Pohjanmaa,Norra Österbotten
07570,Ruukin koulu,11,Peruskoulut,0,2025,60.522026,26.462076,434,Loviisa,Lovisa,016,Loviisa,Lovisa,01,Uusimaa,Nyland
05048,Ruukinkankaan koulu,11,Peruskoulut,0,2025,64.877113,28.933839,777,Suomussalmi,Suomussalmi,181,Kehys-Kainuu,Kehys-Kainuu,18,Kainuu,Kajanaland
08824,Ruununmyllyn koulu,11,Peruskoulut,0,2025,61.012998,24.528661,109,Hämeenlinna,Tavastehus,051,Hämeenlinna,Tavastehus,05,Kanta-Häme,Egentliga Tavastland
03730,Ruusutorpan koulu,11,Peruskoulut,0,2025,60.21683,24.802615,049,Espoo,Esbo,011,Helsinki,Helsingfors,01,Uusimaa,Nyland
03316,Ruusuvuoren koulu,11,Peruskoulut,0,2025,60.355135,25.069271,092,Vantaa,Vanda,011,Helsinki,Helsingfors,01,Uusimaa,Nyland
04896,Ruutanan koulu,11,Peruskoulut,0,2025,61.521745,24.03647,211,Kangasala,Kangasala,064,Tampere,Tammerfors,06,Pirkanmaa,Birkaland
03267,Ruutipuiston sairaalakoulu,12,Peruskouluasteen erityiskoulut,0,2025,62.768806,22.819711,743,Seinäjoki,Seinäjoki,142,Seinäjoki,Seinäjoki,14,Etelä-Pohjanmaa,Södra Österbotten
03915,Rykmentinpuiston koulu,11,Peruskoulut,0,2025,60.397437,25.039756,858,Tuusula,Tusby,011,Helsinki,Helsingfors,01,Uusimaa,Nyland
03290,Rymättylän koulu,11,Peruskoulut,0,2025,60.374103,21.953352,529,Naantali,Nådendal,023,Turku,Åbo,02,Varsinais-Suomi,Egentliga Finland
05978,Rytkyn koulu,11,Peruskoulut,0,2025,63.501371,26.5741,263,Kiuruvesi,Kiuruvesi,111,Ylä-Savo,Norra Savolax,11,Pohjois-Savo,Norra Savolax
06544,Ryttylän koulu,11,Peruskoulut,0,2025,60.815139,24.766334,086,Hausjärvi,Hausjärvi,052,Riihimäki,Riihimäki,05,Kanta-Häme,Egentliga Tavastland
06193,Rämälän koulu,11,Peruskoulut,0,2025,61.740153,27.334932,491,Mikkeli,S:t Michel,101,Mikkeli,S:t Michel,10,Etelä-Savo,Södra Savolax
05449,Rääkkylän koulu,11,Peruskoulut,0,2025,62.315357,29.628183,707,Rääkkylä,Rääkkylä,124,Keski-Karjala,Mellersta Karelen,12,Pohjois-Karjala,Norra Karelen
03154,Rödskogs skola,11,Peruskoulut,0,2025,60.275682,24.671938,049,Espoo,Esbo,011,Helsinki,Helsingfors,01,Uusimaa,Nyland
05648,Rökiö skola,11,Peruskoulut,0,2025,63.150609,22.259979,946,Vöyri,Vörå,152,Vaasa,Vasa,15,Pohjanmaa,Österbotten
08053,Röykän koulu,11,Peruskoulut,0,2025,60.484157,24.644794,543,Nurmijärvi,Nurmijärvi,011,Helsinki,Helsingfors,01,Uusimaa,Nyland
03816,S:t Karins svenska skola,11,Peruskoulut,0,2025,60.403673,22.363105,202,Kaarina,S:t Karins,023,Turku,Åbo,02,Varsinais-Suomi,Egentliga Finland
08891,S:t Olofsskolan,11,Peruskoulut,0,2025,60.444072,22.268868,853,Turku,Åbo,023,Turku,Åbo,02,Varsinais-Suomi,Egentliga Finland
04258,Saaren koulu,11,Peruskoulut,0,2025,66.519133,25.809961,698,Rovaniemi,Rovaniemi,191,Rovaniemi,Rovaniemi,19,Lappi,Lappland
06478,Saaren koulu,11,Peruskoulut,0,2025,64.460842,24.249643,625,Pyhäjoki,Pyhäjoki,174,Raahe,Brahestad,17,Pohjois-Pohjanmaa,Norra Österbotten
07279,Saaren koulu,11,Peruskoulut,0,2025,61.690591,29.679903,580,Parikkala,Parikkala,093,Imatra,Imatra,09,Etelä-Karjala,Södra Karelen
08037,Saaren koulu,11,Peruskoulut,0,2025,60.731586,25.417195,505,Mäntsälä,Mäntsälä,011,Helsinki,Helsingfors,01,Uusimaa,Nyland
04761,Saarijärven Yhtenäiskoulu,11,Peruskoulut,0,2025,62.705946,25.254601,729,Saarijärvi,Saarijärvi,138,Saarijärvi-Viitasaari,Saarijärvi-Viitasaari,13,Keski-Suomi,Mellersta Finland
00751,Saarijärven lukio,15,Lukiot,0,2025,62.705946,25.254601,729,Saarijärvi,Saarijärvi,138,Saarijärvi-Viitasaari,Saarijärvi-Viitasaari,13,Keski-Suomi,Mellersta Finland
03692,Saaristen koulu,12,Peruskouluasteen erityiskoulut,0,2025,60.994344,24.460048,109,Hämeenlinna,Tavastehus,051,Hämeenlinna,Tavastehus,05,Kanta-Häme,Egentliga Tavastland
03634,Saarnilaakson koulu,11,Peruskoulut,0,2025,60.195564,24.667784,049,Espoo,Esbo,011,Helsinki,Helsingfors,01,Uusimaa,Nyland
03451,Saarniston koulu,11,Peruskoulut,0,2025,60.818463,21.411259,895,Uusikaupunki,Nystad,024,Vakka-Suomi,Nystadsregionen,02,Varsinais-Suomi,Egentliga Finland
07125,Saimaanharjun koulu,11,Peruskoulut,0,2025,61.133086,28.097449,831,Taipalsaari,Taipalsaari,091,Lappeenranta,Villmanstrand,09,Etelä-Karjala,Södra Karelen
03901,Saimaanportin yhtenäiskoulu,11,Peruskoulut,0,2025,61.678628,27.263093,491,Mikkeli,S:t Michel,101,Mikkeli,S:t Michel,10,Etelä-Savo,Södra Savolax
06194,Sairilan koulu,11,Peruskoulut,0,2025,61.70012,27.36802,491,Mikkeli,S:t Michel,101,Mikkeli,S:t Michel,10,Etelä-Savo,Södra Savolax
03763,Sakarinmäen peruskoulu,11,Peruskoulut,0,2025,60.261734,25.211359,091,Helsinki,Helsingfors,011,Helsinki,Helsingfors,01,Uusimaa,Nyland
00785,Sallan lukio,15,Lukiot,0,2025,66.817563,28.677101,732,Salla,Salla,194,Itä-Lappi,Östra Lappland,19,Lappi,Lappland
04281,Sallatunturin koulu,11,Peruskoulut,0,2025,66.818658,28.674534,732,Salla,Salla,194,Itä-Lappi,Östra Lappland,19,Lappi,Lappland
04280,Sallilan koulu,11,Peruskoulut,0,2025,61.025089,22.698032,102,Huittinen,Huittinen,043,Pori,Björneborg,04,Satakunta,Satakunta
05022,Salmelan koulu,11,Peruskoulut,0,2025,64.140799,28.393422,765,Sotkamo,Sotkamo,182,Kajaani,Kajana,18,Kainuu,Kajanaland
05171,Salmen koulu,11,Peruskoulut,0,2025,63.680663,25.969819,626,Pyhäjärvi,Pyhäjärvi,176,Nivala-Haapajärvi,Nivala-Haapajärvi,17,Pohjois-Pohjanmaa,Norra Österbotten
03699,Salo svenska skola,11,Peruskoulut,0,2025,60.400606,23.139948,734,Salo,Salo,022,Salo,Salo,02,Varsinais-Suomi,Egentliga Finland
06487,Saloisten koulu,11,Peruskoulut,0,2025,64.655609,24.468938,678,Raahe,Brahestad,174,Raahe,Brahestad,17,Pohjois-Pohjanmaa,Norra Österbotten
06720,Salokylän koulu,11,Peruskoulut,0,2025,62.610596,29.53995,426,Liperi,Liperi,122,Joensuu,Joensuu,12,Pohjois-Karjala,Norra Karelen
00612,Salon lukio,15,Lukiot,0,2025,60.375699,23.135982,734,Salo,Salo,022,Salo,Salo,02,Varsinais-Suomi,Egentliga Finland
07382,Salpakankaan koulu,11,Peruskoulut,0,2025,60.984342,25.516575,098,Hollola,Hollola,071,Lahti,Lahtis,07,Päijät-Häme,Päijänne-Tavastland
05668,Salpar skola,11,Peruskoulut,0,2025,60.271608,25.38991,753,Sipoo,Sibbo,011,Helsinki,Helsingfors,01,Uusimaa,Nyland
07921,Salpausselän peruskoulu,11,Peruskoulut,0,2025,60.980698,25.635836,398,Lahti,Lahtis,071,Lahti,Lahtis,07,Päijät-Häme,Päijänne-Tavastland
07731,Sammalselän koulu,11,Peruskoulut,1,2025,62.624749,27.142413,778,Suonenjoki,Suonenjoki,115,Sisä-Savo,Inre Savolax,11,Pohjois-Savo,Norra Savolax
03542,Sammatin Vapaa Kyläkoulu,11,Peruskoulut,0,2025,60.321651,23.854759,444,Lohja,Lojo,011,Helsinki,Helsingfors,01,Uusimaa,Nyland
08075,Sammatin koulu,11,Peruskoulut,0,2025,60.318586,23.818857,444,Lohja,Lojo,011,Helsinki,Helsingfors,01,Uusimaa,Nyland
00757,Sammon keskuslukio,15,Lukiot,0,2025,61.500951,23.804007,837,Tampere,Tammerfors,064,Tampere,Tammerfors,06,Pirkanmaa,Birkaland
08664,Sammon koulu,11,Peruskoulut,0,2025,61.500612,23.797236,837,Tampere,Tammerfors,064,Tampere,Tammerfors,06,Pirkanmaa,Birkaland
07083,Sammonlahden koulu,11,Peruskoulut,0,2025,61.049562,28.106875,405,Lappeenranta,Villmanstrand,091,Lappeenranta,Villmanstrand,09,Etelä-Karjala,Södra Karelen
05582,Sammun koulu,11,Peruskoulut,0,2025,61.201597,22.69464,102,Huittinen,Huittinen,043,Pori,Björneborg,04,Satakunta,Satakunta
05431,Sandsund skola,11,Peruskoulut,0,2025,63.651007,22.723451,599,Pedersören kunta,Pedersöre,154,Jakobstadsregionen,Jakobstadsregionen,15,Pohjanmaa,Österbotten
07640,Sannäs skola,11,Peruskoulut,0,2025,60.4145,25.808659,638,Porvoo,Borgå,015,Porvoo,Borgå,01,Uusimaa,Nyland
03041,Santahaminan ala-asteen koulu,11,Peruskoulut,0,2025,60.152682,25.045899,091,Helsinki,Helsingfors,011,Helsinki,Helsingfors,01,Uusimaa,Nyland
03572,Santamäen koulu,11,Peruskoulut,0,2025,64.9079,25.488189,244,Kempele,Kempele,171,Oulu,Uleåborg,17,Pohjois-Pohjanmaa,Norra Österbotten
04486,Sarakylän peruskoulu,11,Peruskoulut,2,2025,65.78861,27.334581,615,Pudasjärvi,Pudasjärvi,173,Oulunkaari,Oulunkaari,17,Pohjois-Pohjanmaa,Norra Österbotten
04738,Sariolan yhtenäiskoulu,11,Peruskoulut,0,2025,61.478989,24.329166,211,Kangasala,Kangasala,064,Tampere,Tammerfors,06,Pirkanmaa,Birkaland
07446,Sarkolan koulu,11,Peruskoulut,0,2025,60.874618,26.734727,286,Kouvola,Kouvola,081,Kouvola,Kouvola,08,Kymenlaakso,Kymmenedalen
05612,Sarlinska skolan,11,Peruskoulut,0,2025,60.301752,22.291294,445,Parainen,Pargas,021,Åboland-Turunmaa,Åboland-Turunmaa,02,Varsinais-Suomi,Egentliga Finland
06117,Satavuon koulu,11,Peruskoulut,0,2025,62.244965,26.141048,410,Laukaa,Laukaa,131,Jyväskylä,Jyväskylä,13,Keski-Suomi,Mellersta Finland
03686,Sateenkaaren erityiskoulu,12,Peruskouluasteen erityiskoulut,0,2025,62.371702,27.123704,593,Pieksämäki,Pieksämäki,105,Pieksämäki,Pieksämäki,10,Etelä-Savo,Södra Savolax
03314,Satulavuoren koulu,12,Peruskouluasteen erityiskoulut,0,2025,60.434459,22.329686,853,Turku,Åbo,023,Turku,Åbo,02,Varsinais-Suomi,Egentliga Finland
08108,Saunakallion koulu,11,Peruskoulut,0,2025,60.490723,25.071536,186,Järvenpää,Träskända,011,Helsinki,Helsingfors,01,Uusimaa,Nyland
03827,Saunalahden koulu,11,Peruskoulut,0,2025,60.170675,24.609423,049,Espoo,Esbo,011,Helsinki,Helsingfors,01,Uusimaa,Nyland
08260,Saurun koulu,11,Peruskoulut,1,2025,60.247287,23.125189,734,Salo,Salo,022,Salo,Salo,02,Varsinais-Suomi,Egentliga Finland
03617,Sauvon koulukeskus,11,Peruskoulut,0,2025,60.345473,22.693889,738,Sauvo,Sagu,023,Turku,Åbo,02,Varsinais-Suomi,Egentliga Finland
04078,Sauvosaaren koulu,11,Peruskoulut,0,2025,65.732751,24.565836,240,Kemi,Kemi,192,Kemi-Tornio,Kemi-Torneå,19,Lappi,Lappland
06945,Savilahden yhtenäiskoulu,11,Peruskoulut,0,2025,63.055216,22.104331,905,Vaasa,Vasa,152,Vaasa,Vasa,15,Pohjanmaa,Österbotten
08118,Savion koulu,11,Peruskoulut,0,2025,60.382665,25.095546,245,Kerava,Kervo,011,Helsinki,Helsingfors,01,Uusimaa,Nyland
05249,Saviselän koulu,11,Peruskoulut,2,2025,64.020804,26.049319,317,Kärsämäki,Kärsämäki,176,Nivala-Haapajärvi,Nivala-Haapajärvi,17,Pohjois-Pohjanmaa,Norra Österbotten
00758,Savitaipaleen lukio,15,Lukiot,0,2025,61.195787,27.695324,739,Savitaipale,Savitaipale,091,Lappeenranta,Villmanstrand,09,Etelä-Karjala,Södra Karelen
00759,Savonlinnan lyseon lukio,15,Lukiot,0,2025,61.872297,28.880164,740,Savonlinna,Nyslott,103,Savonlinna,Nyslott,10,Etelä-Savo,Södra Savolax
00787,Savonlinnan taidelukio,15,Lukiot,0,2025,61.86843,28.879908,740,Savonlinna,Nyslott,103,Savonlinna,Nyslott,10,Etelä-Savo,Södra Savolax
03568,Savonrannan peruskoulu,11,Peruskoulut,0,2025,62.180761,29.199753,740,Savonlinna,Nyslott,103,Savonlinna,Nyslott,10,Etelä-Savo,Södra Savolax
07842,Savosenmäen koulu,11,Peruskoulut,0,2025,62.021638,24.649675,508,Mänttä-Vilppula,Mänttä-Vilppula,069,Ylä-Pirkanmaa,Övre Birkaland,06,Pirkanmaa,Birkaland
00483,Savukosken lukio,15,Lukiot,0,2025,67.28772,28.170352,742,Savukoski,Savukoski,194,Itä-Lappi,Östra Lappland,19,Lappi,Lappland
03878,Savulahden päiväkotikoulu,11,Peruskoulut,0,2025,62.27847,25.696337,179,Jyväskylä,Jyväskylä,131,Jyväskylä,Jyväskylä,13,Keski-Suomi,Mellersta Finland
10115,Schildtin lukio,15,Lukiot,0,2025,62.24608,25.726438,179,Jyväskylä,Jyväskylä,131,Jyväskylä,Jyväskylä,13,Keski-Suomi,Mellersta Finland
04657,Seikelän koulu,11,Peruskoulut,0,2025,60.538242,22.047458,481,Masku,Masku,023,Turku,Åbo,02,Varsinais-Suomi,Egentliga Finland
06898,Seinäjoen Yhteiskoulu,11,Peruskoulut,0,2025,62.778149,22.852825,743,Seinäjoki,Seinäjoki,142,Seinäjoki,Seinäjoki,14,Etelä-Pohjanmaa,Södra Österbotten
00763,Seinäjoen lukio,15,Lukiot,0,2025,62.784615,22.831992,743,Seinäjoki,Seinäjoki,142,Seinäjoki,Seinäjoki,14,Etelä-Pohjanmaa,Södra Österbotten
06896,Seinäjoen lyseo,11,Peruskoulut,0,2025,62.787738,22.840894,743,Seinäjoki,Seinäjoki,142,Seinäjoki,Seinäjoki,14,Etelä-Pohjanmaa,Södra Österbotten
08049,Seitsemän veljeksen koulu,11,Peruskoulut,0,2025,61.037163,28.093503,405,Lappeenranta,Villmanstrand,091,Lappeenranta,Villmanstrand,09,Etelä-Karjala,Södra Karelen
06825,Selkien koulu,11,Peruskoulut,0,2025,62.637551,30.129165,276,Kontiolahti,Kontiolahti,122,Joensuu,Joensuu,12,Pohjois-Karjala,Norra Karelen
03849,Seminaarin koulu,11,Peruskoulut,0,2025,64.229958,27.723577,205,Kajaani,Kajana,182,Kajaani,Kajana,18,Kainuu,Kajanaland
08823,Seminaarin koulu,11,Peruskoulut,0,2025,60.997397,24.450967,109,Hämeenlinna,Tavastehus,051,Hämeenlinna,Tavastehus,05,Kanta-Häme,Egentliga Tavastland
08772,Seminarieskolan,11,Peruskoulut,0,2025,59.974223,23.446171,710,Raasepori,Raseborg,014,Raasepori,Raseborg,01,Uusimaa,Nyland
03197,Seutulan koulu,11,Peruskoulut,0,2025,60.31952,24.909264,092,Vantaa,Vanda,011,Helsinki,Helsingfors,01,Uusimaa,Nyland
03575,Sevettijärven koulu,11,Peruskoulut,0,2025,69.510457,28.601327,148,Inari,Enare,197,Pohjois-Lappi,Norra Lappland,19,Lappi,Lappland
00475,Sibbo gymnasium,15,Lukiot,0,2025,60.37336,25.264298,753,Sipoo,Sibbo,011,Helsinki,Helsingfors,01,Uusimaa,Nyland
00089,Sibelius-lukio,15,Lukiot,0,2025,60.174526,24.956602,091,Helsinki,Helsingfors,011,Helsinki,Helsingfors,01,Uusimaa,Nyland
04135,Sieppijärven koulu,11,Peruskoulut,0,2025,67.151763,23.983528,273,Kolari,Kolari,196,Tunturi-Lappi,Tunturi-Lappi,19,Lappi,Lappland
00564,Sievin lukio,15,Lukiot,0,2025,63.898116,24.529546,746,Sievi,Sievi,177,Ylivieska,Ylivieska,17,Pohjois-Pohjanmaa,Norra Österbotten
08305,Siikaisten yhtenäiskoulu,11,Peruskoulut,0,2025,61.880115,21.821838,747,Siikainen,Siikainen,044,Pohjois-Satakunta,Norra Satakunta,04,Satakunta,Satakunta
00731,Siikajoen lukio,15,Lukiot,0,2025,64.656858,25.105484,748,Siikajoki,Siikajoki,174,Raahe,Brahestad,17,Pohjois-Pohjanmaa,Norra Österbotten
00663,Siikalatvan lukio,15,Lukiot,0,2025,64.171289,25.963319,791,Siikalatva,Siikalatva,175,Haapavesi-Siikalatva,Haapavesi-Siikalatva,17,Pohjois-Pohjanmaa,Norra Österbotten
03641,Siikasalmen kristillinen koulu,11,Peruskoulut,0,2025,62.516396,29.360263,426,Liperi,Liperi,122,Joensuu,Joensuu,12,Pohjois-Karjala,Norra Karelen
00764,Siilinjärven lukio,15,Lukiot,0,2025,63.08006,27.668579,749,Siilinjärvi,Siilinjärvi,112,Kuopio,Kuopio,11,Pohjois-Savo,Norra Savolax
07740,Siilinlahden koulu,11,Peruskoulut,0,2025,63.074169,27.669295,749,Siilinjärvi,Siilinjärvi,112,Kuopio,Kuopio,11,Pohjois-Savo,Norra Savolax
08736,Siivikkalan koulu,11,Peruskoulut,0,2025,61.550462,23.667878,980,Ylöjärvi,Ylöjärvi,064,Tampere,Tammerfors,06,Pirkanmaa,Birkaland
03479,Siltamäen ala-asteen koulu,11,Peruskoulut,0,2025,60.270918,24.988294,091,Helsinki,Helsingfors,011,Helsinki,Helsingfors,01,Uusimaa,Nyland
03899,Siltatien yhtenäiskoulu,11,Peruskoulut,0,2025,61.573613,23.57155,980,Ylöjärvi,Ylöjärvi,064,Tampere,Tammerfors,06,Pirkanmaa,Birkaland
07104,Simolan koulu,11,Peruskoulut,0,2025,60.908771,28.138388,405,Lappeenranta,Villmanstrand,091,Lappeenranta,Villmanstrand,09,Etelä-Karjala,Södra Karelen
04324,Simon koulu,11,Peruskoulut,0,2025,65.665526,25.065251,751,Simo,Simo,192,Kemi-Tornio,Kemi-Torneå,19,Lappi,Lappland
00789,Simon lukio,15,Lukiot,0,2025,65.665526,25.065251,751,Simo,Simo,192,Kemi-Tornio,Kemi-Torneå,19,Lappi,Lappland
03198,Simonkallion koulu,11,Peruskoulut,0,2025,60.307102,25.023974,092,Vantaa,Vanda,011,Helsinki,Helsingfors,01,Uusimaa,Nyland
03219,Simonkylän koulu,11,Peruskoulut,0,2025,60.316635,25.03515,092,Vantaa,Vanda,011,Helsinki,Helsingfors,01,Uusimaa,Nyland
07129,Simpeleen koulu,11,Peruskoulut,0,2025,61.430187,29.356579,689,Rautjärvi,Rautjärvi,093,Imatra,Imatra,09,Etelä-Karjala,Södra Karelen
04567,Sinervän koulu,11,Peruskoulut,0,2025,62.405156,24.794259,495,Multia,Multia,133,Keuruu,Keuru,13,Keski-Suomi,Mellersta Finland
07195,Sinilähteen koulu,11,Peruskoulut,0,2025,61.178787,25.988192,111,Heinola,Heinola,071,Lahti,Lahtis,07,Päijät-Häme,Päijänne-Tavastland
00535,Sipoon lukio,15,Lukiot,0,2025,60.374867,25.266231,753,Sipoo,Sibbo,011,Helsinki,Helsingfors,01,Uusimaa,Nyland
05536,Sipoonjoen yhtenäiskoulu,11,Peruskoulut,0,2025,60.376005,25.266679,753,Sipoo,Sibbo,011,Helsinki,Helsingfors,01,Uusimaa,Nyland
05537,Sipoonlahden koulu,11,Peruskoulut,0,2025,60.300198,25.339879,753,Sipoo,Sibbo,011,Helsinki,Helsingfors,01,Uusimaa,Nyland
03269,Sippolan Hovin koulu,12,Peruskouluasteen erityiskoulut,0,2025,60.733159,26.993949,286,Kouvola,Kouvola,081,Kouvola,Kouvola,08,Kymenlaakso,Kymmenedalen
07810,Sippolan koulu,11,Peruskoulut,2,2025,60.740306,27.006162,286,Kouvola,Kouvola,081,Kouvola,Kouvola,08,Kymenlaakso,Kymmenedalen
04123,Sirkan koulu,11,Peruskoulut,0,2025,67.818757,24.823016,261,Kittilä,Kittilä,196,Tunturi-Lappi,Tunturi-Lappi,19,Lappi,Lappland
08809,Sirkkala skola,11,Peruskoulut,0,2025,60.446518,22.281455,853,Turku,Åbo,023,Turku,Åbo,02,Varsinais-Suomi,Egentliga Finland
08810,Sirkkalabackens skola,12,Peruskouluasteen erityiskoulut,2,2025,60.446518,22.281455,853,Turku,Åbo,023,Turku,Åbo,02,Varsinais-Suomi,Egentliga Finland
08532,Sirkkulan koulu,11,Peruskoulut,0,2025,60.344179,23.126892,734,Salo,Salo,022,Salo,Salo,02,Varsinais-Suomi,Egentliga Finland
08650,Siuro-Linnavuoren koulu,11,Peruskoulut,0,2025,61.474208,23.317116,536,Nokia,Nokia,064,Tampere,Tammerfors,06,Pirkanmaa,Birkaland
08781,Sjundeå svenska skola,11,Peruskoulut,0,2025,60.137063,24.226387,755,Siuntio,Sjundeå,011,Helsinki,Helsingfors,01,Uusimaa,Nyland
08764,Sjökulla skola,11,Peruskoulut,0,2025,60.233938,24.400539,257,Kirkkonummi,Kyrkslätt,011,Helsinki,Helsingfors,01,Uusimaa,Nyland
05602,Skräbböle skola,11,Peruskoulut,0,2025,60.279775,22.280314,445,Parainen,Pargas,021,Åboland-Turunmaa,Åboland-Turunmaa,02,Varsinais-Suomi,Egentliga Finland
03315,Skärgårdshavets skola,11,Peruskoulut,0,2025,60.172803,21.562174,445,Parainen,Pargas,021,Åboland-Turunmaa,Åboland-Turunmaa,02,Varsinais-Suomi,Egentliga Finland
03155,Smedsby skola,11,Peruskoulut,0,2025,60.200176,24.743245,235,Kauniainen,Grankulla,011,Helsinki,Helsingfors,01,Uusimaa,Nyland
07878,Smedsby-Böle skola,11,Peruskoulut,0,2025,63.117166,21.686256,905,Vaasa,Vasa,152,Vaasa,Vasa,15,Pohjanmaa,Österbotten
08791,Snappertuna skola,11,Peruskoulut,0,2025,59.996586,23.654149,710,Raasepori,Raseborg,014,Raasepori,Raseborg,01,Uusimaa,Nyland
03043,Snellmanin ala-asteen koulu,11,Peruskoulut,0,2025,60.16015,24.935455,091,Helsinki,Helsingfors,011,Helsinki,Helsingfors,01,Uusimaa,Nyland
07551,Snellmanin koulu,11,Peruskoulut,0,2025,62.891854,27.688151,297,Kuopio,Kuopio,112,Kuopio,Kuopio,11,Pohjois-Savo,Norra Savolax
05637,Socklot skola,11,Peruskoulut,0,2025,63.569573,22.554596,893,Uusikaarlepyy,Nykarleby,154,Jakobstadsregionen,Jakobstadsregionen,15,Pohjanmaa,Österbotten
00765,Sodankylän lukio,15,Lukiot,0,2025,67.421004,26.571732,758,Sodankylä,Sodankylä,197,Pohjois-Lappi,Norra Lappland,19,Lappi,Lappland
03848,Soidinsuon koulu,11,Peruskoulut,0,2025,64.207106,27.75085,205,Kajaani,Kajana,182,Kajaani,Kajana,18,Kainuu,Kajanaland
05419,Soinin yhtenäiskoulu,11,Peruskoulut,0,2025,62.870344,24.206091,759,Soini,Soini,146,Järviseutu,Järviseutu,14,Etelä-Pohjanmaa,Södra Österbotten
06014,Soinlahden koulu,11,Peruskoulut,0,2025,63.621504,27.206687,140,Iisalmi,Idensalmi,111,Ylä-Savo,Norra Savolax,11,Pohjois-Savo,Norra Savolax
08213,Sointulan koulu,11,Peruskoulut,7,2025,61.260921,24.035061,908,Valkeakoski,Valkeakoski,063,Etelä-Pirkanmaa,Södra Birkaland,06,Pirkanmaa,Birkaland
03417,Solakallion koulu,12,Peruskouluasteen erityiskoulut,0,2025,60.241871,24.964747,091,Helsinki,Helsingfors,011,Helsinki,Helsingfors,01,Uusimaa,Nyland
08775,Solbrinkens skola,11,Peruskoulut,0,2025,60.253873,24.065769,444,Lohja,Lojo,011,Helsinki,Helsingfors,01,Uusimaa,Nyland
07879,Solf lärcenter,11,Peruskoulut,0,2025,63.013655,21.651561,499,Mustasaari,Korsholm,152,Vaasa,Vasa,15,Pohjanmaa,Österbotten
03887,"Soljan lastentalo, 0-2 lk",11,Peruskoulut,0,2025,61.467054,23.631891,604,Pirkkala,Birkala,064,Tampere,Tammerfors,06,Pirkanmaa,Birkaland
00766,Someron lukio,15,Lukiot,0,2025,60.629128,23.509323,761,Somero,Somero,022,Salo,Salo,02,Varsinais-Suomi,Egentliga Finland
08115,Sompion koulu,11,Peruskoulut,0,2025,60.400334,25.097037,245,Kerava,Kervo,011,Helsinki,Helsingfors,01,Uusimaa,Nyland
00767,Sonkajärven lukio,15,Lukiot,0,2025,63.669064,27.52098,762,Sonkajärvi,Sonkajärvi,111,Ylä-Savo,Norra Savolax,11,Pohjois-Savo,Norra Savolax
06060,Sonkajärven yhtenäiskoulu,11,Peruskoulut,0,2025,63.669064,27.52098,762,Sonkajärvi,Sonkajärvi,111,Ylä-Savo,Norra Savolax,11,Pohjois-Savo,Norra Savolax
07989,Sontulan koulu,11,Peruskoulut,0,2025,61.160433,23.786037,020,Akaa,Akaa,063,Etelä-Pirkanmaa,Södra Birkaland,06,Pirkanmaa,Birkaland
03279,Sophie Mannerheimin koulu,12,Peruskouluasteen erityiskoulut,0,2025,60.251629,24.071194,444,Lohja,Lojo,011,Helsinki,Helsingfors,01,Uusimaa,Nyland
08733,Soppeenmäen yhtenäiskoulu,11,Peruskoulut,0,2025,61.550676,23.59141,980,Ylöjärvi,Ylöjärvi,064,Tampere,Tammerfors,06,Pirkanmaa,Birkaland
08214,Sorrilan yhtenäiskoulu,11,Peruskoulut,0,2025,61.260921,24.035061,908,Valkeakoski,Valkeakoski,063,Etelä-Pirkanmaa,Södra Birkaland,06,Pirkanmaa,Birkaland
00768,Sotkamon lukio,15,Lukiot,0,2025,64.134073,28.388195,765,Sotkamo,Sotkamo,182,Kajaani,Kajana,18,Kainuu,Kajanaland
06886,Sottunga Skola,11,Peruskoulut,0,2025,60.129988,20.667419,766,Sottunga,Sottunga,213,Ålands skärgård,Ålands skärgård,21,Ahvenanmaa,Åland
03220,Sotungin koulu,11,Peruskoulut,0,2025,60.2802,25.12162,092,Vantaa,Vanda,011,Helsinki,Helsingfors,01,Uusimaa,Nyland
00069,Sotungin lukio ja etälukio,15,Lukiot,0,2025,60.2802,25.12162,092,Vantaa,Vanda,011,Helsinki,Helsingfors,01,Uusimaa,Nyland
03143,Soukan koulu,11,Peruskoulut,0,2025,62.748906,22.833078,743,Seinäjoki,Seinäjoki,142,Seinäjoki,Seinäjoki,14,Etelä-Pohjanmaa,Södra Österbotten
06006,Sourunsalon koulu,11,Peruskoulut,0,2025,63.521206,27.093995,140,Iisalmi,Idensalmi,111,Ylä-Savo,Norra Savolax,11,Pohjois-Savo,Norra Savolax
03758,Språkbadsskolan,11,Peruskoulut,0,2025,63.667822,22.699177,598,Pietarsaari,Jakobstad,154,Jakobstadsregionen,Jakobstadsregionen,15,Pohjanmaa,Österbotten
03074,Staffansby lågstadieskola,11,Peruskoulut,0,2025,60.259842,25.001301,091,Helsinki,Helsingfors,011,Helsinki,Helsingfors,01,Uusimaa,Nyland
07857,Stenbackens skola,11,Peruskoulut,0,2025,62.480582,21.345582,545,Närpiö,Närpes,153,Sydösterbotten,Sydösterbotten,15,Pohjanmaa,Österbotten
05131,Stormin koulu,11,Peruskoulut,0,2025,61.339518,23.040187,790,Sastamala,Sastamala,068,Lounais-Pirkanmaa,Sydvästra Birkaland,06,Pirkanmaa,Birkaland
03633,Storängens skola,11,Peruskoulut,0,2025,60.211527,24.644917,049,Espoo,Esbo,011,Helsinki,Helsingfors,01,Uusimaa,Nyland
03376,Strandnäs skola,11,Peruskoulut,0,2025,60.11666,19.946064,478,Maarianhamina,Mariehamn,211,Mariehamns stad,Mariehamns stad,21,Ahvenanmaa,Åland
03716,Strömbergin ala-asteen koulu,11,Peruskoulut,0,2025,60.219553,24.873279,091,Helsinki,Helsingfors,011,Helsinki,Helsingfors,01,Uusimaa,Nyland
07648,Strömborgska skola,11,Peruskoulut,0,2025,60.387595,25.641415,638,Porvoo,Borgå,015,Porvoo,Borgå,01,Uusimaa,Nyland
06705,Suhmuran koulu,11,Peruskoulut,0,2025,62.465441,29.915846,167,Joensuu,Joensuu,122,Joensuu,Joensuu,12,Pohjois-Karjala,Norra Karelen
03531,Suininlahden koulu,11,Peruskoulut,0,2025,62.987994,27.732626,749,Siilinjärvi,Siilinjärvi,112,Kuopio,Kuopio,11,Pohjois-Savo,Norra Savolax
06063,Sukevan koulu,11,Peruskoulut,0,2025,63.865498,27.415896,762,Sonkajärvi,Sonkajärvi,111,Ylä-Savo,Norra Savolax,11,Pohjois-Savo,Norra Savolax
05299,Sulkavan koulu,11,Peruskoulut,0,2025,62.45074,23.544972,010,Alavus,Alavus,144,Kuusiokunnat,Kuusiokunnat,14,Etelä-Pohjanmaa,Södra Österbotten
00786,Sulkavan lukio,15,Lukiot,0,2025,61.784145,28.371512,768,Sulkava,Sulkava,103,Savonlinna,Nyslott,10,Etelä-Savo,Södra Savolax
07692,Sulkavan yhtenäiskoulu,11,Peruskoulut,0,2025,61.784145,28.371512,768,Sulkava,Sulkava,103,Savonlinna,Nyslott,10,Etelä-Savo,Södra Savolax
04962,Sumiaisten koulu,11,Peruskoulut,0,2025,62.657745,26.045553,992,Äänekoski,Äänekoski,135,Äänekoski,Äänekoski,13,Keski-Suomi,Mellersta Finland
03491,Sunan koulu,11,Peruskoulut,0,2025,60.196707,24.679142,049,Espoo,Esbo,011,Helsinki,Helsingfors,01,Uusimaa,Nyland
07765,Sundom skola,11,Peruskoulut,0,2025,63.040373,21.55789,905,Vaasa,Vasa,152,Vaasa,Vasa,15,Pohjanmaa,Österbotten
06888,Sunds Skola,11,Peruskoulut,0,2025,60.224963,20.16429,771,Sund,Sund,212,Ålands landsbygd,Ålands landsbygd,21,Ahvenanmaa,Åland
05603,Sunnanbergs skola,11,Peruskoulut,0,2025,60.285148,22.122141,445,Parainen,Pargas,021,Åboland-Turunmaa,Åboland-Turunmaa,02,Varsinais-Suomi,Egentliga Finland
05806,Suodenniemen koulu,11,Peruskoulut,0,2025,61.553237,22.774989,790,Sastamala,Sastamala,068,Lounais-Pirkanmaa,Sydvästra Birkaland,06,Pirkanmaa,Birkaland
04847,Suolahden yhtenäiskoulu,11,Peruskoulut,0,2025,62.562814,25.870243,992,Äänekoski,Äänekoski,135,Äänekoski,Äänekoski,13,Keski-Suomi,Mellersta Finland
00087,Suomalais-venäläinen koulu,19,Perus- ja lukioasteen koulut,0,2025,60.238075,24.899067,091,Helsinki,Helsingfors,011,Helsinki,Helsingfors,01,Uusimaa,Nyland
00828,Suomen kristillinen yhteiskoulu,19,Perus- ja lukioasteen koulut,0,2025,60.384811,22.529929,202,Kaarina,S:t Karins,023,Turku,Åbo,02,Varsinais-Suomi,Egentliga Finland
03044,Suomenlinnan ala-asteen koulu,11,Peruskoulut,0,2025,60.148455,24.98971,091,Helsinki,Helsingfors,011,Helsinki,Helsingfors,01,Uusimaa,Nyland
04999,Suomenniemen koulu,11,Peruskoulut,1,2025,61.329258,27.44045,491,Mikkeli,S:t Michel,101,Mikkeli,S:t Michel,10,Etelä-Savo,Södra Savolax
08313,Suomusjärven koulu,11,Peruskoulut,0,2025,60.37454,23.601618,734,Salo,Salo,022,Salo,Salo,02,Varsinais-Suomi,Egentliga Finland
00771,Suomussalmen lukio,15,Lukiot,0,2025,64.878044,28.931963,777,Suomussalmi,Suomussalmi,181,Kehys-Kainuu,Kehys-Kainuu,18,Kainuu,Kajanaland
00772,Suonenjoen lukio,15,Lukiot,0,2025,62.626207,27.107682,778,Suonenjoki,Suonenjoki,115,Sisä-Savo,Inre Savolax,11,Pohjois-Savo,Norra Savolax
07722,Suonenjoen yhtenäiskoulu,11,Peruskoulut,0,2025,62.626207,27.107682,778,Suonenjoki,Suonenjoki,115,Sisä-Savo,Inre Savolax,11,Pohjois-Savo,Norra Savolax
03678,Suopellon koulu,11,Peruskoulut,0,2025,60.48729,22.055466,529,Naantali,Nådendal,023,Turku,Åbo,02,Varsinais-Suomi,Egentliga Finland
04898,Suoraman koulu,11,Peruskoulut,0,2025,61.474329,24.003601,211,Kangasala,Kangasala,064,Tampere,Tammerfors,06,Pirkanmaa,Birkaland
05535,Sursik skola,11,Peruskoulut,0,2025,63.603813,22.793396,599,Pedersören kunta,Pedersöre,154,Jakobstadsregionen,Jakobstadsregionen,15,Pohjanmaa,Österbotten
05586,Suttilan koulu,11,Peruskoulut,0,2025,61.164308,22.792498,102,Huittinen,Huittinen,043,Pori,Björneborg,04,Satakunta,Satakunta
04612,Suupanniityn koulu,11,Peruskoulut,2,2025,61.462564,23.644733,604,Pirkkala,Birkala,064,Tampere,Tammerfors,06,Pirkanmaa,Birkaland
06531,Suur-Ahvenkosken koulu,11,Peruskoulut,0,2025,60.489282,26.529132,624,Pyhtää,Pyttis,082,Kotka-Hamina,Kotka-Fredrikshamn,08,Kymenlaakso,Kymmenedalen
07424,Suurmiehikkälän koulu,11,Peruskoulut,1,2025,60.722776,27.571119,489,Miehikkälä,Miehikkälä,082,Kotka-Hamina,Kotka-Fredrikshamn,08,Kymenlaakso,Kymmenedalen
03311,Suutarilan ala-asteen koulu,11,Peruskoulut,2,2025,60.275695,24.997694,091,Helsinki,Helsingfors,011,Helsinki,Helsingfors,01,Uusimaa,Nyland
03087,Suutarilan peruskoulu,11,Peruskoulut,0,2025,60.274857,25.003478,091,Helsinki,Helsingfors,011,Helsinki,Helsingfors,01,Uusimaa,Nyland
06971,Suvilahden koulu,11,Peruskoulut,0,2025,63.078114,21.650235,905,Vaasa,Vasa,152,Vaasa,Vasa,15,Pohjanmaa,Österbotten
08769,Svartå skola,11,Peruskoulut,0,2025,60.138969,23.866466,710,Raasepori,Raseborg,014,Raasepori,Raseborg,01,Uusimaa,Nyland
03407,Svenska Privatsk. i Uleåborg,19,Perus- ja lukioasteen koulut,0,2025,65.009942,25.465149,564,Oulu,Uleåborg,171,Oulu,Uleåborg,17,Pohjois-Pohjanmaa,Norra Österbotten
03406,Svenska samskolan i Tammerfors,19,Perus- ja lukioasteen koulut,0,2025,61.493998,23.746711,837,Tampere,Tammerfors,064,Tampere,Tammerfors,06,Pirkanmaa,Birkaland
07393,Svenska skolan,11,Peruskoulut,0,2025,60.911411,26.622355,286,Kouvola,Kouvola,081,Kouvola,Kouvola,08,Kymenlaakso,Kymmenedalen
08774,Svenska skolan i Hyvinge,11,Peruskoulut,0,2025,60.623482,24.848923,106,Hyvinkää,Hyvinge,011,Helsinki,Helsingfors,01,Uusimaa,Nyland
03820,Svenskbacka skola,11,Peruskoulut,0,2025,60.39129,25.094552,245,Kerava,Kervo,011,Helsinki,Helsingfors,01,Uusimaa,Nyland
06104,Sydän-Laukaan koulu,11,Peruskoulut,0,2025,62.416618,25.950652,410,Laukaa,Laukaa,131,Jyväskylä,Jyväskylä,13,Keski-Suomi,Mellersta Finland
08800,Sydänmaan koulu,11,Peruskoulut,0,2025,61.192871,21.851653,051,Eurajoki,Euraåminne,041,Rauma,Raumo,04,Satakunta,Satakunta
05889,Sykäräisen koulu,11,Peruskoulut,0,2025,63.618562,24.409841,849,Toholampi,Toholampi,161,Kaustinen,Kaustby,16,Keski-Pohjanmaa,Mellersta Österbotten
03409,Sylvia-koulu,12,Peruskouluasteen erityiskoulut,0,2025,60.940658,25.623301,398,Lahti,Lahtis,071,Lahti,Lahtis,07,Päijät-Häme,Päijänne-Tavastland
05130,Sylvään koulu,11,Peruskoulut,0,2025,61.340095,22.920942,790,Sastamala,Sastamala,068,Lounais-Pirkanmaa,Sydvästra Birkaland,06,Pirkanmaa,Birkaland
03535,Syrjälän koulu,11,Peruskoulut,0,2025,60.37009,24.746574,543,Nurmijärvi,Nurmijärvi,011,Helsinki,Helsingfors,01,Uusimaa,Nyland
07681,Sysmän Yhteiskoulu,11,Peruskoulut,0,2025,61.508309,25.6799,781,Sysmä,Sysmä,071,Lahti,Lahtis,07,Päijät-Häme,Päijänne-Tavastland
00780,Sysmän lukio,15,Lukiot,0,2025,61.508309,25.6799,781,Sysmä,Sysmä,071,Lahti,Lahtis,07,Päijät-Häme,Päijänne-Tavastland
04079,Syväkankaan koulu,11,Peruskoulut,0,2025,65.72742,24.602243,240,Kemi,Kemi,192,Kemi-Tornio,Kemi-Torneå,19,Lappi,Lappland
03866,Syvälahden koulu,11,Peruskoulut,0,2025,60.419173,22.224724,853,Turku,Åbo,023,Turku,Åbo,02,Varsinais-Suomi,Egentliga Finland
03341,Syväsenvaaran koulu,11,Peruskoulut,2,2025,66.528538,25.784489,698,Rovaniemi,Rovaniemi,191,Rovaniemi,Rovaniemi,19,Lappi,Lappland
04489,Syötteen peruskoulu,11,Peruskoulut,2,2025,65.629955,27.697747,615,Pudasjärvi,Pudasjärvi,173,Oulunkaari,Oulunkaari,17,Pohjois-Pohjanmaa,Norra Österbotten
08719,Säijän koulu,11,Peruskoulut,0,2025,61.367051,23.619237,418,Lempäälä,Lempäälä,064,Tampere,Tammerfors,06,Pirkanmaa,Birkaland
00781,Säkylän seudun lukio,15,Lukiot,0,2025,61.048798,22.332111,783,Säkylä,Säkylä,041,Rauma,Raumo,04,Satakunta,Satakunta
08316,Säkylän yhteiskoulu,11,Peruskoulut,0,2025,61.048798,22.332111,783,Säkylä,Säkylä,041,Rauma,Raumo,04,Satakunta,Satakunta
08039,Sälinkään koulu,11,Peruskoulut,0,2025,60.712058,25.22194,505,Mäntsälä,Mäntsälä,011,Helsinki,Helsingfors,01,Uusimaa,Nyland
07256,Särkijärven koulu,11,Peruskoulut,0,2025,60.512041,25.705744,018,Askola,Askola,015,Porvoo,Borgå,01,Uusimaa,Nyland
05821,Särkikylän koulu,11,Peruskoulut,0,2025,63.374496,23.60761,052,Evijärvi,Evijärvi,146,Järviseutu,Järviseutu,14,Etelä-Pohjanmaa,Södra Österbotten
05652,Särkimo skola,11,Peruskoulut,1,2025,63.294055,22.010856,946,Vöyri,Vörå,152,Vaasa,Vasa,15,Pohjanmaa,Österbotten
07552,Särkiniemen koulu,11,Peruskoulut,0,2025,62.878168,27.641941,297,Kuopio,Kuopio,112,Kuopio,Kuopio,11,Pohjois-Savo,Norra Savolax
08324,Särkisalon koulu,11,Peruskoulut,0,2025,60.110941,22.942605,734,Salo,Salo,022,Salo,Salo,02,Varsinais-Suomi,Egentliga Finland
06045,Säviän koulu,11,Peruskoulut,0,2025,63.197564,26.674715,595,Pielavesi,Pielavesi,111,Ylä-Savo,Norra Savolax,11,Pohjois-Savo,Norra Savolax
07218,Sävträsk skola,11,Peruskoulut,0,2025,60.570301,26.052626,434,Loviisa,Lovisa,016,Loviisa,Lovisa,01,Uusimaa,Nyland
03892,Sääksjärven alakoulu,11,Peruskoulut,0,2025,61.414504,23.761707,418,Lempäälä,Lempäälä,064,Tampere,Tammerfors,06,Pirkanmaa,Birkaland
08040,Sääksjärven koulu,11,Peruskoulut,0,2025,60.592379,25.413697,505,Mäntsälä,Mäntsälä,011,Helsinki,Helsingfors,01,Uusimaa,Nyland
08720,Sääksjärven yläkoulu,11,Peruskoulut,0,2025,61.414504,23.761707,418,Lempäälä,Lempäälä,064,Tampere,Tammerfors,06,Pirkanmaa,Birkaland
03896,Sääksmäen koulu,11,Peruskoulut,0,2025,61.156017,24.00057,908,Valkeakoski,Valkeakoski,063,Etelä-Pirkanmaa,Södra Birkaland,06,Pirkanmaa,Birkaland
05298,Sääskiniemen koulu,11,Peruskoulut,0,2025,62.643618,23.298892,010,Alavus,Alavus,144,Kuusiokunnat,Kuusiokunnat,14,Etelä-Pohjanmaa,Södra Österbotten
06749,Såka skola,11,Peruskoulut,0,2025,63.760601,23.205016,272,Kokkola,Karleby,162,Kokkola,Karleby,16,Keski-Pohjanmaa,Mellersta Österbotten
05664,Söderkulla skola,11,Peruskoulut,0,2025,60.300198,25.339879,753,Sipoo,Sibbo,011,Helsinki,Helsingfors,01,Uusimaa,Nyland
03348,Södersunda lågstadium,11,Peruskoulut,0,2025,60.155972,19.877563,170,Jomala,Jomala,212,Ålands landsbygd,Ålands landsbygd,21,Ahvenanmaa,Åland
05675,Södra Paipis skola,11,Peruskoulut,0,2025,60.433171,25.262109,753,Sipoo,Sibbo,011,Helsinki,Helsingfors,01,Uusimaa,Nyland
08246,Söörmarkun koulu,11,Peruskoulut,0,2025,61.568682,21.813224,609,Pori,Björneborg,043,Pori,Björneborg,04,Satakunta,Satakunta
04618,Taalintehtaan koulu,11,Peruskoulut,0,2025,60.024176,22.496805,322,Kemiönsaari,Kimitoön,021,Åboland-Turunmaa,Åboland-Turunmaa,02,Varsinais-Suomi,Egentliga Finland
03889,Taanilan koulu,11,Peruskoulut,0,2025,64.076698,24.512907,977,Ylivieska,Ylivieska,177,Ylivieska,Ylivieska,17,Pohjois-Pohjanmaa,Norra Österbotten
04654,Taatilan yhtenäiskoulu,11,Peruskoulut,0,2025,60.501308,22.453057,423,Lieto,Lundo,023,Turku,Åbo,02,Varsinais-Suomi,Egentliga Finland
04939,Taavetin koulu,11,Peruskoulut,0,2025,60.920034,27.555483,441,Luumäki,Luumäki,091,Lappeenranta,Villmanstrand,09,Etelä-Karjala,Södra Karelen
00812,Taavetin lukio,15,Lukiot,0,2025,60.920034,27.555483,441,Luumäki,Luumäki,091,Lappeenranta,Villmanstrand,09,Etelä-Karjala,Södra Karelen
03593,Taavinkylän koulu,11,Peruskoulut,0,2025,60.270984,25.024363,091,Helsinki,Helsingfors,011,Helsinki,Helsingfors,01,Uusimaa,Nyland
04673,Tahvion koulu,11,Peruskoulut,0,2025,60.484774,22.122844,680,Raisio,Reso,023,Turku,Åbo,02,Varsinais-Suomi,Egentliga Finland
03045,Tahvonlahden ala-aste,11,Peruskoulut,0,2025,60.167903,25.034739,091,Helsinki,Helsingfors,011,Helsinki,Helsingfors,01,Uusimaa,Nyland
03869,Taikatahdin koulu,11,Peruskoulut,0,2025,65.011027,25.464131,564,Oulu,Uleåborg,171,Oulu,Uleåborg,17,Pohjois-Pohjanmaa,Norra Österbotten
05413,Taimelan koulu,11,Peruskoulut,0,2025,62.820856,23.944314,005,Alajärvi,Alajärvi,146,Järviseutu,Järviseutu,14,Etelä-Pohjanmaa,Södra Österbotten
03354,Taimon koulu,11,Peruskoulut,0,2025,60.484209,22.037706,529,Naantali,Nådendal,023,Turku,Åbo,02,Varsinais-Suomi,Egentliga Finland
04780,Tainionmäen koulu,11,Peruskoulut,0,2025,63.120125,25.07852,265,Kivijärvi,Kivijärvi,138,Saarijärvi-Viitasaari,Saarijärvi-Viitasaari,13,Keski-Suomi,Mellersta Finland
04261,Taipaleen koulu,11,Peruskoulut,0,2025,66.325665,25.930506,698,Rovaniemi,Rovaniemi,191,Rovaniemi,Rovaniemi,19,Lappi,Lappland
00850,Taivalkosken lukio,15,Lukiot,0,2025,65.571533,28.221144,832,Taivalkoski,Taivalkoski,178,Koillismaa,Koillismaa,17,Pohjois-Pohjanmaa,Norra Österbotten
08651,Taivalkunnan koulu,11,Peruskoulut,1,2025,61.458026,23.4057,536,Nokia,Nokia,064,Tampere,Tammerfors,06,Pirkanmaa,Birkaland
03046,Taivallahden peruskoulu,11,Peruskoulut,0,2025,60.17093,24.923475,091,Helsinki,Helsingfors,011,Helsinki,Helsingfors,01,Uusimaa,Nyland
08326,Taivassalon yhtenäiskoulu,11,Peruskoulut,0,2025,60.561481,21.618851,833,Taivassalo,Tövsala,024,Vakka-Suomi,Nystadsregionen,02,Varsinais-Suomi,Egentliga Finland
08698,Takahuhdin koulu,11,Peruskoulut,0,2025,61.491133,23.851966,837,Tampere,Tammerfors,064,Tampere,Tammerfors,06,Pirkanmaa,Birkaland
03823,Takajärven koulu,11,Peruskoulut,7,2025,65.68322,24.666109,240,Kemi,Kemi,192,Kemi-Tornio,Kemi-Torneå,19,Lappi,Lappland
06632,Takalo-Raasakan koulu,11,Peruskoulut,0,2025,63.891201,23.927508,217,Kannus,Kannus,162,Kokkola,Karleby,16,Keski-Pohjanmaa,Mellersta Österbotten
08737,Takamaan koulu,11,Peruskoulut,0,2025,61.608203,23.529324,980,Ylöjärvi,Ylöjärvi,064,Tampere,Tammerfors,06,Pirkanmaa,Birkaland
07927,Taklax skola,11,Peruskoulut,0,2025,62.721614,21.282197,280,Korsnäs,Korsnäs,152,Vaasa,Vasa,15,Pohjanmaa,Österbotten
05539,Talman koulu,11,Peruskoulut,0,2025,60.410791,25.17095,245,Kerava,Kervo,011,Helsinki,Helsingfors,01,Uusimaa,Nyland
07954,Talolan koulu,11,Peruskoulut,0,2025,60.652945,23.134432,284,Koski Tl,Koski Tl,025,Loimaa,Loimaa,02,Varsinais-Suomi,Egentliga Finland
08189,Talsoilan koulu,11,Peruskoulut,0,2025,60.821056,23.603615,061,Forssa,Forssa,053,Forssa,Forssa,05,Kanta-Häme,Egentliga Tavastland
03855,Talvikankaan koulu,11,Peruskoulut,0,2025,65.04704,25.58774,564,Oulu,Uleåborg,171,Oulu,Uleåborg,17,Pohjois-Pohjanmaa,Norra Österbotten
07584,Talvisalon koulu,11,Peruskoulut,0,2025,61.874157,28.867554,740,Savonlinna,Nyslott,103,Savonlinna,Nyslott,10,Etelä-Savo,Södra Savolax
08699,Tammelan koulu,11,Peruskoulut,0,2025,61.501758,23.785592,837,Tampere,Tammerfors,064,Tampere,Tammerfors,06,Pirkanmaa,Birkaland
03783,Tammenahjon koulu,11,Peruskoulut,0,2025,60.556474,22.130899,481,Masku,Masku,023,Turku,Åbo,02,Varsinais-Suomi,Egentliga Finland
00813,Tammerkosken lukio,15,Lukiot,0,2025,61.498223,23.790018,837,Tampere,Tammerfors,064,Tampere,Tammerfors,06,Pirkanmaa,Birkaland
08773,Tammipuiston koulu,12,Peruskouluasteen erityiskoulut,0,2025,59.982695,23.474157,710,Raasepori,Raseborg,014,Raasepori,Raseborg,01,Uusimaa,Nyland
00814,Tampereen aikuislukio,15,Lukiot,0,2025,61.500951,23.804007,837,Tampere,Tammerfors,064,Tampere,Tammerfors,06,Pirkanmaa,Birkaland
08671,Tampereen kansainvälinen koulu,11,Peruskoulut,0,2025,61.49972,23.73989,837,Tampere,Tammerfors,064,Tampere,Tammerfors,06,Pirkanmaa,Birkaland
00815,Tampereen klassillinen lukio,15,Lukiot,0,2025,61.501291,23.770016,837,Tampere,Tammerfors,064,Tampere,Tammerfors,06,Pirkanmaa,Birkaland
03552,Tampereen kristillinen koulu,11,Peruskoulut,0,2025,61.536185,23.938936,837,Tampere,Tammerfors,064,Tampere,Tammerfors,06,Pirkanmaa,Birkaland
00816,Tampereen lyseon lukio,15,Lukiot,0,2025,61.494618,23.743733,837,Tampere,Tammerfors,064,Tampere,Tammerfors,06,Pirkanmaa,Birkaland
00496,Tampereen steinerkoulu,19,Perus- ja lukioasteen koulut,0,2025,61.477777,23.821979,837,Tampere,Tammerfors,064,Tampere,Tammerfors,06,Pirkanmaa,Birkaland
00048,Tampereen teknillinen lukio,15,Lukiot,0,2025,61.457199,23.854754,837,Tampere,Tammerfors,064,Tampere,Tammerfors,06,Pirkanmaa,Birkaland
00819,Tampereen yhteiskoulun lukio,15,Lukiot,0,2025,61.496152,23.746637,837,Tampere,Tammerfors,064,Tampere,Tammerfors,06,Pirkanmaa,Birkaland
00817,Tampereen yliopiston normaalik,19,Perus- ja lukioasteen koulut,0,2025,61.481703,23.795479,837,Tampere,Tammerfors,064,Tampere,Tammerfors,06,Pirkanmaa,Birkaland
03698,Tanelinrannan koulu,11,Peruskoulut,0,2025,62.793121,22.90942,743,Seinäjoki,Seinäjoki,142,Seinäjoki,Seinäjoki,14,Etelä-Pohjanmaa,Södra Österbotten
08174,Tanttalan koulu,11,Peruskoulut,0,2025,60.869725,24.780665,165,Janakkala,Janakkala,051,Hämeenlinna,Tavastehus,05,Kanta-Häme,Egentliga Tavastland
08082,Tapainlinnan koulu,11,Peruskoulut,0,2025,60.625641,24.873824,106,Hyvinkää,Hyvinge,011,Helsinki,Helsingfors,01,Uusimaa,Nyland
03047,Tapanilan ala-asteen koulu,11,Peruskoulut,0,2025,60.264901,25.024206,091,Helsinki,Helsingfors,011,Helsinki,Helsingfors,01,Uusimaa,Nyland
03167,Tapiolan koulu,11,Peruskoulut,0,2025,60.179191,24.804608,049,Espoo,Esbo,011,Helsinki,Helsingfors,01,Uusimaa,Nyland
00821,Tapiolan lukio,15,Lukiot,0,2025,60.179191,24.804608,049,Espoo,Esbo,011,Helsinki,Helsingfors,01,Uusimaa,Nyland
08175,Tarinmaan koulu,11,Peruskoulut,0,2025,60.89294,24.593522,165,Janakkala,Janakkala,051,Hämeenlinna,Tavastehus,05,Kanta-Häme,Egentliga Tavastland
04926,Tarvaalan koulu,11,Peruskoulut,1,2025,62.656291,25.309052,729,Saarijärvi,Saarijärvi,138,Saarijärvi-Viitasaari,Saarijärvi-Viitasaari,13,Keski-Suomi,Mellersta Finland
08468,Tarvaisten koulu,11,Peruskoulut,1,2025,60.716679,22.077298,503,Mynämäki,Mynämäki,023,Turku,Åbo,02,Varsinais-Suomi,Egentliga Finland
04678,Tarvasjoen koulu,11,Peruskoulut,0,2025,60.578927,22.750926,423,Lieto,Lundo,023,Turku,Åbo,02,Varsinais-Suomi,Egentliga Finland
08355,Tattaran koulu,11,Peruskoulut,1,2025,61.352184,22.002948,531,Nakkila,Nakkila,043,Pori,Björneborg,04,Satakunta,Satakunta
06524,Tavastilan koulu,11,Peruskoulut,0,2025,60.574115,26.980386,285,Kotka,Kotka,082,Kotka-Hamina,Kotka-Fredrikshamn,08,Kymenlaakso,Kymmenedalen
08460,Tavastilan koulu,11,Peruskoulut,0,2025,60.626729,21.928938,503,Mynämäki,Mynämäki,023,Turku,Åbo,02,Varsinais-Suomi,Egentliga Finland
05588,Tegengrenskolan,11,Peruskoulut,0,2025,63.130622,22.255834,946,Vöyri,Vörå,152,Vaasa,Vasa,15,Pohjanmaa,Österbotten
03048,Tehtaankadun ala-asteen koulu,11,Peruskoulut,0,2025,60.158545,24.950675,091,Helsinki,Helsingfors,011,Helsinki,Helsingfors,01,Uusimaa,Nyland
08261,Teijon koulu,11,Peruskoulut,0,2025,60.251005,22.956501,734,Salo,Salo,022,Salo,Salo,02,Varsinais-Suomi,Egentliga Finland
04512,Temmeksen koulu,11,Peruskoulut,0,2025,64.647675,25.624962,859,Tyrnävä,Tyrnävä,171,Oulu,Uleåborg,17,Pohjois-Pohjanmaa,Norra Österbotten
05046,Tenetin koulu,11,Peruskoulut,0,2025,64.147046,28.310194,765,Sotkamo,Sotkamo,182,Kajaani,Kajana,18,Kainuu,Kajanaland
05195,Teppanan koulu,11,Peruskoulut,1,2025,64.228741,27.742593,205,Kajaani,Kajana,182,Kajaani,Kajana,18,Kainuu,Kajanaland
06761,Terjärv skola,11,Peruskoulut,0,2025,63.545006,23.500756,288,Kruunupyy,Kronoby,154,Jakobstadsregionen,Jakobstadsregionen,15,Pohjanmaa,Österbotten
06946,Tervajoen koulu,11,Peruskoulut,0,2025,63.00569,22.133388,905,Vaasa,Vasa,152,Vaasa,Vasa,15,Pohjanmaa,Österbotten
08176,Tervakosken koulu,11,Peruskoulut,0,2025,60.806684,24.624823,165,Janakkala,Janakkala,051,Hämeenlinna,Tavastehus,05,Kanta-Häme,Egentliga Tavastland
08167,Tervakosken yhteiskoulu,11,Peruskoulut,0,2025,60.817002,24.632279,165,Janakkala,Janakkala,051,Hämeenlinna,Tavastehus,05,Kanta-Häme,Egentliga Tavastland
08616,Tervalammen koulu,11,Peruskoulut,7,2025,60.327752,24.408751,927,Vihti,Vichtis,011,Helsinki,Helsingfors,01,Uusimaa,Nyland
00849,Tervolan lukio,15,Lukiot,0,2025,66.093504,24.821136,845,Tervola,Tervola,192,Kemi-Tornio,Kemi-Torneå,19,Lappi,Lappland
07714,Tervon Yhtenäiskoulu,11,Peruskoulut,0,2025,62.95244,26.754291,844,Tervo,Tervo,115,Sisä-Savo,Inre Savolax,11,Pohjois-Savo,Norra Savolax
08574,Teräsrautelan koulu,11,Peruskoulut,0,2025,60.470286,22.230901,853,Turku,Åbo,023,Turku,Åbo,02,Varsinais-Suomi,Egentliga Finland
07314,Tesjoen koulu,11,Peruskoulut,0,2025,60.473987,26.314734,434,Loviisa,Lovisa,016,Loviisa,Lovisa,01,Uusimaa,Nyland
08668,Tesoman koulu,11,Peruskoulut,0,2025,61.50745,23.629192,837,Tampere,Tammerfors,064,Tampere,Tammerfors,06,Pirkanmaa,Birkaland
07226,Tessjö skola,11,Peruskoulut,0,2025,60.474978,26.313622,434,Loviisa,Lovisa,016,Loviisa,Lovisa,01,Uusimaa,Nyland
08750,Teuron koulu,11,Peruskoulut,0,2025,60.860814,23.924153,834,Tammela,Tammela,053,Forssa,Forssa,05,Kanta-Häme,Egentliga Tavastland
00824,Teuvan lukio,15,Lukiot,0,2025,62.481683,21.738612,846,Teuva,Östermark,141,Suupohja,Suupohja,14,Etelä-Pohjanmaa,Södra Österbotten
07558,Teuvan yhtenäiskoulu,11,Peruskoulut,0,2025,62.480849,21.739634,846,Teuva,Östermark,141,Suupohja,Suupohja,14,Etelä-Pohjanmaa,Södra Österbotten
06348,Teuvo Pakkalan koulu,11,Peruskoulut,0,2025,65.007438,25.491516,564,Oulu,Uleåborg,171,Oulu,Uleåborg,17,Pohjois-Pohjanmaa,Norra Österbotten
05710,Tevaniemen koulu,11,Peruskoulut,0,2025,61.851732,23.048622,143,Ikaalinen,Ikalis,061,Luoteis-Pirkanmaa,Nordvästra Birkaland,06,Pirkanmaa,Birkaland
06327,Tiernan koulu,12,Peruskouluasteen erityiskoulut,0,2025,65.015164,25.472001,564,Oulu,Uleåborg,171,Oulu,Uleåborg,17,Pohjois-Pohjanmaa,Norra Österbotten
03328,Tiilikankaan koulu,11,Peruskoulut,2,2025,60.991974,25.493054,098,Hollola,Hollola,071,Lahti,Lahtis,07,Päijät-Häme,Päijänne-Tavastland
03414,Tiilimäen koulu,12,Peruskouluasteen erityiskoulut,0,2025,61.472941,21.780814,609,Pori,Björneborg,043,Pori,Björneborg,04,Satakunta,Satakunta
07922,Tiirismaan peruskoulu,11,Peruskoulut,0,2025,60.984148,25.672025,398,Lahti,Lahtis,071,Lahti,Lahtis,07,Päijät-Häme,Päijänne-Tavastland
06804,Tiistenjoen koulu,11,Peruskoulut,0,2025,62.908498,23.229836,408,Lapua,Lappo,142,Seinäjoki,Seinäjoki,14,Etelä-Pohjanmaa,Södra Österbotten
03384,Tiistilän koulu,11,Peruskoulut,0,2025,60.210106,24.751443,235,Kauniainen,Grankulla,011,Helsinki,Helsingfors,01,Uusimaa,Nyland
06475,Tiiton koulu,11,Peruskoulut,1,2025,63.756849,25.295215,069,Haapajärvi,Haapajärvi,176,Nivala-Haapajärvi,Nivala-Haapajärvi,17,Pohjois-Pohjanmaa,Norra Österbotten
05088,Tikan koulu,11,Peruskoulut,0,2025,62.219321,25.755435,179,Jyväskylä,Jyväskylä,131,Jyväskylä,Jyväskylä,13,Keski-Suomi,Mellersta Finland
04904,Tikkakosken yhtenäiskoulu,11,Peruskoulut,0,2025,62.394106,25.637901,179,Jyväskylä,Jyväskylä,131,Jyväskylä,Jyväskylä,13,Keski-Suomi,Mellersta Finland
05494,Tikkalan koulu,11,Peruskoulut,0,2025,62.345552,30.111731,848,Tohmajärvi,Tohmajärvi,124,Keski-Karjala,Mellersta Karelen,12,Pohjois-Karjala,Norra Karelen
06495,Tikkalan koulu,11,Peruskoulut,0,2025,64.585681,24.602208,678,Raahe,Brahestad,174,Raahe,Brahestad,17,Pohjois-Pohjanmaa,Norra Österbotten
00826,Tikkurilan lukio,15,Lukiot,0,2025,60.299382,25.051659,092,Vantaa,Vanda,011,Helsinki,Helsingfors,01,Uusimaa,Nyland
07346,Timolan koulu,11,Peruskoulut,0,2025,62.378114,27.862411,420,Leppävirta,Leppävirta,114,Varkaus,Varkaus,11,Pohjois-Savo,Norra Savolax
08081,Tita-Marian koulu,12,Peruskouluasteen erityiskoulut,0,2025,59.836204,22.974681,078,Hanko,Hangö,014,Raasepori,Raseborg,01,Uusimaa,Nyland
00848,Tohmajärven lukio,15,Lukiot,0,2025,62.220408,30.334294,848,Tohmajärvi,Tohmajärvi,124,Keski-Karjala,Mellersta Karelen,12,Pohjois-Karjala,Norra Karelen
00847,Toholammin lukio,15,Lukiot,0,2025,63.768468,24.247598,849,Toholampi,Toholampi,161,Kaustinen,Kaustby,16,Keski-Pohjanmaa,Mellersta Österbotten
05880,Toholammin yläkoulu,11,Peruskoulut,0,2025,63.768468,24.247598,849,Toholampi,Toholampi,161,Kaustinen,Kaustby,16,Keski-Pohjanmaa,Mellersta Österbotten
08224,Toijalan yhteiskoulu,11,Peruskoulut,0,2025,61.16206,23.871111,020,Akaa,Akaa,063,Etelä-Pirkanmaa,Södra Birkaland,06,Pirkanmaa,Birkaland
08408,Toijan koulu,11,Peruskoulut,0,2025,60.267562,23.443303,734,Salo,Salo,022,Salo,Salo,02,Varsinais-Suomi,Egentliga Finland
04573,Toivakan koulukeskus,11,Peruskoulut,0,2025,62.099695,26.086904,850,Toivakka,Toivakka,131,Jyväskylä,Jyväskylä,13,Keski-Suomi,Mellersta Finland
07748,Toivalan koulu,11,Peruskoulut,0,2025,62.987912,27.731045,749,Siilinjärvi,Siilinjärvi,112,Kuopio,Kuopio,11,Pohjois-Savo,Norra Savolax
04611,Toivion koulu,11,Peruskoulut,0,2025,61.450629,23.719136,604,Pirkkala,Birkala,064,Tampere,Tammerfors,06,Pirkanmaa,Birkaland
03112,Toivolan koulu,12,Peruskouluasteen erityiskoulut,0,2025,60.241062,24.967037,091,Helsinki,Helsingfors,011,Helsinki,Helsingfors,01,Uusimaa,Nyland
06930,Toivolanrannan yhtenäiskoulu,11,Peruskoulut,0,2025,62.556368,23.062602,743,Seinäjoki,Seinäjoki,142,Seinäjoki,Seinäjoki,14,Etelä-Pohjanmaa,Södra Österbotten
07626,Tolkkisten koulu,11,Peruskoulut,0,2025,60.339836,25.583397,638,Porvoo,Borgå,015,Porvoo,Borgå,01,Uusimaa,Nyland
03570,Tolpanniemen koulu,11,Peruskoulut,0,2025,65.946798,29.235945,305,Kuusamo,Kuusamo,178,Koillismaa,Koillismaa,17,Pohjois-Pohjanmaa,Norra Österbotten
08538,Topeliuksen koulu,11,Peruskoulut,0,2025,60.441167,22.238073,853,Turku,Åbo,023,Turku,Åbo,02,Varsinais-Suomi,Egentliga Finland
00563,Topeliusgymnasiet i Nykarleby,15,Lukiot,0,2025,63.526927,22.525675,893,Uusikaarlepyy,Nykarleby,154,Jakobstadsregionen,Jakobstadsregionen,15,Pohjanmaa,Österbotten
06955,Topparlan koulu,11,Peruskoulut,0,2025,62.962721,22.595312,743,Seinäjoki,Seinäjoki,142,Seinäjoki,Seinäjoki,14,Etelä-Pohjanmaa,Södra Österbotten
03452,Toppelundin koulu,11,Peruskoulut,0,2025,60.161008,24.782915,049,Espoo,Esbo,011,Helsinki,Helsingfors,01,Uusimaa,Nyland
03631,Torangin koulu,11,Peruskoulut,0,2025,65.954043,29.153513,305,Kuusamo,Kuusamo,178,Koillismaa,Koillismaa,17,Pohjois-Pohjanmaa,Norra Österbotten
05857,Torkinmäen koulu,11,Peruskoulut,0,2025,63.839121,23.1584,272,Kokkola,Karleby,162,Kokkola,Karleby,16,Keski-Pohjanmaa,Mellersta Österbotten
05596,Tornion Seminaari,11,Peruskoulut,0,2025,65.852757,24.141129,851,Tornio,Torneå,192,Kemi-Tornio,Kemi-Torneå,19,Lappi,Lappland
00830,Tornion yhteislyseon lukio,15,Lukiot,0,2025,65.850254,24.14075,851,Tornio,Torneå,192,Kemi-Tornio,Kemi-Torneå,19,Lappi,Lappland
03705,Torpparinmäen peruskoulu,11,Peruskoulut,0,2025,60.263719,24.950428,091,Helsinki,Helsingfors,011,Helsinki,Helsingfors,01,Uusimaa,Nyland
04345,Torvisen koulu,11,Peruskoulut,0,2025,67.194158,26.646532,758,Sodankylä,Sodankylä,197,Pohjois-Lappi,Norra Lappland,19,Lappi,Lappland
08652,Tottijärven koulu,11,Peruskoulut,0,2025,61.399419,23.346255,536,Nokia,Nokia,064,Tampere,Tammerfors,06,Pirkanmaa,Birkaland
06767,Toukolan koulu,11,Peruskoulut,0,2025,61.463095,22.566096,790,Sastamala,Sastamala,068,Lounais-Pirkanmaa,Sydvästra Birkaland,06,Pirkanmaa,Birkaland
08068,Toukolanpuiston koulu,11,Peruskoulut,0,2025,62.767977,22.891195,743,Seinäjoki,Seinäjoki,142,Seinäjoki,Seinäjoki,14,Etelä-Pohjanmaa,Södra Österbotten
05606,Träsk skola,11,Peruskoulut,0,2025,60.210638,21.346908,445,Parainen,Pargas,021,Åboland-Turunmaa,Åboland-Turunmaa,02,Varsinais-Suomi,Egentliga Finland
03913,Tuiran koulu,11,Peruskoulut,0,2025,65.024929,25.474107,564,Oulu,Uleåborg,171,Oulu,Uleåborg,17,Pohjois-Pohjanmaa,Norra Österbotten
06350,Tuiran koulu,11,Peruskoulut,2,2025,65.043005,25.438242,564,Oulu,Uleåborg,171,Oulu,Uleåborg,17,Pohjois-Pohjanmaa,Norra Österbotten
03893,Tuiskulan koulu,11,Peruskoulut,0,2025,62.635891,22.428396,301,Kurikka,Kurikka,142,Seinäjoki,Seinäjoki,14,Etelä-Pohjanmaa,Södra Österbotten
08493,Tulkkilan koulu,11,Peruskoulut,2,2025,61.256866,22.350642,271,Kokemäki,Kumo,043,Pori,Björneborg,04,Satakunta,Satakunta
03873,Tulliportin normaalikoulu,19,Perus- ja lukioasteen koulut,0,2025,62.604721,29.747791,167,Joensuu,Joensuu,122,Joensuu,Joensuu,12,Pohjois-Karjala,Norra Karelen
05898,Tunkkarin koulu,11,Peruskoulut,0,2025,63.489222,23.750737,924,Veteli,Vetil,161,Kaustinen,Kaustby,16,Keski-Pohjanmaa,Mellersta Österbotten
08494,Tuomaalan koulu,11,Peruskoulut,2,2025,61.221867,22.308813,271,Kokemäki,Kumo,043,Pori,Björneborg,04,Satakunta,Satakunta
08602,Tuomalan koulu,11,Peruskoulut,0,2025,60.443045,25.084233,858,Tuusula,Tusby,011,Helsinki,Helsingfors,01,Uusimaa,Nyland
03144,Tuomarilan koulu,11,Peruskoulut,0,2025,60.201552,24.683456,235,Kauniainen,Grankulla,011,Helsinki,Helsingfors,01,Uusimaa,Nyland
07065,Tuomiahon koulu,11,Peruskoulut,0,2025,62.753001,22.697124,145,Ilmajoki,Ilmajoki,142,Seinäjoki,Seinäjoki,14,Etelä-Pohjanmaa,Södra Österbotten
08730,Tuorilan koulu,11,Peruskoulut,0,2025,60.547939,24.196847,224,Karkkila,Högfors,011,Helsinki,Helsingfors,01,Uusimaa,Nyland
05799,Tuorsniemen koulu,11,Peruskoulut,0,2025,61.460538,21.728475,609,Pori,Björneborg,043,Pori,Björneborg,04,Satakunta,Satakunta
03489,Tuovilan koulu,11,Peruskoulut,0,2025,63.033476,21.818204,499,Mustasaari,Korsholm,152,Vaasa,Vasa,15,Pohjanmaa,Österbotten
06285,Tupoksen koulu,11,Peruskoulut,0,2025,64.859576,25.466027,425,Liminka,Limingo,171,Oulu,Uleåborg,17,Pohjois-Pohjanmaa,Norra Österbotten
06666,Tuppuralan koulu,11,Peruskoulut,0,2025,61.684819,27.303775,491,Mikkeli,S:t Michel,101,Mikkeli,S:t Michel,10,Etelä-Savo,Södra Savolax
03704,Tupurin koulu,11,Peruskoulut,0,2025,60.403749,23.173737,734,Salo,Salo,022,Salo,Salo,02,Varsinais-Suomi,Egentliga Finland
08177,Turengin koulu,11,Peruskoulut,0,2025,60.924721,24.653627,165,Janakkala,Janakkala,051,Hämeenlinna,Tavastehus,05,Kanta-Häme,Egentliga Tavastland
08168,Turengin yhteiskoulu,11,Peruskoulut,0,2025,60.916807,24.644874,165,Janakkala,Janakkala,051,Hämeenlinna,Tavastehus,05,Kanta-Häme,Egentliga Tavastland
08542,Turun Lyseon koulu,11,Peruskoulut,0,2025,60.49129,22.268757,853,Turku,Åbo,023,Turku,Åbo,02,Varsinais-Suomi,Egentliga Finland
03548,Turun Steiner-koulu,19,Perus- ja lukioasteen koulut,0,2025,60.45013,22.288468,853,Turku,Åbo,023,Turku,Åbo,02,Varsinais-Suomi,Egentliga Finland
00837,Turun Suom. Yht.koulun lukio,15,Lukiot,0,2025,60.454665,22.264974,853,Turku,Åbo,023,Turku,Åbo,02,Varsinais-Suomi,Egentliga Finland
00833,Turun iltalukio,15,Lukiot,0,2025,60.447898,22.260845,853,Turku,Åbo,023,Turku,Åbo,02,Varsinais-Suomi,Egentliga Finland
03749,Turun kansainvälinen koulu,19,Perus- ja lukioasteen koulut,0,2025,60.44733,22.358492,853,Turku,Åbo,023,Turku,Åbo,02,Varsinais-Suomi,Egentliga Finland
00834,Turun klassillinen lukio,15,Lukiot,0,2025,60.447898,22.260845,853,Turku,Åbo,023,Turku,Åbo,02,Varsinais-Suomi,Egentliga Finland
00836,Turun normaalikoulu,19,Perus- ja lukioasteen koulut,0,2025,60.44733,22.358492,853,Turku,Åbo,023,Turku,Åbo,02,Varsinais-Suomi,Egentliga Finland
03413,Tuulikellon koulu,12,Peruskouluasteen erityiskoulut,0,2025,61.468293,21.841742,609,Pori,Björneborg,043,Pori,Björneborg,04,Satakunta,Satakunta
07984,Tuuloksen koulu,11,Peruskoulut,0,2025,61.127579,24.816821,109,Hämeenlinna,Tavastehus,051,Hämeenlinna,Tavastehus,05,Kanta-Häme,Egentliga Tavastland
05312,Tuupalan yhtenäiskoulu,11,Peruskoulut,0,2025,64.124424,29.506853,290,Kuhmo,Kuhmo,181,Kehys-Kainuu,Kehys-Kainuu,18,Kainuu,Kajanaland
05942,Tuupovaaran alakoulu,11,Peruskoulut,0,2025,62.490976,30.613523,167,Joensuu,Joensuu,122,Joensuu,Joensuu,12,Pohjois-Karjala,Norra Karelen
04519,Tuurin koulu,11,Peruskoulut,0,2025,62.601993,23.747512,010,Alavus,Alavus,144,Kuusiokunnat,Kuusiokunnat,14,Etelä-Pohjanmaa,Södra Österbotten
00851,Tuusniemen lukio,15,Lukiot,0,2025,62.806409,28.500286,857,Tuusniemi,Tuusniemi,113,Koillis-Savo,Nordöstra Savolax,11,Pohjois-Savo,Norra Savolax
04961,Tuusniemen yhtenäiskoulu,11,Peruskoulut,0,2025,62.811533,28.487813,857,Tuusniemi,Tuusniemi,113,Koillis-Savo,Nordöstra Savolax,11,Pohjois-Savo,Norra Savolax
00321,Tuusulan lukio,15,Lukiot,0,2025,60.400439,25.026505,858,Tuusula,Tusby,011,Helsinki,Helsingfors,01,Uusimaa,Nyland
08593,Tuusulanjärven koulu,11,Peruskoulut,0,2025,60.415303,25.054554,245,Kerava,Kervo,011,Helsinki,Helsingfors,01,Uusimaa,Nyland
03805,Tyngän aluekoulu,11,Peruskoulut,0,2025,64.198897,24.068136,208,Kalajoki,Kalajoki,177,Ylivieska,Ylivieska,17,Pohjois-Pohjanmaa,Norra Österbotten
05138,Tyrväänkylän koulu,11,Peruskoulut,0,2025,61.305738,22.89036,790,Sastamala,Sastamala,068,Lounais-Pirkanmaa,Sydvästra Birkaland,06,Pirkanmaa,Birkaland
07392,Tähteenkadun koulu,12,Peruskouluasteen erityiskoulut,0,2025,60.920228,26.628688,286,Kouvola,Kouvola,081,Kouvola,Kouvola,08,Kymenlaakso,Kymmenedalen
03881,Tähtikunnan koulu,11,Peruskoulut,0,2025,67.419118,26.574519,758,Sodankylä,Sodankylä,197,Pohjois-Lappi,Norra Lappland,19,Lappi,Lappland
07882,Tölby-Vikby skola,11,Peruskoulut,2,2025,63.017694,21.698252,499,Mustasaari,Korsholm,152,Vaasa,Vasa,15,Pohjanmaa,Österbotten
00607,Tölö gymnasium,15,Lukiot,0,2025,60.179355,24.921735,091,Helsinki,Helsingfors,011,Helsinki,Helsingfors,01,Uusimaa,Nyland
06921,Tönnön koulu,11,Peruskoulut,0,2025,60.798422,25.695085,560,Orimattila,Orimattila,071,Lahti,Lahtis,07,Päijät-Häme,Päijänne-Tavastland
06904,Törnävän koulu,11,Peruskoulut,0,2025,62.759914,22.839622,743,Seinäjoki,Seinäjoki,142,Seinäjoki,Seinäjoki,14,Etelä-Pohjanmaa,Södra Österbotten
04520,Töysän yläaste,11,Peruskoulut,0,2025,62.637366,23.821962,010,Alavus,Alavus,144,Kuusiokunnat,Kuusiokunnat,14,Etelä-Pohjanmaa,Södra Österbotten
03050,Töölön ala-asteen koulu,11,Peruskoulut,0,2025,60.173584,24.931763,091,Helsinki,Helsingfors,011,Helsinki,Helsingfors,01,Uusimaa,Nyland
00539,Töölön yht.koulun aikuislukio,15,Lukiot,0,2025,60.187822,24.921001,091,Helsinki,Helsingfors,011,Helsinki,Helsingfors,01,Uusimaa,Nyland
03408,Töölön yhteiskoulu,19,Perus- ja lukioasteen koulut,0,2025,60.187822,24.921001,091,Helsinki,Helsingfors,011,Helsinki,Helsingfors,01,Uusimaa,Nyland
06828,Uimaharjun koulu,11,Peruskoulut,0,2025,62.912636,30.248468,167,Joensuu,Joensuu,122,Joensuu,Joensuu,12,Pohjois-Karjala,Norra Karelen
03346,Ulkosaariston koulu,11,Peruskoulut,0,2025,60.172803,21.562174,445,Parainen,Pargas,021,Åboland-Turunmaa,Åboland-Turunmaa,02,Varsinais-Suomi,Egentliga Finland
00878,Ulvilan lukio,15,Lukiot,0,2025,61.431709,21.88118,886,Ulvila,Ulvsby,043,Pori,Björneborg,04,Satakunta,Satakunta
08338,Ulvilan yhteiskoulu,11,Peruskoulut,0,2025,61.422477,21.871372,886,Ulvila,Ulvsby,043,Pori,Björneborg,04,Satakunta,Satakunta
08299,Unajan koulu,11,Peruskoulut,0,2025,61.070436,21.511486,684,Rauma,Raumo,041,Rauma,Raumo,04,Satakunta,Satakunta
03200,Uomarinteen koulu,11,Peruskoulut,0,2025,60.26937,24.851096,092,Vantaa,Vanda,011,Helsinki,Helsingfors,01,Uusimaa,Nyland
08061,Uotilan koulu,11,Peruskoulut,0,2025,60.446051,24.709079,543,Nurmijärvi,Nurmijärvi,011,Helsinki,Helsingfors,01,Uusimaa,Nyland
08300,Uotilan koulu,11,Peruskoulut,0,2025,61.130353,21.578594,684,Rauma,Raumo,041,Rauma,Raumo,04,Satakunta,Satakunta
08151,Uramon koulu,11,Peruskoulut,0,2025,60.749713,24.760754,694,Riihimäki,Riihimäki,052,Riihimäki,Riihimäki,05,Kanta-Häme,Egentliga Tavastland
06659,Urheilupuiston koulu,11,Peruskoulut,2,2025,61.687803,27.262888,491,Mikkeli,S:t Michel,101,Mikkeli,S:t Michel,10,Etelä-Savo,Södra Savolax
07441,Urheilupuiston koulu,11,Peruskoulut,0,2025,60.873463,26.714129,286,Kouvola,Kouvola,081,Kouvola,Kouvola,08,Kymenlaakso,Kymmenedalen
08048,Urheilupuiston koulu,11,Peruskoulut,0,2025,60.380181,24.739363,543,Nurmijärvi,Nurmijärvi,011,Helsinki,Helsingfors,01,Uusimaa,Nyland
07991,Urjalan yhtenäiskoulu,11,Peruskoulut,0,2025,61.079504,23.560384,887,Urjala,Urjala,063,Etelä-Pirkanmaa,Södra Birkaland,06,Pirkanmaa,Birkaland
06667,Urpolan koulu,11,Peruskoulut,2,2025,61.681173,27.260639,491,Mikkeli,S:t Michel,101,Mikkeli,S:t Michel,10,Etelä-Savo,Södra Savolax
08528,Uskelan koulu,11,Peruskoulut,0,2025,60.385621,23.14305,734,Salo,Salo,022,Salo,Salo,02,Varsinais-Suomi,Egentliga Finland
06417,Utajärven koulu,11,Peruskoulut,0,2025,64.762488,26.415631,889,Utajärvi,Utajärvi,173,Oulunkaari,Oulunkaari,17,Pohjois-Pohjanmaa,Norra Österbotten
00533,Utajärven lukio,15,Lukiot,0,2025,64.762488,26.415631,889,Utajärvi,Utajärvi,173,Oulunkaari,Oulunkaari,17,Pohjois-Pohjanmaa,Norra Österbotten
05012,Utin koulu,11,Peruskoulut,0,2025,60.883118,26.923551,286,Kouvola,Kouvola,081,Kouvola,Kouvola,08,Kymenlaakso,Kymmenedalen
05918,Utran koulu,11,Peruskoulut,0,2025,62.621431,29.850504,167,Joensuu,Joensuu,122,Joensuu,Joensuu,12,Pohjois-Karjala,Norra Karelen
00487,Utsjoen saamelaislukio,15,Lukiot,0,2025,69.895234,27.013763,890,Utsjoki,Utsjoki,197,Pohjois-Lappi,Norra Lappland,19,Lappi,Lappland
08879,Utsjokisuun koulu,11,Peruskoulut,0,2025,69.895234,27.013763,890,Utsjoki,Utsjoki,197,Pohjois-Lappi,Norra Lappland,19,Lappi,Lappland
05631,Utön koulu,11,Peruskoulut,0,2025,59.782857,21.366207,445,Parainen,Pargas,021,Åboland-Turunmaa,Åboland-Turunmaa,02,Varsinais-Suomi,Egentliga Finland
07148,Uuden-Summan koulu,11,Peruskoulut,0,2025,60.556185,27.130893,075,Hamina,Fredrikshamn,082,Kotka-Hamina,Kotka-Fredrikshamn,08,Kymenlaakso,Kymmenedalen
00876,Uudenkaupungin lukio,15,Lukiot,0,2025,60.805299,21.41135,895,Uusikaupunki,Nystad,024,Vakka-Suomi,Nystadsregionen,02,Varsinais-Suomi,Egentliga Finland
05801,Uudenkoiviston koulu,11,Peruskoulut,0,2025,61.473021,21.81372,609,Pori,Björneborg,043,Pori,Björneborg,04,Satakunta,Satakunta
04785,Uuraisten Koulukeskus,11,Peruskoulut,0,2025,62.502331,25.430203,892,Uurainen,Uurainen,131,Jyväskylä,Jyväskylä,13,Keski-Suomi,Mellersta Finland
04970,Vaajakosken Yhtenäiskoulu,11,Peruskoulut,0,2025,62.250261,25.872447,179,Jyväskylä,Jyväskylä,131,Jyväskylä,Jyväskylä,13,Keski-Suomi,Mellersta Finland
04990,Vaajakummun Yhtenäiskoulu,11,Peruskoulut,0,2025,62.243479,25.865348,179,Jyväskylä,Jyväskylä,131,Jyväskylä,Jyväskylä,13,Keski-Suomi,Mellersta Finland
04347,Vaalajärven koulu,11,Peruskoulut,1,2025,67.420225,26.22542,758,Sodankylä,Sodankylä,197,Pohjois-Lappi,Norra Lappland,19,Lappi,Lappland
00888,Vaalan lukio,15,Lukiot,0,2025,64.562632,26.838752,785,Vaala,Vaala,173,Oulunkaari,Oulunkaari,17,Pohjois-Pohjanmaa,Norra Österbotten
05233,Vaalan yhtenäiskoulu,11,Peruskoulut,0,2025,64.562632,26.838752,785,Vaala,Vaala,173,Oulunkaari,Oulunkaari,17,Pohjois-Pohjanmaa,Norra Österbotten
06892,Vaaranlammen koulu,11,Peruskoulut,0,2025,66.516258,25.69901,698,Rovaniemi,Rovaniemi,191,Rovaniemi,Rovaniemi,19,Lappi,Lappland
03550,Vaasan Rudolf Steiner -koulu,11,Peruskoulut,0,2025,63.102769,21.613949,905,Vaasa,Vasa,152,Vaasa,Vasa,15,Pohjanmaa,Österbotten
03784,Vaasan kristillinen koulu,11,Peruskoulut,0,2025,63.098044,21.626702,905,Vaasa,Vasa,152,Vaasa,Vasa,15,Pohjanmaa,Österbotten
00889,Vaasan lyseon lukio,15,Lukiot,0,2025,63.093176,21.61275,905,Vaasa,Vasa,152,Vaasa,Vasa,15,Pohjanmaa,Österbotten
08738,Vahannan koulu,11,Peruskoulut,0,2025,61.612427,23.617453,980,Ylöjärvi,Ylöjärvi,064,Tampere,Tammerfors,06,Pirkanmaa,Birkaland
03610,Vahteron koulu,11,Peruskoulut,0,2025,60.853122,26.729218,286,Kouvola,Kouvola,081,Kouvola,Kouvola,08,Kymenlaakso,Kymmenedalen
04674,Vaisaaren koulu,11,Peruskoulut,1,2025,60.479277,22.167212,680,Raisio,Reso,023,Turku,Åbo,02,Varsinais-Suomi,Egentliga Finland
00592,Valkeakosken Tietotien aikuislukio,15,Lukiot,0,2025,61.279543,23.995802,908,Valkeakoski,Valkeakoski,063,Etelä-Pirkanmaa,Södra Birkaland,06,Pirkanmaa,Birkaland
00892,Valkeakosken Tietotien lukio,15,Lukiot,0,2025,61.279543,23.995802,908,Valkeakoski,Valkeakoski,063,Etelä-Pirkanmaa,Södra Birkaland,06,Pirkanmaa,Birkaland
05017,Valkealan yhtenäiskoulu,11,Peruskoulut,0,2025,60.945207,26.80474,286,Kouvola,Kouvola,081,Kouvola,Kouvola,08,Kymenlaakso,Kymmenedalen
05701,Valkean ruusun koulu,11,Peruskoulut,0,2025,61.767684,23.073216,143,Ikaalinen,Ikalis,061,Luoteis-Pirkanmaa,Nordvästra Birkaland,06,Pirkanmaa,Birkaland
04623,Valkeavuoren koulu,11,Peruskoulut,0,2025,60.404993,22.384752,202,Kaarina,S:t Karins,023,Turku,Åbo,02,Varsinais-Suomi,Egentliga Finland
06924,Valkiavuoren koulu,11,Peruskoulut,0,2025,62.828322,22.911895,743,Seinäjoki,Seinäjoki,142,Seinäjoki,Seinäjoki,14,Etelä-Pohjanmaa,Södra Österbotten
08062,Valkjärven koulu,11,Peruskoulut,2,2025,60.421085,24.711435,543,Nurmijärvi,Nurmijärvi,011,Helsinki,Helsingfors,01,Uusimaa,Nyland
06121,Valkolan koulu,11,Peruskoulut,2,2025,62.468138,25.824932,410,Laukaa,Laukaa,131,Jyväskylä,Jyväskylä,13,Keski-Suomi,Mellersta Finland
07241,Valkon koulu,11,Peruskoulut,0,2025,60.404566,26.241085,434,Loviisa,Lovisa,016,Loviisa,Lovisa,01,Uusimaa,Nyland
07875,Vallgrund skola,11,Peruskoulut,0,2025,63.197437,21.303267,499,Mustasaari,Korsholm,152,Vaasa,Vasa,15,Pohjanmaa,Österbotten
03051,Vallilan ala-asteen koulu,11,Peruskoulut,0,2025,60.192776,24.964108,091,Helsinki,Helsingfors,011,Helsinki,Helsingfors,01,Uusimaa,Nyland
04665,Valpperin koulu,11,Peruskoulut,0,2025,60.666639,22.265303,538,Nousiainen,Nousis,023,Turku,Åbo,02,Varsinais-Suomi,Egentliga Finland
07313,Valtaalan koulu,11,Peruskoulut,0,2025,62.971907,22.383212,152,Isokyrö,Storkyro,142,Seinäjoki,Seinäjoki,14,Etelä-Pohjanmaa,Södra Österbotten
07781,Valtarin koulu,11,Peruskoulut,0,2025,65.320476,25.3637,139,Ii,Ii,173,Oulunkaari,Oulunkaari,17,Pohjois-Pohjanmaa,Norra Österbotten
05437,Valtimon koulu,11,Peruskoulut,0,2025,63.68148,28.812783,541,Nurmes,Nurmes,125,Pielisen Karjala,Pielisen Karjala,12,Pohjois-Karjala,Norra Karelen
00840,Vammalan lukio,15,Lukiot,0,2025,61.343792,22.906684,790,Sastamala,Sastamala,068,Lounais-Pirkanmaa,Sydvästra Birkaland,06,Pirkanmaa,Birkaland
08343,Vanhankylän koulu,11,Peruskoulut,0,2025,61.433969,21.894129,886,Ulvila,Ulvsby,043,Pori,Björneborg,04,Satakunta,Satakunta
08603,Vanhankylän koulu,11,Peruskoulut,0,2025,60.493338,25.014088,858,Tuusula,Tusby,011,Helsinki,Helsingfors,01,Uusimaa,Nyland
08617,Vanjärven koulu,11,Peruskoulut,0,2025,60.473227,24.229487,927,Vihti,Vichtis,011,Helsinki,Helsingfors,01,Uusimaa,Nyland
03667,Vantaan kansainv. koulu,11,Peruskoulut,0,2025,60.28482,24.958189,092,Vantaa,Vanda,011,Helsinki,Helsingfors,01,Uusimaa,Nyland
03549,Vantaan seudun steinerkoulu,19,Perus- ja lukioasteen koulut,0,2025,60.366289,25.084062,092,Vantaa,Vanda,011,Helsinki,Helsingfors,01,Uusimaa,Nyland
03790,Vanttilan koulu,11,Peruskoulut,0,2025,60.183138,24.616134,049,Espoo,Esbo,011,Helsinki,Helsingfors,01,Uusimaa,Nyland
03895,Varatien koulu,12,Peruskouluasteen erityiskoulut,0,2025,60.806845,24.628803,165,Janakkala,Janakkala,051,Hämeenlinna,Tavastehus,05,Kanta-Häme,Egentliga Tavastland
05139,Vareliuksen koulu,11,Peruskoulut,0,2025,61.326688,22.938214,790,Sastamala,Sastamala,068,Lounais-Pirkanmaa,Sydvästra Birkaland,06,Pirkanmaa,Birkaland
06959,Variskan yhtenäiskoulu,11,Peruskoulut,0,2025,63.085736,21.724621,905,Vaasa,Vasa,152,Vaasa,Vasa,15,Pohjanmaa,Österbotten
03349,Varissuon koulu,11,Peruskoulut,6,2025,60.445581,22.358888,853,Turku,Åbo,023,Turku,Åbo,02,Varsinais-Suomi,Egentliga Finland
00578,Varkauden lukio,15,Lukiot,0,2025,62.328569,27.851128,915,Varkaus,Varkaus,114,Varkaus,Varkaus,11,Pohjois-Savo,Norra Savolax
04585,Varpaisjärven koulu,11,Peruskoulut,0,2025,63.355702,27.76293,402,Lapinlahti,Lapinlahti,111,Ylä-Savo,Norra Savolax,11,Pohjois-Savo,Norra Savolax
06826,Varparannan koulu,11,Peruskoulut,0,2025,62.852326,29.788049,276,Kontiolahti,Kontiolahti,122,Joensuu,Joensuu,12,Pohjois-Karjala,Norra Karelen
08420,Varppeen koulu,11,Peruskoulut,0,2025,60.879779,21.705306,400,Laitila,Laitila,024,Vakka-Suomi,Nystadsregionen,02,Varsinais-Suomi,Egentliga Finland
03053,Vartiokylän ala-asteen koulu,11,Peruskoulut,0,2025,60.214887,25.103282,091,Helsinki,Helsingfors,011,Helsinki,Helsingfors,01,Uusimaa,Nyland
03099,Vartiokylän yläasteen koulu,11,Peruskoulut,0,2025,60.213833,25.099317,091,Helsinki,Helsingfors,011,Helsinki,Helsingfors,01,Uusimaa,Nyland
00583,Vasa gymnasium,15,Lukiot,0,2025,63.093176,21.61275,905,Vaasa,Vasa,152,Vaasa,Vasa,15,Pohjanmaa,Österbotten
00489,Vasa svenska aftonläroverk,15,Lukiot,0,2025,63.093176,21.61275,905,Vaasa,Vasa,152,Vaasa,Vasa,15,Pohjanmaa,Österbotten
00898,Vasa övningsskola,19,Perus- ja lukioasteen koulut,0,2025,63.09813,21.607699,905,Vaasa,Vasa,152,Vaasa,Vasa,15,Pohjanmaa,Österbotten
08296,Vasaraisten koulu,11,Peruskoulut,0,2025,61.088749,21.599673,684,Rauma,Raumo,041,Rauma,Raumo,04,Satakunta,Satakunta
08540,Vasaramäen koulu,11,Peruskoulut,0,2025,60.437738,22.300986,853,Turku,Åbo,023,Turku,Åbo,02,Varsinais-Suomi,Egentliga Finland
08380,Vaskion koulu,11,Peruskoulut,0,2025,60.48707,23.001787,734,Salo,Salo,022,Salo,Salo,02,Varsinais-Suomi,Egentliga Finland
07486,Vaskiveden koulu,11,Peruskoulut,0,2025,62.142148,23.660825,936,Virrat,Virdois,069,Ylä-Pirkanmaa,Övre Birkaland,06,Pirkanmaa,Birkaland
00327,Vaskivuoren lukio,15,Lukiot,0,2025,60.266348,24.850824,092,Vantaa,Vanda,011,Helsinki,Helsingfors,01,Uusimaa,Nyland
04895,Vatialan koulu,11,Peruskoulut,0,2025,61.47853,23.951609,211,Kangasala,Kangasala,064,Tampere,Tammerfors,06,Pirkanmaa,Birkaland
05167,Vattukylän koulu,11,Peruskoulut,0,2025,64.111304,25.417549,071,Haapavesi,Haapavesi,175,Haapavesi-Siikalatva,Haapavesi-Siikalatva,17,Pohjois-Pohjanmaa,Norra Österbotten
03880,Vattuniemen ala-aste,11,Peruskoulut,0,2025,60.153526,24.885637,091,Helsinki,Helsingfors,011,Helsinki,Helsingfors,01,Uusimaa,Nyland
08597,Vaunukankaan koulu,11,Peruskoulut,0,2025,60.406324,24.996008,858,Tuusula,Tusby,011,Helsinki,Helsingfors,01,Uusimaa,Nyland
07137,Vehkalahden koulu,11,Peruskoulut,0,2025,60.577425,27.150449,075,Hamina,Fredrikshamn,082,Kotka-Hamina,Kotka-Fredrikshamn,08,Kymenlaakso,Kymmenedalen
07128,Vehkataipaleen koulu,11,Peruskoulut,0,2025,61.151803,28.221599,831,Taipalsaari,Taipalsaari,091,Lappeenranta,Villmanstrand,09,Etelä-Karjala,Södra Karelen
08085,Vehkojan koulu,11,Peruskoulut,0,2025,60.609418,24.841162,106,Hyvinkää,Hyvinge,011,Helsinki,Helsingfors,01,Uusimaa,Nyland
05808,Vehmaan koulu,11,Peruskoulut,0,2025,60.683641,21.706645,918,Vehmaa,Vehmaa,024,Vakka-Suomi,Nystadsregionen,02,Varsinais-Suomi,Egentliga Finland
08703,Vehmaisten koulu,11,Peruskoulut,0,2025,61.47636,23.920262,837,Tampere,Tammerfors,064,Tampere,Tammerfors,06,Pirkanmaa,Birkaland
07555,Vehmasmäen koulu,11,Peruskoulut,0,2025,62.752635,27.561607,297,Kuopio,Kuopio,112,Kuopio,Kuopio,11,Pohjois-Savo,Norra Savolax
04750,Vehmersalmen koulu,11,Peruskoulut,0,2025,62.760715,28.026846,297,Kuopio,Kuopio,112,Kuopio,Kuopio,11,Pohjois-Savo,Norra Savolax
06122,Vehniän koulu,11,Peruskoulut,0,2025,62.440003,25.681614,410,Laukaa,Laukaa,131,Jyväskylä,Jyväskylä,13,Keski-Suomi,Mellersta Finland
06656,Veikko Vionojan koulu,11,Peruskoulut,0,2025,63.702907,23.893989,272,Kokkola,Karleby,162,Kokkola,Karleby,16,Keski-Pohjanmaa,Mellersta Österbotten
08626,Veikkolan koulu,11,Peruskoulut,0,2025,60.271004,24.44491,257,Kirkkonummi,Kyrkslätt,011,Helsinki,Helsingfors,01,Uusimaa,Nyland
04586,Velkuan koulu,11,Peruskoulut,0,2025,60.46613,21.66607,529,Naantali,Nådendal,023,Turku,Åbo,02,Varsinais-Suomi,Egentliga Finland
03756,Vendlaskolan,11,Peruskoulut,0,2025,60.37009,24.746574,543,Nurmijärvi,Nurmijärvi,011,Helsinki,Helsingfors,01,Uusimaa,Nyland
06783,Venesjärven koulu,11,Peruskoulut,0,2025,61.82064,22.193509,214,Kankaanpää,Kankaanpää,044,Pohjois-Satakunta,Norra Satakunta,04,Satakunta,Satakunta
03202,Veromäen koulu,11,Peruskoulut,0,2025,60.286101,24.962016,092,Vantaa,Vanda,011,Helsinki,Helsingfors,01,Uusimaa,Nyland
03100,Vesalan peruskoulu,11,Peruskoulut,0,2025,60.242414,25.077608,091,Helsinki,Helsingfors,011,Helsinki,Helsingfors,01,Uusimaa,Nyland
04992,Vesangan päiväkotikoulu,11,Peruskoulut,0,2025,62.270285,25.57329,179,Jyväskylä,Jyväskylä,131,Jyväskylä,Jyväskylä,13,Keski-Suomi,Mellersta Finland
00919,Vesannon yhtenäisk. lukio,15,Lukiot,0,2025,62.935047,26.407145,921,Vesanto,Vesanto,115,Sisä-Savo,Inre Savolax,11,Pohjois-Savo,Norra Savolax
07283,Vesannon yhtenäiskoulu,11,Peruskoulut,0,2025,62.935047,26.407145,921,Vesanto,Vesanto,115,Sisä-Savo,Inre Savolax,11,Pohjois-Savo,Norra Savolax
08635,Vesilahden yhtenäiskoulu,11,Peruskoulut,0,2025,61.301031,23.626408,922,Vesilahti,Vesilahti,064,Tampere,Tammerfors,06,Pirkanmaa,Birkaland
07356,Vesivehmaan koulu,11,Peruskoulut,0,2025,61.129732,25.660664,016,Asikkala,Asikkala,071,Lahti,Lahtis,07,Päijät-Häme,Päijänne-Tavastland
03824,Vetelin keskuskoulu,11,Peruskoulut,0,2025,63.472671,23.791987,924,Veteli,Vetil,161,Kaustinen,Kaustby,16,Keski-Pohjanmaa,Mellersta Österbotten
00621,Vetelin lukio,15,Lukiot,0,2025,63.472671,23.791987,924,Veteli,Vetil,161,Kaustinen,Kaustby,16,Keski-Pohjanmaa,Mellersta Österbotten
05890,Vetelin yläkoulu,11,Peruskoulut,0,2025,63.472671,23.791987,924,Veteli,Vetil,161,Kaustinen,Kaustby,16,Keski-Pohjanmaa,Mellersta Österbotten
03712,Vichtis svenska skola,11,Peruskoulut,0,2025,60.333587,24.311251,927,Vihti,Vichtis,011,Helsinki,Helsingfors,01,Uusimaa,Nyland
05993,Vieremän Eteläinen koulu,11,Peruskoulut,0,2025,63.729152,27.037947,925,Vieremä,Vieremä,111,Ylä-Savo,Norra Savolax,11,Pohjois-Savo,Norra Savolax
05989,Vieremän Itäinen koulu,11,Peruskoulut,0,2025,63.781502,27.229096,925,Vieremä,Vieremä,111,Ylä-Savo,Norra Savolax,11,Pohjois-Savo,Norra Savolax
05991,Vieremän Pohjoinen koulu,11,Peruskoulut,0,2025,63.801107,26.933272,925,Vieremä,Vieremä,111,Ylä-Savo,Norra Savolax,11,Pohjois-Savo,Norra Savolax
08190,Vieremän koulu,11,Peruskoulut,0,2025,60.83553,23.58155,061,Forssa,Forssa,053,Forssa,Forssa,05,Kanta-Häme,Egentliga Tavastland
00488,Vieremän lukio,15,Lukiot,0,2025,63.740528,27.004902,925,Vieremä,Vieremä,111,Ylä-Savo,Norra Savolax,11,Pohjois-Savo,Norra Savolax
03203,Viertolan koulu,11,Peruskoulut,0,2025,60.292018,25.021303,092,Vantaa,Vanda,011,Helsinki,Helsingfors,01,Uusimaa,Nyland
03204,Vierumäen koulu,11,Peruskoulut,0,2025,60.356411,25.055726,092,Vantaa,Vanda,011,Helsinki,Helsingfors,01,Uusimaa,Nyland
06499,Vihannin yhtenäiskoulu,11,Peruskoulut,0,2025,64.478196,24.994107,678,Raahe,Brahestad,174,Raahe,Brahestad,17,Pohjois-Pohjanmaa,Norra Österbotten
00536,Vihdin lukio,15,Lukiot,0,2025,60.338254,24.312371,927,Vihti,Vichtis,011,Helsinki,Helsingfors,01,Uusimaa,Nyland
08605,Vihdin yhteiskoulu,11,Peruskoulut,0,2025,60.41578,24.320198,927,Vihti,Vichtis,011,Helsinki,Helsingfors,01,Uusimaa,Nyland
03168,Viherlaakson koulu,11,Peruskoulut,0,2025,60.22816,24.739731,235,Kauniainen,Grankulla,011,Helsinki,Helsingfors,01,Uusimaa,Nyland
00903,Viherlaakson lukio,15,Lukiot,0,2025,60.22816,24.739731,235,Kauniainen,Grankulla,011,Helsinki,Helsingfors,01,Uusimaa,Nyland
03632,Vihtavuoren koulu,11,Peruskoulut,0,2025,62.370732,25.900304,410,Laukaa,Laukaa,131,Jyväskylä,Jyväskylä,13,Keski-Suomi,Mellersta Finland
06785,Vihteljärven koulu,11,Peruskoulut,0,2025,61.75583,22.506943,214,Kankaanpää,Kankaanpää,044,Pohjois-Satakunta,Norra Satakunta,04,Satakunta,Satakunta
08619,Vihtijärven koulu,11,Peruskoulut,0,2025,60.524568,24.540158,927,Vihti,Vichtis,011,Helsinki,Helsingfors,01,Uusimaa,Nyland
08136,Viialan Yhtenäiskoulu,11,Peruskoulut,0,2025,61.212026,23.752495,020,Akaa,Akaa,063,Etelä-Pirkanmaa,Södra Birkaland,06,Pirkanmaa,Birkaland
07831,Viialan koulu,11,Peruskoulut,0,2025,60.756299,26.799723,286,Kouvola,Kouvola,081,Kouvola,Kouvola,08,Kymenlaakso,Kymmenedalen
08356,Viikkalan koulu,11,Peruskoulut,2,2025,61.373376,22.036717,531,Nakkila,Nakkila,043,Pori,Björneborg,04,Satakunta,Satakunta
06724,Viinijärven koulu,11,Peruskoulut,0,2025,62.645435,29.234092,426,Liperi,Liperi,122,Joensuu,Joensuu,12,Pohjois-Karjala,Norra Karelen
04230,Viirinkankaan koulu,11,Peruskoulut,0,2025,66.486419,25.684413,698,Rovaniemi,Rovaniemi,191,Rovaniemi,Rovaniemi,19,Lappi,Lappland
05126,Viitaniemen koulu,11,Peruskoulut,0,2025,62.25129,25.734593,179,Jyväskylä,Jyväskylä,131,Jyväskylä,Jyväskylä,13,Keski-Suomi,Mellersta Finland
00906,Viitasaaren lukio,15,Lukiot,0,2025,63.085221,25.851174,931,Viitasaari,Viitasaari,138,Saarijärvi-Viitasaari,Saarijärvi-Viitasaari,13,Keski-Suomi,Mellersta Finland
05887,Viitojan koulu,11,Peruskoulut,0,2025,63.805101,24.166408,849,Toholampi,Toholampi,161,Kaustinen,Kaustby,16,Keski-Pohjanmaa,Mellersta Österbotten
04269,Vikajärven koulu,11,Peruskoulut,0,2025,66.622909,26.196463,698,Rovaniemi,Rovaniemi,191,Rovaniemi,Rovaniemi,19,Lappi,Lappland
07766,Vikinga skola,11,Peruskoulut,0,2025,63.1158,21.608071,905,Vaasa,Vasa,152,Vaasa,Vasa,15,Pohjanmaa,Österbotten
06871,Vikingaåsens lågstadium,11,Peruskoulut,0,2025,60.15116,19.951041,170,Jomala,Jomala,212,Ålands landsbygd,Ålands landsbygd,21,Ahvenanmaa,Åland
06772,Viljakkalan yhtenäiskoulu,11,Peruskoulut,0,2025,61.700252,23.267525,980,Ylöjärvi,Ylöjärvi,064,Tampere,Tammerfors,06,Pirkanmaa,Birkaland
06750,Villa skola,11,Peruskoulut,0,2025,63.819724,23.163975,272,Kokkola,Karleby,162,Kokkola,Karleby,16,Keski-Pohjanmaa,Mellersta Österbotten
07653,Vilppulankosken koulu,11,Peruskoulut,0,2025,62.016357,24.494988,508,Mänttä-Vilppula,Mänttä-Vilppula,069,Ylä-Pirkanmaa,Övre Birkaland,06,Pirkanmaa,Birkaland
00907,Vimpelin lukio,15,Lukiot,0,2025,63.161656,23.807721,934,Vimpeli,Vimpeli,146,Järviseutu,Järviseutu,14,Etelä-Pohjanmaa,Södra Österbotten
05899,Vimpelin yhteiskoulu,11,Peruskoulut,0,2025,63.161656,23.807721,934,Vimpeli,Vimpeli,146,Järviseutu,Järviseutu,14,Etelä-Pohjanmaa,Södra Österbotten
03564,Vindängens skola,11,Peruskoulut,0,2025,60.170706,24.798883,049,Espoo,Esbo,011,Helsinki,Helsingfors,01,Uusimaa,Nyland
08178,Viralan koulu,11,Peruskoulut,0,2025,60.909681,24.515322,165,Janakkala,Janakkala,051,Hämeenlinna,Tavastehus,05,Kanta-Häme,Egentliga Tavastland
07837,Virenojan koulu,11,Peruskoulut,0,2025,60.851434,25.71536,560,Orimattila,Orimattila,071,Lahti,Lahtis,07,Päijät-Häme,Päijänne-Tavastland
00908,Virkby gymnasium,15,Lukiot,0,2025,60.186906,24.001495,444,Lohja,Lojo,011,Helsinki,Helsingfors,01,Uusimaa,Nyland
08792,Virkby skola,11,Peruskoulut,0,2025,60.189318,23.996493,444,Lohja,Lojo,011,Helsinki,Helsingfors,01,Uusimaa,Nyland
07403,Virojoen koulu,11,Peruskoulut,0,2025,60.580041,27.710158,935,Virolahti,Virolahti,082,Kotka-Hamina,Kotka-Fredrikshamn,08,Kymenlaakso,Kymmenedalen
00909,Virolahden lukio,15,Lukiot,0,2025,60.581847,27.708372,935,Virolahti,Virolahti,082,Kotka-Hamina,Kotka-Fredrikshamn,08,Kymenlaakso,Kymmenedalen
07396,Virolahden yläkoulu,11,Peruskoulut,0,2025,60.581847,27.708372,935,Virolahti,Virolahti,082,Kotka-Hamina,Kotka-Fredrikshamn,08,Kymenlaakso,Kymmenedalen
00910,Virtain lukio,15,Lukiot,0,2025,62.238405,23.765086,936,Virrat,Virdois,069,Ylä-Pirkanmaa,Övre Birkaland,06,Pirkanmaa,Birkaland
07477,Virtain yhtenäiskoulu,11,Peruskoulut,0,2025,62.239368,23.768238,936,Virrat,Virdois,069,Ylä-Pirkanmaa,Övre Birkaland,06,Pirkanmaa,Birkaland
06239,Virtasalmen koulu,11,Peruskoulut,0,2025,62.132547,27.456516,593,Pieksämäki,Pieksämäki,105,Pieksämäki,Pieksämäki,10,Etelä-Savo,Södra Savolax
08247,Vistan koulu,11,Peruskoulut,0,2025,60.45725,22.685881,577,Paimio,Pemar,023,Turku,Åbo,02,Varsinais-Suomi,Egentliga Finland
07498,Visuveden koulu,11,Peruskoulut,0,2025,62.121859,23.922912,702,Ruovesi,Ruovesi,069,Ylä-Pirkanmaa,Övre Birkaland,06,Pirkanmaa,Birkaland
07391,Voikkaan koulu,11,Peruskoulut,0,2025,60.944097,26.614789,286,Kouvola,Kouvola,081,Kouvola,Kouvola,08,Kymenlaakso,Kymmenedalen
07110,Voisalmen koulu,11,Peruskoulut,0,2025,61.081152,28.149504,405,Lappeenranta,Villmanstrand,091,Lappeenranta,Villmanstrand,09,Etelä-Karjala,Södra Karelen
05560,Voltin koulu,11,Peruskoulut,0,2025,63.279174,22.8129,233,Kauhava,Kauhava,142,Seinäjoki,Seinäjoki,14,Etelä-Pohjanmaa,Södra Österbotten
07546,Von Wrightin koulu,11,Peruskoulut,0,2025,62.895758,27.424057,297,Kuopio,Kuopio,112,Kuopio,Kuopio,11,Pohjois-Savo,Norra Savolax
06176,Vuojalahden koulu,11,Peruskoulut,0,2025,61.965535,26.798995,213,Kangasniemi,Kangasniemi,101,Mikkeli,S:t Michel,10,Etelä-Savo,Södra Savolax
05044,Vuokatin koulu,11,Peruskoulut,0,2025,64.145019,28.26642,765,Sotkamo,Sotkamo,182,Kajaani,Kajana,18,Kainuu,Kajanaland
07451,Vuoksenniskan koulukeskus,11,Peruskoulut,0,2025,61.227922,28.837039,153,Imatra,Imatra,093,Imatra,Imatra,09,Etelä-Karjala,Södra Karelen
07416,Vuolenkosken koulu,11,Peruskoulut,0,2025,61.084673,26.14775,142,Iitti,Iitti,071,Lahti,Lahtis,07,Päijät-Häme,Päijänne-Tavastland
05271,Vuolijoen koulu,11,Peruskoulut,0,2025,64.18347,26.995225,205,Kajaani,Kajana,182,Kajaani,Kajana,18,Kainuu,Kajanaland
03101,Vuoniityn peruskoulu,11,Peruskoulut,0,2025,60.215072,25.13856,091,Helsinki,Helsingfors,011,Helsinki,Helsingfors,01,Uusimaa,Nyland
03832,Vuoreksen koulu,11,Peruskoulut,0,2025,61.431089,23.816453,837,Tampere,Tammerfors,064,Tampere,Tammerfors,06,Pirkanmaa,Birkaland
03298,Vuorelan koulu,12,Peruskouluasteen erityiskoulut,0,2025,60.346514,24.269343,927,Vihti,Vichtis,011,Helsinki,Helsingfors,01,Uusimaa,Nyland
08924,Vuorelan koulu,11,Peruskoulut,0,2025,62.980429,27.696823,749,Siilinjärvi,Siilinjärvi,112,Kuopio,Kuopio,11,Pohjois-Savo,Norra Savolax
03815,Vuorenmäen koulu,11,Peruskoulut,0,2025,60.269124,24.438727,257,Kirkkonummi,Kyrkslätt,011,Helsinki,Helsingfors,01,Uusimaa,Nyland
07261,Vuorenmäen koulu,11,Peruskoulut,0,2025,60.761144,26.069742,560,Orimattila,Orimattila,071,Lahti,Lahtis,07,Päijät-Häme,Päijänne-Tavastland
08827,Vuorentaan koulu,11,Peruskoulut,0,2025,61.002344,24.390412,109,Hämeenlinna,Tavastehus,051,Hämeenlinna,Tavastehus,05,Kanta-Häme,Egentliga Tavastland
03571,Vuorentaustan koulu,11,Peruskoulut,0,2025,61.540201,23.594047,980,Ylöjärvi,Ylöjärvi,064,Tampere,Tammerfors,06,Pirkanmaa,Birkaland
00915,Vuosaaren lukio,15,Lukiot,0,2025,60.207777,25.140958,091,Helsinki,Helsingfors,011,Helsinki,Helsingfors,01,Uusimaa,Nyland
04349,Vuotson koulu,11,Peruskoulut,0,2025,68.101396,27.120129,758,Sodankylä,Sodankylä,197,Pohjois-Lappi,Norra Lappland,19,Lappi,Lappland
08179,Vähikkälän koulu,11,Peruskoulut,0,2025,60.787572,24.529879,165,Janakkala,Janakkala,051,Hämeenlinna,Tavastehus,05,Kanta-Häme,Egentliga Tavastland
08578,Vähä-Heikkilän koulu,11,Peruskoulut,0,2025,60.433721,22.253723,853,Turku,Åbo,023,Turku,Åbo,02,Varsinais-Suomi,Egentliga Finland
04609,Vähäjärven koulu,11,Peruskoulut,0,2025,61.463143,23.644182,604,Pirkkala,Birkala,064,Tampere,Tammerfors,06,Pirkanmaa,Birkaland
06462,Vähäkankaan koulu,11,Peruskoulut,0,2025,64.067568,24.668559,977,Ylivieska,Ylivieska,177,Ylivieska,Ylivieska,17,Pohjois-Pohjanmaa,Norra Österbotten
05802,Vähärauman koulu,11,Peruskoulut,0,2025,61.484753,21.720931,609,Pori,Björneborg,043,Pori,Björneborg,04,Satakunta,Satakunta
00875,Väinö Linnan lukio,15,Lukiot,0,2025,61.079504,23.560384,887,Urjala,Urjala,063,Etelä-Pirkanmaa,Södra Birkaland,06,Pirkanmaa,Birkaland
05803,Väinölän koulu,11,Peruskoulut,0,2025,61.468246,21.864263,886,Ulvila,Ulvsby,043,Pori,Björneborg,04,Satakunta,Satakunta
06583,Välikylän koulu,11,Peruskoulut,0,2025,63.950493,24.755975,535,Nivala,Nivala,176,Nivala-Haapajärvi,Nivala-Haapajärvi,17,Pohjois-Pohjanmaa,Norra Österbotten
06476,Väliojan koulu,11,Peruskoulut,1,2025,63.748983,25.462699,069,Haapajärvi,Haapajärvi,176,Nivala-Haapajärvi,Nivala-Haapajärvi,17,Pohjois-Pohjanmaa,Norra Österbotten
04683,Västanfjärds skola,11,Peruskoulut,0,2025,60.07429,22.617984,322,Kemiönsaari,Kimitoön,021,Åboland-Turunmaa,Åboland-Turunmaa,02,Varsinais-Suomi,Egentliga Finland
08780,Västankvarns skola,11,Peruskoulut,0,2025,60.076673,23.889035,149,Inkoo,Ingå,014,Raasepori,Raseborg,01,Uusimaa,Nyland
08785,Västerby skola,11,Peruskoulut,2,2025,59.984557,23.398371,710,Raasepori,Raseborg,014,Raasepori,Raseborg,01,Uusimaa,Nyland
07066,Västilän koulu,11,Peruskoulut,0,2025,62.699522,22.451094,145,Ilmajoki,Ilmajoki,142,Seinäjoki,Seinäjoki,14,Etelä-Pohjanmaa,Södra Österbotten
07862,Västra Närpes skola,11,Peruskoulut,0,2025,62.603375,21.218791,545,Närpiö,Närpes,153,Sydösterbotten,Sydösterbotten,15,Pohjanmaa,Österbotten
07350,Vääksyn Yhteiskoulu,19,Perus- ja lukioasteen koulut,0,2025,61.177898,25.520302,016,Asikkala,Asikkala,071,Lahti,Lahtis,07,Päijät-Häme,Päijänne-Tavastland
08909,Vårberga skola,11,Peruskoulut,0,2025,60.387952,25.699623,638,Porvoo,Borgå,015,Porvoo,Borgå,01,Uusimaa,Nyland
06889,Vårdö lågstadium,11,Peruskoulut,0,2025,60.244259,20.376124,941,Vårdö,Vårdö,213,Ålands skärgård,Ålands skärgård,21,Ahvenanmaa,Åland
00917,Vörå samgymnasium,15,Lukiot,0,2025,63.153413,22.27014,946,Vöyri,Vörå,152,Vaasa,Vasa,15,Pohjanmaa,Österbotten
03826,Waldorfskolan på Åland,11,Peruskoulut,6,2025,60.119748,19.943226,478,Maarianhamina,Mariehamn,211,Mariehamns stad,Mariehamns stad,21,Ahvenanmaa,Åland
03857,Waltterin koulu,11,Peruskoulut,0,2025,62.322234,27.857953,915,Varkaus,Varkaus,114,Varkaus,Varkaus,11,Pohjois-Savo,Norra Savolax
03141,Westendinpuiston koulu,11,Peruskoulut,0,2025,60.210449,24.797573,049,Espoo,Esbo,011,Helsinki,Helsingfors,01,Uusimaa,Nyland
08752,Winellska skolan,11,Peruskoulut,0,2025,60.131091,24.44194,257,Kirkkonummi,Kyrkslätt,011,Helsinki,Helsingfors,01,Uusimaa,Nyland
08828,Wintterin koulu,11,Peruskoulut,0,2025,60.806046,21.405306,895,Uusikaupunki,Nystad,024,Vakka-Suomi,Nystadsregionen,02,Varsinais-Suomi,Egentliga Finland
08662,Wivi Lönnin koulu,11,Peruskoulut,0,2025,61.494145,23.751753,837,Tampere,Tammerfors,064,Tampere,Tammerfors,06,Pirkanmaa,Birkaland
08579,Wäinö Aaltosen koulu,11,Peruskoulut,0,2025,60.411927,22.225097,853,Turku,Åbo,023,Turku,Åbo,02,Varsinais-Suomi,Egentliga Finland
08741,Yhtenäiskoulu Harmonia,11,Peruskoulut,0,2025,60.809762,23.756613,834,Tammela,Tammela,053,Forssa,Forssa,05,Kanta-Häme,Egentliga Tavastland
05858,Ykspihlajan koulu,11,Peruskoulut,0,2025,63.833137,23.046281,272,Kokkola,Karleby,162,Kokkola,Karleby,16,Keski-Pohjanmaa,Mellersta Österbotten
06586,Yli-Iin koulu,11,Peruskoulut,0,2025,65.368293,25.818582,564,Oulu,Uleåborg,171,Oulu,Uleåborg,17,Pohjois-Pohjanmaa,Norra Österbotten
08562,Yli-Maarian koulu,11,Peruskoulut,0,2025,60.54295,22.320856,853,Turku,Åbo,023,Turku,Åbo,02,Varsinais-Suomi,Egentliga Finland
05399,Ylihärmän yhtenäiskoulu,11,Peruskoulut,0,2025,63.143955,22.797341,233,Kauhava,Kauhava,142,Seinäjoki,Seinäjoki,14,Etelä-Pohjanmaa,Södra Österbotten
05551,Ylijoen koulu,11,Peruskoulut,0,2025,62.70513,23.535536,300,Kuortane,Kuortane,144,Kuusiokunnat,Kuusiokunnat,14,Etelä-Pohjanmaa,Södra Österbotten
06437,Ylikiimingin koulu,11,Peruskoulut,0,2025,65.029809,26.151519,564,Oulu,Uleåborg,171,Oulu,Uleåborg,17,Pohjois-Pohjanmaa,Norra Österbotten
06279,Ylikylän koulu,11,Peruskoulut,0,2025,64.898277,25.546606,244,Kempele,Kempele,171,Oulu,Uleåborg,17,Pohjois-Pohjanmaa,Norra Österbotten
04271,Ylikylän peruskoulu,11,Peruskoulut,0,2025,66.528059,25.686354,698,Rovaniemi,Rovaniemi,191,Rovaniemi,Rovaniemi,19,Lappi,Lappland
05891,Ylipään koulu,11,Peruskoulut,0,2025,63.320903,23.898033,924,Veteli,Vetil,161,Kaustinen,Kaustby,16,Keski-Pohjanmaa,Mellersta Österbotten
04653,Yliskulman koulu,11,Peruskoulut,0,2025,60.539171,22.593681,423,Lieto,Lundo,023,Turku,Åbo,02,Varsinais-Suomi,Egentliga Finland
00945,Ylistaron lukio,15,Lukiot,0,2025,62.948153,22.528408,743,Seinäjoki,Seinäjoki,142,Seinäjoki,Seinäjoki,14,Etelä-Pohjanmaa,Södra Österbotten
06947,Ylistaron yläkoulu,11,Peruskoulut,0,2025,62.948153,22.528408,743,Seinäjoki,Seinäjoki,142,Seinäjoki,Seinäjoki,14,Etelä-Pohjanmaa,Södra Österbotten
04397,Ylitornion peruskoulu,11,Peruskoulut,0,2025,66.317286,23.671011,976,Ylitornio,Övertorneå,193,Torniolaakso,Tornedalen,19,Lappi,Lappland
00946,Ylitornion yhteiskoulun lukio,15,Lukiot,0,2025,66.317286,23.671011,976,Ylitornio,Övertorneå,193,Torniolaakso,Tornedalen,19,Lappi,Lappland
00947,Ylivieskan lukio,15,Lukiot,0,2025,64.078715,24.532216,977,Ylivieska,Ylivieska,177,Ylivieska,Ylivieska,17,Pohjois-Pohjanmaa,Norra Österbotten
03862,Ylläsjärven koulu,11,Peruskoulut,0,2025,67.523295,24.291062,273,Kolari,Kolari,196,Tunturi-Lappi,Tunturi-Lappi,19,Lappi,Lappland
04267,Yläkemijoen koulu,11,Peruskoulut,0,2025,66.375162,26.694826,698,Rovaniemi,Rovaniemi,191,Rovaniemi,Rovaniemi,19,Lappi,Lappland
07122,Ylämaan koulu,11,Peruskoulut,0,2025,60.792463,28.006101,405,Lappeenranta,Villmanstrand,091,Lappeenranta,Villmanstrand,09,Etelä-Karjala,Södra Karelen
06725,Ylämyllyn koulu,11,Peruskoulut,0,2025,62.619958,29.553601,426,Liperi,Liperi,122,Joensuu,Joensuu,12,Pohjois-Karjala,Norra Karelen
08640,Ylämäen koulu,11,Peruskoulut,0,2025,61.259825,23.677851,922,Vesilahti,Vesilahti,064,Tampere,Tammerfors,06,Pirkanmaa,Birkaland
08331,Yläneen yhtenäiskoulu,11,Peruskoulut,0,2025,60.879789,22.41648,636,Pöytyä,Pöytyä,025,Loimaa,Loimaa,02,Varsinais-Suomi,Egentliga Finland
03779,Ylästön koulu,11,Peruskoulut,0,2025,60.281749,24.909705,092,Vantaa,Vanda,011,Helsinki,Helsingfors,01,Uusimaa,Nyland
00948,Ylöjärven lukio,15,Lukiot,0,2025,61.554238,23.587233,980,Ylöjärvi,Ylöjärvi,064,Tampere,Tammerfors,06,Pirkanmaa,Birkaland
03742,Ymmerstan koulu,11,Peruskoulut,0,2025,60.204829,24.71127,235,Kauniainen,Grankulla,011,Helsinki,Helsingfors,01,Uusimaa,Nyland
06483,Yppärin koulu,11,Peruskoulut,0,2025,64.40572,24.097043,625,Pyhäjoki,Pyhäjoki,174,Raahe,Brahestad,17,Pohjois-Pohjanmaa,Norra Österbotten
05628,Ytteresse skola,11,Peruskoulut,0,2025,63.623955,22.990832,599,Pedersören kunta,Pedersöre,154,Jakobstadsregionen,Jakobstadsregionen,15,Pohjanmaa,Österbotten
07930,Yttermalax skola,11,Peruskoulut,0,2025,62.938615,21.570151,475,Maalahti,Malax,152,Vaasa,Vasa,15,Pohjanmaa,Österbotten
07863,Yttermark skola,11,Peruskoulut,0,2025,62.536046,21.386544,545,Närpiö,Närpes,153,Sydösterbotten,Sydösterbotten,15,Pohjanmaa,Österbotten
06882,Ytternäs lågstadium,11,Peruskoulut,0,2025,60.086258,19.946421,478,Maarianhamina,Mariehamn,211,Mariehamns stad,Mariehamns stad,21,Ahvenanmaa,Åland
03340,Zacharias Topeliusskolan,11,Peruskoulut,0,2025,60.1877,24.912658,091,Helsinki,Helsingfors,011,Helsinki,Helsingfors,01,Uusimaa,Nyland
05610,Zachariasskolan,11,Peruskoulut,0,2025,63.526856,22.524558,893,Uusikaarlepyy,Nykarleby,154,Jakobstadsregionen,Jakobstadsregionen,15,Pohjanmaa,Österbotten
04195,Äetsän koulu,11,Peruskoulut,0,2025,61.316219,22.774156,790,Sastamala,Sastamala,068,Lounais-Pirkanmaa,Sydvästra Birkaland,06,Pirkanmaa,Birkaland
00973,Ähtärin lukio,15,Lukiot,0,2025,62.553616,24.072661,989,Ähtäri,Etseri,144,Kuusiokunnat,Kuusiokunnat,14,Etelä-Pohjanmaa,Södra Österbotten
06124,Äijälän koulu,11,Peruskoulut,2,2025,62.522822,26.055195,410,Laukaa,Laukaa,131,Jyväskylä,Jyväskylä,13,Keski-Suomi,Mellersta Finland
04141,Äkäslompolon koulu,11,Peruskoulut,0,2025,67.610962,24.13608,273,Kolari,Kolari,196,Tunturi-Lappi,Tunturi-Lappi,19,Lappi,Lappland
07567,Äystön koulu,11,Peruskoulut,0,2025,62.481854,21.933184,846,Teuva,Östermark,141,Suupohja,Suupohja,14,Etelä-Pohjanmaa,Södra Österbotten
00974,Äänekosken lukio,15,Lukiot,0,2025,62.599656,25.723981,992,Äänekoski,Äänekoski,135,Äänekoski,Äänekoski,13,Keski-Suomi,Mellersta Finland
06754,Ådalens skola,11,Peruskoulut,0,2025,63.729409,23.03368,288,Kruunupyy,Kronoby,154,Jakobstadsregionen,Jakobstadsregionen,15,Pohjanmaa,Österbotten
00962,Ålands lyceum,15,Lukiot,0,2025,60.099868,19.934178,478,Maarianhamina,Mariehamn,211,Mariehamns stad,Mariehamns stad,21,Ahvenanmaa,Åland
03108,Åshöjdens grundskola,11,Peruskoulut,0,2025,60.189232,24.945154,091,Helsinki,Helsingfors,011,Helsinki,Helsingfors,01,Uusimaa,Nyland
06885,Ödkarby Skola,11,Peruskoulut,0,2025,60.302578,19.992527,736,Saltvik,Saltvik,212,Ålands landsbygd,Ålands landsbygd,21,Ahvenanmaa,Åland
06747,Öja skola,11,Peruskoulut,0,2025,63.836466,22.9036,272,Kokkola,Karleby,162,Kokkola,Karleby,16,Keski-Pohjanmaa,Mellersta Österbotten
05435,Östensö skola,11,Peruskoulut,2,2025,63.616638,22.799759,599,Pedersören kunta,Pedersöre,154,Jakobstadsregionen,Jakobstadsregionen,15,Pohjanmaa,Österbotten
08786,Österby skola,11,Peruskoulut,0,2025,59.992161,23.428816,710,Raasepori,Raseborg,014,Raasepori,Raseborg,01,Uusimaa,Nyland
05676,Östersundom skola,11,Peruskoulut,0,2025,60.261734,25.211359,091,Helsinki,Helsingfors,011,Helsinki,Helsingfors,01,Uusimaa,Nyland
05654,Överesse skola,11,Peruskoulut,0,2025,63.596829,23.04098,599,Pedersören kunta,Pedersöre,154,Jakobstadsregionen,Jakobstadsregionen,15,Pohjanmaa,Österbotten
07931,Övermalax skola,11,Peruskoulut,0,2025,62.918805,21.625862,475,Maalahti,Malax,152,Vaasa,Vasa,15,Pohjanmaa,Österbotten
07864,Övermark skola,11,Peruskoulut,0,2025,62.614413,21.474928,545,Närpiö,Närpes,153,Sydösterbotten,Sydösterbotten,15,Pohjanmaa,Österbotten
06880,Övernäs skola,11,Peruskoulut,0,2025,60.100281,19.931422,478,Maarianhamina,Mariehamn,211,Mariehamns stad,Mariehamns stad,21,Ahvenanmaa,Åland
