nom_ar,nom_en,muhafaza_ar,muhafaza_en,wilaya_ar,wilaya_en,type
فاطمه بنت حزام (ام البنين) للتعليم الاساسى الصفوف(1-10),Fatima bent Hozam,محافظة الداخلية,Ad Dakhiliyah,أدم,,حكومية / Public
ادم للتعليم الاساسى للبنين الصفوف (5- 10),adam,محافظة الداخلية,Ad Dakhiliyah,أدم,,حكومية / Public
البشائــر للتعليم الاساسى الصفوف (1-10),al basheer,محافظة الداخلية,Ad Dakhiliyah,أدم,,حكومية / Public
الغيظرانه للتعليم الاساسى الصفوف (1-12),al gaidhranah,محافظة الداخلية,Ad Dakhiliyah,أدم,,حكومية / Public
المورد للتعليم الاساسى الصفوف (1-4),al maered,محافظة الداخلية,Ad Dakhiliyah,أدم,,حكومية / Public
النجباء للتعليم الاساسى الصفوف (1-4),al nagbaa,محافظة الداخلية,Ad Dakhiliyah,أدم,,حكومية / Public
الشيماء للبنات الصفوف (11-12),al shaimaa,محافظة الداخلية,Ad Dakhiliyah,أدم,,حكومية / Public
الزاهيه للتعليم الاساسى الصفوف (1-12),al zahia,محافظة الداخلية,Ad Dakhiliyah,أدم,,حكومية / Public
اسامه بن زيد للتعليم الاساسى للبنين الصفوف (10-12),ausama bin zaid,محافظة الداخلية,Ad Dakhiliyah,أدم,,حكومية / Public
قرن العلــم للتعليم الاساسى الصفوف (1-12),qarn al alam,محافظة الداخلية,Ad Dakhiliyah,أدم,,حكومية / Public
راس الجبـــــل للتعليم الاساسى الصفوف (1-12),raas al jabal,محافظة الداخلية,Ad Dakhiliyah,أدم,,حكومية / Public
صفيــه ام المؤمنيــن للتعليم الاساسى للبنات الصفوف (5-10),safya umm al muamnin,محافظة الداخلية,Ad Dakhiliyah,أدم,,حكومية / Public
وادى حلفين للتعليم الاساسى الصفوف (1-10),wadi helfen,محافظة الداخلية,Ad Dakhiliyah,أدم,,حكومية / Public
مدرسة الغصون الخضراء الخاصة,Al Ghoson Al Khadra Private School,محافظة الداخلية,Ad Dakhiliyah,ازكـي,Izki,خاصة / Private
مدرسة ألوان التميز الخاصة,Alwan Al-Tamayuz Private School,محافظة الداخلية,Ad Dakhiliyah,ازكـي,Izki,خاصة / Private
الشيخ شامس بن حسن العامرى للتعليم الاساسى للبنين الصفوف(10-12),Sheikh Shams Bin Hassan Al-Amiri,محافظة الداخلية,Ad Dakhiliyah,ازكـي,,حكومية / Public
مدرسة الطالب الذكي الخاصة - فرع أزكي,Smart Student Private School - Izki Branch,محافظة الداخلية,Ad Dakhiliyah,ازكـي,Izki,خاصة / Private
الطوق للتعليم الاساسى الصفوف(1-9),TOWQ basic eduction,محافظة الداخلية,Ad Dakhiliyah,ازكـي,,حكومية / Public
الاجيال السعيده للتعليم الاساسى الصفوف (1-4),al ajyal al saeda,محافظة الداخلية,Ad Dakhiliyah,ازكـي,,حكومية / Public
الازهر بن محمد الازكوى للتعليم الاساسى للبنين الصفوف (5-9),al azhar bin mohammed al azkawi,محافظة الداخلية,Ad Dakhiliyah,ازكـي,,حكومية / Public
البوارق للتعليم الاساسى الصفوف (1-4),al bawareq,محافظة الداخلية,Ad Dakhiliyah,ازكـي,,حكومية / Public
الفضل بن الحوارى للتعليم الاساسى للبنين الصفوف (5-10),al fadhil bin al hawari,محافظة الداخلية,Ad Dakhiliyah,ازكـي,,حكومية / Public
المواهب للتعليم الاساسى الصفوف (1-4),al mawaheb,محافظة الداخلية,Ad Dakhiliyah,ازكـي,,حكومية / Public
القلعـــــه للتعليم الاساسى للبنات الصفوف (5-12),al qalaaa,محافظة الداخلية,Ad Dakhiliyah,ازكـي,,حكومية / Public
القريتيـــن للتعليم الاساسى الصفوف (1- 9),al qaryatain,محافظة الداخلية,Ad Dakhiliyah,ازكـي,,حكومية / Public
الثريا للتعليم الاساسى الصفوف(1-4),alththaria,محافظة الداخلية,Ad Dakhiliyah,ازكـي,,حكومية / Public
عمر بن الخطـــاب للتعليم الاساسى للبنين الصفوف (10-12),aoman bin al katab,محافظة الداخلية,Ad Dakhiliyah,ازكـي,,حكومية / Public
اوس بن ثابت للتعليم الاساسي للبنين الصفوف (5-12),aous bin thbit,محافظة الداخلية,Ad Dakhiliyah,ازكـي,,حكومية / Public
امطــــى للتعليم الاساسى للبنات الصفوف (5- 9),emte,محافظة الداخلية,Ad Dakhiliyah,ازكـي,,حكومية / Public
ازكى للتعليم الاساسى الصفوف (1-4),izki,محافظة الداخلية,Ad Dakhiliyah,ازكـي,,حكومية / Public
كواكب المعرفه للتعليم الاساسى الصفوف (1-4) مسائى,kawakib almaerifih,محافظة الداخلية,Ad Dakhiliyah,ازكـي,,حكومية / Public
لبـــيد بن ربيعه للتعليم الاساسى للبنين الصفوف (5 - 9),loubayd bin rabeaa,محافظة الداخلية,Ad Dakhiliyah,ازكـي,,حكومية / Public
محمد بن جعفر الازكــوى للتعليم الاساسى للبنين الصفوف (5 - 10),mohammed bin jaafar al azkawi,محافظة الداخلية,Ad Dakhiliyah,ازكـي,,حكومية / Public
مرتفعات ازكى للتعليم الاساسى للبنين الصفوف(5- 9),motfaat izki,محافظة الداخلية,Ad Dakhiliyah,ازكـي,,حكومية / Public
مدرعات سلطان عمان للتعليم الاساسى الصفوف (1-10),mudaraat sultan oman,محافظة الداخلية,Ad Dakhiliyah,ازكـي,,حكومية / Public
سيما ومقــزح للتعليم الاساسى للبنات الصفوف (5-12),saema & muqazah,محافظة الداخلية,Ad Dakhiliyah,ازكـي,,حكومية / Public
صرح المعرفه للتعليم الاساسى الصفوف (1-4),sarh al maarefa,محافظة الداخلية,Ad Dakhiliyah,ازكـي,,حكومية / Public
أم الخيــــر للتعليم الأساسي للبنات الصفوف (10-12),umm al kaier,محافظة الداخلية,Ad Dakhiliyah,ازكـي,,حكومية / Public
ام ايمـــن للتعليم الاساسى للبنات الصفوف (5 - 10),umm ayman,محافظة الداخلية,Ad Dakhiliyah,ازكـي,,حكومية / Public
مدرسة الشعاع الخاصة,مدرسة الشعاع الخاصة,محافظة الداخلية,Ad Dakhiliyah,ازكـي,Izki,خاصة / Private
مدرسة النهضة المتجددة الخاصة للتعليم المبكر,مدرسة النهضة المتجددة الخاصة للتعليم المبكر,محافظة الداخلية,Ad Dakhiliyah,ازكـي,Izki,خاصة / Private
ابو زيد الريامى للتعليم الاساسى للبنين الصفوف (5-12),abo zaid al reyami,محافظة الداخلية,Ad Dakhiliyah,الجبل الأخضر,,حكومية / Public
الغليـل للتعليم الاساسى الصفوف (1-10),al galil,محافظة الداخلية,Ad Dakhiliyah,الجبل الأخضر,,حكومية / Public
الجبل الاخضـر للتعليم الاساسى للبنات الصفوف (5-12),al jabal al akadhr,محافظة الداخلية,Ad Dakhiliyah,الجبل الأخضر,,حكومية / Public
الامام محمد بن ابى غسان الخروصى للتعليم الاساسى للبنين الصفوف (5-9)-مسائى,eemam mohamd bin abe,محافظة الداخلية,Ad Dakhiliyah,الجبل الأخضر,,حكومية / Public
ربوع الجبل للتعليم الاساسى الصفوف (1-4),robooa al jabal,محافظة الداخلية,Ad Dakhiliyah,الجبل الأخضر,,حكومية / Public
ابى سعيد الكدمى للبنين الصفوف (11- 12),Abi Saeid AL-Kadami,محافظة الداخلية,Ad Dakhiliyah,الحـمراء,,حكومية / Public
جبل شمس للتعليم الاساسى الصفوف (1- 10),Jebel Shams,محافظة الداخلية,Ad Dakhiliyah,الحـمراء,,حكومية / Public
الأبرار للتعليم الأساسي الصفوف (1- 4),al abrar,محافظة الداخلية,Ad Dakhiliyah,الحـمراء,,حكومية / Public
الحمراء للتعليم الأساسي الصفوف (1- 4),al hamraa,محافظة الداخلية,Ad Dakhiliyah,الحـمراء,,حكومية / Public
الشيخ ابراهيم بن سعيد العبرى للتعليم الاساسى للبنين الصفوف (5- 10),al sheik ebrahim bin saed al abri,محافظة الداخلية,Ad Dakhiliyah,الحـمراء,,حكومية / Public
الشيخ ماجد بن خميــس للتعليم الاساسى للبنين الصفوف (5- 10),al shik majed bin khmis,محافظة الداخلية,Ad Dakhiliyah,الحـمراء,,حكومية / Public
عائشه بنت محمد العبرى للتعليم الاساسى للبنات الصفوف (9 - 12),aysha bint mohammed al abri,محافظة الداخلية,Ad Dakhiliyah,الحـمراء,,حكومية / Public
فاطمه بنت الزبير للتعليم الاساسى الصفوف(1- 6),fatma bent zubair,محافظة الداخلية,Ad Dakhiliyah,الحـمراء,,حكومية / Public
فاطمه بنت الخطــاب للتعليم الاساسى للبنات الصفوف (5 -9),fatma bint al kataab,محافظة الداخلية,Ad Dakhiliyah,الحـمراء,,حكومية / Public
مسفــاه العبريين للتعليم الاساسى الصفوف (1- 8),mesfaat al aabryien,محافظة الداخلية,Ad Dakhiliyah,الحـمراء,,حكومية / Public
وادى غـــول للتعليم الاساسى الصفوف (1- 8),wadi gool,محافظة الداخلية,Ad Dakhiliyah,الحـمراء,,حكومية / Public
مدرسة الكرامة الخاصة,مدرسة الكرامة الخاصة,محافظة الداخلية,Ad Dakhiliyah,الحـمراء,Al Hamra,خاصة / Private
مدرسة جنائن الحمراء الخاصة,مدرسة جنائن الحمراء الخاصة,محافظة الداخلية,Ad Dakhiliyah,الحـمراء,Al Hamra,خاصة / Private
مدرسة الأجيال الخاصة,Al Ajial Private School,محافظة الداخلية,Ad Dakhiliyah,بـدبـد,Bidbid,خاصة / Private
شوامخ المجد للتعليم الاساسى الصفوف (1-4) مسائى,Shawamekh Al-Majd for Basic Education,محافظة الداخلية,Ad Dakhiliyah,بـدبـد,,حكومية / Public
الايثار للتعليم الاساسى الصفوف (1-4),al eetar,محافظة الداخلية,Ad Dakhiliyah,بـدبـد,,حكومية / Public
الخليل بن عبدالله للتعليم الاساسى للبنين الصفوف (10-12),al kalil bin abdullah,محافظة الداخلية,Ad Dakhiliyah,بـدبـد,,حكومية / Public
الشمائل للتعليم الاساسى الصفوف (1- 4),al shamaeel,محافظة الداخلية,Ad Dakhiliyah,بـدبـد,,حكومية / Public
فنجــاء للتعليم الاساسى للبنين الصفوف (5- 9),fanja,محافظة الداخلية,Ad Dakhiliyah,بـدبـد,,حكومية / Public
خالد بن الوليــد للتعليم الاساسى للبنين الصفوف (5-10),khalid bin al walid,محافظة الداخلية,Ad Dakhiliyah,بـدبـد,,حكومية / Public
منبر العلم للتعليم الاساسى الصفوف (1-4),manbar al aalam,محافظة الداخلية,Ad Dakhiliyah,بـدبـد,,حكومية / Public
ام قيس الاسديه للتعليم الاساسى للبنات الصفوف (10-12),new school in fanja,محافظة الداخلية,Ad Dakhiliyah,بـدبـد,,حكومية / Public
ولايه بدبــد للتعليم الاساسى للبنات الصفوف (5 - 9),welayt bidbid,محافظة الداخلية,Ad Dakhiliyah,بـدبـد,,حكومية / Public
زينب بنت قيـــس للتعليم الاساسى الصفوف (1-9),zainb bint qais,محافظة الداخلية,Ad Dakhiliyah,بـدبـد,,حكومية / Public
مدرسة دوحة المعرفة الخاصة,مدرسة دوحة المعرفة الخاصة,محافظة الداخلية,Ad Dakhiliyah,بـدبـد,Bidbid,خاصة / Private
مدرسة الغافات الخاصة,Al Ghafat Private School,محافظة الداخلية,Ad Dakhiliyah,بـهـلاء,Bahla,خاصة / Private
واحه بهلاء للتعليم الاساسى الصفوف (1-4) مسائى,"Bahla Oasis for basic education, grades (1-4)",محافظة الداخلية,Ad Dakhiliyah,بـهـلاء,,حكومية / Public
فيض الحكمه للتعليم الاساسى الصفوف (3-5) مسائى,"Fayd al-Hikma for basic education, grades (3-5)",محافظة الداخلية,Ad Dakhiliyah,بـهـلاء,,حكومية / Public
مدرسة نهر العطاء الخاصة,Nahar Alatta Private School,محافظة الداخلية,Ad Dakhiliyah,بـهـلاء,Bahla,خاصة / Private
عويفيه للتعليم الاساسى الصفوف (1- 12),aaeafiya,محافظة الداخلية,Ad Dakhiliyah,بـهـلاء,,حكومية / Public
عهد النهضة للتعليم الاساسى الصفوف (1- 4),aahed al nhath,محافظة الداخلية,Ad Dakhiliyah,بـهـلاء,,حكومية / Public
ابوالحسن البسيوى للتعليم الاساسى للبنين الصفوف (5- 12),abo al hasaan,محافظة الداخلية,Ad Dakhiliyah,بـهـلاء,,حكومية / Public
ابو المؤثــر للتعليم الاساسى للبنين الصفوف (5- 12),abu al muether,محافظة الداخلية,Ad Dakhiliyah,بـهـلاء,,حكومية / Public
ابوامامه الباهلى للتعليم الاساسى للبنين الصفوف (5- 12),abu umama al bahli,محافظة الداخلية,Ad Dakhiliyah,بـهـلاء,,حكومية / Public
الامام محمد بن اسماعيل الحاضرى للتعليم الاساسى للبنين الصفوف(5- 10),al emam mohammed bin esmaeel al hadhri,محافظة الداخلية,Ad Dakhiliyah,بـهـلاء,,حكومية / Public
الفتح المبين للتعليم الاساسى الصفوف (1- 4),al fateh al mubeen,محافظة الداخلية,Ad Dakhiliyah,بـهـلاء,,حكومية / Public
الحبـــى للتعليم الاساسى الصفوف (1- 2),al habi,محافظة الداخلية,Ad Dakhiliyah,بـهـلاء,,حكومية / Public
الحارث بن مالك للتعليم الاساسى للبنين الصفوف (7- 9),al hareth bin malek,محافظة الداخلية,Ad Dakhiliyah,بـهـلاء,,حكومية / Public
المعمــور للتعليم الاساسى للبنات الصفوف (6 - 10),al maamoor,محافظة الداخلية,Ad Dakhiliyah,بـهـلاء,,حكومية / Public
المعمـــوره للتعليم الاساسى  الصفوف (1- 10),al maamoora,محافظة الداخلية,Ad Dakhiliyah,بـهـلاء,,حكومية / Public
امنه بنت الارقم المخزوميه للتعليم الاساسى للبنات الصفوف (5- 10),al manh bent Arqam Almkzumip,محافظة الداخلية,Ad Dakhiliyah,بـهـلاء,,حكومية / Public
الشيخ ابن بركه السليمى للتعليم الاساسى للبنين الصفوف (5- 12),al shaik ebn barakha,محافظة الداخلية,Ad Dakhiliyah,بـهـلاء,,حكومية / Public
الشيخ محمد بن عمر المدادى للتعليم الاساسى للبنين الصفوف (5- 12),al shek mohammed bin omar,محافظة الداخلية,Ad Dakhiliyah,بـهـلاء,,حكومية / Public
الطموح للتعليم الأساسي الصفوف (1- 4),al tomooh,محافظة الداخلية,Ad Dakhiliyah,بـهـلاء,,حكومية / Public
الوادى الاعلـى للتعليم الاساسى الصفوف (1- 12),al wadi al aala,محافظة الداخلية,Ad Dakhiliyah,بـهـلاء,,حكومية / Public
عائشة الرياميــة للتعليم الأساسي للبنات الصفوف (10- 12),aysha al reyamiya,محافظة الداخلية,Ad Dakhiliyah,بـهـلاء,,حكومية / Public
عائشه بنت طلحــه للتعليم الاساسى للبنات الصفوف (5- 12),aysha bint talha,محافظة الداخلية,Ad Dakhiliyah,بـهـلاء,,حكومية / Public
بهــــلاء للتعليم الاساسى للبنين الصفوف (5- 10),bahla,محافظة الداخلية,Ad Dakhiliyah,بـهـلاء,,حكومية / Public
بسياء للتعليم الاساسى للبنات الصفوف (5- 12),basya,محافظة الداخلية,Ad Dakhiliyah,بـهـلاء,,حكومية / Public
بلعرب بن سلطـــان  للتعليم الاساسى للبنين الصفوف (10- 12),belarab bin sultan,محافظة الداخلية,Ad Dakhiliyah,بـهـلاء,,حكومية / Public
حى السعد للتعليم الاساسى الصفوف (1- 4),hay saad,محافظة الداخلية,Ad Dakhiliyah,بـهـلاء,,حكومية / Public
جيفر بن الجلندى للتعليم الاساسى للبنين الصفوف(5- 12),jayfar bin al julanda,محافظة الداخلية,Ad Dakhiliyah,بـهـلاء,,حكومية / Public
جمــــاح للتعليم الاساسى للبنات الصفوف(5- 9),jemaah,محافظة الداخلية,Ad Dakhiliyah,بـهـلاء,,حكومية / Public
كنوز العلم للتعليم الاساسى الصفوف (1-12),konooz al aalm,محافظة الداخلية,Ad Dakhiliyah,بـهـلاء,,حكومية / Public
مدينه التراث للتعليم الأساسي الصفوف (1- 4),madenat al turath,محافظة الداخلية,Ad Dakhiliyah,بـهـلاء,,حكومية / Public
مصعب بن عميــر للتعليم الاساسى للبنين الصفوف (5- 12),musaab bin aomeer,محافظة الداخلية,Ad Dakhiliyah,بـهـلاء,,حكومية / Public
الامام مالك بن الحوارى للتعليم الاساسى للبنين الصفوف (5-6) مسائى,school evening2,محافظة الداخلية,Ad Dakhiliyah,بـهـلاء,,حكومية / Public
سيح المعاشــى للتعليم الاساسى الصفوف (1- 12),seeh al maashi,محافظة الداخلية,Ad Dakhiliyah,بـهـلاء,,حكومية / Public
سيح الشامخات للتعليم الأساسي الصفوف (1- 4),seeh al shamekat,محافظة الداخلية,Ad Dakhiliyah,بـهـلاء,,حكومية / Public
سنـــت للتعليم الاساسى الصفوف (1- 12),sent,محافظة الداخلية,Ad Dakhiliyah,بـهـلاء,,حكومية / Public
سور بهلاء للتعليم الأساسي الصفوف (1- 4),soor bahla,محافظة الداخلية,Ad Dakhiliyah,بـهـلاء,,حكومية / Public
وادى قريــات للتعليم الاساسى الصفوف (1- 10),wadi quraiyt,محافظة الداخلية,Ad Dakhiliyah,بـهـلاء,,حكومية / Public
زينب بنت علـى للتعليم الاساسى الصفوف (1- 8),zainab bin ali,محافظة الداخلية,Ad Dakhiliyah,بـهـلاء,,حكومية / Public
مدرسة الإصلاح الخاصة,مدرسة الإصلاح الخاصة,محافظة الداخلية,Ad Dakhiliyah,بـهـلاء,Bahla,خاصة / Private
مدرسة البشرى الخاصة بهلا,مدرسة البشرى الخاصة بهلا,محافظة الداخلية,Ad Dakhiliyah,بـهـلاء,Bahla,خاصة / Private
مدرسة براعم الحبي الخاصة,مدرسة براعم الحبي الخاصة,محافظة الداخلية,Ad Dakhiliyah,بـهـلاء,Bahla,خاصة / Private
مدرسة بهلا الخاصة,مدرسة بهلا الخاصة,محافظة الداخلية,Ad Dakhiliyah,بـهـلاء,Bahla,خاصة / Private
مدرسة ينابيع المعرفة الخاصة ابراء,مدرسة ينابيع المعرفة الخاصة ابراء,محافظة الداخلية,Ad Dakhiliyah,بـهـلاء,Bahla,خاصة / Private
الغبيراء للتعليم الاساسى الصفوف (1-4),AL GUBYRA,محافظة الداخلية,Ad Dakhiliyah,سـمائل,,حكومية / Public
الدسر للتعليم الاساسى الصفوف(1-9),ALdeser,محافظة الداخلية,Ad Dakhiliyah,سـمائل,,حكومية / Public
مدرسة الشهباء الخاصة,Al Shahba Private School,محافظة الداخلية,Ad Dakhiliyah,سـمائل,Samail,خاصة / Private
مدرسة زوايا المعرفة الخاصة,Al Zawiya Private School,محافظة الداخلية,Ad Dakhiliyah,سـمائل,Samail,خاصة / Private
مدرسة براعم سمائل الخاصة,Barayim Samail Private School,محافظة الداخلية,Ad Dakhiliyah,سـمائل,Samail,خاصة / Private
مدرسة هيل الخاصة للتعليم المبكر,Hale Private School for Early Education,محافظة الداخلية,Ad Dakhiliyah,سـمائل,Samail,خاصة / Private
مدرسة هيل لتعليم القرآن الكريم الخاصة,Heel private school,محافظة الداخلية,Ad Dakhiliyah,سـمائل,Samail,خاصة / Private
معارج الامال للتعليم الاساسى الصفوف (1-7),Maaraj alamaal,محافظة الداخلية,Ad Dakhiliyah,سـمائل,,حكومية / Public
مدرسة ناهل الخاصة للتعليم المبكر (روضة),Nahil Private School,محافظة الداخلية,Ad Dakhiliyah,سـمائل,Samail,خاصة / Private
الشيخ عبدالله بن على الخليلى للتعليم الاساسى للبنين الصفوف (5-9) مسائى,Sheikh Abdullah bin Ali Al-Khalili for basic educa,محافظة الداخلية,Ad Dakhiliyah,سـمائل,,حكومية / Public
ام كلثوم بنت الرسول (ص) للتعليم الاساسى للبنات الصفوف (5-9) مسائى,Umm Kulthum,محافظة الداخلية,Ad Dakhiliyah,سـمائل,,حكومية / Public
عبدالله بن مسعـود للتعليم الاساسى للبنين الصفوف (5-10),abdullah bin masaood,محافظة الداخلية,Ad Dakhiliyah,سـمائل,,حكومية / Public
عبدالله بن رواحه للتعليم الاساسى للبنين الصفوف (5-12),abdullah bin rawaha,محافظة الداخلية,Ad Dakhiliyah,سـمائل,,حكومية / Public
ابو مسلم الرواحي(البهلاني) للتعليم الاساسى للبنين الصفوف (5-12),abu muslem al rawahi(al bahlani,محافظة الداخلية,Ad Dakhiliyah,سـمائل,,حكومية / Public
ابوقتاده الانصارى للتعليم الاساسى للبنين الصفوف (5-12),abu qutadah al ansari,محافظة الداخلية,Ad Dakhiliyah,سـمائل,,حكومية / Public
احمد بن النظـر للتعليم الاساسى للبنين الصفوف (8 - 10),ahmed bin al nudher,محافظة الداخلية,Ad Dakhiliyah,سـمائل,,حكومية / Public
الفيحــاء للتعليم الاساسى الصفوف (1-4),al fayha,محافظة الداخلية,Ad Dakhiliyah,سـمائل,,حكومية / Public
الجيله للتعليم الاساسى الصفوف (1-4),aljeelah,محافظة الداخلية,Ad Dakhiliyah,سـمائل,,حكومية / Public
عائشه ام المؤمنيـن للتعليم الاساسى للبنات الصفوف (10-12),aysha umm al muamnin,محافظة الداخلية,Ad Dakhiliyah,سـمائل,,حكومية / Public
بلال بن رباح للتعليم الاساسى للبنين الصفوف (5-12),belal bin rabah,محافظة الداخلية,Ad Dakhiliyah,سـمائل,,حكومية / Public
مارية القبطية للتعليم الاساسى للبنات الصفوف (7- 9),marya al qobtiya,محافظة الداخلية,Ad Dakhiliyah,سـمائل,,حكومية / Public
مازن بن غضوبه للتعليم الاساسى للبنين الصفوف (10-12),mazen bin gadhooba,محافظة الداخلية,Ad Dakhiliyah,سـمائل,,حكومية / Public
نصراء بنت الامام ناصر اليعربيه للتعليم الاساسى الصفوف (1- 4),nasraa bint al emam,محافظة الداخلية,Ad Dakhiliyah,سـمائل,,حكومية / Public
ملتقى المعارف للتعليم الاساسى الصفوف (6-1)- مسائى,nasraa bint alemam-girl,محافظة الداخلية,Ad Dakhiliyah,سـمائل,,حكومية / Public
صالح بن المتوكل للتعليم الاساسى للبنين الصفوف (9-7),saleh bin al mutawkel,محافظة الداخلية,Ad Dakhiliyah,سـمائل,,حكومية / Public
سمائل للتعليم الاساسى الصفوف (1-4),samael,محافظة الداخلية,Ad Dakhiliyah,سـمائل,,حكومية / Public
سيجاء للتعليم الاساسى الصفوف (1-10),sayga,محافظة الداخلية,Ad Dakhiliyah,سـمائل,,حكومية / Public
سيح الراسيات للتعليم الاساسى للبنين الصفوف (5- 6),seeh al rasyat,محافظة الداخلية,Ad Dakhiliyah,سـمائل,,حكومية / Public
صــومره للتعليم الاساسى الصفوف(1-12),somraah,محافظة الداخلية,Ad Dakhiliyah,سـمائل,,حكومية / Public
سرور للتعليم الاساسى للبنات الصفوف (5-12),soroor,محافظة الداخلية,Ad Dakhiliyah,سـمائل,,حكومية / Public
ام هانــــيء للتعليم الاساسى للبنات الصفوف (7-12),umm hani,محافظة الداخلية,Ad Dakhiliyah,سـمائل,,حكومية / Public
وادى محرم للتعليم الاساسى الصفوف (1-12),wadi mahram,محافظة الداخلية,Ad Dakhiliyah,سـمائل,,حكومية / Public
ينابيع العلم للتعليم الاساسى الصفوف (1-4),yanaabi al elm,محافظة الداخلية,Ad Dakhiliyah,سـمائل,,حكومية / Public
زينب بنت الرسول (صلى) للتعليم الاساسى الصفوف (1-10),zainab bint al rasool,محافظة الداخلية,Ad Dakhiliyah,سـمائل,,حكومية / Public
مدرسة الرتاج المتميز الخاصة,مدرسة الرتاج المتميز الخاصة,محافظة الداخلية,Ad Dakhiliyah,سـمائل,Samail,خاصة / Private
مدرسة منح الخاصة,Manah Private School,محافظة الداخلية,Ad Dakhiliyah,مـنح,Manah,خاصة / Private
New Horizon Private School,New Horizon Private School,محافظة الداخلية,Ad Dakhiliyah,مـنح,Manah,خاصة / Private
مدرسة الأفق الجديد الخاصة,New Horizon Private School,محافظة الداخلية,Ad Dakhiliyah,مـنح,Manah,خاصة / Private
قلائد النور للتعليم الاساسى الصفوف (3-4) مسائى,Qailaat Al-Nour for Basic Education,محافظة الداخلية,Ad Dakhiliyah,مـنح,,حكومية / Public
Rand Private School For Early Education,Rand Private School For Early Education,محافظة الداخلية,Ad Dakhiliyah,مـنح,Manah,خاصة / Private
الشهامه للتعليم الاساسى الصفوف (1-4),al shahama,محافظة الداخلية,Ad Dakhiliyah,مـنح,,حكومية / Public
الشيخه نضيره الرياميه  للتعليم الاساسى للبنات الصفوف (10-12),al shaikha nadheera,محافظة الداخلية,Ad Dakhiliyah,مـنح,,حكومية / Public
الشيخ محمدبن مسعودالبوسعيدى للتعليم الاساسى للبنين الصفوف (5-10),al shik mohammed binmasood al busaadi,محافظة الداخلية,Ad Dakhiliyah,مـنح,,حكومية / Public
عـــز للتعليم الاساسى الصفوف (1-9),eez,محافظة الداخلية,Ad Dakhiliyah,مـنح,,حكومية / Public
ابراهيم بن  قيس الحضـرمى للتعليم الاساسى للبنين الصفوف (5-10)-مسائى,ibrahim bin qais al hadrami,محافظة الداخلية,Ad Dakhiliyah,مـنح,,حكومية / Public
مالك بن فهــــم  للبنين الصفوف (11-12),malek bin fahm,محافظة الداخلية,Ad Dakhiliyah,مـنح,,حكومية / Public
منــــــح للتعليم الاساسى للبنات الصفوف (5-9),manah,محافظة الداخلية,Ad Dakhiliyah,مـنح,,حكومية / Public
سيح البركات للتعليم الاساسي الصفوف (1-2),seeh al barakat,محافظة الداخلية,Ad Dakhiliyah,مـنح,,حكومية / Public
روضة البراعم الخاصة,Al Baraem Private School Nizwa,محافظة الداخلية,Ad Dakhiliyah,نـزوى,Nizwa,خاصة / Private
المدرسة الهندية نزوى,Indian School Nizwa,محافظة الداخلية,Ad Dakhiliyah,نـزوى,Nizwa,خاصة / Private
محمد بن روح الكندى للتعليم الاساسى للبنين الصفوف (9-7),MOHAMEED BIN RUOH ALKINDI,محافظة الداخلية,Ad Dakhiliyah,نـزوى,,حكومية / Public
نــــــزوى للتعليم الاساسى الصفوف (1-8),"Nizwa for basic education, grades (1-8)",محافظة الداخلية,Ad Dakhiliyah,نـزوى,,حكومية / Public
ربوع نزوى للتعليم الاساسى الصفوف (1-4),ROBOA NIZWA,محافظة الداخلية,Ad Dakhiliyah,نـزوى,,حكومية / Public
الشعثاء بنت جابر للتعليم الاساسى للبنات الصفوف (9-12),Sheikha Salama Al Kindi for basic education,محافظة الداخلية,Ad Dakhiliyah,نـزوى,,حكومية / Public
مدرسة صناع العباقرة الخاصة,Suna'a Al Abqaria Private School,محافظة الداخلية,Ad Dakhiliyah,نـزوى,Nizwa,خاصة / Private
ابو الاسود الدؤلى للتعليم الاساسى للبنين الصفوف (5-6)-مسائى,abo alaswd,محافظة الداخلية,Ad Dakhiliyah,نـزوى,,حكومية / Public
ابوعبيـده للتعليم الاساسى للبنين الصفوف (10-12),abu  aobaida,محافظة الداخلية,Ad Dakhiliyah,نـزوى,,حكومية / Public
الشيخ احمد بن عبدالله الكندى للتعليم الاساسى للبنين الصفوف(5-9),ahmed bin abdullah alkinidi,محافظة الداخلية,Ad Dakhiliyah,نـزوى,,حكومية / Public
البشير بن المنذر للتعليم الاساسى للبنين الصفوف (5-9),al bashir bin al mundher,محافظة الداخلية,Ad Dakhiliyah,نـزوى,,حكومية / Public
الامام محمد بن عبدالله الخليلى للتعليم الاساسى للبنين الصفوف (10-12),al emam mohamed bin abdullah al kalili,محافظة الداخلية,Ad Dakhiliyah,نـزوى,,حكومية / Public
الحــــوراء للتعليم الاساسى للبنات الصفوف (5-10),al haoraa,محافظة الداخلية,Ad Dakhiliyah,نـزوى,,حكومية / Public
المزن للتعليم الاساسى الصفوف (1-4),al muzn,محافظة الداخلية,Ad Dakhiliyah,نـزوى,,حكومية / Public
الشيخه سالمه الكنديه للتعليم الاساسى للبنات الصفوف (9-12),al shatha,محافظة الداخلية,Ad Dakhiliyah,نـزوى,,حكومية / Public
الوادى الابيض للتعليم الأساسى الصفوف (1- 4),al wadi al abyadh,محافظة الداخلية,Ad Dakhiliyah,نـزوى,,حكومية / Public
العيـــن للبنات الصفوف (11- 12),alain,محافظة الداخلية,Ad Dakhiliyah,نـزوى,,حكومية / Public
بركه الموز للتعليم الاساسى الصفوف (1-2),borket al mooz,محافظة الداخلية,Ad Dakhiliyah,نـزوى,,حكومية / Public
فــــرق للتعليم الاساسى الصفوف (1-4),farq,محافظة الداخلية,Ad Dakhiliyah,نـزوى,,حكومية / Public
فلــج دارس للتعليم الاساسى الصفوف (1-5),flaj dares,محافظة الداخلية,Ad Dakhiliyah,نـزوى,,حكومية / Public
حفصه بنت عمر للتعليم الاساسى للبنات الصفوف (5-10),hafsa bint omar,محافظة الداخلية,Ad Dakhiliyah,نـزوى,,حكومية / Public
حى التراث للتعليم الاساسى للبنين الصفوف (9 - 12),hai al turath,محافظة الداخلية,Ad Dakhiliyah,نـزوى,,حكومية / Public
جواهر الادب للتعليم الاساسى الصفوف (1- 4) -مسائي-,jawaher al adab,محافظة الداخلية,Ad Dakhiliyah,نـزوى,,حكومية / Public
كنوز الابداع للتعليم الاساسى الصفوف (3 - 4 ) مسائى,konwz alebdaa,محافظة الداخلية,Ad Dakhiliyah,نـزوى,,حكومية / Public
مدينه العلم للتعليم الاساسى الصفوف (1-4),madenat al alam,محافظة الداخلية,Ad Dakhiliyah,نـزوى,,حكومية / Public
مرفــع دارس للتعليم الاساسى للبنات الصفوف (6 - 10),marfaa daris,محافظة الداخلية,Ad Dakhiliyah,نـزوى,,حكومية / Public
موسى بن علـى للتعليم الاساسى للبنين الصفوف (5- 12),moosa bin ali,محافظة الداخلية,Ad Dakhiliyah,نـزوى,,حكومية / Public
نورالدين السالمـى للتعليم الاساسى للبنين الصفوف (5-9),noor al deen al salmi,محافظة الداخلية,Ad Dakhiliyah,نـزوى,,حكومية / Public
ام المنذر الانصاريه للتعليم الاساسى للبنات الصفوف(5-8),om almanther,محافظة الداخلية,Ad Dakhiliyah,نـزوى,,حكومية / Public
طيمساء للتعليم الأساسي الصفوف(1-4) -مسائي,school  evenig,محافظة الداخلية,Ad Dakhiliyah,نـزوى,,حكومية / Public
شمس النهضه للتعليم الاساسى الصفوف (1-4),shams al nahdah for eduction eduction,محافظة الداخلية,Ad Dakhiliyah,نـزوى,,حكومية / Public
شعله العلم للتعليم الاساسى الصفوف (1-4),shualat al alam,محافظة الداخلية,Ad Dakhiliyah,نـزوى,,حكومية / Public
سلطان بن سيــف للتعليم الاساسى للبنين الصفوف (5- 9),sultan bin saif,محافظة الداخلية,Ad Dakhiliyah,نـزوى,,حكومية / Public
تنــــوف للتعليم الاساسى الصفوف (1- 8),tanuof,محافظة الداخلية,Ad Dakhiliyah,نـزوى,,حكومية / Public
ام حارثه الانصاريه للتعليم الاساسى للبنات الصفوف (5 - 9),temsa,محافظة الداخلية,Ad Dakhiliyah,نـزوى,,حكومية / Public
ام الفضـــل للتعليم الاساسى للبنات الصفوف ( 5- 12),umm al fadhel,محافظة الداخلية,Ad Dakhiliyah,نـزوى,,حكومية / Public
واحه الفكر للتعليم الاساسى الصفوف (1-4),wahet al feker,محافظة الداخلية,Ad Dakhiliyah,نـزوى,,حكومية / Public
مدرسة أجيال نزوى الخاصة,مدرسة أجيال نزوى الخاصة,محافظة الداخلية,Ad Dakhiliyah,نـزوى,Nizwa,خاصة / Private
مدرسة الافاق الخاصة,مدرسة الافاق الخاصة,محافظة الداخلية,Ad Dakhiliyah,نـزوى,Nizwa,خاصة / Private
مدرسة البركه الخاصة,مدرسة البركه الخاصة,محافظة الداخلية,Ad Dakhiliyah,نـزوى,Nizwa,خاصة / Private
مدرسة البرهان الخاصة للتعليم المبكر (تعليم القرآن الكريم),مدرسة البرهان الخاصة للتعليم المبكر (تعليم القرآن الكريم),محافظة الداخلية,Ad Dakhiliyah,نـزوى,Nizwa,خاصة / Private
مدرسة البشرى الخاصة,مدرسة البشرى الخاصة,محافظة الداخلية,Ad Dakhiliyah,نـزوى,Nizwa,خاصة / Private
مدرسة الطالب الذكي الخاصة,مدرسة الطالب الذكي الخاصة,محافظة الداخلية,Ad Dakhiliyah,نـزوى,Nizwa,خاصة / Private
مدرسة براعم نزوى الخاصة,مدرسة براعم نزوى الخاصة,محافظة الداخلية,Ad Dakhiliyah,نـزوى,Nizwa,خاصة / Private
مدرسة ترتيل الخاصة,مدرسة ترتيل الخاصة,محافظة الداخلية,Ad Dakhiliyah,نـزوى,Nizwa,خاصة / Private
مدرسة جبل النور الخاصة للتعليم المبكر,مدرسة جبل النور الخاصة للتعليم المبكر,محافظة الداخلية,Ad Dakhiliyah,نـزوى,Nizwa,خاصة / Private
مدرسة رواد الازدهار الخاصة,مدرسة رواد الازدهار الخاصة,محافظة الداخلية,Ad Dakhiliyah,نـزوى,Nizwa,خاصة / Private
الفكر السامى للتعليم الاساسى الصفوف (1-4),AL-Feker AL-Saami,محافظة شمال الباطنة,Al Batinah North,الخابورة,,حكومية / Public
الفـــــاروق للتعليم الاساسى للبنين الصفوف (10-12),ALfarooq,محافظة شمال الباطنة,Al Batinah North,الخابورة,,حكومية / Public
عبدالله بن انيـس للتعليم الاساسى للبنين الصفوف (5-12),Abdullah bin Anees,محافظة شمال الباطنة,Al Batinah North,الخابورة,,حكومية / Public
ابوايوب الانصارى للتعليم الاساسى الصفوف (1-12),Abu Ayoob ALansari,محافظة شمال الباطنة,Al Batinah North,الخابورة,,حكومية / Public
مدرسة أجيال الخابورة الخاصة,Ajyal Al Khaboura Bilingual School ,محافظة شمال الباطنة ,Al Batinah North,الخابورة,Al Khaburah,خاصة / Private
مدرسة الخابورة الخاصة,Al Khaburah Private School,محافظة شمال الباطنة ,Al Batinah North,الخابورة,Al Khaburah,خاصة / Private
مدرسة الخابورة الخاصة,Al Khaburah Private School,محافظة شمال الباطنة ,Al Batinah North,الخابورة,Al Khaburah,خاصة / Private
الغفران للتعليم الأساسي الصفوف (1-4),Al-Gofran,محافظة شمال الباطنة,Al Batinah North,الخابورة,,حكومية / Public
الشيخ بشير بن مسعود الحضرمى للتعليم الاساسى للبنين الصفوف (5-6),Al-Shik Bashir Bin Masaood Al-Hdhrami,محافظة شمال الباطنة,Al Batinah North,الخابورة,,حكومية / Public
البريـــك للتعليم الاساسى للبنات الصفوف (5-10),Alburaik1,محافظة شمال الباطنة,Al Batinah North,الخابورة,,حكومية / Public
الامام عبدالله بن يحيى الكندى للتعليم الاساسى للبنين الصفوف (5-9),Alemam Abdullah bin Yahya Alkindi,محافظة شمال الباطنة,Al Batinah North,الخابورة,,حكومية / Public
الغيزيــن للتعليم الاساسى الصفوف (1-10),Alghaizeen,محافظة شمال الباطنة,Al Batinah North,الخابورة,,حكومية / Public
الحوارى بن مالـك للتعليم الأساسي للبنين الصفوف (7-9),Alhawari bin Malik,محافظة شمال الباطنة,Al Batinah North,الخابورة,,حكومية / Public
الهدايـــه للتعليم الاساسى للبنات الصفوف (5-12),Alhedaya,محافظة شمال الباطنة,Al Batinah North,الخابورة,,حكومية / Public
المستقبـــل للتعليم الاساسى للبنات الصفوف (5-9),Almostqbal,محافظة شمال الباطنة,Al Batinah North,الخابورة,,حكومية / Public
العوتبــى للتعليم الاساسى للبنين الصفوف (5-12),Alotabi,محافظة شمال الباطنة,Al Batinah North,الخابورة,,حكومية / Public
الصديقه بنت الصديـق للتعليم الاساسى للبنات الصفوف (5-12),Alsedeqa bint ALsedeq,محافظة شمال الباطنة,Al Batinah North,الخابورة,,حكومية / Public
بدر الكبرى للتعليم الأساسي للبنات الصفوف (5-8),Badr Alkobra,محافظة شمال الباطنة,Al Batinah North,الخابورة,,حكومية / Public
فلج بنى ربيعه للتعليم الاساسى للبنين الصفوف (5-10),Falaj bani Rabiah,محافظة شمال الباطنة,Al Batinah North,الخابورة,,حكومية / Public
حقول المعرفه للتعليم الاساسى الصفوف (1-12),Hoqool Amarefah,محافظة شمال الباطنة,Al Batinah North,الخابورة,,حكومية / Public
ابن سينا للتعليم الأساسي للبنين الصفوف (5-10),Ibn Senaa,محافظة شمال الباطنة,Al Batinah North,الخابورة,,حكومية / Public
خميس بن سعيد الشقصى للتعليم الاساسى للبنين الصفوف (5-12),Khamis bin Said Alshaqsi,محافظة شمال الباطنة,Al Batinah North,الخابورة,,حكومية / Public
ماثر النور للتعليم الاساسى الصفوف (1-4),Maather Alnoor,محافظة شمال الباطنة,Al Batinah North,الخابورة,,حكومية / Public
ميحه بنى كيوم للتعليم الاساسى الصفوف (1-10),Miahat bani Kium,محافظة شمال الباطنة,Al Batinah North,الخابورة,,حكومية / Public
محمد بن المعلا الكندى للتعليم الاساسى للبنين الصفوف (5-12),Mohammed bin Almoala Akindi,محافظة شمال الباطنة,Al Batinah North,الخابورة,,حكومية / Public
نهضة العلوم للتعليم الأساسي الصفوف (1-4),Nahdat Al Eulum,محافظة شمال الباطنة,Al Batinah North,الخابورة,,حكومية / Public
اميمه بنت عبدالمطلب للتعليم الاساسى الصفوف (1-10),Omaima bint Abd-ALmotalib,محافظة شمال الباطنة,Al Batinah North,الخابورة,,حكومية / Public
مدرسة صفية بنت عبد المطلب,Safia Abdul Muttalib School girl,محافظة شمال الباطنة ,Al Batinah North,الخابورة,Al Khaburah,خاصة / Private
صفيه بنت عبدالمطلب للتعليم الاساسى للبنات الصفوف (9-12),Safia bint Abd-Almotalib,محافظة شمال الباطنة,Al Batinah North,الخابورة,,حكومية / Public
سلمه بن سعـد للتعليم الاساسى للبنين الصفوف (5-12),Salamah bin Saad,محافظة شمال الباطنة,Al Batinah North,الخابورة,,حكومية / Public
أمامة بنت حمزة بن عبدالمطلب للتعليم الاساسى للبنات الصفوف (9-12),Umamah bint Hazah bin Abdullmutalib,محافظة شمال الباطنة,Al Batinah North,الخابورة,,حكومية / Public
وادى الحواسنه للتعليم الاساسى الصفوف (1-12),Wadi Alhawasnah,محافظة شمال الباطنة,Al Batinah North,الخابورة,,حكومية / Public
الاعتصام للتعليم الاساسى الصفوف (1-4),aleatesam,محافظة شمال الباطنة,Al Batinah North,الخابورة,,حكومية / Public
الخابوره للتعليم الاساسى الصفوف (1-4),alkhaboora,محافظة شمال الباطنة,Al Batinah North,الخابورة,,حكومية / Public
الريان للتعليم الاساسى الصفوف (1-4),alraian,محافظة شمال الباطنة,Al Batinah North,الخابورة,,حكومية / Public
دره العلم للتعليم الاساسى الصفوف (1-4),dorat alealm,محافظة شمال الباطنة,Al Batinah North,الخابورة,,حكومية / Public
زهره المدائن للتعليم الاساسى الصفوف (1-4),zahrat almadaen,محافظة شمال الباطنة,Al Batinah North,الخابورة,,حكومية / Public
مدرسة الأمل الواعد الخاصة,مدرسة الأمل الواعد الخاصة,محافظة شمال الباطنة ,Al Batinah North,الخابورة,Al Khaburah,خاصة / Private
مدرسة جوهرة المعرفة الخاصة للتعليم المبكر,مدرسة جوهرة المعرفة الخاصة للتعليم المبكر,محافظة شمال الباطنة ,Al Batinah North,الخابورة,Al Khaburah,خاصة / Private
الامام راشد بن سعيد اليحمدى للتعليم الاساسى للبنبن الصفوف (5-9),AL Emam Rashid bin Saeed AL Yahmidy,محافظة شمال الباطنة,Al Batinah North,السـويق,,حكومية / Public
مدرسة الرفد الخاصة,AL RAFD Private School,محافظة شمال الباطنة ,Al Batinah North,السـويق,As Suwaiq,خاصة / Private
النسائم للتعليم الاساسى الصفوف (1-4),AL-Nasaem,محافظة شمال الباطنة,Al Batinah North,السـويق,,حكومية / Public
عبدالله بن العباس للتعليم الاساسى للبنين الصفوف (11-12),Abdullah bin Alabaas,محافظة شمال الباطنة,Al Batinah North,السـويق,,حكومية / Public
مدرسة أبناء عمان الخاصة,Abnaa Oman Private School,محافظة شمال الباطنة ,Al Batinah North,السـويق,As Suwaiq,خاصة / Private
ابو طلحه الانصارى للتعليم الاساسى للبنين الصفوف (9-12),Abu Talha Alansary,محافظة شمال الباطنة,Al Batinah North,السـويق,,حكومية / Public
مدرسة أفلاك الخضراء الخاصة,Aflak Al Khadra Private School,محافظة شمال الباطنة ,Al Batinah North,السـويق,As Suwaiq,خاصة / Private
عين جالوت للتعليم الاساسى للبنات الصفوف (1-9),Ain Jaloot,محافظة شمال الباطنة,Al Batinah North,السـويق,,حكومية / Public
مدرسة العهد السعيد الخاصة,Al Ahad Al Saeed Private School,محافظة شمال الباطنة ,Al Batinah North,السـويق,As Suwaiq,خاصة / Private
مدرسة البداية الخاصة,Al Bidaya Private School,محافظة شمال الباطنة ,Al Batinah North,السـويق,As Suwaiq,خاصة / Private
Al-Ahlia Private School,Al-Ahlia Private School,محافظة شمال الباطنة ,Al Batinah North,السـويق,As Suwaiq,خاصة / Private
مدرسة الحق المبين الخاصة للتعليم المبكر,Al-Haq Al-Mubeen Private School,محافظة شمال الباطنة ,Al Batinah North,السـويق,As Suwaiq,خاصة / Private
الحديبية للتعليم الأساسي الصفوف (1-4),Al-Hudibia,محافظة شمال الباطنة,Al Batinah North,السـويق,,حكومية / Public
النمارق للتعليم الاساسى الصفوف (1-4),Al-Namarq,محافظة شمال الباطنة,Al Batinah North,السـويق,,حكومية / Public
العروة الوثقى للتعليم الأساسي الصفوف (1-4),Al-Orwat Al-wthqa,محافظة شمال الباطنة,Al Batinah North,السـويق,,حكومية / Public
الاحنف بن قيس للتعليم الاساسى للبنين الصفوف (8-10),Alahnaf bin Qais,محافظة شمال الباطنة,Al Batinah North,السـويق,,حكومية / Public
المسعى للتعليم الاساسى للبنين الصفوف (5-7),Alahnaf bin Qais - Evening,محافظة شمال الباطنة,Al Batinah North,السـويق,,حكومية / Public
الحسن بن على للتعليم الاساسى للبنين الصفوف (5-9),Alhassan bin Ali,محافظة شمال الباطنة,Al Batinah North,السـويق,,حكومية / Public
الحسنى للتعليم الأساسي الصفوف (1-4),Alhusnaa,محافظة شمال الباطنة,Al Batinah North,السـويق,,حكومية / Public
الجواهر للتعليم الاساسى الصفوف (1-4),Aljawaher,محافظة شمال الباطنة,Al Batinah North,السـويق,,حكومية / Public
الوفاء للتعليم الاساسى للبنات الصفوف (5-9),Alwafaa,محافظة شمال الباطنة,Al Batinah North,السـويق,,حكومية / Public
الوارث بن كعب للتعليم الاساسى للبنين الصفوف (10-12),Alwareth bin Kaab,محافظة شمال الباطنة,Al Batinah North,السـويق,,حكومية / Public
اليرمـوك للتعليم الاساسى للبنات الصفوف (5-9),Alyarmook,محافظة شمال الباطنة,Al Batinah North,السـويق,,حكومية / Public
اسماء بنت عمرو الانصاريه للتعليم الاساسى للبنات الصفوف (10-12),Asmma Bint Amro Al Asaria,محافظة شمال الباطنة,Al Batinah North,السـويق,,حكومية / Public
مدرسة بهجة المعرفة الخاصة,Bahjat Al Ma'arifa Private School,محافظة شمال الباطنة ,Al Batinah North,السـويق,As Suwaiq,خاصة / Private
دار الثقافه للتعليم الاساسى الصفوف (1-4),Dar Al-Thaqafa,محافظة شمال الباطنة,Al Batinah North,السـويق,,حكومية / Public
مدرسة إشراقة الغد الخاصة,Eshraqat alghad private school,محافظة شمال الباطنة ,Al Batinah North,السـويق,As Suwaiq,خاصة / Private
غسان بن عبدالله للتعليم الاساسى للبنين الصفوف (10-12),Gassan bin Abdullah Alkharosi,محافظة شمال الباطنة,Al Batinah North,السـويق,,حكومية / Public
مدرسة غراس الخاصة بالسويق,Ghiras Private School,محافظة شمال الباطنة ,Al Batinah North,السـويق,As Suwaiq,خاصة / Private
حدائق العرفان للتعليم الاساسى الصفوف (1-4),Hadaeq Alorfan,محافظة شمال الباطنة,Al Batinah North,السـويق,,حكومية / Public
هالة بنت عوف للتعليم الاساسى للبنات الصفوف (5-6),Hala bint ouf,محافظة شمال الباطنة,Al Batinah North,السـويق,,حكومية / Public
حليمه السعديـه للتعليم الاساسى للبنات الصفوف (9-12),Haleema Alsadia,محافظة شمال الباطنة,Al Batinah North,السـويق,,حكومية / Public
هند بنت عمرو للتعليم الاساسى للبنات الصفوف (5-9),Hind bint Amro,محافظة شمال الباطنة,Al Batinah North,السـويق,,حكومية / Public
ابن دريــد للتعليم الاساسى للبنين الصفوف (5-8),Ibn Doraid,محافظة شمال الباطنة,Al Batinah North,السـويق,,حكومية / Public
جابر بن عبدالله الانصارى للتعليم الاساسى للبنين الصفوف (5-12),Jabir bin Abdullah Alansari,محافظة شمال الباطنة,Al Batinah North,السـويق,,حكومية / Public
جميل بن خميس السعدى للتعليم الاساسى  للبنين الصفوف (10-12),Jamil bin Khamis Alsadi,محافظة شمال الباطنة,Al Batinah North,السـويق,,حكومية / Public
جويريه بنت الحارث للتعليم الاساسى الصفوف (1-4),Jwairia bint Alhareth,محافظة شمال الباطنة,Al Batinah North,السـويق,,حكومية / Public
منار التقوى للتعليم الأساسي الصفوف (1-4),Manar AL-Taqwa,محافظة شمال الباطنة,Al Batinah North,السـويق,,حكومية / Public
مدرسة مرافد الخاصة,Marafid Private School,محافظة شمال الباطنة ,Al Batinah North,السـويق,As Suwaiq,خاصة / Private
مريم ابنت عمران للتعليم الاساسى للبنات الصفوف (10-12),Maryam bint Omraan,محافظة شمال الباطنة,Al Batinah North,السـويق,,حكومية / Public
موسى بن ابى جابر للتعليم الاساسى للبنين الصفوف (5-10),Mosa bin Abi Jabir,محافظة شمال الباطنة,Al Batinah North,السـويق,,حكومية / Public
احــد للتعليم الاساسى للبنات الصفوف (5-9),Ohod,محافظة شمال الباطنة,Al Batinah North,السـويق,,حكومية / Public
أم معبد الخزاعية للتعليم الاساسى للبنات الصفوف (10-12),Om Ma'abad Al-khuzaeyah,محافظة شمال الباطنة,Al Batinah North,السـويق,,حكومية / Public
سيح الرحمات للتعليم الأساسي الصفوف (1-4),Saih AL Rahamat,محافظة شمال الباطنة,Al Batinah North,السـويق,,حكومية / Public
ساره ام اسحاق للتعليم الاساسى للبنات الصفوف (5-9),Sara Um Ishaq,محافظة شمال الباطنة,Al Batinah North,السـويق,,حكومية / Public
ثابت بن كعب للتعليم الاساسى للبنين الصفوف (5-9),Thabit bin Kaab,محافظة شمال الباطنة,Al Batinah North,السـويق,,حكومية / Public
ام الدرداء للتعليم الاساسى للبنات الصفوف (10-12),Um Al DARDA',محافظة شمال الباطنة,Al Batinah North,السـويق,,حكومية / Public
مدرسة وهج المعرفة الخاصة,Wahaj Al-Ma'arifa Private School,محافظة شمال الباطنة ,Al Batinah North,السـويق,As Suwaiq,خاصة / Private
زينب بنت ابى سلمه للتعليم الاساسى للبنات الصفوف (7-10),Zainab bint Abi Alama,محافظة شمال الباطنة,Al Batinah North,السـويق,,حكومية / Public
البلاغه للتعليم الاساسى الصفوف (1-4),alblaga,محافظة شمال الباطنة,Al Batinah North,السـويق,,حكومية / Public
الايضاح للتعليم الاساسى الصفوف (1-4),aledah,محافظة شمال الباطنة,Al Batinah North,السـويق,,حكومية / Public
الفجر الجديد للتعليم الاساسى الصفوف (1-4),alfajr aljaded,محافظة شمال الباطنة,Al Batinah North,السـويق,,حكومية / Public
الفردوس للتعليم الاساسى الصفوف (1-4),alferdoss,محافظة شمال الباطنة,Al Batinah North,السـويق,,حكومية / Public
الرسوخ للتعليم الاساسى الصفوف (1-4),alhilin,محافظة شمال الباطنة,Al Batinah North,السـويق,,حكومية / Public
الكوكبه للتعليم الاساسى الصفوف (1-4),alkawkaba,محافظة شمال الباطنة,Al Batinah North,السـويق,,حكومية / Public
الكفاءه للتعليم الاساسى الصفوف (1-4),alkfaa,محافظة شمال الباطنة,Al Batinah North,السـويق,,حكومية / Public
المنهاج للتعليم الاساسى الصفوف (1-4),alminhaj,محافظة شمال الباطنة,Al Batinah North,السـويق,,حكومية / Public
المبــرد للتعليم الاساسى للبنين الصفوف (5-9),almobarad,محافظة شمال الباطنة,Al Batinah North,السـويق,,حكومية / Public
الافق للتعليم الاساسى الصفوف (1-4),alofoq,محافظة شمال الباطنة,Al Batinah North,السـويق,,حكومية / Public
الصبيخى للتعليم الاساسى للبنين الصفوف (5-10),alsobikhi,محافظة شمال الباطنة,Al Batinah North,السـويق,,حكومية / Public
السويـــق للتعليم الاساسى للبنين الصفوف (5-9),alswaiq,محافظة شمال الباطنة,Al Batinah North,السـويق,,حكومية / Public
الثرمــد للتعليم الاساسى الصفوف (1-4),altharmad,محافظة شمال الباطنة,Al Batinah North,السـويق,,حكومية / Public
الزلفى للتعليم الاساسى الصفوف (1-4),alzolfa,محافظة شمال الباطنة,Al Batinah North,السـويق,,حكومية / Public
ضيان للتعليم الاساسى الصفوف (1-4),daian,محافظة شمال الباطنة,Al Batinah North,السـويق,,حكومية / Public
فاطمه بنت النبي(صلى) للتعليم الاساسى للبنات الصفوف (5-12),fatma bint alnabi,محافظة شمال الباطنة,Al Batinah North,السـويق,,حكومية / Public
قبــاء للتعليم الاساسى للبنات الصفوف (5-9),qobaa,محافظة شمال الباطنة,Al Batinah North,السـويق,,حكومية / Public
روضه الالباب للتعليم الاساسى الصفوف (1-4),rawdat alalbab,محافظة شمال الباطنة,Al Batinah North,السـويق,,حكومية / Public
مدرسة أزهار العلم الخاصة,مدرسة أزهار العلم الخاصة,محافظة شمال الباطنة ,Al Batinah North,السـويق,As Suwaiq,خاصة / Private
مدرسة المبدع الذكي الخاصة للتعليم المبكر - تعليم القرآن الكريم,مدرسة المبدع الذكي الخاصة للتعليم المبكر - تعليم القرآن الكريم,محافظة شمال الباطنة ,Al Batinah North,السـويق,As Suwaiq,خاصة / Private
مدرسة المفكرين الخاصة لتعليم القرآن الكريم,مدرسة المفكرين الخاصة لتعليم القرآن الكريم,محافظة شمال الباطنة ,Al Batinah North,السـويق,As Suwaiq,خاصة / Private
مدرسة المنال الخاصة,مدرسة المنال الخاصة,محافظة شمال الباطنة ,Al Batinah North,السـويق,As Suwaiq,خاصة / Private
مدرسة جيل الصالحين الخاصة,مدرسة جيل الصالحين الخاصة,محافظة شمال الباطنة ,Al Batinah North,السـويق,As Suwaiq,خاصة / Private
مدرسة حصاد المستقبل الخاصة,مدرسة حصاد المستقبل الخاصة,محافظة شمال الباطنة ,Al Batinah North,السـويق,As Suwaiq,خاصة / Private
مدرسة روافد المعرفة الخاصة,مدرسة روافد المعرفة الخاصة,محافظة شمال الباطنة ,Al Batinah North,السـويق,As Suwaiq,خاصة / Private
مدرسة صروح النور الخاصة للتعليم المبكر و القرآن الكريم,مدرسة صروح النور الخاصة للتعليم المبكر و القرآن الكريم,محافظة شمال الباطنة ,Al Batinah North,السـويق,As Suwaiq,خاصة / Private
مدرسة صروح النور الخاصة للتعليم المبكر و تعليم القران الكريم,مدرسة صروح النور الخاصة للتعليم المبكر و تعليم القران الكريم,محافظة شمال الباطنة ,Al Batinah North,السـويق,As Suwaiq,خاصة / Private
مدرسة علي بن أبي طالب الخاصة (ثنائية اللغه),مدرسة علي بن أبي طالب الخاصة (ثنائية اللغه),محافظة شمال الباطنة ,Al Batinah North,السـويق,As Suwaiq,خاصة / Private
مدرسة منار الخضراء الخاصة للتعليم المبكر - تعليم القرآن الكريم,مدرسة منار الخضراء الخاصة للتعليم المبكر - تعليم القرآن الكريم,محافظة شمال الباطنة ,Al Batinah North,السـويق,As Suwaiq,خاصة / Private
مدرسة منار الخضراء الخاصة-الحجيرة,مدرسة منار الخضراء الخاصة-الحجيرة,محافظة شمال الباطنة ,Al Batinah North,السـويق,As Suwaiq,خاصة / Private
مدرسة نور الابداع الخاصة للتعليم المبكر تعليم القرآن الكريم / فرع البداية,مدرسة نور الابداع الخاصة للتعليم المبكر تعليم القرآن الكريم,محافظة شمال الباطنة ,Al Batinah North,السـويق,As Suwaiq,خاصة / Private
الحضارة المشرقة للتعليم الأساسي الصفوف (1-4),Al-Hadhara Al-Moshriqa,محافظة شمال الباطنة,Al Batinah North,شـناص,,حكومية / Public
النهضــه للتعليم الاساسى للبنات الصفوف (9-12),Alnahda,محافظة شمال الباطنة,Al Batinah North,شـناص,,حكومية / Public
انوار المعرفه للتعليم الاساسى الصفوف (1-4),Anwar Almarefa,محافظة شمال الباطنة,Al Batinah North,شـناص,,حكومية / Public
مدرسة أشبال الغد الخاصة المقر الجديد,Ashbal Al Ghad Private School - New Campus,محافظة شمال الباطنة ,Al Batinah North,شـناص,Shinas,خاصة / Private
درب العُلا للتعليم الاساسى الصفوف (1-4),Darb Al Ola,محافظة شمال الباطنة,Al Batinah North,شـناص,,حكومية / Public
مدرسة دوحة الباطنة الخاصة,Dawhat Al Batina Private School,محافظة شمال الباطنة ,Al Batinah North,شـناص,Shinas,خاصة / Private
ابن الاثير للتعليم الاساسى للبنين الصفوف (10-12),Ibn Alathyer,محافظة شمال الباطنة,Al Batinah North,شـناص,,حكومية / Public
جميله بنت عُمر بن الخطاب للتعليم الاساسى للبنات الصفوف (9-12),Jamilah Bint Omar Bin Al Khattab,محافظة شمال الباطنة,Al Batinah North,شـناص,,حكومية / Public
جوهره شناص للتعليم الاساسى للبنات الصفوف (5-8),Jawhart Shinas,محافظة شمال الباطنة,Al Batinah North,شـناص,,حكومية / Public
ريحانه بنت زيد للتعليم الاساسى للبنات الصفوف (5-8),Raihana bint Zaid,محافظة شمال الباطنة,Al Batinah North,شـناص,,حكومية / Public
سعد بن معاذ للتعليم الاساسى للبنين الصفوف (5-8),Saad bin Moath,محافظة شمال الباطنة,Al Batinah North,شـناص,,حكومية / Public
سعد بن ابى وقاص للتعليم الاساسى للبنين الصفوف (9-12),Saad bin abi Waqas,محافظة شمال الباطنة,Al Batinah North,شـناص,,حكومية / Public
مدرسة سعد بن أبي وقاص الخاصة,Said Bin Abi Waqas Private School,محافظة شمال الباطنة ,Al Batinah North,شـناص,Shinas,خاصة / Private
سعيد بن المسيب للتعليم الاساسى للبنين الصفوف (5-9),Said bin Almosaib,محافظة شمال الباطنة,Al Batinah North,شـناص,,حكومية / Public
شقائق النعمان للتعليم الأساسي الصفوف (1-4),Shaqaaeq Al-Noman,محافظة شمال الباطنة,Al Batinah North,شـناص,,حكومية / Public
شناص للتعليم الاساسى للبنات الصفوف (9-12),Shinass,محافظة شمال الباطنة,Al Batinah North,شـناص,,حكومية / Public
سهيل بن عمرو للتعليم الاساسى للبنين الصفوف (9-12),Suheel bin Amru,محافظة شمال الباطنة,Al Batinah North,شـناص,,حكومية / Public
طلائع الفكر للتعليم الاساسى الصفوف (1-4),Talaea Alfikr,محافظة شمال الباطنة,Al Batinah North,شـناص,,حكومية / Public
ام الــزبير للتعليم الاساسى الصفوف (1-8),Um Alzubair,محافظة شمال الباطنة,Al Batinah North,شـناص,,حكومية / Public
ام جعفر الطيار للتعليم الاساسى للبنات الصفوف (5-9),Um Jaafer altayar,محافظة شمال الباطنة,Al Batinah North,شـناص,,حكومية / Public
البراءه للتعليم الاساسى الصفوف (1-4),albara'a,محافظة شمال الباطنة,Al Batinah North,شـناص,,حكومية / Public
الدعائم للتعليم الاساسى الصفوف (1-4),aldaaem,محافظة شمال الباطنة,Al Batinah North,شـناص,,حكومية / Public
المعرفه للتعليم الاساسى الصفوف (1-4),almarefa,محافظة شمال الباطنة,Al Batinah North,شـناص,,حكومية / Public
النخبه للتعليم الاساسى الصفوف (1-4),alnokba,محافظة شمال الباطنة,Al Batinah North,شـناص,,حكومية / Public
التقانه للتعليم الاساسى الصفوف (1-4),alteeqanh,محافظة شمال الباطنة,Al Batinah North,شـناص,,حكومية / Public
كعب بن مالك للتعليم الاساسى للبنين الصفوف (5-9),kaab bin malik,محافظة شمال الباطنة,Al Batinah North,شـناص,,حكومية / Public
موزه بنت الامام احمد البوسعيديه للتعليم الاساسى الصفوف (1-8),moza bint alemam ahmed,محافظة شمال الباطنة,Al Batinah North,شـناص,,حكومية / Public
رونق المجد للتعليم الاساسى الصفوف (1-4),rawnaq almajed,محافظة شمال الباطنة,Al Batinah North,شـناص,,حكومية / Public
ذى قـار للتعليم الاساسى للبنات الصفوف (5-9),theeqaar,محافظة شمال الباطنة,Al Batinah North,شـناص,,حكومية / Public
زياد بن المهلب للتعليم الاساسى للبنين الصفوف (5-8),zeiad bin almohalab,محافظة شمال الباطنة,Al Batinah North,شـناص,,حكومية / Public
مدرسة أشبال الغد الخاصة,مدرسة أشبال الغد الخاصة,محافظة شمال الباطنة ,Al Batinah North,شـناص,Shinas,خاصة / Private
مدرسة رواد عمان الخاصة,مدرسة رواد عمان الخاصة,محافظة شمال الباطنة ,Al Batinah North,شـناص,Shinas,خاصة / Private
مدرسة أرض المكارم الخاصة ALMAKARIM LAND,ALMAKARIM LAND School,محافظة شمال الباطنة ,Al Batinah North,صــحار,Sohar,خاصة / Private
المثابره للتعليم الاساسى الصفوف (1-4),ALmuthbrah,محافظة شمال الباطنة,Al Batinah North,صــحار,,حكومية / Public
عبدالله بن عمرو بن العاص للتعليم الاساسى للبنين الصفوف (5-10),Abdullah bin Amru,محافظة شمال الباطنة,Al Batinah North,صــحار,,حكومية / Public
عبدالله بن بشير الحضرمى للتعليم الاساسى للبنين الصفوف (5-9),Abdullah bin Basheer,محافظة شمال الباطنة,Al Batinah North,صــحار,,حكومية / Public
ابو المنذر الرحيلى للتعليم الاساسى للبنين الصفوف (5-12),Abu Almonther,محافظة شمال الباطنة,Al Batinah North,صــحار,,حكومية / Public
ابوحمزه الشـارى للتعليم الاساسى للبنين الصفوف (5-10),Abu Hamza Alshari,محافظة شمال الباطنة,Al Batinah North,صــحار,,حكومية / Public
ابو مالك الصلانى للتعليم الاساسى للبنين الصفوف (5-10),Abu Maleek alsalani,محافظة شمال الباطنة,Al Batinah North,صــحار,,حكومية / Public
مدرسة الغد الخاصة,Al Ghad Private School,محافظة شمال الباطنة ,Al Batinah North,صــحار,Sohar,خاصة / Private
مدرسة المواكب الخاصة,Al Mawakib Private School,محافظة شمال الباطنة ,Al Batinah North,صــحار,Sohar,خاصة / Private
مدرسة الموسوعة العلمية الخاصة,Al Mawsooa Al Elmeyya Private School,محافظة شمال الباطنة ,Al Batinah North,صــحار,Sohar,خاصة / Private
مدرسة المرشد الخاصة,Al Murshid Private School,محافظة شمال الباطنة ,Al Batinah North,صــحار,Sohar,خاصة / Private
مدرسة الطفل الخاصة,Al Tifil Private School,محافظة شمال الباطنة ,Al Batinah North,صــحار,Sohar,خاصة / Private
مدرسة الزهور الحمراء الخاصة,Al Zohoor Al Hamraa Private School,محافظة شمال الباطنة ,Al Batinah North,صــحار,Sohar,خاصة / Private
العصماء بنت الحارث للتعليم الاساسى للبنات الصفوف (10-12),Al assmaa bint Alharith,محافظة شمال الباطنة,Al Batinah North,صــحار,,حكومية / Public
الحكمه للتعليم الاساسى الصفوف (1-4),Al hkmah,محافظة شمال الباطنة,Al Batinah North,صــحار,,حكومية / Public
مدرسة المعراج الخاصة,Al-Maraj private school,محافظة شمال الباطنة ,Al Batinah North,صــحار,Sohar,خاصة / Private
"Al-Saada private Kindergarten School, Sohar, Oman","Al-Saada private Kindergarten School, Sohar, Oman",محافظة شمال الباطنة ,Al Batinah North,صــحار,Sohar,خاصة / Private
العهد الزاهر للتعليم الاساسى الصفوف (1-4),Alahd alzahr,محافظة شمال الباطنة,Al Batinah North,صــحار,,حكومية / Public
الامام احمد بن سعيــد للتعليم الاساسى للبنين الصفوف (5-10),Alemam Ahmed bin Said,محافظة شمال الباطنة,Al Batinah North,صــحار,,حكومية / Public
الفتــــح للتعليم الاساسى الصفوف (1-9),Alfath,محافظة شمال الباطنة,Al Batinah North,صــحار,,حكومية / Public
على بن ابى طالب للتعليم الاساسى للبنين الصفوف (5-9),Ali bin Abi Talib,محافظة شمال الباطنة,Al Batinah North,صــحار,,حكومية / Public
الكرامه للتعليم الاساسى الصفوف (1-4),Alkrama,محافظة شمال الباطنة,Al Batinah North,صــحار,,حكومية / Public
الرخاء للتعليم الاساسى الصفوف (1-4),Alraka,محافظة شمال الباطنة,Al Batinah North,صــحار,,حكومية / Public
الرساله للتعليم الاساسى الصفوف (1-9),Alrisala,محافظة شمال الباطنة,Al Batinah North,صــحار,,حكومية / Public
الصفـــا للتعليم الاساسى للبنات الصفوف (5-9),Alsafaa,محافظة شمال الباطنة,Al Batinah North,صــحار,,حكومية / Public
الشفاء بنت عبدالله للتعليم الاساسى للبنات الصفوف (5-9),Alshefaa,محافظة شمال الباطنة,Al Batinah North,صــحار,,حكومية / Public
الصويحره للتعليم الاساسى الصفوف (1-4),Alswuhra,محافظة شمال الباطنة,Al Batinah North,صــحار,,حكومية / Public
الطريـــف للتعليم الاساسى للبنات الصفوف (5-9),Altireef,محافظة شمال الباطنة,Al Batinah North,صــحار,,حكومية / Public
الزهور للتعليم الاساسى الصفوف (1-4),Alzahoor,محافظة شمال الباطنة,Al Batinah North,صــحار,,حكومية / Public
انيسه بنت خبيب للتعليم الاساسى للبنات الصفوف (5-7),Anisaa Bint Khobib,محافظة شمال الباطنة,Al Batinah North,صــحار,,حكومية / Public
عائشه بنت سعد بن ابى وقاص للتعليم الاساسى الصفوف (1-12),Aysha bint Abi Waqas,محافظة شمال الباطنة,Al Batinah North,صــحار,,حكومية / Public
بهجة الأنظـار للتعليم الأساسي الصفوف (1-4),Bahjat Al Andaar,محافظة شمال الباطنة,Al Batinah North,صــحار,,حكومية / Public
بلقيس للتعليم الاساسى للبنات الصفوف (8-10),Balqees,محافظة شمال الباطنة,Al Batinah North,صــحار,,حكومية / Public
مدرسة ضمام بن السائب للتعليم الأساسي,Bin colligation School Saa'ib,محافظة شمال الباطنة ,Al Batinah North,صــحار,Sohar,خاصة / Private
ضمام بن السائــب للتعليم الاساسى الصفوف (5-12),Damam bin Alsaeb,محافظة شمال الباطنة,Al Batinah North,صــحار,,حكومية / Public
ضرار بن الخطاب للتعليم الاساسى للبنين الصفوف (5-7),Dhirar bin Al-Khattab,محافظة شمال الباطنة,Al Batinah North,صــحار,,حكومية / Public
فيض العلوم للتعليم الاساسى الصفوف (1-3),Fiagh Alaloom,محافظة شمال الباطنة,Al Batinah North,صــحار,,حكومية / Public
حواء بنت يزيد للتعليم الأساسي للبنات الصفوف (10-12),Hawa bint Yazid,محافظة شمال الباطنة,Al Batinah North,صــحار,,حكومية / Public
هند بنت المهلب للتعليم الاساسى للبنات الصفوف (4-10),Hind Bint Al Mohal'lab,محافظة شمال الباطنة,Al Batinah North,صــحار,,حكومية / Public
المدرسة الهندية بصحار,Indian School Sohar,محافظة شمال الباطنة ,Al Batinah North,صــحار,Sohar,خاصة / Private
مدرسة اشراقة صحار الخاصة,Ishraqat Sohar Private School,محافظة شمال الباطنة ,Al Batinah North,صــحار,Sohar,خاصة / Private
خلفان بن جميل السيابى للتعليم الاساسى للبنين الصفوف (5-10),Khalfan bin Jumeel,محافظة شمال الباطنة,Al Batinah North,صــحار,,حكومية / Public
Khwarizmi Private School,Khwarizmi Private School,محافظة شمال الباطنة ,Al Batinah North,صــحار,Sohar,خاصة / Private
Knowledge Rays Private School,Knowledge Rays Private School,محافظة شمال الباطنة ,Al Batinah North,صــحار,Sohar,خاصة / Private
مدرسة أثير المعارف الخاصة,Knowledge Rays Private School,محافظة شمال الباطنة ,Al Batinah North,صــحار,Sohar,خاصة / Private
لبنى بنت ثابت الانصاريه للتعليم الاساسى الصفوف (1-12),Lubna bint Thabet,محافظة شمال الباطنة,Al Batinah North,صــحار,,حكومية / Public
محبوب بن الرحيل للتعليم الاساسى للبنين الصفوف (5-9),Mahbob bin alraheal,محافظة شمال الباطنة,Al Batinah North,صــحار,,حكومية / Public
مالك بن هبيره للتعليم الاساسى للبنين الصفوف (5-7),Malik bin Hubira,محافظة شمال الباطنة,Al Batinah North,صــحار,,حكومية / Public
مدرسة مناهل الخير الخاصة,Manahel Al Khair Private School,محافظة شمال الباطنة ,Al Batinah North,صــحار,Sohar,خاصة / Private
مدرسة مناهل صحار الخاصة,Manahil Sohar Private School,محافظة شمال الباطنة ,Al Batinah North,صــحار,Sohar,خاصة / Private
مدرسة مشاعل الفكر الخاصة,Mashael Alfikr Private School,محافظة شمال الباطنة ,Al Batinah North,صــحار,Sohar,خاصة / Private
مسعود بن رمضان للتعليم الاساسى للبنين الصفوف (10-12),Masood bin Ramadan,محافظة شمال الباطنة,Al Batinah North,صــحار,,حكومية / Public
ماسة صحار للتعليم الاساسي الصفوف (1-4),Mast Suhar,محافظة شمال الباطنة,Al Batinah North,صــحار,,حكومية / Public
محمد بن ابراهيم الكندى للتعليم الاساسى للبنين الصفوف (5-12),Mohammed bin Ibrahim,محافظة شمال الباطنة,Al Batinah North,صــحار,,حكومية / Public
محمد بن محبوب الرحيلى للتعليم الاساسى للبنين الصفوف (5-9),Mohammed bin Mahboob,محافظة شمال الباطنة,Al Batinah North,صــحار,,حكومية / Public
نعيم بن مسعود  للتعليم الاساسى للبنين الصفوف (10-12),Naeem bin Masood,محافظة شمال الباطنة,Al Batinah North,صــحار,,حكومية / Public
مدرسة نور المناهل الخاصة,Noor Al Manahel Private School,محافظة شمال الباطنة ,Al Batinah North,صــحار,Sohar,خاصة / Private
مدرسة نجوم المستقبل الخاصة,Nujoom Al Mustaqbal Private School,محافظة شمال الباطنة ,Al Batinah North,صــحار,Sohar,خاصة / Private
رياض الإبداع للتعليم الاساسى الصفوف (1-4),Reyadh Alebdaa,محافظة شمال الباطنة,Al Batinah North,صــحار,,حكومية / Public
سيف بن هبيــره للتعليم الاساسى للبنين الصفوف (8-10),Saif bin Hubira,محافظة شمال الباطنة,Al Batinah North,صــحار,,حكومية / Public
شموخ المجد للتعليم الاساسي الصفوف (1-4),Shmokh Al Majd,محافظة شمال الباطنة,Al Batinah North,صــحار,,حكومية / Public
شموع الوطن للتعليم الاساسى الصفوف (1-3),Shomooa Alwatan,محافظة شمال الباطنة,Al Batinah North,صــحار,,حكومية / Public
صحار  للتعليم الاساسى للبنين الصفوف (10-12),Sohar,محافظة شمال الباطنة,Al Batinah North,صــحار,,حكومية / Public
Sohar Beach private school,Sohar Beach private school,محافظة شمال الباطنة ,Al Batinah North,صــحار,Sohar,خاصة / Private
سليمان بن عبـاد للتعليم الاساسى للبنين الصفوف (8-10),Sulieman bin Abaad,محافظة شمال الباطنة,Al Batinah North,صــحار,,حكومية / Public
تبوك للتعليم الاساسى للبنات الصفوف (5-12),Tabook,محافظة شمال الباطنة,Al Batinah North,صــحار,,حكومية / Public
ام سلمـــه للتعليم الاساسى للبنات الصفوف (10-12),Um Salama,محافظة شمال الباطنة,Al Batinah North,صــحار,,حكومية / Public
ام سليــم للتعليم الاساسى للبنات الصفوف (5-10),Um Saleem,محافظة شمال الباطنة,Al Batinah North,صــحار,,حكومية / Public
وادى الحلتـى للتعليم الاساسى الصفوف (1-12),Wadi Alhalti,محافظة شمال الباطنة,Al Batinah North,صــحار,,حكومية / Public
وادى الجـزى للتعليم الاساسى الصفوف (1-12),Wadi Aljizi,محافظة شمال الباطنة,Al Batinah North,صــحار,,حكومية / Public
وادى حيبــى للتعليم الاساسى الصفوف (1-10),Wadi Hibi,محافظة شمال الباطنة,Al Batinah North,صــحار,,حكومية / Public
الاستقامــه للتعليم الاساسى الصفوف (1-12),alastqama,محافظة شمال الباطنة,Al Batinah North,صــحار,,حكومية / Public
الاشراق للتعليم الاساسى الصفوف (1-4),aleshraq,محافظة شمال الباطنة,Al Batinah North,صــحار,,حكومية / Public
الهمبار للتعليم الاساسى الصفوف (1-4),alhmbar,محافظة شمال الباطنة,Al Batinah North,صــحار,,حكومية / Public
رياض العلم للتعليم الاساسى الصفوف (1-4),reyad alealm,محافظة شمال الباطنة,Al Batinah North,صــحار,,حكومية / Public
ام عماره للتعليم الاساسى للبنات الصفوف (4-9),um emara,محافظة شمال الباطنة,Al Batinah North,صــحار,,حكومية / Public
مدرسة أمجاد صحار الخاصة,مدرسة أمجاد صحار الخاصة,محافظة شمال الباطنة ,Al Batinah North,صــحار,Sohar,خاصة / Private
مدرسة أنوار المجد الخاصة,مدرسة أنوار المجد الخاصة,محافظة شمال الباطنة ,Al Batinah North,صــحار,Sohar,خاصة / Private
مدرسة إشراقة صحار الخاصة,مدرسة إشراقة صحار الخاصة,محافظة شمال الباطنة ,Al Batinah North,صــحار,Sohar,خاصة / Private
مدرسة الامل الخاصة,مدرسة الامل الخاصة,محافظة شمال الباطنة ,Al Batinah North,صــحار,Sohar,خاصة / Private
مدرسة البوابة الذهبية الخاصة,مدرسة البوابة الذهبية الخاصة,محافظة شمال الباطنة ,Al Batinah North,صــحار,Sohar,خاصة / Private
مدرسة الجدارة الخاصة,مدرسة الجدارة الخاصة,محافظة شمال الباطنة ,Al Batinah North,صــحار,Sohar,خاصة / Private
مدرسة روضة الفلج الخاصة,مدرسة روضة الفلج الخاصة,محافظة شمال الباطنة ,Al Batinah North,صــحار,Sohar,خاصة / Private
Rawdat Al Falaj Private School - Al Tareef Branch,مدرسة روضة الفلج الخاصة ( فرع الطريف ),محافظة شمال الباطنة ,Al Batinah North,صــحار,Sohar,خاصة / Private
مدرسة فيض النور الخاصة,مدرسة فيض النور الخاصة,محافظة شمال الباطنة ,Al Batinah North,صــحار,Sohar,خاصة / Private
مدرسة منبع النور الخاصة للتعليم المبكر (تعليم القرآن الكريم),مدرسة منبع النور الخاصة للتعليم المبكر (تعليم القرآن الكريم),محافظة شمال الباطنة ,Al Batinah North,صــحار,Sohar,خاصة / Private
مدرسة واحة المعرفة الخاصة,مدرسة واحة المعرفة الخاصة,محافظة شمال الباطنة ,Al Batinah North,صــحار,Sohar,خاصة / Private
مدرسة واحة صحار الخاصة,مدرسة واحة صحار الخاصة,محافظة شمال الباطنة ,Al Batinah North,صــحار,Sohar,خاصة / Private
مدرسة وحي الايمان الخاصة,مدرسة وحي الايمان الخاصة,محافظة شمال الباطنة ,Al Batinah North,صــحار,Sohar,خاصة / Private
الامام الشافعى للتعليم الاساسى للبنين الصفوف (9-12),AL Emam Alshafaee,محافظة شمال الباطنة,Al Batinah North,صــحم,,حكومية / Public
عبدالرحمن بن عوف للتعليم الاساسى للبنين الصفوف (5-9),Abdualrhman bin Owf,محافظة شمال الباطنة,Al Batinah North,صــحم,,حكومية / Public
عفراء بنت عبيد الانصاريه للتعليم الاساسى للبنات الصفوف (6-9),Afraa bint Obaid Alansariah,محافظة شمال الباطنة,Al Batinah North,صــحم,,حكومية / Public
الحسين بن على للتعليم الاساسى للبنين الصفوف (8-10),Ahohsin bin Ali,محافظة شمال الباطنة,Al Batinah North,صــحم,,حكومية / Public
مدرسة أجيال الباطنة الخاصة,Ajyal Al Batinah Private School,محافظة شمال الباطنة ,Al Batinah North,صــحم,Saham,خاصة / Private
مدرسة أجيال العلم الخاصة للتعليم المبكّر (روضة),Ajyal Al Ilm Private School,محافظة شمال الباطنة ,Al Batinah North,صــحم,Saham,خاصة / Private
مدرسة النماء الخاصة,Al Namaa Private School,محافظة شمال الباطنة ,Al Batinah North,صــحم,Saham,خاصة / Private
الغيث للتعليم الاساسى الصفوف (1-4),Al ghaith,محافظة شمال الباطنة,Al Batinah North,صــحم,,حكومية / Public
البلد الأمين للتعليم الأساسي الصفوف (1-4),Al-Balad Al-Amin,محافظة شمال الباطنة,Al Batinah North,صــحم,,حكومية / Public
النور المبين للتعليم الأساسي الصفوف (1-4),Al-Noor Almoubin,محافظة شمال الباطنة,Al Batinah North,صــحم,,حكومية / Public
الارقم بن ابى الارقم للتعليم الاساسى للبنين الصفوف (5-7),Alarqam bin Abi Alarqam,محافظة شمال الباطنة,Al Batinah North,صــحم,,حكومية / Public
الضيـــاء للتعليم الاساسى للبنات الصفوف (5-9),Aldya,محافظة شمال الباطنة,Al Batinah North,صــحم,,حكومية / Public
الابداع للتعليم الاساسى للبنين الصفوف (5-8),Alebdaa,محافظة شمال الباطنة,Al Batinah North,صــحم,,حكومية / Public
الابتكار للتعليم الاساسى الصفوف (1-4),Alebtekar,محافظة شمال الباطنة,Al Batinah North,صــحم,,حكومية / Public
الاخلاص للتعليم الاساسى الصفوف (1-4),Alekhlass,محافظة شمال الباطنة,Al Batinah North,صــحم,,حكومية / Public
الاسراء للتعليم الاساسى الصفوف (1-4),Alesra,محافظة شمال الباطنة,Al Batinah North,صــحم,,حكومية / Public
الخمائل للتعليم الاساسى للبنين الصفوف (5-7),Alkmail,محافظة شمال الباطنة,Al Batinah North,صــحم,,حكومية / Public
اروى للتعليم الاساسى للبنات الصفوف (5-9),Arwa,محافظة شمال الباطنة,Al Batinah North,صــحم,,حكومية / Public
عاتكه للتعليم الاساسى للبنات الصفوف (10-12),Atika,محافظة شمال الباطنة,Al Batinah North,صــحم,,حكومية / Public
بلج بن عقبه الفراهيدى للتعليم الاساسى للبنين الصفوف (5-8),Balaj bin Oqbah Alfrahidi,محافظة شمال الباطنة,Al Batinah North,صــحم,,حكومية / Public
مدرسة بناة المجد الخاصة,Bunaat Al Majd Private School,محافظة شمال الباطنة ,Al Batinah North,صــحم,Saham,خاصة / Private
دقـــال للتعليم الاساسى الصفوف (1-12),Doqal,محافظة شمال الباطنة,Al Batinah North,صــحم,,حكومية / Public
درة بنت أبي سلمة للتعليم الاساسى للبنات الصفوف (5-9),Dura bint Abi Salama,محافظة شمال الباطنة,Al Batinah North,صــحم,,حكومية / Public
هلال بن عطيه للتعليم الاساسى للبنين الصفوف (8-10),Hilal bin Atiah,محافظة شمال الباطنة,Al Batinah North,صــحم,,حكومية / Public
حنيــــن للتعليم الاساسى للبنات الصفوف (5-10),Honin,محافظة شمال الباطنة,Al Batinah North,صــحم,,حكومية / Public
المدرسة الهندية بصحم,Indian School Saham,محافظة شمال الباطنة ,Al Batinah North,صــحم,Saham,خاصة / Private
جعفر بن ابى طالب للتعليم الاساسى للبنين الصفوف (5-10),Jafar bin Abi Talib,محافظة شمال الباطنة,Al Batinah North,صــحم,,حكومية / Public
مدرسة جوهرة النهضةالخاصة ثنائية اللغة,Jawharat Al-Nahdha Private Bilingual School ,محافظة شمال الباطنة ,Al Batinah North,صــحم,Saham,خاصة / Private
جنان المعرفة للتعليم الاساسى الصفوف (1-4),Jenan almarefa,محافظة شمال الباطنة,Al Batinah North,صــحم,,حكومية / Public
جمانه بنت ابى طالب للتعليم الاساسى الصفوف (5-10),Jomana bint Abi Talib,محافظة شمال الباطنة,Al Batinah North,صــحم,,حكومية / Public
كعب بن برشه للتعليم الاساسى للبنين الصفوف (9-12),Kaab bin Barsha,محافظة شمال الباطنة,Al Batinah North,صــحم,,حكومية / Public
Kawakeb AlBatinah Private School,Kawakeb AlBatinah Private School,محافظة شمال الباطنة ,Al Batinah North,صــحم,Saham,خاصة / Private
خديجه الكبـرى للتعليم الاساسى للبنات  الصفوف (5-9),Khadija Alkobra,محافظة شمال الباطنة,Al Batinah North,صــحم,,حكومية / Public
مدرسة منار العقول الخاصة,Manar Al Oqool Private School,محافظة شمال الباطنة ,Al Batinah North,صــحم,Saham,خاصة / Private
معاذه العدويه للتعليم الاساسى للبنات الصفوف (5-9),Moathah Aladawiah,محافظة شمال الباطنة,Al Batinah North,صــحم,,حكومية / Public
نفيسه بنت الحسـن للتعليم الاساسى للبنات الصفوف (10-12),Nafeesa,محافظة شمال الباطنة,Al Batinah North,صــحم,,حكومية / Public
مدرسة نهل الوفاء الخاصة,Nahl Al Wafa Private School,محافظة شمال الباطنة ,Al Batinah North,صــحم,Saham,خاصة / Private
مدرسة نبراس صحم الخاصة,Nibras Saham Private School,محافظة شمال الباطنة ,Al Batinah North,صــحم,Saham,خاصة / Private
ابى بن كعـب للتعليم الاساسى للبنين الصفوف (5-12),Obai bin Kaab,محافظة شمال الباطنة,Al Batinah North,صــحم,,حكومية / Public
رحيق العلم للتعليم الاساسى الصفوف (1-4),Raheeq Alelem,محافظة شمال الباطنة,Al Batinah North,صــحم,,حكومية / Public
ركائز المستقبل للتعليم الاساسى الصفوف (1-4),Rakayiz Al Mustaqbl,محافظة شمال الباطنة,Al Batinah North,صــحم,,حكومية / Public
مدرسة رياض الأوائل الخاصة,Riyadh Al Awail Private School,محافظة شمال الباطنة ,Al Batinah North,صــحم,Saham,خاصة / Private
صحــم  للتعليم الاساسى للبنات الصفوف (10-12),Saham,محافظة شمال الباطنة,Al Batinah North,صــحم,,حكومية / Public
Saham Private School,Saham Private School,محافظة شمال الباطنة ,Al Batinah North,صــحم,Saham,خاصة / Private
سعيد بن زيد للتعليم الاساسى الصفوف (1-12),Said bin Zaid,محافظة شمال الباطنة,Al Batinah North,صــحم,,حكومية / Public
Science's Future Private School,Science's Future Private School,محافظة شمال الباطنة ,Al Batinah North,صــحم,Saham,خاصة / Private
شوامخ العلم للتعليم الاساسى الصفوف (1-5),Shawamikh Al Elm,محافظة شمال الباطنة,Al Batinah North,صــحم,,حكومية / Public
شيـــده للتعليم الاساسى الصفوف (1-10),Shedah,محافظة شمال الباطنة,Al Batinah North,صــحم,,حكومية / Public
ام القـــرى للتعليم الاساسى الصفوف (1-4),Um Alqura,محافظة شمال الباطنة,Al Batinah North,صــحم,,حكومية / Public
وادى بنى عمـر للتعليم الاساسى الصفوف (1-12),Wadi Bani Omar,محافظة شمال الباطنة,Al Batinah North,صــحم,,حكومية / Public
يعرب بن بلعرب للبنين الصفوف (11-12),Yaarob bin Blarab,محافظة شمال الباطنة,Al Batinah North,صــحم,,حكومية / Public
زهور الادب للتعليم الاساسى الصفوف (1-4),Zohoor Aladab,محافظة شمال الباطنة,Al Batinah North,صــحم,,حكومية / Public
الفرقان للتعليم الاساسى الصفوف (1-4),alforqan,محافظة شمال الباطنة,Al Batinah North,صــحم,,حكومية / Public
المعانى للتعليم الاساسى الصفوف (1-4),alma'ani,محافظة شمال الباطنة,Al Batinah North,صــحم,,حكومية / Public
المصباح  للتعليم الاساسى الصفوف (1-4),almisbah,محافظة شمال الباطنة,Al Batinah North,صــحم,,حكومية / Public
النظائر للتعليم الاساسى الصفوف (1-4),alnathaer,محافظة شمال الباطنة,Al Batinah North,صــحم,,حكومية / Public
الصرح للتعليم الاساسى الصفوف (1-4),alsarh,محافظة شمال الباطنة,Al Batinah North,صــحم,,حكومية / Public
مجز الصغرى للتعليم الاساسى الصفوف (1-4),magaz alsogra,محافظة شمال الباطنة,Al Batinah North,صــحم,,حكومية / Public
منارة العلم للتعليم الاساسى الصفوف (1-4),manart alealm,محافظة شمال الباطنة,Al Batinah North,صــحم,,حكومية / Public
شواطئ المعرفه للتعليم الاساسى الصفوف (1-4),shawate Almarefa,محافظة شمال الباطنة,Al Batinah North,صــحم,,حكومية / Public
واحه العلم للتعليم الاساسى الصفوف (1-4),wahat ale'elm,محافظة شمال الباطنة,Al Batinah North,صــحم,,حكومية / Public
world of learning private school,world of learning private school,محافظة شمال الباطنة ,Al Batinah North,صــحم,Saham,خاصة / Private
مدرسة الإسناد الخاصة - ثنائية اللغة,مدرسة الإسناد الخاصة - ثنائية اللغة,محافظة شمال الباطنة ,Al Batinah North,صــحم,Saham,خاصة / Private
مدرسة دار العلوم الخاصة,مدرسة دار العلوم الخاصة,محافظة شمال الباطنة ,Al Batinah North,صــحم,Saham,خاصة / Private
مدرسة شروق المعرفة الخاصة,مدرسة شروق المعرفة الخاصة,محافظة شمال الباطنة ,Al Batinah North,صــحم,Saham,خاصة / Private
مدرسة وحي المعرفة الخاصة,مدرسة وحي المعرفة الخاصة,محافظة شمال الباطنة ,Al Batinah North,صــحم,Saham,خاصة / Private
مدرسة الفجر الباسم الخاصة,Al Fajr al Basm Private School,محافظة شمال الباطنة ,Al Batinah North,لـوى,Liwa,خاصة / Private
مدرسة الأشبال الخاصة,Al-Ashpal Private School,محافظة شمال الباطنة ,Al Batinah North,لـوى,Liwa,خاصة / Private
الباطنة للتعليم الأساسي للبنين الصفوف (9-12),Al-Batina,محافظة شمال الباطنة,Al Batinah North,لـوى,,حكومية / Public
الركن اليماني للتعليم الأساسي الصفوف (1-4),Al-Roken Al-Yamani,محافظة شمال الباطنة,Al Batinah North,لـوى,,حكومية / Public
المؤمنـه للتعليم الاساسى للبنات الصفوف (5-12),Almoamena,محافظة شمال الباطنة,Al Batinah North,لـوى,,حكومية / Public
اسماء بنت ابى بكر للتعليم الأساسي الصفوف (1-4),Asmma bint Abi Baker,محافظة شمال الباطنة,Al Batinah North,لـوى,,حكومية / Public
بلوغ الأمل للتعليم الأساسي للبنات الصفوف (9-12),Bolwg Al-Amal,محافظة شمال الباطنة,Al Batinah North,لـوى,,حكومية / Public
حصون العز للتعليم الأساسي للبنين الصفوف (5-8),Husoon Al-ez,محافظة شمال الباطنة,Al Batinah North,لـوى,,حكومية / Public
اميه بنت قيس  للتعليم الاساسى الصفوف (1-4),Omaia bint Qais,محافظة شمال الباطنة,Al Batinah North,لـوى,,حكومية / Public
رياض الازهار للتعليم الاساسى للبنات الصفوف (5-9),Reyadh Al-Azhar,محافظة شمال الباطنة,Al Batinah North,لـوى,,حكومية / Public
طلائع الغد للتعليم الاساسى الصفوف (1-4),Talaea Algahd,محافظة شمال الباطنة,Al Batinah North,لـوى,,حكومية / Public
زمزم للتعليم الاساسى الصفوف (1-4),Zamzam,محافظة شمال الباطنة,Al Batinah North,لـوى,,حكومية / Public
الامام الربيع بن حبيب للتعليم الاساسى للبنين الصفوف (9-12),alemam alrabea bin habib,محافظة شمال الباطنة,Al Batinah North,لـوى,,حكومية / Public
حافظ بن سيف للتعليم الاساسى للبنين الصفوف (5-9),hafidh bin saif,محافظة شمال الباطنة,Al Batinah North,لـوى,,حكومية / Public
لوى للتعليم الاساسى الصفوف (5-8),liwa,محافظة شمال الباطنة,Al Batinah North,لـوى,,حكومية / Public
قيس بن سعد بن عباده للتعليم الاساسى للبنين الصفوف (5-8),qais bin saad bin obada,محافظة شمال الباطنة,Al Batinah North,لـوى,,حكومية / Public
رحب للتعليم الاساسى الصفوف (1-12),rahb,محافظة شمال الباطنة,Al Batinah North,لـوى,,حكومية / Public
صفيه الثقفيه للتعليم الاساسى الصفوف (1-8),safia althaqafia,محافظة شمال الباطنة,Al Batinah North,لـوى,,حكومية / Public
صحار بن العبــاس للتعليم الاساسى للبنين الصفوف (5-10),sohar bin alabass,محافظة شمال الباطنة,Al Batinah North,لـوى,,حكومية / Public
مدرسة الخزامى الخاصة,مدرسة الخزامى الخاصة,محافظة شمال الباطنة ,Al Batinah North,لـوى,Liwa,خاصة / Private
مدرسة الصباح الخاصة,مدرسة الصباح الخاصة,محافظة شمال الباطنة ,Al Batinah North,لـوى,Liwa,خاصة / Private
مدرسة المنى الخاصة,مدرسة المنى الخاصة,محافظة شمال الباطنة ,Al Batinah North,لـوى,Liwa,خاصة / Private
مدرسة غراس الخاصة بلوى,مدرسة غراس الخاصة بلوى,محافظة شمال الباطنة ,Al Batinah North,لـوى,Liwa,خاصة / Private
مدرسة مرايا العلم الخاصة للتعليم المبكر(روضة),مدرسة مرايا العلم الخاصة للتعليم المبكر(روضة),محافظة شمال الباطنة ,Al Batinah North,لـوى,Liwa,خاصة / Private
الشيخ ابوقحطان الهجارى للتعليم الاساسى للبنين الصفوف (5-12),A'Sheikh Abo Qahtan Al Hijari 5-12 School (Boys,محافظة جنوب الباطنة,Al Batinah South,العـوابي,,حكومية / Public
العوابى للتعليم الاساسى الصفوف (1-4),Al Awabi 1-4 School,محافظة جنوب الباطنة,Al Batinah South,العـوابي,,حكومية / Public
المعالم للتعليم الاساسى الصفوف(1-4),Al Ma'alim 1-4 School,محافظة جنوب الباطنة,Al Batinah South,العـوابي,,حكومية / Public
مدرسة مهد العلم الخاصة,Mahd Al Ilm Private School,محافظة جنوب الباطنة,Al Batinah South,العـوابي,Al Awabi,خاصة / Private
ام حكيم للتعليم الاساسى الصفوف (1-12),Omm Hakeem 1-12 School,محافظة جنوب الباطنة,Al Batinah South,العـوابي,,حكومية / Public
سلمى بنت قيس للتعليم الاساسى للبنات الصفوف (5-12),Salma Bint Qais 5-12 School (Girls,محافظة جنوب الباطنة,Al Batinah South,العـوابي,,حكومية / Public
ستال للتعليم الاساسى الصفوف (1-10),Sital 1-10 School,محافظة جنوب الباطنة,Al Batinah South,العـوابي,,حكومية / Public
وادى بنى خروص للتعليم الاساسى للبنين الصفوف (5-12),Wadi Bani Kharous 5-12 School (Boys,محافظة جنوب الباطنة,Al Batinah South,العـوابي,,حكومية / Public
النوار بنت مالك للتعليم الاساسى للبنات الصفوف (5-12),A'Nnawar Bint Malik 5-12 school (girls,محافظة جنوب الباطنة,Al Batinah South,الـرستاق,,حكومية / Public
النعمان بن بشير للتعليم الاساسي للبنين الصفوف(5-7),A'No'man Bin Basheer 5-7 School(Boys,محافظة جنوب الباطنة,Al Batinah South,الـرستاق,,حكومية / Public
الربيع النجاريه للتعليم الاساسى للبنات الصفوف (12-8),A'Rabea A'Njaria 8-12 School (Girls,محافظة جنوب الباطنة,Al Batinah South,الـرستاق,,حكومية / Public
الرستاق للتعليم الاساسى للبنات الصفوف (12-5),A'Rustaq 5-12 School (girls,محافظة جنوب الباطنة,Al Batinah South,الـرستاق,,حكومية / Public
الشيخ خلف بن سنان الغافري للتعليم الأساسي للبنين الصفوف(9-5),A'Sheikh Khalaf Bin Sinan AlGhafri5-9 School(Boys,محافظة جنوب الباطنة,Al Batinah South,الـرستاق,,حكومية / Public
الشعاع للتعليم الاساسى الصفوف(1-4),A'Shua'a 1-4 Scool,محافظة جنوب الباطنة,Al Batinah South,الـرستاق,,حكومية / Public
الطباقة والخضراء للتعليم الأساسي الصفوف(1-10),A'Tabaqa and Al khadhrah 1-10 School,محافظة جنوب الباطنة,Al Batinah South,الـرستاق,,حكومية / Public
الثقافه للتعليم الاساسى الصفوف (4-1),A'Thaqafa 1-4 School,محافظة جنوب الباطنة,Al Batinah South,الـرستاق,,حكومية / Public
عبدالله بن جعفر للتعليم الاساسى للبنين الصفوف (5-12),Abdullah Bin Ja'far 5-12 school (Boys,محافظة جنوب الباطنة,Al Batinah South,الـرستاق,,حكومية / Public
العهد للتعليم الاساسى الصفوف (1-4),Al Ahd 1-4 School,محافظة جنوب الباطنة,Al Batinah South,الـرستاق,,حكومية / Public
الفضل بن العباس للتعليم الأساسي للبنين الصفوف (8-10),Al Fadhl Bin Al Abass 8-10 School (Boys,محافظة جنوب الباطنة,Al Batinah South,الـرستاق,,حكومية / Public
مدرسة الفلق الخاصة,Al Falaq Private School,محافظة جنوب الباطنة,Al Batinah South,الـرستاق,Al Rustaq,خاصة / Private
مدرسة الفلق الخاصة,Al Falaq Private School,محافظة جنوب الباطنة,Al Batinah South,الـرستاق,Al Rustaq,خاصة / Private
الحوقين للتعليم الأساسي الصفوف(4-1),Al Hoqain 1-4 School,محافظة جنوب الباطنة,Al Batinah South,الـرستاق,,حكومية / Public
الامام الحسن بن سعيد السحتنى للتعليم الاساسى للبنين الصفوف (12-5),Al Imam Al Hassan Bin Saeed A'Sahtani 5-12 School,محافظة جنوب الباطنة,Al Batinah South,الـرستاق,,حكومية / Public
الامام ناصر بن مرشد للتعليم الاساسى للبنين الصفوف (12-10),Al Imam Nasir Bin Morshid 10-12 School(Boys,محافظة جنوب الباطنة,Al Batinah South,الـرستاق,,حكومية / Public
الامام سعيد بن عبدالله للتعليم الاساسى للبنين الصفوف (10-5),Al Imam Saeed Bin Abdullah 5-10 School (Boys,محافظة جنوب الباطنة,Al Batinah South,الـرستاق,,حكومية / Public
مدرسة الكون الخاصة,Al Koun Private School,محافظة جنوب الباطنة,Al Batinah South,الـرستاق,Al Rustaq,خاصة / Private
مدرسة العلوم الخاصة للتعليم المبكر,Al Oloom Private School for Early Education,محافظة جنوب الباطنة,Al Batinah South,الـرستاق,Al Rustaq,خاصة / Private
القريه للتعليم الاساسى الصفوف (1-12),Al Qarya 1-12 School,محافظة جنوب الباطنة,Al Batinah South,الـرستاق,,حكومية / Public
الوشيل للتعليم الاساسى للصفوف1-4,Al Woshail 1-4 School,محافظة جنوب الباطنة,Al Batinah South,الـرستاق,,حكومية / Public
البراء بن مالك للتعليم الاساسى للبنين الصفوف (12-5),Al-Baraa' Bin Malik 5-12 school (Boys,محافظة جنوب الباطنة,Al Batinah South,الـرستاق,,حكومية / Public
الحزم للتعليم الأساسي الصفوف(4-1),Al-Hazm 1-4 School,محافظة جنوب الباطنة,Al Batinah South,الـرستاق,,حكومية / Public
العروه للتعليم الاساسي الصفوف(1-8),Al-Urwa 1-8 School,محافظة جنوب الباطنة,Al Batinah South,الـرستاق,,حكومية / Public
أروى بنت الحارث للتعليم الأساسي للبنات الصفوف (9-12),Arwa Bint AL H arith 9-12 School (Girls),محافظة جنوب الباطنة,Al Batinah South,الـرستاق,,حكومية / Public
اسيه بنت الحارث السعديه للتعليم الاساسي الصفوف (7-1),Asia Bint Harith (1-7) School,محافظة جنوب الباطنة,Al Batinah South,الـرستاق,,حكومية / Public
اسماء بنت يزيد للتعليم الاساسي الصفوف (8-1),Asma Bint Yazeed (1-8)School,محافظة جنوب الباطنة,Al Batinah South,الـرستاق,,حكومية / Public
عزاء بنت قيس البوسعيديه للتعليم الأساسي الصفوف1-4,Azza' Bint Qais ALBusaeedi 1-4 School,محافظة جنوب الباطنة,Al Batinah South,الـرستاق,,حكومية / Public
بلدسيت للتعليم الاساسى الصفوف (1-12),Balad Seet 1-12 School,محافظة جنوب الباطنة,Al Batinah South,الـرستاق,,حكومية / Public
دار الحكمه للتعليم الاساسى الصفوف(1-4),Dar Al Hikma 1-4 School,محافظة جنوب الباطنة,Al Batinah South,الـرستاق,,حكومية / Public
Fadl ibn Abbas School,Fadl ibn Abbas School,محافظة جنوب الباطنة,Al Batinah South,الـرستاق,Al Rustaq,خاصة / Private
هاط للتعليم الاساسي الصفوف(1-12),Haat 1-12 School,محافظة جنوب الباطنة,Al Batinah South,الـرستاق,,حكومية / Public
حى النهضه للتعليم الاساسى الصفوف (1-4),Hai A'Nahdhah 1-4 School,محافظة جنوب الباطنة,Al Batinah South,الـرستاق,,حكومية / Public
حى الامجاد للتعليم الاساسى الصفوف(1-4),Hai Al Amjad 1-4 School,محافظة جنوب الباطنة,Al Batinah South,الـرستاق,,حكومية / Public
حاجر بنى عمر للتعليم الاساسى الصفوف (1-10),Hajir Bani Omar 1-10 school,محافظة جنوب الباطنة,Al Batinah South,الـرستاق,,حكومية / Public
هشام بن حكيم للتعليم الاساسي للبنين الصفوف (5-9),Hisham Bin Hakeem (5-9) School (Boys),محافظة جنوب الباطنة,Al Batinah South,الـرستاق,,حكومية / Public
المدرسة الهندية بالرستاق,Indian School Rustaq,محافظة جنوب الباطنة,Al Batinah South,الـرستاق,Al Rustaq,خاصة / Private
المدرسة الهندية بالرستاق,Indian School Rustaq (ISR),محافظة جنوب الباطنة,Al Batinah South,الـرستاق,Al Rustaq,خاصة / Private
جماء للتعليم الاساسى الصفوف (1-10),Jamma 1-10 School,محافظة جنوب الباطنة,Al Batinah South,الـرستاق,,حكومية / Public
روضة منازل النور الخاصة,Manazel Alnoor Private School,محافظة جنوب الباطنة,Al Batinah South,الـرستاق,Al Rustaq,خاصة / Private
مرى للتعليم الاساسى الصفوف (1-10),Morry 1-10 School,محافظة جنوب الباطنة,Al Batinah South,الـرستاق,,حكومية / Public
ام كلثوم بنت على للتعليم الاساسى الصفوف (1-10),Omm Kolthoum Bint Ali 1-10 School,محافظة جنوب الباطنة,Al Batinah South,الـرستاق,,حكومية / Public
اسيد بن حضير للتعليم الاساسى للبنين الصفوف (10-5),Osaid Bin Hodhair 5-10 School (Boys,محافظة جنوب الباطنة,Al Batinah South,الـرستاق,,حكومية / Public
عثمان بن مظعون للتعليم الاساسى للبنين الصفوف(5-12),Othman Bin Math'oon 5-12 School (Boys,محافظة جنوب الباطنة,Al Batinah South,الـرستاق,,حكومية / Public
راشد بن عميره  للتعليم الاساسى للبنين الصفوف (10-12),Rashed Bin Omira (10-12) boys,محافظة جنوب الباطنة,Al Batinah South,الـرستاق,,حكومية / Public
سعد بن الربيع للتعليم الاساسى للبنين الصفوف (5-9),Sa'd Bin A'Rabea' 5-9 School (Boys,محافظة جنوب الباطنة,Al Batinah South,الـرستاق,,حكومية / Public
سلمى بنت عميس  للتعليم الاساسى للبنات  الصفوف (5 - 12),Salma Bint Omise 5-12 School Girls,محافظة جنوب الباطنة,Al Batinah South,الـرستاق,,حكومية / Public
مدرسة الصرح العلمي الخاصة للتعليم المبكر,Sareh Al Elm Private School,محافظة جنوب الباطنة,Al Batinah South,الـرستاق,Al Rustaq,خاصة / Private
سيع للتعليم الاساسى الصفوف (1-9),Sea`1-9 School,محافظة جنوب الباطنة,Al Batinah South,الـرستاق,,حكومية / Public
روضة شمس الربيع الخاصة,Shams Alrabee Private Kindergarten,محافظة جنوب الباطنة,Al Batinah South,الـرستاق,Al Rustaq,خاصة / Private
سنى للتعليم الاساسى الصفوف (1-12),Sini 1-12 School,محافظة جنوب الباطنة,Al Batinah South,الـرستاق,,حكومية / Public
صهيب بن سنان للتعليم الاساسى للبنين الصفوف (5-12),Sohaib Bin Sinan 5-10 School (Boys,محافظة جنوب الباطنة,Al Batinah South,الـرستاق,,حكومية / Public
sohib school,Sohib School,محافظة جنوب الباطنة,Al Batinah South,الـرستاق,Al Rustaq,خاصة / Private
وادى السحتن للتعليم الاساسى الصفوف (1-12),Wadi A'Sahtan 1-12 School,محافظة جنوب الباطنة,Al Batinah South,الـرستاق,,حكومية / Public
وادى بنى هنى للتعليم الاساسى للبنات الصفوف (5-10),Wadi Bani Hinai 5-10 School (girls,محافظة جنوب الباطنة,Al Batinah South,الـرستاق,,حكومية / Public
وادى بنى عوف للتعليم الاساسى الصفوف (1-12),Wadi Bani Ouf 1-12 School,محافظة جنوب الباطنة,Al Batinah South,الـرستاق,,حكومية / Public
يقاء للتعليم االاساسى الصفوف (1-10),Yaqaa 1-10 School,محافظة جنوب الباطنة,Al Batinah South,الـرستاق,,حكومية / Public
يصب للتعليم الاساسى الصفوف (1-12),Yasab 1-12 School,محافظة جنوب الباطنة,Al Batinah South,الـرستاق,,حكومية / Public
روضة زهور بدية الخاصة,Zohoor Bidya Private Kindergarten,محافظة جنوب الباطنة,Al Batinah South,الـرستاق,Al Rustaq,خاصة / Private
خفدى للتعليم الاساسى الصفوف (1-4),khafdi 1-4 School,محافظة جنوب الباطنة,Al Batinah South,الـرستاق,,حكومية / Public
مدرسة الطالب الذكي الخاصة الرستاق,مدرسة الطالب الذكي الخاصة الرستاق,محافظة جنوب الباطنة,Al Batinah South,الـرستاق,Al Rustaq,خاصة / Private
مدرسة العراقي الخاصة ثنائية اللغة,مدرسة العراقي الخاصة ثنائية اللغة,محافظة جنوب الباطنة,Al Batinah South,الـرستاق,Al Rustaq,خاصة / Private
مدرسة الهداية الخاصة للتعليم المبكر,مدرسة الهداية الخاصة للتعليم المبكر,محافظة جنوب الباطنة,Al Batinah South,الـرستاق,Al Rustaq,خاصة / Private
مدرسة براعم الحوقين الخاصة,مدرسة براعم الحوقين الخاصة,محافظة جنوب الباطنة,Al Batinah South,الـرستاق,Al Rustaq,خاصة / Private
مدرسة جابر بن زيد الخاصة,مدرسة جابر بن زيد الخاصة,محافظة جنوب الباطنة,Al Batinah South,الـرستاق,Al Rustaq,خاصة / Private
مدرسة غراس الخاصة - الرستاق,مدرسة غراس الخاصة - الرستاق,محافظة جنوب الباطنة,Al Batinah South,الـرستاق,Al Rustaq,خاصة / Private
مدرسة واحة الرستاق الخاصة,مدرسة واحة الرستاق الخاصة,محافظة جنوب الباطنة,Al Batinah South,الـرستاق,Al Rustaq,خاصة / Private
الرجاء للتعليم الاساسى الصفوف (1-4),A'Rajaa' 1-4 School,محافظة جنوب الباطنة,Al Batinah South,المـصـنعة,,حكومية / Public
الصفاء للتعليم الاساسى الصفوف (1-4),A'Safaa' 1-4 School,محافظة جنوب الباطنة,Al Batinah South,المـصـنعة,,حكومية / Public
الشيخ سعيد بن محرز النزوى للتعليم الاساسى للبنين الصفوف (5-9),A'Sheikh Saeed Bin Mohriz 5-9 School (Boys,محافظة جنوب الباطنة,Al Batinah South,المـصـنعة,,حكومية / Public
الشرس للتعليم الأساسي الصفوف(1-4),A'Shirs 1-4 School,محافظة جنوب الباطنة,Al Batinah South,المـصـنعة,,حكومية / Public
الشعيبه للتعليم الاساسى الصفوف (1-4),A'Shu'aiba 1-4 School,محافظة جنوب الباطنة,Al Batinah South,المـصـنعة,,حكومية / Public
الطفيل بن عمرو للتعليم الأساسي للبنين الصفوف (10-12),A'Tofail Bin Amr 10-12 School (Boys,محافظة جنوب الباطنة,Al Batinah South,المـصـنعة,,حكومية / Public
البيروني للتعليم الأساسي للبنين الصفوف(5-7),AL Biruni 5-7 School (Boys,محافظة جنوب الباطنة,Al Batinah South,المـصـنعة,,حكومية / Public
التقى للتعليم الأساسي الصفوف (1-4),ALTuqa 1-4 school,محافظة جنوب الباطنة,Al Batinah South,المـصـنعة,,حكومية / Public
ابو عبالى الساحل للتعليم الاساسى الصفوف (1-4),Abo Abali A'Sahil 1-4 School,محافظة جنوب الباطنة,Al Batinah South,المـصـنعة,,حكومية / Public
العلاء بن وهب للبنين الصفوف (11-12),Al Alaa' Bin Wahb 11-12 School (Boys,محافظة جنوب الباطنة,Al Batinah South,المـصـنعة,,حكومية / Public
روضة العصر المشرق الخاصة,Al Asr Al Moshriq Private School,محافظة جنوب الباطنة,Al Batinah South,المـصـنعة,Al Musannah,خاصة / Private
العزه للتعليم الاساسى الصفوف (1-4),Al Ezza 1-4 School,محافظة جنوب الباطنة,Al Batinah South,المـصـنعة,,حكومية / Public
الامام خنبش بن محمد للتعليم الاساسى للبنين الصفوف(5-10),Al Imam Khanbash Bin Mohammed 5-10 School (Boys),محافظة جنوب الباطنة,Al Batinah South,المـصـنعة,,حكومية / Public
الخليل بن احمد الفراهيدي للتعليم الاساسي للبنين الصفوف (5-10),Al Khaleel Bin Ahmed Al Farahidi 5-10 School(Boys,محافظة جنوب الباطنة,Al Batinah South,المـصـنعة,,حكومية / Public
حضانة المجد الخاصة,Al Majed Private Nursery,محافظة جنوب الباطنة,Al Batinah South,المـصـنعة,Al Musannah,خاصة / Private
الملده للتعليم الاساسى الصفوف(1-8),Al Maladdah 1-8School,محافظة جنوب الباطنة,Al Batinah South,المـصـنعة,,حكومية / Public
مدارس الرجاء الخاصة,Al Raja Private School,محافظة جنوب الباطنة,Al Batinah South,المـصـنعة,Al Musannah,خاصة / Private
اليقين للتعليم الاساسى للبنات الصفوف(5-8),Al Yaqeen 5-8 school (Girls),محافظة جنوب الباطنة,Al Batinah South,المـصـنعة,,حكومية / Public
الامام الصلت بن مالك للبنين الصفوف (11-12),AlImam A'Sult Bin Malik 11-12 School(Boys,محافظة جنوب الباطنة,Al Batinah South,المـصـنعة,,حكومية / Public
مدرسة اليقظان الخاصة,Alyaqdan Private School,محافظة جنوب الباطنة,Al Batinah South,المـصـنعة,Al Musannah,خاصة / Private
أسعد بن زرارة للتعليم الأساسي للبنين الصفوف(8-10),Asa'ad Bin Zorarah 8-10 School(Boys,محافظة جنوب الباطنة,Al Batinah South,المـصـنعة,,حكومية / Public
عاتكه بنت ابى صفره للتعليم الاساسى للبنات الصفوف (5-10),Atikah Bint Abi Sofrah 5-10 School (Girls,محافظة جنوب الباطنة,Al Batinah South,المـصـنعة,,حكومية / Public
ضياء العلم للتعليم الاساسى الصفوف (1-4),Dhiyaa' Al Elm 1-4 School,محافظة جنوب الباطنة,Al Batinah South,المـصـنعة,,حكومية / Public
دره المعرفه للتعليم الاساسي(1-4),Durrat Al Ma'rifa 1-4 School,محافظة جنوب الباطنة,Al Batinah South,المـصـنعة,,حكومية / Public
هاله بنت خويلد للتعليم الاساسى للبنات الصفوف(9-12),Halah Bint Khuwailed 9-12(Girls,محافظة جنوب الباطنة,Al Batinah South,المـصـنعة,,حكومية / Public
Ibn al-Haytham Private School,Ibn al-Haytham Private School,محافظة جنوب الباطنة,Al Batinah South,المـصـنعة,Al Musannah,خاصة / Private
المدرسة الهندية بالمصنعة,Indian School Muladha (ISML),محافظة جنوب الباطنة,Al Batinah South,المـصـنعة,Al Musannah,خاصة / Private
كعب بن سور للتعليم الاساسى للبنين الصفوف (5-10),K'ab Bin Soor 5-10 School (Boys,محافظة جنوب الباطنة,Al Batinah South,المـصـنعة,,حكومية / Public
مزن المعرفه للتعليم الاساسى الصفوف (1-4),Muzn Al Ma'arefah 1-4 School,محافظة جنوب الباطنة,Al Batinah South,المـصـنعة,,حكومية / Public
أم حبيبة للتعليم الأساسي للبنات الصفوف(10-12),Omm  Habiba 10-12 School(Girls,محافظة جنوب الباطنة,Al Batinah South,المـصـنعة,,حكومية / Public
أم كلثوم بنت عقبة للتعليم الأساسي للبنات الصفوف(5-9),Omm Kulthoum Bint Oqbah 5-9(Girls,محافظة جنوب الباطنة,Al Batinah South,المـصـنعة,,حكومية / Public
شمس الهدى للتعليم الاساسي للبنات الصفوف(5-9),Shams Al Huda 5-9 school (Girls(,محافظة جنوب الباطنة,Al Batinah South,المـصـنعة,,حكومية / Public
شموس الابتكار للتعليم الأساسي الصفوف(1-4),Shumoos ALEbtekar1-4 School,محافظة جنوب الباطنة,Al Batinah South,المـصـنعة,,حكومية / Public
Spring Private Kindergarten,Spring Private Kindergarten,محافظة جنوب الباطنة,Al Batinah South,المـصـنعة,Al Musannah,خاصة / Private
واحه المجد للتعليم الاساسى الصفوف(1-4),Wahat Al Majd 1-4 School,محافظة جنوب الباطنة,Al Batinah South,المـصـنعة,,حكومية / Public
ودام الساحل للتعليم الاساسى الصفوف (1-4),Wudam A'Sahil 1-4 School,محافظة جنوب الباطنة,Al Batinah South,المـصـنعة,,حكومية / Public
ودام الغاف للتعليم الأساسي للبنات الصفوف(5-9),Wudam ALGhaf 5-9 School(Girls,محافظة جنوب الباطنة,Al Batinah South,المـصـنعة,,حكومية / Public
مدرسة الايضاح الخاصة,مدرسة الايضاح الخاصة,محافظة جنوب الباطنة,Al Batinah South,المـصـنعة,Al Musannah,خاصة / Private
النعمان للتعليم الاساسى الصفوف (1-4),A'No'man 1-4 School,محافظة جنوب الباطنة,Al Batinah South,بـركـاء,,حكومية / Public
الرميس للتعليم الأساسي للبنات الصفوف(8-10),A'Rumais 8-10 School(Girls,محافظة جنوب الباطنة,Al Batinah South,بـركـاء,,حكومية / Public
السوادى للتعليم الاساسى الصفوف (1-4),A'Sawadi 1-4 School,محافظة جنوب الباطنة,Al Batinah South,بـركـاء,,حكومية / Public
الثناء للتعليم الاساسى الصفوف (1-4),A'Thanaa' 1-4 School,محافظة جنوب الباطنة,Al Batinah South,بـركـاء,,حكومية / Public
التآلف للتعليم الأساسي الصفوف(1-4),AL Taaluf 1-4 School,محافظة جنوب الباطنة,Al Batinah South,بـركـاء,,حكومية / Public
الفلك للتعليم الاساسى الصفوف(1-4),AL-Fulk 1-4 School,محافظة جنوب الباطنة,Al Batinah South,بـركـاء,,حكومية / Public
الصراط للتعليم الاساسى الصفوف(1-4),AL-Serat 1-4School,محافظة جنوب الباطنة,Al Batinah South,بـركـاء,,حكومية / Public
الإدريسي للتعليم الأساسي للبنين الصفوف(7-5),ALIdreesi 5-7 School(Boys,محافظة جنوب الباطنة,Al Batinah South,بـركـاء,,حكومية / Public
الصمود للتعليم الاساسى الصفوف(1-4),ALSummod1-4 School,محافظة جنوب الباطنة,Al Batinah South,بـركـاء,,حكومية / Public
مدرسة عبدالله بن وهب للبنين,Abd Allah ibn Wahb School,محافظة جنوب الباطنة,Al Batinah South,بـركـاء,Barka,خاصة / Private
عبد بن الجلندى للتعليم الاساسي للبنين الصفوف(8-10),Abd Bin AL Julanda 8-10 School(Boys,محافظة جنوب الباطنة,Al Batinah South,بـركـاء,,حكومية / Public
عبدالله بن وهب للتعليم الأساسي للبنين الصفوف (10-12),Abdullah Bin Wahb 10-12 School (Boys,محافظة جنوب الباطنة,Al Batinah South,بـركـاء,,حكومية / Public
ابو محمد الأزدي للتعليم الأساسي للبنين الصفوف(12-10),Abu Mohammed ALAzdi School 10-12(Boys,محافظة جنوب الباطنة,Al Batinah South,بـركـاء,,حكومية / Public
الامل للتعليم الاساسى للبنات الصفوف (10-12),Al Amal 10-12 School (Girls,محافظة جنوب الباطنة,Al Batinah South,بـركـاء,,حكومية / Public
مدرسة الأرض الطيبة الخاصة للتعليم المبكر,Al Ard Altayiba School,محافظة جنوب الباطنة,Al Batinah South,بـركـاء,Barka,خاصة / Private
روضة العصر المشرق الخاصة,Al Asr Al Moshriq Private School,محافظة جنوب الباطنة,Al Batinah South,بـركـاء,Barka,خاصة / Private
الباسط للتعليم الأساسي للبنين الصفوف(10-8),Al Basit 8-10 School (Boys,محافظة جنوب الباطنة,Al Batinah South,بـركـاء,,حكومية / Public
البله للتعليم الاساسي للبنات الصفوف(9-12),Al Billah 9-12 School (Girls,محافظة جنوب الباطنة,Al Batinah South,بـركـاء,,حكومية / Public
مدرسة الفراهيدي الخاصة,Al Farahidi Private School,محافظة جنوب الباطنة,Al Batinah South,بـركـاء,Barka,خاصة / Private
الامام بركات بن محمد  للتعليم الاساسى للبنين الصفوف (10-12),Al Imam Barakat Bin Mohammed 10-12 School (Boys,محافظة جنوب الباطنة,Al Batinah South,بـركـاء,,حكومية / Public
الجنينه للتعليم الاساسى الصفوف (1-4),Al Jonaina 1-4 School,محافظة جنوب الباطنة,Al Batinah South,بـركـاء,,حكومية / Public
مدرسة المياسين الخاصة,Al Mayasin Private School,محافظة جنوب الباطنة,Al Batinah South,بـركـاء,Barka,خاصة / Private
مدرسة المنتدى الخاصة,Al Muntada Private School,محافظة جنوب الباطنة,Al Batinah South,بـركـاء,Barka,خاصة / Private
العقده للتعليم الاساسى للبنين الصفوف (5-9),Al Oqdah 5-9 School (Boys,محافظة جنوب الباطنة,Al Batinah South,بـركـاء,,حكومية / Public
مدرسة الرازي الخاصة,Al Razi Private School,محافظة جنوب الباطنة,Al Batinah South,بـركـاء,Barka,خاصة / Private
مدرسة العُلو الخاصة,Aleuulu private school,محافظة جنوب الباطنة,Al Batinah South,بـركـاء,Barka,خاصة / Private
مدرسة المنارة العلمية الخاصة,Almanara private school,محافظة جنوب الباطنة,Al Batinah South,بـركـاء,Barka,خاصة / Private
عمرو بن الجموح للتعليم الأساسي للبنين الصفوف(5-9),Amr Bin ALJamouh 5-9 School(Boys,محافظة جنوب الباطنة,Al Batinah South,بـركـاء,,حكومية / Public
انيسه بنت الحارث للتعليم الاساسى للبنات الصفوف(5-7),Aneesa Bint ALHarith 5-7 School (Girls,محافظة جنوب الباطنة,Al Batinah South,بـركـاء,,حكومية / Public
اسماء بنت النعمان للتعليم الاساسي الصفوف(9-1),Asma' Bint A'No'man 1-9 School,محافظة جنوب الباطنة,Al Batinah South,بـركـاء,,حكومية / Public
دار الفكر للتعليم الاساسى الصفوف (1-4),Dar Al Fikr 1-4 School,محافظة جنوب الباطنة,Al Batinah South,بـركـاء,,حكومية / Public
دار الهدى للتعليم الاساسى الصفوف (1-4),Dar Al Huda 1-4 School,محافظة جنوب الباطنة,Al Batinah South,بـركـاء,,حكومية / Public
دوحة التميز للتعليم الأساسي الصفوف(1-4),Dawhat ALTamaiuz 1-4 School,محافظة جنوب الباطنة,Al Batinah South,بـركـاء,,حكومية / Public
دره الهاشميه للتعليم الاساسى للبنات الصفوف (5-9),Durah Al Hashimiya 5-9 School (Girls,محافظة جنوب الباطنة,Al Batinah South,بـركـاء,,حكومية / Public
هند بنت أسيد الأنصارية للبنات الصفوف(11-12),Hind Bint Osaid 11-12(Girls,محافظة جنوب الباطنة,Al Batinah South,بـركـاء,,حكومية / Public
حمود بن عزان البوسعيدي للتعليم الاساسي للبنين الصفوف(8-5),Humoud Bin Azzan Al Busaeedi 5-8 School(Boys,محافظة جنوب الباطنة,Al Batinah South,بـركـاء,,حكومية / Public
ابن رشد للتعليم الأساسي للبنين الصفوف(5-7),Ibn Rushd 5-7 School (Boys,محافظة جنوب الباطنة,Al Batinah South,بـركـاء,,حكومية / Public
ابن سيرين للتعليم الاساسى للبنين الصفوف(7-5),Ibn Sereen 5-7 School (Boys,محافظة جنوب الباطنة,Al Batinah South,بـركـاء,,حكومية / Public
المدرسة الهندية فرع بركا,Indian School Barka (ISB),محافظة جنوب الباطنة,Al Batinah South,بـركـاء,Barka,خاصة / Private
مدرسة انطلاقة العلم الخاصة,Intilaqat Al Elm Private School,محافظة جنوب الباطنة,Al Batinah South,بـركـاء,Barka,خاصة / Private
مدرسة كنز المعارف الخاصة,Kanz Al Maarif Private School,محافظة جنوب الباطنة,Al Batinah South,بـركـاء,Barka,خاصة / Private
خوله بنت ثعلبه للتعليم الاساسي للبنات الصفوف (5-9),Khawla Bint Tha'laba 5-9 School (Girls,محافظة جنوب الباطنة,Al Batinah South,بـركـاء,,حكومية / Public
مشاعل المعرفه للتعليم الاساسى الصفوف (1-4),Masha'il Al Ma'rifa 1-4 School,محافظة جنوب الباطنة,Al Batinah South,بـركـاء,,حكومية / Public
الشيخ محمد بن الحواري للتعليم الأساسي للبنين الصفوق(10-8),Mhammed Bin AlHawari 8-10(Boys,محافظة جنوب الباطنة,Al Batinah South,بـركـاء,,حكومية / Public
مدرسة العهد الحديث الخاصة,Modern Era Private School,محافظة جنوب الباطنة,Al Batinah South,بـركـاء,Barka,خاصة / Private
نبع البلاغه للتعليم الاساسى الصفوف (1-4),Naba' Al Balagha 1-4 School,محافظة جنوب الباطنة,Al Batinah South,بـركـاء,,حكومية / Public
نفيسة بنت امية للتعليم الأساسي للبنات الصفوف(10-12),Nafisah Bint Omaya 10-12(Girls,محافظة جنوب الباطنة,Al Batinah South,بـركـاء,,حكومية / Public
نبراس الخير للتعليم الاساسى الصفوف(4-1),Nebras Al Khair 1-4 School,محافظة جنوب الباطنة,Al Batinah South,بـركـاء,,حكومية / Public
اميمه بنت عقبه للتعليم الاساسى للبنات الصفوف(5-9),Omaima Bint Oqbah 5-9 School (Girls,محافظة جنوب الباطنة,Al Batinah South,بـركـاء,,حكومية / Public
عمان العز للتعليم الاساسى الصفوف (1-4),Oman ALEzz 1-4 School,محافظة جنوب الباطنة,Al Batinah South,بـركـاء,,حكومية / Public
ام اياس للتعليم الاساسى للبنات الصفوف(5-9),Omm Eyas 5-9 School(Girls,محافظة جنوب الباطنة,Al Batinah South,بـركـاء,,حكومية / Public
رياض السلام للتعليم الاساسى الصفوف(1-4),Reyadh ALSalam1-4 School,محافظة جنوب الباطنة,Al Batinah South,بـركـاء,,حكومية / Public
سحبان وائل للتعليم الاساسي للبنين الصفوف(9-12),Sahban Wa'il 9-12 School (Boys,محافظة جنوب الباطنة,Al Batinah South,بـركـاء,,حكومية / Public
سيح المحامد للتعليم الاساسى للبنات الصفوف(5-9),Seih Almahamed School 5-9(Girls,محافظة جنوب الباطنة,Al Batinah South,بـركـاء,,حكومية / Public
شراف بنت خليفه للتعليم الاساسى للبنات الصفوف(8-5),Shiraf Bint Khalifa 5-8 School(Girls,محافظة جنوب الباطنة,Al Batinah South,بـركـاء,,حكومية / Public
ثابت بن قيس للتعليم الأساسي للبنين الصفوف(5-9),Thabit Bin Qais 5-9 School (Boys,محافظة جنوب الباطنة,Al Batinah South,بـركـاء,,حكومية / Public
ينابيع الحكمة للتعليم الاساسي الصفوف(4-1),Yanabi' Al Hikma 1-4 School,محافظة جنوب الباطنة,Al Batinah South,بـركـاء,,حكومية / Public
زينب ام المؤمنين للتعليم الأساسي الصفوف(4-1),Zainab Omm Al Mo'mineen1-4 School,محافظة جنوب الباطنة,Al Batinah South,بـركـاء,,حكومية / Public
زهور عمان للتعليم الاساسى الصفوف (1-4),Zuhoor Oman (1-4) School,محافظة جنوب الباطنة,Al Batinah South,بـركـاء,,حكومية / Public
مدرسة المروج الخضراء لتعليم القرآن الكريم الخاصة.,مدرسة المروج الخضراء لتعليم القرآن الكريم الخاصة.,محافظة جنوب الباطنة,Al Batinah South,بـركـاء,Barka,خاصة / Private
مدرسة سما الإبداع الخاصة للتعليم المبكر(روضة),مدرسة سما الإبداع الخاصة للتعليم المبكر(روضة),محافظة جنوب الباطنة,Al Batinah South,بـركـاء,Barka,خاصة / Private
مدرسة غراس الخاصة بركاء,مدرسة غراس الخاصة بركاء,محافظة جنوب الباطنة,Al Batinah South,بـركـاء,Barka,خاصة / Private
مدرسة غراس العلم الخاصة,مدرسة غراس العلم الخاصة,محافظة جنوب الباطنة,Al Batinah South,بـركـاء,Barka,خاصة / Private
الوضاح بن عقبة للتعليم الأساسي للبنين الصفوف(5-10),AL Wadahah Bin Oqbah 5-10 School(Boys,محافظة جنوب الباطنة,Al Batinah South,نـخـل,,حكومية / Public
عبدالله بن اباض التميمى للتعليم الاساسى للبنين الصفوف (10-12),Abdullah Bin Abadh(10-12)Boys,محافظة جنوب الباطنة,Al Batinah South,نـخـل,,حكومية / Public
الابيض للتعليم الاساسي الصفوف(1-4),Al Abyadh 1-4 School,محافظة جنوب الباطنة,Al Batinah South,نـخـل,,حكومية / Public
مدرسة الفلق الخاصة,Al Falaq Private School,محافظة جنوب الباطنة,Al Batinah South,نـخـل,Nakhal,خاصة / Private
الهدى للتعليم الاساسى الصفوف (1-4),Al Huda 1-4 School,محافظة جنوب الباطنة,Al Batinah South,نـخـل,,حكومية / Public
الامام محمد بن سليمان المفرجى للتعليم الاساسى للبنين الصفوف (5-12),Al Imam Mohammed Bin Suleiman Al Mofarraji 5-12,محافظة جنوب الباطنة,Al Batinah South,نـخـل,,حكومية / Public
الخليل بن شاذان للتعليم الاساسي للبنين الصفوف (5-9),Al Khaleel Bin Shathan 5-9 School (Boys,محافظة جنوب الباطنة,Al Batinah South,نـخـل,,حكومية / Public
المآثر للتعليم الاساسي الصفوف(1-8),Al Ma'athir 1-8 School,محافظة جنوب الباطنة,Al Batinah South,نـخـل,,حكومية / Public
الإتقان للتعليم الأساسي الصفوف(1-8),AlItqan 1-8 School,محافظة جنوب الباطنة,Al Batinah South,نـخـل,,حكومية / Public
عقيل بن ابى طالب للتعليم الاساسى للبنين الصفوف (5-12),Aqeel Bin Abi Talib 5-12 School (Boys,محافظة جنوب الباطنة,Al Batinah South,نـخـل,,حكومية / Public
بهجه العلم للتعليم الاساسى الصفوف (1-4),Bahjat Al Elm 1-4 School,محافظة جنوب الباطنة,Al Batinah South,نـخـل,,حكومية / Public
نخل للتعليم الاساسى الصفوف(1-8),Nakhal 1-8 School,محافظة جنوب الباطنة,Al Batinah South,نـخـل,,حكومية / Public
Nakhal Private School,Nakhal Private School,محافظة جنوب الباطنة,Al Batinah South,نـخـل,Nakhal,خاصة / Private
امامه بنت الحارث للتعليم للبنات الصفوف(9-12),Omama Bint AL-Hareth 9-12(Girls,محافظة جنوب الباطنة,Al Batinah South,نـخـل,,حكومية / Public
ثويبه الاسلميه للتعليم الاساسى للبنات الصفوف(5-12),Thuwaiba AL-Aslamia 5-12 school(Girls,محافظة جنوب الباطنة,Al Batinah South,نـخـل,,حكومية / Public
وادى مستل للتعليم الاساسى الصفوف (1-12),Wadi Mistel 1-12 School,محافظة جنوب الباطنة,Al Batinah South,نـخـل,,حكومية / Public
اللاجال للتعليم الاساسي الصفوف(5-9),AL Lajal 5-9 school,محافظة جنوب الباطنة,Al Batinah South,وادي المعاول,,حكومية / Public
مدرسة عباقرة العلم الخاصة,Abaqirat Al Ilm Private School,محافظة جنوب الباطنة,Al Batinah South,وادي المعاول,Wadi Al Maawil,خاصة / Private
عبدالله بن الحارث للتعليم الاساسى للبنين الصفوف (5-10),Abdullah Bin Al Harith 5-10 School (Boys,محافظة جنوب الباطنة,Al Batinah South,وادي المعاول,,حكومية / Public
اسيه بنت مزاحم للتعليم الاساسى للبنات الصفوف (5-12),Asia Bint Mozahim 5-12 School (Girls,محافظة جنوب الباطنة,Al Batinah South,وادي المعاول,,حكومية / Public
حبرا للتعليم الاساسى للبنات الصفوف(5-10),Hobra School 5-10(Girls,محافظة جنوب الباطنة,Al Batinah South,وادي المعاول,,حكومية / Public
جيل المعرفه للتعليم الاساسى الصفوف(1-4),Jeel ALMarefah 1-4 School,محافظة جنوب الباطنة,Al Batinah South,وادي المعاول,,حكومية / Public
مزون العلم للتعليم الأساسي الصفوف(1-4),Mazoon ALElm 1-4 School,محافظة جنوب الباطنة,Al Batinah South,وادي المعاول,,حكومية / Public
معوله بن شمس للتعليم الاساسى للبنين الصفوف (5-12),Mi'wala Bin Shams 5-12 School (Boys,محافظة جنوب الباطنة,Al Batinah South,وادي المعاول,,حكومية / Public
مدرسة واحة التميز الخاصة ثنائية اللغة,Oasis of Excellence Private Bilingual School,محافظة جنوب الباطنة,Al Batinah South,وادي المعاول,Wadi Al Maawil,خاصة / Private
وادى المعاول للتعليم الاساسى الصفوف (1-4),Wadi Al Ma'awil 1-4 School,محافظة جنوب الباطنة,Al Batinah South,وادي المعاول,,حكومية / Public
البريمــــى للتعليم الاساسى للبنين الصفوف(7-5),(7-5) burimi For Basic Education for boys,محافظه البريمى,Al Buraimi,البريمي,,حكومية / Public
ALRAYA FUTURE PRIVATE SCHOOL,ALRAYA FUTURE PRIVATE SCHOOL,محافظه البريمى,Al Buraimi,البريمي,Al Buraimi,خاصة / Private
اجيال عمان للتعليم الاساسى الصفوف (1-4),Ajyal Oman for Basic Education,محافظه البريمى,Al Buraimi,البريمي,,حكومية / Public
Al Buraimi Private School,Al Buraimi Private School,محافظه البريمى,Al Buraimi,البريمي,Al Buraimi,خاصة / Private
مدرسة القبس الخاصة,Al-Qabas Private School,محافظه البريمى,Al Buraimi,البريمي,Al Buraimi,خاصة / Private
السلطنه للبنات الصفوف (10-12),Al-Sultanate for girls (10-12,محافظه البريمى,Al Buraimi,البريمي,,حكومية / Public
الفـــاروق للتعليم الاساسى للبنين الصفوف (8-9),Alfarooq for Basic Education classes for boys,محافظه البريمى,Al Buraimi,البريمي,,حكومية / Public
الخوارزمى للتعليم الاساسى للبنين الصفوف (5-7),Alkwarzmi for Basic Education classes for boys,محافظه البريمى,Al Buraimi,البريمي,,حكومية / Public
المجد للتعليم الاساسى الصفوف (1-4),Almagd basic education grades(1-4),محافظه البريمى,Al Buraimi,البريمي,,حكومية / Public
المقداد بن عمرو للتعليم الاساسى الصفوف (1-12),Almeqdad Bin Amer For Basic Education,محافظه البريمى,Al Buraimi,البريمي,,حكومية / Public
السلطان قابوس بالبريمى للبنيين الصفوف (10-12),Alsultan Qaboo In Al Buraimi for boys school (10-1,محافظه البريمى,Al Buraimi,البريمي,,حكومية / Public
الطلائع للتعليم الاساسى الصفوف (1-4),Altalia Basic Education grades(1-4),محافظه البريمى,Al Buraimi,البريمي,,حكومية / Public
امنه بنت الامام جابر بن زيد للبنات الصفوف (10-12),Amnah bint AlImam Gaber 10-12,محافظه البريمى,Al Buraimi,البريمي,,حكومية / Public
ارض الجو للتعليم الاساسى المسائيه الصفوف (1-4),Ardh Aljawa Basic Education (1-4),محافظه البريمى,Al Buraimi,البريمي,,حكومية / Public
عـزان بن قيــس للبنين الصفوف (10-12),Azan Bin Quis classes for boys,محافظه البريمى,Al Buraimi,البريمي,,حكومية / Public
Green Mounds private school,Green Mounds private school,محافظه البريمى,Al Buraimi,البريمي,Al Buraimi,خاصة / Private
حذيفـه بن محصن للتعليم الاساسى للبنين الصفوف (5-12),Hothyfah Bin Mhasan For Basic Education,محافظه البريمى,Al Buraimi,البريمي,,حكومية / Public
المدرسة الهندية - البريمي,Indian School Al Buraimi,محافظه البريمى,Al Buraimi,البريمي,Al Buraimi,خاصة / Private
"Indian School Saham, Hafeet","Indian School Saham, Hafeet",محافظه البريمى,Al Buraimi,البريمي,Al Buraimi,خاصة / Private
مالك بن انـس للتعليم الاساسى الصفوف (1-12),Malik Bin Anas of the Basic Education grades(1-12,محافظه البريمى,Al Buraimi,البريمي,,حكومية / Public
Omar Bin Al Khattab Private School,Omar Bin Al Khattab Private School,محافظه البريمى,Al Buraimi,البريمي,Al Buraimi,خاصة / Private
Saara Buds Private School,Saara Buds Private School,محافظه البريمى,Al Buraimi,البريمي,Al Buraimi,خاصة / Private
صعـــــراء للتعليم الاساسى للبنات الصفوف (5-9),Saara For Basic Education For girls,محافظه البريمى,Al Buraimi,البريمي,,حكومية / Public
مدرسة سما الفكر الخاصة,Sama Al Fikr Private School,محافظه البريمى,Al Buraimi,البريمي,Al Buraimi,خاصة / Private
مدرسة صعراء الخاصة,Saraa Private School,محافظه البريمى,Al Buraimi,البريمي,Al Buraimi,خاصة / Private
School Buraimi Oasis Private,School Buraimi Oasis Private,محافظه البريمى,Al Buraimi,البريمي,Al Buraimi,خاصة / Private
مدرسة شعاع البريمي الخاصة,Shoaa Al Buraimi Private School,محافظه البريمى,Al Buraimi,البريمي,Al Buraimi,خاصة / Private
Shoaa Al Buraimi Private School,Shoaa Al Buraimi Private School,محافظه البريمى,Al Buraimi,البريمي,Al Buraimi,خاصة / Private
ام ذر الغفارى للتعليم الاساسى الصفوف (1-12),am Dharr al Ghafari of basic education (1-12,محافظه البريمى,Al Buraimi,البريمي,,حكومية / Public
البريمى للتعليم الاساسى الصفوف (1-4),burimi grades for basic Education,محافظه البريمى,Al Buraimi,البريمي,,حكومية / Public
حفيت للتعليم الاساسى الصفوف (1-12),hafeet grades of basic education ( 1-12),محافظه البريمى,Al Buraimi,البريمي,,حكومية / Public
حفصه بنت سيرين للتعليم الاساسى للبنات الصفوف (5-9),hafsa bint sirin basic education classes for girls,محافظه البريمى,Al Buraimi,البريمي,,حكومية / Public
حماســه للتعليم الاساسى الصفوف (1-4),hamasa for the basic education grades,محافظه البريمى,Al Buraimi,البريمي,,حكومية / Public
خضراء البريمى للتعليم الاساسى الصفوف (1-4),khadra buraimi for basic education grades,محافظه البريمى,Al Buraimi,البريمي,,حكومية / Public
ميمونه بنت الحارث للتعليم الاساسى للبنات الصفوف (5-9),memonh bint harith basic education classes,محافظه البريمى,Al Buraimi,البريمي,,حكومية / Public
مدرسة الشموع الخاصة,مدرسة الشموع الخاصة,محافظه البريمى,Al Buraimi,البريمي,Al Buraimi,خاصة / Private
مدرسة الطفل العبقري الخاصة,مدرسة الطفل العبقري الخاصة,محافظه البريمى,Al Buraimi,البريمي,Al Buraimi,خاصة / Private
مدرسة خاصة,مدرسة خاصة,محافظه البريمى,Al Buraimi,البريمي,Al Buraimi,خاصة / Private
مدرسة منتدى الإبداع الخاصة,مدرسة منتدى الإبداع الخاصة,محافظه البريمى,Al Buraimi,البريمي,Al Buraimi,خاصة / Private
السنـينه للتعليم الاساسى الصفوف (1-12),senynh grades of basic education,محافظه البريمى,Al Buraimi,السـنينه,,حكومية / Public
الخطوه للتعليم الاساسى الصفوف (1-4),Alkatwh Basic Education Grades(1-4),محافظه البريمى,Al Buraimi,محضـه,,حكومية / Public
الفــى للتعليم الاساسى الصفوف(1-12),Alvia basic education classroom(1-10,محافظه البريمى,Al Buraimi,محضـه,,حكومية / Public
الجويـــف للتعليم الاساسى الصفوف (1-4),Jawev basic education grades(1-4),محافظه البريمى,Al Buraimi,محضـه,,حكومية / Public
محضـه للتعليم الاساسى الصفوف (1-4),Mahd  Basic Education Grades(1-4),محافظه البريمى,Al Buraimi,محضـه,,حكومية / Public
روضه عمان للتعليم الاساسى الصفوف (1-12),Roudh Oman basic education grades(1-12(,محافظه البريمى,Al Buraimi,محضـه,,حكومية / Public
وادى الحيول للتعليم الاساسى الصفوف (1-12),WadyAlehiol of the basic education classroom(1-12),محافظه البريمى,Al Buraimi,محضـه,,حكومية / Public
يزيد بن المهلب للتعليم الاساسى للبنين الصفوف (5-12),Yazid Ben Almhellb basic education for boys grades,محافظه البريمى,Al Buraimi,محضـه,,حكومية / Public
زينب بنت خزيمه للتعليم الاساسى للبنات الصفوف (5-12),Zainab Bint Khuzaymah Basic Education (5-12),محافظه البريمى,Al Buraimi,محضـه,,حكومية / Public
ابو ذر الغفارى للتعليم الاساسى للبنين الصفوف (5-12),Abu Thar Al Ghafari basic edu boys (5-12),محافظة الظاهرة,Al Dhahirah,ضـنـك,,حكومية / Public
الانوار للتعليم الاساسى الصفوف (1-4),Al anwar basic edu (1-4),محافظة الظاهرة,Al Dhahirah,ضـنـك,,حكومية / Public
الرميلـــه للتعليم الاساسى للبنات الصفوف (5-9),Al romaila basic edu (5-9),محافظة الظاهرة,Al Dhahirah,ضـنـك,,حكومية / Public
ضنك للتعليم الأساسي للبنين الصفوف(5-9),Dhank Basic Education Boys(5-9),محافظة الظاهرة,Al Dhahirah,ضـنـك,,حكومية / Public
دوت للتعليم الاساسى الصفوف (1-12),Dowt Basic edu (1-12),محافظة الظاهرة,Al Dhahirah,ضـنـك,,حكومية / Public
علايه فــدى للتعليم الاساسى الصفوف (1-8),Elayat Fida for basic education classes (1-8),محافظة الظاهرة,Al Dhahirah,ضـنـك,,حكومية / Public
فــــــدى للتعليم الاساسى الصفوف (1-12),Fida basic edu (1-12),محافظة الظاهرة,Al Dhahirah,ضـنـك,,حكومية / Public
نبع المعرفه للتعليم الاساسى الصفوف (1-4),Naba Al marefa basic edu (1-4),محافظة الظاهرة,Al Dhahirah,ضـنـك,,حكومية / Public
طارق بن زياد للتعليم الأساسي للبنين الصفوف(10-12),Tareq Bin Zeyad Basic Education(10-12),محافظة الظاهرة,Al Dhahirah,ضـنـك,,حكومية / Public
ام عطيه الانصاريــه للتعليم الاساسى للبنات الصفوف (5-12),Um Ateya Al Ensaria basic edu (5-12),محافظة الظاهرة,Al Dhahirah,ضـنـك,,حكومية / Public
زيد بن حارثــه للتعليم الاساسى للبنين الصفوف (5-12),Zaid bin Harthah Basic edu (5-12,محافظة الظاهرة,Al Dhahirah,ضـنـك,,حكومية / Public
زيد بن ثابـــت للتعليم الاساسى للبنين الصفوف (5-12),Zaid bin thabit basic edu (5-12),محافظة الظاهرة,Al Dhahirah,ضـنـك,,حكومية / Public
مدرسة مواكب النور الخاصة بولاية ضنك,مدرسة مواكب النور الخاصة بولاية ضنك,محافظة الظاهرة,Al Dhahirah,ضـنـك,Dhank,خاصة / Private
الظهره للتعليم الاساسى الصفوف (1-4),( 1 - 4)Al dhahera basic edu,محافظة الظاهرة,Al Dhahirah,عبـري,,حكومية / Public
المحيول للتعليم الاساسى الصفوف (1-10),AL Mahyool  Basic Edication (1-10),محافظة الظاهرة,Al Dhahirah,عبـري,,حكومية / Public
عباد بن بشر للتعليم الاساسى للبنين الصفوف (5 - 9),Abad Bin Bishr Basic school boys (5-9),محافظة الظاهرة,Al Dhahirah,عبـري,,حكومية / Public
عبدالله بن الزبير للتعليم الاساسى للبنين الصفوف (5-12),Abdullah Bin Al zubair Basic Edu Boys (5-12),محافظة الظاهرة,Al Dhahirah,عبـري,,حكومية / Public
عبدالله بن عمـر للتعليم الاساسى للبنين الصفوف (5-12),Abdullah Bin Omar Basic Education Boys (5-12),محافظة الظاهرة,Al Dhahirah,عبـري,,حكومية / Public
ابو الدرداء للتعليم الاساسى للبنين الصفوف (5-12),Abu Al Drda Basic Edu Boys (5-12),محافظة الظاهرة,Al Dhahirah,عبـري,,حكومية / Public
ابـو موسى الاشعـرى للتعليم الاساسى الصفوف (1-9),Abu Mosa Al Ashari Basic Edu (1-9),محافظة الظاهرة,Al Dhahirah,عبـري,,حكومية / Public
ابـو سعيـد الخـدرى للتعليم الاساسى للبنين الصفوف (5-12),Abu Saeed Al Khudri Basic Education (5-12),محافظة الظاهرة,Al Dhahirah,عبـري,,حكومية / Public
العـارض للتعليم الاساسى الصفوف (1-10),Al Aredh Basic Education (1-10),محافظة الظاهرة,Al Dhahirah,عبـري,,حكومية / Public
البراعم للتعليم الاساسى الصفوف (1-4),Al Bra'em Basic Edu (1-4),محافظة الظاهرة,Al Dhahirah,عبـري,,حكومية / Public
الدريــــز للتعليم الاساسى  الصفوف (1-4),Al Dreez Basic Edu (1-4),محافظة الظاهرة,Al Dhahirah,عبـري,,حكومية / Public
الغاليه بنت ناصــر للتعليم الاساسى للبنات الصفوف (10-12),Al Ghalia Bint Nasser Basic Edu Girls (10-12),محافظة الظاهرة,Al Dhahirah,عبـري,,حكومية / Public
الهيـال للتعليم الاساسى الصفوف (1-10),Al Hayal Basic Edu (1-10),محافظة الظاهرة,Al Dhahirah,عبـري,,حكومية / Public
الرحاب للتعليم الاساسى الصفوف (1-4),Al Rehab basic edu (1-4),محافظة الظاهرة,Al Dhahirah,عبـري,,حكومية / Public
الهجـــر للتعليم الاساسى للبنات الصفوف (5-12),Al hajar Basic Education Girls (5-12),محافظة الظاهرة,Al Dhahirah,عبـري,,حكومية / Public
الحسن بن الهيثــم للتعليم الاساسى للبنين الصفوف (5 - 12),Al hasan Bin Al haytham basic Education (5-12),محافظة الظاهرة,Al Dhahirah,عبـري,,حكومية / Public
الحيـــال للتعليم الاساسى الصفوف (1-12),Al hehal Basic Edu (1-12),محافظة الظاهرة,Al Dhahirah,عبـري,,حكومية / Public
المسرات للتعليم الاساسى الصفوف (1-4),Al masrat Basic edu (1-4),محافظة الظاهرة,Al Dhahirah,عبـري,,حكومية / Public
الرحبـــه للتعليم الاساسى الصفوف (1-10),Al ruhbah Basic Edu (1-10),محافظة الظاهرة,Al Dhahirah,عبـري,,حكومية / Public
السليف للتعليم الاساسى الصفوف (1-4),Al selaif Basic Edu (1-4),محافظة الظاهرة,Al Dhahirah,عبـري,,حكومية / Public
المرتفع للتعليم الأساسي للبنين الصفوف (8-10),Almurtafia'a Basic Education Boys(8-10),محافظة الظاهرة,Al Dhahirah,عبـري,,حكومية / Public
عمار بن ياسر للتعليم الاساسى للبنين الصفوف (5-7),Amar Bin Yaser Basic Education Boys(5-7),محافظة الظاهرة,Al Dhahirah,عبـري,,حكومية / Public
امجاد عمان للتعليم الاساسى الصفوف (1-8),Amjad Oman Basic School (1-8),محافظة الظاهرة,Al Dhahirah,عبـري,,حكومية / Public
عمـلا والعبلــه للتعليم الاساسى للبنات الصفوف (5-10),Amla and Abla Basic edu girls (5-10),محافظة الظاهرة,Al Dhahirah,عبـري,,حكومية / Public
اسماء بنت الصلت للتعليم الاساسى الصفوف (1-12),Asma Bin Al salt Basic Education (1-12),محافظة الظاهرة,Al Dhahirah,عبـري,,حكومية / Public
اسماء بنت عميـس للتعليم الاساسى الصفوف (1-8),Asma Bint Omais Basic Education (1-8),محافظة الظاهرة,Al Dhahirah,عبـري,,حكومية / Public
بــات للتعليم الاساسى الصفوف (1-10),Bat  (1-10),محافظة الظاهرة,Al Dhahirah,عبـري,,حكومية / Public
بـلاد الشهـوم للتعليم الاساسى الصفوف (1-12),Belad Al Shehoom Basic Edu (1-12),محافظة الظاهرة,Al Dhahirah,عبـري,,حكومية / Public
ضرار بن الأزور للتعليم الأساسي للبنين الصفوف(10-12,Dherar Bin Al Azwar Boys(10-12),محافظة الظاهرة,Al Dhahirah,عبـري,,حكومية / Public
فلاح بن محسـن النبهانى للتعليم الاساسى للبنين الصفوف (5-12),Falah Bin Mohsen Al Nabhani Basic (5-12)-,محافظة الظاهرة,Al Dhahirah,عبـري,,حكومية / Public
فاطمه بنت قيـس للبنات الصفوف (11-12),Fatma Bint Qais Genral Edu (11-12),محافظة الظاهرة,Al Dhahirah,عبـري,,حكومية / Public
حذيفـه بن اليمــان للتعليم الاساسى للبنين الصفوف(5-12 ),Huthyfah Bin Al yman Basic Education Boys (5-12),محافظة الظاهرة,Al Dhahirah,عبـري,,حكومية / Public
عبـــرى للتعليم الاساسى للبنات الصفوف (5-9),Ibri Basic Edu (5-9),محافظة الظاهرة,Al Dhahirah,عبـري,,حكومية / Public
Ibri Private School,Ibri Private School,محافظة الظاهرة,Al Dhahirah,عبـري,Ibri,خاصة / Private
الامام سيف بن سلطان للبنين الصفوف (11-12),Imam Saif bin Sultan for Boys Grades (11-12),محافظة الظاهرة,Al Dhahirah,عبـري,,حكومية / Public
المدرسة الهندية عبري,Indian School Ibri (ISI),محافظة الظاهرة,Al Dhahirah,عبـري,Ibri,خاصة / Private
جبل السراه للتعليم الاساسى الصفوف(1-12),Jabal Al serah Basic Education (1-12),محافظة الظاهرة,Al Dhahirah,عبـري,,حكومية / Public
مدرسة الجبيل الخاصة,Jubail Private School,محافظة الظاهرة,Al Dhahirah,عبـري,Ibri,خاصة / Private
مدرسة الجبيل الخاصة,Jubail Private School,محافظة الظاهرة,Al Dhahirah,عبـري,Ibri,خاصة / Private
كبـــــاره للتعليم الاساسى الصفوف (1-12),Kebarah Genral Edu (1-12),محافظة الظاهرة,Al Dhahirah,عبـري,,حكومية / Public
كهنـــات للتعليم الاساسى الصفوف (1-12),Kehanat Baisc Edu (1-12),محافظة الظاهرة,Al Dhahirah,عبـري,,حكومية / Public
خضـــــراء عبرى للتعليم الاساسى  الصفوف (1-7),Khadhra Ibri Basic Edu (1-7),محافظة الظاهرة,Al Dhahirah,عبـري,,حكومية / Public
منبع العلم للتعليم الاساسى  الصفوف (1-4),Manaba'a Al elm Basic Edu (1-4),محافظة الظاهرة,Al Dhahirah,عبـري,,حكومية / Public
منابر النور للتعليم الاساسى الصفوف (1-4),Manaber Al noor Basic Edu (1-4),محافظة الظاهرة,Al Dhahirah,عبـري,,حكومية / Public
مجزى للتعليم الاساسى الصفوف (1-10),Megzi Basic education Grades)1-10),محافظة الظاهرة,Al Dhahirah,عبـري,,حكومية / Public
محمد بن سليمان الغافرى للتعليم الاساسى للبنين الصفوف (5-10),Mohammed Bin Suliman AL ghafri Basic Boys (5-10),محافظة الظاهرة,Al Dhahirah,عبـري,,حكومية / Public
مقنيــات للتعليم الاساسى للبنات الصفوف (5-12),Moqenyat Basic Education Girls (5-12),محافظة الظاهرة,Al Dhahirah,عبـري,,حكومية / Public
عمر بن مسعود للتعليم الاساسى للبنين الصفوف (5-12),Omar Bin Masood Basic Education Boys (5-12),محافظة الظاهرة,Al Dhahirah,عبـري,,حكومية / Public
سعد بن عباده للتعليم الاساسى للبنين الصفوف (5-12),Sa'ad Bin Obadah Basic Edu Boys (5-12),محافظة الظاهرة,Al Dhahirah,عبـري,,حكومية / Public
سعيـد بن جبيـر للتعليم الاساسى للبنين الصفوف (5-10),Saeed Bin Jubair  Edu Boys (5-10),محافظة الظاهرة,Al Dhahirah,عبـري,,حكومية / Public
سلمــان الفارسى للتعليم الاساسى للبنين الصفوف (5-12),Salman Al farsi  Education Boys (5-12),محافظة الظاهرة,Al Dhahirah,عبـري,,حكومية / Public
سـوده ام المؤمنيـن للتعليم الاساسى  للبنات الصفوف (5-12),Sawdah Um AL momneen Basic Education Girls (5-12),محافظة الظاهرة,Al Dhahirah,عبـري,,حكومية / Public
شرحبيل بن حسنــه للتعليم الاساسى الصفوف (1-10),Sharhabeel Bin Hasnah Basic Adu (1-10),محافظة الظاهرة,Al Dhahirah,عبـري,,حكومية / Public
شموع المعرفه للتعليم الاساسى الصفوف (1-4),Shemoa'a Al ma'arefa basic Edu,محافظة الظاهرة,Al Dhahirah,عبـري,,حكومية / Public
مدرسة طريق المستقبل الخاصة,Tareeq Al-Mustaqbal Private School,محافظة الظاهرة,Al Dhahirah,عبـري,Ibri,خاصة / Private
ذات النطاقيـن للتعليم الاساسى للبنات الصفوف (5-10),That Al Nutaqain Basic Edu Girls (5-10),محافظة الظاهرة,Al Dhahirah,عبـري,,حكومية / Public
طلائع العلم للتعليم الاساسى الصفوف(1-4),Tlayee AL Elem for Basic  Education (1-4),محافظة الظاهرة,Al Dhahirah,عبـري,,حكومية / Public
وادى العين للتعليم الاساسى للبنين الصفوف(5-12),Wadi Al Ain Basic School Boys (5-12),محافظة الظاهرة,Al Dhahirah,عبـري,,حكومية / Public
زيـد بن الخطاب للتعليم الاساسى للبنين الصفوف (5-12),Zaid Bin Al Khatab  Edu Boys (5-12),محافظة الظاهرة,Al Dhahirah,عبـري,,حكومية / Public
فاطمة بنت اسد للتعليم الاساسي للبنات الصفوف (5 - 12),fatma bent asad,محافظة الظاهرة,Al Dhahirah,عبـري,,حكومية / Public
حمراء الدروع للتعليم الاساسى (1-12),hamraa aldrooa basic edu (1-12),محافظة الظاهرة,Al Dhahirah,عبـري,,حكومية / Public
ليلى بنت حكيم للتعليم الاساسى الصفوف (1-12),laila Bint Hakeem Basic Edu (1-12),محافظة الظاهرة,Al Dhahirah,عبـري,,حكومية / Public
ربوع الخير للتعليم الاساسى الصفوف ( 1-4),roboa alkhair,محافظة الظاهرة,Al Dhahirah,عبـري,,حكومية / Public
واحه المعارف للتعليم الاساسى (1-4),waht almaref,محافظة الظاهرة,Al Dhahirah,عبـري,,حكومية / Public
مدرسة أبواب المعرفة الخاصة للتعليم المبكر,مدرسة أبواب المعرفة الخاصة للتعليم المبكر,محافظة الظاهرة,Al Dhahirah,عبـري,Ibri,خاصة / Private
مدرسة أجيال الظاهرة الخاصة,مدرسة أجيال الظاهرة الخاصة,محافظة الظاهرة,Al Dhahirah,عبـري,Ibri,خاصة / Private
مدرسة الحومانية الخاصة (أحادية اللغه),مدرسة الحومانية الخاصة (أحادية اللغه),محافظة الظاهرة,Al Dhahirah,عبـري,Ibri,خاصة / Private
مدرسة السمو الخاصة - ثنائية اللغة,مدرسة السمو الخاصة - ثنائية اللغة,محافظة الظاهرة,Al Dhahirah,عبـري,Ibri,خاصة / Private
مدرسة المعاني الخاصة,مدرسة المعاني الخاصة,محافظة الظاهرة,Al Dhahirah,عبـري,Ibri,خاصة / Private
مدرسة النُهى الخاصة,مدرسة النُهى الخاصة,محافظة الظاهرة,Al Dhahirah,عبـري,Ibri,خاصة / Private
مدرسة سوار العلم الخاصة (آحادي - ثنائي اللغة),مدرسة سوار العلم الخاصة (آحادي - ثنائي اللغة),محافظة الظاهرة,Al Dhahirah,عبـري,Ibri,خاصة / Private
مدرسة صرح الاوائل الخاصة ثنائية اللغة,مدرسة صرح الاوائل الخاصة ثنائية اللغة,محافظة الظاهرة,Al Dhahirah,عبـري,Ibri,خاصة / Private
مدرسة غراس الخاصة بعبري,مدرسة غراس الخاصة بعبري,محافظة الظاهرة,Al Dhahirah,عبـري,Ibri,خاصة / Private
مدرسة كنوز القرآن الخاصة (رؤيتي سابقاً),مدرسة كنوز القرآن الخاصة (رؤيتي سابقاً),محافظة الظاهرة,Al Dhahirah,عبـري,Ibri,خاصة / Private
مدرسة مسك المعاني الخاصة,مدرسة مسك المعاني الخاصة,محافظة الظاهرة,Al Dhahirah,عبـري,Ibri,خاصة / Private
مدرسة مملكة الطفل الخاصة,مدرسة مملكة الطفل الخاصة,محافظة الظاهرة,Al Dhahirah,عبـري,Ibri,خاصة / Private
مدرسة منارة الضياء الخاصة,مدرسة منارة الضياء الخاصة,محافظة الظاهرة,Al Dhahirah,عبـري,Ibri,خاصة / Private
مدرسة نبراس البيان الخاصة لتعليم القرآن الكريم,مدرسة نبراس البيان الخاصة لتعليم القرآن الكريم,محافظة الظاهرة,Al Dhahirah,عبـري,Ibri,خاصة / Private
مدرسه ألوان الفرح الخاصة فرع مرتفعات عبري,مدرسه ألوان الفرح الخاصة فرع مرتفعات عبري,محافظة الظاهرة,Al Dhahirah,عبـري,Ibri,خاصة / Private
العلاء بن الحضـرمى للتعليم  الأساسي للبنين الصفوف (10-12),Al ala bin al hadhrami boys (10-12),محافظة الظاهرة,Al Dhahirah,ينقل,,حكومية / Public
الرشاد للتعليم الاساسى الصفوف (1-4),Al rashad basic edu (1-4),محافظة الظاهرة,Al Dhahirah,ينقل,,حكومية / Public
الروضـه للتعليم الاساسى الصفوف (1-8),Al rawdha genral edu (1-8),محافظة الظاهرة,Al Dhahirah,ينقل,,حكومية / Public
الصوادر للتعليم الاساسى الصفوف (1-4),Al sawader basic edu (1-4),محافظة الظاهرة,Al Dhahirah,ينقل,,حكومية / Public
الوقبه للتعليم الاساسى الصفوف (1-12),Al woqba basic edu (1-12),محافظة الظاهرة,Al Dhahirah,ينقل,,حكومية / Public
المرى للتعليم الاساسى الصفوف (1 - 9),Almuri basic educatiom grades(1-9),محافظة الظاهرة,Al Dhahirah,ينقل,,حكومية / Public
فلج السديريين للتعليم الاساسى الصفوف (1-8),Falaj al sudyreen general edu (1-8),محافظة الظاهرة,Al Dhahirah,ينقل,,حكومية / Public
هاجـر ام اسماعيـل للتعليم الأساسي  للبنات الصفوف (9-12),Hajer Um Ismail Genral Edu (9-12),محافظة الظاهرة,Al Dhahirah,ينقل,,حكومية / Public
حمود بن احمد البوسعيدى  للتعليم الاساسى للبنين الصفوف (5-9),Homood Bin Ahmed Al busaidi Basic edu (5-9),محافظة الظاهرة,Al Dhahirah,ينقل,,حكومية / Public
جعفر الطيار للتعليم الاساسى للبنين  الصفوف (5-12),Jafar atayar basic edu (5-12),محافظة الظاهرة,Al Dhahirah,ينقل,,حكومية / Public
Private school promise,Private school promise,محافظة الظاهرة,Al Dhahirah,ينقل,Yanqul,خاصة / Private
رافع بن مالك للتعليم الاساسى للبنين الصفوف (5-9),Rafea'a bin Malik Basic Edu (5-9),محافظة الظاهرة,Al Dhahirah,ينقل,,حكومية / Public
ينقـــــل للتعليم الاساسى للبنات الصفوف (5-8),Yanqul Basic edu (5-8),محافظة الظاهرة,Al Dhahirah,ينقل,,حكومية / Public
مدرسة الفرسان الخاصة,مدرسة الفرسان الخاصة,محافظة الظاهرة,Al Dhahirah,ينقل,Yanqul,خاصة / Private
اللكبــــى للتعليم الاساسى الصفوف (1-12),ALAKBEE,محافظة الوسطى,Al Wusta,الجازر,,حكومية / Public
الغبره الجنوبيه للتعليم الاساسى (1-12),ALGOBRA ALJANOOBH,محافظة الوسطى,Al Wusta,الجازر,,حكومية / Public
الكحـــل للتعليم الاساسى الصفوف (1-12),ALKHEEL,محافظة الوسطى,Al Wusta,الجازر,,حكومية / Public
الخضـــــراء للتعليم الاساسى الصفوف (1-10),Al-Khadhra,محافظة الوسطى,Al Wusta,الجازر,,حكومية / Public
KHibrart Girls School,KHibrart Girls School,محافظة الوسطى,Al Wusta,الجازر,Al Jazer,خاصة / Private
ريمــــا للتعليم الاساسى الصفوف (1-12),REEMA,محافظة الوسطى,Al Wusta,الجازر,,حكومية / Public
صوقـــره للتعليم الاساسى الصفوف (1-10),sookhra,محافظة الوسطى,Al Wusta,الجازر,,حكومية / Public
الدقــــم للتعليم الاساسى الصفوف (1-12),Aldukam,محافظة الوسطى,Al Wusta,الـدقم,,حكومية / Public
المدرسة الهندية بالدقم,Indian School Duqm,محافظة الوسطى,Al Wusta,الـدقم,Duqm,خاصة / Private
هيتـــام للتعليم الاساسى الصفوف (1-12),ehnSchoolName,محافظة الوسطى,Al Wusta,الـدقم,,حكومية / Public
بحر العرب للتعليم الاساسى للبنين الصفوف (5-12),enSchoolName,محافظة الوسطى,Al Wusta,الـدقم,,حكومية / Public
ظهــــرللتعليم الاساسى الصفوف (1-12),endSchoolName,محافظة الوسطى,Al Wusta,الـدقم,,حكومية / Public
راس مدركـــه للتعليم الاساسى الصفوف (1-12),enrSchoolName,محافظة الوسطى,Al Wusta,الـدقم,,حكومية / Public
الشمـــــوخ للتعليم الاساسى الصفوف (1-12),ensSchoolName,محافظة الوسطى,Al Wusta,الـدقم,,حكومية / Public
النــــور للتعليم الاساسى الصفوف (1-12),Al-Nor,محافظة الوسطى,Al Wusta,محـوت,,حكومية / Public
الجوبه للتعليم الاساسى الصفوف(1-9),Aljoba,محافظة الوسطى,Al Wusta,محـوت,,حكومية / Public
قلعه العلم للتعليم الاساسى للصفوف (1-12),Kalat alalam,محافظة الوسطى,Al Wusta,محـوت,,حكومية / Public
مديره للتعليم الاساسى الصفوف(1-12),Madira,محافظة الوسطى,Al Wusta,محـوت,,حكومية / Public
مسيره الخير للتعليم الاساسى الصفوف( 1-12),Maserat Al-Khaer,محافظة الوسطى,Al Wusta,محـوت,,حكومية / Public
حج للتعليم الاساسى الصفوف (1-12),enhSchoolName,محافظة الوسطى,Al Wusta,محـوت,,حكومية / Public
خلــــوف للتعليم الأساسي الصفوف (1-12),kulof,محافظة الوسطى,Al Wusta,محـوت,,حكومية / Public
محــــوت للتعليم الاساسى للبنين الصفوف (5-12),mahoot,محافظة الوسطى,Al Wusta,محـوت,,حكومية / Public
صــراب للتعليم الاساسى الصفوف(1-12),sarab for basic education,محافظة الوسطى,Al Wusta,محـوت,,حكومية / Public
وادى السيل للتعليم الاساسى (5-12) بنين,wadi asil,محافظة الوسطى,Al Wusta,محـوت,,حكومية / Public
المعارف للتعليم الاساسى الصفوف (1-12),AL_Maarif school(Grades1-12),محافظة الوسطى,Al Wusta,هيماء,,حكومية / Public
الوسطى للتعليم الاساسى للصفوف (5-12),ALwasta,محافظة الوسطى,Al Wusta,هيماء,,حكومية / Public
هيمــــاء للتعليم الاساسى الصفوف (1-12),enahSchoolName,محافظة الوسطى,Al Wusta,هيماء,,حكومية / Public
ابو مضابـــــى للتعليم الاساسى الصفوف (1-12),enbSchoolName,محافظة الوسطى,Al Wusta,هيماء,,حكومية / Public
الألباب للتعليم الاساسى الصفوف (1-4),AL-Albab for Basic Education,محافظه شمال الشرقيه,Ash Sharqiyah North,ابـراء,,حكومية / Public
الثابتى للتعليم الاساسى للبنات الصفوف (5-10),AL-Thabti for Basic Education for Girls,محافظه شمال الشرقيه,Ash Sharqiyah North,ابـراء,,حكومية / Public
روضة النور الخاصة,Al Noor Private Kindergarten,محافظه شمال الشرقيه,Ash Sharqiyah North,ابـراء,Ibra,خاصة / Private
المتنبي للتعليم الاساسي للبنين الصفوف (10-12),Almutanabi for Basic Education for Boys,محافظه شمال الشرقيه,Ash Sharqiyah North,ابـراء,,حكومية / Public
إبراء للتعليم الأساسى الصفوف (1-4),Ibra for  Basic Education,محافظه شمال الشرقيه,Ash Sharqiyah North,ابـراء,,حكومية / Public
المدرسة الهندية بإبراء,Indian School Ibra (ISI),محافظه شمال الشرقيه,Ash Sharqiyah North,ابـراء,Ibra,خاصة / Private
مدرسة رواد الهمم الخاصة,Rowad Alhemam Private School,محافظه شمال الشرقيه,Ash Sharqiyah North,ابـراء,Ibra,خاصة / Private
مدرسة التفوق العلمي الخاصة,Scientific Excellence Private School,محافظه شمال الشرقيه,Ash Sharqiyah North,ابـراء,Ibra,خاصة / Private
سيح العافيه للتعليم الاساسى للبنات الصفوف (5-9),Seih AL-Afia for  Basic Education for Girls,محافظه شمال الشرقيه,Ash Sharqiyah North,ابـراء,,حكومية / Public
سميه للتعليم الاساسى للبنات الصفوف (10-12),Sumaya for Basic Education for Girls,محافظه شمال الشرقيه,Ash Sharqiyah North,ابـراء,,حكومية / Public
عبدالله بن زيد للتعليم الأساسي للبنين الصفوف (5-9),a,محافظه شمال الشرقيه,Ash Sharqiyah North,ابـراء,,حكومية / Public
البراء بن عازب للتعليم الاساسى للبنين الصفوف(5-10),al baraa,محافظه شمال الشرقيه,Ash Sharqiyah North,ابـراء,,حكومية / Public
الإدراك للتعليم الاساسى الصفوف (1-4),al edrak,محافظه شمال الشرقيه,Ash Sharqiyah North,ابـراء,,حكومية / Public
الموده للتعليم الاساسى الصفوف (3-4) مسائى,almawadah,محافظه شمال الشرقيه,Ash Sharqiyah North,ابـراء,,حكومية / Public
اليحمدي للتعليم الأساسي الصفوف (1-2) صباحي,alyahmadi for basic education (1-2) morning,محافظه شمال الشرقيه,Ash Sharqiyah North,ابـراء,,حكومية / Public
عبدالرحمن بن أبي بكر للتعليم الأساسي للبنين الصفوف (5-9),asdsdsds,محافظه شمال الشرقيه,Ash Sharqiyah North,ابـراء,,حكومية / Public
نور المعرفة للتعليم الأساسي الصفوف (1-4),noor almarefa,محافظه شمال الشرقيه,Ash Sharqiyah North,ابـراء,,حكومية / Public
قفيفه للتعليم الاساسى للبنات الصفوف (5-10),qufaifa,محافظه شمال الشرقيه,Ash Sharqiyah North,ابـراء,,حكومية / Public
مدرسة آمال الطفولة الخاصة,مدرسة آمال الطفولة الخاصة,محافظه شمال الشرقيه,Ash Sharqiyah North,ابـراء,Ibra,خاصة / Private
مدرسة العمران الخاصة,مدرسة العمران الخاصة,محافظه شمال الشرقيه,Ash Sharqiyah North,ابـراء,Ibra,خاصة / Private
مدرسة بيان المعرفة الخاصة,مدرسة بيان المعرفة الخاصة,محافظه شمال الشرقيه,Ash Sharqiyah North,ابـراء,Ibra,خاصة / Private
مدرسة مرفاء الأذكياء الخاصة,مدرسة مرفاء الأذكياء الخاصة,محافظه شمال الشرقيه,Ash Sharqiyah North,ابـراء,Ibra,خاصة / Private
الصلاح للتعليم الاساسى الصفوف (1-4),AL-Salah for Basic Education,محافظه شمال الشرقيه,Ash Sharqiyah North,القابل,,حكومية / Public
النبا للتعليم الاساسى للبنين الصفوف (5-12),Al-Naba for Basic Education for Boys,محافظه شمال الشرقيه,Ash Sharqiyah North,القابل,,حكومية / Public
القابل للتعليم الاساسى الصفوف (1-4),Al-Qabil for Basic Education,محافظه شمال الشرقيه,Ash Sharqiyah North,القابل,,حكومية / Public
مزون للتعليم الاساسى للبنات الصفوف (5-12),Mzoon for Basic Education for Girls,محافظه شمال الشرقيه,Ash Sharqiyah North,القابل,,حكومية / Public
الشيخ صالح بن على الحارثى للتعليم الاساسى للبنين الصفوف (10-12),SHEIKH SALEH BIN ALI ALHARTHI GRADES 10-12,محافظه شمال الشرقيه,Ash Sharqiyah North,القابل,,حكومية / Public
المعترض للتعليم الأساسي للبنات الصفوف (5-12),almutared,محافظه شمال الشرقيه,Ash Sharqiyah North,القابل,,حكومية / Public
مشاعل النور للتعليم الأساسي الصفوف (1-2) صباحي,mashail,محافظه شمال الشرقيه,Ash Sharqiyah North,القابل,,حكومية / Public
مناهل الحكمة للتعليم الأساسي الصفوف (3-4) مسائي,mashail,محافظه شمال الشرقيه,Ash Sharqiyah North,القابل,,حكومية / Public
صلاح الدين للتعليم الاساسى للبنين الصفوف (5-9),salah 5-9,محافظه شمال الشرقيه,Ash Sharqiyah North,القابل,,حكومية / Public
الافلاج للتعليم الاساسى الصفوف (1-12),AL-Aflaj for General Education for Girls,محافظه شمال الشرقيه,Ash Sharqiyah North,المضيبي,,حكومية / Public
الازهر بن على للتعليم الاساسى للبنين الصفوف (5-12),AL-Azhar bin Ali for Basic Education for Boys,محافظه شمال الشرقيه,Ash Sharqiyah North,المضيبي,,حكومية / Public
العلياء للتعليم الاساسي الصفوف (1-9),AL-Elya,محافظه شمال الشرقيه,Ash Sharqiyah North,المضيبي,,حكومية / Public
الامام سالم بن راشد للتعليم الاساسى للبنين الصفوف (5-12),AL-Imam SalimbinRashidforBasic Education for Boys,محافظه شمال الشرقيه,Ash Sharqiyah North,المضيبي,,حكومية / Public
الانشراح للتعليم الاساسى الصفوف (1-4),AL-Inshrah for Basic Education,محافظه شمال الشرقيه,Ash Sharqiyah North,المضيبي,,حكومية / Public
الجرداء للتعليم الاساسى الصفوف (1-10),AL-Jarda for Basic Education,محافظه شمال الشرقيه,Ash Sharqiyah North,المضيبي,,حكومية / Public
الخضراء للتعليم الأساسي الصفوف (1-8),AL-Khadhraa,محافظه شمال الشرقيه,Ash Sharqiyah North,المضيبي,,حكومية / Public
الخيرات للتعليم الاساسى للبنين الصفوف (5-9),AL-Khairat for Basic Education for Boys,محافظه شمال الشرقيه,Ash Sharqiyah North,المضيبي,,حكومية / Public
الخشبه للتعليم الاساسى الصفوف (1-12),AL-Khashaba for Basic Education,محافظه شمال الشرقيه,Ash Sharqiyah North,المضيبي,,حكومية / Public
المضيبى للتعليم الاساسى الصفوف (1-4),AL-Mudhaibi for Basic Education,محافظه شمال الشرقيه,Ash Sharqiyah North,المضيبي,,حكومية / Public
المهنا بن جيفر للتعليم الاساسى للبنين الصفوف (10-12),AL-Muhanna bin jaifer for Basic Education for Boys,محافظه شمال الشرقيه,Ash Sharqiyah North,المضيبي,,حكومية / Public
الروضه للتعليم الاساسى الصفوف (1-9),AL-Rodha for Basic Education,محافظه شمال الشرقيه,Ash Sharqiyah North,المضيبي,,حكومية / Public
الشارق للتعليم الاساسى الصفوف (1-4),AL-Shariq for Basic Education,محافظه شمال الشرقيه,Ash Sharqiyah North,المضيبي,,حكومية / Public
الزهراء السقطريه للتعليم الاساسى للبنات الصفوف (10-12),AL-Zahraa AL-Suqtariya for Basic Education for Gir,محافظه شمال الشرقيه,Ash Sharqiyah North,المضيبي,,حكومية / Public
عبدالله بن ابى بكر للتعليم الاساسى للبنين الصفوف (5-10),Abdullahbinabi Bakr for General Education for Boys,محافظه شمال الشرقيه,Ash Sharqiyah North,المضيبي,,حكومية / Public
الفتح للتعليم الاساسى الصفوف (1-4),Al-Fatah for Education,محافظه شمال الشرقيه,Ash Sharqiyah North,المضيبي,,حكومية / Public
بعد للتعليم الاساسى للبنات الصفوف (5-12),Baad for Basic Education,محافظه شمال الشرقيه,Ash Sharqiyah North,المضيبي,,حكومية / Public
مدرسة بوابة الموهبة الخاصة,Bawabat Al Mawhiba Private School,محافظه شمال الشرقيه,Ash Sharqiyah North,المضيبي,Al Mudhaibi,خاصة / Private
عياض بن زهير للتعليم الاساسى للبنين الصفوف (5-12),Eyad bin Zuhair for Basic Education for Boys,محافظه شمال الشرقيه,Ash Sharqiyah North,المضيبي,,حكومية / Public
لزق للتعليم الاساسى الصفوف (1-9),Lizq for General Education,محافظه شمال الشرقيه,Ash Sharqiyah North,المضيبي,,حكومية / Public
اوس بن الصامت للتعليم الاساسى للبنين الصفوف (5-12),Ous bin Al-Samit for General Education for Boys,محافظه شمال الشرقيه,Ash Sharqiyah North,المضيبي,,حكومية / Public
الشيخ سعيد بن خلفان الخليلى للتعليم الاساسى للبنين الصفوف (5-12),Sheikh Said bin Khalfan AL-Khalili for Basic Educa,محافظه شمال الشرقيه,Ash Sharqiyah North,المضيبي,,حكومية / Public
المناره للتعليم الاساسى للبنات الصفوف (5-9),al m,محافظه شمال الشرقيه,Ash Sharqiyah North,المضيبي,,حكومية / Public
الحواري بن محمد الأزدي للتعليم الأساسي للبنين الصفوف (5-9),al-hawari bin mohammed alazdi for basic educatin,محافظه شمال الشرقيه,Ash Sharqiyah North,المضيبي,,حكومية / Public
المخترع للتعليم الأساسي الصفوف (1-9),al-mukhtora,محافظه شمال الشرقيه,Ash Sharqiyah North,المضيبي,,حكومية / Public
المعالى للتعليم الاساسى الصفوف (1-4),almaaali,محافظه شمال الشرقيه,Ash Sharqiyah North,المضيبي,,حكومية / Public
الزاهرة للتعليم الأساسي الصفوف (1-8),alzahrh,محافظه شمال الشرقيه,Ash Sharqiyah North,المضيبي,,حكومية / Public
عزان بن تميم للبنين الصفوف (10-12),azan bin tamim for boy,محافظه شمال الشرقيه,Ash Sharqiyah North,المضيبي,,حكومية / Public
لميس بنت عمرو الانصارية للتعليم الاساسي للبنات الصفوف (9-12),lamees,محافظه شمال الشرقيه,Ash Sharqiyah North,المضيبي,,حكومية / Public
سمد للتعليم الاساسى للبنات الصفوف (5-9),samad 5-9,محافظه شمال الشرقيه,Ash Sharqiyah North,المضيبي,,حكومية / Public
الشموس بنت النعمان الانصاريه للتعليم الاساسى للبنات الصفوف (10-12),sameed,محافظه شمال الشرقيه,Ash Sharqiyah North,المضيبي,,حكومية / Public
شبيب بن عطية للتعليم الأساسي للبنين الصفوف (5-10),shabeeb bin Atiya,محافظه شمال الشرقيه,Ash Sharqiyah North,المضيبي,,حكومية / Public
مدرسة المضيبي الخاصة,مدرسة المضيبي الخاصة,محافظه شمال الشرقيه,Ash Sharqiyah North,المضيبي,Al Mudhaibi,خاصة / Private
مدرسة سما مسقط الخاصة,مدرسة سما مسقط الخاصة,محافظه شمال الشرقيه,Ash Sharqiyah North,المضيبي,Al Mudhaibi,خاصة / Private
الجلندى للتعليم الاساسى للبنين الصفوف (9-12),AL-julanda,محافظه شمال الشرقيه,Ash Sharqiyah North,بـديـة,,حكومية / Public
الشيخ حمد بن عبدالله السالمى للتعليم الاساسى للبنين الصفوف (5-12),Al-sheikh Hamad bin Abdullah AL-salmi for General,محافظه شمال الشرقيه,Ash Sharqiyah North,بـديـة,,حكومية / Public
الواصل للتعليم الاساسي الصفوف (1-10),Al-wasil,محافظه شمال الشرقيه,Ash Sharqiyah North,بـديـة,,حكومية / Public
Noorbidya private school,Noorbidya private school,محافظه شمال الشرقيه,Ash Sharqiyah North,بـديـة,Bidiya,خاصة / Private
الظاهر للتعليم الاساسى للبنات الصفوف (5-12),al dahir,محافظه شمال الشرقيه,Ash Sharqiyah North,بـديـة,,حكومية / Public
الهمم للتعليم الاساسى الصفوف (1-4),al hemam,محافظه شمال الشرقيه,Ash Sharqiyah North,بـديـة,,حكومية / Public
العطاء للتعليم الأساسي الصفوف (1-3),alataa for basic education,محافظه شمال الشرقيه,Ash Sharqiyah North,بـديـة,,حكومية / Public
الحوية للتعليم الأساسي الصفوف (1-5),alhoya,محافظه شمال الشرقيه,Ash Sharqiyah North,بـديـة,,حكومية / Public
النوابغ للتعليم الأساسي للبنات الصفوف (5-9),an,محافظه شمال الشرقيه,Ash Sharqiyah North,بـديـة,,حكومية / Public
بدية للتعليم الأساسي الصفوف (1-3) صباحي,bidiya for basic education,محافظه شمال الشرقيه,Ash Sharqiyah North,بـديـة,,حكومية / Public
حنظله بن ابى عامر للتعليم الاساسى للبنين الصفوف (5-8),handhala,محافظه شمال الشرقيه,Ash Sharqiyah North,بـديـة,,حكومية / Public
كعب بن عمرو للتعليم الأساسي للبنين الصفوف (5-10),kaab bin amr,محافظه شمال الشرقيه,Ash Sharqiyah North,بـديـة,,حكومية / Public
روافد الفكر للتعليم الأساسي الصفوف (4) مسائي,rawafd alfikr 4 eve,محافظه شمال الشرقيه,Ash Sharqiyah North,بـديـة,,حكومية / Public
رقيه للتعليم الاساسى للبنات الصفوف (10-12),ruqaya,محافظه شمال الشرقيه,Ash Sharqiyah North,بـديـة,,حكومية / Public
مدرسة اجيال بديه الخاصة للتعليم المبكر,مدرسة اجيال بديه الخاصة للتعليم المبكر,محافظه شمال الشرقيه,Ash Sharqiyah North,بـديـة,Bidiya,خاصة / Private
الحاجر للتعليم الاساسى الصفوف (1-10),AL-Hajir for Basic Education,محافظه شمال الشرقيه,Ash Sharqiyah North,دماء والطائيين,,حكومية / Public
الرؤيا للتعليم الاساسى الصفوف (1-4),AL-Roya Ba for Basic Education,محافظه شمال الشرقيه,Ash Sharqiyah North,دماء والطائيين,,حكومية / Public
الغبره للتعليم الاساسى الصفوف (1-12),AL-ghubra for Baisc Education for Girls,محافظه شمال الشرقيه,Ash Sharqiyah North,دماء والطائيين,,حكومية / Public
السبل للتعليم الأساسي الصفوف (1-9),AL-sibil,محافظه شمال الشرقيه,Ash Sharqiyah North,دماء والطائيين,,حكومية / Public
عبدالله بن الارقم للتعليم الاساسى للبنين الصفوف (5-12),Abdullah bin AL-Arqam for Basic Education for Boys,محافظه شمال الشرقيه,Ash Sharqiyah North,دماء والطائيين,,حكومية / Public
ابوالعاص بن الربيع للتعليم الاساسى للبنين الصفوف (5-12),Abu AL-Aas bin AL-Rabie for General Education,محافظه شمال الشرقيه,Ash Sharqiyah North,دماء والطائيين,,حكومية / Public
الفضائل للتعليم الاساسى الصفوف (1-4),Al-Fadhael for Basic Education,محافظه شمال الشرقيه,Ash Sharqiyah North,دماء والطائيين,,حكومية / Public
السليل للتعليم الأساسى الصفوف (1-12),Al-Salil,محافظه شمال الشرقيه,Ash Sharqiyah North,دماء والطائيين,,حكومية / Public
الشيخ هلال بن سعيد بنى عرابه للتعليم الأساسي للبنين الصفوف (5-10),Al-Sheikh Hilal bin Said bani Oraba for General,محافظه شمال الشرقيه,Ash Sharqiyah North,دماء والطائيين,,حكومية / Public
الشيخ حمد بن عبيد السليمي للتعليم الاساسي للبنين الصفوف (5-12),Al-sheikh Hamad bin Obeid,محافظه شمال الشرقيه,Ash Sharqiyah North,دماء والطائيين,,حكومية / Public
اسماعية للتعليم الأساسي للبنات الصفوف (5-12),Ismaiya,محافظه شمال الشرقيه,Ash Sharqiyah North,دماء والطائيين,,حكومية / Public
محلاح للتعليم الاساسى للبنات الصفوف (5-12),Mehlah for Basic Education for Girls,محافظه شمال الشرقيه,Ash Sharqiyah North,دماء والطائيين,,حكومية / Public
مس للتعليم الاساسى للبنين الصفوف (5-12),Mess for Basic Education for Boys,محافظه شمال الشرقيه,Ash Sharqiyah North,دماء والطائيين,,حكومية / Public
عثمان بن عفان للتعليم الأساسي للبنين الصفوف (5-10),Othman bin Affan,محافظه شمال الشرقيه,Ash Sharqiyah North,دماء والطائيين,,حكومية / Public
الشيخ سيف بن حمد الاغبـرى للتعليم الاساسى للبنين الصفوف (5-12),Sheikh Saif bin Hamad Al-Aqhbari for General Educa,محافظه شمال الشرقيه,Ash Sharqiyah North,دماء والطائيين,,حكومية / Public
الغمصه للتعليم الاساسى الصفوف (1-12),al gh,محافظه شمال الشرقيه,Ash Sharqiyah North,دماء والطائيين,,حكومية / Public
خبه للتعليم الاساسى الصفوف (1-4),kebaa,محافظه شمال الشرقيه,Ash Sharqiyah North,دماء والطائيين,,حكومية / Public
الظفرات للتعليم الاساسى الصفوف (1-12),AL-Dafarat for Basic Education,محافظه شمال الشرقيه,Ash Sharqiyah North,سـناو,,حكومية / Public
الجزع للتعليم الاساسى الصفوف (1-12),AL-Gize for Basic Education,محافظه شمال الشرقيه,Ash Sharqiyah North,سـناو,,حكومية / Public
ابوبلال التميمي للتعليم الاساسي للبنين الصفوف (5-9),Abu bilal,محافظه شمال الشرقيه,Ash Sharqiyah North,سـناو,,حكومية / Public
جابر بن سمره العامرى للتعليم الاساسى للبنين الصفوف (5-12),Jaber bin Sumra AL-Aameri for Basic Edu for Boys,محافظه شمال الشرقيه,Ash Sharqiyah North,سـناو,,حكومية / Public
قتادة بن النعمان للتعليم الاساسي للبنين الصفوف (10-12),Qatada,محافظه شمال الشرقيه,Ash Sharqiyah North,سـناو,,حكومية / Public
سناو للتعليم الاساسى للبنات الصفوف (5-9),Sinaw for Basic Education for Girls,محافظه شمال الشرقيه,Ash Sharqiyah North,سـناو,,حكومية / Public
العيون للتعليم الاساسى للبنات الصفوف (5-12),al,محافظه شمال الشرقيه,Ash Sharqiyah North,سـناو,,حكومية / Public
الاراده للتعليم الاساسى الصفوف (1-4),al eradh,محافظه شمال الشرقيه,Ash Sharqiyah North,سـناو,,حكومية / Public
الأمجاد للتعليم الأساسي الصفوف (1-3) صباحي,alamjad for basic education (1-3) morning,محافظه شمال الشرقيه,Ash Sharqiyah North,سـناو,,حكومية / Public
سيح النماء للتعليم الأساسي الصفوف (1-3),seih al-nama for basic education,محافظه شمال الشرقيه,Ash Sharqiyah North,سـناو,,حكومية / Public
شموع الغد للتعليم الاساسى الصفوف (4) مسائى,shumoo alghad for basic education,محافظه شمال الشرقيه,Ash Sharqiyah North,سـناو,,حكومية / Public
ام كلثوم بنت ابى بكر للتعليم الاساسى للبنات الصفوف (10-12),sinaw10-12,محافظه شمال الشرقيه,Ash Sharqiyah North,سـناو,,حكومية / Public
مدرسة الإبتهاج الخاصة,مدرسة الإبتهاج الخاصة,محافظه شمال الشرقيه,Ash Sharqiyah North,سـناو,Sinaw,خاصة / Private
مدرسة منبع القراءة الخاصة,مدرسة منبع القراءة الخاصة,محافظه شمال الشرقيه,Ash Sharqiyah North,سـناو,Sinaw,خاصة / Private
ابومالك للتعليم الاساسى للبنين الصفوف (5-12),Abu Malik for Basic Education for Boys,محافظه شمال الشرقيه,Ash Sharqiyah North,وادي بني خالد,,حكومية / Public
بشائر الخير للتعليم الاساسى الصفوف (1- 4),Bashra AL-khair for Basic Education,محافظه شمال الشرقيه,Ash Sharqiyah North,وادي بني خالد,,حكومية / Public
وادى بنى خالد للتعليم الاساسى للبنات الصفوف (5-12),Wadi bani Khalid for Basic Education for Girls,محافظه شمال الشرقيه,Ash Sharqiyah North,وادي بني خالد,,حكومية / Public
مدرسة واحة بدية الخاصة,Wahet Bidya Private School,محافظه شمال الشرقيه,Ash Sharqiyah North,وادي بني خالد,Wadi Bani Khalid,خاصة / Private
العباس بن عبدالمطلب للتعليم الاساسى للبنين الصفوف (5-12),ALAB'BAS BIN ABDULMUTALIB FOR BASIC EDUCATION,محافظه جنوب الشرقيه,Ash Sharqiyah South,الكامل والوافي,,حكومية / Public
الحسن البصرى للتعليم الاساسى للبنين للصفوف ( 5 - 9 ),ALHASSAN ALBASRI FOR BOYS,محافظه جنوب الشرقيه,Ash Sharqiyah South,الكامل والوافي,,حكومية / Public
الجنائن للتعليم الاساسى الصفوف (1-12),ALJANAEN FOR BASIC EDUCATIONAL,محافظه جنوب الشرقيه,Ash Sharqiyah South,الكامل والوافي,,حكومية / Public
الجنان للتعليم الاساسي الصفوف (1-12),ALJINAN FOR BASIC EDUCATION (1-12),محافظه جنوب الشرقيه,Ash Sharqiyah South,الكامل والوافي,,حكومية / Public
الكامل للتعليم الأساسي للبنات الصفوف (9-12),ALKAMIL FOR GIRLS(9-12),محافظه جنوب الشرقيه,Ash Sharqiyah South,الكامل والوافي,,حكومية / Public
الـتسنيـــــم للتعليم الأساسي الصفوف (1-4),ALTASNEEM FOR BASIC EDUCATION (1-4),محافظه جنوب الشرقيه,Ash Sharqiyah South,الكامل والوافي,,حكومية / Public
الوافي للتعليم الاساسي للبنات (6-12),ALWAFI FOR GIRLS (6-12),محافظه جنوب الشرقيه,Ash Sharqiyah South,الكامل والوافي,,حكومية / Public
السراج المنير للتعليم الأساسي للبنين الصفوف (5-12),ASSIRAJ ALMUNEER FOR BOYS,محافظه جنوب الشرقيه,Ash Sharqiyah South,الكامل والوافي,,حكومية / Public
مجان للتعليم الاساسى الصفوف (1-4),MAJAN FOR BASIC EDUCATION,محافظه جنوب الشرقيه,Ash Sharqiyah South,الكامل والوافي,,حكومية / Public
منبع الخير للتعليم الاساسي الصفوف(3-5),MANBA ALKHEIR (3-5(,محافظه جنوب الشرقيه,Ash Sharqiyah South,الكامل والوافي,,حكومية / Public
ميمـونة بنت سعــد للتعليم الأساسي الصفوف (1-8),MAYMONA BINT SAAD FOR BAISC EDUCATION (1-8(,محافظه جنوب الشرقيه,Ash Sharqiyah South,الكامل والوافي,,حكومية / Public
قتيبه بن مسلم للبنين الصفوف (10-12),QUTAIBAH BIN MISLIM FOR BOYS,محافظه جنوب الشرقيه,Ash Sharqiyah South,الكامل والوافي,,حكومية / Public
طهــــوه للتعليم الاساسى للبنين الصفوف (5-12),TAHWAH FOR BOYS,محافظه جنوب الشرقيه,Ash Sharqiyah South,الكامل والوافي,,حكومية / Public
الاجيال الواعده للتعليم الاساسى الصفوف (1-2) مسائى,al'ajyal alwaeidat (1-2)afternoon,محافظه جنوب الشرقيه,Ash Sharqiyah South,الكامل والوافي,,حكومية / Public
مدرسة ارض المكارم الخاصة فرع الكامل,مدرسة ارض المكارم الخاصة فرع الكامل,محافظه جنوب الشرقيه,Ash Sharqiyah South,الكامل والوافي,Al Kamil Wal Wafi,خاصة / Private
الاصاله للتعليم الاساسي الصفوف (1-7),AL ASALAH FOR BASIC EDUCATION (1-7),محافظه جنوب الشرقيه,Ash Sharqiyah South,جعلان بني بوحسن,,حكومية / Public
الإمام عبدالملك بن حميد للبنين الصفوف (11-12),ALIMAM ABDULMALIK BIN HUMEID FOR BOYS (11-12),محافظه جنوب الشرقيه,Ash Sharqiyah South,جعلان بني بوحسن,,حكومية / Public
المكارم للتعليم الاساسى الصفوف (1-12),ALMAKARIM FOR BASIC EDUCATION,محافظه جنوب الشرقيه,Ash Sharqiyah South,جعلان بني بوحسن,,حكومية / Public
النسمات للتعليم الأساسي الصفوف (1-2) مسائي,ALNASAMAT FOR BASIC EDUCATION (1-2) AFTERNOON,محافظه جنوب الشرقيه,Ash Sharqiyah South,جعلان بني بوحسن,,حكومية / Public
الرفعة للتعليم الاساسي للبنات الصفوف (7-9),ALRAFAH FOR GIRLS (7-9),محافظه جنوب الشرقيه,Ash Sharqiyah South,جعلان بني بوحسن,,حكومية / Public
الـشيـــــــــم للتعليم الأساسي الصفوف (3-4),ALSHAYAM FOR BASIC EDUCATION (3-4),محافظه جنوب الشرقيه,Ash Sharqiyah South,جعلان بني بوحسن,,حكومية / Public
الشيخ عبدلله بن القاسم للتعليم الاساسى للبنين الصفوف (5-10),ALSHEIKH ABDULLAH BIN ALQASIM FOR BOYS,محافظه جنوب الشرقيه,Ash Sharqiyah South,جعلان بني بوحسن,,حكومية / Public
الطحايم للتعليم الاساسى الصفوف ( 1-12),AT'TAHAYEM FOR BASIC EDUCATION,محافظه جنوب الشرقيه,Ash Sharqiyah South,جعلان بني بوحسن,,حكومية / Public
روضة الأقلام المبدعة الخاصة,Alaklam Almopdah Private School,محافظه جنوب الشرقيه,Ash Sharqiyah South,جعلان بني بوحسن,Jalan Bani Bu Hassan,خاصة / Private
اسماء بنت سلمه للتعليم الاساسى للبنات الصفوف (5-6) مسائى,Asma bint Salama(5-6) Afternoon,محافظه جنوب الشرقيه,Ash Sharqiyah South,جعلان بني بوحسن,,حكومية / Public
بلاد بني بو حســن للبنات الصفوف(10-12),BILAD BANI BU HASSAN FOR GIRLS,محافظه جنوب الشرقيه,Ash Sharqiyah South,جعلان بني بوحسن,,حكومية / Public
ذات الصــــوارى للتعليم الاساسى الصفوف (1-12),DHAT AS'SAWARI FOR BASIC EDUCATION,محافظه جنوب الشرقيه,Ash Sharqiyah South,جعلان بني بوحسن,,حكومية / Public
فلج المشايخ للتعليم الاساسى للبنين الصفوف (5-12),FALAJ ALMISHAIEKH FOR BOYS,محافظه جنوب الشرقيه,Ash Sharqiyah South,جعلان بني بوحسن,,حكومية / Public
جعلان للتعليم الاساسى الصفوف (1-4),JALAN FOR BASIC EDUCATION,محافظه جنوب الشرقيه,Ash Sharqiyah South,جعلان بني بوحسن,,حكومية / Public
Jalan Private School,Jalan Private School,محافظه جنوب الشرقيه,Ash Sharqiyah South,جعلان بني بوحسن,Jalan Bani Bu Hassan,خاصة / Private
روضة مسار العلم الخاصة,Masar Alelm Private School,محافظه جنوب الشرقيه,Ash Sharqiyah South,جعلان بني بوحسن,Jalan Bani Bu Hassan,خاصة / Private
رمال الشرقيه للتعليم الاساسى للبنات الصفوف (5-12),RIMAL ASH'SHARQIYAH FOR BASIC EDUCATION,محافظه جنوب الشرقيه,Ash Sharqiyah South,جعلان بني بوحسن,,حكومية / Public
رياض الشرقيه للتعليم الاساسى الصفوف (1-4),RYADH ASH'SHARQIYAH FOR BASIC EDUCATION,محافظه جنوب الشرقيه,Ash Sharqiyah South,جعلان بني بوحسن,,حكومية / Public
سعود بن عزان البوسعيدي للتعليم الأساسي للبنين الصفوف (5-8),SAUD BIN AZAN ALBUSAIDI FOR BOYS (5-8),محافظه جنوب الشرقيه,Ash Sharqiyah South,جعلان بني بوحسن,,حكومية / Public
عقبة بن نافع للتعليم الأساسي للبنين الصفوف (9-10),Uqbah Bin Nafe for boy,محافظه جنوب الشرقيه,Ash Sharqiyah South,جعلان بني بوحسن,,حكومية / Public
مدرسة بشائر الابداع الخاصة,مدرسة بشائر الابداع الخاصة,محافظه جنوب الشرقيه,Ash Sharqiyah South,جعلان بني بوحسن,Jalan Bani Bu Hassan,خاصة / Private
مدرسة جعلان الخاصة,مدرسة جعلان الخاصة,محافظه جنوب الشرقيه,Ash Sharqiyah South,جعلان بني بوحسن,Jalan Bani Bu Hassan,خاصة / Private
مدرسة رياض القرآن الخاصة,مدرسة رياض القرآن الخاصة,محافظه جنوب الشرقيه,Ash Sharqiyah South,جعلان بني بوحسن,Jalan Bani Bu Hassan,خاصة / Private
عبدالله بن جبير للتعليم الاساسى للبنين الصفوف (5-12),ABDULLAH BIN JUBAIR FOR BOYS,محافظه جنوب الشرقيه,Ash Sharqiyah South,جعلان بني بوعلي,,حكومية / Public
الاشخرة للتعليم الاساسي للبنات الصفوف (6-12),AL ASHKHARAH FOR GIRLS (6-12),محافظه جنوب الشرقيه,Ash Sharqiyah South,جعلان بني بوعلي,,حكومية / Public
البندر الجديد للتعليم الاساسى الصفوف (1-12),ALBANDER ALJADEED FOR BASIC EDUCATION,محافظه جنوب الشرقيه,Ash Sharqiyah South,جعلان بني بوعلي,,حكومية / Public
البركة للتعليم الأساسي الصفوف (1-6),ALBARAKAH FOR BASIC EDUCATION GIRLS (1-6(,محافظه جنوب الشرقيه,Ash Sharqiyah South,جعلان بني بوعلي,,حكومية / Public
الفخر للتعليم الاساسى الصفوف (1-12),ALFAKHR FOR BASIC EDUCATION,محافظه جنوب الشرقيه,Ash Sharqiyah South,جعلان بني بوعلي,,حكومية / Public
الحده للتعليم الاساسى للبنين الصفوف (5-12),ALHIDDAH FOR BOYS,محافظه جنوب الشرقيه,Ash Sharqiyah South,جعلان بني بوعلي,,حكومية / Public
الجوابــــى للتعليم الاساسى  الصفوف (1-12),ALJAWABI FOR GIRLS,محافظه جنوب الشرقيه,Ash Sharqiyah South,جعلان بني بوعلي,,حكومية / Public
الجيل الصاعد للتعليم الأساسي الصفوف (3-4),ALJEEL AS SAAED FOR BASIC EDUCATION(3-4),محافظه جنوب الشرقيه,Ash Sharqiyah South,جعلان بني بوعلي,,حكومية / Public
الخويمــــه للتعليم الاساسى للبنين الصفوف (5-12),ALKHUWAIMAH FOR BOYS,محافظه جنوب الشرقيه,Ash Sharqiyah South,جعلان بني بوعلي,,حكومية / Public
المرجان للتعليم الاساسي الصفوف (1-3),ALMURJAN FOR BASIC EDUCATION (1-3),محافظه جنوب الشرقيه,Ash Sharqiyah South,جعلان بني بوعلي,,حكومية / Public
القعقاع بن عمرو التميمي للتعليم الأساسي للبنين الصفوف (5-8),ALQAQAA BIN AMR FOR BOYS,محافظه جنوب الشرقيه,Ash Sharqiyah South,جعلان بني بوعلي,,حكومية / Public
الرويس للتعليم الاساسى للبنين الصفوف(5-12),AR'RUWAIS FOR BASIC EDUCATION,محافظه جنوب الشرقيه,Ash Sharqiyah South,جعلان بني بوعلي,,حكومية / Public
السويــــح للتعليم الاساسى الصفوف (1-10),AS'SUWAIH FOR BASIC EDUCATION,محافظه جنوب الشرقيه,Ash Sharqiyah South,جعلان بني بوعلي,,حكومية / Public
اصيلـــــه للتعليم الاساسى الصفوف (1-12),ASEELAH FOR BASIC EDUCATION,محافظه جنوب الشرقيه,Ash Sharqiyah South,جعلان بني بوعلي,,حكومية / Public
عاصم بن عدى للتعليم الاساسى للبنين الصفوف(5-12),ASIM BIN ADI FOR BOYS,محافظه جنوب الشرقيه,Ash Sharqiyah South,جعلان بني بوعلي,,حكومية / Public
السلطان قابوس للبنين الصفوف (9-12),ASSULTAN QABOOS FOR BOYS,محافظه جنوب الشرقيه,Ash Sharqiyah South,جعلان بني بوعلي,,حكومية / Public
عائشه بنت عثمان للتعليم الاساسى الصفوف (1-12),AYISHAH BINT UTHMAN FOR BASIC EDUCATION,محافظه جنوب الشرقيه,Ash Sharqiyah South,جعلان بني بوعلي,,حكومية / Public
أبو بكر الرازي للتعليم الأساسي للبنين الصفوف (5-9),Abu baker Arrazi for basic Education,محافظه جنوب الشرقيه,Ash Sharqiyah South,جعلان بني بوعلي,,حكومية / Public
بره بنت الحارث للتعليم الاساسى  الصفوف (1-12),BARAH BINT ALHARITH FOR BASIC EDUCATION,محافظه جنوب الشرقيه,Ash Sharqiyah South,جعلان بني بوعلي,,حكومية / Public
بلاد بني بو علي للبنات الصفوف (11-12),BILAD BANI BU ALI FOR GIRLS (11-12),محافظه جنوب الشرقيه,Ash Sharqiyah South,جعلان بني بوعلي,,حكومية / Public
دوحة العلم للتعليم الأساسي الصفوف (3-4),DAWHAT AL ILM FOR BASIC EDUCATION (3-4(,محافظه جنوب الشرقيه,Ash Sharqiyah South,جعلان بني بوعلي,,حكومية / Public
درر المعارف للتعليم الأساسي الصفوف (1-2) مسائي,DORAR ALMAAREF FOR BASIC EDUCATION(1-2) AFTERNOON,محافظه جنوب الشرقيه,Ash Sharqiyah South,جعلان بني بوعلي,,حكومية / Public
فاطمة بنت عتبة للتعليم الأساسي للبنات الصفوف (7-8) مسائي,FATIMA BINT UTBAH FOR GIRLS AFTERNOON,محافظه جنوب الشرقيه,Ash Sharqiyah South,جعلان بني بوعلي,,حكومية / Public
حبيب بن زيد للتعليم الاساسى للبنين الصفوف (5-8),HABIB BIN ZAYID FOR BOYS,محافظه جنوب الشرقيه,Ash Sharqiyah South,جعلان بني بوعلي,,حكومية / Public
هشام بن العاص للتعليم الاساسى للبنين الصفوف (5-12),HISHAM BIN ALAAS FOR BOYS,محافظه جنوب الشرقيه,Ash Sharqiyah South,جعلان بني بوعلي,,حكومية / Public
المدرسة الهندية بجعلان بني بو علي,Indian School Jalan (ISJ),محافظه جنوب الشرقيه,Ash Sharqiyah South,جعلان بني بوعلي,Jalan Bani Bu Ali,خاصة / Private
خبــــاب بن الارت للتعليم الاساسى للبنين الصفوف (5-12),KHABAB BIN ALART FOR BOYS,محافظه جنوب الشرقيه,Ash Sharqiyah South,جعلان بني بوعلي,,حكومية / Public
لآلئ العلم للتعليم الاساسي الصفوف (1-3),LAALIE ALILM (1-3),محافظه جنوب الشرقيه,Ash Sharqiyah South,جعلان بني بوعلي,,حكومية / Public
مسك العلم للتعليم الأساسي (1-2) مسائي,MESK ALELEM (1-2),محافظه جنوب الشرقيه,Ash Sharqiyah South,جعلان بني بوعلي,,حكومية / Public
منير بن النير للبنين الصفوف (10-12),MUNIR BIN ANNAYAR FOR BOYS,محافظه جنوب الشرقيه,Ash Sharqiyah South,جعلان بني بوعلي,,حكومية / Public
مدرسة نوابغ العلم الخاصة,Nawabigh Al Ilm Private School,محافظه جنوب الشرقيه,Ash Sharqiyah South,جعلان بني بوعلي,Jalan Bani Bu Ali,خاصة / Private
قمم المجد للتعليم الاساسى الصفوف (1-2) مسائى,QIMAM ALMAJED FOR BASIC EDUCATION(1-2) AFTERNOON,محافظه جنوب الشرقيه,Ash Sharqiyah South,جعلان بني بوعلي,,حكومية / Public
رمله أم المؤمنين للتعليم الاساسي للبنات الصفوف (9-10),RAMLAh UM ALMUMNEEN,محافظه جنوب الشرقيه,Ash Sharqiyah South,جعلان بني بوعلي,,حكومية / Public
روضه المعارف للتعليم الاساسى الصفوف (1-10),RAWDHAT ALMA'ARIF FOR BASIC EDUCATION,محافظه جنوب الشرقيه,Ash Sharqiyah South,جعلان بني بوعلي,,حكومية / Public
سيح السنــده للتعليم الأساسي للبنات الصفوف (5-6),SEIH ALSENDAH FOR BASIC EDUCATIN (5-6),محافظه جنوب الشرقيه,Ash Sharqiyah South,جعلان بني بوعلي,,حكومية / Public
سيح العلا للتعليم الأساسي الصفوف (3-4),SEIH ALULA FOR BASIC EDUCATION 3-4,محافظه جنوب الشرقيه,Ash Sharqiyah South,جعلان بني بوعلي,,حكومية / Public
السلطان تركي بن سعيد للبنين الصفوف (9-12),Sultan Turki bin Said,محافظه جنوب الشرقيه,Ash Sharqiyah South,جعلان بني بوعلي,,حكومية / Public
وادى الشكلــه للتعليم الاساسى الصفوف (1-12),WADI ASH'SHIKLAH FOR BASIC EDUCATION,محافظه جنوب الشرقيه,Ash Sharqiyah South,جعلان بني بوعلي,,حكومية / Public
وادى جحـــله للتعليم الاساسى للبنين الصفوف(5-12),WADI JAHLAH FOR BOYS,محافظه جنوب الشرقيه,Ash Sharqiyah South,جعلان بني بوعلي,,حكومية / Public
وادى ســـال للتعليم الاساسى الصفوف (1-10),WADI SAL FOR BASIC EDUCATION,محافظه جنوب الشرقيه,Ash Sharqiyah South,جعلان بني بوعلي,,حكومية / Public
نبراس العلم  للتعليم الاساسى الصفوف (4-5) مسائى,nibras aleilm(4-5(,محافظه جنوب الشرقيه,Ash Sharqiyah South,جعلان بني بوعلي,,حكومية / Public
احمد بن ماجد للبنين الصفوف(10-12),AHMED BIN MAJID FOR BOYS,محافظه جنوب الشرقيه,Ash Sharqiyah South,صـور,,حكومية / Public
العفيه للتعليم الاساسى الصفوف (1-4),ALAFIAH FOR BASIC EDUCATION,محافظه جنوب الشرقيه,Ash Sharqiyah South,صـور,,حكومية / Public
العيجة للتعليم الاساسي للبنات الصفوف(6-12),ALAIJAH (6-12,محافظه جنوب الشرقيه,Ash Sharqiyah South,صـور,,حكومية / Public
البهجه للتعليم الاساسي الصفوف (3-5),ALBAHJAH FOR BASIC EDUCATION (3-5(,محافظه جنوب الشرقيه,Ash Sharqiyah South,صـور,,حكومية / Public
البر للتعليم الأساسي الصفوف(1-8),ALBAR FOR BASIC EDUCAION,محافظه جنوب الشرقيه,Ash Sharqiyah South,صـور,,حكومية / Public
الإمام الصلت بن القاسم الخروصي للتعليم الأساسي للبنين (5-10),ALEMAM ALSALT BIN ALQASIM ALKHAROSI FOR BOYS,محافظه جنوب الشرقيه,Ash Sharqiyah South,صـور,,حكومية / Public
الفليج للتعليم الاساسى الصفوف (1-10),ALFILAIJ FOR BASIC EDUCATION,محافظه جنوب الشرقيه,Ash Sharqiyah South,صـور,,حكومية / Public
المعارج للتعليم الاساسى الصفوف (1-12),ALMAARIJ FOR BASIC EDUCATION,محافظه جنوب الشرقيه,Ash Sharqiyah South,صـور,,حكومية / Public
الموارد للتعليم الأساسي الصفوف (5-12),ALMAWARID FOR BASIC EDUCATION 5-12,محافظه جنوب الشرقيه,Ash Sharqiyah South,صـور,,حكومية / Public
الشيخ بلعرب بن مانع للتعليم الاساسى الصفوف (1-4),ALSHEIKH BIL'ARAB BIN MANIE FOR BASIC EDUCATION,محافظه جنوب الشرقيه,Ash Sharqiyah South,صـور,,حكومية / Public
الشيخ حمد بن سيف البوسعيدى للتعليم الاساسي  للبنين الصفوف (5-10),ALSHEIKH HAMED BIN SAIF ALBUSAIDI FOR BOYS,محافظه جنوب الشرقيه,Ash Sharqiyah South,صـور,,حكومية / Public
السلطان سعيد بن تيمور للتعليم الاساسى للبنين الصفوف(5-9),AS'SULTAN SAEED BIN TAYMOOR FOR BOYS,محافظه جنوب الشرقيه,Ash Sharqiyah South,صـور,,حكومية / Public
الشراع للتعليم الاساسى الصفوف (1-4),ASH'SHIRAA FOR BASIC EDUCATION,محافظه جنوب الشرقيه,Ash Sharqiyah South,صـور,,حكومية / Public
مدرسة أجيال الإبداع الخاصة,Ajyal Al-Ibdaa Private School,محافظه جنوب الشرقيه,Ash Sharqiyah South,صـور,Sur,خاصة / Private
المروة للتعليم الأساسي للبنات الصفوف(5-8),AlMARWA For Girle(5-8),محافظه جنوب الشرقيه,Ash Sharqiyah South,صـور,,حكومية / Public
الخنساء للبنات الصفوف (9-12),Alkhansa For Girls,محافظه جنوب الشرقيه,Ash Sharqiyah South,صـور,,حكومية / Public
بحر المعرفه للتعليم الاساسى  الصفوف (1-4),BAHR ALMARIFAH FOR BASIC EDUCATION,محافظه جنوب الشرقيه,Ash Sharqiyah South,صـور,,حكومية / Public
بحر عمان للتعليم الاساسى الصفوف (1-12),BAHR OMAN FOR BASIC EDUCATION,محافظه جنوب الشرقيه,Ash Sharqiyah South,صـور,,حكومية / Public
بلعرب بن حمير للتعليم الاساسى للبنين الصفوف (5-10),BIL'ARAB BIN HIMYAR FOR BOYS,محافظه جنوب الشرقيه,Ash Sharqiyah South,صـور,,حكومية / Public
بلاد صور للتعليم الأساسي للبنات الصفوف (5-8),BILAD SUR FOR GIRLS,محافظه جنوب الشرقيه,Ash Sharqiyah South,صـور,,حكومية / Public
مدرسة دار الصفوة الخاصة,Dar Al Safwa Private School,محافظه جنوب الشرقيه,Ash Sharqiyah South,صـور,Sur,خاصة / Private
حواجــــــر للتعليم الاساسى للبنين الصفوف (5-12),HAWAJIR FOR BOYS,محافظه جنوب الشرقيه,Ash Sharqiyah South,صـور,,حكومية / Public
المدرسة الهندية بصور,Indian School Sur,محافظه جنوب الشرقيه,Ash Sharqiyah South,صـور,Sur,خاصة / Private
مدرسة اقرأ الخاصة,Iqraa Private School (Sur),محافظه جنوب الشرقيه,Ash Sharqiyah South,صـور,Sur,خاصة / Private
لبابة بنت الحارث للبنات الصفوف (9-12),LUBABAH Bhkt ALHARiTH For Girls,محافظه جنوب الشرقيه,Ash Sharqiyah South,صـور,,حكومية / Public
قلهات للتعليم الاساسى الصفوف (1-12),QALHAT FOR BASIC EDUCATION,محافظه جنوب الشرقيه,Ash Sharqiyah South,صـور,,حكومية / Public
راس الحــد للتعليم الاساسى للبنين الصفوف (5-12),RAS ALHADD FOR BOYS,محافظه جنوب الشرقيه,Ash Sharqiyah South,صـور,,حكومية / Public
رواد المكارم للتعليم الأساسي الصفوف (1-2)مسائي,RWAAD ALMAKAREM(1-2),محافظه جنوب الشرقيه,Ash Sharqiyah South,صـور,,حكومية / Public
شعلة المعارف للتعليم الأساسي الصفوف (1-4) مسائي,SHUELAT ALMAAREF FOR BASIC EDUCATION(1-4),محافظه جنوب الشرقيه,Ash Sharqiyah South,صـور,,حكومية / Public
سلطان بن مرشد للتعليم الاساسى للبنين الصفوف (5-12),SULTAN BIN MURSHID FOR BOYS,محافظه جنوب الشرقيه,Ash Sharqiyah South,صـور,,حكومية / Public
صور للتعليم الاساسى الصفوف (1-4),SUR FOR BASIC EDUCATION,محافظه جنوب الشرقيه,Ash Sharqiyah South,صـور,,حكومية / Public
مدرسة صور الخاصة,Sur Private School,محافظه جنوب الشرقيه,Ash Sharqiyah South,صـور,Sur,خاصة / Private
طيـــوى للتعليم الاساسى للبنين الصفوف (5-12),TIWI FOR BOYS,محافظه جنوب الشرقيه,Ash Sharqiyah South,صـور,,حكومية / Public
وادى بنى جابر للتعليم الاساسى الصفوف (1-12),WADI BANI JABIR FOR BASIC EDUCATION,محافظه جنوب الشرقيه,Ash Sharqiyah South,صـور,,حكومية / Public
مدرسة زهرة العيجة الخاصة,Zahrat Alaija Private School,محافظه جنوب الشرقيه,Ash Sharqiyah South,صـور,Sur,خاصة / Private
صور الساحل للتعليم الأساسي للبنات الصفوف (5-8),sur assahil (5-8),محافظه جنوب الشرقيه,Ash Sharqiyah South,صـور,,حكومية / Public
مدرسة البراعم الخاصة,مدرسة البراعم الخاصة,محافظه جنوب الشرقيه,Ash Sharqiyah South,صـور,Sur,خاصة / Private
مدرسة دار المنهل الخاصة,مدرسة دار المنهل الخاصة,محافظه جنوب الشرقيه,Ash Sharqiyah South,صـور,Sur,خاصة / Private
مدرسة غراس الخاصة صور,مدرسة غراس الخاصة صور,محافظه جنوب الشرقيه,Ash Sharqiyah South,صـور,Sur,خاصة / Private
المهلب بن ابى صفره للتعليم الاساسى للبنين الصفوف (5-12),ALMUHALAB BIN ABI SUFRAH FOR BOYS,محافظه جنوب الشرقيه,Ash Sharqiyah South,مصـيره,,حكومية / Public
المدرسة الهندية بمصيرة,Indian School Masirah,محافظه جنوب الشرقيه,Ash Sharqiyah South,مصـيره,Masirah,خاصة / Private
مشاعل العلم للتعليم الاساسي الصفوف (3-4),MASHAEL ALILM (3-4),محافظه جنوب الشرقيه,Ash Sharqiyah South,مصـيره,,حكومية / Public
مصيره للتعليم الاساسى للبنات الصفوف (5-12),MASIRAH FOR GIRLS,محافظه جنوب الشرقيه,Ash Sharqiyah South,مصـيره,,حكومية / Public
بشائر المعرفة للتعليم الاساسي الصفوف (1-2) مسائى,bashayir almaerifa (1-2),محافظه جنوب الشرقيه,Ash Sharqiyah South,مصـيره,,حكومية / Public
ابن الذهبى  للتعليم الاساسى  للبنين الصفوف (5-12),(Ibn al-Dhahabi Basic Education School(5-12,محافظة ظفار,Dhofar,المزيونة,,حكومية / Public
عيبـــوت للتعليم الاساسى الصفوف (1-12),"Aibut for basic education, grades 1-12",محافظة ظفار,Dhofar,المزيونة,,حكومية / Public
المزيونه للتعليم الاساسى للبنات الصفوف(5-12),Al Mazyona Basic Education for Girls Grades (5-12),محافظة ظفار,Dhofar,المزيونة,,حكومية / Public
الاحقــــاف للتعليم الاساسى الصفوف (1-12),"Al-Ahqaf for basic education, grades 1-12",محافظة ظفار,Dhofar,المزيونة,,حكومية / Public
انـــدات للتعليم الاساسى الصفوف (1-12),Andat for basic education grades(1-12),محافظة ظفار,Dhofar,المزيونة,,حكومية / Public
هرويب للتعليم الاساسى الصفوف (1-12),"Harwib for basic education, grades (1-12)",محافظة ظفار,Dhofar,المزيونة,,حكومية / Public
حورات للتعليم الاساسى الصفوف (1-12),"Hourat for basic education, grades (1-12)",محافظة ظفار,Dhofar,المزيونة,,حكومية / Public
ابن رشد للتعليم الاساسى للبنين الصفوف (9 -12),Ibn Rushd for Basic Education for Boys Grades(9-12,محافظة ظفار,Dhofar,المزيونة,,حكومية / Public
ميتـــــن للتعليم الاساسى الصفوف (1-12),Metin for basic education grades (1-12),محافظة ظفار,Dhofar,المزيونة,,حكومية / Public
عمربن عبدالعزيز للتعليم الاساسى للبنين الصفوف(5-8),Omar Bin Abdulaziz Basic Education for Boys Grades,محافظة ظفار,Dhofar,المزيونة,,حكومية / Public
توسنـــات للتعليم الاساسى الصفوف (1-12),Tosnat for basic education grades (1-12),محافظة ظفار,Dhofar,المزيونة,,حكومية / Public
المزيونه للتعليم الاساسى الصفوف (1-4),al-mazewnah basic gardes (1-4),محافظة ظفار,Dhofar,المزيونة,,حكومية / Public
واحة الحكمة للتعليم الاساسى الصفوف (1-4),wahat alhakmah,محافظة ظفار,Dhofar,المزيونة,,حكومية / Public
الحشمـان للتعليم الاساسى الصفوف (1-12),AL-Hashman Basic Education School grades(1-12),محافظة ظفار,Dhofar,ثمريت,,حكومية / Public
المطهفــه للتعليم الاساسى الصفوف (1-12 ),AL-Mothafah Basic Education School grades(1-12),محافظة ظفار,Dhofar,ثمريت,,حكومية / Public
النجــــد للتعليم الاساسى الصفوف (1-12),AL-Najid Basic Education School grades (1-12),محافظة ظفار,Dhofar,ثمريت,,حكومية / Public
الشصـر للتعليم الاساسى الصفوف ( 1-12),AL-Shasir Basic Education School grades (1-12),محافظة ظفار,Dhofar,ثمريت,,حكومية / Public
عيـــــــون للتعليم الاساسى الصفوف (1-12),Aioon Basic Education School grades(1-12),محافظة ظفار,Dhofar,ثمريت,,حكومية / Public
بوابه الفكر للتعليم الاساسى للبنين الصفوف (5-12),Al-Fikr Gate for Basic Education for Boys (5-12),محافظة ظفار,Dhofar,ثمريت,,حكومية / Public
النعيم للتعليم الاساسى الصفوف (1-4),Al-Naeem Basic Education School grades(1 - 4),محافظة ظفار,Dhofar,ثمريت,,حكومية / Public
بربـــزوم للتعليم الاساسى الصفوف (1-12),Barbzoom basic Education School grades(1-12),محافظة ظفار,Dhofar,ثمريت,,حكومية / Public
بيثنــه للتعليم الاساسى الصفوف (1-12),Beethnah Basic Education School grades(1-12),محافظة ظفار,Dhofar,ثمريت,,حكومية / Public
جابـر بن حيــان للتعليم الاساسى للبنين الصفوف (5-12),Jabir bin Hayyan Basic Education School for boys g,محافظة ظفار,Dhofar,ثمريت,,حكومية / Public
مضى للتعليم الاساسى الصفوف(1-12),Madhi Basic Education School grades(1 - 12),محافظة ظفار,Dhofar,ثمريت,,حكومية / Public
قتبيــــت للتعليم الاساسى الصفوف (1-12),Qatbeet basic Education School grades(1-12),محافظة ظفار,Dhofar,ثمريت,,حكومية / Public
ربكــــوت للتعليم الاساسى الصفوف (1-12),Rabkoot Basic Education School grades(1-12),محافظة ظفار,Dhofar,ثمريت,,حكومية / Public
رويــه للتعليم الاساسى الصفوف (1-12),Rawyah Basic Education School grades(1-12),محافظة ظفار,Dhofar,ثمريت,,حكومية / Public
ذهبان للتعليم الاساسى الصفوف (1-4),Thahban Basic Education School grades(1 - 4),محافظة ظفار,Dhofar,ثمريت,,حكومية / Public
ذهبـــون للتعليم الاساسى الصفوف  (1-12),Thahboon Basic Education School grades (1-12),محافظة ظفار,Dhofar,ثمريت,,حكومية / Public
ثمــريت للتعليم الاساسى للبنات الصفوف (5-12),Thumryt Basic Education School for girls grades(5-,محافظة ظفار,Dhofar,ثمريت,,حكومية / Public
اجــدروت للتعليم الاساسى للبنين الصفوف( 5-12),Ajdaroot Basic Education School fpr boys 5-10,محافظة ظفار,Dhofar,رخيوت,,حكومية / Public
أجــدروت للتعليم الاساسى  الصفوف (1-12),Ajdaroot Basic Education School grades(1-12(,محافظة ظفار,Dhofar,رخيوت,,حكومية / Public
ارديــت للتعليم الاساسى الصفوف (1-12),Ardeet Basic Education School grades(1-12(,محافظة ظفار,Dhofar,رخيوت,,حكومية / Public
حيــــرون للتعليم الاساسى الصفوف (1-12),Hairoon Basic Education School grades(1-12),محافظة ظفار,Dhofar,رخيوت,,حكومية / Public
رخيــوت للتعليم الاساسى الصفوف (1-12),Rakhyut Basic Education School grades(1-12),محافظة ظفار,Dhofar,رخيوت,,حكومية / Public
شهب اصعيب للتعليم الاساسى للبنين الصفوف (5-12),Shahab Asayaib Basic Education School for boys5-12,محافظة ظفار,Dhofar,رخيوت,,حكومية / Public
شهب اصعيب للتعليم الاساسى   الصفوف (1-12),Shahab Asyaib Basic Education School grades(1-12),محافظة ظفار,Dhofar,رخيوت,,حكومية / Public
شرشتــى للتعليم الاساسى الصفوف (1-12),Shersheti Basic Education School grades(1-12),محافظة ظفار,Dhofar,رخيوت,,حكومية / Public
القادسيــــه للتعليم الاساسي للبنين الصفوف (5-12),AL-Qadisyah BASIC Education School grades(5-12),محافظة ظفار,Dhofar,سدح,,حكومية / Public
ابو عبيـده بن الجـراح للتعليم الاساسى للبنين الصفوف (5-12),Abu Obaida bin Al-Jurrah Basic 5-12,محافظة ظفار,Dhofar,سدح,,حكومية / Public
حدبيــن للتعليم الاساسى للبنين الصفوف (5-12),Hadbeen Basic Education School for Boys (5-12),محافظة ظفار,Dhofar,سدح,,حكومية / Public
حدبيــن للتعليم الاساسى الصفوف (1-12),Hadbeen Basic Education School grades (1-12),محافظة ظفار,Dhofar,سدح,,حكومية / Public
حاسك للتعليم الاساسى الصفوف (1-12),Hasek Basic Education School grades(1-12),محافظة ظفار,Dhofar,سدح,,حكومية / Public
جوفـــــاء للتعليم الاساسى الصفوف (1-12),Jawfa Basic Education School grades(1-12),محافظة ظفار,Dhofar,سدح,,حكومية / Public
ســـدح للتعليم الاساسى للبنات الصفوف (5-12),Sadah Basic Education School for girls 5-12,محافظة ظفار,Dhofar,سدح,,حكومية / Public
ســــدح للتعليم الاساسى الصفوف( 1-4),Sadah Basic Education School grades(1-4),محافظة ظفار,Dhofar,سدح,,حكومية / Public
صــوب للتعليم الاساسى الصفوف (1-12),Soub Basic 1-12,محافظة ظفار,Dhofar,سدح,,حكومية / Public
جوفــــاء للتعليم الاساسى للبنين الصفوف (5-12),jawfa BAISC Education School grades (5-12),محافظة ظفار,Dhofar,سدح,,حكومية / Public
الحلانيــات للتعليم الاساسى الصفوف (1-12),AL-Hallaniyyat Basic Education School grades(1-12(,محافظة ظفار,Dhofar,شليم وجزر الحلانيات,,حكومية / Public
الشويميـه للتعليم الاساسى الصفوف (1-12),AL-Shawaymia Basic Education School grades(1-12(,محافظة ظفار,Dhofar,شليم وجزر الحلانيات,,حكومية / Public
ديميــت للتعليم الاساسى الصفوف (1-12),Demeet Basic Education School grades (1-12),محافظة ظفار,Dhofar,شليم وجزر الحلانيات,,حكومية / Public
فتخيت للتعليم الاساسى الصفوف (1-12 ),Fitkheet Basic Education School grades(1-12),محافظة ظفار,Dhofar,شليم وجزر الحلانيات,,حكومية / Public
كوبـــوت للتعليم الاساسى الصفوف (1-12),Koboot Basic Education School grades(1-12(,محافظة ظفار,Dhofar,شليم وجزر الحلانيات,,حكومية / Public
محويس للتعليم الاساسى الصفوف (1-12),Mahwees Basic Education School grades(1-12(,محافظة ظفار,Dhofar,شليم وجزر الحلانيات,,حكومية / Public
شربثــات للتعليم الاساسى الصفوف (1-12),SHurbthat Basic Education School grades(1-12(,محافظة ظفار,Dhofar,شليم وجزر الحلانيات,,حكومية / Public
وادى عـاره للتعليم الاساسى للبنين الصفوف (5-12),Wadi Araah General Education School for boys(5-12(,محافظة ظفار,Dhofar,شليم وجزر الحلانيات,,حكومية / Public
وادى هكه للتعليم الاساسى الصفوف (1-12),Wadi Hakkah Basic Education School Grades(1-12(,محافظة ظفار,Dhofar,شليم وجزر الحلانيات,,حكومية / Public
زخـر للتعليم الاساسى الصفوف (1-12),Zakhr Basic Education School grades(1-12),محافظة ظفار,Dhofar,شليم وجزر الحلانيات,,حكومية / Public
ابو فراس الحمدانى للتعليم الاساسى للبنين الصفوف (5-12),abo faras alhamdani baisc garde(5-12,محافظة ظفار,Dhofar,شليم وجزر الحلانيات,,حكومية / Public
شليم للتعليم الاساسى الصفوف (1-12),shalim Basic Education School grades(1-12(,محافظة ظفار,Dhofar,شليم وجزر الحلانيات,,حكومية / Public
23 يوليـــــو للتعليم الاساسى للبنات الصفوف (5-10),23rd of July Basic Education School for girls(5-10,محافظة ظفار,Dhofar,صــلالـة,,حكومية / Public
السراج  للتعليم الاساسى الصفوف (1-12),ALSARAJ basic Education School grades(1-12),محافظة ظفار,Dhofar,صــلالـة,,حكومية / Public
اضبيـــدوت للتعليم الاساسى للبنين الصفوف (5-12),Adhbidot Basic Education School for boys grades(5-,محافظة ظفار,Dhofar,صــلالـة,,حكومية / Public
عدونـــب للتعليم الاساسى الصفوف ( 1-10),Adoonab Basic Education School grades(1-10),محافظة ظفار,Dhofar,صــلالـة,,حكومية / Public
عائشه بنت ابى بكر للتعليم الاساسى للبنات الصفوف(5-10),Aisha bint Abi Baker Basic Education School for gi,محافظة ظفار,Dhofar,صــلالـة,,حكومية / Public
مدرسة أجيال ظفار الخاصة,Ajyal Dhofar Private School,محافظة ظفار,Dhofar,صــلالـة,Salalah,خاصة / Private
مدرسة الأنوار الخاصة,Al Anwar Private School,محافظة ظفار,Dhofar,صــلالـة,Salalah,خاصة / Private
مدرسة الجوهرة الخاصة,Al Jawhara Private School,محافظة ظفار,Dhofar,صــلالـة,Salalah,خاصة / Private
مدرسة المناهل الخاصة,Al Manhaal Private School,محافظة ظفار,Dhofar,صــلالـة,Salalah,خاصة / Private
الاجيال للتعليم الاساسى الصفوف ( 1-4),Al-Ajyaal Basic Education School grades(1 - 4),محافظة ظفار,Dhofar,صــلالـة,,حكومية / Public
العوقدين للتعليم الاساسى الصفوف (1-4),Al-Awqidain Basic Education School grades(1 - 4),محافظة ظفار,Dhofar,صــلالـة,,حكومية / Public
البدائع للتعليم الاساسى الصفوف(1-4),Al-BADIA Basic Education School grades(1 - 4),محافظة ظفار,Dhofar,صــلالـة,,حكومية / Public
منبع الحكمه للتعليم الاساسى للبنات الصفوف (5-10),Al-Hikmah Elementary School for Girls (5-10),محافظة ظفار,Dhofar,صــلالـة,,حكومية / Public
الكواكب للتعليم الاساسى الصفوف (1-4),Al-Kawakeb Basic Education School grades(1 - 4),محافظة ظفار,Dhofar,صــلالـة,,حكومية / Public
المعرفه للتعليم الاساسى الصفوف ( 1-4),Al-Marifah Basic Education School grades(1 - 4),محافظة ظفار,Dhofar,صــلالـة,,حكومية / Public
المـــــروج  للتعليم الاساسى للبنات الصفوف (5-10),Al-Marooj Basic Education School for girls grades(,محافظة ظفار,Dhofar,صــلالـة,,حكومية / Public
المعتزه للتعليم الاساسى الصفوف (1-4),Al-Moatazah Basic Education School grades(1 - 4),محافظة ظفار,Dhofar,صــلالـة,,حكومية / Public
النهضـــه للبنات الصفوف (11- 12),Al-Nahdhah for girls grades(11-12),محافظة ظفار,Dhofar,صــلالـة,,حكومية / Public
النور للتعليم الاساسى للبنات الصفوف (5-10),Al-Noor Basic Education School for girls grades(5,محافظة ظفار,Dhofar,صــلالـة,,حكومية / Public
القبـــــــــس  للتعليم الاساسى الصفوف (1-4),Al-Qabas Basic Education School grades(1 - 4),محافظة ظفار,Dhofar,صــلالـة,,حكومية / Public
القـــرض للتعليم الاساسى الصفوف ( 1-4),Al-Qaradh Basic Education School grades(1 - 4),محافظة ظفار,Dhofar,صــلالـة,,حكومية / Public
القـــــوف  للتعليم الاساسى الصفوف (1-4),Al-Qoof Basic Education School grades(1 - 4),محافظة ظفار,Dhofar,صــلالـة,,حكومية / Public
القنطـــره للتعليم الاساسى للبنين الصفوف (5-9),Al-Quntrah Basic Education School for boys grades(,محافظة ظفار,Dhofar,صــلالـة,,حكومية / Public
الرايه للتعليم الاساسى للبنات الصفوف (5-9),Al-Rayah Basic Education School for girls (5-9),محافظة ظفار,Dhofar,صــلالـة,,حكومية / Public
السعـــاده للتعليم الاساسى للبنات الصفوف (11-12),Al-Saadah Basic Education School for girls grades(,محافظة ظفار,Dhofar,صــلالـة,,حكومية / Public
الشعله للتعليم الاساسى للبنين الصفوف(5-10),Al-Shulah Basic Education School for boys (5-10),محافظة ظفار,Dhofar,صــلالـة,,حكومية / Public
الترمذى للتعليم الاساسى للبنين الصفوف (5-10),"Al-Tirmidhi for basic education for boys, grades (",محافظة ظفار,Dhofar,صــلالـة,,حكومية / Public
الوادى للتعليم الاساسى الصفوف (1-4),Al-Wadi Basic Education School grades(1 - 4),محافظة ظفار,Dhofar,صــلالـة,,حكومية / Public
الدهاريز للتعليم الاساسى الصفوف( 1-4),Al-dahareez Basic Education School grades(1 - 4),محافظة ظفار,Dhofar,صــلالـة,,حكومية / Public
الكنوز للتعليم الاساسى الصفوف ( 1 - 4 ),Al-kanoz Basic Education School grades(1 - 4),محافظة ظفار,Dhofar,صــلالـة,,حكومية / Public
الخريف للتعليم الاساسى الصفوف ( 1 - 4 ),Al-karif Basic Education School grades(1 -4),محافظة ظفار,Dhofar,صــلالـة,,حكومية / Public
مدرسة البيادر الخاصة,Albayader private school,محافظة ظفار,Dhofar,صــلالـة,Salalah,خاصة / Private
مدرسة المعارف الخاصة,Almarif Private School,محافظة ظفار,Dhofar,صــلالـة,Salalah,خاصة / Private
مدرسة النبلاء الخاصة,Alnabala Private School,محافظة ظفار,Dhofar,صــلالـة,Salalah,خاصة / Private
المدرسه السعيديه بصلاله,Alsaidyah school salalah,محافظة ظفار,Dhofar,صــلالـة,,حكومية / Public
الســـان للتعليم الاساسى للبنين الصفوف (5-12),Alsan Basic Education School for boys grades(5-12),محافظة ظفار,Dhofar,صــلالـة,,حكومية / Public
الســـان للتعليم الاساسى الصفوف (1-12),Alsan Basic Education School grades(1-12),محافظة ظفار,Dhofar,صــلالـة,,حكومية / Public
مدرسة التقوى الخاصة,Altaqwa Private School,محافظة ظفار,Dhofar,صــلالـة,Salalah,خاصة / Private
مدرسة اللوان الربيع الخاصة,Alwan Al Rabee Private School,محافظة ظفار,Dhofar,صــلالـة,Salalah,خاصة / Private
Amaad Private School,Amaad Private School,محافظة ظفار,Dhofar,صــلالـة,Salalah,خاصة / Private
انس بن مالك للتعليم الاساسى للبنين الصفوف (5-6),Anas bin Malik Basic Education School for boys gra,محافظة ظفار,Dhofar,صــلالـة,,حكومية / Public
اشنهيـــــب للتعليم الاساسى الصفوف (1-4),Ashenhaib Basic Education School grades(1 - 4),محافظة ظفار,Dhofar,صــلالـة,,حكومية / Public
اصطــاح للتعليم الاساسى للبنين الصفوف (5-10),Astah Basic Education School for boys grades(5-10),محافظة ظفار,Dhofar,صــلالـة,,حكومية / Public
اصطـــاح للتعليم الاساسى الصفوف (1-10),Astah Basic Education School grades(1-10),محافظة ظفار,Dhofar,صــلالـة,,حكومية / Public
عوقــــــد للتعليم الاساسى للبنات الصفوف (5-6),Awqid Basic Education School for girls grades(5-6),محافظة ظفار,Dhofar,صــلالـة,,حكومية / Public
مدرسة براعم صلالة الخاصة,Baraem Salalah Private School,محافظة ظفار,Dhofar,صــلالـة,Salalah,خاصة / Private
قلعه الفكر للتعليم الاساسى الصفوف(1-4),Basic thought of basic education classes (1-4),محافظة ظفار,Dhofar,صــلالـة,,حكومية / Public
روضة براعم ظفار الخاصة,Braem Dhofar Private Kindergarten,محافظة ظفار,Dhofar,صــلالـة,Salalah,خاصة / Private
المدرسة البريطانية صلالة,British School Salalah (BSS),محافظة ظفار,Dhofar,صــلالـة,Salalah,خاصة / Private
ظفــــار للتعليم الاساسى للبنين الصفوف (11-12),Dhofar Basic Education for boys grades(11-12),محافظة ظفار,Dhofar,صــلالـة,,حكومية / Public
روضة أشبال ظفار الخاصة,Dhofar Cubs Private School - Kindergarten,محافظة ظفار,Dhofar,صــلالـة,Salalah,خاصة / Private
دره ظفــــار للتعليم الاساسى للبنات الصفوف (5-10),Durrat Dhofar for Basic Education for Girls (Grade,محافظة ظفار,Dhofar,صــلالـة,,حكومية / Public
فاطمــه الزهــراء للتعليم الاساسى للبنات الصفوف (7-10),Fatimah Al-Zahraa Basic Education School for girls,محافظة ظفار,Dhofar,صــلالـة,,حكومية / Public
Fatimah Az Zahra Private School,Fatimah Az Zahra Private School,محافظة ظفار,Dhofar,صــلالـة,Salalah,خاصة / Private
غــــــدو للتعليم الاساسى للبنين الصفوف (5-12),Gadaw Basic Education School for boys grades(5-12),محافظة ظفار,Dhofar,صــلالـة,,حكومية / Public
غــــــدو للتعليم الاساسى الصفوف (1-12),Gadaw Basic Education School grades(1-12),محافظة ظفار,Dhofar,صــلالـة,,حكومية / Public
حجيـــف للتعليم الاساسى للبنين الصفوف (5-12),Hajeef Basic Education School for boys grades-,محافظة ظفار,Dhofar,صــلالـة,,حكومية / Public
الامام الغزالى للتعليم الاساسى للبنين الصفوف (5-9),"Imam Al-Ghazali for basic education for boys, grad",محافظة ظفار,Dhofar,صــلالـة,,حكومية / Public
المدرسة الهندية صلالة,Indian School Salalah,محافظة ظفار,Dhofar,صــلالـة,Salalah,خاصة / Private
جوهره العلم للتعليم الاساسى للبنات الصفوف (5-10),"Jewel of Science for Girls' Basic Education, grade",محافظة ظفار,Dhofar,صــلالـة,,حكومية / Public
خالد بن الوليد للتعليم الاساسى للبنين الصفوف (7-9),Khalid bin Al-Waleed Basic Education School (7-9),محافظة ظفار,Dhofar,صــلالـة,,حكومية / Public
خوله بنت حكيم للتعليم الاساسى للبنات الصفوف (10-12),Khawlah bint Hakeem for Basic Educat girls (10-12),محافظة ظفار,Dhofar,صــلالـة,,حكومية / Public
أرض اللبان للتعليم الاساسى الصفوف (1-4),Land of frankincense for basic education grades (1,محافظة ظفار,Dhofar,صــلالـة,,حكومية / Public
مدرسة منارة صلالة الخاصة,Manarat Salalah Private School,محافظة ظفار,Dhofar,صــلالـة,Salalah,خاصة / Private
محمد بن القاسم الثقفى للتعليم الاساسى للبنين الصفوف( 5-10),Mohammed bin Al-Qasim Al-thaqafi Basic Edu (5-10),محافظة ظفار,Dhofar,صــلالـة,,حكومية / Public
Murooj Dhofar Private school,Murooj Dhofar Private school,محافظة ظفار,Dhofar,صــلالـة,Salalah,خاصة / Private
مدرسة نفحات الخاصة,Nafhat Private School,محافظة ظفار,Dhofar,صــلالـة,Salalah,خاصة / Private
نحيــــز للتعليم الاساسى الصفوف (1-10),Naheez basic Education School grades(1-10),محافظة ظفار,Dhofar,صــلالـة,,حكومية / Public
ناشـــب للتعليم الاساسى الصفوف (1-12),Nasheb Basic 1-12,محافظة ظفار,Dhofar,صــلالـة,,حكومية / Public
ناشــــب للتعليم الاساسى للبنين الصفوف (5-12),Nasheb Basic 5-12,محافظة ظفار,Dhofar,صــلالـة,,حكومية / Public
اسامه بن زيد للتعليم الاساسى للبنين الصفوف (5-9),Osamh bin Zaid Basic Education School for boys gra,محافظة ظفار,Dhofar,صــلالـة,,حكومية / Public
Principles Private School,Principles Private School,محافظة ظفار,Dhofar,صــلالـة,Salalah,خاصة / Private
قيرون حيرتــى للتعليم الاساسى للبنين الصفوف (5-9),Qairoon Hairti Basic Education School for boys gra,محافظة ظفار,Dhofar,صــلالـة,,حكومية / Public
قيـــرون حيرتى للتعليم الاساسى الصفوف (1-12),Qairoon Hairti Basic Education School grades(1-12),محافظة ظفار,Dhofar,صــلالـة,,حكومية / Public
قفطــــات للتعليم الاساسى الصفوف (1-10),Quftat Basic Education School grades(1-10),محافظة ظفار,Dhofar,صــلالـة,,حكومية / Public
ريســـوت للتعليم الاساسى للبنين الصفوف (5-12),Raysoot Basic Education School for boys grades(5-1,محافظة ظفار,Dhofar,صــلالـة,,حكومية / Public
ريســــوت للتعليم الاساسى الصفوف (1-12),Raysoot Basic Education School grades(1-12),محافظة ظفار,Dhofar,صــلالـة,,حكومية / Public
رواد الغبيراء للتعليم الاساسى الصفوف ( 1-4),Rowad Al Ghubaira for Basic Education Grades (1-4),محافظة ظفار,Dhofar,صــلالـة,,حكومية / Public
صلاله الغربيـه للتعليم الاساسى الصفوف ( 1-4),Salalah Al-Gharbiah Basic Education School grades(,محافظة ظفار,Dhofar,صــلالـة,,حكومية / Public
صلاله الجديده للتعليم الاساسى الصفوف ( 1-4),Salalah Al-Jadeedah Basic Education School grades(,محافظة ظفار,Dhofar,صــلالـة,,حكومية / Public
صـلاله الشرقيـه للتعليم الاساسى للبنين الصفوف ( 5-10),Salalah Al-Sharqyah Basic Education School for boy,محافظة ظفار,Dhofar,صــلالـة,,حكومية / Public
صـــلاله للتعليم الاساسى  للبنين الصفوف (10-12),Salalah for boys grades(10-12),محافظة ظفار,Dhofar,صــلالـة,,حكومية / Public
Samharam Private School,Samharam Private School,محافظة ظفار,Dhofar,صــلالـة,Salalah,خاصة / Private
شيــــر للتعليم الاساسى للبنات الصفوف (5-12),Sheer Basic Education School for girls grades(5-12,محافظة ظفار,Dhofar,صــلالـة,,حكومية / Public
مدرسة سمهرم الخاصة,Sumhuram Private School,محافظة ظفار,Dhofar,صــلالـة,Salalah,خاصة / Private
طيطـام للتعليم الاساسى للبنين الصفوف (5-12),Teetam Basic Education School for boys grades(5-12,محافظة ظفار,Dhofar,صــلالـة,,حكومية / Public
طيطـــام للتعليم الاساسى الصفوف (1-12),Teetam Basic Education School grades(1-12),محافظة ظفار,Dhofar,صــلالـة,,حكومية / Public
اوبار للتعليم الاساسى الصفوف (1-4),Ubar for basic education grades (1-4),محافظة ظفار,Dhofar,صــلالـة,,حكومية / Public
ام سليم الانصاريه للتعليم الاساسى للبنات الصفوف (5-9),Um Saleem Al-Ansarayah Basic Education School for,محافظة ظفار,Dhofar,صــلالـة,,حكومية / Public
وادى عيــــن للتعليم الاساسى الصفوف ( 1-9 ),Wadi Ain Basic Education School grades(1-9),محافظة ظفار,Dhofar,صــلالـة,,حكومية / Public
زيـــــك للتعليم الاساسى للبنين الصفوف (5-12),Zeek Basic Education School for boys grades(5-12),محافظة ظفار,Dhofar,صــلالـة,,حكومية / Public
زيك للتعليم الاساسى الصفوف (1-4),Zeek Basic Education School grades(1 - 4),محافظة ظفار,Dhofar,صــلالـة,,حكومية / Public
السلطان تيمور بن فيصل للتعليم الاساسى للبنين الصفوف (5-10),al saltan F Basic Education School for boy(5-10)s,محافظة ظفار,Dhofar,صــلالـة,,حكومية / Public
ركبيت للتعليم الاساسى  للبنين الصفوف (5-10),rakbeet Basic Education School for boys grades(5-,محافظة ظفار,Dhofar,صــلالـة,,حكومية / Public
مدرسة المناهل الخاصة بنات,مدرسة المناهل الخاصة بنات,محافظة ظفار,Dhofar,صــلالـة,Salalah,خاصة / Private
مدرسة ديوان المعارف الخاصة,مدرسة ديوان المعارف الخاصة,محافظة ظفار,Dhofar,صــلالـة,Salalah,خاصة / Private
مدرسة روائع المعرفة الخاصة,مدرسة روائع المعرفة الخاصة,محافظة ظفار,Dhofar,صــلالـة,Salalah,خاصة / Private
مدرسة ريدان الخاصة,مدرسة ريدان الخاصة,محافظة ظفار,Dhofar,صــلالـة,Salalah,خاصة / Private
مدرسة سبل السلام الخاصة,مدرسة سبل السلام الخاصة,محافظة ظفار,Dhofar,صــلالـة,Salalah,خاصة / Private
مدرسة صلالة الخاصة,مدرسة صلالة الخاصة,محافظة ظفار,Dhofar,صــلالـة,Salalah,خاصة / Private
مدرسة ضياء البيان الخاصة,مدرسة ضياء البيان الخاصة,محافظة ظفار,Dhofar,صــلالـة,Salalah,خاصة / Private
مدرسة نور العِلم الخاصة,مدرسة نور العِلم الخاصة,محافظة ظفار,Dhofar,صــلالـة,Salalah,خاصة / Private
مدرسة نور ظفار الخاصة,مدرسة نور ظفار الخاصة,محافظة ظفار,Dhofar,صــلالـة,Salalah,خاصة / Private
دهـق درى للتعليم الاساسى للبنين الصفوف (5-10),Dahaq Dree Basic Education School grades(5-10),محافظة ظفار,Dhofar,ضلكوت,,حكومية / Public
ضلكــــوت للتعليم الاساسى للبنين الصفوف (5-12),Dhalkut Basic Education School for boys(5-12),محافظة ظفار,Dhofar,ضلكوت,,حكومية / Public
ضلكــــوت للتعليم الاساسى  الصفوف (1-12),Dhalkut Basic Education School grades(1-12),محافظة ظفار,Dhofar,ضلكوت,,حكومية / Public
حفــــوف للتعليم الاساسى الصفوف (1-10),Hufoof Basic Education School grades(1-10),محافظة ظفار,Dhofar,ضلكوت,,حكومية / Public
خضرافـى للتعليم الاساسى للبنين الصفوف (5-12),Khadrafi BAISC Education School for boys (5-12(,محافظة ظفار,Dhofar,ضلكوت,,حكومية / Public
ديم للتعليم الاساسى الصفوف (1-12),deem Basic Education School grades(1-122)(,محافظة ظفار,Dhofar,ضلكوت,,حكومية / Public
السيده ميزون بنت احمد للتعليم الاساسى للبنات الصفوف( 5-12),AL-Sayadah Mezoon bint Ahmed Basic 5-12,محافظة ظفار,Dhofar,طاقة,,حكومية / Public
السلام للتعليم الاساسى الصفوف (1-4),AL-Sslam Basic Education School grades(1-4),محافظة ظفار,Dhofar,طاقة,,حكومية / Public
مدرسة التنوير الخاصة,Al Tanweer Private School,محافظة ظفار,Dhofar,طاقة,Taqah,خاصة / Private
التوحيد للتعليم الاساسى الصفوف (1-4),Al-Tawhid for Basic Education Grades (1-4),محافظة ظفار,Dhofar,طاقة,,حكومية / Public
جبجـــات للتعليم الاساسى الصفوف (1-12),Gebgat Basic 1-12,محافظة ظفار,Dhofar,طاقة,,حكومية / Public
جبجــات للتعليم الاساسى للبنين الصفوف (5-12),Gebgat Basic 5-12,محافظة ظفار,Dhofar,طاقة,,حكومية / Public
جيلـــــوب للتعليم الاساسى للبنين الصفوف (5-12),Geloob 5-12,محافظة ظفار,Dhofar,طاقة,,حكومية / Public
حطيـــن للتعليم الاساسى  للبنين الصفوف( 5-12),Heteen Basic Education School for boys grades(5-12,محافظة ظفار,Dhofar,طاقة,,حكومية / Public
جيلـــــوب للتعليم الاساسى الصفوف (1-12),Jayloob Basic Education School grades(1-12),محافظة ظفار,Dhofar,طاقة,,حكومية / Public
خبـــــرارت للتعليم الاساسى الصفوف (1-12),Khabrart Basic Education School grades(1-12),محافظة ظفار,Dhofar,طاقة,,حكومية / Public
مدينه الحــق للتعليم الاساسى الصفوف (1-12),Madainat Al-haq Basic Education School  1-12,محافظة ظفار,Dhofar,طاقة,,حكومية / Public
مدينه الحـــق للتعليم الاساسى للبنين الصفوف (5-12),Madainat Al-haq basic Education School  5-12,محافظة ظفار,Dhofar,طاقة,,حكومية / Public
شيحيـــت للتعليم الاساسى الصفوف (1-12),Sheheet Basic 1-12,محافظة ظفار,Dhofar,طاقة,,حكومية / Public
شيحيـــت للتعليم الاساسى للبنين الصفوف (5-12),Sheheet Basic Education School for boys 5-12,محافظة ظفار,Dhofar,طاقة,,حكومية / Public
الفكر للتعليم الاساسى الصفوف(1-4),AL-Fiker Basic Education School grades(1-4),محافظة ظفار,Dhofar,مرباط,,حكومية / Public
الامانه للتعليم الاساسى الصفوف (1-4),Al-amanah Basic Education School grades(1-4),محافظة ظفار,Dhofar,مرباط,,حكومية / Public
مدرسة دوحة مرباط الخاصة,Doha Mirbat Private School,محافظة ظفار,Dhofar,مرباط,Mirbat,خاصة / Private
ابن خلـــدون للتعليم الاساسى للبنين الصفوف (5-12),Ibn Khuldoon Basic Education School for boys(5-12),محافظة ظفار,Dhofar,مرباط,,حكومية / Public
خديجه بنت خويلــد للتعليم الاساسى للبنات الصفوف (5-12),Khadeeja bint Khawailed Basic 5-12,محافظة ظفار,Dhofar,مرباط,,حكومية / Public
مربــــاط للتعليم الاساسى الصفوف (1-4),Mirbat Basic Education School grades(1-4),محافظة ظفار,Dhofar,مرباط,,حكومية / Public
طـوى اعتيـر للتعليم الاساسى للبنين الصفوف (5-12),Tawi  Aateer Basic Education for boys grades(5-12(,محافظة ظفار,Dhofar,مرباط,,حكومية / Public
طـوى اعتيـر للتعليم الاساسى للبنات الصفوف (5-12),Tawi Aateer Basic Education for girls grades(5-12),محافظة ظفار,Dhofar,مرباط,,حكومية / Public
يــور للتعليم الاساسى الصفوف (1-10),Your Basic Education School grades(1-10),محافظة ظفار,Dhofar,مرباط,,حكومية / Public
المشـــاش للتعليم الاساسى الصفوف (1-12),AL-Mashash Basic Education School grades(1-12(,محافظة ظفار,Dhofar,مقشن,,حكومية / Public
المنادر للتعليم الاساسى الصفوف (1-12),AL-Mnader Basic Education School grades(1-12(,محافظة ظفار,Dhofar,مقشن,,حكومية / Public
منـدر الظبيـــان للتعليم الاساسى الصفوف (1-12),Mander AL-Dhubiyan Basic Education School(1-12),محافظة ظفار,Dhofar,مقشن,,حكومية / Public
مقشـن للتعليم الاساسى الصفوف (1-12),Muqshin Basic Education School grades (1-12),محافظة ظفار,Dhofar,مقشن,,حكومية / Public
مرسودد للتعليم الاساسى الصفوف (1-12),Mursoded Basic Education School grades(1-12),محافظة ظفار,Dhofar,مقشن,,حكومية / Public
المحمديـــه للتعليم الاساسى للبنين الصفوف (5-12),Al Mohamadia B.E.For Boys (5-12),محافظة مسندم,Musandam,بخـا,,حكومية / Public
امنـه بنت وهــب للتعليم الاساسى للبنات الصفوف (5-12),Amna bint Wahab B.E.For Girls  (5-12),محافظة مسندم,Musandam,بخـا,,حكومية / Public
مناهل العلم للتعليم الاساسى الصفوف (1-4),Manahel AL-ELm B.E. (1-4),محافظة مسندم,Musandam,بخـا,,حكومية / Public
ابو بكر الصديق للتعليم الاساسي للبنين الصفوف(5-9),Abu Baker Al Siddiq B.E. For Boys (5-9),محافظة مسندم,Musandam,خـصـب,,حكومية / Public
جوهره عمان للتعليم الاساسى للبنات (10-12),Ghawharat Oman basic school(10-12,محافظة مسندم,Musandam,خـصـب,,حكومية / Public
حمزه بن عبدالمطلب للتعليم الاساسى للبنين الصفوف(5-12),Hamza bin Abdulmuttalib B.E. For Boys(5-12),محافظة مسندم,Musandam,خـصـب,,حكومية / Public
خصب للتعليم الاساسى الصفوف (1-4),Khasab B.E. (1-4),محافظة مسندم,Musandam,خـصـب,,حكومية / Public
خوله بنت الازور للتعليم الاساسى الصفوف(1-9),Khawlah bint Alazwar B.E. (1-9),محافظة مسندم,Musandam,خـصـب,,حكومية / Public
خور شم للتعليم الاساسى الصفوف (1-12),Khor Sham B.E. (1-12),محافظة مسندم,Musandam,خـصـب,,حكومية / Public
كمزار للتعليم الاساسى للصفوف(1-12),Kumzar B.E.(1-12),محافظة مسندم,Musandam,خـصـب,,حكومية / Public
ليما للتعليم الاساسى  الصفوف (1-12),Leema B.E. (1-12),محافظة مسندم,Musandam,خـصـب,,حكومية / Public
محمد بن صالح المنتفقى للتعليم الاساسى للبنين الصفوف (5-12),Mohammed bin Saleh Al Muntafaqi B.E. For Boys(5-12,محافظة مسندم,Musandam,خـصـب,,حكومية / Public
مسندم للتعليم الاساسى للبنين الصفوف(10-12),Musandam B.E. For Boys (10-12),محافظة مسندم,Musandam,خـصـب,,حكومية / Public
قــدى للتعليم الاساسى الصفوف (1-4),Qada B.E. (1-4),محافظة مسندم,Musandam,خـصـب,,حكومية / Public
عمرو بن العاص للتعليم الاساسى للبنين الصفوف (5-12),Amr bin Al Aas B.E. For Boys (5-12),محافظة مسندم,Musandam,دبا,,حكومية / Public
دباء للتعليم الاساسى الصفوف (1-4),Daba B.E. (1-4),محافظة مسندم,Musandam,دبا,,حكومية / Public
سكينه بنت الحسين للتعليم الاساسى للبنات الصفوف (5-12),Sukaina Bint Al Husain B.E.For Girls (5-12),محافظة مسندم,Musandam,دبا,,حكومية / Public
النصــر للتعليم الاساسى للبنين الصفوف (5-12),Al Naser B.E. (5-12),محافظة مسندم,Musandam,مدحا,,حكومية / Public
تماضر بنت عمـرو للتعليم الاساسى الصفوف (1-12),Tumadher bint Amru B.E. (1-12),محافظة مسندم,Musandam,مدحا,,حكومية / Public
مدرسة بشائر العلا الخاصة,مدرسة بشائر العلا الخاصة,محافظة مسندم,Musandam,خـصـب,Khasab,خاصة / Private
مدرسة دار المعارف الخاصة,مدرسة دار المعارف الخاصة,محافظة مسندم,Musandam,خـصـب,Khasab,خاصة / Private
الخوض للتعليم الأساسي للبنين الصفوف (9-12),AL-Khoudh basic school for boys {9-12},محافظه مسقط,Muscat,السـيب,,حكومية / Public
المنهل للتعليم الاساسى الصفوف (1-4),AL-Manhal basic school { 1 - 4 },محافظه مسقط,Muscat,السـيب,,حكومية / Public
الحسن بن هاشم للبنين الصفوف (11-12),AL-hassan bin hashem school for boys (11-12),محافظه مسقط,Muscat,السـيب,,حكومية / Public
مدرسة أساس الخاصة,ASAS Private School,محافظه مسقط,Muscat,السـيب,Seeb,خاصة / Private
مدرسة عباقرة المستقبل الخاصة,Abaqirat Al Mustqbal Private School,محافظه مسقط,Muscat,السـيب,Seeb,خاصة / Private
مدرسة عباقرة التعليم الخاصة (مركز الرواد للتعليم),Abaqirat Al Taleem Private Kindergarten,محافظه مسقط,Muscat,السـيب,Seeb,خاصة / Private
ابو ايوب الحضرمى للتعليم الاساسى للبنين الصفوف(5-7),Abu Ayob Al-Hazramy basic school for boys(5-7),محافظه مسقط,Muscat,السـيب,,حكومية / Public
ابو تمام للبنين الصفوف(11-12),Abu Tammam  school for boys {{ 11 - 12 },محافظه مسقط,Muscat,السـيب,,حكومية / Public
احمد بن النعمان الكعبى للتعليم الاساسى للبنين الصفوف (5-10,Ahmed bin AL-Nooman Al-Kaabi basic { 5 - 10 },محافظه مسقط,Muscat,السـيب,,حكومية / Public
مدرسة أجياد الخاصة (ثنائية اللغة),Ajyad Bilingual School,محافظه مسقط,Muscat,السـيب,Seeb,خاصة / Private
مدرسة الفردوس لتحفيظ القرآن الكريم الخاصة,Ajyal Al Firdous Private School - Nursery,محافظه مسقط,Muscat,السـيب,Seeb,خاصة / Private
مدرسة الاريج الخاصة,Al Areej Private School,محافظه مسقط,Muscat,السـيب,Seeb,خاصة / Private
مدرسة الأوائل فرع الحيل,Al Awael Private School Al Hail,محافظه مسقط,Muscat,السـيب,Seeb,خاصة / Private
Al Dheyaa Private School,Al Dheyaa Private School,محافظه مسقط,Muscat,السـيب,Seeb,خاصة / Private
 مدرسة الفردوس الخاصة ثنائية اللغة - فرع الحيل,Al Firdous Private Bilingual School - Al Hail ,محافظه مسقط,Muscat,السـيب,Seeb,خاصة / Private
مدرسة الفردوس الخاصة - فرع المعبيلة,Al Firdous Private School - Al Maabilah,محافظه مسقط,Muscat,السـيب,Seeb,خاصة / Private
مدرسة الجيل المبدع الخاصة,Al Jeel Al Mubdea' Private School,محافظه مسقط,Muscat,السـيب,Seeb,خاصة / Private
مدرسة واحة الابتكار الخاصة,Al Mabela Oasis Private Kindergarten,محافظه مسقط,Muscat,السـيب,Seeb,خاصة / Private
مدرسة المدارج الخاصة - فرع الخوض,Al Madarij Private School,محافظه مسقط,Muscat,السـيب,Seeb,خاصة / Private
مدرسة المنارة العالية الخاصة,Al Manara Al Alia Private School,محافظه مسقط,Muscat,السـيب,Seeb,خاصة / Private
مدرسة المواهب الخاصة,Al Mawahiba Private School,محافظه مسقط,Muscat,السـيب,Seeb,خاصة / Private
مدرسة الموالح الخاصة,Al Mawaleh Private School (MPS),محافظه مسقط,Muscat,السـيب,Seeb,خاصة / Private
مدرسة الموهبة الخاصة,Al Mawhiba Private School,محافظه مسقط,Muscat,السـيب,Seeb,خاصة / Private
مدرسة النفائس الخاصة,Al Nafas Private School,محافظه مسقط,Muscat,السـيب,Seeb,خاصة / Private
مدرسة الرجاء الخاصة,Al Raja Private School,محافظه مسقط,Muscat,السـيب,Seeb,خاصة / Private
الشيخ ناصر بن راشد الخروصى للتعليم الاساسى للبنين الصفوف (5-10),Al Sheikh Naser bin Rashid Al karousi basic (5-10,محافظه مسقط,Muscat,السـيب,,حكومية / Public
مدرسة الصلت بن مالك الخاصة,Al Sult Bin Malik Private School,محافظه مسقط,Muscat,السـيب,Seeb,خاصة / Private
 مدرسة التألق الخاصة,Al Taaluq Private School,محافظه مسقط,Muscat,السـيب,Seeb,خاصة / Private
مدرسة الوصل الخاصة,Al Wasl Private School,محافظه مسقط,Muscat,السـيب,Seeb,خاصة / Private
الاثراء للتعليم الاساسى  الصفوف (1-4),Al ethra basic school (1-4),محافظه مسقط,Muscat,السـيب,,حكومية / Public
الاثراء للتعليم الاساسى الصفوف (1-4) مسائى,Al ethra basic school (1-4),محافظه مسقط,Muscat,السـيب,,حكومية / Public
المحامد للتعليم الاساسى الصفوف(1-4),Al mahamed basic school(1-4),محافظه مسقط,Muscat,السـيب,,حكومية / Public
البلجاء الخزامية للتعليم الأساسي للبنات الصفوف (8-10),Al-Balgaa Al-Kuzamiya basic school for girls (8-1,محافظه مسقط,Muscat,السـيب,,حكومية / Public
البيان للتعليم الاساسى الصفوف (1-4),Al-Bayan basic school { 1 - 4 },محافظه مسقط,Muscat,السـيب,,حكومية / Public
الفضيله للتعليم الاساسى الصفوف(1-4) صباحى,Al-Fadheela basic school { 1 - 4 },محافظه مسقط,Muscat,السـيب,,حكومية / Public
الفضيلة للتعليم الاساسى الصفوف (1-4) مسائى,Al-Fadhila basic school grade (1-4),محافظه مسقط,Muscat,السـيب,,حكومية / Public
الفراسة للتعليم الاساسى الصفوف (1-4) مسائى,Al-Firasa basic school {1-4},محافظه مسقط,Muscat,السـيب,,حكومية / Public
مدرسة الابهار الخاصة بالموالح الجنوبية,Al-Ibhar Private School,محافظه مسقط,Muscat,السـيب,Seeb,خاصة / Private
مدرسة العرفان الخاصة,Al-Irfan Private School,محافظه مسقط,Muscat,السـيب,Seeb,خاصة / Private
الكوثر للتعليم الاساسى الصفوف (1-4),Al-Kauthar basic school { 1 - 4 },محافظه مسقط,Muscat,السـيب,,حكومية / Public
المعبيله الجنوبيه للبنات الصفوف (11-12),Al-Mabela Al-Janubiya girls school { 11 - 12 },محافظه مسقط,Muscat,السـيب,,حكومية / Public
المعبيلة الشمالية للتعليم الأساسي الصفوف (1-9),Al-Mabela Al-Shimalyia basic school (1-9),محافظه مسقط,Muscat,السـيب,,حكومية / Public
مدرسة المسرات الخاصة,Al-Masarat Private School,محافظه مسقط,Muscat,السـيب,Seeb,خاصة / Private
المشـارق للتعليم الاساسى الصفوف (1-4),Al-Mashreq basic school { 1 - 4 },محافظه مسقط,Muscat,السـيب,,حكومية / Public
روضة المبتكر الخاصة,Al-Mubtakir's Private Preschool KG,محافظه مسقط,Muscat,السـيب,Seeb,خاصة / Private
المثنى بن حارثه للتعليم الاساسى للبنين الصفوف(5-9),Al-Muthana bin Hareetha basic school for boys{5-9,محافظه مسقط,Muscat,السـيب,,حكومية / Public
النبراس للتعليم الاساسى الصفوف (1-4),Al-Nibras basic school { 1 - 4 },محافظه مسقط,Muscat,السـيب,,حكومية / Public
النبراس للتعليم الاساسى الصفوف (1-4) مسائى,Al-Nibras basic school { 1 - 4 },محافظه مسقط,Muscat,السـيب,,حكومية / Public
النبوغ للتعليم الاساسى الصفوف (1-4),Al-Noubough basic school { 1 - 4 },محافظه مسقط,Muscat,السـيب,,حكومية / Public
النبهاء للتعليم الاساسى الصفوف (1-4),Al-Nubahaa basic school  grade(1-4),محافظه مسقط,Muscat,السـيب,,حكومية / Public
الرضوان للتعليم الاساسى الصفوف(1-4),Al-Ridhwaan basic school { 1 - 4 },محافظه مسقط,Muscat,السـيب,,حكومية / Public
الشيخ سعيد بن احمد الكندى للتعليم الاساسى للبنين الصفوف (5-6) مسائى,Al-Sheikh Said Ahmed Alkindi basic school boys(5-6,محافظه مسقط,Muscat,السـيب,,حكومية / Public
الشيخ سالم بن سعيد الصائغى للتعليم الاساسى للبنين الصفوف (10-12),Al-Sheikh Salim bin Said Al-Sahigi for boys (10-12,محافظه مسقط,Muscat,السـيب,,حكومية / Public
مدرسة الشعاع الساطع لتحفيظ القرآن الكريم الخاصة,Al-Shuaa Al-Satie Private School - Memorizing Holy Quran,محافظه مسقط,Muscat,السـيب,Seeb,خاصة / Private
التفوق للتعليم الاساسى الصفوف (1-4),Al-Tfwaq basic school (1-4),محافظه مسقط,Muscat,السـيب,,حكومية / Public
الواحه للتعليم الاساسى الصفوف (1-4),Al-Waha basic school { 1 - 4 },محافظه مسقط,Muscat,السـيب,,حكومية / Public
الازدهار للتعليم الاساسى الصفوف(1-5),Al-izdihar basic school {1-5},محافظه مسقط,Muscat,السـيب,,حكومية / Public
الروائع للتعليم الاساسى الصفوف (1-4),Al-rawaeeh basic school { 1 - 4 },محافظه مسقط,Muscat,السـيب,,حكومية / Public
مدرسة الأندلس الخاصة,Alandalus Private School Muscat,محافظه مسقط,Muscat,السـيب,Seeb,خاصة / Private
مدرسة المباديء الخاصة,Almabadi Private School,محافظه مسقط,Muscat,السـيب,Seeb,خاصة / Private
مدرسة الريادة الخاصة,Alriyada Private School,محافظه مسقط,Muscat,السـيب,Seeb,خاصة / Private
مدرسة الريادة الخاصة,Alriyada Private School Bilingual,محافظه مسقط,Muscat,السـيب,Seeb,خاصة / Private
الشيخ حمدان بن خميس اليوسفي للتعليم الأساسي للبنين الصفوف (5-6) مسائي,Alsheikh Hamdan bin Khamis AL-yousufi boys (5-6),محافظه مسقط,Muscat,السـيب,,حكومية / Public
الشيخ حمدان بن خميس اليوسفي للتعليم الأساسي للبنين الصفوف (7-10),Alsheikh Hamdan bin khamis AL-yousufi boys (7-10(,محافظه مسقط,Muscat,السـيب,,حكومية / Public
الشيخ سعيد بن حمد الحارثى للتعليم الاساسى للبنين الصفوف (7-9),Alsheikh Said bin Hamad AL-Harthi boys (7-9),محافظه مسقط,Muscat,السـيب,,حكومية / Public
الشيخ سالم بن حمود السيابي للتعليم الأساسي للبنين الصفوف (5-8),Alsheikh Salem bin Hmoud Al-Siyabi school boy5-8,محافظه مسقط,Muscat,السـيب,,حكومية / Public
اميمه بنت خلف للتعليم الاساسى للبنات الصفوف (5-10) مسائى,Amaima bint Khalaf basic school for girl{5-10},محافظه مسقط,Muscat,السـيب,,حكومية / Public
روضة الطفل الطموح الخاصة,Ambitious Kids Private Kindergarten,محافظه مسقط,Muscat,السـيب,Seeb,خاصة / Private
مدرسة أنس بن مالك الخاصة,Anas Bin Malik Private School,محافظه مسقط,Muscat,السـيب,Seeb,خاصة / Private
أنس بن النضر للتعليم الأساسي للبنين الصفوف (7-10),Anes bin AL-Nazer school for boys (7-10),محافظه مسقط,Muscat,السـيب,,حكومية / Public
السيب للتعليم الاساسى الصفوف (1-4),Aseeb basic school { 1 - 4 },محافظه مسقط,Muscat,السـيب,,حكومية / Public
أصيلة بنت قيس البوسعيدية للتعليم الأساسي للبنات الصفوف (5-8),Aseela bint Qais Ai_Busaeediya basic school for g,محافظه مسقط,Muscat,السـيب,,حكومية / Public
مدرسة السلام الخاصة,Assalam Private School,محافظه مسقط,Muscat,السـيب,Seeb,خاصة / Private
عاتكه بنت زيد للتعليم الاساسي للبنات الصفوف(6-10),Ateeka bint Zaid basic school for girls {6-10},محافظه مسقط,Muscat,السـيب,,حكومية / Public
عائشة بنت عبدالله الراسبية للتعليم الأساسي للبنات الصفوف (5-8),Aysha bint Abdullah AL-Raseebiya basic school gir,محافظه مسقط,Muscat,السـيب,,حكومية / Public
عائشة بنت مسعود العامرية للتعليم الأساسي للبنات الصفوف (7-10),Aysha bint Masoud Al-Ameriya basic school (10-7),محافظه مسقط,Muscat,السـيب,,حكومية / Public
مدرسة الناشئ الذكي الخاصة,BYPS Brilliant Youth Private School - Al Khod,محافظه مسقط,Muscat,السـيب,Seeb,خاصة / Private
بهجه الانوار للتعليم الاساسى الصفوف (1-4),Bahjat Al-Anwaar basic school { 1 - 4 },محافظه مسقط,Muscat,السـيب,,حكومية / Public
بركة بنت ثعلبة للبنات الصفوف (11-12),Barka bint Thaalaba school for girls (11-12),محافظه مسقط,Muscat,السـيب,,حكومية / Public
بساتين المعرفه للتعليم الاساسى الصفوف(1-4),Basatin Al-Maarefa basic school grade(1-4),محافظه مسقط,Muscat,السـيب,,حكومية / Public
مدرسة شلتنهام كوليدج,Cheltenham Muscat School,محافظه مسقط,Muscat,السـيب,Seeb,خاصة / Private
مدرسة دانة العلوم الخاصة,Danat Aluloom Private School,محافظه مسقط,Muscat,السـيب,Seeb,خاصة / Private
مدرسة ضياء المستقبل الخاصة,Dhiya Al Mostaqbal Private School,محافظه مسقط,Muscat,السـيب,Seeb,خاصة / Private
مدرسة داون هاوس مسقط,Downe House Muscat,محافظه مسقط,Muscat,السـيب,Seeb,خاصة / Private
مدرسة دروب العلم الخاصة,Droob Al-Elm private school,محافظه مسقط,Muscat,السـيب,Seeb,خاصة / Private
دره الاجيال للتعليم الاساسى الصفوف (1-4),Durat Al-Ajyaal basic school { 1 - 4 },محافظه مسقط,Muscat,السـيب,,حكومية / Public
فاطمة بنت الوليد للتعليم الأساسي للبنات الصفوف (8-10),Fatima bint Al-walid basic school for girls{8-10{,محافظه مسقط,Muscat,السـيب,,حكومية / Public
أجيال المعرفة الخاصة,Generations of knowledge private school,محافظه مسقط,Muscat,السـيب,Seeb,خاصة / Private
روضة غراس المستقبل الخاصة,Gerass Al Mostakbal School,محافظه مسقط,Muscat,السـيب,Seeb,خاصة / Private
Granada Private School,Granada Private School,محافظه مسقط,Muscat,السـيب,Seeb,خاصة / Private
Gulf Star Private School,Gulf Star Private School,محافظه مسقط,Muscat,السـيب,Seeb,خاصة / Private
مدرسة نجم الخليج الخاصة,Gulf Star Private School,محافظه مسقط,Muscat,السـيب,Seeb,خاصة / Private
حفص بن راشد للتعليم الأساسي للبنين الصفوف (9-12),Hafs bin Rashid school for boys (9-12,محافظه مسقط,Muscat,السـيب,,حكومية / Public
حيل العوامر للتعليم الأساسي للبنات الصفوف (9-12),Hail Al-Awamer basic school for girls (9-12),محافظه مسقط,Muscat,السـيب,,حكومية / Public
المدرسة الهندية بالمعبيلة,Indian School Al Maabela (ISAM),محافظه مسقط,Muscat,السـيب,Seeb,خاصة / Private
المدرسة الهندية بالسيب,Indian School Al Seeb (ISAS),محافظه مسقط,Muscat,السـيب,Seeb,خاصة / Private
مدرسة حيفر بن الجلندى الخاصة,Jaifar Ibn Al Julanda Private School,محافظه مسقط,Muscat,السـيب,Seeb,خاصة / Private
جميله بنت ثابت للتعليم الاساسي الصفوف(1-9),Jameela bint Thabet basic school{1-9},محافظه مسقط,Muscat,السـيب,,حكومية / Public
جوهره مسقط للتعليم الاساسى للبنات الصفوف(5-6),Jawharat Muscat basic for girls (5-6),محافظه مسقط,Muscat,السـيب,,حكومية / Public
جنادة بن مالك الازدي للتعليم الأساسي للبنين الصفوف (5-6) مسائي,Junada Malik Al-uzdi basic school for boys(5-6),محافظه مسقط,Muscat,السـيب,,حكومية / Public
كعب بن زيد للتعليم الأساسي للبنين الصفوف (5-10),Kaab bin Zaid basic school boys (5-10),محافظه مسقط,Muscat,السـيب,,حكومية / Public
خريس الحبوس للتعليم الاساسي للبنبن الصفوف(8-10),Khreis Alabous basic school for boys (8-10),محافظه مسقط,Muscat,السـيب,,حكومية / Public
حضانة عالم الأطفال,Kids World Nursery,محافظه مسقط,Muscat,السـيب,Seeb,خاصة / Private
كنوز المعرفه للتعليم الاساسى الصفوف(1-4) صباحى,Kounuz Al-Maareefa basic school { 1 - 4 },محافظه مسقط,Muscat,السـيب,,حكومية / Public
كنوز المعرفه للتعليم الاساسى الصفوف (1-4) مسائى,Kounuz Al-Maareefa basic school(1-4),محافظه مسقط,Muscat,السـيب,,حكومية / Public
مدرسة القادة الخاصة,Leaders Private School,محافظه مسقط,Muscat,السـيب,Seeb,خاصة / Private
مدرسة الحياة الخاصة,Life private school,محافظه مسقط,Muscat,السـيب,Seeb,خاصة / Private
حضانة المستكشفون الصغار,Little Explorers Nursery,محافظه مسقط,Muscat,السـيب,Seeb,خاصة / Private
مدرسة القائد الصغير الخاصة,Little Leader Private School,محافظه مسقط,Muscat,السـيب,Seeb,خاصة / Private
مدرسة ماس الخاصة,Maas Private School,محافظه مسقط,Muscat,السـيب,Seeb,خاصة / Private
Manar Alhikmah Private School,Manar Alhikmah Private School,محافظه مسقط,Muscat,السـيب,Seeb,خاصة / Private
منار العلم للتعليم الاساسى للبنين الصفوف(5-9),Mannar Al-Elm basic for boys {5 - 9},محافظه مسقط,Muscat,السـيب,,حكومية / Public
مدرسة مشاعل مسقط الخاصة فرع السيب,Mashaail Muscat Private School (MMPS),محافظه مسقط,Muscat,السـيب,Seeb,خاصة / Private
مدرسة مشاعل مسقط الخاصة فرع السيب,Mashaail Muscat Private School - Maabela,محافظه مسقط,Muscat,السـيب,Seeb,خاصة / Private
مدرسة مازن بن غضوبة الخاصة(ثنائية اللغة),Mazin Bin Ghadoubah Private School,محافظه مسقط,Muscat,السـيب,Seeb,خاصة / Private
مدرسة المعرفة الحديثة الخاصة,Modern Knowledge Private School,محافظه مسقط,Muscat,السـيب,Seeb,خاصة / Private
محمد بن شيخان السالمي للتعليم الأساسي للبنين الصفوف (7-10),Mohamed bin Sheikhan AL-Salmi school boys (7-10),محافظه مسقط,Muscat,السـيب,,حكومية / Public
محمد بن على المنذرى للتعليم الاساسى للبنين الصفوف(5-9),Mohammed bin Ali Al-Munzary  basic school grade(5-,محافظه مسقط,Muscat,السـيب,,حكومية / Public
موسى بن نصير للتعليم الاساسى للبنين الصفوف (10-12),Moosa bin Naseer basic school for boys (10-12),محافظه مسقط,Muscat,السـيب,,حكومية / Public
مصعب بن الزبير للتعليم الاساسى للبنين الصفوف (5-9),Musaab bin Al-Zubair basic school { 5 - 9 },محافظه مسقط,Muscat,السـيب,,حكومية / Public
مدرسة متعة التعليم الخاصة,Muscat Academy Private School,محافظه مسقط,Muscat,السـيب,Seeb,خاصة / Private
نجيه بنت عامر الحجريه للتعليم الاساسى للبنات الصفوف (5-7),Najia bint Amer Al-Hajria basic school for girls,محافظه مسقط,Muscat,السـيب,,حكومية / Public
نسيبه بنت كعب للتعليم الاساسى للبنات الصفوف (10-12),Naseeba bint Kaab for girls { 10 - 12 },محافظه مسقط,Muscat,السـيب,,حكومية / Public
National Private School Mabelah,National Private School Mabelah,محافظه مسقط,Muscat,السـيب,Seeb,خاصة / Private
مدرسة نبراس الهدى الخاصة,Nebras Al Huda Private School,محافظه مسقط,Muscat,السـيب,Seeb,خاصة / Private
New Generation Private School,New Generation Private School,محافظه مسقط,Muscat,السـيب,Seeb,خاصة / Private
مدرسة نور الإبداع الخاصة,Noor Al Ibdaa Private School,محافظه مسقط,Muscat,السـيب,Seeb,خاصة / Private
مدرسة الهندية القديمة - الحيل,Old Indian School - Al Hail,محافظه مسقط,Muscat,السـيب,Seeb,خاصة / Private
المركز الإسلامي الهندي بعمان,Oman Indian Islahi Centre,محافظه مسقط,Muscat,السـيب,Seeb,خاصة / Private
مدرسة وادي الجنان الخاصة,Paradise Valley Private School,محافظه مسقط,Muscat,السـيب,Seeb,خاصة / Private
مدرسة قبس المعرفة الخاصة,Qabas Al Maarifa Private School,محافظه مسقط,Muscat,السـيب,Seeb,خاصة / Private
مدرسة قطوف المعرفة الخاصة,Qatouf Almarifah Private School,محافظه مسقط,Muscat,السـيب,Seeb,خاصة / Private
روضه الفكر للتعليم الاساسى الصفوف (1-4),Raudhat Al-Fikr basic school { 1 - 4 },محافظه مسقط,Muscat,السـيب,,حكومية / Public
مدرسة شعاع الأمل الخاصة,Ray of Hope Private School,محافظه مسقط,Muscat,السـيب,Seeb,خاصة / Private
مدرسة ربوع العلم الخاصة,Reboa Alelm Private School,محافظه مسقط,Muscat,السـيب,Seeb,خاصة / Private
رحاب المعرفه للتعليم الاساسى الصفوف (1-4),Rihaab Al-Maarefa basic school { 1 - 4 },محافظه مسقط,Muscat,السـيب,,حكومية / Public
رؤى المستقبل للتعليم الاساسى  الصفوف (1-4),Roaa Al mostaqbal basic school {1-4},محافظه مسقط,Muscat,السـيب,,حكومية / Public
Sama Muscat Private School,Sama Muscat Private School,محافظه مسقط,Muscat,السـيب,Seeb,خاصة / Private
مدرسة سناء العلم الخاصة,Sanaa Al-Elm Private School,محافظه مسقط,Muscat,السـيب,Seeb,خاصة / Private
مدرسة صرح الجامعة الخاصة,Sarh Al Jaameah Private School (SAPS),محافظه مسقط,Muscat,السـيب,Seeb,خاصة / Private
مدرسة صرح التفوق الخاصة,Sarh Al Tafaouq Private School,محافظه مسقط,Muscat,السـيب,Seeb,خاصة / Private
مدرسة التميز العلمي الخاصة للتعليم المبكر,Scientific Excellence Private School,محافظه مسقط,Muscat,السـيب,Seeb,خاصة / Private
Scientific Skills Private School,Scientific Skills Private School,محافظه مسقط,Muscat,السـيب,Seeb,خاصة / Private
سهيل بن عمرو العامري للتعليم الاساسي للبنين الصفوف (7-9),Shail bin amro al-amri basic school boys (7-9),محافظه مسقط,Muscat,السـيب,,حكومية / Public
Silver Jubilee Private School,Silver Jubilee Private School,محافظه مسقط,Muscat,السـيب,Seeb,خاصة / Private
مدرسة التعلم الذكي الخاصة,Smart Learning Private School,محافظه مسقط,Muscat,السـيب,Seeb,خاصة / Private
Tabarak Private School,Tabarak Private School,محافظه مسقط,Muscat,السـيب,Seeb,خاصة / Private
مدرسة طيبة الخاصة للتعليم المبكر,Taiba Private School,محافظه مسقط,Muscat,السـيب,Seeb,خاصة / Private
The Genius Private Kindergarten,The Genius Private Kindergarten,محافظه مسقط,Muscat,السـيب,Seeb,خاصة / Private
مدرسة الموج الخاصة,The Wave Private School,محافظه مسقط,Muscat,السـيب,Seeb,خاصة / Private
مدرسة بريق النجم الخاصة ثنائية اللغة,Twinkle star private school,محافظه مسقط,Muscat,السـيب,Seeb,خاصة / Private
ام برده الانصاريه للبنات الصفوف (11-12),Um Burda Al-Ansariya school for girls(11-12),محافظه مسقط,Muscat,السـيب,,حكومية / Public
ام ورقه الانصاريه للتعليم الاساسى للبنات الصفوف (5-7) مسائى,Um Warqah Al-Ansariya basic school for girls(5-7),محافظه مسقط,Muscat,السـيب,,حكومية / Public
أم ورقة الانصارية للتعليم الاساسي للبنات الصفوف(8-10),Um Warqah Al-Ansariya basic school for girls(8-10,محافظه مسقط,Muscat,السـيب,,حكومية / Public
ام سعد الانصاريه للتعليم الاساسى للبنات صفوف(7-10),Um saad Al-ansariya basic school for girls{7-10},محافظه مسقط,Muscat,السـيب,,حكومية / Public
امامه بنت ابى العاص للتعليم الاساسى للبنات الصفوف (10-12),Ummama bint Abi Al-Ass basic school { 10 - 12 },محافظه مسقط,Muscat,السـيب,,حكومية / Public
مدرسة واحة الابداع الخاصة,Waha Alibdaa School,محافظه مسقط,Muscat,السـيب,Seeb,خاصة / Private
زهره قريش للتعليم الاساسى للبنات الصفوف (6-9),Zahra Quraish basic school for girls { 6 - 9 },محافظه مسقط,Muscat,السـيب,,حكومية / Public
مدرسة زهرة عمان الخاصة,Zahrat Oman Private School,محافظه مسقط,Muscat,السـيب,Seeb,خاصة / Private
زينب الثقفية للتعليم الأساسي للبنات الصفوف (5-7) مسائي,Zaynab AL-thaqafiya basic school for girls (5-7),محافظه مسقط,Muscat,السـيب,,حكومية / Public
زينب الثقفية للتعليم الأساسي للبنات الصفوف (8-10),Zaynab AL-thaqafiya basic school for girls (8-10),محافظه مسقط,Muscat,السـيب,,حكومية / Public
الجفنين للتعليم الأساسي الصفوف (1-4),al-Gafnin basic school {1-4},محافظه مسقط,Muscat,السـيب,,حكومية / Public
عمرة بنت رواحة للتعليم الأساسي للبنات الصفوف (5-6) مسائي,humra bint Rawaha basic school for girls (5-6),محافظه مسقط,Muscat,السـيب,,حكومية / Public
مدرسة أجيال النجاح الخاصة,مدرسة أجيال النجاح الخاصة,محافظه مسقط,Muscat,السـيب,Seeb,خاصة / Private
مدرسة الألفية الحديثة الخاصة,مدرسة الألفية الحديثة الخاصة,محافظه مسقط,Muscat,السـيب,Seeb,خاصة / Private
مدرسة الحصاد الخاصة - الفرع 1,مدرسة الحصاد الخاصة - الفرع 1,محافظه مسقط,Muscat,السـيب,Seeb,خاصة / Private
مدرسة الريان الخاصة,مدرسة الريان الخاصة,محافظه مسقط,Muscat,السـيب,Seeb,خاصة / Private
مدرسة الفصاحة الخاصة,مدرسة الفصاحة الخاصة,محافظه مسقط,Muscat,السـيب,Seeb,خاصة / Private
مدرسة المدار الخاصة,مدرسة المدار الخاصة,محافظه مسقط,Muscat,السـيب,Seeb,خاصة / Private
مدرسة درة مجان الخاصة,مدرسة درة مجان الخاصة,محافظه مسقط,Muscat,السـيب,Seeb,خاصة / Private
مدرسة رواد الإسلام الخاصة لتعليم القرآن الكريم,مدرسة رواد الإسلام الخاصة لتعليم القرآن الكريم,محافظه مسقط,Muscat,السـيب,Seeb,خاصة / Private
مدرسة شمس العلوم الخاصة,مدرسة شمس العلوم الخاصة,محافظه مسقط,Muscat,السـيب,Seeb,خاصة / Private
مدرسة شمس القراء الخاصة,مدرسة شمس القراء الخاصة,محافظه مسقط,Muscat,السـيب,Seeb,خاصة / Private
مدرسة عزائم المجد الخاصة,مدرسة عزائم المجد الخاصة,محافظه مسقط,Muscat,السـيب,Seeb,خاصة / Private
مدرسة منار الحكمة الخاصة، المعبيلة,مدرسة منار الحكمة الخاصة، المعبيلة,محافظه مسقط,Muscat,السـيب,Seeb,خاصة / Private
مدرسة الضوء المنير الخاصة,AL Dhuw Al Maneer Private School Bilingual,محافظه مسقط,Muscat,العامـرات,Al Amerat,خاصة / Private
الحباب بن المنذر للتعليم الأساسي للبنين الصفوف (5-6) مسائي,AL-Hubab bin AL-Munzer basic school for boys{5-6},محافظه مسقط,Muscat,العامـرات,,حكومية / Public
عبدالله بن سلام للتعليم الأساسي للبنين الصفوف (7-10),Abdullah bin Salam basic school for boys {7-10},محافظه مسقط,Muscat,العامـرات,,حكومية / Public
أحمد بن سعيد بن خلفان الخليلي للتعليم الأساسي  للبنبن الصفوف (10-12),Ahmed bin Said bin Kalfan Al-Khalily  boys(10-12,محافظه مسقط,Muscat,العامـرات,,حكومية / Public
مدرسة أجيال الحكمة الخاصة,Ajyal Alhekmah Private School,محافظه مسقط,Muscat,العامـرات,Al Amerat,خاصة / Private
اجيال مسقط للتعليم الاساسى الصفوف(1-4),Ajyal Muscat basic school (1-4),محافظه مسقط,Muscat,العامـرات,,حكومية / Public
مدرسة العصر الزاهر الخاصة,Al Asr El Zaher Private School,محافظه مسقط,Muscat,العامـرات,Al Amerat,خاصة / Private
مدرسة الاستقامة الخاصة,Al Istiqama Private School,محافظه مسقط,Muscat,العامـرات,Al Amerat,خاصة / Private
Al Rehab Private School,Al Rehab Private School,محافظه مسقط,Muscat,العامـرات,Al Amerat,خاصة / Private
العامرات للبنات الصفوف (11-12),Al amerat schoolfor girls {11-12},محافظه مسقط,Muscat,العامـرات,,حكومية / Public
التبيان للتعليم الاساسى الصفوف (1-4) صباحى,Al- Tbyan School basic for girls  1-4,محافظه مسقط,Muscat,العامـرات,,حكومية / Public
مدرسة البوادر الخاصة,Al-Bawader Private School,محافظه مسقط,Muscat,العامـرات,Al Amerat,خاصة / Private
الحارث بن خالد للتعليم الأساسي للبنين الصفوف (5-7) مسائي,Al-Hareth bin Khalid basic school for boys{5-7},محافظه مسقط,Muscat,العامـرات,,حكومية / Public
النبع للتعليم الأساسي للبنات الصفوف (7-10),Al-Nabaa basic school for girls{7-10},محافظه مسقط,Muscat,العامـرات,,حكومية / Public
النهضه للتعليم الاساسى للبنين الصفوف (5-7) مسائى,Al-Nahda basic school for boys {5-7},محافظه مسقط,Muscat,العامـرات,,حكومية / Public
النهضه للتعليم الاساسى للبنين الصفوف(8-10),Al-Nahdha basic school  for boys{8-10},محافظه مسقط,Muscat,العامـرات,,حكومية / Public
القيم للتعليم الاساسى الصفوف (1-4) مسائى,Al-Qiam basic school (1-4),محافظه مسقط,Muscat,العامـرات,,حكومية / Public
الصهباء بنت ربيعة للتعليم الأساسي للبنات الصفوف (9-12),Al-Sahba bint Rabeea basic school for girls (9-12,محافظه مسقط,Muscat,العامـرات,,حكومية / Public
الشوامخ للتعليم الاساسى الصفوف (1-10),Al-Shawamikh basic school grade (1-10),محافظه مسقط,Muscat,العامـرات,,حكومية / Public
الشفاء بنت عوف للتعليم الأساسي  الصفوف (1-10) مسائي,Al-Shifaa bint Auf basic school (1-10) Evening,محافظه مسقط,Muscat,العامـرات,,حكومية / Public
الشفاء بنت عوف للتعليم الأساسي الصفوف (1-4),Al-Shifaa bint auf basic school (1-4),محافظه مسقط,Muscat,العامـرات,,حكومية / Public
التبيان للتعليم الأساسي الصفوف (1-4) مسائي,Al-Tbyan basic school (1-4) Evening,محافظه مسقط,Muscat,العامـرات,,حكومية / Public
الحارث بن خالد للتعليم الأساسي للبنين الصفوف (8-10),Al-hareth bin Khalid basic school for boys{8-10},محافظه مسقط,Muscat,العامـرات,,حكومية / Public
السيد سلطان بن احمد للبنين الصفوف (11-12),Al-said Sultan bin Ahmed for boys{11-12},محافظه مسقط,Muscat,العامـرات,,حكومية / Public
Alttalib Athaki private school Alamrat,Alttalib Athaki private school Alamrat,محافظه مسقط,Muscat,العامـرات,Al Amerat,خاصة / Private
التميز للتعليم الاساسى الصفوف (1-4),Atamayaz Basic School{1- 4},محافظه مسقط,Muscat,العامـرات,,حكومية / Public
مدرسة دار المستقبل الخاصة,Dar Al Mustaqbal Private School,محافظه مسقط,Muscat,العامـرات,Al Amerat,خاصة / Private
مدرسة دار التفوق الخاصة,Dar Al Tafawuq Private School,محافظه مسقط,Muscat,العامـرات,Al Amerat,خاصة / Private
حارثة بن النعمان للتعليم الأساسي للبنين الصفوف (6-10),Haretha bin Al-nooman basic school for boys {6-10,محافظه مسقط,Muscat,العامـرات,,حكومية / Public
جويريه بنت ابى سفيان للتعليم الاساسى الصفوف (9-12),Juwaireya bint Abisufyan,محافظه مسقط,Muscat,العامـرات,,حكومية / Public
مدرسة حدائق المعرفة الخاصة,Knowledge Gardens Private School,محافظه مسقط,Muscat,العامـرات,Al Amerat,خاصة / Private
مليكه بنت كعب للتعليم الاساسى الصفوف (1-5) مسائى,Malika bint Kahab basic school (1-6),محافظه مسقط,Muscat,العامـرات,,حكومية / Public
عبيدة بنت مسلم للتعليم الأساسي للبنات الصفوف (6-7) مسائي,Obaida bint Muslim basic school for girls {6-7},محافظه مسقط,Muscat,العامـرات,,حكومية / Public
عبيدة بنت مسلم للتعليم الأساسي للبنات الصفوف (8-9),Obaida bint Muslim basic school for girls{8-9},محافظه مسقط,Muscat,العامـرات,,حكومية / Public
رايه بنت عبدالله بن خلفان البيمانيه للتعليم الاساسى للبنات الصفوف (5-6) مسائى,Raya abdullah khalfan albimaniya school girls(5-6),محافظه مسقط,Muscat,العامـرات,,حكومية / Public
Razi Private School,Razi Private School,محافظه مسقط,Muscat,العامـرات,Al Amerat,خاصة / Private
مدرسة رياض الإيمان الخاصة,Riyadh Al-Eiman Private School,محافظه مسقط,Muscat,العامـرات,Al Amerat,خاصة / Private
رواد العلا للتعليم الاساسى الصفوف(1-4),Rwad Alala basic school{1-4},محافظه مسقط,Muscat,العامـرات,,حكومية / Public
سعيد بن ناصر الكندى للتعليم الاساسى للبنبن الصفوف (5-9),Said bin Nasser  Al-Kindi basic school  boys(5-9,محافظه مسقط,Muscat,العامـرات,,حكومية / Public
سيح الظبى للتعليم الاساسى الصفوف (1-4) صباحى,Seh Al-dhabi basic school { 1 - 4 },محافظه مسقط,Muscat,العامـرات,,حكومية / Public
سيح الظبى للتعليم الاساسى الصفوف (1-4) مسائى,Sih Aldhabi basic school (1-4),محافظه مسقط,Muscat,العامـرات,,حكومية / Public
Tabarak Private School,Tabarak Private School,محافظه مسقط,Muscat,العامـرات,Al Amerat,خاصة / Private
وادى حطاط للتعليم الاساسى الصفوف (1-4) صباحى,Wadi Hatat basic school { 1 - 4 },محافظه مسقط,Muscat,العامـرات,,حكومية / Public
وادى حطاط للتعليم الاساسى الصفوف (1-4) مسائى,Wadi Hatat basic school. { 1 - 4 },محافظه مسقط,Muscat,العامـرات,,حكومية / Public
زينب الأسدية  للتعليم الأساسي للبنات الصفوف (6-8),Zainab Al-asdia basic school for girls (7-10),محافظه مسقط,Muscat,العامـرات,,حكومية / Public
وادى الميح للتعليم الاساسى الصفوف (1-10),wadi almeah basic  1-10,محافظه مسقط,Muscat,العامـرات,,حكومية / Public
مدرسة إدراك الخاصة,مدرسة إدراك الخاصة,محافظه مسقط,Muscat,العامـرات,Al Amerat,خاصة / Private
AL-FANAR PRIVATE SCHOOL,مدرسة الفنار الخاصة,محافظه مسقط,Muscat,العامـرات,Al Amerat,خاصة / Private
مدرسة بشائر الهدى الخاصة,مدرسة بشائر الهدى الخاصة,محافظه مسقط,Muscat,العامـرات,Al Amerat,خاصة / Private
مدرسة شموس الهدى الخاصة,مدرسة شموس الهدى الخاصة,محافظه مسقط,Muscat,العامـرات,Al Amerat,خاصة / Private
مدرسه الطفل الذكي الخاصة,مدرسه الطفل الذكي الخاصة,محافظه مسقط,Muscat,العامـرات,Al Amerat,خاصة / Private
مدرسة الامتياز الخاصة,ABQ Al Imtiaz Private School,محافظه مسقط,Muscat,بوشــر,Bousher,خاصة / Private
روضه أفكاري الخاصة,Afkari Private Kindergarten,محافظه مسقط,Muscat,بوشــر,Bousher,خاصة / Private
مدرسة أجيال الهدى الخاصة,Agyal Al Huda Private School,محافظه مسقط,Muscat,بوشــر,Bousher,خاصة / Private
مدرسة الغبرة الخاصة,Al Ghubra Private School,محافظه مسقط,Muscat,بوشــر,Bousher,خاصة / Private
مدرسة الحكمة الخاصة,Al Hikma Private School Bousher,محافظه مسقط,Muscat,بوشــر,Bousher,خاصة / Private
حضانة مملكة الإبداع,Al Ibdaa Kingdom Nursery,محافظه مسقط,Muscat,بوشــر,Bousher,خاصة / Private
مدرسة الصحوة,Al Sahwa School,محافظه مسقط,Muscat,بوشــر,Bousher,خاصة / Private
العلا للتعليم الاساسى الصفوف (1-4),Al-Al-Ullaa basic school { 1 - 4 },محافظه مسقط,Muscat,بوشــر,,حكومية / Public
الامام المهنا بن سلطان للتعليم الاساسى للبنين الصفوف(10-12),Al-Emmam Al-Muhanna bin Sultan basic boy(10-12),محافظه مسقط,Muscat,بوشــر,,حكومية / Public
الخوير للتعليم الاساسى للبنين الصفوف(5-9),Al-Khuwair basic school for boys {5-9},محافظه مسقط,Muscat,بوشــر,,حكومية / Public
القرم للتعليم الاساسى للبنات الصفوف(5-9),Al-Qurm basic school for girls (5-9),محافظه مسقط,Muscat,بوشــر,,حكومية / Public
الصاروج للتعليم الاساسى الصفوف (1-4),Al-Sarouj basic school { 1 - 4 },محافظه مسقط,Muscat,بوشــر,,حكومية / Public
التفانى للتعليم الاساسى الصفوف(1-4),Al-Tafani basic school { 1 - 4 {,محافظه مسقط,Muscat,بوشــر,,حكومية / Public
العذيبه للتعليم الاساسى الصفوف (1-4),Al-Udhaiba basic school { 1- 4 },محافظه مسقط,Muscat,بوشــر,,حكومية / Public
الفتح للتعليم الاساسى الصفوف (1-4),Alfatah basic school { 1 - 4 },محافظه مسقط,Muscat,بوشــر,,حكومية / Public
الشيخ ابو نبهان الخروصى للتعليم الاساسى للبنين الصفوف (5-10),Alsheikh Abu Nabhan Al-Kharousi basic school { 5 -,محافظه مسقط,Muscat,بوشــر,,حكومية / Public
مدرسة فن الحياة,Art of Living Nursery,محافظه مسقط,Muscat,بوشــر,Bousher,خاصة / Private
اروى بنت عبدالمطلب للتعليم الاساسى للبنات الصفوف (5-9),Arwa bint Abdulmutaleb basic for girls { 5 -9 },محافظه مسقط,Muscat,بوشــر,,حكومية / Public
عاصم بن عمر بن الخطاب للتعليم الاساسى للبنين الصفوف(5-10),Asem bin Omar  bin Al-khatab basic school { 5 - 10,محافظه مسقط,Muscat,بوشــر,,حكومية / Public
بوشـر للتعليم الاساسى الصفوف (1-4),Bausher basic school { 1 - 4 },محافظه مسقط,Muscat,بوشــر,,حكومية / Public
حضانة البدايات المشرقة الخاصة,Bright Beginnings Nursery,محافظه مسقط,Muscat,بوشــر,Bousher,خاصة / Private
المدرسة البريطانية مسقط,British School Muscat (BSM),محافظه مسقط,Muscat,بوشــر,Bousher,خاصة / Private
حضانة سيم,CIM International Nursery,محافظه مسقط,Muscat,بوشــر,Bousher,خاصة / Private
حضانة شابتر ون الخاصة,Chapter One Nursery,محافظه مسقط,Muscat,بوشــر,Bousher,خاصة / Private
دوحه الادب للتعليم الاساسى للبنات الصفوف (10-12),Dauhat Al-adab basic for girls{ 10 - 12 },محافظه مسقط,Muscat,بوشــر,,حكومية / Public
فيض المعرفـه للتعليم الاساسى للبنات الصفوف (5-10),Faidh Al-Maarefa basic school for girls { 5 - 10 },محافظه مسقط,Muscat,بوشــر,,حكومية / Public
غلا  للتعليم الاساسى الصفوف (1-4),Ghalla basic school { 1- 4 },محافظه مسقط,Muscat,بوشــر,,حكومية / Public
حازم بن همام للتعليم الاساسى للبنين الصفوف(5-9),Hazem bin Hmam basic for boys(5-9),محافظه مسقط,Muscat,بوشــر,,حكومية / Public
مدرسة الهندية بالغبرة,Indian School Al Ghubra (ISG),محافظه مسقط,Muscat,بوشــر,Bousher,خاصة / Private
مدرسة الهندية بالغبرة - قسم الابتدائی,Indian School Al Ghubra (ISG) - Primary,محافظه مسقط,Muscat,بوشــر,Bousher,خاصة / Private
المدرسة الهندية بوشر,Indian School Bousher (ISB),محافظه مسقط,Muscat,بوشــر,Bousher,خاصة / Private
مدرسة الإيرانية مسقط,Iranian School Muscat,محافظه مسقط,Muscat,بوشــر,Bousher,خاصة / Private
حضانة كيبينا,Kipina Nursery,محافظه مسقط,Muscat,بوشــر,Bousher,خاصة / Private
حضانة الزهور الصغيرة,Little Flower Nursery,محافظه مسقط,Muscat,بوشــر,Bousher,خاصة / Private
مدينه السلطان قابوس للتعليم الاساسى الصفوف (1-4),Madinat Alsultan Qaboos basic school { 4 - 1 },محافظه مسقط,Muscat,بوشــر,,حكومية / Public
مدرسة مدينة السلطان قابوس الخاصة,Madinat Sultan Qaboos Private School,محافظه مسقط,Muscat,بوشــر,Bousher,خاصة / Private
منبع الايمان  للتعليم الاساسى الصفوف  (1-4),Manbah Al-Eman basic school 1-4,محافظه مسقط,Muscat,بوشــر,,حكومية / Public
حضانة مابل بير مسقط,Maple Bear Nursery and Kindergarten,محافظه مسقط,Muscat,بوشــر,Bousher,خاصة / Private
حضانة واحة مسقط,Muscat Oasis Nursery Al Khuwair,محافظه مسقط,Muscat,بوشــر,Bousher,خاصة / Private
حضانة شجرة البرتقال للأطفال,Orange Tree Nursery Oman,محافظه مسقط,Muscat,بوشــر,Bousher,خاصة / Private
حضانة النجوم الساطعة,Rising Stars Nursery,محافظه مسقط,Muscat,بوشــر,Bousher,خاصة / Private
صفيه بنت الخطاب للتعليم الاساسى للبنات الصفوف (5-9),Safia bint Al-Khatab basic school for girls(5-9),محافظه مسقط,Muscat,بوشــر,,حكومية / Public
شمس المعارف للتعليم الاساسى الصفوف (1-4),Shams Al-Maaref basic school { 1 - 4 },محافظه مسقط,Muscat,بوشــر,,حكومية / Public
شمساء الخليلى للتعليم الاساسى للبنات الصفوف (5-10),Shamsaa Al-Khaleely basic school for girls 5-10,محافظه مسقط,Muscat,بوشــر,,حكومية / Public
شاطئ القرم للتعليم الاساسى للبنات الصفوف(10-12),Shatee Al-Qurm basic for girls (10-12),محافظه مسقط,Muscat,بوشــر,,حكومية / Public
مركز الشموخ للتعليم المبكر,Shomoukh Early Childhood Education - Al Qurum,محافظه مسقط,Muscat,بوشــر,Bousher,خاصة / Private
شجاع بن وهب للتعليم الاساسى للبنين الصفوف (5-10),Shujaa bin wahab basic school for boys { 5 - 10 },محافظه مسقط,Muscat,بوشــر,,حكومية / Public
مدرسة الهندية للحضانة,The Indian Nursery - Al Khuwair,محافظه مسقط,Muscat,بوشــر,Bousher,خاصة / Private
ثريا بنت محمد البوسعيديه للتعليم الاساسى للبنات الصفوف (5-10),Thuraya bint Mohammed Al-Busaeediya basic schools,محافظه مسقط,Muscat,بوشــر,,حكومية / Public
حضانة ويلوبروك مسقط,Willowbrook Nursery Muscat,محافظه مسقط,Muscat,بوشــر,Bousher,خاصة / Private
المنجزات للتعليم الاساسى الصفوف (1-4),Al munjazat basic school {1-4},محافظه مسقط,Muscat,قـريات,,حكومية / Public
الغدير للتعليم الاساسى الصفوف (1-4),Al-Ghadeer basic school { 1 - 4 },محافظه مسقط,Muscat,قـريات,,حكومية / Public
النعمان بن عدى للتعليم الاساسى للبنين الصفوف (5-9),Al-Nooman bin Uday basic school for boys { 5 - 9 },محافظه مسقط,Muscat,قـريات,,حكومية / Public
الشيخ محمد بن شامس البطاشى للتعليم الاساسى للبنين الصفوف (5-10),Al-Sheikh Mohammed bin Shames Al-batashi basic sch,محافظه مسقط,Muscat,قـريات,,حكومية / Public
Al-Yaqadha Private School,Al-Yaqadha Private School,محافظه مسقط,Muscat,قـريات,Qurayyat,خاصة / Private
دغمـر للتعليم االاساسى الصفوف (1-10),Daghmar basic school { 1- 10 },محافظه مسقط,Muscat,قـريات,,حكومية / Public
ضبــاب للتعليم الاساسى الصفوف (1-12),Dhibab basic school { 1 - 12 },محافظه مسقط,Muscat,قـريات,,حكومية / Public
فنــس للتعليم الاساسى الصفوف (1-9) مسائى,Fins basic school { 1 - 9},محافظه مسقط,Muscat,قـريات,,حكومية / Public
حى الظاهر للتعليم الاساسى الصفوف (1-4),Hay Al- Thaher  basic school{ 1 - 4 },محافظه مسقط,Muscat,قـريات,,حكومية / Public
ابن رزيق للتعليم الأساسي للبنين الصفوف (5-12),Ibn Ruzaiq basic school for boys {5-12{,محافظه مسقط,Muscat,قـريات,,حكومية / Public
خوله بنت اليمـان للتعليم الاساسى  الصفوف (1-12),Khaula bint Al-Yaman basic for girls { 1 - 12 },محافظه مسقط,Muscat,قـريات,,حكومية / Public
خوله بنت قيس للتعليم الاساسى الصفوف(1-9),Khaula bint Qais basic school {1-9},محافظه مسقط,Muscat,قـريات,,حكومية / Public
مدارج الكمال للتعليم الأساسي الصفوف (1-9),Madarig AL-Kamal basic school (1-9),محافظه مسقط,Muscat,قـريات,,حكومية / Public
معاذ بن جبـل للتعليم الاساسى للبنين الصفوف (5-12),Muadh bin Jabal basic school  for Boys (5-12),محافظه مسقط,Muscat,قـريات,,حكومية / Public
مدرسة نور الفجر الخاصة,Noor Al Fajr Private School,محافظه مسقط,Muscat,قـريات,Qurayyat,خاصة / Private
رابعـه العدويـه للتعليم الاساسى للبنات الصفوف (10-12),Rabeea Al-Adaweeya basic school  for girls { 10- 1,محافظه مسقط,Muscat,قـريات,,حكومية / Public
راشد بن الوليد للتعليم الاساسى للبنين الصفوف (10-12),Rashid bin Al-Waleed basic school  for Boys (10-12,محافظه مسقط,Muscat,قـريات,,حكومية / Public
رفيده الانصاريه للتعليم الاساسى الصفوف (1-12),Rufayda Al-Ansariya basic school { 1 - 12 },محافظه مسقط,Muscat,قـريات,,حكومية / Public
الشيخ ابو عبيده عبدالله بن محمد بن خميس البلوشى للتعليم الاساسى للبنين الصفوف (5 - 9),Sheikh Abu Obeida Abdullah bin Mohammed bin Khami,محافظه مسقط,Muscat,قـريات,,حكومية / Public
سلطان بن محمد البطاشى للتعليم الاساسى للبنين الصفوف(5-10),Sultan bin Mohammed Al-Batashi basic school for bo,محافظه مسقط,Muscat,قـريات,,حكومية / Public
ابى بن ثابت للتعليم الاساسى للبنين الصفوف (5-12),Ubay bin thabet general for boys { 5 - 12 },محافظه مسقط,Muscat,قـريات,,حكومية / Public
عدى بن حاتم الطائى للتعليم الاساسى للبنين الصفوف (5-9),Uday bin Hatem Al-Taee basic school for boys { 5 -,محافظه مسقط,Muscat,قـريات,,حكومية / Public
ام الحكم بنت الزبير للتعليم الاساسى الصفوف (1-10),Um Al-Hakam bint Al-Zubair basic school { 1 - 10 },محافظه مسقط,Muscat,قـريات,,حكومية / Public
وادى العربيين للتعليم الاساسى الصفوف (1-10),Wadi Al-arbeeien basic school(1-10),محافظه مسقط,Muscat,قـريات,,حكومية / Public
زينب بنت ابى سفيان للتعليم الاساسى للبنات الصفوف (5-9),Zaynab bint Abi Sufiyan basic school  for girls {,محافظه مسقط,Muscat,قـريات,,حكومية / Public
AL TAJHEEZ AL ILMI PRIVATE SCHOOL,AL TAJHEEZ AL ILMI PRIVATE SCHOOL,محافظه مسقط,Muscat,مسـقط,Muscat,خاصة / Private
مدرسة أبجد الخاصة,Abjad Private School,محافظه مسقط,Muscat,مسـقط,Muscat,خاصة / Private
مدرسة آفاق مسقط الخاصة,Afaaq Muscat Private School,محافظه مسقط,Muscat,مسـقط,Muscat,خاصة / Private
مدرسة أجيال غلا الخاصة,Ajyal Ghala Private School,محافظه مسقط,Muscat,مسـقط,Muscat,خاصة / Private
مدرسة البرج الخاصة,Al Burj Private School,محافظه مسقط,Muscat,مسـقط,Muscat,خاصة / Private
مدرسة الفارابي الخاصة,Al Farabi Private School,محافظه مسقط,Muscat,مسـقط,Muscat,خاصة / Private
مدرسة الفكر المنير الخاصة,Al Fikr Al Munir School (Bilingual),محافظه مسقط,Muscat,مسـقط,Muscat,خاصة / Private
مدرسة الهدی الخاصة,Al Huda Private School,محافظه مسقط,Muscat,مسـقط,Muscat,خاصة / Private
مدرسة المها الخاصة,Al Maha Private School,محافظه مسقط,Muscat,مسـقط,Muscat,خاصة / Private
مدرسة المنهل الخاصة,Al Manhal Private School,محافظه مسقط,Muscat,مسـقط,Muscat,خاصة / Private
البستان للتعليم الاساسى الصفوف (1-9),Al-Bustan basic school { 1 - 9 },محافظه مسقط,Muscat,مسـقط,,حكومية / Public
الخيران للتعليم الاساسى الصفوف (1-8),Al-Khairaan basic school (1-8,محافظه مسقط,Muscat,مسـقط,,حكومية / Public
مدرسة المرامي الخاصة,Al-Marami Private School,محافظه مسقط,Muscat,مسـقط,Muscat,خاصة / Private
السيفه للتعليم الاساسى الصفوف (1-12),Al-Seefa  basic school { 1 - 12 },محافظه مسقط,Muscat,مسـقط,,حكومية / Public
الزهراء للتعليم الاساسى الصفوف (1-9),Al-Zahraa basic school { 1 - 9 },محافظه مسقط,Muscat,مسـقط,,حكومية / Public
السعيديه للتعليم الاساسى للبنين الصفوف (5-12),Al-saeediya basic school for boys { 5 - 12 },محافظه مسقط,Muscat,مسـقط,,حكومية / Public
التوفيق للتعليم الاساسى الصفوف(1-4),Al-tawfeeq basic school { 1 - 4 },محافظه مسقط,Muscat,مسـقط,,حكومية / Public
AlMaisarah Private School,AlMaisarah Private School,محافظه مسقط,Muscat,مسـقط,Muscat,خاصة / Private
مدرسة البيان الخاصة,Albayan private school,محافظه مسقط,Muscat,مسـقط,Muscat,خاصة / Private
مدرسة الإيثار الخاصة,Aleithar Private School,محافظه مسقط,Muscat,مسـقط,Muscat,خاصة / Private
مدرسة امريكان ليسيتف لمرحلة ما قبل المدرسة,American Lycetuff Azaiba Pre School,محافظه مسقط,Muscat,مسـقط,Muscat,خاصة / Private
مدرسة التفاح الأخضر الخاصة,Apple Green Private School,محافظه مسقط,Muscat,مسـقط,Muscat,خاصة / Private
مدرسة فن الحياة الخاصة,Art of Living Private School,محافظه مسقط,Muscat,مسـقط,Muscat,خاصة / Private
مدرسة العذيبة الخاصة,Azaiba Private School,محافظه مسقط,Muscat,مسـقط,Muscat,خاصة / Private
مدرسة الصفوة الخاصة,A’ssafwah Private School,محافظه مسقط,Muscat,مسـقط,Muscat,خاصة / Private
مدرسة العاصمة الخاصة مسقط,Capital Private School (CPS),محافظه مسقط,Muscat,مسـقط,Muscat,خاصة / Private
روضة خطوات الطفولة الخاصة,Childhood Step Private School,محافظه مسقط,Muscat,مسـقط,Muscat,خاصة / Private
مدرسة دوحة النور الخاصة,Dawhat Alnoor Private School,محافظه مسقط,Muscat,مسـقط,Muscat,خاصة / Private
Digital Private School,Digital Private School,محافظه مسقط,Muscat,مسـقط,Muscat,خاصة / Private
مدرسة درة الخليج الدولية الخاصة,Dorat Al-Khaleej International Private School,محافظه مسقط,Muscat,مسـقط,Muscat,خاصة / Private
Granada Private school,Granada Private school,محافظه مسقط,Muscat,مسـقط,Muscat,خاصة / Private
مدرسة درة الخليج الخاصة,Gulf Pearl Private School,محافظه مسقط,Muscat,مسـقط,Muscat,خاصة / Private
Ibn Khaldoun Private School,Ibn Khaldoun Private School,محافظه مسقط,Muscat,مسـقط,Muscat,خاصة / Private
مدرسة اطلالة المجد الخاصة,Itlalat Almajd Private School,محافظه مسقط,Muscat,مسـقط,Muscat,خاصة / Private
Knowledge Hopes Private School,Knowledge Hopes Private School,محافظه مسقط,Muscat,مسـقط,Muscat,خاصة / Private
مدرسة مدينة السلطان قابوس الخاصة,Madinat Sultan Qaboos Private School,محافظه مسقط,Muscat,مسـقط,Muscat,خاصة / Private
روضة منارة بوشر الخاصة,Manarat Bawshar Private Kindergarten,محافظه مسقط,Muscat,مسـقط,Muscat,خاصة / Private
مدرسة مشاعل مسقط الخاصة فرع المعبيلة,Mashaail Muscat Private School (Maabilah),محافظه مسقط,Muscat,مسـقط,Muscat,خاصة / Private
Modern System Private School,Modern System Private School,محافظه مسقط,Muscat,مسـقط,Muscat,خاصة / Private
مدرسة معاذ بن جبل الخاصة,Muath Bin Jabal Private School,محافظه مسقط,Muscat,مسـقط,Muscat,خاصة / Private
Muscat Private School Horizons,Muscat Private School Horizons,محافظه مسقط,Muscat,مسـقط,Muscat,خاصة / Private
National Private School,National Private School,محافظه مسقط,Muscat,مسـقط,Muscat,خاصة / Private
مدرسة عُمان الخاصة,Oman Private School,محافظه مسقط,Muscat,مسـقط,Muscat,خاصة / Private
مدرسة اسامة بن زيد الخاصة,Osamah Bin Said Private School,محافظه مسقط,Muscat,مسـقط,Muscat,خاصة / Private
Qabas Al Ibdaa Private School,Qabas Al Ibdaa Private School,محافظه مسقط,Muscat,مسـقط,Muscat,خاصة / Private
قنتب للتعليم الاساسى الصفوف (1-9),Qantab basic school {1-9},محافظه مسقط,Muscat,مسـقط,,حكومية / Public
راشد بن النضر للتعليم الاساسى للبنين الصفوف (5-12),Rashed bin Al-nadher basic school for boys{5-12,محافظه مسقط,Muscat,مسـقط,,حكومية / Public
سفانه بنت حاتم الطائى للتعليم الاساسى الصفوف (1-12),Safana bint Hatem Al-Taee basic school { 1 - 12 },محافظه مسقط,Muscat,مسـقط,,حكومية / Public
مدرسة المشاهير الخاصة,Stellar Private School,محافظه مسقط,Muscat,مسـقط,Muscat,خاصة / Private
طلحه بن عبيدالله للتعليم الاساسى للبنين الصفوف (5-12),Talha bin Obaidullah basic school for boys {5-12},محافظه مسقط,Muscat,مسـقط,,حكومية / Public
مدرسة الهندية للحضانة,The Indian Nursery School,محافظه مسقط,Muscat,مسـقط,Muscat,خاصة / Private
Thought Sciences Private School,Thought Sciences Private School,محافظه مسقط,Muscat,مسـقط,Muscat,خاصة / Private
المدارس المتحدة- فرع المنى,United Private Schools - Al Muna,محافظه مسقط,Muscat,مسـقط,Muscat,خاصة / Private
يتى للتعليم الاساسى للبنين الصفوف (5-12),Yeti basic school for boys { 5 - 12 },محافظه مسقط,Muscat,مسـقط,,حكومية / Public
زبيـده ام الاميـن للتعليم الاساسى للبنات الصفوف  (10-12),Zubayda Um Al-Ameen basic school for girls { 10 -,محافظه مسقط,Muscat,مسـقط,,حكومية / Public
مدرسة أجيال الفردوس الخاصة للتعليم المبكر,مدرسة أجيال الفردوس الخاصة للتعليم المبكر,محافظه مسقط,Muscat,مسـقط,Muscat,خاصة / Private
مدرسة الخنساء الخاصة,مدرسة الخنساء الخاصة,محافظه مسقط,Muscat,مسـقط,Muscat,خاصة / Private
مدرسة الغبرة الخاصة الموقع الجديد,مدرسة الغبرة الخاصة الموقع الجديد,محافظه مسقط,Muscat,مسـقط,Muscat,خاصة / Private
مدرسة القارئ المبدع الخاصة (تعليم القران الكريم),مدرسة القارئ المبدع الخاصة (تعليم القران الكريم),محافظه مسقط,Muscat,مسـقط,Muscat,خاصة / Private
مدرسة صناع المعرفة الخاصة -مدرسة أحادية وثنائية اللغة,مدرسة صناع المعرفة الخاصة -مدرسة أحادية وثنائية اللغة,محافظه مسقط,Muscat,مسـقط,Muscat,خاصة / Private
مدرسة مواليد عصر النهضة الخاصة,مدرسة مواليد عصر النهضة الخاصة,محافظه مسقط,Muscat,مسـقط,Muscat,خاصة / Private
الامال للتعليم الاساسى الصفوف (1-4),AL-Ammal basic school { 1 - 4 },محافظه مسقط,Muscat,مطرح,,حكومية / Public
الوليد بن عبدالملك للتعليم الأساسي للبنين الصفوف(5-8),AL-Waleed bin Abdulmalek basic school for boys{5-,محافظه مسقط,Muscat,مطرح,,حكومية / Public
البصائر للتعليم الاساسى الصفوف (1-4),Al-Basaeer basic school { 1 - 4 },محافظه مسقط,Muscat,مطرح,,حكومية / Public
الوادى الكبير للتعليم الاساسى للبنات الصفوف(10-12),Al-Wadi Al-Kabeer basic school for girls{10-12},محافظه مسقط,Muscat,مطرح,,حكومية / Public
الولجه للتعليم الاساسى للبنات الصفوف (5-9),Al-Walja basic school for girls{5-9},محافظه مسقط,Muscat,مطرح,,حكومية / Public
الوطيه للتعليم الاساسي للبنين الصفوف(5-9),Al-Wateeya basic school for boys{5-9},محافظه مسقط,Muscat,مطرح,,حكومية / Public
البراعه للتعليم الاساسى الصفوف (1-4),Al-baraaa basic school { 1 - 4 },محافظه مسقط,Muscat,مطرح,,حكومية / Public
الحضاره للتعليم الاساسى الصفوف (1-4),Al-hadhara basic shool { 1 - 4 },محافظه مسقط,Muscat,مطرح,,حكومية / Public
السعيديه للتعليم الاساسى الصفوف (1-4),Al-saeediya basic school { 1 - 4 },محافظه مسقط,Muscat,مطرح,,حكومية / Public
الامام جابر بن زيد للتعليم الاساسى للبنين الصفوف (10-12),AlEmmam Jaber bin Zayd basic school boys 10-12,محافظه مسقط,Muscat,مطرح,,حكومية / Public
اسماء بنت ابى بكر للتعليم الاساسى للبنات الصفوف(5-9),Asma bin Abi Bakr basic school for girls{5-9},محافظه مسقط,Muscat,مطرح,,حكومية / Public
دارسيت للتعليم الاساسى للبنات الصفوف (5-9),Darseit basic school for girls (5-9),محافظه مسقط,Muscat,مطرح,,حكومية / Public
حسان بن ثابت للتعليم الأساسي للبنين الصفوف (9-12),Hassan bin Thabet basic school for boys {9-12},محافظه مسقط,Muscat,مطرح,,حكومية / Public
ابن النفيس للتعليم الأساسي للبنين الصفوف (5-8),Ibn Nafees basic school for boys {5-8},محافظه مسقط,Muscat,مطرح,,حكومية / Public
المدرسة الهندية بالوادي الكبير,Indian School Al Wadi Al Kabir (ISWK),محافظه مسقط,Muscat,مطرح,Muttrah,خاصة / Private
المدرسة الهندية دارسيت,Indian School Darsait (ISD),محافظه مسقط,Muscat,مطرح,Muttrah,خاصة / Private
المدرسة الهندية بدارسيت - القسم الابتدائي,Indian School Darsait (ISD) - Junior,محافظه مسقط,Muscat,مطرح,Muttrah,خاصة / Private
المدرسة الهندية بدارسيت - القسم الثانوي,Indian School Darsait (ISD) - Senior,محافظه مسقط,Muscat,مطرح,Muttrah,خاصة / Private
المدرسة الهندية بمسقط,Indian School Muscat,محافظه مسقط,Muscat,مطرح,Muttrah,خاصة / Private
المدرسة الهندية بمسقط - قسم الروضة,Indian School Muscat (ISM) - Kindergarten,محافظه مسقط,Muscat,مطرح,Muttrah,خاصة / Private
مطرح للتعليم الاساسى الصفوف (1-4),Matrah basic school { 1 - 4 },محافظه مسقط,Muscat,مطرح,,حكومية / Public
مدرسة بوليغلوت الخاصة,Polyglot Private School,محافظه مسقط,Muscat,مطرح,Muttrah,خاصة / Private
روي للتعليم الأساسي للبنات الصفوف ( 10-12 ),Ruwi school for girls (10-12),محافظه مسقط,Muscat,مطرح,,حكومية / Public
مدرسة الهندية للحضانة - فرع دارسيت,The Indian Nursery - Darsait,محافظه مسقط,Muscat,مطرح,Muttrah,خاصة / Private
وادى عدى للتعليم الاساسى الصفوف (1-4),Wadi Adey  basic school { 1 - 4 },محافظه مسقط,Muscat,مطرح,,حكومية / Public
