source,nom,nom_en,longitude,latitude,ville,province,district,telephone,giga_id,niveau
OSM,Trường Tiểu học Xuân Đỉnh,,105.7944959,21.0723743,,,,,,Primary
OSM,Trường Tiểu học Lê Lai,,108.240437,16.0444829,,,,,,Primary
OSM,Trường Tiểu học Núi Thành,,108.2148889,16.0411114,,,,,,Primary
OSM,Trường Tiểu học Huỳnh Ngọc Huệ,,108.1916181,16.0638513,,,,,,Primary
OSM,Trường Tiểu học Võ Trường Toàn,,105.7650479,10.0485031,,,,,,Primary
OSM,Trường Tiểu Học Hồ Văn Huê,Ho Van Hue Primary School,106.6742964,10.8085407,,Hồ Chí Minh,Phú Nhuận,,,Primary
OSM,Trường Tiểu học Lăng Cô,,108.0843209,16.2309335,,,,,,Primary
OSM,"Trường Tiểu học, Trung học cơ sở và Trung học phổ thông May",,105.8305513,20.9863565,,,,,,Primary
OSM,Trường tiểu học Mạc Đĩnh Chi,,105.7851454,10.0374247,Cần Thơ,,,,,Primary
OSM,Trường Tiểu học Võ Thị Sáu,Vo Thi Sau Primary School,107.2746059,10.4825304,,,,,,Primary
OSM,Trường Tiểu học Ngọc Hồi,,106.655578,10.7784426,,Hồ Chí Minh,Tân Bình,,,Primary
OSM,Trường Tiểu Học Nguyễn Bá Ngọc,Nguyen Ba Ngoc Primary School,106.68582,10.8076855,,,,,,Primary
OSM,Trường Tiểu học Hoàng Hoa Thám,Hoang Hoa Tham Primary School,105.8105003,21.0456555,,,,,,Primary
OSM,Trường Tiểu Học Quang Thiện,,106.1057578,20.0993513,,,,,,Primary
OSM,Trường Tiểu học Nguyễn Trãi,,105.81718,20.9962205,,,,,,Primary
OSM,tiểu học C Vĩnh Thạnh Trung,,105.2175163,10.5763922,,,,,,Primary
OSM,tiểu học A VTT,,105.2286405,10.5845683,,,,,,Primary
OSM,Trường Tiểu học Lý Nhơn,Ly Nhon Primary School,106.6991169,10.7615695,,,,,,Primary
OSM,Trường Tiểu học Đặng Trần Côn,,106.6973627,10.7607181,,,,,,Primary
OSM,Trường Tiểu học Nguyễn Văn Trỗi,Nguyen Van Troi Primary School,106.701541,10.7632821,Phường 9,Thành phố Hồ Chí Minh,Quận 4,,,Primary
OSM,Trường Tiểu học Đoàn Thị Điểm,Doan Thi Diem Primary School,106.6937438,10.756599,,,,,,Primary
OSM,tiểu học A Bình Long,,105.2454254,10.5657478,,,,,,Primary
OSM,Trường Tiểu học Nguyễn Du,,105.7583073,10.0113107,Cần Thơ,,,,,Primary
OSM,Tiểu học Bình Thủy,,105.7521964,10.0715156,,,,,,Primary
OSM,Tiểu Học An Thới 2,,105.7668489,10.0579402,,,,,,Primary
OSM,Tiểu học Trà Nóc,,105.7285571,10.0905049,,,,,,Primary
OSM,Tiểu học An Lạc,,105.7818522,10.026326,,,,,,Primary
OSM,Tiểu Học Châu Văn Liêm,,105.4404981,10.3786072,,,,,,Primary
OSM,Tiểu học Nguyễn Bỉnh Khiêm,,105.447795,10.381382,,,,,,Primary
OSM,Tiểu học Chu Văn An,,105.4339025,10.3786335,,,,,,Primary
OSM,Trường Tiểu học Nguyễn Du,,105.4382152,10.3858255,,,,,,Primary
OSM,Tiểu học Lê Hồng Phong,,105.4668963,10.3464882,,,,,,Primary
OSM,Tiểu học Trần Quang Khải,,105.4612293,10.3480036,,,,,,Primary
OSM,Trường Tiểu học Hùng Vương,,105.8158157,9.8174946,,,,,,Primary
OSM,Tiểu học Long Thạnh 1,,105.7521599,9.9094437,,,,,,Primary
OSM,Tiểu học Trần Quốc Toản,,105.8257588,9.8055772,,,,,,Primary
OSM,Trường Tiểu học Đồng Hướng,,106.0952145,20.0962633,,,,,,Primary
OSM,Tiểu học Thốt Nốt,,105.532288,10.2720251,,,,,,Primary
OSM,Tiểu học Trần Phú,,105.4866806,10.3272926,,An Giang,Long Xuyên,,,Primary
OSM,Trường Tiểu học Lê Lợi,,105.4375199,10.3895097,,,,,,Primary
OSM,Trường Tiểu học Lê Văn Nhung,,105.4324285,10.3833684,,,,,,Primary
OSM,Tiểu học Phạm Hồng Thái,,105.4147015,10.3734741,,,,,,Primary
OSM,Tiểu học B Nhơn Mỹ,,105.4017731,10.4524053,,,,,,Primary
OSM,Trường Tiểu học Trưng Vương,,105.7650651,10.2965167,,,,,,Primary
OSM,Trường Tiểu học Kim Đồng,,105.764304,10.2977313,,,,,,Primary
OSM,Tiểu học Trần Quốc Toản,,105.3975025,10.3690115,,,,,,Primary
OSM,Tiểu học Chu Văn An,,105.6426776,10.458307,,,,,,Primary
OSM,Tiểu học B Bình Long,,105.2619357,10.5568308,,,,,,Primary
OSM,Tiểu học Trưng Vương,,105.1205801,10.7092595,,,,,,Primary
OSM,Tiểu học Thường Thới Tiền 1,Thuong Thoi Tien 1 Primary School,105.2463975,10.8103628,,,,,,Primary
OSM,Tiểu học Phú Thuận B,,105.3462118,10.7663134,,,,,,Primary
OSM,Trường tiểu học Lê Quý Đôn,,105.6352561,10.453975,,,,,,Primary
OSM,Tiểu học A An Phú,,105.0922859,10.8126511,,,,,,Primary
OSM,Tiểu học Thường Lạc,,105.3331375,10.8160368,,,,,,Primary
OSM,Trường Tiểu học An Thạnh 1,,105.3394301,10.8083419,,,,,,Primary
OSM,Trường tiểu học Lê Thánh Tông,,105.59277,10.4762809,,,,,,Primary
OSM,Trường Tiểu học Nam Thành Công,,105.8099674,21.0153495,,,,,,Primary
OSM,Trường Tiểu học Ngô Quyền,,105.8569356,21.0004448,,,,,,Primary
OSM,Trường Tiểu Học Nguyễn Huệ,,107.8735397,12.6927584,,,,,,Primary
OSM,Trường Tiểu học Nguyễn Thái Học,Nguyen Thai Hoc Primary School,106.6959868,10.7679865,,,,+84 028 38242570,,Primary
OSM,Trường Tiểu học Nguyễn Bỉnh Khiêm,Nguyen Binh Khiem Primary School,106.704128,10.7883753,,,,+84 028 38292846,,Primary
OSM,Trường Tiểu học Trần Quốc Thảo,,106.6949077,10.7820576,,,,,,Primary
OSM,Trường Tiểu học Khai Minh,Khai Minh Primary School,106.7003974,10.7691717,,,,,,Primary
OSM,Trường Tiểu học Vĩnh Hội,Vinh Hoi Primary School,106.703997,10.7537927,,,,,,Primary
OSM,Trường Tiểu Học Hồng Hà,Hong Ha Primary School,106.7105255,10.7984628,,,,,,Primary
OSM,Trường Tiểu học Hoà Bình,Hoa Binh Primary School,106.6989877,10.7789211,Thành phố Hồ Chí Minh,,Quận 1,,,Primary
OSM,Trường Tiểu học Trần Quốc Tuấn,,106.649118,10.8013192,,,,,,Primary
OSM,Trường Tiểu học Tân Sơn Nhất,,106.6617878,10.8063942,Thành phố Hồ Chí Minh,,Tân Bình,,,Primary
OSM,Trường Tiểu học Hoàng Diệu,Hoang Dieu Primary School,105.8076358,21.0370963,,,,,,Primary
OSM,Trường Tiểu học Dịch Vọng B,,105.7963522,21.0384303,Hà Nội,Hà Nội,Cầu Giấy,,,Primary
OSM,Trường Tiểu học Nguyễn Thái Học,Nguyễn Thái Học Primary School,107.0823654,10.3536428,,,,,,Primary
OSM,Trường Tiểu học Lý Tự Trọng,Ly Tu Trong Primary School,107.08838,10.3548654,,,,,,Primary
OSM,Trường Tiểu học Bàu Sen,Bau Sen Primary School,107.0798616,10.3475095,,,,,,Primary
OSM,Trường Tiểu học - Trung học cơ sở - Trung học phổ thông Sao Việt,VStar School,106.6991785,10.7431821,,,,,,Primary
OSM,Trường Tiểu học Tân Thành 1,,107.9399942,10.7218316,,,,,,Primary
OSM,Trường Mầm non Ngôi Sao Tuổi Thơ - Tiểu học - Trung học cơ sở - Trung học phổ thông Hoàng Gia,Royal School,106.7112071,10.7324849,,,,,,Primary
OSM,Trường Tiểu học Kim Đồng,Kim Dong Primary School,105.8191535,21.0299487,,,,,,Primary
OSM,Trường Tiểu học Hạ Long,Ha Long Primary School,107.0779635,10.3441366,,,,,,Primary
OSM,Trường Tiểu học Đoàn Kết,Doan Ket Primary School,107.077231,10.3507912,,,,,,Primary
OSM,Trường Tiểu học Trưng Vương,,107.088963,10.3677499,,,,,,Primary
OSM,Trường tiểu học Kiên Lương,,104.6461295,10.2862894,,,,,,Primary
OSM,tiểu học Kiên Lương,,104.6462677,10.2855483,,,,,,Primary
OSM,Trường Tiểu học Vỗ Thị Sáu,,106.7109827,10.7335066,Hồ Chí Minh,Hồ Chí Minh,Quận 7,,,Primary
OSM,Trường Tiểu học Thắng Tam,Thang Tam Primary School,107.088211,10.338525,,,,,,Primary
OSM,Trường Tiểu học Quang Vinh,,106.8132963,10.950015,,,,,,Primary
OSM,Trường tiểu học Phú Lộc,,105.7465924,9.4290712,,,,,,Primary
OSM,Trường Tiểu học Thuận An,,105.5160207,10.2883239,,Can Tho,,,,Primary
OSM,tiểu học thới thuận 1,,105.506694,10.2995159,,,,,,Primary
OSM,"Trường Tiểu học, Trung học cơ sở & Trung học phổ thông Victory",,108.0403407,12.6744741,,,,,,Primary
OSM,Trường Tiểu học Ngô Quyền,,108.0412328,12.6701721,,,,,,Primary
OSM,Trường Tiểu Học Lê Văn Tám,,108.031071,12.6648276,,,,,,Primary
OSM,Trường tiểu học Võ Thị Sáu,,108.0488274,12.6806909,,,,,,Primary
OSM,Tiểu học Nguyễn Bỉnh Khiêm,,108.0512799,12.6892663,,,,,,Primary
OSM,Trường Tiểu học Bến Tre,,106.3767451,10.2376234,,,,,,Primary
OSM,Trường Tiểu học An Tân,,108.8991129,14.576776,,,,,,Primary
OSM,Trường Tiểu học Lương Định Của,,106.6822786,10.7707152,,,,,,Primary
OSM,Trường Tiểu học Nguyễn Viết Xuân,Nguyen Viet Xuan Primary School,107.1075043,10.3770569,,,,,,Primary
OSM,Trường Tiểu học Trương Công Định,,107.094519,10.3584306,Vung Tau,,,,,Primary
OSM,Trường Tiểu Học Thanh Bình,,105.9798666,20.2560931,,,,,,Primary
OSM,Trường Tiểu học Nguyễn Trãi,Nguyen Trai Elementary school,107.8061972,11.5512919,,,,,,Primary
OSM,Trường Tiểu học Trung Vương,,107.8217384,11.5430592,,,,,,Primary
OSM,Trường Tiểu học Lộc Thanh,,107.8443043,11.5510294,,,,,,Primary
OSM,Trường Tiểu học Lê Hồng Phong,,106.6971815,20.8375086,,,,,,Primary
OSM,Trường tiểu học đằng Giang,,106.6993714,20.8452652,,,,,,Primary
OSM,Trường Tiểu Học Đằng Lâm,,106.7095809,20.8329388,,,,,,Primary
OSM,Trường Tiểu Học Dương Quan,,106.6851608,20.8947377,,,,,,Primary
OSM,Trường Tiểu học Cát Bi,,106.7100105,20.8254218,,,,,,Primary
OSM,Trường Tiểu học Nguyễn Đức Cảnh,,106.6659839,20.8503841,,,,,,Primary
OSM,Trường Tiểu học Võ Xán 1,,108.9159442,13.9129778,,,,,,Primary
OSM,Trường Tiểu học Võ Xán 2,,108.9210573,13.9096712,,,,,,Primary
OSM,Trường Tiểu học Ngô Gia Tự,,106.6664227,20.8579618,,,,,,Primary
OSM,Truường tiểu học Trần Quốc Toản,,106.7055551,20.8629811,,,,,,Primary
OSM,Trường Tiểu Học Đằng Hài,,106.7177096,20.8392286,,,,,,Primary
OSM,Trường Tiểu Học Dư Hàng Kênh,,106.683691,20.8351954,,,,,,Primary
OSM,Trường Tiểu học Đông Hải 2,,106.729871,20.8443497,,,,,,Primary
OSM,Trường Tiểu học Nguyễn Thượng Hiền,,106.6964652,20.8642556,Thành phố Hải Phòng,,Quận Ngô Quyền,,,Primary
OSM,Trường Tiểu học Thái Phiên,,106.702006,20.8596232,,,,,,Primary
OSM,Trường tiểu học đằng Giang,,106.6994321,20.8451255,,,,,,Primary
OSM,Trường tiểu học Bạch Đằng,,106.6495077,20.8670626,,,,,,Primary
OSM,Trường tiểu học Tân Dương,,106.6739856,20.8992223,,,,,,Primary
OSM,Tiểu Học Vĩnh Niệm,,106.6776817,20.8316679,,,,,,Primary
OSM,Trường Tiểu học Chu Văn An,,106.6896091,20.8523695,,,,,,Primary
OSM,Trường Tiểu học Trần Văn Ơn,,106.6746002,20.860875,,,,,,Primary
OSM,Tiểu học Lê Thị Hồng Gấm,,108.0431505,12.6868543,,,,,,Primary
OSM,tiểu học Trần Văn Ơn,,108.0365803,12.6841879,,,,,,Primary
OSM,tiểu học Lê Hồng Phong,,108.0382487,12.6821414,,,,,,Primary
OSM,tiểu học Nguyễn Đức Cảnh,,108.0547558,12.6958449,,,,,,Primary
OSM,Tiểu học Ngô Gia Tự,,108.0037804,12.6444427,,,,,,Primary
OSM,Trường Tiểu học Nguyễn Huệ,,108.007534,12.6435311,,,,,,Primary
OSM,tiểu học Phan Chu Trinh,,108.0430374,12.6818117,,,,,,Primary
OSM,Trường tiểu học Tô Hiệu,,108.0251278,12.6544176,,,,,,Primary
OSM,Trường tiểu học Bạch Đằng,,106.6523796,20.8683454,,,,,,Primary
OSM,tiểu học Nguyễn Viết Xuân,,108.0797802,12.7062557,,,,,,Primary
OSM,tiểu học Nguyễn Bá Ngọc,,108.0916186,12.7211618,,,,,,Primary
OSM,Trường tiểu học Nguyễn Du,,106.7024283,20.8702597,,,,,,Primary
OSM,Trường tiểu học Lý Tự Trọng,,106.6967411,20.8575949,,,,,,Primary
OSM,Trường tiểu học Đông Hải,,106.7163751,20.8525218,,,,,,Primary
OSM,Trường Tiểu học Trưng Vương,,106.671956,20.8438752,,,,,,Primary
OSM,Trường Tiểu học Đinh Tiên Hoàng,,106.6818066,20.8603075,,,,,,Primary
OSM,Trường tiểu học Nguyễn Trãi,,106.6616585,20.856688,,,,,,Primary
OSM,Trường Tiểu học An Đồng,,106.6475236,20.8562729,,,,,,Primary
OSM,Tiểu học Lý Tự Trọng,,108.0301331,12.6793964,,,,,,Primary
OSM,Trường Tiểu học Nguyễn Trãi,,106.7014779,20.850663,,,,,,Primary
OSM,Tiểu học Đằng Hải Khu B,,106.7250333,20.8347288,,,,,,Primary
OSM,Trường Tiểu học Hải Nam,,107.1543706,10.4198598,Vũng Tàu,,,,,Primary
OSM,Trường Tiểu học Phước Thắng,,107.1359115,10.4098367,,,,,,Primary
OSM,Trường Tiểu học Đa Tốn,,105.9377176,20.9847712,,,,,,Primary
OSM,Trường Tiểu học Nguyễn Thanh Đằng,Nguyen Thanh Dang Primary School,107.1707023,10.4964472,,,,,,Primary
OSM,Trường Tiểu học Nguyễn Bá Ngọc,Nguyen Ba Ngoc Primary School,107.1733522,10.503974,,,,,,Primary
OSM,Trường Tiểu học Trường Sơn,Truong Son Primary School,107.1827568,10.4989984,,,,,,Primary
OSM,Trường Tiểu học Lê Thành Duy,Le Thanh Duy Primary School,107.1748529,10.4905017,,,,,,Primary
OSM,Trường Tiểu học Lê Lợi,Le Loi Primary School,107.1890494,10.5114834,,,,,,Primary
OSM,Trường Tiểu học Long Hương,Long Huong Primary School,107.1646319,10.5000371,,,,,,Primary
OSM,Trường Tiểu học Phan Bội Châu,Phan Boi Chau Primary School,107.1519847,10.5029998,,,,,,Primary
OSM,Trường Tiểu học Kim Dinh,Kim Dinh Primary School,107.131558,10.5057342,,,,,,Primary
OSM,Trường Tiểu học Điện Biên,Dien Bien Primary School,107.194289,10.4925328,,,,,,Primary
OSM,Trường Tiểu học Nguyễn Huệ,,106.6517769,10.7467058,,,,,,Primary
OSM,Trường Tiểu học Cao Văn Ngọc,Cao Van Ngoc Primary School,107.217189,10.4658675,,,,,,Primary
OSM,Trường Tiểu học Chu Hải,Chu Hai Primary School,107.1191372,10.5041437,,,,,,Primary
OSM,Trường Tiểu học Kim Đồng,,107.2183849,10.4202268,,,,,,Primary
OSM,Trường Tiểu học Lê Lợi,Le Loi Primary School,107.2291186,10.4086164,,,,,,Primary
OSM,Trường Tiểu học Phạm Ngũ Lão,Pham Ngu Lao Primary School,107.2283458,10.4020801,,,,,,Primary
OSM,Trường Tiểu học Bùi Thị Xuân,Bui Thi Xuan Primary School,107.074508,10.3577388,,,,,,Primary
OSM,Trường Tiểu học Thắng Nhì,Thang Nhi Primary School,107.0760707,10.3711641,,,,,,Primary
OSM,Trường Tiểu học Lê Lợi,Le Loi Primary School,107.0766506,10.3671905,,,,,,Primary
OSM,Trường Tiểu học Phước Hải 2,Phuoc Hai 2 Primary School,107.2853386,10.4211702,,,,,,Primary
OSM,Trường Tiểu học Tam Phước,Tam Phuoc Primary School,107.22922,10.4665442,,,,,,Primary
OSM,Trường tiểu học Tân Quy,,106.7042121,10.7410152,Phường Tân Quy,,,,,Primary
OSM,Trường Tiểu học Lương Thế Vinh,,106.710659,10.7462206,Phường Tân Kiểng,Thành phố Hồ Chí Minh,Quận 7,,,Primary
OSM,Trường Tiểu học Nguyễn Thị Định,,106.7162446,10.7429923,Phường Bình Thuận,Thành phố Hồ Chí Minh,,,,Primary
OSM,Trường Tiểu học Kết Đoàn,Ket Doan Primary School,106.6885068,10.7684715,,,,,,Primary
OSM,Trường Tiểu học Bạch Đằng,Bach Dang Primary School,106.7033996,10.7653886,,,,,,Primary
OSM,Trường Tiểu học Tăng Bạt Hổ B,,106.7099666,10.754553,,,,,,Primary
OSM,Trường Tiểu học Nguyễn Du,Nguyen Du Primary School,106.6545046,10.9810059,,,,,,Primary
OSM,Trường Tiểu học Chánh Mỹ,,106.6405015,10.9878287,,,,,,Primary
OSM,Trường Tiểu Học Thủ Khoa Huân,Thu Khoa Huan Primary School,106.3621782,10.3587092,Mỹ Tho,Tiền Giang,,+84 73 3872 621,,Primary
OSM,Trường Tiểu học Trần Quốc Toản,,107.0968809,10.5111801,,,,,,Primary
OSM,Trường Tiểu học Quang Trung,Quang Trung Primary School,107.061167,10.5860926,,,,,,Primary
OSM,Trường Tiểu học Nguyễn Thị Định,Nguyen Thi Dinh Primary School,107.061106,10.5644878,,,,,,Primary
OSM,Trường Tiểu học Nguyễn Trãi,,106.3639717,10.3619663,,,,,,Primary
OSM,Trường Tiểu học Hải Bối,,105.798043,21.1101547,,,,,,Primary
OSM,Trường Tiểu học Đại Mạch,,105.7540669,21.1205201,,,,,,Primary
OSM,Trường Tiểu học Kim Chung,,105.7777806,21.12952,,,,,,Primary
OSM,Trường Tiểu học Mê Linh,,105.730582,21.16416,,,,,,Primary
OSM,Trường Tiểu học Mỹ Xuân,My Xuan Primary School,107.0597786,10.6283561,,,,,,Primary
OSM,Trường Tiểu học Lý Thường Kiệt,,107.0736502,10.5487753,,,,,,Primary
OSM,Trường Tiểu học Nguyễn Thị Minh Khai,,107.0861003,10.5388724,,,,,,Primary
OSM,Trường Tiểu học Quang Trung,,107.0864299,10.3692549,,,,,,Primary
OSM,Trường Tiểu học Thắng Nhất,Thang Nhat Primary School,107.1026868,10.3920284,,,,,,Primary
OSM,Trường Tiểu học Nguyễn Du,Nguyen Du Primary School,107.1171809,10.6407366,,,,,,Primary
OSM,Trường Tiểu học Nguyễn Công Trứ,,107.0868382,10.6404863,,,,,,Primary
OSM,Trường Tiểu học Long Liên,,107.2124343,10.4902038,,,,,,Primary
OSM,Trường Tiểu học Long Liên (cơ sở 2),,107.2187638,10.4889737,,,,,,Primary
OSM,Trường Tiểu học Đặng Văn Dực,,107.2451689,10.4879483,,,,,,Primary
OSM,Trường Tiểu học Trần Quang Diệu,Tran Quang Dieu Primary School,107.1544736,10.7234367,,,,,,Primary
OSM,Trường Tiểu học Trần Văn Quan,Tran Van Quan Primary School,107.1725455,10.5263853,,,,,,Primary
OSM,Trường Tiểu học An Khánh,,106.7434256,10.788439,,,,,,Primary
OSM,Trường Tiểu học Phước Mỹ 1,,108.9710228,11.5864103,Phan Rang - Tháp Chàm,,,,,Primary
OSM,Trường Tiểu học Lộc An,Loc An Primary School,107.33188,10.4590454,,,,,,Primary
OSM,Trường Tiểu học Trương Quyền,,106.6776188,10.7853438,,,,,,Primary
OSM,Trường Tiểu học Tạ Uyên,,106.8208289,10.8833063,,,,,,Primary
OSM,Trường Tiểu học Nguyễn Khuyến,,106.8178669,10.8964641,,,,,,Primary
OSM,Trường Tiểu học Nguyễn Bỉnh Khiêm,,106.7797586,10.8889937,,,,,,Primary
OSM,Trường Tiểu học Bình An,,106.7850747,10.8910522,,,,,,Primary
OSM,Trường Tiểu học Bình An,,106.7923831,10.9004756,,,,,,Primary
OSM,Trường Tiểu học Nguyễn Khuyến,,106.8319523,10.8974834,,,,,,Primary
OSM,Trường Tiểu học Đông Hòa,,106.7830046,10.899563,,,,,,Primary
OSM,Trường Tiểu học Tân Phú,,106.8081997,10.8659356,,,,,,Primary
OSM,Trường Tiểu học Nguyễn Minh Quang,,106.8146828,10.8625155,,,,,,Primary
OSM,Trường Tiểu học Nghĩa Đô,,105.7959561,21.0471409,Hà Nội,Hà Nội,Quận Cầu Giấy,,,Primary
OSM,Trường Tiểu học Trương Văn Hải,,106.7477067,10.8660029,,,,,,Primary
OSM,Trường Tiểu học An Bình B,,106.7546342,10.8741718,,,,,,Primary
OSM,Trường Tiểu học An Bình,,106.7573053,10.8764094,,,,,,Primary
OSM,Trường Tiểu học Nguyễn Văn Triết,,106.763895,10.8582781,,,,,,Primary
OSM,Trường Tiểu học Nguyễn Khắc Hiếu,,106.8114803,10.9476271,,,,,,Primary
OSM,Trường Tiểu học Nguyễn Du,,106.818552,10.9452013,,,,,,Primary
OSM,Trường Tiểu học Tân Phong 1,,106.8375332,10.9679098,Thành phố Biên Hòa,Tỉnh Đồng Nai,,,,Primary
OSM,Trường Tiểu học - Trung học cơ sở - Trung học phổ thông Bùi Thị Xuân,,106.845642,10.964066,,,,0251 3819 164,,Primary
OSM,Trường Tiểu học An Hảo,,106.8474163,10.9075608,,,,,,Primary
OSM,Trường Tiểu học Lý Công Uẩn,,108.2105453,16.0445673,,,,,,Primary
OSM,Trường Tiểu học Thiên Hộ Dương (cơ sở 2),,106.3563032,10.3673424,,,,,,Primary
OSM,Trường Tiểu học Trần Đại Nghĩa,,108.2139372,16.0029439,,,,,,Primary
OSM,Trường tiểu học Vĩnh Lộc B,,106.5651182,10.7683648,Hồ Chí Minh,,Bình Chánh,,,Primary
OSM,Trường tiểu học Võ Văn Vân,,106.560351,10.7672692,,,,,,Primary
OSM,Trường Tiểu học Đinh Tiên Hoàng,,106.7736556,10.844326,,,,,,Primary
OSM,Trường Tiểu học Nguyễn Trung Trực,,106.7551478,10.8518855,Hồ Chí Minh,,TP.Thủ Đức,,,Primary
OSM,Trường Tiểu học Yên Thế,,106.6428748,10.8013045,Thành phố Hồ Chí Minh,,Tân Bình,,,Primary
OSM,Trường Tiểu học Nguyễn Bá Ngọc,,106.0062726,11.5351771,,,,,,Primary
OSM,Trường Tiểu học Thị trấn Tân Biên,,106.0133419,11.545892,,,,,,Primary
OSM,Trường Tiểu học Suối Nghệ,Suoi Nghe Primary School,107.2164327,10.5921953,,,,,,Primary
OSM,Trường Tiểu học Láng Dài,,107.3406447,10.5060142,,,,,,Primary
OSM,Trường Tiểu học Phước Hải 1,Phuoc Hai 1 Primary School,107.2944863,10.4287047,,,,,,Primary
OSM,Trường Tiểu học Đinh Tiên Hoàng,Dinh Tien Hoang Primary School,106.6979822,10.7893829,,,,+84 028 38294295,,Primary
OSM,Trường Tiểu học số 1 Diêu Trì,,109.1451322,13.7999764,,,,,,Primary
OSM,Trường Tiểu học số 1 Diêu Trì (cs2),,109.1494478,13.8038814,,,,,,Primary
OSM,Trường Tiểu học số 2 thị trấn Diêu Trì,,109.1504886,13.8104601,,,,,,Primary
OSM,Trường Tiểu Học Phước Bình,,106.7721699,10.8154751,,,,,,Primary
OSM,Trường Tiểu học An Phong,,106.6212767,10.7031747,,,,,,Primary
OSM,Trường Tiểu học Hùng Vương,,107.1008226,16.8159672,,,,,,Primary
OSM,Trường Tiểu học Đông Lễ,,107.1159948,16.8123192,,,,,,Primary
OSM,Trường Tiểu học Trảng Bom,,107.0119682,10.954332,,,,,,Primary
OSM,Trường Tiểu học Phước Hội 1,,107.7702947,10.660597,,,,,,Primary
OSM,Trường Tiểu học Phước Lộc 2,,107.765672,10.6517043,,,,,,Primary
OSM,Trường Tiểu học Phan Chu Trinh,,106.7051829,10.900878,,,,,,Primary
OSM,Trường Tiểu học Trần Quốc Toản,,106.7004281,10.9049778,,Bình Dương,Thuận An,,,Primary
OSM,Trường Tiểu học Lái Thiêu,,106.7083982,10.9185843,,,,,,Primary
OSM,Trường Tiểu học Trần Quốc Tuấn,,107.2505378,10.7212064,,,,,,Primary
OSM,Trường Tiểu học Kim Long,Kim Long Primary School,107.2433874,10.7030282,,,,,,Primary
OSM,Trường Tiểu học Chợ Lầu 2,,108.5045551,11.2232346,,,,,,Primary
OSM,Trường Tiểu học Phan Rí Cửa 3,,108.5665038,11.1703286,,,,,,Primary
OSM,Trường Tiểu học Phan Rí Cửa 4,,108.5678443,11.1709247,,,,,,Primary
OSM,Trường Tiểu học Hanh Thông,,106.6881633,10.8210844,,Hồ Chí Minh,Gò Vấp,,,Primary
OSM,Trường tiểu học Nguyễn Thượng Hiền,,106.6856712,10.8146604,,,,,,Primary
OSM,Trường Tiểu học Phú Định,,106.6328817,10.7358889,,,,,,Primary
OSM,Trường Tiểu học Hà Huy Giáp,,106.6802223,10.8780424,,,,,,Primary
OSM,Trường Tiểu học Kim Đồng,,106.6580969,10.8651129,Phường Thới An,Thành phố Hồ Chí Minh,Quận 12,,,Primary
OSM,Trường Tiểu học Nguyễn Trãi,,106.648215,10.874164,,,,,,Primary
OSM,Tiểu học Hiệp Bình Phước,,106.7213543,10.8525485,,,,,,Primary
OSM,Trường Tiểu học Long Thạnh Mỹ,,106.8268303,10.8432346,,,,,,Primary
OSM,Trường Tiểu học Gò Dầu,,106.2664633,11.0813986,,,,,,Primary
OSM,Trường Tiểu học Cổ Nhuế 2A,Co Nhue 2A Primary School,105.7805431,21.0582101,,,,,,Primary
OSM,Trường Tiểu học Mỹ Quý,,106.2077513,10.9357626,,,,,,Primary
OSM,Trường Tiểu học Cổ Nhuế 2B,Co Nhue 2B Primary School,105.7778547,21.0612596,Hà Nội,,Từ Liêm,,,Primary
OSM,Trường Tiểu học Nguyễn Văn Thể,,106.3088295,10.8907992,,,,,,Primary
OSM,Trường Tiểu học Thị trấn Thạnh Hóa,,106.1790705,10.6580652,Thị trấn Thạnh Hóa,Long An,Thạnh Hóa,,,Primary
OSM,Trường Tiểu Học Phan Chu Trinh,,106.626666,10.7779862,Hồ Chí Minh,,Tân Phú,,,Primary
OSM,Trường Tiểu học Cổ Loa,,106.6806414,10.8052925,,Hồ Chí Minh,Phú Nhuận,,,Primary
OSM,Trường Tiểu học số 1 phường Bình Định,,109.1073308,13.8872361,,,,,,Primary
OSM,Trường Tiểu học Phù Đổng,Phu Dong Primary School,108.2223155,16.0697734,Đà Nẵng,,Hải Châu,+84 236 3810229,,Primary
OSM,Trường tiểu học Nguyễn Đình Chính,,106.6791226,10.7929143,,,,,,Primary
OSM,Trường Tiểu học Đống Đa,,106.7162459,10.8087297,,,,,,Primary
OSM,Trường Tiểu học Phú Thọ,,106.6525662,10.7605117,Ho Chi Minh City,,11,,,Primary
OSM,Trường Tiểu học Nhị Xuân,,106.538966,10.8717427,,,,,,Primary
OSM,Trường Tiểu học xã Xuyên Mộc,Xuyen Moc Commune Primary School,107.4227937,10.5626367,,,,,,Primary
OSM,Trường Tiểu học Nam Hà,,105.9019169,18.3362693,,,,,,Primary
OSM,Trường Tiểu học Đại Nài,,105.9163214,18.3230523,,,,,,Primary
OSM,Trường Tiểu học Liên Minh,,105.6050501,21.3162158,,,,,,Primary
OSM,Trường Tiểu học Đống Đa,,105.6023391,21.307826,,,,,,Primary
OSM,Trường Tiểu học Thị trấn Cần Đước,,106.6028907,10.5006393,,,,,,Primary
OSM,Trường Tiểu học Đinh Văn Tả,,106.3309304,20.9491763,,,,,,Primary
OSM,Trường Tiểu học thị trấn Đầm Hà,,107.5948089,21.354765,,,,,,Primary
OSM,Trường Tiểu học Thái Bình,,107.3438333,21.00691,,,,,,Primary
OSM,Trường tiểu học Đống Đa,,106.6560093,10.7814492,Ho Chi Minh City,,Tân Bình,,,Primary
OSM,Trường Tiểu học Vĩnh Trinh 3,,105.440759,10.2761318,,,,,,Primary
OSM,Trường Tiểu học Hà Huy Tập,,108.1993932,16.0704039,,,,,,Primary
OSM,Trường Tiểu học Trần Cao Vân,,108.2124829,16.0696408,Đà nẵng,,Thanh Khê,"+84 236 3821 684, 84 236 3821 684",,Primary
OSM,Trường Tiểu học Ông Ích Khiêm,,108.2127319,16.0752987,Đà Nẵng,,Hải Châu,,,Primary
OSM,Trường Tiểu học Trung Nhất,,106.6805971,10.7963467,,,,,,Primary
OSM,Trường Tiểu học Trần Quốc Toản,,106.6438985,10.7927467,Ho Chi Minh City,,Tan Binh,,,Primary
OSM,Trường Tiểu học Lê Văn Sỹ,,106.6670127,10.7986466,Ho Chi Minh City,Hồ Chí Minh,Tân Bình,,,Primary
OSM,Trươờng Tiểu học Lê Thị Hồng Gấm,,106.6442546,10.7851695,Phường 10,Hồ Chí Minh,Tân Bình,,,Primary
OSM,Trường Tiểu học Duy Tân,,106.6299694,10.7743932,,,,,,Primary
OSM,Trường Tiểu học Vũ Lăng,,105.8517848,20.9264415,,,,,,Primary
OSM,Trường Tiểu học Nông nghiệp,,105.9385661,21.0044771,,,,,,Primary
OSM,Trường Tiểu học Anh Dũng,,106.6987482,20.8020213,,,,,,Primary
OSM,Trường Tiểu học Lý Tự Trọng,Ly Tu Trong Primary School,107.9683179,21.5268164,,,,,,Primary
OSM,Trường Tiểu học Đào Phúc Lộc,Dao Phuc Loc Primary School,107.9723695,21.5288835,,,,,,Primary
OSM,Trường Tiểu Học & Trung học phổ thông Thái Bình Dương,,106.6732822,10.815582,,,,,,Primary
OSM,Trường Tiểu học Hồ Tùng Mậu,,105.7651415,21.0475464,,Hà Nội,Bắc Từ Liêm,,,Primary
OSM,Trường Tiểu học Đông Ngàn,,105.965959,21.1206192,Bắc Ninh,Bac Ninh,Thành phố Từ Sơn,,,Primary
OSM,Trường Tiểu học Phước Long A,,106.7643847,10.8228219,,,,,,Primary
OSM,Trường Tiểu học Ngô Gia Tự,,108.2371995,16.0594783,,,,,,Primary
OSM,Trường Tiểu học Nguyễn Thị Hoa,Nguyen Thi Hoa Primary School,107.2664948,10.5010039,,,,,,Primary
OSM,Trường Tiểu học Long Phú,,107.0179472,10.6872113,,,,,,Primary
OSM,Trường Tiểu học Phước Thái 2,,107.0217302,10.6897587,,,,,,Primary
OSM,Trường Tiểu học Phước Thái,,107.033017,10.6762069,,,,,,Primary
OSM,Trường Tiểu học Thái Thiện,,107.027957,10.6800062,,,,,,Primary
OSM,Trường Tiểu học Tân Hiệp,,107.0444169,10.6912885,,,,,,Primary
OSM,Trường Tiểu học Hoàng Văn Thụ,,103.9658998,22.4942899,,,,,,Primary
OSM,Trường Tiểu học Duyên Hải,,103.9623329,22.5020738,,,,,,Primary
OSM,Trường Tiểu học Kim Đồng,,103.9679933,22.4980529,,,,,,Primary
OSM,Trường Tiểu học Lê Hồng Phong,Le Hong Phong Primary School,107.1912076,10.4052305,,,,,,Primary
OSM,Trường Tiểu học Trần Quốc Toản,Tran Quoc Toan Primary School,107.1972318,10.4093763,,,,,,Primary
OSM,Trường Tiểu học Võ Văn Kiệt,Vo Van Kiet Primary School,107.1950894,10.4081318,,,,,,Primary
OSM,Trường Tiểu học Lê Đình Chinh,,106.6569382,10.7487322,Phường 13,Thành phố Hồ Chí Minh,Quận 5,,,Primary
OSM,Trường Tiểu học Bông Sao,,106.6578966,10.7391013,,,,,,Primary
OSM,Trường Tiểu học Hoàng Minh Đạo,,106.662517,10.7372277,Phường 5,Hồ Chí Minh,Quận 8,,,Primary
OSM,Trường Tiểu học Thái Hưng,,106.6724617,10.7377151,,Hồ Chí Minh,Quận 8,,,Primary
OSM,Trường Tiểu học Bình Tiên,,106.6420968,10.7476044,,Hồ Chí Minh,Quận 6,,,Primary
OSM,Trường Tiểu học Chi Lăng,,106.6453542,10.7509259,Phường 6,Hồ Chí Minh,Quận 6,,,Primary
OSM,Trường Tiểu học Châu Văn Liêm,,106.6460131,10.7482497,Thành phố Hồ Chí Minh,,,,,Primary
OSM,Trường Tiểu học Hùng Vương,,106.6363525,10.7392943,,,,,,Primary
OSM,Trường Tiểu học Hưng Phú A,,106.6715236,10.745995,Ho Chi Minh City,,8,,,Primary
OSM,Trường Tiểu học Hưng Việt,,106.6374025,10.7580314,Ho Chi Minh City,,11,,,Primary
OSM,Trường Tiểu học Lê Văn Tám,,106.6418824,10.7511281,Ho Chi Minh City,,6,,,Primary
OSM,Trường Tiểu học Lê Đình Chinh,,106.6501401,10.755759,,,,,,Primary
OSM,Trường Tiểu học Nguyễn Bá Ngọc,,106.6433698,10.759729,,Thành phố Hồ Chí Minh,Quận 11,,,Primary
OSM,Trường Tiểu học Phú Lâm,,106.634301,10.7551561,Ho Chi Minh City,,6,,,Primary
OSM,Trường Tiểu học Phạm Văn Chí,,106.6390971,10.740969,,,,,,Primary
OSM,Trường Tiểu Học Nguyễn Bá Ngọc,,106.6434937,10.7592288,,,,,,Primary
OSM,Trường Tiểu học Trần Nguyên Hãn,,106.6584168,10.7465681,Phường Xóm Củi,Thành phố Hồ Chí Minh,Quận 8,,,Primary
OSM,Trường Tiểu học Tuy Lý Vương,,106.6592883,10.7449867,,,,,,Primary
OSM,Trường Tiểu học Võ Văn Tần,,106.6491858,10.7517897,,,,,,Primary
OSM,Trường Tiểu học Đinh Công Tráng,,106.6631919,10.7442077,,,,,,Primary
OSM,Trường Tiểu học Lý Thái Tổ,,106.6620141,10.7485442,,,,,,Primary
OSM,Trường Tiểu học Liên Mạc,,105.7482542,21.085185,,,,,,Primary
OSM,Trường Tiểu học Huỳnh Văn Chính,,106.6388838,10.7803167,Phường Hòa Thạnh,Hồ Chí Minh,Tân Phú,,,Primary
OSM,Trường Tiểu học Trần Văn Ơn,,106.6472021,10.7732102,Ho Chi Minh City,,11,,,Primary
OSM,Trường Tiểu học Phong Phú,,106.6548969,10.6905116,,,,,,Primary
OSM,Trường Tiểu học Lê Quý Đôn,Le Quy Don Primary School,106.3599296,10.3606357,Mỹ Tho,Tiền Giang,,+84 73 3978 397,,Primary
OSM,Trường Tiểu học Trần Bình Trọng - Khu B,,106.6812922,10.7575172,Phường 2,Hồ Chí Minh,Quận 5,,,Primary
OSM,Trường Tiểu học Trần Bình Trọng - Khu A,,106.6812712,10.7569407,Phường 2,Hồ Chí Minh,Quận 5,,,Primary
OSM,Trường Tiểu học Trần Danh Lâm,,106.6814492,10.7511074,Phường Hưng Phú,Thành phố Hồ Chí Minh,Quận 8,,,Primary
OSM,Trường tiểu học Rạch Ông,,106.6889355,10.745,Phường Rạch Ông,Thành phố Hồ Chí Minh,Quận 8,,,Primary
OSM,Trường Tiểu Học Âu Dương Lân,,106.6830604,10.7469347,Phường Rạch Ông,Thành phố Hồ Chí Minh,Quận 8,,,Primary
OSM,Trường tiểu học Lê Lợi 1,,107.4239995,11.8963762,,Đắk Nông,Đắk R'Lấp,,,Primary
OSM,Trường tiểu học Lê Lợi 2,,107.4218231,11.9057482,,,,,,Primary
OSM,Trường tiểu học Ngô Gia Tự,,107.4010154,11.9176364,,Đắk Nông,Đắk R'Lấp,,,Primary
OSM,Trường Tiểu học Hiệp Tân,,106.6247933,10.7687805,Ho Chi Minh City,,Tân Phú,,,Primary
OSM,Trường Tiểu học Lạc Long Quân,,106.6508856,10.7618576,Ho Chi Minh City,,11,,,Primary
OSM,Trường Tiểu học Quyết Thắng,,106.6525883,10.7663423,Ho Chi Minh City,,11,,,Primary
OSM,Trường Tiểu học Trưng Trắc,,106.6533376,10.7742875,Ho Chi Minh City,,11,,,Primary
OSM,Trường Tiểu học Lương Thế Vinh,,106.6162566,10.746408,Hồ Chí Minh,,Bình Tân,028 6660 2616,,Primary
OSM,Trường Tiểu học Đại Thành,,106.6498627,10.7702766,Ho Chi Minh City,,11,,,Primary
OSM,Trường Tiểu Học Mỹ Khánh 1,,105.7187147,9.9973012,Cần Thơ,,,02923848548,,Primary
OSM,Trường Tiểu học Hiệp Tân,,106.624802,10.7689551,Ho Chi Minh City,,Tân Phú,,,Primary
OSM,Trường Tiểu học Hiệp Tân,,106.6247962,10.7687692,Ho Chi Minh City,,Tân Phú,,,Primary
OSM,Trường Tiểu học Nguyễn Thị Nhỏ,,106.6534744,10.7697181,Ho Chi Minh City,,11,,,Primary
OSM,Trường Tiểu học Phùng Hưng,,106.642703,10.7645471,Ho Chi Minh City,,11,,,Primary
OSM,Trường Tiểu học Bình Trị Đông,,106.6221402,10.76446,Ho Chi Minh City,,Bình Tân,,,Primary
OSM,Trường Tiểu học Tân Bửu,Tan Buu Primary School,106.5410872,10.684098,,Long An,Bến Lức,,,Primary
OSM,Trường Tiểu học Tân Túc,,106.5757647,10.6890905,,,,,,Primary
OSM,Trường Tiểu học Hàn Hải Nguyên,,106.645782,10.759197,Ho Chi Minh City,,11,,,Primary
OSM,Trường Tiểu học Trần Hưng Đạo,,106.689139,10.7615566,,,,+84 028 39200281,,Primary
OSM,Trường Tiểu học Đề Thám,,106.6595248,10.7586781,,Thành phố Hồ Chí Minh,Quận 11,,,Primary
OSM,Trường Tiểu học và Trung học Cơ sở Trần Quôc Toản,Tran Quoc Toan Primary and Secondary School,106.065656,21.1777441,Bắc Ninh,Bac Ninh,Thành phố Bắc Ninh,,,Primary
OSM,Trường Tiểu học Đông Ngạc A,,105.7784097,21.0873475,,,,,,Primary
OSM,Trường Tiểu học Đông Ngạc B,,105.7843656,21.0891153,Hà Nội,,Bắc Từ Liêm,,,Primary
OSM,Trường Tiểu học Ninh Dương,Ninh Duong Primary School,107.9609804,21.5137328,,,,,,Primary
OSM,Trường Tiểu học Hải Yên,Hai Yen Primary School,107.934038,21.5329346,,,,,,Primary
OSM,Trường Tiểu học Phan Đăng Lưu,,108.2176776,16.0369698,Đà Nẵng,,Hải Châu,,,Primary
OSM,Trường Tiểu học Lưu Hữu Phước,,106.62845,10.7187915,,,,,,Primary
OSM,Trường Tiểu học Nguyễn Công Trứ,Nguyen Cong Tru Primary School,106.6247274,10.7181393,Phường 16,Thành phố Hồ Chí Minh,Quận 8,,,Primary
OSM,Trường Tiểu học An Phong,,106.6204305,10.7088953,,,,,,Primary
OSM,Trường Tiểu học Nguyễn Trung Ngạn,,106.6278746,10.7106769,,Hồ Chí Minh,Quận 8,,,Primary
OSM,Trường Tiểu học An Phú Tây,,106.6026196,10.6855338,,,,,,Primary
OSM,Trường Tiểu học An Phú Tây,,106.6142041,10.6828905,,,,,,Primary
OSM,Trường Tiểu học Võ Thị Sáu,,107.33242,21.0142513,,,,,,Primary
OSM,Trường tiểu học Vĩnh Hòa,,106.6215921,10.0287341,Vĩnh Hòa,,,,,Primary
OSM,Trường Tiểu học Bình Tân,,106.5978561,10.7518581,,,,,,Primary
OSM,Trường Tiểu học Nguyễn Viết Xuân,,106.6933743,10.8262691,,Hồ Chí Minh,Gò Vấp,,,Primary
OSM,Trường Tiểu học Trần Văn Ơn,,106.6814888,10.8167766,,Hồ Chí Minh,Gò Vấp,,,Primary
OSM,Trường Tiểu học Vĩnh Lộc 2,,106.5672015,10.8310105,,,,,,Primary
OSM,Trường Tiểu học Vĩnh Lộc A,,106.5774484,10.8148734,,,,,,Primary
OSM,Trường Tiểu Học Trần Quốc Toản,,106.5730158,10.8062978,,,,,,Primary
OSM,Trường Tiểu học Trí Tuệ Việt,,106.590547,10.8040126,,,,,,Primary
OSM,Trường Tiểu học Ngô Quyền,,106.592174,10.8035999,,,,,,Primary
OSM,Trường Tiểu học Lê Trọng Tấn,,106.6043921,10.8067767,,Thành phố Hồ Chí Minh,Bình Tân,,,Primary
OSM,Trường Tiểu học Nhị Xuân,,106.5708529,10.8722202,,,,,,Primary
OSM,Trường Tiểu học Ngã ba Giồng,,106.5700557,10.8626709,,,,,,Primary
OSM,Trường Tiểu học Xuân Thới Thượng,,106.5789968,10.8579492,,,,,,Primary
OSM,Trường Tiểu học Hiệp Thành 2,,106.6570036,10.9918495,,,,,,Primary
OSM,Trường Tiểu học Bán trú Lê Hồng Phong,,106.657464,10.9907901,,,,,,Primary
OSM,Trường Tiểu học Phú Hòa 2,,106.6866218,10.9851375,,,,,,Primary
OSM,Trường Tiểu học Phú Hòa,,106.6763778,10.9797253,,,,,,Primary
OSM,Trường Tiểu học Bành Văn Trân,,106.6573607,10.7880139,,,,,,Primary
OSM,Trường Tiểu học Bắc Hải,Bac Hai Primary School,106.6623973,10.7838552,,,,,,Primary
OSM,Trường Tiểu học Võ Trường Toản,Vo Truong Toan Primary School,106.65934,10.7762595,,,,,,Primary
OSM,Trường Tiểu Học Bình Giã,,106.6648052,10.789127,,Hồ Chí Minh,Tân Bình,,,Primary
OSM,Trường Tiểu học Bình Hòa,,106.7266377,10.9095834,,,,,,Primary
OSM,Trường Tiểu học Nguyễn Văn Bá,,106.7755812,10.8211443,,,,,,Primary
OSM,Trường Tiểu học Lê Quý Đôn,,106.7652456,10.9060386,,,,,,Primary
OSM,Trường Tiểu học Lý Thường Kiệt,,106.7587055,10.9084331,,,,,,Primary
OSM,Trường Tiểu học Trung học Phan Chu Trinh,,106.7646928,10.9129454,,,,,,Primary
OSM,Trường Tiểu học Dĩ An A,,106.7693532,10.9114055,,,,,,Primary
OSM,Trường Tiểu học Tân Bình,,106.7668671,10.9378901,,,,,,Primary
OSM,Trường Tiểu học Văn Yên,,105.7847822,20.9721051,,,,,,Primary
OSM,Trường Tiểu học Lý Tự Trọng,,106.6820552,10.9487484,,,,,,Primary
OSM,Trường Tiểu học Lương Thế Vinh,,106.6912539,10.9492164,,,,,,Primary
OSM,Trường Tiểu học An Phú,,106.7390831,10.9559045,,,,,,Primary
OSM,Trường Tiểu học Đức Trí,,106.7200193,10.9497445,,,,,,Primary
OSM,Trường Tiểu học Bình Quới,,106.7104834,10.9814999,,,,,,Primary
OSM,Trường Tiểu học Bán trú Bình Chuẩn,,106.7206362,10.9831174,,,,,,Primary
OSM,Trường Tiểu học Bình Chuẩn,,106.7203887,10.9839916,,,,,,Primary
OSM,Trường Tiểu học Thuận Giao,,106.709047,10.9634614,,,,,,Primary
OSM,Trường Tiểu học Từ Đức - Cơ sở 2,,106.7637825,10.8470441,,,,,,Primary
OSM,Trường Tiểu học Lương Thế Vinh,Luong The Vinh Primary School,106.7632149,10.8456245,,,,,,Primary
OSM,Trường Tiểu học Gia Thụy,,105.8859681,21.0490465,,,,,,Primary
OSM,Trường Tiểu học Phạm Ngọc Thạch,,106.6669968,10.7906432,,,,,,Primary
OSM,Trường Tiểu học Lý Thường Kiệt,,106.7539471,21.038807,,,,,,Primary
OSM,Trường Tiểu học Trần Hưng Đạo,,106.7599776,21.0421836,,,,,,Primary
OSM,Trường Tiểu học Lê Lợi,,106.7682768,21.0389139,,,,,,Primary
OSM,Trường Tiểu học Phạm Văn Hai,,106.660804,10.7905424,,,,,,Primary
OSM,Trường Tiểu học Âu Cơ,,106.6309887,10.761639,Ho Chi Minh City,,Tân Phú,,,Primary
OSM,Trường Tiểu học Hùng Vương,,106.6527184,10.753849,Ho Chi Minh City,,5,,,Primary
OSM,Trường Tiểu học Hoàng Diệu,,106.7732546,10.8559437,,,,,,Primary
OSM,Trường Tiểu học Đỗ Tấn Phong,,106.7763745,10.8574724,,,,,,Primary
OSM,Trường Tiểu học Nguyễn Văn Tây,,106.7222891,10.8757182,,,,,,Primary
OSM,Trường Tiểu học Bình Chiểu,,106.7299321,10.8809257,,,,,,Primary
OSM,Trường Tiểu học Trần Văn Vân,,106.7437532,10.8755003,,,,,,Primary
OSM,Trường Tiểu học Vĩnh Quỳnh,,105.8339737,20.9337392,,,,,,Primary
OSM,Trường Tiểu học Nguyễn Văn Luông,,106.63721,10.7473849,Ho Chi Minh City,,6,,,Primary
OSM,Trường Tiểu học Đặng Thị Rành,,106.7210794,10.8621037,Phường Hiệp Bình Phước,Thành phố Hồ Chí Minh,Thành phố Thủ Đức,,,Primary
OSM,Trường Tiểu học An Khánh,,106.7373457,10.7844878,,,,,,Primary
OSM,Trường Tiểu Học Chí Linh,,106.6683124,10.7904846,,,,,,Primary
OSM,Trường Tiểu học Lê Văn Việt,,106.787489,10.8467543,,,,,,Primary
OSM,Trường Tiểu học Võ Thị Sáu,,106.6210751,10.7843031,Hồ Chí Minh,,Tân Phú,,,Primary
OSM,Trường Tiểu học An Lạc 3,,106.6130455,10.7388262,Hồ Chí Minh,,Bình Tân,,,Primary
OSM,Trường Tiểu học An Lạc 1,,106.6100131,10.72869,Hồ Chí Minh,,Bình Tân,,,Primary
OSM,Trường Tiểu học An Lạc 2,,106.6207957,10.7537836,Ho Chi Minh City,,Bình Tân,,,Primary
OSM,Trường Tiểu học Tân Hóa,,106.6346638,10.763193,,,,,,Primary
OSM,Trường Tiểu học Bình Trị 1,,106.6106015,10.7689879,Hồ Chí Minh,,Bình Tân,,,Primary
OSM,Trường Tiểu học Lê Văn Tám,,106.6303919,10.79225,Hồ Chí Minh,,Tân Phú,,,Primary
OSM,Trường Tiểu Học Bình Trị 2,,106.616933,10.7493191,Hồ Chí Minh,,Binh Tân,,,Primary
OSM,Trường Tiểu học Nguyễn Thi,,106.6438916,10.7554642,Ho Chi Minh City,,11,,,Primary
OSM,Trường Tiểu học Võ Thị Sáu,,106.4171656,10.5399139,Tân An,Long An,,,,Primary
OSM,Trường Tiểu học Tân An,,106.4024449,10.5404042,Thành phố Tân An,Tỉnh Long An,,,,Primary
OSM,Trường Tiểu học Lý Tự Trọng,,106.3967097,10.526033,Thành phố Tân An,Tỉnh Long An,,,,Primary
OSM,Trường Tiểu học Cần Thạnh,Can Thanh Primary School,106.9724818,10.4146018,,,,,,Primary
OSM,Trường Tiểu học Phạm Văn Hai,,106.5510371,10.7714363,,,,,,Primary
OSM,Trường Tiểu học Tân Nhựt,,106.5512889,10.7156992,,,,,,Primary
OSM,Trường Tiểu học An Hạ,,106.5196054,10.8160628,,,,,,Primary
OSM,Trường Tiểu học Võ Thị Sáu,,106.6335095,10.874089,,,,,,Primary
OSM,Trường Tiểu học Nguyễn Thái Bình,,106.6348047,10.8769312,,,,,,Primary
OSM,Trường Tiểu học Trần Văn Kiểu,Tran Van Kieu Primary School,106.6609735,10.7619302,Ho Chi Minh City,,10,,,Primary
OSM,Trường Tiểu học Lê Văn Thọ,,106.6432777,10.8682938,Phường Hiệp Thành,Thành phố Hồ Chí Minh,Quận 12,,,Primary
OSM,Trường Tiểu học Hồ Thị Kỷ,Ho Thi Ky Primary School,106.6762998,10.7662787,,,,,,Primary
OSM,Trường Tiểu học Trần Nhân Tôn,Tran Nhan Ton Primary School,106.6734181,10.7626298,,,,,,Primary
OSM,Trường Tiểu học Trương Định,Truong Dinh Primary School,106.6726289,10.7642016,,,,,,Primary
OSM,Trường Tiểu học Thiên Hộ Dương,Thien Ho Duong Primary School,106.6646869,10.7767452,Ho Chi Minh City,,10,,,Primary
OSM,Trường Tiểu học Tịnh Bình,,108.7211189,15.2028932,,,,,,Primary
OSM,Trường Tiểu học Phường 1,,106.675395,10.3629991,Gò Công,Tiền Giang,,,,Primary
OSM,Trường tiểu học Chợ Gạo,,106.4692168,10.3501292,,,,,,Primary
OSM,Trường Tiểu học Thị trấn Vĩnh Hưng,,105.78737,10.892563,,,,,,Primary
OSM,Trường tiểu học Thị trấn Na Sầm,Na Sam Town Primary School,106.6150162,22.0561961,,,,,,Primary
OSM,Trường Tiểu học thị trấn Phong Thổ,Phong Tho Town Primary School,103.2912898,22.5418329,,,,,,Primary
OSM,Trường Tiểu học Tân Phú Trung,,106.5348402,10.9460439,,,,,,Primary
OSM,Trường Tiểu học Quảng Biên,,106.9902183,10.9471317,,,,,,Primary
OSM,Trường Tiểu học Phú Hòa,Phu Hoa Primary School,107.5846953,16.4685394,,,,,,Primary
OSM,Trường Tiểu học Trần Quốc Toản,Tran Quoc Toan Primary School,107.5848036,16.4711334,,,,,,Primary
OSM,Trường Tiểu học Thới Tam,,106.6015821,10.889972,,,,,,Primary
OSM,Trường Tiểu học Hồ Xuân Phương,,108.2858741,15.9015719,,,,,,Primary
OSM,Trường Tiểu học Hồ Văn Bển,,108.3066505,15.9367709,,,,,,Primary
OSM,Trường Tiểu học Văn Thanh Tùng,,108.3029222,15.9228973,,,,,,Primary
OSM,Trường Tiểu học Lê Văn Hiến,,108.2493921,15.982429,,,,,,Primary
OSM,Trường Tiểu học Phạm Hồng Thái,,108.2389781,15.9837588,,,,,,Primary
OSM,Trường Tiểu học Lâm Văn Bền,,106.7417532,10.6919643,Thị trấn Nhà Bè,Thành phố Hồ Chí Minh,Huyện Nhà Bè,,,Primary
OSM,Trường Tiểu học Trần Quốc Toản,,108.4922192,15.564419,,,,,,Primary
OSM,Trường Tiểu học Lê Thị Hồng Gấm,,108.5081823,15.5577047,,,,,,Primary
OSM,Trường Tiểu học An Lộc A,,106.6036543,11.6525701,,,,,,Primary
OSM,Trường Tiểu học An Phú,,106.5819988,11.6562788,,,,,,Primary
OSM,Trường Tiểu Học Trần Hoàng Na,,105.7807546,10.007031,,,,,,Primary
OSM,Trường Tiểu học Hưng Lợi 2,,105.763819,10.0189271,,,,02923838220,,Primary
OSM,Trường tiểu học cái khế 2,,105.7752924,10.050885,CẦN THƠ,,Ninh Kieu,02923825356,,Primary
OSM,Trường Tiểu học Khánh Hải 3,,104.8207652,9.1286066,,,,,,Primary
OSM,Trường Tiểu học Nguyễn Huệ,,105.6602517,10.1090362,,Cần Thơ,Ô Môn,02923862061,,Primary
OSM,Truường Tiểu Học Thị trấn Cờ Đỏ 2,,105.4297237,10.0909302,Can Tho,Can Tho,Cờ Đỏ,,,Primary
OSM,Truường Tiểu Học Thị trấn Cờ Đỏ 1,,105.4286914,10.0966312,Can Tho,Can Tho,Cờ Đỏ,02923 865308,,Primary
OSM,Truường tiểu học Trung Hưng 3,,105.5023551,10.1715474,,,,,,Primary
OSM,Trường Tiểu học Trung Hưng 2,,105.4803479,10.1841526,,,,,,Primary
OSM,Trường Tiểu Học Thuận Hưng 2,,105.5802422,10.1965368,,Can Tho,,,,Primary
OSM,Trường Tiểu Học Tân Hưng,,105.553236,10.1848643,,Can Tho,,,,Primary
OSM,Trường Tiểu Học Trung An 1,,105.5100037,10.2085883,,,,,,Primary
OSM,Trường Tiểu Học Tân Lộc 3,,105.6027861,10.2137088,,Can Tho,,,,Primary
OSM,Trường Tiểu học Đông Thắng,,105.4734586,10.0858681,,,,,,Primary
OSM,Trường Tiểu học Nguyễn Việt Hồng,,105.6770099,10.1080746,,Cần Thơ,Ô Môn,,,Primary
OSM,Trường Tiểu học Võ Thị Sáu,,105.6872516,10.101634,,Cần Thơ,Ô Môn,02923861490,,Primary
OSM,Trường Tiểu Học Tân Lộc 2,,105.5606865,10.2658651,,Can Tho,,,,Primary
OSM,Trường Tiểu học Cao Bá Quát,,105.6375458,10.1349304,,Cần Thơ,Ô Môn,02923862256,,Primary
OSM,Trường Tiểu Học Tân Lộc 4,,105.5315551,10.2815957,,Can Tho,,,,Primary
OSM,Trường Tiểu học Nguyễn Hiền,,105.5785231,10.146021,,Cần Thơ,Ô Môn,,,Primary
OSM,Trường tiểu học thị trấn Thới Lai,,105.5604065,10.0658874,Can Tho,Cần Thơ,Thị trấn Thới Lai,,,Primary
OSM,Trường tiểu học Đông Thuận,,105.4951778,10.0289889,Can Tho,Cần Thơ,Thị trấn Thới Lai,,,Primary
OSM,Trường tiểu học Thới Tân,,105.5358562,10.0544441,Can Tho,Cần Thơ,Thị trấn Thới Lai,,,Primary
OSM,Trường tiểu học Tân Thạnh,,105.5820465,10.0833354,,,,,,Primary
OSM,Trường tiểu học Định Môn 1,,105.605894,10.0633454,,,,0292 861 639,,Primary
OSM,Trường tiểu học Trường Thành,,105.6141032,10.0221224,,,,,,Primary
OSM,Trường Tiểu học Trường Thành 1,,105.5904619,10.0286152,,,,,,Primary
OSM,Trường tiểu học Thới Thạnh,,105.5259682,10.0099762,,,,,,Primary
OSM,Trường Tiểu Học Thị Trấn Chí Thạnh (Điểm trường Ngân Sơn),,109.2118102,13.3244396,,Phú Yên,Tuy An,,,Primary
OSM,Trường Tiểu học Nguyễn Trung Trực,,105.645004,10.0788741,Cần Thơ,Can Tho,Ô Môn,,,Primary
OSM,Trường Tiểu học Nguyễn Du,,105.6241894,10.1227521,Cần Thơ,Can Tho,Ô Môn,,,Primary
OSM,Trường Tiểu học Trưng Vương,,105.6195522,10.1104374,Cần Thơ,Can Tho,Ô Môn,,,Primary
OSM,Trường Tiểu học Nguyễn Tri Phương,,105.665424,10.0614588,Cần Thơ,Can Tho,Ô Môn,,,Primary
OSM,Trường Tiểu học Lê Bình 1,,105.753346,10.0061088,Cần Thơ,,Cái Răng,,,Primary
OSM,Trường Tiểu học GIAI XUÂN 1,,105.6887736,10.0284246,Cần Thơ,,Phong Điền,,,Primary
OSM,Trường Tiểu học Long Tuyền 2,,105.7252337,10.0326609,Cần Thơ,,Biình Thủy,,,Primary
OSM,Trường Tiểu học Lê Văn Tám,,103.9743747,22.4799302,,,,,,Primary
OSM,Trường Tiểu học Bắc Cường,,103.9794802,22.4721205,,,,,,Primary
OSM,Trường Tiểu Học Chi Lăng,,106.6581227,10.7846384,,,,,,Primary
OSM,Trường Tiểu học Khánh Hải 1,,104.8576676,9.0924007,,Cà Mau,Trần Văn Thời,,,Primary
OSM,Trường Tiểu học Bắc Lệnh,,104.015088,22.4244328,,,,,,Primary
OSM,Trường Tiểu học Trương Định,,106.6239195,10.8227063,Hồ Chí Minh,,12,,,Primary
OSM,Trường Tiểu Học Hoàng Hoa Thám,,106.6373248,10.9040764,Hồ Chí Minh,,Hóc Môn,,,Primary
OSM,Trường tiểu học Trần Văn Danh,,106.6373507,10.9073161,Hồ Chí Minh,,Hóc Môn,,,Primary
OSM,Trường tiểu học Đoàn Thị Điểm,,106.6304328,10.8023164,,,,,,Primary
OSM,Trường Tiểu học Phước Hải 3,Phuoc Hai 3 Primary School,107.2887817,10.4247228,,,,,,Primary
OSM,Trường Tiểu học Số 2 Phước Lộc (Phân hiệu Đại Tín),,109.1372368,13.8422867,,,,,,Primary
OSM,Trường Tiểu học Số 2 Phước Lộc (Phân hiệu Trung Thành),,109.1423189,13.8403575,,,,,,Primary
OSM,Trường Tiểu học Bình Giã,,106.6636638,10.7925815,Thành phố Hồ Chí Minh,,Quận Tân Bình,,,Primary
OSM,Trường Tiểu học Võ Thị Sáu,,108.2179081,16.0869494,,,,,,Primary
OSM,Trường Tiểu học Thới An Đông,,105.6860661,10.0795687,,,,,,Primary
OSM,Trường Tiểu học Số 1 Phước Lộc,,109.1443988,13.850197,,,,,,Primary
OSM,Trường Tiểu học Tân Dân,,105.4023275,21.3263836,,,,,,Primary
OSM,Trường Tiểu học Tân Hòa,Tan Hoa Primary School,107.0864634,10.5145243,,,,,,Primary
OSM,Trường Tiểu học Long Tân,,107.2645299,10.5400154,,,,,,Primary
OSM,Trường Tiểu học Phước Lợi,Phuoc Loi Primary School,107.2881326,10.4673397,,,,,,Primary
OSM,Trường Tiểu học Hòa Long,Hoa Long Primary School,107.2064768,10.5259878,,,,,,Primary
OSM,Trường Tiểu học Nguyễn Minh Khanh,Nguyen Minh Khanh Primary School,107.199662,10.5197616,,,,,,Primary
OSM,Trường Tiểu học Lý Tự Trọng,Ly Tu Trong Primary School,107.2122583,10.4114999,,,,,,Primary
OSM,Trường Tiểu học Nguyễn Thị Minh Khai,Nguyen Thi Minh Khai Primary School,107.1949211,10.412193,,,,,,Primary
OSM,Trường Tiểu học Phước Tân,Phuoc Tan Primary School,107.3918322,10.5490403,,,,,,Primary
OSM,Trường Tiểu học Trần Quốc Toản,Tran Quoc Toan Primary School,107.388405,10.5732037,,,,,,Primary
OSM,Trường Tiểu học Sông Cầu,,107.2115602,10.5674148,,,,,,Primary
OSM,Trường Tiểu học Nghĩa Thành,Nghia Thanh Primary School,107.2077763,10.5787617,,,,,,Primary
OSM,Trường Tiểu học Đinh Tiên Hoàng,,107.2635032,10.5938856,,,,,,Primary
OSM,Trường Tiểu học Nguyễn Văn Trỗi,Nguyen Van Troi Primary School,107.0639187,10.6127597,,,,,,Primary
OSM,Trường Tiểu học Nguyễn Huệ,Nguyen Hue Primary School,107.0486475,10.6395403,,,,,,Primary
OSM,Trường Tiểu học Hồ Văn Cường,,106.6433693,10.7744343,Ho Chi Minh City,,Tân Phú,,,Primary
OSM,Trường tiểu học Nguyễn Văn Trỗi,,106.7772951,10.7901193,,,,,,Primary
OSM,Trường Tiểu học Trịnh Hoài Đức,,106.8278625,10.9554635,Thành phố Biên Hòa,Tỉnh Đồng Nai,,,,Primary
OSM,Trường Tiểu học An Bình,,106.8509116,10.9259064,,,,,,Primary
OSM,Trường Tiểu học Long Điền,,107.2062107,10.4825079,,,,,,Primary
OSM,Trường Tiểu học Phước Bửu,,107.3988045,10.5341014,,,,,,Primary
OSM,Trường Tiểu học Huỳnh Minh Thạnh,,107.405616,10.5242533,,,,,,Primary
OSM,Trường Tiểu học Nguyễn Thị Minh Khai,Nguyen Thi Minh Khai Primary School,107.2427043,10.6540826,,,,,,Primary
OSM,Trường Tiểu học Chu Văn An,,107.2910589,10.644676,,,,,,Primary
OSM,Trường Tiểu học Phú Xuân,Phu Xuan Primary School,107.2498836,10.6627721,,,,,,Primary
OSM,Trường Tiểu học Nguyễn Đình Chiểu 1,,107.1809106,10.6631865,,,,,,Primary
OSM,Trường Tiểu học Quang Trung,,105.8234115,21.0133384,Hà Nội,,Đống Đa,,,Primary
OSM,Trường Tiểu học Láng Thượng,,105.8015901,21.0226037,,,,,,Primary
OSM,Trường Tiểu học Lý Thái Tổ,,105.804223,21.0091731,Hà Nội,Hà Nội,Cầu Giấy,,,Primary
OSM,Trường Tiểu học Hoàng Liệt,Hoang Liet Primary School,105.838622,20.9665587,Hà Nội,Hà Nội,Hoàng Mai,,,Primary
OSM,Trường Mầm Non - Tiểu Học Bạch Dương,,105.8349204,20.9760687,Hà Nội,,Hoàng Mai,,,Primary
OSM,Trường Tiểu học Đại Từ,,105.8321448,20.9729176,Hà Nội,,Hoàng Mai,,,Primary
OSM,Trường Tiểu học Trung Hòa,,105.7990235,21.0146927,Hà Nội,Hà Nội,Cầu Giấy,,,Primary
OSM,Trường Tiểu học Tây Sơn,,105.8468337,21.0128779,Ha Noi,Hà Nội,Hai Bà Trưng,,,Primary
OSM,Trường Tiểu học Nam Trung Yên,,105.7858869,21.0182448,Hà Nội,Hà Nội,Cầu Giấy,+84 24 3281 0113,,Primary
OSM,Trường Tiểu học Thạch Bàn B,,105.914294,21.0226706,,,,,,Primary
OSM,Trường Tiểu học Hòa Bình,Hoa Binh Primary School,107.3782676,10.6162667,,,,,,Primary
OSM,Trường Tiểu học Võ Nguyên Giáp,Vo Nguyen Giap Primary School,107.3812723,10.6297286,,,,,,Primary
OSM,Trường Tiểu học Châu Pha B,Chau Pha B Primary School,107.1484157,10.5984657,,,,,,Primary
OSM,Trường Tiểu học số 1 Đăk Rve,,108.2456255,14.5082413,,,,,,Primary
OSM,Trường Tiểu học Tân Lập,,108.1901823,14.4753747,,,,,,Primary
OSM,Trường Tiểu học Chu Văn An,Chu Van An Primary School,107.227742,10.4032928,,,,,,Primary
OSM,Trường Tiểu học Hoàng Văn Thụ,Hoang Van Thu Primary School,107.2266289,10.4255861,,,,,,Primary
OSM,Trường Tiểu học Phú Thượng,,105.8098337,21.0869784,Hà Nội,,Tây Hồ,,,Primary
OSM,Trường Tiểu học Lê Văn Tám,Le Van Tam Primary School,107.3104204,10.6416927,,,,,,Primary
OSM,Trường Tiểu học Hòa Hiệp,Hoa Hiep Primary School,107.5153144,10.6908608,,,,,,Primary
OSM,Trường Tiểu học Hòa Hội,Hoa Hoi Primary School,107.4361054,10.5990578,,,,,,Primary
OSM,Trường Tiểu học Trần Phú,Tran Phu Primary School,107.3298477,10.5856919,,,,,,Primary
OSM,Trường Tiểu học Lê Quý Đôn,,107.2268454,10.7286208,,,,,,Primary
OSM,Trường tiểu học Láng Sim,Lang Sim Primary School,107.4105795,10.5394669,,,,,,Primary
OSM,Trường Tiểu học Đình Bảng 1,,105.9541738,21.1114728,Bắc Ninh,Bac Ninh,Thành phố Từ Sơn,,,Primary
OSM,Trường Tiểu học Tân Hồng,,105.9659112,21.1167875,Bắc Ninh,Bac Ninh,Thành phố Từ Sơn,,,Primary
OSM,Trường Tiểu học Đình Bảng 2,,105.9425234,21.107141,Bắc Ninh,Bac Ninh,Thành phố Từ Sơn,,,Primary
OSM,Trường Tiểu học Phan Bội Châu,,107.1476611,10.5048836,,,,,,Primary
OSM,Trường Tiểu học Bàu Lâm,Bau Lam Primary School,107.390198,10.6898902,,,,,,Primary
OSM,Trường Tiểu học Hòa Hưng,Hoa Hung Primary School,107.3802906,10.6550224,,,,,,Primary
OSM,Trường Tiểu học Hoàng Hoa Thám,,106.8846822,10.9703476,,,,,,Primary
OSM,Trường Tiểu học Trảng Dài,,106.8646784,10.9921,,,,,,Primary
OSM,Trường Tiểu học Hà Huy Giáp,,106.8679978,10.9829777,,,,,,Primary
OSM,Trường Tiểu học Võ Thị Sáu,,106.8919025,10.969893,,,,,,Primary
OSM,Trường Tiểu học Hòa Bình,,106.9059035,10.9645705,,,,,,Primary
OSM,Trường Tiểu học Chu Văn An,,106.9108342,10.9698308,,,,,,Primary
OSM,Trường Tiểu học Tam Hiệp A,,106.85928,10.9524288,,,,,,Primary
OSM,Trường Tiểu học Nguyễn An Ninh,,106.8436893,10.9590161,,,,,,Primary
OSM,Trường Tiểu học Lê Thị Vân,,106.8530233,10.9369025,,,,,,Primary
OSM,Trường Tiểu học Trần Quốc Tuấn,,106.8562979,10.9375706,,,,,,Primary
OSM,Trường Tiểu học Nguyễn Đình Chiều,,106.879216,10.9633409,,,,,,Primary
OSM,Trường Tiểu học-Trung học cơ sở-Trung học phổ thông Đinh Tiên Hoàng,,106.8717824,10.9592217,,,,,,Primary
OSM,Trường Tiểu học Lý Thường Kiệt,,106.8728088,10.9579611,,,,,,Primary
OSM,Trường Tiểu học Nguyễn Chí Thanh,,106.8842789,10.9204498,,,,,,Primary
OSM,Trường Tiểu học Phan Đình Phùng,,106.8740947,10.9404,,,,,,Primary
OSM,Trường Tiểu học Long Bình Tân,,106.8550307,10.8986658,,,,,,Primary
OSM,"Trường Trung học cơ sở, tiểu học Vĩnh Thịnh",,105.4874705,21.1749462,,,,,,Primary
OSM,Trường Tiểu học Võ Nguyên Giáp,Vo Nguyen Giap Primary School,107.162565,10.4268899,,,,,,Primary
OSM,Trường tiểu học Phú Thủy 2,,108.1106384,10.9351926,,,,,,Primary
OSM,Trường Tiểu học Hai Bà Trưng,,108.2323931,16.0874088,,,,,,Primary
OSM,Trường Tiểu học Phương Mai,,105.8395392,21.0052225,Hà Nội,,Dong Da,,,Primary
OSM,Trường Tiểu học An Dương,,105.8389432,21.0545,,,,,,Primary
OSM,Trường Tiểu học Sơn Cang,,106.6461123,10.80851,,,,,,Primary
OSM,Trướng Tiểu học Tân Kiên,,106.5893233,10.7138132,Hồ Chí Minh,,Bình Chánh,,,Primary
OSM,Trường Tiểu học Phong Phú 2,,106.6463317,10.6914092,Hồ Chí Minh,,Bình Chánh,,,Primary
OSM,Trường Tiểu học Bưng Riềng,,107.4851583,10.5516402,,,,,,Primary
OSM,Trường Tiểu học Bông Trang,Bong Trang Primary School,107.4550221,10.5534194,,,,,,Primary
OSM,Trường Tiểu học Võ Thị Sáu,,107.3506023,10.7664172,,,,,,Primary
OSM,Trường Tiểu học Huỳnh Thúc Kháng,,107.29216,10.715919,,,,,,Primary
OSM,Trường Tiểu học Quảng Thành,,107.2781877,10.6971823,,,,,,Primary
OSM,Trường Tiểu học Bình Châu,Binh Chau Primary School,107.5404587,10.5604308,,,,,,Primary
OSM,Trường Tiểu học Lê Minh Châu,Le Minh Chau Primary School,107.5490887,10.5574597,,,,,,Primary
OSM,Trường Tiểu học Tạ Uyên,,106.8306631,10.8921897,,,,,,Primary
OSM,Trường Tiểu học Long Bình,,106.8361161,10.8517192,,,,,,Primary
OSM,Trường Tiểu học Nam Sơn,,106.6085614,20.8735877,,Hải Phòng,An Dương,,,Primary
OSM,Trường Tiểu học Kim Đồng,,106.810073,10.8986532,,,,,,Primary
OSM,Trường Tiểu học Đoàn Thị Điểm,,106.8046651,10.9038939,,,,,,Primary
OSM,Trường Tiểu học Dĩ An B,,106.7703536,10.9112124,,,,,,Primary
OSM,Truường Tiểu học Tân Đông Hiệp,,106.7688811,10.9189923,,,,,,Primary
OSM,Trường Tiểu học Dĩ An C,,106.7537152,10.9075152,,,,,,Primary
OSM,Trường Tiểu học Hải Xuân,Hai Xuan Primary School,107.9719826,21.5113274,,,,,,Primary
OSM,Trường Tiểu học Nguyễn Trãi,Nguyen Trai Primary School,104.9065839,21.7279259,Yên Bái,Yên Bái,Đồng Tâm,,,Primary
OSM,Trường Tiểu học Tràng Vĩ,Trang Vi Primary School,108.0532341,21.4898981,,,,,,Primary
OSM,Trường Tiểu học Trà Cổ,Tra Co Primary School,108.0177315,21.477688,,,,,,Primary
OSM,Trường Tiểu học Hải Hòa,,107.9993407,21.5265254,,,,,,Primary
OSM,Trường Tiểu học Hải Sơn,Hai Son Primary School,107.7578699,21.6400282,,,,,,Primary
OSM,Trường Tiểu học Hải Xuân 2,Hai Xuan 2 Primary School,107.9789603,21.5062031,,,,,,Primary
OSM,Trường Tiểu học Long Sơn 2,,107.0975391,10.4583715,,,,,,Primary
OSM,Trường Tiểu học Long Sơn 2,Long Son 2 Primary School,107.0922042,10.4664452,,,,,,Primary
OSM,Trường Tiểu học Sao Đỏ,,106.3915613,21.1137912,,,,,,Primary
OSM,Trường Tiểu học Kim Đồng,,106.5164643,21.0865015,,,,,,Primary
OSM,Trường Tiểu học Thuận Thành,Thuan Thanh Primary School,107.5761898,16.4731018,,,,,,Primary
OSM,trường tiểu học B,,104.9989809,10.419859,tri tôn,an giang,,,,Primary
OSM,Trường Tiểu học A Tiêng,,107.495246,15.9095658,,,,,,Primary
OSM,Trường Tiểu học xã Lăng,,107.4753494,15.8539455,,,,,,Primary
OSM,Trường Tiểu học xã Dang,,107.5599423,15.8286497,,,,,,Primary
OSM,Trường Tiểu học P'Rao điểm A Dinh,,107.619207,15.9270971,,,,,,Primary
OSM,Trường Tiểu học A Vương,,107.5664681,15.9437409,,,,,,Primary
OSM,Trường Tiểu học thị trấn P'Rao,,107.6449295,15.9212053,,,,,,Primary
OSM,Trường Tiểu học Thạnh Mỹ,,107.8327606,15.7476973,,,,,,Primary
OSM,Trường Tiểu học Zơ Nông,,107.8313839,15.7614919,,,,,,Primary
OSM,Trường Tiểu học Cẩm Bình,,107.2830585,21.0068055,,,,,,Primary
OSM,Trường Tiểu học Cẩm Thạch,,107.2496718,21.0097632,,,,,,Primary
OSM,Trường Tiểu học Cẩm Thủy,,107.2626909,21.008644,,,,,,Primary
OSM,Trường Tiểu học Lễ Văn,,107.2692103,21.0065573,,,,,,Primary
OSM,Trường Tiểu học Cẩm Trung,,107.2737178,21.0075754,,,,,,Primary
OSM,Trường Tiểu học Phả Lại 2,,106.3328666,21.1134353,,,,,,Primary
OSM,Trường Tiểu học Phả Lại 1,,106.3155227,21.1161425,,,,,,Primary
OSM,Trường Tiểu học Văn An,,106.352037,21.0977691,,,,,,Primary
OSM,Trường Tiểu học Chu Văn An,,106.3938334,21.1083469,,,,,,Primary
OSM,Trường Tiểu học Văn Đức,,106.4217298,21.0930993,,,,,,Primary
OSM,Trường Tiểu học Cộng Hòa,,106.3947518,21.1326118,,,,,,Primary
OSM,Trường Tiểu học Phan Chu Trinh,,107.6760444,12.0047693,,,,,,Primary
OSM,Trường Tiểu học Tân Vĩnh Hiệp A,,106.7197564,11.0165372,,,,,,Primary
OSM,Trường Tiểu học Tân Phước Khánh A,,106.7209969,11.0038896,,,,,,Primary
OSM,Trường Tiểu học Phú Long,,106.7000771,10.8890238,,,,,,Primary
OSM,Trường Trung Tiểu học Phù Đổng,,106.5925366,11.1503825,,,,,,Primary
OSM,Trường Tiểu học Trần Quốc Tuấn,,106.5920833,11.1514657,,,,,,Primary
OSM,Trường Tiểu học Quyết Thắng,Quyet Thanh Primary School,106.3834953,20.9327768,,,,,,Primary
OSM,Trường Tiểu học Tiền Tiến,,106.3754171,20.9096271,,,,,,Primary
OSM,Trường Tiểu học Tiền Tiến,,106.3646789,20.9170496,,,,,,Primary
OSM,Trường Tiểu học Thị trấn Thanh Hà,,106.4287897,20.9051132,,,,,,Primary
OSM,Trường Tiểu học Thanh Hải,,106.4016371,20.8928082,,,,,,Primary
OSM,Trường Tiểu học Tân An,,106.4075325,20.8991962,,,,,,Primary
OSM,Trường Tiểu học xã Nam Đông,,106.3681765,20.9400116,,,,,,Primary
OSM,Trường Tiểu học Ái Quốc,,106.3811369,20.9643626,,,,,,Primary
OSM,Trường Tiểu học Trường An,,107.5833883,16.4466682,,,,,,Primary
OSM,Trường Tiểu học Xuân Phú,,107.6035624,16.4666813,,,,,,Primary
OSM,Trường Tiểu học số 1 Lộc Trì,,107.8879845,16.2678093,,,,,,Primary
OSM,Trường Tiểu học Quỳnh Lôi,,105.8580009,20.9943934,,,,,,Primary
OSM,Trường Tiểu học Bến Tắ,,106.4356759,21.1572937,,,,,,Primary
OSM,Trường Tiểu học Lý Nam Đế,,105.7062387,21.0689309,,,,,,Primary
OSM,Trường Tiểu học Đức Giang,,105.705906,21.0625028,,,,,,Primary
OSM,Trường Tiểu học Kim Chung B,,105.7154896,21.0616027,,,,,,Primary
OSM,Trường Tiểu học Sơn Đồng,,105.6966694,21.0441763,,,,,,Primary
OSM,Trường Tiểu học Vân Canh,,105.7339762,21.0360855,,,,,,Primary
OSM,Trường Tiểu học Di Trạch,,105.7206094,21.0490285,,,,,,Primary
OSM,Trường Tiểu học Hương Mạc 2,,105.9420573,21.1553166,Bắc Ninh,Bac Ninh,Thành phố Từ Sơn,,,Primary
OSM,Trường Tiểu học Tương Giang,,105.9845334,21.1353535,,,,,,Primary
OSM,Trường Tiểu học Đồng Nguyên 2,,105.9798297,21.1265326,Bắc Ninh,Bac Ninh,Thành phố Từ Sơn,,,Primary
OSM,Trường Tiểu học Tam Sơn,,105.9747239,21.1452479,Bắc Ninh,Bac Ninh,Thành phố Từ Sơn,,,Primary
OSM,Trường Tiểu học Trang Hạ,,105.953223,21.1212278,Bắc Ninh,Bac Ninh,Thành phố Từ Sơn,,,Primary
OSM,Trường Tiểu học Đồng Kỵ 2,,105.9493904,21.1392296,Bắc Ninh,Bac Ninh,Thành phố Từ Sơn,,,Primary
OSM,Trường Tiểu học Phù Chẩn,,105.9710587,21.0951403,Bắc Ninh,Bac Ninh,Thành phố Từ Sơn,,,Primary
OSM,Trường Tiểu học Châu Khê 2,,105.9298755,21.1139917,Bắc Ninh,Bắc Ninh,Thành phố Từ Sơn,,,Primary
OSM,Trường Tiểu học Phù Khê,,105.9346226,21.1365069,Bắc Ninh,Bac Ninh,Thành phố Từ Sơn,,,Primary
OSM,Trường Tiểu học Đồng Kỵ 1,,105.9451672,21.1346455,Bắc Ninh,Bac Ninh,Thành phố Từ Sơn,,,Primary
OSM,Trường Tiểu học Yên Sở,,105.8732524,20.9689072,,,,,,Primary
OSM,Trường Tiểu học Nội Duệ,,106.0073087,21.1365702,Bắc Ninh,Bac Ninh,Huyện Tiên Du,,,Primary
OSM,Trường Tiểu học Phú Lợi,,106.6732965,10.9865814,,,,,,Primary
OSM,Trường Tiểu học Hiệp Thành,,106.6615806,11.0028144,,,,,,Primary
OSM,Trường Trung - Tiểu học Petrus Ký,,106.6686295,11.0041437,,,,,,Primary
OSM,Trường Tiểu học Võ Thị Sáu,,107.6800214,12.0076873,,,,,,Primary
OSM,Trường Tiểu học Nguyễn Thị Minh Khai,Nguyen Thi Minh Khai Primary School,107.6955709,12.0039861,,,,,,Primary
OSM,Trường Tiểu học Thăng Long,,107.7081109,11.9915568,,,,,,Primary
OSM,Trường Tiểu học Nguyễn Bá Ngọc,,107.6722371,11.9908996,,,,,,Primary
OSM,Trường Tiểu học - Trung học cơ sở Trần Văn Ơn,,107.7374656,11.9634826,,,,,,Primary
OSM,Trường Tiểu học Tân Bình B,,106.8732264,11.5274134,,,,,,Primary
OSM,Trường Tiểu học Tân Đồng,,106.9101731,11.5441329,,,,,,Primary
OSM,Trường Tiểu học Tân Phú 2,,106.8982447,11.5493251,,,,,,Primary
OSM,Trường Tiểu học Trần Phú,,106.8990017,11.5405497,,,,,,Primary
OSM,Trường Tiểu học Tân Xuân C,,106.9125006,11.5256999,,,,,,Primary
OSM,Trường Tiểu học Tân Thiện,,106.9023511,11.5327018,,,,,,Primary
OSM,Trường Tiểu học Phước Vĩnh B,,106.8044833,11.2991662,,Tỉnh Bình Dương,Huyện Phú Giáo,0650 367 2170,,Primary
OSM,Trường Tiểu học Phước Vĩnh A,,106.793318,11.292872,,,,,,Primary
OSM,Trường Tiểu học Tân Phú,,106.8724203,11.4528297,,,,,,Primary
OSM,Trường Tiểu học Tân Phước,,106.9346698,11.5211019,,,,,,Primary
OSM,Trường Tiểu học Tân Thành B,,106.8270629,11.5220422,,,,,,Primary
OSM,Trường Tiểu học Tiến Thành,,106.8511418,11.5236119,,,,,,Primary
OSM,Trường Tiểu học Tiến Hưng B,,106.8474634,11.4819964,,,,,,Primary
OSM,Trường Tiểu học Xuân Thạnh,Xuan Thanh Primary School,107.156131,10.9418745,,,,,,Primary
OSM,Trường Tiểu học Phan Bội Châu,,107.135938,10.9394148,,,,,,Primary
OSM,Trường Tiểu học Trần Bình Trọng,Tran Binh Trong Primary School,107.1325243,10.9453618,,,,,,Primary
OSM,Trường Tiểu học Quang Trung,,108.1391493,12.1840263,,,,,,Primary
OSM,Trường Tiểu học Đạ R'Sal,,108.1293954,12.1412012,,,,,,Primary
OSM,Trường Tiểu học Lương Thế Vinh,,108.1351152,12.1794382,,,,,,Primary
OSM,Trường Tiểu học Long Khánh,,107.2430729,10.9268665,,,,,,Primary
OSM,Trường Tiểu học Hòa Bình,Hoa Binh Primary School,107.241883,10.9319298,,,,,,Primary
OSM,Trường Tiểu học Xuân Trung,Xuan Trung Primary School,107.2459434,10.9389001,,,,,,Primary
OSM,Trường Tiểu học Trung học cơ sở Trung học phổ thông Trương Vĩnh Ký,,107.2446154,10.9405409,,,,,,Primary
OSM,Trường Tiểu học Kim Đồng,Kim Dong Primary School,107.2442691,10.929452,,,,,,Primary
OSM,Trường Tiểu học Phú Bình,,107.2340565,10.9150428,,,,,,Primary
OSM,Trường Tiểu học Bảo Vinh B,,107.2585924,10.9464542,,,,,,Primary
OSM,Trường Tiểu học Lê Văn Tám,,107.2577572,10.934511,,,,,,Primary
OSM,Trường Tiểu học Trần Phú,,107.2508016,10.933616,,,,,,Primary
OSM,Trường Tiểu học Phan Chu Trinh,,107.2496657,10.9278876,,,,,,Primary
OSM,Trường Tiểu học Trưng Vương,,107.2272874,10.8984458,,,,,,Primary
OSM,Trường Tiểu học Thoại Ngọc Hầu,,105.8325473,10.0725451,,,,,,Primary
OSM,Trường Tiểu học Cái Vồn B,,105.8068143,10.0657243,,,,,,Primary
OSM,Trường Tiểu học Cái Vồn A,,105.8166888,10.0665489,,,,,,Primary
OSM,Trường Tiểu học Tiền Phong,,105.9176985,21.0815622,,,,,,Primary
OSM,Trường Tiểu học Đình Xuyên,,105.9356232,21.0779931,,,,,,Primary
OSM,Trường Tiểu học Dương Hà,,105.9313748,21.0659037,,,,,,Primary
OSM,Trường Tiểu học Lê Ngọc Hân,,105.9463981,21.0761654,,,,,,Primary
OSM,Trường Tiểu học Ninh Hiệp,,105.947015,21.0767278,,,,,,Primary
OSM,Trường Tiểu học Thị trấn Yên Viên,Yên Viên Town Primary School,105.9252569,21.0914309,,,,,,Primary
OSM,Trường Tiểu học Yên Thường,,105.9194429,21.0992593,,,,,,Primary
OSM,Trường Tiểu học & Trung học cơ sở Văn Môn,,105.9303904,21.1709135,Bắc Ninh,Bac Ninh,Huyện Yên Phong,,,Primary
OSM,Trường Tiểu học Phù Khê,,105.9342293,21.1465532,Bắc Ninh,Bac Ninh,Thành phố Từ Sơn,,,Primary
OSM,Trường Tiểu học Hương Mạc 1,,105.9292128,21.1570789,Bắc Ninh,Bac Ninh,Thành phố Từ Sơn,,,Primary
OSM,Trường Tiểu học Châu Khê 1,,105.924293,21.1220449,Bắc Ninh,Bac Ninh,Thành phố Từ Sơn,,,Primary
OSM,Trường Tiểu học Đại Đồng,,105.9884696,21.0885781,,,,,,Primary
OSM,Trường Tiểu học Nam Cường,,103.9930509,22.4534274,,,,,,Primary
OSM,Trường Tiểu học Lê Ngọc Hân,,103.9739656,22.4966169,,,,,,Primary
OSM,Trường Tiểu học Thường Thới Tiền 2,,105.2799902,10.820787,,,,,,Primary
OSM,Trường Tiểu học Bình Phú 2,,105.4300196,10.9129019,,,,,,Primary
OSM,Trường Tiểu học Bình Phú 1,,105.4440482,10.8870398,,,,,,Primary
OSM,Trường Tiểu học Trần Phú,,105.4577563,10.8769478,,,,,,Primary
OSM,Trường Tiểu học Nguyễn Huệ,,105.4643236,10.8703935,,,,,,Primary
OSM,Trường Tiểu học An Thạnh B,,106.2324134,11.0901346,,,,,,Primary
OSM,Trường Tiểu học An Thạnh A,,106.2185582,11.0829587,,,,,,Primary
OSM,Trường Tiểu học Lợi Thuận,Loi Thuan Primary School,106.1912583,11.1181883,,,,,,Primary
OSM,Trường Tiểu học Tiên Thuận An,,106.148518,11.1189904,,,,,,Primary
OSM,Trường Tiểu học Kim Đồng,,106.0998429,11.3087657,,,,,,Primary
OSM,"Trường Tiểu học, Trung học cơ sở, Trung học phổ thông Nguyễn Trãi",,106.107783,11.3040656,,,,,,Primary
OSM,Trường Tiểu học Tôn Thất Tùng,,106.1103633,11.3021357,,,,,,Primary
OSM,Trường Tiểu học Võ Thị Sáu,,106.1072901,11.3015163,,,,,,Primary
OSM,Trường Tiểu học Trần Quốc Toản,,106.0865204,11.3086604,,,,,,Primary
OSM,Trường Tiểu học Lê Văn Tám,,106.0899979,11.3172372,,,,,,Primary
OSM,Trường Tiểu học Trương Định,,106.1221864,11.3359376,,,,,,Primary
OSM,Trường Tiểu học Phan Chu Trinh,,106.1267615,11.337186,,,,,,Primary
OSM,Trường Tiểu học Nguyễn Thái Bình,,106.0841252,11.3356378,,,,,,Primary
OSM,Trường Tiểu học Bình Phong,,106.0773674,11.3162009,,,,,,Primary
OSM,Trường Tiểu học Hoàng Lê Kha,,106.0471081,11.3142593,,,,,,Primary
OSM,Trường Tiểu học Thị trấn Châu Thành B,,106.0258864,11.3107639,,,,,,Primary
OSM,Trường Tiểu học Thị trấn Châu Thành A,,106.022077,11.3138049,,,,,,Primary
OSM,Trường Tiểu học Suối Dộp,,106.0239605,11.335549,,,,,,Primary
OSM,Trường Tiểu học Thanh Trung,,106.088398,11.2668166,,,,,,Primary
OSM,Trường Tiểu học Thanh Điền,,106.0846221,11.2987802,,,,,,Primary
OSM,Trường Tiểu học Thanh Hùng,,106.0728901,11.2834607,,,,,,Primary
OSM,Trường Tiểu học Nguyễn Thị Minh Khai,,106.1298931,11.26307,,,,,,Primary
OSM,Trường Tiểu học Đoàn Thị Điểm,,106.1285185,11.2737045,,,,,,Primary
OSM,Trường Tiểu học Nguyễn Đình Chiểu,,106.1243463,11.2840525,,,,,,Primary
OSM,Trường Tiểu học Lê Thị Hồng Gấm,,106.1252917,11.3010803,,,,,,Primary
OSM,Trường Tiểu học Nguyễn Du,,106.1283652,11.3073329,,,,,,Primary
OSM,Trường Tiểu học Lê Lai,,106.1320509,11.2463156,,,,,,Primary
OSM,Trường Tiểu học Bạch Đằng,,106.1207588,11.253015,,,,,,Primary
OSM,Trường Tiểu học Long Thành Bắc A,,106.1365603,11.2885965,,,,,,Primary
OSM,Trường Tiểu học Ninh Phú,,106.1586959,11.3172017,,,,,,Primary
OSM,Trường Tiểu học Bàu Năng B,,106.1610771,11.3152903,,,,,,Primary
OSM,Trường Tiểu học Bàu Năng A,,106.1517544,11.3097448,,,,,,Primary
OSM,Trường Tiểu học Võ Trường Toản,,106.1421984,11.3187251,,,,,,Primary
OSM,Trường Tiểu học Trần Phú,,106.1176052,11.3084724,,,,,,Primary
OSM,Trường Tiểu học Trường Đông A,,106.1688073,11.2464892,,,,,,Primary
OSM,Trường Tiểu học Bình Linh,,106.2042546,11.2903798,,,,,,Primary
OSM,Trường Tiểu học Ninh Hưng,,106.1817502,11.3098138,,,,,,Primary
OSM,Trường Tiểu học Trường Hòa A,,106.1554244,11.2701014,,,,,,Primary
OSM,Trường Tiểu học Long Hải,,106.142592,11.2575534,,,,,,Primary
OSM,Trường Tiểu học Phạm Ngũ Lão,,106.1346425,11.2760734,,,,,,Primary
OSM,Trường Tiểu học Trường Tây D,,106.1421943,11.2778481,,,,,,Primary
OSM,Trường Tiểu học xã Phan,,106.1965668,11.3452045,,,,,,Primary
OSM,Trường Tiểu học Lê Ngọc Hân,,106.1349771,11.4134271,,,,,,Primary
OSM,Trường Tiểu học Phước Minh A,,106.3077698,11.3131015,,,,,,Primary
OSM,Trường Tiểu học Phước Ninh,,106.2529763,11.3376911,,,,,,Primary
OSM,Trường Tiểu học Thị trấn A,,106.226232,11.3808538,,,,,,Primary
OSM,Trường Tiểu học Phước Hội,,106.220185,11.3793965,,,,,,Primary
OSM,Trường Tiểu học Thắng Hải 1,,107.5893561,10.5987144,,,,,,Primary
OSM,Trường Tiểu học Tân Thắng 1,,107.636852,10.6139382,,,,,,Primary
OSM,Trường Tiểu học Tân Đông a,,106.2485996,11.688705,,,,,,Primary
OSM,Trường Tiểu học Nguyễn Viết Xuân,,106.218874,11.6665101,,,,,,Primary
OSM,Trường Tiểu học Tham Đôn 1,Tham Don 1 Primary School,105.941313,9.5118757,,,,,,Primary
OSM,Trường Tiểu học Ngọc Tố 2,,105.9675685,9.430399,,,,,,Primary
OSM,Trường Tiểu học Mỹ Xuyên,,105.9833761,9.55912,,,,,,Primary
OSM,Trường Tiểu học Mỹ Xuyên 2,,105.9827243,9.5592357,,,,,,Primary
OSM,Trường Tiểu học Ngọc Đông 1,,105.9670146,9.4711187,,,,,,Primary
OSM,Trường tiểu học Đại Tâm,,105.9338645,9.5457653,,,,,,Primary
OSM,Trường Tiểu học Thạnh Thới Thuận 2,,105.9930303,9.4339221,,,,,,Primary
OSM,Trường Tiểu học Nguyễn Thị Minh Khai,,105.9742847,9.5990759,,,,,,Primary
OSM,Trường Tiểu học & Trung học cơ sở Dục Anh,,105.982963,9.5990739,,,,,,Primary
OSM,Trường Tiểu học Mạc Đĩnh Chi,,105.9799818,9.6026369,,,,,,Primary
OSM,Trường Tiểu học & Trung học cơ sở Lý Thường Kiệt,,105.974451,9.6057291,,,,,,Primary
OSM,Trường Tiểu học Hùng Vương,,105.9704572,9.6102738,,,,,,Primary
OSM,Trường Tiểu học Kim Đồng,,105.9879112,9.6340232,,,,,,Primary
OSM,Trường Tiểu học A Tiêng,A Tieng Primary School,107.4896742,15.881486,,,,,,Primary
OSM,Trường Tiểu học Trương Công Định,,105.9638945,9.6053453,,,,,,Primary
OSM,Trường Tiểu học Phú Lợi,,105.9635183,9.5978759,,,,,,Primary
OSM,Trường Tiểu học xã A Xan,,107.3075296,15.8341886,,,,,,Primary
OSM,Trường Tiểu học Thiện Hưng A,,106.8027909,11.9883499,,,,,,Primary
OSM,Trường Tiểu học Thanh Bình A,,106.796475,11.9543046,,,,,,Primary
OSM,Trường Tiểu học Lịch Hội Thượng C,,106.1517269,9.4559687,,,,,,Primary
OSM,Trường Tiểu học Lịch Hội Thượng B,,106.1476144,9.476187,,,,,,Primary
OSM,Trường Tiểu học Lịch Hội Thượng A,,106.147538,9.4798068,,,,,,Primary
OSM,Trường Tiểu học Trung Bình A,,106.1959264,9.5068529,,,,,,Primary
OSM,Trường Tiểu học Thị trấn Trần Đề A,,106.1985248,9.515062,,,,,,Primary
OSM,Trường Tiểu học Đại Ân 2A,,106.1696796,9.5499723,,,,,,Primary
OSM,Trường Tiểu học Trung Bình C,,106.1742716,9.440218,,,,,,Primary
OSM,Trường Tiểu học 1 Xã Đất Mũi,Dat Mui 1 Primary School,104.7635369,8.5991226,,,,,,Primary
OSM,Trường Tiểu học 3 Đất Mũi,Dat Mui 3 Primary School,104.7293513,8.6048491,,,,,,Primary
OSM,Trường Tiểu học 3 Xã Đất Mũi (điểm trường 680),,104.7569452,8.5969871,,,,,,Primary
OSM,Trường Tiểu học Chu Văn An,Chu Van An Primary School,105.8227787,20.95913,Hà Nội,Hà Nội,Hoàng Mai,,,Primary
OSM,Trường Tiểu học 2 Thị trấn Rạch Gốc,,105.0189435,8.6210365,,,,,,Primary
OSM,Trường Tiểu học Phường 1,,105.597203,9.5610958,,,,,,Primary
OSM,Trường Tiểu học Lê Quý Đôn,,105.6095478,9.5702909,,,,,,Primary
OSM,Trường Tiểu học Phường 3,,105.5586174,9.5267475,,,,,,Primary
OSM,Trường Tiểu học - Trung học cơ sở - Trung học phổ thông Nguyễn Thị Minh Khai,Nguyen Thi Minh Khai - Vung Tau School,107.1161641,10.3926818,Thành Phố Hồ Chí Minh,Thành Phố Hồ Chí Minh,,089 952 46 46,,Primary
OSM,Trường Tiểu học Chí Linh,Chi Linh Primary School,107.1084293,10.3847978,,,,,,Primary
OSM,Trường Tiểu học Đồng Đăng,Dong Dang Primary School,106.6973104,21.9537443,,,,,,Primary
OSM,Trường Tiểu học Hà Lầm,,107.107168,20.9649593,,,,,,Primary
OSM,Trường Tiểu học Hạ Long,,107.0759491,20.9493658,,,,,,Primary
OSM,Trường Tiểu học Hữu Nghị,,107.0888247,20.9593488,,,,,,Primary
OSM,Trường Tiểu học Cao Xanh,,107.0834808,20.968031,,,,,,Primary
OSM,Trường Tiểu học Lê Hồng Phong,,107.1044134,20.9505312,,,,,,Primary
OSM,"Trường Tiểu học, Trung học cơ sở & Trung học phổ thông Văn Lang",,107.0774069,20.9510072,,,,,,Primary
OSM,Trường Tiểu học & Trung học cơ sở Hùng Thắng,,107.0110598,20.9591202,,,,,,Primary
OSM,Trường Tiểu học Nguyễn Văn Trỗi,,106.6518097,10.7909674,,,,,,Primary
OSM,Trường Tiểu học Trần Quốc Toản,,107.1339002,20.9497778,,,,,,Primary
OSM,Trường Tiểu học Nguyễn Bá Ngọc,,107.1220476,20.9599837,,,,,,Primary
OSM,Trường Tiểu học Quang Trung - phân hiệu 2,,107.1118135,20.9455277,,,,,,Primary
OSM,Trường Tiểu học Quang Trung,,107.1105671,20.9441502,,,,,,Primary
OSM,Trường Tiểu học Lý Thường Kiệt,,107.0119562,20.9794753,,,,,,Primary
OSM,Trường Tiểu học Hà Khẩu,,107.0016881,20.9814195,,,,,,Primary
OSM,Trường Tiểu học Việt Hưng,,106.9781611,20.9972469,,,,,,Primary
OSM,Trường Tiểu học Trới,,106.9892481,21.0289838,,,,,,Primary
OSM,Trường Tiểu học Triệu Hải,,107.5358902,11.5215017,,,,,,Primary
OSM,Trường Tiểu học Đại Yên,,106.9255878,20.9748492,,,,,,Primary
OSM,Trường Tiểu Học Tràm Chim,,105.5485445,10.6732623,,,,,,Primary
OSM,Trường Tiểu Học Tràm Chim,,105.5488036,10.6729939,,,,,,Primary
OSM,Trường Tiểu Học Tràm Chim,,105.5488457,10.6730621,,,,,,Primary
OSM,Trường Tiểu học xã Sinh Tồn,,114.3307271,9.8845523,,,,,,Primary
OSM,Trường Tiểu học Lê Hồng Phong,,105.9207839,20.1543128,,,,,,Primary
OSM,Trường Tiểu học Yên Mỹ,Yên Mỹ Primary School,105.8719046,20.9473445,,,,,,Primary
OSM,Trường Tiểu học Minh Thành,,106.8630753,21.0049306,,,,,,Primary
OSM,Trường Tiểu học Suối Khoáng,,107.1903165,20.980652,,,,,,Primary
OSM,Trường Tiểu học Quang Hanh,,107.2217204,21.0052649,,,,,,Primary
OSM,Trường Tiểu học Hồ Tùng Mậu,,107.2849079,21.0144917,,,,,,Primary
OSM,Trường Tiểu học Phan Bội Châu,,107.2793349,21.0141324,,,,,,Primary
OSM,Trường Tiểu học Cẩm Sơn 2,,107.3149246,21.0014238,,,,,,Primary
OSM,Trường Tiểu học Cẩm Sơn 1,,107.302308,21.0074014,,,,,,Primary
OSM,Trường Tiểu học Cẩm Đông,,107.2919735,21.0108884,,,,,,Primary
OSM,Trường Tiểu Học Minh Khai,,106.6807271,20.8544578,,,,,,Primary
OSM,Trường Tiểu học Trần Hưng Đạo,,107.3588155,21.0159677,,,,,,Primary
OSM,Trường Tiểu học Phó Bảng,Pho Bang Primary School,105.1855919,23.2546648,,,,,,Primary
OSM,Trường Tiểu học 3 Phường 1,Primary School no. 3 of Ward 1,105.9800119,9.3224522,,,,,,Primary
OSM,Trường Tiểu học Lạc Hòa 1,,106.0732352,9.3612172,,,,,,Primary
OSM,Trường Tiểu học Vĩnh Phước 2,,105.9401422,9.3147742,,,,,,Primary
OSM,Trường Tiểu học Nguyễn Huệ 1,Nguyen Hue 1 Primary School,106.6933508,10.755597,,,,,,Primary
OSM,Trường Tiểu học Bán trú Đống Đa,,106.7058482,10.7537416,,,,,,Primary
OSM,Trường Tiểu học Bến Cảng,Ben Cang Primary School,106.7098115,10.7609591,,,,,,Primary
OSM,Trường Tiểu học Xóm Chiếu,Xom Chieu Primary School,106.7081173,10.7617209,,,,,,Primary
OSM,Trường Tiểu học Nguyễn Thái Bình,Nguyen Thai Binh Primary School,106.7171346,10.7543213,,,,,,Primary
OSM,Trường Tiểu học Lê Thị Hồng Gấm,,105.0872172,10.0183638,,,,,,Primary
OSM,Trường Tiểu học Lý Tự Trọng,,105.0806377,10.0153639,,,,,,Primary
OSM,Trường Tiểu học Nguyễn Hiền,,105.0755891,10.0150092,,,,,,Primary
OSM,Trường Tiểu học Hồng Bàng,,105.0818102,10.0083616,,,,,,Primary
OSM,Trường Tiểu học Âu Cơ,,105.0836334,10.0093122,,,,,,Primary
OSM,Trường Tiểu học Kim Đồng,,105.0893999,10.0022593,,,,,,Primary
OSM,Trường Tiểu học Nguyễn Bá Ngọc,,105.0865912,10.0057621,,,,,,Primary
OSM,Trường Tiểu học Trương Định,,105.1156385,9.954943,,,,,,Primary
OSM,Trường Tiểu Học Thị Trấn Vĩnh Thạnh,,108.7846019,14.0903932,,,,,,Primary
OSM,Trường Tiểu học Lương Thế Vinh,,105.1164204,9.9518368,,,,,,Primary
OSM,Trường Tiểu học Mong Thọ 2,,105.1953484,10.0253169,,,,,,Primary
OSM,Trường Tiểu học Mong Thọ B 1,Mong Tho B1 Primary School,105.1586497,9.9857294,,,,,,Primary
OSM,Trường Tiểu học Thị trấn Giồng Riềng 1,,105.3121532,9.9115237,,,,,,Primary
OSM,Trường Tiểu học Thị trấn Giồng Riềng 2,,105.310733,9.9090546,,,,,,Primary
OSM,Trường Tiểu học Thị trấn Tân Châu B,,106.1781628,11.5506029,,,,,,Primary
OSM,Trường Tiểu học Thị trấn Tân Châu A,,106.1589253,11.5557161,,,,,,Primary
OSM,Trường Tiểu học Thị trấn Tân Hiệp,Tan Hiep Town Primary School,105.2845111,10.1150306,,,,,,Primary
OSM,Trường Tiểu học Thạnh Đông A1,,105.2475448,10.0787953,,,,,,Primary
OSM,Trường Tiểu học Hạ Long 1,,107.4323792,21.0781263,,,,,,Primary
OSM,Trường Tiểu học Thị trấn Cái Rồng,,107.419072,21.0663874,,,,,,Primary
OSM,Trường Tiểu Học Số 1 Thị Trấn Phù Mỹ,,109.0524619,14.1747272,,,,,,Primary
OSM,Trường Tiểu Học Trường Sơn,,105.8921682,19.7328167,,,,,,Primary
OSM,Trường Tiểu học Tân Phúc,,107.6532778,10.8353556,,,,,,Primary
OSM,Trường Tiểu học Tân Minh,,107.6386598,10.8530752,,,,,,Primary
OSM,Trường Tiểu học Tân Minh,,107.6346774,10.8423099,,,,,,Primary
OSM,Trường Tiểu học Tân Hà,,107.7137321,10.7601811,,,,,,Primary
OSM,Trường Tiểu học Tân Nghĩa 3,Tan Nghia 3 Primary School,107.7178734,10.7863934,,,,,,Primary
OSM,Trường Tiểu học Tân Nghĩa 2,,107.7199904,10.8035028,,,,,,Primary
OSM,Trường Tiểu học Tân Nghĩa 1,,107.7310143,10.8250707,,,,,,Primary
OSM,Trường Tiểu Học An Hiệp,,108.3757437,11.7694113,,,,,,Primary
OSM,Trường Tiểu học Liêu Tú D,,106.088412,9.4542151,,,,,,Primary
OSM,Trường Tiểu học Trần Hưng Đạo,Tran Hung Dao Primary School,106.9981147,11.8490779,,,,,,Primary
OSM,Trường Tiểu học Sơn Giang,,106.9730086,11.8284789,,,,,,Primary
OSM,Trường Tiểu Học Trần Quốc Toản,,107.9910823,13.9772727,,,,,,Primary
OSM,Trường Tiểu học Phước Tín A,,107.0009109,11.7881481,,,,,,Primary
OSM,Trường Tiểu học Nguyễn Huệ,,107.039127,11.855916,,,,,,Primary
OSM,Trường tiểu học song ngữ Lai Vung,,105.6071601,10.2494259,Xã Lai Vung,Đồng Tháp,,,,Primary
OSM,Trường Tiểu học xã Hòa Long,,105.6512094,10.2830418,Thị trấn Lai Vung,Đồng Tháp,Lai Vung,,,Primary
OSM,Trường Tiểu học Phú Riềng A,Phu Rieng A Primary School,106.8977209,11.6605013,,,,,,Primary
OSM,Trường Tiểu học Bù Nho,,106.8721321,11.7323082,,,,,,Primary
OSM,Trường Tiểu học Log Hà B,,106.8469645,11.7372456,,,,,,Primary
OSM,Trường Tiểu học Nguyễn Đình Chiểu,,107.1707015,10.6710921,,,,,,Primary
OSM,Trường Tiểu học Phan Chu Trinh,Phan Chu Trinh Primary School,107.2016351,10.7403168,,,,,,Primary
OSM,Trường Tiểu học Văn Chương,,105.8380609,21.0204528,,,,,,Primary
OSM,Trường Tiểu học Lương Thế Vinh,,107.2321522,10.3946766,,,,,,Primary
OSM,Trường tiểu học Giồng Ông Tố,,106.7608644,10.7854643,TP. Hồ Chí MInh,,Quận 2,,,Primary
OSM,Trường Tiểu học Đồi Cao,Doi Cao Primary School,103.1547945,22.0701125,,,,,,Primary
OSM,Điểm trường tiểu học bản Chiềng Lè,,103.1463995,22.0711326,,,,,,Primary
OSM,Trường Tiểu học Võ Thị Sáu,,103.1586656,22.0296027,,,,,,Primary
OSM,Trường Tiểu học Thị trấn Nậm Nhùn,Nam Nhun Town Primary School,103.0046629,22.1511733,,,,,,Primary
OSM,Trường PTDTNT Tiểu học số 1 Nậm Hàng,,103.0482052,22.1463072,,,,,,Primary
OSM,Trường tiểu học Thạnh Mỹ Lợi,,106.7661993,10.7757566,Hồ Chí Minh,,TP. Thủ Đức,,,Primary
OSM,Trường Tiểu học xã Sín Thầu,Sin Thau Commune Primary School,102.2525447,22.3742382,,,,,,Primary
OSM,Trường Tiểu Học Định Môn 2,,105.6122789,10.0494242,,,,,,Primary
OSM,Trường Tiểu học Ninh Xá,Ninh Xa Primary School,106.0618885,21.1797215,Bắc Ninh,Bac Ninh,Thành phố Bắc Ninh,,,Primary
OSM,Trường Tiểu học Kinh Bắc,Kinh Bac Primary School,106.0658002,21.188535,Bắc Ninh,Bac Ninh,Thành phố Bắc Ninh,,,Primary
OSM,Trường Tiểu học Đại Yên,Dai Yen Primary School,105.8251437,21.0358751,,,,,,Primary
OSM,Trường Tiểu học Ngọc Hà,Ngoc Ha Primary School,105.8271504,21.0384826,Hà Nội,Thành phố Hà Nội,Phường Ba Đình,,,Primary
OSM,Trường Tiểu học Việt Nam - Cuba,Vietnam-Cuba Primary School,105.8423656,21.0432292,Hà Nội,Thành phố Hà Nội,Phường Ba Đình,,,Primary
OSM,Trường Tiểu học Nguyễn Tri Phương,,105.8382735,21.0431978,,,,,,Primary
OSM,Trường Tiểu học Vạn Phúc,,105.8232572,21.0339111,,,,,,Primary
OSM,Trường Tiểu học Chu Văn An A,,105.8243131,21.0428847,,,,,,Primary
OSM,Trường Tiểu học Chu Văn An,,105.8177123,21.0438232,Hà Nội,Hà Nội,Tây Hồ,,,Primary
OSM,Trường Tiểu học Kim Đồng,Kim Dong Primary School,105.851196,21.0381757,,,,,,Primary
OSM,Trường Tiểu học Trần Nhật Duật,,105.8528934,21.0371403,Hà Nội,Thành phố Hà Nội,Phường Hoàn Kiếm,,,Primary
OSM,Trường Tiểu học Hồng Hà,Hong Ha Primary School,105.8489146,21.0358617,Hà Nội,Thành phố Hà Nội,Phường Hoàn Kiếm,,,Primary
OSM,Trường Tiểu học Trưng Vương,Trung Vuong Primary School,105.8553814,21.0303503,Hà Nội,Hà Nội,Hoàn Kiếm,,,Primary
OSM,Trường Tiểu học Trần Quốc Toản,Tran Quoc Toan Primary School,105.8506278,21.026886,Hà Nội,Hà Nội,Hoàn Kiếm,,,Primary
OSM,Trường Tiểu học Tràng An,Trang An Primary School,105.8503167,21.0279425,,,,,,Primary
OSM,Trường Tiểu học Trần Đại Nghĩa,,105.9809473,10.2420324,,Vĩnh Long,Phường Phước Hậu,,,Primary
OSM,Trường Tiểu học Lý Thường Kiệt,Ly Thuong Kiet Primary School,105.8387247,21.0289517,,,,,,Primary
OSM,Trường Tiểu học Thăng Long,Thang Long Primary School,105.8452161,21.0307089,Hà Nội,Thành phố Hà Nội,Phường Hoàn Kiếm,,,Primary
OSM,Trường Tiểu học Quang Trung,,105.8484964,21.0202496,Hà Nội,,Hoàn Kiếm,,,Primary
OSM,Trường Tiểu học Bình Minh,,105.8478061,21.0232576,,,,,,Primary
OSM,Trường Tiểu học Ngọc Lâm,,105.8761837,21.0442817,Thành phố Hà Nội,Hà Nội,Quận Long Biên,,,Primary
OSM,Trường Tiểu học Ái Mộ B,,105.8697621,21.0432799,,,,,,Primary
OSM,Trường Tiểu học Bồ Đề,Bo De Primary School,105.8724219,21.037705,,,,,,Primary
OSM,Trường Tiểu học Gia Quất,,105.8777289,21.054173,,,,,,Primary
OSM,Trường Tiểu học số 1,Primary School numer 1,103.4596581,22.3940396,,,,,,Primary
OSM,Trường Tiểu học số 2,,103.4639174,22.3935485,,,,,,Primary
OSM,Trường Tiểu học Tân Phong,Tan Phong Primary School,103.4723657,22.3796862,,,,,,Primary
OSM,Trường Tiểu học Kim Đồng,,103.4898987,22.3859175,,,,,,Primary
OSM,Trường Tiểu học Quyết Thắng,Quyet Thang Primary School,103.4323505,22.403688,,,,,,Primary
OSM,Trường Tiểu học Quyết Tiến,Quyet Tien Primary School,103.4420595,22.4021294,,,,,,Primary
OSM,Trường PTDTBT Tiểu học Bum Tở - Điểm trường Pa Thoóng 2,,102.7845481,22.3905285,,,,,,Primary
OSM,Trường Tiểu học số 1 Thị trấn Mường Tè,,102.8079155,22.381848,,,,,,Primary
OSM,Trường Tiểu học số 2 Thị trấn Mường Tè,,102.8227102,22.3805465,,,,,,Primary
OSM,Trường Tiểu học Phan Huy Ích,,106.6324769,10.8305726,,Hồ Chí Minh,Tân Bình,,,Primary
OSM,Trường Tiểu Học Phan Huy Ích,,106.6326402,10.8305116,,,,,,Primary
OSM,Trường Tiểu học Nậm Tăm,,103.3991561,22.2817923,,,,,,Primary
OSM,Trường Tiểu học Thị trấn Tam Đường,,103.6205397,22.3195876,,,,,,Primary
OSM,Trường PT DTNT Tiểu học Giang Ma,,103.5492084,22.3882708,,,,,,Primary
OSM,Trường Tiểu học Mường So,Muong So Primary School,103.3587856,22.5320603,,,,,,Primary
OSM,Trường Tiểu học Khổng Lào,,103.3524059,22.5415753,,,,,,Primary
OSM,Trường Tiểu Học Lê Văn Thọ,Le Van Tho Primary School,106.6597467,10.8525524,,Hồ Chí Minh,Gò Vấp,,,Primary
OSM,Trường Tiểu học Quảng Lạc,,106.7309499,21.8233784,,,,,,Primary
OSM,Trường Tiểu học Xã Đồng Bục,,106.9027729,21.7842224,,,,,,Primary
OSM,Trường Tiểu học Xã Yên Khoái - Điểm trường Chi Ma,,107.0195262,21.8104778,,,,,,Primary
OSM,Trường Tiểu học Xã Yên Khoái,,107.0022393,21.7972,,,,,,Primary
OSM,Trường Tiểu học Long Giao,Long Giao Primary School,107.2328107,10.8237759,,,,,,Primary
OSM,Trường Tiểu học Trần Quốc Toản,,107.223248,10.786508,,,,,,Primary
OSM,Trường Tiểu học Nhân Nghĩa,,107.2360689,10.8403135,,,,,,Primary
OSM,Trường Tiểu học Nhân Nghĩa,Nhan Nghia Primary School,107.237471,10.8383587,,,,,,Primary
OSM,Trường Tiểu học Lê Hồng Phong,Le Hong Phong Primary School,107.225678,10.6938872,,,,,,Primary
OSM,Trường Tiểu học Bình Ba,Binh Ba Primary School,107.23948,10.6198926,,,,,,Primary
OSM,Trường Tiểu học Suối Nghệ,,107.2045558,10.5919827,,,,,,Primary
OSM,Trường Tiểu học Bình Giã,Binh Gia Elementary School,107.2546995,10.6466939,,,,,,Primary
OSM,Trường Tiểu học Tân Bình,Tan Binh Primary School,107.3517988,10.6432809,,,,,,Primary
OSM,Trường Tiểu học Kim Đồng,Kim Dong Primary School,107.3361448,10.6434483,,,,,,Primary
OSM,Điểm trường Tiểu học Võ Thị Sáu,Vo Thi Sau Primary School - Phuoc Long Tho campus,107.3132883,10.4991769,,,,,,Primary
OSM,Trường Tiểu học Nguyễn Hiền,,106.7365032,10.792514,,,,,,Primary
OSM,Trường Tiểu học Long Mỹ,Long My Primary School,107.274792,10.4401741,,,,,,Primary
OSM,Trường Tiểu học Nguyễn Bỉnh Khiêm,,107.2339614,10.3996878,,,,,,Primary
OSM,Trường Tiểu học Đô thị Việt Hưng,,105.910262,21.0634535,,,,,,Primary
OSM,Trường Tiểu Học Văn Thánh,,108.0869606,10.9264329,,,,,,Primary
OSM,Trường Tiểu học Gò Cát,Go Cat Primary School,107.3769426,10.5162866,,,,,,Primary
OSM,Trường Tiểu học Hồ Tràm,Ho Tram Primary School,107.4350533,10.4769753,,,,,,Primary
OSM,Trường Tiểu học Long Phước,Long Phuoc Primary School,107.2223434,10.5246574,,,,,,Primary
OSM,Trường Tiểu học Đinh Tiên Hoàng,,108.2350288,16.0524044,,,,,,Primary
OSM,Trường Tiểu học VinSchool,,106.6659,20.8642943,,,,,,Primary
OSM,Trường Tiểu học Long Sơn 1,Long Son 1 Primary School,107.0746757,10.4664311,,,,,,Primary
OSM,Trường Tiểu học Châu Pha A,,107.1590117,10.572321,,,,,,Primary
OSM,Trường Tiểu học Tóc Tiên,Toc Tien Primary School,107.1316257,10.590269,,,,,,Primary
OSM,Trường Tiểu học Phú Mỹ,Phu My Primary School,107.0512372,10.6060172,,,,,,Primary
OSM,Trường Tiểu học Lê Lợi,Le Loi Primary School,107.0518402,10.5961152,,,,,,Primary
OSM,Trường Tiểu học Lê Lợi,Le Loi Primary School,107.0496203,10.5992709,,,,,,Primary
OSM,Trường Tiểu học Phan Đình Phùng,Phan Dinh Phung Primary School,107.1472999,10.6677552,,,,,,Primary
OSM,Trường Tiểu học Thống Nhất,Thong Nhat Primary School,107.4052413,10.7219092,,,,,,Primary
OSM,Trường Tiểu học Ngô Quyền,Ngo Quyen Primary School,107.3943823,10.7068865,,,,,,Primary
OSM,Trường Tiểu học Lương Thế Vinh,Luong The Vinh Primary School,107.3703235,10.6277864,,,,,,Primary
OSM,Trường Tiểu học Trần Phú,Tran Phu Primary School,107.5032103,10.6922419,,,,,,Primary
OSM,Trường Tiểu học Trần Đại Nghĩa,Tran Dai Nghia Primary School,107.495739,10.6870707,,,,,,Primary
OSM,Trường Tiểu học Thanh Bình,Thanh Binh Primary School,107.5422206,10.5540082,,,,,,Primary
OSM,Trường Tiểu học Nguyễn Thị Định,Nguyen Thi Dinh Primary School,107.5599859,10.5822698,,,,,,Primary
OSM,Trường Tiểu học Thạnh Mỹ Tây,,106.7093021,10.7899733,,,Bình Thạnh,,,Primary
OSM,Trường Tiểu học Cao Văn Ngọc,Cao Van Ngoc Primary School,106.6066939,8.6860971,,,,,,Primary
OSM,Trường Tiểu học Cần Thạnh 2,Can Thanh 2 Primary School,106.9492824,10.4081331,,,,,,Primary
OSM,Trường Tiểu học Hạ Đình,Ha Dinh Primary School,105.8107675,20.9876378,Hà Nội,Hà Nội,Thanh Xuân,,,Primary
OSM,Trường Tiểu học Hoà Hiệp,,106.9299303,10.4034676,,,,,,Primary
OSM,Trường Tiểu học Long Sơn 2 (cơ sở Gò Găng),Long Son 2 Primary School (Go Gang campus),107.1384163,10.4380524,,,,,,Primary
OSM,Trường Tiểu học Đồng Tâm,Dong Tam Primary School,105.6751445,20.806833,,,,,,Primary
OSM,Trường Tiểu học xã Thượng Lâm,Thuong Lam Commune Primary School,105.6750702,20.7956343,,,,,,Primary
OSM,Trường Tiểu học Tuy Lai A,,105.6828541,20.7736515,,,,,,Primary
OSM,Trường Tiểu học Đồng Lạc,Dong Lac Primary School,105.6825322,20.824351,,,,,,Primary
OSM,Trường Tiểu học Trần Phú B,,105.6457114,20.8117502,,,,,,Primary
OSM,Trường Tiểu học Phúc Lâm,Phuc Lam Primary School,105.7061424,20.8142529,,,,,,Primary
OSM,Trường Tiểu học Trần Phú A,,105.6728855,20.8326431,,,,,,Primary
OSM,Trường Tiểu học xã Hồng Sơn,Hong Son Commune Primary School,105.7045812,20.7355923,,,,,,Primary
OSM,Trường Tiểu học Xã Bột Xuyên,,105.712261,20.7798897,,,,,,Primary
OSM,Trường Tiểu học Lê Thanh A,Le Thanh A Primary School,105.7235544,20.7267803,,,,,,Primary
OSM,Trường Tiểu học Lê Thanh B,Le Thanh B Primary School,105.7135404,20.7392734,,,,,,Primary
OSM,Trường Tiểu học Xuy Xá,,105.7329764,20.7174863,,,,,,Primary
OSM,Trường Tiểu học Phùng Xá,Phung Xa Primary School,105.7627952,20.7224429,,,,,,Primary
OSM,Trường Tiểu học Hương Sơn A,,105.7779436,20.61923,,,,,,Primary
OSM,Trường Tiểu học Hương Sơn B,,105.7858582,20.6100803,,,,,,Primary
OSM,Trường Tiểu học Tế Tiêu,Te Tieu Primary School,105.7405705,20.6869406,,,,,,Primary
OSM,Trường Tiểu học An Tiến,An Tien Primary School,105.7373223,20.6574641,,,,,,Primary
OSM,Trường Tiểu Học Thạnh Đông A,,105.2418182,10.0448274,,,,,,Primary
OSM,Trường PTDTBT Tiểu học Pắc Ma,,102.5209359,22.5689863,,,,,,Primary
OSM,Trường Tiểu học Sơn Nam,Sơn Nam Primary School,105.4758974,21.5444024,,,,,,Primary
OSM,Trường Tiểu học Sơn Lôi B,,105.6805748,21.2703838,,,,,,Primary
OSM,Trường Tiểu học thị trấn Trường Sa,Truong Sa Primary School,111.9189838,8.6446961,,,,,,Primary
OSM,Trường Tiểu học Song ngữ Vũng Tàu,,107.0896776,10.3681647,,,,,,Primary
OSM,Trường Tiểu học Lương Thế Vinh,,106.7581307,10.7741636,,,,,,Primary
OSM,Trường Tiểu học Sao Mai,Sao Mai Primary School,107.059707,10.3852957,,,,,,Primary
OSM,Trường Tiểu học Hoà Bình,,107.0662388,10.3810754,,,,,,Primary
OSM,Trường Tiểu học Bình Minh,Binh Minh Primary School,107.1135345,10.3957229,,,,,,Primary
OSM,Trường Tiểu học Archimedes Academy,,105.7902644,21.0310073,,,,,,Primary
OSM,Trường Tiểu học và Trung học cơ sở HWS,Hanoi Westminster School,105.7904403,21.0317411,,,,,,Primary
OSM,Trường Tiểu học Phụng Châu,,105.7024105,20.9495134,,,,,,Primary
OSM,Trường Tiểu học Phước Tỉnh,Phuoc Tinh Primary School,107.1916663,10.4161053,,,,,,Primary
OSM,Trường tiểu học Phú Lợi 2,,106.6884548,10.9890391,,,,,,Primary
OSM,Trường tiểu học - Trung học cơ sở Pétrus Ký,,106.6514167,10.993379,,,,,,Primary
OSM,Trường Tiểu học Nguyễn Thái Bình,Nguyen Thai Binh Primary School,106.6995998,10.7685976,,,,+84 028 38298710,,Primary
OSM,Trường Tiểu học Khai Minh,Khai Minh Primary School,106.7000512,10.7702636,,,,,,Primary
OSM,Trờng Tiểu học Thịnh Quang,,105.8179498,21.0050355,,,,,,Primary
OSM,Trường Tiểu Học Hoà Bình,Hoa Binh Primary School,106.7028227,10.7715381,,,,,,Primary
OSM,Trường Tiểu học Minh Khai,,105.9159561,20.5421892,Phủ Lý,,,+84 0226 3852514,,Primary
OSM,Trường Tiểu học Nguyễn Viết Xuân,,106.1849032,20.4436692,,,,,,Primary
OSM,Trường Tiểu học Hùng Vương,,106.1857739,20.4325877,,,,,,Primary
OSM,Trường Tiểu học Trần Tế Xương,,106.1876056,20.4357195,,,,,,Primary
OSM,Trường Tiểu học Nguyễn Huệ 3,Nguyen Hue 3 Primary School,106.6989445,10.755154,,,,,,Primary
OSM,Trường Tiểu học Lương Thế Vinh,Luong The Vinh Primary School,106.6941561,10.7628258,,,,+84 028 39203757,,Primary
OSM,Trường Tiểu Học xã Cổ Am,,106.5475023,20.6391993,,,,,,Primary
OSM,Trường Tiểu học Xương Huân 1,,109.1952185,12.2524881,,,,,,Primary
OSM,Trường Tiểu học Kim Liên,Kim Lien Primary School,105.8361607,21.0076197,,,,+84 24 3852 7879,,Primary
OSM,Trường Tiểu học Trung Yên,,105.7937189,21.0110881,,,,,,Primary
OSM,Trường Tiểu học Bình Ngọc,Binh Ngoc Primary School,107.9926524,21.4619854,,,,,,Primary
OSM,Trường Tiểu học Khương Thượng,Khuong Thuong Primary School,105.8302513,21.0051721,Hà Nội,,Đống Đa,,,Primary
OSM,Trường Tiểu học Nguyễn Huệ,,105.9630443,10.2516637,,,,,,Primary
OSM,Trường Tiểu học Đồng Hoà,,106.8863712,10.3827755,,,,,,Primary
OSM,Trường Tiểu học Long Thạnh,Long Thanh Primary School,106.910082,10.389881,,,,,,Primary
OSM,Trường Tiểu học Phương Liên,,105.837117,21.0103587,,,,+84 24 3577 0431,,Primary
OSM,Trường Tiểu học Đặng Thùy Trâm,,106.7178761,10.7517712,,Thành phố Hồ Chí Minh,,,,Primary
OSM,Trường PTDTBT Tiểu học số 1 Tà Tổng,,102.6546671,22.3771422,,,,,,Primary
OSM,Trường Tiểu học Phan Đình Phùng,Phan Dinh Phung Primary School,107.9997188,14.3535423,Kon Tum,Kon Tum,,,,Primary
OSM,Trường Tiểu học Trung Tự,Trung Tu Primary School,105.8327101,21.0096835,Hà Nội,Hà Nội,Đống Đa,+84 24 3852 3685,,Primary
OSM,Trường Tiểu học Bà Triệu,,105.8504966,21.0108388,Hà Nội,Hà Nội,Hai Bà Trưng,,,Primary
OSM,Trường Tiểu học Bế Văn Đàn,,105.828883,21.0129551,,,,,,Primary
OSM,Trường Tiểu học Thịnh Hào,,105.8287048,21.0186558,Hà Nội,Hà Nội,Đống Đa,,,Primary
OSM,Trường Tiểu học Lê Văn Tám,,105.8454575,21.0030341,Hà Nội,Hà Nội,Hai Bà Trưng,+842438692107,,Primary
OSM,Trường Tiểu học Tây Mỗ,,105.7477216,21.005638,,,,,,Primary
OSM,Tiểu học Đinh Tiên Hoàng,,105.9880596,20.2470659,,,,,,Primary
OSM,Tiểu Học Lê Hồng Phong,,105.975123,20.2554405,,,,,,Primary
OSM,Trường PTDTBT Tiểu học Leng Su Sìn,Leng Su Sin Minority Primary School,102.3584397,22.341514,,,,,,Primary
OSM,Trường Tiểu học Ngọc Hòa,,105.6950085,20.919529,,,,,,Primary
OSM,Trường PTDTBT Tiểu học Trần Văn Thọ,Tran Van Tho Minority Primary School,102.4660237,22.1833163,,,,,,Primary
OSM,Trường PTDTBT Tiểu học Hua Bum,,102.978163,22.3978753,,,,,,Primary
OSM,Trường Tiểu học Jean Piaget,,105.7859415,21.0171447,,,,,,Primary
OSM,Trường Tiểu học Tân Xã,,105.5515363,21.020937,,,,,,Primary
OSM,Trường Tiểu học Nguyễn Quý Đức,,105.7747686,20.9874769,Hà Nội,Hà Nội,Nam Từ Liêm,,,Primary
OSM,Trường Tiểu học Thị trấn Sìn Hồ,Sin Ho Town Primary School,103.2522939,22.3577532,,,,,,Primary
OSM,Trường PTDTBT Tiểu học Sùng Phài,,103.4662986,22.4041964,,,,,,Primary
OSM,Trường Tiểu học Kim Đồng,,107.431838,10.6249126,,,,,,Primary
OSM,Trường Tiểu học Hiệp Hưng 3,Hiep Hung 3 Primary School,105.7743763,9.7702757,,,,,,Primary
OSM,Trường Tiểu học Ngô Thì Nhậm,,105.8539074,21.0150327,Hà Nội,Hà Nội,Hai Bà Trưng,,,Primary
OSM,Trường Tiểu học Thường Thới Hậu B2,,105.3263971,10.8649528,,,,,,Primary
OSM,Trường Tiểu học Thường Thới Hậu A1,,105.286111,10.8856537,,,,,,Primary
OSM,Trường tiểu học Thường Phước 1,,105.2105907,10.8668414,,,,,,Primary
OSM,Truờng Tiểu học Thường Phước 1B,Thuong Phuoc 1B Primary School,105.2050654,10.8800809,,,,,,Primary
OSM,Trường Tiểu học Thường Phước 1A,Thuong Phuoc 1A Primary School,105.2009288,10.8964111,,,,,,Primary
OSM,Trường tiểu học thị trấn Mường Chà,,103.0941542,21.7645198,,Điện Biên,Mường Chà,,,Primary
OSM,Trường Tiểu học Nậm Cản,,103.1527637,22.0222854,,,,,,Primary
OSM,Trường Tiểu học Quang Trung,,104.9798289,22.8380478,,,,,,Primary
OSM,Trường Tiểu học Nguyễn Trãi,,104.9804505,22.8139844,,,,,,Primary
OSM,Trường Tiểu học Nguyễn Huệ,,104.9986197,22.8442763,,,,,,Primary
OSM,Trường Tiểu học Ngọc Đường,Ngoc Duong Primary School,105.016439,22.8417062,,,,,,Primary
OSM,Trường Tiểu học Kim Đồng,,104.9732997,22.6982844,,,,,,Primary
OSM,Trường Tiểu học số 1 Thị trấn Vị Xuyên,Vi Xuyen Town Primary School no 1,104.9819418,22.6649994,,,,,,Primary
OSM,Trường Tiểu học Đồng Văn A,Dong Van A Primary School,105.3648701,23.2798855,,,,,,Primary
OSM,Trường PTDTBT Tiểu học Lũng Cú,Lung Cu Day Boarding Primary School for Minorities,105.3152006,23.360559,,,,,,Primary
OSM,Trường Tiểu học Lái Hiếu,,105.81402,9.8086484,,,,,,Primary
OSM,Trường Tiểu học Nguyễn Huệ,,105.8349557,9.7930358,,,,,,Primary
OSM,Trường Tiểu học Đông Sơn,Dong Son Primary School,107.327832,16.1131538,,,,,,Primary
OSM,Trường PTDTBT Tiểu học Ma Lé,,105.3007485,23.3085762,,,,,,Primary
OSM,Trường Tiểu Học Lương Thế Vinh,,106.5859985,10.6981187,,Hồ Chí Minh,Bình Chánh,,,Primary
OSM,Trường Tiểu học Nguyễn Đình Chiểu,,106.6980207,10.8032422,Thành phố Hồ Chí Minh,,Quan Binh Thanh,,,Primary
OSM,Trường Tiểu Học Đông Ba,,106.6868269,10.8034146,,Hồ Chí Minh,Quận Phú Nhuận,,,Primary
OSM,Trường Tiểu học Cao Bá Quát,,106.6849726,10.804215,,Hồ Chí Minh,Phú Nhuận,,,Primary
OSM,Trường PTDTBT Tiểu học & Trung học cơ sở Lũng Táo,,105.2733866,23.2789875,,,,,,Primary
OSM,Trường PTDTBT Tiểu Học Thài Phìn Tủng,,105.3219943,23.2728794,,,,,,Primary
OSM,Trường PTDTBT Tiểu Học - Trung học cơ sở Sủng Là,,105.2144028,23.23153,,,,,,Primary
OSM,Trường PTDTBT Tiểu Học - Trung học cơ sở Sà Phìn,,105.2630721,23.2554111,,,,,,Primary
OSM,Trường Tiểu học Phương Độ,,104.9425878,22.8416079,,,,,,Primary
OSM,Trường Tiểu học Kim Đồng,,106.4986653,9.6396543,,,,,,Primary
OSM,Trường Tiểu học Đặng Nguyên Cẩn,,106.6320837,10.7534153,,Thành phố Hồ Chí Minh,Quận 6,,,Primary
OSM,Trường Tiểu học Lam Sơn,,106.6300708,10.7476732,,Thành phố Hồ Chí Minh,Quận 6,,,Primary
OSM,Trường Tiểu học Lê Công Phép,,106.6212706,10.7376635,,Thành phố Hồ Chí Minh,Bình Tân,,,Primary
OSM,Trường Tiểu học Võ Thị Sáu,Vo Thi Sau Primary School,106.3296488,20.9385323,,,,,,Primary
OSM,Trường Tiểu học Tô Hoàng,,105.8493084,21.0079557,Hà Nội,Hà Nội,Hai Bà Trưng,,,Primary
OSM,Trường Tiểu học Tô Hiệu,To Hieu Primary School,106.3347696,20.9431241,,,,,,Primary
OSM,Trường Tiểu học Phong Xuân,,107.3629193,16.5072786,,,,,,Primary
OSM,Trường Tiểu học Vũ Xuân Thiều,,105.9181086,21.032479,Hà Nội,Hà Nội,Long Biên,,,Primary
OSM,Trường Tiểu học Tô Vĩnh Diện,,105.8303053,21.0215012,,,,,,Primary
OSM,Trường Tiểu học La Thành,,105.834876,21.0171701,,,,,,Primary
OSM,Trường Tiểu học Thị trấn Yên Minh,Yen Minh Town Primary School,105.1374375,23.1208425,,,,,,Primary
OSM,Trường Tiểu học Cổ Bi,Co Bi Primary School,105.9408599,21.0325963,,Hà Nội,Gia Lâm,,,Primary
OSM,Trường PTDTBT Tiểu học Trà Leng,Tra Leng Ethnic Minority Primary School,108.0145124,15.2727827,,,,,,Primary
OSM,Trường PTDTBT Tiểu học & Trung học cơ sở Phước Lộc,Phước Lộc Ethnic Minority Primary and Secondary School,107.8514578,15.2758039,,,,,,Primary
OSM,Trường Tiểu học A Túc,A Túc Primary School,106.7173894,16.4714308,,,,,,Primary
OSM,Trường Tiểu học số 2 Khe Sanh,Khe Sanh no 2 Primary School,106.74016,16.6327345,,,,,,Primary
OSM,Trường Tiểu học số 1 Khe Sanh,Khe Sanh no 1 Primary School,106.7357517,16.6281003,,,,,,Primary
OSM,Trường Tiểu học Tân Liên,Tan Lien Primary School,106.7084723,16.6209002,,,,,,Primary
OSM,Trường Tiểu học Thanh Xuân Trung,,105.8052205,21.0013503,,,,,,Primary
OSM,Trường Tiểu học Thành Công A,Thanh Cong A Primary School,105.8128485,21.0229472,,,,,,Primary
OSM,Trường Tiểu học Cầu Diễn,,105.7649102,21.039245,,,,,,Primary
OSM,Trường Tiểu học Lê Quý Đôn,,105.7633671,21.0334319,,,,,,Primary
OSM,Trường Tiểu học Đoàn Thị Điểm,,105.7673946,21.0310209,,,,,,Primary
OSM,Trường Tiểu học Thành Công B,Thanh Cong B Primary School,105.8160937,21.0207754,,,,,,Primary
OSM,Trường Tiểu học Vietkids,,105.8279668,21.0178963,,,,,,Primary
OSM,Trường Tiểu học Đồng Tâm,,105.8444685,20.9979615,,,,,,Primary
OSM,Trường Tiểu học Đại Kim,,105.8219244,20.9780535,,,,,,Primary
OSM,Trường Tiểu học Chi Lăng,Chi Lăng Primary School,108.232396,16.0625239,,,,,,Primary
OSM,Trường Tiểu học số 1 Hóa Thượng,,105.8424596,21.6436248,,,,,,Primary
OSM,Trường Tiểu học Núi Voi,Nui Voi Primary School,105.8338234,21.6337952,,,,,,Primary
OSM,Trường Tiểu học Chiến Thắng,Chien Thang Primary School,105.8389666,21.6264205,,,,,,Primary
OSM,Trường Tiểu học Trưng Vương,Truong Vuong Primary School,105.8432749,21.5969536,,,,,,Primary
OSM,Trường Tiểu học & Trung học cơ sở Hóa Trung,,105.8424796,21.6655534,,,,,,Primary
OSM,Trường Tiểu học Đặng Trần Côn,,105.7986064,20.9923452,,,,,,Primary
OSM,Trường Tiểu học Thanh Xuân Bắc,,105.7992812,20.9919177,,,,,,Primary
OSM,Trường Tiểu học Minh Lập 2,Minh Lap 2 Primary School,105.8178435,21.6876641,,,,,,Primary
OSM,Trường Tiểu học Thạnh An,Thanh An Primary School,106.9770554,10.4718928,,,,,,Primary
OSM,"Trường Tiểu học, Trung học Vinschool",Vinschool Primary and Secondary,105.7392143,21.0039546,,,,,,Primary
OSM,Trường Tiểu học Đức Thắng,,105.7766415,21.0783024,,,,,,Primary
OSM,Trường Tiểu học Hùng Vương,,106.6610748,10.7866237,Ho Chi Minh City,,Tân Hòa,,,Primary
OSM,Trường Tiểu học Quỳnh Mai,,105.8590625,21.0017471,,,,,,Primary
OSM,Trường Tiểu học Đông Ngạc B,,105.7832364,21.0915667,Hà Nội,,Bắc Từ Liêm,,,Primary
OSM,Trường Tiểu học Trưng Trắc,,105.8550225,21.0114631,,,,,,Primary
OSM,Trường Tiểu học Hòa Tú 1B,,105.8951247,9.4397537,,,,,,Primary
OSM,Trường Tiểu học Thị trấn Cô Tô,,107.7659363,20.9701705,,,,,,Primary
OSM,Trường Tiểu học Bình Quới Tây,,106.7330693,10.8230063,,,,,,Primary
OSM,Trường Tiểu học Cát Linh,,105.8293321,21.0282567,Hà Nội,Hà Nội,Đống Đa,+84 24 38236254,,Primary
OSM,Trường Tiểu học Phan Chu Trinh,Phan Chu Trinh Primary School,105.8392583,21.0297538,Hà Nội,Thành phố Hà Nội,Phường Ba Đình,,,Primary
OSM,Trường Tiểu học Tam Khương,,105.8255106,21.003386,,,,,,Primary
OSM,Trường Tiểu học Hồng Thái,,105.2105153,21.8254777,Tuyên Quang,,,,,Primary
OSM,Trường Tiểu học Đông Thái,,105.8104528,21.0518698,Phường Bưởi,Hanoi,,,,Primary
OSM,"Trường Tiểu học, Trung học cơ sở và Trung học phổ thông Thực nghiệm Khoa học Giáo dục",Thuc Nghiem School,105.8128265,21.0330584,,,,,,Primary
OSM,Trường Tiểu học Tả Phìn,,105.3168686,23.2425192,,,,,,Primary
OSM,Trường Tiểu học thị trấn Bảo Lạc,Bao Lac Town Primary School,105.6803012,22.9506949,,,,,,Primary
OSM,Trường Tiểu học Lê Lợi,,105.7816848,20.9650209,,,,,,Primary
OSM,Trường Tiểu học Nguyễn Trãi,,105.7794262,20.9718393,,,,,,Primary
OSM,Trường Tiểu học Trung Phụng,,105.8362269,21.0156076,,,,,,Primary
OSM,Trường Tiểu học Ba Đình,Ba Dinh Primary School,105.8242035,21.040369,,,,,,Primary
OSM,Trường Tiểu học Nghĩa Dũng,Nghia Dung Primary School,105.8470353,21.0482603,,,,,,Primary
OSM,Trường Tiểu học Nguyễn Bá Ngọc,Nguyen Ba Ngoc Primary School,105.8135554,21.0342825,,,,,,Primary
OSM,Trường Tiểu học Thủ Lệ,Thu Le Primary School,105.8066216,21.0319272,,,,,,Primary
OSM,Trường Tiểu học Bạch Mai,,105.8514361,20.9980818,,,,,,Primary
OSM,Trường Tiểu học Khương Đình,,105.8170382,20.9893193,Hà Nội,Hà Nội,Thanh Xuân,,,Primary
OSM,Trường Tiểu học Lê Ngọc Hân,,105.8565023,21.0169265,,,,,,Primary
OSM,Trường Tiểu học Trung Hiền,,105.8487347,20.993477,,,,,,Primary
OSM,Trường Tiểu học Vĩnh Tuy,,105.8739674,20.997967,,,,,,Primary
OSM,Trường Tiểu học Minh Khai,,105.8522825,21.0044585,,,,,,Primary
OSM,Trường Tiểu học Đoàn Kết,,105.8542271,21.010273,,,,,,Primary
OSM,Trường Tiểu học Đồng Nhân,,105.860235,21.0106854,,,,,,Primary
OSM,Trường Tiểu học Thanh Lương,,105.8617693,21.0077118,,,,,,Primary
OSM,Trường Tiểu học Khương Mai,,105.8252174,20.9987574,Hà Nội,,Thanh Xuân,,,Primary
OSM,Trường Tiểu học Thanh Xuân Nam,,105.8025226,20.9865634,,,,,,Primary
OSM,Trường Tiểu học Sơn Đà,,105.3044717,21.1810411,,,,,,Primary
OSM,Trường Tiểu học Yên Bài (khu A),,105.4340606,21.0399387,Hà Nội,,Ba Vì,,,Primary
OSM,Trường Tiểu học và Trung học cơ sở Hợp Nhất (khu Trung học cơ sở),,105.3294339,21.0802296,,,,,,Primary
OSM,Trường Tiểu học Ba Trại A,,105.3544251,21.1268736,Hà Nội,,Ba Vì,,,Primary
OSM,Trường Tiểu học Ba Trại B,,105.3483269,21.1248506,Hà Nội,,Ba Vì,,,Primary
OSM,Trường Tiểu học Thị trấn Sóc Sơn,,105.849824,21.2591656,Hà Nội,,Sóc Sơn,,,Primary
OSM,Trường Tiểu học Lương Hòa,,106.4440138,10.202901,Huyện Giồng Trôm,Bến Tre,Xã Lương Hòa,,,Primary
OSM,Trường Mầm non và Tiểu học Genesis,,105.8012735,21.0499375,,,,,,Primary
OSM,Trường Tiểu học Phan Đình Giót,,105.8064959,21.0027822,Hà Nội,,Thanh Xuân,,,Primary
OSM,Trường Tiểu học Chương Dương,,105.8578567,21.0299022,Hà Nội,Hà Nội,Hoàn Kiếm,,,Primary
OSM,Trường Tiểu học Chương Dương (khu B),,105.8612253,21.0268887,Hà Nội,,Hoàn Kiếm,,,Primary
OSM,Trường Tiểu học Điện Biên,,105.8459797,21.0284256,Hà Nội,,Hoàn Kiếm,,,Primary
OSM,Trường Tiểu học Nguyễn Du,,105.855281,21.033364,Hà Nội,Thành phố Hà Nội,Phường Hoàn Kiếm,,,Primary
OSM,Trường Tiểu học Phúc Tân,,105.8532142,21.0386063,Hà Nội,,Hoàn Kiếm,,,Primary
OSM,Trường Tiểu học Nghĩa Tân,,105.795087,21.0424665,,,,,,Primary
OSM,Trường Tiểu học An Hoà,An Hoa Primary School,105.7972994,21.0277809,Hà Nội,Hà Nội,Cầu Giấy,,,Primary
OSM,Trường Tiểu học Dịch Vọng A,Dich Vong A Primary School,105.7839663,21.0352219,Hà Nội,Hà Nội,Cầu Giấy,,,Primary
OSM,Trường Tiểu học Nguyễn Khả Trạc,,105.7764424,21.0433338,Hà Nội,Hà Nội,Cầu Giấy,,,Primary
OSM,Trường Tiểu học Trần Quang Diệu,,106.6772536,10.7884224,Thành phố Hồ Chí Minh,,,,,Primary
OSM,Trường Tiểu học - Trung học cơ sở - Trung học phổ thông Khương Hạ,,105.8151867,20.9917953,,,,,,Primary
OSM,Trường Tiểu học Kim Giang,,105.813103,20.9826908,,,,,,Primary
OSM,Trường Tiểu học Nguyễn Tuân,,105.8067482,20.9965613,,,,+84 24 3202 5036,,Primary
OSM,Trường Tiểu học Nhân Chính,,105.8117801,21.0021541,Hà Nội,,Thanh Xuân,,,Primary
OSM,Trường Tiểu học Phương Liệt,,105.8383519,20.9972117,Hà Nội,,Quận Thanh Xuân,,,Primary
OSM,Trường Tiểu học Quảng An,,105.8257803,21.0648415,Hà Nội,,Tây Hồ,,,Primary
OSM,Trường Tiểu học Tứ Liên,,105.8352532,21.0628456,,,,,,Primary
OSM,Trường Tiểu học Xuân La,,105.8057831,21.0659831,Hà Nội,,Tây Hồ,,,Primary
OSM,Trường Tiểu học Thư Lâm,,105.8529937,21.1550922,Hà Nội,,,,,Primary
OSM,Trường Tiểu học Tân Lập A,,105.7162871,21.0880029,Hà Nội,,Đan Phượng,,,Primary
OSM,Trường Tiểu học Dương Xá,,105.9677369,21.0074311,Hà Nội,,Gia Lâm,,,Primary
OSM,Trường Tiểu học Mỹ Đình 2,,105.7739734,21.0268139,Hà Nội,Hà Nội,Nam Từ Liêm,,,Primary
OSM,Trường Tiểu học Thuợng Thanh,,105.889825,21.0592494,Hà Nội,,Long Biên,,,Primary
OSM,Trường Tiểu học Yên Viên,,105.9170516,21.096856,,,,,,Primary
OSM,Trường Tiểu học Lê Văn Tám,,106.7336092,10.7201824,,,,,,Primary
OSM,Trường Tiểu học Vĩnh Xuyên,,106.6528885,10.7475471,Phường 1,Hồ Chí Minh,Quận 6,,,Primary
OSM,Trường Tiểu học Nguyễn Thiện Thuật,,106.6481135,10.7483297,,,,,,Primary
OSM,Trường Tiểu học Nhật Tảo,,106.6467265,10.7451627,,Hồ Chí Minh,Quận 6,,,Primary
OSM,Trường Tiểu học Kim Đồng,,106.6441176,10.7407147,Phường 3,Hồ Chí Minh,Quận 6,,,Primary
OSM,Trường Tiểu học Tân Tạo,,106.5892914,10.7620492,,Hồ Chí Minh,Bình Tân,,,Primary
OSM,Trường Tiểu học Lạc Hồng,,106.5999059,10.7923835,,Hồ Chí Minh,Bình Tân,,,Primary
OSM,Trường Tiểu học Đinh Bộ Lĩnh,,106.6218952,10.802638,,Hồ Chí Minh,Tân Phú,,,Primary
OSM,Trường Tiểu học Phúc Đồng,,105.9034195,21.0404952,Hà Nội,Hà Nội,Long Biên,,,Primary
OSM,Trường Tiểu học Nam Từ Liêm,,105.7477206,21.0303075,,,,,,Primary
OSM,Trường Tiểu học Quảng Lãng,,106.0678703,20.8086066,,,,,,Primary
OSM,Trường Tiểu học Tân Dân,,105.8787749,20.741147,Hà Nội,,Phú Xuyên,,,Primary
OSM,Trường Tiểu Học Trần Quốc Tuấn,,105.9892535,10.2338665,,,,,,Primary
OSM,Trường Tiểu học Thị Cầu,,106.0849629,21.1941662,Bắc Ninh,Bac Ninh,Thành phố Bắc Ninh,,,Primary
OSM,Trường Tiểu học Suối Hoa,Suoi Hoa Primary School,106.0767012,21.1812421,Bắc Ninh,Bac Ninh,Thành phố Bắc Ninh,,,Primary
OSM,Trường Tiểu học Nhật Tân,,105.8226209,21.0765246,,,,,,Primary
OSM,Trường Tiểu học Lý Nam Đế,,105.7387239,21.0193561,,,,,,Primary
OSM,Trường Tiểu học Xuân Phương,,105.738333,21.0259934,,,,,,Primary
OSM,Trường Tiểu học Biên Giang,,105.7229707,20.9290906,Hà Nội,,Hà Đông,,,Primary
OSM,Trường Tiểu học Đồng Mai 1,,105.7349221,20.9336518,Hà Nội,,Hà Đông,,,Primary
OSM,Trường Tiểu học Đồng Mai 2,,105.7374627,20.9211927,Hà Nội,,Hà Đông,,,Primary
OSM,Trường Tiểu học Kim Đồng,,105.7459295,20.9748024,Hà Nội,,Hà Đông,,,Primary
OSM,Trường Tiểu học An Hưng,,105.7521914,20.9741274,Hà Nội,,Hà Đông,,,Primary
OSM,Trường Tiểu học Dương Nội B,,105.7490442,20.9808969,Hà Nội,,Hà Đông,,,Primary
OSM,Trường Tiểu học Trần Quốc Toản,,105.7450118,20.9883909,Hà Nội,,Hà Đông,,,Primary
OSM,Trường Tiểu học Trưng Vương,,107.0099767,10.9454223,,,,,,Primary
OSM,Trường Tiểu học Bùi Hữu Nghĩa,,106.6218376,10.7544314,,Hồ Chí Minh,Bình Tân,,,Primary
OSM,Trường Tiểu học Him Lam,,106.6250676,10.7526925,,Hồ Chí Minh,Quận 6,,,Primary
OSM,Trường Tiểu học Thiềng Đức,,105.9820827,10.2494674,,,,,,Primary
OSM,Trường Tiểu học Nguyễn Du,,105.9711156,10.2513747,,,,,,Primary
OSM,Trường Tiểu học Vũ Ninh số 1,,106.0850462,21.1896475,Bắc Ninh,Bac Ninh,Thành phố Bắc Ninh,,,Primary
OSM,Trường Tiểu học Hải Tiến,Hai Tien Primary School,107.8505583,21.5367893,,,,,,Primary
OSM,Trường Tiểu học Hải Đông,Hải Đông Primary School,107.8780979,21.5407899,,,,,,Primary
OSM,Trường Tiểu học Trần Cao Vân - Cơ sở 3,,108.2092559,16.0702996,Đà Nẵng,,Thanh Khê,,,Primary
OSM,Trường Thực hành Sư phạm - Đại học Vinh (Mầm non và Tiểu học),,105.6977697,18.6587953,,,,,,Primary
OSM,Trường Tiểu học Ka Long,Ka Long Primary School,107.95959,21.5348519,,,,,,Primary
OSM,Trường Tiểu học Đại Mỗ,,105.752247,20.9951095,Hà Nội,,Nam Từ Liêm,,,Primary
OSM,Trường Tiểu học Minh Khai B,,105.7416877,21.0671217,,,,,,Primary
OSM,Trường Tiểu học Minh Khai A,,105.7426464,21.0510009,,,,,,Primary
OSM,Trường Tiểu học Phúc Diễn,,105.7549077,21.0521035,Hà Nội,,Bắc Từ Liêm,,,Primary
OSM,Trường Tiểu học Phú Diễn,,105.7591312,21.0497503,Hà Nội,,Bắc Từ Liêm,,,Primary
OSM,Trường Tiểu học Tây Tựu A,,105.7293233,21.0699655,Hà Nội,,Bắc Từ Liêm,,,Primary
OSM,Trường Tiểu học Tây Tựu B,,105.7392007,21.0680384,,,,,,Primary
OSM,Trường Tiểu học Nguyễn Bỉnh Khiêm,,107.339856,10.9052196,,,,,,Primary
OSM,Trường Tiểu học Chu Văn An,,107.3784202,10.9073187,,,,,,Primary
OSM,Trường Tiểu học Thịnh Liệt,,105.8488725,20.9715137,,,,,,Primary
OSM,Trường Tiểu học Tân Phú,,106.84236,11.0120565,,,,,,Primary
OSM,Trường Tiểu học Hiến Nam,,106.0551971,20.6657788,Hưng Yên,Hưng Yên,,,,Primary
OSM,Trường Tiểu học Tân Tiến,,106.8393698,10.9606354,,,,,,Primary
OSM,Trường Tiểu học Hoàng Lê,,106.0556428,20.6497608,,,,,,Primary
OSM,Trường Tiểu học Thuỵ Lôi,,106.1502961,20.6603918,,,,,,Primary
OSM,Trường Tiểu học An Tảo,,106.0618757,20.6746018,Hưng Yên,Hưng Yên,,,,Primary
OSM,Trường Tiểu học Bảo Khê,,106.0589115,20.7018233,,,,,,Primary
OSM,Trường Tiểu học-Trung học cơ sở-Trung học phổ thông Lê Quý Đôn,,106.8249534,10.9494156,,,,,,Primary
OSM,Trường Tiểu học-Trung học cơ sở-Trung học phổ thông Thái Bình Dương,,106.8252181,10.949048,,,,,,Primary
OSM,Trường Tiểu học-Trung học cơ sở-Trung học phổ thông Song ngữ Á Châu,,106.8242337,10.9491292,,,,,,Primary
OSM,Trường Tiểu học Thượng Cát,,105.7345757,21.0904456,Hà Nội,,Bắc Từ Liêm,,,Primary
OSM,Trường Tiểu học Thuỵ Phương,,105.7764341,21.0910615,,,,,,Primary
OSM,Trường Tiểu học Nguyễn Du,,105.7794452,20.9942072,,,,,,Primary
OSM,Trường Tiểu học Trung Văn,,105.7848578,20.9902825,,,,,,Primary
OSM,Trường Tiểu học Trần Văn Ơn,,106.8238332,10.9242803,,,,,,Primary
OSM,Trường Tiểu học Mễ Trì,,105.7763706,21.0103391,,,,,,Primary
OSM,Trường Tiểu học Phú Đô,,105.7695124,21.0130247,,,,,,Primary
OSM,Trường Tiểu học Phương Canh,,105.7432422,21.0334545,,,,,,Primary
OSM,Trường Tiểu học Kiến Hưng,,105.7893438,20.9593804,,,,,,Primary
OSM,Trường Tiểu học Lê Hồng Phong,,105.7753038,20.9675296,Hà Nội,,Hà Đông,,,Primary
OSM,Trường Tiểu học Mậu Lương,,105.7876112,20.9471316,,,,,,Primary
OSM,Trường Tiểu học Phú Lãm,,105.7539982,20.9431515,,,,,,Primary
OSM,Trường Tiểu học Phú La,,105.7647793,20.9553274,,,,,,Primary
OSM,Trường Tiểu học Lê Trọng Tấn,,105.74247,20.9470543,,,,,,Primary
OSM,Trường Tiểu học Phú Cường,,105.7609866,20.9351068,,,,,,Primary
OSM,Trường Tiểu học Tân Phong 1 (Cơ sở 2),,106.8373702,10.9655546,,,,+84 91 375 13 35,,Primary
OSM,Trường Tiểu học Tam Hòa,,106.8652417,10.9456181,,,,,,Primary
OSM,Trường Tiểu học Bình Đa,,106.8630948,10.9351506,,,,,,Primary
OSM,Trường Tiểu học Phú Lương 2,,105.7663343,20.9398454,,,,,,Primary
OSM,Trường Tiểu học Phú Lương 1,,105.7711682,20.9367078,,,,,,Primary
OSM,Trường Tiểu học Đoàn Kết,,105.771607,20.9692648,Hà Nội,,Hà Đông,,,Primary
OSM,Trường Tiểu học Trần Đăng Ninh,,105.7711386,20.9689681,,,,,,Primary
OSM,Trường Tiểu học Trần Phú,,105.7804602,20.9779516,,,,,,Primary
OSM,Trường Tiểu học Trần Phú (cơ sở 2),,105.7818122,20.9781757,,,,,,Primary
OSM,Trường Tiểu học Vạn Bảo,,105.7696974,20.9784585,,,,,,Primary
OSM,Trường Tiểu học Vạn Phúc,,105.7728143,20.9815875,,,,,,Primary
OSM,Trường Tiểu học Nguyễn Tri Phương,,106.8734052,10.9717383,,,,,,Primary
OSM,Trường Tiểu học Nguyễn Tri Phương (cơ sở 2),,106.8736995,10.9722477,,,,,,Primary
OSM,Trường Tiểu học Hiệp Hòa,,106.8335151,10.9366487,,,,,,Primary
OSM,Trường Tiểu học Thống Nhất (cơ sở 2),,106.8360558,10.9567492,,,,,,Primary
OSM,Trường Tiểu học Thống Nhất,,106.8283593,10.9537183,,,,,,Primary
OSM,Trường Tiểu học Hóa An,,106.8052038,10.9361466,,,,,,Primary
OSM,Trường Tiểu học Phan Chu Trinh,,106.8512651,10.9675312,Thành phố Biên Hòa,Tỉnh Đồng Nai,,090 864 7771,,Primary
OSM,Trường Tiểu học Phan Chu Trinh (cơ sở 2),,106.8401722,10.9663732,,,,,,Primary
OSM,Trường Tiểu học Cao Bá Quát,,107.0055192,10.9473665,,,,,,Primary
OSM,Trường Tiểu học Hồng Châu,,106.0608446,20.6403138,,,,,,Primary
OSM,Trường Tiểu học Lam Sơn,,106.0477453,20.6754661,,,,,,Primary
OSM,Trường Tiểu học Minh Khai,,106.0511018,20.6481285,,,,,,Primary
OSM,Trường Tiểu học-Trung học cơ sở-Trung học phổ thông Song ngữ Lạc Hồng,,106.801236,10.9559834,,,,,,Primary
OSM,Trường Tiểu học Tân Bửu,,106.7939157,10.9551227,,,,,,Primary
OSM,Trường Tiểu học Hùng Cường,,106.034323,20.6898815,Hưng Yên,Hưng Yên,,,,Primary
OSM,Trường Tiểu học Liên Phương,,106.0776781,20.6509297,,,,,,Primary
OSM,Trường Tiểu học Nguyễn Huệ,,106.0553809,20.6471943,,,,,,Primary
OSM,Trường Tiểu học Phú Cường,,106.0290644,20.701831,,,,,,Primary
OSM,Trường Tiểu học Phương Chiểu,,106.0878102,20.6396819,,,,,,Primary
OSM,Trường Tiểu học Quảng Châu,,106.0598521,20.6385278,,,,,,Primary
OSM,Trường Tiểu học Trung Nghĩa,,106.0797936,20.6803813,,,,,,Primary
OSM,Trường Tiểu học Tân Hưng,,106.1037319,20.6282031,,,,,,Primary
OSM,Trường Tiểu học Minh Sơn,,106.3221303,21.482762,,Lạng Sơn,Hữu Lũng,,,Primary
OSM,Trường Tiểu học Nguyễn Thái Học,,106.8581437,10.9815558,Thành phố Biên Hòa,Tỉnh Đồng Nai,,,,Primary
OSM,Trường Tiểu học Tân An,,106.9151092,11.0341196,,,,,,Primary
OSM,Trường Tiểu học Cây Gáo A,,107.0353673,11.0870351,,,,,,Primary
OSM,Trường Tiểu học Bình Hòa,,106.7996565,10.9817296,,Tỉnh Đồng Nai,Huyện Vĩnh Cửu,,,Primary
OSM,Trường Tiểu học Cây Gáo B,,107.0221305,11.0903309,,,,,,Primary
OSM,Trường Tiểu Học Bình Tâm,Binh Tam Elementary School,106.4327675,10.5301466,,,,,,Primary
OSM,Trường Tiểu học Lê Văn Tám,,106.8143673,10.9539785,Thành phố Biên Hòa,Đồng Nai,,,,Primary
OSM,Trường Tiểu học Bình Đa (cơ sở 2),,106.860648,10.9391964,,,,,,Primary
OSM,Trường Tiểu học Long Hưng,,106.8570202,10.8724495,,,,,,Primary
OSM,Trường Tiểu học - Trung học cơ sở Lương Chí,,105.7749896,19.4526086,,,,,,Primary
OSM,Trường Tiểu học Thị trấn Lương Bằng,,106.0603665,20.7384857,,,,,,Primary
OSM,Trường Tiểu học Nguyễn Thị Sáu,,106.8655815,10.8928517,,,,,,Primary
OSM,Trường Tiểu học Nhị Tân,,106.5741823,10.8952495,Xã Tân Thới Nhì,Thành phố Hồ Chí Minh,Huyện Hóc Môn,,,Primary
OSM,Trường Tiểu học Đền Lừ,,105.8594977,20.9857449,,,,,,Primary
OSM,Trường Tiểu học Thanh Trì,,105.891463,20.9942219,,,,,,Primary
OSM,Trường Tiểu học Giáp Bát,,105.8427785,20.9865421,,,,,,Primary
OSM,Trường Tiểu học Hoàng Văn Thụ,,105.8530331,20.9903718,,,,,,Primary
OSM,Trường Tiểu học Lĩnh Nam,,105.8862802,20.9812333,,,,,,Primary
OSM,Trường Tiểu học Mai Động,,105.8636005,20.9916294,,,,,,Primary
OSM,Trường Tiểu học Mai Động,,105.8619211,20.9905774,,,,,,Primary
OSM,Trường Tiểu học Tân Định,,105.8457044,20.9883412,,,,,,Primary
OSM,Trường Tiểu học Tân Mai,,105.8496511,20.9842197,,,,,,Primary
OSM,Trường Tiểu học Trần Phú,,105.8841475,20.9736797,,,,,,Primary
OSM,Trường Tiểu học Vĩnh Hưng,,105.8771698,20.9849076,,,,,,Primary
OSM,Trường Tiểu học Thuý Lĩnh,,105.8947656,20.9737498,,,,,,Primary
OSM,Trường Tiểu học Nguyễn Bỉnh Khiêm,Nguyen Binh Khiem Primary School,105.9110725,21.0393974,,,,,,Primary
OSM,Trường Tiểu học Sài Đồng,,105.905402,21.0387578,,,,,,Primary
OSM,Trường Tiểu học Đoàn Kết,,105.9024838,21.0229476,,,,,,Primary
OSM,Trường Tiểu học Gia Thượng,,105.8641976,21.0629812,,,,,,Primary
OSM,Trường Tiểu học Trị An,,106.9550135,11.0954651,,,,,,Primary
OSM,Trường Tiểu học Thạch Bàn A,,105.9127002,21.0191024,,,,,,Primary
OSM,Trường Tiểu học Thanh Am,,105.8974545,21.0691205,,,,,,Primary
OSM,Trường Tiểu học Cự Khối,,105.9088769,21.0111492,,,,,,Primary
OSM,Trường Tiểu học Đức Giang,,105.8897441,21.0690012,,,,,,Primary
OSM,Trường Tiểu học Giang Biên,,105.9171935,21.0634325,,,,,,Primary
OSM,Trường Tiểu học Lý Thường Kiệt,,105.864412,21.0611148,,,,,,Primary
OSM,Trường Tiểu học Long Biên,,105.8895039,21.0240897,,,,,,Primary
OSM,Trường Tiểu học Ngô Gia Tự,,105.9061693,21.0696231,,,,,,Primary
OSM,Trường Tiểu học Tam Phước 4,,106.9657553,10.8688803,,,,,,Primary
OSM,Trường Tiểu học An Hòa,,106.8619645,10.8947266,,,,,,Primary
OSM,Trường Tiểu học Kim Đồng,,106.8271134,10.9115279,,,,,,Primary
OSM,Trường Tiểu học Nguyễn Huệ,,106.902897,10.9642756,,,,,,Primary
OSM,Trường Tiểu học Phan Bội Châu,,106.8767605,10.9521598,,,,,,Primary
OSM,Trường Tiểu học Phù Đổng,,106.895007,10.9816094,,,,,,Primary
OSM,Trường Tiểu học Phước Tân,,106.9028077,10.8891111,,,,,,Primary
OSM,Trường Tiểu học Tam Hiệp B,,106.8593384,10.9421117,,,,,,Primary
OSM,Trường Tiểu học Tam Phước 1,,106.9165696,10.8689398,,,,,,Primary
OSM,Trường Tiểu học Tam Phước 2,,106.9616117,10.865456,,,,,,Primary
OSM,Trường Tiểu học Tam Phước 3,,106.9277212,10.8572878,,,,,,Primary
OSM,Trường Tiểu học Tân Cang,,106.9466026,10.9145439,,,,,,Primary
OSM,Trường Tiểu học Tân Hạnh,,106.7799483,10.9548142,,,,,,Primary
OSM,Trường Tiểu học Trần Quốc Toản,,106.8885086,10.9692673,,,,,,Primary
OSM,Trường Tiểu học Tân Mai 2,,106.9085679,10.8700785,,,,,,Primary
OSM,Trường Tiểu học Âu Cơ,,106.9241172,10.8549617,,,,,,Primary
OSM,Trường Tiểu học Thánh Tâm,,106.9024943,10.9736528,,,,,,Primary
OSM,Trường Tiểu học-Trung học cơ sở-Trung học phổ thông Tân Hòa,,106.9059484,10.9775188,,,,,,Primary
OSM,Trường Tiểu học Thị trấn Phùng,Phung Town Primary School,105.6637522,21.0871422,,,,,,Primary
OSM,Trường Tiểu học Đan Phượng,Dan Phuong Primary School,105.6644205,21.087491,,,,,,Primary
OSM,Trường Tiểu học Song Phượng,,105.6684862,21.0819432,,,,,,Primary
OSM,Trường Tiểu học Hiệp Cường,,106.0623499,20.7126025,,,,,,Primary
OSM,Trường Tiểu học Ngũ Phụng (cơ sở 3),Ngu Phung Primary School - Campus 3,108.9337577,10.518102,,Bình Thuận,Phú Quý,,,Primary
OSM,Trường Tiểu học Tam Thanh,Tam Thanh Primary School,108.9392373,10.5143462,,Bình Thuận,Phú Quý,,,Primary
OSM,Trường Tiểu học Phú An,,108.9307786,10.5313164,,,,,,Primary
OSM,Trường Tiểu học Triều Dương,Trieu Duong Primary School,108.9500198,10.5065857,,,,,,Primary
OSM,Trường Tiểu học An Phước,,106.9397172,10.8534341,,,,,,Primary
OSM,Trường Tiểu học Nhân Mỹ,,106.1313855,20.5346654,,,,,,Primary
OSM,Trường Tiểu học Bắc Lý,,106.0863205,20.5811868,,,,,,Primary
OSM,Trường Tiểu Học Từ Đức - Cơ sở 1,,106.7680012,10.8454482,,,,,,Primary
OSM,Trường Tiểu học Bình Triệu,,106.7153587,10.8291257,Phường Hiệp Bình Chánh,Thành phố Hồ Chí Minh,Thành phố Thủ Đức,,,Primary
OSM,Trường Tiểu học Thái Văn Lung,,106.7443578,10.8663661,,,,,,Primary
OSM,Trường Tiểu học Tam Bình,,106.7378526,10.8685981,,,,,,Primary
OSM,Trường Tiểu học Xuân Hiệp - cơ sở chính,,106.7682454,10.8789362,,,,,,Primary
OSM,Trường Tiểu học Xuân Hiệp - cơ sở 3,,106.7762321,10.8794046,,,,,,Primary
OSM,Trường Tiểu học Xuân Hiệp - cơ sở 2,,106.7680931,10.8831093,,,,,,Primary
OSM,Trường Tiểu học Linh Tây,,106.7546144,10.8560082,,,,,,Primary
OSM,Trường Tiểu học Bình Quới,,106.7455783,10.8543365,,,,,,Primary
OSM,Trường Tiểu học Đặng Văn Bất,,106.7479843,10.8559954,,,,,,Primary
OSM,Trường Tiểu học Linh,,106.750928,10.8552727,,,,,,Primary
OSM,Trường Tiểu học Nguyễn Văn Banh,,106.7588525,10.8354414,,,,,,Primary
OSM,Trường Tiểu Học Nguyễn Văn Lịch,,106.7697012,10.8774259,,,,,,Primary
OSM,Trường Tiểu học Đào Sơn Tây,,106.7215524,10.846073,,,,,,Primary
OSM,Trường Tiểu học Hiệp Bình Chánh,,106.7299253,10.8318229,,,,,,Primary
OSM,Tiểu học Hiệp Phú,,106.7827422,10.8460822,,,,,,Primary
OSM,Trường Tiểu học Linh Chiểu,,106.7589734,10.8552373,,,,,,Primary
OSM,Tiểu học Nhị Đồng,,106.7671352,10.8989267,,,,,,Primary
OSM,Tiểu học Đông Hòa C,,106.7886066,10.8976201,,,,,,Primary
OSM,Trường Tiểu học Lạc Long Quân,,109.3112366,13.0987148,,,,,,Primary
OSM,Trường Tiểu học Kim Đồng,,103.9737196,21.2797188,,,,,,Primary
OSM,Trường Tiểu học Hoà Long,Hoa Long Primary School,106.0492743,21.2128682,Bắc Ninh,Bac Ninh,Thành phố Bắc Ninh,,,Primary
OSM,Trường Tiểu học Vạn An,,106.0503466,21.1957116,Bắc Ninh,Bac Ninh,Thành phố Bắc Ninh,,,Primary
OSM,Trường Tiểu học Khắc Niệm,,106.0609968,21.1380988,Bắc Ninh,Bắc Ninh,Thành phố Bắc Ninh,,,Primary
OSM,Trường Tiểu học Kim Chân,,106.1092429,21.1956425,Bắc Ninh,Bac Ninh,Thành phố Bắc Ninh,,,Primary
OSM,Trường Tiểu học - Trung học cơ sở - Trung học phổ thông Lê Thánh Tông,,106.6212598,10.8056192,,,,,,Primary
OSM,Trường Tiểu học Bình Hưng Hòa,,106.6052453,10.8226967,,Hồ Chí Minh,Bình Tân,,,Primary
OSM,Trường Tiểu học Phù Đổng,,106.5992757,10.7849899,,Hồ Chí Minh,Bình Tân,,,Primary
OSM,Trường Tiểu học Tô Vĩnh Diện,,106.6196278,10.7913298,,Hồ Chí Minh,Tân Phú,,,Primary
OSM,Trường Tiểu học Tân Hương,,106.6216469,10.7935746,,Hồ Chí Minh,Tân Phú,,,Primary
OSM,Trường Tiểu học Phú Minh,Phu Minh Primary School,105.9148783,20.7809102,,,,,,Primary
OSM,Trường Tiểu học Nam Tiến A,Nam Tien A Primary School,105.9212181,20.7726636,,,,,,Primary
OSM,Trường Tiểu học Nam Tiến B,,105.9352498,20.772037,,,,,,Primary
OSM,Trường Tiểu học & Trung học cơ sở Tam Đảo,,105.6422462,21.4544622,,,,,,Primary
OSM,Trường Tiểu học Bình Thuận,,106.6049695,10.7898686,,Hồ Chí Minh,Bình Tân,,,Primary
OSM,Trường Tiểu học Bình Long,,106.6118801,10.7854938,,Hồ Chí Minh,Bình Tân,,,Primary
OSM,Trường Tiểu học Tân Thới,,106.6168995,10.7919663,,Hồ Chí Minh,Tân Phú,,,Primary
OSM,Trường Tiểu học Lê Quang Định,,106.7077841,10.7073245,,Hồ Chí Minh,Nhà Bè,,,Primary
OSM,Trường Tiểu học Tạ Uyên,,106.702035,10.6922232,,Hồ Chí Minh,Nhà Bè,,,Primary
OSM,Trường Tiểu học Lê Lợi,,106.7065306,10.6796547,,Hồ Chí Minh,Nhà Bè,,,Primary
OSM,Trường Tiểu học Trang Tấn Khương,,106.7305987,10.6416314,,Hồ Chí Minh,Nhà Bè,,,Primary
OSM,Trường Tiểu học Nguyễn Việt Hồng,,106.7282972,10.6951433,,Hồ Chí Minh,Nhà Bè,,,Primary
OSM,Trường Tiểu học Phạm Hùng,,106.6835152,10.7163273,,Hồ Chí Minh,Bình Chánh,,,Primary
OSM,Trường Tiểu học Châu Văn Liêm,,106.3959044,10.8886048,,Long An,Đức Hòa,,,Primary
OSM,Trường Tiểu học Bình Lợi Trung,,106.704865,10.8273222,,Hồ Chí Minh,Bình Thạnh,,,Primary
OSM,Trường Tiểu Học Trần Quốc Toản,,106.6885432,10.8266655,,Hồ Chí Minh,Gò Vấp,,,Primary
OSM,Trường Tiểu học Lê Đức Thọ,,106.6749756,10.8496479,Phường 15,Hồ Chí Minh,Gò Vấp,,,Primary
OSM,Trường Tiểu học Võ Thị Sáu,,106.6691474,10.8451447,,Hồ Chí Minh,Gò Vấp,,,Primary
OSM,Trường Tiểu học Phan Chu Trinh - cơ sở 1,,106.6623651,10.8495821,,Hồ Chí Minh,Gò Vấp,,,Primary
OSM,Trường Tiểu học Lê Văn Thọ,,106.6597464,10.8525129,,Hồ Chí Minh,Gò Vấp,,,Primary
OSM,Trường Tiểu học Lê Quý Đôn,,106.6475438,10.855013,,Hồ Chí Minh,Gò Vấp,,,Primary
OSM,Trường Tiểu học An Hội,,106.6412971,10.8442565,,Hồ Chí Minh,Gò Vấp,,,Primary
OSM,Trường Tiểu học Nguyễn Thị Minh Khai,,106.6626267,10.8346961,,Hồ Chí Minh,Gò Vấp,,,Primary
OSM,Trường Tiểu học Bình Hòa,,106.7019854,10.8167475,Phường 12,Hồ Chí Minh,Bình Thạnh,,,Primary
OSM,Trường Tiểu Học Chu Văn An,,106.7059532,10.8125516,,Hồ Chí Minh,Bình Thạnh,,,Primary
OSM,Trường Tiểu học Cửu Long,,106.714589,10.790085,,Hồ Chí Minh,Bình Thạnh,,,Primary
OSM,Trường Tiểu Học Thanh Đa,,106.7194315,10.8167682,,Hồ Chí Minh,Bình Thanh,,,Primary
OSM,Trường Tiểu học Tầm Vu,,106.7162025,10.8142894,,Hồ Chí Minh,Bình Thạnh,,,Primary
OSM,Trường Tiểu học Lam Sơn,,106.6522693,10.8504682,Phường 14,Ho Chi Minh City,Gò Vấp,,,Primary
OSM,Trường Tiểu học Lê Lai,,106.6217319,10.8126858,,Hồ Chí Minh,Tân Phú,,,Primary
OSM,Trường Tiểu học Lê Minh Xuân 2,,106.5348894,10.7221341,,Hồ Chí Minh,Bình Chánh,,,Primary
OSM,Trường Tiểu học An Thạnh - phân hiệu ấp 6,,106.4931634,10.6726903,,Long An,Bến Lức,,,Primary
OSM,Trường Tiểu học An Thạnh,,106.4711245,10.6519949,,Long An,Bến Lức,,,Primary
OSM,Trường Tiểu học Lương Hòa,,106.4452094,10.6998738,,Long An,Bến Lức,,,Primary
OSM,Trường Tiểu học Thị trấn Thứa,,106.2037663,21.0179361,Bắc Ninh,Bac Ninh,Huyện Lương Tài,,,Primary
OSM,Trường Tiểu học Âu Dương Lân,,106.3855898,10.3513083,,,,,,Primary
OSM,Trường Tiểu học Đinh Bộ Lĩnh,,106.378491,10.3536941,,,,,,Primary
OSM,Trường Tiểu học Hồ Văn Nhánh,,106.3702548,10.3532561,,,,,,Primary
OSM,Trường Tiểu học Hoàng Hoa Thám,,106.369421,10.3591974,,,,,,Primary
OSM,Trường Tiểu học Nguyễn Huệ,,106.3557766,10.3571715,,,,,,Primary
OSM,Trường Tiểu học Thiên Hộ Dương,,106.3552517,10.3659364,,,,,,Primary
OSM,Trường Tiểu học Phan Đình Phùng,,106.6820953,10.7689477,,,,,,Primary
OSM,Trường Tiểu học Nguyễn Sơn Hà,,106.6814544,10.7702228,,,,,,Primary
OSM,Trường Tiểu Học Dân Lập Quốc Tế Việt Úc,,106.6922212,10.7969374,,,,,,Primary
OSM,Trường Tiểu học Hưng Dũng 1,,105.6990877,18.6810441,,,,,,Primary
OSM,Trường Tiểu học Hưng Dũng 2,,105.6934177,18.6853675,,,,,,Primary
OSM,Trường Tiểu học Hoàng Văn Thụ,,108.2232997,16.0747164,,,,,,Primary
OSM,Trường Tiểu học Đại Cường,,105.8563955,20.6520424,,,,,,Primary
OSM,Trường Tiểu học Đại Hùng,,105.8355792,20.663938,,,,,,Primary
OSM,Trường Tiểu học Bình Phước,,106.7870966,10.6426993,,Hồ Chí Minh,Cần Giờ,,,Primary
OSM,Trường Tiểu học An Nghĩa,,106.8290817,10.5895742,Xã An Thới Đông,Hồ Chí Minh,Cần Giờ,,,Primary
OSM,Trường Tiểu học Nguyễn Văn Tạo,,106.7416662,10.6042285,,Hồ Chí Minh,Nhà Bè,,,Primary
OSM,Trường Tiểu học Dương Văn Lịch,,106.7338094,10.6310634,,Hồ Chí Minh,Nhà Bè,,,Primary
OSM,Trường Tiểu học Nam Sơn số 1,,106.1020503,21.1409826,Bắc Ninh,Bac Ninh,Thành phố Bắc Ninh,,,Primary
OSM,Trường Tiểu học Nam Sơn số 2,,106.111067,21.141404,Bắc Ninh,Bắc Ninh,Thành phố Bắc Ninh,,,Primary
OSM,Trường Tiểu học Thị trấn Gia Lộc,,106.3000913,20.8741584,,,,,,Primary
OSM,Trường Tiểu học Lômônôxốp,Lomonosov Primary School,105.7810413,21.0147223,Hà Nội,Hà Nội,Nam Từ Liêm,+84 243 785 2628,,Primary
OSM,Trường Tiểu học B Chi Lăng,,105.0347756,10.5306856,,,,,,Primary
OSM,Trường Tiểu học B Vĩnh Trạch,,105.3163523,10.3517663,,,,,,Primary
OSM,Trường Tiểu học Thị trấn Lam Sơn,Lam Sơn Town Primary School,105.4066411,19.9141024,,Tỉnh Thanh Hóa,Huyện Thọ Xuân,,,Primary
OSM,Trường tiểu học 1 Thị trấn Nam Căn,,104.9947569,8.763366,,,,,,Primary
OSM,Trường Tiểu học Phùng Ngọc Liêm,,105.7258214,9.2879051,,,,,,Primary
OSM,Trường Tiểu học Tây Đằng A,,105.4245369,21.1966407,,,,,,Primary
OSM,Trường Tiểu học Thiện Tân,,106.8952082,11.0261329,,,,,,Primary
OSM,Trường Tiểu học Chu Văn An,,106.8519442,11.0194021,,,,,,Primary
OSM,Trường Tiểu học Thiện Tân (cơ sở 2),,106.8735076,11.017075,,Tỉnh Đồng Nai,Huyện Vĩnh Cửu,,,Primary
OSM,Trường Tiểu học Tân An (cơ sở Đại An),,106.9255705,11.0498213,,,,,,Primary
OSM,Trường Tiểu học - Trung học cơ sở - Trung học phổ thông Chu Văn An,,105.7775436,21.1312626,,,,,,Primary
OSM,Trường Tiểu học Minh Hoà,,106.4879372,11.4458865,,,,,,Primary
OSM,Trường Tiểu học Tân Long,,106.6752016,11.3266701,,,,,,Primary
OSM,Trường Tiểu học Bến Súc,,106.445554,11.1627058,,,,,,Primary
OSM,Trường Tiểu học Trung Thành,Trung Thanh Primary School,105.9404693,21.0221581,Hà Nội,Hà Nội,Gia Lâm,,,Primary
OSM,Trường Tiểu học Trần Phú,,106.6627989,10.9759306,,,,,,Primary
OSM,Trường Tiểu học Chánh Nghĩa,,106.663298,10.9625224,,,,,,Primary
OSM,Trường Tiểu học & Trung học cơ sở Bình Thanh,,106.4374466,20.3215435,,,,,,Primary
OSM,Trường Tiểu học & Trung học cơ sở Trần Đức Thông,,106.2139238,20.5400039,,,,,,Primary
OSM,Trường Tiểu học Nghi Tân,,105.7045241,18.8211302,,,,,,Primary
OSM,Tiểu học Nguyễn Văn Cưng,Nguyen Van Cung Primary School,105.4743278,10.3369114,,,,,,Primary
OSM,Trường Tiểu học Đặng Xá,,105.9602556,21.0274829,,,,,,Primary
OSM,Trường Tiểu học Tân Thành,,105.9668007,20.2571118,,,,,,Primary
OSM,Trường Tiểu học Phú Thị,,105.9704389,21.0197823,,,,,,Primary
OSM,Trường Tiểu học Cao Bá Quát,,105.9510264,21.0183267,,,,,,Primary
OSM,Trường Tiểu học Phú Cường,,107.184121,11.0895413,,,,,,Primary
OSM,Trường Tiểu học Phù Đổng,,107.1857902,11.0899959,,,,,,Primary
OSM,Trường Tiểu học Phú Cường (Điểm trường Thống Nhất),,107.1871456,11.0877812,,,,,,Primary
OSM,Trường Tiểu học Lương Thế Vinh,,108.2417468,16.0725791,,,,,,Primary
OSM,Trường Tiểu học Quang Trung,,108.2454357,16.0900509,,,,,,Primary
OSM,Trường Tiểu học Nguyễn Thái Học,,108.2400047,16.0563665,,,,,,Primary
OSM,Trường Tiểu học Lê Bá Trinh,,108.2386691,16.0396625,,,,,,Primary
OSM,Trường Tiểu học Trần Quang Diệu,,108.248026,16.0264017,,,,,,Primary
OSM,Trường Tiểu học Nguyễn Duy Trinh,,108.2516443,16.0139138,,,,,,Primary
OSM,Trường Tiểu học Đông Hồ,,104.4886087,10.385226,,,,,,Primary
OSM,Trường Tiểu học Chúc Sơn A,,105.7010931,20.9180858,,,,,,Primary
OSM,Trường Tiểu học Thị trấn Chúc Sơn B,,105.7094832,20.9218322,,,,,,Primary
OSM,Trường Tiểu học Xuân Mai A,,105.5705756,20.8993129,,,,,,Primary
OSM,Trường Tiểu học Xuân Mai B,,105.5868871,20.9050321,,,,,,Primary
OSM,Trường Tiểu học Hợp Giang,,106.2578532,22.668329,,,,,,Primary
OSM,Trường Tiểu học Hoà Chung,,106.2552291,22.6623632,,,,,,Primary
OSM,Trường Tiểu học Đại Yên,,105.6973268,20.9019058,,,,,,Primary
OSM,Trường Tiểu học Đồng Phú,,105.7105624,20.8322579,,,,,,Primary
OSM,Trường Tiểu học Đông Phương Yên,,105.6362624,20.923446,,,,,,Primary
OSM,Trường Tiểu học Đông Sơn,,105.6216933,20.9241833,,,,,,Primary
OSM,Trường Tiểu học Xuân Hoà,,105.7275183,21.2820933,,,,,,Primary
OSM,Trường Tiểu học Thị trấn Thanh Miện,,106.2419196,20.7883836,,,,,,Primary
OSM,Trường Tiểu học Lê Hồng Phong,,105.9071308,20.5364768,,,,,,Primary
OSM,Trường Tiểu học Trần Hưng Đạo,,105.9270698,20.5329725,,,,,,Primary
OSM,Trường Tiểu học Lương Khánh Thiện,,105.9173584,20.5464718,,,,,,Primary
OSM,Trường Tiểu học Nguyễn Du,,106.6581432,20.831715,,,,,,Primary
OSM,Trường Tiểu học Tân Bình,,106.3168263,20.4722168,,,,,,Primary
OSM,Trường Tiểu học Quang Trung,,106.3339821,20.4372383,,,,,,Primary
OSM,Trường Tiểu học Kim Đồng,,106.1761934,20.4312226,,,,,,Primary
OSM,Trường Tiểu học Lê Quý Đôn,,106.1728069,20.4266695,,,,,,Primary
OSM,Trường Tiểu học Trần Quốc Toản,,106.1732334,20.4269372,,,,,,Primary
OSM,Trường Tiểu học Trần Nhân Tông,,106.1570612,20.435122,,,,,,Primary
OSM,Trường Tiểu học Nguyễn Hữu Cảnh,Nguyen Huu Canh Primary School,107.1112571,10.3846665,,,,,,Primary
OSM,Trường Tiểu học Nghi Hương,,105.716174,18.7911423,,,,,,Primary
OSM,Trường Tiểu học Dư Khánh,,109.0384228,11.5963971,,,,,,Primary
OSM,Trường Tiểu học Ninh Chữ,,109.0420072,11.5931382,,,,,,Primary
OSM,Trường Tiểu học Tây Bắc Lân,,106.6044433,10.8466629,,,,,,Primary
OSM,Trường Tiểu học Bắc Lý,,106.0749336,20.5660945,,,,,,Primary
OSM,Trường Tiểu học Đạo Lý,,106.0732172,20.5876705,,,,,,Primary
OSM,Trường Tiểu học Nguyễn Thanh Tuyền,,106.6878774,10.7857037,,,,,,Primary
OSM,Trường Tiểu học Đặng Văn Ngữ,,106.6702083,10.7946843,,,,,,Primary
OSM,Trường Tiểu học Chi Lăng,,106.6600874,10.8344819,,,,,,Primary
OSM,Trường Tiểu học Đức Xuân,,105.8371602,22.1466661,,,,,,Primary
OSM,Trường Tiểu học Nguyễn Huệ,,107.4391865,11.2767194,,Đồng Nai,Tân Phú,,,Primary
OSM,Trường Tiểu học Tây Đằng B,,105.4287325,21.2059176,,,,,,Primary
OSM,Trường Tiểu học Cấm Lĩnh,,105.3611752,21.1865049,,,,,,Primary
OSM,Trường Tiểu học Cam Thượng,,105.4613377,21.1620801,,,,,,Primary
OSM,Trường Tiểu học Châu Sơn,,105.4220483,21.259505,,,,,,Primary
OSM,Trường Tiểu học Chu Minh,,105.437894,21.1987319,,,,,,Primary
OSM,Trường Tiểu học Cổ Đô,,105.3686205,21.2830204,,,,,,Primary
OSM,Trường Tiểu học Đông Quang,,105.4492324,21.1784909,,,,,,Primary
OSM,Trường Tiểu học Đồng Thái,,105.398432,21.226949,,,,,,Primary
OSM,Trường Tiểu học Khánh Thượng,,105.3146507,21.0314524,,,,,,Primary
OSM,Trường Tiểu học Khánh Thượng (điểm trường Gò Đình Muôn),,105.3421275,21.0217433,,,,,,Primary
OSM,Trường Tiểu học Minh Châu,,105.4565559,21.2062198,,,,,,Primary
OSM,Trường Tiểu học Phú Châu,,105.4242356,21.2316598,,,,,,Primary
OSM,Trường Tiểu học Phú Phương,,105.4213699,21.2516791,,,,,,Primary
OSM,Trường Tiểu học Phú Sơn,,105.3768805,21.2239835,,,,,,Primary
OSM,Trường Tiểu học Tản Hồng,,105.4197499,21.2694617,,,,,,Primary
OSM,Trường Tiểu học Tản Lĩnh,,105.4053038,21.1146495,,,,,,Primary
OSM,Trường Tiểu học Thái Hoà,,105.3701921,21.2313438,,,,,,Primary
OSM,Trường Tiểu học Thuần Mỹ,,105.3011708,21.1530226,,,,,,Primary
OSM,Trường Tiểu học Trung tâm Nghiên cứu Bò và Đồng cỏ Ba Vì,,105.4289775,21.1014766,,,,,,Primary
OSM,Trường Tiểu học Tòng Bạt,,105.330234,21.1910897,,,,,,Primary
OSM,Trường Tiểu học Vân Hoà,,105.4267608,21.0795788,,,,,,Primary
OSM,Trường Tiểu học Vật Lại,,105.4036894,21.204183,,,,,,Primary
OSM,Trường Tiểu học Yên Bài C,,105.4343265,21.0760509,,,,,,Primary
OSM,Trường Tiểu học Yên Bài (khu B),,105.4491253,21.0536161,,,,,,Primary
OSM,Trường Tiểu học An Dương,,106.6109706,20.8648344,,,,,,Primary
OSM,Trường Tiểu học An Hồng,,106.6060246,20.9093503,,,,,,Primary
OSM,Trường Tiểu học Liên Bảo,,105.5959709,21.3150246,,,,,,Primary
OSM,Trường Tiểu học Văn Lý,,105.9891521,20.5827981,,,,,,Primary
OSM,Trường Tiểu học Trà Thị Cụt,,106.6914395,10.1196582,,,,,,Primary
OSM,Trường Tiểu học Triệu Thành,,107.1897186,16.7691621,,,,,,Primary
OSM,Trường Tiểu học An Phước,,108.1390614,15.9833483,,,,,,Primary
OSM,Trường Tiểu học Hợp Hoà B,,105.5450795,21.3749001,,,,,,Primary
OSM,Trường Tiểu học Hương Canh B,,105.6448659,21.2774811,,,,,,Primary
OSM,Trường Tiểu Học Long Thới A,,106.1692558,10.2499753,,,,,,Primary
OSM,Trường Tiểu học Phước Tân 2,,106.9175116,10.9052675,,,,,,Primary
OSM,Trường Trung Tiểu học Marie Curie,,106.6394183,11.0130209,,,,,,Primary
OSM,Trường Tiểu học Phú Hữu,,106.7952107,10.7470289,,,,,,Primary
OSM,Trường Tiểu học Đại Phước,,106.81345,10.7351816,,,,,,Primary
OSM,Trường Tiểu học Nguyễn Bình (cơ sở 2),,106.7317941,10.6706281,,,,,,Primary
OSM,Trường Tiểu học Kỳ Đồng,,106.6813008,10.7823514,Thành phố Hồ Chí Minh,,3,,,Primary
OSM,Trường Tiểu học Bình Lợi,,106.821714,11.0443016,,,,,,Primary
OSM,Trường Tiểu học Trần Quốc Toản,,106.9575033,10.9672311,,,,,,Primary
OSM,Trường Tiểu học-Trung học cơ sở Bắc Sơn,,106.9620605,10.9641029,,,,,,Primary
OSM,Trường Tiểu học Tạ An Khương Nam,,105.2090741,9.0256198,,,,,,Primary
OSM,Trường Tiểu học-Trung học cơ sở Bắc Phong,,108.9167303,14.9465772,,,,,,Primary
OSM,Trường Tiểu học-Trung học cơ sở Bắc Phong (Cơ sở 2),,108.9175318,14.9483142,,,,,,Primary
OSM,Trường Tiểu học Hiếu Liêm,,106.9682005,11.1129056,,,,,,Primary
OSM,Trường Tiểu học Tân Định,,106.8639568,11.1721847,,,,,,Primary
OSM,Trường Tiểu học Tân Thành,,106.8440986,11.1400724,,,,,,Primary
OSM,Trường Tiểu học Phước Hòa,,106.7285097,11.2270032,,Tỉnh Bình Dương,Huyện Phú Giáo,,,Primary
OSM,Trường Tiểu học Nguyễn Văn Tố,,106.6763033,20.8520603,,,,,,Primary
OSM,Trường Tiểu học Bến Thuỷ,,105.7020835,18.663286,,,,,,Primary
OSM,Trường Tiểu học Cửa Nam 1,,105.6660442,18.6673518,,,,,,Primary
OSM,Trường Tiểu học Cửa Nam,,105.6556104,18.6666424,,,,,,Primary
OSM,Trường Tiểu học Đội Cung,,105.6642003,18.6759801,,,,,,Primary
OSM,Trường Tiểu học Đông Vĩnh,,105.6607542,18.6767777,,,,,,Primary
OSM,Trường Tiểu học Hà Huy Tập 1,,105.6758052,18.6900492,,Nghệ An,,,,Primary
OSM,Trường Tiểu học Hà Huy Tập 2,,105.6863097,18.6909219,,,,,,Primary
OSM,Trường Tiểu học Hoà Hiếu 1,,105.4308919,19.3199963,,,,,,Primary
OSM,Trường Tiểu học Lê Quý Đôn,,106.6463238,10.7049626,Hồ Chí Minh,,Bình Chánh,,,Primary
OSM,Trường Tiểu học Tân Sơn Nhì,,106.6367921,10.7984596,Phường Tân Sơn Nhì,Hồ Chí Minh,Tân Phú,,,Primary
OSM,Trường Tiểu học Nguyễn Thanh Tuyền,,106.6624641,10.7995936,,,,,,Primary
OSM,Trường Tiểu học Hải Ninh,,106.7287807,17.367434,,,,,,Primary
OSM,Trường Tiểu học Hiệp Phú - Cơ Sở 2,,106.7845449,10.84563,,,,,,Primary
OSM,Trường Tiểu học Tân Bình,,106.3127769,20.9196967,,,,,,Primary
OSM,Trường Tiểu học Yên Hòa,,105.7938458,21.020279,Hà Nội,,Cầu Giấy,,,Primary
OSM,Trường Tiểu học Hoà Chính,,105.7260538,20.8112881,,,,,,Primary
OSM,Trường Tiểu học Hoàng Diệu,,105.7317641,20.8610568,,,,,,Primary
OSM,Trường Tiểu học Hoàng Văn Thụ,,105.649297,20.8695942,,,,,,Primary
OSM,Trường Tiểu học Lương Mỹ,,105.6277072,20.8461521,,,,,,Primary
OSM,Trường Tiểu học Tiên Phương,,105.6860526,20.9397893,,,,,,Primary
OSM,Trường Tiểu học Phú Nghĩa,,105.6589509,20.9291305,,,,,,Primary
OSM,Trường Tiểu học Thuỷ Xuân Tiên,,105.5968722,20.8989088,,,,,,Primary
OSM,Trường Tiểu học Trường Yên,,105.6479001,20.9172094,,,,,,Primary
OSM,Trường Tiểu học Thanh Bình,,105.624296,20.9071548,,,,,,Primary
OSM,Trường Tiểu học Trung Hoà,,105.6423902,20.9039062,,,,,,Primary
OSM,Trường Tiểu học Tân Tiến,,105.6105555,20.8662404,,,,,,Primary
OSM,Trường Tiểu học Hữu Văn,,105.6605168,20.8688519,,,,,,Primary
OSM,Trường Tiểu học Mỹ Lương,,105.6807738,20.8542383,,,,,,Primary
OSM,Trường Tiểu học Quảng Bị,,105.698659,20.8643241,,,,,,Primary
OSM,Trường Tiểu học Hợp Đồng,,105.698482,20.879164,,,,,,Primary
OSM,Trường Tiểu học Thuỵ Hương,,105.7186076,20.9054565,,,,,,Primary
OSM,Trường Tiểu học Lam Điền,,105.7254593,20.8915577,,,,,,Primary
OSM,Trường Tiểu học Nam Phương Tiến A,,105.6265064,20.8860161,,,,,,Primary
OSM,Trường Tiểu học Nam Phương Tiến B,,105.5992768,20.8458089,,,,,,Primary
OSM,Trường Tiểu học Thượng Vực,,105.7211323,20.8521239,,,,,,Primary
OSM,Trường Tiểu học Bê Tông,,105.5738463,20.8803374,,,,,,Primary
OSM,Trường Tiểu học Hồng Phong,,105.6959726,20.8434766,,,,,,Primary
OSM,Trường Tiểu học Phú Nam An,,105.7436235,20.8156527,,,,,,Primary
OSM,Trường Tiểu học Văn Võ,,105.7471056,20.8325126,,,,,,Primary
OSM,Trường Tiểu học Mai Dịch,,105.7781047,21.0343414,,,,,,Primary
OSM,Trường Tiểu học Tân Lược,,105.7144655,10.1419193,,,,,,Primary
OSM,Trường Tiểu học và Trung học cơ sở FPT Cầu Giấy,,105.80456,21.0394266,,,,,,Primary
OSM,Trường Tiểu học Thị trấn Lâm,,106.0122266,20.3224863,,,,,,Primary
OSM,Trường Tiểu học Trạch Mỹ Lộc,,105.5320521,21.0966132,,,,,,Primary
OSM,Trường Tiểu học xã Phú Cường,,105.404279,21.2866375,,,,,,Primary
OSM,Trường Tiểu Học Trung Hưng,,105.4971819,21.1323437,,,,,,Primary
OSM,Trường Tiểu học Trần Phú,,105.4991731,21.1452807,,,,,,Primary
OSM,Trường Tiểu học Nguyễn Tri Phương,,106.6822643,20.8642038,,,,,,Primary
OSM,Trường Tiểu học Trâu Quỳ,,105.9395758,21.0076936,,,,,,Primary
OSM,Trường Tiểu học Quang Trung,,105.9042372,21.0959901,,,,,,Primary
OSM,Trường Tiểu học Trần Thị Lý,,108.2138059,16.0802536,,,,,,Primary
OSM,Trường Tiểu học Lý Tự Trọng,,108.2212157,16.0778803,,,,,,Primary
OSM,Trường Tiểu học Lê Lai,,108.2164101,16.0750478,,,,,,Primary
OSM,Trường Tiểu học Phan Thanh,,108.2211372,16.0737424,,,,,,Primary
OSM,Trường Tiểu học Trần Văn Ơn,,108.217489,16.0637801,,,,,,Primary
OSM,Trường Tiểu học Tây Hồ,,108.2210735,16.0631656,,,,,,Primary
OSM,Trường Tiểu học Đoàn Thị Điểm,,108.1851357,16.0687334,,,,,,Primary
OSM,Trường Tiểu học Phú Quới A,Phu Quoi A Primary School,105.9203705,10.1593492,,,,,,Primary
OSM,Trường Tiểu Học Phú Hưng,,106.3976646,10.2531564,,,,,,Primary
OSM,Trường Tiểu học - Trung học cơ sở Hà Nội,,105.8096836,20.9891376,Hà Nội,Hà Nội,Thanh Xuân,+84 935 366 655,,Primary
OSM,Trường Tiểu học Thới Thạnh,,106.6484963,10.9146182,,Hồ Chí Minh,Hóc Môn,,,Primary
OSM,Trường Tiểu học Bình Mỹ 2,,106.6456266,10.9510576,,Hồ Chí Minh,Củ Chi,,,Primary
OSM,Trường Tiểu học Bình Mỹ 2,,106.6382402,10.9569057,,Hồ Chí Minh,Củ Chi,,,Primary
OSM,Trường Tiểu học Nguyễn Trãi,,106.6537163,10.9757617,,Bình Dương,Thủ Dầu Một,,,Primary
OSM,Trường Tiểu học Song Bình,,106.4147811,10.3507016,,Tiền Giang,Chợ Gạo,,,Primary
OSM,Trường Tiểu học Phường 4,,106.6706041,10.3658029,,Tiền Giang,Gò Công,,,Primary
OSM,Trường Tiểu học Võ Thị Lớ,,106.7450432,10.3174236,,Tiền Giang,Gò Công Đông,,,Primary
OSM,Trường Tiểu học Hưng Định,,106.6915688,10.9422519,,Bình Dương,Thuận An,,,Primary
OSM,Trường Tiểu học Bình Nhâm,,106.6901886,10.9286997,,Bình Dương,Thuận An,,,Primary
OSM,Tiểu Học Tân Đông Hiệp B,,106.7643824,10.9174611,,,,,,Primary
OSM,Trường Trung - Tiểu Học Việt Anh 2,,106.7645909,10.8890517,,,,,,Primary
OSM,Trường Tiểu học Thường Tân,,106.8475033,11.0382581,,,,,,Primary
OSM,Trường Tiểu học Huỳnh Thị Châu,,106.8366283,11.0523671,,,,,,Primary
OSM,Trường Tiểu học Phú Thọ,,106.3777181,10.2376025,,,,,,Primary
OSM,Trường Tiểu học Trường Xuân 2,,105.720552,10.614696,,,,,,Primary
OSM,Trường Tiểu học Trường Xuân 1,,105.7890965,10.6536387,,,,,,Primary
OSM,Trường Tiểu học Nguyễn Du,,105.1162226,10.7121055,,,,,,Primary
OSM,Trường Tiểu học Đồng Tháp,,105.6480314,21.0807144,,,,,,Primary
OSM,Trường Tiểu học Phương Đình A,,105.6474111,21.1013025,,,,,,Primary
OSM,"Trường Tiểu học, Trung học cơ sở & Trung học phổ thông Ngôi Sao Hà Nội - Hoàng Mai",,105.82143,20.9741706,,,,,,Primary
OSM,Trường Tiểu học Linh Đàm,,105.8381642,20.9601395,Hà Nội,Hà Nội,Hoàng Mai,,,Primary
OSM,Trường Tiểu học Long Khánh,,106.399426,9.6030351,,,,,,Primary
OSM,Trường Tiểu học Ngũ Lạc A (điểm Đường Liếu),,106.443561,9.6665959,,,,,,Primary
OSM,Trường Tiểu học Ngũ Lạc A,,106.4285958,9.667945,,,,,,Primary
OSM,Trường Tiểu học Ngũ Lạc B,,106.4265357,9.6788906,,,,,,Primary
OSM,Trường Tiểu học Ngũ Lạc B (điểm Bổn 1),,106.4467671,9.683444,,,,,,Primary
OSM,Trường Tiểu học Ngũ Lạc B (điểm Bổn 2),,106.4459454,9.68297,,,,,,Primary
OSM,Trường Tiểu học Ngũ Lạc B (điểm Ông Cui),,106.462285,9.6927977,,,,,,Primary
OSM,Trường Tiểu học Định Trung,,105.5882942,21.3190605,,,,,,Primary
OSM,Trường Tiểu học Thanh Trù,,105.6143424,21.2836672,,,,,,Primary
OSM,Trường Tiểu học Ngô Quyền,,105.5972673,21.3058235,,,,,,Primary
OSM,Trường Tiểu học Tích Sơn,,105.5830863,21.3033373,,,,,,Primary
OSM,Trường Tiểu học Tứ Hiệp,,105.8510605,20.9476664,,,,,,Primary
OSM,Trường Tiểu học Chu Văn An,,105.8414957,20.9531263,,,,,,Primary
OSM,Trường Tiểu học Thanh Trì,,105.8478936,20.9388925,,,,,,Primary
OSM,"Trường Tiểu học ""A"" Mỹ Đức",,105.1787915,10.6657374,,An Giang,Châu Phú,,,Primary
OSM,"Trường Tiểu học ""A"" Thị trấn Cái Dầu",,105.2391403,10.5702398,,An Giang,Châu Phú,,,Primary
OSM,Trường Tiểu học Tân Hiệp,,106.3435995,10.4478088,,Tỉnh Tiền Giang,Huyện Châu Thành,,,Primary
OSM,Trường Tiểu học Đại Áng,,105.8306595,20.9060795,,,,,,Primary
OSM,Trường Tiểu học Đông Mỹ,,105.8728449,20.9179823,,,,,,Primary
OSM,Trường Tiểu học Duyên Hà,,105.8795694,20.9255801,,,,,,Primary
OSM,Trường Tiểu học Hữu Hoà,,105.8059698,20.9451175,,,,,,Primary
OSM,Trường Tiểu học Hữu Hoà (cơ sở 2),,105.8025464,20.9556704,,,,,,Primary
OSM,Trường Tiểu học Tạ Hoàng Cơ,,105.8637121,20.9156013,,,,,,Primary
OSM,Trường Tiểu học Liên Ninh,,105.8540673,20.906722,,,,,,Primary
OSM,Trường Tiểu học Chu Văn An,,105.8155571,20.9626272,,,,,,Primary
OSM,Trường Tiểu học Phạm Tu,,105.8184332,20.9643167,,,,,,Primary
OSM,Trường Tiểu học Ngũ Hiệp,,105.8587131,20.9232155,,,,,,Primary
OSM,Trường Tiểu học Bùi Văn Ba,,106.6972073,10.7209699,,,,+84 28 3781 5235,,Primary
OSM,Trường Tiểu học Hải Anh,,106.2709904,20.221279,,,,,,Primary
OSM,Trường Tiểu học Hải Anh,,106.2726505,20.2257716,,,,,,Primary
OSM,Trường Tiểu học Nguyễn Văn Thăng,,106.4651789,10.5065678,,,,,,Primary
OSM,Trường Tiểu học Ngọc Thuỵ,,105.8694407,21.0577862,,,,,,Primary
OSM,Trường Tiểu học Nguyễn Trãi,,106.3273632,20.9428298,,,,,,Primary
OSM,Trường tiểu học Văn Giáo,,105.0110026,10.5785265,,,,,,Primary
OSM,"Trường Tiểu học ""C"" Nhà Bàng",,104.9987744,10.6215413,Phường Nhà Bàng,An Giang,Tịnh Biên,,,Primary
OSM,Trường Tiểu học Đinh Bộ Lĩnh,Dinh Bo Linh Elementary School,106.7194475,10.7349987,Thành phố Hồ Chí Minh,,Quận 7,,,Primary
OSM,Trường Tiểu học Long Hựu Đông 1,,106.6688117,10.4899955,Xã Long Hựu Đông,Long An,Cần Đước,,,Primary
OSM,Trường Tiểu học Trường Bình,,106.6540918,10.5907592,Thị trấn Cần Giuộc,Long An,Cần Giuộc,,,Primary
OSM,Trường Tiểu học Phan Ngọc Hiển,,105.1999306,8.9865785,,,,,,Primary
OSM,Trường Tiểu học Long Hưng B 2,,105.6418028,10.3209501,Xã Long Hưng B,Đồng Tháp,Lấp Vò,,,Primary
OSM,Trường Tiểu học Bình Thành 1,,105.4951373,10.3466016,Xã Bình Thành,Đồng Tháp,Lấp Vò,,,Primary
OSM,Trường Tiểu học C Hòa An,,105.4825009,10.3729169,Xã Hòa An,An Giang,Chợ Mới,,,Primary
OSM,Trường Tiểu học A Thị trấn Mỹ Luông,,105.4876206,10.5059452,Thị trấn Mỹ Luông,An Giang,Chợ Mới,,,Primary
OSM,Trường Tiểu học Phù Đổng,,105.4608584,10.5385271,Xã Long Điền A,An Giang,Chợ Mới,,,Primary
OSM,Trường Tiểu học A thị trấn Chợ Mới,,105.4024524,10.5486786,Thị trấn Chợ Mới,An Giang,Chợ Mới,,,Primary
OSM,Trường Tiểu học B Kiến An,,105.3912076,10.5527182,Xã Kiến An,An Giang,Chợ Mới,,,Primary
OSM,Trường Tiểu học C Phú Mỹ (điểm phụ),,105.3602165,10.5845777,Thị trấn Phú Mỹ,An Giang,Phú Tân,,,Primary
OSM,Trường Tiểu học A Tấn Mỹ,,105.4912546,10.5211032,Xã Tấn Mỹ,An Giang,Chợ Mới,,,Primary
OSM,Trường Tiểu học B Tấn Mỹ (Điểm chính),,105.5039242,10.500458,Xã Tấn Mỹ,An Giang,Chợ Mới,,,Primary
OSM,Trường Tiểu học A Hội An (Điểm chính - Ấp Thị 1),,105.5497305,10.4309776,Thị trấn Hội An,An Giang,Chợ Mới,,,Primary
OSM,Trường Tiểu học Tràm Chim 2,,105.5574525,10.6789995,Thị trấn Tràm Chim,Đồng Tháp,Tam Nông,,,Primary
OSM,Trường Tiểu học Hậu Thạnh Đông,,105.8863836,10.6379746,Xã Hậu Thạnh Đông,Long An,Tân Thạnh,,,Primary
OSM,Trường Tiểu học Thị trấn Tân Thạnh,,106.0429567,10.6086652,Thị trấn Tân Thạnh,Long An,Tân Thạnh,,,Primary
OSM,Trường Tiểu học Điền Trung,,105.3142283,20.2918671,,,,,,Primary
OSM,Trường Tiểu học Đại Đồng,,105.5598176,21.086263,,,,,,Primary
OSM,Trường Tiểu học Tân Tây,,106.251882,10.6364126,Xã Tân Tây,Long An,Thạnh Hóa,,,Primary
OSM,Trường Tiểu học Chi Đông,,105.7549786,21.2098052,,,,,,Primary
OSM,Trường tiểu học Nhựt Tảo,,106.5120235,10.5629986,Xã Tân Bình,Long An,Tân Trụ,,,Primary
OSM,Trường Tiểu học Lạc Tấn,,106.4652845,10.5545987,Xã Lạc Tấn,Long An,Tân Trụ,,,Primary
OSM,Trường Tiểu học Yên Xá,,105.7973959,20.9668623,,,,,,Primary
OSM,Trường Tiểu học Tân Triều,,105.797769,20.9784144,,,,,,Primary
OSM,Trường Tiểu học Triều Khúc,,105.801204,20.9775787,,,,,,Primary
OSM,Trường Tiểu học Tô Vĩnh Diện,,108.2295313,16.090146,,,,,,Primary
OSM,Trường Tiểu học Tiểu La,,108.2355321,16.0846631,,,,,,Primary
OSM,Trường Tiểu học Lương Yên,,105.8640182,21.0096941,,,,,,Primary
OSM,Westlink International School Hanoi (khối Tiểu học),,105.8029651,21.0648226,,,,,,Primary
OSM,Trường Tiểu học số 1 Duy Phước,,108.2956111,15.8416908,,,,,,Primary
OSM,Trường Tiểu học số 1 Bồng Sơn,,109.0167201,14.4395391,,,,,,Primary
OSM,Trường Tiểu học số 2 Bồng Sơn (điểm Văn phòng),,109.0108211,14.4355829,,,,,,Primary
OSM,Trường Tiểu học số 2 Bồng Sơn (điểm Liêm Bình),,109.0093728,14.4264356,,,,,,Primary
OSM,Trường Tiểu học số 2 Bồng Sơn (điểm Trung Lương),,109.0052712,14.4145168,,,,,,Primary
OSM,Trường Tiểu học số 1 Bồng Sơn (điểm Thiết Đính Bắc),,109.0059035,14.4368533,,,,,,Primary
OSM,Trường Tiểu học Trần Phú,,109.2269907,13.7657982,,,,,,Primary
OSM,Trường Tiểu học Nguyễn Tất Thành,,106.1685339,20.4228749,,,,,,Primary
OSM,Trường Tiểu học & Trung học cơ sở Dân Chủ,,105.3543069,20.7935113,,,,,,Primary
OSM,Trường Liên cấp Trung học cơ sở - Tiểu học Vietschool Pandora,,105.7997242,20.9849479,,,,,,Primary
OSM,Trường Tiểu học Đồng Tiến,,107.7536321,20.988395,,,,,,Primary
OSM,Trường Tiểu học Thanh Lân,,107.8122919,20.9963475,,,,,,Primary
OSM,Trường Tiểu học Đoàn Đức Thái,,106.888511,20.7956583,,,,,,Primary
OSM,Trường Tiểu học Đoàn Đức Thái (cơ sở 2),,106.886972,20.7955261,,,,,,Primary
OSM,Trường Tiểu học Núi Đèo,,106.6727707,20.9164032,,,,,,Primary
OSM,Trường Tiểu học Nam Hải,,106.735274,20.8296528,,,,,,Primary
OSM,Trường Tiểu học Lý Nhơn,,106.7747788,10.4758762,,,,,,Primary
OSM,Trường Tiểu học Lương Định Của,,106.3468309,9.9605141,,,,,,Primary
OSM,Trường Tiểu học Phù Hóa,,106.3012679,17.7689544,,,,,,Primary
OSM,Trường Tiểu học Thị Trấn,,105.7766333,19.4474947,,,,,,Primary
OSM,Trường Tiểu Học Ngô Bình An,,105.1960127,8.9899983,,,,,,Primary
OSM,Trường Tiểu học Đô thị Sài Đồng,Sai Dong Urban Primary School,105.9012316,21.0449577,,,,,,Primary
OSM,Trường Tiểu học Tân Phú,,106.8411507,11.0056264,,,,,,Primary
OSM,Trường Tiểu học Tân Phong 2,,106.8366501,10.9846517,Thành phố Biên Hòa,Tỉnh Đồng Nai,,0878 266 277,,Primary
OSM,Trường Tiểu học Thị trấn Na Hang,,105.3767,22.3432612,,,,,,Primary
OSM,Trường Tiểu học-Trung học cơ sở Vĩnh Bình,,105.8286075,10.8615376,,,,,,Primary
OSM,Trường Tiểu học Trần Văn Dư,,108.2102511,15.9907441,,,,,,Primary
OSM,Trường Tiểu học Trần Đại Nghĩa (cơ sở 2),,108.2229075,16.0016858,,,,,,Primary
OSM,Trường Tiểu học Hải Hoà,,105.7909466,19.4519647,,,,,,Primary
OSM,Trường Tiểu học Vạn Thắng,,105.3944102,21.2454147,,,,,,Primary
OSM,Trường Tiểu học Tốt Động,,105.670589,20.8846502,,,,,,Primary
OSM,Trường Tiểu học Tân Lập B,,105.713554,21.0815813,,,,,,Primary
OSM,Trường Tiểu học Lê Hữu Tựu,,105.8415633,21.1754506,,,,,,Primary
OSM,Trường Tiểu học Tô Thị Hiển,,105.8419295,21.1789055,,,,,,Primary
OSM,Trường Tiểu học Văn Đức,,105.901578,20.9439387,,,,,,Primary
OSM,Trường Tiểu học Yên Nghĩa,,105.7380799,20.958216,,,,,,Primary
OSM,Trường Tiểu học Nguyễn Trung Trực,Nguyen Trung Truc Primary School,105.8463077,21.042969,Hà Nội,Thành phố Hà Nội,Phường Ba Đình,,,Primary
OSM,"Trường Tiểu học, Trung học cơ sở & Trung học phổ thông Archimedes Đông Anh",,105.8260001,21.153671,,,,,,Primary
OSM,Trường Tiểu học & Trung học cơ sở Pascal,,105.7839367,21.0529331,,,,,,Primary
OSM,Trường Tiểu học B Núi Sập,,105.2667464,10.2562723,,,,,,Primary
OSM,Trường Tiểu học Phú Thịnh,,105.4981061,21.1497804,,,,,,Primary
OSM,Trường Tiểu học Sơn Lộc,,105.4943669,21.1164852,,,,,,Primary
OSM,Trường Tiểu học Đường Lâm,,105.4647772,21.1564702,,,,,,Primary
OSM,Trường Tiểu học Cổ Đông (khu B),,105.5148823,21.0458207,,,,,,Primary
OSM,Trường Tiểu học Cổ Đông,,105.5131127,21.0662392,,,,,,Primary
OSM,Trường Tiểu học Bình Thành,,106.2662222,10.7790315,,,,,,Primary
OSM,Trường Tiểu học&Trung học cơ sở Hiền Hào,,106.9706609,20.7810002,,,,,,Primary
OSM,Trường Tiểu học Thị trấn An Bài,,106.4267738,20.649229,,,,,,Primary
OSM,Trường Tiểu học Thái Hưng,,106.5249249,20.5089989,,,,,,Primary
OSM,Trường Mầm non & Tiểu học Sao Mai,,106.3412858,20.929066,,,,,,Primary
OSM,Trường Tiểu học Kim Đồng,,105.4669567,9.778107,,,,,,Primary
OSM,Trường Tiểu học Nguyễn Thị Minh Khai,Nguyen Thi Minh Khai Primary School,105.7383152,21.0767203,,,,,,Primary
OSM,Trường Tiểu học Bắc Từ Liêm,,105.7324238,21.073329,,,,,,Primary
OSM,Trường Tiểu học Văn Tiến Dũng,,105.7881995,21.0545824,,,,,,Primary
OSM,Trường Tiểu học Đông Hội,,105.8756772,21.0792494,,,,,,Primary
OSM,Trường Tiểu học Bắc Hồng,,105.8067544,21.1781379,,,,,,Primary
OSM,Trường Tiểu học Thuỵ Lâm A,,105.9054586,21.1748961,,,,,,Primary
OSM,Trường Tiểu học Thuỵ Lâm,,105.8918448,21.1719933,,,,,,Primary
OSM,Trường Tiểu học Minh Phú,,105.7796254,21.2779332,,,,,,Primary
OSM,Trường Tiểu học Xuân Giang,,105.8944675,21.2399297,,,,,,Primary
OSM,Trường Tiểu học Nguyễn Du,,105.78828,20.9755993,,,,,,Primary
OSM,Trường Tiểu học Phụng Thượng,,105.5838495,21.0928939,,,,,,Primary
OSM,Trường Tiểu học Hát Môn,,105.6163159,21.1304564,,,,,,Primary
OSM,Trường Tiểu học Hạ Bằng,,105.5574089,21.01147,,,,,,Primary
OSM,Trường Tiểu học Hương Ngải,,105.5993883,21.0536202,,,,,,Primary
OSM,Trường Tiểu học Dục Tú,,105.8961081,21.1144556,,,,,,Primary
OSM,Trường Tiểu học Liên Hà A,,105.9004855,21.139368,,,,,,Primary
OSM,Trường Tiểu học Liên Hà,,105.89857,21.149779,,,,,,Primary
OSM,Trường Tiểu học Phương Thịnh,,105.6673706,10.6033587,,,,,,Primary
OSM,Trường Tiểu học Gáo Giồng,,105.6339287,10.5660877,,,,,,Primary
OSM,Trường Tiểu học Đống Đa,,105.836559,21.0079418,,,,+84 90 425 28 81,,Primary
OSM,Trường Tiểu học Uy Nỗ,,105.8549263,21.1440521,,,,,,Primary
OSM,Trường Tiểu học Trưng Trắc,,105.9959973,20.9600919,,,,,,Primary
OSM,Trường Tiểu học Đức Chính,,106.2740705,20.9583911,,,,,,Primary
OSM,Trường Tiểu học Phúc Lợi,Phuc Loi Primary School,105.9254697,21.0442485,,,,,,Primary
OSM,Trường Tiểu học Cao An,,106.2585768,20.9483523,,,,,,Primary
OSM,Trường Tiểu học An Thới Đông,,106.7923865,10.5900473,Xã An Thới Đông,Hồ Chí Minh,Cần Giờ,,,Primary
OSM,Trường Tiểu học Nguyễn Ngọc Thăng,,106.432208,10.2232223,Xã Mỹ Thạnh,Bến Tre,Giồng Trôm,,,Primary
OSM,Trường Tiểu học Thị trấn Giồng Trôm,,106.5009337,10.1613297,Thị trấn Giồng Trôm,Bến Tre,Giồng Trôm,,,Primary
OSM,Trường Tiểu học số 2 Đăk Rve,,108.2509164,14.5077724,,,,,,Primary
OSM,Trường Tiểu học Hải Thượng,,105.8069005,19.3290889,,,,,,Primary
OSM,Trường TIểu học Nghi Sơn,,105.8248841,19.3368859,,,,,,Primary
OSM,Trường Tiểu học Nguyễn Trãi,,105.8503816,20.8465999,,,,,,Primary
OSM,Trường Tiểu học Dũng Tiến,,105.8550026,20.8172256,,,,,,Primary
OSM,Trường Tiểu học Cẩm Vũ,,106.2500718,20.9711505,,,,,,Primary
OSM,Trường Tiểu học Mỹ Hương,,108.9880514,11.5635281,Phường Mỹ Hương,Ninh Thuận,Phan Rang-Tháp Chàm,,,Primary
OSM,Trường Tiểu học Phủ Hà 2,,108.9889551,11.5743048,Phường Phủ Hà,Ninh Thuận,Phan Rang-Tháp Chàm,,,Primary
OSM,Trường Tiểu học Tân An 2,,107.7509306,10.6823492,Phường Tân An,Bình Thuận,La Gi,,,Primary
OSM,Trường Tiểu học Thuận Nam 1,,107.872599,10.8443756,,Bình Thuận,Hàm Thuận Nam,,,Primary
OSM,Trường tiểu học Thạch Sơn,,105.6065043,20.1866385,,,,,,Primary
OSM,Trường Tiểu Học Phú Thanh 2,,107.4657347,11.2505402,,,,,,Primary
OSM,Trường Tiểu học Quý Lộc,,105.5629852,20.0689041,,,,,,Primary
OSM,Trường Tiểu học Thị trấn Mai Châu,,105.0870046,20.6649327,,,,,,Primary
OSM,Trường Tiểu học xã Pà Cò,,104.8980399,20.7538888,,,,,,Primary
OSM,Trường Tiểu học Đông Dư,Dong Du Primary School,105.9166936,20.9967144,,,,,,Primary
OSM,Trường Tiểu học Thanh Phú,,106.5095585,10.6654532,,,,,,Primary
OSM,Trường Tiểu học Tân Hội Đông,,106.3431418,10.5057923,,,,,,Primary
OSM,Trường Tiểu học Vinschool The Harmony,,105.9039386,21.0433728,,,,,,Primary
OSM,Trường Tiểu học Thị trấn Thiên Tôn,,105.9485746,20.2970799,,,,,,Primary
OSM,Trường Tiểu học Nghiêm Xuyên,,105.8589004,20.8038213,,,,,,Primary
OSM,Trường Tiểu học số 2 phường Bình Định,,109.113003,13.8834401,,,,,,Primary
OSM,Trường Tiểu học Đông Ngạc,,105.7838758,21.0859722,,,,,,Primary
OSM,Trường Tiểu học Quan Hoa,,105.7998386,21.0296354,,,,,,Primary
OSM,Trường Tiểu học Phước An,Phuoc An Primary School,107.1315629,10.4027358,,,,,,Primary
OSM,Trường Tiểu Học Nguyễn Bỉnh Khiêm,,106.6622219,10.7159111,,,BÌnh Chánh,,,Primary
OSM,Trường Tiểu học Mỹ Đức,,104.4711961,10.4111749,,,,,,Primary
OSM,Trường Tiểu học Kiên Bình 1,,104.6775591,10.2855946,,,,,,Primary
OSM,Trường Tiểu học Bình Sơn 1,,104.8134996,10.2610301,,,,,,Primary
OSM,Trường Tiểu học Bình Sơn 3,,104.8625609,10.2292753,,,,,,Primary
OSM,Trường Tiểu học-Trung học cơ sở Thị trấn Hòn Đất 2,,104.9030717,10.2027339,,,,,,Primary
OSM,Trường Tiểu học Thị trấn Hòn Đất 1,,104.9284383,10.1863038,,,,,,Primary
OSM,Trường Tiểu học Sơn Kiên 1,,104.9721061,10.1575458,,,,,,Primary
OSM,Trường Tiểu học Rạch Già,,106.6149172,10.6604892,,,,,,Primary
OSM,Trường Tiểu học Cầu Kiệu,,106.6819952,10.7964408,,,,,,Primary
OSM,Trường Tiểu học Nguyễn An Khương,,106.6152198,10.8267259,,,,,,Primary
OSM,Trường Tiểu học Thị trấn Sóc Sơn,,105.0130716,10.126385,,,,,,Primary
OSM,Trường Tiểu học Sơn Kiên 3,,104.9985952,10.139955,,,,,,Primary
OSM,Trường Tiểu học Tân Hưng,,105.0430521,10.0882971,,,,,,Primary
OSM,Trường Tiểu học Đồng Tiến (điểm Nam Đồng),,107.7439367,21.0108658,,,,,,Primary
OSM,Trường Tiểu học Mỹ Lâm 1,,105.0641792,10.0605957,,,,,,Primary
OSM,Trường Tiểu học Nhật Tảo,,106.6388555,10.741447,Phường 8,Hồ Chí Minh,Quận 6,,,Primary
OSM,Trường Tiểu học Phạm Văn Chí - Cơ sở 2,,106.6352143,10.7369366,Phường 7,Hồ Chí Minh,Quận 6,,,Primary
OSM,Trường Tiểu Học Phan Chu Trinh- Cơ Sở 2,,106.6619726,10.8479385,,,,,,Primary
OSM,Trường Tiểu học Giấy Bãi Bằng,,105.317438,21.4020786,,,,,,Primary
OSM,Trường Tiểu học Bàu Sen,,106.6789344,10.758456,Phường 3,Thành phố Hồ Chí Minh,Quận 5,,,Primary
OSM,Trường Tiểu học Tân Tạo A,,106.5899194,10.7537039,,,,,,Primary
OSM,Trường Tiểu học Trần Phú,,105.8794428,20.9681683,,,,,,Primary
OSM,Trường Tiểu học Nguyễn Bá Ngọc,,105.8496262,21.0324142,,,,,,Primary
OSM,Trường Tiểu học-Trung học cơ sở Hồng Ngọc,Ruby School,106.6404867,10.7839881,,,,,,Primary
OSM,Trường Tiểu học Đồng Tâm,,105.5718614,21.3115389,,,,,,Primary
OSM,Trường Tiểu học Đồng Tâm (khu Lạc Ý),,105.5909478,21.28272,,,,,,Primary
OSM,Trường Tiểu học Hội Hợp B,,105.5653623,21.3001838,,,,,,Primary
OSM,Trường Tiểu học Hội Hợp A,,105.5578294,21.2932398,,,,,,Primary
OSM,Trường Tiểu học Kim Ngọc,,105.599097,21.3033999,,,,,,Primary
OSM,Trường Tiểu học & Trung học cơ sở Xuân Giang,Xuan Giang Primary & Secondary School,104.6688242,22.3211674,,,,,,Primary
OSM,Trường Tiểu học Ngô Quyền,Ngo Quyen Primary School,108.0089613,14.3474044,,,,,,Primary
OSM,Trường Tiểu học Kim Đồng,,105.7544838,10.0377515,,,,,,Primary
OSM,Trường Tiểu học Hàm Tử,,106.6803371,10.7528516,Phường 1,Hồ Chí Minh,Quận 5,,,Primary
OSM,Trường Tiểu học Huỳnh Kiến Hoa,,106.6713912,10.751188,Phường 6,Hồ Chí Minh,Quận 5,,,Primary
OSM,Trường Tiểu học An Phú,,106.7524525,10.7860816,Phường An Phú,Hồ Chí Minh,Thủ Đức,,,Primary
OSM,Trường Tiểu học Nguyễn Nhược Thị,,106.6340571,10.7302153,Phường 15,Hồ Chí Minh,Quận 8,,,Primary
OSM,Trường Tiểu Học Thạnh Phước,,106.7645033,10.9940227,,,,,,Primary
OSM,Trường Tiểu học Đào Duy Tùng,,105.8563502,21.1291342,,,,,,Primary
OSM,Trường Tiểu học Tiên Dương A,,105.8289698,21.1420787,,,,,,Primary
OSM,Trường Tiểu học Phan Chu Trinh,Phan Chu Trinh Primary School,108.0126726,14.3522162,Kon Tum,,,,,Primary
OSM,Trường Tiểu Học Thực Hành Sư Phạm Nguỵ Như Kon Tum,,108.0092375,14.3511698,,,,,,Primary
OSM,Trường Tiểu học Lê Hồng Phong,Le Hong Phong Primary school,108.0032951,14.355533,,,,,,Primary
OSM,"Trường Tiểu học - Trung học cơ sở Pathway Tuệ Đức - Cơ sở Lương Định Của, Thành phố Thủ Đức",,106.7355697,10.7876267,Thành phố Thủ Đức,Hồ Chí Minh,Quan 2,+84 989 373 833,,Primary
OSM,Trường Tiểu học An Dương Vương,,105.8807858,21.1294836,,,,,,Primary
OSM,Trường Tiểu học Võng La,,105.7650716,21.1082763,,,,,,Primary
OSM,"Trường Tiểu học - Trung học cơ sở Pathway Tuệ Đức - Cơ sở 111 Lương Định Của, Thành phố Thủ Đức",,106.7328282,10.7875193,,,,+84 989 373 833,,Primary
OSM,"Trường Tiểu học - Trung học cơ sở Pathway Tuệ Đức - Cơ sở Nguyễn Thị Định, Thành phố Thủ Đức",,106.7655684,10.7763222,,,,+84 989 373 833,,Primary
OSM,Trường Tiểu học Thăng Long,,105.7852654,21.1318031,,,,,,Primary
OSM,Trường tiểu học Đông Vinh,,106.3927234,20.5244687,,,,,,Primary
OSM,Trường Tiểu học Vinschool,Vinschool Primary,105.9425079,20.9953097,,,,,,Primary
OSM,Trường Tiểu học Kim Nỗ,,105.7952032,21.1311568,,,,,,Primary
OSM,Trường Tiểu học Ngô Tất Tố,,105.8925354,21.0895669,,,,,,Primary
OSM,Trường Tiểu học Việt Hùng,,105.8767581,21.1372069,,,,,,Primary
OSM,Trường Tiểu học Vĩnh Ngọc,,105.8261,21.1146879,,,,,,Primary
OSM,Trường Tiểu học An Dân số 1,,109.2131363,13.3373822,,Phú Yên,Tuy An,,,Primary
OSM,Trường Tiểu học An Dân số 2,,109.2171383,13.3459099,,,,,,Primary
OSM,Trường Tiểu học Lệ Ninh,,106.68397,17.2278168,,,,,,Primary
OSM,Trường Tiểu học Bình Trưng Đông,,106.7723854,10.7904047,Thành phố Thủ Đức,Hồ Chí Minh,,+842862704038,,Primary
OSM,Trường Tiểu học Chí Thạnh số 1,,109.2158217,13.313911,,Phú Yên,Tuy An,+84 2573866043,,Primary
OSM,Trường tiểu học An Định,,109.1854521,13.3172719,,,,,,Primary
OSM,Trường Tiểu học Hà Yến,,109.2249642,13.3099009,,Phú Yên,Tuy An,,,Primary
OSM,Trường Tiểu học và Trung học Cơ sở Tiên Hải,,104.3302011,10.3167842,,,,,,Primary
OSM,Trường Tiểu học Nam Hồng,,105.7840882,21.1645456,,,,,,Primary
OSM,Trường Tiểu học Tàm Xá,,105.8466337,21.1089198,,,,,,Primary
OSM,Trường Tiểu học Thư Lâm A,,105.8665851,21.1780496,,,,,,Primary
OSM,Trường Tiểu học Vân Hà,,105.9157393,21.1493139,,,,,,Primary
OSM,Trường Tiểu học Vân Nội,,105.8139455,21.1447613,,,,,,Primary
OSM,Trường Tiểu học Xuân Canh,,105.8510767,21.0913238,,,,,,Primary
OSM,Trường Tiểu học Xuân Nộn,,105.8677479,21.1836255,,,,,,Primary
OSM,Trường Tiểu học và Trung học cơ sở Kinh Đô,,105.8569796,21.1399991,,,,,,Primary
OSM,Trường TIểu học Phù Đổng,,105.9662546,21.0599439,,,,,,Primary
OSM,Trường Tiểu học Kim Sơn,,105.9865013,21.0252663,,,,,,Primary
OSM,Trường Tiểu học Dương Quang,,105.985725,21.0071114,,,,,,Primary
OSM,Trường Tiểu học Lệ Chi,,106.0072257,21.0489673,,,,,,Primary
OSM,Trường Tiểu học Kim Lan,,105.906581,20.9617385,,,,,,Primary
OSM,Trường Tiểu học Bát Tràng,,105.9169443,20.978789,,,,,,Primary
OSM,Trường Tiểu học Hoàng Văn Thụ,,106.6586437,10.7933981,Thành phố Hồ Chí Minh,,Tân Bình,,,Primary
OSM,Trường Tiểu học Kiêu Kỵ,,105.9583487,20.98061,,,,,,Primary
OSM,Trường Tiểu học Bùi Minh Trực,,106.6444228,10.7322956,Phường 6,Hồ Chí Minh,Quận 8,,,Primary
OSM,Trường Tiểu học Bình Giã,,106.6616226,10.793158,,,,,,Primary
OSM,Trường Tiểu học Trần Văn Đang,,106.6721588,10.7861563,Phường 11,Hồ Chí Minh,Quận 3,,,Primary
OSM,Trường Tiểu học Trung Mầu,,105.9866495,21.0562828,,,,,,Primary
OSM,Trường Tiểu học Trần Nhân Tôn,,106.5653765,10.6629368,,,,,,Primary
OSM,Trường Tiểu học Bình Lợi,,106.4820833,10.750457,,,,,,Primary
OSM,Trường Tiểu Học Hưng Long,,106.6243456,10.6497985,,,,,,Primary
OSM,Trường Tiểu học Tân Quý Tây,,106.5875438,10.6574353,,,,,,Primary
OSM,Trường Tiểu học Bình Chánh,,106.5671247,10.6616639,,,,,,Primary
OSM,Trường Tiểu học Cầu Xáng,,106.5170013,10.7873562,,,,,,Primary
OSM,Trường Tiểu học Huỳnh Văn Bánh,,106.5782938,10.8147574,,,,,,Primary
OSM,Trường Tiểu học Kim Đồng,,106.5738114,10.6721457,,,,,,Primary
OSM,Trường Tiểu học Lại Hùng Cường,,106.5776771,10.7934289,,,,,,Primary
OSM,Trường Tiểu học Lê Minh Xuân 3,,106.5181797,10.7535374,,,,,,Primary
OSM,Trường Tiểu học Nguyễn Văn Trân,,106.6494215,10.6700348,Xã Đa Phước,Tp. Hồ Chí Minh,,,,Primary
OSM,Trường Tiểu học Qui Đức,,106.6494443,10.6451517,,,,,,Primary
OSM,Trường Tiểu Học Tân Nhựt 6,,106.5789598,10.6954785,,,,,,Primary
OSM,Trường Tiểu học Tân Quý Tây 3,,106.5893219,10.6684049,,,,,,Primary
OSM,Trường Tiểu học Vĩnh Lộc 1,,106.5670341,10.8081674,,,,,,Primary
OSM,Trường Tiểu học An Bình,,106.7537131,10.8105014,,,,,,Primary
OSM,Trường Tiểu học Nguyễn Phan Vinh,,108.255365,16.1007327,,,,,,Primary
OSM,Trường Tiểu học Nguyễn Phan Vinh (cơ sở 2),,108.251028,16.1000468,,,,,,Primary
OSM,Trường Tiểu học Nguyễn Tri Phương,,108.2490312,16.1006268,,,,,,Primary
OSM,"Trường Mầm non - Tiểu học Pathway Tuệ Đức - Cơ sở Tân Thới Nhất 17, Quận 12",,106.6247765,10.825276,Hồ Chí Minh,,Quận 12,+84906373704,,Primary
OSM,"Trường Tiểu học Pathway Tuệ Đức - Cơ sở Hà Huy Giáp, Quận 12",,106.679373,10.851919,Hồ Chí Minh,,Gò Vấp,+84909596823,,Primary
OSM,"Trường Tiểu học Pathway Tuệ Đức - Cơ sở Tân Thới Nhất 6, Quận 12",,106.6097398,10.8351787,Hồ Chí Minh,,Quận 12,+84909347086,,Primary
OSM,"Trường Mầm non - Tiểu học - Trung học cơ sở Pathway Tuệ Đức - Cơ sở Eco Green, Quận 7",,106.7254246,10.7489653,,,,+84989 373 833,,Primary
OSM,"Trường Mầm non - Tiểu học Pathway Tuệ Đức -Cơ sở Bình Hưng, Bình Chánh",,106.6524833,10.7289482,Hồ Chí Minh,,Bình Chánh,,,Primary
OSM,Trường Tiểu học Nguyễn Khuyến,,107.8323956,11.4476693,,,,,,Primary
OSM,Trường Tiểu học thị trấn Bích Động,,106.1003034,21.275104,,,,,,Primary
OSM,Trường Tiểu học và Trung học cơ sở Sunshine Maple Bear,,105.8110118,21.083916,,,,,,Primary
OSM,Trường Tiểu học Phạm Hùng,,105.943173,10.2499883,,,,,,Primary
OSM,Trường Tiểu học chuyên biệt Bình Minh,,106.6374428,10.7943717,,,,,,Primary
OSM,Trường Tiểu học Thạch Thang,,108.9338053,14.9240352,,,,,,Primary
OSM,Trường Tiểu học Phổ An,,108.9589437,14.8763064,,,,,,Primary
OSM,Trường Tiểu học Phổ Quang,,108.9752448,14.8492131,,,,,,Primary
OSM,Trường Tiểu học Thân Nhân Trung,,106.6403801,10.8062502,Thành phố Hồ Chí Minh,,Tân Bình,,,Primary
OSM,Trường Tiểu học Nguyễn Khuyến,,106.6473448,10.7932295,,,,,,Primary
OSM,Trường Tiểu học Cách Mạng Tháng Tám CS1,,106.6507611,10.7940016,,,,,,Primary
OSM,Trường Tiểu học Lạc Long Quân,,106.6508049,10.7864413,,,,,,Primary
OSM,Trường Tiểu học Bình Hưng Hòa,,106.6031618,10.8152174,,,,,,Primary
OSM,Trường Tiểu học Hoà Lộc,,106.4055173,11.4353267,,,,,,Primary
OSM,Trường Tiểu học Phú Hoà Đông,,106.5643936,11.0213981,,,,,,Primary
OSM,Trường Tiểu học Đặng Thuỳ Trâm,,105.0514418,9.2025949,,,,,,Primary
OSM,Trường Tiểu học Xương Huân 2,Xuong Huan 2 Primary School,109.1928768,12.2565027,,,,,,Primary
OSM,Trường Tiểu học Lê Quý Đôn,,105.9189707,21.0555571,,,,,,Primary
OSM,Trường Tiểu học Sông Luỹ 3,,108.3207724,11.2124366,,,,,,Primary
OSM,Trường Tiểu học Sông Luỹ 2,,108.321395,11.2097408,,,,,,Primary
OSM,Trường Tiểu học Bình Lợi,,106.4946717,10.7635186,,Hồ Chí Minh,Bình Chánh,,,Primary
OSM,Trường Tiểu học và Trung học Cơ sở Đồng Nai Thượng,,107.4598428,11.7364021,,,,,,Primary
OSM,Trường Tiểu học Thực hành Nguyễn Tất Thành,,105.7850406,21.0387788,,,,,,Primary
OSM,Trường Tiểu học Võ Thị Sáu,,107.4821308,11.506451,,,,,,Primary
OSM,Trường Tiểu học Thị trấn Liễu Đề,,106.1870435,20.2197747,,,,,,Primary
OSM,Trường Tiểu học Đức Giang,,105.6970237,21.0598679,,,,,,Primary
OSM,Trường Tiểu học Đoàn Khuê,,105.9017587,21.0596032,,,,,,Primary
OSM,Trường Tiểu học Minh Ngọc,Minh Ngoc Primary School,105.1681691,22.7737083,,,,,,Primary
OSM,Trường tiểu học Hòa Xuân Đông,,109.3446855,12.9719717,,,,,,Primary
OSM,Trường Tiểu học Đỗ Như Dậy,,109.340205,12.9749883,,,,,,Primary
OSM,Trường Tiểu Học Lê Quý Đôn,,109.3144677,12.9991263,,,,,,Primary
OSM,Trường tiểu học Chu Văn An 1,,109.2884272,12.9925499,,,,,,Primary
OSM,Trường Tiểu học Hòa Tân Tây,,109.2767338,12.9958351,,,,,,Primary
OSM,Trường tiểu học,,108.7962031,15.1783091,,,,,,Primary
OSM,Trường Tiểu học Sen Phương (khu A),Sen Phuong Primary School (campus A),105.52424,21.1414611,,,,,,Primary
OSM,Trường Tiểu học Sen Phương (khu B),Sen Phuong Primary Sschool (campus B),105.5436746,21.1428417,,,,,,Primary
OSM,Trường Tiểu học Định An 3,,105.3128509,9.7457397,,,,,,Primary
OSM,Trường Tiểu học Bình Nhì,,106.5719,10.3577137,,,,,,Primary
OSM,Trường Tiểu học Phan Thế Dõng,,106.6110623,10.3437441,,,,,,Primary
OSM,Trường Tiểu học An Hiệp,,109.2549803,13.2509254,,,,,,Primary
OSM,Trường Tiểu Học Nguyễn Hữu Thọ,,109.2943047,13.1786875,,,,,,Primary
OSM,Trường Tiểu học Tân Hội A,Tan Hoi A Primary School,105.7013314,21.0932069,,,,,,Primary
OSM,Trường Tiểu học Tân Hội B,,105.7064642,21.0938674,,,,,,Primary
OSM,Trường Tiểu học Phương Đình B,,105.6632926,21.1136381,,Thành phố Hà Nội,,,,Primary
OSM,Trường Tiểu học Thọ Xuân,,105.6469255,21.1220263,,,,,,Primary
OSM,Trường Tiểu học Thọ An,,105.6396489,21.126738,,,,,,Primary
OSM,Trường Tiểu học Trung Châu A,,105.6300851,21.136807,,,,,,Primary
OSM,Trường Tiểu học Trung Châu B,,105.6580955,21.1275492,,,,,,Primary
OSM,Trường Tiểu học Hồng Hà,,105.6890139,21.1320296,,,,,,Primary
OSM,Trường Tiểu học Liên Hồng,,105.701793,21.1237391,,,,,,Primary
OSM,Trường Tiểu học Liên Hà,,105.7199974,21.1097241,,,,,,Primary
OSM,Trường Tiểu học Liên Trung,,105.7246779,21.1044498,,,,,,Primary
OSM,Trường Tiểu học Thượng Mỗ,,105.679108,21.1107041,,,,,,Primary
OSM,Trường Tiểu học Tô Hiến Thành,,105.6868894,21.1091575,,,,,,Primary
OSM,Trường tiểu học Bến Củi,,106.322212,11.2617528,,,,,,Primary
OSM,Trường Tiểu học Ngô Quyền,,106.3622387,11.2703159,,,,,,Primary
OSM,Trường tiểu học Lộc Ninh,,106.2980421,11.2583507,,,,,,Primary
OSM,Trường Tiểu học Yên Sở (cơ sở 2),,105.8640758,20.9604553,,,,,,Primary
OSM,Trường Tiểu học Thịnh Liệt,,105.8460919,20.9744944,,,,,,Primary
OSM,Trường Tiểu học Nguyễn Khuyến,,105.7390497,20.9822723,,,,,,Primary
OSM,Trường Tiểu học & Trung học cơ sở Vinschool Thăng Long,,105.7170488,21.0024669,,,,,,Primary
OSM,"Trường Tiểu học, Trung học cơ sở Vinschool Metropolis",Vinschool Metropolis Primary and Secondary,105.815026,21.0321533,,,,,,Primary
OSM,Trường Tiểu học Hà Nội - Điện Biên Phủ,Hanoi - Dien Bien Phu Primary School,103.0231611,21.3865874,,,,,,Primary
OSM,Trường Tiểu học Noong Bua,Noong Bua Primary School,103.032099,21.3901829,,,,,,Primary
OSM,Trường Tiểu học Thị trấn Vũ Quang,,105.500285,18.3858976,,,,,,Primary
OSM,Trường Tiểu học và Trung học cơ sở Hợp Nhất (khu Tiểu học),,105.3302002,21.077158,,,,,,Primary
OSM,Trường Tiểu học Yên Sở,,105.6783163,21.0433042,,,,,,Primary
OSM,Trường Tiểu học Tiền Phong A,,105.7562823,21.1530392,,,,,,Primary
OSM,Trường Tiểu học Vân Phúc,,105.5935145,21.14779,,,,,,Primary
OSM,Trường Tiểu học Cộng Hoà,,105.6735081,20.976756,,,,,,Primary
OSM,Trường Tiểu học Cấn Hữu,,105.6191418,20.9541938,,,,,,Primary
OSM,Trường Tiểu học Tiên Dược,,105.8505428,21.2494015,,,,,,Primary
OSM,Trường Tiểu học Phù Linh,,105.852912,21.2757932,,,,,,Primary
OSM,Trường Tiểu học Thanh Xuân,,105.758853,21.2254007,,,,,,Primary
OSM,Trường Tiểu học Phù Lỗ A,,105.8387834,21.198929,,,,,,Primary
OSM,Trường Tiểu học Đông Xuân,,105.8683203,21.2133125,,,,,,Primary
OSM,Trường Tiểu học Tô Hiệu,,105.8870248,20.8055934,,,,,,Primary
OSM,Trường Tiểu học Ngô Sĩ Kiện,,105.8533979,20.9390707,,,,,,Primary
OSM,Trường Tiểu học Vạn Phúc,,105.8962034,20.919055,,,,,,Primary
OSM,Trường Tiểu học Vạn Phúc (cơ sở 2),,105.8857706,20.9093011,,,,,,Primary
OSM,Trường Tiểu học Ngọc Hồi,,105.8451797,20.9224961,,,,,,Primary
OSM,Trường Tiểu học Ngô Thì Nhậm,,105.8073184,20.9388661,,,,,,Primary
OSM,Trường Tiểu học Đỗ Ngọc Du,,105.8044987,20.9346779,,,,,,Primary
OSM,Trường Tiểu học Đỗ Ngọc Du,,105.8017873,20.9335011,,,,,,Primary
OSM,Trường Tiểu học Nguyễn Viết Xuân,,105.7920991,21.0169862,,,,,,Primary
OSM,Trường Tiểu học Trần Quang Cơ,Tran Quang Co Primary School,106.669283,10.76122,,,,,,Primary
OSM,Trường Mầm non và Tiểu học Ban Mai,,105.7935083,20.9786649,,,,,,Primary
OSM,Trường Tiểu học An Khánh A,,105.7205167,21.0061681,,,,,,Primary
OSM,Trường Tiểu học An Khánh B,,105.7192989,20.9877566,,,,,,Primary
OSM,Trường Tiểu học Tô Hiến Thành,,108.2403116,15.9955457,,,,,,Primary
OSM,Trường Tiểu học Sơn Đông,,108.3224912,12.4966144,,,,,,Primary
OSM,Trường Tiểu học Sài Sơn B,,105.6554122,21.0196519,,,,,,Primary
OSM,Trường Tiểu học và Trung học cơ sở Mỹ Đức,,105.739859,20.6799318,,,,,,Primary
OSM,Trường Tiểu học Dương Liễu,,105.676972,21.0554791,,,,,,Primary
OSM,Trường Tiểu học Trần Khánh Dư,,106.6917371,10.7948471,,,,+84 028 38484255;+84 028 38481680,,Primary
OSM,Trường Tiểu học Đuốc Sống,,106.6919004,10.7903754,,,,+84 028 38290977,,Primary
OSM,Trường Tiểu học Nguyễn Huệ,Nguyen Hue Primary School,106.6909837,10.7708629,,,,+84 028 38392847,,Primary
OSM,Trường Tiểu học Trần Quang Khải (cơ sở 1),,106.6933558,10.7932414,,,,,,Primary
OSM,Trường Tiểu học Trần Quang Khải (cơ sở 2),,106.6934156,10.7896161,,,,,,Primary
OSM,Trường Tiểu học Phan Văn Trị,,106.6843948,10.7669102,,,,+84 028 38392849,,Primary
OSM,Trường Tiểu học Chương Dương,,106.691148,10.7585805,,,,+84 028 38369440,,Primary
OSM,Trường Tiểu học Lê Ngọc Hân,,106.6894865,10.7727936,,,,+84 028 38391563,,Primary
OSM,Trường Tiểu học Đức Thượng,,105.6935701,21.0739595,,,,,,Primary
OSM,Trường Tiểu học Vạn Xuân,,105.709252,21.0709305,,,,,,Primary
OSM,Trường Tiểu học La Phù,,105.7306739,20.9826171,,,,,,Primary
OSM,Trường Tiểu học Lại Yên,,105.7062725,21.0261879,,,,,,Primary
OSM,Trường Tiểu học Minh Khai,,105.674952,21.0657976,,,,,,Primary
OSM,Trường Tiểu học Thị trấn Đông Hưng,,106.3568351,20.5548918,,,,,,Primary
OSM,Trường Tiểu học Nhị Khê,,105.8487845,20.8962861,,,,,,Primary
OSM,Trường Tiểu học Dương Minh Châu,,106.663795,10.7625317,,,,,,Primary
OSM,Trường Tiểu học Tô Hiến Thành,To Hien Thanh Primary School,106.669921,10.78145,,,,,,Primary
OSM,Trường Tiểu học Lê Đình Chinh,Le Dinh Chinh Primary School,106.6653932,10.7699284,,,,,,Primary
OSM,Trường Tiểu học Lê Thị Riêng,,106.6719576,10.7801179,,,,,,Primary
OSM,Trường Tiểu học Nguyễn Chí Thanh,Nguyen Chi Thanh Primary School,106.6675513,10.7599714,,,,,,Primary
OSM,Trường Tiểu học Nhật Tảo,Nhat Tao Primary School,106.6705183,10.7649809,,,,,,Primary
OSM,Trường Tiểu học Điện Biên,Dien Bien Priamry School,106.6797789,10.7743265,,,,,,Primary
OSM,Trường Tiểu học Triệu Thị Trinh,Trieu Thi Trinh Primary School,106.6736171,10.7782269,,,,,,Primary
OSM,Trường Tiểu học Phạm Hữu Lầu,,106.7294012,10.7005933,,,,,,Primary
OSM,Trường Tiểu học Đắc Sở,,105.6838518,21.0356011,Hà Nội,,Hoài Đức,,,Primary
OSM,Trường Tiểu học Phú Thuận,,106.7327703,10.7365894,Phường Phú Thuận,Thành phố Hồ Chí Minh,Quận 7,,,Primary
OSM,Trường Tiểu học Lê Anh Xuân,,106.7367313,10.7319837,Phường Phú Thuận,Thành phố Hồ Chí Minh,Quận 7,,,Primary
OSM,Trường Tiểu học Nguyễn Bình (Cơ sở 1),,106.7417988,10.6752271,Xã Phú Xuân,Hồ Chí Minh,Nhà Bè,,,Primary
OSM,Trường Tiểu học Đinh Bộ Lĩnh,,106.7085205,10.7376232,Phường Tân Phong,Thành phố Hồ Chí Minh,Quận 7,,,Primary
OSM,Trường Tiểu học Kim Đồng,,106.725465,10.7482894,Phường Tân Thuận Tây,Thành phố Hồ Chí Minh,Quận 7,,,Primary
OSM,Trường tiểu học Nguyễn Trực,,106.6906419,10.7446642,Phường Rạch Ông,Thành phố Hồ Chí Minh,Quận 8,,,Primary
OSM,Trường Tiểu học Thạnh Phong A,,106.633798,9.8544561,,Bến Tre,Thạnh Phú,,,Primary
OSM,Trường Tiểu học Đông Hải A,,106.4353642,9.5516949,,,,,,Primary
OSM,Trường Tiểu học Lương Thế Vinh,,106.650216,10.8418099,Phường 8,Thành phố Hồ Chí Minh,Gò Vấp,,,Primary
OSM,Trường Tiểu học Nguyễn Thị Định,,106.6157592,10.8305385,Phường Tân Thới Nhất,Thành phố Hồ Chí Minh,Quận 12,,,Primary
OSM,Trường Tiểu học Xuân Sơn,,109.0712426,13.1248359,,,,,,Primary
OSM,Trường Tiểu học Suối Bạc,,108.9909905,13.0883911,,,,,,Primary
OSM,Trường Tiểu học Củng Sơn 2,,108.9721744,13.0522807,,,,,,Primary
OSM,Trường Tiểu học Củng Sơn 1,,108.9743811,13.0393998,,,,,,Primary
OSM,Trường Tiểu học Sơn Hà 1,,109.0282543,13.061526,,,,,,Primary
OSM,Trường Tiểu học Đinh Công Tráng,,106.6029211,10.7203852,Phường An Lạc,Thành phố Hồ Chí Minh,Bình Tân,,,Primary
OSM,Trường Tiểu học Trần Cao Vân,,106.5704707,10.7639162,Phường Tân Tạo,Thành phố Hồ Chí Minh,Quận Bình Tân,,,Primary
OSM,Trường Tiểu học Nguyễn Công Trứ,,106.5965915,10.7731116,Phường Bình Trị Đông A,Thành phố Hồ Chí Minh,Quận Bình Tân,,,Primary
OSM,Trường Tiểu học Hoàng Văn Thụ,,106.5911316,10.7941563,Phường Bình Hưng Hòa B,Thành phố Hồ Chí Minh,Quận Bình Tân,,,Primary
OSM,Trường Tiểu học Huỳnh Thúc Kháng,,106.6009825,10.8017,Phường Bình Hưng Hòa,Thành phố Hồ Chí Minh,Quận Bình Tân,,,Primary
OSM,Trường Tiểu học và Trung học cơ sở Lê Quý Đôn,,109.290517,13.444086,,,,,,Primary
OSM,Trường Tiểu học & Trung học cơ sở Lê Thánh Tông,,109.3159005,13.4630769,,,,,,Primary
OSM,Trường Tiểu học Xuân Phú,,109.2138281,13.4610641,,Phú Yên,Sông Cầu,,,Primary
OSM,Trường Tiểu Học Xuân Đài (điểm Bình Thạnh),,109.2444784,13.3748298,,Phú Yên,Sông Cầu,,,Primary
OSM,Điểm Trường Trường Tiểu Học Và Trung Học Cơ Sở Lê Duẩn,,109.2238569,13.3341804,,,,,,Primary
OSM,Trường Tiểu học Ái Mộ A,,105.8704898,21.043442,,,,,,Primary
OSM,Trường Tiểu học Tây Mỗ 3,,105.7370347,21.0087653,,,,,,Primary
OSM,Trường tiểu học Mỹ Hưng,,106.5025277,9.9871256,,,,,,Primary
OSM,Trường tiểu học tt.Thạnh Phú,,106.5170196,9.9455083,,,,,,Primary
OSM,Trường Tiểu học Nguyễn Thị Nuôi,,106.6055248,10.8859134,Xã Thới Tam Thôn,Thành phố Hồ Chí Minh,Huyện Hóc Môn,,,Primary
OSM,Trường Tiểu học Ấp Đình,,106.6040494,10.8822871,Xã Tân Xuân,Thành phố Hồ Chí Minh,Huyện Hóc Môn,,,Primary
OSM,Trường Tiểu học Quang Trung,,106.612781,10.8486942,,,,,,Primary
OSM,Trường Tiểu học Trần Quang Cơ,,106.6179433,10.8681625,Phường Tân Chánh Hiệp,Thành phố Hồ Chí Minh,Quận 12,,,Primary
OSM,Trường Tiểu học Nguyễn An Ninh,,106.5895742,10.8909611,Thị trấn Hóc Môn,Thành phố Hồ Chí Minh,Huyện Hóc Môn,,,Primary
OSM,Trường Tiểu học Trần Quốc Toản,,106.6504901,10.8752772,Phường Thới An,Thành phố Hồ Chí Minh,Quận 12,,,Primary
OSM,Trường Tiểu học Bình Lợi Trung - Cơ sở 2,,106.7063531,10.82571,Phường 13,Thành phố Hồ Chí Minh,Quận Bình Thạnh,,,Primary
OSM,Trường Tiểu học Lý Chính Thắng 2,,106.5768288,10.8925916,Xã Tân Thới Nhì,Thành phố Hồ Chí Minh,Huyện Hóc Môn,,,Primary
OSM,Trường Tiểu học Võ Văn Thặng,,106.6742354,10.911909,Xã Nhị Bình,Thành phố Hồ Chí Minh,Huyện Hóc Môn,,,Primary
OSM,Trường Tiểu học Tam Đông 2,,106.6086569,10.8950266,Xã Thới Tam Thôn,Thành phố Hồ Chí Minh,Huyện Hóc Môn,,,Primary
OSM,Trường Tiểu học Ngô Sỹ Liên,,108.1503746,16.0735944,Đà Nẵng,,Hòa Khánh,,,Primary
OSM,Trường Tiểu học Phố Mới,Pho Moi Primary School,106.1533979,21.1550005,Bắc Ninh,Bắc Ninh,Thị xã Quế Võ,,,Primary
OSM,Trường Tiểu học Bằng An,,106.1606718,21.1711425,Bắc Ninh,Bac Ninh,Thị xã Quế Võ,,,Primary
OSM,Trường Tiểu học Sơn Châu,Son Chau Primary School,105.4973408,18.5257472,,,,,,Primary
OSM,Trường Tiểu học Nguyễn Bá Ngọc,,108.2109069,16.0675027,Đà Nẵng,,Thanh Khê,,,Primary
OSM,Trường Tiểu học và Trung học cơ sở Phượng Mao,,106.1462467,21.1497817,Bắc Ninh,Bac Ninh,Thị xã Quế Võ,,,Primary
OSM,Trường Tiểu học Quế Tân,,106.1888867,21.1678598,Bắc Ninh,Bac Ninh,Thị xã Quế Võ,,,Primary
OSM,Trường Tiểu học Hàm Nghi,,108.2118726,16.0624273,Đà Nẵng,,Quận Thanh Khê,,,Primary
OSM,Trường Tiểu học Vân Dương,,106.0942474,21.1597684,Bắc Ninh,Bac Ninh,Thành phố Bắc Ninh,,,Primary
OSM,Trường Tiểu học Việt Hùng số 2,,106.1748564,21.144594,Bắc Ninh,Bac Ninh,Thị xã Quế Võ,,,Primary
OSM,Trường Tiểu học Việt Hùng số 1,,106.1672774,21.1464108,,,,,,Primary
OSM,Trường Tiểu học Phương Liễu,Phuong Lieu Primary School,106.1402037,21.1668296,Bắc Ninh,Bắc Ninh,Thị xã Quế Võ,,,Primary
OSM,Trường Tiểu học Phương Liễu,Phuong Lieu Primary School,106.1248961,21.1609202,Bắc Ninh,Bac Ninh,Thị xã Quế Võ,,,Primary
OSM,Trường Tiểu học và Trung học cơ sở EDUWINSCHOOL,,106.102269,21.1708585,Bắc Ninh,Bac Ninh,Thị xã Quế Võ,,,Primary
OSM,Trường Tiểu học Lê Quý Đôn,,108.2209668,16.0557643,Đà Nẵng,,Quận Hải Châu,,,Primary
OSM,Trường Tiểu học Lê Kim Lăng,,108.196003,15.9961262,Đà Nẵng,,Huyện Hòa Vang,,,Primary
OSM,Trường Tiểu học Hòa Ninh,,108.0750327,16.0493143,Đà Nẵng,,Huyện Hòa Vang,,,Primary
OSM,Trường Tiểu học Ông Ích Đường,,108.1830286,15.9994179,Đà Nẵng,,Huyện Hoà Vang,,,Primary
OSM,Trường Tiểu Học Tôn Đức Thắng,,108.1759838,16.0425658,Đà Nẵng,,Quận Cẩm Lệ,,,Primary
OSM,Trường Tiểu học Nhân Hòa,,106.1481974,21.1859942,Bắc Ninh,Bac Ninh,Thị xã Quế Võ,,,Primary
OSM,Trường Tiểu học Bế Văn Đàn,,108.1820166,16.0577437,Đà Nẵng,,Quận Thanh Khê,,,Primary
OSM,Trường Tiểu học Lê Văn Tám,,108.1759963,16.0699928,,,,,,Primary
OSM,Trường Tiểu học Điện Biên Phủ,,108.1991902,16.0679495,Đà Nẵng,,Quận Thanh Khê,,,Primary
OSM,Trường Tiểu học An Khê,,108.184615,16.0487784,Đà Nẵng,,Quận Thanh Khê,,,Primary
OSM,Trường Tiểu học Nguyễn Như Hạnh,,108.182976,16.0478778,Đà Nẵng,,Quận Cẩm Lệ,,,Primary
OSM,Trường Tiểu học và Trung học cơ sở Phượng Mao,Phuong Mao Primary and Secondary School,106.147697,21.1503252,Bắc Ninh,Bac Ninh,Thị xã Quế Võ,,,Primary
OSM,Trường Tiểu học Cách Bi,,106.1811675,21.1153898,Bắc Ninh,Bac Ninh,Thị xã Quế Võ,,,Primary
OSM,Trường Tiểu học Đinh Bộ Lĩnh,,108.2058627,16.0749834,Đà Nẵng,,Quận Thanh Khê,,,Primary
OSM,Trường Tiểu học Thị trấn Mèo Vạc,,105.406437,23.1636368,,,,,,Primary
OSM,Trường Tiểu học Nguyễn Đức Cảnh,,108.1657416,16.07644,Đà Nẵng,,Quận Thanh Khê,,,Primary
OSM,Trường Tiểu học Ngô Quyền,,108.2085513,16.0161135,Đà Nẵng,,Quận Cẩm Lệ,,,Primary
OSM,Trường Tiểu học Trần Nhân Tông (Cơ sở 1),,108.2048266,16.0105505,Đà Nẵng,,Quận Cẩm Lệ,,,Primary
OSM,Trường Tiểu học Trần Nhân Tông (Cơ sở 2),,108.2034916,16.0143727,Đà Nẵng,,Quận Cẩm Lệ,,,Primary
OSM,Trường Tiểu học và Trung học cơ sở Hoàng Hoa Thám,Hoang Hoa Tham Primary and Secondary School,106.0612714,21.1642272,Bắc Ninh,Bac Ninh,Thành phố Bắc Ninh,,,Primary
OSM,Trường Tiểu học Nhị Quý,,106.180082,10.3921935,,,,,,Primary
OSM,Trường Tiểu học Võ Thị Sáu,,108.1549619,16.0804306,,,,,,Primary
OSM,Trường Tiểu học Vũ Ninh 2,,106.0761758,21.1995745,Bắc Ninh,Bac Ninh,Thành phố Bắc Ninh,,,Primary
OSM,Trường Tiểu học Tiền An,Tien An Primary School,106.0668127,21.1832725,Bắc Ninh,Bac Ninh,Thành phố Bắc Ninh,,,Primary
OSM,Trường Tiểu học Tân Hồng 2,,105.9731736,21.1134849,Bắc Ninh,Bac Ninh,Thành phố Từ Sơn,,,Primary
OSM,Trường Tiểu học Lưu Chí Hiếu,,107.117203,10.3779952,,,,,,Primary
OSM,Trường Tiểu học Thắng Nhì,Thắng Nhì Primary School,107.0793301,10.374491,,,,,,Primary
OSM,Trường Tiểu học Võ Cường 2,Vo Cuong 2 Primary School,106.0601476,21.1676427,Bắc Ninh,Bac Ninh,Thành phố Bắc Ninh,,,Primary
OSM,Trường Tiểu học Kim Đồng,,107.8575681,13.9597678,,,,,,Primary
OSM,Trường Tiểu học số 2 Phú Bài,,107.6724286,16.4097644,,,,,,Primary
OSM,Trường Tiểu học số 1 Phú Bài,,107.6806197,16.4126375,,,,,,Primary
OSM,Trường Tiểu học Phú Riềng B,,106.9307089,11.6614465,,,,,,Primary
OSM,Trường Tiểu học Nguyễn Huệ,,107.8404422,13.9648461,,,,,,Primary
OSM,Trường Tiểu học Đông An (Cơ sở Tân An),,106.7934249,10.9087361,,,,,,Primary
OSM,Trường Tiểu học Mỹ Xuân 2,,107.0519255,10.6107329,,,,,,Primary
OSM,Trường Tiểu học Nguyễn Bỉnh Khiêm,Nguyễn Bỉnh Khiêm Elementary School,107.1359128,10.3946499,,,,,,Primary
OSM,Trường Tiểu Học Lê Văn Tám,,108.1079237,13.8067848,,,Xã Bờ Ngoong,,,Primary
OSM,Trường Tiểu học Thị trấn Nhân Thắng,,106.2296111,21.0641318,Bắc Ninh,Bac Ninh,Huyện Gia Bình,,,Primary
OSM,Trường Tiểu học Trần Văn Ơn,,106.6003673,10.822384,,,,,,Primary
OSM,Trường Tiểu học Hùng Vương,,108.0804434,13.6891359,,Gia Lai,Xã Chư Sê,,,Primary
OSM,Trường Tiểu học Trần Phú,,107.8351378,12.4650513,Krông Nô,Đắk Nông,Đắk Mâm,,,Primary
OSM,Trường Tiểu học Hồng Thái,,105.9538912,20.7644412,,,,,,Primary
OSM,Trường Tiểu học Thái Hưng (cơ sở 2),,106.6703619,10.7487438,Phường Hưng Phú,Thành phố Hồ Chí Minh,Quận 8,,,Primary
OSM,Trường Tiểu học Vàm Cỏ Đông,,106.6742784,10.7441709,Phường 4,Thành phố Hồ Chí Minh,Quận 8,,,Primary
OSM,Trường Tiểu học Bạch Hạ,,105.9419763,20.7035871,,,,,,Primary
OSM,Trường Tiểu học Hoàn Sơn,Hoan Son Primary School,106.0005871,21.1107934,Bắc Ninh,Bac Ninh,Huyện Tiên Du,,,Primary
OSM,Trường Tiểu học Thái Phiên,Thái Phiên Elementary School,108.4798442,11.9683445,,,,,,Primary
OSM,Trường Tiểu học Nguyễn Bá Ngọc,,107.7616893,14.6647771,,,,,,Primary
OSM,Trường Tiểu học Lê Văn Tám (Phân hiệu Buôn Ba Na),,107.8632787,13.2596949,,,,,,Primary
OSM,Trường Tiểu học Võ Thị Sáu,,105.8652287,20.9988,,,,,,Primary
OSM,Trường Tiểu học Nam Phong,,105.9216805,20.7557532,,,,,,Primary
OSM,Trường Tiểu học Vệ An,Ve An Primary School,106.0606668,21.1863843,Bắc Ninh,Bac Ninh,Thành phố Bắc Ninh,,,Primary
OSM,Trường Tiểu học Đồng Nguyên 1,Dong Nguyen 1 Primary School,105.9650468,21.1298285,Bắc Ninh,Bac Ninh,Thành phố Từ Sơn,,,Primary
OSM,Trường tiểu học sông Hiến,,106.2495806,22.6693292,,,,,,Primary
OSM,Trường Tiểu học Vũ Công Tể,,105.79912,21.1196097,,,,,,Primary
OSM,Trường Tiểu học Đại Ân 2B,,106.1583483,9.5472933,,,,,,Primary
OSM,Trường Tiểu học Đại Phúc,,106.0789596,21.1731581,Bắc Ninh,Bac Ninh,Thành phố Bắc Ninh,,,Primary
OSM,Trường Tiểu học Hạp Lĩnh,,106.0722652,21.1328657,Bắc Ninh,Bac Ninh,Thành phố Bắc Ninh,,,Primary
OSM,Trường Tiểu học Võ Cường 1,,106.0381766,21.1557556,Bắc Ninh,Bac Ninh,Thành phố Bắc Ninh,,,Primary
OSM,Trường Tiểu học Võ Cường 3,,106.0512436,21.1610494,Bắc Ninh,Bac Ninh,Thành phố Bắc Ninh,,,Primary
OSM,Trường Tiểu học Phùng Xá A,,105.6245977,21.0189303,,,,,,Primary
OSM,Trường Tiểu học Hạ Yên Quyết,,105.7861601,21.0259355,,,,,,Primary
OSM,Trường Tiểu học Hoa Lư cơ sở 1,,108.2103202,16.0581207,,,,,,Primary
OSM,Trường Tiểu học Hoa Lư cơ sở 2,,108.2094412,16.0610814,,,,,,Primary
OSM,Trường Tiểu học Kim Đồng,Kim Dong Primary School,107.8056791,11.6499378,,Lâm Đồng,,,,Primary
OSM,Trường tiểu học Xuân Sơn Nam,,109.149183,13.3477723,,,,,,Primary
OSM,Trường Tiểu học Thị trấn Thủ Thừa,,106.409034,10.5990192,Thị trấn Thủ Thừa,Tỉnh Long An,Huyện Thủ Thừa,,,Primary
OSM,Trường Tiểu học Đại Hưng,,105.9336626,20.9873843,,,,,,Primary
OSM,Trường Tiểu học Trần Quốc Toản,,107.5328903,11.3845878,,Tỉnh Lâm Đồng,Huyện Đạ Huoai,0633 874 319,,Primary
OSM,Trường Mầm non-Tiểu học Măng Cành (điểm trường thôn Măng Cành),,108.2992751,14.6925109,,,,,,Primary
OSM,Trường Tiểu học Cảnh Hưng,,106.0273024,21.0815934,Bắc Ninh,Bac Ninh,Huyện Tiên Du,,,Primary
OSM,Trường Tiểu học Lê Lai,Elemetary school Le Lai,108.2453218,16.0539988,,,,,,Primary
OSM,Trường Tiểu học Lạc Vệ 1,,106.0801094,21.1225526,Bắc Ninh,Bac Ninh,Huyện Tiên Du,,,Primary
OSM,Trường Tiểu học Đức Long,,106.2748289,21.1183372,Bắc Ninh,Bac Ninh,Thị xã Quế Võ,,,Primary
OSM,Trường Tiểu học Quảng Minh,,106.3839131,17.7161569,,,,,,Primary
OSM,Trường Tiểu học Quảng Phong,,106.399716,17.7541903,,,,,,Primary
OSM,Trường Tiểu học Vinschool Smart City,,105.7358946,21.0019421,,,,,,Primary
OSM,Trường Tiểu học Chu Văn An (Cơ sở 2),,105.9483555,10.2334813,,,,,,Primary
OSM,Trường Tiểu học Chu Văn An (Cơ Sở 1),,105.9577063,10.234569,,,,,,Primary
OSM,Trường Tiểu học Nguyễn Du,,105.861139,20.8709166,,,,,,Primary
OSM,Trường Tiểu học Nam Hồ,,108.4783743,11.9473989,,,,,,Primary
OSM,Trường Tiểu học Lê Lợi,,108.4313627,11.9513443,,,,,,Primary
OSM,Trường Tiểu học Tân Mai (Cơ sở 2),,106.8522225,10.9532531,,,,,,Primary
OSM,Trường Tiểu học Trần Hưng Đạo,,107.8318725,11.6329474,,Lâm Đồng,,,,Primary
OSM,Trường Tiểu học Lê Quý Đôn,,108.0659204,13.7090973,,Gia Lai,,,,Primary
OSM,Trường Tiểu học Thạnh Lợi,,105.282889,10.2310806,,,,,,Primary
OSM,Trường Tiểu học Cam Lộc 1,,109.1397209,11.9205309,Cam Ranh,Khánh Hòa,,,,Primary
OSM,Trường Tiểu học Cam Lộc 2,,109.1418356,11.92066,Cam Ranh,Khánh Hòa,,,,Primary
OSM,Trường Tiểu học Cam Phú,,109.1563094,11.9201432,,,,,,Primary
OSM,Trường Tiểu học An Khánh B (Khu B),,105.7304782,20.9960985,,thành phố Hà Nội,huyện Hoài Đức,,,Primary
OSM,Trường Tiểu học Yết Kiêu,,105.7748838,20.9740823,,thành phố Hà Nội,,,,Primary
OSM,Trường Tiểu học Phú Mỹ,,106.7355008,10.7052568,,Thành phố Hồ Chí Minh,Quận 7,,,Primary
OSM,Trường Tiểu học Lê Quý Đôn,,107.8380076,11.6067449,,Lâm Đồng,Xã Bảo Lâm 1,,,Primary
OSM,Trường Tiểu học Tân Phú,,106.8264627,11.0104896,,,,,,Primary
OSM,Trường Tiểu học Lạc Đạo - Cơ sở 2,,106.0095147,20.988572,,,,,,Primary
OSM,Trường Tiểu học Cam Phúc Bắc 2,,109.1901682,11.9609758,,,,,,Primary
OSM,Trường Tiểu học Cam Phúc Bắc 1,,109.1927272,11.9669871,,,,,,Primary
OSM,Trường Tiểu học Hữu Bằng,,105.6191025,21.0255616,,,,,,Primary
OSM,Trường Tiểu học Phong Khê,,106.0371599,21.1673873,Bắc Ninh,Bac Ninh,Thành phố Bắc Ninh,,,Primary
OSM,Trường Tiểu học Cam Nghĩa 1,,109.1906563,11.9923935,,,,,,Primary
OSM,Trường Tiểu học Khúc Xuyên,,106.0474775,21.182397,Bắc Ninh,Bac Ninh,Thành phố Bắc Ninh,,,Primary
OSM,Trường Tiểu học Lý Tự Trọng,,106.6283298,10.8296859,,,,,,Primary
OSM,Trường Tiểu học Long Châu,Long Chau Primary School,105.984854,21.1915873,Bắc Ninh,Bac Ninh,Huyện Yên phong,,,Primary
OSM,Trường Tiểu học Liên Bão,Lien Bao Primary School,106.0231792,21.1250771,Bắc Ninh,Bac Ninh,Huyện Tiên Du,,,Primary
OSM,Trường Tiểu học Tân Chi,Tan Chi Primary School,106.0870254,21.0879851,Bắc Ninh,Bac Ninh,Huyện Tiên Du,,,Primary
OSM,Trường Tiểu học Phan Văn Trị,,106.6945135,10.8201788,,Thành phố Hồ Chí Minh,,,,Primary
OSM,Trường Tiểu học Cam Linh 1,,109.1505406,11.9069283,,Khánh Hòa,,,,Primary
OSM,Trường Tiểu học Cam Linh 2,,109.1508846,11.9082468,,Khánh Hòa,,,,Primary
OSM,Trường Tiểu học Ba Ngòi,,109.1326673,11.9133408,,,,,,Primary
OSM,Trường Tiểu học Phương Liễu,Phuong Lieu Primary School,106.1071868,21.1742226,Bắc Ninh,Bac Ninh,Thị xã Quế Võ,,,Primary
OSM,Trường Tiểu học Cam Đức 2,,109.1567201,12.0714853,,,,,,Primary
OSM,Trường Tiểu học Cam Hiệp Nam,,109.1291913,12.03075,,,,,,Primary
OSM,Trường Tiểu học Cam Nghĩa 2,,109.1702125,11.9921102,,,,,,Primary
OSM,Trường Tiểu học - Trung học cơ sở Cam Thành Nam,,109.1548504,11.9958872,,,,,,Primary
OSM,Trường Tiểu học Tấn Tài 1,,108.9941405,11.561177,Phan Rang - Tháp Chàm,,,,,Primary
OSM,Trường Tiểu học Kinh Dinh,,108.9899589,11.5580791,,,,,,Primary
OSM,Trường Tiểu học Đạo Long,,108.9872352,11.5575092,,,,,,Primary
OSM,Trường Tiểu học Đài Sơn,,108.9933479,11.5810034,,,,,,Primary
OSM,Trường Tiểu học & Trung học cơ sở Nguyễn Đình Chính,,109.016628,11.5770159,,,,,,Primary
OSM,Trường Tiểu học Văn Hải 4,,109.0145378,11.5866082,,,,,,Primary
OSM,Trường Tiểu học & Trung học cơ sở Võ Nguyên Giáp,,109.026998,11.5504365,,,,,,Primary
OSM,Trường Tiểu học Đông Hải 1,,109.024298,11.5482684,,,,,,Primary
OSM,Trường Tiểu học Kim Đồng,,108.2154245,13.202326,,Đăk Lăk,,,,Primary
OSM,Trường Tiểu học Quảng Sơn B,,108.7913006,11.7477604,,,,,,Primary
OSM,Trường Tiểu học Quảng Sơn A,,108.7922637,11.7564641,,,,,,Primary
OSM,Trường Tiểu học Tân Sơn A,,108.7761588,11.7813879,,,,,,Primary
OSM,Trường Tiểu học Nha Hố,,108.8868981,11.635207,,,,,,Primary
OSM,Trường Tiểu học Phước Tiến,Phuoc Tien Primary School,109.190441,12.2453974,,,,,,Primary
OSM,Trường Tiểu học Phương Sài,Phuong Sai Primary School,109.1898518,12.2488905,,,,,,Primary
OSM,Trường Tiểu học Khánh Vĩnh,,108.9112623,12.2759287,,,,,,Primary
OSM,Trường Tiểu học Ninh Xuân 1,,109.0766893,12.5043499,,,,,,Primary
OSM,Trường Tiểu học Số 1 Ninh Phụng,,109.1056082,12.4991344,,,,,,Primary
OSM,Trường Tiểu học Số 2 Ninh Hiệp,,109.1260453,12.4840969,,,,,,Primary
OSM,Trường Tiểu học Số 1 Ninh Hiệp,,109.1305824,12.4920761,,,,,,Primary
OSM,Trường Tiểu học Hùng Vương,,105.9749976,10.2521141,,,,,,Primary
OSM,Trường Tiểu học Lê Lợi,,105.9685815,10.2390479,,,,,,Primary
OSM,Trường Tiểu học Nguyễn Hữu Huân,,105.9360593,10.2602395,,,,,,Primary
OSM,Trường Tiểu học Đô Vinh 2,,108.9471889,11.5973108,,,,,,Primary
OSM,Trường Tiểu học Liên Hương 4,,108.7259825,11.2260108,,,,,,Primary
OSM,Trường Tiểu học Liên Hương 2,,108.7303313,11.2217975,,,,,,Primary
OSM,Trường Tiểu học Liên Hương 1,,108.7363546,11.2268485,,,,,,Primary
OSM,Trường Tiểu học Phan Rí Cửa 2,,108.568043,11.1745208,,,,,,Primary
OSM,Trường Tiểu học Phan Rí Cửa 6,,108.5733982,11.1787595,,,,,,Primary
OSM,Trường Tiểu học Phan Rí Cửa 1,,108.5678702,11.1778333,,,,,,Primary
OSM,Trường Tiểu học Xuân An,,108.0985782,10.9469054,,,,,,Primary
OSM,Trường Tiểu học An Thượng A,,105.7057242,20.9959016,,,,,,Primary
OSM,Trường Tiểu học Lê Hồng Phong,,108.2746069,15.9509554,,,,,,Primary
OSM,Trường Tiểu học Thủy Dương,,107.6184063,16.4372732,,,,,,Primary
OSM,Trường Tiểu học Việt Hưng,,105.8960393,21.0552785,Thành phố Hà Nội,Hà Nội,Quận Long Biên,,,Primary
OSM,trường Tiểu học - Trung học cơ sở - Trung học phổ thông Ngô Thời nhiệm Bình Tân,,106.6094636,10.7169086,,,,,,Primary
OSM,Trường tiểu học Liên Nghĩa,,108.3544578,11.7381734,,,,,,Primary
OSM,Trường Tiểu học Thanh Khương,,106.0479282,21.0365905,Bắc Ninh,Bac Ninh,Thị xã Thuận Thành,,,Primary
OSM,Trường Tiểu học Trí Quả,,106.0326836,21.0455582,Bắc Ninh,Bac Ninh,Thị xã Thuận Thành,,,Primary
OSM,Trường Tiểu học Bằng Lăng,,108.1506882,12.0696924,,Lâm Đồng,,,,Primary
OSM,Trường Tiểu học Đại Xuân,,106.1288756,21.1949478,Bắc Ninh,Bac Ninh,Thị xã Quế Võ,,,Primary
OSM,Trường Tiểu học Bồng Lai,,106.1648076,21.1194128,Bắc Ninh,Bac Ninh,Thị xã Quế Võ,,,Primary
OSM,Trường Tiểu học Việt Đoàn 2,,106.0303083,21.1109812,Bắc Ninh,Bac Ninh,Huyện Tiên Du,,,Primary
OSM,Trường Tiểu học Việt Đoàn,,106.0378008,21.1088304,Bắc Ninh,Bac Ninh,Huyện Tiên Du,,,Primary
OSM,Trường Tiểu học&Trung học cơ sở Võ Thị Sáu,,105.3502616,20.7893634,,,,,,Primary
OSM,Trường Tiểu học Thị trấn Lim,,106.0257732,21.1454562,Bắc Ninh,Bac Ninh,Huyện Tiên Du,,,Primary
OSM,Trường Tiểu học Kim Đồng,,109.3021238,13.0897675,,,,,,Primary
OSM,Trường Tiểu học Võ Cường 3,,106.0491719,21.1679903,Bắc Ninh,Bac Ninh,Thành phố Bắc Ninh,,,Primary
OSM,Trường Tiểu học Trưng Nhị,,105.703965,21.241001,,Phú Thọ,,,,Primary
OSM,Trường Tiểu học Gò Đen,,106.5325047,10.6375442,,,,,,Primary
OSM,Trường Tiểu học Kim Đồng,,107.1106159,10.3930544,,,,,,Primary
OSM,Trường Tiểu học Nguyễn Thái Sơn,,106.6884089,10.7890552,,,,,,Primary
OSM,Trường Tiểu học phường Hồ số 1,,106.0933183,21.055059,Bắc Ninh,Bac Ninh,Thị xã Thuận Thành,,,Primary
OSM,Trường Tiểu học Xuân Thọ,,108.5213141,11.9427537,,,,,,Primary
OSM,Trường Tiểu học Trần Phú,,108.4647153,11.942024,,,,,,Primary
OSM,Trường Tiểu học Đa Thành,,108.4285964,11.9688306,,,,,,Primary
OSM,Trường Tiểu học Lê Quý Đôn,,108.4425644,11.9317395,,,,,,Primary
OSM,Trường Tiểu học Thủy Vân,,107.6076673,16.48328,,,,,,Primary
OSM,Trường Tiểu học Ngô Quyền,,105.7837864,10.03463,,,,,,Primary
OSM,Trường Tiểu học Hưng Phú 1,,105.7870471,10.016735,,,,,,Primary
OSM,Trường Tiểu học Đình Tổ số 1,,106.0297376,21.0569031,Bắc Ninh,Bac Ninh,Thị xã Thuận Thành,,,Primary
OSM,Trường Tiểu học & Trung học cơ sở Song Hồ,,106.0828939,21.0625987,,,,,,Primary
OSM,Trường Tiểu học Định Yên 1,,105.5386118,10.3112087,,,,,,Primary
OSM,Trường Tiểu học Gia Đông số 1,,106.0834755,21.0372238,Bắc Ninh,Bac Ninh,Thị xã Thuận Thành,,,Primary
OSM,Trường Tiểu học Gia Đông số 2,,106.069273,21.0332432,Bắc Ninh,Bac Ninh,Thị xã Thuận Thành,,,Primary
OSM,Trường Tiểu học số 2 Kim Long,,107.5554471,16.4635189,,,,,,Primary
OSM,Trường Tiểu học Tân Định,,106.6302795,11.0544122,,,,,,Primary
OSM,Trường Tiểu học Mộ Đạo,,106.1455548,21.1173601,Bắc Ninh,Bac Ninh,Thị xã Quế Võ,,,Primary
OSM,Trường Tiểu học Yên Giả,,106.1297519,21.1165246,Bắc Ninh,Bac Ninh,Thị xã Quế Võ,,,Primary
OSM,Trường Tiểu học Thụy Hòa,,106.0181631,21.2099547,Bắc Ninh,Bac Ninh,Huyện Yên Phong,,,Primary
OSM,Trường Tiểu học Yên Trung số 1,,105.9860011,21.2185868,Bắc Ninh,Bac Ninh,Huyện Yên Phong,,,Primary
OSM,Trường Tiểu Học Việt Hưng,,106.0912204,20.9888525,,Hưng Yên,Xã Việt Hưng,,,Primary
OSM,Trường Tiểu học Châu Khê 1,,105.9232485,21.1249458,Bắc Ninh,Bắc Ninh,Thành phố Từ Sơn,,,Primary
OSM,Trường Tiểu học Thị trấn Chờ số 2,,105.9544875,21.1866124,Bắc Ninh,Bac Ninh,Huyện Yên Phong,,,Primary
OSM,Trường Tiểu Học Văn Ổ,,106.0574032,20.9943419,,,,,,Primary
OSM,Trường Tiểu học Nam Sơn số 1,,106.097787,21.1379758,Bắc Ninh,Bắc Ninh,Thành phố Bắc Ninh,,,Primary
OSM,Trường Tiểu học Ngãi Hùng,,106.272826,9.7876495,,,,,,Primary
OSM,Trường Tiểu học Trung Nghĩa,,105.9600121,21.185895,Bắc Ninh,Bac Ninh,Huyện Yên Phong,,,Primary
OSM,Trường Tiểu học Thị trấn Chờ số 1,,105.9491196,21.197392,Bắc Ninh,Bac Ninh,Huyện Yên Phong,,,Primary
OSM,Trường Tiểu học Lạc Vệ 1,,106.0642972,21.1197731,Bắc Ninh,Bac Ninh,Huyện Tiên Du,,,Primary
OSM,Trường Tiểu học Hòa Bình,,106.6396294,10.7685442,,Thành phố Hồ Chí Minh,Quận 11,,,Primary
OSM,Trường tiểu học Đức Long,,108.0878104,10.9184703,,,,,,Primary
OSM,Trường Tiểu Học Đinh Bộ Lĩnh,,105.7468779,10.0182989,,,,,,Primary
OSM,Trường Tiểu học và Trung học cơ sở Việt Thống,Viet Thong Primary and Secondary School,106.1407655,21.213063,Bắc Ninh,Bac Ninh,Thị xã Quế Võ,,,Primary
OSM,Trường Tiểu học và Trung học cơ sở Việt Thống,Viet Thong Primary and Secondary School,106.1472738,21.2104557,Bắc Ninh,Bac Ninh,Thị xã Quế Võ,,,Primary
OSM,Trường Tiểu học Đồng Nguyên 1 (cũ),,105.9663468,21.1273047,Bắc Ninh,Bac Ninh,Thành phố Từ Sơn,,,Primary
OSM,Trường Tiểu học Đại Đồng Thành số 1,,106.0582187,21.0757749,Bắc Ninh,Bac Ninh,Thị xã Thuận Thành,,,Primary
OSM,Trường Tiểu học 1 Văn Quan,,106.5214904,21.8594982,,,,,,Primary
OSM,Trường tiểu học cơ sở Hải Tây,,106.2905251,20.1410097,,,,,,Primary
OSM,Trường Tiểu học Tân Tiến,,105.9625573,20.9223394,,,,,,Primary
OSM,Trường Tiểu học Nguyễn Lượng Thái - Khu 1,,106.1063733,21.047492,Bắc Ninh,Bac Ninh,Thị xã Thuận Thành,,,Primary
OSM,Trường Tiểu học Nguyễn Lượng Thái - Khu 2,,106.1191566,21.0455438,Bắc Ninh,Bac Ninh,Thị xã Thuận Thành,,,Primary
OSM,Trường Tiểu học phường Hồ số 2,,106.0943483,21.0457202,Bắc Ninh,Bac Ninh,Thị xã Thuận Thành,,,Primary
OSM,Trường Tiểu học Trạm Lộ,,106.1036945,21.0259055,Bắc Ninh,Bac Ninh,Thị xã Thuận Thành,,,Primary
OSM,Trường Tiểu học & Trung học cơ sở Lương Thế Vinh,,107.7929736,11.70097,,,,,,Primary
OSM,Trường Tiểu học Tân Định (Cơ Sở 2),,105.8487545,20.9884447,,,,,,Primary
OSM,Trường Tiểu học Thạch Xá,,105.6028535,21.0310961,,,,,,Primary
OSM,Trường Tiểu học Đào Viên,,106.206129,21.1127726,Bắc Ninh,Bac Ninh,Thị xã Quế Võ,,,Primary
OSM,Trường Tiểu học Ái Mộ A,,105.8758454,21.049322,Hà Nội,,,,,Primary
OSM,Trường Tiểu học Đại Mỗ 3,,105.7578928,21.0034767,,,,,,Primary
OSM,Trường Tiểu học Phú Lâm 1,,106.0098405,21.1569511,Bắc Ninh,Bac Ninh,Huyện Tiên Du,,,Primary
OSM,Trường Tiểu học Công nghệ giáo dục Hà Nội - Alpha School,Alpha School,105.8444278,20.9960052,,,,,,Primary
OSM,Trường Tiểu học và Trung học Cơ sở Nam Du,,104.4006141,9.6645622,,,,,,Primary
OSM,Trường Tiểu học Lê Quý Đôn,Le Quy Don Primary School,105.7829162,10.0328266,,,,+84 292 3825 233,,Primary
OSM,Trường Tiểu học Tam Giang,,105.9451548,21.224415,Bắc Ninh,Bac Ninh,Huyện Yên Phong,,,Primary
OSM,Trường Tiểu học Đông Tiến,,105.9709016,21.2162421,Bắc Ninh,Bac Ninh,Huyện Yên Phong,,,Primary
OSM,Trường Tiểu học Yên Trung số 2,,105.9933078,21.2107586,Bắc Ninh,Bac Ninh,Huyện Yên Phong,,,Primary
OSM,Trường Tiểu học Tam Sơn 2,,105.9602302,21.1481582,Bắc Ninh,Bac Ninh,Thành phố Từ Sơn,,,Primary
OSM,Trường Tiểu học Vĩnh Hưng,,105.8824592,20.9930126,,,,,,Primary
OSM,Trường Tiểu học Hoàng Mai,,105.8768544,20.9708349,,,,,,Primary
OSM,Trường Tiểu học Bùi Quốc Khái,,105.8224129,20.9615584,,,,,,Primary
OSM,Trường Tiểu học Dương Đông 1,,103.96047,10.2153043,,,,,,Primary
OSM,Tiểu học Quy Đức,,106.6552873,10.6478335,,,,,,Primary
OSM,Trường Tiểu học Tô Vĩnh Diện,,103.0236827,21.3962305,,,,,,Primary
OSM,Trường Tiểu học Bế Văn Đàn,,103.0114617,21.3908581,,,,,,Primary
OSM,Trường Tiểu học Nam Thanh,,103.014044,21.3732784,,,,,,Primary
OSM,Trường Tiểu học Đoàn Thị Điểm,,105.7964499,21.0877965,,,,,,Primary
OSM,Trường Tiểu học Định Công,,105.8261798,20.9840679,,,,,,Primary
OSM,Trường Tiểu học Văn Phú,,105.8527559,20.8671309,,,,,,Primary
OSM,Trường Tiểu học Vinschool Gardenia,,105.7605973,21.0341552,,,,,,Primary
OSM,Trường Tiểu học Pháp Vân,,105.8495338,20.9546493,,,,,,Primary
OSM,Trường Tiểu học Yên Nghĩa (Phân khu B),,105.7241595,20.9455386,,,,,,Primary
OSM,Trường Tiểu học Hoàn Sơn,,105.996648,21.1100662,Bắc Ninh,Bac Ninh,Huyện Tiên Du,,,Primary
OSM,Trường Tiểu học Minh Hà A - Canh Nậu,,105.611455,21.051985,,,,,,Primary
OSM,Trường Tiểu học Minh Hà B - Canh Nậu,,105.6111104,21.0527576,,,,,,Primary
OSM,Trường Tiểu học Phạm Văn Đồng,,109.4060869,12.9585603,,,,,,Primary
OSM,Trường Tiểu học Hoà Long - Khu Đẩu Hàn,,106.080658,21.2179825,Bắc Ninh,Bac Ninh,Thành phố Bắc Ninh,,,Primary
OSM,Trường Tiểu học & Trung học cơ sở Victoria Thăng Long,,105.780249,20.9273779,,,,,,Primary
OSM,Trường Tiểu học Thụy Trình,,106.5634869,20.5770747,,,,,,Primary
OSM,Trường Tiểu học Lê Quý Đôn,,105.7419977,20.9657072,,,,,,Primary
OSM,Trường Tiểu học Tri Thủy,,105.9549927,20.7005555,,,,,,Primary
OSM,Trường Tiểu học Phúc Tiến,,105.9227874,20.7232835,,,,,,Primary
OSM,Trường Tiểu học Tiên Dương,,105.8313592,21.1436138,,,,,,Primary
OSM,Trường Tiểu học Định Công (Cơ sở 2),,105.8307155,20.9820514,,,,,,Primary
OSM,Trường Tiểu học Chi Lăng,,106.1346842,21.0954932,Bắc Ninh,Bac Ninh,Thị xã Quế Võ,,,Primary
OSM,Trường Tiểu học Minh Đạo,,106.0582174,21.0862297,Bắc Ninh,Bac Ninh,Huyện Tiên Du,,,Primary
OSM,Trường Tiểu học Trần Bình Trọng,Tran Binh Trong Primary School,108.4276526,11.9436619,,,,,,Primary
OSM,Trường Tiểu học Đông Phong,,106.0201072,21.1987987,Bắc Ninh,Bac Ninh,Huyện Yên Phong,,,Primary
OSM,Trường Tiểu học Tam Đa số 2,,106.0258647,21.2410711,Bắc Ninh,Bac Ninh,Huyện Yên Phong,,,Primary
OSM,Trường Tiểu học Tam Đa,,106.0303267,21.2148029,Bắc Ninh,Bac Ninh,Huyện Yên Phong,,,Primary
OSM,Trường Tiểu học Định Công (Cơ sở 3),,105.8297405,20.9817483,,,,,,Primary
OSM,Trường Tiểu học Phú Lâm 2,,105.9946187,21.1696123,Bắc Ninh,Bac Ninh,Huyện Tiên Du,,,Primary
OSM,Trường Tiểu học Văn Môn,,105.9262093,21.1750665,Bắc Ninh,Bac Ninh,Huyện Yên Phong,,,Primary
OSM,Trường Tiểu Học Minh Nông,,105.3745481,21.3216408,,,,,,Primary
OSM,Trường Tiểu học Yên Phụ,,105.9279953,21.1969738,Bắc Ninh,Bac Ninh,Huyện Yên Phong,,,Primary
OSM,Trường Tiểu học Đông Thọ,,105.9502387,21.1676834,Bắc Ninh,Bac Ninh,Huyện Yên Phong,,,Primary
OSM,Trường Tiểu học Nguyễn Trãi,Nguyen Trai Primary School,107.8954578,11.5498273,,Lâm Đồng,,,,Primary
OSM,Trường Tiểu học Suối Tân,,109.0822979,12.150948,,,,,,Primary
OSM,Trường Tiểu học Đông La,,105.7219037,20.9669702,,,,,,Primary
OSM,Trường Tiểu học Lê Lợi,,105.1285004,10.7060379,,,,,,Primary
OSM,Trường Tiểu học Nguyễn Đức Cảnh,,106.6541337,10.752258,,,,,,Primary
OSM,Trường Tiểu học và Trung học cơ sở Bình Định,,106.1632431,20.9935381,Bắc Ninh,Bac Ninh,Huyện Lương Tài,,,Primary
OSM,Trường Tiểu học và Trung học cơ sở Đại Lai,,106.2117482,21.0886421,Bắc Ninh,Bac Ninh,Huyện Gia Bình,,,Primary
OSM,Trường Tiểu học Phù Lương,,106.2061832,21.1539066,Bắc Ninh,Bac Ninh,Thị xã Quế Võ,,,Primary
OSM,Trường Tiểu học Ngọc Xá,,106.2294968,21.1330185,Bắc Ninh,Bac Ninh,Thị xã Quế Võ,,,Primary
OSM,Trường Tiểu học Phù Lãng,,106.2500027,21.1528696,Bắc Ninh,Bac Ninh,Thị xã Quế Võ,,,Primary
OSM,Trường Tiểu học Lý Cảnh Hớn,,106.6653617,10.7512742,,,,,,Primary
OSM,Trường Tiểu học Tri Phương,,106.0058464,21.0814589,Bắc Ninh,Bac Ninh,Huyện Tiên Du,,,Primary
OSM,Trường Tiểu học Thị trấn Gia Bình,,106.175392,21.0540344,Bắc Ninh,Bac Ninh,Huyện Gia Bình,,,Primary
OSM,Trường Tiểu học Nguyễn Viết Xuân,,106.6594511,10.7533198,,,,,,Primary
OSM,Trường Tiểu học & Trung học cơ sở Newton 5,,105.7852568,20.9234952,,,,,,Primary
OSM,Trường Tiểu học Bình Hòa Bắc,,106.3247496,10.8451056,,,,,,Primary
OSM,Trường Tiểu học Cát Quế A,,105.679211,21.0505961,,,,,,Primary
OSM,Trường Tiểu học Minh Đạo,,106.6619185,10.7541879,,,,,,Primary
OSM,Trường Tiểu học Chính Nghĩa,,106.6623269,10.7539491,,,,,,Primary
OSM,Trường Tiểu học Lê Văn Tám,,106.9324838,11.7526287,,,,,,Primary
OSM,Trường Tiểu học Trưng Vương,,108.4329499,11.9526245,,,,,,Primary
OSM,Trường Tiểu học Phong Nẫm,,106.4459889,10.2370057,,,,,,Primary
OSM,Trường Tiểu học Tân Minh,,105.8446259,20.841205,,,,,,Primary
OSM,Trường Tiểu Học Nam Thiên,Nam Thien Primary school,108.424333,11.9394936,,,,,,Primary
OSM,Trường Tiểu học & Trung học cơ sở Victoria Thăng Long 3,,105.9087503,21.037061,,,,,,Primary
OSM,Trường Tiểu Học Mê Linh 2,Me Linh 2 Primary School,108.4332455,11.9339857,,,,,,Primary
OSM,Trường Tiểu học Marie Curie 2,,105.7859621,20.9629923,,,,,,Primary
OSM,Trường Tiểu học Phong Phú,,106.7830194,10.8330091,,,,,,Primary
OSM,Trường Tiểu học Huỳnh Mẫn Đạt,,106.6769109,10.7525258,,,,,,Primary
OSM,Trường Tiểu học An Thịnh B,,106.2788533,21.0529619,Bắc Ninh,Bac Ninh,Huyện Lương Tài,,,Primary
OSM,Trường Tiểu Học Hải Cảng,,109.244077,13.7720639,,,,,,Primary
OSM,Trường Tiểu học Lê Lợi,,109.2365078,13.7726891,,,,,,Primary
OSM,Trường tiểu học Lý Thường Kiệt,,109.2235584,13.7694723,,,,,,Primary
OSM,Trường Tiểu Học Ngô Mây,,109.2148295,13.7649637,,,,,,Primary
OSM,Trường Tiểu Học Hoàng Quốc Việt,,109.2274989,13.7806981,,,,,,Primary
OSM,Trường Tiểu Học Đống Đa,,109.2158275,13.7901653,,,,,,Primary
OSM,Trường Tiểu Học Trần Quốc Toản,,109.2150443,13.7862684,,,,,,Primary
OSM,Trường Tiểu Học Ngọc Hồi,,106.6533203,10.7778588,,,,,,Primary
OSM,Trường Tiểu Học Đức Trí,,106.6552935,10.7780154,,,,,,Primary
OSM,Trường Tiểu Học Quang Trung,,108.2453351,16.0898438,,,,,,Primary
OSM,Trường Tiểu Học Hai Bà Trưng,,108.2291828,16.0810453,,,,,,Primary
OSM,Trường tiểu học Nậm Mòn 2 - phân hiệu Làng Mương,,104.2611963,22.4894465,,,,,,Primary
OSM,tiểu học An Phú,,105.7751167,10.032561,,,,,,Primary
OSM,Trường Tiểu học Trần Quốc Toản,,105.7765975,10.0277559,,,,,,Primary
OSM,Trường tiểu học Lê Quý Đôn,,105.7695007,10.0202866,,,,,,Primary
OSM,Tiểu học Cái Khế 1,,105.784465,10.0485412,,,,,,Primary
OSM,Tiểu học Nguyễn Khuyến,,105.7638797,10.0186171,,,,,,Primary
OSM,Tiểu học Đông Thành B,,105.8426706,10.0241955,,,,,,Primary
OSM,Tiểu học Mỹ Hòa A điểm Mỹ Khánh,,105.8038317,10.0612112,,,,,,Primary
OSM,Hệ thống trường tiểu học,,105.7631713,10.014433,,,,,,Primary
OSM,Trường tiểu học An Hòa 4,,105.7709711,10.0500938,,,,,,Primary
OSM,Tiểu học Ba Láng,,105.7391926,9.9713241,,,,,,Primary
OSM,Trường Tiểu học Hàm Nghi,,105.4218122,10.3931257,,,,,,Primary
OSM,Tiểu học Nguyễn Khuyến,,105.4439927,10.3650698,,,,,,Primary
OSM,Tiểu học Phú An 2,,105.7923418,10.0221146,,,,,,Primary
OSM,Tiểu học Tân Phú Thạnh 2,,105.7282158,9.9400602,,,,,,Primary
OSM,Tiểu học A Mỹ Đức,,105.1786214,10.6655312,,,,,,Primary
OSM,Tiểu học Thường Thới Tiền 2,,105.2652666,10.8152543,,,,,,Primary
OSM,Tiểu học An Bình A,,105.3610641,10.7684083,,,,,,Primary
OSM,Tiểu học Phú Thuận A 3,,105.3290173,10.7248018,,,,,,Primary
OSM,Tiểu học Thường Phước 2A,,105.2265938,10.8318463,,,,,,Primary
OSM,Tiểu học Vĩnh Thạnh Trung,,105.227597,10.5892403,,,,,,Primary
OSM,Trường Tiểu học Văn Môn,,105.9302477,21.1707596,,,,,,Primary
OSM,Trường Tiểu Học Phù Đổng,,106.7081317,10.7930619,,,,,,Primary
OSM,Trường Tiểu Học Tân Thạch A,,106.372762,10.330013,,,,,,Primary
OSM,Trường Tiểu học Tân Phước 1,,107.7204519,10.6520673,,,,,,Primary
OSM,Trường Tiểu học Tân Thành 2,,107.9603298,10.7211454,,,,,,Primary
OSM,Trường tiểu học Bình An,,104.6134483,10.1600505,,,,,,Primary
OSM,Trường Tiểu học Thới Hưng,,105.5492595,10.1388938,,,,,,Primary
OSM,Trường Tiểu Học Phạm Văn Chiêu,,106.686998,10.859483,,,,,,Primary
OSM,trường tiểu học xã Xuân Thắng,,105.5474067,10.0813867,,,,,,Primary
OSM,Trường Tiểu học Trưng Vương,,109.313573,13.088093,,,,,,Primary
OSM,Trường Tiểu Học Nguyễn Công Trứ,,106.6831798,20.8456359,,,,,,Primary
OSM,Trường Tiểu Học Tân Trào,,106.6876883,20.8444685,,,,,,Primary
OSM,Trường tiểu học Trần Quốc Toản,,106.7056297,20.8630778,,,,,,Primary
OSM,Trường Tiểu Học Nguyễn Du,,106.6761949,20.8558499,,,,,,Primary
OSM,Trường Tiểu Học Long Hưng,,105.955456,20.942275,,Hưng Yên,,,,Primary
OSM,Trường Tiểu học Phú Hữu,,106.7991275,10.7900361,,,,,,Primary
OSM,Trường Tiểu Học Phước Thạnh,,106.8174953,10.805133,,,,,,Primary
OSM,Trường Tiểu Học Hướng Dương,,106.6388848,10.8424969,,,,,,Primary
OSM,Trường tiểu Học Số 1 lộc Trì,,107.8875891,16.2673158,,,,,,Primary
OSM,Tiểu Học Lê Đình Chinh,,107.5781675,12.1983559,,,,,,Primary
OSM,Tiểu học Lê Văn Tám (Trường tộc),,107.5849691,12.2060424,,,,,,Primary
OSM,Trường Tiểu Học - Trung học cơ sở - Trung học phổ thông Ngô Thời Nhiệm,,106.6896385,11.0531492,,,,,,Primary
OSM,Trường Tiểu học Nơ trang Lơng,,108.0986017,12.6042412,,,,,,Primary
OSM,Trường Tiểu học Nơ trang lơng ( cs T11),,108.0768007,12.5940639,,,,,,Primary
OSM,Trường Tiểu Học Lê Hoàn - Cơ Sở 2,,106.6664309,10.8519469,,,,,,Primary
OSM,Trường Tiểu Học Lê Hoàn,,106.6684144,10.8487452,,,,,,Primary
OSM,Trường Tiểu Học Trương Minh Giang,,106.6772651,10.7883395,,,,,,Primary
OSM,Trường Tiểu học P1,,105.1352834,9.1937366,,,,,,Primary
OSM,trường tiểu học Trương Văn Ngài,,106.5951991,10.8942715,,,,,,Primary
OSM,Trường Tiểu học Liên Hương 3 (Cơ sở 2),,108.7332553,11.2170403,,Lâm Đồng,,,,Primary
OSM,"Trường Tiểu Học Trung học cơ sở&Trung học phổ thông Tuệ Đức - Cơ sở Tân Thới Nhất 17, Quận 12",,106.6249762,10.824936,,,,,,Primary
OSM,Trường Tiểu Học Phan Huy Thực,,106.7049273,10.7472946,,,,,,Primary
OSM,Trường Tiểu Học An Thượng B,,105.7080898,20.9846039,,,,,,Primary
OSM,trường tiểu học thị trấn Khánh Vĩnh,,108.9109924,12.2758029,,,,0583790533,,Primary
OSM,trường tiểu học Sông Cầu,,108.9447514,12.2829694,,,,,,Primary
OSM,Trường tiểu học An Bình 1,,105.747651,10.010807,,,,,,Primary
OSM,Trường Tiểu Học & Trung học cơ sở Quốc Tế Mỹ AIS,,106.7256113,10.6578526,,,,,,Primary
OSM,Trường tiểu học Tân Thành 1,,105.5914586,10.2576612,Tân Thành,,,,,Primary
OSM,"Trường Tiểu Học, Trung học cơ sở&Trung học phổ thông Hermann Gmeiner",,106.6464842,10.8382911,,,,,,Primary
OSM,Trường Tiểu Học Quốc Tế APU,,106.6476885,10.7740283,,,,,,Primary
OSM,Trường Tiểu Học Quốc Tế Hồ Chí Minh,International School Ho Chi Minh City,106.7468714,10.8057797,Ho Chi Minh City,,Thu Duc City,,,Primary
OSM,trường tiểu học phước mỹ trung,,106.2730487,10.1895816,,,,,,Primary
OSM,Trường Tiểu học Đức Long,,106.2748772,21.1179666,Bắc Ninh,Bac Ninh,Thị xã Quế Võ,,,Primary
OSM,Trường Tiểu Học Tân Phú A,,106.2011006,10.2885232,,,,,,Primary
OSM,Trường Tiểu Học Nguyễn Du,,106.6357885,10.8480783,,,,,,Primary
OSM,Trường Tiểu Học Nguyễn Khuyến,,106.6383083,10.8505433,,,,,,Primary
OSM,Trường Tiểu Học Lê Quý Đôn,,105.78307,10.03258,,,,,,Primary
OSM,Trường Tiểu Học Phan Bội Châu,,105.7739474,10.0440866,,,,07103822615,,Primary
OSM,tiểu học châu Hưng,,105.6960297,9.4166808,,,,,,Primary
OSM,Trường tiểu học Phan bội châu,,105.7740346,10.0440416,,,,07103822615,,Primary
OSM,Trường Tiểu học Thuận Hưng 3,,105.560672,10.2166487,,Can Tho,,,,Primary
OSM,Trường Tiểu Học Trung Kiên 1,,105.55803,10.2487561,,Can Tho,,,,Primary
OSM,Trường Tiểu Học Trung Nhứt 1,,105.5308405,10.2446756,,Can Tho,,,,Primary
OSM,Truường Tiểu Học Thạnh Phú 1,,105.4435158,10.1210462,,,,,,Primary
OSM,Trường Tiểu Học Trung Thạnh 2,,105.5092443,10.2053103,,Can Tho,,,,Primary
OSM,Trường Tiểu Học Thạnh Hòa,,105.5305535,10.2232452,,Can Tho,,,,Primary
OSM,Trường Tiểu Học Thạnh Hưng 2,Thuan Hung High School,105.5799383,10.1988198,,Can Tho,,,,Primary
OSM,Trường Tiểu Học Trung Hưng 1,,105.4713812,10.1949141,,,,,,Primary
OSM,Trường Tiểu Học Thoi Thuận 2,,105.473865,10.3076808,,Can Tho,,,,Primary
OSM,Trường Tiểu Học Vĩnh Trinh 3,,105.5218309,10.2738137,,Can Tho,,,,Primary
OSM,Trường Tiểu Học Trung Nhứt 2,,105.5271149,10.2635893,,Can Tho,,,,Primary
OSM,Tiểu học Thới An Đông,,105.6862181,10.0792343,,,Biình Thủy,,,Primary
OSM,Trường Tiểu học Trà Nóc 4,,105.7031563,10.1007536,,,Biình Thủy,+84 292 3844 153,,Primary
OSM,Trường Tiểu học An Thới 1,An Thoi 1 Primary School,105.7563043,10.0579064,,,,84 292 3824 335,,Primary
OSM,Tiểu học An Thới 2,An Thoi 2 Secondary School,105.767127,10.0582497,,,Biình Thủy,+84 292 3824 335,,Primary
OSM,Trường Tiểu học Hưng Phú 1,,105.7916746,10.0336824,Cần Thơ,,Cái Răng,,,Primary
OSM,Trường Tiểu học Mỹ Khánh 1,,105.7187614,9.9972689,Cần Thơ,,Phong Điền,,,Primary
OSM,Trường Tiểu học Nhơn Hải,,109.2908354,13.7696107,,,,,,Primary
OSM,Trường Tiểu học Giai Xuân,Giai Xuan Primary School,105.6894636,10.028009,,,Phong Điền,+842923 747 047,,Primary
OSM,Trường Tiểu học Long Tuyền 2,,105.7202071,10.0447593,,,Bình Thủy,,,Primary
OSM,Trường Tiểu học Mỹ Khánh I,My Khanh I Primary School,105.7186809,9.9967882,,,Phong Điền,+842923 846 546,,Primary
OSM,Trường Tiểu học An Bình 3,An Binh 3 Primary School,105.7383925,9.9953248,,,Ninh Kiều,+842923 846 095,,Primary
OSM,Trường Tiểu học Tra Val,,107.507739,15.6198871,,,,,,Primary
OSM,Ptdt bán trú Tiểu Học Phước Đại A,Ptdt ban tru Phuoc Dai A,108.8878379,11.830209,,,,,,Primary
OSM,Trường tiểu học Thái Hòa,,105.5217149,21.4495836,,,,,,Primary
OSM,Tiểu Học Nguyễn Bá Ngọc,,107.9966655,13.9973123,,,,,,Primary
OSM,Trường Tiểu học Nghĩa Hương,,105.6153764,20.9724351,,,,,,Primary
OSM,Trường Tiểu học 2 Đất Mũi,,104.8388982,8.5897207,,,,,,Primary
OSM,Trường Tiểu Học Duy Tân,,106.6117003,11.1251402,,,,,,Primary
OSM,Trường Tiểu Học Thanh Sơn,,108.9938527,11.5765921,,,,,,Primary
OSM,Trường Tiểu học số 1 Cát Trinh,,109.0557088,14.0139549,,,,,,Primary
OSM,Trường Tiểu học Tân Phú A,,106.3569252,10.8995084,,Long An,Tân Phú,+84 272 3851 508,,Primary
OSM,Trường Tiểu học Mỹ Nhơn,,106.5859096,10.1062378,,Bến Tre,Ba Tri,,,Primary
OSM,Trường Tiểu học Nguyễn Đình Chiểu,,106.5902474,10.0377336,,Bến Tre,Ba Tri,,,Primary
OSM,Trường Tiểu Học Triệu Thị Trinh,,106.6735798,10.7782124,,,,,,Primary
OSM,Trường Tiểu Học Bán Trú - Nội Trú Nhật Tân,,106.6564324,10.8442408,,,,,,Primary
OSM,Tiểu học vĩnh công,,106.4429715,10.4744539,,,,,,Primary
OSM,Tiểu học long cang,,106.5183383,10.599813,,,,,,Primary
OSM,Van Son primary school - Trường Tiểu Học xã Vân Sơn,,106.9256931,21.3727785,,,,,,Primary
OSM,Trường Tiểu Học Kim Đồng,,107.4484485,10.6292571,,,,,,Primary
OSM,THọc Tiểu Học Lộc Điền A-Ấp 1 Lộc Điền- Lộc Ninh- Bình Phước,,106.6298945,11.7995998,,,,02713568835,,Primary
OSM,THọc-Tiểu Học Lộc Thái B-Ấp 6 Lộc Thái- Lộc Ninh- Bình Phước,,106.6050365,11.8033969,,,,,,Primary
OSM,THọc-Tiểu Học Lương Thế Vinh-Tổ 4- Ấp 1 Minh Long- TT Chơn Thành- Bình Phước,,106.6073391,11.423812,,,,,,Primary
OSM,THọc-Tiểu Học Tân Khai A-Tổ 1-Ấp 1- TT.Tân Khai- Huyện hớn quản-tỉnh bình phước,,106.6127936,11.5594288,,,,,,Primary
OSM,THọc-Tiểu học Lộc Ninh-Lộc Thiện-TT Lộc Ninh-Bình Phước,,106.592489,11.8455331,,,,,,Primary
OSM,THọc-Tiểu Học Lộc Ninh A-Lộc Thiện-TT Lộc Ninh-Bình Phước,,106.5883471,11.8413493,,,,,,Primary
OSM,THọc-Tiểu Học Minh Thạnh-Tổ 1- Ấp Lò Gạch- Minh Thạnh- Dầu Tiếng- Bình Dương,,106.5136817,11.4265374,,,,,,Primary
OSM,THọc-Tiểu Học Long Hoà-DT749B-Ấp Thị Tính- Long Hoà- Dầu Tiếng- Bình Dương,,106.4889951,11.3157906,,,,,,Primary
OSM,THọc-Tiểu Học Minh Tân-Ấp Tân Thanh- Minh Tân- Dầu Tiếng,,106.4601209,11.4163788,,,,,,Primary
OSM,THọc-Tiểu Học Định An-Ấp Bình Thới-Định An-Dầu Tiếng,,106.4375974,11.3677456,,,,,,Primary
OSM,THọc-Tiểu Học Dầu Tiếng- D6 -KP2-TT.Dầu Tiếng-Bình Dương,,106.36367,11.2947489,,,,,,Primary
OSM,THọc-Tiểu Học Ngô Quyền-Độc Lập-KP1-TT.Dầu Tiếng-Bình Dương,,106.3622905,11.2700805,,,,,,Primary
OSM,THọc-Tiểu Học Thanh Tân--Thanh Tân- Thanh An-TT.Dầu Tiếng-Bình Dương,,106.4122326,11.2281709,,,,,,Primary
OSM,THọc- Tiểu Học Thanh An-DT74– Cần Giang- Thanh An-TT.Dầu Tiếng-Bình Dương,,106.3999006,11.1990114,,,,,,Primary
OSM,THọc-Tiểu Học Bến Súc-DT744- Chợ- Thanh Tuyền-TT.Dầu Tiếng-Bình Dương-,,106.4447972,11.1626687,,,,,,Primary
OSM,THọc-Tiểu Học Hố Cạn-DT74- Hồ Cạn- An Lập- Dầu Tiếng-Bình Dương,,106.5130966,11.2050498,,,,,,Primary
OSM,Trường Tiểu học Phụng Châu,,105.7023699,20.949577,Hà Nội,Việt Nam,Chương Mỹ,,,Primary
OSM,THọc-Tiểu Học Long Hoà- sau Chợ Long Hoà-Ấp Long Điền- Long Hoà- Dầu Tiếng- Bình Dương-,,106.4913996,11.3149361,,,,,,Primary
OSM,THọc-Tiểu Học Long Tân-DT749A-Ấp Long Chiểu- Long Tân- Dầu Tiếng- Bình Dương-,,106.5512276,11.2711472,,,,,,Primary
OSM,Trường Tiểu Học Lê Dật,Le Dat Primary School,108.0345141,15.8022116,Đại Lộc,Quảng Nam,Đại Chánh,,,Primary
OSM,Trường Tiểu Học 1 Tháng 6,,106.7093692,10.7534089,,,,,,Primary
OSM,THọc-Tiểu Học An Bình 2 - -Dt741 -Ấp An Bình-An Bình-huyện phú giáo,,106.8196491,11.3500439,,,,,,Primary
OSM,THọc-Tiểu Học Phước Vĩnh - - Phước Vĩnh- Phú Giáo,,106.7936105,11.2922194,,,,,,Primary
OSM,THọc-Tiểu Học Vĩnh Hoà - -Xã Vĩnh Hoà-Phú Giáo,,106.7885358,11.2787154,,,,,,Primary
OSM,THọc-Tiểu Học An Linh - -An Linh-Phú Giáo-Bình Dương,,106.7268039,11.3539432,,,,,,Primary
OSM,THọc-Tiểu Học Vĩnh Hoà B - -Tân hiệp- phú giáo-Bình dương,,106.7683238,11.281299,,,,,,Primary
OSM,THọc-Tiểu Học Tân Hiệp - -Tân hiệp- phú giáo-Bình dương,,106.7498349,11.3149664,,,,,,Primary
OSM,THọc-Tiểu Học Phước Sang - -Phước Sang- phú giáo-Bình dương,,106.7732151,11.3620646,,,,,,Primary
OSM,THọc-Tiểu Học Tân Long - -Tân Long- phú giáo-Bình dương,,106.6746408,11.3270609,,,,,,Primary
OSM,Trường Tiểu Học Nguyễn Văn Kip,,106.6332392,10.8193364,,,,,,Primary
OSM,THọc-Tiểu Học Phú Đông -Võ Thị Sáu-Ấp Bến Ngự- Phú Đông-,,106.8003674,10.7191112,,,,,,Primary
OSM,THọc-Tiểu Học Phước Khánh -Phạm Thái Bường-Ấp 2- Phước Khánh-,,106.785208,10.684102,,,,,,Primary
OSM,Trường Tiểu học Chúc Sơn A,,105.7011389,20.918029,,,,,,Primary
OSM,Trường Tiểu học Cây Dương 1,,105.7367306,9.7784258,,,,,,Primary
OSM,Tiểu học Đồng Kho 1,Dong Kho 1,107.7288086,11.1480171,,,,,,Primary
OSM,Tiểu học Nghĩa Thái,,106.160781,20.2469859,,,,,,Primary
OSM,Trường tiểu học xã Linh Sơn 2,,105.7890136,21.4884145,,,,,,Primary
OSM,Trường Tiểu học xã Binh Sơn,,105.8080656,21.5069264,,,,,,Primary
OSM,Trường tiểu học xã Bình Sơn,,105.7859074,21.5215248,,,,,,Primary
OSM,Trường tiểu học Vinh Sơn,,105.812223,21.4569022,,,,,,Primary
OSM,Trường tiểu học xã Bá Xuyên,,105.8339047,21.4956665,,,,,,Primary
OSM,Trường tiểu học Lý Tự Trọng,,105.8406014,21.4690947,,,,,,Primary
OSM,Trường tiểu học Phố Cò,,105.8518957,21.4548482,,,,,,Primary
OSM,Trường Tiểu học Linh Sơn,,105.891548,21.5228264,,,,,,Primary
OSM,Trường Tiểu học Hương Sơn,,105.8858251,21.5481667,,,,,,Primary
OSM,Trường Tiểu học Trưng Vương,,105.8434363,21.5968557,,,,,,Primary
OSM,Trường Tiểu học Núi Voi,,105.8340398,21.6336967,,,,,,Primary
OSM,Trường tiểu học Huống Thượng,,105.8727444,21.5884785,,,,,,Primary
OSM,Trường Tiểu học Thuận Hoà,,107.5716793,16.4658579,Huế,Thừa Thiên - Huế,,+843572756,,Primary
OSM,Trường Tiểu Học Lê Lợi,,106.6880912,10.8212062,,,,,,Primary
OSM,Trường Tiểu Học Rạch Ông,,106.6889853,10.745167,,,,,,Primary
OSM,Trường Tiểu Học Kiến Hưng,,105.7892698,20.9593241,,,,,,Primary
OSM,Trường Tiểu Học Lê Văn Tám,,106.7334466,10.7199825,,,,,,Primary
OSM,Trường Tiểu Học Dương Minh Châu,,106.6639876,10.7628721,,,,,,Primary
OSM,Trường Tiểu học Lê Anh Xuân,,106.7366431,10.7316956,,,,,,Primary
OSM,Trường Tiểu Học Đinh Bộ Lĩnh,,106.7084703,10.737731,,,,,,Primary
OSM,Trường Tiểu Học Hiệp Thuận,,105.6327241,21.0735783,,,,,,Primary
OSM,Trường Tiểu học Trần Phú - Chương Mỹ,,105.6727844,20.8327881,,,,,,Primary
OSM,Trường Tiểu Học Ngọc Tảo,,105.6002498,21.0929001,,,,,,Primary
OSM,Trường Tiểu học Trường Yên,,105.6480531,20.9172394,,,,,,Primary
OSM,Trường Tiểu học Ngọc Liệp,,105.5956283,20.9957315,,,,,,Primary
OSM,Trường Tiểu Học Liên Mạc B,,105.6645148,21.1808212,,,,,,Primary
OSM,Trường Tiểu Học Hiệp Thành,,106.661469,11.0025107,,,,,,Primary
OSM,Trường Tiểu Học Kim An,,105.7579175,20.8500061,,,,,,Primary
OSM,Trường Tiểu Học Mỹ Hưng,,105.7988309,20.9018404,,,,,,Primary
OSM,Trường Tiểu Học Hiền Ninh,,105.7893638,21.247173,,,,,,Primary
OSM,Trường Tiểu Học Thuận Giao,,106.7160416,10.9608258,,,,,,Primary
OSM,Trường Tiểu Học Nam Triều,,105.9323095,20.7481226,,,,,,Primary
OSM,Trường Tiểu Học Hòa Nam,,105.7588116,20.6832493,,,,,,Primary
OSM,Trường Tiểu học Tiên Phương,,105.6860081,20.9399567,,,,,,Primary
OSM,Trường Tiểu Học Kim Bài,,105.7622413,20.8541499,,,,,,Primary
OSM,Trường Tiểu Học Văn Hoàng,,105.8500953,20.7737131,,,,,,Primary
OSM,Trường Tiểu Học Minh Cường,,105.9038595,20.767801,,,,,,Primary
OSM,Trường Tiểu học Hoàng Diệu - Chương Mỹ,,105.731516,20.8612009,,,,,,Primary
OSM,Trường Tiểu học Trung học cơ sở Trung học phổ thông Phan Chu Trinh,,106.7646785,10.9127395,,,,,,Primary
OSM,Trường Tiểu Học Minh Trí,,105.7477398,21.267398,,,,,,Primary
OSM,Trường Tiểu Học Liệp Tuyết,,105.6020987,20.9831586,,,,,,Primary
OSM,Trường Tiểu Học Ngọc Mỹ,,105.6285474,20.9933503,,,,,,Primary
OSM,Trường Tiểu Học Thạch Hòa,,105.5289264,20.9830935,,,,,,Primary
OSM,Trường Tiểu Học Viên Nội,,105.7150278,20.7927299,,,,,,Primary
OSM,Trường Tiểu Học Mê Linh,,105.7307719,21.1641666,,,,,,Primary
OSM,Trường Tiểu Học Hòa Xá,,105.7554593,20.693807,,,,,,Primary
OSM,Trường Tiểu Học Vạn Tường,,106.6764739,10.793025,,,,,,Primary
OSM,Trường Tiểu Học Hùng Vương,,105.1545691,9.181123,Thành phố Cà Mau,Cà Mau,,,,Primary
OSM,Trường tiểu học Vân Côn,,105.6733845,20.9958998,,,,,,Primary
OSM,Trường tiểu học Thị Trấn Hòa Thành,,106.1317663,11.2967456,,,,,,Primary
OSM,Trường Tiểu học Tri Trung,,105.8313195,20.7778978,,,,,,Primary
OSM,Trường Tiểu học IGC Bến Tre,,106.3628389,10.2552877,Bến Tre,Bến Tre,Bến Tre,0982766908,,Primary
OSM,Trường Tiểu học Vĩnh Gia (Điểm phụ),,104.7876519,10.505268,,,,,,Primary
OSM,"Trường Tiểu học, Trung học cơ sở & Trung học phổ thông Hồng Đức",,105.78092,19.7682462,,,,,,Primary
OSM,Trường tiểu học Thạch Cẩm 2,,105.5713998,20.2254819,,,,,,Primary
OSM,Trường Tiểu học Thạch Cẩm 1,,105.5566645,20.2434787,,,,,,Primary
OSM,Trường Tiểu học Vàm Cỏ Đông,,106.6743412,10.7442983,Ho Chi Minh City,Hồ Chí Minh,Quận 8,,,Primary
OSM,Trường tiểu học Thạch Bình,,105.6217425,20.1651519,,,,,,Primary
OSM,Trường Tiểu Học Vĩnh Thanh,,106.8485914,10.6832618,,Đồng Nai,Nhơn Trạch,,,Primary
OSM,Trường Tiểu học Lương Thế Vinh,,106.6502555,10.8418079,Hồ Chí Minh,,Gò Vấp,,,Primary
OSM,Trường Tiểu học Hồng Đức,,106.6471956,10.7399824,Ho Chi Minh City,,Quận 8,,,Primary
OSM,Trường Tiểu học - Trung học cơ sở Khai Nguyên - Cơ sở Quận Tân Bình,,106.6417585,10.7979358,,,,,,Primary
OSM,Trường Tiểu học Inspire - Khai Nguyên - Cơ sở Quận 8,,106.6696696,10.7387313,Ho Chi Minh City,,8,,,Primary
OSM,Trường Tiểu học - Trung học cơ sở - Trung học phổ thông Khai Nguyên - Vũng Tàu,,107.0888716,10.3763562,,,,,,Primary
OSM,Trường Tiểu học Inspire - Khai Nguyên - Cơ sở Tú Xương - Thành phố Thủ Đức,,106.772104,10.8402931,Thành phố Thủ Đức,,,,,Primary
OSM,Trường Tiểu học Hiệp Tân,,106.113329,11.2903755,,Tây Ninh,Hòa Thành,,,Primary
OSM,Trường Tiểu học Triệu Thị Trinh,,106.1049869,11.2843184,,Tây Ninh,Hòa Thành,,,Primary
OSM,Trường tiểu học Lê Văn Tám,,105.6331764,10.466743,Thành phố Cao Lãnh,Đồng Tháp,,,,Primary
OSM,Trường Tiểu Học Mỹ Phú,,105.6490316,10.4598987,Thành phố Cao Lãnh,Đồng Tháp,,,,Primary
OSM,Trường Tiểu Học Lý Tự Trọng,,105.6339838,10.4732772,Thành phố Cao Lãnh,Đồng Tháp,,,,Primary
OSM,Trường Tiểu Học Thuận Mỹ,,106.5645027,10.4459877,,Long An,Châu Thành,,,Primary
OSM,Trường Tiểu học Tân Trạch,,106.5720355,10.5644458,,Long An,Cần Đước,,,Primary
OSM,Trường Tiểu Học Long Hoà,,106.5853247,10.5824213,,Long An,Cần Đước,,,Primary
OSM,Trường tiểu học Tân Phước Tây,,106.5409352,10.5343125,,Long An,Tân Trụ,,,Primary
OSM,Trường Tiểu Học Bình Trinh Đông,,106.5162281,10.5394082,,Long An,Tân Trụ,,,Primary
OSM,Trường Tiểu Học Tân Thành B,,106.2837955,11.5049495,,Tây Ninh,Tân Châu,,,Primary
OSM,Trường tiểu học Đồng Kèn,,106.296629,11.4562501,,Tây Ninh,Dương Minh Châu,,,Primary
OSM,Trường tiểu học Tân Thành A,,106.2943021,11.5094306,,Tây Ninh,Tân Châu,,,Primary
OSM,Trường Tiểu học Suối Ngô A,,106.3491905,11.5964951,,Tây Ninh,Tân Châu,,,Primary
OSM,Trường tiểu học Tân Hoà B,,106.3755138,11.5474063,,Tây Ninh,Dương Minh Châu,,,Primary
OSM,Trường Tiểu Học Thực Hành,,106.6244956,20.8045219,,,,,,Primary
OSM,Trường Tiểu Học Ngọc Sơn,,106.6193362,20.8099342,,,,,,Primary
OSM,Trường Tiểu Học Thị Trấn An Lão,,106.5568613,20.8180956,,,,,,Primary
OSM,Trường Tiểu Học Vĩnh Phú,,106.6962331,10.8827582,Thuận An,Bình Dương,Vĩnh Phú,,,Primary
OSM,Trường tiểu học An Hòa CS2,,106.8598304,10.8855779,Thành phố Biên Hòa,Đồng Nai,An Hòa,,,Primary
OSM,"Trường Tiểu học - Trung học cơ sở Pathway Tuệ Đức - Cơ sở Lương Định Của, Thành phố Thủ Đức",,106.7352007,10.7880584,Thành phố Thủ Đức,Hồ Chí Minh,Quan 2,+84 989 373 833,,Primary
OSM,Trường Tiểu học Trần Quốc Toản,,108.5988798,11.8452738,,Lâm Đồng,Đơn Dương,,,Primary
OSM,Trường Tiểu học Đông Hải 2,,109.0292942,11.5478746,Phan Rang - Tháp Chàm,Ninh Thuận,Đông Hải,,,Primary
OSM,Trường Tiểu Học Xã MaĐaGuôi,,107.516829,11.3938606,Đạ Huoai,Lâm Đồng,Ma Đa Guôi,,,Primary
OSM,Trường Tiểu Học và Trung học cơ sở xã Gành Dầu,,103.8517984,10.3750406,,,,,,Primary
OSM,Trường Tiểu Học và Trung học cơ sở xã Gành Dầu,,103.8444941,10.3739965,,,,,,Primary
OSM,Trường tiểu học ĐInh Tiên Hoàng,,107.2061559,11.0892991,,,,,,Primary
OSM,Trường Tiểu học & Trung học cơ sở Hà Nội - Thăng Long,,105.7898178,20.9614938,,,,,,Primary
OSM,Trường Tiểu Học Cửa Dương 2 - Điểm Bến Tràm,,104.0056184,10.2345663,,,,,,Primary
OSM,Trường Tiểu học Phúc Hòa,,105.5545,21.1098618,,,,,,Primary
OSM,Trường Tiểu học Bích Hoà,,105.7675581,20.9142306,,,,,,Primary
OSM,Trường Tiểu Học - Trung Học Cơ Sở Hiệp Mỹ Đông,,106.483867,9.7485642,,,,,,Primary
OSM,Trường Tiểu học Phương Liễu,Phuong Lieu Primary School,106.1401811,21.1669277,Bắc Ninh,Bắc Ninh,Thị xã Quế Võ,,,Primary
OSM,Trường tiểu học Nguyễn Văn Tiến,Nguyen Van Tien Primary School,106.6269805,10.5536913,Long An,,Cần Đước,,,Primary
OSM,Trường Tiểu học Bùi Quang Mại,,105.7466133,21.1265081,,,,,,Primary
OSM,Trường Tiểu Học Mỹ Long,,105.7815938,10.3530718,,,,02773910086,,Primary
OSM,Trường Tiểu học Khúc Xuyên,,106.0428058,21.179552,Bắc Ninh,Bac Ninh,Thành phố Bắc Ninh,,,Primary
OSM,Trường Tiểu học Hồng Hà,,105.8504505,21.0353965,Hà Nội,Thành phố Hà Nội,Phường Hoàn Kiếm,,,Primary
OSM,Trường Tiểu học Tam Hiệp,,105.8308462,20.9501409,,,,,,Primary
OSM,Trường Tiểu học Lê Lợi,Lê Lợi Primary School,107.219219,10.9496407,Long Khánh,Đồng Nai,Suối Tre,,,Primary
OSM,Trường Tiểu học Lý Thường Kiệt (Cơ sở 2),,106.8723797,10.9668999,,,,,,Primary
OSM,Trường Tiểu học số 2,,104.1870833,22.3198582,,Tỉnh Lào Cai,Huyện Bảo Thắng,,,Primary
OSM,Trường Tiểu học và Trung học cơ sở Unigo,,105.7228753,21.0646262,,,,,,Primary
OSM,Trường Tiểu Học Xuân Quế,,107.1705784,10.8403238,,,,,,Primary
OSM,Trường tiểu học Châu Hóa,,106.2251642,17.7973585,,,,,,Primary
OSM,Trường Tiểu học Trần Văn Mười,,106.5899256,10.8656006,Thành Phố Hồ Chí Minh,,,,,Primary
OSM,Trường Tiểu học Nguyễn Văn Trỗi,,108.2215308,12.7890218,Sơn Lộc 1,Đăk Lăk,,,,Primary
OSM,Trường Tiểu học Vĩnh Khúc,,106.001258,20.9395049,,Hưng Yên,,,,Primary
OSM,Trường tiểu học Thạch Đà B,,105.6729008,21.1657953,,,,,,Primary
OSM,Trường Tiểu học và THCS Tô Hiệu,,105.9907882,20.9509366,,,,,,Primary
OSM,Trường Tiểu học Tân Định,,105.5768282,10.2705165,Xã Lai Vung,Đông Tháp,,,,Primary
OSM,Cụm trường Mầm non – Tiểu học – Trung học cơ sở Vinschool Ocean Park 2,Vinschool Ocean Park 2,105.9645532,20.9494593,,Hưng Yên,,,,Primary
OSM,Trường Tiểu học Tân Thạnh A,,105.2878246,9.1865075,,,,,,Primary
OSM,Trường Tiểu học Sa Pa,Sa Pa Primary School,103.8441542,22.3378243,,,,,,Primary
OSM,Trường tiểu học thị trấn Khoái Châu,,105.9790322,20.832588,,,,,,Primary
OSM,Trường Tiểu học và THCS Tô Hiệu,,105.9958627,20.9492076,,,,,,Primary
OSM,Trường Tiểu học Nguyễn Trãi,,108.2264147,15.9213637,Phường An Thắng,Đà Nẵng,,,,Primary
OSM,Trường tiểu học xã Trung Thành,,106.0835254,20.3877887,,,,,,Primary
Giga,4life,4life,108.20972442626953,16.03953742980957,,,,,71a85e68-1fc2-337a-87aa-57e28e4031c8,Unknown
Giga,A3,A3,105.77200317382812,10.030909538269043,,,,,60f78cbf-b1f7-3ca6-81c5-ac1ad2bea491,Unknown
Giga,Academy of Cryptography Techniques,Academy of Cryptography Techniques,106.65715789794922,10.800718307495117,,,,,20394b99-b7b2-3cc8-874e-1b952aeecbfd,Unknown
Giga,ACB Learning Hub,ACB Learning Hub,106.69796752929688,10.786439895629883,,,,,376b16b4-5bf9-34e0-9250-2e3a41b281b0,Unknown
Giga,Access English,Access English,109.23043060302734,13.771732330322266,,,,,cbc5ba08-eb23-39d1-bee9-e924d3775dee,Unknown
Giga,Alaska Academy,Alaska Academy,105.79409790039062,21.03049087524414,,,,,85627e8d-0266-3323-b2fb-d36e135cf5f8,Unknown
Giga,Albert Einstein School,Albert Einstein School,106.64196014404297,10.716166496276855,,,,,ee1f77e7-6eba-334d-b633-9166fcbdbd25,Unknown
Giga,Alpha School,Alpha School,105.73502349853516,21.007461547851562,,,,,03991b7c-39b6-3385-958e-959c51427a07,Unknown
Giga,American Preschool,American Preschool,105.81536865234375,21.003660202026367,,,,,3f2e4ede-aa50-3c21-8d5d-c8fc759bd6b4,Unknown
Giga,AMIS (American Montessori Intl. School) Văn Khê,AMIS (American Montessori Intl. School) Văn Khê,105.76433563232422,20.97316551208496,,,,,74723c9c-2c93-3f67-9c5b-1d6d01658ef6,Unknown
Giga,Ánh Hồng,Ánh Hồng,108.22064208984375,16.05752944946289,,,,,274fa041-699d-3ccb-8c40-e5448aa3c836,Unknown
Giga,Anh Ngữ Alphabet,Anh Ngữ Alphabet,105.77155303955078,10.02892780303955,,,,,88a36eb0-1329-3a5e-b277-aa5222efee23,Unknown
Giga,anh ngữ future,anh ngữ future,105.77322387695312,10.025066375732422,,,,,4d38ddc1-4b7a-3fbf-b9c5-6b01e07abbf9,Unknown
Giga,Anh ngữ Gia Việt,Anh ngữ Gia Việt,105.77213287353516,10.036787986755371,,,,,9442064d-4f27-37c6-a485-1c79959cff56,Unknown
Giga,Anh ngữ Gia Việt,Anh ngữ Gia Việt,105.77117919921875,10.037635803222656,,,,,65351dce-e46e-30a8-96ec-822544cd1f4a,Unknown
Giga,Anh ngữ Úc Châu,Anh ngữ Úc Châu,105.77411651611328,10.05120849609375,,,,,a6a89aa6-6549-3a2c-a30d-70dbbb7d851f,Unknown
Giga,Anh Văn Hội Việt Mỹ VUS,Anh Văn Hội Việt Mỹ VUS,106.62126159667969,10.832880020141602,,,,,b42e95f6-79cd-3d86-a3f4-0777a24c6b84,Unknown
Giga,Anh Văn Hội Việt Mỹ VUS,Anh Văn Hội Việt Mỹ VUS,106.68474578857422,10.800384521484375,,,,,0f1f3dbc-21ba-39fb-926e-7dc87bf7b767,Unknown
Giga,Anh Việt NIIT Long An,Anh Việt NIIT Long An,106.39875030517578,10.543140411376953,,,,,a6a916b0-b985-3915-a0ff-c5ace1fc1c04,Unknown
Giga,an lão,an lão,106.67506408691406,20.858781814575195,,,,,4a99152a-9fb1-39d1-bb05-bdbfb34fa1cf,Unknown
Giga,An Loc Secondary School,An Loc Secondary School,106.60478210449219,11.648345947265625,,,,,7e0f585a-45a1-318f-9ac3-9e5c4b708846,Secondary
Giga,An nong 2,An nong 2,107.73664093017578,16.355106353759766,,,,,cabcb5a9-5e82-3fa3-929b-1b4562229fb1,Unknown
Giga,An Tây Primary School,An Tây Primary School,106.55213165283203,11.084588050842285,,,,,f428a8cf-00a3-3b78-9c54-4cc9f9ca2b15,Primary
Giga,An Thới,An Thới,105.76382446289062,10.06037425994873,,,,,182462dd-6a0b-3559-ac05-e16e8e9154b0,Unknown
Giga,An Thoi Secondary School,An Thoi Secondary School,105.76362609863281,10.060513496398926,,,,,ad0e51b3-8e71-366d-ade0-76e02c297717,Secondary
Giga,Ap Bac Private High School,Ap Bac Private High School,106.34955596923828,10.371514320373535,,,,,0a370924-b3b9-370a-9275-6492647af95a,Secondary
Giga,apollo,apollo,108.21341705322266,16.072486877441406,,,,,00403f28-d28d-3703-8341-bf33af5ac7ad,Unknown
Giga,Aqua Pingo English,Aqua Pingo English,108.18663787841797,16.036758422851562,,,,,17a623d0-d262-38e8-b5cf-a89d3e6b551b,Unknown
Giga,Aqua Pingo English,Aqua Pingo English,108.1897201538086,16.037792205810547,,,,,39bc1bcc-8a52-3486-aae9-71dd9c1b0c14,Unknown
Giga,Archimedes Academy School,Archimedes Academy School,105.80062103271484,21.017053604125977,,,,,f3f1d741-c6b2-36ba-b6c6-d009a8b97e81,Unknown
Giga,Arena Multimedia (Aptech),Arena Multimedia (Aptech),106.76765441894531,10.849328994750977,,,,,8430feae-e94c-3765-9db5-a3bc7edd0c72,Unknown
Giga,Asian International School,Asian International School,106.65349578857422,10.79947566986084,,,,,cba74eb8-2a3a-3ff4-82cd-a4222da4164c,Unknown
Giga,Atlantic 125 Hoang Ngan,Atlantic 125 Hoang Ngan,105.8065414428711,21.00916862487793,,,,,2b8e3f15-b7c0-3103-8a75-37a10fee4903,Unknown
Giga,A Túc Secondary School,A Túc Secondary School,106.71757507324219,16.469375610351562,,,,,bd24f1e1-b6da-325d-9955-ec80fc4d8288,Secondary
Giga,Australian International School,Australian International School,106.75011444091797,10.789487838745117,,,,,416bf56b-867c-39bb-99a1-b046cfdaed35,Unknown
Giga,Australian International School Lotus Campus,Australian International School Lotus Campus,106.73516845703125,10.807010650634766,,,,,dd5bf7b4-655e-3264-aa6d-b2223bef98a4,Unknown
Giga,Australian International School Sports Center,Australian International School Sports Center,106.73686218261719,10.805026054382324,,,,,b6cdbefb-1118-3307-9693-108ed4035215,Unknown
Giga,AVSE,AVSE,106.6390151977539,10.845162391662598,,,,,263657b3-4912-3594-8499-1c3f4dca5384,Unknown
Giga,Bạch Đăng,Bạch Đăng,106.66114044189453,10.785122871398926,,,,,39f7ab02-b9ed-3372-98d1-36187b467091,Unknown
Giga,Bach Dang Secondary School,Bach Dang Secondary School,107.08695220947266,10.464921951293945,,,,,629555da-7c10-3245-aca4-6f481394c5f4,Secondary
Giga,Bac Luong Son High School,Bac Luong Son High School,105.4559326171875,20.9862117767334,,,,,84bb4088-beb3-3656-be8a-8f06897efb56,Secondary
Giga,Bac Ninh Specialized High School,Bac Ninh Specialized High School,106.06060791015625,21.190704345703125,,,,,8b208d1f-44f6-3aa2-affe-e3273941d1c8,Secondary
Giga,Bac Ninh Specialized High School,Bac Ninh Specialized High School,106.06124877929688,21.190750122070312,,,,,3b12574b-1fbb-3204-815e-08842f539a18,Secondary
Giga,Bac Thang Long High School,Bac Thang Long High School,105.77217102050781,21.12916374206543,,,,,67d67106-8768-3e0e-b489-b5f9cff3273f,Secondary
Giga,Bai Chay Primary School,Bai Chay Primary School,107.05386352539062,20.96037483215332,,,,,a9d799b3-5197-32c3-82c0-563a6cae64d9,Primary
Giga,Bao Lac High School,Bao Lac High School,105.68225860595703,22.949832916259766,,,,,12d77810-dfc6-3f13-9f8d-c814dcfe5f94,Secondary
Giga,Bao Lac School for Minority Groups,Bao Lac School for Minority Groups,105.67755126953125,22.95842742919922,,,,,c7e21768-2ac9-3474-a1a2-62d0adfd387e,Unknown
Giga,Basic school,Basic school,109.18798065185547,12.203880310058594,,,,,e3ef674f-f3ae-39c5-96d8-6dacf8826cef,Unknown
Giga,Bau Lam Secondary School,Bau Lam Secondary School,107.38471221923828,10.680567741394043,,,,,c4f75821-78ef-3a25-83f8-48db6cc51066,Secondary
Giga,Ba Vi High School,Ba Vi High School,105.36485290527344,21.120622634887695,,,,,0dae4a5d-1f39-36a4-8265-8a93c91a70e5,Secondary
Giga,Bay Mau Eco-Cooking School,Bay Mau Eco-Cooking School,108.36748504638672,15.880501747131348,,,,,fac4c5e7-9b73-3f12-8e4f-77f3493e955a,Unknown
Giga,Ben Cau Town Secondary School,Ben Cau Town Secondary School,106.17649841308594,11.121445655822754,,,,,f21e247f-efd4-37a8-8007-fec0b2e6b978,Secondary
Giga,Big Family Orphanage,Big Family Orphanage,108.03313446044922,14.339658737182617,,,,,192912a0-008e-3353-9b69-0e78db321538,Unknown
Giga,Bill Gates Schools,Bill Gates Schools,105.82764434814453,20.971752166748047,,,,,8bfbee6b-f978-366b-87a4-8cf0c1f2d627,Unknown
Giga,Binh Chau Secondary School,Binh Chau Secondary School,107.54745483398438,10.560612678527832,,,,,4cdc2cdf-1cbf-32a5-a843-52e7458fd9f9,Secondary
Giga,Binh Dong Junior High School,Binh Dong Junior High School,106.62593841552734,10.71720027923584,,,,,e51342c6-c532-37cc-ba4a-7f5566aa766a,Primary
Giga,Binh Ngoc Secondary School,Binh Ngoc Secondary School,107.993896484375,21.462337493896484,,,,,36829e4d-5d6f-34d5-b378-22bf67368aad,Secondary
Giga,Binh Thuy Secondary School,Binh Thuy Secondary School,105.74691009521484,10.065675735473633,,,,,866b5368-a85b-36f9-b0c5-802a2954b650,Secondary
Giga,BIS HCMC  Early Years and Infant Campus,BIS HCMC  Early Years and Infant Campus,106.732666015625,10.808101654052734,,,,,0f8a7f0c-661f-336e-836d-b70925f847a5,Unknown
Giga,Blue Sky Academy,Blue Sky Academy,105.67008972167969,18.679073333740234,,,,,54c52b42-c304-3f1b-9220-8d8734afbdfc,Unknown
Giga,Boarding School for Minority Groups,Boarding School for Minority Groups,107.2488784790039,10.67972183227539,,,,,764ceb40-21f4-3b43-8aaf-ecd2b3a1481a,Unknown
Giga,Bong Sen Kindergarten,Bong Sen Kindergarten,106.3618392944336,10.354242324829102,,,,,3a451a01-f15a-37fe-970a-575a102dfc1f,Pre-Primary
Giga,Bong Trang Secondary School,Bong Trang Secondary School,107.46458435058594,10.548210144042969,,,,,fbaa2f55-d0d4-3e8f-938b-bc66c78e738d,Secondary
Giga,Bot Xuyen Secondary School,Bot Xuyen Secondary School,105.71585845947266,20.7827091217041,,,,,beaad420-9829-3b26-abed-0d47466ae5b1,Secondary
Giga,Brighton College Vietnam,Brighton College Vietnam,105.93907928466797,20.993194580078125,,,,,9a84511a-9879-31b1-a1f0-5338d7290971,Secondary
Giga,British International School,British International School,106.73062133789062,10.810235023498535,,,,,645ae600-34b6-3754-9901-7c20b1c55a11,Unknown
Giga,British International School Hanoi,British International School Hanoi,105.91889190673828,21.044172286987305,,,,,06654a51-e652-3e84-8710-68c4c2af2988,Unknown
Giga,British Vietnamese International School,British Vietnamese International School,106.68576049804688,10.719354629516602,,,,,306ff218-7c16-37df-836c-c976ca41785e,Unknown
Giga,Bui Thi Xuan High School,Bui Thi Xuan High School,107.57178497314453,16.472152709960938,,,,,9c4dc8bd-8390-3494-a330-7694f660e7a1,Secondary
Giga,Bui Thi Xuan Secondary School,Bui Thi Xuan Secondary School,109.20664978027344,12.209031105041504,,,,,5917d00d-8cb5-31c3-9f2b-aff933048f12,Secondary
Giga,Buôn chuối,Buôn chuối,108.38239288330078,11.805802345275879,,,,,af7a3e01-3c1a-35d6-9328-9b997d8876de,Unknown
Giga,Buon Ma Thuot High School,Buon Ma Thuot High School,108.05137634277344,12.680099487304688,,,,,2adc62c5-46d1-3b7f-83d7-5c39aea2affb,Secondary
Giga,C1 Vinh Hải,C1 Vinh Hải,107.89073181152344,16.365571975708008,,,,,ecd3b548-5300-3baf-8edb-af5671012959,Unknown
Giga,C3 Vinh Hiền,C3 Vinh Hiền,107.89857482910156,16.347936630249023,,,,,fa284942-b201-3bf9-a6f2-b86645e2033b,Unknown
Giga,Cầm An primery school,Cầm An primery school,108.33753204345703,15.91358757019043,,,,,16721729-bff8-313a-9166-cc3048fdbe3f,Unknown
Giga,Cambridge Biên Hoà (Cơ sở A),Cambridge Biên Hoà (Cơ sở A),106.8257827758789,10.955507278442383,,,,,d2f27a38-a52f-30a9-b099-95aceb62e0b9,Unknown
Giga,Cam My High School,Cam My High School,107.22271728515625,10.813726425170898,,,,,8215c269-66e1-3653-8474-cfaf6f484131,Secondary
Giga,Camxu Education,Camxu Education,105.8097915649414,21.028614044189453,,,,,6730da34-c6bc-3e3a-ad73-2b9b570c8d6f,Unknown
Giga,Camxu Eduction 2,Camxu Eduction 2,105.8187026977539,21.01272201538086,,,,,e5ca06b7-c52a-3d96-bd7f-f88fd3bf86bb,Unknown
Giga,Canada International School,Canada International School,106.72928619384766,10.71383285522461,,,,,7089d333-8124-31e4-9147-3ceee923519f,Unknown
Giga,Can Thanh High School,Can Thanh High School,106.94951629638672,10.40360164642334,,,,,43e3a109-4980-3ccc-bccb-024cb073276c,Secondary
Giga,Can Thanh Secondary School,Can Thanh Secondary School,106.9479751586914,10.407746315002441,,,,,7d60808e-7657-3e25-93f8-221adebdb6bf,Secondary
Giga,Can Thanh Special School,Can Thanh Special School,106.97220611572266,10.412557601928711,,,,,12398b62-bd24-3663-9c65-162650bd6a2b,Unknown
Giga,căn tin,căn tin,108.09292602539062,10.94483757019043,,,,,b4f1c331-c896-3d62-be31-0d567ccad141,Unknown
Giga,Cao Ba Quat High School,Cao Ba Quat High School,108.09929656982422,12.728974342346191,,,,,be5c406c-4065-35ee-828c-e70125a425d9,Secondary
Giga,Cao Ba Quat - Quoc Oai High School,Cao Ba Quat - Quoc Oai High School,105.67930603027344,20.958797454833984,,,,,bc4d504d-3d2a-3ae0-a9d3-76d6f246b97f,Secondary
Giga,cao đẳng công nghệ sài gòn,cao đẳng công nghệ sài gòn,105.76554107666016,10.021320343017578,,,,,b017077b-d117-38a5-b7e8-731ba76c7fd5,Unknown
Giga,Cao Đẳng Kinh Tế Kỹ Thuật Thủ Đức,Cao Đẳng Kinh Tế Kỹ Thuật Thủ Đức,106.76549530029297,10.85438060760498,,,,,40a1206d-fd61-3ff6-ae1b-115f1c8f8c2f,Unknown
Giga,Cao Đẳng Nghề An Giang,Cao Đẳng Nghề An Giang,105.42448425292969,10.398221969604492,,,,,06b91afd-e21a-3317-943a-1e7a29d96888,Unknown
Giga,Cao Đẳng Nghề Ispace,Cao Đẳng Nghề Ispace,105.7716064453125,10.028851509094238,,,,,be983fe6-724d-36a1-982e-376703ce47cd,Unknown
Giga,Cao Đẳng nghề số 8,Cao Đẳng nghề số 8,105.76500701904297,10.021906852722168,,,,,9488c51c-084f-33fc-8fa1-a3a76bf7fc32,Unknown
Giga,Cao đẳng Y tế Cần Thơ,Cao đẳng Y tế Cần Thơ,105.76534271240234,10.044208526611328,,,,,c8b249b3-0205-3de6-ae21-1ac2800060c8,Unknown
Giga,Cao Son school,Cao Son school,104.1448974609375,22.647531509399414,,,,,73696ed9-9116-3d22-87cc-91c2159ca036,Unknown
Giga,cấp 2 3 đăng hà,cấp 2 3 đăng hà,107.3049087524414,11.57425594329834,,,,,f556caa7-6b0f-3c85-9d62-fef98f77098b,Unknown
Giga,Capitole School,Capitole School,105.84960174560547,21.22957420349121,,,,,c68dcbee-5bc0-3033-afd2-708e461760ad,Unknown
Giga,Cau Ngang Secondary School,Cau Ngang Secondary School,106.45233917236328,9.79214096069336,,,,,c9484bb5-c1c2-3277-9ed4-5e6ddf741545,Secondary
Giga,Cay Duong High School,Cay Duong High School,105.73410034179688,9.777490615844727,,,,,79c9cd51-056e-3a8e-a71b-69d980f2e34a,Secondary
Giga,Centre for Continuing Education of Con Dao District,Centre for Continuing Education of Con Dao District,106.60762786865234,8.683496475219727,,,,,96cffc2a-d61f-32b4-a1f9-f0dda31e4d22,Unknown
Giga,Centre for Continuing Education of Dong Hy District,Centre for Continuing Education of Dong Hy District,105.83932495117188,21.62403678894043,,,,,d1a67edc-4d17-3d06-bdee-3b3e2d5d5387,Unknown
Giga,Chau Thanh High School,Chau Thanh High School,107.16930389404297,10.499276161193848,,,,,2835b6be-3ba1-3236-8476-1f99d1900a7f,Secondary
Giga,Chau Thanh Secondary School,Chau Thanh Secondary School,107.07657623291016,10.346722602844238,,,,,9718d826-29c8-35fe-b174-71ac1c21485e,Secondary
Giga,Chau Van Biec Secondary School,Chau Van Biec Secondary School,107.28543090820312,10.447650909423828,,,,,a32fb4b2-c6a1-3fca-a26e-96479b79581a,Secondary
Giga,CHCS Trần Đăng Ninh,CHCS Trần Đăng Ninh,106.1805191040039,20.44329833984375,,,,,233c908a-c5aa-3c24-9a7b-9914860beb4a,Unknown
Giga,Childcare Pre School,Childcare Pre School,107.08343505859375,10.357378005981445,,,,,6c542ad7-c3d0-3d31-86c0-c75549642d4a,Unknown
Giga,Chon Thanh High School,Chon Thanh High School,106.63111877441406,11.427040100097656,,,,,d4670c2a-8fda-36f4-96b0-dd21e1ac7e8e,Secondary
Giga,Chợ sông Hiến,Chợ sông Hiến,106.24769592285156,22.667678833007812,,,,,e5a31dc9-19e7-3b93-aecc-c9874b5be902,Unknown
Giga,Chua Hang 2 Secondary School,Chua Hang 2 Secondary School,105.83806610107422,21.62462615966797,,,,,6ddd67a5-34e2-3ad7-b0b4-f6561517908b,Secondary
Giga,Chuc Dong High School,Chuc Dong High School,105.67007446289062,20.882816314697266,,,,,e1215498-6da7-3485-bf09-f404afc42904,Secondary
Giga,Chuong My A High School,Chuong My A High School,105.70076751708984,20.91278839111328,,,,,a5c4a80d-8e58-3022-827b-e50fb45786b8,Secondary
Giga,Chuong My B High School,Chuong My B High School,105.71173858642578,20.83344268798828,,,,,9e76ea98-a371-3817-9b74-ed294b48699d,Secondary
Giga,Chu Văn An,Chu Văn An,108.49669647216797,15.559844970703125,,,,,98f609ce-b102-36a2-b676-3b564eee9b31,Unknown
Giga,Chu Văn An,Chu Văn An,107.174560546875,11.040364265441895,,,,,57015919-18fb-327c-85ff-605f4ac84595,Unknown
Giga,Chu Van An High School,Chu Van An High School,107.97435760498047,21.532785415649414,,,,,8c2bc5b7-2460-3d85-abd8-bd9beeb1cf9d,Secondary
Giga,Chu Van An High School,Chu Van An High School,108.03401947021484,12.681737899780273,,,,,23c42cad-3729-3818-bda5-223befa8cb24,Secondary
Giga,Chu Van An High School,Chu Van An High School,107.6859359741211,12.005121231079102,,,,,03337e31-8d04-38da-ad69-8a18a35944af,Secondary
Giga,Chu Van An High School,Chu Van An High School,105.36015319824219,10.578393936157227,,,,,9f5f4c05-821e-3649-b221-af8c2305bf93,Secondary
Giga,Chu Van An High School for the Gifted,Chu Van An High School for the Gifted,105.83187103271484,21.043106079101562,,,,,37037a2e-f433-36be-8bdb-37b0159d96ae,Secondary
Giga,Chu Văn An Middle School,Chu Văn An Middle School,107.21894073486328,10.945235252380371,,,,,8639162e-1795-343f-9d40-9809665b3699,Secondary
Giga,Chu Van An Secondary and High School,Chu Van An Secondary and High School,107.17552185058594,10.497532844543457,,,,,ee2d623f-dead-35d4-8e30-20b69263b4f8,Secondary
Giga,Chu Van An Secondary School,Chu Van An Secondary School,107.14503479003906,10.665728569030762,,,,,2fe22722-a1e4-3358-b810-4467d5835a95,Secondary
Giga,Chu Van An Secondary School,Chu Van An Secondary School,106.66646575927734,10.757269859313965,,,,,a339a7b2-f1e8-397a-8859-a67a9a9ac89a,Secondary
Giga,Chu Van An Secondary School,Chu Van An Secondary School,107.601318359375,16.466922760009766,,,,,cc2a9201-a2d9-34d9-a9d9-ae1e2d4892d2,Secondary
Giga,Cô giáo lớp 2 su,Cô giáo lớp 2 su,105.97561645507812,20.262693405151367,,,,,2d02bbbd-8d82-349d-a5f7-e978ca97d3b1,Unknown
Giga,Co Loa High School,Co Loa High School,105.8683090209961,21.09654426574707,,,,,82070e47-3910-39c4-921b-ccc740cbb099,Secondary
Giga,Cóng Trung An Toàn Giao Thông,Cóng Trung An Toàn Giao Thông,106.46075439453125,17.23578643798828,,,,,e900433b-5b26-3f93-a4d2-6e70d9b168ff,Unknown
Giga,Công Ty Lập trình iPHone,Công Ty Lập trình iPHone,108.14991760253906,16.0668888092041,,,,,8a03f58a-4b69-3620-972e-0669ae5fe434,Unknown
Giga,Co Nhue Secondary School,Co Nhue Secondary School,105.78137969970703,21.068904876708984,,,,,570aa7f4-194b-3042-8dc2-9eb40c151f6d,Secondary
Giga,cơ sở Ngoại Ngữ 124,cơ sở Ngoại Ngữ 124,105.77149963378906,10.02834701538086,,,,,0cf62fff-5527-3013-b5b1-0900ecc228a6,Unknown
Giga,Cơ sở ngoại ngữ 124,Cơ sở ngoại ngữ 124,105.7713851928711,10.028460502624512,,,,,1bc20acd-c315-3bb1-bd7b-7f223fd19b95,Unknown
Giga,Cơ sỡ vinh công,Cơ sỡ vinh công,106.4690933227539,10.444096565246582,,,,,eb65d29d-1da9-3c6c-b422-2bc5c55f8a90,Unknown
Giga,Cover School 17.11,Cover School 17.11,105.81780242919922,21.026960372924805,,,,,ac888ef1-358c-3b75-abca-cfec74f8c20b,Unknown
Giga,CSGD ngoại ngữ Alphabet,CSGD ngoại ngữ Alphabet,105.77111053466797,10.026700019836426,,,,,125f05f7-7b10-344b-8b21-e1a63fcfb117,Unknown
Giga,Dai Cuong High School,Dai Cuong High School,105.8653564453125,20.649276733398438,,,,,5767deab-a53a-3c78-a71e-355dd4f19aff,Secondary
Giga,Đại học Kiến trúc Tp.HCM CS2,Đại học Kiến trúc Tp.HCM CS2,105.74635314941406,10.075556755065918,,,,,67e30d08-aeb8-3227-a4ae-0f9e01b65a84,Unknown
Giga,Đại Học Kinh Tế Tài Chính,Đại Học Kinh Tế Tài Chính,106.7068099975586,10.798990249633789,,,,,409cbe19-8f47-3ca9-8213-02325939655d,Unknown
Giga,Đại học Quốc tế Miền Đông,Đại học Quốc tế Miền Đông,106.66783905029297,11.052632331848145,,,,,d5156c69-d40b-3f5f-85d6-6cb7b055ac63,Unknown
Giga,Đại Học Tài Chính & Marketing - Quận 9,Đại Học Tài Chính & Marketing - Quận 9,106.79170227050781,10.847766876220703,,,,,462552f4-3b17-38c0-867b-4ceffe87968e,Unknown
Giga,Đại học Thái Bình,Đại học Thái Bình,106.31925964355469,20.47136878967285,,,,,a3eaf218-0aa4-3290-af39-6662d072a1f5,Unknown
Giga,Da Minh Preschool,Da Minh Preschool,107.01201629638672,10.703343391418457,,,,,41736941-03e1-31d6-bf83-96f4605daa03,Unknown
Giga,Dana Surfrental surfboards and lessons,Dana Surfrental surfboards and lessons,108.24748229980469,16.055707931518555,,,,,8bbf27b1-7eec-3739-bc02-00093c68334b,Unknown
Giga,Dan Phuong High School,Dan Phuong High School,105.6692886352539,21.086902618408203,,,,,be590773-6011-3393-ad92-3f572335370d,Secondary
Giga,Dat Mui Secondary School,Dat Mui Secondary School,104.76480865478516,8.598771095275879,,,,,791141d3-604b-3584-bc20-60f44be0dd87,Secondary
Giga,Dau Giay High School,Dau Giay High School,107.14483642578125,10.95259952545166,,,,,f6308b37-dd54-3edc-98dc-d0fcb1e58018,Secondary
Giga,Da Viet College,Da Viet College,106.01507568359375,21.12896156311035,,,,,2935e8e6-6318-3d4f-b4b6-517a6c6e80c0,Secondary
Giga,ĐH CNTT tpHCM,ĐH CNTT tpHCM,105.7758560180664,10.030698776245117,,,,,69999c86-5f17-39bc-8f88-7e2e5cd39094,Unknown
Giga,Điểm trường Bản Nậm Xả,Điểm trường Bản Nậm Xả,102.7585678100586,22.391714096069336,,,,,5de6b807-1395-3973-9d34-d01c048b79cb,Unknown
Giga,Điểm trường Gì Thàng,Điểm trường Gì Thàng,105.26288604736328,23.30951690673828,,,,,63e2aa88-5b87-3b2c-879e-350aebd562e2,Unknown
Giga,Điểm trường Hồng Ngài,Điểm trường Hồng Ngài,103.55522918701172,22.616933822631836,,,,,32d62c50-af68-3db5-85ff-6805ee15a3fb,Unknown
Giga,Điểm trường Ló Na,Điểm trường Ló Na,102.47618103027344,22.725534439086914,,,,,fd1c34a1-bce6-336e-862c-2b01e46a4fc4,Unknown
Giga,Dien Bien Secondary School,Dien Bien Secondary School,106.7092056274414,10.799527168273926,,,,,269bf579-b6a9-3ef7-82ae-18d80410b3af,Secondary
Giga,Dinh Tien Hoang High School,Dinh Tien Hoang High School,107.08587646484375,10.341180801391602,,,,,12baf6f5-3990-3f7b-939f-51aaa0dd0323,Secondary
Giga,Doan Ket Secondary School,Doan Ket Secondary School,103.45806121826172,22.39691162109375,,,,,40a72dde-9a14-360a-b822-dbd5ca370421,Secondary
Giga,Dong Dang Secondary School,Dong Dang Secondary School,106.69454956054688,21.952239990234375,,,,,aea48bb4-d5f6-37c4-b3c4-03069ec1b64f,Secondary
Giga,Dong Da Secondary School,Dong Da Secondary School,106.71790313720703,10.804802894592285,,,,,86784c15-e71b-310b-ac6f-20a2e1fab786,Secondary
Giga,Dong Khoi Secondary School,Dong Khoi Secondary School,106.69715118408203,10.7658109664917,,,,,690a2369-d6ba-3e24-93fe-48353068d847,Secondary
Giga,Dong Lac Secondary School,Dong Lac Secondary School,105.68267059326172,20.823270797729492,,,,,c4fa7f98-23f4-3e80-8789-8936647e02e5,Secondary
Giga,Dong Quan High School,Dong Quan High School,105.84691619873047,20.797420501708984,,,,,40f327e9-c42c-35b9-b133-33a2be904eda,Secondary
Giga,Dong Trieu High School,Dong Trieu High School,106.52579498291016,21.080814361572266,,,,,579148d7-c665-375a-bc71-09a90a017aa2,Secondary
Giga,Dong Van Secondary School,Dong Van Secondary School,105.3659896850586,23.280136108398438,,,,,d1ee6065-24f0-3e94-b8f9-90ece37a894a,Secondary
Giga,Dong Yen High School,Dong Yen High School,104.78724670410156,22.21010398864746,,,,,aa1f00e5-9f38-30be-9f28-83bb19c88619,Secondary
Giga,Duc Thang Secondary School,Duc Thang Secondary School,105.97820281982422,21.351409912109375,,,,,2a4399f7-0e7c-3309-aae6-bc9299c55d05,Secondary
Giga,Du Học Và Học Tiếng Đức GFS,Du Học Và Học Tiếng Đức GFS,105.86329650878906,21.012592315673828,,,,,4587a66e-3e43-302c-84d7-a5da574d5132,Unknown
Giga,Duong Bach Mai High School,Duong Bach Mai High School,107.28993225097656,10.440342903137207,,,,,8191c168-d3df-3e19-98af-0f461af44ff0,Secondary
Giga,Duong Quang Dong High School,Duong Quang Dong High School,106.4517593383789,9.790731430053711,,,,,708c1a18-fd2f-3ea1-9065-be498f168763,Secondary
Giga,Dwight School Hanoi,Dwight School Hanoi,105.81782531738281,20.971908569335938,,,,,09bc771f-27d0-3fb4-ab5d-d773670e01ef,Unknown
Giga,Ecopark Daesung International School,Ecopark Daesung International School,105.92726135253906,20.955848693847656,,,,,af497573-84d5-368b-8c1d-a95d289cd024,Unknown
Giga,EcoSchool,EcoSchool,109.21623229980469,13.809226989746094,,,,,8b1868ec-3264-30dc-ae26-be230211a307,Unknown
Giga,Edison Schools,Edison Schools,105.94024658203125,20.94906997680664,,,,,7b2251df-afd5-3589-a858-51d2fdfdf91a,Unknown
Giga,Edison Schools An Khánh,Edison Schools An Khánh,105.7115478515625,21.019132614135742,,,,,155fcb84-6d9b-3d57-9156-138c5d114d29,Unknown
Giga,EFI International School,EFI International School,109.20695495605469,12.198701858520508,,,,,18d10622-b227-34fb-a560-b71383f89381,Unknown
Giga,english center,english center,105.76983642578125,10.036799430847168,,,,,ec9f1cad-b3d3-36e2-8546-ff6260828736,Unknown
Giga,English Centre,English Centre,105.70291900634766,18.5391788482666,,,,,d4b8c345-8ce3-3e7a-b975-b906dd72ddfb,Unknown
Giga,English Centre,English Centre,107.53104400634766,11.387005805969238,,,,,d3a867fc-49b9-3e23-b761-9fceb04d8e30,Unknown
Giga,English Classroom,English Classroom,108.01747131347656,14.353346824645996,,,,,d7741308-01d5-332e-8a37-2e605bf851ae,Unknown
Giga,English school,English school,105.78020477294922,10.032557487487793,,,,,33885cc2-eb99-34c9-abcc-62d2763f0343,Unknown
Giga,European International School HCMC,European International School HCMC,106.734619140625,10.805523872375488,,,,,0748484e-0fc1-3375-8bfc-9cdac3891ca8,Unknown
Giga,Everest English School,Everest English School,107.12114715576172,10.645515441894531,,,,,60f949dc-3cbb-3774-b718-219d60cc8252,Unknown
Giga,FPT School Bac Ninh,FPT School Bac Ninh,106.06475830078125,21.194795608520508,,,,,3a169c74-7097-34de-afc7-fbbf7e1893b4,Unknown
Giga,Fulbright University Vietnam,Fulbright University Vietnam,106.72021484375,10.72708511352539,,,,,dba8180c-b4b7-32ee-85b1-3e9fb8ec451b,Post-Secondary
Giga,Funny English Club,Funny English Club,106.18653869628906,20.4304141998291,,,,,f64df5bf-7100-386f-8d92-f86a232f8ee8,Unknown
Giga,Future School,Future School,105.77621459960938,10.049851417541504,,,,,2123dd83-f702-321c-aeb5-6bd44082c970,Unknown
Giga,Genesis School,Genesis School,105.782958984375,20.996183395385742,,,,,2cc18b9d-7377-34d3-8b8c-9c40b561645f,Unknown
Giga,Gia Dinh High School,Gia Dinh High School,106.71856689453125,10.80471420288086,,,,,b0a266a9-d94b-3fc3-8263-9302753c7d53,Secondary
Giga,Giai Xuan highschool,Giai Xuan highschool,105.67630004882812,10.037565231323242,,,,,2d90a807-48a0-3c19-883c-ddb9021bfe8e,Secondary
Giga,Giai Xuân Secondary School,Giai Xuân Secondary School,105.6913833618164,10.028373718261719,,,,,83a244dd-08ca-35c5-9090-57c554050409,Secondary
Giga,Glocal English School,Glocal English School,106.62242126464844,10.806370735168457,,,,,a3f4663d-8bb5-378c-92c7-73ba4d1ffad6,Unknown
Giga,Green Bamboo Cooking School,Green Bamboo Cooking School,108.36033630371094,15.89802360534668,,,,,2ff758d7-cb02-3ffb-9f2a-8071f637c06d,Unknown
Giga,Greenfield School,Greenfield School,105.92355346679688,20.974992752075195,,,,,174d4e9e-db73-3ff0-9e38-a2360d5a05f3,Unknown
Giga,Green School Mỹ Đình,Green School Mỹ Đình,105.77533721923828,21.01576042175293,,,,,b428383e-6c60-3122-ade4-ca31e132ff68,Unknown
Giga,Hac Dich High School,Hac Dich High School,107.12323760986328,10.639860153198242,,,,,588428e7-d08e-398e-8410-a551ab60a2f8,Secondary
Giga,Hac Dich Secondary School,Hac Dich Secondary School,107.12440490722656,10.643279075622559,,,,,e2345f54-a433-33fc-97e9-084253d3fae4,Secondary
Giga,HACIC,HACIC,105.31828308105469,21.400375366210938,,,,,8442cf5f-c9c1-3690-b604-7cda97787613,Unknown
Giga,HACIC English centre,HACIC English centre,109.23184967041016,13.773494720458984,,,,,1e7f9d2c-8b0a-3666-91b5-927d377c98c8,Unknown
Giga,Ha Giang High School for the Gifted,Ha Giang High School for the Gifted,104.97614288330078,22.818395614624023,,,,,8cc0b960-c354-39c1-a57f-ef5f9933b3dd,Secondary
Giga,Hà Huy Tập,Hà Huy Tập,109.15546417236328,12.257701873779297,,,,,aa20a213-f4ca-3bcc-8d47-550d607ace16,Unknown
Giga,Hai Ba Trung High School,Hai Ba Trung High School,107.58489990234375,16.460464477539062,,,,,00f13d77-fcbc-340c-8251-378ca9f2542c,Secondary
Giga,Hai Ba Trung - Thach That High School,Hai Ba Trung - Thach That High School,105.5500259399414,21.02030372619629,,,,,23b3509e-ff40-3348-9922-7212cd33d3b8,Secondary
Giga,Hai Dong Secondary School,Hai Dong Secondary School,107.87645721435547,21.53306770324707,,,,,b93c9c3b-c56c-3c87-aab1-b4ef923cc7dd,Secondary
Giga,Hai Duong University,Hai Duong University,106.29271697998047,20.909196853637695,,,,,467a419b-5314-3060-a656-a52638dbffba,Post-Secondary
Giga,Hai Xuan Secondary School,Hai Xuan Secondary School,107.9751205444336,21.511974334716797,,,,,a37a26ce-b1cd-370e-a3f7-a998ecf96916,Secondary
Giga,Ha Long Junior and Senior High School,Ha Long Junior and Senior High School,106.4219741821289,10.526190757751465,,,,,4b770499-1aab-3105-acd9-34a741660c60,Primary
Giga,Ham Tan High School,Ham Tan High School,107.72222137451172,10.811516761779785,,,,,560cc6b9-d9fc-3028-a84a-8c7b036ee79e,Secondary
Giga,Hanoi Academy,Hanoi Academy,105.80294799804688,21.073341369628906,,,,,31800798-2e44-323d-82fd-32e6f331dd65,Unknown
Giga,Hanoi - Amsterdam High School for the Gifted,Hanoi - Amsterdam High School for the Gifted,105.79825592041016,21.007009506225586,,,,,a68d63f4-35f9-3239-a133-fd847a17868f,Secondary
Giga,Hanoi Math Club (HMC),Hanoi Math Club (HMC),105.79923248291016,20.999479293823242,,,,,78d19f44-d846-38db-b221-1ce6fb8d494e,Unknown
Giga,Hanoi Toronto School,Hanoi Toronto School,105.79669952392578,21.005735397338867,,,,,ef1e2210-78a9-38e5-879e-d4ef04c16a1a,Unknown
Giga,Han Thuyen High School,Han Thuyen High School,106.0761489868164,21.17786979675293,,,,,8b8b8021-bd64-3880-a1f0-1d0d3c8c2078,Secondary
Giga,HCMC Korean School,HCMC Korean School,106.73246765136719,10.722021102905273,,,,,fe61da28-d493-35ca-af77-bbe438f911c1,Unknown
Giga,HĐND - UBND - Đoàn đại biểu Quốc hội tỉnh Cao Bằng,HĐND - UBND - Đoàn đại biểu Quốc hội tỉnh Cao Bằng,106.22164154052734,22.676618576049805,,,,,635ceeea-df35-34c0-a62a-294000acfb6a,Unknown
Giga,Hermann Gmeiner high school,Hermann Gmeiner high school,108.2465591430664,16.029279708862305,,,,,594b8d14-aa85-31a4-ba62-d2150c9a54dc,Secondary
Giga,Hermann Gmeiner High School,Hermann Gmeiner High School,109.1894760131836,12.284974098205566,,,,,1dd40f7f-3bea-3b06-909e-c6a183513562,Secondary
Giga,Hệ thống giáo dục IQ School Hà Đông,Hệ thống giáo dục IQ School Hà Đông,105.78062438964844,20.96499252319336,,,,,d95433f6-df4e-3564-a1e2-6a82949a2313,Unknown
Giga,Hệ thống Giáo dục Thực nghiệm Victory,Hệ thống Giáo dục Thực nghiệm Victory,105.79551696777344,20.978872299194336,,,,,207e9536-de6a-33de-b19e-51f349fd0ccf,Unknown
Giga,HH3B Solar English Linh Dam,HH3B Solar English Linh Dam,105.82786560058594,20.963407516479492,,,,,d3950d36-3f96-368f-9f26-f481c5d059f8,Unknown
Giga,Hiep Hung Secondary School,Hiep Hung Secondary School,105.75283813476562,9.753037452697754,,,,,3a84545c-5dbc-3d58-94e3-820afe33d561,Secondary
Giga,Hiep Hung Secondary School,Hiep Hung Secondary School,105.7738265991211,9.768460273742676,,,,,ad086e43-6744-3f20-9b31-667ff47cc3cf,Secondary
Giga,High School of North America,High School of North America,106.69094848632812,10.737990379333496,,,,,bebda542-b581-380b-ac25-4cfd5baf1c20,Secondary
Giga,Him Lam International School Bac Ninh,Him Lam International School Bac Ninh,106.0894775390625,21.170255661010742,,,,,0d75af1c-2bc8-3d9a-8a1d-58f2005bbaf1,Unknown
Giga,Him Lam Secondary School,Him Lam Secondary School,103.03144073486328,21.386287689208984,,,,,ff43fdd4-9f3b-37ff-b0d7-4c3b69a16b8e,Secondary
Giga,Hoa Binh High School,Hoa Binh High School,107.37686157226562,10.6154203414917,,,,,12ea4571-e963-3e04-8b92-4114db476988,Secondary
Giga,Hoa Hoi High School,Hoa Hoi High School,107.45054626464844,10.628196716308594,,,,,4263431f-df41-354a-9f21-2b52572e3d47,Secondary
Giga,Hoa Hoi Secondary School,Hoa Hoi Secondary School,107.44979858398438,10.629161834716797,,,,,99b6bcde-b049-39dd-991a-12a2189ad86d,Secondary
Giga,Hoa Hong commune preschool,Hoa Hong commune preschool,105.14274597167969,23.118192672729492,,,,,c3005296-4bb3-37f5-94a7-93075f4496f4,Unknown
Giga,Hoa Hung Secondary School,Hoa Hung Secondary School,106.67211151123047,10.781777381896973,,,,,14053f6c-62e3-3ed9-8b11-d2f9ce4b7a8f,Secondary
Giga,Hoai Duc A High School,Hoai Duc A High School,105.70446014404297,21.04973793029785,,,,,eb912e52-6501-32f9-8529-272afdf47b41,Secondary
Giga,Hoai Duc B High School,Hoai Duc B High School,105.72359466552734,20.9887752532959,,,,,3827ba0e-51cf-3113-8ac2-9f078b9a5ad6,Secondary
Giga,Hoa Lac Secondary School,Hoa Lac Secondary School,107.96573638916016,21.520709991455078,,,,,dca069bb-1814-3238-ba19-189a0879bc33,Secondary
Giga,Hoa Long Secondary School,Hoa Long Secondary School,106.05706024169922,21.209321975708008,,,,,76407d2d-c6c2-3091-92c2-498d967e9d99,Secondary
Giga,Hoang Cau High School,Hoang Cau High School,105.82073211669922,21.02060890197754,,,,,e548eac4-248c-3487-9e3d-2e4442a47477,Secondary
Giga,Hoang Hoa Tham Secondary School,Hoang Hoa Tham Secondary School,105.8093032836914,21.042417526245117,,,,,712ad551-affd-3d3e-8915-2f574c3a91e1,Secondary
Giga,Hoang Su Phi High School,Hoang Su Phi High School,104.67520141601562,22.735998153686523,,,,,008d8c67-acbf-3ff8-8395-346883a8d6ba,Secondary
Giga,Hoang Van Thu Secondary School,Hoang Van Thu Secondary School,106.6687240600586,10.763189315795898,,,,,5ace1028-ec31-3b5c-8bdf-c6ec754cc43e,Secondary
Giga,Hoan Kiem Secondary School,Hoan Kiem Secondary School,105.84909057617188,21.028295516967773,,,,,b1e3c737-879d-37a9-a21c-880c4738eaa0,Secondary
Giga,Hoan Son Secondary School,Hoan Son Secondary School,105.9981460571289,21.11187744140625,,,,,3d3e3479-757d-3a96-8735-22d4c37c4141,Secondary
Giga,Hoa Sen Junior High School - High School,Hoa Sen Junior High School - High School,106.77379608154297,10.841720581054688,,,,,81a48a8c-a547-375a-8334-d547a1d6c0c5,Primary
Giga,Ho Chi Minh city University of Technology,Ho Chi Minh city University of Technology,106.80619049072266,10.879735946655273,,,,,686822f0-2412-3b82-b8bc-bd031b712a89,Post-Secondary
Giga,học thêm,học thêm,108.9931869506836,11.559765815734863,,,,,252f320e-127e-363e-83d7-101944de43b2,Unknown
Giga,học thêm,học thêm,108.99339294433594,11.562570571899414,,,,,545e6ba4-8a02-3905-a6a6-be325de8f33e,Unknown
Giga,học thêm thầy lý,học thêm thầy lý,108.99205017089844,11.558388710021973,,,,,30034e12-883d-378b-9432-68843b16d87f,Unknown
Giga,Học viện chính trị,Học viện chính trị,106.78594207763672,10.849346160888672,,,,,fa0156a9-9f18-3d67-ba16-0fc0e51d7a47,Unknown
Giga,Học Viện Không Quân,Học Viện Không Quân,105.82707214355469,21.000667572021484,,,,,1bde2f92-8313-34cf-9733-32549271eded,Unknown
Giga,Học viện Lục quân Đà Lạt,Học viện Lục quân Đà Lạt,108.46842193603516,11.965581893920898,,,,,193052a5-a728-3be7-8d32-bf938a40880f,Unknown
Giga,Hong Bang Secondary School,Hong Bang Secondary School,106.66075134277344,10.755699157714844,,,,,81203dae-f2ee-3be7-8704-d07f72ce1bf0,Secondary
Giga,Hong Duc High School,Hong Duc High School,108.04011535644531,12.675570487976074,,,,,1e8d3c0a-8cbe-3121-ad5d-6b41629aa8b2,Secondary
Giga,Hồ Nghinh Secondary School,Hồ Nghinh Secondary School,108.2215347290039,16.030309677124023,,,,,22f95007-3ac1-3b4e-bd63-c91743308e67,Secondary
Giga,Hong Ngu 3 High School,Hong Ngu 3 High School,105.24639129638672,10.81192684173584,,,,,48d31a50-5209-3376-b682-946c3a739428,Secondary
Giga,Hong Quang High School,Hong Quang High School,106.33243560791016,20.93589973449707,,,,,58c221a4-a78b-3cf4-8afd-e91f9caeb629,Secondary
Giga,Hong Son Secondary School,Hong Son Secondary School,105.70246887207031,20.73322296142578,,,,,6e1e1ae6-4c86-3a4b-b3f7-ef2bdc26f28b,Secondary
Giga,Hong Thai High School,Hong Thai High School,105.68175506591797,21.130826950073242,,,,,4f9a3e3f-8364-3e12-9633-5704ada2c7a0,Secondary
Giga,Hop Thanh High School,Hop Thanh High School,105.70557403564453,20.671457290649414,,,,,f0dcfc05-5348-34be-b174-bde0c3f5f038,Secondary
Giga,Hồ Thị Kỷ High School,Hồ Thị Kỷ High School,105.14683532714844,9.180373191833496,,,,,5a6c6dcc-a8fa-3337-abc1-e86f7044cedc,Secondary
Giga,Ho Tung Mau Secondary School,Ho Tung Mau Secondary School,105.50645446777344,18.51642608642578,,,,,faceb96d-8a70-33c6-bb56-dfb7aad42c02,Secondary
Giga,Hung An High School,Hung An High School,104.87522888183594,22.339372634887695,,,,,cad72fcb-d7c3-303b-8e47-6b8993aa454a,Secondary
Giga,Hung An Secondary School,Hung An Secondary School,104.87417602539062,22.340576171875,,,,,28c25adf-d97a-325a-a08b-5924e61a556a,Secondary
Giga,Hung Vuong Secondary School,Hung Vuong Secondary School,107.14063262939453,10.939044952392578,,,,,34b6d4d3-a367-31af-80a3-b5567981a34f,Secondary
Giga,Hung Vuong Secondary School,Hung Vuong Secondary School,107.23707580566406,10.387653350830078,,,,,067282fb-bcad-3b94-b49e-d80e993b3e7d,Secondary
Giga,Huynh Khuong Ninh Secondary School,Huynh Khuong Ninh Secondary School,107.09014129638672,10.3422212600708,,,,,7122bba3-a24b-3abd-945a-0e40aa3b4a66,Secondary
Giga,Huynh Ngoc Private High School,Huynh Ngoc Private High School,106.42306518554688,10.536744117736816,,,,,714730d4-d227-39f3-8792-4b42757fcbb1,Secondary
Giga,Huynh Thuc Khang High School,Huynh Thuc Khang High School,105.78219604492188,21.061384201049805,,,,,8872aa13-a7ba-3ebe-85f5-d9bb90cd3845,Secondary
Giga,Huy Van Secondary School,Huy Van Secondary School,105.83489990234375,21.02276611328125,,,,,6da6665b-1c7f-3ce9-9856-fce6a5d32642,Secondary
Giga,IDP Education,IDP Education,105.77589416503906,10.035959243774414,,,,,2c23f4ad-5ae8-3519-b97d-9826254d18de,Unknown
Giga,IELTS FIGHTER,IELTS FIGHTER,106.69771575927734,20.83301544189453,,,,,184c4ac0-a177-3671-b4cf-52fc97382980,Unknown
Giga,ILA Bình Dương #1,ILA Bình Dương #1,106.65919494628906,10.973978996276855,,,,,74e06caa-ca65-3ea7-85eb-0e6793a8d4db,Unknown
Giga,ILA - Nguyễn Đình Chiểu,ILA - Nguyễn Đình Chiểu,106.69376373291016,10.78278636932373,,,,,df5ac860-c7a7-3b97-aa87-054eb5607345,Unknown
Giga,International German School HCMC,International German School HCMC,106.74803161621094,10.805477142333984,,,,,560da400-7a57-3f51-aa0b-3bcd81f56195,Unknown
Giga,International School Saigon Pearl,International School Saigon Pearl,106.71963500976562,10.790149688720703,,,,,b6029a37-8d85-34db-92d7-86f829a022ff,Unknown
Giga,International Schools of North America,International Schools of North America,106.68769836425781,10.73076343536377,,,,,995a268c-8df3-3305-a569-60e6e465a0e9,Unknown
Giga,International School UK Academy,International School UK Academy,107.17453002929688,10.499587059020996,,,,,2bff6f58-b4bf-3dbe-be1a-8fa503d43411,Unknown
Giga,IQ SCHOOL,IQ SCHOOL,105.96709442138672,20.284513473510742,,,,,ae3c6788-1c16-3d96-b9b1-5726447c4a14,Unknown
Giga,iSchool,iSchool,109.18118286132812,13.794465065002441,,,,,6472374d-c45c-348f-aaa3-f8a3bd69d37d,Unknown
Giga,iSchool,iSchool,109.1939697265625,12.251819610595703,,,,,fd5e0dd3-109a-36b0-8c14-54c65ea49573,Unknown
Giga,iSchool Quảng Trị,iSchool Quảng Trị,107.11701965332031,16.786916732788086,,,,,a13db398-c784-3615-993f-6879d6f7949a,Unknown
Giga,iYes English,iYes English,108.21781158447266,16.04130744934082,,,,,8db45b44-92f0-3e7c-ba84-ee159ce3f8e4,Unknown
Giga,Japanese International School,Japanese International School,105.76666259765625,20.98084831237793,,,,,9026c83c-c937-3ad7-ae7a-02e013d806a9,Unknown
Giga,Ka Long Secondary School,Ka Long Secondary School,107.9550552368164,21.53340721130371,,,,,654733f5-c140-3537-8aa2-8d63f54ab6ae,Secondary
Giga,Khách sạn Bằng Giang,Khách sạn Bằng Giang,106.2614974975586,22.665620803833008,,,,,5ceb4ac0-31e1-337e-ba96-b48dcc7242d6,Unknown
Giga,Khe Sanh Secondary School,Khe Sanh Secondary School,106.73534393310547,16.623613357543945,,,,,a53cc712-9072-3a44-837f-bcb58bed32fd,Secondary
Giga,Khoa Công Nghệ Thông Tin,Khoa Công Nghệ Thông Tin,108.15303039550781,16.07464027404785,,,,,27b49138-ddd6-3664-a046-6d0ff80c0a13,Unknown
Giga,Khoa Khoa học Tự nhiên,Khoa Khoa học Tự nhiên,105.77033996582031,10.032269477844238,,,,,4de5e4cc-0e80-3441-9906-79beb26faedc,Unknown
Giga,Khoa Y Tế Công Cộng ĐH Y Dược TPHCM,Khoa Y Tế Công Cộng ĐH Y Dược TPHCM,106.67929077148438,10.74959945678711,,,,,057d7127-3f7b-38c9-9447-18fb322d0af2,Unknown
Giga,Kho Dự trữ Quảng Bình,Kho Dự trữ Quảng Bình,106.57292938232422,17.476390838623047,,,,,3a5ab913-3aaf-312e-b6dd-12d6ece4f39f,Unknown
Giga,Khu 3  Cần Thơ University,Khu 3  Cần Thơ University,105.77986145019531,10.033742904663086,,,,,5eefd6e6-ee99-318a-b653-d030229c7524,Post-Secondary
Giga,Khu B,Khu B,108.15160369873047,16.074949264526367,,,,,60e18e21-0d36-3235-ba94-5cb3f45b6e99,Unknown
Giga,Khu C,Khu C,108.15250396728516,16.074485778808594,,,,,cf24ba38-b081-3d2f-8575-b2ad8b21d5a1,Unknown
Giga,Khu E,Khu E,108.15382385253906,16.0747127532959,,,,,f4acd0cd-eb05-38e2-b192-f70e73c0dd6f,Unknown
Giga,Khu F,Khu F,108.15179443359375,16.075559616088867,,,,,87f07dbd-3b9c-3cb5-b384-4aaeb5422b85,Unknown
Giga,Khu Giảng đường 4 - Trường Đại học Công nghệ - Đại học Quốc gia Hà Nội,Khu Giảng đường 4 - Trường Đại học Công nghệ - Đại học Quốc gia Hà Nội,105.75101470947266,21.04090690612793,,,,,b35835d5-e4d0-3cc8-9107-d8ad22bfd442,Unknown
Giga,Khu giảng đường A1 - Trường Đại học Mỏ - Địa chất,Khu giảng đường A1 - Trường Đại học Mỏ - Địa chất,105.77821350097656,21.072307586669922,,,,,53a8c588-c460-374f-a78c-c0344ee78816,Unknown
Giga,Khu H,Khu H,108.15217590332031,16.076223373413086,,,,,aebd56e8-f922-33cc-80ba-6c6a709c9f05,Unknown
Giga,Khu II Trường THPT Thới Lai,Khu II Trường THPT Thới Lai,105.55755615234375,10.057563781738281,,,,,c29c1edb-2d0e-3730-873e-dc71cd849e90,Unknown
Giga,Khu Nhà Xe,Khu Nhà Xe,105.97843170166016,21.3510799407959,,,,,604a0bfc-7efa-32e5-ada0-86ba5654092d,Unknown
Giga,Khu Nhà Xe,Khu Nhà Xe,105.97781372070312,21.351255416870117,,,,,a0118a8c-f2ff-328d-90fa-a8d087bb1ae5,Unknown
Giga,Khu Nhà Xe,Khu Nhà Xe,105.97793579101562,21.351661682128906,,,,,4ceb4357-d39f-3a27-9f1e-8e02e9c52da4,Unknown
Giga,Khuyết tật,Khuyết tật,106.4227066040039,10.523951530456543,,,,,4c2eb4c6-59a3-3832-be88-fd02fa1b7177,Unknown
Giga,Kidzone Campus 2,Kidzone Campus 2,106.7454833984375,10.804825782775879,,,,,b6ecc22d-72f4-37c1-93bb-e777ddada22d,Unknown
Giga,Kim Anh High School,Kim Anh High School,105.7607421875,21.225370407104492,,,,,a381d6ca-b16a-3730-a8a7-d9e2ddb1c6a0,Secondary
Giga,Kim Dong Secondary School,Kim Dong Secondary School,107.1690902709961,10.498661041259766,,,,,c3059d45-36b1-32e5-88ad-7c6ae1472ee6,Secondary
Giga,Kim Long Secondary School,Kim Long Secondary School,107.24163055419922,10.70944881439209,,,,,7ea523c0-4a2e-3f40-b2c2-129acb97ecd6,Secondary
Giga,Kim Ngoc High School,Kim Ngoc High School,104.93473815917969,22.431941986083984,,,,,83c9839b-c1b2-3e56-8ee2-71a8d2c53414,Secondary
Giga,Kinderworld,Kinderworld,106.67708587646484,11.069592475891113,,,,,ead6d66a-6454-393e-bd1b-ff51085b0381,Unknown
Giga,Kon Klung,Kon Klung,108.45552062988281,14.701169967651367,,,,,ac2c4bcc-b635-3d50-94b0-6604771d3239,Unknown
Giga,Kon Tum High School,Kon Tum High School,108.00520324707031,14.346778869628906,,,,,a8b47d8d-6aaa-379b-a7eb-b0b1e907e591,Secondary
Giga,Korean International School in Hanoi,Korean International School in Hanoi,105.7729263305664,21.043434143066406,,,,,ed064f04-b7c1-30c0-b211-893497f227c8,Unknown
Giga,Ky túc xá Truong chuyen,Ky túc xá Truong chuyen,108.1125717163086,10.942695617675781,,,,,534483cf-0493-3707-890b-57f1b521352c,Unknown
Giga,Ky túc xá Truong chuyên,Ky túc xá Truong chuyên,108.11255645751953,10.942753791809082,,,,,a9e445c5-5801-3df4-898a-f90a403507b8,Unknown
Giga,LA Center,LA Center,105.80271911621094,21.005352020263672,,,,,decb7ce0-7fba-3afd-95ca-98c8037157bb,Unknown
Giga,Lac Hong Secondary School,Lac Hong Secondary School,106.66871643066406,10.769529342651367,,,,,f81474fc-7d60-3b64-a549-b81f82dc814e,Secondary
Giga,Lac Ve Secondary School,Lac Ve Secondary School,106.08658599853516,21.122831344604492,,,,,029e999b-0f6e-3ad5-9269-b6b73003603b,Secondary
Giga,Lai Chau City High School,Lai Chau City High School,103.48616027832031,22.380077362060547,,,,,118a40fb-d885-3c6c-b23b-df64826c1036,Secondary
Giga,Lai Chau Province School for Ethnic Minorities,Lai Chau Province School for Ethnic Minorities,103.42858123779297,22.407724380493164,,,,,e006070d-362c-37a3-8acb-36223ac732e5,Unknown
Giga,Lai Vung 3 High School,Lai Vung 3 High School,105.58482360839844,10.264689445495605,,,,,00a5c259-b871-3a83-9de4-ebba6efbe790,Secondary
Giga,Lai Vung I Highschool,Lai Vung I Highschool,105.64033508300781,10.279828071594238,,,,,64cd0825-9266-3a89-95bd-5eca7171ae1c,Secondary
Giga,Lam Kinh High School,Lam Kinh High School,105.40414428710938,19.91288185119629,,,,,ab7c10e2-e168-3755-84c4-db542c48d2b2,Secondary
Giga,Lam Son highschool,Lam Son highschool,105.77532958984375,19.80086326599121,,,,,afaab858-a1c8-3c3a-9adf-560db539929e,Secondary
Giga,La Petite École Ho Chi Minh City - French International School,La Petite École Ho Chi Minh City - French International School,106.72826385498047,10.816043853759766,,,,,726c9d03-cdf4-3d25-8ad6-e69ef183f1b2,Unknown
Giga,Lawrence S. Ting Memorial School,Lawrence S. Ting Memorial School,106.72706604003906,10.728394508361816,,,,,24f63a32-91f3-31a7-8db8-a614580c7bc8,Unknown
Giga,Lawrence S. Ting School,Lawrence S. Ting School,106.71013641357422,10.72159481048584,,,,,4b6addca-5727-3e91-85b5-2a06d9a6a091,Unknown
Giga,Lee English,Lee English,108.21755981445312,16.07236099243164,,,,,af300d56-d745-3250-b64a-0902012639d8,Unknown
Giga,Le Hong Phong High School,Le Hong Phong High School,104.98726654052734,22.824432373046875,,,,,9d7d33bc-ca4e-3060-ac73-091888b9622e,Secondary
Giga,Le Hong Phong High School for the Gifted,Le Hong Phong High School for the Gifted,106.68142700195312,10.76363754272461,,,,,86440b77-4672-3c03-809d-4ba4f567f57d,Secondary
Giga,Le Hong Phong Private School,Le Hong Phong Private School,107.09300231933594,10.358202934265137,,,,,8aa0f5e2-a500-37da-8cda-e34da7b77c15,Unknown
Giga,Le Hong Phong Secondary School,Le Hong Phong Secondary School,107.11324310302734,10.507079124450684,,,,,6e15a499-6e1f-3e90-9851-3166ec67e52a,Secondary
Giga,Le Hong Phong Secondary School,Le Hong Phong Secondary School,106.61254119873047,8.688307762145996,,,,,6d81c67c-0e58-3e06-80d8-d7ed82af7f01,Secondary
Giga,Le loi,Le loi,108.09773254394531,10.938884735107422,,,,,7c20512e-c510-39db-b493-21c9e509cdaa,Unknown
Giga,Le Loi Secondary School,Le Loi Secondary School,107.30876159667969,10.644819259643555,,,,,5faadb57-bb33-3e46-ba63-3d74cf23e62e,Secondary
Giga,Le Loi Secondary School,Le Loi Secondary School,108.04119110107422,15.803936004638672,,,,,dd904528-85a5-342c-a8d3-57943655d5e0,Secondary
Giga,Le Ngoc Han Junior High School,Le Ngoc Han Junior High School,106.36354064941406,10.359575271606445,,,,,e678f2fa-b1d3-3a62-be7f-b2ce247f1b69,Primary
Giga,Lê Quí Đôn High School,Lê Quí Đôn High School,109.187744140625,12.249263763427734,,,,,1da0967e-640b-3784-bed9-f89e09869d8c,Secondary
Giga,Le Quy Don High School,Le Quy Don High School,108.0497817993164,12.695186614990234,,,,,ce1353e8-fecd-3755-9948-95e4769abc68,Secondary
Giga,Le Quy Don High School for the Gifted,Le Quy Don High School for the Gifted,103.4910888671875,22.387659072875977,,,,,d2a07bb5-1520-31d6-91e6-d0c8b665e67f,Secondary
Giga,Le Quy Don High School for the Gifted,Le Quy Don High School for the Gifted,107.13495635986328,10.389939308166504,,,,,28c5a3b5-84cf-321c-a037-0e276f4bc8ea,Secondary
Giga,Le Quy Don High School for the Gifted,Le Quy Don High School for the Gifted,103.0243148803711,21.38923454284668,,,,,d4ca3591-8568-35ef-a5c7-095d32368d42,Secondary
Giga,Lê Quý Đôn High School for the Gifted,Lê Quý Đôn High School for the Gifted,109.17335510253906,12.196917533874512,,,,,093dbbd4-5b73-3037-a3e1-f7ee3d6e2751,Secondary
Giga,Le Quy Don Secondary School,Le Quy Don Secondary School,105.9215316772461,21.051612854003906,,,,,7f112ab3-ec9f-33f8-94b9-990db13520d0,Secondary
Giga,Le Quy Đon Secondary School,Le Quy Đon Secondary School,105.78434753417969,10.033385276794434,,,,,dd02bbe7-c899-30ab-9095-b9f69abf1ccf,Secondary
Giga,Le Quy Đon Secondary School,Le Quy Đon Secondary School,105.78450012207031,10.03325080871582,,,,,a91d525f-c71c-3f59-b740-3151cc4fd392,Secondary
Giga,Le Thanh Thong Secondary School,Le Thanh Thong Secondary School,107.36677551269531,11.194533348083496,,,,,7a74a83c-47ba-3a91-baf5-7b33452e8e1e,Secondary
Giga,Lê thị duệ,Lê thị duệ,106.39505767822266,21.1093692779541,,,,,a7d0374b-811d-39dc-8bc7-e7476e40a5d5,Unknown
Giga,Le Van Thiem High School,Le Van Thiem High School,105.89531707763672,21.060163497924805,,,,,2c96666c-58ed-3535-92b0-623c353a4ab1,Secondary
Giga,Liam English,Liam English,108.22024536132812,16.05453109741211,,,,,2f8f0e8f-3eab-38a2-a073-b576ff69074a,Unknown
Giga,Lien Bao Secondary School,Lien Bao Secondary School,106.0242691040039,21.125457763671875,,,,,ed5a3438-594a-37aa-9ce9-49040f3dac50,Secondary
Giga,Lien Hiep Secondary & High School,Lien Hiep Secondary & High School,105.03399658203125,22.39228630065918,,,,,9392a91b-89ee-3e00-889e-78e2e67b811b,Secondary
Giga,Lien Viet Secondary School - High School,Lien Viet Secondary School - High School,107.99736785888672,14.340995788574219,,,,,bbdbc59f-677c-38ee-b888-c2b117d93973,Secondary
Giga,Linh Ho Secondary & High School,Linh Ho Secondary & High School,105.0530014038086,22.705459594726562,,,,,997ac19a-59b8-339d-9823-8ff0bf1ea809,Secondary
Giga,Living English,Living English,106.7436752319336,10.794123649597168,,,,,5a5e30bd-c6fb-3c88-b2a3-f8eb65da9de4,Unknown
Giga,Loc An Secondary School,Loc An Secondary School,107.32844543457031,10.458427429199219,,,,,fe753c1a-bb25-3105-b431-6b641c350be8,Secondary
Giga,Loc Hai School,Loc Hai School,108.08087921142578,16.237871170043945,,,,,0b267171-cfcf-35a7-a75d-eb1c24985ed2,Unknown
Giga,Long Bình Secondary School,Long Bình Secondary School,106.83960723876953,10.866545677185059,,,,,27d302dc-db2e-34c9-bc06-2320af7080f5,Secondary
Giga,Long Hai Phuoc Tinh High School,Long Hai Phuoc Tinh High School,107.22250366210938,10.4116792678833,,,,,253a5fce-6e1d-3bd6-8316-e173c9e6d734,Secondary
Giga,Long Hoa 2 Secondary School,Long Hoa 2 Secondary School,105.75923919677734,10.059208869934082,,,,,36029409-8363-3f9e-8f63-471dea6ffe81,Secondary
Giga,Long Phuoc Secondary School,Long Phuoc Secondary School,106.9473648071289,11.81092357635498,,,,,0056ca70-32db-3cc9-bbd5-41537a3f2899,Secondary
Giga,Lớp mẫu giáo độc lập Lá Phong Xanh,Lớp mẫu giáo độc lập Lá Phong Xanh,105.80156707763672,21.06549835205078,,,,,ece45dde-284f-33e1-a9cc-ab026ff6b820,Unknown
Giga,LTĐH Thiên Phúc,LTĐH Thiên Phúc,107.17536163330078,10.506077766418457,,,,,06d3a6c4-02a3-3823-b657-e1884f316d8a,Unknown
Giga,Luong Dinh Cua Secondary School,Luong Dinh Cua Secondary School,109.17400360107422,12.260363578796387,,,,,cf84474b-1386-322f-9abb-eea6830390dd,Secondary
Giga,Luu Hoang High School,Luu Hoang High School,105.80371856689453,20.648000717163086,,,,,f04ded16-b54e-3ba7-8ed8-fb10c166ad9c,Secondary
Giga,Ly Cong Uan Preschool,Ly Cong Uan Preschool,105.95997619628906,21.101835250854492,,,,,a030db9f-d9cf-3729-a184-391a77671084,Unknown
Giga,Ly Nam De Secondary School,Ly Nam De Secondary School,105.73837280273438,21.020427703857422,,,,,27f9955a-a96a-35ce-a1a7-f495e5c7a7a9,Secondary
Giga,Ly Nhan Tong High School,Ly Nhan Tong High School,106.0397720336914,21.192481994628906,,,,,f58cb64a-1ad7-363a-b89f-4f7ea553c77f,Secondary
Giga,Ly Thai To High School,Ly Thai To High School,105.95178985595703,21.11129379272461,,,,,f75b0d16-7e36-3c83-b313-8d0b552daf52,Secondary
Giga,Ly Thai To High School,Ly Thai To High School,105.95178985595703,21.111284255981445,,,,,6ec8f943-71ce-30cd-95e6-6ccf819e482c,Secondary
Giga,Ly Thuong Kiet High School,Ly Thuong Kiet High School,107.85298156738281,21.537397384643555,,,,,811d2d4e-d32c-30a5-a0c7-d72cfbf925cc,Secondary
Giga,Ly Thuong Kiet High School,Ly Thuong Kiet High School,106.12632751464844,11.287026405334473,,,,,f6f65b7c-328d-3bac-a91c-b4de11189ff1,Secondary
Giga,Ly Thuong Kiet Junior High School,Ly Thuong Kiet Junior High School,105.43379974365234,10.388121604919434,,,,,08143de9-3b01-3156-a05a-3f3004988702,Primary
Giga,Ly Thuong Kiet Secondary School,Ly Thuong Kiet Secondary School,107.33938598632812,10.644549369812012,,,,,5fc4b093-4a86-36d6-b76c-9f78ba0433cb,Secondary
Giga,Ly Tu Tan High School,Ly Tu Tan High School,105.84790802001953,20.85856819152832,,,,,e55e472e-8b63-367d-a1e2-8499fd748992,Secondary
Giga,Lý Tự Trọng High School,Lý Tự Trọng High School,109.19318389892578,12.247123718261719,,,,,25e1b4d7-63ed-340d-8f21-5b230444f7d3,Secondary
Giga,Ly Tu Trong Junior Secondary School Pedagogic Trial School,Ly Tu Trong Junior Secondary School Pedagogic Trial School,107.99903106689453,14.352450370788574,,,,,301b681d-bd11-344c-b24d-584254e71fa6,Primary
Giga,Mac Dinh Chi Secondary School,Mac Dinh Chi Secondary School,105.84146881103516,21.048294067382812,,,,,49abdb26-7d66-342b-bcb6-693ca63c7b85,Secondary
Giga,Mái ấm Plei Rơwăk,Mái ấm Plei Rơwăk,107.91950225830078,14.345335006713867,,,,,0cc1bee7-33d9-37ea-bf60-b0dfaf6292ad,Unknown
Giga,Ma Ly Pho Secondary School,Ma Ly Pho Secondary School,103.22521209716797,22.608787536621094,,,,,5068ca4e-b56b-39df-acb5-28c0773ae940,Secondary
Giga,mầm non chuyen nho,mầm non chuyen nho,106.71229553222656,10.724493980407715,,,,,94966e8c-2efc-3f5c-b31e-450a2b6f6aab,Unknown
Giga,mầm non hưng lợi,mầm non hưng lợi,105.69181060791016,9.419933319091797,,,,,b9a87a7e-fd50-301c-ad4f-08ca5f0c4401,Unknown
Giga,Mầm non Kiên Lương,Mầm non Kiên Lương,104.64364624023438,10.282835006713867,,,,,55178a6d-7048-3d13-8adc-69d1ac9554dc,Unknown
Giga,Mằm non lương an trà,Mằm non lương an trà,104.87155151367188,10.365395545959473,,,,,667ca1b7-ef21-39a7-917b-d8a60ee2b1fc,Unknown
Giga,Mầm non Phong Lan,Mầm non Phong Lan,105.76249694824219,10.060269355773926,,,,,73656776-2636-3836-8437-3909f63c025a,Unknown
Giga,Mầm non quốc tế,Mầm non quốc tế,108.04881286621094,12.694754600524902,,,,,32b56758-f502-35ef-8cb0-a4e875731d61,Unknown
Giga,Mầm non Thái Bình Dương,Mầm non Thái Bình Dương,105.78675079345703,10.049890518188477,,,,,f928b9c1-d4b1-342f-abd5-db089fecb223,Unknown
Giga,Mầm non Thần Đồng 2,Mầm non Thần Đồng 2,105.77938842773438,10.031217575073242,,,,,b81448a4-5c23-34b5-85b0-d9133f008228,Unknown
Giga,Mang Den Secondary School,Mang Den Secondary School,108.28912353515625,14.604287147521973,,,,,90ab8bc9-0a2a-3731-a0c8-2bf36e8c3f5b,Secondary
Giga,Marie Curie High School,Marie Curie High School,106.69078826904297,10.782408714294434,,,,,21d835d0-f937-38f2-a471-0fa58fa7c0b2,Secondary
Giga,Master Viet’s House,Master Viet’s House,108.21379852294922,16.075176239013672,,,,,998e0a29-964c-3c49-b445-0c976f0c1fba,Unknown
Giga,Mau Due High School,Mau Due High School,105.231201171875,23.0640926361084,,,,,5fac97f2-3eb9-33dd-9a50-46a3bc917f52,Secondary
Giga,mẫu giáo 3/2,mẫu giáo 3/2,109.18977355957031,12.246959686279297,,,,,48c63f59-b649-3271-a9dd-fe8faa4b2e70,Unknown
Giga,Mẫu giáo An Phú,Mẫu giáo An Phú,105.09368896484375,10.814010620117188,,,,,c6550e94-5c2a-34a3-9469-b9203d65eccf,Unknown
Giga,Mẫu giáo Cẩm Nhung,Mẫu giáo Cẩm Nhung,108.21295166015625,16.071426391601562,,,,,81e90844-b778-3c4d-8518-c09dd6aa8e3c,Unknown
Giga,Mẫu Giáo Phường An Thạnh,Mẫu Giáo Phường An Thạnh,105.34320831298828,10.81564712524414,,,,,aa242264-5e81-3a0d-9c9a-d7d991433262,Unknown
Giga,Mẫu giáo Thuận An,Mẫu giáo Thuận An,105.51441192626953,10.290626525878906,,,,,54d6b94e-ffaa-3401-bb73-12e3dec9fe1b,Unknown
Giga,Mậu Lương Cơ Sở 1 Kindergarten,Mậu Lương Cơ Sở 1 Kindergarten,105.79550170898438,20.95583152770996,,,,,fe2291db-b0aa-35bc-aa0e-21219e1ee754,Pre-Primary
Giga,MCNV School,MCNV School,106.25112915039062,22.668643951416016,,,,,bb45b6f2-fbd8-3fda-b3c7-4c4dff5a78e2,Unknown
Giga,Mekong Superland,Mekong Superland,105.76235961914062,10.045802116394043,,,,,b9c09dc7-a16c-3c54-ac48-2ef083a3ca27,Unknown
Giga,Me Linh High School,Me Linh High School,105.7350082397461,21.17075538635254,,,,,b3e8800e-de46-30b3-81b4-b97268c559b6,Secondary
Giga,MG Cẩm Châu,MG Cẩm Châu,108.34288787841797,15.882784843444824,,,,,221925e8-f941-3f45-b049-001d9cfc509a,Unknown
Giga,MG Oanh Vũ I,MG Oanh Vũ I,106.04117584228516,10.166051864624023,,,,,38dfb6bd-c458-33fa-a672-98d1565f9c9e,Unknown
Giga,Military Academy,Military Academy,108.46623229980469,11.956062316894531,,,,,5477e16f-020e-37d2-88fe-f888e0cfbeed,Unknown
Giga,Military School of Ho Chi Minh City,Military School of Ho Chi Minh City,106.676025390625,10.7778902053833,,,,,ed08a194-29a1-3a6f-a277-3a5826abb49b,Unknown
Giga,Mind X Technology School,Mind X Technology School,105.86895751953125,21.040800094604492,,,,,99a31ce2-661c-334f-8cd5-af84eb31d341,Unknown
Giga,Minh Dam High School,Minh Dam High School,107.21512603759766,10.414527893066406,,,,,2a6b3b94-77e8-38af-8f63-f1dbf1fbe018,Secondary
Giga,Minh Duc Secondary School,Minh Duc Secondary School,106.69573974609375,10.76634407043457,,,,,335a9318-1229-3310-916f-b22b0e2a35a7,Secondary
Giga,Minh Ha High School,Minh Ha High School,105.60901641845703,21.05164909362793,,,,,b1804141-010f-3dd6-b8c6-e5d1963ea640,Secondary
Giga,Minh Khai High School,Minh Khai High School,105.59796905517578,20.95284652709961,,,,,9baffe42-6e5c-3b4f-a6fa-6f950283083e,Secondary
Giga,Minh Lap Secondary School,Minh Lap Secondary School,105.81532287597656,21.688438415527344,,,,,1acad656-6319-3728-a217-e3d1fcf68d49,Secondary
Giga,Minh Phu High School,Minh Phu High School,105.79566955566406,21.278133392333984,,,,,f734be1c-4ae9-3a14-9bb9-4e0fdf2f3c50,Secondary
Giga,Montessori International School,Montessori International School,106.73531341552734,10.80431079864502,,,,,e2dd7ca8-d5c2-3f4b-94bf-963567da1226,Unknown
Giga,mr Les School,mr Les School,107.08993530273438,10.36265754699707,,,,,745043af-301d-3449-9b05-de81b9c51079,Unknown
Giga,Muong Nhe High School,Muong Nhe High School,102.45442962646484,22.19335174560547,,,,,85d3dcdc-3de3-37ab-b329-206100464dc6,Secondary
Giga,Muong Nhe Secondary School,Muong Nhe Secondary School,102.45323181152344,22.194232940673828,,,,,d99f4204-e24f-3299-b8cd-08aa30de4e95,Secondary
Giga,Muong So High School,Muong So High School,103.35771942138672,22.528589248657227,,,,,dba27ae9-a933-3d96-8cea-5058a65d2e91,Secondary
Giga,Muong So Secondary School,Muong So Secondary School,103.35637664794922,22.531185150146484,,,,,f171697d-6b5e-3144-9905-3d319992a0fa,Secondary
Giga,My Dinh High School,My Dinh High School,105.77448272705078,21.024263381958008,,,,,8890f13d-44c9-3a48-ace9-7bed0d864391,Secondary
Giga,My Duc A High School,My Duc A High School,105.74797058105469,20.680572509765625,,,,,f96dc179-7485-3df6-8242-a3cf69c759f5,Secondary
Giga,My Duc B High School,My Duc B High School,105.70384216308594,20.75425148010254,,,,,b82804f1-0a98-3f3e-9cc6-a1c14416660b,Secondary
Giga,My Duc C High School,My Duc C High School,105.7794418334961,20.631275177001953,,,,,c5bbe744-51b2-387c-930d-4cca104229d9,Secondary
Giga,My Thanh Secondary School,My Thanh Secondary School,105.7037124633789,20.78220558166504,,,,,876303a2-fd6a-358a-aadc-8e7954142880,Secondary
Giga,My Xuyen School of Ethnic Groups,My Xuyen School of Ethnic Groups,105.99734497070312,9.555448532104492,,,,,6b387e54-16a9-31a8-99af-8a7c00e90c4d,Unknown
Giga,Na Chi Secondary & High School,Na Chi Secondary & High School,104.5074462890625,22.514039993286133,,,,,bf4d8404-f71e-3739-964e-0a9c15c30a5d,Secondary
Giga,Name unknown,Name unknown,106.05023956298828,20.80162239074707,,,,,d860fe3f-d401-31e3-bd42-b06693391171,Unknown
Giga,Name unknown,Name unknown,106.0027084350586,21.438745498657227,,,,,f3ac3500-54d2-3d3d-9a5a-d7f3ff25e4f8,Unknown
Giga,Name unknown,Name unknown,107.88005828857422,16.261005401611328,,,,,f1385a16-103c-3943-b823-3fa1f4b4417b,Unknown
Giga,Name unknown,Name unknown,105.88014221191406,21.362998962402344,,,,,121b52bb-50f3-32d9-b391-214c9d26913e,Unknown
Giga,Name unknown,Name unknown,105.8146743774414,21.607954025268555,,,,,f39def8e-cca9-3039-8b5d-b703dda70508,Unknown
Giga,Name unknown,Name unknown,106.50377655029297,21.5703125,,,,,63b156cb-2bf3-333d-93c1-583185154b55,Unknown
Giga,Name unknown,Name unknown,105.76317596435547,10.294256210327148,,,,,f3c1afcf-7b3e-3a92-b36e-59580069c652,Unknown
Giga,Name unknown,Name unknown,105.78851318359375,21.627012252807617,,,,,0e678657-8356-38c7-a70f-a97edd385af2,Unknown
Giga,Name unknown,Name unknown,105.86702728271484,21.33753204345703,,,,,b5ab3f69-0be8-3a2d-906f-2cc9e7d6b547,Unknown
Giga,Name unknown,Name unknown,105.92201232910156,21.4635066986084,,,,,eb484318-6107-3aab-b4a8-f5d6646f2876,Unknown
Giga,Name unknown,Name unknown,106.91254425048828,21.769020080566406,,,,,b66ff4ac-d0c5-3cd7-82bc-f787ecaded89,Unknown
Giga,Name unknown,Name unknown,106.77433013916016,10.779877662658691,,,,,05f10f6d-fca8-372b-9720-6bbf99defec1,Unknown
Giga,Name unknown,Name unknown,105.73202514648438,9.77843189239502,,,,,f010c73e-59f2-33fd-ab39-f57e7cecff2a,Unknown
Giga,Name unknown,Name unknown,105.77312469482422,10.025003433227539,,,,,63fc63ca-e6d2-3fdb-8be3-c65f5b0d02f1,Unknown
Giga,Name unknown,Name unknown,105.75707244873047,21.554948806762695,,,,,0d051a22-3d85-3730-aa3c-8a9f896628db,Unknown
Giga,Name unknown,Name unknown,105.91927337646484,21.57893943786621,,,,,e77b7b65-fdd7-3a49-8020-277e4fe025a9,Unknown
Giga,Name unknown,Name unknown,105.6349868774414,21.63016128540039,,,,,e757036f-beb8-330e-a2f9-91f46dcca5f1,Unknown
Giga,Name unknown,Name unknown,105.65691375732422,21.69796371459961,,,,,e74df15a-3153-3284-8bef-eb772ca93737,Unknown
Giga,Name unknown,Name unknown,105.90167999267578,21.346187591552734,,,,,b45d1a33-e4e3-36fe-a935-194e7cffbab3,Unknown
Giga,Name unknown,Name unknown,106.00491333007812,21.43073844909668,,,,,18c76b19-c3c3-3b07-8945-dd4898a8986c,Unknown
Giga,Name unknown,Name unknown,105.9122543334961,21.499303817749023,,,,,0cac17e2-026e-3492-b3e4-cfce7db65196,Unknown
Giga,Name unknown,Name unknown,106.250732421875,21.145143508911133,,,,,406f801e-7bd8-3544-b6fc-275391db7ccf,Unknown
Giga,Name unknown,Name unknown,103.6659927368164,22.32012367248535,,,,,e576e2d5-8a16-3fe6-b89e-466ef9ead38b,Unknown
Giga,Name unknown,Name unknown,105.82000732421875,21.629764556884766,,,,,6574ea20-910f-326e-a573-3d7bd97dff5a,Unknown
Giga,Name unknown,Name unknown,108.43363189697266,11.938279151916504,,,,,e04dbeb2-0002-3264-8b50-190e5eac245c,Unknown
Giga,Name unknown,Name unknown,105.93903350830078,21.473491668701172,,,,,4017cf3d-5a03-346e-9beb-7d4c3bfba0ef,Unknown
Giga,Name unknown,Name unknown,105.59577178955078,21.580917358398438,,,,,1b511208-82d9-3cec-b320-053c3c200c42,Unknown
Giga,Name unknown,Name unknown,105.91129302978516,21.49922752380371,,,,,09e1913a-a869-34a8-a0e0-00520bbea1bf,Unknown
Giga,Name unknown,Name unknown,105.85939025878906,21.39887809753418,,,,,098fd957-4118-39ed-9ddc-d469fd703baa,Unknown
Giga,Name unknown,Name unknown,105.6392593383789,21.62579345703125,,,,,f38340ec-789c-370f-a533-50af43d6ef5a,Unknown
Giga,Name unknown,Name unknown,105.85260009765625,21.514368057250977,,,,,684b9f7a-68dd-3408-b3cc-4f6928c0beec,Unknown
Giga,Name unknown,Name unknown,103.83472442626953,22.389774322509766,,,,,c1de796b-affc-3157-89b1-64e69557474c,Unknown
Giga,Name unknown,Name unknown,105.77916717529297,21.61893081665039,,,,,c40c6898-6cfc-385a-8b3a-732b28f9a610,Unknown
Giga,Name unknown,Name unknown,105.88618469238281,21.51139259338379,,,,,6e51b0ff-f2b3-378d-b80d-c22924580fa6,Unknown
Giga,Name unknown,Name unknown,108.3184814453125,15.88105583190918,,,,,65aadb84-29a1-3c42-a07f-ad6258acbdcf,Unknown
Giga,Name unknown,Name unknown,106.26998138427734,22.66332244873047,,,,,c6fad5bd-262a-3d9b-8826-8971e6a4d780,Unknown
Giga,Name unknown,Name unknown,105.78430938720703,21.590869903564453,,,,,def6d4aa-368b-343d-825b-494325dc023e,Unknown
Giga,Name unknown,Name unknown,106.0253677368164,21.503450393676758,,,,,c9b7e7ac-b8aa-3792-95ef-f5de9d136554,Unknown
Giga,Name unknown,Name unknown,106.9963150024414,20.982004165649414,,,,,25c766c2-1212-3aa4-8744-e2d92a513a38,Unknown
Giga,Name unknown,Name unknown,104.27264404296875,22.603750228881836,,,,,cd731ef1-74d4-34e4-87c8-03c24e9db1a3,Unknown
Giga,Name unknown,Name unknown,106.21441650390625,20.298828125,,,,,741b5d14-23f8-39d9-a65e-d3aa7950928c,Unknown
Giga,Name unknown,Name unknown,105.77787780761719,21.453773498535156,,,,,95058f78-ef29-306e-ad9b-81e8330bd624,Unknown
Giga,Name unknown,Name unknown,105.75526428222656,10.04255485534668,,,,,af6b068b-adad-3a52-b0b0-2be07ea2b591,Unknown
Giga,Name unknown,Name unknown,105.8336181640625,21.007116317749023,,,,,3b3fc580-6ff0-3c78-a593-c28411ac7519,Unknown
Giga,Name unknown,Name unknown,105.39456939697266,21.207448959350586,,,,,2ae7fdee-92f2-31af-b639-acb6f47b9193,Unknown
Giga,Name unknown,Name unknown,108.48500061035156,15.56887435913086,,,,,05fc8fe7-df80-35f5-a430-90aa4fa6f246,Unknown
Giga,Name unknown,Name unknown,105.83232879638672,21.39175796508789,,,,,2e3eaf33-20d9-3d53-a384-cd3b6e962ca5,Unknown
Giga,Name unknown,Name unknown,105.40757751464844,21.108848571777344,,,,,5c4e4630-7b9d-3d5c-a279-5fe5a113a229,Unknown
Giga,Name unknown,Name unknown,107.54781341552734,13.929617881774902,,,,,2ed7b283-603c-3713-8601-c45048c26536,Unknown
Giga,Name unknown,Name unknown,106.08121490478516,20.68080711364746,,,,,3019aec9-04cd-399c-957e-299b3de0e1d0,Unknown
Giga,Name unknown,Name unknown,108.21228790283203,13.204483032226562,,,,,cd438373-fce0-3abd-9d2b-9f4f27394023,Unknown
Giga,Name unknown,Name unknown,105.8279037475586,21.59096336364746,,,,,ac2f43c0-f6f3-3b26-b79a-e251d847867c,Unknown
Giga,Name unknown,Name unknown,103.84245300292969,22.39488983154297,,,,,30eb3bc3-10ee-3054-b72c-925f3dd6355c,Unknown
Giga,Name unknown,Name unknown,107.5059814453125,15.622152328491211,,,,,d2b62699-8fd3-31ac-a5d9-a06666841672,Unknown
Giga,Name unknown,Name unknown,106.61235046386719,20.776784896850586,,,,,c78076b3-04d8-3fd4-b391-65b8b0103670,Unknown
Giga,Name unknown,Name unknown,105.85015106201172,21.03921127319336,,,,,d3634cc5-8996-35a9-87f9-4ba2a1ff82e7,Unknown
Giga,Name unknown,Name unknown,107.2213134765625,11.143571853637695,,,,,d3295466-5d75-3281-ba0f-48e879ba49f6,Unknown
Giga,Name unknown,Name unknown,105.94458770751953,18.28525733947754,,,,,02a3235a-9193-361e-ba0e-80b207905247,Unknown
Giga,Name unknown,Name unknown,105.50936126708984,21.149648666381836,,,,,fcc1ff00-6aad-320c-b336-a440c7623488,Unknown
Giga,Name unknown,Name unknown,106.3579330444336,21.621362686157227,,,,,fcd821f3-9ab2-3d14-a20e-45d4bac937f2,Unknown
Giga,Name unknown,Name unknown,105.80455017089844,21.394672393798828,,,,,77589ec5-4232-3a93-89ed-f3562031fb40,Unknown
Giga,Name unknown,Name unknown,105.78369140625,21.388195037841797,,,,,e7d9cb12-df6a-3b75-843f-e16b81a7f07b,Unknown
Giga,Name unknown,Name unknown,105.92748260498047,21.39954376220703,,,,,35819e43-42b8-38b9-9f27-4ef77b3efdfd,Unknown
Giga,Name unknown,Name unknown,105.87998962402344,21.442184448242188,,,,,3590ff61-ed38-334b-9f77-b21909ed6380,Unknown
Giga,Name unknown,Name unknown,105.5794448852539,21.66971778869629,,,,,f3080ba0-2f38-3471-bfb3-991a7e1f4e81,Unknown
Giga,Name unknown,Name unknown,106.43028259277344,21.13344383239746,,,,,37bd00f0-a303-347f-87f3-436dfc614812,Unknown
Giga,Name unknown,Name unknown,105.91216278076172,21.4119930267334,,,,,74506cd1-0696-3d35-af48-fa92b679927b,Unknown
Giga,Name unknown,Name unknown,105.72442626953125,21.63507080078125,,,,,bfe035c5-9a75-3d48-917b-5e70bb3a566c,Unknown
Giga,Name unknown,Name unknown,105.92298126220703,21.559417724609375,,,,,f323a5b3-b451-39c0-ba1d-87d14f920c31,Unknown
Giga,Name unknown,Name unknown,105.89334106445312,21.353946685791016,,,,,e227933d-9cd7-3256-831f-14e8abe06b41,Unknown
Giga,Name unknown,Name unknown,103.95962524414062,22.490816116333008,,,,,a60f5e10-487c-3912-9722-90bc101c3e5b,Unknown
Giga,Name unknown,Name unknown,106.51557922363281,10.558990478515625,,,,,3bbff687-5633-3d8d-a742-92dff696255e,Unknown
Giga,Name unknown,Name unknown,103.87356567382812,21.89061737060547,,,,,3d1bd22b-561b-3ff0-8794-25f680693597,Unknown
Giga,Name unknown,Name unknown,106.41106414794922,22.68234634399414,,,,,bd05a08e-4a51-3f83-b14a-f38bc2932e85,Unknown
Giga,Name unknown,Name unknown,105.8487777709961,21.412424087524414,,,,,e3b0536c-bfd3-356c-b8f6-f2f01e2318a7,Unknown
Giga,Name unknown,Name unknown,106.70874786376953,10.7222318649292,,,,,3b9e8eec-0d7b-3827-96ca-16ffe8133236,Unknown
Giga,Name unknown,Name unknown,105.87926483154297,21.441747665405273,,,,,7485d399-f1a5-3e43-9558-1f0370ca8666,Unknown
Giga,Name unknown,Name unknown,105.93717193603516,21.420122146606445,,,,,e390acad-45b8-3662-9b76-82d9cd5b1d45,Unknown
Giga,Name unknown,Name unknown,105.80926513671875,21.441530227661133,,,,,baf97347-2aa6-3d9d-b3d9-b98abea93003,Unknown
Giga,Name unknown,Name unknown,105.96758270263672,21.53292465209961,,,,,003a1a63-c6f1-3a37-99f1-c26b1815d3d6,Unknown
Giga,Name unknown,Name unknown,106.71713256835938,10.790153503417969,,,,,eed12cc5-b1b6-3da9-ae88-a23279f6abab,Unknown
Giga,Name unknown,Name unknown,106.00425720214844,21.50970458984375,,,,,9046140b-4dea-34bd-be07-5dc1f602deb0,Unknown
Giga,Name unknown,Name unknown,105.79396057128906,21.395309448242188,,,,,b8ed8a0e-6262-341b-970c-c4809de063a8,Unknown
Giga,Name unknown,Name unknown,105.51374816894531,21.690465927124023,,,,,b8ab0415-9d30-3bca-9d92-5a903c4ddd61,Unknown
Giga,Name unknown,Name unknown,105.620849609375,21.619064331054688,,,,,f9ead49b-c85b-3db7-b36a-02d7e8285260,Unknown
Giga,Name unknown,Name unknown,105.91322326660156,20.159456253051758,,,,,ca5d257a-b3d6-3a03-a429-4455b4e4a4c4,Unknown
Giga,Name unknown,Name unknown,105.88224792480469,10.744998931884766,,,,,b29b7795-0b6e-3b00-8c79-321ad046f37e,Unknown
Giga,Name unknown,Name unknown,105.64378356933594,21.03022003173828,,,,,e5e7d209-d315-389a-92e8-c1e99bfbb097,Unknown
Giga,Name unknown,Name unknown,107.44132995605469,10.659398078918457,,,,,aeeac1b7-c85a-309d-aee1-e7d5dbde5de2,Unknown
Giga,Name unknown,Name unknown,105.9328842163086,21.388702392578125,,,,,f95ab44a-6f98-3e10-8e11-612bc9357383,Unknown
Giga,Name unknown,Name unknown,106.0029525756836,21.43973159790039,,,,,f954cda9-963e-32a3-95c7-545ca247d628,Unknown
Giga,Name unknown,Name unknown,103.91415405273438,21.32126808166504,,,,,62d6dedd-27a5-3bc1-8e63-02996b2103d2,Unknown
Giga,Name unknown,Name unknown,106.0302734375,21.451519012451172,,,,,ae802809-7ec2-3853-883d-6f96c71e2ee6,Unknown
Giga,Name unknown,Name unknown,105.75615692138672,10.04214859008789,,,,,0abb21c9-ec3c-34ac-a5dc-4da922f862b1,Unknown
Giga,Name unknown,Name unknown,105.95729064941406,21.5323429107666,,,,,5f8ee802-e889-3f97-a0c3-9ed2246c2e4d,Unknown
Giga,Name unknown,Name unknown,105.75041198730469,21.619667053222656,,,,,3b2ddb6d-5fb5-3442-9275-1115e323b857,Unknown
Giga,Name unknown,Name unknown,105.70989990234375,21.053569793701172,,,,,ad3c17ba-350e-3c1a-812a-379db9ca4d92,Unknown
Giga,Name unknown,Name unknown,106.76085662841797,21.860702514648438,,,,,13a5e4d3-5381-33c0-ab2f-747ae93e5b0d,Unknown
Giga,Name unknown,Name unknown,105.88349914550781,21.39056968688965,,,,,20a5ecb4-7726-31e0-9aa4-3cedbfaecd11,Unknown
Giga,Name unknown,Name unknown,105.8079605102539,21.565217971801758,,,,,13f98a6d-d1bf-3ecd-b950-bb99c3888700,Unknown
Giga,Name unknown,Name unknown,105.59209442138672,21.65506935119629,,,,,13fb54a3-e741-3b2a-8fb1-993c30f7dc06,Unknown
Giga,Name unknown,Name unknown,105.37284851074219,21.110706329345703,,,,,146d850a-b78e-31cb-b1e3-1df6411e58ef,Unknown
Giga,Name unknown,Name unknown,105.85272216796875,21.493335723876953,,,,,1475faac-faaa-3b27-9878-b24e65fe8e8b,Unknown
Giga,Name unknown,Name unknown,106.60530090332031,17.46856117248535,,,,,dbe9cff4-8809-3f10-90b6-aec1e323865f,Unknown
Giga,Name unknown,Name unknown,105.86735534667969,21.35210418701172,,,,,ab37f841-f9a8-36d6-8b5c-f8cfbc61ea66,Unknown
Giga,Name unknown,Name unknown,105.60208129882812,21.75568389892578,,,,,15cd0488-11d1-3d56-9da6-3c5686407055,Unknown
Giga,Name unknown,Name unknown,105.70389556884766,21.48887825012207,,,,,cd36fcd5-e69b-3a9e-b977-b9057f272a28,Unknown
Giga,Name unknown,Name unknown,105.9267578125,21.38517951965332,,,,,15f9de8d-a386-3128-9217-1e22f11a19e1,Unknown
Giga,Name unknown,Name unknown,106.00363159179688,21.423246383666992,,,,,1600df15-6fdf-3538-80c1-37f6ce077085,Unknown
Giga,Name unknown,Name unknown,109.14682006835938,12.273890495300293,,,,,426794a8-0eda-359f-9031-6150c9f1e8db,Unknown
Giga,Name unknown,Name unknown,106.75169372558594,21.858369827270508,,,,,eaf8e1bb-106c-3a60-ab97-a858de6c054d,Unknown
Giga,Name unknown,Name unknown,106.62203216552734,10.747698783874512,,,,,dd122f01-a19a-3292-95ca-691a9c078c1b,Unknown
Giga,Name unknown,Name unknown,105.79219055175781,21.393020629882812,,,,,9d152a02-1413-3423-a35e-b687fb456dfc,Unknown
Giga,Name unknown,Name unknown,103.88337707519531,22.065425872802734,,,,,e0c3a8c4-6c8c-32cf-af6c-022c066f7f3b,Unknown
Giga,Name unknown,Name unknown,105.83922576904297,21.54845428466797,,,,,9ce32635-1897-3353-b578-73ffe82f809d,Unknown
Giga,Name unknown,Name unknown,105.7080078125,21.34907341003418,,,,,0a05f868-d9af-37f3-b9fb-8b1618822993,Unknown
Giga,Name unknown,Name unknown,105.78882598876953,10.890868186950684,,,,,e193b1eb-2ca4-37dd-9814-d44a04f1f656,Unknown
Giga,Name unknown,Name unknown,106.03727722167969,20.886241912841797,,,,,1c8dd9a4-ed55-3464-af7d-f87443190e9a,Unknown
Giga,Name unknown,Name unknown,105.78945922851562,21.559608459472656,,,,,1c9ad921-6245-3ecc-b36e-4f393d1c81a7,Unknown
Giga,Name unknown,Name unknown,105.99320220947266,21.41830062866211,,,,,6fde65a6-d9a0-3657-8059-e0507898c8a1,Unknown
Giga,Name unknown,Name unknown,106.16741943359375,20.427108764648438,,,,,cc4f8b34-aed1-3400-b85b-31a1dcc24492,Unknown
Giga,Name unknown,Name unknown,105.6018295288086,21.684358596801758,,,,,0ec8975e-d23d-37ca-a355-612c1557c30a,Unknown
Giga,Name unknown,Name unknown,107.09290313720703,10.52110767364502,,,,,0ec9d8ca-addb-3c13-a109-7a19acd025a4,Unknown
Giga,Name unknown,Name unknown,106.32474517822266,20.84219741821289,,,,,e42dba38-e53b-39ae-9ecb-73bd29e226d0,Unknown
Giga,Name unknown,Name unknown,106.71721649169922,10.790245056152344,,,,,e491224b-2c5b-3f3a-ba6b-96c046dcfa3e,Unknown
Giga,Name unknown,Name unknown,105.680419921875,10.062495231628418,,,,,d191e183-27d0-3a40-b985-67be7a847202,Unknown
Giga,Name unknown,Name unknown,105.882568359375,21.45022964477539,,,,,8a77846e-b2a0-31db-b0ce-7fd450bbd3e4,Unknown
Giga,Name unknown,Name unknown,105.91438293457031,20.324987411499023,,,,,7261e01f-526a-3e1f-945b-07a1cfe80b4a,Unknown
Giga,Name unknown,Name unknown,104.37799835205078,21.470739364624023,,,,,268645fa-03e3-3b26-9e6e-5c9279b985fb,Unknown
Giga,Name unknown,Name unknown,105.87411499023438,21.376728057861328,,,,,b0b292bc-664a-3a0c-ae85-11ebe913d0d2,Unknown
Giga,Name unknown,Name unknown,106.65007019042969,10.91512393951416,,,,,9ad7c0c2-79ad-375c-8372-e97bed1af8a3,Unknown
Giga,Name unknown,Name unknown,105.25639343261719,22.146570205688477,,,,,290bc39d-fe83-3c21-99a1-c675deea73f5,Unknown
Giga,Name unknown,Name unknown,105.82595825195312,21.449758529663086,,,,,993f7e3b-ea69-3966-9312-63d93a2a614e,Unknown
Giga,Name unknown,Name unknown,105.81002807617188,21.44092559814453,,,,,293acb9e-ecf7-3fd5-8d9d-f3f033ea8130,Unknown
Giga,Name unknown,Name unknown,105.79203033447266,21.031465530395508,,,,,b049be6f-7762-3c33-884b-7aa91d22af3a,Unknown
Giga,Name unknown,Name unknown,106.91233825683594,21.757837295532227,,,,,2a17107d-a1ee-3e18-a0ef-a60289bb9700,Unknown
Giga,Name unknown,Name unknown,105.78577423095703,21.035619735717773,,,,,2a5506d9-fff0-357b-9cf8-aa5cfe6926d6,Unknown
Giga,Name unknown,Name unknown,105.89865112304688,21.525177001953125,,,,,71391ed2-f1fc-3ddb-8561-163477ae3ac3,Unknown
Giga,Name unknown,Name unknown,105.6479721069336,21.640335083007812,,,,,24d8de2d-de05-3046-a936-8e2f366fd6ea,Unknown
Giga,Name unknown,Name unknown,106.34915924072266,10.89588451385498,,,,,e8e0ae6a-0f1c-30ca-9160-9cb9704dac6f,Unknown
Giga,Name unknown,Name unknown,105.92936706542969,21.472707748413086,,,,,990594ee-8d5a-3175-b1e1-b8b53aa940fa,Unknown
Giga,Name unknown,Name unknown,103.9156723022461,22.038280487060547,,,,,b011aac9-68de-33e6-bc5d-baed4d314010,Unknown
Giga,Name unknown,Name unknown,105.92118072509766,21.519760131835938,,,,,e8fc9d7a-f735-3966-8295-cbdc7084c89c,Unknown
Giga,Name unknown,Name unknown,105.97801971435547,21.44489288330078,,,,,2d376ce3-7d8f-3beb-8004-659881af3cbc,Unknown
Giga,Name unknown,Name unknown,106.754638671875,21.845190048217773,,,,,247e117d-806b-3d51-8d28-68a7625457a6,Unknown
Giga,Name unknown,Name unknown,109.04037475585938,14.445425033569336,,,,,1dd6006a-f348-33ab-9926-04fffe90f216,Unknown
Giga,Name unknown,Name unknown,106.17227935791016,20.424152374267578,,,,,a8ed3f17-6215-380a-b83b-801e6889c040,Unknown
Giga,Name unknown,Name unknown,106.55692291259766,21.018535614013672,,,,,ee62d569-753e-3e23-9a2b-bc3169996295,Unknown
Giga,Name unknown,Name unknown,105.77957916259766,21.399959564208984,,,,,9112b9b2-091e-323d-a54f-45e6df69eeaa,Unknown
Giga,Name unknown,Name unknown,105.43989562988281,10.16411304473877,,,,,6f1672d8-434a-3fc4-875c-c6a6b740a000,Unknown
Giga,Name unknown,Name unknown,105.86458587646484,21.39704132080078,,,,,33e0143d-17a4-3f96-af61-c6df67e54976,Unknown
Giga,Name unknown,Name unknown,103.88243103027344,22.390195846557617,,,,,6f3f57f3-c250-3dfc-ad0b-5e44e0acc7a0,Unknown
Giga,Name unknown,Name unknown,106.7038345336914,10.344789505004883,,,,,34524434-5473-3991-ab71-0d4ab7063de7,Unknown
Giga,Name unknown,Name unknown,105.85205841064453,21.483930587768555,,,,,6c2ab3f3-dbe4-3a09-812e-24c57b795bce,Unknown
Giga,Name unknown,Name unknown,105.6030044555664,21.717458724975586,,,,,34b72a81-bcda-3bb9-90cc-56fbd6b27d59,Unknown
Giga,Name unknown,Name unknown,106.26883697509766,22.662118911743164,,,,,f29d22c2-b1db-367f-b529-32602d612e2d,Unknown
Giga,Name unknown,Name unknown,105.92217254638672,21.388647079467773,,,,,34fe5748-6128-31d9-9d7b-12cf5b912bf7,Unknown
Giga,Name unknown,Name unknown,105.94699096679688,21.41690444946289,,,,,80916ae0-bc68-3ba7-bcd4-ead569be38fb,Unknown
Giga,Name unknown,Name unknown,105.90764617919922,21.50568389892578,,,,,894edc29-92f2-3b3e-b693-2e475dd3dfb8,Unknown
Giga,Name unknown,Name unknown,105.56288146972656,21.621109008789062,,,,,89419b9b-bce0-36f8-a6e7-14cd27a984da,Unknown
Giga,Name unknown,Name unknown,105.81649017333984,21.474218368530273,,,,,db45ee49-99dd-38bf-a2dd-bb92114b5f8a,Unknown
Giga,Name unknown,Name unknown,105.84430694580078,21.414348602294922,,,,,1fab4447-a0f0-39ee-b7e6-fb3dfdd9d0df,Unknown
Giga,Name unknown,Name unknown,105.94632720947266,21.53437614440918,,,,,88c875d0-020b-3376-8973-dcf23beca934,Unknown
Giga,Name unknown,Name unknown,105.93721771240234,21.466808319091797,,,,,33e40aad-8507-3640-ae48-f9c56137a2cd,Unknown
Giga,Name unknown,Name unknown,108.1961669921875,16.07010841369629,,,,,3bc93755-9dda-39a3-9f0a-a7998f1c1217,Unknown
Giga,Name unknown,Name unknown,106.2282485961914,10.030491828918457,,,,,3bde8663-e777-3da0-8b30-66aec87d284c,Unknown
Giga,Name unknown,Name unknown,105.77299499511719,21.455644607543945,,,,,bd810294-a978-300b-b14e-677362da3a51,Unknown
Giga,Name unknown,Name unknown,108.19622802734375,15.994930267333984,,,,,fe24574b-b152-306e-8a98-f0b1763995d4,Unknown
Giga,Name unknown,Name unknown,105.85623168945312,21.529199600219727,,,,,c61f5b99-80cd-3eb6-844a-b75f79ad5d8d,Unknown
Giga,Name unknown,Name unknown,106.91153717041016,21.76740074157715,,,,,ae8e926c-f851-3cc4-bac5-fe5de3c17b57,Unknown
Giga,Name unknown,Name unknown,108.48503875732422,15.568812370300293,,,,,e4be9bcf-e411-3754-9d8d-82c90dc48321,Unknown
Giga,Name unknown,Name unknown,105.88301849365234,21.391271591186523,,,,,3e3793de-9b26-31b2-92cf-b55296b45c37,Unknown
Giga,Name unknown,Name unknown,106.24945068359375,21.12828254699707,,,,,5e050bd1-2a53-3c4b-8608-1812d8d49cdd,Unknown
Giga,Name unknown,Name unknown,105.87152099609375,21.609359741210938,,,,,7d6351cf-5d75-3745-b871-ab27a186c734,Unknown
Giga,Name unknown,Name unknown,105.92092895507812,21.428346633911133,,,,,07a00a52-cdd9-3ac0-b39b-b878272d32e8,Unknown
Giga,Name unknown,Name unknown,105.84809112548828,21.60746192932129,,,,,407b6376-2604-313f-a236-f1672ee18c2b,Unknown
Giga,Name unknown,Name unknown,106.69495391845703,21.943647384643555,,,,,93396486-8817-30c1-bc25-6e5b04803a34,Unknown
Giga,Name unknown,Name unknown,105.6931381225586,21.641660690307617,,,,,42b96670-fce1-38d8-bdae-939f7e4db1f4,Unknown
Giga,Name unknown,Name unknown,106.03765106201172,20.883556365966797,,,,,930ae3b5-9c7e-322c-9342-3350136ce68b,Unknown
Giga,Name unknown,Name unknown,105.76528930664062,21.460203170776367,,,,,a1d0231c-5953-3c2f-a76b-1e30d9a6d783,Unknown
Giga,Name unknown,Name unknown,105.58348846435547,21.672954559326172,,,,,472eafbe-fefe-3e10-97fb-e51744877bbe,Unknown
Giga,Name unknown,Name unknown,105.77261352539062,21.196500778198242,,,,,a1c49cb2-83c1-3645-85f6-bfd787340e96,Unknown
Giga,Name unknown,Name unknown,105.63247680664062,21.631046295166016,,,,,e3ddf8ff-1f36-3f63-aefb-cbc92f237cd0,Unknown
Giga,Name unknown,Name unknown,105.91145324707031,20.158838272094727,,,,,bee4f9d3-cc3a-3e39-9083-b12035c830df,Unknown
Giga,Name unknown,Name unknown,106.339599609375,9.934046745300293,,,,,48c00f34-18bf-3c98-8da1-f1a47d4c0797,Unknown
Giga,Name unknown,Name unknown,105.88372802734375,21.410245895385742,,,,,48f7a1c2-836f-3047-9ad5-6dd2f8ec1dd0,Unknown
Giga,Name unknown,Name unknown,105.8796157836914,21.361114501953125,,,,,09116b78-b38f-399d-b261-489c89b23747,Unknown
Giga,Name unknown,Name unknown,105.92427062988281,21.38513946533203,,,,,3a6c2df9-0193-36a9-9d8c-b5f5f46cf93d,Unknown
Giga,Name unknown,Name unknown,106.38809967041016,11.025697708129883,,,,,e3c1e8bc-98a2-3759-b61a-ba41c170bc2d,Unknown
Giga,Name unknown,Name unknown,105.51156616210938,21.685800552368164,,,,,73d04e88-0464-31b9-95d4-7d2c3bfb3b22,Unknown
Giga,Name unknown,Name unknown,106.03463745117188,20.877803802490234,,,,,c7246ea7-609a-36ad-ab2f-24b3e749c5bd,Unknown
Giga,Name unknown,Name unknown,105.97401428222656,20.229469299316406,,,,,e3b31c22-a036-39bf-a7d4-a103617c559e,Unknown
Giga,Name unknown,Name unknown,105.94764709472656,21.4908390045166,,,,,4cdfb020-418e-3cbb-8da2-5556b6ccdfcd,Unknown
Giga,Name unknown,Name unknown,103.92884826660156,10.312636375427246,,,,,c75f3682-8e74-3e41-9e2e-05dffd94cec3,Unknown
Giga,Name unknown,Name unknown,105.87335205078125,21.36385726928711,,,,,2b3ee8b1-6855-38d6-80e4-e7d0350f1412,Unknown
Giga,Name unknown,Name unknown,106.31585693359375,17.61416244506836,,,,,0a7c6db3-b48e-3639-b50d-e0cae794d23b,Unknown
Giga,Name unknown,Name unknown,105.83184051513672,21.48040771484375,,,,,4ec8a23d-b24c-3738-9e66-e0a9a1af87b2,Unknown
Giga,Name unknown,Name unknown,106.16694641113281,20.42678451538086,,,,,4ed653f5-c43b-3076-9cfb-f1ceda931957,Unknown
Giga,Name unknown,Name unknown,107.44047546386719,11.42383861541748,,,,,c5132350-b284-3eca-b7f6-7c13288fa804,Unknown
Giga,Name unknown,Name unknown,106.6497802734375,11.103645324707031,,,,,1fd49409-3dc8-36af-8fa3-d41e527cbcc2,Unknown
Giga,Name unknown,Name unknown,103.82898712158203,22.39727210998535,,,,,3a1de082-b988-3f1d-8ce8-3dcc28c3a981,Unknown
Giga,Name unknown,Name unknown,106.66444396972656,10.81043529510498,,,,,8f44486e-2e57-3315-b3f6-c2724e828df1,Unknown
Giga,Name unknown,Name unknown,106.20178985595703,21.288354873657227,,,,,518ddba1-657c-3cc4-80e8-87323f03a8af,Unknown
Giga,Name unknown,Name unknown,108.45919799804688,14.40776538848877,,,,,5195834d-5566-3de8-a2e1-6acebb3028c1,Unknown
Giga,Name unknown,Name unknown,105.89586639404297,21.414461135864258,,,,,53eff761-bf3e-3511-ac8c-bb3e252ce5b0,Unknown
Giga,Name unknown,Name unknown,105.56598663330078,21.70822525024414,,,,,7632dd35-50ac-3dad-b4f9-da9403448d4f,Unknown
Giga,Name unknown,Name unknown,105.73933410644531,21.479291915893555,,,,,5407cb62-8825-3582-ab83-ef8cc694aaaf,Unknown
Giga,Name unknown,Name unknown,105.92782592773438,21.425094604492188,,,,,854f7292-6f2c-3ce3-a12c-7394304dca00,Unknown
Giga,Name unknown,Name unknown,106.74472045898438,21.884225845336914,,,,,61a1936e-80a9-3e8c-ab07-21a35aee2261,Unknown
Giga,Name unknown,Name unknown,105.9288330078125,21.473154067993164,,,,,619c4474-8757-34e2-9477-60046e75968e,Unknown
Giga,Name unknown,Name unknown,107.49068450927734,15.88058853149414,,,,,616bbd73-d9c2-3119-a23c-b9a257b16526,Unknown
Giga,Name unknown,Name unknown,105.94194030761719,21.529911041259766,,,,,56e072b7-4046-3d3f-8560-e3d1dd4045ca,Unknown
Giga,Name unknown,Name unknown,105.59552001953125,21.582611083984375,,,,,8e3fe64d-130e-3172-8c27-34db0d190c0c,Unknown
Giga,Name unknown,Name unknown,105.07788848876953,20.641521453857422,,,,,0173d7e0-60ac-3939-9b2b-041ed5233463,Unknown
Giga,Name unknown,Name unknown,105.94855499267578,21.413381576538086,,,,,d48287b2-081d-3898-837b-32f1e7aa0dfa,Unknown
Giga,Name unknown,Name unknown,106.68848419189453,11.02780818939209,,,,,5eeebb3a-1c77-3d7e-914a-0549011308b3,Unknown
Giga,Name unknown,Name unknown,105.94090270996094,21.429630279541016,,,,,5ee7c2c8-7d1f-344c-987b-6b185e5e6e19,Unknown
Giga,Name unknown,Name unknown,109.35095977783203,12.967912673950195,,,,,85c5d4ed-9653-3fa1-8a03-6469ffd66c7f,Unknown
Giga,Name unknown,Name unknown,106.75264739990234,21.86448097229004,,,,,59332a0b-3de0-3c69-97a9-bf50794a5638,Unknown
Giga,Name unknown,Name unknown,108.32576751708984,15.878777503967285,,,,,ca85c470-705c-3c1c-89ae-b171a23b099b,Unknown
Giga,Name unknown,Name unknown,106.77894592285156,21.840986251831055,,,,,5966a668-631d-3be2-8272-05209fe1b9a4,Unknown
Giga,Name unknown,Name unknown,109.40361785888672,12.671030044555664,,,,,d875715c-02d6-31b1-8245-b2a2891f2261,Unknown
Giga,Name unknown,Name unknown,105.64677429199219,21.55193519592285,,,,,e1193981-fc23-3801-a48b-58a0f0391e41,Unknown
Giga,Name unknown,Name unknown,105.97598266601562,21.513729095458984,,,,,e10e6225-dfa7-3105-b094-dda0a0bbf6ee,Unknown
Giga,Name unknown,Name unknown,108.9288558959961,10.529557228088379,,,,,77ef3aa5-77d8-3f9f-8ed8-4474c1b476d0,Unknown
Giga,Name unknown,Name unknown,105.62074279785156,21.752111434936523,,,,,e10d739d-d3d3-35b1-800f-a81610a650d0,Unknown
Giga,Name unknown,Name unknown,105.88465118408203,21.389995574951172,,,,,60a441c3-adfb-3300-9339-1a029535808b,Unknown
Giga,Name unknown,Name unknown,105.83452606201172,21.470563888549805,,,,,554dd48f-853a-3b31-831e-ca94f1acb44c,Unknown
Giga,Name unknown,Name unknown,105.89881134033203,21.358598709106445,,,,,ffafb9da-96b7-38fa-9505-801b152d9a06,Unknown
Giga,Name unknown,Name unknown,108.0654067993164,12.696724891662598,,,,,5ef2efae-68b4-3eaa-9691-d71c341260e0,Unknown
Giga,Name unknown,Name unknown,107.46685028076172,16.654550552368164,,,,,e0fd4440-9ce2-3f84-bd6e-3196fe048b1e,Unknown
Giga,Name unknown,Name unknown,106.98883056640625,10.798870086669922,,,,,559502e0-050f-3ddb-8a9a-eed7e4d32a41,Unknown
Giga,Name unknown,Name unknown,106.60272216796875,10.75333309173584,,,,,6047efc2-93c6-3ca2-b8b2-885d03200794,Unknown
Giga,Name unknown,Name unknown,103.87830352783203,22.30640983581543,,,,,e0d5d81d-08be-3e91-a9bf-8c63ea58cce4,Unknown
Giga,Name unknown,Name unknown,106.20437622070312,10.037985801696777,,,,,549f4900-6c04-366c-87b1-220b6ae3d816,Unknown
Giga,Name unknown,Name unknown,106.0274658203125,21.450021743774414,,,,,60834e62-1457-32fb-a356-04561fca4267,Unknown
Giga,Name unknown,Name unknown,108.1982192993164,15.336909294128418,,,,,000fb37e-ae7c-35b2-b690-08818589ad29,Unknown
Giga,Name unknown,Name unknown,105.62024688720703,21.73787498474121,,,,,5d15085c-f751-34bb-b262-b858353cab4d,Unknown
Giga,Name unknown,Name unknown,105.7337875366211,21.52305030822754,,,,,001ad380-342b-31ae-864d-0081a8696ccd,Unknown
Giga,Name unknown,Name unknown,105.88103485107422,21.44100570678711,,,,,542abc22-3f85-39ce-b88e-cd9023dfedb5,Unknown
Giga,Name unknown,Name unknown,105.69264221191406,21.644060134887695,,,,,4c517232-e801-37aa-9c63-63619f8a8879,Unknown
Giga,Name unknown,Name unknown,105.92451477050781,21.55622673034668,,,,,5cf23424-a12b-3fe2-b000-eea5c62ebe9f,Unknown
Giga,Name unknown,Name unknown,106.76561737060547,21.874197006225586,,,,,00535f08-73d1-3efa-be06-2bc378d7c808,Unknown
Giga,Name unknown,Name unknown,105.86910247802734,21.545013427734375,,,,,51e8dbcb-3f0a-3547-8b1e-b07e3cf8ded8,Unknown
Giga,Name unknown,Name unknown,105.60454559326172,21.658815383911133,,,,,2070b9f7-2539-36fa-9259-c4dfe132d32a,Unknown
Giga,Name unknown,Name unknown,105.60018920898438,21.714366912841797,,,,,67d83489-1af5-36f8-986d-73336b7c5388,Unknown
Giga,Name unknown,Name unknown,105.9275131225586,21.45931053161621,,,,,5e68b525-fe79-30a4-82c2-5b093b85ccee,Unknown
Giga,Name unknown,Name unknown,108.30062866210938,15.878105163574219,,,,,df752d8b-c99a-35c2-97ea-3b74811c3314,Unknown
Giga,Name unknown,Name unknown,107.59747314453125,16.478073120117188,,,,,55d3b3f3-ca79-393c-83f5-035dd901f869,Unknown
Giga,Name unknown,Name unknown,105.87837982177734,20.347522735595703,,,,,6909250a-e906-3201-88bd-81d93aff02b3,Unknown
Giga,Name unknown,Name unknown,106.76113891601562,10.560587882995605,,,,,bd00a295-bf9c-3592-974b-c07417c535ed,Unknown
Giga,Name unknown,Name unknown,105.88099670410156,21.359989166259766,,,,,6f56abf4-5869-3619-9b63-2e2886f4e107,Unknown
Giga,Name unknown,Name unknown,106.25013732910156,21.130233764648438,,,,,6b907c64-1c34-3132-b64d-d6304e5552ef,Unknown
Giga,Name unknown,Name unknown,105.91374969482422,21.49466896057129,,,,,17be2dcb-7601-3c06-95aa-4cd0fc38ec62,Unknown
Giga,Name unknown,Name unknown,105.55126190185547,21.671594619750977,,,,,6b00d932-7ebc-3fd5-b9fd-13fb64649d48,Unknown
Giga,Name unknown,Name unknown,105.71083068847656,21.053224563598633,,,,,6b20a96d-6d7f-3ac6-adf1-43166adf5d6c,Unknown
Giga,Name unknown,Name unknown,105.96893310546875,21.546661376953125,,,,,6b49c7f5-39c0-34f6-9d92-ea92bd8e1efc,Unknown
Giga,Name unknown,Name unknown,106.47850799560547,10.348424911499023,,,,,4a720dd3-957d-39f8-bcb8-446b0199faf7,Unknown
Giga,Name unknown,Name unknown,105.90847778320312,21.568599700927734,,,,,fe582ecf-4502-38d7-bb36-f685fed81347,Unknown
Giga,Name unknown,Name unknown,105.85347747802734,21.529260635375977,,,,,6f24ca4d-8749-3ef5-ba09-8ffa4000ff94,Unknown
Giga,Name unknown,Name unknown,106.6738510131836,10.746088027954102,,,,,df33799b-996d-354b-9589-a2c003a0f9b0,Unknown
Giga,Name unknown,Name unknown,105.66744995117188,21.527915954589844,,,,,7fc3bd2c-1046-3986-82db-4700913fe906,Unknown
Giga,Name unknown,Name unknown,105.62434387207031,21.64171600341797,,,,,6badb5d7-a403-3b1f-b5ef-ef7465d41718,Unknown
Giga,Name unknown,Name unknown,106.76575469970703,21.855175018310547,,,,,022f913b-2012-3af1-9203-e4e23834c16a,Unknown
Giga,Name unknown,Name unknown,103.00848388671875,21.379661560058594,,,,,450ff49b-972d-3797-9a35-ef8672c36068,Unknown
Giga,Name unknown,Name unknown,105.87531280517578,21.53292465209961,,,,,a6a681af-44a2-3879-afaa-2773c8592209,Unknown
Giga,Name unknown,Name unknown,105.90646362304688,21.46538734436035,,,,,6cb7811f-c04d-3a02-9a6c-0009f32bdb3c,Unknown
Giga,Name unknown,Name unknown,105.97341918945312,21.5084228515625,,,,,05b1f6b5-254a-3cac-b342-31a59e042fe3,Unknown
Giga,Name unknown,Name unknown,105.578857421875,21.664384841918945,,,,,fea1beaf-2aff-3d0d-8cb9-b17678e975a6,Unknown
Giga,Name unknown,Name unknown,102.4585189819336,22.698970794677734,,,,,31786d7f-4f6d-34a6-8ec3-7d4668ed70ec,Unknown
Giga,Name unknown,Name unknown,105.90027618408203,20.339733123779297,,,,,e9b03aab-7d5c-3cd5-99a8-21f34d5b0100,Unknown
Giga,Name unknown,Name unknown,105.83101654052734,21.393924713134766,,,,,34e17587-f2b0-3c9a-8697-1b51d831ef62,Unknown
Giga,Name unknown,Name unknown,105.94580841064453,21.42862892150879,,,,,701e9999-b5d7-34d5-91eb-a3f25fad7065,Unknown
Giga,Name unknown,Name unknown,106.29962158203125,21.401548385620117,,,,,b391eb61-69a1-3629-b601-bced57aac289,Unknown
Giga,Name unknown,Name unknown,106.1747817993164,21.06235694885254,,,,,71fc59f4-1b41-3524-8889-f9c41886b850,Unknown
Giga,Name unknown,Name unknown,105.60263061523438,21.656307220458984,,,,,8035e152-d6b1-3643-a1d7-34c7681e808e,Unknown
Giga,Name unknown,Name unknown,106.66755676269531,10.746610641479492,,,,,2c555d47-0054-3bcc-8f33-aeea3c2aa939,Unknown
Giga,Name unknown,Name unknown,105.83258056640625,21.47087860107422,,,,,3b3de4d3-00fa-3ce3-9253-14fda0ae4cac,Unknown
Giga,Name unknown,Name unknown,106.06483459472656,18.221891403198242,,,,,5a19706f-588b-3c3a-9f59-2eeb812da9be,Unknown
Giga,Name unknown,Name unknown,107.18184661865234,11.035568237304688,,,,,7473547a-caf2-36a2-943b-e3a9095d7be7,Unknown
Giga,Name unknown,Name unknown,103.87044525146484,22.30743980407715,,,,,36046b80-c57a-3eb1-a496-364a256fdeaa,Unknown
Giga,Name unknown,Name unknown,108.90862274169922,13.925616264343262,,,,,360535e0-4c95-3665-986e-da13958e98cc,Unknown
Giga,Name unknown,Name unknown,105.95832061767578,21.530597686767578,,,,,786d15ad-d862-3470-bc8a-b2c32ee2f2b6,Unknown
Giga,Name unknown,Name unknown,105.39179992675781,20.2332706451416,,,,,c05f39eb-ce1c-333f-8a23-31924e386272,Unknown
Giga,Name unknown,Name unknown,105.96780395507812,21.466480255126953,,,,,362344f7-8c37-3e78-8b4a-2d84846c5210,Unknown
Giga,Name unknown,Name unknown,106.00273895263672,21.450321197509766,,,,,59c05d8e-6819-3b20-9d57-7bf13823bc99,Unknown
Giga,Name unknown,Name unknown,106.61598205566406,10.76708698272705,,,,,3712c2cf-8a17-3032-a743-1f0203fcea66,Unknown
Giga,Name unknown,Name unknown,105.8769760131836,21.1114501953125,,,,,232da933-f7fe-3e3c-b282-e209d5af0b65,Unknown
Giga,Name unknown,Name unknown,105.6270980834961,21.641515731811523,,,,,368a1f99-fc37-3750-8553-904ce72d3bed,Unknown
Giga,Name unknown,Name unknown,105.87263488769531,21.430910110473633,,,,,7b5937a3-1819-3d63-a4b6-a3bb750b64d4,Unknown
Giga,Name unknown,Name unknown,105.80644989013672,21.56353759765625,,,,,81ef42eb-4e5d-3bea-8fd4-11ac36266976,Unknown
Giga,Name unknown,Name unknown,105.89562225341797,21.396787643432617,,,,,7af02086-4230-37d2-9ace-498262c48e7e,Unknown
Giga,Name unknown,Name unknown,105.90123748779297,18.34006690979004,,,,,7c9a9e97-5627-3663-84cb-7ebb39422fc2,Unknown
Giga,Name unknown,Name unknown,105.95761108398438,21.53164291381836,,,,,7cab14c9-efde-3854-846f-68dcf2d3b870,Unknown
Giga,Name unknown,Name unknown,105.71894073486328,10.139084815979004,,,,,22d11998-2e15-3f41-8f98-cba0390d02be,Unknown
Giga,Name unknown,Name unknown,103.78829956054688,22.407670974731445,,,,,18e3d5e4-d699-3798-971e-a6061f2624ac,Unknown
Giga,Name unknown,Name unknown,105.83219909667969,21.480703353881836,,,,,4714a0d6-01ed-353d-876a-a1640260c874,Unknown
Giga,Name unknown,Name unknown,105.97380065917969,21.553056716918945,,,,,32f4d2f8-82af-3d09-aee6-59921b3a56ce,Unknown
Giga,Name unknown,Name unknown,105.76336669921875,21.4609432220459,,,,,813b455f-35b2-3968-b23d-f75e35bc18ea,Unknown
Giga,Name unknown,Name unknown,106.92488861083984,21.759363174438477,,,,,306f181e-d347-36f1-921f-89b082c85461,Unknown
Giga,Name unknown,Name unknown,106.62541198730469,10.735045433044434,,,,,813a8c60-92cd-34c8-b15e-6525c7ac7ae7,Unknown
Giga,Name unknown,Name unknown,106.00567626953125,21.506637573242188,,,,,7fe48c16-9f12-37f2-a101-87131a9dc550,Unknown
Giga,Name unknown,Name unknown,105.80375671386719,21.422853469848633,,,,,442b1822-f24d-37e2-aa1d-b8c5686c8a95,Unknown
Giga,Name unknown,Name unknown,108.23165893554688,16.079050064086914,,,,,87a0ff2b-8160-3840-945c-561c6543295b,Unknown
Giga,Name unknown,Name unknown,105.89751434326172,21.413185119628906,,,,,bc2a0a48-78f3-3d35-b9a8-1da260cca35c,Unknown
Giga,Name unknown,Name unknown,105.82939147949219,21.39644432067871,,,,,8d30bfe3-b053-3bb5-bbd9-25298cc122ab,Unknown
Giga,Name unknown,Name unknown,105.72857666015625,21.637754440307617,,,,,2ca57fe8-6b47-38d5-b3a6-aac46db7b5eb,Unknown
Giga,Name unknown,Name unknown,105.43991088867188,10.164100646972656,,,,,bffa8892-ceae-3728-a2fa-c74001139291,Unknown
Giga,Name unknown,Name unknown,109.28169250488281,12.995121002197266,,,,,8e7c5943-3209-321c-8ba8-dc6a63cd6dc8,Unknown
Giga,Name unknown,Name unknown,108.04915618896484,14.344043731689453,,,,,8e9ecb0f-8530-3cc9-baa8-7a8a867de6dc,Unknown
Giga,Name unknown,Name unknown,105.6274642944336,21.568052291870117,,,,,8faabc2c-313f-3963-b6fe-caa5187274a4,Unknown
Giga,Name unknown,Name unknown,105.90128326416016,18.339860916137695,,,,,8ff1a990-a8e0-38e2-8dc6-a0d60223398a,Unknown
Giga,Name unknown,Name unknown,105.76612854003906,20.973644256591797,,,,,47b66c43-d09a-348e-a34d-e5c265e0dd99,Unknown
Giga,Name unknown,Name unknown,106.8080825805664,11.742494583129883,,,,,db513ec3-9978-31f9-b95c-4d34244eea2e,Unknown
Giga,Name unknown,Name unknown,105.76655578613281,20.97380256652832,,,,,6959a850-5626-3417-b27d-056ad1ee8227,Unknown
Giga,Name unknown,Name unknown,103.88845825195312,22.302154541015625,,,,,3f7dcaab-fc09-353b-b38b-969e325c6a85,Unknown
Giga,Name unknown,Name unknown,105.6356201171875,21.638093948364258,,,,,3f8c6b2c-2b1c-3c24-afa1-e851a99e7bc8,Unknown
Giga,Name unknown,Name unknown,105.82954406738281,21.397411346435547,,,,,923d9235-1a0a-3f43-ab23-4671a80fbb88,Unknown
Giga,Name unknown,Name unknown,105.86695098876953,20.383407592773438,,,,,caf8b3b5-d34f-3a36-bfba-50a998af321d,Unknown
Giga,Name unknown,Name unknown,105.97673797607422,21.447826385498047,,,,,29ce5c1d-2e98-3a49-aa85-8f9e50a3e9ce,Unknown
Giga,Name unknown,Name unknown,106.25110626220703,22.668651580810547,,,,,da62324e-247f-3f88-838b-aa0b04dd8d51,Unknown
Giga,Name unknown,Name unknown,105.8538818359375,21.59494972229004,,,,,841d674b-c1ab-33fc-9355-f61703d2ae25,Unknown
Giga,Name unknown,Name unknown,106.46012878417969,10.080410957336426,,,,,42b3b212-48f8-395f-9818-b7932a1aaf4e,Unknown
Giga,Name unknown,Name unknown,107.58914184570312,16.460416793823242,,,,,842d8151-7348-332c-a20e-1c8804bc930c,Unknown
Giga,Name unknown,Name unknown,106.99713134765625,10.79879379272461,,,,,24cfa98d-6637-3c11-9cc3-b92a967591bf,Unknown
Giga,Name unknown,Name unknown,105.37191772460938,21.11040687561035,,,,,b988fd9e-a5f9-3b85-8e85-f3ba76ee7c9f,Unknown
Giga,Name unknown,Name unknown,105.86114501953125,21.445404052734375,,,,,989faf7f-9d34-3386-a74e-a5fd714ab9b2,Unknown
Giga,Name unknown,Name unknown,105.7923583984375,21.63811683654785,,,,,248a7b97-d064-3dff-a54e-3f8b2e3102b3,Unknown
Giga,Name unknown,Name unknown,106.67906951904297,20.795942306518555,,,,,23c1f2db-807c-31bd-bf41-19463f4fb474,Unknown
Giga,Name unknown,Name unknown,107.5987319946289,16.47939109802246,,,,,0bae6c6d-d278-30ff-96ae-b2614a285ee0,Unknown
Giga,Name unknown,Name unknown,106.01001739501953,21.468524932861328,,,,,0c34e22e-4978-34fb-bf14-9bd10fc83a87,Unknown
Giga,Name unknown,Name unknown,105.7067642211914,21.47437858581543,,,,,d97657ab-fcd7-30f9-973f-ef08532cd65e,Unknown
Giga,Name unknown,Name unknown,106.05057525634766,9.344085693359375,,,,,0c609a70-d53e-36f0-8109-803a423b477e,Unknown
Giga,Name unknown,Name unknown,105.57051086425781,20.99675750732422,,,,,210cbcac-3dc9-30ea-b3cc-27f294fbfe75,Unknown
Giga,Name unknown,Name unknown,105.84969329833984,21.518577575683594,,,,,9c0d0808-e95e-332a-b5b2-e99f99236d73,Unknown
Giga,Name unknown,Name unknown,105.87377166748047,21.401403427124023,,,,,1117813b-beeb-3603-a8db-cc8d41713738,Unknown
Giga,Name unknown,Name unknown,105.68760681152344,21.12775421142578,,,,,1f0241ef-0ae3-3375-ac28-875091022c50,Unknown
Giga,Name unknown,Name unknown,105.67504119873047,21.47979736328125,,,,,c474d990-5f9c-35e2-a7d2-00eb769fc01f,Unknown
Giga,Name unknown,Name unknown,105.98454284667969,21.433876037597656,,,,,9c8389d5-b15a-32da-83a1-147cd17b2700,Unknown
Giga,Name unknown,Name unknown,105.77129364013672,21.455101013183594,,,,,1dde33da-08d7-3865-a278-086d57dfc9d5,Unknown
Giga,Name unknown,Name unknown,108.45917510986328,14.407832145690918,,,,,1db63e5f-c710-3ee4-8618-6cb545440450,Unknown
Giga,Name unknown,Name unknown,103.82787322998047,22.331146240234375,,,,,60d64ef4-e144-3ac3-87fe-1ffad7f13d51,Unknown
Giga,Name unknown,Name unknown,105.2115707397461,21.793909072875977,,,,,4ec06a3e-5e3e-3ee0-806c-b94d34f45ba5,Unknown
Giga,Name unknown,Name unknown,105.9168701171875,21.49123764038086,,,,,93981f81-2608-3fdf-8abf-91c3ed4dccc7,Unknown
Giga,Name unknown,Name unknown,105.92181396484375,20.773691177368164,,,,,244ad234-e20a-3369-afb2-a61ed76766ce,Unknown
Giga,Name unknown,Name unknown,106.21880340576172,22.678417205810547,,,,,5ea86e64-020d-3340-be4b-393086ba549d,Unknown
Giga,Name unknown,Name unknown,105.54256439208984,21.692840576171875,,,,,5e95750b-3963-3981-9203-17c7b1c94da2,Unknown
Giga,Name unknown,Name unknown,105.95537567138672,21.435171127319336,,,,,fbeab7ab-621a-316e-9d95-eb972b370b6b,Unknown
Giga,Name unknown,Name unknown,105.88309478759766,21.413278579711914,,,,,2c1ccc99-1c82-30d7-844b-d4d2d2ecf3db,Unknown
Giga,Name unknown,Name unknown,106.80694580078125,11.741930961608887,,,,,1973c642-d96c-3518-ab21-3c0f4707ff89,Unknown
Giga,Name unknown,Name unknown,105.91458129882812,21.149354934692383,,,,,196eee6d-24cf-3f13-bca2-e6a88596aa53,Unknown
Giga,Name unknown,Name unknown,105.63090515136719,20.98629379272461,,,,,19611f28-4eac-330d-8fed-cc9826f15081,Unknown
Giga,Name unknown,Name unknown,105.88301086425781,21.410869598388672,,,,,28f96a0f-ccb4-3b1c-951a-c3112378b4ab,Unknown
Giga,Name unknown,Name unknown,109.02835845947266,12.272098541259766,,,,,a7884f18-71b6-3632-a1b8-6e9d54393229,Unknown
Giga,Name unknown,Name unknown,105.61907958984375,21.639341354370117,,,,,568436a4-5428-3fc8-8f89-056874a4b26d,Unknown
Giga,Name unknown,Name unknown,105.91667938232422,20.963851928710938,,,,,28cf0144-125b-377e-b8d0-3afc0e42620c,Unknown
Giga,Name unknown,Name unknown,105.77859497070312,21.403778076171875,,,,,0ab9065b-1260-3825-909e-4b9cfd066c84,Unknown
Giga,Name unknown,Name unknown,105.76859283447266,21.469039916992188,,,,,28c82fc1-3697-327a-b38e-715266767d64,Unknown
Giga,Name unknown,Name unknown,105.91622924804688,21.525405883789062,,,,,9392647b-b4a1-304f-a582-4b956f11a0fc,Unknown
Giga,Name unknown,Name unknown,105.76280212402344,10.062042236328125,,,,,ab3c0bb3-0dd9-3585-85e5-5f2ea9f8689f,Unknown
Giga,Name unknown,Name unknown,105.63422393798828,21.624710083007812,,,,,ab4fe65f-c8bf-3e42-9f5f-544acb110390,Unknown
Giga,Name unknown,Name unknown,106.138671875,11.289909362792969,,,,,0f3db1dd-42da-3690-bccb-db3d73d6275c,Unknown
Giga,Name unknown,Name unknown,105.8398666381836,21.385587692260742,,,,,87ce16b9-b81c-3a0e-b813-e1ed6281a2ab,Unknown
Giga,Name unknown,Name unknown,105.86157989501953,21.395849227905273,,,,,ab58d2f9-8cd4-30b1-8f96-8178d977d71b,Unknown
Giga,Name unknown,Name unknown,108.0223617553711,12.681695938110352,,,,,b024232e-b673-33d9-8670-56cb2da5b12e,Unknown
Giga,Name unknown,Name unknown,106.76581573486328,21.85163116455078,,,,,0d282a53-b81b-3495-b0e6-c7c95894330c,Unknown
Giga,Name unknown,Name unknown,106.36858367919922,20.85744857788086,,,,,7180017f-71b2-33a6-aeb7-459c7c346321,Unknown
Giga,Name unknown,Name unknown,105.86700439453125,21.338924407958984,,,,,fec31ce1-9333-33a3-87f2-9b4d11bab259,Unknown
Giga,Name unknown,Name unknown,105.79452514648438,21.617259979248047,,,,,0cd1adbb-0bf6-3b08-bddc-5b003bf0b39e,Unknown
Giga,Name unknown,Name unknown,105.54339599609375,21.69129753112793,,,,,d38eabd9-5a1a-39f7-a92e-a78124ae48de,Unknown
Giga,Name unknown,Name unknown,105.88674926757812,21.5640926361084,,,,,2a10761e-0b23-3f11-af39-a7d486d5e9bc,Unknown
Giga,Name unknown,Name unknown,105.92267608642578,21.4399471282959,,,,,13611a17-6fd5-3684-a127-4d43cd882d5c,Unknown
Giga,Name unknown,Name unknown,106.99614715576172,10.806909561157227,,,,,ff0ddde4-ee35-3790-a173-2dd483c924b2,Unknown
Giga,Name unknown,Name unknown,105.73117065429688,21.523082733154297,,,,,29d40bfa-49af-3463-b746-fee8b6a25a9c,Unknown
Giga,Name unknown,Name unknown,106.24723815917969,21.143226623535156,,,,,72df21ad-77ee-3a80-add7-956bde3eab09,Unknown
Giga,Name unknown,Name unknown,106.03604125976562,20.88568878173828,,,,,5238d1c6-4ba5-3e14-8b75-5aa727e607a1,Unknown
Giga,Name unknown,Name unknown,105.58355712890625,21.67704963684082,,,,,29c99ada-6b11-3fd8-8df5-097a46f5cdbd,Unknown
Giga,Name unknown,Name unknown,106.25961303710938,22.665170669555664,,,,,0c6e2a84-e9d4-39ef-b757-3ab2908dd85b,Unknown
Giga,Name unknown,Name unknown,108.01687622070312,12.683001518249512,,,,,1523d63e-cb83-366a-aaa0-8f5e8bebb1be,Unknown
Giga,Name unknown,Name unknown,105.6630630493164,21.56784439086914,,,,,ba30603b-6ae0-3bb4-9dec-3ea56dad1220,Unknown
Giga,Name unknown,Name unknown,105.8405532836914,21.41233253479004,,,,,722aa20a-1c9f-3b76-bbbd-6a906beb0a33,Unknown
Giga,Name unknown,Name unknown,105.74610137939453,21.044784545898438,,,,,44ba7a10-c79f-3fd8-aa3d-36bc4b3be986,Unknown
Giga,Name unknown,Name unknown,106.39619445800781,20.62881851196289,,,,,721a3dd9-5260-3f0a-b0f1-9bd34e8b8df0,Unknown
Giga,Name unknown,Name unknown,105.03773498535156,20.54143524169922,,,,,037d3be2-0bb9-3756-8d1f-ca0f5844aeea,Unknown
Giga,Name unknown,Name unknown,109.2953109741211,12.995038032531738,,,,,5b2f4f1e-376f-3ba8-b8be-6c4217b4e9bc,Unknown
Giga,Name unknown,Name unknown,106.22000885009766,22.67717933654785,,,,,70cdd497-cb18-397a-930f-a91df14e47f3,Unknown
Giga,Name unknown,Name unknown,106.32357788085938,20.841447830200195,,,,,46292ae9-6b37-3cad-85b0-c695e2ba2de7,Unknown
Giga,Name unknown,Name unknown,106.75212860107422,21.877382278442383,,,,,039e206b-489a-3181-bcbc-6a4aca4bfe05,Unknown
Giga,Name unknown,Name unknown,105.802734375,21.60846710205078,,,,,1c38475c-f9fc-337a-aa0b-f01b6ba7dab8,Unknown
Giga,Name unknown,Name unknown,102.95986938476562,21.19596290588379,,,,,2791049f-57e9-332c-847d-a53874317643,Unknown
Giga,Name unknown,Name unknown,106.00773620605469,21.5123233795166,,,,,2611edea-859e-35ab-895c-bca8359490d3,Unknown
Giga,Name unknown,Name unknown,103.32946014404297,22.555932998657227,,,,,515355fc-232f-3ee1-bf11-532bbf9aa456,Unknown
Giga,Name unknown,Name unknown,109.21381378173828,13.757752418518066,,,,,869476c1-61b8-3b8c-a9c2-8e6274970d87,Unknown
Giga,Name unknown,Name unknown,104.01798248291016,10.022854804992676,,,,,5112b048-645e-3c3a-bac7-e6f3eb715eb1,Unknown
Giga,Name unknown,Name unknown,108.06460571289062,14.327427864074707,,,,,4a816023-7f6e-36f8-8425-5ad6c8ede038,Unknown
Giga,Name unknown,Name unknown,105.17182922363281,20.454833984375,,,,,57157578-fe79-32ac-9900-e11d3ef1d1f5,Unknown
Giga,Name unknown,Name unknown,105.97555541992188,21.514301300048828,,,,,6e13b588-f446-3aa0-8bac-8b25f72d10a6,Unknown
Giga,Name unknown,Name unknown,105.99213409423828,20.945507049560547,,,,,6df0a004-a5e1-3a70-9d50-0c4cdcc09204,Unknown
Giga,Name unknown,Name unknown,106.88512420654297,11.498323440551758,,,,,7be4df53-f551-3731-aa22-6b2f8c2c405b,Unknown
Giga,Name unknown,Name unknown,106.43205261230469,22.433399200439453,,,,,6a753de3-c0d8-38f9-bf9c-13a6eacdcbf3,Unknown
Giga,Name unknown,Name unknown,105.82239532470703,21.57582664489746,,,,,52ecec2a-3db3-33f5-a46a-0b56e1d13120,Unknown
Giga,Name unknown,Name unknown,107.13081359863281,10.831666946411133,,,,,4c13311f-cc3a-3ec7-a839-9f5be099f14b,Unknown
Giga,Name unknown,Name unknown,105.69395446777344,21.542282104492188,,,,,9167430d-3fc6-366e-b4dd-a24419a8745d,Unknown
Giga,Name unknown,Name unknown,105.08599853515625,20.506860733032227,,,,,9ae7a3ed-ae39-303f-b932-d7c20e1585ea,Unknown
Giga,Name unknown,Name unknown,106.01642608642578,21.42061996459961,,,,,b4cd9a5c-7907-31f8-9350-81df476ee7af,Unknown
Giga,Name unknown,Name unknown,106.0312271118164,21.450590133666992,,,,,4fc67ba5-2132-3959-8b84-9f01ed1e06c8,Unknown
Giga,Name unknown,Name unknown,105.94699096679688,21.49022674560547,,,,,4880d26a-05eb-33d5-b830-481280fd10a9,Unknown
Giga,Name unknown,Name unknown,105.83352661132812,21.47141456604004,,,,,0f4b37f9-2a01-3a92-8896-a13d5a86385e,Unknown
Giga,Name unknown,Name unknown,105.8205337524414,21.625713348388672,,,,,4e7268ee-aaa9-39f5-938d-b783b19bb813,Unknown
Giga,Name unknown,Name unknown,106.71052551269531,10.793789863586426,,,,,202e5487-dd6e-3ac6-a048-835ed5a508ce,Unknown
Giga,Name unknown,Name unknown,106.4333267211914,21.156051635742188,,,,,16c32518-7a1a-319e-baa3-b7bf37d5c60c,Unknown
Giga,Name unknown,Name unknown,105.94222259521484,21.405860900878906,,,,,b4e6359c-1738-383a-9827-67480e53f8ee,Unknown
Giga,Name unknown,Name unknown,105.88268280029297,21.416807174682617,,,,,356b1606-c992-370b-9c5f-b9896a06b449,Unknown
Giga,Name unknown,Name unknown,105.64878845214844,21.633045196533203,,,,,cf98e699-a470-3faa-a307-1cb5558f4b20,Unknown
Giga,Name unknown,Name unknown,105.87226867675781,21.495166778564453,,,,,81ee5aa4-7d06-3fde-a6fc-2e6e6a0897c5,Unknown
Giga,Name unknown,Name unknown,105.17467498779297,20.4571590423584,,,,,5f51ba95-1166-337f-876b-0820819117fc,Unknown
Giga,Name unknown,Name unknown,106.76496887207031,21.849077224731445,,,,,f31b45d0-d94e-3dc4-99d3-1ab3bb8214c9,Unknown
Giga,Name unknown,Name unknown,105.96696472167969,21.553722381591797,,,,,54ec32ed-41f2-3964-aed5-7e3f4c182b7c,Unknown
Giga,Name unknown,Name unknown,105.92076110839844,21.519376754760742,,,,,55147960-3dbe-38f1-97e3-e52e731b18f7,Unknown
Giga,Name unknown,Name unknown,105.8799057006836,21.436187744140625,,,,,39c02bef-bfbf-36da-9265-ec3019246e8e,Unknown
Giga,Name unknown,Name unknown,106.75279998779297,21.83504867553711,,,,,5f6cdea7-8fd0-3092-8145-15b3d815115b,Unknown
Giga,Name unknown,Name unknown,108.18753814697266,16.04165267944336,,,,,60184377-11cc-3ae6-b869-a33a986a8672,Unknown
Giga,Name unknown,Name unknown,106.24774932861328,21.12956428527832,,,,,f7190745-f8ad-3324-b1c2-5521ba7d24ff,Unknown
Giga,Name unknown,Name unknown,107.4795150756836,15.598929405212402,,,,,b818927c-47a5-3c37-81bd-daf1dc04efd2,Unknown
Giga,Name unknown,Name unknown,105.83415222167969,21.470996856689453,,,,,f6d35ca4-a402-3682-97e6-fb96fe41301b,Unknown
Giga,Name unknown,Name unknown,105.76648712158203,20.974803924560547,,,,,cee7adc1-a0dc-3c65-bfc0-1b2b0350a284,Unknown
Giga,Name unknown,Name unknown,106.01039123535156,21.469560623168945,,,,,3a2933a6-a440-3a91-a04e-eeccdd517c0a,Unknown
Giga,Name unknown,Name unknown,108.85979461669922,15.025946617126465,,,,,f9145bef-d1f8-3a1c-9671-6769e5c0c892,Unknown
Giga,Name unknown,Name unknown,106.7730712890625,21.85763168334961,,,,,4a63e331-2c9f-38d7-ba6f-5ba3ed7e15e0,Unknown
Giga,Name unknown,Name unknown,105.82762908935547,21.586421966552734,,,,,62a7a482-bdc5-3185-b2d2-f9e08f10d3c9,Unknown
Giga,Name unknown,Name unknown,106.00194549560547,20.937929153442383,,,,,5918c82b-17be-3b0e-9a2a-663463a30e6e,Unknown
Giga,Name unknown,Name unknown,106.76522064208984,21.872039794921875,,,,,9c100a29-6207-3e0c-8a17-3c2d2f041911,Unknown
Giga,Name unknown,Name unknown,108.929931640625,10.52619743347168,,,,,f4daefc3-6b2f-3214-b87f-87b43f6cb041,Unknown
Giga,Name unknown,Name unknown,105.39118194580078,20.234939575195312,,,,,f4b97102-6c67-357c-aba9-7027669666b5,Unknown
Giga,Name unknown,Name unknown,105.94182586669922,21.42894744873047,,,,,59556c45-88dd-3776-bf12-e82962b5b1c2,Unknown
Giga,Name unknown,Name unknown,106.88516998291016,11.499101638793945,,,,,f9636ab7-b390-3dec-90eb-18835f2fdb3c,Unknown
Giga,Name unknown,Name unknown,104.37330627441406,21.466094970703125,,,,,11f4ee5b-265e-3603-b09b-b2d742989492,Unknown
Giga,Name unknown,Name unknown,105.84821319580078,21.412883758544922,,,,,49bb5f81-f36b-3ee9-a3a4-0b631aeb4d73,Unknown
Giga,Name unknown,Name unknown,105.60887145996094,21.620149612426758,,,,,f24ad9b2-2a2f-3cb8-b80a-ed40d1b10c56,Unknown
Giga,Name unknown,Name unknown,108.00628662109375,13.978232383728027,,,,,f21da2f6-4292-3f0c-b4a6-3bae945d44e3,Unknown
Giga,Name unknown,Name unknown,105.6337661743164,21.636533737182617,,,,,5df42539-f72d-3995-880d-6ba5db47b06e,Unknown
Giga,Name unknown,Name unknown,105.86812591552734,21.338233947753906,,,,,872261ad-8c3d-3a70-a48e-0fe48f7d9645,Unknown
Giga,Name unknown,Name unknown,105.8299789428711,21.60038948059082,,,,,6460c461-a967-3f05-bdc9-2e77222b3cdf,Unknown
Giga,Name unknown,Name unknown,106.5973892211914,10.753314971923828,,,,,7a34438d-e5c0-3082-9c07-8692d828018b,Unknown
Giga,Name unknown,Name unknown,105.61956024169922,21.015457153320312,,,,,1ff20637-31a6-3464-a373-02048a6339cc,Unknown
Giga,Name unknown,Name unknown,106.76458740234375,21.84857177734375,,,,,fadb7246-3b02-34e1-8b87-38be8a146a28,Unknown
Giga,Name unknown,Name unknown,105.79452514648438,21.653169631958008,,,,,6400bce8-a7c9-3445-bb84-8b4fb29a5ee7,Unknown
Giga,Name unknown,Name unknown,106.72340393066406,21.91376495361328,,,,,4b885289-c1db-3bac-9ae3-1ba7e9a2dd48,Unknown
Giga,Name unknown,Name unknown,105.98442077636719,21.4332275390625,,,,,6b0fb72b-379a-3f39-9285-db8c2ec4e939,Unknown
Giga,Name unknown,Name unknown,105.75047302246094,21.0413818359375,,,,,6b33b09e-cf6a-38c5-bb89-15122ad3de9a,Unknown
Giga,Name unknown,Name unknown,105.88175201416016,21.544023513793945,,,,,ed5d4407-473d-39e0-a724-79b07b9c7d6d,Unknown
Giga,Name unknown,Name unknown,106.26447296142578,22.663103103637695,,,,,983c822b-dd39-3a0c-9814-16c159900886,Unknown
Giga,Name unknown,Name unknown,105.7459487915039,21.4864559173584,,,,,f2c7ce55-b1fa-3b90-b555-6276b36479c0,Unknown
Giga,Name unknown,Name unknown,106.63683319091797,10.773172378540039,,,,,53a09edb-9ac1-3afe-8638-952658de5995,Unknown
Giga,Name unknown,Name unknown,105.8337631225586,21.472652435302734,,,,,6d66690e-b2bd-376b-af52-fef7b2843aa1,Unknown
Giga,Name unknown,Name unknown,105.9583511352539,21.560787200927734,,,,,eb475856-f46f-35ea-87b3-5b0ff0c66541,Unknown
Giga,Name unknown,Name unknown,106.3980484008789,10.251893997192383,,,,,89601cb5-be09-3e0e-96d3-7ff89c280521,Unknown
Giga,Name unknown,Name unknown,105.83765411376953,21.479764938354492,,,,,087034a9-daf7-38e4-8668-53cc3a9e63ef,Unknown
Giga,Name unknown,Name unknown,106.0007553100586,21.415584564208984,,,,,538cfedf-ee76-3890-b711-961cd70f2750,Unknown
Giga,Name unknown,Name unknown,109.19315338134766,12.239669799804688,,,,,e6b942ed-3887-3309-b0f9-5e87075c7257,Unknown
Giga,Name unknown,Name unknown,105.86895751953125,21.622987747192383,,,,,d7cba0ff-8268-312e-81ca-bbbd5d819dc2,Unknown
Giga,Name unknown,Name unknown,105.82982635498047,21.394275665283203,,,,,113b074b-4e7a-345f-a275-9855f124f18b,Unknown
Giga,Name unknown,Name unknown,108.0963363647461,10.92768383026123,,,,,c7f2ff07-ebd9-3f3d-9f83-2ca574b68f87,Unknown
Giga,Name unknown,Name unknown,106.74160766601562,21.894973754882812,,,,,d5991597-9a35-3a6d-ac37-713616731bff,Unknown
Giga,Name unknown,Name unknown,105.78575134277344,21.386381149291992,,,,,e21569ec-bc4e-375f-b4c5-893e87ff0c8f,Unknown
Giga,Name unknown,Name unknown,105.80158233642578,21.11715316772461,,,,,2f4a9eb1-a9fe-36e1-88c1-794ed2532c56,Unknown
Giga,Name unknown,Name unknown,104.63314819335938,9.801697731018066,,,,,6ded6f10-0b62-32f1-b47a-67d9ccdd8f54,Unknown
Giga,Name unknown,Name unknown,106.7536849975586,21.86048126220703,,,,,dcda15f0-7909-378b-968b-8c50a0f26dd0,Unknown
Giga,Name unknown,Name unknown,105.93911743164062,21.560312271118164,,,,,251ddff1-6f39-3772-a481-8a33326a38c3,Unknown
Giga,Name unknown,Name unknown,104.53305053710938,21.5683650970459,,,,,85040eee-39a6-3522-b80c-9c4a703c58ef,Unknown
Giga,Name unknown,Name unknown,106.00494384765625,21.50972557067871,,,,,9dc2615b-f7db-3b82-843d-75486472ab2b,Unknown
Giga,Name unknown,Name unknown,105.81147003173828,21.439044952392578,,,,,3f8b77ee-b6c6-3dc6-9e91-08c7b99a2408,Unknown
Giga,Name unknown,Name unknown,108.0849609375,10.920602798461914,,,,,23a5630a-9296-36c5-84be-242c1f3a684c,Unknown
Giga,Name unknown,Name unknown,105.7427749633789,21.478374481201172,,,,,153eef97-1aa4-3e4d-96de-442dd6b3cacd,Unknown
Giga,Name unknown,Name unknown,107.21893310546875,10.94511604309082,,,,,544b7159-98dd-3a46-a113-7ad41faf3a8d,Unknown
Giga,Name unknown,Name unknown,105.93358612060547,20.216493606567383,,,,,c39d6664-5bd8-3fe0-ac26-7c4ad4990893,Unknown
Giga,Name unknown,Name unknown,106.28876495361328,11.071809768676758,,,,,3e891b3e-5549-361a-a963-e2e6d4587008,Unknown
Giga,Name unknown,Name unknown,105.39105987548828,21.249338150024414,,,,,250c8a93-efed-3836-ae35-9e1f5536be33,Unknown
Giga,Name unknown,Name unknown,105.87413787841797,21.396560668945312,,,,,9d0697eb-7db5-3279-b404-6aadeb1cf994,Unknown
Giga,Name unknown,Name unknown,105.57727813720703,21.633991241455078,,,,,d62e23ae-f6bf-349f-90d2-a3ce6d3b51f7,Unknown
Giga,Name unknown,Name unknown,105.76220703125,21.620920181274414,,,,,d3e355e6-be38-34ff-8507-297f58ebc989,Unknown
Giga,Name unknown,Name unknown,107.59861755371094,16.477041244506836,,,,,868f0f64-8d3d-3728-b302-ad1925c193f2,Unknown
Giga,Name unknown,Name unknown,107.54248809814453,10.545470237731934,,,,,739e60db-8ef8-30f5-bf2c-4c6932e78df6,Unknown
Giga,Name unknown,Name unknown,105.94635772705078,21.48955726623535,,,,,d2cbd8c5-c08d-38f2-9db3-851ac95303cf,Unknown
Giga,Name unknown,Name unknown,106.55791473388672,21.0192813873291,,,,,883fffd3-a2d0-3cea-bdbc-6e76b401c5ce,Unknown
Giga,Name unknown,Name unknown,105.85334777832031,21.43058204650879,,,,,d11d92fe-5240-359a-9383-b299f8d629a5,Unknown
Giga,Name unknown,Name unknown,105.85138702392578,21.41434669494629,,,,,46f0ea63-096f-38cc-b8d8-b73d9d294e0d,Unknown
Giga,Name unknown,Name unknown,106.73076629638672,10.715019226074219,,,,,8879fb4f-7284-396d-94df-a9c52c85ae1f,Unknown
Giga,Name unknown,Name unknown,105.76994323730469,21.418588638305664,,,,,889f9bf5-e0a2-3f53-94c8-8859ee2bc107,Unknown
Giga,Name unknown,Name unknown,105.88481140136719,21.358484268188477,,,,,dfaf5bca-cd4e-3203-b5b1-8fcf281ff0f4,Unknown
Giga,Name unknown,Name unknown,105.78474426269531,21.386444091796875,,,,,d04b6f6e-be62-3573-98dc-7f604bab7627,Unknown
Giga,Name unknown,Name unknown,106.01197052001953,21.470966339111328,,,,,fa517998-09f9-306d-a6d9-25122ac8f8eb,Unknown
Giga,Name unknown,Name unknown,106.03145599365234,21.451095581054688,,,,,7518a7ed-8d05-3af9-871f-42cd7a95ebb1,Unknown
Giga,Name unknown,Name unknown,105.90286254882812,21.39853858947754,,,,,c23097bd-f993-3701-b2c8-4fae9da4b660,Unknown
Giga,Name unknown,Name unknown,102.4486312866211,22.62923812866211,,,,,cfbcdb98-a603-3c14-9d77-c78973bb961b,Unknown
Giga,Name unknown,Name unknown,105.61973571777344,21.07729721069336,,,,,75387498-fd3c-3588-af51-72a4f140b6f8,Unknown
Giga,Name unknown,Name unknown,105.60100555419922,21.681638717651367,,,,,cf9b675c-19ae-3821-a06d-10e009de1311,Unknown
Giga,Name unknown,Name unknown,103.9591064453125,10.216862678527832,,,,,9bcd9e88-867d-32a1-87d2-6c3fadb3ede3,Unknown
Giga,Name unknown,Name unknown,105.6341552734375,10.116958618164062,,,,,56461d5f-3946-3def-8343-30802fa737f3,Unknown
Giga,Name unknown,Name unknown,105.64250946044922,21.59636688232422,,,,,8ff23c5d-bb2d-3a3e-923e-3310ad349511,Unknown
Giga,Name unknown,Name unknown,106.7651138305664,21.87010383605957,,,,,77c9ae5c-3901-3539-8d2e-cb01bb1509c2,Unknown
Giga,Name unknown,Name unknown,109.19395446777344,12.254960060119629,,,,,77fee5f5-03ac-3ab0-8286-214ee4cb7a1f,Unknown
Giga,Name unknown,Name unknown,105.80921173095703,21.49101448059082,,,,,780b925d-6a52-3d3d-a049-779e54a60422,Unknown
Giga,Name unknown,Name unknown,105.7208023071289,10.00435733795166,,,,,dc480f3b-3b25-364c-9729-7e21ab8d8792,Unknown
Giga,Name unknown,Name unknown,106.76005554199219,21.85419464111328,,,,,52eb1cf7-f810-364d-ac92-4158960fd805,Unknown
Giga,Name unknown,Name unknown,104.01111602783203,10.01668643951416,,,,,c11cd621-89ae-3d19-a754-edc8e7f28f6f,Unknown
Giga,Name unknown,Name unknown,105.9255142211914,21.38719367980957,,,,,7efb85b9-def1-3ff6-864e-29b402b4818e,Unknown
Giga,Name unknown,Name unknown,108.90821838378906,12.278969764709473,,,,,90dd6e50-eae4-3d00-b700-a34e0708c4f5,Unknown
Giga,Name unknown,Name unknown,107.08905029296875,10.36295223236084,,,,,c87762ef-174d-35bb-a653-ec2e73c94f69,Unknown
Giga,Name unknown,Name unknown,105.63453674316406,21.562820434570312,,,,,472aec2b-fd65-3e08-8ae8-4346267e27db,Unknown
Giga,Name unknown,Name unknown,106.71769714355469,10.797422409057617,,,,,972be1a4-20dd-39d9-8348-bcd3e20aa33f,Unknown
Giga,Name unknown,Name unknown,106.4339599609375,21.50898551940918,,,,,9a4a56ef-77f2-337a-93c2-b5caf7d6a984,Unknown
Giga,Name unknown,Name unknown,105.82672882080078,21.560001373291016,,,,,975636cc-8e3a-3b78-a90d-8430eb4e8d39,Unknown
Giga,Name unknown,Name unknown,102.55137634277344,22.62972640991211,,,,,12df47af-191e-3bc1-b210-e1731dea4a53,Unknown
Giga,Name unknown,Name unknown,105.96226501464844,21.4678897857666,,,,,f299214a-70dc-3d84-b125-78c728c548d0,Unknown
Giga,Name unknown,Name unknown,105.04156494140625,20.604902267456055,,,,,a41507af-9c84-3e5c-9d80-605bd2eb3edd,Unknown
Giga,Name unknown,Name unknown,106.67386627197266,10.746094703674316,,,,,c23481eb-351e-3847-aed1-4eae2e1d30db,Unknown
Giga,Name unknown,Name unknown,106.2591323852539,22.661874771118164,,,,,6a105963-5efb-34ab-9cfb-061c3983a1cb,Unknown
Giga,Name unknown,Name unknown,107.10091400146484,10.608918190002441,,,,,43221232-67f6-39a4-b798-aa0d3893065c,Unknown
Giga,Name unknown,Name unknown,105.90385437011719,21.036924362182617,,,,,a0045d61-37a3-310e-ae90-b435ca3fc6df,Unknown
Giga,Name unknown,Name unknown,105.92440795898438,9.96426773071289,,,,,36e5e257-e5f5-3666-bf0e-01c812af0d8a,Unknown
Giga,Name unknown,Name unknown,106.00323486328125,21.43903160095215,,,,,bf0fa7fa-5577-376d-b7f1-cbaf1a7458fa,Unknown
Giga,Name unknown,Name unknown,105.88180541992188,21.4542293548584,,,,,bef652c7-46b0-334c-a1fb-b9b66b5895eb,Unknown
Giga,Name unknown,Name unknown,106.81875610351562,10.947513580322266,,,,,a2935627-fdd7-380c-8bd6-b9ffa433f4c5,Unknown
Giga,Name unknown,Name unknown,105.22461700439453,22.932315826416016,,,,,be1e3e1f-1ff4-3c38-96a1-64187b0a7f7d,Unknown
Giga,Name unknown,Name unknown,105.88079833984375,21.424049377441406,,,,,bd49bd63-77f9-37a7-86ac-bb6b93975ca6,Unknown
Giga,Name unknown,Name unknown,103.8138198852539,22.340620040893555,,,,,9087777f-2bb4-32aa-a2e2-b54c2fdf8a5f,Unknown
Giga,Name unknown,Name unknown,106.03657531738281,20.886919021606445,,,,,a45a9d53-05af-37bd-aaf4-a7733c13748b,Unknown
Giga,Name unknown,Name unknown,105.26296997070312,10.025618553161621,,,,,493963c8-88af-3f11-b865-3ce92b35e6b1,Unknown
Giga,Name unknown,Name unknown,107.15145874023438,10.980822563171387,,,,,13730e79-dc7f-3f24-886e-a84d6bb6100a,Unknown
Giga,Name unknown,Name unknown,105.78203582763672,21.379074096679688,,,,,bafb9447-69a2-35d0-9e57-48813bb1ae3a,Unknown
Giga,Name unknown,Name unknown,106.60774993896484,10.694921493530273,,,,,2d5c12e6-2a3c-3532-ba52-e5f55259fc93,Unknown
Giga,Name unknown,Name unknown,103.85049438476562,22.338150024414062,,,,,bea4f701-6dd3-35a6-b5d9-cb3ed0e34ace,Unknown
Giga,Name unknown,Name unknown,105.71247100830078,9.984975814819336,,,,,aa5158cf-b549-3323-a057-46a5e24cb33c,Unknown
Giga,Name unknown,Name unknown,105.36483764648438,21.25347137451172,,,,,320f058d-430c-3872-823e-939e64c2b66a,Unknown
Giga,Name unknown,Name unknown,106.32963562011719,20.846086502075195,,,,,2d791ba4-52a9-35e8-b1e9-23e4556639be,Unknown
Giga,Name unknown,Name unknown,104.53482818603516,21.59629249572754,,,,,1860f48c-82b4-34dd-aacd-1be07910df1d,Unknown
Giga,Name unknown,Name unknown,103.89176940917969,22.30086898803711,,,,,f8f05b91-4f76-3da6-997e-ef4b20b69db0,Unknown
Giga,Name unknown,Name unknown,105.77960968017578,21.453243255615234,,,,,b92f875e-2aa1-303e-bd33-4c951b9af392,Unknown
Giga,Name unknown,Name unknown,106.8251953125,20.900779724121094,,,,,a31eaaa3-94b1-335e-a174-d12a734f6d35,Unknown
Giga,Name unknown,Name unknown,105.66204833984375,21.667491912841797,,,,,a315d3bb-11d9-332b-b470-714209223457,Unknown
Giga,Name unknown,Name unknown,105.69336700439453,21.65665054321289,,,,,b928c372-1b8c-389a-b7d2-f903de353ec2,Unknown
Giga,Name unknown,Name unknown,108.15506744384766,16.07014274597168,,,,,b925f555-97c9-3886-923b-17cd1337dae9,Unknown
Giga,Name unknown,Name unknown,105.76334381103516,10.06148624420166,,,,,a486d792-c944-300e-b80f-d754f7a7f242,Unknown
Giga,Name unknown,Name unknown,106.26661682128906,22.663288116455078,,,,,b8e2bc93-4165-31e8-ac49-52272869a30e,Unknown
Giga,Name unknown,Name unknown,105.970947265625,20.248571395874023,,,,,47f1e23b-25e9-3535-9c58-763495c57c92,Unknown
Giga,Name unknown,Name unknown,105.64897918701172,21.569242477416992,,,,,ad1f6870-de50-3cda-8da6-9a4387400604,Unknown
Giga,Name unknown,Name unknown,106.00251770019531,20.937564849853516,,,,,ad3914bf-7bfd-3f5c-a669-18d774803799,Unknown
Giga,Name unknown,Name unknown,106.76335906982422,21.862472534179688,,,,,a48c11f6-a02c-3a32-a9d6-ccfe0bf4a641,Unknown
Giga,Name unknown,Name unknown,105.74595642089844,21.491024017333984,,,,,b8614d84-cfe1-3c03-bd9f-971b13428881,Unknown
Giga,Name unknown,Name unknown,105.80118560791016,21.606534957885742,,,,,bc91dd43-f700-39e8-8d2d-d2e05ff3a17d,Unknown
Giga,Name unknown,Name unknown,105.92939758300781,21.397769927978516,,,,,bc787ede-2c81-3c69-834e-140e56056590,Unknown
Giga,Name unknown,Name unknown,105.88029479980469,21.442899703979492,,,,,478e13f7-3831-3dcf-9c91-de5f82a06a8e,Unknown
Giga,Name unknown,Name unknown,108.32551574707031,15.875503540039062,,,,,bc78603c-052f-37fa-9ed3-e8cf6dd47ddc,Unknown
Giga,Nam Nhun High School,Nam Nhun High School,103.02655029296875,22.13910675048828,,,,,91bcb4b6-9477-3803-816b-5f206704b908,Secondary
Giga,Nam Nhun Town Secondary School,Nam Nhun Town Secondary School,103.02589416503906,22.14114761352539,,,,,edc867a6-d851-3a88-a21b-80994f2affe5,Secondary
Giga,Nậm Tăm High School,Nậm Tăm High School,103.39967346191406,22.278076171875,,,,,07854f41-1d40-3b91-b314-6e23cba6be48,Secondary
Giga,National Academy of Public Administration,National Academy of Public Administration,105.8154067993164,21.02876091003418,,,,,389010f6-e82f-3000-be1c-147abe259027,Unknown
Giga,Nga Bay Secondary School,Nga Bay Secondary School,105.81688690185547,9.812295913696289,,,,,121f45eb-a2b1-3ba0-b276-f90a26db2954,Secondary
Giga,NGOẠI NGỮ MỸ CHÂU,NGOẠI NGỮ MỸ CHÂU,105.34477233886719,10.819866180419922,,,,,d01de046-a689-3584-bcdd-e9784873a0c4,Unknown
Giga,Ngoc Ha Secondary School,Ngoc Ha Secondary School,105.01355743408203,22.83799934387207,,,,,49c4f365-f1f0-374c-965f-4f036163fff4,Secondary
Giga,Ngoc Khanh Primary School,Ngoc Khanh Primary School,105.81494140625,21.02784538269043,,,,,ff1416c4-e398-3d06-814a-c6f4f824bee8,Primary
Giga,Ngoc Lac High School,Ngoc Lac High School,105.37000274658203,20.091594696044922,,,,,04cf73b7-ea9d-3433-a1e1-75452f2aa953,Secondary
Giga,Ngoc Tao High School,Ngoc Tao High School,105.60069274902344,21.089427947998047,,,,,48eff5e3-59e8-3826-bd96-9cc761eadbb0,Secondary
Giga,Ngo May Primary School,Ngo May Primary School,108.24199676513672,16.064340591430664,,,,,12c55bce-b0dc-3f3e-ae83-f87de1f61056,Primary
Giga,Ngo Quyen - Ba Vi High School,Ngo Quyen - Ba Vi High School,105.38772583007812,21.242305755615234,,,,,50d2ae49-1ae6-352b-b222-8cc2f63dbcdb,Secondary
Giga,Ngo Quyen High School,Ngo Quyen High School,107.22844696044922,10.583325386047363,,,,,77103002-c3b3-34e2-8c0b-3f03453681e8,Secondary
Giga,Ngo Quyen Secondary School,Ngo Quyen Secondary School,107.13384246826172,10.94572639465332,,,,,33656ff7-84ed-3141-83b7-379966e7c507,Secondary
Giga,Ngo Si Lien Secondary School,Ngo Si Lien Secondary School,107.11682891845703,10.394976615905762,,,,,98dee4c0-469a-3ff3-a595-31166714bbab,Secondary
Giga,Ngo Thi Nham High School,Ngo Thi Nham High School,105.81009674072266,20.953506469726562,,,,,939bd2be-f8bc-3fd3-9b6c-6fee3f85a9c6,Secondary
Giga,Nguyen Binh Khiem School - Cau Giay,Nguyen Binh Khiem School - Cau Giay,105.78765106201172,21.042003631591797,,,,,32b5b4b4-eeca-3728-952f-3bb5dcd641ae,Unknown
Giga,Nguyen Cong Tru Secondary School,Nguyen Cong Tru Secondary School,107.23025512695312,10.402807235717773,,,,,77e03cee-147f-3173-9f01-b3256020a2a0,Secondary
Giga,Nguyen Dang Dao High School,Nguyen Dang Dao High School,106.0210189819336,21.136377334594727,,,,,75bdf569-ea09-3149-b814-319aa1bd27ef,Secondary
Giga,Nguyen Dang Dao Secondary School,Nguyen Dang Dao Secondary School,106.06407165527344,21.194414138793945,,,,,b8eb444a-9f57-3831-abf8-7024b13157d8,Secondary
Giga,Nguyen Dinh Chieu High School,Nguyen Dinh Chieu High School,106.36561584472656,10.358932495117188,,,,,cdd176d3-6267-3b28-b22e-7bdb6da76f42,Secondary
Giga,Nguyễn Du,Nguyễn Du,108.43836212158203,11.950531005859375,,,,,71e50fa4-2ebe-3e40-b904-4c9f6be3cce7,Unknown
Giga,Nguyễn Du,Nguyễn Du,108.34278106689453,15.88348388671875,,,,,5b576327-277c-3352-acaf-c5821088877a,Unknown
Giga,Nguyen Du High School for the Gifted,Nguyen Du High School for the Gifted,108.07440948486328,12.694873809814453,,,,,7a4993d5-7537-37ce-9a77-c556108a2a4d,Secondary
Giga,Nguyen Du Secondary School,Nguyen Du Secondary School,107.18673706054688,10.489706993103027,,,,,d9bda0eb-3025-3859-b4a7-4658eb3f2b01,Secondary
Giga,Nguyen Du Secondary School,Nguyen Du Secondary School,107.81776428222656,11.637064933776855,,,,,b69497d8-82bb-368b-8e98-a3aae87afcc5,Secondary
Giga,Nguyen Du Secondary School,Nguyen Du Secondary School,106.9004135131836,11.661885261535645,,,,,7132c218-fdc4-303d-b59a-28e35fffd3e5,Secondary
Giga,Nguyen Du - Thanh Oai High School,Nguyen Du - Thanh Oai High School,105.7767333984375,20.814496994018555,,,,,8200703b-1c3d-37eb-bffe-661d846475c0,Secondary
Giga,Nguyen Duy Thi High School,Nguyen Duy Thi High School,105.68816375732422,21.31487274169922,,,,,5ac2aa58-915f-3297-a4aa-8bba63222932,Secondary
Giga,Nguyen Hue High School,Nguyen Hue High School,107.11640167236328,10.39599609375,,,,,cd72565f-1e46-3153-bf03-71df0ac4ba3e,Secondary
Giga,Nguyen Hue High School,Nguyen Hue High School,104.90550231933594,21.725584030151367,,,,,1bd71b7d-6532-3f25-85da-f1b5d90ad530,Secondary
Giga,Nguyen Hue Secondary School,Nguyen Hue Secondary School,107.18191528320312,10.734368324279785,,,,,492e4797-85de-3530-b7dc-b1463f2713b4,Secondary
Giga,Nguyen Hue Secondary School,Nguyen Hue Secondary School,106.18289947509766,11.113743782043457,,,,,e6449f88-0a03-3ab9-9438-5b5375ca62f0,Secondary
Giga,Nguyen Hue Secondary School,Nguyen Hue Secondary School,106.69506072998047,10.754532814025879,,,,,a02dcb64-44b0-3a12-9b78-55cec0e8a586,Secondary
Giga,Nguyen Huu Tho High School,Nguyen Huu Tho High School,106.70472717285156,10.767303466796875,,,,,58db4c93-0772-3eac-8ad4-9301b9c74e3e,Secondary
Giga,Nguyen Khuyen high school,Nguyen Khuyen high school,106.17831420898438,20.428863525390625,,,,,99241fea-ed94-3777-bdd9-0ad0b53e83f6,Secondary
Giga,Nguyen Khuyen High School,Nguyen Khuyen High School,107.1489486694336,10.410412788391113,,,,,f0e28a49-c74d-3cb3-bc2f-9ba2441fbb0b,Secondary
Giga,Nguyen Khuyen High School,Nguyen Khuyen High School,105.97662353515625,9.32363224029541,,,,,828c16bd-603d-391d-8fd6-4ec64416c85f,Secondary
Giga,Nguyen Sieu School,Nguyen Sieu School,105.7901840209961,21.016695022583008,,,,,016fde00-a98a-3f30-93fd-d181c36f5581,Unknown
Giga,Nguyen Tat Thanh High School for the Gifted,Nguyen Tat Thanh High School for the Gifted,108.01426696777344,14.345098495483398,,,,,04996178-3f60-3173-9beb-a411d9b4fe9c,Secondary
Giga,Nguyen Thai Binh Secondary School,Nguyen Thai Binh Secondary School,107.11302947998047,10.379501342773438,,,,,edba7d4c-2e4d-37ff-86b0-3a9461061aaa,Secondary
Giga,Nguyen Thanh Dang Secondary School,Nguyen Thanh Dang Secondary School,107.2076187133789,10.520596504211426,,,,,0583387a-0234-300f-8156-df763d27d73a,Secondary
Giga,Nguyen Thi Dinh Secondary School,Nguyen Thi Dinh Secondary School,107.19615936279297,10.40671157836914,,,,,92a8a8b8-f8f5-3257-88a7-7679cf3c4b0a,Secondary
Giga,Nguyen Thi Minh Khai High School,Nguyen Thi Minh Khai High School,105.75106811523438,21.046829223632812,,,,,e0888146-6657-3914-8203-400decaeb37b,Secondary
Giga,Nguyen Thi Minh Khai High School,Nguyen Thi Minh Khai High School,106.68724822998047,10.77895450592041,,,,,f59afc5e-069e-3bc7-9ca8-4a22dfacdb6d,Secondary
Giga,Nguyen Thi Minh Khai Secondary School,Nguyen Thi Minh Khai Secondary School,105.7373046875,21.077495574951172,,,,,b3de1b5e-cb20-3c75-a070-af89c8ba2189,Secondary
Giga,Nguyen Thi Thap Secondary School,Nguyen Thi Thap Secondary School,106.71239471435547,10.737740516662598,,,,,ac3fcfc3-bda6-30f7-9fca-c0920639e0d7,Secondary
Giga,Nguyen Trai High School,Nguyen Trai High School,106.71206665039062,10.759577751159668,,,,,d88c8bbc-ed54-3b06-a939-76a2e4af9a83,Secondary
Giga,Nguyễn Trãi High School,Nguyễn Trãi High School,108.98876953125,11.568507194519043,,,,,fdb46867-38bd-30bd-925d-57b74be7541f,Secondary
Giga,Nguyen Trai Secondary School,Nguyen Trai Secondary School,107.16271209716797,10.502487182617188,,,,,e5099dae-f109-32d6-bc6e-86c64e4efe3c,Secondary
Giga,Nguyen Trai Secondary School,Nguyen Trai Secondary School,105.82649230957031,21.03095054626465,,,,,380b5bd6-dded-3204-9082-216b4b68bdca,Secondary
Giga,Nguyen Trai Secondary School,Nguyen Trai Secondary School,107.24127197265625,10.930540084838867,,,,,87f44987-29d2-3dd8-809c-2f8985190186,Secondary
Giga,Nguyen Trai Secondary School,Nguyen Trai Secondary School,107.22528076171875,10.425443649291992,,,,,11c391b8-229a-37fc-b62a-07ca0c411634,Secondary
Giga,Nguyen Trai - Thuong Tin High School,Nguyen Trai - Thuong Tin High School,105.85035705566406,20.895936965942383,,,,,f8f68c4b-c6c2-3c16-b577-51631db750a5,Secondary
Giga,Nguyen Tri Phuong Secondary School,Nguyen Tri Phuong Secondary School,105.84281921386719,21.042036056518555,,,,,f3686ebc-9734-39d8-b24f-828372cf47a0,Secondary
Giga,Nguyen Tri Phuong Secondary School,Nguyen Tri Phuong Secondary School,107.6075439453125,16.46501350402832,,,,,76ef510d-2f6b-3cd4-858b-a6c779755286,Secondary
Giga,Nguyen Trung Truc Secondary School,Nguyen Trung Truc Secondary School,107.3309555053711,10.586664199829102,,,,,cad11aa4-f339-3fc0-8f0a-5b4894dd4618,Secondary
Giga,Nguyen Truong To,Nguyen Truong To,107.591552734375,16.46493148803711,,,,,884d9ca6-6fd1-3935-93fb-2dafa0884c32,Unknown
Giga,Nguyen Truong To Secondary School,Nguyen Truong To Secondary School,105.82046508789062,21.02102279663086,,,,,8aa52034-eada-35b5-a41c-888704003d4f,Secondary
Giga,Nguyen Van Cu High School,Nguyen Van Cu High School,105.92984771728516,21.143537521362305,,,,,018cc0ad-59e4-31f7-b344-d29bdc887d8d,Secondary
Giga,Nguyen Van Cu High School,Nguyen Van Cu High School,107.31089782714844,10.644550323486328,,,,,30128b8b-43cd-3478-b63f-168f0ef94cf3,Secondary
Giga,Nguyen Van Cu High School,Nguyen Van Cu High School,105.92948913574219,21.143875122070312,,,,,82a12620-48d3-329e-8427-98446647f9e6,Secondary
Giga,Nguyen Van Cu Secondary and High School,Nguyen Van Cu Secondary and High School,108.1020278930664,13.806437492370605,,,,,9ab763ef-a4f2-38b0-916d-a6f7bace6353,Secondary
Giga,Nguyen Van Linh Secondary School,Nguyen Van Linh Secondary School,107.08897399902344,10.360984802246094,,,,,5ed492a9-5ee8-37b6-940c-4f707fb31363,Secondary
Giga,Nguyễn văn rành,Nguyễn văn rành,106.42378997802734,10.521075248718262,,,,,d2557ece-12f8-38f6-b70a-383964873720,Unknown
Giga,Nguyen Van Thang Secondary School,Nguyen Van Thang Secondary School,106.46507263183594,10.512989044189453,,,,,693adf00-ab62-37b9-9db0-9df566237eed,Secondary
Giga,Nguyen Van Troi High School,Nguyen Van Troi High School,105.64835357666016,20.844417572021484,,,,,c854b47a-2d69-3f01-90e3-65f23251b070,Secondary
Giga,Nguyen Vinh Nghiep Middle School,Nguyen Vinh Nghiep Middle School,106.6190414428711,10.8345947265625,,,,,424cc607-f349-3244-98ba-16f7e195c4b9,Secondary
Giga,Nhà cô giáo lớp 2,Nhà cô giáo lớp 2,105.9754638671875,20.244932174682617,,,,,bd082f0e-c995-313f-9f60-d9d668ed7262,Unknown
Giga,Nhà ông Vinh Nga,Nhà ông Vinh Nga,105.8537368774414,21.556901931762695,,,,,e49249a7-efa1-3f56-8f26-976dcb864b94,Unknown
Giga,Nhà Sách Fahasa Cây Gõ,Nhà Sách Fahasa Cây Gõ,106.58018493652344,10.673998832702637,,,,,6b064bb2-ad29-3cea-a1d1-a837f4e30c9e,Unknown
Giga,nhà thiếu nhi,nhà thiếu nhi,105.00151062011719,10.422986030578613,,,,,9ddd9645-6fcf-31cf-9df5-967eecc28b4e,Unknown
Giga,Nhật ngữ Phương Đức,Nhật ngữ Phương Đức,105.7748031616211,10.034733772277832,,,,,51c07937-81d8-3204-892f-a4fc6368e8ed,Unknown
Giga,Nhà trẻ Bông Sen,Nhà trẻ Bông Sen,108.72618865966797,11.22779655456543,,,,,7228a528-f299-3176-a7eb-0b4cd139b3c8,Unknown
Giga,Nhat Tao Junior High School,Nhat Tao Junior High School,106.41575622558594,10.538806915283203,,,,,fb54de46-1baa-3dbd-bdf8-f5de99a40263,Primary
Giga,Nhà Văn Hoá Thôn Cát Lư,Nhà Văn Hoá Thôn Cát Lư,106.0363540649414,20.990331649780273,,,,,7393a492-0979-3fd6-9ee3-9afbdc269452,Unknown
Giga,Ninh Duong Junior High School,Ninh Duong Junior High School,107.96084594726562,21.51946449279785,,,,,34a093fb-34a6-3667-8fb8-ac3499b087f5,Primary
Giga,Pa Tan Minority Secondary School,Pa Tan Minority Secondary School,103.19760131835938,22.46360206604004,,,,,e762443b-510e-34ab-ae34-9108bf0eeb03,Secondary
Giga,Pathway Academy - Cơ sở Thạnh Mỹ Lợi,Pathway Academy - Cơ sở Thạnh Mỹ Lợi,106.75799560546875,10.764951705932617,,,,,e0dda4ba-2bdb-322b-a528-4c47171947f2,Unknown
Giga,Pham Van Coi Secondary School,Pham Van Coi Secondary School,106.52304077148438,11.031729698181152,,,,,f4023b18-ee33-3179-9fcc-73406d04dea2,Secondary
Giga,Pham Van Dong High School,Pham Van Dong High School,109.19957733154297,12.21252727508545,,,,,6ce96caf-4bd6-3e70-b471-c8875e126b92,Secondary
Giga,Phan Boi Chau Secondary School,Phan Boi Chau Secondary School,107.04913330078125,10.641779899597168,,,,,1bc4a5e3-c8b5-3f65-8377-7803378df17d,Secondary
Giga,Phan Chu Trinh Secondary School,Phan Chu Trinh Secondary School,107.05623626708984,10.62249755859375,,,,,c7cf0f03-458c-3e1b-bd36-c814d2bae272,Secondary
Giga,Phan Chu Trinh Secondary School,Phan Chu Trinh Secondary School,105.81426239013672,21.027891159057617,,,,,01b27b1f-afbb-3549-92a5-0c49db32a9db,Secondary
Giga,Phan Dinh Phung High School,Phan Dinh Phung High School,105.84278869628906,21.041213989257812,,,,,371bdf5a-cf9d-3e9f-a004-1d9aa24bda7f,Secondary
Giga,Phan Dinh Phung Secondary School,Phan Dinh Phung Secondary School,107.24498748779297,10.681099891662598,,,,,40013594-6025-34bd-a692-26e06b8a11a0,Secondary
Giga,Phân hiệu THPT Lê Thị Hồng Gấm,Phân hiệu THPT Lê Thị Hồng Gấm,106.6912612915039,10.784259796142578,,,,,e7ad9ae4-3113-3fde-bf0b-4d054cad1ea4,Unknown
Giga,Phan Huy Chu - Quoc Oai High School,Phan Huy Chu - Quoc Oai High School,105.64644622802734,21.016633987426758,,,,,502b552f-8e66-3d18-8f34-f6062b64a6b2,Secondary
Giga,Phân Viện Phật Học Miền Nam,Phân Viện Phật Học Miền Nam,106.77363586425781,10.815971374511719,,,,,851a5624-0e69-39c6-901b-1aaec1eb6011,Unknown
Giga,Phòng giáo dục đào tạo Khánh Vĩnh,Phòng giáo dục đào tạo Khánh Vĩnh,108.90924835205078,12.278493881225586,,,,,5c5e2c7a-eb8c-3a17-848b-f6ffa8056906,Unknown
Giga,Phong Tho High School,Phong Tho High School,103.2966079711914,22.542329788208008,,,,,24074b0e-4bad-3966-aa7c-47c4db085432,Secondary
Giga,Phổ thông Cao đẳng – FPT Polytechnic Hà Nội (Cơ sở 1),Phổ thông Cao đẳng – FPT Polytechnic Hà Nội (Cơ sở 1),105.74665069580078,21.038068771362305,,,,,6e7c36a1-6e14-32ec-972b-0b1af2b2b6aa,Unknown
Giga,Phổ thông Cao đẳng – FPT Polytechnic Hà Nội (Cơ sở 2),Phổ thông Cao đẳng – FPT Polytechnic Hà Nội (Cơ sở 2),105.9035873413086,21.036535263061523,,,,,b3787f51-250f-3bf5-84b4-b56363757626,Unknown
Giga,Phổ thông Cao đẳng – FPT Polytechnic Hà Nội (Cơ sở 3),Phổ thông Cao đẳng – FPT Polytechnic Hà Nội (Cơ sở 3),105.75114440917969,21.041255950927734,,,,,394bf694-7233-3038-905a-5c82dc9469c0,Unknown
Giga,Phổ thông Cao đẳng – FPT Polytechnic Hà Nội (Cơ sở 4),Phổ thông Cao đẳng – FPT Polytechnic Hà Nội (Cơ sở 4),105.76335906982422,20.961402893066406,,,,,eb58ca46-3323-35ad-944d-f3815388438f,Unknown
Giga,Phổ thông Thái Bình Dương,Phổ thông Thái Bình Dương,105.78336334228516,10.047329902648926,,,,,21b75b0a-400a-3255-9061-0b08667467a9,Unknown
Giga,Phuc Lam Secondary School,Phuc Lam Secondary School,105.70687866210938,20.809850692749023,,,,,6e141a7a-c536-3f64-9383-bdd6fba525ac,Secondary
Giga,Phuc Loi High School,Phuc Loi High School,105.92449951171875,21.04678726196289,,,,,501afd51-8b66-38aa-b763-e8036fbcb7d7,Secondary
Giga,Phuc Loi Secondary School,Phuc Loi Secondary School,105.92562103271484,21.04755210876465,,,,,c19090b6-7d59-35d0-af5d-3444c969d6a5,Secondary
Giga,Phuc Tho High School,Phuc Tho High School,105.54843139648438,21.12035369873047,,,,,6b0430ef-4f7d-3bc4-af39-4ad8c58158e7,Secondary
Giga,Phuc Xa Secondary School,Phuc Xa Secondary School,105.84972381591797,21.04625701904297,,,,,ba57d1d7-9208-33e2-afab-0526881dc49a,Secondary
Giga,Phu Lam High School,Phu Lam High School,106.63097381591797,10.755732536315918,,,,,2f36e287-df4f-3bf9-aced-d16eb68aa9b2,Secondary
Giga,Phu Minh Secondary School,Phu Minh Secondary School,105.91984558105469,20.783906936645508,,,,,efd42a3c-6230-3938-b526-9c086c105ad1,Secondary
Giga,Phu My High School,Phu My High School,107.06173706054688,10.595929145812988,,,,,5dda90f1-0efa-32ff-a217-563d8f1aede4,Secondary
Giga,Phu My Secondary School,Phu My Secondary School,107.06121826171875,10.583884239196777,,,,,adc64a4d-de75-3161-935a-3262bfb965cf,Secondary
Giga,Phung Khac Khoan - Thach That High School,Phung Khac Khoan - Thach That High School,105.60733032226562,21.02315902709961,,,,,f1adbeda-eef6-3681-ab7b-7145d7c5458f,Secondary
Giga,Phu Nhuan High School,Phu Nhuan High School,106.67576599121094,10.809425354003906,,,,,f6dd52be-d54f-3b3a-ab2e-4cd7b3c48b88,Secondary
Giga,Phù Ninh  Phú Thọ,Phù Ninh  Phú Thọ,105.38436126708984,21.386320114135742,,,,,d6a2802a-071a-30e2-b643-02e95cf3f244,Unknown
Giga,Phù Ninh  Phú Thọ,Phù Ninh  Phú Thọ,105.3695297241211,21.414705276489258,,,,,aae9e1c3-1aa0-3597-9a80-5836b70e7c91,Unknown
Giga,Phuoc Binh High School,Phuoc Binh High School,106.95899963378906,11.825567245483398,,,,,2e18d113-c613-37dd-b330-c6d103587ab0,Secondary
Giga,Phuoc Buu High School,Phuoc Buu High School,107.41436767578125,10.53644847869873,,,,,7144a86a-a92d-36ea-9a70-4271cc574098,Secondary
Giga,phuoc cat 1 highschool,phuoc cat 1 highschool,107.31194305419922,11.566393852233887,,,,,d2957ab8-9a78-3ada-a5f6-a387a47619da,Secondary
Giga,Phuoc Hai 2 Secondary School,Phuoc Hai 2 Secondary School,107.28759765625,10.428034782409668,,,,,1c913f4e-6919-3a9e-9841-9e4bf6de2e6c,Secondary
Giga,Phuoc Hai Secondary School,Phuoc Hai Secondary School,107.28325653076172,10.415613174438477,,,,,684978af-5541-37df-923a-37763bbf81b7,Secondary
Giga,Phuoc Hoa Secondary School,Phuoc Hoa Secondary School,107.07044219970703,10.54203987121582,,,,,e0948091-eb10-3b60-9ffe-100c2bec82a5,Secondary
Giga,Phuoc Hoi Secondary School,Phuoc Hoi Secondary School,107.29122161865234,10.451152801513672,,,,,03cf0c1b-521f-304c-9e85-59e18e6e6ca2,Secondary
Giga,Phước Hưng Secondary School,Phước Hưng Secondary School,107.17903900146484,10.513607025146484,,,,,64cb2bd2-905c-329d-a9d9-98d3ecf2cdfe,Secondary
Giga,Phuoc Long High School,Phuoc Long High School,106.99822998046875,11.854196548461914,,,,,55d0f136-a191-33cb-93d5-3ff13c17f68b,Secondary
Giga,Phuoc Nguyen Secondary School,Phuoc Nguyen Secondary School,107.18480682373047,10.493143081665039,,,,,9c629036-ce11-3c55-b6e2-f1da194ba4a3,Secondary
Giga,Phuoc Tan Secondary School,Phuoc Tan Secondary School,107.3904037475586,10.54800796508789,,,,,af6b3f63-2a71-3440-b2e6-5141eaf2ed50,Secondary
Giga,Phuoc Thanh Secondary School,Phuoc Thanh Secondary School,107.2654037475586,10.501428604125977,,,,,431fd3a1-2034-3cb3-940d-8934c7d9a6a2,Secondary
Giga,Phuoc Thuan Secondary School,Phuoc Thuan Secondary School,107.40245819091797,10.512972831726074,,,,,824e52bf-eb7e-3e77-83fd-ab8bfce3ff08,Secondary
Giga,Phuong Canh Secondary School,Phuong Canh Secondary School,105.73938751220703,21.035722732543945,,,,,99676b0e-a6b2-3f51-8bc4-fddbff028b41,Secondary
Giga,Phuong Lien English Centre,Phuong Lien English Centre,106.66268920898438,20.84917640686035,,,,,0956c85b-9128-3e34-a2c1-e9e546181fd8,Unknown
Giga,Phuong Lien English Centre,Phuong Lien English Centre,106.66232299804688,20.848953247070312,,,,,95b25226-f7a1-36dd-83cf-f626f048a2bd,Unknown
Giga,Phuong Lieu Kindergarten,Phuong Lieu Kindergarten,106.12710571289062,21.161468505859375,,,,,6144d518-8219-397c-9c9e-01d8474fea5d,Pre-Primary
Giga,Phuong Lieu Secondary School,Phuong Lieu Secondary School,106.12069702148438,21.163169860839844,,,,,f4f701e4-2cc8-3f91-a100-f5cb5720c695,Secondary
Giga,Phuong Tien Secondary & High School,Phuong Tien Secondary & High School,104.92216491699219,22.86091423034668,,,,,aac57957-172c-3ec0-afed-bc35f373c4e2,Secondary
Giga,Phu Quoi Secondary and High School,Phu Quoi Secondary and High School,105.91777801513672,10.161370277404785,,,,,8cd278e8-87e5-360a-b3db-6a5ea4584229,Secondary
Giga,Phu Quoi Secondary and High School,Phu Quoi Secondary and High School,105.92340850830078,10.160937309265137,,,,,542534b7-8bf0-38ac-86df-4529c1791ecc,Secondary
Giga,Phu Rieng High School,Phu Rieng High School,106.9046859741211,11.659363746643066,,,,,f46eba4b-2a68-3457-a94d-ff6a312c81e7,Secondary
Giga,Phu Xuyen A High School,Phu Xuyen A High School,105.91300201416016,20.75554847717285,,,,,10abdf34-8448-3ccc-a308-5fe2313032cd,Secondary
Giga,Phu Xuyen B High School,Phu Xuyen B High School,105.94116973876953,20.70882797241211,,,,,ae68377f-efd5-3a97-9531-cd7406079336,Secondary
Giga,Pingo English School,Pingo English School,108.23297119140625,16.06566047668457,,,,,1ec8224c-f665-3f92-92ef-810ce32f929b,Unknown
Giga,Pingo English Tho Quang,Pingo English Tho Quang,108.24171447753906,16.088855743408203,,,,,5c70b4bf-aa8c-3cdf-b89b-2cf73fce49c0,Unknown
Giga,Popodoo English Centre,Popodoo English Centre,105.8052978515625,21.010068893432617,,,,,aa9c139c-fb3b-3c9d-9faa-25c58daf44a2,Unknown
Giga,preschool,preschool,105.69186401367188,9.420112609863281,,,,,3e97fe07-c393-3db4-bc21-cf3b2cea82e4,Unknown
Giga,primary school,primary school,105.76953125,10.03799819946289,,,,,ae4298c3-4a0e-320d-9779-d6f9ec952a5f,Primary
Giga,PTDTBT THCS Thẳm Dương,PTDTBT THCS Thẳm Dương,104.1114501953125,22.047771453857422,,,,,17992458-f998-3134-b57a-a77b90a75b88,Unknown
Giga,Quan Ba High School,Quan Ba High School,104.9882583618164,23.072566986083984,,,,,0147eff1-fa08-32cc-9246-a9fe964864f5,Secondary
Giga,Quang Binh High School,Quang Binh High School,104.58750915527344,22.404375076293945,,,,,b35885a0-412a-3f0f-92ec-fc1a4d231408,Secondary
Giga,Quang Chanh Private School,Quang Chanh Private School,107.24786376953125,10.938397407531738,,,,,856dd673-7e7f-39fc-968e-337862f04d3c,Unknown
Giga,Quang Minh High School,Quang Minh High School,105.7555923461914,21.212156295776367,,,,,80e4443c-5d87-3de5-b7a3-2dbe03e41cda,Secondary
Giga,Quang Oai High School,Quang Oai High School,105.42562866210938,21.19624137878418,,,,,caedbed6-c530-34c6-ba1b-1abd2447e844,Secondary
Giga,Quang Thanh Secondary School,Quang Thanh Secondary School,107.27928924560547,10.69986629486084,,,,,1ce3b516-e747-3b14-8e31-83f85ac5dc9d,Secondary
Giga,Quang Trung - Ha Dong High School,Quang Trung - Ha Dong High School,105.76728820800781,20.96640968322754,,,,,3128bd27-a182-3f4a-9a9c-6cf8b4d072ec,Secondary
Giga,Quang Trung High school,Quang Trung High school,108.91478729248047,13.913089752197266,,,,,e99fb9ac-4d13-3c84-9fc1-b388201df664,Secondary
Giga,Quang Trung Secondary School,Quang Trung Secondary School,106.69781494140625,10.754810333251953,,,,,08708801-1ec0-31f0-b4d0-752dd903b779,Secondary
Giga,Quang Trung Secondary School,Quang Trung Secondary School,107.20924377441406,10.574814796447754,,,,,1738fe73-c301-3eca-be5c-8b6363bb20a8,Secondary
Giga,Que Vo No 1 High School,Que Vo No 1 High School,106.14868927001953,21.162830352783203,,,,,d5ecef0d-2720-34ee-88ee-88be4812acda,Secondary
Giga,Que Vo No 1 High School,Que Vo No 1 High School,106.14859008789062,21.162734985351562,,,,,cb2994b5-6055-34cf-b172-bfb3e9d2536d,Secondary
Giga,Quoc Hoc Hue High School for the Gifted,Quoc Hoc Hue High School for the Gifted,107.58381652832031,16.45953369140625,,,,,64fee42d-7967-300b-9383-d6f4ab8c2409,Secondary
Giga,Quoc Oai High School,Quoc Oai High School,105.64484405517578,20.99169158935547,,,,,7de79f13-20ae-352b-89a7-b8f396cd5b8e,Secondary
Giga,Quyet Thang High School,Quyet Thang High School,103.42475891113281,22.41092872619629,,,,,2d173e88-13b5-31ac-b6b7-f254fa79a4a7,Secondary
Giga,Quyet Thang Secondary School,Quyet Thang Secondary School,103.42784881591797,22.406362533569336,,,,,eb2a18fb-f2dd-3328-820b-37a9cd9c9283,Secondary
Giga,Quyet Thang Secondary School,Quyet Thang Secondary School,103.91876220703125,21.326936721801758,,,,,fa54dfcb-3934-38ed-8ed7-04ac69307ce7,Secondary
Giga,Quyet Tien High School,Quyet Tien High School,104.95835876464844,23.01975440979004,,,,,d12a9c98-7c09-3062-b9a4-b14b8aa52e7f,Secondary
Giga,Reigate Grammar School Vietnam,Reigate Grammar School Vietnam,105.83365631103516,20.974851608276367,,,,,4be597e3-2eaa-3529-adf5-098522b52b73,Secondary
Giga,Renaissance International School SaiGon RISS,Renaissance International School SaiGon RISS,106.68695831298828,10.78175163269043,,,,,961adefa-fb24-3b6d-8ab1-7478d0d5e127,Unknown
Giga,Sai Dong Secondary School,Sai Dong Secondary School,105.91110229492188,21.03257942199707,,,,,84358e56-4a72-3d63-ac40-f5e3674e2dab,Secondary
Giga,Sai Gon International University,Sai Gon International University,106.7322998046875,10.805497169494629,,,,,a6bf925c-3e21-3da8-baae-fab25a4ec4b2,Post-Secondary
Giga,Sân chính,Sân chính,106.71226501464844,20.842910766601562,,,,,0c5d39ee-bf90-3b00-a417-9db6a67b1e7b,Unknown
Giga,Sân giữa,Sân giữa,106.7116470336914,20.84307098388672,,,,,9259baf0-1469-39d4-af36-01df3b5e2bd6,Unknown
Giga,Sân Nhà Văn Hoá Thôn Nghĩa Lộ,Sân Nhà Văn Hoá Thôn Nghĩa Lộ,106.0457992553711,20.98629379272461,,,,,13ee7c63-bbd8-31cf-8ad4-1cf249478453,Unknown
Giga,Sân Nhà Văn Hoá Thôn Văn Ổ,Sân Nhà Văn Hoá Thôn Văn Ổ,106.05623626708984,20.997802734375,,,,,8291b15e-cf2b-39f7-955c-44c587ebfdc6,Unknown
Giga,Sân phụ,Sân phụ,106.71208190917969,20.843290328979492,,,,,be13b0dc-421d-3a04-90cb-a614ac4e8ccc,Unknown
Giga,School,School,105.9718246459961,17.708513259887695,,,,,67f890f6-b28b-3db6-8fa5-c2d9f46b5735,Unknown
Giga,School,School,105.93333435058594,20.215280532836914,,,,,849fd866-6659-3a18-b747-6d97addc562b,Unknown
Giga,School,School,106.36233520507812,17.593135833740234,,,,,9ab26c47-8e4c-3caf-9a21-97b93834f75c,Unknown
Giga,Schulgelände,Schulgelände,106.74811553955078,10.805449485778809,,,,,408fa954-c588-396c-b707-3af30fa3b5f7,Unknown
Giga,Secondary School Bac Ha,Secondary School Bac Ha,104.29190063476562,22.542333602905273,,,,,14129ef0-b6b7-3412-b67e-84a3be679e42,Secondary
Giga,Sedbergh Vietnam BCIS,Sedbergh Vietnam BCIS,106.72818756103516,10.714522361755371,,,,,54a8b9be-3e87-3bdf-ab0e-b8be2f81b824,Unknown
Giga,SenTia School,SenTia School,105.7950210571289,20.994234085083008,,,,,adf20d91-e517-3a2f-8c47-179ffc6d4ebe,Unknown
Giga,SHTP Training Center,SHTP Training Center,106.78639221191406,10.854897499084473,,,,,8f201ba9-28d5-3296-8e6d-611c5e9d0cf2,Unknown
Giga,Singapore International School,Singapore International School,107.08721160888672,10.375024795532227,,,,,99f57db1-5610-3495-a26f-ea5c9ff3888f,Unknown
Giga,Singapore International School,Singapore International School,105.87496948242188,20.969724655151367,,,,,ceb4ef36-db09-3ae8-bdb5-e4fd36d17570,Unknown
Giga,Singapore International School,Singapore International School,106.69237518310547,10.736665725708008,,,,,e081149d-2dd9-3d43-a6ce-0eb091e72444,Unknown
Giga,Singapore International School,Singapore International School,105.80220031738281,21.075170516967773,,,,,d351891a-1646-3a76-aaf0-e5397b448d1c,Unknown
Giga,Singapore Vietnam International School (Nha Trang),Singapore Vietnam International School (Nha Trang),109.16693115234375,12.259392738342285,,,,,53b1e6f0-43ec-317e-9155-ec375b112414,Unknown
Giga,Sin Ho District Boarding School for Minorities,Sin Ho District Boarding School for Minorities,103.25140380859375,22.359142303466797,,,,,4070def2-aa7a-3d14-b8e4-60894324f6fb,Unknown
Giga,SKY-LINE Riverside (cơ sở 1),SKY-LINE Riverside (cơ sở 1),108.23005676269531,16.030515670776367,,,,,210b1a89-d42e-3f70-a918-150bd9921468,Unknown
Giga,Smart Bee Center,Smart Bee Center,105.8580093383789,20.995676040649414,,,,,55a38e4c-fd7f-31d1-8e64-757c454cc4e5,Unknown
Giga,Soc Son High School,Soc Son High School,105.84133911132812,21.20018768310547,,,,,4485fcd7-2af0-3c6d-a93f-17bfdd60455a,Secondary
Giga,So GDDT Ninh thuan,So GDDT Ninh thuan,108.99016571044922,11.56486701965332,,,,,e1aa914e-bd60-395f-a091-3eb852e5d205,Unknown
Giga,Solar Yen So,Solar Yen So,105.86846160888672,20.96735382080078,,,,,b585f56a-3052-3519-b96f-b808b3ce253e,Unknown
Giga,Song Lo High School,Song Lo High School,105.41776275634766,21.369056701660156,,,,,516e2bb4-a675-3df3-9214-acc03949db6d,Secondary
Giga,Sông Lô  Vinhyx Phúc,Sông Lô  Vinhyx Phúc,105.4554672241211,21.329622268676758,,,,,61a6c71d-599d-37c4-9daa-6d6a18953a02,Unknown
Giga,Son Loi Secondary School,Son Loi Secondary School,105.67951965332031,21.27347755432129,,,,,c24206eb-6e30-32b5-b2a2-df07fb21e0d7,Secondary
Giga,Son Tay High School,Son Tay High School,105.49734497070312,21.142337799072266,,,,,29e96f17-dff9-3796-acfb-109a46a50028,Secondary
Giga,Sophia English Centre,Sophia English Centre,108.23190307617188,16.069860458374023,,,,,d52b8f85-80a5-312c-a68b-8b4d1e7edf01,Unknown
Giga,South Saigon Highschool,South Saigon Highschool,106.72380828857422,10.723672866821289,,,,,5e3bb45b-7596-31c2-b5d5-f557d6d5ab6f,Secondary
Giga,St. Nicholas International School,St. Nicholas International School,108.20832824707031,16.031496047973633,,,,,32f7d5e5-0658-3ec6-b644-cdff9601f5a1,Unknown
Giga,St. Paul American School Hanoi,St. Paul American School Hanoi,105.72509002685547,21.01805305480957,,,,,e0959f77-d1ac-32f5-9ded-4816279f1301,Unknown
Giga,St. Vincent Charity School 1,St. Vincent Charity School 1,108.01310729980469,14.34467601776123,,,,,072abc37-b7c4-32d0-85a9-8067e78f77eb,Unknown
Giga,St. Vincent Charity School 3,St. Vincent Charity School 3,108.05121612548828,14.369718551635742,,,,,dd13fda2-ba52-3963-b005-e46d389b258f,Unknown
Giga,St. Vincent Charity School 4,St. Vincent Charity School 4,108.09480285644531,14.371288299560547,,,,,13517e0f-daa9-372e-a138-2570f0994393,Unknown
Giga,St. Vincent Charity School 5,St. Vincent Charity School 5,108.04122161865234,14.340606689453125,,,,,958728a4-2b1a-3608-b97c-df4136747843,Unknown
Giga,St. Vincent Charity School 6,St. Vincent Charity School 6,108.10790252685547,14.37765884399414,,,,,14b65bf0-e24a-3475-82d6-8dc17f9a0859,Unknown
Giga,Sunny Preschoool,Sunny Preschoool,108.00933837890625,14.344444274902344,,,,,7b2e12aa-c41b-3006-affa-659d031bc089,Unknown
Giga,Sunny Surf Lesson & Rental,Sunny Surf Lesson & Rental,108.24853515625,16.051485061645508,,,,,c5d0c0ca-bb25-35f5-aa9e-2ebadaada27f,Unknown
Giga,Su Pan school,Su Pan school,103.9232177734375,22.29330825805664,,,,,9be5499a-8e5e-3bba-9925-0b9d4800cf46,Unknown
Giga,Surf Shack Surf Lesson & Rental,Surf Shack Surf Lesson & Rental,108.2489013671875,16.050273895263672,,,,,d626b5e9-674f-3b0d-a61a-3bb8aafed8b4,Unknown
Giga,T78 Friendship School,T78 Friendship School,105.5264892578125,21.119373321533203,,,,,42ac37fb-5c4b-37bf-8276-ac30cc100578,Unknown
Giga,Taipei School In HoChiMinh City,Taipei School In HoChiMinh City,106.73130798339844,10.723885536193848,,,,,f4214090-b435-3fae-8edc-7f4cf8fcf1dd,Unknown
Giga,Tam Duong High School,Tam Duong High School,103.6202621459961,22.322214126586914,,,,,b144992a-b0d5-32bb-aff2-96cb045027d3,Secondary
Giga,Tam Đường Town Secondary School,Tam Đường Town Secondary School,103.62144470214844,22.3216495513916,,,,,95f16b72-44a2-3e58-b3ed-ed2cdbce024c,Secondary
Giga,Tam Son Town Secondary School,Tam Son Town Secondary School,104.98760986328125,23.072757720947266,,,,,5c731545-1cdd-3482-a182-0f907316305b,Secondary
Giga,Tam Thanh Secondary School,Tam Thanh Secondary School,108.94568634033203,10.510011672973633,,,,,9ed536aa-7bb0-3c32-8496-b0310412b872,Secondary
Giga,Tan An High School,Tan An High School,106.42479705810547,10.536075592041016,,,,,6e32d1e6-7d51-35df-a9bf-adc6d0337211,Secondary
Giga,Tan Hiep Town Secondary School,Tan Hiep Town Secondary School,105.28233337402344,10.113385200500488,,,,,01fc0d2d-a217-3a86-a367-7cb109763c75,Secondary
Giga,Tan Hung Secondary School,Tan Hung Secondary School,107.17529296875,10.525763511657715,,,,,1ec3d0fe-a586-30dc-9e6b-3ce1c3299669,Secondary
Giga,Tan Lam Secondary School,Tan Lam Secondary School,107.4038314819336,10.719475746154785,,,,,b1febdf4-0f9a-3678-904f-b77294c41644,Secondary
Giga,Tan Lap High School,Tan Lap High School,105.71739959716797,21.08756446838379,,,,,c904e144-4456-380c-b970-068c68c88dc8,Secondary
Giga,Tan Nghia Secondary School,Tan Nghia Secondary School,107.72087097167969,10.800344467163086,,,,,b2b7b3e2-b3b7-3166-a437-5c478c4aae5d,Secondary
Giga,Tan Phuoc Secondary School,Tan Phuoc Secondary School,107.06124114990234,10.567187309265137,,,,,b8533a8b-d43b-3912-a32b-61e9b2ae04e6,Secondary
Giga,Tan Phu Trung Secondary School,Tan Phu Trung Secondary School,106.5407943725586,10.941681861877441,,,,,51c5e95a-59b8-3f22-825b-d5709fdce5d3,Secondary
Giga,Tan Quang High School,Tan Quang High School,104.86590576171875,22.479867935180664,,,,,c5020128-2060-34c2-a696-3652d9fa15a5,Secondary
Giga,Tay Giang High School,Tay Giang High School,107.48737335205078,15.881001472473145,,,,,1bcf54a0-a511-3446-a1de-22b947672b5a,Secondary
Giga,Tay Giang Secondary Residential School,Tay Giang Secondary Residential School,107.49162292480469,15.881871223449707,,,,,a72f4efb-73f3-3c1a-8e63-b84e0d708cc3,Secondary
Giga,Tây Nam High School,Tây Nam High School,106.56857299804688,11.076092720031738,,,,,7900b6f3-273a-3127-957e-8ca998e542a4,Secondary
Giga,TE! Club,TE! Club,105.80088806152344,21.007076263427734,,,,,f4bd966c-f150-3cc3-bcb9-7a42692cf013,Unknown
Giga,Thach That High School,Thach That High School,105.56816864013672,21.05143165588379,,,,,c39c91fe-a4ce-381b-9401-e2616691ebb3,Secondary
Giga,Tham Don Secondary School,Tham Don Secondary School,105.93949890136719,9.511722564697266,,,,,c7f81de5-f5a0-382f-9ac3-57d16d23c5d6,Secondary
Giga,Thang Long Gifted High School,Thang Long Gifted High School,108.43675994873047,11.937283515930176,,,,,0e1dd51e-2ae3-3ce7-bcd1-e026c7841106,Secondary
Giga,Thanh Am Secondary School,Thanh Am Secondary School,105.89312744140625,21.07435417175293,,,,,49fbd82c-90c4-3a43-8510-60ed247522d4,Secondary
Giga,Thanh Oai A High School,Thanh Oai A High School,105.77767181396484,20.84920310974121,,,,,8c724b8f-7dab-37fb-8bab-1407baf97302,Secondary
Giga,Thanh Oai B High School,Thanh Oai B High School,105.7770767211914,20.890840530395508,,,,,347a6b6c-6bf1-3c4c-b75d-875297ede547,Secondary
Giga,Thanh Quan Secondary School,Thanh Quan Secondary School,105.84740447998047,21.037752151489258,,,,,4bfdcc1b-2ea3-3b7d-8a40-fc5ba376661e,Secondary
Giga,TH Chu Văn An,TH Chu Văn An,106.18045043945312,20.441415786743164,,,,,b8750da7-df61-3e09-b2ff-1515f1e197ad,Unknown
Giga,THCS An Bình A,THCS An Bình A,105.36444091796875,10.755803108215332,,,,,39242edc-9965-3b9d-b5c9-1c64623d9351,Unknown
Giga,THCS An Châu,THCS An Châu,105.3943099975586,10.439172744750977,,,,,008f4980-3b76-3c58-aaee-7768fffe7240,Unknown
Giga,THCS AN THẠNH,THCS AN THẠNH,105.34395599365234,10.819986343383789,,,,,eda968b5-33b7-31e1-95f8-60918d2f65a6,Unknown
Giga,THCS Bình Khánh,THCS Bình Khánh,105.41737365722656,10.392457962036133,,,,,57e81768-d33a-32e4-b07e-2d408cec668e,Unknown
Giga,THCS Bình Mỹ,THCS Bình Mỹ,105.29492950439453,10.543872833251953,,,,,b7911736-44c8-399f-bf5c-1ba28138154f,Unknown
Giga,THCS Bình Phước,THCS Bình Phước,106.025634765625,10.169594764709473,,,,,c3d2ffde-fdf5-319f-ac49-658448640930,Unknown
Giga,THCS Bình Thủy,THCS Bình Thủy,105.32029724121094,10.516705513000488,,,,,059e1c79-c097-3f69-928c-2bd00935558d,Unknown
Giga,THCS Cái Dầu,THCS Cái Dầu,105.23761749267578,10.572712898254395,,,,,077d863e-e15d-34ca-a02e-1741aa933252,Unknown
Giga,THCS Châu Giang,THCS Châu Giang,105.97774505615234,20.661537170410156,,,,,35e58cc4-590f-311f-bcc0-ae29f4f1699a,Unknown
Giga,THCS Châu Phong,THCS Châu Phong,105.13068389892578,10.721473693847656,,,,,70959ee6-d623-3fa8-8844-7b75ae6a915b,Unknown
Giga,THCS Châu Phú A,THCS Châu Phú A,105.0990219116211,10.706812858581543,,,,,ce578db0-692f-3dde-b107-4c057bce1f3b,Unknown
Giga,THCS Đằng Hải,THCS Đằng Hải,106.71687316894531,20.841350555419922,,,,,47ae3a6f-3baf-3773-b1cd-69b6e71a2e0a,Unknown
Giga,THCS Đa Phước,THCS Đa Phước,105.12132263183594,10.755699157714844,,,,,58688233-1387-3cf3-b3da-0c841309cf17,Unknown
Giga,Thcs Đinh Tiên Hoàng,Thcs Đinh Tiên Hoàng,105.98624420166016,20.24778938293457,,,,,cacb056f-e3c6-322b-9c21-f87f458ca524,Unknown
Giga,THCS Đông Bình,THCS Đông Bình,105.8325424194336,10.040885925292969,,,,,454c84ea-3394-352e-8773-7cad763dd5ec,Unknown
Giga,THCS Đồng Tân,THCS Đồng Tân,105.8360595703125,20.712331771850586,,,,,4607f1b7-471d-3390-a68a-c857d8d89e55,Unknown
Giga,THCS Đồng Tiến,THCS Đồng Tiến,105.74205780029297,20.737457275390625,,,,,0d733969-0dac-3fe1-beca-992f20c30efc,Unknown
Giga,THCS Đông Vinh,THCS Đông Vinh,106.39393615722656,20.52470588684082,,,,,e9a07981-af11-3d8d-95a7-38b9f429e8ba,Unknown
Giga,THCS Đức Thuận,THCS Đức Thuận,107.697509765625,11.083789825439453,,,,,d9a598a2-0cb5-3868-ae4a-54b0b9de113d,Unknown
Giga,THCS Dư Hàng Kênh,THCS Dư Hàng Kênh,106.67868041992188,20.83604621887207,,,,,599e41b5-eb7a-31c6-92d0-9816ab4c12b6,Unknown
Giga,THCS Giao Xuân,THCS Giao Xuân,106.48136901855469,20.23397445678711,,,,,76fb570a-04e3-3b84-9922-797351f63679,Unknown
Giga,THCS Hiệp Bình,THCS Hiệp Bình,106.71842193603516,10.841141700744629,,,,,f7d2bb79-bee9-3ae5-b39a-5297bae73fd6,Unknown
Giga,THCS Hiệp Lợi,THCS Hiệp Lợi,105.79805755615234,9.83716869354248,,,,,e7f10448-5c30-386b-9307-57c640140441,Unknown
Giga,THCS Hiệp Phú,THCS Hiệp Phú,106.78044891357422,10.848526954650879,,,,,9c9a8b5e-d56e-3b30-98e8-dd2a29c53309,Unknown
Giga,THCS Hiệp Thành,THCS Hiệp Thành,105.82730102539062,9.80561351776123,,,,,791387d7-634a-30b7-8666-9d73578c3b82,Unknown
Giga,THCS Hoa Lư,THCS Hoa Lư,106.77369689941406,10.838528633117676,,,,,877adc2d-accb-3b80-8ffc-d5fb15cbad1b,Unknown
Giga,THCS Hoa Lư,THCS Hoa Lư,106.7735824584961,10.838560104370117,,,,,8554aec4-26f8-3fb4-ba4f-b8d017296355,Unknown
Giga,THCS Hoang Hoa Tham,THCS Hoang Hoa Tham,108.84307861328125,11.48257064819336,,,,,a7ae2656-cbac-3b0b-bfca-126837e57f7f,Unknown
Giga,Thcs Hoang Hoa Tham,Thcs Hoang Hoa Tham,108.76602935791016,11.713845252990723,,,,,690d11fd-ed0f-3dcf-97c1-7d8e9e0459f8,Unknown
Giga,THCS Hùng Vương,THCS Hùng Vương,105.43025970458984,10.379399299621582,,,,,c4d02e14-a097-3386-8f14-36c415431e1f,Unknown
Giga,THCS Hùng Vương,THCS Hùng Vương,108.04700469970703,12.675324440002441,,,,,865bcd0a-cb99-334b-a0ff-deaf493485bb,Unknown
Giga,THCS Huỳnh Thúc Kháng,THCS Huỳnh Thúc Kháng,105.77143859863281,10.03834056854248,,,,,087f893d-44ed-3b26-a46e-ff9c7e19d1e9,Unknown
Giga,THCS Khánh Hải 1,THCS Khánh Hải 1,104.86324310302734,9.095255851745605,,,,,5a527d9c-7c13-3cef-9d44-9d956c1a1d19,Unknown
Giga,THCS Lạc Hồng,THCS Lạc Hồng,106.66825866699219,10.769011497497559,,,,,c801fbe7-379f-3fd5-ad91-156e338e8d9b,Unknown
Giga,THCS Lạc Long Quân,THCS Lạc Long Quân,108.03902435302734,12.67653751373291,,,,,c30ddccf-2f96-3fc1-a02a-c01d23152281,Unknown
Giga,THCS Lê Hồng Phong,THCS Lê Hồng Phong,106.69866180419922,20.838151931762695,,,,,a912b2e2-2943-3742-a2dc-75d843a13f3a,Unknown
Giga,THCS Lê Hồng Phong,THCS Lê Hồng Phong,105.70870971679688,21.23792839050293,,,,,5766c96b-c2f7-3712-9060-3b4c20435e6b,Unknown
Giga,THCS Lê Quý Đôn,THCS Lê Quý Đôn,105.21190643310547,21.824806213378906,,,,,dfc20e6d-288d-3ebd-b8e9-f5c699a739c7,Unknown
Giga,THCS lê thị trung,THCS lê thị trung,106.78925323486328,11.075258255004883,,,,,5a128092-3650-3104-8a81-08e3ebf17173,Unknown
Giga,THCS Linh Đông,THCS Linh Đông,106.7470474243164,10.853458404541016,,,,,c92e634c-aa3f-358f-86b1-c3f80db0b88b,Unknown
Giga,THCS Lộc an,THCS Lộc an,107.7585220336914,16.328046798706055,,,,,4890e2a4-7118-3495-b21e-064f1889ae80,Unknown
Giga,THCS Lộc Điền,THCS Lộc Điền,107.78851318359375,16.310972213745117,,,,,bd0c1544-bc22-3178-a422-1545cfe11163,Unknown
Giga,THCS Lộc Hạ,THCS Lộc Hạ,106.18206787109375,20.448345184326172,,,,,8eda32e9-5204-3a58-b81c-afb3d359236f,Unknown
Giga,THCS Long Thạnh,THCS Long Thạnh,105.75328826904297,9.908507347106934,,,,,78639678-e710-3225-96e3-f1da82d6d810,Unknown
Giga,THCS Long Thạnh khu B,THCS Long Thạnh khu B,105.75118255615234,9.907733917236328,,,,,a82d160e-889e-3dbe-b86d-7ce1a5bde5ce,Unknown
Giga,THCS Long Thuận 3,THCS Long Thuận 3,105.29898071289062,10.765621185302734,,,,,42978d9c-2b2a-35ca-a62f-9e65d4ff234e,Unknown
Giga,THCS Lương Thế Vinh,THCS Lương Thế Vinh,105.81468200683594,20.99331283569336,,,,,b10eadb7-b470-3741-8c61-6480a818e7d3,Unknown
Giga,THCS Lương Thế Vinh,THCS Lương Thế Vinh,108.06298065185547,12.697625160217285,,,,,8b9ff9fd-21bd-33da-935a-14f6bbc0aa5f,Unknown
Giga,THCS lý chính thắng 1,THCS lý chính thắng 1,106.5815658569336,10.892909049987793,,,,,68610427-3c78-3b0f-8283-6642283ee7ab,Unknown
Giga,THCS Mỹ Hóa,THCS Mỹ Hóa,106.3624038696289,10.234594345092773,,,,,1da6996b-fc33-3945-8687-1223de06ed09,Unknown
Giga,THCS Mỹ Hòa,THCS Mỹ Hòa,105.83970642089844,10.022953033447266,,,,,70b351dc-e202-38c2-abad-b921e4a586fa,Unknown
Giga,THCS Mỹ Phú,THCS Mỹ Phú,105.20576477050781,10.62693977355957,,,,,e2ca0d26-05a2-3cbb-8273-cc1d24398736,Unknown
Giga,THCS Mỹ Quý,THCS Mỹ Quý,105.44710540771484,10.3639554977417,,,,,c02348b6-26ac-3229-8caa-43c6a37ada83,Unknown
Giga,THCS Mỹ Thới,THCS Mỹ Thới,105.45833587646484,10.34437084197998,,,,,009a39b1-208e-3c08-8abb-618824dc3bba,Unknown
Giga,THCS Nâm N' Đir ( Cấp 2 của Vũ),THCS Nâm N' Đir ( Cấp 2 của Vũ),107.874755859375,12.381836891174316,,,,,8cc0f890-2168-34e1-bff8-a471c5128885,Unknown
Giga,THCS Ng Chí Diểu,THCS Ng Chí Diểu,107.59201049804688,16.46114730834961,,,,,c3004844-5f85-3f54-acaf-d9068e1628ee,Unknown
Giga,THCS Ngô Chí Quốc,THCS Ngô Chí Quốc,106.73173522949219,10.83413028717041,,,,,e0a4c057-74ce-3270-a4cb-314ee044d6c3,Unknown
Giga,THCS Nguyễn An Khương,THCS Nguyễn An Khương,106.58585357666016,10.888705253601074,,,,,3daa6ba3-c073-3af0-b16f-3a6a7d0e9d75,Unknown
Giga,THCS Nguyễn Bá Ngọc,THCS Nguyễn Bá Ngọc,106.66680908203125,20.848752975463867,,,,,57eed9f6-ccf8-3497-b750-6643a5948b00,Unknown
Giga,THCS Nguyễn Chí Thanh,THCS Nguyễn Chí Thanh,108.10572052001953,12.662005424499512,,,,,d9014a17-b810-3400-94a5-d8574c4edc70,Unknown
Giga,THCS Nguyễn Đình Chiểu,THCS Nguyễn Đình Chiểu,105.11515808105469,10.714905738830566,,,,,107e666a-05cb-3b12-85fd-0ab5acd85dd0,Unknown
Giga,THCS Nguyễn Du,THCS Nguyễn Du,107.51347351074219,12.000971794128418,,,,,6d329e29-d1c6-3a1e-ab29-2d4ccc445e3b,Unknown
Giga,THCS Nguyễn Du,THCS Nguyễn Du,105.89505767822266,18.349449157714844,,,,,891fed02-fcc3-3fd7-ab18-e522ca909d5a,Unknown
Giga,THCS Nguyễn Huệ,THCS Nguyễn Huệ,105.48362731933594,10.328802108764648,,,,,a6ce0e84-f056-38fc-8adf-56bdd4fd317b,Unknown
Giga,THCS Nguyễn Lương Bằng,THCS Nguyễn Lương Bằng,108.14952087402344,16.07246208190918,,,,,f6be41dc-4698-398e-9609-d5c8c92c12c7,Unknown
Giga,THCS Nguyễn Minh Hoàng,THCS Nguyễn Minh Hoàng,106.65987396240234,10.762332916259766,,,,,b4779551-0ed2-3d78-90de-a31ab9b81dbc,Unknown
Giga,THCS Nguyễn Thị Minh Khai,THCS Nguyễn Thị Minh Khai,108.09141540527344,12.7197265625,,,,,a1d2706f-4f5c-3920-8885-537c49732402,Unknown
Giga,THCS Nguyễn Trãi,THCS Nguyễn Trãi,105.12307739257812,10.705598831176758,,,,,d919e00e-1dc5-30a7-b077-d2ee2f378f5b,Unknown
Giga,THCS nguyễn văn bảnh,THCS nguyễn văn bảnh,105.52096557617188,10.819792747497559,,,,,b67375c5-6b57-33d7-8893-6884d4b7653d,Unknown
Giga,THCS Phạm Đình Hổ,THCS Phạm Đình Hổ,106.64920806884766,10.745308876037598,,,,,a6ad9e3f-c731-319c-bf5e-1a290d822087,Unknown
Giga,THCS Phạm Hồng Thái,THCS Phạm Hồng Thái,107.65830993652344,13.968770027160645,,,,,678e809d-9c26-3b8b-a4db-47ca05a2cc4f,Unknown
Giga,THCS Phan Boi Chau,THCS Phan Boi Chau,108.2239990234375,13.027073860168457,,,,,de31594d-766f-352f-b488-4e210c0fb3dd,Unknown
Giga,Thcs Phan Boi Chau,Thcs Phan Boi Chau,108.9030532836914,11.614408493041992,,,,,c132c732-330f-3e31-9572-d3f2b118029a,Unknown
Giga,THCS Phan Bội Châu,THCS Phan Bội Châu,106.67982482910156,20.857460021972656,,,,,8aa428c6-ac3a-3dd6-8e88-df83929dfb86,Unknown
Giga,THCS Phước Hưng,THCS Phước Hưng,105.08279418945312,10.859402656555176,,,,,a16dc29c-4bee-35ac-bc5b-aa480a3a7728,Unknown
Giga,THCS Phước Minh,THCS Phước Minh,106.30659484863281,11.312557220458984,,,,,b585d26b-f1a7-3816-8de4-850d4337c3ab,Unknown
Giga,THCS Phú Thuận A2,THCS Phú Thuận A2,105.29820251464844,10.717556953430176,,,,,6f4f78d0-56d9-3455-b084-4b4008953764,Unknown
Giga,THCS Phú Thuận B,THCS Phú Thuận B,105.34788513183594,10.758517265319824,,,,,8db1dbe8-0e27-3800-a394-5c1c1d08d6e2,Unknown
Giga,THCS Quản Cơ Thành,THCS Quản Cơ Thành,105.34286499023438,10.46377944946289,,,,,49b6c3fa-8bad-38d0-89f9-ab7a604fa262,Unknown
Giga,THCS SD,THCS SD,106.39082336425781,21.105520248413086,,,,,145c2c40-fcf1-3f0d-922b-6cf29566a2ce,Unknown
Giga,THCS Tân Long,THCS Tân Long,105.77348327636719,9.869953155517578,,,,,e8296a8d-cf74-336d-b040-c3f5de847306,Unknown
Giga,THCS Tân Long,THCS Tân Long,106.0411605834961,10.165745735168457,,,,,bb9ef184-d3fc-368a-b2ea-0c04285b8b4e,Unknown
Giga,THCS Thanh Lâm A,THCS Thanh Lâm A,105.71847534179688,21.20633888244629,,,,,fedc5734-632f-33c9-a24c-4a9d269f500d,Unknown
Giga,THCS Thị Trấn,THCS Thị Trấn,105.34049224853516,10.806602478027344,,,,,5842c000-bd86-3cd8-9097-0ea5497760f2,Unknown
Giga,THCS thới thuận,THCS thới thuận,105.50552368164062,10.299967765808105,,,,,196b578f-7261-380a-ae67-71dea2c7f163,Unknown
Giga,THCS Thốt Nốt,THCS Thốt Nốt,105.53201293945312,10.27425765991211,,,,,ff9d7ce1-290e-30f0-8d72-d0531c7ea581,Unknown
Giga,THCS & THPT Đông Du,THCS & THPT Đông Du,108.07743835449219,12.705976486206055,,,,,e0bf5090-30a3-3f72-ba13-d27dc756634e,Unknown
Giga,THCS & THPT Hiển Nhân,THCS & THPT Hiển Nhân,108.21060180664062,16.03335189819336,,,,,97f33289-60a1-3568-b19f-677ac3a39b20,Unknown
Giga,THCS & THPT Hiển Nhân,THCS & THPT Hiển Nhân,108.2111587524414,16.03339385986328,,,,,24cda4d1-3519-39f8-9ee4-ed048282b6b9,Unknown
Giga,THCS & THPT Hồng Đức,THCS & THPT Hồng Đức,106.76311492919922,10.827140808105469,,,,,9568bf04-9160-33e7-88bf-c572eab846c0,Unknown
Giga,THCS Thuận An,THCS Thuận An,105.82624816894531,10.08688735961914,,,,,31b69a20-cd67-3914-b989-d70c832b318e,Unknown
Giga,THCS Thường Phước 2,THCS Thường Phước 2,105.23014068603516,10.82985782623291,,,,,09f4a34e-efc1-3c0d-89e1-cd210e6d38d4,Unknown
Giga,THCS Tô Hiệu,THCS Tô Hiệu,106.19038391113281,20.438644409179688,,,,,139d72e8-0a6d-3d11-893b-f37e7ea5b557,Unknown
Giga,THCS Tôn Đức Thắng,THCS Tôn Đức Thắng,107.99359893798828,13.996611595153809,,,,,8e6ee5d7-07be-3ebb-8f47-154f72d14e7b,Unknown
Giga,THCS Trần Hưng Đạo,THCS Trần Hưng Đạo,108.02456665039062,12.647932052612305,,,,,7e0b0f6d-71f5-3eb8-a2c6-778bfd61d2a3,Unknown
Giga,THCS Trần Ngọc Quế,THCS Trần Ngọc Quế,105.75279235839844,10.010215759277344,,,,,7df2b48c-e14a-36d7-908c-317f7e1e79b2,Unknown
Giga,THCS Trà Ôn A,THCS Trà Ôn A,105.92152404785156,9.964018821716309,,,,,cae925ee-242f-332f-b896-95a7760df877,Unknown
Giga,THCS Trưng Vương,THCS Trưng Vương,105.7183837890625,21.213502883911133,,,,,14743d43-5733-3e43-b6cb-4f43c380a920,Unknown
Giga,THCS Trường Thọ,THCS Trường Thọ,106.75577545166016,10.843512535095215,,,,,af9355c0-62c4-3f0e-be99-0176d6760ad8,Unknown
Giga,THCS Trương Văn Ngư,THCS Trương Văn Ngư,106.75318145751953,10.854888916015625,,,,,ed8f7875-4764-39ff-95f7-b452f86269fb,Unknown
Giga,THCS Trương Văn Ngư,THCS Trương Văn Ngư,106.75658416748047,10.851496696472168,,,,,c7f910b1-ebcf-3625-a73f-09e9ed20d1a0,Unknown
Giga,THCS TT Cái Tắc,THCS TT Cái Tắc,105.7256088256836,9.933981895446777,,,,,c97d15f7-e481-3c9b-960d-1d81aeea0203,Unknown
Giga,THCS VĐ,THCS VĐ,107.50199127197266,11.153006553649902,,,,,b94252b0-74dc-3c39-bb4f-83407559aa82,Unknown
Giga,THCS Việt Hưng,THCS Việt Hưng,106.0926284790039,20.987869262695312,,,,,0c7b628a-befa-3271-a6a8-b243b03e2968,Unknown
Giga,THCS Võ Thị Sáu,THCS Võ Thị Sáu,106.66788482666016,20.84353256225586,,,,,9b3ad1e6-d8a5-3c30-b541-af0e1a270029,Unknown
Giga,THCS VTT,THCS VTT,105.2287368774414,10.586033821105957,,,,,67904f14-20fd-3604-8f8d-5f2568e723c7,Unknown
Giga,The ABC International School,The ABC International School,106.70492553710938,10.721118927001953,,,,,e1c5a18e-629e-3f90-832f-0f854c9f08a8,Unknown
Giga,The British International School  AP1 Campus,The British International School  AP1 Campus,106.73160552978516,10.811258316040039,,,,,e52fd44a-d070-31d6-919d-eb315b62884f,Unknown
Giga,The British International School  AP2 Campus,The British International School  AP2 Campus,106.73068237304688,10.810323715209961,,,,,674167d8-9ff9-3c04-ae83-7a850e27de8f,Unknown
Giga,The International School @ ParkCity Hanoi,The International School @ ParkCity Hanoi,105.7610855102539,20.9628849029541,,,,,7fd788f4-b42e-3d64-a9a1-d4551515987b,Unknown
Giga,The Japanese School in HCMC,The Japanese School in HCMC,106.73011779785156,10.72580623626709,,,,,ad284eab-5e4b-353d-9974-701ada9b8833,Unknown
Giga,The Olympia Schools,The Olympia Schools,105.7905044555664,20.991418838500977,,,,,0d05a7dd-83bb-39fe-bb47-15d37062161f,Unknown
Giga,Thi Cau Secondary School,Thi Cau Secondary School,106.08806610107422,21.191570281982422,,,,,41979cf3-5bd1-33ab-8552-f9decabbff80,Secondary
Giga,Thiên An Orphannage,Thiên An Orphannage,105.73754119873047,10.047109603881836,,,,,8f76ea7f-692e-34df-9580-c56d7bd3796a,Unknown
Giga,TH Lộc Hạ,TH Lộc Hạ,106.18235778808594,20.44806480407715,,,,,0104bd8c-3427-3dd2-ba8f-8c1ef1849e12,Unknown
Giga,THọc-Phổ Thông Lộc Ninh-Lộc Thiện-TT Lộc Ninh-Bình Phước,THọc-Phổ Thông Lộc Ninh-Lộc Thiện-TT Lộc Ninh-Bình Phước,106.58611297607422,11.84035587310791,,,,,57d3e78b-3525-3fa6-8fa3-c9111523039d,Unknown
Giga,THọc-Phổ Thông Lộc Thái-Ấp 6 Lộc Thái- Lộc Ninh- Bình Phước,THọc-Phổ Thông Lộc Thái-Ấp 6 Lộc Thái- Lộc Ninh- Bình Phước,106.60935974121094,11.800483703613281,,,,,688a3bbf-f33b-34c7-afd5-f120c2e8755d,Unknown
Giga,THọc-Phổ Thông Long Hoà-DT749A-Ấp Long Điền- Long Hoà- Dầu Tiếng- Bình Dương-,THọc-Phổ Thông Long Hoà-DT749A-Ấp Long Điền- Long Hoà- Dầu Tiếng- Bình Dương-,106.50322723388672,11.30647087097168,,,,,4f421e7d-6151-34de-b754-8d1f56b0ccb4,Unknown
Giga,THọc-Tiêut Học &Trung Học Lộc Thạnh-Ấp Thạnh Trung xã Lộc Thạnh,THọc-Tiêut Học &Trung Học Lộc Thạnh-Ấp Thạnh Trung xã Lộc Thạnh,106.59449768066406,11.899253845214844,,,,,a9160c40-fc3d-37ed-ba2e-ebbdc5ad8167,Unknown
Giga,THọc-Tiểu và Trung Học cơ sở Tam Lập - - Tam Lập- Phú Giáo,THọc-Tiểu và Trung Học cơ sở Tam Lập - - Tam Lập- Phú Giáo,106.85625457763672,11.283926010131836,,,,,6ab376e6-e7c7-3e16-a5fe-4376d0c56999,Unknown
Giga,THọc-Tiểu và Trung học Minh Long-Tổ 4- Ấp 6 Minh Long- TT Chơn Thành- Bình Phước,THọc-Tiểu và Trung học Minh Long-Tổ 4- Ấp 6 Minh Long- TT Chơn Thành- Bình Phước,106.57339477539062,11.426004409790039,,,,,529c2af5-51e8-3226-9af6-6cbf812de252,Unknown
Giga,THọc-Trung Học An Bình - -Dt741 -Ấp Nước Vàng-An Bình-huyện phú giáo,THọc-Trung Học An Bình - -Dt741 -Ấp Nước Vàng-An Bình-huyện phú giáo,106.8208236694336,11.328780174255371,,,,,36e9ce5c-5a6e-361b-bbe5-2117564e3199,Unknown
Giga,THọc-Trung Học An Lập-DT748-Ấp Bầu Khai- An Lập- Dầu Tiếng-Bình Dương,THọc-Trung Học An Lập-DT748-Ấp Bầu Khai- An Lập- Dầu Tiếng-Bình Dương,106.48880767822266,11.233688354492188,,,,,0ab68435-2d33-3ff8-b285-bb4810f98bdf,Unknown
Giga,THọc-Trung Học An Linh - -An Linh-Phú Giáo-Bình Dương,THọc-Trung Học An Linh - -An Linh-Phú Giáo-Bình Dương,106.7249526977539,11.368609428405762,,,,,81e37330-dca0-316e-b10b-b4a830672c5d,Unknown
Giga,THọc-Trung Học Cơ Sở Bùi Thị Xuân - -Tân Long- phú giáo-Bình dương,THọc-Trung Học Cơ Sở Bùi Thị Xuân - -Tân Long- phú giáo-Bình dương,106.67672729492188,11.3285551071167,,,,,f87a79bd-432f-30ed-9c39-fb4f5d2e5d29,Unknown
Giga,THọc-Trung Học Định An-Ấp Bình Thới-Định An-Dầu Tiếng,THọc-Trung Học Định An-Ấp Bình Thới-Định An-Dầu Tiếng,106.41802215576172,11.346299171447754,,,,,969d5057-ba3f-383f-936a-18ae06460ccc,Unknown
Giga,THọc-Trung Học Định Hiệp-Ấp Định Thọ- Định Hiệp- Dầu Tiếng-Bình Dương,THọc-Trung Học Định Hiệp-Ấp Định Thọ- Định Hiệp- Dầu Tiếng-Bình Dương,106.44463348388672,11.309162139892578,,,,,eced51ff-035b-3b05-a9b3-dd0981ba80bf,Unknown
Giga,THọc-Trung Học Lộc Thiện- Ấp 11 -Lộc Thiên-Lộc Ninh-Bình Phước,THọc-Trung Học Lộc Thiện- Ấp 11 -Lộc Thiên-Lộc Ninh-Bình Phước,106.5580825805664,11.827616691589355,,,,,dec3017a-7b12-3ee6-abd1-60451c9717fb,Unknown
Giga,THọc-Trung Học Long Hoà-DT750-Ấp Thị Tính- Long Hoà- Dầu Tiếng- Bình Dương-,THọc-Trung Học Long Hoà-DT750-Ấp Thị Tính- Long Hoà- Dầu Tiếng- Bình Dương-,106.47978210449219,11.325135231018066,,,,,90f52a00-df6f-386a-b4b3-14e48560140e,Unknown
Giga,THọc-Trung Học Minh Tân-Ấp Tân Đức- Minh Tân- Dầu Tiếng,THọc-Trung Học Minh Tân-Ấp Tân Đức- Minh Tân- Dầu Tiếng,106.44966888427734,11.406079292297363,,,,,a94159c1-d707-308e-a69a-0297deda554d,Unknown
Giga,THọc-Trung Học Minh Thạnh-Tổ 1- Ấp Lò Gạch- Minh Thạnh- Dầu Tiếng- Bình Dương-0274545064,THọc-Trung Học Minh Thạnh-Tổ 1- Ấp Lò Gạch- Minh Thạnh- Dầu Tiếng- Bình Dương-0274545064,106.52531433105469,11.428013801574707,,,,,ac81b243-68a6-381e-b528-d8a8b7e43b32,Unknown
Giga,THọc-Trung Học Nguyễn Bĩnh Khiêm -DT750-TT.Dầu Tiếng-Bình Dương,THọc-Trung Học Nguyễn Bĩnh Khiêm -DT750-TT.Dầu Tiếng-Bình Dương,106.39167785644531,11.2864990234375,,,,,7bd20247-512d-378b-aa9a-fe213813880d,Unknown
Giga,THọc-Trung Học& Phổ Thông-DH749B-Ấp Hoà Cường-Xã Minh Hoà-Huyện Dầu Tiếng-Bình Dương-02743548578,THọc-Trung Học& Phổ Thông-DH749B-Ấp Hoà Cường-Xã Minh Hoà-Huyện Dầu Tiếng-Bình Dương-02743548578,106.4784927368164,11.439515113830566,,,,,23ddcc6c-efeb-3981-8768-72a7571e2db4,Unknown
Giga,THọc-Trung Học Tân Khai-Ấp 1- TT.Tân Khai- Huyện hớn quản-tỉnh bình phước,THọc-Trung Học Tân Khai-Ấp 1- TT.Tân Khai- Huyện hớn quản-tỉnh bình phước,106.61695098876953,11.565752029418945,,,,,264d75e9-263c-3262-89e7-f2f281a79562,Unknown
Giga,THọc- Trung Học Thanh An-DT74– Cần Giang- Thanh An-TT.Dầu Tiếng-Bình Dương,THọc- Trung Học Thanh An-DT74– Cần Giang- Thanh An-TT.Dầu Tiếng-Bình Dương,106.39986419677734,11.200895309448242,,,,,d8b60787-b48e-3661-bf0b-58accb3d5992,Unknown
Giga,Thong Nguyen Secondary & High School,Thong Nguyen Secondary & High School,104.73981475830078,22.564170837402344,,,,,be57758b-faa5-31ac-8c5a-c9caaac19752,Secondary
Giga,Thong Nhat Secondary School,Thong Nhat Secondary School,105.82064819335938,21.03428840637207,,,,,f2ca5912-b4f5-3fb6-b5ae-acebc118e4ae,Secondary
Giga,Thong Nhat Secondary School,Thong Nhat Secondary School,106.40017700195312,10.542722702026367,,,,,e2669d29-abce-3af1-8ad5-2427d0f5ffc6,Secondary
Giga,Thong Nhat Secondary School,Thong Nhat Secondary School,107.58177947998047,16.475055694580078,,,,,dabb9876-553d-3109-8df1-6744bc4ca434,Secondary
Giga,Thọ Xuân 5 High School,Thọ Xuân 5 High School,105.40982055664062,19.890356063842773,,,,,b1600a3b-f673-3c3f-9fdf-46c55a709a35,Secondary
Giga,Tho Xuan High School,Tho Xuan High School,105.65435791015625,21.1235408782959,,,,,e6610dd1-3b1a-3e43-857c-df2d8988216c,Secondary
Giga,THPT An Dương Vương,THPT An Dương Vương,106.76276397705078,10.834989547729492,,,,,5f03d598-173e-3308-900f-a968b146f3cb,Unknown
Giga,THPT An Phú,THPT An Phú,105.09415435791016,10.804192543029785,,,,,dd497205-6462-3c59-b351-74d8844b092e,Unknown
Giga,THPT An Phú 1,THPT An Phú 1,105.08660125732422,10.8115873336792,,,,,f477d0f9-82b4-3395-8b2c-04f3cd9d6877,Unknown
Giga,THPT BC Phạm Ngọc Hiển,THPT BC Phạm Ngọc Hiển,105.78328704833984,10.03853702545166,,,,,9f85d0cc-c68e-304c-b7eb-f8125ca2dd66,Unknown
Giga,THPT Bình Mỹ,THPT Bình Mỹ,105.29450225830078,10.54446029663086,,,,,57cc0a65-ab9d-3bf2-8260-2b99a07d1fc2,Unknown
Giga,THPT Buì Hữu Nghĩa,THPT Buì Hữu Nghĩa,105.44817352294922,10.372560501098633,,,,,f5595b11-adb9-3952-aa86-861a800a3092,Unknown
Giga,THPT Bùi Hữu Nghĩa,THPT Bùi Hữu Nghĩa,105.76327514648438,10.061467170715332,,,,,5f0f2b69-26e2-336b-b6a5-904e22ae0212,Unknown
Giga,THPT Bùi Hữu Nghĩa,THPT Bùi Hữu Nghĩa,105.76345825195312,10.061324119567871,,,,,bd11f61d-e518-37f3-8213-e04da895b269,Unknown
Giga,THPT Cao Thắng,THPT Cao Thắng,107.59228515625,16.46160888671875,,,,,239ef6b1-4573-3609-9b9c-494409bb423e,Unknown
Giga,THPT Châu Phú,THPT Châu Phú,105.17988586425781,10.665177345275879,,,,,5f6a728d-2499-32e5-b192-1b562bbedd23,Unknown
Giga,THPT Chu Văn An,THPT Chu Văn An,105.33924102783203,10.805471420288086,,,,,9afffebb-a3bc-3cd7-a53a-ca70d5167000,Unknown
Giga,THPT CHU VĂN ĂN,THPT CHU VĂN ĂN,105.3434829711914,10.817277908325195,,,,,1a2829f6-6053-3bd8-b618-157192ec8858,Unknown
Giga,THPT chuyên Lê Quý Đôn,THPT chuyên Lê Quý Đôn,105.81661224365234,9.808035850524902,,,,,569b307b-2b65-3d4a-bfef-2c7d04f45de9,Unknown
Giga,THPT ĐakSong,THPT ĐakSong,107.61367797851562,12.2528076171875,,,,,7a9f1624-3cb6-3f0a-91c9-e23f92f78bf2,Unknown
Giga,THPT dân lập Nguyễn Bỉnh Khiêm,THPT dân lập Nguyễn Bỉnh Khiêm,106.6700210571289,20.841445922851562,,,,,a75ef5c5-0a4f-30ed-b87d-36efd8f4898b,Unknown
Giga,THPT DL thăng Long,THPT DL thăng Long,106.69551849365234,20.84195327758789,,,,,e34456aa-24ff-3d03-b4f7-e2e40a016b8b,Unknown
Giga,THPT Đoàn Kết,THPT Đoàn Kết,105.24278259277344,10.565993309020996,,,,,250cf8b8-ca3d-30d6-969e-ec70d2e8f408,Unknown
Giga,THPT Đoàn Kết,THPT Đoàn Kết,106.27467346191406,20.307893753051758,,,,,80133a27-f8da-3b60-accd-e8a2d377ef1e,Unknown
Giga,THPT Hồng Ngự,THPT Hồng Ngự,105.34698486328125,10.79336929321289,,,,,0b40b2a2-8eb3-3e6d-9247-6d49031c645f,Unknown
Giga,THPT Hồng Ngự 2,THPT Hồng Ngự 2,105.29243469238281,10.71875,,,,,505853bd-ce8c-3fc6-9360-fa6199aa3739,Unknown
Giga,THPT Hưng Lợi,THPT Hưng Lợi,105.68568420410156,9.42371940612793,,,,,4707a35a-ddf9-370d-9ab6-38b41d1e539a,Unknown
Giga,THPT Lai Vung 1,THPT Lai Vung 1,105.64038848876953,10.27978229522705,,,,,b6553809-fd04-3b21-ba3c-8b533eb15cd0,Unknown
Giga,THPT Lê Chân,THPT Lê Chân,106.68733978271484,20.825183868408203,,,,,64aed260-af22-3469-a274-9c6de7c78848,Unknown
Giga,THPT Lê Lợi,THPT Lê Lợi,105.52245330810547,19.930469512939453,,,,,2861a702-acfb-3087-b9b1-ad6bbf0e6855,Unknown
Giga,THPT Lê Quý Đôn,THPT Lê Quý Đôn,106.70707702636719,20.825708389282227,,,,,018734cd-61c2-3b6e-9aa3-9c59709b749e,Unknown
Giga,THPT Long Phuoc,THPT Long Phuoc,107.01362609863281,10.703483581542969,,,,,90f4d5bf-8357-31ad-bbf7-8924620376c6,Unknown
Giga,THPT Long Xuyên,THPT Long Xuyên,105.43170928955078,10.393362045288086,,,,,f3cf98b7-5280-3488-a3b7-37b6da46e975,Unknown
Giga,THPT Mỹ Thới,THPT Mỹ Thới,105.4659652709961,10.34546947479248,,,,,348d887d-93de-3fd4-ae79-6e233c1e76f7,Unknown
Giga,THPT Nguyễn Bỉnh Khiêm,THPT Nguyễn Bỉnh Khiêm,105.37934875488281,10.444233894348145,,,,,72f0d162-3f6f-3ea3-b361-40ed4666b5af,Unknown
Giga,THPT Nguyễn Du,THPT Nguyễn Du,106.6624526977539,10.77923583984375,,,,,4bfe2b22-e861-38ad-b6ff-b143f534195c,Unknown
Giga,THPT Nguyễn Huệ,THPT Nguyễn Huệ,106.17162322998047,20.41872215270996,,,,,56d42e30-0ee5-3746-a27b-370a46bb11b5,Unknown
Giga,THPT Nguyễn hữu cầu (mới),THPT Nguyễn hữu cầu (mới),106.61521911621094,10.868878364562988,,,,,81518127-fe06-38d8-ac89-0b7f1e5067ac,Unknown
Giga,THPT Nguyễn Minh Quang,THPT Nguyễn Minh Quang,105.81857299804688,9.809101104736328,,,,,54c932af-12fb-3e9a-a55c-82feee20d61d,Unknown
Giga,Thpt Nguyễn Trãi,Thpt Nguyễn Trãi,108.98905181884766,11.56760311126709,,,,,848b26a5-de45-3ad5-8918-5535529fcafe,Unknown
Giga,THPT Nguyễn Văn Côn,THPT Nguyễn Văn Côn,106.71637725830078,10.316210746765137,,,,,c984502b-5cc6-31a9-a5de-25664bacb489,Unknown
Giga,THPT Nguyễn Văn Cừ,THPT Nguyễn Văn Cừ,108.2193603515625,13.052372932434082,,,,,950a4214-1c2d-3d92-a448-099e2079dd23,Unknown
Giga,THPT Nguyễn Việt Dũng,THPT Nguyễn Việt Dũng,105.75707244873047,9.99764347076416,,,,,ea1ec766-16fb-3626-a67a-622cb89a7def,Unknown
Giga,THPT Nguyễn Việt Hồng,THPT Nguyễn Việt Hồng,105.7523422241211,10.012066841125488,,,,,14b8c3a2-99e4-3d1f-9664-7edf6a08cacf,Unknown
Giga,THPT Phạm Văn Đồng,THPT Phạm Văn Đồng,107.51626586914062,12.003326416015625,,,,,2e7f1beb-eb27-380e-90d5-a84e248b927c,Unknown
Giga,THPT Phan Văn Bảy,THPT Phan Văn Bảy,105.64252471923828,10.280364036560059,,,,,9bb9f745-0f1e-3977-a837-8af41ab09fae,Unknown
Giga,THPT Phan Văn Hùng,THPT Phan Văn Hùng,105.86324310302734,9.75385570526123,,,,,8d9c9115-bef1-3af1-88ab-21eb7384eb9b,Unknown
Giga,THPT PHÙNG HƯNG,THPT PHÙNG HƯNG,106.66404724121094,10.845096588134766,,,,,d195b205-993c-3822-8bfc-42ae9a59f9d2,Unknown
Giga,THPT Pleiku,THPT Pleiku,108.01590728759766,13.990020751953125,,,,,42c327a8-2dc6-36ce-9916-c4c25177690b,Unknown
Giga,THPT Quốc Trí,THPT Quốc Trí,106.63528442382812,10.749704360961914,,,,,85058e0a-5e22-33c3-ba0b-cb5a845ebaac,Unknown
Giga,THPT Quốc Văn Sài Gòn,THPT Quốc Văn Sài Gòn,106.62398529052734,10.772804260253906,,,,,64e66d34-0c33-3026-a16d-ac5b531e702a,Unknown
Giga,THPT số 2 Phù Cát,THPT số 2 Phù Cát,109.15570831298828,14.127534866333008,,,,,992345da-17d3-3e60-895c-fa8e5bd3f44e,Unknown
Giga,THPT Tân Châu,THPT Tân Châu,105.24463653564453,10.79879379272461,,,,,98dce5ef-0e56-3133-b79a-681614cc011e,Unknown
Giga,THPT Tân Long,THPT Tân Long,105.77051544189453,9.876569747924805,,,,,97757653-eed7-334f-9c08-71adb663f113,Unknown
Giga,THPT Thái Phiên,THPT Thái Phiên,106.70603942871094,20.860546112060547,,,,,274e037f-3975-3980-a3a3-b2a56bd10890,Unknown
Giga,THPT Thái Phiên,THPT Thái Phiên,106.70610046386719,20.8609676361084,,,,,037fc131-663e-3c4d-9b4c-965551a3bf8f,Unknown
Giga,THPT Thanh Hà,THPT Thanh Hà,106.4249038696289,20.89813804626465,,,,,d44e6cdb-a160-3b6d-9702-8386733468d7,Unknown
Giga,THPT Thốt Nốt,THPT Thốt Nốt,105.51976776123047,10.28667163848877,,,,,d68e50d2-d97c-3b8b-aec8-21f6499dd29a,Unknown
Giga,THPT Thường Phước,THPT Thường Phước,105.23383331298828,10.816804885864258,,,,,1e4917b5-ae2d-3376-9a2b-aad3c030eabd,Unknown
Giga,THPT Trần Cao Vân,THPT Trần Cao Vân,106.69110107421875,10.824651718139648,,,,,8adbe9d8-76ce-3c5b-a87c-6f8bc0818422,Unknown
Giga,THPT TRẦN CAO VÂN,THPT TRẦN CAO VÂN,106.69099426269531,10.824666976928711,,,,,506b7571-7d11-3c21-a92a-c816e9f12b38,Unknown
Giga,THPT Trần Nhân Tông,THPT Trần Nhân Tông,106.62394714355469,10.760395050048828,,,,,566241b9-5f54-3d59-bc04-556277521005,Unknown
Giga,THPT Trần Văn Thành,THPT Trần Văn Thành,105.23665618896484,10.573636054992676,,,,,dc7ba0cc-33f5-3792-ae98-1c66c18bb57a,Unknown
Giga,THPT Trần Văn Thời,THPT Trần Văn Thời,104.96880340576172,9.078474998474121,,,,,59d04b9c-618a-3449-9ee0-b02d97780b8c,Unknown
Giga,THPT Ung Văn Khiêm (Long Kiến),THPT Ung Văn Khiêm (Long Kiến),105.45149230957031,10.460968971252441,,,,,2b31c681-9ac6-3faf-a745-d114838d7f48,Unknown
Giga,THPT Việt Thanh,THPT Việt Thanh,106.64464569091797,10.802205085754395,,,,,74c57e9d-3a9d-39e3-9cb6-2d153992ca39,Unknown
Giga,THPT Võ Văn Kiệt Chợ Lách Bến Tre,THPT Võ Văn Kiệt Chợ Lách Bến Tre,106.19190979003906,10.22825813293457,,,,,3e34a72d-a9a9-3813-a6ee-7ffcd759708a,Unknown
Giga,THPT Xuân Diệu,THPT Xuân Diệu,109.16185760498047,13.829864501953125,,,,,28a76ab5-dfa6-3e93-a9de-ec721e24056b,Unknown
Giga,TH School Hòa Lạc,TH School Hòa Lạc,105.5368423461914,20.99818229675293,,,,,05b6ef30-e0ad-3afd-b9d0-08a0e68d27c7,Unknown
Giga,TH Tân Long,TH Tân Long,106.04035186767578,10.165692329406738,,,,,fb90fd5c-6653-378f-9517-ffb5dcec1e9a,Unknown
Giga,TH&THCS Chỉ Đạo,TH&THCS Chỉ Đạo,106.04833984375,20.989511489868164,,,,,266789b0-da7d-3ee6-bea4-be44064e4b0a,Unknown
Giga,TH&THCS Đại Đồng,TH&THCS Đại Đồng,106.07593536376953,20.99155616760254,,,,,4a2d220b-4779-3063-b765-a1c4c65f6f75,Unknown
Giga,Thuan Thanh No 1 High School,Thuan Thanh No 1 High School,106.08455657958984,21.0374698638916,,,,,622c91af-082a-3da5-9d64-12117d26e099,Secondary
Giga,Thu Duc High School,Thu Duc High School,106.76165008544922,10.848437309265137,,,,,8ae4d1bf-aa2e-348b-bbc9-efb77ae811b8,Secondary
Giga,Thủ khoa huân,Thủ khoa huân,106.38276672363281,10.46088695526123,,,,,5e5d33ae-4456-3ef7-9c5c-36fbc0d56627,Unknown
Giga,Thuong Cat High School,Thuong Cat High School,105.73770904541016,21.084138870239258,,,,,875d7066-f670-3f28-a260-3772e117e22c,Secondary
Giga,Thuong Thoi Hau A Secondary School,Thuong Thoi Hau A Secondary School,105.29085540771484,10.882251739501953,,,,,8c8be488-58c1-325f-a24d-3e4ea225b8ce,Secondary
Giga,Thuong Tin High School,Thuong Tin High School,105.86152648925781,20.865257263183594,,,,,32ff8ee1-775f-3950-b204-364bb2a80e00,Secondary
Giga,TH Xuân Khánh 2,TH Xuân Khánh 2,105.76945495605469,10.03813362121582,,,,,783b324b-0328-3487-90c1-91d6e599d2ab,Unknown
Giga,Tien Du Secondary School,Tien Du Secondary School,106.02156829833984,21.127647399902344,,,,,355f953f-bd6b-3e3b-a361-7e615872c6a9,Secondary
Giga,tiếng anh,tiếng anh,105.5067367553711,9.768653869628906,,,,,c8144bb3-1987-33bb-b2ef-33dda2ad2adb,Unknown
Giga,Tien Phong High School,Tien Phong High School,105.75001525878906,21.158340454101562,,,,,3b387003-8c9d-3dc1-9ff9-25586daeebbc,Secondary
Giga,Tien Thinh High School,Tien Thinh High School,105.64266204833984,21.189800262451172,,,,,f86a6670-5256-3568-b887-d2eb04ca121b,Secondary
Giga,Tiêủ học A Bình Mỹ,Tiêủ học A Bình Mỹ,105.28826904296875,10.550458908081055,,,,,f09aa06b-9064-39dd-b4d7-df1ab60be695,Unknown
Giga,Tiểu học Đông Bình,Tiểu học Đông Bình,105.82622528076172,10.06346321105957,,,,,49881951-047d-34e4-a917-5a73a7e6ba3f,Unknown
Giga,Tiểu học Hồng Ngự,Tiểu học Hồng Ngự,105.34329223632812,10.812735557556152,,,,,5ac9bdbc-abab-318a-89e3-343d9a2514aa,Unknown
Giga,Tiêủ học Mỹ Hôị Đông,Tiêủ học Mỹ Hôị Đông,105.33056640625,10.53903579711914,,,,,c5a84423-812d-3461-b4e7-376c7b9ded2d,Unknown
Giga,Tiêu học Tân Quới,Tiêu học Tân Quới,105.7555923461914,10.103045463562012,,,,,fb9f0976-da82-3944-8465-55b2f6b5f707,Unknown
Giga,Tieu học Võ Thị Sáu,Tieu học Võ Thị Sáu,106.6683120727539,20.843801498413086,,,,,bb113df2-01bb-3293-a228-c7beea108aed,Unknown
Giga,Times School Khai Son Middle School,Times School Khai Son Middle School,105.8790512084961,21.060338973999023,,,,,66c24915-9056-304a-bd29-63a89ac2e88b,Secondary
Giga,Times School Minh Khai,Times School Minh Khai,105.87066650390625,20.998188018798828,,,,,fd6ca14c-7e1e-3f9f-ad42-d494e5c80df9,Unknown
Giga,Times Schools Khai Son,Times Schools Khai Son,105.87696838378906,21.05967903137207,,,,,3bc6e82d-117a-3af8-a9ec-95d51c5cae66,Unknown
Giga,Toán Trí Tuệ Superbrain Ba đình,Toán Trí Tuệ Superbrain Ba đình,105.81071472167969,21.037155151367188,,,,,2b76139a-c27d-3648-ba9f-ab323c7f7171,Unknown
Giga,Toc Tien Secondary School,Toc Tien Secondary School,107.12411499023438,10.60224723815918,,,,,1145c841-895a-3fba-b26d-16ef3e0743c3,Secondary
Giga,To Hieu - Thuong Tin High School,To Hieu - Thuong Tin High School,105.88733673095703,20.803926467895508,,,,,601e63ea-b9dc-3371-92e6-15286b2f25ee,Secondary
Giga,Ton Duc Thang Street,Ton Duc Thang Street,106.66863250732422,20.84919548034668,,,,,98a153f3-4b93-3bff-b058-47dcb9f5ca2e,Unknown
Giga,Tra Co Secondary School,Tra Co Secondary School,108.0262680053711,21.48345375061035,,,,,8e9214e8-aa0d-32dd-9329-9d1aad382c39,Secondary
Giga,Trạm bus,Trạm bus,106.15583801269531,20.923986434936523,,,,,5505e7d7-51f9-317b-a7f3-59a84ad71db8,Unknown
Giga,Trạm bus,Trạm bus,106.29019927978516,20.937055587768555,,,,,52b6a425-5644-39e1-958f-59caeedcfc52,Unknown
Giga,Trạm bus,Trạm bus,105.98028564453125,20.984495162963867,,,,,0d465468-1597-382e-8b12-10724cfae56a,Unknown
Giga,Tran Cao Van Secondary School,Tran Cao Van Secondary School,107.5720443725586,16.47061538696289,,,,,6e6d76e1-5b62-3502-8e91-380f1e0a9f0b,Secondary
Giga,Tran Dai Nghia Secondary and High School,Tran Dai Nghia Secondary and High School,106.70125579833984,10.779319763183594,,,,,bb700fb7-3ba5-3d3c-ae43-92855ef1e947,Secondary
Giga,Tran Dang Ninh High School,Tran Dang Ninh High School,105.74961853027344,20.776378631591797,,,,,05db09fb-a740-3fd1-bded-c1c9f5d20849,Secondary
Giga,Tran De Secondary and High School,Tran De Secondary and High School,106.18872833251953,9.523719787597656,,,,,c3e3cb62-8c10-3bd3-8ad4-b0b14503d400,Secondary
Giga,Tran Hung Dao - Ha Dong High School,Tran Hung Dao - Ha Dong High School,105.75769805908203,20.943506240844727,,,,,5dd3f9eb-8919-32d7-b3b2-455567e402bb,Secondary
Giga,Tran Hung Dao Secondary School,Tran Hung Dao Secondary School,107.23710632324219,10.616124153137207,,,,,8ffe1383-67fd-3b03-bca8-6d7cd7dcef18,Secondary
Giga,Tran Hung Dao Secondary School,Tran Hung Dao Secondary School,108.01323699951172,14.349713325500488,,,,,e520ec0e-5ba6-3188-9b9b-c0a65a347212,Secondary
Giga,Tran Khai Nguyen High School,Tran Khai Nguyen High School,106.668701171875,10.758492469787598,,,,,84d2ba17-f022-3814-b38f-38927ce95b3e,Secondary
Giga,trần ngọc hoằng,trần ngọc hoằng,105.53443145751953,10.127424240112305,,,,,d2cb0b15-8b80-3855-8add-7afc0f3e533f,Unknown
Giga,Tran Nguyen Han Secondary School,Tran Nguyen Han Secondary School,107.18853759765625,10.404499053955078,,,,,8aed1f40-d1e0-39d4-a637-6db8de83143a,Secondary
Giga,Tran Phu High School,Tran Phu High School,107.23807525634766,10.722325325012207,,,,,316724bf-97a1-320a-ad4b-e678b8edbbc1,Secondary
Giga,Tran Phu High School,Tran Phu High School,107.95897674560547,12.624652862548828,,,,,06cbe77f-4e49-3d7f-a871-d4dee3587b3a,Secondary
Giga,Tran Phu High School,Tran Phu High School,107.96222686767578,21.531593322753906,,,,,abdbd2ff-6b00-31ff-8a86-f831c6851bd0,Secondary
Giga,Tran Phu Secondary School,Tran Phu Secondary School,107.08184051513672,10.361750602722168,,,,,dabd6114-ddf3-3a57-878c-b1e44c5e5c4f,Secondary
Giga,Tran Quoc Toan Secondary School,Tran Quoc Toan Secondary School,109.1889419555664,12.239575386047363,,,,,1a7752bf-e086-3941-8d55-d7f3e5ae8175,Secondary
Giga,Tran Quoc Toan Secondary School ( Zone 2 ),Tran Quoc Toan Secondary School ( Zone 2 ),109.18976593017578,12.238836288452148,,,,,43d7428a-7cf4-3276-bbb4-945a1980f816,Secondary
Giga,TrTH,TrTH,106.34760284423828,21.028024673461914,,,,,7341db65-1e3f-3118-af86-8494b8ebfb5e,Unknown
Giga,True North School,True North School,105.7816390991211,20.986684799194336,,,,,843fa386-6ab8-316b-88c9-963b92f669a4,Unknown
Giga,Trung cấp du lịch Hải Phòng,Trung cấp du lịch Hải Phòng,106.68972778320312,20.862346649169922,,,,,1d2b6df5-2e9d-3557-b0d3-008582ad0e2f,Unknown
Giga,Trung Gia High School,Trung Gia High School,105.86550903320312,21.312028884887695,,,,,981bda3d-efe6-37e5-ae48-a7abd0cb701f,Secondary
Giga,Trung giáo dục nghề nghiệp - thường xuyên,Trung giáo dục nghề nghiệp - thường xuyên,105.77083587646484,10.026248931884766,,,,,b2782bf0-1229-355a-abd7-f0d78005fbaa,Unknown
Giga,Trung Học Cơ Sở Đằng Lâm,Trung Học Cơ Sở Đằng Lâm,106.71095275878906,20.831247329711914,,,,,7f0941e4-4267-340e-ac45-631f2708c57b,Unknown
Giga,Trung Học Cơ Sở Hàm Đức,Trung Học Cơ Sở Hàm Đức,108.16069793701172,11.015088081359863,,,,,5736d3f7-ce9d-3735-8831-2c3aa7574dde,Unknown
Giga,Trung học cơ sở Mỹ Long,Trung học cơ sở Mỹ Long,105.78752899169922,10.358749389648438,,,,,467ec029-3739-3dd1-af40-319680ccd12a,Unknown
Giga,Trung học cơ sở Nghĩa Hương,Trung học cơ sở Nghĩa Hương,105.6169204711914,20.973108291625977,,,,,3e61d356-7262-3ece-b5b2-92b20d54a4b0,Unknown
Giga,Trung học cơ sở Tân Dương,Trung học cơ sở Tân Dương,106.67208862304688,20.898956298828125,,,,,96a1a1cd-3b30-38ed-af9c-72909840f1a9,Unknown
Giga,Trung Học Cơ Sở Tân Xuân,Trung Học Cơ Sở Tân Xuân,107.71827697753906,10.73302173614502,,,,,9d1e4854-c329-3b5e-beba-11b6e166dd58,Unknown
Giga,Trung học Phổ thông Phan Bội Châu,Trung học Phổ thông Phan Bội Châu,108.10311126708984,10.934061050415039,,,,,e9e186a3-3166-3cf0-b4b6-3a427155c015,Unknown
Giga,Trung học Tam Bình (Thái),Trung học Tam Bình (Thái),106.1542739868164,10.3096284866333,,,,,d2625369-8335-33f6-91d6-cd2dcfc318ff,Unknown
Giga,Trung Nhut Elementary School,Trung Nhut Elementary School,105.53766632080078,10.238995552062988,,,,,8a400a03-be85-3d62-9825-c2e6e5b071e9,Primary
Giga,Trung tâm anh ngữ Ama,Trung tâm anh ngữ Ama,105.77922821044922,10.03128719329834,,,,,ba075e3a-ab5c-3e9a-9f23-b06b1cff46e6,Unknown
Giga,Trung tâm Anh ngữ AMA,Trung tâm Anh ngữ AMA,105.78397369384766,10.045458793640137,,,,,a6f9c62b-448e-35a6-8579-2210f4fbd653,Unknown
Giga,Trung Tâm Anh Ngữ ATEN,Trung Tâm Anh Ngữ ATEN,105.84408569335938,20.98909568786621,,,,,6d978d08-87bd-3e74-bfec-ab2254dd60dd,Unknown
Giga,Trung tâm Anh ngữ EDU World,Trung tâm Anh ngữ EDU World,105.76787567138672,10.04024600982666,,,,,0cabba4d-acde-3ade-876d-7ec6bec0b8b2,Unknown
Giga,Trung tâm Anh ngữ Gia Việt,Trung tâm Anh ngữ Gia Việt,105.77173614501953,10.03756046295166,,,,,98c47746-a1a8-36ed-b6ec-f19365b34002,Unknown
Giga,Trung tâm Anh ngữ Liên Việt Mỹ,Trung tâm Anh ngữ Liên Việt Mỹ,105.77165985107422,10.036992073059082,,,,,2c20adad-962e-3e42-ab71-ace4bbdb01e1,Unknown
Giga,Trung tâm anh ngữ quốc tế Gogo,Trung tâm anh ngữ quốc tế Gogo,105.78658294677734,10.03452205657959,,,,,90a67d2d-d315-35a1-9e0f-d24a54c3b130,Unknown
Giga,Trung tâm anh ngữ quốc tế HQ,Trung tâm anh ngữ quốc tế HQ,105.76776123046875,10.019255638122559,,,,,c06cf4ac-a441-3a63-9f10-554f5917fac6,Unknown
Giga,Trung Tâm Anh ngữ quốc tế Mekong Superland,Trung Tâm Anh ngữ quốc tế Mekong Superland,105.7628173828125,10.046306610107422,,,,,9e8578a4-d65d-3c89-b0aa-560c23f46ae2,Unknown
Giga,Trung Tâm Anh Ngữ Việt Mỹ,Trung Tâm Anh Ngữ Việt Mỹ,106.67682647705078,10.794623374938965,,,,,eed6de35-2a62-3155-baae-600395fb5519,Unknown
Giga,Trung Tâm Anh Văn Hội Việt Mỹ - VUS,Trung Tâm Anh Văn Hội Việt Mỹ - VUS,106.69859313964844,10.75926399230957,,,,,d458e8e4-8cf5-3154-aa7b-dccc6bca1e8c,Unknown
Giga,Trung tâm Bồi dưỡng Chính trị,Trung tâm Bồi dưỡng Chính trị,107.86628723144531,13.962711334228516,,,,,0152f034-e2cd-3057-af36-a56fa22b0b96,Unknown
Giga,TRUNG TÂM BỒI DƯỠNG CHÍNH TRỊ,TRUNG TÂM BỒI DƯỠNG CHÍNH TRỊ,105.34403228759766,10.820576667785645,,,,,ec80fce8-2fa0-348f-95e9-e7a927e9fca6,Unknown
Giga,Trung tâm Bồi dưỡng Chính trị Cam Ranh,Trung tâm Bồi dưỡng Chính trị Cam Ranh,109.16132354736328,11.92532730102539,,,,,1bf712a2-183f-3d8b-9949-de13cbe25657,Unknown
Giga,Trung Tâm Bồi Dưỡng Chính Trị Huyện Cần Đước,Trung Tâm Bồi Dưỡng Chính Trị Huyện Cần Đước,106.60652160644531,10.501151084899902,,,,,5b21e8cf-0b06-304a-9508-4a6dd2712666,Unknown
Giga,Trung tâm Bồi dưỡng Chính trị Huyện Đức Linh,Trung tâm Bồi dưỡng Chính trị Huyện Đức Linh,107.55379486083984,11.183245658874512,,,,,3bc4757a-02f1-36b3-a398-23983c91ba34,Unknown
Giga,Trung tâm Bồi dưỡng Chính trị huyện Vĩnh Cửu,Trung tâm Bồi dưỡng Chính trị huyện Vĩnh Cửu,107.03514862060547,11.098387718200684,,,,,bb547715-a4fb-38ee-af8d-61c473aa5abc,Unknown
Giga,Trung tâm bồi dưỡng chính trị Q9,Trung tâm bồi dưỡng chính trị Q9,106.79137420654297,10.846443176269531,,,,,c7418077-3793-30f0-a8f2-ef04626736c0,Unknown
Giga,Trung tâm Bồi dưỡng Chính trị Thành phố Biên Hoà,Trung tâm Bồi dưỡng Chính trị Thành phố Biên Hoà,106.82007598876953,10.952123641967773,,,,,970aa9c1-6f25-365f-8e11-4737f56b892c,Unknown
Giga,Trung tâm Chính trị phường Xuân Hòa,Trung tâm Chính trị phường Xuân Hòa,106.68983459472656,10.7793607711792,,,,,4c63df01-d227-32b5-a41c-7cf798142b26,Unknown
Giga,Trung tâm Đào tạo Nghề Tây Sơn,Trung tâm Đào tạo Nghề Tây Sơn,108.94124603271484,13.898454666137695,,,,,124e5f80-1fa0-3fb4-b8d1-74d81b798222,Unknown
Giga,Trung Tâm Đào Tạo Quản Trị Nhà Hàng Khách Sạn Á Âu,Trung Tâm Đào Tạo Quản Trị Nhà Hàng Khách Sạn Á Âu,106.69239044189453,10.787370681762695,,,,,5b4ff115-4fd5-3c2e-8ce2-6df6e83a5ec2,Unknown
Giga,Trung Tâm Đào Tạo Quốc Tế CIE-PTIT,Trung Tâm Đào Tạo Quốc Tế CIE-PTIT,105.7874984741211,20.98070526123047,,,,,9cb18206-91e6-3a3c-ab81-94041bb04a9f,Unknown
Giga,Trung tâm Đào tạo & Sát hạch lái xe,Trung tâm Đào tạo & Sát hạch lái xe,108.99761199951172,11.61253547668457,,,,,8f7359f6-5a92-30aa-90b2-0dc42179c046,Unknown
Giga,Trung Tâm Dạy Học Tiếng Anh Apollo,Trung Tâm Dạy Học Tiếng Anh Apollo,106.65719604492188,10.762725830078125,,,,,c2e569bb-1a50-37b7-913d-23b2d79fffb2,Unknown
Giga,Trung tâm dạy nghề,Trung tâm dạy nghề,106.58592224121094,10.047480583190918,,,,,4d24098c-b0f1-344f-9b62-59af21033d92,Unknown
Giga,Trung Tâm Dạy Nghề Bình Thạnh,Trung Tâm Dạy Nghề Bình Thạnh,106.69590759277344,10.811840057373047,,,,,1399e422-2b48-3ae7-8fe5-d7b257381218,Unknown
Giga,Trung Tâm Fablab Hanoi,Trung Tâm Fablab Hanoi,105.83061981201172,21.02376937866211,,,,,b54af09d-304c-39ca-9b67-6a133cd9ded0,Unknown
Giga,Trung Tâm FabLab USTH,Trung Tâm FabLab USTH,105.80136108398438,21.048158645629883,,,,,4d0c9825-a4f5-3efe-a22f-78c34d4f36dc,Unknown
Giga,Trung Tâm GDNN - GDTX Bảo Lâm,Trung Tâm GDNN - GDTX Bảo Lâm,107.83258056640625,11.625688552856445,,,,,af903b50-ff24-30ae-a4b5-bdf3f0ecb23d,Unknown
Giga,Trung tâm GDNN-GDTX huyện Ba Vì,Trung tâm GDNN-GDTX huyện Ba Vì,105.41372680664062,21.210878372192383,,,,,856ea9e9-515f-3e8b-955f-fc03966276c9,Unknown
Giga,Trung tâm GDNN-GDTX huyện Bình Giang,Trung tâm GDNN-GDTX huyện Bình Giang,106.18737030029297,20.878110885620117,,,,,8f86f794-3641-324c-a0de-a852e228d109,Unknown
Giga,Trung tâm GDNN - GDTX huyện Bình Lục,Trung tâm GDNN - GDTX huyện Bình Lục,106.00569915771484,20.486488342285156,,,,,4b450f4a-ac77-3766-8fee-8e4512d72b04,Unknown
Giga,Trung tâm GDNN-GDTX huyện Cao Lộc,Trung tâm GDNN-GDTX huyện Cao Lộc,106.77082824707031,21.864580154418945,,,,,b4ab86bd-de70-366a-97b3-e98b4244fb9e,Unknown
Giga,Trung tâm GDNN-GDTX huyện Đông Hưng,Trung tâm GDNN-GDTX huyện Đông Hưng,106.3550796508789,20.549396514892578,,,,,7b10632f-45c8-3d94-9177-4445c8400729,Unknown
Giga,Trung tâm GDNN-GDTX huyện Đông Sơn,Trung tâm GDNN-GDTX huyện Đông Sơn,105.7192153930664,19.814674377441406,,,,,a4f195a6-b206-3eed-88a9-5bb0ed5aa404,Unknown
Giga,Trung tâm GDNN - GDTX huyện Đức Huệ,Trung tâm GDNN - GDTX huyện Đức Huệ,106.29966735839844,10.889237403869629,,,,,054c6cc3-2635-3d4a-85d9-1275571c20db,Unknown
Giga,Trung tâm GDNN – GDTX huyện Gia Lâm,Trung tâm GDNN – GDTX huyện Gia Lâm,105.9388198852539,21.021610260009766,,,,,d8fb50f4-b8be-3bc4-be1f-ec4a5eb334f7,Unknown
Giga,Trung tâm GDNN-GDTX huyện Hoài Đức (cơ sở 1),Trung tâm GDNN-GDTX huyện Hoài Đức (cơ sở 1),105.70557403564453,21.053682327270508,,,,,5f5104f8-79e0-316c-8de3-ef15a52e0438,Unknown
Giga,Trung tâm GDNN-GDTX huyện Hoài Đức (cơ sở 2),Trung tâm GDNN-GDTX huyện Hoài Đức (cơ sở 2),105.72261047363281,20.989288330078125,,,,,844947dd-30ea-362e-993d-e472dac04c57,Unknown
Giga,Trung tâm GDNN- GDTX huyện Kim Động,Trung tâm GDNN- GDTX huyện Kim Động,106.05636596679688,20.74273109436035,,,,,35c991d1-42c4-3335-854e-229f99ade987,Unknown
Giga,Trung tâm GDNN - GDTX huyện Mê Linh,Trung tâm GDNN - GDTX huyện Mê Linh,105.7205581665039,21.185016632080078,,,,,7cbca798-6b3f-33e9-81b2-2e9ef5e372c0,Unknown
Giga,Trung tâm GDNN - GDTX huyện Nghĩa Hưng,Trung tâm GDNN - GDTX huyện Nghĩa Hưng,106.1806411743164,20.214885711669922,,,,,eef4da11-7515-3299-90a5-43eb68b9e84c,Unknown
Giga,Trung tâm GDNN - GDTX huyện Phú Quý,Trung tâm GDNN - GDTX huyện Phú Quý,108.93621826171875,10.51790714263916,,,,,fc0a8384-f265-3d37-8f2f-b69f751c42b9,Unknown
Giga,Trung tâm GDNN-GDTX huyện Quản Bạ,Trung tâm GDNN-GDTX huyện Quản Bạ,104.98702239990234,23.072935104370117,,,,,1aac9d2f-ecb7-3d46-bcad-5ab3e2bbb49e,Unknown
Giga,Trung tâm GDNN-GDTX huyện Quốc Oai,Trung tâm GDNN-GDTX huyện Quốc Oai,105.64515686035156,20.99242401123047,,,,,8727c5a6-1eef-31f9-be0a-b69462538506,Unknown
Giga,Trung tâm GDNN - GDTX huyện Sóc Sơn,Trung tâm GDNN - GDTX huyện Sóc Sơn,105.85093688964844,21.2437686920166,,,,,023cfafd-363d-3ea3-958c-b21b344f2f64,Unknown
Giga,Trung tâm GDNN-GDTX huyện Thanh Hà,Trung tâm GDNN-GDTX huyện Thanh Hà,106.42709350585938,20.9089298248291,,,,,fc40e18b-3b3f-3d7d-a4f8-bc3bf89018e2,Unknown
Giga,Trung tâm GDNN-GDTX huyện Vũ Thư,Trung tâm GDNN-GDTX huyện Vũ Thư,106.28398132324219,20.433244705200195,,,,,8c509402-f268-3fa8-bfcf-7cfb44029d9a,Unknown
Giga,Trung tâm GDNN-GDTX huyện Xín Mần,Trung tâm GDNN-GDTX huyện Xín Mần,104.46381378173828,22.680713653564453,,,,,df938ad6-c87a-3a60-8ef4-ed8b49286f88,Unknown
Giga,Trung tâm GDNN-GDTX huyện Xuân Trường,Trung tâm GDNN-GDTX huyện Xuân Trường,106.33280181884766,20.289331436157227,,,,,0aad973e-3382-393f-9bfe-a51435f44be3,Unknown
Giga,Trung tâm GDNN-GDTX huyện Yên Lạc,Trung tâm GDNN-GDTX huyện Yên Lạc,105.56570434570312,21.232532501220703,,,,,a410f68d-8067-3d4b-93a7-aa61e8870ec4,Unknown
Giga,Trung tâm GDNN - GDTX huyện Yên Phong,Trung tâm GDNN - GDTX huyện Yên Phong,105.9539794921875,21.196985244750977,,,,,21da2d04-8abe-3fc6-8669-ead2a9e3f662,Unknown
Giga,Trung Tâm GDNN - GDTX Quận 8,Trung Tâm GDNN - GDTX Quận 8,106.67170715332031,10.743047714233398,,,,,a5e1bb06-8e39-3c5c-aeb9-b9412fec0e7b,Unknown
Giga,Trung tâm GDNN-GDTX quận Ba Đình,Trung tâm GDNN-GDTX quận Ba Đình,105.84794616699219,21.041215896606445,,,,,b0aa437e-d60b-3093-b548-4b1ab29c6b32,Unknown
Giga,Trung tâm GDNN-GDTX quận Ba Đình (cơ sở 3),Trung tâm GDNN-GDTX quận Ba Đình (cơ sở 3),105.81348419189453,21.03760528564453,,,,,725a3f9c-3cef-3280-b5dc-596504f2e8c4,Unknown
Giga,Trung tâm GDNN - GDTX quận Hai Bà Trưng,Trung tâm GDNN - GDTX quận Hai Bà Trưng,105.85443115234375,21.001943588256836,,,,,0448f341-f5a0-3c02-a0e6-2d0c49130be2,Unknown
Giga,Trung tâm GDNN - GDTX quận Nam Từ Liêm,Trung tâm GDNN - GDTX quận Nam Từ Liêm,105.73927307128906,21.034542083740234,,,,,9ea86e45-e84d-347a-a518-900b5ae00b56,Unknown
Giga,Trung tâm GDNN-GDTX quận Nam Từ Liêm,Trung tâm GDNN-GDTX quận Nam Từ Liêm,105.76632690429688,21.037010192871094,,,,,0e283a8c-65fd-3dc1-b096-552dd44424cb,Unknown
Giga,Trung tâm GDNN-GDTX thành phố Hưng Yên,Trung tâm GDNN-GDTX thành phố Hưng Yên,106.060302734375,20.645883560180664,,,,,4b00d7b6-7ac5-3b7b-a097-f2c9f7addcf8,Unknown
Giga,Trung tâm GDNN-GDTX thành phố Thái Bình,Trung tâm GDNN-GDTX thành phố Thái Bình,106.33240509033203,20.436199188232422,,,,,d5d68e48-f586-3701-95f4-49ead5c68d4b,Unknown
Giga,Trung tâm GDNN - GDTX thành phố Thủ Đức,Trung tâm GDNN - GDTX thành phố Thủ Đức,106.76222229003906,10.851582527160645,,,,,a935dd99-1c1d-3813-a4df-dc16a76544a5,Unknown
Giga,Trung tâm GDNN-GDTX thành phố Thủ Đức (cơ sở 2),Trung tâm GDNN-GDTX thành phố Thủ Đức (cơ sở 2),106.78116607666016,10.83981704711914,,,,,c0e35dad-0c51-320c-8a36-5dd41ba5d936,Unknown
Giga,Trung tâm GDNN-GDTX thành phố Uông Bí,Trung tâm GDNN-GDTX thành phố Uông Bí,106.76374053955078,21.040189743041992,,,,,b3ca535b-c269-35f5-892f-f42b873e0707,Unknown
Giga,Trung tâm GDNN - GDTX thị xã Duy Tiên,Trung tâm GDNN - GDTX thị xã Duy Tiên,105.98383331298828,20.64632225036621,,,,,f578218d-0446-345f-8e51-47a8db43b7ad,Unknown
Giga,Trung tâm GDNN - GDTX tỉnh Bắc Ninh,Trung tâm GDNN - GDTX tỉnh Bắc Ninh,106.15823364257812,21.153165817260742,,,,,aa6c50db-7a52-33f4-9198-02b8017206b0,Unknown
Giga,Trung tâm GDTX Hải Phòng,Trung tâm GDTX Hải Phòng,106.67904663085938,20.85449981689453,,,,,4d708eaf-ea75-3f50-9d1d-8c2849c257e8,Unknown
Giga,Trung tâm GDTX - Hướng nghiệp Ninh Thuận,Trung tâm GDTX - Hướng nghiệp Ninh Thuận,108.99242401123047,11.577804565429688,,,,,3ccf33d0-847d-3b6a-9965-9e1f1ef65c96,Unknown
Giga,Trung tâm GDTX - Hướng nghiệp tỉnh Hà Nam,Trung tâm GDTX - Hướng nghiệp tỉnh Hà Nam,105.9262924194336,20.531930923461914,,,,,709c572b-cf4c-3b1b-a98d-e01faebd47c7,Unknown
Giga,Trung tâm GDTX huyện,Trung tâm GDTX huyện,107.83766174316406,13.964668273925781,,,,,76b0093b-ce54-3a25-95f3-2d6c3b2549e7,Unknown
Giga,Trung tâm GDTX huyện Châu Đức,Trung tâm GDTX huyện Châu Đức,107.24380493164062,10.65099811553955,,,,,32b10cb9-8600-3dab-ba94-907b08746a11,Unknown
Giga,Trung tâm GDTX huyện Đồng Văn,Trung tâm GDTX huyện Đồng Văn,105.35289001464844,23.276975631713867,,,,,32788e95-901c-3350-bd3f-c7407ff2d92e,Unknown
Giga,Trung tâm GDTX huyện Đức Hòa,Trung tâm GDTX huyện Đức Hòa,106.39813995361328,10.88438606262207,,,,,fa2bc090-294d-33cc-8155-0c5e42f0201b,Unknown
Giga,Trung tâm GDTX huyện Long Điền,Trung tâm GDTX huyện Long Điền,107.21639251708984,10.475703239440918,,,,,a728c882-c8d6-3ae3-9133-a30542161415,Unknown
Giga,Trung tâm GDTX huyện Tam Đường,Trung tâm GDTX huyện Tam Đường,103.62260437011719,22.32048797607422,,,,,5740c290-f6be-32e7-9009-c813dcc8eee1,Unknown
Giga,Trung Tâm GDTX Quận 10,Trung Tâm GDTX Quận 10,106.67501831054688,10.766328811645508,,,,,21e35405-d14b-3451-a166-d254b6a2ab63,Unknown
Giga,Trung tâm GDTX quận 7,Trung tâm GDTX quận 7,106.72467041015625,10.739823341369629,,,,,7578e74f-8259-344c-9cf7-ab775ef6646f,Unknown
Giga,Trung tâm GDTX quận Bình Tân,Trung tâm GDTX quận Bình Tân,106.59810638427734,10.791712760925293,,,,,bc05e445-d8de-3204-bc8a-f44a59c88891,Unknown
Giga,Trung tâm GDTX quận Tân Bình,Trung tâm GDTX quận Tân Bình,106.64958953857422,10.793071746826172,,,,,3ca85e0f-c345-33b5-9773-c2e70f473530,Unknown
Giga,Trung tâm GDTX Thành phố Cẩm Phả,Trung tâm GDTX Thành phố Cẩm Phả,107.30624389648438,21.006410598754883,,,,,3f5715c6-640e-3efa-b907-0b3d800b3911,Unknown
Giga,Trung tâm GDTX tỉnh Thanh Hoá,Trung tâm GDTX tỉnh Thanh Hoá,105.78020477294922,19.816734313964844,,,,,38386a86-be15-351a-8a63-e483b56e9fa1,Unknown
Giga,Trung tâm GDTX tỉnh Vĩnh Phúc,Trung tâm GDTX tỉnh Vĩnh Phúc,105.6031723022461,21.321096420288086,,,,,0d88e024-07cf-3984-a609-1b693e5d2d16,Unknown
Giga,Trung tâm GDTX tỉnh Yên Bái,Trung tâm GDTX tỉnh Yên Bái,104.9063491821289,21.724529266357422,,,,,0a087011-15b6-3f7f-b935-fca46720d776,Unknown
Giga,Trung tâm GDTX Tp Ngã Bảy,Trung tâm GDTX Tp Ngã Bảy,105.81806182861328,9.80850887298584,,,,,35556cbf-cc06-3f9b-bd89-b4709cb9525c,Unknown
Giga,Trung tâm GDTX Trảng Bom,Trung tâm GDTX Trảng Bom,107.00023651123047,10.95500659942627,,,,,01c62ef1-bab4-38fc-9648-9aec21a61073,Unknown
Giga,Trung tâm GDTX Tuy Phong (cơ sở 1),Trung tâm GDTX Tuy Phong (cơ sở 1),108.57838439941406,11.182032585144043,,,,,a527db8b-a3b9-3253-b50d-4b5983291e1e,Unknown
Giga,Trung tâm GDTX và Hướng nghiệp Cam Ranh,Trung tâm GDTX và Hướng nghiệp Cam Ranh,109.1452865600586,11.923430442810059,,,,,826465f3-d8f4-36ea-ac50-51ac5125684f,Unknown
Giga,Trung tâm Giáo dục Đặc biệt,Trung tâm Giáo dục Đặc biệt,105.78291320800781,21.039121627807617,,,,,874671a2-a9ae-32b3-856e-2082008aade7,Unknown
Giga,Trung tâm Giáo dục Nghề nghiệp - GDTX Thành phố Tây Ninh,Trung tâm Giáo dục Nghề nghiệp - GDTX Thành phố Tây Ninh,106.09996795654297,11.306548118591309,,,,,b7fa89fd-d4be-30f4-aef8-e95b739fa876,Unknown
Giga,Trung tâm Giáo dục Nghề nghiệp - Giáo dục Thường xuyên Huyện Đức Thọ,Trung tâm Giáo dục Nghề nghiệp - Giáo dục Thường xuyên Huyện Đức Thọ,105.57586669921875,18.524555206298828,,,,,80161366-8d12-31e7-b7b2-be1597ec9286,Unknown
Giga,Trung tâm Giáo dục nghề nghiệp - Giáo dục thường xuyên quận Cầu Giấy,Trung tâm Giáo dục nghề nghiệp - Giáo dục thường xuyên quận Cầu Giấy,105.76901245117188,21.036413192749023,,,,,37c839bb-5d7f-3a0b-846d-8361a93636b8,Unknown
Giga,Trung Tâm Giáo Dục Nghề Nghiệp - Giáo Dục Thường Xuyên Thành Phố Bến Tre,Trung Tâm Giáo Dục Nghề Nghiệp - Giáo Dục Thường Xuyên Thành Phố Bến Tre,106.37358856201172,10.249629020690918,,,,,fac7ce03-632b-3e9e-8c2c-703ce33fb656,Unknown
Giga,Trung Tam giao duc nghhe nghiep,Trung Tam giao duc nghhe nghiep,105.89820098876953,21.056880950927734,,,,,ff191213-9017-3b81-a078-dbe47a766653,Unknown
Giga,Trung tâm Giáo dục Quốc phòng và An ninh,Trung tâm Giáo dục Quốc phòng và An ninh,106.8016586303711,10.889764785766602,,,,,8738e9ff-6833-3329-bd84-0d53ec972234,Unknown
Giga,Trung Tâm Giáo Dục Thường Xuyên,Trung Tâm Giáo Dục Thường Xuyên,105.89454650878906,19.731781005859375,,,,,dbda91ca-ab4f-327c-884e-34d459586713,Unknown
Giga,Trung Tâm Giáo Dục Thường Xuyên,Trung Tâm Giáo Dục Thường Xuyên,106.64524841308594,10.769268989562988,,,,,106e80f4-2da8-3898-95f0-8797396bb4c1,Unknown
Giga,Trung tâm giáo dục thường xuyên Chợ Lách,Trung tâm giáo dục thường xuyên Chợ Lách,106.1391372680664,10.249822616577148,,,,,37887dc9-884e-3816-8317-9e0a7d5ab80e,Unknown
Giga,Trung tâm Giáo dục Thường xuyên Huyện Cần Giờ,Trung tâm Giáo dục Thường xuyên Huyện Cần Giờ,106.9516830444336,10.408825874328613,,,,,0452ffe8-5493-38e9-867b-fb0853cf7e9c,Unknown
Giga,Trung tâm Giáo dục thường xuyên Huyện Đồng Phú,Trung tâm Giáo dục thường xuyên Huyện Đồng Phú,106.8627700805664,11.44791030883789,,,,,ab767f29-f861-380e-903b-858299954c65,Unknown
Giga,Trung tâm Giáo dục Thường xuyên Huyện Hòn Đất,Trung tâm Giáo dục Thường xuyên Huyện Hòn Đất,104.93714904785156,10.180485725402832,,,,,4da56a43-650b-33cd-b842-b8ea43cc2b3f,Unknown
Giga,Trung Tâm Giáo Dục Thường Xuyên Huyện Phong Điền,Trung Tâm Giáo Dục Thường Xuyên Huyện Phong Điền,105.67950439453125,9.993917465209961,,,,,1fc3158a-3c99-3bc3-afd8-0e7e57e95fa7,Unknown
Giga,Trung Tâm Giáo Dục Thường Xuyên Huyện Thạch Thành,Trung Tâm Giáo Dục Thường Xuyên Huyện Thạch Thành,105.66888427734375,20.124753952026367,,,,,f21a254c-f5bd-3e12-a421-c88baa94348f,Unknown
Giga,Trung tâm Giáo dục Thường xuyên Quận 11,Trung tâm Giáo dục Thường xuyên Quận 11,106.64530944824219,10.769336700439453,,,,,d3bfbb20-ee48-3a3f-afa8-a817a6ad26a0,Unknown
Giga,Trung tâm Giáo dục thường xuyên số 2,Trung tâm Giáo dục thường xuyên số 2,108.18409729003906,16.06877899169922,,,,,6f56bf57-e184-3b14-9d56-99d7a3ffb458,Unknown
Giga,Trung Tâm Giáo Dục Thường Xuyên Số 3,Trung Tâm Giáo Dục Thường Xuyên Số 3,108.19134521484375,16.00469398498535,,,,,c4a0379e-6aee-30ed-a754-13157971fc59,Unknown
Giga,Trung Tâm Giáo Dục Thường Xuyên Thành Phố Cao Bằng,Trung Tâm Giáo Dục Thường Xuyên Thành Phố Cao Bằng,106.26451110839844,22.663179397583008,,,,,3c3cfca8-f0aa-3395-bf0f-74a4f14ef477,Unknown
Giga,Trung tâm Giáo dục thường xuyên thành phố Từ Sơn,Trung tâm Giáo dục thường xuyên thành phố Từ Sơn,105.9565658569336,21.111682891845703,,,,,4b70c06c-8fb3-39e9-88c4-06e0ed5e9874,Unknown
Giga,Trung tâm giáo dục thường xuyên Thị xã Phú Mỹ,Trung tâm giáo dục thường xuyên Thị xã Phú Mỹ,107.0569076538086,10.59793472290039,,,,,4e4a3f6c-1fd4-3298-a5c6-47264ec05c34,Unknown
Giga,Trung tâm Giáo dục thường xuyên Thị xã Thuận Thành,Trung tâm Giáo dục thường xuyên Thị xã Thuận Thành,106.087646484375,21.0499267578125,,,,,fc97fbc5-304b-32c2-b287-647de6e00f1a,Unknown
Giga,Trung Tâm Giáo Dục Thường Xuyên Tỉnh Bắc Ninh,Trung Tâm Giáo Dục Thường Xuyên Tỉnh Bắc Ninh,106.07040405273438,21.180599212646484,,,,,89695506-f3b5-3779-a519-4b96b379e00b,Unknown
Giga,Trung tâm Giáo dục Thường xuyên tỉnh Đồng Nai,Trung tâm Giáo dục Thường xuyên tỉnh Đồng Nai,106.83097839355469,10.945979118347168,,,,,6344e8b7-b51d-3460-a5de-710109372fd3,Unknown
Giga,Trung tâm Giáo dục Thường xuyên tỉnh Đồng Nai (cơ sở 2A),Trung tâm Giáo dục Thường xuyên tỉnh Đồng Nai (cơ sở 2A),106.81593322753906,10.950428009033203,,,,,addc4889-0c05-392f-a131-a28a6b997b4b,Unknown
Giga,Trung tâm Giáo dục Thường xuyên tỉnh Đồng Nai (cơ sở 2B),Trung tâm Giáo dục Thường xuyên tỉnh Đồng Nai (cơ sở 2B),106.8154296875,10.950560569763184,,,,,b8345ac3-4cca-35e6-82c1-77a7125595cd,Unknown
Giga,Trung tâm Giáo dục Thường xuyên tỉnh Đồng Nai (cơ sở 5),Trung tâm Giáo dục Thường xuyên tỉnh Đồng Nai (cơ sở 5),106.82090759277344,10.945006370544434,,,,,99f26a35-bd18-3321-bf14-6417a3ab349d,Unknown
Giga,Trung tâm Giáo dục thường xuyên tỉnh Hoà Bình,Trung tâm Giáo dục thường xuyên tỉnh Hoà Bình,105.34966278076172,20.83351707458496,,,,,2fbc3d94-7e95-3ee5-9533-24a38cdc3e8d,Unknown
Giga,Trung tâm Giáo dục thường xuyên tỉnh Hoà Bình,Trung tâm Giáo dục thường xuyên tỉnh Hoà Bình,105.33905792236328,20.83260726928711,,,,,d6fa5a73-18f1-36a9-80bc-1e1685f03d55,Unknown
Giga,Trung tâm Giáo dục thường xuyên và Bồi dưỡng nghiệp vụ tỉnh Bình Dương,Trung tâm Giáo dục thường xuyên và Bồi dưỡng nghiệp vụ tỉnh Bình Dương,106.66861724853516,10.966997146606445,,,,,948dc295-fcbe-33d3-b3c2-49f0b997b724,Unknown
Giga,Trung Tâm Giáo Dục Thường Xuyên và Hướng Nghiệp huyện Tuy An,Trung Tâm Giáo Dục Thường Xuyên và Hướng Nghiệp huyện Tuy An,109.2155532836914,13.309717178344727,,,,,65d3ebc9-86b6-376b-ac9f-fec3d0334779,Unknown
Giga,Trung Tâm Học Thực Tế,Trung Tâm Học Thực Tế,106.69010925292969,20.83047866821289,,,,,012eec71-f9ec-329c-98e4-dce1d05e5326,Unknown
Giga,Trung Tâm Học Tiếng Nhật,Trung Tâm Học Tiếng Nhật,106.6671142578125,10.767230987548828,,,,,b50ee009-f95a-30c2-8670-8958e9dee2d0,Unknown
Giga,Trung tâm Huấn luyện Thực hành Trường Sĩ quan Công binh,Trung tâm Huấn luyện Thực hành Trường Sĩ quan Công binh,106.82654571533203,11.07413101196289,,,,,ca969bcb-88d0-3006-baf1-5e347e8aea87,Unknown
Giga,Trung tâm Huấn luyện và Bồi dưỡng nghiệp vụ - Công an thành phố Hà Nội,Trung tâm Huấn luyện và Bồi dưỡng nghiệp vụ - Công an thành phố Hà Nội,105.76972961425781,20.96289825439453,,,,,e976dc79-2c54-3cf6-974e-2704ddc70035,Unknown
Giga,Trung tâm hướng dẫn hoạt động Thiếu nhi Trung ương,Trung tâm hướng dẫn hoạt động Thiếu nhi Trung ương,105.94303894042969,21.018882751464844,,,,,1914e0a6-a8e0-358d-99ba-36e72f3bc5ac,Unknown
Giga,Trung tâm luyện thi đại học Đồng Tiến  cơ sở 1,Trung tâm luyện thi đại học Đồng Tiến  cơ sở 1,105.74833679199219,10.025605201721191,,,,,671395e2-e0ed-3952-808e-603da55b9c78,Unknown
Giga,Trung Tâm Ngoại Ngữ,Trung Tâm Ngoại Ngữ,106.68939971923828,10.748542785644531,,,,,3e78c5c3-ea93-3452-8ef4-1d98141d5d3a,Unknown
Giga,Trung tâm ngoại ngữ ĐHCT Khu I,Trung tâm ngoại ngữ ĐHCT Khu I,105.765625,10.016873359680176,,,,,6cc41b48-cc4a-3285-a062-d8182a09f6a2,Unknown
Giga,Trung tâm ngoại ngữ Dương Kinh,Trung tâm ngoại ngữ Dương Kinh,106.72463989257812,20.78131103515625,,,,,6d36f495-793a-31ab-a24c-52a9befa49ae,Unknown
Giga,Trung Tâm Ngoại Ngữ Dương Minh,Trung Tâm Ngoại Ngữ Dương Minh,106.68305969238281,10.802083969116211,,,,,a9b5684a-9e1e-3028-86b1-bff8c3762458,Unknown
Giga,Trung tâm ngoại ngữ Oxford Quảng Ninh,Trung tâm ngoại ngữ Oxford Quảng Ninh,107.1256103515625,20.93907356262207,,,,,b0ab5c22-d36d-3570-9a4e-29d321d96c4d,Unknown
Giga,Trung Tâm Ngoại Ngữ Thế Hệ Mới SAS,Trung Tâm Ngoại Ngữ Thế Hệ Mới SAS,106.64491271972656,10.773158073425293,,,,,b0ed63ad-361b-39a5-a2b3-f7a92aef5f98,Unknown
Giga,Trung Tâm Nhật Ngữ Yaruki,Trung Tâm Nhật Ngữ Yaruki,106.70264434814453,10.788175582885742,,,,,4c2b39b4-e2ee-34ac-928b-4070ebc838db,Unknown
Giga,Trung tâm Sao Mai,Trung tâm Sao Mai,105.80523681640625,21.003801345825195,,,,,0366b6a3-42c6-35a8-aa5b-8e896832e2b6,Unknown
Giga,Trung Tâm Tiếng Anh Apax,Trung Tâm Tiếng Anh Apax,105.87632751464844,21.047760009765625,,,,,698da1d5-1b1e-31f8-b8bd-2d1b36dbb5c6,Unknown
Giga,Trung Tâm Tiếng Anh Apax,Trung Tâm Tiếng Anh Apax,105.91157531738281,21.06454849243164,,,,,1dd946e8-3a12-39a5-87c9-c6fed63ebc99,Unknown
Giga,Trung Tâm Tiếng Anh Yola,Trung Tâm Tiếng Anh Yola,106.61225128173828,10.744049072265625,,,,,799bfdab-4c7d-3a38-8442-fb901b3321c9,Unknown
Giga,Trung Tâm Tin Học Trường ĐH Khoa Học Tự Nhiên,Trung Tâm Tin Học Trường ĐH Khoa Học Tự Nhiên,106.67607116699219,10.763527870178223,,,,,3744c2cf-48e8-37cc-9975-b709bd5a668d,Unknown
Giga,Trung Tâm Tư Vấn Du Học Quốc Tế,Trung Tâm Tư Vấn Du Học Quốc Tế,106.67239379882812,10.778595924377441,,,,,54959d15-93ed-3933-a128-148be43e9128,Unknown
Giga,Trung Van High School,Trung Van High School,105.78739166259766,20.993854522705078,,,,,c34ccc6e-b688-3d12-80c7-3c29a82594cc,Secondary
Giga,Trung Vuong highschool,Trung Vuong highschool,109.23357391357422,13.771052360534668,,,,,083fdf9c-8e34-3e19-87af-0c12d29ffbe7,Secondary
Giga,Trung Vuong Secondary School,Trung Vuong Secondary School,105.85221099853516,21.023345947265625,,,,,a7b4f5d0-7153-3fcb-b129-aee6ef62cd84,Secondary
Giga,Trường BC Nam Sài Gòn,Trường BC Nam Sài Gòn,106.72300720214844,10.724544525146484,,,,,0efe9091-a2cc-398b-80fe-2ccbbc18fcea,Unknown
Giga,Trường Cán bộ quản lý Văn hóa  Thể thao và Du lịch,Trường Cán bộ quản lý Văn hóa  Thể thao và Du lịch,105.7742919921875,21.03814697265625,,,,,a3a36775-54fb-3b44-bc08-f9940f738784,Unknown
Giga,Trường Cao Đẳng An Ninh Mạng ISPACE,Trường Cao Đẳng An Ninh Mạng ISPACE,106.69548797607422,10.79542064666748,,,,,def7ce35-94f8-3887-b1ee-6e366ad91232,Unknown
Giga,Trường Cao đẳng Cơ điện Hà Nội (Cơ sở 6),Trường Cao đẳng Cơ điện Hà Nội (Cơ sở 6),105.93266296386719,20.94506072998047,,,,,10d3690f-9de3-3bff-8f7b-13b5616c4b14,Unknown
Giga,Trường Cao đẳng Điện lực miền Trung,Trường Cao đẳng Điện lực miền Trung,108.32466888427734,15.886558532714844,,,,,d44b4249-026c-3920-a1a4-c0e0128badef,Unknown
Giga,Trường Cao Đẳng Kinh Tế Công Nghệ Hà Nội,Trường Cao Đẳng Kinh Tế Công Nghệ Hà Nội,105.7470703125,21.05634117126465,,,,,5d797a21-8015-3c5c-b4dd-ad50e5578487,Unknown
Giga,Trường Cao Đẳng Nghề 21,Trường Cao Đẳng Nghề 21,107.9982681274414,14.01447582244873,,,,,9fec50ad-5598-3bcf-8458-dda3009adacb,Unknown
Giga,Trường Cao đẳng nghề Nguyễn Trãi,Trường Cao đẳng nghề Nguyễn Trãi,105.7821044921875,21.051525115966797,,,,,f66a0180-61a2-3f5a-bba7-9a7040d48e1e,Unknown
Giga,Trường Cao đẳng nghề Ninh Thuận (cơ sở 1),Trường Cao đẳng nghề Ninh Thuận (cơ sở 1),109.00511932373047,11.551522254943848,,,,,596bca63-454c-3e56-a700-de5127ea5148,Unknown
Giga,Trường Cao đẳng Nghề số 22,Trường Cao đẳng Nghề số 22,106.74520874023438,10.888364791870117,,,,,10586db3-6b3b-3007-8a63-debf9a39ef86,Unknown
Giga,Trường Cao Đẳng Nghề Thủ Thiêm,Trường Cao Đẳng Nghề Thủ Thiêm,106.76976776123047,10.782074928283691,,,,,62179bc8-6688-3ca7-89ba-d9640537e6a8,Unknown
Giga,Trường Cao Đẳng Ngoại Ngữ Công Nghệ Việt Nhật,Trường Cao Đẳng Ngoại Ngữ Công Nghệ Việt Nhật,106.10379028320312,21.16630744934082,,,,,c296f774-f34c-3350-9893-ba25e3eba14e,Unknown
Giga,Trường Cao đẳng Ngô Gia Tự Bắc Giang (cơ sở 2),Trường Cao đẳng Ngô Gia Tự Bắc Giang (cơ sở 2),106.19788360595703,21.270700454711914,,,,,fa36cc4f-86f8-39f8-b885-077155370c7d,Unknown
Giga,Trường Cao Đẳng Phát Thanh Truyền Hình 2,Trường Cao Đẳng Phát Thanh Truyền Hình 2,106.6752700805664,10.760282516479492,,,,,f25e760c-dc42-356d-bf0d-2647a65943b1,Unknown
Giga,Trường Cao đẳng Sơn La,Trường Cao đẳng Sơn La,103.99749755859375,21.296627044677734,,,,,76eeb534-d44f-3f63-bfd0-660a9df663d0,Unknown
Giga,Trường Cao đẳng Việt Mỹ,Trường Cao đẳng Việt Mỹ,106.69136047363281,10.739315032958984,,,,,7affefd7-41a8-36aa-b7e4-2773485a3024,Unknown
Giga,Trường Cao đẳng Y Hà Nội (cơ sở Mỹ Đình),Trường Cao đẳng Y Hà Nội (cơ sở Mỹ Đình),105.77302551269531,21.031530380249023,,,,,b09044f8-4ab4-3d40-9961-73f2382b013b,Unknown
Giga,Trường Cao đẳng Y Hà Nội (cơ sở Phú Thứ),Trường Cao đẳng Y Hà Nội (cơ sở Phú Thứ),105.7507553100586,21.003074645996094,,,,,c7a7c4d7-1b01-3f1b-9b11-94f3382672e4,Unknown
Giga,Trường Cao đẳng Y Hà Nội (trụ sở chính),Trường Cao đẳng Y Hà Nội (trụ sở chính),105.81329345703125,20.986400604248047,,,,,a6d69e02-1c45-3272-b6d4-146c58b0e0ea,Unknown
Giga,Trường Cao Đẳng Y Tế Bình Định,Trường Cao Đẳng Y Tế Bình Định,109.23999786376953,13.772383689880371,,,,,5e8e6e7a-86c9-3423-bcd9-04f96f254990,Unknown
Giga,Trường Cao đẳng Y tế Quảng Nam,Trường Cao đẳng Y tế Quảng Nam,108.47693634033203,15.571948051452637,,,,,7c8a8013-4171-385e-bfcf-7d06ce953e8b,Unknown
Giga,Trường Cao Đẳng Y Tế Quảng Trị Cơ Sở 2,Trường Cao Đẳng Y Tế Quảng Trị Cơ Sở 2,106.56945037841797,17.483211517333984,,,,,d14330fb-5178-3960-aa39-7792dcfa13e2,Unknown
Giga,Trường cấp 1-2 Tân Sơn,Trường cấp 1-2 Tân Sơn,106.64253234863281,10.837041854858398,,,,,6b5cb8b9-0224-3cea-a59f-fdeafdfdbe7e,Unknown
Giga,Trường cấp 1 Phan Văn Hân,Trường cấp 1 Phan Văn Hân,106.6868896484375,10.773687362670898,,,,,5f28ba33-e871-31c8-b069-045fc58475de,Unknown
Giga,Trường cấp 2 Lê Văn Tám,Trường cấp 2 Lê Văn Tám,108.72799682617188,11.226399421691895,,,,,d25bae4d-5708-328d-b2b0-2308cd0e229f,Unknown
Giga,Trường Cấp 2 Việt Đức,Trường Cấp 2 Việt Đức,108.1252212524414,12.629327774047852,,,,,1fd81b0e-15b8-3b7f-8722-99453ac143c2,Unknown
Giga,Trường cấp 3 Tuy Phong,Trường cấp 3 Tuy Phong,108.7212142944336,11.227355003356934,,,,,ddeed092-a366-326e-ad84-172d5fe8a243,Unknown
Giga,Trường cấp 3 Việt Đức,Trường cấp 3 Việt Đức,108.12342071533203,12.629578590393066,,,,,8c5174e1-0de6-3273-867d-a56d4f95c321,Unknown
Giga,Trường Cấp III Kiên Lương,Trường Cấp III Kiên Lương,104.64566802978516,10.280828475952148,,,,,38462494-43d8-331d-9127-a68844cb8e49,Unknown
Giga,Trường CĐ Công Nghệ Thông Tin,Trường CĐ Công Nghệ Thông Tin,106.6344985961914,10.775099754333496,,,,,e95a16af-1055-3ea3-8512-42e8ffe39cb1,Unknown
Giga,Trường CĐ Nghề Thủ Thiêm - Cơ Sở 2,Trường CĐ Nghề Thủ Thiêm - Cơ Sở 2,106.78489685058594,10.761996269226074,,,,,ac182fda-f810-32b2-a984-3cdd703d4973,Unknown
Giga,Truong Chinh High School,Truong Chinh High School,108.01840209960938,14.371706008911133,,,,,8babb1ce-812d-3b1b-85e1-81a71bdb0afa,Secondary
Giga,Trường Chính Trị,Trường Chính Trị,105.9892578125,20.248876571655273,,,,,ef6d916f-a496-383f-a895-f544ef44a5d4,Unknown
Giga,Trường chính trị Đồng Tháp,Trường chính trị Đồng Tháp,105.75372314453125,10.307453155517578,,,,,0f80b7e6-f74a-3420-b311-bd0a1191b87c,Unknown
Giga,Trường Chính Trị Hòa Bình,Trường Chính Trị Hòa Bình,105.34468841552734,20.843542098999023,,,,,e354a562-5387-3c88-900a-a442c0ed6044,Unknown
Giga,Trường Chính trị Nguyễn Chí Thanh,Trường Chính trị Nguyễn Chí Thanh,107.58090209960938,16.445419311523438,,,,,7350d190-4b71-355c-9af5-0924647c4d44,Unknown
Giga,Trường Chính trị Ninh Thuận,Trường Chính trị Ninh Thuận,108.97624969482422,11.580351829528809,,,,,7684f28a-e2cf-38fc-b222-435daf531415,Unknown
Giga,Trường Chính trị tỉnh Đồng Nai,Trường Chính trị tỉnh Đồng Nai,106.86348724365234,10.933004379272461,,,,,3d41a97e-18cc-322e-add9-42b08f77b049,Unknown
Giga,Trường Chuyên biệt Bình Minh - CS2,Trường Chuyên biệt Bình Minh - CS2,106.632080078125,10.795077323913574,,,,,f4d0be1c-3b68-3683-8c04-67f60dbd5406,Unknown
Giga,Truong Cong Dinh Secondary School,Truong Cong Dinh Secondary School,107.1517105102539,10.583525657653809,,,,,1c4cb7a9-15cd-3510-9915-f38231a2e613,Secondary
Giga,Trường Công Nghệ Bách Khoa,Trường Công Nghệ Bách Khoa,106.67401885986328,10.799723625183105,,,,,8b5f09cf-3642-31c7-ac5f-ec52c8fa0f92,Unknown
Giga,trường cổ nhuế,trường cổ nhuế,105.77932739257812,21.06058692932129,,,,,594fb277-9e14-3d60-aa2b-81afbd7e80d8,Unknown
Giga,Trường Đại Học CNTT Gia Định,Trường Đại Học CNTT Gia Định,106.6284408569336,10.802760124206543,,,,,03ac46fe-d54f-34ec-a8ea-2db04da82d50,Unknown
Giga,Trường Đại học Fulbright Việt Nam,Trường Đại học Fulbright Việt Nam,106.7205810546875,10.72683334350586,,,,,93614b9b-ed16-3ce9-801b-7a4a2a8d1b81,Unknown
Giga,Trường Đại học Khoa học xã hội & Nhân văn,Trường Đại học Khoa học xã hội & Nhân văn,106.80095672607422,10.87025260925293,,,,,deb4f9cf-bd0b-3e58-8c18-7a7cbc13b6cb,Unknown
Giga,Trường Đại Học Kinh Tế - Luật,Trường Đại Học Kinh Tế - Luật,106.75201416015625,10.848062515258789,,,,,b72e096e-a775-34cf-b39c-3d894ab580cf,Unknown
Giga,Trường Đại Học Ngoại Ngữ Tin Học,Trường Đại Học Ngoại Ngữ Tin Học,106.66702270507812,10.775969505310059,,,,,e29b9068-c14f-3791-945f-24783a8a3aa2,Unknown
Giga,Trường Đại Học Nội Vụ Hà Nội,Trường Đại Học Nội Vụ Hà Nội,106.68089294433594,10.836661338806152,,,,,757c6f2c-85f5-30a7-b90e-0a12517a6f27,Unknown
Giga,Trường Đại Học Sư Phạm Kỹ Thuật VGU,Trường Đại Học Sư Phạm Kỹ Thuật VGU,106.6694564819336,10.798103332519531,,,,,95e61d13-8245-32eb-8949-cbaa38663aba,Unknown
Giga,Trường Đại học Thể dục Thể thao Đà Nẵng,Trường Đại học Thể dục Thể thao Đà Nẵng,108.1809310913086,16.070894241333008,,,,,9f1e5bc7-a6a5-3f25-86c6-623e2a951c81,Unknown
Giga,Trường Đại học Trần Đại Nghĩa (Cơ sở 2),Trường Đại học Trần Đại Nghĩa (Cơ sở 2),106.8800277709961,10.910843849182129,,,,,e9fd5812-2ba6-38c7-b243-3d5327d3bae0,Unknown
Giga,Trường Đại Học Y Dược TPHCM,Trường Đại Học Y Dược TPHCM,106.67076873779297,10.800074577331543,,,,,b3df0006-2fe0-3997-b0a1-695b39e11691,Unknown
Giga,Trường Dân lập Hoa Văn Phú Bình,Trường Dân lập Hoa Văn Phú Bình,107.23372650146484,10.912118911743164,,,,,258ce33b-f966-387e-99dd-5fbe764de63d,Unknown
Giga,Trường Dân Tộc nội trú,Trường Dân Tộc nội trú,108.42294311523438,11.937615394592285,,,,,dee9fe6b-96d4-3150-a3d9-dc9ac5d30651,Unknown
Giga,Trường Dân tộc nội trú Cầu Kè,Trường Dân tộc nội trú Cầu Kè,106.06082153320312,9.875532150268555,,,,,d8a1b31f-630a-3190-a231-0960068529d0,Unknown
Giga,Trường Đào tạo cán bộ Nguyễn Văn Cừ,Trường Đào tạo cán bộ Nguyễn Văn Cừ,107.0550765991211,20.961862564086914,,,,,94d6e125-b2f2-3dd1-a6fe-bb0fd12036b7,Unknown
Giga,Trường đào tạo nghề,Trường đào tạo nghề,108.91339111328125,13.912108421325684,,,,,252eafed-1929-3c8a-944f-aa8ec70a9050,Unknown
Giga,Trường dạy nghề huyện Tuy Phước,Trường dạy nghề huyện Tuy Phước,109.1609115600586,13.830042839050293,,,,,e67e8c16-094f-3728-b9d9-949365144619,Unknown
Giga,Trường Dạy nghề Người khuyết tật Hà Tĩnh,Trường Dạy nghề Người khuyết tật Hà Tĩnh,105.88993072509766,18.345596313476562,,,,,af00dd31-1f4e-3ae8-a49b-7ae53af6d2be,Unknown
Giga,Trường dạy nghề thủy sản,Trường dạy nghề thủy sản,106.70104217529297,20.87108612060547,,,,,0626b2dd-892e-35ae-a909-e3b73e7c9b07,Unknown
Giga,Trường dạy nghề Xi Măng,Trường dạy nghề Xi Măng,106.66106414794922,20.865148544311523,,,,,56586d3f-3538-3a46-a68e-151c5c7bfeef,Unknown
Giga,Trường dạy Trẻ em khuyết tật huyện Thanh Trì,Trường dạy Trẻ em khuyết tật huyện Thanh Trì,105.84647369384766,20.94038200378418,,,,,ab1fa46c-c215-3e7e-95a6-7c4325e1fa8e,Unknown
Giga,Trường Dewey Tây Hồ Tây,Trường Dewey Tây Hồ Tây,105.79230499267578,21.05550765991211,,,,,3bc9bc29-01c2-34ba-bc17-0b8f3596d311,Unknown
Giga,Trường ĐH Mở (CN Bình Dương),Trường ĐH Mở (CN Bình Dương),106.67411041259766,10.98815631866455,,,,,8e58a5e3-8e25-37f5-b579-6190312ffbd3,Unknown
Giga,Trường ĐH Mở TP.HCM,Trường ĐH Mở TP.HCM,109.1430892944336,12.507285118103027,,,,,d45ffb20-04bc-3202-93dd-32f2bc34bd9a,Unknown
Giga,Trường ĐH Mở TP.HCM,Trường ĐH Mở TP.HCM,109.14253234863281,12.506409645080566,,,,,a2492003-4379-354e-bab5-14bd71560f7a,Unknown
Giga,Trường ĐH Tài chính - Marketing,Trường ĐH Tài chính - Marketing,106.720458984375,10.751642227172852,,,,,73ffa0e0-8ec6-3e6a-8195-0b789db616e4,Unknown
Giga,Trường Đồng Tiến,Trường Đồng Tiến,106.96542358398438,11.510133743286133,,,,,577a333a-65aa-3618-8b29-1806686c0c03,Unknown
Giga,Trường Dự bị Đại học Dân tộc Sầm Sơn,Trường Dự bị Đại học Dân tộc Sầm Sơn,105.9028091430664,19.74321174621582,,,,,3e2eab08-ebd3-3f5a-a90a-33ba05e1c67c,Unknown
Giga,Trường Dự bị Đại học Dân tộc Trung ương,Trường Dự bị Đại học Dân tộc Trung ương,105.40158081054688,21.324779510498047,,,,,befae173-9b27-37cf-baf2-6265db8c2048,Unknown
Giga,Trường Dự bị Đại học Dân tộc Trung ương Nha Trang,Trường Dự bị Đại học Dân tộc Trung ương Nha Trang,109.1939468383789,12.235618591308594,,,,,15648f9c-58dd-389f-9fae-7e5227dded9e,Unknown
Giga,Trường Giáo dục Chuyên biệt Hy Vọng,Trường Giáo dục Chuyên biệt Hy Vọng,106.6710433959961,10.84851360321045,,,,,ed49d7e2-bc5c-34e0-8f29-df0215e87d12,Unknown
Giga,Trường Giáo dục Đào tạo và Giải quyết Việc làm Số 1,Trường Giáo dục Đào tạo và Giải quyết Việc làm Số 1,107.49903106689453,12.02658748626709,,,,,fb33bd76-1b2d-3f70-be6d-05631fc1141a,Unknown
Giga,Trường Giáo dục thường xuyên quận Tân Phú,Trường Giáo dục thường xuyên quận Tân Phú,106.62981414794922,10.790176391601562,,,,,1d3ae0d4-e16b-36b5-8239-cd46b5f342b6,Unknown
Giga,Trường giáo dưỡng số 3,Trường giáo dưỡng số 3,108.04617309570312,15.975193977355957,,,,,ec00d476-3ec6-353f-8a13-a8ad9d6317a6,Unknown
Giga,Trường Hạ sĩ quan Tăng thiết giáp 1,Trường Hạ sĩ quan Tăng thiết giáp 1,106.97774505615234,10.857504844665527,,,,,f211f685-51a1-366b-b8d6-a9e6adc9dbfe,Unknown
Giga,Trường Hoàng Việt,Trường Hoàng Việt,108.07103729248047,12.71121883392334,,,,,e7ab33b4-717e-3648-89f9-5973475811af,Unknown
Giga,Truong Hoc Than Thien,Truong Hoc Than Thien,105.23741149902344,9.842524528503418,,,,,eb6c9808-0d65-32ee-a0c8-fe5774e9875b,Unknown
Giga,Trường Hồ Thị Kỷ,Trường Hồ Thị Kỷ,105.14704895019531,9.180402755737305,,,,,9ac3198f-3f28-36e4-ba39-bf8e81c01635,Unknown
Giga,Trường Hữu nghị 80,Trường Hữu nghị 80,105.49555206298828,21.140331268310547,,,,,84f74d95-3d0b-3712-8f8c-79895578c32d,Unknown
Giga,Trường Khiếm Thính,Trường Khiếm Thính,106.70388793945312,20.828262329101562,,,,,55740cef-0e60-3faa-9264-e970574f9b1a,Unknown
Giga,Trường khuyết tật Hy Vọng,Trường khuyết tật Hy Vọng,108.07328796386719,12.698028564453125,,,,,a307574f-fd9c-315e-9369-90979ca15e91,Unknown
Giga,Trường Liên cấp Everest,Trường Liên cấp Everest,105.79232025146484,21.050519943237305,,,,,c8f97204-16b0-3039-b782-6847a0ca05bb,Unknown
Giga,Trường Liên cấp Lômônôxốp Tây Hà Nội,Trường Liên cấp Lômônôxốp Tây Hà Nội,105.74117279052734,20.978673934936523,,,,,09a952ba-a962-35ac-8d2c-fcc0dce9ff0a,Unknown
Giga,Trường liên cấp Marie Curie – Long Biên,Trường liên cấp Marie Curie – Long Biên,105.90918731689453,21.057525634765625,,,,,2aeae518-d1d4-35a9-9569-021717e7dedd,Unknown
Giga,Trường Liên cấp Newton cơ sở 2,Trường Liên cấp Newton cơ sở 2,105.76758575439453,21.04161834716797,,,,,cc821e1c-b236-3702-8841-c7c76cacbd7d,Unknown
Giga,Trường Liên cấp TH & THCS Ngôi Sao Hà Nội,Trường Liên cấp TH & THCS Ngôi Sao Hà Nội,105.80121612548828,21.004497528076172,,,,,fc512b43-6a9e-375e-8002-7325c71ddcde,Unknown
Giga,Trường Liên cấp Việt - Úc Hà Nội,Trường Liên cấp Việt - Úc Hà Nội,105.76224517822266,21.032251358032227,,,,,d6e708ef-1d15-3e5f-9164-594d46d6f785,Unknown
Giga,Trường liên cấp VinSchool,Trường liên cấp VinSchool,106.8424301147461,10.837597846984863,,,,,8db9ad10-c9d8-3654-9ddd-5241f9d8455c,Unknown
Giga,Trường liên cấp Vin School Cơ sở 2,Trường liên cấp Vin School Cơ sở 2,106.84393310546875,10.835952758789062,,,,,e322f770-1bc7-33d8-8984-eca6289affa9,Unknown
Giga,Trường liên cấp Vin School Cơ sở 2,Trường liên cấp Vin School Cơ sở 2,106.84407043457031,10.836328506469727,,,,,306902e8-f082-3526-af6f-acb72ad828ff,Unknown
Giga,Trường Mầm Non,Trường Mầm Non,106.67964935302734,10.808877944946289,,,,,264fac12-1028-3d50-82b7-195a68d8c4ed,Unknown
Giga,Trường Mầm non Ánh Dương,Trường Mầm non Ánh Dương,106.07037353515625,21.191043853759766,,,,,881f59d5-ac8f-30fb-9d92-3ce6e9af3449,Unknown
Giga,Trường Mầm Non Anh Duy,Trường Mầm Non Anh Duy,106.51529693603516,10.796680450439453,,,,,3282115a-6e0f-395a-ba5a-671672fa342b,Unknown
Giga,Trường mầm non Baby,Trường mầm non Baby,106.71113586425781,20.82431983947754,,,,,24fac83d-7bd7-3648-9ef1-8aea90c52ba4,Unknown
Giga,Trường mầm non Bạc Liêu,Trường mầm non Bạc Liêu,105.72895050048828,9.296841621398926,,,,,50cc157d-41d2-35aa-a067-fa99b1a544b0,Unknown
Giga,Trường mầm non Bambi,Trường mầm non Bambi,106.70880126953125,20.82773208618164,,,,,43442ff8-6558-3f26-afed-932a6adae971,Unknown
Giga,Trường Mầm non Bằng An,Trường Mầm non Bằng An,106.16621398925781,21.171783447265625,,,,,091e708a-18cb-34a8-8b88-a2e2aad43206,Unknown
Giga,Trường Mầm non Ban Mai,Trường Mầm non Ban Mai,105.94332122802734,21.09334945678711,,,,,a086d66a-cc05-3e0f-a2d6-cfa19a1c228f,Unknown
Giga,Trường Mầm non Bé Gấu,Trường Mầm non Bé Gấu,108.22164154052734,16.072168350219727,,,,,b340c5cd-d1fc-35f7-a5d9-e91adea2bf8b,Unknown
Giga,trường mầm non bến xe cũ,trường mầm non bến xe cũ,105.3413314819336,10.807757377624512,,,,,d73c8f44-c687-3e56-8b00-50edd8124c36,Unknown
Giga,Trường mầm non Bình Minh,Trường mầm non Bình Minh,106.70977020263672,20.8240966796875,,,,,23bd60d5-516b-3d11-8415-51aaf6004de8,Unknown
Giga,Trường Mầm non Canada- Việt Nam,Trường Mầm non Canada- Việt Nam,106.73161315917969,10.715864181518555,,,,,de4161eb-2329-3761-926d-2d281c68319c,Unknown
Giga,Trường mầm non Cát Bi,Trường mầm non Cát Bi,106.71114349365234,20.825288772583008,,,,,fbadeaa9-a8da-3ca0-9be3-72bfb54acc49,Unknown
Giga,Trường mầm non Châu Phong,Trường mầm non Châu Phong,106.250244140625,21.13028907775879,,,,,e6caf9e9-2bac-3239-ad80-a4645c0c54fc,Unknown
Giga,Trường mầm non Cồ Đề Chài II,Trường mầm non Cồ Đề Chài II,104.27055358886719,22.50493049621582,,,,,a27f7426-8f68-376e-90a8-e751bd334df2,Unknown
Giga,Trường Mầm Non Công Ty May Đáp Cầu,Trường Mầm Non Công Ty May Đáp Cầu,106.08626556396484,21.19392204284668,,,,,35dd992a-3940-3ed4-a59c-243ded3785d6,Unknown
Giga,Trường Mầm Non Đại Phúc,Trường Mầm Non Đại Phúc,106.08198547363281,21.17247772216797,,,,,41de2701-86ef-3b5e-96a1-b0d90e1f6d76,Unknown
Giga,Trường Mầm non Đại Xuân,Trường Mầm non Đại Xuân,106.12257385253906,21.191944122314453,,,,,0602917a-256e-372c-81d1-128e28ba5e89,Unknown
Giga,Trường mầm non Đằng Hải,Trường mầm non Đằng Hải,106.71847534179688,20.841556549072266,,,,,74d9e90e-e81e-3696-9b58-d58eed3831c6,Unknown
Giga,Trường mầm non Đằng Lâm,Trường mầm non Đằng Lâm,106.71351623535156,20.833120346069336,,,,,15f40388-89b4-3977-a805-b8aa0da72899,Unknown
Giga,Trường mầm non Đằng Lâm,Trường mầm non Đằng Lâm,106.71051025390625,20.831249237060547,,,,,5d499ee9-427c-3b8c-bf77-32faa30da289,Unknown
Giga,Trường Mầm Non Doi Lầu,Trường Mầm Non Doi Lầu,106.7591781616211,10.558903694152832,,,,,5b57db52-21db-343d-9a7e-69d3c64f5419,Unknown
Giga,Trường Mầm non Đồng Kỵ,Trường Mầm non Đồng Kỵ,105.94670104980469,21.138154983520508,,,,,0226d9bd-99f5-3ab3-afe3-44cfb4a6356a,Unknown
Giga,Trường Mầm non Đồng Kỵ 2,Trường Mầm non Đồng Kỵ 2,105.94902801513672,21.137046813964844,,,,,093f9f2d-37be-31e5-b1f5-d87247451982,Unknown
Giga,Trường mầm non Đồng Tâm,Trường mầm non Đồng Tâm,106.69242095947266,20.841007232666016,,,,,76216a16-4886-3dae-a9c0-559216eac57e,Unknown
Giga,Trường Mầm non Đức Phong.,Trường Mầm non Đức Phong.,108.92147827148438,14.931445121765137,,,,,241fd157-331f-3b55-abcd-be80539f399f,Unknown
Giga,Trường Mầm non Dũng Tiến,Trường Mầm non Dũng Tiến,105.85604095458984,20.815528869628906,,,,,c383a5bf-9053-3708-9b7d-ca2de01183ac,Unknown
Giga,Trường mầm non Gấu Bông,Trường mầm non Gấu Bông,106.6559829711914,20.868633270263672,,,,,5962932e-d6da-3cfb-b74b-0a6b6391e1d7,Unknown
Giga,Trường mầm non Hải Bối,Trường mầm non Hải Bối,105.8004379272461,21.10625648498535,,,,,84c828c2-0995-3b1d-b054-b24395501f02,Unknown
Giga,Trường Mầm non Hải Ninh,Trường Mầm non Hải Ninh,106.73057556152344,17.36536979675293,,,,,baad7f93-5f74-3ad2-adae-1f8d4ea20aaf,Unknown
Giga,Trường Mầm non Hạp Lĩnh,Trường Mầm non Hạp Lĩnh,106.07273864746094,21.13163185119629,,,,,620c194b-0991-37a0-9764-476de6da7f7e,Unknown
Giga,Trường mầm non Hoa Đào,Trường mầm non Hoa Đào,107.40499114990234,11.91804027557373,,,,,b5e9f24b-7b6c-3722-b6ee-be962f8425ae,Unknown
Giga,Trường Mầm Non Hoa Hồng,Trường Mầm Non Hoa Hồng,105.84696960449219,21.03265953063965,,,,,02c29a2c-7edf-3019-8b0d-9d58e5c1ef0c,Unknown
Giga,Trường Mầm non Hoa Hồng,Trường Mầm non Hoa Hồng,103.97016906738281,22.480464935302734,,,,,8501aa85-f0d7-33b8-aa8f-a255d2bea493,Unknown
Giga,Trường mầm non Hoa Lan,Trường mầm non Hoa Lan,107.42318725585938,11.902743339538574,,,,,ef63c0b3-4d12-3f3a-a7c0-30836f269e3d,Unknown
Giga,Trường Mầm non Hoạ Mi 2,Trường Mầm non Hoạ Mi 2,106.66131591796875,10.757369041442871,,,,,df1c1d53-3054-340c-a58e-3de06521f328,Unknown
Giga,Trường mầm non Hoa Phượng,Trường mầm non Hoa Phượng,106.71260833740234,20.825904846191406,,,,,65390f00-7cb9-3c95-9ed8-b3b39c12d8b6,Unknown
Giga,Trường Mầm non Hoa Phượng,Trường Mầm non Hoa Phượng,106.59272003173828,10.812211036682129,,,,,e11a67b8-19c0-3a4c-b916-c44bf1aadfcd,Unknown
Giga,Trường Mầm non Hoa Quỳnh,Trường Mầm non Hoa Quỳnh,106.07073974609375,21.181396484375,,,,,a7640b57-8b71-3ff5-a740-a5e7a7bf730e,Unknown
Giga,Trường Mầm Non Hoa Sen,Trường Mầm Non Hoa Sen,106.7616195678711,10.770292282104492,,,,,87c90274-d3a4-3668-8651-cfd8121aeaf5,Unknown
Giga,Trường Mầm non Hoa Sen,Trường Mầm non Hoa Sen,105.91709899902344,20.5426025390625,,,,,e42e7ef5-f190-3d01-ad09-af052f4f6f8f,Unknown
Giga,Trường mầm non Hoa Sữa,Trường mầm non Hoa Sữa,105.91033935546875,21.03685188293457,,,,,3db174f1-bf02-3e7a-ac88-473ee837e3da,Unknown
Giga,Trường Mầm Non Hoa Sữa,Trường Mầm Non Hoa Sữa,105.9102554321289,21.03667449951172,,,,,5c2af4cc-2549-3a0d-9a25-5bbb45646feb,Unknown
Giga,Trường mầm non Hoa thiên lý 2,Trường mầm non Hoa thiên lý 2,106.56303405761719,10.770626068115234,,,,,f7aa3c7b-18fd-32cd-b045-dfc95e40049c,Unknown
Giga,Trường Mầm Non Hoa Thuỷ Tiên,Trường Mầm Non Hoa Thuỷ Tiên,105.86434173583984,21.012596130371094,,,,,fd25a7d8-73b1-3d7a-a979-9445b6e22638,Unknown
Giga,Trường Mầm Non Học Viện Sài Gòn,Trường Mầm Non Học Viện Sài Gòn,106.7679672241211,10.853453636169434,,,,,f9b683ae-3199-3600-b6e7-c0e3397b0f49,Unknown
Giga,Trường Mầm non Hồng Nhung,Trường Mầm non Hồng Nhung,106.68647003173828,10.821669578552246,,,,,e61f6b83-1fd1-3066-82e4-d57ce7f18481,Unknown
Giga,Trường mầm non Hướng Dương,Trường mầm non Hướng Dương,106.70863342285156,10.680068016052246,,,,,3c7fb6d3-0b81-3da1-96df-06a891492067,Unknown
Giga,Trường Mầm Non Hữu Nghị,Trường Mầm Non Hữu Nghị,106.68978881835938,20.8358211517334,,,,,bb21b0d5-8487-3f14-876c-5127f11e1d5d,Unknown
Giga,Trường Mầm Non Hữu Nghị;Nhà Văn Hóa Trại Lẻ,Trường Mầm Non Hữu Nghị;Nhà Văn Hóa Trại Lẻ,106.68592834472656,20.83213996887207,,,,,137f195d-7165-3031-af2a-345a9c8058d7,Unknown
Giga,Trường Mầm Non Kênh Dương-Khu 2,Trường Mầm Non Kênh Dương-Khu 2,106.69151306152344,20.83074378967285,,,,,ca374c4c-e466-31b5-86b7-99dcdcd0b94c,Unknown
Giga,Trường Mầm non Khắc Niệm,Trường Mầm non Khắc Niệm,106.05561065673828,21.140932083129883,,,,,2a1884d7-e8f4-35cd-a6fe-c325a01a29ac,Unknown
Giga,Trường Mầm non Kim Chân,Trường Mầm non Kim Chân,106.1032943725586,21.19505500793457,,,,,d9c20ab3-b295-3142-ab31-e8d82c2bbd6e,Unknown
Giga,Trường Mầm Non Kinh Bắc,Trường Mầm Non Kinh Bắc,106.06461334228516,21.1885986328125,,,,,5f392026-40e7-36c4-8c7c-bd73cbfdf445,Unknown
Giga,Trường mầm non Lạc Thịnh,Trường mầm non Lạc Thịnh,105.57402038574219,20.407344818115234,,,,,56b43a23-0656-36b6-bf8a-df4a797b786d,Unknown
Giga,Truong mam non Le Binh,Truong mam non Le Binh,105.74834442138672,10.001870155334473,,,,,7c2d1906-f733-3baa-a523-e7908c68c751,Unknown
Giga,Trường Mầm non Liên Cơ,Trường Mầm non Liên Cơ,105.95327758789062,21.197864532470703,,,,,33ba7660-d41c-3ede-bcf5-4547088e2f18,Unknown
Giga,Trường mầm non Long Hưng,Trường mầm non Long Hưng,105.95714569091797,20.94060707092285,,,,,405b5dea-e76e-3cf4-bbd9-b6a4dec26e61,Unknown
Giga,Trường Mầm Non Long Thạnh 1,Trường Mầm Non Long Thạnh 1,105.53134155273438,10.26937198638916,,,,,78175c63-85fa-3a97-bfce-dc328426c9d1,Unknown
Giga,Trường mầm non Mạ Non,Trường mầm non Mạ Non,106.73782348632812,10.678470611572266,,,,,1edaa8d8-6366-30fa-ade9-4b3317d606a3,Unknown
Giga,Trường Mầm Non Mặt Trời Bé Con,Trường Mầm Non Mặt Trời Bé Con,106.70983123779297,10.742287635803223,,,,,a6e75c7f-e590-3065-a494-76007384ff71,Unknown
Giga,trường mầm non Mặt trời nhỏ,trường mầm non Mặt trời nhỏ,105.764404296875,10.016776084899902,,,,,bb7524a0-8469-3e9b-ad9f-47cacf38cb8e,Unknown
Giga,Trường Mầm non May 10,Trường Mầm non May 10,105.92045593261719,21.029836654663086,,,,,9870886a-7b60-396b-b660-53ca2904b13e,Unknown
Giga,Trường mầm non Nam Hải,Trường mầm non Nam Hải,106.73521423339844,20.828523635864258,,,,,efd7f98c-ad76-3d44-a81e-bdce0679d895,Unknown
Giga,Trường Mầm non Nam Sơn - Khu Thái Bảo,Trường Mầm non Nam Sơn - Khu Thái Bảo,106.1115493774414,21.148054122924805,,,,,00952f52-b338-39a5-bee9-568958e1fc36,Unknown
Giga,Trường Mầm non Nắng Xuân,Trường Mầm non Nắng Xuân,105.75042724609375,20.997047424316406,,,,,7af23710-b2f0-3dbb-8822-bc31b3bef0bb,Unknown
Giga,Trường Mầm Non Ngan Rô,Trường Mầm Non Ngan Rô,106.16790771484375,9.549966812133789,,,,,5cfe4baa-d862-32cf-8fbe-5d8d5470578f,Unknown
Giga,Trường Mầm non Nguyệt Đức,Trường Mầm non Nguyệt Đức,106.06560516357422,21.015365600585938,,,,,bfc3569c-d928-382c-99f9-b29634b141e8,Unknown
Giga,Trường Mầm non Nhân Hòa (Khu phố Cung Kiệm),Trường Mầm non Nhân Hòa (Khu phố Cung Kiệm),106.16008758544922,21.18524932861328,,,,,ed3be4c8-9941-34de-b20f-b7f890da7227,Unknown
Giga,Trường Mầm non Ninh Hải,Trường Mầm non Ninh Hải,109.03247833251953,11.58969783782959,,,,,7ef46318-43a5-39f5-9d41-02044a0abc61,Unknown
Giga,Trường Mầm non Ninh Xá,Trường Mầm non Ninh Xá,106.0623550415039,21.177322387695312,,,,,bc03b141-a4b6-3277-813d-e36c17bf7f7f,Unknown
Giga,Trường Mầm non Pathway Tuệ Đức - Cơ sở Bình An  TP. Thủ Đức,Trường Mầm non Pathway Tuệ Đức - Cơ sở Bình An  TP. Thủ Đức,106.73419952392578,10.788141250610352,,,,,67c39301-e645-3248-a8ac-5367c547ddb9,Unknown
Giga,Trường Mầm non Pathway Tuệ Đức - Cơ sở Bông Sao  Quận 8,Trường Mầm non Pathway Tuệ Đức - Cơ sở Bông Sao  Quận 8,106.66106414794922,10.736737251281738,,,,,f0875010-bf43-3e01-b5ea-622877f7f933,Unknown
Giga,Trường Mầm Non Pathway Tuệ Đức - Cơ sở Fuji Nam Long  TP. Thủ Đức,Trường Mầm Non Pathway Tuệ Đức - Cơ sở Fuji Nam Long  TP. Thủ Đức,106.78450775146484,10.812967300415039,,,,,4cdbeab4-f96c-36ad-aa78-ef886a065b52,Unknown
Giga,Trường Mầm non Pathway Tuệ Đức - Cơ sở Lê Đức Thọ  Quận Gò Vấp,Trường Mầm non Pathway Tuệ Đức - Cơ sở Lê Đức Thọ  Quận Gò Vấp,106.66973876953125,10.849411010742188,,,,,87d4db89-3753-3755-8cd9-d7e6e16038ca,Unknown
Giga,Trường Mầm non Pathway Tuệ Đức - Cơ sở Lê Thị Riêng  Quận 12,Trường Mầm non Pathway Tuệ Đức - Cơ sở Lê Thị Riêng  Quận 12,106.65322875976562,10.864664077758789,,,,,1d11ff65-0413-352f-b72c-75b780820cf8,Unknown
Giga,Trường Mầm non Pathway Tuệ Đức - Cơ sở Nguyễn Đình Chiểu  Quận 3,Trường Mầm non Pathway Tuệ Đức - Cơ sở Nguyễn Đình Chiểu  Quận 3,106.69380187988281,10.782960891723633,,,,,4a9b0507-44f1-33cf-9633-d1ecec2ae75c,Unknown
Giga,Trường Mầm non Pathway Tuệ Đức - Cơ sở Phú Cường  TP. Thủ Đức,Trường Mầm non Pathway Tuệ Đức - Cơ sở Phú Cường  TP. Thủ Đức,106.73652648925781,10.795477867126465,,,,,1c1722b1-2100-3c56-91b6-c065af39fd2b,Unknown
Giga,Trường Mầm non Phật Tích,Trường Mầm non Phật Tích,106.03609466552734,21.10149574279785,,,,,ad66603a-60ec-3c46-b91c-109ce371da27,Unknown
Giga,Trường Mầm non Phố Mới,Trường Mầm non Phố Mới,106.15193176269531,21.157489776611328,,,,,1e4a2b77-d433-3f45-96db-1615f6cbce11,Unknown
Giga,Trường Mầm non Phong Khê,Trường Mầm non Phong Khê,106.03668975830078,21.17527961730957,,,,,012ab7b9-8b3c-3ae0-b947-770fefa05a30,Unknown
Giga,Trường mầm non Phố Yên,Trường mầm non Phố Yên,105.75999450683594,21.153959274291992,,,,,91282079-6dea-344d-acea-5d8ab79e3b21,Unknown
Giga,Trường Mầm non Phúc Lợi,Trường Mầm non Phúc Lợi,105.93286895751953,21.040124893188477,,,,,3e65a939-1396-3fc3-845d-293d554f03a0,Unknown
Giga,Trường mầm non Phù Lãng,Trường mầm non Phù Lãng,106.2488784790039,21.152694702148438,,,,,b6832380-70d7-37b5-8886-086b2ad1f2e2,Unknown
Giga,Trường Mầm non Phú Mỹ,Trường Mầm non Phú Mỹ,107.06126403808594,10.584948539733887,,,,,c4da109d-36dc-3005-be98-41cf3e10e344,Unknown
Giga,Trường Mầm non Phụng Châu,Trường Mầm non Phụng Châu,105.70291900634766,20.94778060913086,,,,,17b6b3cc-83e7-3178-bf67-f7f34838d01a,Unknown
Giga,Trường Mầm non Phượng Mao,Trường Mầm non Phượng Mao,106.1407241821289,21.151540756225586,,,,,1f2225f9-7682-30fa-b294-434e7a588db6,Unknown
Giga,Trường Mầm non Quảng Phong,Trường Mầm non Quảng Phong,106.4017562866211,17.75580406188965,,,,,627fcd67-1ead-3e7d-91dc-35dd24270673,Unknown
Giga,Trường Mầm non Quế Tân,Trường Mầm non Quế Tân,106.19182586669922,21.165857315063477,,,,,97931250-b493-3a55-b178-4a57832d829d,Unknown
Giga,Trường Mầm non Sao Mai,Trường Mầm non Sao Mai,106.67323303222656,20.913162231445312,,,,,8dff8f71-08dd-398c-baf7-7e05bdb3c27f,Unknown
Giga,Trương mầm non Sao Mai,Trương mầm non Sao Mai,106.05276489257812,21.16570281982422,,,,,aaf87b61-091f-3740-b9d4-18a3e1f48043,Unknown
Giga,Trương Mầm non Sao Mai,Trương Mầm non Sao Mai,106.0527572631836,21.165639877319336,,,,,6deb625d-6991-3970-ab67-fc7d3096be8e,Unknown
Giga,Trường mầm non Sao Việt,Trường mầm non Sao Việt,106.70643615722656,20.826513290405273,,,,,230be2e7-3d59-3e96-8d1b-e2ce97301c5e,Unknown
Giga,Trường Mầm non Sen Hồng,Trường Mầm non Sen Hồng,106.48081970214844,10.75011157989502,,,,,6696ccae-035d-3d6b-80a8-1a49d4ed1458,Unknown
Giga,Trường mầm non Smart kids,Trường mầm non Smart kids,106.71217346191406,20.82564353942871,,,,,69f89884-3d4e-3613-8331-af6058101380,Unknown
Giga,Trường Mầm Non Sơn Ca,Trường Mầm Non Sơn Ca,108.00638580322266,14.34754467010498,,,,,ada58d8a-a63a-38db-8c51-45643ab22811,Unknown
Giga,Trường Mầm non Sơn Ca,Trường Mầm non Sơn Ca,106.66217041015625,10.785533905029297,,,,,f6195557-59e0-37ee-90ea-0f66193a812b,Unknown
Giga,Trường mầm non Sông Bằng,Trường mầm non Sông Bằng,106.26454162597656,22.661535263061523,,,,,e25ab418-973e-3ebd-820e-001e3f0d7e23,Unknown
Giga,Trường Mầm non Suối Hoa,Trường Mầm non Suối Hoa,106.07797241210938,21.182321548461914,,,,,1627de90-566d-3ca1-b410-2a504c9aa254,Unknown
Giga,Trường Mầm non Tân Hồng 1,Trường Mầm non Tân Hồng 1,105.96771240234375,21.11638641357422,,,,,ed31dda7-4709-3edb-8511-635af4198402,Unknown
Giga,Trường mầm non Tân Hồng 1,Trường mầm non Tân Hồng 1,105.96958923339844,21.115739822387695,,,,,c8f664aa-f8d0-32c2-979c-357cad70aaef,Unknown
Giga,Trường Mầm non Tân Hồng 2,Trường Mầm non Tân Hồng 2,105.97720336914062,21.111177444458008,,,,,807d6c05-85c9-3178-94b2-71f4751d54ad,Unknown
Giga,Trường Mầm non Tây Mỗ 3,Trường Mầm non Tây Mỗ 3,105.74030303955078,21.00628662109375,,,,,7598fa32-4a2c-321a-9f28-11afc4b937a5,Unknown
Giga,Trường Mầm Non Tây Úc,Trường Mầm Non Tây Úc,106.7172622680664,10.790192604064941,,,,,89ea15fa-c3e3-34cd-8c9c-35c19a6d58ce,Unknown
Giga,Trường mầm non Thạch Cẩm,Trường mầm non Thạch Cẩm,105.5621566772461,20.24053192138672,,,,,e8169585-02d2-3985-b8cd-25053358ee48,Unknown
Giga,Trường mầm non Thạch Đà B,Trường mầm non Thạch Đà B,105.67122650146484,21.166154861450195,,,,,5947eb9a-6fc5-3fbb-a188-2d72e8752cb3,Unknown
Giga,Trường mầm non Thạch Đà B,Trường mầm non Thạch Đà B,105.6711654663086,21.166135787963867,,,,,e1ef1890-a154-3571-b094-16a6a3c9f908,Unknown
Giga,Trường Mầm Non Thắng Quân,Trường Mầm Non Thắng Quân,105.15528106689453,21.85767364501953,,,,,e9959428-b347-3e6a-a871-3c9b30de1896,Unknown
Giga,Trũờng Mầm Non Thanh Bình,Trũờng Mầm Non Thanh Bình,105.97882080078125,20.25320816040039,,,,,7d8a6bf7-2c61-33f6-b7a5-63b28f8700fb,Unknown
Giga,Trường Mầm non Thảo Nguyên,Trường Mầm non Thảo Nguyên,106.39032745361328,21.107969284057617,,,,,5e0e945d-75d3-3039-ab5f-2c766f86726e,Unknown
Giga,Trường mầm non thị trấn bảo lạc,Trường mầm non thị trấn bảo lạc,105.68122863769531,22.949079513549805,,,,,2718e327-d81d-34b9-b904-1837864daea6,Unknown
Giga,Trường Mầm non Thị trấn Nhân Thắng,Trường Mầm non Thị trấn Nhân Thắng,106.2174072265625,21.060876846313477,,,,,0454ccb7-49e2-304b-a044-493e1e7a3a9f,Unknown
Giga,Trường Mầm non Thị trấn Trâu Quỳ,Trường Mầm non Thị trấn Trâu Quỳ,105.9389419555664,21.01738739013672,,,,,dd6b852d-7a8f-3ed1-93ee-25c44a5e836e,Unknown
Giga,trường mầm non thị xã hồng ngự điểm 1,trường mầm non thị xã hồng ngự điểm 1,105.34122467041016,10.810029983520508,,,,,b5652392-94bc-3398-ae58-2aa239d5101a,Unknown
Giga,trường mầm non Thống Nhất,trường mầm non Thống Nhất,108.03487396240234,12.683964729309082,,,,,d9241bf8-1140-3bc3-bd22-48fcd07f5dc4,Unknown
Giga,Trường Mầm non Thống Nhất,Trường Mầm non Thống Nhất,106.82768249511719,10.94836711883545,,,,,f954063f-6a66-3b1f-8723-feb8d745918a,Unknown
Giga,Trường Mầm Non Thốt Nốt,Trường Mầm Non Thốt Nốt,105.52941131591797,10.26777458190918,,,,,8c363b66-f533-3616-8813-c8c1288e222e,Unknown
Giga,Trường Mầm non Thực hành Hoa Sen,Trường Mầm non Thực hành Hoa Sen,105.8218765258789,21.02667808532715,,,,,46266257-7dc3-382c-81c1-95253a15bac6,Unknown
Giga,Trường mầm non Tô Hiệu,Trường mầm non Tô Hiệu,105.99195861816406,20.945703506469727,,,,,21d6fea5-e90e-3280-9c79-25b7a6cf8611,Unknown
Giga,Trường Mầm non Trang Hạ,Trường Mầm non Trang Hạ,105.95188903808594,21.121234893798828,,,,,be4fef56-2155-3bbb-a782-398aadbce753,Unknown
Giga,Trường Mầm Non Trạng Tí,Trường Mầm Non Trạng Tí,105.75809478759766,10.038843154907227,,,,,9da72c48-834d-3d77-a343-804bd2c96c5e,Unknown
Giga,Trường Mầm non Trí Đức,Trường Mầm non Trí Đức,105.90496826171875,18.332740783691406,,,,,87523c0a-f4a7-3035-9b17-a2b3992902da,Unknown
Giga,Trường Mầm non Trưng Nhị,Trường Mầm non Trưng Nhị,105.70233917236328,21.24560546875,,,,,f822be0c-cc07-33ac-9ab2-1c68b93d2d31,Unknown
Giga,Trường Mầm non Tuổi Hoa,Trường Mầm non Tuổi Hoa,105.82120513916016,21.030244827270508,,,,,2c4cc68a-ff3e-320b-a49b-b4411de2ce30,Unknown
Giga,Trường Mầm Non Tư Thục Hoa Mai,Trường Mầm Non Tư Thục Hoa Mai,105.77913665771484,21.062227249145508,,,,,195cb93b-98da-310c-8563-b2ab9db9e6ca,Unknown
Giga,Trường Mầm Non Vầng Dương,Trường Mầm Non Vầng Dương,106.7688217163086,10.87370491027832,,,,,66601d5f-a358-3ced-947d-7829aebf55de,Unknown
Giga,trường mầm non Vành Khuyên,trường mầm non Vành Khuyên,108.94422912597656,12.281420707702637,,,,,0f76c96e-2ba9-3448-bd25-f82463fd9a2f,Unknown
Giga,Trường Mầm non Việt Hưng,Trường Mầm non Việt Hưng,105.89773559570312,21.059913635253906,,,,,1d3b2a83-152a-3eae-81a8-f9caa98756ca,Unknown
Giga,Trường Mầm non Việt Thống,Trường Mầm non Việt Thống,106.14306640625,21.21240234375,,,,,dc6a5d6a-dd33-3766-bc57-aab61d06ea50,Unknown
Giga,Trường Mầm Non Vĩnh Khúc,Trường Mầm Non Vĩnh Khúc,106.00192260742188,20.9381103515625,,,,,40c52e31-7f3c-3f61-acc2-235b5cbe9773,Unknown
Giga,Trường Mầm non Võ Cường 1,Trường Mầm non Võ Cường 1,106.0415267944336,21.157346725463867,,,,,e0f88e48-585f-3465-8fa8-d3a469c0456c,Unknown
Giga,Trường Mầm non Võ Cường số 1,Trường Mầm non Võ Cường số 1,106.0485610961914,21.170591354370117,,,,,8c900286-502e-3959-8938-ec2ebbb5f1b5,Unknown
Giga,Trường Mầm non Võ Cường số 2,Trường Mầm non Võ Cường số 2,106.06168365478516,21.166919708251953,,,,,84feb1c8-0de9-32c4-a6d5-5719ece486e0,Unknown
Giga,Trường Mầm Non Vuờn Hoa,Trường Mầm Non Vuờn Hoa,105.7592544555664,10.037631034851074,,,,,27f7c5b3-7af3-330a-bb17-0b3bb2be5bfd,Unknown
Giga,Trường Mầm Non Vuờn Hoa,Trường Mầm Non Vuờn Hoa,105.7593002319336,10.037602424621582,,,,,71b47a84-3106-3028-92c3-c9d49ef04566,Unknown
Giga,Trường mân non Bình Minh cơ sở 2,Trường mân non Bình Minh cơ sở 2,106.71145629882812,20.823837280273438,,,,,fccb31ee-7f5f-3212-9361-dbd0af4a3941,Unknown
Giga,Trường Mần non Đồng Nguyên 2,Trường Mần non Đồng Nguyên 2,105.98047637939453,21.128307342529297,,,,,1d13d26a-5082-31ca-852d-0a6711ae6bc4,Unknown
Giga,Trường Mần non Hoàng Thị Loan Bến Thủy  TP Vinh,Trường Mần non Hoàng Thị Loan Bến Thủy  TP Vinh,105.70089721679688,18.65920066833496,,,,,c179daf7-dd92-3704-9091-4e2c23bb30f3,Unknown
Giga,Trường Marie Curie,Trường Marie Curie,105.7760238647461,21.016590118408203,,,,,effe304e-a2e3-384c-9cbb-a97e2671341b,Unknown
Giga,trường mẫu giáo 2 tháng 8,trường mẫu giáo 2 tháng 8,108.90670776367188,12.282986640930176,,,,,be44bbee-9209-3679-9238-2d988dbc5eb1,Unknown
Giga,trường mẫu giáo 2 tháng 8,trường mẫu giáo 2 tháng 8,108.91099548339844,12.274140357971191,,,,,b0925431-d1ea-333c-a503-bb3cef04f4f0,Unknown
Giga,Trường Mẫu Giáo Ánh Mặt Trời,Trường Mẫu Giáo Ánh Mặt Trời,106.64210510253906,10.868674278259277,,,,,685a4102-4dfd-3d79-a60d-4738d73bda1f,Unknown
Giga,Trường mẫu giáo Lá Xanh,Trường mẫu giáo Lá Xanh,105.78267669677734,10.041412353515625,,,,,6c330f99-4c44-318c-8270-d90f8bf446fc,Unknown
Giga,TRường Mẫu Giáo- Mầm Non Thuận An,TRường Mẫu Giáo- Mầm Non Thuận An,105.51451110839844,10.28333854675293,,,,,acba9a0a-5dc4-3e3a-ae26-f4973a115fd2,Unknown
Giga,Trường Mẫu giáo Phước Bình,Trường Mẫu giáo Phước Bình,106.77328491210938,10.815223693847656,,,,,17eb1e94-df08-30d3-9f3d-dfd8dd92c2dd,Unknown
Giga,Trường Mẫu Giáo Thị Trấn Cầu Quan,Trường Mẫu Giáo Thị Trấn Cầu Quan,106.12794494628906,9.767792701721191,,,,,1dc81ff5-cdef-3345-9021-4f14c3397694,Unknown
Giga,Trường Mẫu Giáo Thị Trấn Cầu Quan,Trường Mẫu Giáo Thị Trấn Cầu Quan,106.1279296875,9.767802238464355,,,,,c21d4e1f-0a1d-328c-9bde-a14e30aa083a,Unknown
Giga,Trường Mẫu giáo TT. Vĩnh Hưng,Trường Mẫu giáo TT. Vĩnh Hưng,105.7877426147461,10.890145301818848,,,,,6657bf24-56b6-380f-9aa6-30eff4d6eca9,Unknown
Giga,Trường mẫu giáo Vàng Anh,Trường mẫu giáo Vàng Anh,106.669677734375,10.746024131774902,,,,,d46becfa-775a-3296-9aee-7e67a8b867aa,Unknown
Giga,Trường Mẫu giáo Vĩnh Châu A,Trường Mẫu giáo Vĩnh Châu A,105.72209930419922,10.715402603149414,,,,,1fac7dae-3d39-3fe7-b1aa-11a755dc581b,Unknown
Giga,Trường Mẫu Giáo Xã Chỉ Đạo,Trường Mẫu Giáo Xã Chỉ Đạo,106.046630859375,20.986597061157227,,,,,3a810c22-f33c-3423-bccd-2728ffc58eaa,Unknown
Giga,Trường Mẫu Giáo Xã Đại Đồng,Trường Mẫu Giáo Xã Đại Đồng,106.06178283691406,20.99241065979004,,,,,70060e92-c7a0-3f78-a2b4-d960101f3467,Unknown
Giga,Trường MG Trường Lạc,Trường MG Trường Lạc,105.64724731445312,10.0547456741333,,,,,2eea7e51-86a1-333b-ae79-a1ce1100f9fc,Unknown
Giga,Trường MN,Trường MN,106.64031982421875,20.871070861816406,,,,,483e9931-ba7e-3128-91b0-289363a45f45,Unknown
Giga,Trường Năng khiếu Nghệ thuật & Thể dục Thể thao,Trường Năng khiếu Nghệ thuật & Thể dục Thể thao,105.96251678466797,10.248419761657715,,,,,484ef736-6ff6-3eb7-a346-a2348f4dee43,Unknown
Giga,Trường Năng Khiếu TDTT Kiên Giang,Trường Năng Khiếu TDTT Kiên Giang,105.1121597290039,9.966276168823242,,,,,48e8df36-4661-3e6a-8ce2-a14b12c6e8f0,Unknown
Giga,Trường Ngoại Ngữ Cao Trung,Trường Ngoại Ngữ Cao Trung,106.67208862304688,10.9149808883667,,,,,0ec0ab63-fb87-38dc-8354-225d563e06ff,Unknown
Giga,Trường Ngoại Ngữ Pixar - Cơ Sở 2,Trường Ngoại Ngữ Pixar - Cơ Sở 2,106.65409088134766,10.85642147064209,,,,,e92efb3a-39a6-304e-8489-b8d1948720b9,Unknown
Giga,Trường Nhật Bản Hà Nội,Trường Nhật Bản Hà Nội,105.76893615722656,21.03432846069336,,,,,98c39b4c-3b58-3f46-ad4e-74d079c0dae4,Unknown
Giga,Trường Nội Trú IVS Phía Bắc,Trường Nội Trú IVS Phía Bắc,105.76565551757812,20.857925415039062,,,,,a394c98d-e240-34c9-9bc6-972b67ae9d34,Unknown
Giga,Trường Nội Trú Nước Oa khu A,Trường Nội Trú Nước Oa khu A,108.20146179199219,15.335714340209961,,,,,4b97f5c8-5549-3367-80db-f6aa6c5b4835,Unknown
Giga,Trường Nội Trú Nước Oa khu B,Trường Nội Trú Nước Oa khu B,108.20065307617188,15.334256172180176,,,,,54792dd0-b709-3339-a136-1a674ebb4d9d,Unknown
Giga,Trường Nuôi dạy trẻ Khiếm thị Hữu nghị,Trường Nuôi dạy trẻ Khiếm thị Hữu nghị,107.06034088134766,10.597813606262207,,,,,d8b02b6c-ff09-3999-af42-a3882a51463e,Unknown
Giga,Trường Nuôi dạy trẻ Khuyết tật,Trường Nuôi dạy trẻ Khuyết tật,107.19031524658203,10.507689476013184,,,,,591301fb-ff93-3542-ad45-a56660533c0d,Unknown
Giga,Trường nuôi dạy trẻ khuyết tật Sóc Trăng,Trường nuôi dạy trẻ khuyết tật Sóc Trăng,105.94805145263672,9.564713478088379,,,,,dd9a5632-d747-3ffa-9bee-c70a6fec2f96,Unknown
Giga,Trường Phổ thông Dân tộc Bán trú THCS Xã Mẫu Sơn,Trường Phổ thông Dân tộc Bán trú THCS Xã Mẫu Sơn,106.90437316894531,21.848377227783203,,,,,16691429-9455-3acf-bdf8-493af7d2bd57,Unknown
Giga,Trường Phổ thông Dân tộc Nội trú Đông Giang,Trường Phổ thông Dân tộc Nội trú Đông Giang,107.64659881591797,15.918569564819336,,,,,27ce11f7-442d-32ac-9c25-83299b7bd280,Unknown
Giga,Trường Phổ thông Dân tộc Nội trú Hà Nội,Trường Phổ thông Dân tộc Nội trú Hà Nội,105.36320495605469,21.12122917175293,,,,,a33b2575-d298-3d4b-b911-08bff9037271,Unknown
Giga,trường phổ thông dân tộc nội trú khánh vĩnh,trường phổ thông dân tộc nội trú khánh vĩnh,108.9090347290039,12.277316093444824,,,,,39760e57-8841-375b-a4a4-f031a6c48a41,Unknown
Giga,Trường Phổ thông Dân tộc Nội trú Kon Plông,Trường Phổ thông Dân tộc Nội trú Kon Plông,108.29107666015625,14.609661102294922,,,,,a26c8e96-13c9-365f-b613-693cce1ef0f3,Unknown
Giga,Trường Phổ thông Dân tộc Nội trú Mường Nhé,Trường Phổ thông Dân tộc Nội trú Mường Nhé,102.45199584960938,22.194927215576172,,,,,c70a3841-1d82-30d9-a08d-cd4a7fe58edf,Unknown
Giga,Trường Phổ Thông Dân Tộc Nội Trú Phong Thổ,Trường Phổ Thông Dân Tộc Nội Trú Phong Thổ,103.28565979003906,22.537803649902344,,,,,1079dbba-21d3-355c-b41c-6611f8b6bf4b,Unknown
Giga,Trường Phổ thông Dân tộc Nội trú Tây Nguyên,Trường Phổ thông Dân tộc Nội trú Tây Nguyên,108.0176010131836,12.67905330657959,,,,,0e1abcbf-4566-3fc9-b2e6-7da8a3abe336,Unknown
Giga,Trường Phổ thông Dân tộc Nội Trú Tây Ninh,Trường Phổ thông Dân tộc Nội Trú Tây Ninh,106.1097640991211,11.345569610595703,,,,,0c66e073-db00-372c-87f3-b298abe39619,Unknown
Giga,Trường Phổ thông Dân tộc Nội trú THCS An Biên,Trường Phổ thông Dân tộc Nội trú THCS An Biên,105.00972747802734,9.761486053466797,,,,,97118a95-c61e-35f9-b9e9-0ca1955e3611,Unknown
Giga,Trường Phổ thông Dân tộc Nội trú THCS huyện Duyên Hải,Trường Phổ thông Dân tộc Nội trú THCS huyện Duyên Hải,106.43132019042969,9.676875114440918,,,,,2abccb75-f7d9-3a07-8b91-eb664d4b90af,Unknown
Giga,Trường Phổ thông Dân tộc Nội trú THCS & THPT Hoàng Su Phì,Trường Phổ thông Dân tộc Nội trú THCS & THPT Hoàng Su Phì,104.6773452758789,22.733518600463867,,,,,1104cbdd-16ed-38d2-bc29-a32b75b50c10,Unknown
Giga,Trường Phổ thông Dân tộc nội trú THCS&THPT huyện Đà Bắc,Trường Phổ thông Dân tộc nội trú THCS&THPT huyện Đà Bắc,105.26061248779297,20.878454208374023,,,,,3c36eea1-90d2-3875-95eb-aa850e0eb9b6,Unknown
Giga,Trường Phô thông dân tộc nội trú THCS & THPT huyện Vị Xuyên,Trường Phô thông dân tộc nội trú THCS & THPT huyện Vị Xuyên,104.9775161743164,22.666748046875,,,,,a8e44669-6440-3b0c-be0b-fe8f47ec6428,Unknown
Giga,Trường Phổ thông dân tộc nội trú THCS & THPT Quản Bạ,Trường Phổ thông dân tộc nội trú THCS & THPT Quản Bạ,104.9968032836914,23.067529678344727,,,,,f57f4127-f554-3ef1-b09c-87d65b7f0f2f,Unknown
Giga,Trường Phổ thông Dân tộc nội trú THCS & THPT Quang Bình,Trường Phổ thông Dân tộc nội trú THCS & THPT Quang Bình,104.58808898925781,22.406253814697266,,,,,24a56ce8-ee7e-3b7f-be2d-0430b007aabe,Unknown
Giga,Trường Phổ thông Dân tộc nội trú THCS & THPT Xín Mần,Trường Phổ thông Dân tộc nội trú THCS & THPT Xín Mần,104.4640884399414,22.679798126220703,,,,,7e174eea-38a7-3c87-bc18-8e025d839cce,Unknown
Giga,Trường Phổ thông Dân tộc nội trú THCS và THPT huyện Mèo Vạc,Trường Phổ thông Dân tộc nội trú THCS và THPT huyện Mèo Vạc,105.40522003173828,23.165224075317383,,,,,b9e45904-fed8-31b7-9321-dae1918dfa9e,Unknown
Giga,Trường Phổ thông Dân tộc nội trú THCS và THPT huyện Na Hang,Trường Phổ thông Dân tộc nội trú THCS và THPT huyện Na Hang,105.38849639892578,22.354427337646484,,,,,98e0f4b4-3336-3390-a122-a83355b4ca21,Unknown
Giga,Trường Phổ thông Dân tộc Nội trú THPT An Giang,Trường Phổ thông Dân tộc Nội trú THPT An Giang,105.09944152832031,10.690241813659668,,,,,1564758b-45cd-3365-a205-435d4ae092b5,Unknown
Giga,Trường Phổ thông dân tộc nội trú THPT Na Sang,Trường Phổ thông dân tộc nội trú THPT Na Sang,103.09012603759766,21.746976852416992,,,,,9463670d-f59d-3c13-ac73-71e3b921a09f,Unknown
Giga,Trường Phổ thông dân tộc nội trú THPT tỉnh Hà Giang,Trường Phổ thông dân tộc nội trú THPT tỉnh Hà Giang,104.988037109375,22.81357765197754,,,,,25f1d690-e559-36c5-8928-38d9156a89ad,Unknown
Giga,Trường Phổ thông Dân tộc nội trú THPT tỉnh Hoà Bình,Trường Phổ thông Dân tộc nội trú THPT tỉnh Hoà Bình,105.33414459228516,20.8497371673584,,,,,027e6988-471b-3de4-9115-a06b004abbab,Unknown
Giga,Trường Phổ thông Dân tộc nội trú THPT tỉnh Yên Bái,Trường Phổ thông Dân tộc nội trú THPT tỉnh Yên Bái,104.92695617675781,21.72385025024414,,,,,65cdf5c9-3b30-3c1e-b296-309bbe33c0b6,Unknown
Giga,Trường Phổ thông Dân tộc Nội trú Thuận Bắc,Trường Phổ thông Dân tộc Nội trú Thuận Bắc,109.05980682373047,11.715523719787598,,,,,15490e43-b6f5-36d6-9b1f-1b2ae5f5b2d8,Unknown
Giga,Trường Phổ thông Dân tộc nội trú tỉnh Bạc Liêu,Trường Phổ thông Dân tộc nội trú tỉnh Bạc Liêu,105.64086151123047,9.284414291381836,,,,,6262c552-6225-352d-ae58-2b87c279cdfd,Unknown
Giga,Trường Phổ thông dân tộc nội trú Tịnh Biên,Trường Phổ thông dân tộc nội trú Tịnh Biên,105.01144409179688,10.62582015991211,,,,,646edcc3-e408-3b30-8fe0-6f498d10b9ba,Unknown
Giga,Trường Phổ thông Dân tộc Nội trú tỉnh Cà Mau,Trường Phổ thông Dân tộc Nội trú tỉnh Cà Mau,105.12847900390625,9.192774772644043,,,,,a6da2cc2-d765-355a-a34e-fcd38bd11e75,Unknown
Giga,Trường Phổ Thông Dân Tộc Nội Trú Tỉnh Gia Lai,Trường Phổ Thông Dân Tộc Nội Trú Tỉnh Gia Lai,107.98992919921875,14.026265144348145,,,,,cb45b87e-ff49-3ca6-bbc4-ec988a0da651,Unknown
Giga,Trường Phổ thông Dân tộc nội trú tỉnh Phú Thọ,Trường Phổ thông Dân tộc nội trú tỉnh Phú Thọ,105.2337646484375,21.448089599609375,,,,,ea4f1876-f696-385c-a11d-0a6142882245,Unknown
Giga,Trường Phổ thông Dân tộc Nội trú tỉnh Phú Yên,Trường Phổ thông Dân tộc Nội trú tỉnh Phú Yên,109.31681060791016,13.100542068481445,,,,,3b9400f6-83c6-3a3c-a3ce-e0da9bd2a744,Unknown
Giga,Trường Phổ thông Dân tộc Nội trú tỉnh Sơn La,Trường Phổ thông Dân tộc Nội trú tỉnh Sơn La,103.99649810791016,21.290897369384766,,,,,abf2e2db-2449-3c58-9584-7ffbaf095c13,Unknown
Giga,Trường Phổ thông Dân tộc Nội trú Trung học Cơ sở và Trung học Phổ thông Huyện Bù Gia Mập,Trường Phổ thông Dân tộc Nội trú Trung học Cơ sở và Trung học Phổ thông Huyện Bù Gia Mập,107.01175689697266,11.919975280761719,,,,,2f957477-2f50-3222-8c13-f25efc9c21f9,Unknown
Giga,Trường Phổ thông Đa Trí Tuệ - MIS,Trường Phổ thông Đa Trí Tuệ - MIS,105.79249572753906,21.026866912841797,,,,,e3ff86ce-24b4-319a-830c-fc999879814b,Unknown
Giga,Trường Phổ thông Đoàn Thị Điểm,Trường Phổ thông Đoàn Thị Điểm,107.08613586425781,20.98160743713379,,,,,507ad866-dc63-3e30-bd9a-4ec5f0a4275a,Unknown
Giga,Trường Phổ thông Đoàn Thị Điểm,Trường Phổ thông Đoàn Thị Điểm,105.77995300292969,21.070871353149414,,,,,6a821f7f-6065-3214-ba01-758150ef1112,Unknown
Giga,Trường Phổ thông DTNT THCS&THPT B huyện Mai Châu,Trường Phổ thông DTNT THCS&THPT B huyện Mai Châu,104.91888427734375,20.745698928833008,,,,,41cdc0be-5e25-3042-8d79-877ce5e6233c,Unknown
Giga,Trường Phổ thông DTNT THCS&THPT huyện Mai Châu,Trường Phổ thông DTNT THCS&THPT huyện Mai Châu,105.08534240722656,20.66562843322754,,,,,1dd8c4c4-e745-356f-a0f4-13ee6b9f04cb,Unknown
Giga,Trường Phổ thông Duy Tân,Trường Phổ thông Duy Tân,109.30130004882812,13.113819122314453,,,,,397d49c9-15e7-37a5-a0a8-159df0553608,Unknown
Giga,Trường Phổ thông H.A.S,Trường Phổ thông H.A.S,105.83441162109375,21.00709342956543,,,,,4e94bd12-be05-3508-bdbd-8bee149bdf9d,Unknown
Giga,Trường Phổ thông Hermann Gmeiner Hải Phòng,Trường Phổ thông Hermann Gmeiner Hải Phòng,106.71138763427734,20.84613037109375,,,,,810849d4-6b3c-3602-8ef7-42e05950d830,Unknown
Giga,Trường Phổ thông Hermann Gmeiner Hà Nội,Trường Phổ thông Hermann Gmeiner Hà Nội,105.7799072265625,21.041318893432617,,,,,7b4373ed-8833-34df-b8c0-e4480628e661,Unknown
Giga,Trường Phổ thông Hermann Gmeiner Việt Trì,Trường Phổ thông Hermann Gmeiner Việt Trì,105.39631652832031,21.328771591186523,,,,,6b7a2e1b-10ba-3a44-93f7-ab23aa9175ab,Unknown
Giga,Trường Phổ thông Hồng Đức,Trường Phổ thông Hồng Đức,105.57876586914062,21.098529815673828,,,,,2e3e6786-5f47-3138-b35e-b25ee9435515,Unknown
Giga,Trường phổ thông Kiên Lương,Trường phổ thông Kiên Lương,104.64030456542969,10.283268928527832,,,,,577d6c6f-d777-3c1f-82b9-c954dca6a95b,Unknown
Giga,Trường Phổ thông Liên cấp Alfred Nobel,Trường Phổ thông Liên cấp Alfred Nobel,105.80513763427734,21.021451950073242,,,,,e568c4df-47b5-39a1-8225-105beeb12323,Unknown
Giga,Trường Phổ thông liên cấp H.A.S,Trường Phổ thông liên cấp H.A.S,105.74442291259766,20.98515510559082,,,,,b48a932b-82c3-3441-bda7-7c88db2802c3,Unknown
Giga,Trường Phổ thông Liên cấp Newton Vĩnh Phúc,Trường Phổ thông Liên cấp Newton Vĩnh Phúc,105.6053695678711,21.302377700805664,,,,,245c66c6-a0c4-3358-aa91-0d70f77e8f80,Unknown
Giga,Trường Phổ thông Liên cấp Tây Hà Nội,Trường Phổ thông Liên cấp Tây Hà Nội,105.75086975097656,21.04195213317871,,,,,ee57fd29-c09e-3d10-830d-277ab60ff56a,Unknown
Giga,Trường Phổ thông Liên cấp TH School,Trường Phổ thông Liên cấp TH School,105.83065795898438,21.00727081298828,,,,,601576c2-9797-3859-b8e0-69ab1e2af174,Unknown
Giga,Trường Phổ thông Lương Thế Vinh - Bắc Ninh,Trường Phổ thông Lương Thế Vinh - Bắc Ninh,106.05069732666016,21.187381744384766,,,,,cbc0a684-9633-3d16-8f53-a97dc96e71e3,Unknown
Giga,Trường Phổ thông Năng khiếu Thể dục thể thao Hà Nội,Trường Phổ thông Năng khiếu Thể dục thể thao Hà Nội,105.76484680175781,21.026287078857422,,,,,c65693b8-1302-32a6-9570-476d2363d074,Unknown
Giga,Trường Phổ thông Nguyễn Mộng Tuân,Trường Phổ thông Nguyễn Mộng Tuân,105.73155975341797,19.819181442260742,,,,,69d0dc23-c40b-3064-9921-a0d392aa0064,Unknown
Giga,Trường Phổ thông nhiều cấp học Hoàng Sa,Trường Phổ thông nhiều cấp học Hoàng Sa,108.2640151977539,15.949759483337402,,,,,1a7f7e4f-23ce-3d0e-9bb4-4d8bb624c36a,Unknown
Giga,Trường Phổ thông Nhiều cấp học Nguyễn Tất Thành,Trường Phổ thông Nhiều cấp học Nguyễn Tất Thành,106.68758392333984,20.8392276763916,,,,,330d8486-3fb9-3de8-a60e-bec274ac448a,Unknown
Giga,Trường Phổ thông Quốc tế Việt Nam,Trường Phổ thông Quốc tế Việt Nam,105.75267791748047,20.987863540649414,,,,,a099154f-5b01-31f5-9bac-7a182f4936aa,Unknown
Giga,Trường Phổ thông Thực hành Sư phạm,Trường Phổ thông Thực hành Sư phạm,105.43604278564453,10.37446117401123,,,,,4b13e29a-4311-3428-b206-df3846a6e4a9,Unknown
Giga,Trường Phổ thông Thực hành Sư phạm,Trường Phổ thông Thực hành Sư phạm,106.8649673461914,10.933173179626465,,,,,9de9d27f-40dc-3e52-a0ba-88d2b37d222e,Unknown
Giga,Trường Phổ thông Võ thuật Bảo Long,Trường Phổ thông Võ thuật Bảo Long,105.94041442871094,21.06056022644043,,,,,790bc62a-77c3-36f2-bfab-e418dd706e8b,Unknown
Giga,Trường Phổ thông Vùng cao Việt Bắc,Trường Phổ thông Vùng cao Việt Bắc,105.80596923828125,21.58345603942871,,,,,a7f63de6-5a53-3499-91d3-72273aaccd9e,Unknown
Giga,Trường Phổ thông Vùng Cao Việt Bắc,Trường Phổ thông Vùng Cao Việt Bắc,105.80533599853516,21.583248138427734,,,,,48fda373-b5a2-3ded-80b2-1fe4e6456ebc,Unknown
Giga,Trường Phục hồi chức năng và Dạy nghề cho người khuyết tật Khoái Châu,Trường Phục hồi chức năng và Dạy nghề cho người khuyết tật Khoái Châu,105.97259521484375,20.834945678710938,,,,,939cfa04-bfc0-3015-9a2c-bc1528a995c0,Unknown
Giga,Trường PT Cấp 1,Trường PT Cấp 1,106.34011840820312,9.9386568069458,,,,,55e39aca-d75b-3757-b461-1f4770f53d9c,Unknown
Giga,Trường PT Cấp 2 Lý Tự Trọng,Trường PT Cấp 2 Lý Tự Trọng,106.33790588378906,9.937780380249023,,,,,7df7ce14-341a-36f3-8ac7-0b1b0db6d0fd,Unknown
Giga,Trường PTCS Nguyễn Đình Chiểu,Trường PTCS Nguyễn Đình Chiểu,105.86297607421875,21.002521514892578,,,,,712b0462-b852-3f07-80e7-285d40e923e5,Unknown
Giga,Trường PTCS thị trấn Cần Đước,Trường PTCS thị trấn Cần Đước,106.60911560058594,10.502243995666504,,,,,73eb9c55-6aa1-3b47-9b1c-6d47fb0ba517,Unknown
Giga,Trường PTCS thị trấn Cần Đước,Trường PTCS thị trấn Cần Đước,106.6085433959961,10.502498626708984,,,,,2fe39357-ac04-32f7-bde6-f28150becf60,Unknown
Giga,trường PTCS xã Bạch Lưu  huyện Sông Lô  tỉnh Vĩnh Phúc,trường PTCS xã Bạch Lưu  huyện Sông Lô  tỉnh Vĩnh Phúc,105.33802032470703,21.48048973083496,,,,,9c01a304-74b9-3a45-b575-d0977b786b0c,Unknown
Giga,Trường PTCS Xã Đàn,Trường PTCS Xã Đàn,105.83140563964844,21.01577377319336,,,,,83b6f1c2-74e6-3a8c-89db-81b8f890f189,Unknown
Giga,Trường PT Dân Lập Văn Hiến,Trường PT Dân Lập Văn Hiến,106.70744323730469,10.753111839294434,,,,,27fdc7e1-e416-3355-922f-de8ea5b88a80,Unknown
Giga,Trường PT Dân Tộc Nội Trú,Trường PT Dân Tộc Nội Trú,105.62152099609375,10.106902122497559,,,,,d7bd4cca-e252-328e-9eb4-562ca0d62313,Unknown
Giga,Trường PT Dân Tộc Nội Trú Bình Định,Trường PT Dân Tộc Nội Trú Bình Định,109.21390533447266,13.76171875,,,,,172e45b9-430e-3812-bce1-0993fd19f4bf,Unknown
Giga,Trường PT Dân tộc nội trú huyện Đồng Phú,Trường PT Dân tộc nội trú huyện Đồng Phú,106.86180877685547,11.446900367736816,,,,,d6961abf-a8e4-30f4-9369-97d8094b89fa,Unknown
Giga,Trường PT Dân tộc nội trú Khánh Hòa,Trường PT Dân tộc nội trú Khánh Hòa,109.19905853271484,12.273876190185547,,,,,0d75487e-06ea-39cd-a9aa-969d89ed02f8,Unknown
Giga,Trường PT Dân Tộc Nội Trú - THCS - THPT huyện Tiểu Cần - Tỉnh Trà Vinh,Trường PT Dân Tộc Nội Trú - THCS - THPT huyện Tiểu Cần - Tỉnh Trà Vinh,106.180908203125,9.800318717956543,,,,,91a92251-11cb-3e19-b623-22b763c385cb,Unknown
Giga,Trường PT Dân Tộc Nội Trú - THCS - THPT huyện Tiểu Cần - Tỉnh Trà Vinh,Trường PT Dân Tộc Nội Trú - THCS - THPT huyện Tiểu Cần - Tỉnh Trà Vinh,106.18090057373047,9.800321578979492,,,,,b43fe147-c4ea-39c0-aa34-e66143d1f119,Unknown
Giga,Trường PTDNBT THCS Vĩnh Sơn,Trường PTDNBT THCS Vĩnh Sơn,108.68717956542969,14.35295295715332,,,,,cceba7b1-f94b-3632-bb75-8e817f752508,Unknown
Giga,Trường PTDT Bán trú THCS Lý Tự Trọng,Trường PTDT Bán trú THCS Lý Tự Trọng,107.3051986694336,15.831933975219727,,,,,4a600bd2-951d-3e54-bc25-001f0d771d8a,Unknown
Giga,Trường PTDTBT THCS Hua Bum,Trường PTDTBT THCS Hua Bum,102.97034454345703,22.393613815307617,,,,,2c558e1d-ca28-3d03-a4d2-ffe459fdeb0a,Unknown
Giga,Trường PTDTBT THCS Hướng Phùng,Trường PTDTBT THCS Hướng Phùng,106.5853271484375,16.743188858032227,,,,,91b15915-3e5e-3e06-98c4-e0c4ec6604ab,Unknown
Giga,Trường PTDTBT THCS Mù Sang,Trường PTDTBT THCS Mù Sang,103.27450561523438,22.64661979675293,,,,,3df83002-f8a1-3bf2-9e8b-39653407b560,Unknown
Giga,Trường PTDTBT THCS Nậm Ngà,Trường PTDTBT THCS Nậm Ngà,102.6274642944336,22.297510147094727,,,,,749984f3-4825-3662-87d5-02cf9294f3c5,Unknown
Giga,Trường PTDTBT THCS Quảng Đức,Trường PTDTBT THCS Quảng Đức,107.72413635253906,21.550395965576172,,,,,e523be36-9b9c-3352-9162-40b550eb2d81,Unknown
Giga,Trường PTDTBT THCS Trà Leng,Trường PTDTBT THCS Trà Leng,108.01985168457031,15.273001670837402,,,,,d968a824-19d4-33e3-9023-01b1a2719460,Unknown
Giga,Trường PT DT BT xã Hồ Thầu,Trường PT DT BT xã Hồ Thầu,103.57252502441406,22.368532180786133,,,,,75af7f06-1df3-3116-a3c2-2bd1cbd9a03a,Unknown
Giga,Trường PTDT nội trú THCS Khánh Vĩnh,Trường PTDT nội trú THCS Khánh Vĩnh,108.90897369384766,12.277142524719238,,,,,2121dec8-2bac-399d-bc3c-3c1d5f077519,Unknown
Giga,Trường PTDTNT Hoàng Cương,Trường PTDTNT Hoàng Cương,105.97649383544922,9.588167190551758,,,,,9aae45bc-cac8-37ef-9248-529698c82624,Unknown
Giga,Trường PTDTNT Hướng Hoá,Trường PTDTNT Hướng Hoá,106.73554229736328,16.62134552001953,,,,,1fe6d0b8-40c9-3830-8828-99c15bf9316e,Unknown
Giga,Trường PT DTNT Huyện Mường Tè,Trường PT DTNT Huyện Mường Tè,102.811279296875,22.387659072875977,,,,,944d231c-260c-3ecb-b8d2-abd29e5b1e23,Unknown
Giga,Trường PTDTNT Nam Giang,Trường PTDTNT Nam Giang,107.83417510986328,15.747823715209961,,,,,ff250f8c-2ede-34cb-9763-0075fe1a5af9,Unknown
Giga,Trường PTDTNT Phó Bảng,Trường PTDTNT Phó Bảng,105.18290710449219,23.251384735107422,,,,,ca09aa1f-bc72-3755-9a2f-7762fe0f4122,Unknown
Giga,Trường PTDTNT THCS Bảo Lâm,Trường PTDTNT THCS Bảo Lâm,107.82901763916016,11.62554931640625,,,,,0a9d179c-0c43-3c38-ad0e-d440fb0f65c3,Unknown
Giga,Trường PTDTNT THCS & THPT Bắc Yên,Trường PTDTNT THCS & THPT Bắc Yên,104.44673919677734,21.245206832885742,,,,,f1f2c3dd-d073-3961-b1dc-ddb9eb9c39b9,Unknown
Giga,Trường PTDTNT THCS & THPT Bảo Thắng,Trường PTDTNT THCS & THPT Bảo Thắng,104.197998046875,22.3126163482666,,,,,278733a3-e217-3972-91c9-ff256c241476,Unknown
Giga,Trường PTDTNT THCS & THPT Mộc Châu,Trường PTDTNT THCS & THPT Mộc Châu,104.64668273925781,20.840736389160156,,,,,502f30cd-0ca4-31be-8630-2dc9dd0c635c,Unknown
Giga,Trường PTDTNT THCS & THPT Phù Yên,Trường PTDTNT THCS & THPT Phù Yên,104.67687225341797,21.277835845947266,,,,,668d2bfc-8b6e-391d-8736-afc46bcf57fc,Unknown
Giga,Trường PTDTNT THCS và THPT Đồng Văn,Trường PTDTNT THCS và THPT Đồng Văn,105.37340545654297,23.274280548095703,,,,,bb87918b-33d6-34a5-95c5-7e254b3c3d48,Unknown
Giga,Trường PTDTNT THCS và THPT Yên Minh,Trường PTDTNT THCS và THPT Yên Minh,105.16361236572266,23.120344161987305,,,,,35a63cfe-7e7e-3cad-8ceb-9c1b4bc1e362,Unknown
Giga,Trường PTDTNT THPT Lào Cai,Trường PTDTNT THPT Lào Cai,104.02481079101562,22.443586349487305,,,,,62f31b63-4024-3d11-93d8-1509030c79d6,Unknown
Giga,Trường PT DTNT tỉnh Kiên Giang,Trường PT DTNT tỉnh Kiên Giang,105.08999633789062,9.992315292358398,,,,,e5fa297d-5c58-3011-96ad-b817950b7113,Unknown
Giga,Trường PT Hermann Gmeiner Đà Lạt,Trường PT Hermann Gmeiner Đà Lạt,108.47057342529297,11.95074462890625,,,,,a3ced758-1e9f-31fb-aacd-71a4e63e8428,Unknown
Giga,Trường PTTH Nguyễn Đình Chiểu,Trường PTTH Nguyễn Đình Chiểu,106.64739990234375,10.999311447143555,,,,,2f233bac-c38e-322a-b8f0-bb7ade121ad0,Unknown
Giga,Trường Quân Sự Địa Phương,Trường Quân Sự Địa Phương,108.03732299804688,12.668981552124023,,,,,df903db2-f9e0-3b03-b38e-0f2d1e5a0a95,Unknown
Giga,Trường Quân sự Quân đoàn 4,Trường Quân sự Quân đoàn 4,106.73674774169922,10.903526306152344,,,,,70fc2ee1-ac20-3f32-88eb-5656bc6986eb,Unknown
Giga,Trường Quốc học Quy Nhơn,Trường Quốc học Quy Nhơn,109.2260971069336,13.771626472473145,,,,,00c1ee34-9246-338b-8400-e3a5d2bae74b,Unknown
Giga,Trường Quốc Tế Á Châu,Trường Quốc Tế Á Châu,106.67501068115234,10.774922370910645,,,,,b02a3dcd-e248-311f-8408-5a19e3d9007a,Unknown
Giga,Trường Quốc tế Á Châu,Trường Quốc tế Á Châu,106.67514038085938,10.774352073669434,,,,,b1b82af4-085d-31bc-af26-421d289205f5,Unknown
Giga,Trường Quốc Tế American,Trường Quốc Tế American,106.68523406982422,10.757609367370605,,,,,8d4a427a-9bfd-3e56-a52f-a729c9775042,Unknown
Giga,Trường Quốc Tế Anh Việt BVIS,Trường Quốc Tế Anh Việt BVIS,106.68568420410156,10.719459533691406,,,,,eddc5e6a-5ef2-3e5b-9b59-0820f6a53cbb,Unknown
Giga,Trường Quốc tế Anh Việt Hà Nội,Trường Quốc tế Anh Việt Hà Nội,105.81661987304688,21.00217056274414,,,,,a66305fb-0407-3a73-bd87-75849d8a22a8,Unknown
Giga,Trường Quốc tế Bắc Mỹ SNA Marianapolis,Trường Quốc tế Bắc Mỹ SNA Marianapolis,106.81937408447266,10.946779251098633,,,,,a90cb107-f7a5-3fcd-9f93-2d2655d79917,Unknown
Giga,Trường Quốc tế Canada Lào Cai,Trường Quốc tế Canada Lào Cai,104.02241516113281,22.4443359375,,,,,589dca0e-86a6-33a6-9440-9c89ccd81ae1,Unknown
Giga,Trường Quốc tế Hàn Quốc,Trường Quốc tế Hàn Quốc,106.73225402832031,10.72203540802002,,,,,19df8c5a-db7a-329f-8d05-be22fb3b9cc0,Unknown
Giga,Trường Quốc Tế Kinh Bắc,Trường Quốc Tế Kinh Bắc,106.0601806640625,21.163488388061523,,,,,f77a2188-23c9-36fd-924b-ddd6a229e17e,Unknown
Giga,Trường quốc tế Pháp Alexandre Yersin,Trường quốc tế Pháp Alexandre Yersin,105.86861419677734,21.060094833374023,,,,,f3004bde-3887-33c0-9ebe-2e80182ca68d,Unknown
Giga,Trường Quốc tế QSI Hải Phòng,Trường Quốc tế QSI Hải Phòng,106.69734191894531,20.811376571655273,,,,,216aa937-15e3-3292-9598-19c3f1c34d60,Unknown
Giga,Trường Quốc Tế Renaissance,Trường Quốc Tế Renaissance,106.72464752197266,10.73852825164795,,,,,33c69fec-835b-369a-a24f-b287b682e707,Unknown
Giga,Trường Quốc Tế Singapore,Trường Quốc Tế Singapore,106.69219207763672,10.736721992492676,,,,,f6369d96-6620-31e1-9fde-033cebc04f83,Unknown
Giga,Trường Quốc tế Singapore Hạ Long,Trường Quốc tế Singapore Hạ Long,107.00220489501953,20.96132469177246,,,,,045b402c-cf17-305b-9ce1-014a195d8960,Unknown
Giga,Trường Quốc tế Singapore (SIS Haiphong),Trường Quốc tế Singapore (SIS Haiphong),106.68998718261719,20.822757720947266,,,,,00ff8ff1-0755-34dc-b8a0-cb251bf015a0,Unknown
Giga,Trường Quốc tế The American School,Trường Quốc tế The American School,106.76293182373047,10.794273376464844,,,,,3ee46cfb-c0c6-3967-a233-0fc24c68ebab,Unknown
Giga,Trường Quốc tế The Dewey Schools Hải Phòng,Trường Quốc tế The Dewey Schools Hải Phòng,106.69933319091797,20.817567825317383,,,,,3955fe2b-287a-32ab-82a0-b350527188ba,Unknown
Giga,Trường Quốc tế Việt Úc - Cơ sở Garden Hills,Trường Quốc tế Việt Úc - Cơ sở Garden Hills,106.69490051269531,10.823066711425781,,,,,e1683b6d-3a7f-3eca-bef9-f499fc6a7e4a,Unknown
Giga,Trường Quốc tế Việt Úc - Cơ sở Riverside,Trường Quốc tế Việt Úc - Cơ sở Riverside,106.72679138183594,10.736851692199707,,,,,8479f704-40df-3c35-b0c7-ba91e2a633a6,Unknown
Giga,Trường Quốc tế Việt Úc - Cơ sở Sala,Trường Quốc tế Việt Úc - Cơ sở Sala,106.72944641113281,10.773846626281738,,,,,c43f50ff-f153-323b-9137-c5d2ebdb75fb,Unknown
Giga,Trường Quốc Tế Việt Úc VAS,Trường Quốc Tế Việt Úc VAS,106.66952514648438,10.801139831542969,,,,,9e7db08a-4d8f-30df-9f2f-39c9daba2c0e,Unknown
Giga,Trường Quốc tế Việt Úc (VAS) - Cơ sở Sunrise,Trường Quốc tế Việt Úc (VAS) - Cơ sở Sunrise,106.69743347167969,10.738581657409668,,,,,3c93e5b7-914e-32ef-99ed-ab1c4d5ed57a,Unknown
Giga,Truong Sa Secondary School,Truong Sa Secondary School,108.01686096191406,14.37172794342041,,,,,89ab28f1-5286-3db2-bf77-1f4da0f6cc38,Secondary
Giga,Trường Sĩ quan Lục quân 2,Trường Sĩ quan Lục quân 2,106.95465087890625,10.879375457763672,,,,,6c3f21d6-43f8-3964-96c3-df463b5a53ce,Unknown
Giga,Trường Song Ngữ Horizon,Trường Song Ngữ Horizon,106.72933959960938,10.806109428405762,,,,,661e8a6b-1ece-3e36-b61e-8653e1b812d6,Unknown
Giga,Trường Song ngữ Quốc tế EMASI,Trường Song ngữ Quốc tế EMASI,106.71321868896484,10.842586517333984,,,,,08eae9b7-bb55-3f08-aaaf-ac5360aefd03,Unknown
Giga,Trường Song ngữ Quốc tế EMASI Nam Long,Trường Song ngữ Quốc tế EMASI Nam Long,106.7345962524414,10.74501895904541,,,,,098b0839-4ebf-3dd2-b2b1-aeeebaf11805,Unknown
Giga,Trường Song Ngữ Quốc Tế EMASI Nam Long,Trường Song Ngữ Quốc Tế EMASI Nam Long,106.73471069335938,10.744874954223633,,,,,9e08a1d7-9823-3154-855b-18572de5b470,Unknown
Giga,Trường Song Ngữ Quốc Tế Hanoi Academy,Trường Song Ngữ Quốc Tế Hanoi Academy,105.80292510986328,21.073667526245117,,,,,22125afb-93c4-3231-b3b5-41175550c1a5,Unknown
Giga,Trường Song ngữ Quốc tế Horizon,Trường Song ngữ Quốc tế Horizon,105.82159423828125,21.066370010375977,,,,,9bdc80d2-c3e6-306c-97b7-032af3b9609c,Unknown
Giga,Trường Thạnh Yên 2,Trường Thạnh Yên 2,105.15234375,9.6995210647583,,,,,103de753-105c-3257-9147-42b9e02bfd3e,Unknown
Giga,Trường THCS Ái Mộ,Trường THCS Ái Mộ,105.87361145019531,21.045467376708984,,,,,20a15fc0-56cb-3632-9ed7-45a49b3707e3,Unknown
Giga,Trường THCS An Bình,Trường THCS An Bình,106.75566101074219,10.873018264770508,,,,,11246dc8-6426-3d91-9d82-001fb405a038,Unknown
Giga,Trường THCS An Bình,Trường THCS An Bình,106.85101318359375,10.932350158691406,,,,,17f5e8a5-3681-3313-87c7-f68663a95fe2,Unknown
Giga,Trường THCS An Đà,Trường THCS An Đà,106.70113372802734,20.8465518951416,,,,,4431034b-56fb-3c0e-9fd6-ef3f3de98a5d,Unknown
Giga,Trường THCS An Đồng,Trường THCS An Đồng,106.64874267578125,20.855728149414062,,,,,ca01aac5-8a58-3a6f-b34f-68f077c67287,Unknown
Giga,Trường THCS An Dương,Trường THCS An Dương,105.83963775634766,21.052099227905273,,,,,be80118a-ea70-30b2-9dca-48dff4f44828,Unknown
Giga,Trường THCS An Hiệp,Trường THCS An Hiệp,108.3602066040039,11.764583587646484,,,,,97c8ea64-4bee-3d87-abc1-85de00379dfd,Unknown
Giga,Trường THCS An Hòa,Trường THCS An Hòa,106.33506774902344,11.032492637634277,,,,,96a73631-9ce3-3dee-a0ba-e0b00861be9f,Unknown
Giga,Truờng THCS An Hòa 1,Truờng THCS An Hòa 1,105.76720428466797,10.045269012451172,,,,,68693a82-2278-37b8-9597-502c257bfc4d,Unknown
Giga,Trường THCS An Hòa 2,Trường THCS An Hòa 2,105.77503204345703,10.049186706542969,,,,,821e94bb-c493-3798-a4cc-7b8f56fbc2fb,Unknown
Giga,Trường THCS An Khánh,Trường THCS An Khánh,105.75527954101562,10.042546272277832,,,,,1528c15c-6b3f-3e38-b0ea-e6fe57637fe6,Unknown
Giga,Trường THCS An Khánh,Trường THCS An Khánh,105.71980285644531,21.00255584716797,,,,,d7b56008-92dd-379d-9204-9daa1b43321d,Unknown
Giga,Trường THCS An Lạc,Trường THCS An Lạc,106.6208267211914,10.756287574768066,,,,,4e93c1e0-8ca4-305a-babb-d4da24fdc9ee,Unknown
Giga,Trường THCS An Phú,Trường THCS An Phú,106.75160217285156,10.807847023010254,,,,,1ac4ed14-0984-3b35-860f-c0d911681689,Unknown
Giga,Trường THCS An Phú,Trường THCS An Phú,106.58320617675781,11.657221794128418,,,,,82be680a-81f5-3b8f-b717-5cb497d746d6,Unknown
Giga,Trường THCS An Tân,Trường THCS An Tân,108.90160369873047,14.57465934753418,,,,,502d08bc-2c7d-3f8e-8725-3301dd383647,Unknown
Giga,Trường THCS An Tảo,Trường THCS An Tảo,106.06355285644531,20.673328399658203,,,,,03ed32fb-d630-3ff7-a294-ff16724b2121,Unknown
Giga,Trường THCS Ân Thạnh,Trường THCS Ân Thạnh,108.97197723388672,14.394282341003418,,,,,056446ea-c9ca-39f7-b354-72d9793a15a2,Unknown
Giga,Trường THCS An Thới Đông,Trường THCS An Thới Đông,106.80823516845703,10.580930709838867,,,,,c956918d-0993-30a6-a9d6-fcb768772a93,Unknown
Giga,Trường THCS Âu Cơ,Trường THCS Âu Cơ,109.1859130859375,12.242875099182129,,,,,9acb71aa-51c4-36dd-9834-b6f8f3c2ccb3,Unknown
Giga,Trường THCS Bắc Cường,Trường THCS Bắc Cường,103.9799575805664,22.46907615661621,,,,,8cb474eb-90d6-38ec-aab0-17ffe45f70e4,Unknown
Giga,Trường THCS Bạch Hạ,Trường THCS Bạch Hạ,105.9534683227539,20.69203758239746,,,,,e024a349-ec1c-3688-b8aa-f85bfa5e9a34,Unknown
Giga,Trường THCS Bắc Hồng,Trường THCS Bắc Hồng,105.80860137939453,21.17875099182129,,,,,158d3a01-dce2-3523-aa26-8cce57c2b87f,Unknown
Giga,Trường THCS Bách Quang,Trường THCS Bách Quang,105.85236358642578,21.49224090576172,,,,,a0f4fc19-cb50-322e-9328-d2909c6aa2c4,Unknown
Giga,Trường THCS Bạc Liêu - Ninh Bình,Trường THCS Bạc Liêu - Ninh Bình,105.72345733642578,9.2819185256958,,,,,64c27ae3-79b1-385e-9437-2a2cd7740a7d,Unknown
Giga,Trường THCS Bắc Sơn,Trường THCS Bắc Sơn,106.62654876708984,20.81646728515625,,,,,b0365cfe-3f19-3e45-8bc6-e939d6d5a6ee,Unknown
Giga,Trường THCS Bắc Sơn,Trường THCS Bắc Sơn,107.88993072509766,21.594797134399414,,,,,b006820c-473c-323e-88cc-3c685afc2a19,Unknown
Giga,Trường THCS Bắc Sơn,Trường THCS Bắc Sơn,105.89814758300781,19.737680435180664,,,,,7737a2ef-4595-3329-83cb-6c5d13039c44,Unknown
Giga,Trường THCS Bãi Cháy,Trường THCS Bãi Cháy,107.02462768554688,20.955364227294922,,,,,215e8c14-4cc7-3325-b927-20afe5f9e8db,Unknown
Giga,Trường THCS Bán trú Pa Vệ Sử,Trường THCS Bán trú Pa Vệ Sử,102.84703063964844,22.47720718383789,,,,,baa75e56-a17f-309e-bdcd-8404aeb60829,Unknown
Giga,Trường THCS Bát Tràng,Trường THCS Bát Tràng,105.91725158691406,20.980195999145508,,,,,e7b15a64-84d3-3215-8798-7df1e279ab3f,Unknown
Giga,Trường THCS Bàu Năng,Trường THCS Bàu Năng,106.15463256835938,11.317581176757812,,,,,111e06b0-000c-31cf-9e2d-ec3f8739ba49,Unknown
Giga,Trường THCS Bến Củi,Trường THCS Bến Củi,106.33546447753906,11.263178825378418,,,,,dbbc42a9-2b4d-349e-abd4-82454086d087,Unknown
Giga,Trường THCS Bích Hoà,Trường THCS Bích Hoà,105.7629623413086,20.911962509155273,,,,,714cb2e7-e8e8-3a73-957e-de3074f7fdee,Unknown
Giga,Trường THCS Biên Giang,Trường THCS Biên Giang,105.71881103515625,20.92931365966797,,,,,3453c98b-3aad-3a7f-8141-955f27e8c8e5,Unknown
Giga,Trường THCS Bình An,Trường THCS Bình An,106.80818176269531,10.899496078491211,,,,,7fad13b2-284b-374f-b7f6-07c0f4611249,Unknown
Giga,Trường THCS Bình An,Trường THCS Bình An,106.63688659667969,10.725259780883789,,,,,0d48dca5-70a1-3024-9c15-08908460ce96,Unknown
Giga,Trường THCS Bình An,Trường THCS Bình An,106.37623596191406,10.588582038879395,,,,,d7a9370c-c67b-30fb-972d-7a4d7f86d58b,Unknown
Giga,Trường THCS Bình Chiểu,Trường THCS Bình Chiểu,106.7337417602539,10.87353801727295,,,,,69e3db9a-8dc5-3bca-bcd4-a2f6558fc126,Unknown
Giga,Trường THCS Bình Đa,Trường THCS Bình Đa,106.8614730834961,10.937420845031738,,,,,fd49ff5f-d093-331e-a85b-ccbb4e17b27a,Unknown
Giga,Trường THCS Bình Hoà,Trường THCS Bình Hoà,106.64022827148438,10.965970039367676,,,,,89f2f07f-4b28-33a1-ab37-1b3dfe710396,Unknown
Giga,Trường THCS Bình Hòa,Trường THCS Bình Hòa,106.63996887207031,10.965551376342773,,,,,7abd8e02-18da-3ddb-a761-13d01c037ed5,Unknown
Giga,Trường THCS Bình Hòa - cơ sở 1,Trường THCS Bình Hòa - cơ sở 1,106.64339447021484,10.94944953918457,,,,,551d9f4f-eac1-3c71-b10f-6949f4973059,Unknown
Giga,Trường THCS Bình Hưng Hoà,Trường THCS Bình Hưng Hoà,106.60065460205078,10.81492805480957,,,,,74224b2a-7ffc-3a10-8246-eed6a8655759,Unknown
Giga,Trường THCS Bình Minh,Trường THCS Bình Minh,105.76608276367188,20.895559310913086,,,,,9ced46a0-80cf-371f-8d44-c518bcd30cb7,Unknown
Giga,Trường THCS Bình Phú,Trường THCS Bình Phú,105.60682678222656,21.02414321899414,,,,,04e738f6-bfe9-3f60-b0db-d6dac769902d,Unknown
Giga,Trường THCS Bình San,Trường THCS Bình San,104.4764404296875,10.390217781066895,,,,,9a6de9d5-01eb-3977-b9b2-3ce7c3e51f24,Unknown
Giga,Trường THCS Bình Tân,Trường THCS Bình Tân,106.61585998535156,10.72205638885498,,,,,8e1ef84c-3cc9-3e87-b09e-8817d61ab9ec,Unknown
Giga,Trường THCS Bình Thắng,Trường THCS Bình Thắng,106.80876159667969,10.892766952514648,,,,,5f7e6cfc-7e61-3690-98b7-d772d78bfda7,Unknown
Giga,Trường THCS Bình Thắng B,Trường THCS Bình Thắng B,106.81769561767578,10.897871971130371,,,,,76c58619-4dc7-3836-9570-1935b4e25cfe,Unknown
Giga,Trường THCS Bình Yên,Trường THCS Bình Yên,105.5500259399414,21.04244041442871,,,,,cf135e44-8557-3a82-9264-537f71dedc8e,Unknown
Giga,Trường THCS Bồng Lai,Trường THCS Bồng Lai,106.15845489501953,21.12657928466797,,,,,54001c28-444f-38b1-b888-bd1c934a8384,Unknown
Giga,Trường THCS Bồng Sơn,Trường THCS Bồng Sơn,109.00823211669922,14.429105758666992,,,,,96ee9ea0-fcc0-33b4-bf93-4ead323823cd,Unknown
Giga,Trường THCS Bông Văn Dĩa,Trường THCS Bông Văn Dĩa,105.04496002197266,8.647273063659668,,,,,4d2f3312-797f-31f6-9a79-12734861bb60,Unknown
Giga,Trường THCS Bột Xuyên,Trường THCS Bột Xuyên,105.71607971191406,20.782747268676758,,,,,7edfd2cd-4e88-31c6-bdfe-135331e732ca,Unknown
Giga,Trường THCS Bù Đốp,Trường THCS Bù Đốp,106.8049545288086,11.990487098693848,,,,,a1599349-2289-36e1-b04a-8d57247ccb71,Unknown
Giga,Trường THCS Bùi Thị Xuân,Trường THCS Bùi Thị Xuân,107.25505828857422,10.945914268493652,,,,,a2ad2e46-4efc-35d4-b934-85d08b7fec25,Unknown
Giga,Trường THCS Bùi Thị Xuân,Trường THCS Bùi Thị Xuân,109.05802154541016,11.71802043914795,,,,,b5538852-1984-37a8-82ae-daa3c0d42ddf,Unknown
Giga,Trường THCS Bùi Thị Xuân,Trường THCS Bùi Thị Xuân,106.67607116699219,11.328885078430176,,,,,83be256a-0adf-38a7-a9f7-288a7a05d49b,Unknown
Giga,Trường THCS Bùi Văn Thủ,Trường THCS Bùi Văn Thủ,106.59807586669922,10.833413124084473,,,,,263dae61-81fd-3885-9601-d464e99d69a0,Unknown
Giga,Trường THCS Bù Nho,Trường THCS Bù Nho,106.86952209472656,11.732779502868652,,,,,2e8c20b0-fc83-322f-9fae-9e808d95f78d,Unknown
Giga,Trường THCS Cách Bi,Trường THCS Cách Bi,106.18013763427734,21.113630294799805,,,,,cf12d91c-79e2-3d92-8905-f19abe81ea09,Unknown
Giga,Trường THCS Cách Mạng Tháng Tám,Trường THCS Cách Mạng Tháng Tám,106.67867279052734,10.7780179977417,,,,,b20fcfed-159e-35e8-ba26-d602e48799c8,Unknown
Giga,Trường THCS Cách Mạng Tháng Tám,Trường THCS Cách Mạng Tháng Tám,106.67853546142578,10.778423309326172,,,,,984bc8c8-4884-3e8c-bf54-9c416daf5dc0,Unknown
Giga,Trường THCS Cái Vồn,Trường THCS Cái Vồn,105.81058502197266,10.065325736999512,,,,,a35498f3-6b0c-34c8-807b-a8958f9141d5,Unknown
Giga,Trường THCS Cẩm Đình,Trường THCS Cẩm Đình,105.55216217041016,21.145648956298828,,,,,aed42889-c4fc-3639-9f8e-d376ed7eb844,Unknown
Giga,Trường THCS Cấm Lĩnh,Trường THCS Cấm Lĩnh,105.36101531982422,21.184696197509766,,,,,c38104da-7c59-3817-a5bf-a21064fdad27,Unknown
Giga,Trường THCS Cẩm Sơn,Trường THCS Cẩm Sơn,107.31644439697266,21.003047943115234,,,,,5ce59a3a-d5c6-398a-add5-bb96e32f9704,Unknown
Giga,Trường THCS Cẩm Thành,Trường THCS Cẩm Thành,107.27606964111328,21.01219367980957,,,,,debc104b-5bea-33d6-9817-d117f9250437,Unknown
Giga,Trường THCS Cẩm Vũ,Trường THCS Cẩm Vũ,106.2494125366211,20.97454261779785,,,,,ca184747-4f5c-3b69-9993-b9f15b6ecf50,Unknown
Giga,Trường THCS Cẩm Yên,Trường THCS Cẩm Yên,105.54237365722656,21.086938858032227,,,,,decb1fae-8b51-350d-bd31-e6489c59c89a,Unknown
Giga,Trường THCS Cảnh Hưng,Trường THCS Cảnh Hưng,106.02871704101562,21.084442138671875,,,,,7aea5f2b-f412-3dbb-94c0-d94b9f96dd75,Unknown
Giga,Trường THCS Cần Kiệm,Trường THCS Cần Kiệm,105.58174896240234,21.016498565673828,,,,,ebaf3098-4f41-3648-a690-d69b7b417bb4,Unknown
Giga,Trường THCS Cao Bá Quát,Trường THCS Cao Bá Quát,105.03453826904297,10.531908988952637,,,,,213d7a52-e3a7-3fa2-9bbf-9b33445cb84a,Unknown
Giga,Trường THCS Cao Bá Quát,Trường THCS Cao Bá Quát,107.17317962646484,10.659343719482422,,,,,d4171d11-9a5a-3f63-a8a8-f60317771496,Unknown
Giga,Trường THCS Cao Bá Quát,Trường THCS Cao Bá Quát,109.16547393798828,12.237128257751465,,,,,f560780f-a1b2-3ae5-bdda-ed35b0b2e5ea,Unknown
Giga,Trường THCS Cao Dương,Trường THCS Cao Dương,105.76158905029297,20.811683654785156,,,,,ace8a712-2593-3e15-a6ff-19ee09ab5bb4,Unknown
Giga,Trường THCS Cao Thành,Trường THCS Cao Thành,105.73522186279297,20.764812469482422,,,,,d836a999-e6e1-371d-84e5-8edfdf84d08c,Unknown
Giga,Trường THCS Cao Viên,Trường THCS Cao Viên,105.75113677978516,20.90421485900879,,,,,552fb4af-55dc-36c0-8012-9f6667268046,Unknown
Giga,Trường THCS Cao Xanh,Trường THCS Cao Xanh,107.08820343017578,20.98029136657715,,,,,0d7326b6-e775-3002-869a-bebc11d715ed,Unknown
Giga,Trường THCS Cầu Diễn,Trường THCS Cầu Diễn,105.75994110107422,21.03849983215332,,,,,e3bb6dd2-ee16-3377-a9df-a65c295f3a69,Unknown
Giga,Trường THCS Chàng Sơn,Trường THCS Chàng Sơn,105.60136413574219,21.038270950317383,,,,,e8e62f11-22e3-3014-b516-432087cc6482,Unknown
Giga,Trường THCS Chánh Hưng,Trường THCS Chánh Hưng,106.6666259765625,10.742180824279785,,,,,89b9cfba-3f1c-34b8-86ed-833b6f97129a,Unknown
Giga,Trường THCS Chánh Lộ,Trường THCS Chánh Lộ,108.80582427978516,15.110774040222168,,,,,3d3a56b3-8083-3f95-ba00-9cc39b17bc31,Unknown
Giga,Trường THCS Chánh Nghĩa,Trường THCS Chánh Nghĩa,106.65670776367188,10.961273193359375,,,,,18c1bf46-70d3-389b-99b5-802c46748586,Unknown
Giga,Trường THCS Châu Can,Trường THCS Châu Can,105.89720153808594,20.688451766967773,,,,,9bca5fac-dcef-383c-b1f5-77ff62618fe8,Unknown
Giga,Trường THCS Châu Đức,Trường THCS Châu Đức,107.24789428710938,10.65264892578125,,,,,b78ce601-1ef3-3388-a5cd-fa5bf0282b2b,Unknown
Giga,Trường THCS Châu Khê,Trường THCS Châu Khê,105.93016052246094,21.112558364868164,,,,,b5085161-07ed-38a6-a30a-8cbe3695a0e6,Unknown
Giga,Trường THCS Châu Kim Huệ,Trường THCS Châu Kim Huệ,109.27003479003906,13.338939666748047,,,,,b7f17cc7-9b30-324e-aa1d-e9a5fa2e0fca,Unknown
Giga,Trường THCS Châu Phong,Trường THCS Châu Phong,106.24951934814453,21.128273010253906,,,,,91441c5b-701e-3897-8899-16052da80b50,Unknown
Giga,Trường THCS Châu Văn Đơ,Trường THCS Châu Văn Đơ,105.9789810180664,9.322263717651367,,,,,5c96035b-3ef6-382d-bf11-318608f1c938,Unknown
Giga,Trường THCS Chi Đông,Trường THCS Chi Đông,105.75233459472656,21.2054500579834,,,,,d31b125f-45b1-3c53-975e-56775061f07c,Unknown
Giga,Trường THCS Chợ Lầu,Trường THCS Chợ Lầu,108.49958801269531,11.225932121276855,,,,,2211512e-e333-33c0-be99-302543dca4b1,Unknown
Giga,Trường THCS Chợ Vàm,Trường THCS Chợ Vàm,105.33087921142578,10.718435287475586,,,,,03b329ff-61ff-3b6c-b02c-499d1041e401,Unknown
Giga,Trường THCS Chùa Hang II,Trường THCS Chùa Hang II,105.83815002441406,21.624855041503906,,,,,074a4fee-8ed2-3786-a871-4e2e3e337d70,Unknown
Giga,Trường THCS Chụ Mạnh Trinh,Trường THCS Chụ Mạnh Trinh,105.93782806396484,20.94454574584961,,,,,5f0980ad-1f25-322e-97ad-b7422fbdc982,Unknown
Giga,Trường THCS Chương Dương Thường Tín,Trường THCS Chương Dương Thường Tín,105.90973663330078,20.84626007080078,,,,,5ffe2509-9964-3331-b091-77876ecf2f60,Unknown
Giga,Trường THCS Chu Phan,Trường THCS Chu Phan,105.65157318115234,21.172927856445312,,,,,69332589-12d2-3019-853e-c5048b947459,Unknown
Giga,Trường THCS Chu Văn An,Trường THCS Chu Văn An,105.82511901855469,21.592391967773438,,,,,97b04c07-6983-329f-8247-bd003ef824f7,Unknown
Giga,Trường THCS Chu Văn An,Trường THCS Chu Văn An,106.68984985351562,10.76507568359375,,,,,e3be5d96-7d53-360b-a860-ba455c2fc8e9,Unknown
Giga,Trường THCS Chu Văn An,Trường THCS Chu Văn An,108.97516632080078,11.579426765441895,,,,,e90707b0-6214-3615-9cf2-e557da3a2280,Unknown
Giga,Trường THCS Chu Văn An,Trường THCS Chu Văn An,109.17550659179688,11.938538551330566,,,,,698edd28-0bdc-37ad-9706-28f8c2d7474f,Unknown
Giga,Trường THCS Chu Văn An,Trường THCS Chu Văn An,107.28419494628906,21.001253128051758,,,,,d789fb5c-5249-3c4f-a43c-39f8bd69edb5,Unknown
Giga,Trường THCS Chu Văn An,Trường THCS Chu Văn An,105.0986557006836,9.992892265319824,,,,,cada48d1-eb6c-3d36-a903-12d9b7dd0a5a,Unknown
Giga,Trường THCS Chu Văn An,Trường THCS Chu Văn An,105.85151672363281,20.95125961303711,,,,,9c29e4fb-ccad-33aa-8964-0f9e8d44ccaa,Unknown
Giga,Trường THCS Chu Văn An,Trường THCS Chu Văn An,106.66304016113281,10.984617233276367,,,,,9f51f277-87f7-3e18-a07f-6f5be9f6f565,Unknown
Giga,Trường THCS Chu Văn An,Trường THCS Chu Văn An,104.59058380126953,22.40473747253418,,,,,a94ca80d-9878-3b0c-8985-886049a7be0f,Unknown
Giga,Trường THCS Chu Văn An,Trường THCS Chu Văn An,108.21096801757812,16.05631446838379,,,,,3de1e936-9a54-39ec-b1f2-60e81894faa3,Unknown
Giga,Trường THCS Chu Văn An,Trường THCS Chu Văn An,106.38851165771484,21.11855125427246,,,,,41dc77f3-f41c-38ee-9149-59c883a23884,Unknown
Giga,Trường THCS Chu Văn An,Trường THCS Chu Văn An,107.2345199584961,10.851578712463379,,,,,8d0410fe-500e-3dd5-b2be-9259384615aa,Unknown
Giga,Trường THCS Chu Văn An,Trường THCS Chu Văn An,105.83280181884766,21.042144775390625,,,,,bd934307-fa80-39e7-8da6-1e6c706b54fb,Unknown
Giga,Trường THCS Chu Văn An,Trường THCS Chu Văn An,106.49861145019531,9.635376930236816,,,,,408399a2-95f6-3f2f-9c42-803c2e3a308d,Unknown
Giga,Trường THCS Chu Văn An,Trường THCS Chu Văn An,106.42623138427734,20.909502029418945,,,,,8e59a437-a5c5-394a-85c1-a73daf3d757e,Unknown
Giga,Trường THCS Chu Vân An,Trường THCS Chu Vân An,105.85546875,20.938013076782227,,,,,a35e3f81-d7c1-3299-8ec2-c8b0726f9560,Unknown
Giga,Trường THCS Chuyên Mỹ,Trường THCS Chuyên Mỹ,105.8697509765625,20.73585319519043,,,,,7ad281c3-c223-3a17-95ed-35711488023a,Unknown
Giga,Trường THCS Cốc Ly,Trường THCS Cốc Ly,104.2320327758789,22.511470794677734,,,,,1c284701-479b-37f5-b9e5-c05b584d0dbd,Unknown
Giga,Trường THCS Cổ Đô,Trường THCS Cổ Đô,105.36966705322266,21.284263610839844,,,,,4be90fa5-ad7e-3d1f-a46a-5f7f05b744fa,Unknown
Giga,Trường THCS Cổ Loa,Trường THCS Cổ Loa,105.86933898925781,21.120946884155273,,,,,0f372449-4ca2-3bd5-9b2c-422a15103e1d,Unknown
Giga,Trường THCS Cộng Hòa,Trường THCS Cộng Hòa,106.39324188232422,21.134492874145508,,,,,d4943f73-24c0-3e4f-9be6-78222a59c1be,Unknown
Giga,Trường THCS Cửa Nam,Trường THCS Cửa Nam,105.66602325439453,18.665021896362305,,,,,4db597a3-be94-334a-9d5a-535d42525def,Unknown
Giga,Trường THCS Cửa Ông,Trường THCS Cửa Ông,107.36687469482422,21.029193878173828,,,,,2b891ba1-057d-3453-a84a-8d4a843dc30a,Unknown
Giga,Trường THCS Cù Chính Lan,Trường THCS Cù Chính Lan,106.7174072265625,10.815788269042969,,,,,605c30f4-d272-3ce7-9888-878472b95204,Unknown
Giga,Trường THCS Cự Khê,Trường THCS Cự Khê,105.79039764404297,20.920934677124023,,,,,6b60d974-b949-3d21-8179-86227e81b685,Unknown
Giga,Trường THCS Cửu Long,Trường THCS Cửu Long,106.71475219726562,10.791579246520996,,,,,4ed20740-9b02-3b43-87b1-174faa114a8e,Unknown
Giga,Trường THCS Đại Ân 2,Trường THCS Đại Ân 2,106.16472625732422,9.55036449432373,,,,,f5b6c50b-fbdd-3d8d-8dc1-847d9c3d41b9,Unknown
Giga,Trường THCS Đại Áng,Trường THCS Đại Áng,105.8289566040039,20.907806396484375,,,,,d99d0fc6-30bc-3632-984d-7885f58215c5,Unknown
Giga,Trường THCS Đại Đồng,Trường THCS Đại Đồng,105.55915832519531,21.0875186920166,,,,,a8817d52-bfb0-329d-870e-eb82b51eae3d,Unknown
Giga,Trường THCS Đại Đồng,Trường THCS Đại Đồng,105.9875717163086,21.090131759643555,,,,,9f74cc68-3434-333b-8d1c-ffccda46ff5e,Unknown
Giga,Trường THCS Đại Đồng Thành,Trường THCS Đại Đồng Thành,106.0600814819336,21.072818756103516,,,,,b39f8616-fb51-3bf7-b4d4-11107a0b118c,Unknown
Giga,Trường THCS Đại Hùng,Trường THCS Đại Hùng,105.84449768066406,20.658571243286133,,,,,f0fcf1b2-3e89-33c2-9071-8926dca93f94,Unknown
Giga,Trường THCS ĐạI Hưng,Trường THCS ĐạI Hưng,105.76371765136719,20.672119140625,,,,,9993abab-92f7-3d3c-b379-e33c79d2f725,Unknown
Giga,Trường THCS Đại Mỗ,Trường THCS Đại Mỗ,105.76947021484375,20.992006301879883,,,,,9d2502ea-dd54-30b1-85c2-4d94d18c8459,Unknown
Giga,Trường THCS Đại Nài,Trường THCS Đại Nài,105.915283203125,18.324968338012695,,,,,40268e8c-2e33-378a-bb25-53fbf157b1db,Unknown
Giga,Trường THCS Đại Nghĩa,Trường THCS Đại Nghĩa,105.74622344970703,20.68244743347168,,,,,73e25b12-9a44-3dc2-a07f-ba9544a58c1f,Unknown
Giga,Trường THCS Đại Tâm,Trường THCS Đại Tâm,105.9315414428711,9.545934677124023,,,,,adb67c18-9771-3f16-a227-fb932ae6b5fd,Unknown
Giga,Trường THCS ĐạI Thắng,Trường THCS ĐạI Thắng,105.8824462890625,20.781414031982422,,,,,4cbf7b4b-84ce-37d8-b768-ce71ebaff0d6,Unknown
Giga,Trường THCS ĐạI Thành,Trường THCS ĐạI Thành,105.7083740234375,20.965246200561523,,,,,779f922a-a5ce-309a-974a-c2dc0e5f8f7d,Unknown
Giga,Trường THCS ĐạI Thịnh A,Trường THCS ĐạI Thịnh A,105.73236083984375,21.17429542541504,,,,,ddb12e42-5be1-3f67-b102-a872afc81566,Unknown
Giga,Trường THCS Đại Xuyên,Trường THCS Đại Xuyên,105.92704772949219,20.684734344482422,,,,,5221d3cb-fc40-35b9-9997-f8b27a0e5529,Unknown
Giga,Trường THCS Đàm Quang Trung,Trường THCS Đàm Quang Trung,108.11693572998047,16.10296058654785,,,,,5f8f07b9-61a5-301a-8435-b307da4d12be,Unknown
Giga,Trường THCS Đặng Công Bỉnh,Trường THCS Đặng Công Bỉnh,106.68726348876953,10.90479564666748,,,,,d4b91e75-62b3-3585-8bec-2a3c918dd867,Unknown
Giga,Trường THCS Đặng Tấn Tài,Trường THCS Đặng Tấn Tài,106.7655258178711,10.822555541992188,,,,,436cef0b-bcaa-34e0-b60d-e046e46eab7b,Unknown
Giga,Trường THCS Đặng Thai Mai,Trường THCS Đặng Thai Mai,105.69172668457031,18.68044662475586,,,,,c8b4cb0c-b4d5-3f7f-9e3d-92f36746b317,Unknown
Giga,Trường THCS Đặng Thai Mai,Trường THCS Đặng Thai Mai,108.18809509277344,16.004919052124023,,,,,b345b10a-1451-328d-a94e-966f75dd0001,Unknown
Giga,Trường THCS Đặng Trần Côn,Trường THCS Đặng Trần Côn,106.62552642822266,10.799489974975586,,,,,2935962f-6072-3d30-919b-7350c8cbb378,Unknown
Giga,Trường THCS Dân Hoà,Trường THCS Dân Hoà,105.77770233154297,20.81586265563965,,,,,184b0ee0-9c21-3e0d-b077-8d1f4f208060,Unknown
Giga,Trường THCS Dân lập Bồi Thanh,Trường THCS Dân lập Bồi Thanh,105.98548126220703,9.324915885925293,,,,,e07c7c41-70a3-3515-9bff-998ce4ba0453,Unknown
Giga,Trường THCS Đan Phượng,Trường THCS Đan Phượng,105.6680679321289,21.090627670288086,,,,,1332389b-f82f-3f0d-9907-124355d2b4d4,Unknown
Giga,Trường THCS Dân tộc Nội trú,Trường THCS Dân tộc Nội trú,107.86621856689453,13.960753440856934,,,,,4557a4a0-9559-37f0-95d5-e92fa8d64afb,Unknown
Giga,Trường THCS Dân Tộc Nội Trú Huyện Yên Sơn,Trường THCS Dân Tộc Nội Trú Huyện Yên Sơn,105.15432739257812,21.85253143310547,,,,,08aa22b1-533e-3eb3-a8c2-a4aa11e8d9a8,Unknown
Giga,Trường THCS dân tộc nội trú Thạch Thành,Trường THCS dân tộc nội trú Thạch Thành,105.68415832519531,20.138418197631836,,,,,6cb915c0-a52f-3e84-a6bd-41d0cffe3ab5,Unknown
Giga,Trường THCS Dân tộc Nội trú Xã Chư Pưh,Trường THCS Dân tộc Nội trú Xã Chư Pưh,108.09564208984375,13.568685531616211,,,,,9779b007-e6cd-3e94-87d9-146e372457ba,Unknown
Giga,Trường THCS Đạ Oai,Trường THCS Đạ Oai,107.48709869384766,11.437761306762695,,,,,68533d1c-0d17-34bf-a9c3-eb2529580c5a,Unknown
Giga,Trường THCS Đào Duy Từ,Trường THCS Đào Duy Từ,108.00872802734375,12.643138885498047,,,,,d6969585-e5ef-37f1-9ebe-e88a83eb3b40,Unknown
Giga,Trường THCS Đạo Lý,Trường THCS Đạo Lý,106.06837463378906,20.591463088989258,,,,,33788fce-d2e4-37a1-8648-055e8723a375,Unknown
Giga,Trường THCS Đa Phước,Trường THCS Đa Phước,106.65123748779297,10.67431926727295,,,,,e9b0a860-0a8f-3727-bf91-2f587c5df28b,Unknown
Giga,Trường THCS Đất Đỏ,Trường THCS Đất Đỏ,107.27085876464844,10.476969718933105,,,,,89b40caa-613d-392d-aa4e-ffe77aef423d,Unknown
Giga,Trường THCS Dĩ An,Trường THCS Dĩ An,106.76786804199219,10.911351203918457,,,,,9e1f11d1-bbfb-37a7-8ba4-a64bf65343ca,Unknown
Giga,Trường THCS Dịch Vọng,Trường THCS Dịch Vọng,105.79524993896484,21.038694381713867,,,,,34c9c7cc-b727-34f3-a3d6-43b65e35acb1,Unknown
Giga,Trường THCS Điền Trung,Trường THCS Điền Trung,105.30823516845703,20.294832229614258,,,,,c2c81ce2-ac36-3f47-939e-9e83a1e69fe4,Unknown
Giga,Trường THCS Dị Nậu,Trường THCS Dị Nậu,105.62711334228516,21.05242347717285,,,,,a4286a82-0131-3002-a507-9d8913aa5a4c,Unknown
Giga,Trường THCS Đình Bảng 2,Trường THCS Đình Bảng 2,105.9447021484375,21.106653213500977,,,,,61d54568-930e-3021-8ecb-f3b2875e4488,Unknown
Giga,Trường THCS Đinh Bộ Lĩnh,Trường THCS Đinh Bộ Lĩnh,109.03675842285156,11.601594924926758,,,,,a3c62421-a423-380c-9025-9ab36cd70c50,Unknown
Giga,Trường THCS Định Hoà,Trường THCS Định Hoà,106.64883422851562,11.03515338897705,,,,,5d16afaf-85b1-3889-8e07-0b3519717426,Unknown
Giga,Trường THCS Định Môn,Trường THCS Định Môn,105.60700225830078,10.063552856445312,,,,,ed96e2bd-cd99-31d1-839f-447ff5f0b3d0,Unknown
Giga,Trường THCS Đinh Tiên Hoàng,Trường THCS Đinh Tiên Hoàng,109.12726593017578,12.48254680633545,,,,,6497d2d2-6f93-3253-930b-e0d1f3e27066,Unknown
Giga,Trường THCS Đoàn Kết,Trường THCS Đoàn Kết,106.62884521484375,10.758346557617188,,,,,96420c1c-9a00-3d50-8d2a-a7b6d3ab0c62,Unknown
Giga,Trường THCS Đoàn Kết,Trường THCS Đoàn Kết,106.62848663330078,10.759194374084473,,,,,08bdfe71-cf8a-3212-a4e3-9017f20b285e,Unknown
Giga,Trường THCS Đoàn Thị Điểm,Trường THCS Đoàn Thị Điểm,108.03179931640625,12.666194915771484,,,,,0fc01677-175b-3f94-a792-4a6b543dfdc4,Unknown
Giga,Trường THCS Đoàn Thị Điểm,Trường THCS Đoàn Thị Điểm,109.03501892089844,11.595348358154297,,,,,bb7e54e3-130f-3279-8f52-dc6e41e65ec6,Unknown
Giga,Trường THCS Độc Lập,Trường THCS Độc Lập,106.68205261230469,10.806074142456055,,,,,3e0e9e25-4ef9-3b91-aee8-b0d1cafd4167,Unknown
Giga,Trường THCS Đốc Tín,Trường THCS Đốc Tín,105.77867126464844,20.629106521606445,,,,,9a658780-2404-3d9e-b49a-a0cac46443d8,Unknown
Giga,Trương THCS Đỗ Động,Trương THCS Đỗ Động,105.78321075439453,20.845115661621094,,,,,4bf52a68-53cb-3852-b7ec-50eb34734b91,Unknown
Giga,Trường THCS Đội Bình,Trường THCS Đội Bình,105.81781005859375,20.64857292175293,,,,,73fc252b-d393-3997-a5f9-de7bda69ce1d,Unknown
Giga,Trường THCS Đồng Bẩm,Trường THCS Đồng Bẩm,105.8417739868164,21.61751365661621,,,,,c29d5c32-dc2c-3d53-88e4-10ce68a283bd,Unknown
Giga,Trường THCS Đống Đa,Trường THCS Đống Đa,109.21145629882812,13.785887718200684,,,,,2f02d0cd-fdc7-34c7-aad6-ded769067a35,Unknown
Giga,Trường THCS Đống Đa,Trường THCS Đống Đa,105.83454895019531,21.005475997924805,,,,,9c4aceff-020b-30b3-9d0f-fb35d9a89776,Unknown
Giga,Trường THCS Đông Hải,Trường THCS Đông Hải,106.71875,20.851184844970703,,,,,d61dacb7-f807-347f-81e4-5642a8d122f4,Unknown
Giga,Trường THCS Đông Hòa,Trường THCS Đông Hòa,106.78573608398438,10.889839172363281,,,,,e626f43e-e4a0-3953-9bb6-e82287f86300,Unknown
Giga,Trường THCS Đông Hoà 1,Trường THCS Đông Hoà 1,104.97138214111328,9.7263822555542,,,,,84902af0-fead-3e61-bc18-1dd0a7f44cc9,Unknown
Giga,Trường THCS Đông Hội,Trường THCS Đông Hội,105.87130737304688,21.08367347717285,,,,,9f69a8af-2eab-3006-810d-d2d2c2309d0a,Unknown
Giga,Trường THCS Đông Hưng,Trường THCS Đông Hưng,104.947509765625,9.655854225158691,,,,,91176d7e-7cd1-3450-ab76-2b7dd043a911,Unknown
Giga,Trường THCS Đồng Hướng,Trường THCS Đồng Hướng,106.09843444824219,20.095684051513672,,,,,47f13fed-d956-3a25-935c-a651329f2825,Unknown
Giga,Trường THCS Đồng Khởi,Trường THCS Đồng Khởi,106.63282012939453,10.776724815368652,,,,,262e6107-f5a4-32e2-9b31-a476a858b8fd,Unknown
Giga,Trường THCS Đồng Kỵ,Trường THCS Đồng Kỵ,105.9474105834961,21.134679794311523,,,,,5e388200-897b-3380-8451-fc8d478e3b4b,Unknown
Giga,Trường THCS Đồng Kỵ,Trường THCS Đồng Kỵ,105.94747161865234,21.13467788696289,,,,,97c2d72a-eaa6-3ec6-9c18-4f8048bd3bcd,Unknown
Giga,Trường THCS Đồng Lạc,Trường THCS Đồng Lạc,105.68232727050781,20.823286056518555,,,,,11d1084a-b3f9-3933-add8-dc71f038436c,Unknown
Giga,Trường THCS Đông Lỗ,Trường THCS Đông Lỗ,105.88088989257812,20.649696350097656,,,,,258c68d5-7d13-3533-80e8-fb54f3b8caa4,Unknown
Giga,Trường THCS Đồng Mai,Trường THCS Đồng Mai,105.73318481445312,20.9293212890625,,,,,0bfdaad6-2cb0-3300-b41e-28094c39324b,Unknown
Giga,Trường THCS Đông Mỹ,Trường THCS Đông Mỹ,105.8758316040039,20.91644859313965,,,,,fb4066d5-258b-3d8b-9927-428fa943053a,Unknown
Giga,Trường THCS Đồng Nguyên,Trường THCS Đồng Nguyên,105.9731216430664,21.126720428466797,,,,,1fd75097-e8e0-3cc5-b97f-711c72d82300,Unknown
Giga,Trường THCS Đồng Phú,Trường THCS Đồng Phú,105.70999908447266,20.83448600769043,,,,,4ec819aa-aa3e-384c-9ce6-fcc11a8ac747,Unknown
Giga,Trường THCS Đông Phương Yên,Trường THCS Đông Phương Yên,105.63589477539062,20.924518585205078,,,,,2908c674-9f11-3732-8cec-1da390acc333,Unknown
Giga,Trường THCS Đồng Quang,Trường THCS Đồng Quang,105.65706634521484,20.97638702392578,,,,,9a71da39-740e-3c6f-8d81-dcd0f1fa66fb,Unknown
Giga,Trường THCS Đồng Rùm,Trường THCS Đồng Rùm,106.29533386230469,11.51207160949707,,,,,8c71019e-ea5b-33b5-8a7c-fcc6d337d8ff,Unknown
Giga,Trường THCS Đồng Tâm,Trường THCS Đồng Tâm,105.56643676757812,21.302989959716797,,,,,d33abd39-2d4c-3480-b94c-c12b7c6661f0,Unknown
Giga,Trường THCS Đông Thái,Trường THCS Đông Thái,105.81271362304688,21.05076026916504,,,,,f444b186-7a61-30b2-a726-0fa6bf0413fe,Unknown
Giga,Trường THCS Đông Thạnh,Trường THCS Đông Thạnh,106.62357330322266,10.902854919433594,,,,,f5bb0027-6aa3-3530-b738-054abdbc2562,Unknown
Giga,Trường THCS Đồng Trúc,Trường THCS Đồng Trúc,105.56941986083984,20.993083953857422,,,,,188b622d-f801-348e-8157-ad95cfcc3265,Unknown
Giga,Trường THCS Đông Xuân,Trường THCS Đông Xuân,105.52607727050781,20.961570739746094,,,,,a4d94068-c3e4-3d0b-9c68-41124bee9351,Unknown
Giga,Trường THCS Đông Xuân,Trường THCS Đông Xuân,105.86223602294922,21.21820640563965,,,,,be1950a9-8978-323e-a8d1-3fa8a82cab6c,Unknown
Giga,Trường THCS Đông Yên,Trường THCS Đông Yên,105.60149383544922,20.93169593811035,,,,,0eb7b6b9-93f8-369c-9a16-469a4b5b7211,Unknown
Giga,Trường THCS Đô thị Việt Hưng,Trường THCS Đô thị Việt Hưng,105.90923309326172,21.06658935546875,,,,,53fea66f-a2fd-381b-a353-cbb37b256f45,Unknown
Giga,Trường THCS Đỗ Thúc Tịnh,Trường THCS Đỗ Thúc Tịnh,108.14022827148438,15.960466384887695,,,,,e97f511c-5e65-3b29-8c11-678708eb74c9,Unknown
Giga,Trường THCS D'RAN,Trường THCS D'RAN,108.59663391113281,11.84633731842041,,,,,908ac64a-773a-3278-9803-ce89dddbd3b0,Unknown
Giga,Trường THCS Đức Chính,Trường THCS Đức Chính,106.52444458007812,21.082565307617188,,,,,d4880900-f490-303f-bd53-bb81a269f7dd,Unknown
Giga,Trường THCS Đức Giang,Trường THCS Đức Giang,105.89646911621094,21.0611515045166,,,,,3cb3c3e0-52e4-3bf3-aa4b-8d0bfc9f8dce,Unknown
Giga,Trường THCS Đức Hòa,Trường THCS Đức Hòa,105.87641143798828,21.22994041442871,,,,,a73a9429-043d-3e09-a474-c5a09aefca54,Unknown
Giga,Trường THCS Đức Thắng,Trường THCS Đức Thắng,105.77339172363281,21.08264923095703,,,,,82311e65-9f0a-3196-a18b-28ae31ea391d,Unknown
Giga,Trường THCS Đức Thượng,Trường THCS Đức Thượng,105.693115234375,21.071453094482422,,,,,da31899f-f176-3bf2-a147-69763029d3b0,Unknown
Giga,Trường THCS Dũng Sĩ Điện Ngọc,Trường THCS Dũng Sĩ Điện Ngọc,108.25752258300781,15.956246376037598,,,,,684dd0d1-dd48-3bab-815a-8277f6c65422,Unknown
Giga,Trường THCS Dương Bá Trạc,Trường THCS Dương Bá Trạc,106.68806457519531,10.747796058654785,,,,,57eecdee-6ce9-3297-a5b9-301420341d79,Unknown
Giga,Trường THCS Dương Hà,Trường THCS Dương Hà,105.92688751220703,21.07476806640625,,,,,80bef833-3c24-3b55-af17-ee2923de671b,Unknown
Giga,Trường THCS Dương Kỳ Hiệp,Trường THCS Dương Kỳ Hiệp,105.96070861816406,9.59130573272705,,,,,0ed4a46d-6a0e-31c2-8805-08c8ada9de11,Unknown
Giga,Trường THCS Dương Liễu,Trường THCS Dương Liễu,105.68058776855469,21.057628631591797,,,,,1967bf1a-bea0-3dae-9da4-165744beb21c,Unknown
Giga,Trường THCS Dương Nội,Trường THCS Dương Nội,105.74506378173828,20.983125686645508,,,,,da0e4a23-9dc1-38e4-bb44-8b6ca9ee7b93,Unknown
Giga,Trường THCS Dương Thị Cẩm Vân,Trường THCS Dương Thị Cẩm Vân,105.19807434082031,8.997845649719238,,,,,913b4016-ff4b-389d-89f6-9346bd0ea927,Unknown
Giga,Trường THCS Dương Văn Thì,Trường THCS Dương Văn Thì,106.799560546875,10.746603965759277,,,,,a4ee8c55-7720-33c8-89ec-e740d8d4477f,Unknown
Giga,Trường THCS Duyên Thái,Trường THCS Duyên Thái,105.86566162109375,20.90003776550293,,,,,d0d06839-78d8-34e4-8f84-56d4995c60f4,Unknown
Giga,Trường THCS Eatieu,Trường THCS Eatieu,108.11337280273438,12.612868309020996,,,,,8cbf3eb9-a0ca-3f5d-a550-67e3637b091a,Unknown
Giga,Trường THCS Ghềnh Ráng,Trường THCS Ghềnh Ráng,109.20941925048828,13.742507934570312,,,,,faf2b453-8bd1-315e-9df0-87f0b66bb5ac,Unknown
Giga,Trường THCS Giai Xuân,Trường THCS Giai Xuân,105.69132232666016,10.028519630432129,,,,,83d5b2b5-e550-363d-9ea9-b4652e570148,Unknown
Giga,Trường THCS Giang Biên,Trường THCS Giang Biên,105.91822052001953,21.063640594482422,,,,,e22684b6-f608-3ba2-ba41-c07b24edc4cf,Unknown
Giga,Trường THCS Giảng Võ,Trường THCS Giảng Võ,105.82201385498047,21.028568267822266,,,,,c58737fe-2d7f-38bf-a019-b102c9db31b9,Unknown
Giga,Trường THCS Gia Quất,Trường THCS Gia Quất,105.8836898803711,21.056520462036133,,,,,6915f09e-128f-35c5-8dec-a955f5badefb,Unknown
Giga,Trường THCS Giá Rai B,Trường THCS Giá Rai B,105.44812774658203,9.236679077148438,,,,,909abe4f-cd7e-3a26-bafb-24ff5bd4c375,Unknown
Giga,Trường THCS Giồng Ông Tố,Trường THCS Giồng Ông Tố,106.7573013305664,10.7881441116333,,,,,b303dec7-e9f2-3bec-9178-e9aac89089ec,Unknown
Giga,Trường THCS Gò Đen,Trường THCS Gò Đen,106.53307342529297,10.641620635986328,,,,,9e4284ff-169a-3aa6-a0f4-faf1974e4245,Unknown
Giga,Trường THCS Gò Vấp,Trường THCS Gò Vấp,106.6854248046875,10.82540512084961,,,,,99d9c321-0aed-3d1d-8769-aa9cf07e538a,Unknown
Giga,Trường THCS Gò Vấp 2,Trường THCS Gò Vấp 2,106.68557739257812,10.825254440307617,,,,,3f2503f1-5434-356b-9851-a4a0840b4862,Unknown
Giga,Trường THCS Hà Đông,Trường THCS Hà Đông,105.77250671386719,20.962106704711914,,,,,690891f8-0efc-3636-a235-5f4d056f3d3c,Unknown
Giga,Trường THCS Hà Hồi,Trường THCS Hà Hồi,105.8740463256836,20.868146896362305,,,,,36c2760d-bbdc-3298-aae0-afc79c4da393,Unknown
Giga,Trường THCS Hà Huy Tập,Trường THCS Hà Huy Tập,106.62732696533203,10.828303337097168,,,,,9459b32c-c662-3e2f-a540-b59ff2b7e7de,Unknown
Giga,Trường THCS Hà Huy Tập,Trường THCS Hà Huy Tập,107.29280853271484,10.64433765411377,,,,,2088b09e-3047-3a0c-9d21-17ee20686d95,Unknown
Giga,Trường THCS Hà Huy Tập,Trường THCS Hà Huy Tập,106.61470031738281,10.866924285888672,,,,,b5d985dc-7530-30bf-98e8-5872137977f7,Unknown
Giga,Trường THCS Hà Huy Tập,Trường THCS Hà Huy Tập,105.85701751708984,20.99843406677246,,,,,1bb17d44-174d-364d-84b0-69325d31bc6d,Unknown
Giga,Trường THCS Hà Huy Tập,Trường THCS Hà Huy Tập,105.682373046875,18.688783645629883,,,,,7a5914dd-0a29-3d88-ab9d-a8d4e6f5fd31,Unknown
Giga,Trường THCS Hà Huy Tập,Trường THCS Hà Huy Tập,106.69405364990234,10.802401542663574,,,,,a21bc8e4-d6e3-361d-8057-d195f5788235,Unknown
Giga,Trường THCS Hải Anh,Trường THCS Hải Anh,106.27030944824219,20.22265625,,,,,e0f35787-e01b-3f66-93cf-d0fe8ac23199,Unknown
Giga,Trường THCS Hai Bà Trưng,Trường THCS Hai Bà Trưng,105.86566925048828,21.006542205810547,,,,,f799e83e-5b03-3680-9cf0-ad95fb416812,Unknown
Giga,Trường THCS Hai Bà Trưng,Trường THCS Hai Bà Trưng,105.7020492553711,21.243425369262695,,,,,7ee3929f-fd02-3c6e-826b-df87ece631f9,Unknown
Giga,Trường THCS Hải Bối,Trường THCS Hải Bối,105.79196166992188,21.11211395263672,,,,,fadfffc6-6f0e-358a-a410-48c31323dc35,Unknown
Giga,Trường THCS Hải Cảng,Trường THCS Hải Cảng,109.2392349243164,13.774038314819336,,,,,b895c4be-7406-3229-a53e-d801b495f36a,Unknown
Giga,Trường THCS Hải Đình,Trường THCS Hải Đình,106.62318420410156,17.460365295410156,,,,,9167339e-8e54-3340-ad90-b32aac26f112,Unknown
Giga,Trường THCS Hải Hoà,Trường THCS Hải Hoà,105.78697967529297,19.4520320892334,,,,,b955039a-ef42-3701-97d7-b16826a91331,Unknown
Giga,Trường THCS Hải Hòa,Trường THCS Hải Hòa,107.99183654785156,21.52581024169922,,,,,13a9b9cd-6d6d-325e-ba4d-0c15879ed54d,Unknown
Giga,Trường THCS Hải Tiến,Trường THCS Hải Tiến,107.85218048095703,21.535507202148438,,,,,2104af35-06ed-3f5a-a3a0-c063c798fb38,Unknown
Giga,Truong Thcs Ham Nghi,Truong Thcs Ham Nghi,107.56310272216797,16.476272583007812,,,,,899667fe-c171-3644-89a2-b9d231d7737a,Unknown
Giga,Trường THCS Hà Trung,Trường THCS Hà Trung,107.12152862548828,20.96106719970703,,,,,51a831a8-a1d6-3666-a1a9-cd4337afa06d,Unknown
Giga,Trường THCS Hà Tu,Trường THCS Hà Tu,107.15669250488281,20.95720863342285,,,,,bac4cb0f-50ed-30a1-a512-faf7bf5a0b1f,Unknown
Giga,Trường THCS Hậu Nghĩa,Trường THCS Hậu Nghĩa,106.39851379394531,10.882939338684082,,,,,6ef1be59-c189-3d9d-b8c7-31b98bded74e,Unknown
Giga,Trường THCS Hậu Nghĩa,Trường THCS Hậu Nghĩa,106.39624786376953,10.895784378051758,,,,,b95abd1e-95a4-3ef1-bfb2-eded395c2a17,Unknown
Giga,Trường THCS Hiến Nam,Trường THCS Hiến Nam,106.05961608886719,20.663785934448242,,,,,1ddcf96f-c4b1-3927-a487-18534c6c1b5a,Unknown
Giga,Trường THCS Hiệp Phước,Trường THCS Hiệp Phước,106.74015808105469,10.604307174682617,,,,,1ff2e0d8-eb01-39ce-ae64-cc4d5faa0e53,Unknown
Giga,Trường THCS Hiệp Thành,Trường THCS Hiệp Thành,105.83697509765625,9.790216445922852,,,,,bb14c529-47aa-395d-bfeb-55c61ff4e89b,Unknown
Giga,Trường THCS Hiếu Liêm,Trường THCS Hiếu Liêm,106.97828674316406,11.111927032470703,,,,,8bf6d51b-4aaf-3a79-9fe5-0e992089da7e,Unknown
Giga,Trường THCS Hòa Bình,Trường THCS Hòa Bình,106.97118377685547,10.867966651916504,,,,,15cda7e0-ae6f-3438-83a3-d00693659f4b,Unknown
Giga,Trường THCS Hoà Chính,Trường THCS Hoà Chính,105.73033142089844,20.810808181762695,,,,,9c0a08f2-25cb-3619-aad0-6e8e71636f19,Unknown
Giga,Trường THCS Hoà Chung,Trường THCS Hoà Chung,106.24989318847656,22.659578323364258,,,,,ed48b63a-8ce7-39af-ab77-c3c265617468,Unknown
Giga,Trường THCS Hoà Lâm,Trường THCS Hoà Lâm,105.81097412109375,20.68528938293457,,,,,cabcd855-1fd0-3001-9842-dcba3e6a8e58,Unknown
Giga,Trường THCS Hòa Nam,Trường THCS Hòa Nam,105.7589111328125,20.681222915649414,,,,,9b8a1517-4ed0-3d7b-ac30-b88bc0636248,Unknown
Giga,Trường THCS Hoàng Diệu,Trường THCS Hoàng Diệu,106.68475341796875,20.84566879272461,,,,,a27621ac-2453-35da-8cd0-5462fce1eb51,Unknown
Giga,Trường THCS Hoàng Diệu,Trường THCS Hoàng Diệu,106.63365936279297,10.769086837768555,,,,,b8d2015a-dbbf-3809-b9c5-4843db2d328e,Unknown
Giga,Trường THCS Hoàng Diệu,Trường THCS Hoàng Diệu,106.6338882446289,10.769509315490723,,,,,5521267c-c607-3abc-b140-5297f647aaa0,Unknown
Giga,Trường THCS Hoàng Diệu,Trường THCS Hoàng Diệu,108.20781707763672,16.072608947753906,,,,,3873a8f8-0363-37ba-b57c-bf41d6bdd3e7,Unknown
Giga,Trường THCS Hoàng Hoa Thám,Trường THCS Hoàng Hoa Thám,103.96452331542969,22.497087478637695,,,,,ef8d7f97-3632-3eca-b082-bfe595eabd68,Unknown
Giga,Trường THCS Hoàng Hoa Thám,Trường THCS Hoàng Hoa Thám,106.64684295654297,10.803518295288086,,,,,6d5a19c3-2450-313b-a5db-bbfbd437a8e0,Unknown
Giga,Trường THCS Hoàng Kim,Trường THCS Hoàng Kim,105.68647003173828,21.170154571533203,,,,,6602fa4c-b0bd-38de-9ee4-f60b6e1037a1,Unknown
Giga,Trường THCS Hoàng Liệt,Trường THCS Hoàng Liệt,105.83760070800781,20.96724510192871,,,,,2deea895-1633-3100-a11f-76f3f2bcdaaa,Unknown
Giga,Trường THCS Hoàng Long,Trường THCS Hoàng Long,105.83152770996094,20.759096145629883,,,,,aef67d53-6b6c-35c3-9d39-808d367e5ee3,Unknown
Giga,Trường THCS Hoàng Mai,Trường THCS Hoàng Mai,105.86955261230469,20.973411560058594,,,,,b45c6e89-6a24-3d75-a44a-b80e24a13051,Unknown
Giga,Trường THCS Hoàng Quốc Việt,Trường THCS Hoàng Quốc Việt,106.73283386230469,10.714808464050293,,,,,c461c867-56ae-3d97-9eaf-180d780ed8df,Unknown
Giga,Trường THCS Hoàng Sa,Trường THCS Hoàng Sa,108.2470932006836,16.09294319152832,,,,,585e5fe2-4a7c-350b-90ba-53d82c0b7208,Unknown
Giga,Trường THCS Hoang Thèn,Trường THCS Hoang Thèn,103.32853698730469,22.556123733520508,,,,,ff259072-61d9-3a9a-8710-db19ebcdf534,Unknown
Giga,Trường THCS Hoàng Văn Thụ,Trường THCS Hoàng Văn Thụ,105.65087890625,20.87444496154785,,,,,2734c33d-a323-31a0-beff-1b7bb3d65328,Unknown
Giga,Trường THCS Hoàng Văn Thụ,Trường THCS Hoàng Văn Thụ,106.66815185546875,10.762974739074707,,,,,f9e31344-724a-3e8b-ada5-7ee44cb47316,Unknown
Giga,Trường THCS Hoàng Văn Thụ,Trường THCS Hoàng Văn Thụ,106.17648315429688,20.438756942749023,,,,,f7405e48-9ce9-3431-a9dc-c87cce9d0727,Unknown
Giga,Trường THCS Hoàng Xuân Hãn,Trường THCS Hoàng Xuân Hãn,105.57076263427734,18.534788131713867,,,,,8cad34ca-81cb-3dd9-bfbc-1ba3a1079fd3,Unknown
Giga,Trường THCS Hòa Phú,Trường THCS Hòa Phú,105.7797622680664,20.672945022583008,,,,,933f5205-418e-3e8a-8381-dafb004c82a6,Unknown
Giga,Trường THCS Hoà Quang,Trường THCS Hoà Quang,109.21324920654297,13.080398559570312,,,,,774a75b8-faab-3005-a8e1-8c8975f062f6,Unknown
Giga,Trường THCS Hòa Thạnh,Trường THCS Hòa Thạnh,105.57389068603516,20.946218490600586,,,,,2b2bee44-a4fb-32f5-8598-f180bb24fc01,Unknown
Giga,Trường THCS Hóa Thượng,Trường THCS Hóa Thượng,105.84105682373047,21.645395278930664,,,,,2d25f06d-416e-3f0b-a9f0-3aee86066e7b,Unknown
Giga,Trường THCS Học Lạc,Trường THCS Học Lạc,106.38026428222656,10.353362083435059,,,,,8ecb6971-b44a-3b73-ab48-59f3ad6bd288,Unknown
Giga,Trường THCS Hồng Dương,Trường THCS Hồng Dương,105.78376770019531,20.795944213867188,,,,,eb86f7db-98b6-3ace-baaf-53b912d8e4aa,Unknown
Giga,Trường THCS Hồng Hà,Trường THCS Hồng Hà,105.50511932373047,21.148658752441406,,,,,5e795a8d-3de8-37de-bd4d-116651002d80,Unknown
Giga,Trường THCS Hồng Hải,Trường THCS Hồng Hải,107.1033706665039,20.95166778564453,,,,,a5168c67-99f7-34cd-bcb7-65731568cf86,Unknown
Giga,Trường THCS Hồ Nghinh,Trường THCS Hồ Nghinh,108.2214584350586,16.030675888061523,,,,,430457a0-e2a3-35e1-bbbe-43423e14e5a2,Unknown
Giga,Trường THCS Hồng Kỳ,Trường THCS Hồng Kỳ,105.8542709350586,21.317277908325195,,,,,04a33388-da47-360f-a2a2-752c086581e1,Unknown
Giga,Trường THCS Hồng Minh,Trường THCS Hồng Minh,105.83001708984375,20.792207717895508,,,,,dccea9ea-fbb3-3525-a8d4-f1348a7376ba,Unknown
Giga,Trường THCS Hồng Quang,Trường THCS Hồng Quang,105.7984619140625,20.62322235107422,,,,,c6b3eb25-8b43-3211-90c4-0cab3b125db0,Unknown
Giga,Trường THCS Hồng Thái,Trường THCS Hồng Thái,105.95540618896484,20.76193618774414,,,,,1bfd4c4c-e6a6-3d79-8be7-e3e4d676cd47,Unknown
Giga,Trường THCS Hợp Giang,Trường THCS Hợp Giang,106.25916290283203,22.6618709564209,,,,,fb7c8ae0-c062-3a66-a8f6-fb7aa224ebb8,Unknown
Giga,Trường THCS Hợp Thanh,Trường THCS Hợp Thanh,105.70465850830078,20.669424057006836,,,,,99d4e0cc-9f8d-3d76-be39-dba82cfa80bd,Unknown
Giga,Trường THCS Hợp Tiến,Trường THCS Hợp Tiến,105.69906616210938,20.686847686767578,,,,,2264e414-d0c1-36b9-95e0-3271863863c2,Unknown
Giga,Trường THCS Hồ Thầu,Trường THCS Hồ Thầu,103.57172393798828,22.369529724121094,,,,,3ac9865a-fc50-3b4f-b5f2-e7e254381839,Unknown
Giga,Trường THCS Hồ Thị Hương,Trường THCS Hồ Thị Hương,107.24111938476562,10.93545913696289,,,,,7a7d4ce5-e1dd-3da2-b665-e93ff479d227,Unknown
Giga,Trường THCS Hồ Văn Long,Trường THCS Hồ Văn Long,106.5896987915039,10.759678840637207,,,,,f98ac566-f082-3c95-8064-4385a05d5d14,Unknown
Giga,Trường THCS Hưng Bình,Trường THCS Hưng Bình,106.83061218261719,10.850089073181152,,,,,67215fa2-4b88-3fd2-9afb-5c99db468479,Unknown
Giga,Trường THCS Hùng Cường,Trường THCS Hùng Cường,106.03742218017578,20.6931209564209,,,,,bf728fc7-cacc-3950-8e70-e83b80f0e453,Unknown
Giga,Trường THCS Hưng Long,Trường THCS Hưng Long,106.62635040283203,10.651314735412598,,,,,43c52ac9-8642-3e49-9d4f-15861e46306e,Unknown
Giga,Trường THCS Hưng Phú,Trường THCS Hưng Phú,105.78839111328125,10.017925262451172,,,,,95da07f6-3f05-3d2d-be17-673e19fef8a5,Unknown
Giga,Trường THCS Hùng Tiến,Trường THCS Hùng Tiến,105.7632827758789,20.639434814453125,,,,,524ca5a5-be03-3f68-a2d7-a42fac6cdbe5,Unknown
Giga,Trường THCS Hùng Vương,Trường THCS Hùng Vương,105.71099090576172,21.228601455688477,,,,,67f2b77c-c23d-3633-87f5-344c9ed03b94,Unknown
Giga,Trường THCS Hùng Vương,Trường THCS Hùng Vương,107.09843444824219,10.509747505187988,,,,,12bf5d74-0ed3-346b-a987-76de8c3c1ab5,Unknown
Giga,Trường THCS Hùng Vương,Trường THCS Hùng Vương,109.30487823486328,13.090714454650879,,,,,cfe8f349-7409-3bd3-8dff-4dd021e432d0,Unknown
Giga,Trường THCS Hùng Vương,Trường THCS Hùng Vương,107.85177612304688,13.96037483215332,,,,,623023b4-d604-3101-8c7c-6034d1141a8d,Unknown
Giga,Trường THCS Hùng Vương,Trường THCS Hùng Vương,109.15587615966797,12.069554328918457,,,,,4e95fd81-972d-3a2e-95d4-a7198182f621,Unknown
Giga,Trường THCS Hùng Vương,Trường THCS Hùng Vương,107.5859146118164,16.445537567138672,,,,,b088e5b8-72e5-3f68-a80f-175d2880566e,Unknown
Giga,Trường THCS Hùng Vương,Trường THCS Hùng Vương,107.81407928466797,11.559029579162598,,,,,b8439124-3da8-3a25-8bd6-3cfeb6771bd4,Unknown
Giga,Trường THCS Hùng Vương,Trường THCS Hùng Vương,106.81298828125,10.95753002166748,,,,,fe6c73db-5fbb-3dae-8809-16abb5170e6b,Unknown
Giga,Trường THCS Huổi Luông,Trường THCS Huổi Luông,103.19688415527344,22.55207633972168,,,,,fc2f16b4-a4a7-386c-a9be-0c8ce126cfc9,Unknown
Giga,Trường THCS Hương Mạc,Trường THCS Hương Mạc,105.94353485107422,21.150379180908203,,,,,3a6bf50d-5b4c-3e80-b0dc-2b4c9a4547d7,Unknown
Giga,Trường THCS Hương Mạc 1,Trường THCS Hương Mạc 1,105.9310073852539,21.151731491088867,,,,,a203fa6c-ae5f-38fd-8505-2a1dc51b8251,Unknown
Giga,Trường THCS Hương NgảI,Trường THCS Hương NgảI,105.60111236572266,21.052331924438477,,,,,00e4d043-fb46-389e-a760-78e6c6172257,Unknown
Giga,Trường THCS Hương Ngải,Trường THCS Hương Ngải,105.60102081298828,21.05254364013672,,,,,b28cb2f7-0679-3def-b6b0-1b71495b5133,Unknown
Giga,Trường THCS Hương Sơn,Trường THCS Hương Sơn,105.78852081298828,20.612525939941406,,,,,20ac1a5c-c50a-30d7-af1b-893a9b04d8d6,Unknown
Giga,Trường THCS Hương Sơn,Trường THCS Hương Sơn,105.8820571899414,21.546663284301758,,,,,42be6758-53a2-38a6-b5d9-17c64a542705,Unknown
Giga,Trường THCS Hữu Hoà,Trường THCS Hữu Hoà,105.80541229248047,20.946836471557617,,,,,8e549a63-79f5-3f91-aed6-5def57919280,Unknown
Giga,Trường THCS Hữu Vinh,Trường THCS Hữu Vinh,105.16404724121094,23.122072219848633,,,,,f094e16b-85ee-3b0d-8b0e-cc5a91f72c09,Unknown
Giga,Trường THCS Huỳnh Bá Chánh,Trường THCS Huỳnh Bá Chánh,108.26356506347656,15.994484901428223,,,,,35b3f538-06e7-33d6-a2d5-2905eae0efa5,Unknown
Giga,Trường THCS Huỳnh Khương Ninh,Trường THCS Huỳnh Khương Ninh,106.69575500488281,10.789299964904785,,,,,059ec796-9545-3aa6-a002-767e39a28f68,Unknown
Giga,Trường THCS Huỳnh Tấn Phát,Trường THCS Huỳnh Tấn Phát,106.7291488647461,10.743148803710938,,,,,bd6be590-3aea-3564-9bae-1aa2f1b137c1,Unknown
Giga,Trường THCS Huỳnh Thúc Kháng,Trường THCS Huỳnh Thúc Kháng,108.19153594970703,16.06495475769043,,,,,30535464-530d-3f04-88af-7dce3e5b2b4f,Unknown
Giga,Trường THCS Huỳnh Văn Nghệ,Trường THCS Huỳnh Văn Nghệ,106.59231567382812,10.811113357543945,,,,,899b46a0-efc1-382c-828f-74fda233b42d,Unknown
Giga,Trường THCS Inspire - Khai Nguyên - Cơ sở Quận 8,Trường THCS Inspire - Khai Nguyên - Cơ sở Quận 8,106.66567993164062,10.738285064697266,,,,,9263ae3b-600a-37a7-a575-3995c131d2b1,Unknown
Giga,Trường THCS Khắc Niệm,Trường THCS Khắc Niệm,106.05729675292969,21.14381980895996,,,,,ee115b33-02fc-35c9-b7bf-28ad966cb3b9,Unknown
Giga,Trường THCS Khai Long,Trường THCS Khai Long,104.83252716064453,8.600457191467285,,,,,4e6c2a20-7267-3bac-95ad-8ce5cd82604f,Unknown
Giga,Trường THCS Khai Nguyên - Cơ sở Man Thiện - TP. Thủ Đức,Trường THCS Khai Nguyên - Cơ sở Man Thiện - TP. Thủ Đức,106.7887954711914,10.85226058959961,,,,,079c622f-dc96-37c6-9ba0-127df38194cd,Unknown
Giga,Trường THCS Khai Thái,Trường THCS Khai Thái,105.9583969116211,20.723167419433594,,,,,60834261-8a8b-3f1d-bc00-61bfeeddadb8,Unknown
Giga,Trường THCS Khánh Bình,Trường THCS Khánh Bình,106.68445587158203,10.742505073547363,,,,,d95b0371-c323-3639-8744-987a415176d5,Unknown
Giga,Trường THCS Khánh Hà,Trường THCS Khánh Hà,105.82487487792969,20.891206741333008,,,,,3c4d8778-7e60-3dc9-a3c4-80787d97a947,Unknown
Giga,Trường THCS Khánh Vĩnh,Trường THCS Khánh Vĩnh,108.91971588134766,12.282469749450684,,,,,4dcae8a4-d717-3769-bfe8-5de5b96cb111,Unknown
Giga,Trường THCS Khổng Lào,Trường THCS Khổng Lào,103.35520935058594,22.537769317626953,,,,,7a425292-ba16-3777-926e-e28995d800bc,Unknown
Giga,Trường THCS Khuất Xá,Trường THCS Khuất Xá,106.99971008300781,21.749120712280273,,,,,cecccf48-80c6-334e-9690-5f26af5ac5e9,Unknown
Giga,Trường THCS Khương Mai,Trường THCS Khương Mai,105.82705688476562,20.992189407348633,,,,,6f6ef5e9-fbc1-38a6-bf0c-9fc1e57e7cd7,Unknown
Giga,Trường THCS Kiến Thiết,Trường THCS Kiến Thiết,106.68633270263672,10.773305892944336,,,,,aa64f894-3034-382b-a76e-551cb3f2feb2,Unknown
Giga,Trường THCS Kiêu Kỵ,Trường THCS Kiêu Kỵ,105.95702362060547,20.980737686157227,,,,,c01b5133-d22e-3b06-b138-46bf0da5655a,Unknown
Giga,Trường THCS Kim Chân,Trường THCS Kim Chân,106.10792541503906,21.199092864990234,,,,,e95a63b4-5411-308f-9d44-91cf3367dea0,Unknown
Giga,Trường THCS Kim Chung,Trường THCS Kim Chung,105.78385925292969,21.13827133178711,,,,,e1dc08a7-9cbd-378d-94d3-62123504cdfb,Unknown
Giga,Trường THCS Kim Đồng,Trường THCS Kim Đồng,108.33492279052734,15.878752708435059,,,,,3cfaad35-3244-39f8-b6b4-5a63a27bd845,Unknown
Giga,Trường THCS Kim Đồng,Trường THCS Kim Đồng,106.67497253417969,10.754761695861816,,,,,4339a9f3-0f43-373b-aaf6-7ab1e5d3cd13,Unknown
Giga,Trường THCS Kim Đồng,Trường THCS Kim Đồng,108.29783630371094,15.841815948486328,,,,,6205a0ef-d17d-35d0-8ab6-33c0f054eb6f,Unknown
Giga,Trường THCS Kim Đồng,Trường THCS Kim Đồng,107.08435821533203,20.95584487915039,,,,,81afc62c-8590-38e6-9b24-f98cd0d7bc6f,Unknown
Giga,Trường THCS Kim Đồng,Trường THCS Kim Đồng,108.08799743652344,12.684142112731934,,,,,e1025a81-b1f1-3edb-a8d1-52bd21271f6a,Unknown
Giga,Trường THCS Kim Đường,Trường THCS Kim Đường,105.8662109375,20.66972541809082,,,,,b6fb3852-688a-3535-b760-6c5f4870faa9,Unknown
Giga,Trường THCS Kim Lan,Trường THCS Kim Lan,105.90392303466797,20.95900535583496,,,,,42519e16-1aa4-3ddd-8321-cecaa790cb43,Unknown
Giga,Trường THCS Kim Lũ,Trường THCS Kim Lũ,105.89168548583984,21.205415725708008,,,,,e1ddfc5c-39c8-36aa-9ab6-9714071b3ef2,Unknown
Giga,Trường THCS Kim Quan,Trường THCS Kim Quan,105.57647705078125,21.0482120513916,,,,,95a5fd8e-1a08-3837-98f9-bbe623094edd,Unknown
Giga,Trường THCS Kim Sơn,Trường THCS Kim Sơn,105.46846008300781,21.09016227722168,,,,,d97fa621-718a-3242-b82e-8384be6389e4,Unknown
Giga,Trường THCS Kim Tân,Trường THCS Kim Tân,103.97301483154297,22.4854736328125,,,,,4acf7eff-28df-38d6-baec-b7e425b431d4,Unknown
Giga,Trường THCS Kim Thư,Trường THCS Kim Thư,105.7617416381836,20.8397216796875,,,,,95ef05ec-fe0c-3407-bc47-46d3e7c32a55,Unknown
Giga,Trường THCS Lạc Hòa,Trường THCS Lạc Hòa,106.0648422241211,9.360146522521973,,,,,1e6cc032-987c-39bb-a5e8-0c17bfb03878,Unknown
Giga,Trường THCS Lạc Hồng B,Trường THCS Lạc Hồng B,106.6685791015625,10.770259857177734,,,,,b0c34d8f-d76f-39e5-89b3-b617a00e6fd5,Unknown
Giga,Trường THCS Lạc Nghiệp,Trường THCS Lạc Nghiệp,108.6041259765625,11.845130920410156,,,,,eae8facb-d428-3717-87bb-a9435b414a9d,Unknown
Giga,Trường THCS Lạc Viên,Trường THCS Lạc Viên,106.70014190673828,20.865142822265625,,,,,241feb98-37fb-3bbc-a685-c8c09f313568,Unknown
Giga,Trường THCS Lạc Xuân,Trường THCS Lạc Xuân,108.57137298583984,11.823874473571777,,,,,9cd4dbd0-2c6b-3858-95fd-9a6115cdcef4,Unknown
Giga,Trường THCS Lại Thượng,Trường THCS Lại Thượng,105.5580062866211,21.07075309753418,,,,,6afa2458-ad48-3521-a1df-456b7abf835b,Unknown
Giga,Trường THCS Lam Sơn,Trường THCS Lam Sơn,106.63047790527344,10.746440887451172,,,,,fd4bd17e-d5a1-3a19-99d0-1bb74818d758,Unknown
Giga,Trường THCS Lam Sơn,Trường THCS Lam Sơn,106.70012664794922,10.79970645904541,,,,,8a17ebd7-d8f6-3416-8bb6-9921ec3fb068,Unknown
Giga,Trường THCS Lam Sơn,Trường THCS Lam Sơn,109.16703796386719,12.190155982971191,,,,,7ba66a6f-2efa-34d5-85cb-63a7f2b2de2b,Unknown
Giga,Trường THCS Láng Hạ,Trường THCS Láng Hạ,105.8101806640625,21.012466430664062,,,,,c90812ba-94d8-371e-8943-6cc09a2cc95b,Unknown
Giga,Trường THCS La Phù,Trường THCS La Phù,105.73202514648438,20.984493255615234,,,,,ae92ec46-45f6-36a9-a34c-1183d30846b5,Unknown
Giga,Trường THCS Lay Nưa,Trường THCS Lay Nưa,103.15440368652344,22.003992080688477,,,,,acaacef8-50a1-3ac8-ba37-4cd78a83086a,Unknown
Giga,Trường THCS Lê Anh Xuân,Trường THCS Lê Anh Xuân,108.13424682617188,16.10490608215332,,,,,d144f351-f82d-3f79-9157-6b5de950c31d,Unknown
Giga,Trường THCS Lê Anh Xuân,Trường THCS Lê Anh Xuân,106.63011932373047,10.786399841308594,,,,,8be16d09-840e-30ef-bd53-1c74b6821273,Unknown
Giga,Trường THCS Lê Bình,Trường THCS Lê Bình,105.90265655517578,18.347990036010742,,,,,90f66624-e7dc-344b-aa51-92c67ad8a139,Unknown
Giga,Trường THCS Lê Bình,Trường THCS Lê Bình,105.74679565429688,9.992037773132324,,,,,e25bd877-10be-30f2-ba5e-bcc69ae71110,Unknown
Giga,Trường THCS Lê Chân,Trường THCS Lê Chân,106.67305755615234,20.84209442138672,,,,,9e2c3f58-dad5-3ca9-81a9-44fa59103ea0,Unknown
Giga,Trường THCS Lê Độ,Trường THCS Lê Độ,108.23162078857422,16.079025268554688,,,,,21e2a730-eab1-3f43-904c-7e845fec97ab,Unknown
Giga,Trường THCS Lê Duẩn,Trường THCS Lê Duẩn,109.2311782836914,13.331661224365234,,,,,963ec024-2ca9-3d40-96d6-972bc5899301,Unknown
Giga,Truờng THCS Lê Hồng Phong,Truờng THCS Lê Hồng Phong,105.97592163085938,20.260433197021484,,,,,a58cf2ee-ff63-3de2-92a3-8563c4b0ee27,Unknown
Giga,Trường THCS Lê Hồng Phong,Trường THCS Lê Hồng Phong,109.2266845703125,13.775639533996582,,,,,8a9e06be-d534-3ad9-bbb4-36d28ccbd993,Unknown
Giga,Trường THCS Lê Hồng Phong,Trường THCS Lê Hồng Phong,108.4769515991211,15.562575340270996,,,,,2182e06b-8971-3a7c-af83-736859a93fc9,Unknown
Giga,Trường THCS Lê Hồng Phong,Trường THCS Lê Hồng Phong,109.14032745361328,11.917129516601562,,,,,f7c3c94a-6b93-3a14-af99-481103baf80d,Unknown
Giga,Trường THCS Lê Hồng Phong,Trường THCS Lê Hồng Phong,108.21528625488281,16.081403732299805,,,,,fef5772e-14c9-3eba-9e65-60cb45ccc757,Unknown
Giga,Trường THCS Lê Hồng Phong,Trường THCS Lê Hồng Phong,105.0054702758789,10.622232437133789,,,,,a0276be0-203a-3987-9caa-e02857853a97,Unknown
Giga,Trường THCS Lê Lợi,Trường THCS Lê Lợi,109.22975158691406,13.770995140075684,,,,,f5d6e976-f326-35d3-9e4c-25d64e1413ca,Unknown
Giga,Trường THCS Lê Lợi,Trường THCS Lê Lợi,106.05563354492188,20.648563385009766,,,,,c9456962-8c53-3818-944c-34272d88fba6,Unknown
Giga,Trường THCS Lê Lợi,Trường THCS Lê Lợi,108.24369812011719,16.039472579956055,,,,,268662d5-2377-34fe-a012-c67f2b510b38,Unknown
Giga,Trường THCS Lê Lợi,Trường THCS Lê Lợi,106.84889221191406,10.954773902893066,,,,,e24350d7-2a1e-3a88-bf07-50d4b7e96999,Unknown
Giga,Trường THCS Lê Lợi,Trường THCS Lê Lợi,105.7811279296875,20.96636199951172,,,,,2c3c4bb7-47ad-38f3-9b71-f5ec2b72a295,Unknown
Giga,Trường THCS Lê Minh Xuân,Trường THCS Lê Minh Xuân,106.56069946289062,10.765656471252441,,,,,bd03cd87-a6a5-3f01-8652-c1439558996b,Unknown
Giga,Trường THCS Lê Ngọc Giá,Trường THCS Lê Ngọc Giá,108.30531311035156,15.92900562286377,,,,,bebdeceb-df83-3a0f-9762-af71c1ebd02c,Unknown
Giga,Trường THCS Lệ Ninh,Trường THCS Lệ Ninh,106.68944549560547,17.228862762451172,,,,,74193e47-ddc1-3cf4-9fb5-b077e70f2bc1,Unknown
Giga,Trường THCS Lê Quang Định,Trường THCS Lê Quang Định,106.8642807006836,10.958599090576172,,,,,66bac2f1-deba-321b-b587-d384c0fcf398,Unknown
Giga,Trường THCS Lê Quý Đôn,Trường THCS Lê Quý Đôn,107.24842834472656,10.933066368103027,,,,,56ada482-05d0-3089-8917-7981957560c5,Unknown
Giga,Trường THCS Lê Quý Đôn,Trường THCS Lê Quý Đôn,106.5988998413086,11.150647163391113,,,,,0a145f52-2f7b-31b8-b3d7-e4c6fd9ef893,Unknown
Giga,Trường THCS Lê Quý Đôn,Trường THCS Lê Quý Đôn,106.44317626953125,20.393739700317383,,,,,7c3f5ff6-8d9b-3e04-9515-778df31e41f4,Unknown
Giga,Trường THCS Lê Quý Đôn,Trường THCS Lê Quý Đôn,105.97096252441406,10.252579689025879,,,,,9d54cc9b-f1dc-3ea1-933a-a006ddb923c4,Unknown
Giga,Trường THCS Lê Quý Đôn,Trường THCS Lê Quý Đôn,105.08567810058594,10.004643440246582,,,,,38b21239-c200-3abd-bd9a-ad7c941f7545,Unknown
Giga,Trường THCS Lê Quý Đôn,Trường THCS Lê Quý Đôn,103.96394348144531,22.503206253051758,,,,,07065340-781e-3433-880e-255f5fe6b78f,Unknown
Giga,Trường THCS Lê Quý Đôn,Trường THCS Lê Quý Đôn,105.45865631103516,9.773935317993164,,,,,297395cf-f9dc-354d-8216-e1c0cc154f75,Unknown
Giga,Trường THCS Lê Quý Đôn,Trường THCS Lê Quý Đôn,106.0592041015625,20.73747444152832,,,,,272dcdcd-a585-3674-a501-dca93f55456a,Unknown
Giga,Trường THCS Lê Quý Đôn,Trường THCS Lê Quý Đôn,106.76516723632812,10.851394653320312,,,,,fa27949a-e65e-3af4-a24c-0e462ed5c2a2,Unknown
Giga,Trường THCS Lê Quý Đôn,Trường THCS Lê Quý Đôn,105.7525405883789,20.976558685302734,,,,,898bf77b-e4fd-37e9-9d99-45924b749a21,Unknown
Giga,Trường THCS Lê Quý Đôn,Trường THCS Lê Quý Đôn,105.34600067138672,20.819658279418945,,,,,8b01da3a-a77e-304c-b2db-326f11946887,Unknown
Giga,Trường THCS Lê Quý Đôn,Trường THCS Lê Quý Đôn,107.0340805053711,11.098834991455078,,,,,bb1b97d7-901b-3654-88b3-3d63acec1563,Unknown
Giga,Trường THCS Lê Tấn Bê,Trường THCS Lê Tấn Bê,106.61432647705078,10.72733211517334,,,,,a235e276-6dc1-300b-a8c8-5da6efe44c92,Unknown
Giga,Trường THCS Lê Thành Công,Trường THCS Lê Thành Công,106.69715118408203,10.711822509765625,,,,,c13ec8d9-8d6d-3183-925b-1858b022a2a4,Unknown
Giga,Trường THCS Lê Thanh liêm,Trường THCS Lê Thanh liêm,109.19119262695312,12.204160690307617,,,,,e4c4aa4d-4a25-36a8-a14c-424737e8ee12,Unknown
Giga,Trường THCS Lê Thánh Tôn,Trường THCS Lê Thánh Tôn,108.21717071533203,16.08525276184082,,,,,d4c8f60c-b0a0-300c-bd3a-be1e86fd5f82,Unknown
Giga,Trường THCS Lê Thánh Tông,Trường THCS Lê Thánh Tông,109.21337127685547,13.330840110778809,,,,,7b1f689a-8a9a-3439-9aaf-399313c084b4,Unknown
Giga,Trường THCS Lê Thị Cẩm Lệ,Trường THCS Lê Thị Cẩm Lệ,105.7267837524414,9.30080509185791,,,,,ce77faea-bff2-3b43-930b-be6a02e23f60,Unknown
Giga,Trường THCS Lê Thị Hồng Gấm,Trường THCS Lê Thị Hồng Gấm,108.19144439697266,16.071563720703125,,,,,68765694-29e6-3f5f-8753-5825b55607a8,Unknown
Giga,Trường THCS Lê Triệu Kiết,Trường THCS Lê Triệu Kiết,105.3786849975586,10.55984115600586,,,,,1292441b-c2ca-369a-9fbf-f702ca16950d,Unknown
Giga,Trường THCS Lê Văn Tám,Trường THCS Lê Văn Tám,108.72708892822266,11.226268768310547,,,,,dd6f5487-baea-3c4d-bc50-69283443d968,Unknown
Giga,Trường THCS Lê Văn Tám,Trường THCS Lê Văn Tám,106.70852661132812,10.80961799621582,,,,,e5884b8c-69c0-3283-8f76-0349f02e7593,Unknown
Giga,Trường THCS Lê Văn Tám,Trường THCS Lê Văn Tám,108.7279281616211,11.227532386779785,,,,,d01e3088-3755-39e1-82cd-d98e19762d05,Unknown
Giga,Trường THCS Lê Văn Thiêm,Trường THCS Lê Văn Thiêm,105.89189147949219,18.33303451538086,,,,,7a849060-3743-338c-aaa7-03669ae915d8,Unknown
Giga,Trường THCS Lê Văn Việt,Trường THCS Lê Văn Việt,106.76521301269531,10.848223686218262,,,,,44dd44e6-fb74-3dc6-a78e-f505452d78f3,Unknown
Giga,Trường THCS Lê Vĩnh Hòa,Trường THCS Lê Vĩnh Hòa,105.97795104980469,9.60974407196045,,,,,b02c46d9-ee27-36aa-a7fd-b7e70476ffea,Unknown
Giga,Trường THCS Liên Bảo,Trường THCS Liên Bảo,105.60541534423828,21.315147399902344,,,,,463b6fdb-6075-3096-8661-58b4e5ac2f80,Unknown
Giga,Trường THCS Liên Bạt,Trường THCS Liên Bạt,105.77017974853516,20.746179580688477,,,,,136a24f0-1bbf-39ee-9df5-2a7c1b112318,Unknown
Giga,Trường THCS Liên Châu,Trường THCS Liên Châu,105.82469940185547,20.816911697387695,,,,,1ce72117-8a6c-3e35-b7ea-a8e785eb7486,Unknown
Giga,Trường THCS Liên Hà,Trường THCS Liên Hà,105.71375274658203,21.1129207611084,,,,,0ef7e9f5-535a-3546-82bc-86cc6d9d9989,Unknown
Giga,Trường THCS Liên Hà,Trường THCS Liên Hà,105.89875793457031,21.141626358032227,,,,,c3c11436-8491-35da-b4dd-0e6c44b547a1,Unknown
Giga,Trường THCS Liên Hiệp,Trường THCS Liên Hiệp,105.639404296875,21.05727767944336,,,,,a1dde8e6-c316-39b4-a281-7883c1cdb709,Unknown
Giga,Trường THCS Liên Mạc,Trường THCS Liên Mạc,105.75959014892578,21.08781623840332,,,,,0f87c95a-0f8a-33b2-bc2a-acfc3eeef7a9,Unknown
Giga,Trường THCS Liên Mạc B,Trường THCS Liên Mạc B,105.66309356689453,21.18048858642578,,,,,93f54de7-c3dd-3b1c-8c08-274e4d6c06a6,Unknown
Giga,Trường THCS Liên Ninh,Trường THCS Liên Ninh,105.85537719726562,20.906126022338867,,,,,9774d242-db24-3b4e-a9ab-252ea5cf4cff,Unknown
Giga,Trường THCS Liên Ninh,Trường THCS Liên Ninh,105.85556030273438,20.90620231628418,,,,,03878216-96d7-372f-9d09-ffeda6d45d39,Unknown
Giga,Trường THCS Liên Phương,Trường THCS Liên Phương,106.07398986816406,20.65630340576172,,,,,40811466-3ad2-3009-b8a2-b8a013c2ea30,Unknown
Giga,Trường THCS Liên Quan,Trường THCS Liên Quan,105.57626342773438,21.05631446838379,,,,,ccf8d64a-a244-3525-a778-b23dea3a90e2,Unknown
Giga,Trường THCS Liên Trung,Trường THCS Liên Trung,105.72215270996094,21.10614013671875,,,,,a7828001-1667-37ed-a688-74f0498c5397,Unknown
Giga,Trường THCS Liêu Tú,Trường THCS Liêu Tú,106.11682891845703,9.488956451416016,,,,,de6eed34-7831-3746-b0c0-2fcda41c58bc,Unknown
Giga,Trường THCS Linh Đàm,Trường THCS Linh Đàm,105.8287353515625,20.958770751953125,,,,,8fb366c6-48b6-3ac2-a59e-f6abcdb4a85a,Unknown
Giga,Trường THCS Lĩnh Nam,Trường THCS Lĩnh Nam,105.89107513427734,20.985769271850586,,,,,d4060a33-988d-3f3d-a4c1-7ec20db4ed2f,Unknown
Giga,Trường THCS Linh Trung,Trường THCS Linh Trung,106.76226043701172,10.8635835647583,,,,,67309778-e711-3bf3-974b-d7d6d24f4272,Unknown
Giga,Trường THCS Lộc Trì,Trường THCS Lộc Trì,107.88935852050781,16.267824172973633,,,,,b3db80d7-4066-30a4-ae2c-dbfbcee67553,Unknown
Giga,Trường THCS Lợi Thuận,Trường THCS Lợi Thuận,106.19486999511719,11.119152069091797,,,,,ff448e40-72ad-3ca6-9a11-c117b6966edb,Unknown
Giga,Trường THCS Long Biên,Trường THCS Long Biên,105.88328552246094,21.02942657470703,,,,,b37c5161-5958-340f-a853-cb8c748cb9a1,Unknown
Giga,Trường THCS Long Bình Điền,Trường THCS Long Bình Điền,106.42898559570312,10.351902961730957,,,,,3530b668-a846-353f-8187-51db30c35105,Unknown
Giga,Trường THCS Long Bình Tân,Trường THCS Long Bình Tân,106.85091400146484,10.891325950622559,,,,,e6add2ec-9ca8-322e-b60a-6cdbc1c53b3a,Unknown
Giga,Trường THCS Long Hựu Đông,Trường THCS Long Hựu Đông,106.66680145263672,10.489957809448242,,,,,d10be3f2-a7ad-3301-bb09-877ee68193da,Unknown
Giga,Trường THCS Long Khánh,Trường THCS Long Khánh,106.39584350585938,9.601679801940918,,,,,dc396691-067a-39d7-8ab3-a5efde0607a2,Unknown
Giga,Trường THCS Long Kiến,Trường THCS Long Kiến,105.45098876953125,10.460737228393555,,,,,b29e9f1d-0540-3768-81d1-7b952f67ac65,Unknown
Giga,Trường THCS Long Tân,Trường THCS Long Tân,107.27191162109375,10.5342378616333,,,,,2507f983-0ff3-3cc1-a3f4-e28cf6e38812,Unknown
Giga,Trường THCS Long Thành Bắc,Trường THCS Long Thành Bắc,106.13956451416016,11.273597717285156,,,,,5a91366e-6333-38ca-979a-656a789a1220,Unknown
Giga,Trường THCS Long Thới,Trường THCS Long Thới,106.16815948486328,10.242874145507812,,,,,9c3e7cbb-b7b1-33cf-acf8-6289d193ec2e,Unknown
Giga,Trường THCS Long Toàn,Trường THCS Long Toàn,107.1913833618164,10.491337776184082,,,,,add832b1-14c9-3b65-af44-88f980325664,Unknown
Giga,Trường THCS Long Trường,Trường THCS Long Trường,106.8111343383789,10.801664352416992,,,,,e8f69ef5-9416-3ac2-ac9f-0e337f369d3a,Unknown
Giga,Trường THCS Long Vĩnh,Trường THCS Long Vĩnh,106.35295867919922,9.60305118560791,,,,,7fd1b845-8696-324e-9cef-86a4bc4c7d43,Unknown
Giga,Trường THCS Lữ Gia,Trường THCS Lữ Gia,106.65422821044922,10.771836280822754,,,,,f2b877a8-2f5c-3596-9270-c9adfe559b65,Unknown
Giga,Trường THCS Lương Bình,Trường THCS Lương Bình,106.4385757446289,10.745976448059082,,,,,fa11b60e-da22-356e-97c6-703123f2e47b,Unknown
Giga,Trường THCS Lương Đình Của,Trường THCS Lương Đình Của,106.68098449707031,10.768996238708496,,,,,3c75ee2d-023e-30e6-8733-7e0fd08742ae,Unknown
Giga,Trường THCS Lương Định Của,Trường THCS Lương Định Của,106.75299835205078,10.777009010314941,,,,,fcd4e9a0-5632-37fc-a136-ecb48e7a157a,Unknown
Giga,Trường THCS Lương Hòa,Trường THCS Lương Hòa,106.44379425048828,10.194133758544922,,,,,1ec9a5e0-42ea-3815-b768-1f7e47a69143,Unknown
Giga,Trường THCS Lương Khánh Thiện,Trường THCS Lương Khánh Thiện,106.62348175048828,20.809768676757812,,,,,381cd4e0-0309-3e2d-93b4-58010bb60f4f,Unknown
Giga,Trường THCS Lương Sơn,Trường THCS Lương Sơn,105.88872528076172,21.512374877929688,,,,,3fa9f3b2-70a7-3b9a-a81e-f55a9ec4c087,Unknown
Giga,Trường THCS Lương Thế Vinh,Trường THCS Lương Thế Vinh,106.67796325683594,10.879626274108887,,,,,6146b020-42c7-3c5e-a3ab-227f8a62aefb,Unknown
Giga,Trường THCS Lương Thế Vinh,Trường THCS Lương Thế Vinh,108.1340103149414,10.938898086547852,,,,,5604762e-0c66-3609-a776-7b9b5d79ce03,Unknown
Giga,Trường THCS Lương Thế Vinh,Trường THCS Lương Thế Vinh,105.6588134765625,21.085838317871094,,,,,aa378796-b55c-3a24-bb51-c6788848deee,Unknown
Giga,Trường THCS Lương Thế Vinh,Trường THCS Lương Thế Vinh,109.22358703613281,13.77099895477295,,,,,4eaa3ab5-9366-3757-9e34-5d4a32c92739,Unknown
Giga,Trường THCS Lương Thế Vinh,Trường THCS Lương Thế Vinh,104.94904327392578,10.603375434875488,,,,,700adfa6-24ed-3f6b-a193-5507a01a51f3,Unknown
Giga,Trường THCS Lương Thế Vinh,Trường THCS Lương Thế Vinh,108.15850830078125,16.081056594848633,,,,,d672acb5-ce8b-35a6-a485-f1b94d8838ec,Unknown
Giga,Trường THCS Lưu Hoàng,Trường THCS Lưu Hoàng,105.8046646118164,20.648208618164062,,,,,8c5bf5cf-0054-3829-946d-edd3fcd82277,Unknown
Giga,Trường THCS Lý Chính Thắng 1,Trường THCS Lý Chính Thắng 1,106.58177947998047,10.892716407775879,,,,,99fc807e-1d28-31a5-b02f-be767197ae88,Unknown
Giga,Trường THCS Lý Nhơn,Trường THCS Lý Nhơn,106.7700424194336,10.472623825073242,,,,,efecbf4f-416c-3c41-b6b9-03147171e1b0,Unknown
Giga,Trường THCS Lý Thánh Tông,Trường THCS Lý Thánh Tông,106.67367553710938,10.747830390930176,,,,,dc9a91b1-465b-3643-88b5-18b6ca26735d,Unknown
Giga,Trường THCS Lý Thường Kiệt,Trường THCS Lý Thường Kiệt,106.65401458740234,10.7764892578125,,,,,ffa8fc6d-4efd-3da8-8be1-564215230c6e,Unknown
Giga,Trường THCS Lý Thường Kiệt,Trường THCS Lý Thường Kiệt,106.61466979980469,10.77237606048584,,,,,7c0b6ba2-3107-37f2-8132-194da5aea4ab,Unknown
Giga,Trường THCS Lý Thường Kiệt,Trường THCS Lý Thường Kiệt,106.61397552490234,10.772531509399414,,,,,85a8d3e7-4c52-33c0-8217-e6d03feef1a7,Unknown
Giga,Trường THCS Lý Thường Kiệt,Trường THCS Lý Thường Kiệt,108.21097564697266,16.0460262298584,,,,,fc1f6204-1232-3677-b82d-85e90b57d3bb,Unknown
Giga,Trường THCS Lý Thường Kiệt,Trường THCS Lý Thường Kiệt,107.32897186279297,10.904468536376953,,,,,e2cb2361-fbce-35e9-8dac-f0cccd348e6f,Unknown
Giga,Trường THCS Lý Thường Kiệt,Trường THCS Lý Thường Kiệt,109.04021453857422,11.60585880279541,,,,,693cda95-4d6d-36b4-9850-e3de9a2d6f9c,Unknown
Giga,Trường THCS Lý Tự Trọng,Trường THCS Lý Tự Trọng,107.33482360839844,21.013525009155273,,,,,6d507bf6-9476-3e64-a33f-5d4c51810cda,Unknown
Giga,Trường THCS Lý Tự Trọng,Trường THCS Lý Tự Trọng,107.02388000488281,20.982728958129883,,,,,c1a58aaa-3377-3693-a97c-734742fee1a9,Unknown
Giga,Trường THCS Lý Tự Trọng,Trường THCS Lý Tự Trọng,106.89073181152344,10.968897819519043,,,,,d6e070b9-6567-395a-a84b-df2be15d0284,Unknown
Giga,Trường THCS Lý Tự Trọng,Trường THCS Lý Tự Trọng,106.67073822021484,10.845962524414062,,,,,1bfa1ffd-ff7b-385d-879f-047431cdfa0f,Unknown
Giga,Trường THCS Lý Tự Trọng,Trường THCS Lý Tự Trọng,106.68323516845703,10.949872016906738,,,,,e30a5dc5-0b5e-3498-8d4c-4a0cc56244f7,Unknown
Giga,Trường THCS Lý Tự Trọng,Trường THCS Lý Tự Trọng,105.96456146240234,20.252962112426758,,,,,ffde713b-e4e2-385b-9643-fb18159de14b,Unknown
Giga,Trường THCS Lý Tự Trọng,Trường THCS Lý Tự Trọng,104.97372436523438,22.679311752319336,,,,,70014bfe-a624-317d-9c8e-c43705a0fb1e,Unknown
Giga,Trường THCS Lý Tự Trọng,Trường THCS Lý Tự Trọng,106.67100524902344,10.846122741699219,,,,,78a7edeb-94d0-3125-b1ee-bec24eb7e3a0,Unknown
Giga,Trường THCS Lý Tự Trọng,Trường THCS Lý Tự Trọng,104.01067352294922,22.43702507019043,,,,,5681b205-744e-3c78-86b4-0664f04cdc1d,Unknown
Giga,Trường THCS Lý Tự Trọng,Trường THCS Lý Tự Trọng,108.9902572631836,11.564090728759766,,,,,500e219c-9159-3b30-9674-b4bd26bf9a92,Unknown
Giga,Trường THCS Lý Tự Trọng,Trường THCS Lý Tự Trọng,108.48595428466797,15.561867713928223,,,,,266b5ead-4abd-3fd8-9bf2-5f082da9841f,Unknown
Giga,Trường THCS Lý Tự Trọng,Trường THCS Lý Tự Trọng,106.39574432373047,10.531547546386719,,,,,462e46d5-3d0b-384e-b5d1-dc6ba69ba63c,Unknown
Giga,Trường THCS Mạc Đĩnh Chi,Trường THCS Mạc Đĩnh Chi,106.13006591796875,11.29951286315918,,,,,f71fb7d9-a18b-305c-a389-6ac4131c9ffb,Unknown
Giga,Trường THCS Mạc Đĩnh Chi,Trường THCS Mạc Đĩnh Chi,107.22921752929688,10.467592239379883,,,,,453148f0-45d2-36b2-ac73-92d1d0a964c7,Unknown
Giga,Trường THCS Mạc Đỉnh Chi,Trường THCS Mạc Đỉnh Chi,109.23699951171875,13.488941192626953,,,,,2353cbaf-6bb7-325f-b54b-d46908695bce,Unknown
Giga,Trường THCS Mạch Kiếm Hùng,Trường THCS Mạch Kiếm Hùng,106.6609115600586,10.75328540802002,,,,,88875fae-499c-310b-bdb3-dfd580638e01,Unknown
Giga,Trường THCS Mai Dịch,Trường THCS Mai Dịch,105.77294158935547,21.03697967529297,,,,,705e51ee-bd35-3188-bf6b-4a6db6d8042a,Unknown
Giga,Trường THCS Mai Đình,Trường THCS Mai Đình,105.9517593383789,21.238811492919922,,,,,79486c7f-7472-3f3e-b7d7-3c043ecd597f,Unknown
Giga,Trường THCS Mai Đình,Trường THCS Mai Đình,105.83262634277344,21.22439956665039,,,,,09b2d4b0-1a86-3863-b9de-272b1e234aff,Unknown
Giga,Trường THCS Mai Động,Trường THCS Mai Động,105.86526489257812,20.991796493530273,,,,,bf8d63e8-c823-3b7e-9be6-71ac95772057,Unknown
Giga,Trường THCS Mậu Lương,Trường THCS Mậu Lương,105.79094696044922,20.944921493530273,,,,,b12f5e1e-0599-3dd9-a275-218aaef4ba01,Unknown
Giga,Trường THCS Mẹ Thứ,Trường THCS Mẹ Thứ,107.64595794677734,15.923123359680176,,,,,cac477ba-8989-31c5-9611-cbca6921f0ad,Unknown
Giga,Trường THCS Minh Hà (Canh Nậu),Trường THCS Minh Hà (Canh Nậu),105.61119079589844,21.049407958984375,,,,,4f0ab645-30b1-3f91-8a14-3f672896b5b1,Unknown
Giga,Trường THCS Minh Khai,Trường THCS Minh Khai,106.0500717163086,20.652000427246094,,,,,92ba83b6-01a4-3429-ae7d-ad0704e4ec14,Unknown
Giga,Trường THCS Minh Khai,Trường THCS Minh Khai,104.98906707763672,22.822946548461914,,,,,f3f27421-5321-3263-894b-de12abcb7ddb,Unknown
Giga,Trường THCS Minh Khai,Trường THCS Minh Khai,107.16216278076172,20.965478897094727,,,,,7d02d638-dbff-39af-8c3a-f23585b4eb49,Unknown
Giga,Trường THCS Minh Khai,Trường THCS Minh Khai,105.74607849121094,21.054201126098633,,,,,3d5478e5-3c3e-33d1-ad2c-aff017b98b37,Unknown
Giga,Trường THCS Minh Khai,Trường THCS Minh Khai,105.86005401611328,21.006572723388672,,,,,f33895b9-85e3-3a34-9b86-87c266f50380,Unknown
Giga,Trường THCS Minh Phú,Trường THCS Minh Phú,105.77543640136719,21.26770782470703,,,,,aa2784b7-fc87-3a02-ad7e-b91585003d43,Unknown
Giga,Trường THCS Minh Thành,Trường THCS Minh Thành,106.85189819335938,21.003023147583008,,,,,12de9359-7eeb-346f-8cbc-5ddd8df4e77e,Unknown
Giga,Trường THCS Minh Trí,Trường THCS Minh Trí,105.74981689453125,21.27008056640625,,,,,35a7ea99-eeb1-3c87-8a58-feef91870ae2,Unknown
Giga,Trường THCS Mỗ Lao,Trường THCS Mỗ Lao,105.78303527832031,20.985074996948242,,,,,3ad0c61f-7fa4-3e05-99df-b76a4f76d64c,Unknown
Giga,Trường THCS Mong Thọ B,Trường THCS Mong Thọ B,105.15018463134766,9.979043006896973,,,,,765d6d43-e4a5-3178-a541-41d4dcc8a844,Unknown
Giga,Trường THCS Mỹ Đình 1,Trường THCS Mỹ Đình 1,105.7767105102539,21.017072677612305,,,,,ead532d0-0b38-341e-9349-a6448fc90f8f,Unknown
Giga,Trường THCS Mỹ Đình 2,Trường THCS Mỹ Đình 2,105.77406311035156,21.025558471679688,,,,,65341aea-77b0-38f3-970a-a5fd4e5359d0,Unknown
Giga,Trường THCS Mỹ Đức,Trường THCS Mỹ Đức,104.4653549194336,10.409088134765625,,,,,2743ff03-3841-35a5-bf00-759e6a2803aa,Unknown
Giga,Trường THCS Mỹ Đức,Trường THCS Mỹ Đức,105.18058013916016,10.664548873901367,,,,,8022d49f-ba8b-3353-b6e8-c9f363ff1e63,Unknown
Giga,Trường THCS Mỹ Hưng,Trường THCS Mỹ Hưng,105.04203796386719,10.089360237121582,,,,,76c68bcb-4347-3b93-8ad3-16f84e065b7e,Unknown
Giga,Trường THCS Mỹ Hưng,Trường THCS Mỹ Hưng,106.50254821777344,9.984200477600098,,,,,fef7c122-83ac-354d-bdb6-8e073cbf5fa1,Unknown
Giga,Trường THCS Mỹ Lâm,Trường THCS Mỹ Lâm,105.06336975097656,10.059239387512207,,,,,f5b4bd64-a8b1-3bc5-b884-bef2824bd009,Unknown
Giga,Trường THCS Mỹ Lương,Trường THCS Mỹ Lương,105.66949462890625,20.861328125,,,,,119018ea-549a-3280-9285-d212a90763d1,Unknown
Giga,Trường THCS Mỹ Nhơn,Trường THCS Mỹ Nhơn,106.58712768554688,10.080543518066406,,,,,5c7036c4-a853-33f5-91cc-ec9970f86a18,Unknown
Giga,Trường THCS Mỹ Phước,Trường THCS Mỹ Phước,106.61149597167969,11.146119117736816,,,,,bb4d1f21-5727-3a35-8709-c3fca8b9a4ca,Unknown
Giga,Trường THCS Mỹ Thạnh,Trường THCS Mỹ Thạnh,106.43094635009766,10.223761558532715,,,,,77f6d362-889c-312c-aa78-d2f10fac57e6,Unknown
Giga,Trường THCS Mỹ Xuyên,Trường THCS Mỹ Xuyên,105.98100280761719,9.563228607177734,,,,,1deba074-35b4-3939-838b-d3297565a894,Unknown
Giga,Trường THCS Nam Ban,Trường THCS Nam Ban,108.33687591552734,11.827214241027832,,,,,327acaf6-6383-3338-a34f-e0d8db6b8b92,Unknown
Giga,Trường THCS Nam Cường,Trường THCS Nam Cường,103.99408721923828,22.449296951293945,,,,,a5997bbd-b6a4-3ac6-96ae-3230f0822a7e,Unknown
Giga,Trường THCS Nam Hà,Trường THCS Nam Hà,105.90276336669922,18.334468841552734,,,,,ff37a0ef-2ca7-322e-8642-e62988295199,Unknown
Giga,Trường THCS Nam Hải,Trường THCS Nam Hải,107.28812408447266,21.011028289794922,,,,,78aa8745-2a31-3896-a11d-c2c7242b5de9,Unknown
Giga,Trường THCS Nam Hải,Trường THCS Nam Hải,106.73600006103516,20.832422256469727,,,,,f9855419-f822-37ad-9cf1-b5003a3daf6a,Unknown
Giga,Trường THCS Nam Hải,Trường THCS Nam Hải,106.74266052246094,20.828189849853516,,,,,7cd301f7-162b-34b8-8365-12b8d7c2ca33,Unknown
Giga,Trường THCS Nam Phong,Trường THCS Nam Phong,105.92524719238281,20.757705688476562,,,,,3c1ec9ca-439d-3a1e-bd16-8baf65f168ff,Unknown
Giga,Trường THCS Nam Phong,Trường THCS Nam Phong,105.92467498779297,20.758054733276367,,,,,78c18ca3-c9c1-3226-ab26-fad2bebd47ef,Unknown
Giga,Trường THCS Nam Phương Tiến A,Trường THCS Nam Phương Tiến A,105.62671661376953,20.883705139160156,,,,,f0775665-2b19-3dea-b49d-0db97b2ee865,Unknown
Giga,Trường THCS Nam Phương Tiến B,Trường THCS Nam Phương Tiến B,105.5955810546875,20.843685150146484,,,,,04804c40-1bd4-327f-af64-4b5c51d43258,Unknown
Giga,Trường THCS Nam Phương Tiến B,Trường THCS Nam Phương Tiến B,105.59555053710938,20.843835830688477,,,,,4dee47be-ba04-36cf-b113-fe57eadfa359,Unknown
Giga,Trường THCS Nam Sơn,Trường THCS Nam Sơn,106.60941314697266,20.874717712402344,,,,,62044c0e-842d-31f0-8324-93f6dd1a0fde,Unknown
Giga,Trường THCS Nam Trung Yên,Trường THCS Nam Trung Yên,105.7882308959961,21.013900756835938,,,,,f1b47042-f1bb-356c-a5ed-de053514be6b,Unknown
Giga,Trường THCS Nam Từ Liêm,Trường THCS Nam Từ Liêm,105.7488784790039,21.032024383544922,,,,,ec47d48a-7f46-36fd-a03f-069c4ee0ff51,Unknown
Giga,Trường THCS New School,Trường THCS New School,105.7677230834961,20.97867202758789,,,,,760cc7cc-12db-3957-8e5c-c27f0aea3b6b,Unknown
Giga,Trường THCS Nghĩa Dân,Trường THCS Nghĩa Dân,106.04851531982422,20.79535484313965,,,,,2565a706-be02-315e-87a3-9beb970977b7,Unknown
Giga,Trường THCS Nghĩa Hưng,Trường THCS Nghĩa Hưng,106.18183898925781,20.208984375,,,,,01581dee-ae9e-3e61-ba2f-d4e821e5d8a4,Unknown
Giga,Trường THCS Nghiêm Xuyên,Trường THCS Nghiêm Xuyên,105.856201171875,20.811168670654297,,,,,b497a86d-785d-3ea9-a4a5-b13693cb54f2,Unknown
Giga,Trường THCS Nghi Sơn,Trường THCS Nghi Sơn,105.82514190673828,19.33485984802246,,,,,841c900d-d2e0-3836-8be1-2004ee56435d,Unknown
Giga,Trường THCS Nghi Tân,Trường THCS Nghi Tân,105.70787048339844,18.81903648376465,,,,,f18894c7-b230-38e0-90e2-95b4e51b9b47,Unknown
Giga,Trường THCS Ngọc Đông,Trường THCS Ngọc Đông,105.93091583251953,9.456114768981934,,,,,60bfc1eb-49ec-3f73-96af-bb510ec3fba3,Unknown
Giga,Trường THCS Ngọc Mỹ,Trường THCS Ngọc Mỹ,105.62982940673828,20.988584518432617,,,,,0b9d9344-1cbc-3d29-9131-ee4febde61e8,Unknown
Giga,Trường THCS Ngọc Thuỵ,Trường THCS Ngọc Thuỵ,105.87256622314453,21.054439544677734,,,,,9009a4dd-b055-30a2-9e45-713b0871427c,Unknown
Giga,Trường THCS Ngô Gia Tự,Trường THCS Ngô Gia Tự,105.4323959350586,10.412555694580078,,,,,28d3d89f-216d-3622-9fd4-3fcae0ecebdb,Unknown
Giga,Trường THCS Ngô Gia Tự,Trường THCS Ngô Gia Tự,105.85005950927734,21.002052307128906,,,,,4a80459e-d967-352f-8f59-cf1b98604990,Unknown
Giga,Trường THCS Ngô Gia Tự,Trường THCS Ngô Gia Tự,106.33313751220703,20.942241668701172,,,,,353855fd-48df-3211-b984-3459a69f0486,Unknown
Giga,Trường THCS Ngô Mây,Trường THCS Ngô Mây,109.22000885009766,13.769597053527832,,,,,60ff1085-0415-3775-8ec7-3a42ecb42899,Unknown
Giga,Trường THCS Ngô Quyền,Trường THCS Ngô Quyền,106.64925384521484,10.794398307800293,,,,,3119462e-6c94-375f-8847-57f3e04c64c4,Unknown
Giga,Trường THCS Ngô Quyền,Trường THCS Ngô Quyền,105.50113677978516,21.14087677001953,,,,,3c1e2b9b-2801-3561-bd9e-50e72f7ab6ce,Unknown
Giga,Trường THCS Ngô Quyền,Trường THCS Ngô Quyền,107.29829406738281,21.006942749023438,,,,,e951cf62-4e72-3f7d-bd1a-87d5e27c2bc9,Unknown
Giga,Trường THCS Ngô Quyền,Trường THCS Ngô Quyền,105.87889099121094,21.079214096069336,,,,,f56069f1-36a4-360a-8439-9aacc6099e43,Unknown
Giga,Trường THCS Ngô Quyền,Trường THCS Ngô Quyền,105.65005493164062,10.071561813354492,,,,,8802c91e-db90-36da-959a-3244df72c236,Unknown
Giga,Trường THCS Ngô Quyền,Trường THCS Ngô Quyền,106.1221694946289,11.256430625915527,,,,,6e6688f7-cf0b-3841-b7cb-f00eed9dcc6d,Unknown
Giga,Trường THCS Ngô Quyền,Trường THCS Ngô Quyền,107.2593994140625,10.94117546081543,,,,,d8faa474-c14d-373b-8f65-e9c853c32508,Unknown
Giga,Trường THCS Ngô Quyền,Trường THCS Ngô Quyền,106.678466796875,20.854780197143555,,,,,56c294dc-5f7f-39ae-a16a-ef0cd109c2b2,Unknown
Giga,Trường THCS Ngô Quyền,Trường THCS Ngô Quyền,107.35150909423828,10.761848449707031,,,,,382f2c34-d2f4-3e77-868c-a554504721e7,Unknown
Giga,Trường THCS Ngô Sĩ Liên,Trường THCS Ngô Sĩ Liên,105.85249328613281,21.019105911254883,,,,,3c0ca851-b8e3-3d85-955f-dfd5d0050bb0,Unknown
Giga,Trường THCS Ngô Sĩ Liên,Trường THCS Ngô Sĩ Liên,106.6646728515625,10.798266410827637,,,,,0a50bfd0-2d57-35e3-a8b8-a4a77b9043df,Unknown
Giga,Trường THCS Ngô Sỹ Liên,Trường THCS Ngô Sỹ Liên,105.7011489868164,20.919240951538086,,,,,7746784e-6c3c-370f-9c3b-2e9f3860fd32,Unknown
Giga,Trường THCS Ngô Tất Tố,Trường THCS Ngô Tất Tố,106.67031860351562,10.796627044677734,,,,,8485ae84-ef26-306c-b21b-7c32912875b7,Unknown
Giga,Trường THCS Ngô Thì Nhậm,Trường THCS Ngô Thì Nhậm,108.15325927734375,16.068437576293945,,,,,d563ae3d-bea2-3f3e-bd5c-1a516bf42be9,Unknown
Giga,Trường THCS Ngô Văn Sở,Trường THCS Ngô Văn Sở,103.97824096679688,22.489774703979492,,,,,038a9185-f06b-3cad-81a5-e305f843cddc,Unknown
Giga,Trường THCS Ngũ Hiệp,Trường THCS Ngũ Hiệp,105.86104583740234,20.927650451660156,,,,,24c9e1b5-311b-3169-81e8-5fbedbd37730,Unknown
Giga,Trường THCS Ngũ Lạc,Trường THCS Ngũ Lạc,106.42794799804688,9.672680854797363,,,,,12ab98b2-3de1-38b5-b676-50e5ec9222ac,Unknown
Giga,Trường THCS Ngũ Phụng,Trường THCS Ngũ Phụng,108.93115234375,10.526405334472656,,,,,701138eb-2038-3db9-b14f-b01a212c1690,Unknown
Giga,Trường THCS Nguyễn Ảnh Thủ,Trường THCS Nguyễn Ảnh Thủ,106.61321258544922,10.830806732177734,,,,,5264f046-2966-3709-b392-90d0eb5483cb,Unknown
Giga,Trường THCS Nguyễn An Ninh,Trường THCS Nguyễn An Ninh,106.61613464355469,10.84847354888916,,,,,8c32c995-9665-3e7c-8f8d-33913726f39e,Unknown
Giga,Trường THCS Nguyễn An Ninh,Trường THCS Nguyễn An Ninh,106.61675262451172,10.849165916442871,,,,,b22df8a7-ec54-32be-ae6c-28ae71492e9b,Unknown
Giga,Trường THCS Nguyễn Bá Phát,Trường THCS Nguyễn Bá Phát,108.09561920166016,16.097219467163086,,,,,935fc195-7e5d-3a84-b3cc-da35e8d45d16,Unknown
Giga,Trường THCS Nguyễn Bỉnh Khiêm,Trường THCS Nguyễn Bỉnh Khiêm,107.68069458007812,12.000155448913574,,,,,afd4e3a9-3af9-3c58-a2ef-af7d84e0cbed,Unknown
Giga,Trường THCS Nguyễn Bỉnh Khiêm,Trường THCS Nguyễn Bỉnh Khiêm,108.23731994628906,15.98405933380127,,,,,b139739b-6731-383c-9e6b-7cd8cfc2800a,Unknown
Giga,Trường THCS Nguyễn Bỉnh Khiêm,Trường THCS Nguyễn Bỉnh Khiêm,108.72174072265625,11.223312377929688,,,,,2341cf21-d2f6-3a8e-a6d9-0933b608a194,Unknown
Giga,Trường THCS Nguyễn Bỉnh Khiêm,Trường THCS Nguyễn Bỉnh Khiêm,106.74250793457031,10.689608573913574,,,,,f2b1757b-3861-367d-98ab-0b9e26de437f,Unknown
Giga,Trường THCS Nguyễn Bỉnh Khiêm,Trường THCS Nguyễn Bỉnh Khiêm,105.90443420410156,21.037315368652344,,,,,ff876ab4-40ce-3689-a526-1e68fc7a3807,Unknown
Giga,Trường THCS Nguyễn Bỉnh Khiêm,Trường THCS Nguyễn Bỉnh Khiêm,108.165283203125,16.057844161987305,,,,,2b6a88a3-32df-337e-8969-864c6620cc15,Unknown
Giga,Trường THCS Nguyễn Bỉnh Khiêm,Trường THCS Nguyễn Bỉnh Khiêm,106.3916015625,11.28704833984375,,,,,21cc2dd2-6c5c-30d4-8b9c-ae5d7760a026,Unknown
Giga,Trường THCS Nguyễn Bỉnh Khiêm - Rubik,Trường THCS Nguyễn Bỉnh Khiêm - Rubik,105.78730773925781,21.037912368774414,,,,,68eb7ef8-7b1b-3f26-817d-fca20e5edf32,Unknown
Giga,Trường THCS Nguyễn Chích,Trường THCS Nguyễn Chích,105.73104095458984,19.818614959716797,,,,,f84973ed-9f19-3e04-aaf6-b6d8de6356af,Unknown
Giga,Trường THCS Nguyễn Chí Thanh,Trường THCS Nguyễn Chí Thanh,105.11544799804688,9.948267936706543,,,,,cd78a46b-5126-372b-8cba-04165782b33f,Unknown
Giga,Trường THCS Nguyễn Chí Thanh,Trường THCS Nguyễn Chí Thanh,108.2441177368164,16.087493896484375,,,,,a2ab568f-7589-31ad-8ecd-bc83f7496403,Unknown
Giga,Trường THCS Nguyễn Chí Thanh,Trường THCS Nguyễn Chí Thanh,108.2442855834961,16.08756446838379,,,,,7ec957fb-d2c3-3989-a992-c9237d42d7a8,Unknown
Giga,Trường THCS Nguyễn Chơn,Trường THCS Nguyễn Chơn,108.170654296875,16.07240104675293,,,,,7732e644-d4c3-386c-851d-20978f4e8239,Unknown
Giga,Trường THCS Nguyễn Công Trứ,Trường THCS Nguyễn Công Trứ,108.182861328125,16.04124641418457,,,,,a22670c6-da98-3a62-b58c-79fe5d7e693f,Unknown
Giga,Trường THCS Nguyễn Đáng,Trường THCS Nguyễn Đáng,106.5087661743164,9.685877799987793,,,,,59dcf1c6-9e62-33cc-9c82-aaf7b2578c1e,Unknown
Giga,Trường THCS Nguyễn Đăng Sơn,Trường THCS Nguyễn Đăng Sơn,105.40325164794922,10.549690246582031,,,,,a7923410-d30b-340a-870e-f5f076298649,Unknown
Giga,Trường THCS Nguyễn Đình Chiểu,Trường THCS Nguyễn Đình Chiểu,106.68742370605469,20.850528717041016,,,,,cde2ff15-c470-3105-88da-d3d3a91cb5a0,Unknown
Giga,Trường THCS Nguyễn Đình Chiểu,Trường THCS Nguyễn Đình Chiểu,106.64891815185547,10.589860916137695,,,,,b553f561-9258-3491-b3b6-25814ec9515a,Unknown
Giga,Trường THCS Nguyễn Đình Chiểu,Trường THCS Nguyễn Đình Chiểu,108.18623352050781,16.041175842285156,,,,,53bca901-ac0d-3c98-a155-1519706f5951,Unknown
Giga,Trường THCS Nguyễn Du,Trường THCS Nguyễn Du,105.78092956542969,19.729177474975586,,,,,4fc71108-1882-3949-9c58-99b827b79c10,Unknown
Giga,Trường THCS Nguyễn Du,Trường THCS Nguyễn Du,106.69396209716797,10.772809982299805,,,,,1c4b3c53-fec3-3f99-b5e9-c2f8de3789c9,Unknown
Giga,Trường THCS Nguyễn Du,Trường THCS Nguyễn Du,108.47085571289062,15.579761505126953,,,,,7dc2eef9-5a8b-3180-a377-4db69287164c,Unknown
Giga,Trường THCS Nguyễn Du,Trường THCS Nguyễn Du,106.02084350585938,21.137861251831055,,,,,473ed3da-fa68-35cd-b710-f4a26abf43c9,Unknown
Giga,Trường THCS Nguyễn Du,Trường THCS Nguyễn Du,105.08296966552734,10.002761840820312,,,,,82053751-bc8e-3a8e-b5af-f3aaab08502c,Unknown
Giga,Trường THCS Nguyễn Du,Trường THCS Nguyễn Du,106.96656036376953,11.104081153869629,,,,,4e3dbad3-6648-3044-8a5c-1440ff749cfb,Unknown
Giga,Trường THCS Nguyễn Du,Trường THCS Nguyễn Du,105.43204498291016,10.906353950500488,,,,,5861260d-c5aa-3b2d-8d88-1d4b2a590b16,Unknown
Giga,Trường THCS Nguyễn Du,Trường THCS Nguyễn Du,108.26464080810547,15.870290756225586,,,,,12915e2a-4cd1-3e35-9073-725f7de9d979,Unknown
Giga,Trường THCS Nguyễn Du,Trường THCS Nguyễn Du,107.2062759399414,10.593515396118164,,,,,097a1f96-428e-3392-9c93-7a7d6db9a157,Unknown
Giga,Trường THCS Nguyễn Du,Trường THCS Nguyễn Du,106.66238403320312,10.844294548034668,,,,,90f33f54-9d1f-3a25-8c18-20e096ee6547,Unknown
Giga,Trường THCS Nguyễn Du,Trường THCS Nguyễn Du,105.83909606933594,21.476154327392578,,,,,e3eb0749-a517-3016-8b45-add34b89491c,Unknown
Giga,Trường THCS Nguyễn Du,Trường THCS Nguyễn Du,108.21516418457031,15.335556030273438,,,,,eecb7b6b-a2d5-37f0-96ee-afb6dc7742df,Unknown
Giga,Trường THCS Nguyễn Đức Ứng,Trường THCS Nguyễn Đức Ứng,106.95291137695312,10.787291526794434,,,,,50d78951-ce32-37ac-b796-b1359521fc63,Unknown
Giga,Trường THCS Nguyễn Duy Hiệu,Trường THCS Nguyễn Duy Hiệu,108.20618438720703,16.06702995300293,,,,,3ecb41ed-cd46-3369-875d-a1af339df095,Unknown
Giga,Trường THCS Nguyễn Duy Thì,Trường THCS Nguyễn Duy Thì,105.62906646728516,21.24819564819336,,,,,6a43bdee-c11d-39d1-b7ad-53ba336f8ac9,Unknown
Giga,Trường THCS Nguyễn Gia Thiều,Trường THCS Nguyễn Gia Thiều,107.14977264404297,10.410937309265137,,,,,a465ab64-ec59-3838-8fc8-c5ea76d0cbbb,Unknown
Giga,Trường THCS Nguyễn Hiền,Trường THCS Nguyễn Hiền,106.63883972167969,10.867634773254395,,,,,22cec5ab-2c47-336e-9006-8cf3fb776044,Unknown
Giga,Trường THCS Nguyễn Hiền,Trường THCS Nguyễn Hiền,106.72562408447266,10.73975944519043,,,,,7c76e213-69d5-3405-a6aa-bad6d17c6429,Unknown
Giga,Trường THCS Nguyễn Hiền,Trường THCS Nguyễn Hiền,106.10570526123047,11.314263343811035,,,,,0e3c117d-b9f2-3964-b9ec-accb6f076024,Unknown
Giga,Trường THCS Nguyễn Hoa,Trường THCS Nguyễn Hoa,109.16964721679688,13.256180763244629,,,,,c7c7bcb1-0154-3f23-adb4-2cb66e06e219,Unknown
Giga,Trường THCS Nguyễn Hồng Ánh,Trường THCS Nguyễn Hồng Ánh,108.1970443725586,15.987203598022461,,,,,c3dbf39f-3270-3fb2-a1a3-0734f20e163c,Unknown
Giga,Trường THCS Nguyễn Hồng Lễ,Trường THCS Nguyễn Hồng Lễ,105.8683090209961,19.747940063476562,,,,,d32817dc-c1b2-34ee-8597-f61aed0b53ef,Unknown
Giga,Trường THCS Nguyễn Huệ,Trường THCS Nguyễn Huệ,106.64574432373047,10.772576332092285,,,,,4db26440-0c89-3288-a167-be2974026c25,Unknown
Giga,Trường THCS Nguyễn Huệ,Trường THCS Nguyễn Huệ,107.21730041503906,10.422078132629395,,,,,8c3c7677-aec9-30f6-a0a2-207257d7a73a,Unknown
Giga,Trường THCS Nguyễn Huệ,Trường THCS Nguyễn Huệ,106.62970733642578,10.793755531311035,,,,,dde337b7-c85d-36ac-90ed-5ce0b408fb4b,Unknown
Giga,Trường THCS Nguyễn Hữu Thọ,Trường THCS Nguyễn Hữu Thọ,108.97116088867188,13.05013656616211,,,,,6c8602dc-8ce4-3205-9da6-00e53c2a9574,Unknown
Giga,Trường THCS Nguyễn Hữu Thọ,Trường THCS Nguyễn Hữu Thọ,106.71501159667969,10.748106002807617,,,,,33f1c7b1-a2c1-3d1b-9a42-1329c2854a6b,Unknown
Giga,Trường THCS Nguyễn Huy Tưởng,Trường THCS Nguyễn Huy Tưởng,105.8477783203125,21.139556884765625,,,,,716bb54f-cce1-368d-8f11-ae2516301d3b,Unknown
Giga,Trường THCS Nguyên Khê,Trường THCS Nguyên Khê,105.84104919433594,21.17654800415039,,,,,7015990b-935c-3ab7-97a2-9e3db1493dc8,Unknown
Giga,Trường THCS Nguyễn Khuyến,Trường THCS Nguyễn Khuyến,105.78892517089844,9.81754207611084,,,,,a759d78b-a5d8-3f75-aa73-ee1ef5fb1990,Unknown
Giga,Trường THCS Nguyễn Khuyến,Trường THCS Nguyễn Khuyến,108.08064270019531,13.681633949279785,,,,,20917a63-bcbc-39ea-a595-43c8df188b51,Unknown
Giga,Trường THCS Nguyễn Khuyến,Trường THCS Nguyễn Khuyến,105.92981719970703,10.266947746276855,,,,,864d7a57-846b-3d58-b729-5323a50659f7,Unknown
Giga,Trường THCS Nguyễn Lương Bằng,Trường THCS Nguyễn Lương Bằng,106.25006103515625,20.782970428466797,,,,,e83cbff0-3769-3707-9e14-9ec2e3c682dd,Unknown
Giga,Truờng THCS Nguyễn Minh Nhựt,Truờng THCS Nguyễn Minh Nhựt,105.71424865722656,9.343426704406738,,,,,85972d16-1110-3a54-96ac-15f677ba3b62,Unknown
Giga,Trường THCS Nguyễn Phong Sắc,Trường THCS Nguyễn Phong Sắc,105.84818267822266,20.997455596923828,,,,,d4366877-1634-304f-9af7-d31d280d9633,Unknown
Giga,Trường THCS Nguyễn Quang Cường,Trường THCS Nguyễn Quang Cường,107.19210815429688,10.509062767028809,,,,,b833f7e9-4748-3b12-9cf4-77d1ccc7c945,Unknown
Giga,Trường THCS Nguyễn Quang Sáng,Trường THCS Nguyễn Quang Sáng,105.4908447265625,10.502277374267578,,,,,4aef1b7c-1315-3b05-9480-578e7e3f7610,Unknown
Giga,Trường THCS Nguyễn Quốc Ân,Trường THCS Nguyễn Quốc Ân,106.05552673339844,20.643695831298828,,,,,6b9b0369-5e64-33fa-a231-8fc1631792c5,Unknown
Giga,Trường THCS Nguyễn Quốc Phú,Trường THCS Nguyễn Quốc Phú,106.71521759033203,11.009039878845215,,,,,30b7af92-55bc-34e5-ba04-a71a671d91d5,Unknown
Giga,Trường THCS Nguyễn Tất Thành,Trường THCS Nguyễn Tất Thành,109.24468231201172,12.997654914855957,,,,,134d7791-496a-3160-a624-ede2744fb798,Unknown
Giga,Trường THCS Nguyễn Tất Thành,Trường THCS Nguyễn Tất Thành,106.05647277832031,20.670379638671875,,,,,d25d443f-ad35-3e57-acbc-647b76aeabfa,Unknown
Giga,Trường THCS Nguyễn Tất Thành,Trường THCS Nguyễn Tất Thành,107.68840789794922,11.994302749633789,,,,,47e33268-2692-32e7-b01b-b5535e15d23d,Unknown
Giga,Trường THCS Nguyễn Tất Thành,Trường THCS Nguyễn Tất Thành,105.77847290039062,18.44786262512207,,,,,3c871f2a-f764-3708-8d77-38c81aa40c2c,Unknown
Giga,Trường THCS Nguyễn Thái Bình,Trường THCS Nguyễn Thái Bình,106.65259552001953,10.723490715026855,,,,,8b3dc46c-e853-35fe-aec0-b39552d9bcbb,Unknown
Giga,Trường THCS Nguyễn Thái Bình,Trường THCS Nguyễn Thái Bình,109.27643585205078,13.207141876220703,,,,,9c468945-e995-352e-9e78-6e1b0b236624,Unknown
Giga,Trường THCS Nguyễn Thái Bình,Trường THCS Nguyễn Thái Bình,106.62776184082031,10.736461639404297,,,,,aedb519e-a9dc-3a1c-83c8-31962d6a1e40,Unknown
Giga,Trường THCS Nguyễn Thái Bình,Trường THCS Nguyễn Thái Bình,108.1173324584961,16.135095596313477,,,,,cea99d26-cf3b-3113-afb0-e630de2113b9,Unknown
Giga,Trường THCS Nguyễn Thái Học,Trường THCS Nguyễn Thái Học,106.13140106201172,11.323005676269531,,,,,cb6bb0e5-086b-36a9-9c3e-6d3068ac2411,Unknown
Giga,Trường THCS Nguyễn Thành Nam,Trường THCS Nguyễn Thành Nam,106.51554107666016,10.559000968933105,,,,,eb29cbe3-32bb-3278-b19e-bfd94d37c1dd,Unknown
Giga,Trường THCS Nguyễn Thanh Sơn,Trường THCS Nguyễn Thanh Sơn,105.5501480102539,10.453948974609375,,,,,f5cc6c29-806e-379b-ae72-62063dd41e26,Unknown
Giga,Trường THCS Nguyễn Thị Bảy,Trường THCS Nguyễn Thị Bảy,106.67090606689453,10.605934143066406,,,,,bf4c7fc9-7ce0-36a2-af84-95308362d706,Unknown
Giga,Trường THCS Nguyễn Thị Bảy,Trường THCS Nguyễn Thị Bảy,106.66574096679688,10.597755432128906,,,,,733bb503-ac10-3f9c-a02e-b090468b73c0,Unknown
Giga,Trường THCS Nguyễn Thị Định,Trường THCS Nguyễn Thị Định,108.17724609375,16.056100845336914,,,,,56374482-175e-38ae-b763-5113a591f5b3,Unknown
Giga,Trường THCS Nguyễn Thị Định,Trường THCS Nguyễn Thị Định,106.76935577392578,10.771129608154297,,,,,d6104a84-fd69-36a5-9988-42d3bc8c3c5a,Unknown
Giga,Trường THCS Nguyễn Thiện Thuật,Trường THCS Nguyễn Thiện Thuật,108.2113265991211,15.99740982055664,,,,,c608b33b-bc50-3bc3-b1f9-d2992d5f9606,Unknown
Giga,Trường THCS Nguyễn Thị Minh Khai,Trường THCS Nguyễn Thị Minh Khai,106.67120361328125,10.964686393737793,,,,,1d19a2ce-db79-3c83-bc7b-e84ab5202315,Unknown
Giga,Trường THCS Nguyễn Thị Minh Khai,Trường THCS Nguyễn Thị Minh Khai,106.67115783691406,10.959765434265137,,,,,0c6777e4-41c2-343f-bd13-8d9179cbb3b2,Unknown
Giga,Trường THCS Nguyễn Thị Minh Khai,Trường THCS Nguyễn Thị Minh Khai,109.18766021728516,11.96105670928955,,,,,e2e00440-f7e8-32f6-816b-4c75690e40cb,Unknown
Giga,Trường THCS Nguyễn Thị Minh Khai,Trường THCS Nguyễn Thị Minh Khai,108.20894622802734,16.064640045166016,,,,,62b35df4-2d18-3046-aa0d-2097e49ba234,Unknown
Giga,Trường THCS Nguyễn Thị Thập,Trường THCS Nguyễn Thị Thập,106.71257781982422,10.737656593322754,,,,,f044f45c-85a6-3855-9cbb-db1285e8a622,Unknown
Giga,Trường THCS Nguyễn Trãi,Trường THCS Nguyễn Trãi,105.08406066894531,10.019469261169434,,,,,875080e7-506a-34ae-9705-1d0f06d612c3,Unknown
Giga,Trường THCS Nguyễn Trãi,Trường THCS Nguyễn Trãi,108.21229553222656,16.071035385131836,,,,,4d47fef1-25c5-3d75-8392-2b7148e02841,Unknown
Giga,Trường THCS Nguyễn Trãi,Trường THCS Nguyễn Trãi,106.126953125,11.303919792175293,,,,,17476498-e661-3f9d-a623-dc766642d8f7,Unknown
Giga,Trường THCS Nguyễn Trãi,Trường THCS Nguyễn Trãi,106.33259582519531,21.003755569458008,,,,,42307abc-cda7-31ee-838c-14f0d242995b,Unknown
Giga,Trường THCS Nguyễn Trãi,Trường THCS Nguyễn Trãi,106.60743713378906,10.82152271270752,,,,,353678d3-346f-390a-9a7e-01ea7e6f32aa,Unknown
Giga,Trường THCS Nguyễn Trãi,Trường THCS Nguyễn Trãi,106.43582916259766,21.16461181640625,,,,,6a15e868-85c9-35cc-8ac7-583a31fe050b,Unknown
Giga,Trường THCS Nguyễn Trãi,Trường THCS Nguyễn Trãi,107.18637084960938,11.091277122497559,,,,,6f34de26-72b5-3a4f-958d-6edcb58fd251,Unknown
Giga,Trường THCS Nguyễn Trãi,Trường THCS Nguyễn Trãi,105.63916778564453,10.132518768310547,,,,,afb84656-ce44-3368-a48c-b02703f352ec,Unknown
Giga,Trường THCS Nguyễn Trãi,Trường THCS Nguyễn Trãi,106.66087341308594,10.854519844055176,,,,,d123634f-6f23-35ff-8a37-ee070aa3610f,Unknown
Giga,Trường THCS Nguyễn Trãi,Trường THCS Nguyễn Trãi,107.02677917480469,11.859197616577148,,,,,e8f4d476-3596-3f39-933e-5e5fe0c00dfc,Unknown
Giga,Trường THCS Nguyễn Trãi,Trường THCS Nguyễn Trãi,106.65692138671875,10.855631828308105,,,,,42138ece-7f0e-31a0-aa0a-36f2c4fe26f9,Unknown
Giga,Trường THCS Nguyễn Trãi,Trường THCS Nguyễn Trãi,109.1142578125,12.01656436920166,,,,,cb3fae5f-dff5-3883-847e-a298ac75aff1,Unknown
Giga,Trường THCS Nguyễn Trãi,Trường THCS Nguyễn Trãi,106.99895477294922,20.97283935546875,,,,,4d676ef1-6253-3c2e-8999-89cd3d5e7ffb,Unknown
Giga,Trường THCS Nguyễn Trãi,Trường THCS Nguyễn Trãi,107.39752960205078,11.911362648010254,,,,,ba7c3f28-ec5a-3e9c-a4c1-21afa0306315,Unknown
Giga,Trường THCS Nguyễn Trãi,Trường THCS Nguyễn Trãi,106.76043701171875,21.0352783203125,,,,,2eb8e7e7-cc16-3a7a-852b-4883284ee2aa,Unknown
Giga,Trường THCS Nguyễn Trãi A,Trường THCS Nguyễn Trãi A,105.86072540283203,20.86652946472168,,,,,589c6df8-cb68-35c7-87a8-7f437b3d6f12,Unknown
Giga,Trường THCS Nguyễn Trãi - Rạch Dừa,Trường THCS Nguyễn Trãi - Rạch Dừa,107.11238861083984,10.389959335327148,,,,,5a1838a7-0396-3c90-a13d-ab9a01019b3f,Unknown
Giga,Trường THCS Nguyễn Tri Phương,Trường THCS Nguyễn Tri Phương,106.12734985351562,11.338411331176758,,,,,484f303c-fbf4-312e-9e48-cffedfe1dd32,Unknown
Giga,Trường THCS Nguyễn Tri Phương,Trường THCS Nguyễn Tri Phương,108.05789947509766,16.122894287109375,,,,,47fa5a38-5691-3aa7-b639-317a2f037a0b,Unknown
Giga,Trường THCS Nguyễn Tri Phương,Trường THCS Nguyễn Tri Phương,107.10675811767578,16.822704315185547,,,,,332a86f0-9889-35c1-b9c1-88b26697354e,Unknown
Giga,Trường THCS Nguyễn Trọng Dân,Trường THCS Nguyễn Trọng Dân,106.70381164550781,10.344649314880371,,,,,e1f7cc45-c592-341a-8782-1355c9b64d67,Unknown
Giga,Trường THCS Nguyễn Trọng Kỷ,Trường THCS Nguyễn Trọng Kỷ,109.14715576171875,11.908365249633789,,,,,9c7b712c-8251-3ac9-a761-4ee5f3a2709e,Unknown
Giga,Trường THCS Nguyễn Trực,Trường THCS Nguyễn Trực,105.76360321044922,20.855796813964844,,,,,11c1d892-920c-3017-a4be-3db54a160b93,Unknown
Giga,Trường THCS Nguyễn Trung Trục,Trường THCS Nguyễn Trung Trục,109.02738952636719,13.062807083129883,,,,,6d6b6806-b20b-3a9a-9388-51f61b7543fe,Unknown
Giga,Trường THCS Nguyễn Trung Trực,Trường THCS Nguyễn Trung Trực,106.65540313720703,10.875706672668457,,,,,cc90bd03-c5dc-3c53-8827-3dc603a73fcb,Unknown
Giga,Trường THCS Nguyễn Trung Trực,Trường THCS Nguyễn Trung Trực,106.69258880615234,10.9395751953125,,,,,b1c2d6bd-7e09-3064-9746-01cb1316ea13,Unknown
Giga,Trường THCS Nguyễn Trung Trực,Trường THCS Nguyễn Trung Trực,106.49081420898438,10.645009994506836,,,,,833bd816-4b7a-38e9-b25f-3a72e2351fee,Unknown
Giga,Trường THCS Nguyễn Trường Tộ,Trường THCS Nguyễn Trường Tộ,107.26483917236328,10.657894134521484,,,,,f450bb51-d0d5-3856-be21-2b7df064395e,Unknown
Giga,Trường THCS Nguyễn Trường Tộ,Trường THCS Nguyễn Trường Tộ,108.77720642089844,11.782878875732422,,,,,8287c30c-a9e4-3333-ada8-023b39612689,Unknown
Giga,Trường THCS Nguyễn Trường Tộ,Trường THCS Nguyễn Trường Tộ,105.12545013427734,9.947065353393555,,,,,9066428c-37bc-3120-842d-9220bdfbe34f,Unknown
Giga,Trường THCS Nguyễn Trường Tộ,Trường THCS Nguyễn Trường Tộ,105.96016693115234,10.251799583435059,,,,,55283047-7c3b-3f52-b257-570555a7c79e,Unknown
Giga,Trường THCS Nguyễn Văn Bá,Trường THCS Nguyễn Văn Bá,106.76335144042969,10.883026123046875,,,,,d80fa87d-403d-3d60-90ff-ad47def25997,Unknown
Giga,Trường THCS Nguyễn Văn Bứa,Trường THCS Nguyễn Văn Bứa,106.53695678710938,10.87086296081543,,,,,caf0c66f-6cf2-3964-95e1-a4522e9fe547,Unknown
Giga,Trường THCS Nguyễn Văn Cừ,Trường THCS Nguyễn Văn Cừ,108.23822784423828,16.054916381835938,,,,,38126b76-5ae5-3450-a873-76bf67f39ec7,Unknown
Giga,Trường THCS Nguyễn Văn Cừ,Trường THCS Nguyễn Văn Cừ,105.9307632446289,21.14385414123535,,,,,aef8de4e-230d-3619-b3fe-1dfa712833f3,Unknown
Giga,Trường THCS Nguyễn Văn Huyên,Trường THCS Nguyễn Văn Huyên,105.70076751708984,21.03700828552246,,,,,fed0b0bb-f393-3efe-ad66-aed73c2d1473,Unknown
Giga,Trường THCS Nguyễn Văn Linh,Trường THCS Nguyễn Văn Linh,106.61515808105469,10.684255599975586,,,,,741b9b05-ff19-36c2-a3c2-e1746d040452,Unknown
Giga,Trường THCS Nguyễn Văn Linh,Trường THCS Nguyễn Văn Linh,108.21189880371094,15.958939552307129,,,,,a5430d9f-ec39-372a-b644-9f287ea2db79,Unknown
Giga,Trường THCS Nguyễn Văn Luông,Trường THCS Nguyễn Văn Luông,106.63665771484375,10.743846893310547,,,,,b43eac10-c973-3586-b396-bb3debe90e87,Unknown
Giga,Trường THCS Nguyễn Văn Nghi,Trường THCS Nguyễn Văn Nghi,106.69144439697266,10.821907997131348,,,,,e9942f19-f5ec-3334-85f7-828cf625b6f9,Unknown
Giga,Trường THCS Nguyễn Văn Thuộc,Trường THCS Nguyễn Văn Thuộc,107.10826873779297,20.96580696105957,,,,,be8272e5-1c2d-303e-824d-b4fc6a40f571,Unknown
Giga,Trường THCS Nguyễn Văn Tiệp,Trường THCS Nguyễn Văn Tiệp,105.46844482421875,10.868008613586426,,,,,7e8f6382-8aef-3fa2-9ec9-ac02ea83f82b,Unknown
Giga,Trường THCS Nguyễn Văn Tiết,Trường THCS Nguyễn Văn Tiết,106.69486999511719,10.908864974975586,,,,,7570290b-f6b5-38bc-97d5-25ee3a370dcc,Unknown
Giga,Trường THCS Nguyễn Văn Tiết,Trường THCS Nguyễn Văn Tiết,106.71012115478516,10.91621208190918,,,,,d89a52c7-b195-3935-b5c2-d36ba61e5a7e,Unknown
Giga,Trường THCS Nguyễn Văn Tố,Trường THCS Nguyễn Văn Tố,106.66080474853516,10.77664566040039,,,,,440f4468-4a28-327c-9952-74fd067a2593,Unknown
Giga,Trường THCS Nguyễn Văn Trỗi,Trường THCS Nguyễn Văn Trỗi,109.19453430175781,11.98692512512207,,,,,95a00965-6214-388c-8bfe-e9c42b793ac3,Unknown
Giga,Trường THCS Nguyễn Văn Trỗi,Trường THCS Nguyễn Văn Trỗi,106.9832992553711,11.833746910095215,,,,,78f22a4a-03f3-3093-bed0-6ceaaafb4919,Unknown
Giga,Trường THCS Nguyễn Văn Trỗi,Trường THCS Nguyễn Văn Trỗi,106.7390365600586,10.956938743591309,,,,,082f81a2-4b64-3fe8-8a4f-960cdf2eeaf8,Unknown
Giga,Trường THCS Nguyễn Văn Trỗi,Trường THCS Nguyễn Văn Trỗi,106.82521057128906,10.915276527404785,,,,,f706ed7b-5a05-36b0-8731-b5bc434f8417,Unknown
Giga,Trường THCS Nguyễn Văn Trỗi - cơ sở 2,Trường THCS Nguyễn Văn Trỗi - cơ sở 2,106.6861343383789,10.819574356079102,,,,,a4eeec35-83d7-3dc2-8ba8-dec94dc8d963,Unknown
Giga,Trường THCS Nguyễn Viết Xuân,Trường THCS Nguyễn Viết Xuân,106.67105865478516,10.986169815063477,,,,,6202ddd0-f90e-302d-9baa-949ad22288a2,Unknown
Giga,Trường THCS Nhân Chính,Trường THCS Nhân Chính,105.8106918334961,21.00594139099121,,,,,72b4c891-85e9-325e-9293-6a4e873a96ea,Unknown
Giga,Trường THCS Nhân Mỹ,Trường THCS Nhân Mỹ,106.131103515625,20.53352928161621,,,,,e0005545-fe32-3149-aa81-45bebe5d01b0,Unknown
Giga,Trường THCS Nha Trang,Trường THCS Nha Trang,105.84500885009766,21.584577560424805,,,,,fc2c6cf4-013a-31fa-9b45-7f1a2e3cf892,Unknown
Giga,Trường THCS Nhật Tân,Trường THCS Nhật Tân,105.81324768066406,21.073171615600586,,,,,8010dc95-5e46-3c6b-a7b5-91e0db843476,Unknown
Giga,Trường THCS Như Hòa,Trường THCS Như Hòa,106.11225128173828,20.102245330810547,,,,,b89f20e8-51dd-3ead-8587-120b84f57374,Unknown
Giga,Trường THCS Như Hòa,Trường THCS Như Hòa,106.11224365234375,20.1023006439209,,,,,33d2e170-f3c1-3bdc-b600-18e1943d40d7,Unknown
Giga,Trường THCS Nhựt Tảo,Trường THCS Nhựt Tảo,106.41558837890625,10.539093971252441,,,,,9ea7d614-5a77-356f-88a7-209a18071b32,Unknown
Giga,Trường THCS Ninh Hiệp,Trường THCS Ninh Hiệp,105.94621276855469,21.078975677490234,,,,,c5818a7f-4410-3336-945b-c6cf5dced079,Unknown
Giga,Trường THCS Ninh Lai,Trường THCS Ninh Lai,105.49384307861328,21.543773651123047,,,,,4875e2d8-8812-36c6-b1b7-e2c5cbfe1874,Unknown
Giga,Trường THCS Ninh Sở,Trường THCS Ninh Sở,105.88688659667969,20.898387908935547,,,,,ced9059a-5437-3617-8e0d-b098bb9a5790,Unknown
Giga,Trường THCS Ninh Xá,Trường THCS Ninh Xá,106.06175994873047,21.176897048950195,,,,,78ede032-9430-380a-b2d2-d4a951a67875,Unknown
Giga,Trường THCS Pascal,Trường THCS Pascal,105.78441619873047,21.167903900146484,,,,,1bdb590d-49d4-3d9f-814c-02b035287072,Unknown
Giga,Trường THCS Phả Lại,Trường THCS Phả Lại,106.33212280273438,21.11834144592285,,,,,084cda5d-54a2-3137-8e21-614db5a31b71,Unknown
Giga,Trường THCS Phạm Đình Quy,Trường THCS Phạm Đình Quy,109.26102447509766,12.99608039855957,,,,,d9f8e9dd-1f37-324c-aedd-09c71e5de5e2,Unknown
Giga,Trường THCS Phạm Hồng Thái,Trường THCS Phạm Hồng Thái,105.6777114868164,21.16973114013672,,,,,fe2fdd48-8be8-3a6f-868c-a78495fa7715,Unknown
Giga,Trường THCS Phạm Hữu Lầu,Trường THCS Phạm Hữu Lầu,106.7308120727539,10.700949668884277,,,,,73357f78-1e79-3dcb-85a5-cdcc2c8422a4,Unknown
Giga,Trường THCS Phạm Huy Quang,Trường THCS Phạm Huy Quang,106.35392761230469,20.559467315673828,,,,,5f079fe2-6cb6-3e28-b7c8-5ad791311f84,Unknown
Giga,Trường THCS Phạm Ngọc Thạch,Trường THCS Phạm Ngọc Thạch,106.64916229248047,10.774048805236816,,,,,bfdd6063-d0ab-34cf-9ad3-b6eedde8eb7f,Unknown
Giga,Trường THCS Phạm Ngọc Thạch,Trường THCS Phạm Ngọc Thạch,108.2303237915039,16.086902618408203,,,,,22019b29-30d5-3659-a8ce-7c648471cc2c,Unknown
Giga,Trường THCS Phan Bội Châu,Trường THCS Phan Bội Châu,106.62887573242188,10.840205192565918,,,,,f7ceab1e-4f36-385c-8549-a41864878e32,Unknown
Giga,Trường THCS Phan Bội Châu,Trường THCS Phan Bội Châu,108.35042572021484,15.903512954711914,,,,,a197af8a-fc8c-3b80-a5f9-842181c8c7ee,Unknown
Giga,Trường THCS Phan Bội Châu,Trường THCS Phan Bội Châu,107.72054290771484,11.962459564208984,,,,,e02791a3-4075-3d9b-97eb-52f2e5cebf3a,Unknown
Giga,Trường THCS Phan Bội Châu,Trường THCS Phan Bội Châu,108.243896484375,16.058870315551758,,,,,da969aff-465e-34e4-a2e6-1b5e3bbd8d48,Unknown
Giga,Trường THCS Phan Bội Châu,Trường THCS Phan Bội Châu,106.63421630859375,10.79160213470459,,,,,74a0a11c-16f4-3971-ad35-5eaad1814ad3,Unknown
Giga,Trường THCS Phan Bội Châu,Trường THCS Phan Bội Châu,105.58751678466797,10.463478088378906,,,,,a0aa7dda-8296-35c3-9099-1f83448eb00a,Unknown
Giga,Trường THCS Phan Chu Trinh,Trường THCS Phan Chu Trinh,108.04631042480469,12.681502342224121,,,,,12bbaf57-8ac6-34ae-a03d-b58739fb770b,Unknown
Giga,Trường THCS Phan Công Hớn,Trường THCS Phan Công Hớn,106.59933471679688,10.8406982421875,,,,,fb290369-bc42-3c6b-8fb9-e630f6db4c6c,Unknown
Giga,Trường THCS Phan Đình Giót,Trường THCS Phan Đình Giót,105.80903625488281,21.002038955688477,,,,,f5d8b17a-a26a-3e3b-8d06-cae5d8e9a68d,Unknown
Giga,Trường THCS Phan Đình Phùng,Trường THCS Phan Đình Phùng,107.58686828613281,10.597325325012207,,,,,f30b1d3a-cf5d-3bf0-9e91-6c5d4aba2349,Unknown
Giga,Trường THCS Phan Ngọc Hiển,Trường THCS Phan Ngọc Hiển,105.19744110107422,8.98708724975586,,,,,746fdff3-d7e4-3957-8732-eabb579b32b8,Unknown
Giga,Trường THCS Phan Ngọc Hiển,Trường THCS Phan Ngọc Hiển,104.99507904052734,8.764372825622559,,,,,140dc29e-3c96-33d6-8fb6-08340384f695,Unknown
Giga,Trường THCS Phan Tây Hồ,Trường THCS Phan Tây Hồ,106.66313934326172,10.847508430480957,,,,,343d8e9a-d5a5-3b97-8557-b716660e9549,Unknown
Giga,Trường THCS Phan Văn Trị,Trường THCS Phan Văn Trị,106.68640899658203,10.829530715942383,,,,,ed1fba79-39d3-3d4b-90e0-3769c50868eb,Unknown
Giga,Trường THCS Phát Diệm B,Trường THCS Phát Diệm B,106.08683013916016,20.091854095458984,,,,,d4ec96d3-0ae3-35b1-959e-7f5b3f0293ab,Unknown
Giga,Trường THCS Phố Cáo,Trường THCS Phố Cáo,105.1766357421875,23.201505661010742,,,,,2e643f0d-8786-385a-9042-a1b3cb5769e8,Unknown
Giga,Trường THCS Phố Diệm,Trường THCS Phố Diệm,105.42658996582031,18.499332427978516,,,,,16507741-ce16-3382-b827-43b33e88a93e,Unknown
Giga,Trường THCS Phong Phú,Trường THCS Phong Phú,106.6530990600586,10.693439483642578,,,,,ae9eef79-780e-3735-af67-cf0d68a551f1,Unknown
Giga,Trường THCS Phong Phú,Trường THCS Phong Phú,106.64688873291016,10.692569732666016,,,,,588784e0-0f58-3e15-9a91-3b4a5b16e1dd,Unknown
Giga,Trường THCS Phong Vân,Trường THCS Phong Vân,105.36071014404297,21.254085540771484,,,,,63b5585c-38bf-3415-9985-7f09a1237fbc,Unknown
Giga,Trường THCS Phong Xuân,Trường THCS Phong Xuân,107.3620834350586,16.506092071533203,,,,,27bc8a93-a75b-3266-9ab1-4460aae3809a,Unknown
Giga,Trường THCS Phú An,Trường THCS Phú An,106.5697250366211,11.076387405395508,,,,,51ed904f-0faa-34af-9c06-95d006a30c6e,Unknown
Giga,Trường THCS Phú Bài,Trường THCS Phú Bài,107.68160247802734,16.407291412353516,,,,,8a1fd915-a51a-36e9-8690-c6c249e760ef,Unknown
Giga,Trường THCS Phú Cát,Trường THCS Phú Cát,105.56571197509766,20.971324920654297,,,,,a9fb8e63-e90f-3fd5-bebb-bfc7ee0770c7,Unknown
Giga,Trường THCS Phúc Diễn,Trường THCS Phúc Diễn,105.75535583496094,21.050241470336914,,,,,429cd736-1703-3358-a20f-704063ef1bea,Unknown
Giga,Trường THCS Phú Châu,Trường THCS Phú Châu,105.42369842529297,21.23284912109375,,,,,a77171cd-e449-3fe4-8e05-9aa8daf07bc4,Unknown
Giga,Trường THCS Phù Cừ,Trường THCS Phù Cừ,106.17605590820312,20.730377197265625,,,,,0ab3f0e8-7021-332d-9a1f-a496de4e3e19,Unknown
Giga,Trường THCS Phú Cường,Trường THCS Phú Cường,105.77994537353516,20.94114875793457,,,,,d590d5fd-d32d-308d-bb2b-560e0ebba43a,Unknown
Giga,Trường THCS Phúc Yên,Trường THCS Phúc Yên,105.70426177978516,21.24561309814453,,,,,72ebe38d-19e3-3589-b2a3-e30fa2793652,Unknown
Giga,Trường THCS Phú Diễn,Trường THCS Phú Diễn,105.7684097290039,21.046123504638672,,,,,087e71b7-76b4-34b0-879f-81278df12138,Unknown
Giga,Trường THCS Phú Định,Trường THCS Phú Định,106.63028717041016,10.73781967163086,,,,,0448e20b-419c-31f0-9946-691df792a093,Unknown
Giga,Trường THCS Phú Hòa,Trường THCS Phú Hòa,106.6803970336914,10.983426094055176,,,,,eb353304-2f9a-329f-a367-8423d700d68a,Unknown
Giga,Trường THCS Phú Hữu,Trường THCS Phú Hữu,106.7985610961914,10.791643142700195,,,,,71652a25-cab4-35e2-8bff-66aa6dee0a08,Unknown
Giga,Trường THCS Phú La,Trường THCS Phú La,105.76817321777344,20.96174430847168,,,,,90ac40f2-af84-344d-9809-54d4051ce76c,Unknown
Giga,Trường THCS Phú Lãm,Trường THCS Phú Lãm,105.751220703125,20.945222854614258,,,,,12756681-849d-3559-ac20-fbde800a5f09,Unknown
Giga,Trường THCS Phù Lãng,Trường THCS Phù Lãng,106.24723052978516,21.143245697021484,,,,,1da3c5ba-9372-3c9e-8a29-44b82bba651f,Unknown
Giga,Trường THCS Phù Linh,Trường THCS Phù Linh,105.85281372070312,21.269914627075195,,,,,0705411f-cc4d-32cf-acdf-f767539a12d8,Unknown
Giga,Trường THCS Phú Lợi,Trường THCS Phú Lợi,106.62816619873047,10.706291198730469,,,,,945992d6-ae74-3bb4-b9d0-ff4b192dc94e,Unknown
Giga,Trường THCS Phú Long,Trường THCS Phú Long,106.70404815673828,10.900507926940918,,,,,d7c48abc-46f9-3c30-9417-0915654c2664,Unknown
Giga,Trường THCS Phù Long,Trường THCS Phù Long,106.92682647705078,20.803190231323242,,,,,0741d173-5dec-3589-8604-d57db8adffbf,Unknown
Giga,Trường THCS Phú Lương,Trường THCS Phú Lương,105.7660903930664,20.938264846801758,,,,,7723b384-eec0-3ca6-be00-c9940ad2cef4,Unknown
Giga,Trường THCS Phú Mỹ,Trường THCS Phú Mỹ,106.68254089355469,11.00712776184082,,,,,a3e9682a-c6cc-345a-bf21-72f3cbd8f7ca,Unknown
Giga,Trường THCS Phú Mỹ,Trường THCS Phú Mỹ,105.36078643798828,10.57919979095459,,,,,bc22a22b-349c-356f-9ad2-b006a9cb4101,Unknown
Giga,Trường THCS Phú Mỹ,Trường THCS Phú Mỹ,106.71202850341797,10.792097091674805,,,,,eec0de35-86ac-330b-bc94-5bcce9b25a6e,Unknown
Giga,Trường THCS Phú Nam An,Trường THCS Phú Nam An,105.74335479736328,20.816680908203125,,,,,69ddf86b-d6a3-3aa9-8a88-9dc004096157,Unknown
Giga,Trường THCS Phụng Châu,Trường THCS Phụng Châu,105.70370483398438,20.947908401489258,,,,,b19391d5-e0ea-37e1-a8a5-c09232a08385,Unknown
Giga,Trường THCS Phùng Chí Kiên,Trường THCS Phùng Chí Kiên,106.17556762695312,20.438119888305664,,,,,5116b7c6-5a73-325a-a3d9-0818509ded9c,Unknown
Giga,Trường THCS Phùng Hưng,Trường THCS Phùng Hưng,105.5010986328125,21.138137817382812,,,,,c7a75d5a-4226-3ef4-8e36-e9888dd17132,Unknown
Giga,Trường THCS Phụng Thượng,Trường THCS Phụng Thượng,105.58281707763672,21.093036651611328,,,,,1a50235a-ffde-3a7a-9fb4-f4a4bf737593,Unknown
Giga,Trường THCS Phụng Thượng,Trường THCS Phụng Thượng,105.58259582519531,21.0930233001709,,,,,36d6b43e-2bfe-37eb-9197-3824ab988e07,Unknown
Giga,Trường THCS Phùng Xá,Trường THCS Phùng Xá,105.76136016845703,20.72029685974121,,,,,876f09db-5bc9-38cf-b274-901c843d129b,Unknown
Giga,Trường THCS Phước An,Trường THCS Phước An,109.11972045898438,13.812911033630371,,,,,ebf8a8a2-3d07-3fae-9fa7-191814e09db4,Unknown
Giga,Trường THCS Phước Hòa,Trường THCS Phước Hòa,106.72879791259766,11.225325584411621,,,,,29fb2270-59da-336d-ba82-15b83c360b55,Unknown
Giga,Trường THCS Phước Lộc,Trường THCS Phước Lộc,109.14624786376953,13.852326393127441,,,,,7ba38118-d9f3-398a-9a42-b4b2e1603a41,Unknown
Giga,Trường Thcs phước mỹ trung,Trường Thcs phước mỹ trung,106.27354431152344,10.187403678894043,,,,,7da879b3-327c-354b-bb55-0f11973b0410,Unknown
Giga,Trường THCS Phước Tân 1,Trường THCS Phước Tân 1,106.90987396240234,10.883055686950684,,,,,68b0a42e-5e89-30ad-893e-d124dc4c0558,Unknown
Giga,Trường THCS Phước Tân 2,Trường THCS Phước Tân 2,106.9480209350586,10.931205749511719,,,,,f9ef9647-6961-34f8-accd-29a1df358432,Unknown
Giga,Trường THCS Phước Thể,Trường THCS Phước Thể,108.73369598388672,11.239678382873535,,,,,bf65303f-fdd0-33d8-b886-71baaae22d87,Unknown
Giga,Trường THCS Phường 1,Trường THCS Phường 1,105.60346221923828,9.567047119140625,,,,,e0cf20b7-fd76-3ca7-bf87-0967c7f6bb87,Unknown
Giga,Trường THCS Phường 2,Trường THCS Phường 2,106.01793670654297,9.329564094543457,,,,,988c35c8-8efb-3fdb-ae75-33e73a68997c,Unknown
Giga,Trường THCS Phường 3,Trường THCS Phường 3,106.6788330078125,10.368782997131348,,,,,582e8481-26a8-3da9-8d7f-0fa6349bfa8e,Unknown
Giga,Trường THCS phường Bình Định,Trường THCS phường Bình Định,109.10687255859375,13.8849515914917,,,,,1871691d-33e5-39da-b90a-8132de2f8f42,Unknown
Giga,Trường THCS Phượng Cách,Trường THCS Phượng Cách,105.6611328125,21.012805938720703,,,,,0d8f82fc-3fdf-3c17-bff2-c70f4ef7790f,Unknown
Giga,Trường THCS Phương Chiểu,Trường THCS Phương Chiểu,106.09395599365234,20.637292861938477,,,,,e0fa3b30-69ff-3442-94cc-b6089b652087,Unknown
Giga,Trường THCS Phương Đình,Trường THCS Phương Đình,105.64778900146484,21.102779388427734,,,,,0e4f037e-1449-35b5-9e82-e2d3192af160,Unknown
Giga,Trường THCS Phương Đình,Trường THCS Phương Đình,105.64797973632812,21.102828979492188,,,,,68024f9e-d755-3e4e-930f-ef055588a9fb,Unknown
Giga,Trường THCS Phương Độ,Trường THCS Phương Độ,104.94175720214844,22.84406089782715,,,,,39cdc001-b4a2-328d-8348-026de75baeb2,Unknown
Giga,Trường THCS Phượng Dực,Trường THCS Phượng Dực,105.84532165527344,20.794485092163086,,,,,92d609c5-ad97-3aaf-8ede-b492ab67aaeb,Unknown
Giga,Trường THCS Phương Liệt,Trường THCS Phương Liệt,105.84209442138672,20.995681762695312,,,,,56f22503-e1c0-37dd-8c66-e1c920471ee8,Unknown
Giga,Trường THCS Phương Trung,Trường THCS Phương Trung,105.77015686035156,20.827219009399414,,,,,3c0e58d4-63f3-356d-906f-c91d394ed382,Unknown
Giga,Trường THCS Phương Tú,Trường THCS Phương Tú,105.79629516601562,20.72752571105957,,,,,d968ec9d-b725-3c71-ae70-86ae918b23c1,Unknown
Giga,Trường THCS Phú Phương,Trường THCS Phú Phương,105.42018127441406,21.251962661743164,,,,,a4b5fc70-1286-3733-bf7e-0ada3783b2fb,Unknown
Giga,Trường THCS Phú Sơn,Trường THCS Phú Sơn,105.37928009033203,21.223167419433594,,,,,a7fde58c-9d4b-3d23-a437-9c0ea1c941ac,Unknown
Giga,Trường THCS Phú Thị,Trường THCS Phú Thị,105.97053527832031,21.020822525024414,,,,,282df5c8-42d4-389a-afb5-0f3103685974,Unknown
Giga,Trường THCS Phú Thịnh,Trường THCS Phú Thịnh,105.49642181396484,21.15035629272461,,,,,d1c8de0b-20df-3584-8254-d4371ac3b098,Unknown
Giga,Trường THCS Phú Xá,Trường THCS Phú Xá,105.85405731201172,21.554237365722656,,,,,dc84be0d-0bfc-35f0-891c-26ff379c7394,Unknown
Giga,Trường THCS Quảng An,Trường THCS Quảng An,105.82402038574219,21.06652069091797,,,,,36311214-7200-3e00-b03a-1fed728a1196,Unknown
Giga,Trường THCS Quảng Châu,Trường THCS Quảng Châu,106.06001281738281,20.63641929626465,,,,,71c683cb-98df-309c-a36b-6ce1367106f6,Unknown
Giga,Trường THCS Quang Hanh,Trường THCS Quang Hanh,107.21701049804688,21.003047943115234,,,,,343ffc53-a633-3950-a976-7334f89470d9,Unknown
Giga,Trường THCS Quảng Khê,Trường THCS Quảng Khê,107.79464721679688,11.911277770996094,,,,,62c82cf3-627d-359a-87c5-747a326a4f9c,Unknown
Giga,Trường THCS Quảng Lạc,Trường THCS Quảng Lạc,106.73748779296875,21.83292579650879,,,,,1c7ebf0d-a331-3ebc-8c8d-d640593aede7,Unknown
Giga,Trường THCS Quảng Lãng,Trường THCS Quảng Lãng,106.06895446777344,20.809051513671875,,,,,c689642d-bff5-390d-bc2a-b7c00d8c412a,Unknown
Giga,Trường THCS Quang Minh,Trường THCS Quang Minh,105.77164459228516,21.202268600463867,,,,,44b1b87d-390f-3fd0-a195-97db3e607c3f,Unknown
Giga,Trường THCS Quảng Ngãi,Trường THCS Quảng Ngãi,107.37979125976562,11.543980598449707,,,,,5c1f59e6-38ca-353b-a04f-2af75134185a,Unknown
Giga,Trường THCS Quảng Phú Cầu,Trường THCS Quảng Phú Cầu,105.77137756347656,20.773483276367188,,,,,314ebf0c-9e6a-3c4b-868f-b2764aa02ccf,Unknown
Giga,Trường THCS Quang Thiện,Trường THCS Quang Thiện,106.10746765136719,20.101423263549805,,,,,d0d5d65d-dbfb-3c8f-8abc-d89828b0bf25,Unknown
Giga,Trường THCS Quang Tiến,Trường THCS Quang Tiến,105.80622863769531,21.238439559936523,,,,,d99c2a99-f679-3521-a735-0cb4375843bc,Unknown
Giga,Trường THCS Quang Trung,Trường THCS Quang Trung,104.90690612792969,21.72280502319336,,,,,e93803ef-d743-39cd-9881-2029f363974a,Unknown
Giga,Trường THCS Quang Trung,Trường THCS Quang Trung,106.70852661132812,20.858551025390625,,,,,8b780b9e-886d-39d2-8ed1-17eaca851b80,Unknown
Giga,Trường THCS Quang Trung,Trường THCS Quang Trung,107.43895721435547,11.274201393127441,,,,,a712e777-c4b6-3bd2-b27b-16784e5403d0,Unknown
Giga,Trường THCS Quang Trung - Phú Xuyên,Trường THCS Quang Trung - Phú Xuyên,105.88370513916016,20.760669708251953,,,,,dac73652-4b04-3a6b-a325-32855de58c10,Unknown
Giga,Trường THCS Quang Vinh,Trường THCS Quang Vinh,107.06954193115234,11.04955005645752,,,,,ae12e450-d89e-3bc0-a092-76ee8e8d56dd,Unknown
Giga,Trường THCS Quất Động,Trường THCS Quất Động,105.87419128417969,20.842876434326172,,,,,50fb5499-1993-3638-8edf-0a6f8668197f,Unknown
Giga,Trường THCS Quốc Oai,Trường THCS Quốc Oai,105.64593505859375,20.99505043029785,,,,,e2ed1ad0-4c32-3af3-b7c4-1df499f473f9,Unknown
Giga,Trường THCS Quy Đức,Trường THCS Quy Đức,106.64508819580078,10.640478134155273,,,,,7f1a4436-0b08-31c9-9a31-bbc7b89e3667,Unknown
Giga,Trường THCS Quyết Thắng,Trường THCS Quyết Thắng,106.82318115234375,10.942326545715332,,,,,73b170ac-91ab-386c-8341-6b5c236de429,Unknown
Giga,Trường THCS Quý Lộc,Trường THCS Quý Lộc,105.56283569335938,20.070720672607422,,,,,a377b733-1527-33b6-9fd8-28f1731e0b14,Unknown
Giga,Trường THCS Sài Sơn,Trường THCS Sài Sơn,105.64381408691406,21.029094696044922,,,,,1981e30e-f4f3-3fe7-8a42-6d707be2bdeb,Unknown
Giga,Trường THCS Sao Đỏ,Trường THCS Sao Đỏ,106.39128112792969,21.105690002441406,,,,,8e170745-ee24-389c-9357-8b305bdc5449,Unknown
Giga,Trường THCS Sào Nam,Trường THCS Sào Nam,108.22144317626953,16.064250946044922,,,,,5c2b2d57-cacc-3767-91af-7fdf98678ab7,Unknown
Giga,Trường THCS số 1 Than Uyên,Trường THCS số 1 Than Uyên,103.88838195800781,21.9588623046875,,,,,92518e8b-9d02-3251-b286-407c5b030227,Unknown
Giga,Trường THCS số 2 Bồng Sơn,Trường THCS số 2 Bồng Sơn,109.0153579711914,14.439435958862305,,,,,b8119998-4ed7-300f-9c9b-d8659d60fc75,Unknown
Giga,Trường THCS Số 2 Thị Trấn Tuy Phước,Trường THCS Số 2 Thị Trấn Tuy Phước,109.1669692993164,13.82569694519043,,,,,02f880bd-2afc-3f4b-a96f-84dc2967e81f,Unknown
Giga,Trường THCS Sóc Sơn,Trường THCS Sóc Sơn,105.01298522949219,10.122475624084473,,,,,da29fe84-78d2-3689-b6da-72984b64f894,Unknown
Giga,Trường THCS Sơn Công,Trường THCS Sơn Công,105.71735382080078,20.75495719909668,,,,,8e456204-819a-3a78-8925-6b7c2684689c,Unknown
Giga,Trường THCS Sơn Đà,Trường THCS Sơn Đà,105.30300903320312,21.18074607849121,,,,,f1ce14d4-0e13-343f-8abd-5d49a8374f12,Unknown
Giga,Trường THCS Sơn Đông,Trường THCS Sơn Đông,105.50902557373047,21.08101463317871,,,,,6677707d-529f-3b59-8229-303bf3ac55f1,Unknown
Giga,Trường THCS Sơn Đồng,Trường THCS Sơn Đồng,105.70341491699219,21.049068450927734,,,,,f8a2d217-73b0-3d69-8f4b-55a631ea2370,Unknown
Giga,Trường THCS Sông Cầu,Trường THCS Sông Cầu,105.85379028320312,21.675554275512695,,,,,470d629e-26ae-337b-b03c-5cb0a864b8e9,Unknown
Giga,Trường THCS Sơn Hà,Trường THCS Sơn Hà,105.8893814086914,20.741037368774414,,,,,b659b8c6-1c7e-31c6-a9a9-c7e5963be27f,Unknown
Giga,Trường THCS Sơn Nam,Trường THCS Sơn Nam,105.47624206542969,21.53989601135254,,,,,389a2691-ec21-330f-9514-09093167cc6b,Unknown
Giga,Trường THCS Sơn Nguyên,Trường THCS Sơn Nguyên,109.02959442138672,13.083929061889648,,,,,a8eeec5e-6944-3f66-aaee-fdf7754fba0a,Unknown
Giga,Trường THCS Sơn Phú,Trường THCS Sơn Phú,106.3795166015625,10.185128211975098,,,,,d55a4946-84e0-3974-a3f1-9f1decea91b7,Unknown
Giga,Trường THCS Sơn Tây,Trường THCS Sơn Tây,105.50403594970703,21.133813858032227,,,,,13f3c09b-215c-3dd0-a3a6-4a506ca2673b,Unknown
Giga,Trường THCS Suối Bạc,Trường THCS Suối Bạc,108.97027587890625,13.075972557067871,,,,,c41efbc7-8341-3675-bbd5-93ec4d76269e,Unknown
Giga,Trường THCS Suối Đá,Trường THCS Suối Đá,106.21005249023438,11.366230964660645,,,,,e436ea83-e42c-3a88-8450-f99b55a2f0c4,Unknown
Giga,Trường THCS Suối Khoáng,Trường THCS Suối Khoáng,107.20132446289062,20.987445831298828,,,,,f33e145a-22cf-3b04-a9ca-66c416ef34e1,Unknown
Giga,Trường THCS Suối Ngô,Trường THCS Suối Ngô,106.33007049560547,11.577720642089844,,,,,06561492-436d-3cfb-918c-7c0143629f2b,Unknown
Giga,Trường THCS Sương Nguyệt Ánh,Trường THCS Sương Nguyệt Ánh,106.6581039428711,10.735821723937988,,,,,b0c7d81f-8353-368f-99c6-74a595c189ae,Unknown
Giga,Trường THCS Tạ An Khương Nam,Trường THCS Tạ An Khương Nam,105.20750427246094,9.025721549987793,,,,,ccd9bbcd-da4f-3756-8895-11edef44d0a3,Unknown
Giga,Trường THCS Tam Bình,Trường THCS Tam Bình,106.73490905761719,10.866156578063965,,,,,a0f767db-0ce8-3ed2-a2cc-95dc2949a5f4,Unknown
Giga,Trường THCS Tam Hiệp,Trường THCS Tam Hiệp,106.85453033447266,10.949275016784668,,,,,d059ec6f-eb32-3450-bd13-3feb782028d2,Unknown
Giga,Trường THCS Tam Hiệp - Phúc Thọ,Trường THCS Tam Hiệp - Phúc Thọ,105.6202163696289,21.076736450195312,,,,,a9148443-f930-36cb-9669-fb03836ad910,Unknown
Giga,Trường THCS Tam Hưng,Trường THCS Tam Hưng,105.78504180908203,20.881078720092773,,,,,eaf65545-9a60-30a2-bf6b-cd50185bbbf1,Unknown
Giga,Trường THCS Tam Sơn,Trường THCS Tam Sơn,105.97344207763672,21.14423179626465,,,,,a2445548-47cb-3b71-98e1-375847a31719,Unknown
Giga,Trường THCS Tam Thuấn,Trường THCS Tam Thuấn,105.62315368652344,21.099693298339844,,,,,49022dd9-89f2-3259-a8ae-cb5057909fb1,Unknown
Giga,Trường THCS Tàm Xá,Trường THCS Tàm Xá,105.8463134765625,21.105426788330078,,,,,3a2a649c-08e5-3c01-b416-ab78912fa1f2,Unknown
Giga,Trường THCS Tân An,Trường THCS Tân An,106.79795837402344,10.945058822631836,,,,,0942d9bb-8986-3d1e-9055-1280e4d2ede1,Unknown
Giga,Trường THCS Tân An,Trường THCS Tân An,106.9155502319336,11.040186882019043,,,,,401d674a-72f7-36e3-94ee-49922ab1f508,Unknown
Giga,Trường THCS Tân Ân,Trường THCS Tân Ân,106.59510803222656,10.494368553161621,,,,,3db7db04-2bf4-3eba-a7e5-2f592d38d507,Unknown
Giga,Trường THCS Tân Bình,Trường THCS Tân Bình,106.88990783691406,11.526863098144531,,,,,23f07064-de70-3091-b099-187c13feebf3,Unknown
Giga,Trường THCS Tân Bình,Trường THCS Tân Bình,106.31417846679688,20.467622756958008,,,,,43c0cbdd-c37c-3296-9f76-a8f9e52e5a96,Unknown
Giga,Trường THCS Tân Bửu,Trường THCS Tân Bửu,106.79185485839844,10.957356452941895,,,,,751f693e-109d-3a9b-b103-9de93ff632dc,Unknown
Giga,Trường THCS Tân Cương,Trường THCS Tân Cương,105.76631927490234,21.539880752563477,,,,,e33ca092-ae15-3d3b-9593-79688b06d673,Unknown
Giga,Trường THCS Tân Dân,Trường THCS Tân Dân,105.74129486083984,21.243209838867188,,,,,dce2643c-dbaf-3860-8458-a1aea86d966c,Unknown
Giga,Trường THCS Tân Dân - Phú Xuyên,Trường THCS Tân Dân - Phú Xuyên,105.87017059326172,20.74239158630371,,,,,0bf2ffc4-37e0-3d33-9f49-ce38c7538769,Unknown
Giga,Trường THCS Tân Đồng,Trường THCS Tân Đồng,106.90940856933594,11.545257568359375,,,,,4cc37a63-5afd-3418-943d-e54b4399d9b1,Unknown
Giga,Trường THCS Tân Đông Hiệp,Trường THCS Tân Đông Hiệp,106.76092529296875,10.926142692565918,,,,,0d827f21-73a0-319b-b40f-51424d428ed1,Unknown
Giga,Trường THCS Tăng Bạt Hổ,Trường THCS Tăng Bạt Hổ,106.7134017944336,10.75524616241455,,,,,928a9f54-8a33-34f7-bd25-6543f3423794,Unknown
Giga,Trường THCS Tân Giang,Trường THCS Tân Giang,106.27349090576172,22.64773178100586,,,,,2a373807-e6f0-3d0c-8201-45d67f7b854a,Unknown
Giga,Trường THCS Tân Hiệp,Trường THCS Tân Hiệp,106.34471893310547,10.449405670166016,,,,,5c3dd4ca-50bd-3b53-8239-26794daa8dc4,Unknown
Giga,Trường THCS Tân Hoà,Trường THCS Tân Hoà,105.67448425292969,20.96953773498535,,,,,25d59f12-c114-3870-9f53-028241cdd2f8,Unknown
Giga,Trường THCS Tân Hội,Trường THCS Tân Hội,105.69898986816406,21.09243392944336,,,,,b3f7a1b7-ea1a-3ebf-ad66-5aeeb58e612e,Unknown
Giga,Trường THCS Tân Hưng,Trường THCS Tân Hưng,106.09626770019531,20.631832122802734,,,,,21d606d8-08ed-3049-b598-ca43082505e5,Unknown
Giga,Trường THCS Tân Hưng,Trường THCS Tân Hưng,105.552001953125,10.185710906982422,,,,,21216835-4f48-3a44-954b-bbf044d602b9,Unknown
Giga,Trường THCS Tân Kiên,Trường THCS Tân Kiên,106.59164428710938,10.709927558898926,,,,,26b50acb-ee01-30b8-bce7-77e4a27c0473,Unknown
Giga,Trường THCS Tân Lân,Trường THCS Tân Lân,106.6166763305664,10.532919883728027,,,,,52e94b43-93e8-3306-96a7-8f6849709287,Unknown
Giga,Trường THCS Tân Lập,Trường THCS Tân Lập,105.71155548095703,21.082555770874023,,,,,e6b6f936-3c2d-346f-b8c2-933621bc28d3,Unknown
Giga,Trường THCS Tân Lợi,Trường THCS Tân Lợi,108.05474853515625,12.690391540527344,,,,,4e2c72b4-ae8e-3e80-88a7-6df385bded34,Unknown
Giga,Trường THCS Tân Lược,Trường THCS Tân Lược,105.71871185302734,10.1397066116333,,,,,aa6fb813-711d-3bf6-a762-4fb022b35121,Unknown
Giga,Trường THCS Tấn Mỹ,Trường THCS Tấn Mỹ,105.4970932006836,10.506909370422363,,,,,432ea9a7-5eab-3318-9abe-ae0c843cb38b,Unknown
Giga,Trường THCS Tân Mỹ,Trường THCS Tân Mỹ,106.82916259765625,11.066530227661133,,,,,2dcb3127-5380-39c7-9008-188140036e64,Unknown
Giga,Trường THCS Tân Nhựt,Trường THCS Tân Nhựt,106.56597900390625,10.707125663757324,,,,,af39f5ce-25cf-3eb2-b8ed-9914f657ab25,Unknown
Giga,Trường THCS Tân Phú,Trường THCS Tân Phú,106.8015365600586,10.858806610107422,,,,,0cf3eba5-6934-3a26-917c-2f6097ca72d9,Unknown
Giga,Trường THCS Tân Phúc,Trường THCS Tân Phúc,107.66377258300781,10.837599754333496,,,,,42602180-c4be-3e7a-89b9-1029d34dcfa1,Unknown
Giga,Trường THCS Tân Phước,Trường THCS Tân Phước,106.93637084960938,11.52132511138916,,,,,61ed4b06-fc5d-3724-aedf-9f1bbf0b9261,Unknown
Giga,Trường THCS Tân Phước Khánh,Trường THCS Tân Phước Khánh,106.7302474975586,10.997535705566406,,,,,b5b0e532-7839-3204-9de0-a76b657b64ba,Unknown
Giga,Trường THCS Tân Phước Tây,Trường THCS Tân Phước Tây,106.54176330566406,10.535690307617188,,,,,1f2a9244-fffb-3ce7-a034-99e15e72f534,Unknown
Giga,Trường THCS Tân Phú Trung,Trường THCS Tân Phú Trung,106.54058837890625,10.939395904541016,,,,,9a05039c-ab52-3ea7-947d-69161b0352b1,Unknown
Giga,Trường THCS Tân Quý Tây,Trường THCS Tân Quý Tây,106.6051025390625,10.659195899963379,,,,,cf9305e6-c084-3b9b-84ed-951491fdca0c,Unknown
Giga,Trường THCS Tân Tạo A,Trường THCS Tân Tạo A,106.58480834960938,10.755319595336914,,,,,a7f9400c-a7b4-3905-84b4-930e74330220,Unknown
Giga,Trường THCS Tân Tạo A,Trường THCS Tân Tạo A,106.58484649658203,10.754932403564453,,,,,1089022d-ff4b-35c5-b6cc-c5c74438d10f,Unknown
Giga,Trường THCS Tân Tây,Trường THCS Tân Tây,106.25785827636719,10.63466739654541,,,,,0ca14098-e8ba-33fe-857e-aa17b3cf3ca3,Unknown
Giga,Trường THCS Tân Thắng,Trường THCS Tân Thắng,107.6120834350586,10.607890129089355,,,,,f6bffb79-b384-3471-a202-3cbdf1f030a2,Unknown
Giga,Trường THCS Tân Thành,Trường THCS Tân Thành,106.84192657470703,11.131580352783203,,,,,325338de-1069-3f28-b195-cdc1225eae8e,Unknown
Giga,Trường THCS Tân Thạnh,Trường THCS Tân Thạnh,106.04542541503906,10.608144760131836,,,,,2f15ebb9-73f1-3353-af0f-047140d0be97,Unknown
Giga,Trường THCS Tân Thạnh Tây,Trường THCS Tân Thạnh Tây,106.56674194335938,10.98799991607666,,,,,e2e3f8d5-f2be-36f5-bd39-ddbab16c8339,Unknown
Giga,Trường THCS Tân Thiện,Trường THCS Tân Thiện,106.91221618652344,11.53308391571045,,,,,29818bba-c0fe-38ff-900e-6931be5057d6,Unknown
Giga,Trường THCS Tân Thới Hiệp,Trường THCS Tân Thới Hiệp,106.64495086669922,10.874637603759766,,,,,bddbc337-2b20-3288-8c45-e709946785cc,Unknown
Giga,Trường THCS Tân Thới Hòa,Trường THCS Tân Thới Hòa,106.6259994506836,10.765857696533203,,,,,c687dfaa-a839-3b9a-8a7c-969a2ec57766,Unknown
Giga,Trường THCS Tân Tiến,Trường THCS Tân Tiến,105.61394500732422,20.875207901000977,,,,,edf7f4fd-fc47-392b-b327-ed5cac6dade0,Unknown
Giga,Trường THCS Tân Triều,Trường THCS Tân Triều,105.7981185913086,20.97943878173828,,,,,a3a5960d-1a96-3092-919b-acfc0aa8c6c6,Unknown
Giga,Trường THCS Tân Trung,Trường THCS Tân Trung,106.676513671875,10.401254653930664,,,,,56880e6e-3bf6-3975-975c-c68aa22f80d0,Unknown
Giga,Trường THCS Tân Xuân,Trường THCS Tân Xuân,106.59856414794922,10.867329597473145,,,,,ae31198f-bec2-380b-9d2b-fa97f41325b5,Unknown
Giga,Trường THCS Tả Thanh Oai,Trường THCS Tả Thanh Oai,105.8057632446289,20.93423080444336,,,,,11dd35cf-485d-3034-be83-c42348e6c3e0,Unknown
Giga,Trường THCS Tây Đằng,Trường THCS Tây Đằng,105.42842864990234,21.196481704711914,,,,,c465edb7-4b66-3eb5-ad49-c2743a8a81ed,Unknown
Giga,Trường THCS Tây Mỗ,Trường THCS Tây Mỗ,105.74459075927734,21.006650924682617,,,,,e016da53-8d9d-3ab3-8b5f-b3d448b9dede,Unknown
Giga,Trường THCS Tây Mỗ 3,Trường THCS Tây Mỗ 3,105.73680114746094,20.99734115600586,,,,,589a4493-68e7-3275-9e36-0bb6ae1ac3fe,Unknown
Giga,Trường THCS Tây Sơn,Trường THCS Tây Sơn,109.2205810546875,13.783079147338867,,,,,b754e78b-d563-30f3-9939-b7de4a91eca4,Unknown
Giga,Trường THCS Tây Sơn,Trường THCS Tây Sơn,106.33134460449219,20.437519073486328,,,,,593696ce-77a8-3583-a3bf-bcca828cf37d,Unknown
Giga,Trường THCS Tây Sơn,Trường THCS Tây Sơn,105.84800720214844,21.017305374145508,,,,,1f1a02ef-b99b-3ae8-b603-042f64c480b4,Unknown
Giga,Trường THCS Tây Sơn,Trường THCS Tây Sơn,108.2214126586914,16.04771614074707,,,,,b65dbf62-9bff-3658-b2b2-5700af7c8b03,Unknown
Giga,Trường THCS Tây Tựu,Trường THCS Tây Tựu,105.72777557373047,21.0709285736084,,,,,f2c75eb0-9ff1-3d59-9ed5-e96c9053da20,Unknown
Giga,Trường THCS Thạch Bàn,Trường THCS Thạch Bàn,105.90697479248047,21.023563385009766,,,,,45188478-5868-3c86-9f0f-d5df0a2a5e06,Unknown
Giga,Trường THCS Thạch Cẩm,Trường THCS Thạch Cẩm,105.55768585205078,20.242923736572266,,,,,b33dde61-6745-3a51-9aa5-efa27a013ce8,Unknown
Giga,Trường THCS Thạch Lâm,Trường THCS Thạch Lâm,105.51704406738281,20.332738876342773,,,,,90bea985-ac80-3005-a557-ad53b369daed,Unknown
Giga,Trường THCS Thạch Linh,Trường THCS Thạch Linh,105.88371276855469,18.340900421142578,,,,,dfdbd9da-396b-346e-a686-b9d1d459954b,Unknown
Giga,Trường THCS Thạch Thán,Trường THCS Thạch Thán,105.6391372680664,20.99100685119629,,,,,ffbf6837-5781-3831-8ea0-ba4f7be81a53,Unknown
Giga,Trường THCS Thạch Thất,Trường THCS Thạch Thất,105.58222198486328,21.053852081298828,,,,,59ab1917-583f-3fa4-9521-9afc39481095,Unknown
Giga,Trường THCS Thác Mơ,Trường THCS Thác Mơ,107.00958251953125,11.837331771850586,,,,,bc764fd7-f8a3-3f26-b88b-0f0d7ae3cb83,Unknown
Giga,Trường THCS Thái Bình,Trường THCS Thái Bình,106.06696319580078,11.309499740600586,,,,,c8db2cd0-c152-3f10-ac4a-ec6a5116ca84,Unknown
Giga,Trường THCS Thái Hoà,Trường THCS Thái Hoà,106.76260375976562,10.982476234436035,,,,,aa6a55d8-b256-33f4-ae91-ac5f9756567d,Unknown
Giga,Trường THCS Thái Học,Trường THCS Thái Học,106.39104461669922,21.080408096313477,,,,,7bd541c0-408e-31c5-bde4-23bc30785e8a,Unknown
Giga,Trường THCS Thái Thịnh,Trường THCS Thái Thịnh,105.81607055664062,21.01243019104004,,,,,e0f34465-db9f-36c5-af45-7350804fb4c2,Unknown
Giga,Trường THCS Thắng Lợi,Trường THCS Thắng Lợi,105.86023712158203,21.451513290405273,,,,,ed9f820c-0019-386d-b63a-61ac2b98b0c3,Unknown
Giga,Trường THCS Thăng Long,Trường THCS Thăng Long,105.81071472167969,21.0328426361084,,,,,ebaaa4bf-cd4d-32c0-9df7-6ec9a896767b,Unknown
Giga,Trường THCS Thanh Bình,Trường THCS Thanh Bình,105.49427032470703,10.55479621887207,,,,,41c3dd4f-1d53-3d92-a421-ec69163e1140,Unknown
Giga,Trường THCS Thanh Bình,Trường THCS Thanh Bình,105.62281036376953,20.906904220581055,,,,,6dfb651f-08c1-34de-b241-cc3ef6ea8dcc,Unknown
Giga,Trường THCS Thanh Đa,Trường THCS Thanh Đa,106.71996307373047,10.813399314880371,,,,,08d7cac6-e834-312b-9cf7-1e3fc0ae9bff,Unknown
Giga,Trường THCS Thạnh Đông,Trường THCS Thạnh Đông,105.2552261352539,10.08661937713623,,,,,7a49a99c-f8c1-3905-90b6-9cf5f23a7e47,Unknown
Giga,Trường THCS Thạnh Đông A,Trường THCS Thạnh Đông A,105.255615234375,10.0330171585083,,,,,672e619f-1622-3724-a491-50639530860b,Unknown
Giga,Trường THCS Thanh Đức,Trường THCS Thanh Đức,106.00277709960938,10.246931076049805,,,,,323b13b0-425b-3529-9849-f88fd7a1cacd,Unknown
Giga,Trường THCS Thanh Liệt,Trường THCS Thanh Liệt,105.81573486328125,20.965740203857422,,,,,0b661617-da12-3686-89ac-49ea836b0ecd,Unknown
Giga,Trường THCS Thạnh Mỹ,Trường THCS Thạnh Mỹ,107.83316040039062,15.759074211120605,,,,,8b28bdb9-55d6-3d5b-8625-8592fc8ba2fa,Unknown
Giga,Trường THCS Thạnh Mỹ Lợi,Trường THCS Thạnh Mỹ Lợi,106.7708511352539,10.774811744689941,,,,,b348c05b-696d-3c65-b918-b8ea1f7e06cb,Unknown
Giga,Trường THCS Thạnh Phong,Trường THCS Thạnh Phong,106.63420867919922,9.861392974853516,,,,,2c7d8c83-83b2-34df-8095-3f213abc06af,Unknown
Giga,Trường THCS Thành Phước,Trường THCS Thành Phước,105.79847717285156,10.068314552307129,,,,,437cdbee-cdf4-3b42-ae1f-efe6af0da0d2,Unknown
Giga,Trường THCS Thạnh Thới Thuận,Trường THCS Thạnh Thới Thuận,105.9916000366211,9.431547164916992,,,,,e547a5ab-5505-336c-b40b-521c38b8aafd,Unknown
Giga,Trường THCS Thanh Trì,Trường THCS Thanh Trì,105.88626098632812,20.994199752807617,,,,,4e3faf0d-fd58-32ce-bd7d-731312327dc8,Unknown
Giga,Trường THCS Thanh Trù,Trường THCS Thanh Trù,105.62010955810547,21.284820556640625,,,,,b141a6f3-4c0f-3cff-8679-d7d74b94b896,Unknown
Giga,Trường THCS Thanh Xuân,Trường THCS Thanh Xuân,105.8023452758789,20.998363494873047,,,,,5b998d70-3fbe-3c54-9336-fc3c4009c49b,Unknown
Giga,Trường THCS Thanh Xuân Nam,Trường THCS Thanh Xuân Nam,105.80075073242188,20.986799240112305,,,,,a3b277d0-9043-3f98-b880-ba76bd4d5145,Unknown
Giga,Trường THCS Thị Cầu (cũ),Trường THCS Thị Cầu (cũ),106.09092712402344,21.193143844604492,,,,,ad5ea808-9995-384f-b1b6-41d68a866222,Unknown
Giga,Trường THCS Thiện Tân,Trường THCS Thiện Tân,106.89260864257812,11.023818969726562,,,,,fb7814d8-b5f8-3856-b114-91f7981b7f89,Unknown
Giga,Trường THCS Thịnh Liệt,Trường THCS Thịnh Liệt,105.85035705566406,20.978351593017578,,,,,cced47e3-e34d-3c5b-bccd-e4e69c498a1c,Unknown
Giga,Trường THCS Thị Trấn,Trường THCS Thị Trấn,105.7751235961914,19.45046043395996,,,,,80a95025-8f24-3a8e-b246-a452c6361af7,Unknown
Giga,Trường THCS Thị trấn,Trường THCS Thị trấn,106.22816467285156,11.379717826843262,,,,,9db63f35-498f-3f66-910e-be548f048926,Unknown
Giga,Trường THCS Thị trấn Cái Bè,Trường THCS Thị trấn Cái Bè,106.0303955078125,10.334242820739746,,,,,9a6ff0be-4200-382d-9325-564c2b674a0a,Unknown
Giga,Trường THCS Thị trấn Cái Rồng,Trường THCS Thị trấn Cái Rồng,107.41868591308594,21.06858253479004,,,,,6c76f663-709c-304b-8282-b605139968d4,Unknown
Giga,Trường THCS Thị trấn Cát Hải,Trường THCS Thị trấn Cát Hải,106.88518524169922,20.796056747436523,,,,,7d10a406-de27-3c5f-9f19-ca12dc334d4b,Unknown
Giga,Trường THCS Thị trấn Cầu Kè,Trường THCS Thị trấn Cầu Kè,106.0617446899414,9.876479148864746,,,,,edffc7ef-6637-3c30-b263-7fb9bfa75bdf,Unknown
Giga,Trường THCS Thị trấn Cầu Kè,Trường THCS Thị trấn Cầu Kè,106.06173706054688,9.876477241516113,,,,,59b45c57-7f82-3068-b94c-910c4a03c2a0,Unknown
Giga,Trường THCS Thị trấn Chi Lăng,Trường THCS Thị trấn Chi Lăng,106.50299072265625,21.577030181884766,,,,,0194aa76-8ac2-33f1-963c-b9d505250c9a,Unknown
Giga,Trường THCS Thị trấn Chờ,Trường THCS Thị trấn Chờ,105.95613861083984,21.197086334228516,,,,,f04a00f9-0034-3e24-89d0-7f27163960b4,Unknown
Giga,Trường THCS Thị trấn Chúc Sơn,Trường THCS Thị trấn Chúc Sơn,105.71150207519531,20.920204162597656,,,,,65542b40-942a-38b9-b56b-033ab8c224f3,Unknown
Giga,Trường THCS Thị trấn Đăk Rve,Trường THCS Thị trấn Đăk Rve,108.24829864501953,14.504082679748535,,,,,da6d7302-2b57-339f-a7cf-133fddebf3ce,Unknown
Giga,Trường THCS Thị trấn Đồi Ngô,Trường THCS Thị trấn Đồi Ngô,106.38565063476562,21.31201934814453,,,,,afba655a-256f-39ed-b0cb-704f5cbdf038,Unknown
Giga,Trường THCS Thị trấn Đông Thành,Trường THCS Thị trấn Đông Thành,106.30318450927734,10.891475677490234,,,,,4bf41f60-9e5b-3b87-ad27-3afff3d9a974,Unknown
Giga,Trường THCS Thị trấn Hòn Đất,Trường THCS Thị trấn Hòn Đất,104.93758392333984,10.179699897766113,,,,,e86298ec-c0a0-3002-ac15-0a2ebf3c43e3,Unknown
Giga,trường thcs thị trấn khánh vĩnh,trường thcs thị trấn khánh vĩnh,108.91932678222656,12.281745910644531,,,,,971ea92a-82e9-3332-bdef-08fbca104087,Unknown
Giga,Trường THCS Thị trấn Lâm,Trường THCS Thị trấn Lâm,106.01583099365234,20.324172973632812,,,,,e8a3a358-5f3f-3063-9fb9-6e460b30d1fa,Unknown
Giga,Trường THCS Thị trấn Liễu Đề,Trường THCS Thị trấn Liễu Đề,106.18669128417969,20.21711540222168,,,,,a9c90b95-bdf8-37fd-81da-c975a810c278,Unknown
Giga,Trường THCS Thị trấn Lim,Trường THCS Thị trấn Lim,106.02657318115234,21.147254943847656,,,,,5ceea477-fb18-3b6f-b232-7f958086ae38,Unknown
Giga,Trường THCS Thị trấn Mèo Vạc,Trường THCS Thị trấn Mèo Vạc,105.41065979003906,23.171733856201172,,,,,4516e18f-d3e1-3022-a880-600fabba6968,Unknown
Giga,Trường THCS thị trấn Mường Chà,Trường THCS thị trấn Mường Chà,103.09280395507812,21.76422882080078,,,,,98c81d72-2a51-3a47-a869-9d96999ae077,Unknown
Giga,Trường THCS Thị trấn Nhân Thắng,Trường THCS Thị trấn Nhân Thắng,106.2333755493164,21.063425064086914,,,,,108fe686-4228-3321-a659-2eee84683a97,Unknown
Giga,Trường THCS Thị Trấn Phong Điền,Trường THCS Thị Trấn Phong Điền,105.67899322509766,9.99594497680664,,,,,48b1fd50-44f5-354a-ba24-24fcb29258d6,Unknown
Giga,Trường THCS Thị trấn Phúc Thọ,Trường THCS Thị trấn Phúc Thọ,105.54190063476562,21.103639602661133,,,,,fd7900ad-b187-35df-a643-17d027109f74,Unknown
Giga,Trường THCS thị trấn Phú Lộc,Trường THCS thị trấn Phú Lộc,107.88220977783203,16.26895523071289,,,,,3e49e7df-9e94-329f-bc0c-50da0ea34108,Unknown
Giga,Trường THCS Thị Trấn Phú Xuyên,Trường THCS Thị Trấn Phú Xuyên,105.90901947021484,20.74405860900879,,,,,6c05acb5-5106-36ab-b026-9271da9a3440,Unknown
Giga,Trường THCS Thị Trấn Sóc Sơn,Trường THCS Thị Trấn Sóc Sơn,105.85122680664062,21.260318756103516,,,,,dd952e07-7765-3c8e-a12c-bd8891826b36,Unknown
Giga,Trường THCS Thị trấn Sóc Sơn,Trường THCS Thị trấn Sóc Sơn,105.85090637207031,21.260339736938477,,,,,910bbb7e-3222-3e28-8cf3-04ca33a6f4bd,Unknown
Giga,Trường THCS Thị trấn Tân Biên,Trường THCS Thị trấn Tân Biên,106.01167297363281,11.5457763671875,,,,,f465f942-a30e-34c9-9206-e6372c400acb,Unknown
Giga,Trường THCS Thị trấn Tân Châu,Trường THCS Thị trấn Tân Châu,106.17721557617188,11.549450874328613,,,,,97fe8039-57f1-39d8-b703-14e9924e2bc3,Unknown
Giga,Trường THCS Thị trấn Thạnh Hóa,Trường THCS Thị trấn Thạnh Hóa,106.18008422851562,10.652388572692871,,,,,64b122c0-6f09-3c4e-8fa5-0f0190223c9d,Unknown
Giga,Trường THCS Thị trấn Thới Lai,Trường THCS Thị trấn Thới Lai,105.56759643554688,10.065017700195312,,,,,25b182c8-e811-30ed-9f5f-adbe125fc827,Unknown
Giga,Trường THCS Thị trấn Thứa,Trường THCS Thị trấn Thứa,106.20166778564453,21.019189834594727,,,,,68a79168-7cbe-32a5-a385-dfcc5fc3b998,Unknown
Giga,Trường THCS Thị Trấn Thường Tín,Trường THCS Thị Trấn Thường Tín,105.86572265625,20.870698928833008,,,,,c57f2eff-ab43-3f24-98c1-4840d31bef55,Unknown
Giga,Trường THCS Thị trấn Thủ Thừa,Trường THCS Thị trấn Thủ Thừa,106.40740966796875,10.603394508361816,,,,,e2f77154-4247-301c-bf19-95bbf426f0e6,Unknown
Giga,Trường THCS Thị trấn Thủ Thừa (cơ sở 2),Trường THCS Thị trấn Thủ Thừa (cơ sở 2),106.4073486328125,10.604196548461914,,,,,992cd0b8-c840-3ae8-930b-cbc57758216d,Unknown
Giga,Trường THCS Thị trấn Trần Văn Thời,Trường THCS Thị trấn Trần Văn Thời,104.9619369506836,9.073456764221191,,,,,90d61176-b5ad-39dd-877a-edce39030dd2,Unknown
Giga,Trường thcs Thị Xuân,Trường thcs Thị Xuân,106.2667007446289,22.6632137298584,,,,,d247de21-50dd-3db5-84cf-4ead0621a7ca,Unknown
Giga,Trường THCS Thoại Ngọc Hầu,Trường THCS Thoại Ngọc Hầu,106.64131164550781,10.782011985778809,,,,,32dbe93a-34a9-3a16-875d-b85022e1d89c,Unknown
Giga,Trường THCS Thoại Ngọc Hầu,Trường THCS Thoại Ngọc Hầu,106.64132690429688,10.78167724609375,,,,,81df37e7-c328-3ffd-b55d-13d304c0ab7b,Unknown
Giga,Trường THCS Thọ An,Trường THCS Thọ An,105.63810729980469,21.1295223236084,,,,,4b623b37-ff31-3140-84ae-3bdeb3319a78,Unknown
Giga,Trường THCS Thới An Đông,Trường THCS Thới An Đông,105.68062591552734,10.062564849853516,,,,,0f3f6c3c-f50f-3262-8f4f-70eb722c4ee5,Unknown
Giga,Trường THCS Thới Long,Trường THCS Thới Long,105.58707427978516,10.167113304138184,,,,,7d7a8554-0a68-30a1-973c-04c59c4ec55d,Unknown
Giga,Trường THCS Thới Thạnh,Trường THCS Thới Thạnh,105.59217834472656,10.08826732635498,,,,,eb9b2df0-0dc2-3e3f-8831-0abdc444e05d,Unknown
Giga,Trường THCS Thọ Lộc,Trường THCS Thọ Lộc,105.53294372558594,21.11516571044922,,,,,5afbeabc-107a-3b91-bc09-a05d7a818f7f,Unknown
Giga,Trường THCS Thống Nhất,Trường THCS Thống Nhất,106.82803344726562,10.945828437805176,,,,,07484009-5b5f-3401-a8d7-f84893eced0b,Unknown
Giga,Trường THCS Thống Nhất,Trường THCS Thống Nhất,107.25847625732422,21.0135440826416,,,,,6b61c674-d10d-3684-83a8-74725266f406,Unknown
Giga,Trường THCS Thống Nhất,Trường THCS Thống Nhất,106.40020751953125,10.542466163635254,,,,,94b99ec7-034b-3017-89ef-122c6f25f0d7,Unknown
Giga,Trường THCS Thọ Xuân,Trường THCS Thọ Xuân,105.64724731445312,21.12001609802246,,,,,3811e861-4209-3b18-80c8-3955d35a4b0a,Unknown
Giga,Trường THCS & THPT Bác Ái,Trường THCS & THPT Bác Ái,106.64851379394531,10.776963233947754,,,,,64cf08e0-f7e9-3b70-b6af-db78fcd48c7f,Unknown
Giga,Trường THCS & THPT Bắc Hà,Trường THCS & THPT Bắc Hà,104.32490539550781,22.59720230102539,,,,,f50297ee-e247-32d4-9b04-64334a6a2b12,Unknown
Giga,Trường THCS &THPT Bạch Đằng,Trường THCS &THPT Bạch Đằng,106.63777923583984,10.83197021484375,,,,,e9fb0863-3a59-385f-8fe7-2919af33ac50,Unknown
Giga,Trường THCS-THPT Bắc Sơn,Trường THCS-THPT Bắc Sơn,106.62934875488281,10.837121963500977,,,,,9e516591-18d9-3d10-8646-f4996dc4f3a4,Unknown
Giga,Trường THCS - THPT Ban Mai,Trường THCS - THPT Ban Mai,105.76747131347656,20.961572647094727,,,,,cafbbe4e-5fe0-321a-8669-7fa09dbd626d,Unknown
Giga,Trường THCS - THPT Bán Trú Nội Trú Hồng Hà - Cơ Sở 4,Trường THCS - THPT Bán Trú Nội Trú Hồng Hà - Cơ Sở 4,106.67337036132812,10.829298973083496,,,,,e014f428-c64b-3e38-8e7e-8346b32e1596,Unknown
Giga,Trường THCS & THPT Chu Văn An,Trường THCS & THPT Chu Văn An,106.60350036621094,10.819424629211426,,,,,02fd717d-0b85-3dd9-9a21-c97b371ac3ab,Unknown
Giga,Trường THCS-THPT Chu Văn An,Trường THCS-THPT Chu Văn An,106.62975311279297,17.450788497924805,,,,,d24ebec4-1dda-3848-a5c8-be7c0bcc29b7,Unknown
Giga,Trường THCS&THPT Chu Văn An,Trường THCS&THPT Chu Văn An,106.60323333740234,10.819035530090332,,,,,9e6d3ddf-aac0-360b-8c08-2b648cbe9082,Unknown
Giga,Trường THCS&THPT Dân Lập Đào Duy Anh,Trường THCS&THPT Dân Lập Đào Duy Anh,106.63519287109375,10.750649452209473,,,,,b6f1594f-4a27-3b70-b49b-57b6d3b5b2bf,Unknown
Giga,Trường THCS - THPT Dân Lập Đào Duy Anh Cơ Sở 2,Trường THCS - THPT Dân Lập Đào Duy Anh Cơ Sở 2,106.65629577636719,10.773797988891602,,,,,538a6541-941b-3204-a5f9-ecb3ff73a03b,Unknown
Giga,Trường THCS & THPT Dân tộc Nội trú Vĩnh Châu,Trường THCS & THPT Dân tộc Nội trú Vĩnh Châu,105.97017669677734,9.321731567382812,,,,,36e91145-a057-3f02-b952-34394f72400c,Unknown
Giga,Trường THCS THPT Đinh Thiện Lý,Trường THCS THPT Đinh Thiện Lý,106.71033477783203,10.721802711486816,,,,,4f8a5616-7542-3e16-8056-79dcd6a401b5,Unknown
Giga,Trường THCS & THPT Đống Đa,Trường THCS & THPT Đống Đa,108.42517852783203,11.971603393554688,,,,,79b69624-a3b5-3058-bdae-a3452007dca3,Unknown
Giga,Trường THCS & THPT Đông Thái,Trường THCS & THPT Đông Thái,105.00927734375,9.758502006530762,,,,,dd2d1f4a-bb05-378e-b5e4-da9eba4d3353,Unknown
Giga,Trường THCS - THPT Đông Thành,Trường THCS - THPT Đông Thành,105.85774230957031,10.012317657470703,,,,,8e31fef6-78e8-31c4-8cbc-d73de7edc9e7,Unknown
Giga,Trường THCS&THPT Đức Trí,Trường THCS&THPT Đức Trí,106.67935180664062,10.808608055114746,,,,,3fc6cc5e-df9e-3404-aaa7-0d1b66c82a13,Unknown
Giga,Trường THCS-THPT FPT Hải Phòng,Trường THCS-THPT FPT Hải Phòng,106.7159652709961,20.824752807617188,,,,,bfd4a7d4-7166-3869-bbf7-e49357968d2f,Unknown
Giga,Trường THCS - THPT Hà Thành,Trường THCS - THPT Hà Thành,105.78199005126953,21.051328659057617,,,,,17cdc072-af7f-35b4-9761-254514381939,Unknown
Giga,Trường THCS-THPT Hoà Bình,Trường THCS-THPT Hoà Bình,106.63597106933594,10.774752616882324,,,,,5b3ba36e-216a-38cc-806b-5115fd61158c,Unknown
Giga,Trường THCS - THPT Hoà Hưng,Trường THCS - THPT Hoà Hưng,105.47979736328125,9.890918731689453,,,,,7dc03427-eb6a-3ac5-900f-e5fc07763195,Unknown
Giga,Trường THCS - THPT Hoàng Hoa Thám,Trường THCS - THPT Hoàng Hoa Thám,106.15277099609375,20.660181045532227,,,,,42a8e45b-5171-3eaf-8a1e-c4acbf5171e0,Unknown
Giga,Trường THCS - THPT Hoa Sen,Trường THCS - THPT Hoa Sen,106.7700424194336,10.840805053710938,,,,,9472e9da-57af-380b-a32f-f46d5a1e0e6d,Unknown
Giga,Trường THCS&THPT Hồng Hà,Trường THCS&THPT Hồng Hà,106.67316436767578,10.828715324401855,,,,,0cc06e6e-17cd-3cc4-8fec-5d210f673bd4,Unknown
Giga,Trường THCS & THPT Huế Star,Trường THCS & THPT Huế Star,107.60420227050781,16.463306427001953,,,,,02ffe3ca-8730-358b-abf3-12b95647be78,Unknown
Giga,Trường THCS-THPT Hùng Vương,Trường THCS-THPT Hùng Vương,107.04893493652344,11.0966215133667,,,,,c1c5997a-fe5f-314e-86bf-f783d9fcc885,Unknown
Giga,Trường THCS&THPT Khai Minh,Trường THCS&THPT Khai Minh,106.61888885498047,10.799403190612793,,,,,26819486-48fd-321f-b87a-d8fea8aca109,Unknown
Giga,trường THCS & THPT Kháng Nhật,trường THCS & THPT Kháng Nhật,105.42578887939453,21.669281005859375,,,,,e28a1bec-4f43-3022-91e9-28c01e9f9131,Unknown
Giga,Trường THCS&THPT Lạc Hồng,Trường THCS&THPT Lạc Hồng,106.62531280517578,10.849692344665527,,,,,be61746c-2a5b-3b7f-8de4-92303fdb9752,Unknown
Giga,Trường THCS & THPT Lê Quý Đôn,Trường THCS & THPT Lê Quý Đôn,105.76509857177734,21.03563117980957,,,,,f4a7465f-77c6-3ddd-862a-270f67996b8b,Unknown
Giga,Trường THCS & THPT Lê Thánh Tông,Trường THCS & THPT Lê Thánh Tông,107.12353515625,20.93800163269043,,,,,ad4211bc-33a3-343e-9101-2e651b121b2e,Unknown
Giga,Trường THCS & THPT Lương Thế Vinh (Cơ sở Tân Triều),Trường THCS & THPT Lương Thế Vinh (Cơ sở Tân Triều),105.79905700683594,20.972496032714844,,,,,06c1a279-1e11-370c-9eeb-8745863ae272,Unknown
Giga,Trường THCS & THPT Marie Curie,Trường THCS & THPT Marie Curie,105.77029418945312,20.954547882080078,,,,,02381003-a4bd-31f2-b125-dc5a7ccd1e53,Unknown
Giga,Trường THCS-THPT Minh Hoà,Trường THCS-THPT Minh Hoà,106.47944641113281,11.43871784210205,,,,,8b2401b4-a513-3d1a-ad43-bdb216e2c053,Unknown
Giga,Trường THCS&THPT Mỹ Việt,Trường THCS&THPT Mỹ Việt,106.61965942382812,10.82837963104248,,,,,08ebb17b-397e-3852-aea9-d7e1242f7524,Unknown
Giga,Trường THCS&THPT Nam Việt,Trường THCS&THPT Nam Việt,106.60871887207031,10.834035873413086,,,,,819645e0-f616-37fe-9fd8-d145f44ad471,Unknown
Giga,Trường THCS-THPT Nam Yên,Trường THCS-THPT Nam Yên,105.007080078125,9.86982250213623,,,,,094645c1-73ea-3431-87de-380e760de745,Unknown
Giga,Trường THCS&THPT Ngôi Sao,Trường THCS&THPT Ngôi Sao,106.61406707763672,10.749320983886719,,,,,a86d6aed-de18-3ffd-8b0a-489264142d40,Unknown
Giga,Trường THCS & THPT Nguyễn Khuyến,Trường THCS & THPT Nguyễn Khuyến,106.65702056884766,10.801900863647461,,,,,7f550154-cf98-36cd-85f9-28856ac87ecf,Unknown
Giga,Trường THCS THPT Nguyễn Khuyến,Trường THCS THPT Nguyễn Khuyến,106.69198608398438,11.063352584838867,,,,,808f011b-0be9-360c-8dd7-007383c04ef9,Unknown
Giga,Trường THCS-THPT Nguyễn Khuyến,Trường THCS-THPT Nguyễn Khuyến,108.21409606933594,16.030467987060547,,,,,302633b6-5fe0-31ff-8eeb-b8aba29037a0,Unknown
Giga,Trường THCS-THPT Nguyễn Khuyến,Trường THCS-THPT Nguyễn Khuyến,106.69182586669922,11.063305854797363,,,,,65f90975-87e4-3053-8b23-8d0f68609da3,Unknown
Giga,Trường THCS&THPT Nguyễn Khuyến Cơ Sở 2,Trường THCS&THPT Nguyễn Khuyến Cơ Sở 2,106.64329528808594,10.805984497070312,,,,,af2d2b94-b0ba-3474-9386-b223605d8b51,Unknown
Giga,Trường THCS&THPT Nguyễn Khuyến Cơ Sở 3A,Trường THCS&THPT Nguyễn Khuyến Cơ Sở 3A,106.64366912841797,10.806533813476562,,,,,60672292-329a-3577-bc8a-cbd474f635a2,Unknown
Giga,Trường THCS-THPT Nguyễn Khuyến (cơ sở 3B),Trường THCS-THPT Nguyễn Khuyến (cơ sở 3B),106.64315032958984,10.807347297668457,,,,,a575ebff-9b59-35e4-a0f3-49c80264e33b,Unknown
Giga,Trường THCS-THPT Nguyễn Thị Một,Trường THCS-THPT Nguyễn Thị Một,106.68115997314453,10.616616249084473,,,,,4394f6b7-c9a6-3ba2-9ff6-ec4829748a1e,Unknown
Giga,Trường THCS & THPT Nguyễn Văn Xiện,Trường THCS & THPT Nguyễn Văn Xiện,104.90229797363281,9.728466033935547,,,,,0198750a-417b-3064-97d4-974bf2a0ec3a,Unknown
Giga,Trường THCS & THPT Nhân Văn,Trường THCS & THPT Nhân Văn,106.62769317626953,10.804264068603516,,,,,f4e61434-7d0b-356b-949d-f4a3bbddbe03,Unknown
Giga,Trường THCS - THPT Pathway Academy,Trường THCS - THPT Pathway Academy,106.62769317626953,10.84349536895752,,,,,d8f47b17-b386-36ee-be63-3ec761d6b912,Unknown
Giga,Trường THCS - THPT Pathway Tuệ Đức - Cơ sở Đỗ Xuân Hợp  Thủ Đức,Trường THCS - THPT Pathway Tuệ Đức - Cơ sở Đỗ Xuân Hợp  Thủ Đức,106.77404022216797,10.814380645751953,,,,,8dffc150-4d7c-30a8-a2ac-573c54fa754c,Unknown
Giga,Trường THCS - THPT Pathway Tuệ Đức - Cơ sở Nguyễn Sỹ Sách  Quận Tân Bình,Trường THCS - THPT Pathway Tuệ Đức - Cơ sở Nguyễn Sỹ Sách  Quận Tân Bình,106.63526916503906,10.820993423461914,,,,,ea43abe3-823c-368c-b3f3-0987fae12e8c,Unknown
Giga,Trường THCS&THPT Phan Châu Trinh,Trường THCS&THPT Phan Châu Trinh,106.61283111572266,10.754192352294922,,,,,40010b3e-02fc-339d-8f13-eb822940c564,Unknown
Giga,Trường THCS & THPT Phan Văn Đáng,Trường THCS & THPT Phan Văn Đáng,106.08264923095703,10.101630210876465,,,,,d7ab82ab-23cc-368c-8293-4719a9637573,Unknown
Giga,Trường THCS & THPT Phenikaa,Trường THCS & THPT Phenikaa,105.73017120361328,21.04825210571289,,,,,3709a017-1127-34bd-a390-9128fa6981a9,Unknown
Giga,Trường THCS - THPT Tân Lộc,Trường THCS - THPT Tân Lộc,105.58279418945312,10.245759963989258,,,,,f00eb85e-5db2-31e6-a8bb-8aa67b0d8745,Unknown
Giga,Trường THCS & THPT Tạ Quang Bửu,Trường THCS & THPT Tạ Quang Bửu,105.84654235839844,21.002655029296875,,,,,6788abc4-fa39-301a-859d-74d68f903e38,Unknown
Giga,Trường THCS & THPT Thái Bình,Trường THCS & THPT Thái Bình,106.6511001586914,10.796943664550781,,,,,489342b4-4901-30fb-b95a-87f9aee8aab4,Unknown
Giga,Trường THCS & THPT Trần Hưng Đạo,Trường THCS & THPT Trần Hưng Đạo,109.0140609741211,11.561209678649902,,,,,11a449fd-732d-3866-84c5-c055f7c53cf8,Unknown
Giga,Trường THCS - THPT Trần Quốc Tuấn,Trường THCS - THPT Trần Quốc Tuấn,105.77186584472656,21.0256290435791,,,,,222761b6-2464-3c8b-9cae-3acb42c9cb09,Unknown
Giga,Trường THCS-THPT Trưng Vương,Trường THCS-THPT Trưng Vương,105.94803619384766,10.25814437866211,,,,,2faa5070-40b7-3e43-a51d-600c2618e99d,Unknown
Giga,Trường THCS & THPT Vân Khánh,Trường THCS & THPT Vân Khánh,104.86592864990234,9.57542896270752,,,,,5c8a263e-c802-3202-9d68-fe546e833619,Unknown
Giga,Trường THCS - THPT Việt Anh,Trường THCS - THPT Việt Anh,106.67066192626953,10.79802417755127,,,,,ad92feb9-532e-38fc-a8bb-d88f8c32378e,Unknown
Giga,Trường THCS&THPT Việt Anh,Trường THCS&THPT Việt Anh,106.59320831298828,10.810941696166992,,,,,a51f2506-919b-3677-99cc-c9547542312e,Unknown
Giga,Trường THCS & THPT Võ Nguyên Giáp,Trường THCS & THPT Võ Nguyên Giáp,108.14315795898438,12.061012268066406,,,,,4da11aad-f6e4-33cb-9dba-7fab75b20f95,Unknown
Giga,Trường THCS Thuận Hưng 2,Trường THCS Thuận Hưng 2,105.57898712158203,10.217148780822754,,,,,f6247156-4786-367e-a577-6a771daa3b1b,Unknown
Giga,Trường THCS Thuận Phú,Trường THCS Thuận Phú,106.88851928710938,11.594493865966797,,,,,a4daed43-0b7e-3b8f-abec-ad904a89a4b1,Unknown
Giga,Trường THCS Thư Lâm,Trường THCS Thư Lâm,105.85283660888672,21.156126022338867,,,,,ca41e8db-2982-3478-8bbd-e768cdc24811,Unknown
Giga,Trường THCS Thượng Cát,Trường THCS Thượng Cát,105.73335266113281,21.088415145874023,,,,,a4b130d7-690d-35ab-b551-29080697a29f,Unknown
Giga,Trường THCS Thượng Cát,Trường THCS Thượng Cát,105.7306137084961,21.092992782592773,,,,,b9407a9a-36a4-3445-8adf-e231a88ac254,Unknown
Giga,Trường THCS Thượng Mỗ,Trường THCS Thượng Mỗ,105.68085479736328,21.10517120361328,,,,,7a4cce8a-c61f-3eaf-8648-eb02d35e8623,Unknown
Giga,Trường THCS Thượng Thanh,Trường THCS Thượng Thanh,105.8908920288086,21.06065559387207,,,,,986ef89c-14e8-3d04-a33f-4f210c910aca,Unknown
Giga,Trường THCS Thường Thạnh,Trường THCS Thường Thạnh,105.7612075805664,9.959585189819336,,,,,c918e619-bef8-3e7b-a009-1e06c76894cb,Unknown
Giga,Trường THCS Thư Phú,Trường THCS Thư Phú,105.90614318847656,20.86046028137207,,,,,cc8cc942-d22c-3585-a130-b1da9d9d5785,Unknown
Giga,Trường THCS Thuỵ An,Trường THCS Thuỵ An,105.41549682617188,21.161685943603516,,,,,fe0d76e0-94c5-3165-bb3d-b4db493aacbe,Unknown
Giga,Trường THCS Thủy Dương,Trường THCS Thủy Dương,107.62448120117188,16.44059181213379,,,,,b238f757-3181-300b-8047-3e6fa56ec944,Unknown
Giga,Trường THCS Thụy Hòa,Trường THCS Thụy Hòa,106.01815795898438,21.211809158325195,,,,,398c95c8-cee1-3b61-9e73-fff443482be5,Unknown
Giga,Trường THCS Thuỵ Lâm,Trường THCS Thuỵ Lâm,105.90299224853516,21.177021026611328,,,,,9e109ff2-7f38-32bc-a35f-c9d3e80fd3d2,Unknown
Giga,Trường THCS Thuỷ Xuân Tiên,Trường THCS Thuỷ Xuân Tiên,105.60289764404297,20.905763626098633,,,,,a3b08f94-0750-3601-b5fa-7bdd9b5581d4,Unknown
Giga,Trường THCS Thủy Xuân Tiên,Trường THCS Thủy Xuân Tiên,105.6030044555664,20.90575408935547,,,,,e3010b6a-0bfc-37af-b888-5ba375e510c4,Unknown
Giga,Trường THCS Tích Sơn,Trường THCS Tích Sơn,105.58484649658203,21.309371948242188,,,,,c19700b6-709a-3e8e-b3cd-5f03d6cfc74c,Unknown
Giga,Trường THCS Tiên Dược,Trường THCS Tiên Dược,105.85005187988281,21.250492095947266,,,,,e7388e96-6765-3f62-b671-d161078ebcf5,Unknown
Giga,Trường THCS Tiên Lữ,Trường THCS Tiên Lữ,106.11607360839844,20.70020294189453,,,,,4bc56c00-525f-3ce6-8ca6-1f3386b2ae1b,Unknown
Giga,Trường THCS Tiên Phong,Trường THCS Tiên Phong,105.4322280883789,21.178573608398438,,,,,a1da553c-a5a9-3be8-b411-91ecc7e01bdb,Unknown
Giga,Trường THCS Tiền Phong B,Trường THCS Tiền Phong B,105.7677230834961,21.15726089477539,,,,,fbc7bcc9-d953-37b5-9832-ea73adead45f,Unknown
Giga,Trường THCS Tiên Thuận,Trường THCS Tiên Thuận,106.16059875488281,11.144430160522461,,,,,cc486052-e336-379d-8abc-3dbf10f78dfa,Unknown
Giga,Trường THCS Tiền Tiến,Trường THCS Tiền Tiến,106.37396240234375,20.91029167175293,,,,,0182a350-9ec7-3c18-9eda-d21b37162cf9,Unknown
Giga,Trường THCS Tiến Xuân,Trường THCS Tiến Xuân,105.49214172363281,20.96599769592285,,,,,4abee148-a571-38e6-8a3d-a789f27f2c95,Unknown
Giga,Trường THCS Tiên Yên,Trường THCS Tiên Yên,107.4097900390625,21.333635330200195,,,,,f1b1ccde-625b-3d41-8c33-08b2cbff0104,Unknown
Giga,Trường THCS Toàn Diện,Trường THCS Toàn Diện,106.8248519897461,10.922313690185547,,,,,993f48f6-8f6b-3b3f-b1e0-7d20a3840b80,Unknown
Giga,Trường THCS Tô Hiệu,Trường THCS Tô Hiệu,106.67350006103516,20.849430084228516,,,,,f36c1f54-1da6-3488-9e20-607d15dbfbaf,Unknown
Giga,Trường THCS Tô Hiệu,Trường THCS Tô Hiệu,105.59479522705078,21.30302619934082,,,,,08043eae-8866-32e3-a24d-a1803ce798f1,Unknown
Giga,Trường THCS Tô Ngọc Vân,Trường THCS Tô Ngọc Vân,106.68307495117188,10.89181137084961,,,,,92ba43fb-3823-328c-a943-a1e210411828,Unknown
Giga,Trường THCS Tôn Thất Tùng,Trường THCS Tôn Thất Tùng,106.61793518066406,10.806255340576172,,,,,6a8ee10c-f13e-3426-8a94-9c3c5a909aa4,Unknown
Giga,Trường THCS Tô Vĩnh Diện,Trường THCS Tô Vĩnh Diện,105.82842254638672,21.02171516418457,,,,,990da8d1-c454-3ed6-a44e-7449240b1373,Unknown
Giga,Trường THCS Tràm Chim,Trường THCS Tràm Chim,105.55108642578125,10.673684120178223,,,,,948c3238-41f6-307f-b976-81098adc69c4,Unknown
Giga,Trường THCS Trần Bá,Trường THCS Trần Bá,109.1479263305664,13.80813217163086,,,,,e33c4748-0f11-3b52-8b0b-6cbee279a4cc,Unknown
Giga,Trường THCS Trần Bình Trọng,Trường THCS Trần Bình Trọng,107.13127136230469,10.948400497436523,,,,,f162265d-069a-371e-9e45-14bfa8a9f6eb,Unknown
Giga,Trường THCS Trần Bội Cơ,Trường THCS Trần Bội Cơ,106.65693664550781,10.751163482666016,,,,,1c75f886-fa02-35bd-9c3a-92a894626f8d,Unknown
Giga,Trường THCS Trần Đại Nghĩa,Trường THCS Trần Đại Nghĩa,108.25100708007812,16.01887321472168,,,,,22e518aa-4502-3a86-ac20-5cc82596fe1b,Unknown
Giga,Trường THCS Trần Đại Nghĩa,Trường THCS Trần Đại Nghĩa,107.12928009033203,10.508260726928711,,,,,6c178f71-909f-3fa6-9f4d-2cb59f166c58,Unknown
Giga,Trường THCS Trần Đại Nghĩa,Trường THCS Trần Đại Nghĩa,107.23714447021484,10.729626655578613,,,,,012c2d51-a859-38c2-a768-d401455807fd,Unknown
Giga,Trường THCS Trần Đăng Ninh,Trường THCS Trần Đăng Ninh,105.7654800415039,20.96988868713379,,,,,1fdf2be7-46f4-35b7-8851-2d7f9409c2b4,Unknown
Giga,Trường THCS Trần Đề,Trường THCS Trần Đề,106.19457244873047,9.516059875488281,,,,,cfbd2bac-8046-3a5a-8d43-ca786f595875,Unknown
Giga,Trường THCS Trần Duy Hưng,Trường THCS Trần Duy Hưng,105.79996490478516,21.007923126220703,,,,,2fdc119a-27cc-349b-abf4-fae3485dd4ff,Unknown
Giga,Trường THCS Trảng Dài,Trường THCS Trảng Dài,106.85651397705078,10.981237411499023,,,,,a6c6a794-07df-3546-88be-4c469c0bf3e6,Unknown
Giga,Trường THCS Tráng Việt,Trường THCS Tráng Việt,105.74099731445312,21.149099349975586,,,,,7c523b47-70eb-382b-bf03-ba88e6658359,Unknown
Giga,Trường THCS Trần Hào,Trường THCS Trần Hào,109.2175521850586,13.066581726074219,,,,,947af0fb-3119-36e8-ab58-1defa14aa53c,Unknown
Giga,Trường THCS Trần Hưng Đạo,Trường THCS Trần Hưng Đạo,109.3270034790039,12.995458602905273,,,,,b50b2200-b58c-3fb3-8eae-1baf13732ebd,Unknown
Giga,Trường THCS Trần Hưng Đạo,Trường THCS Trần Hưng Đạo,109.22891235351562,13.779244422912598,,,,,6fa264ff-987e-3470-9cd3-5087c89510c7,Unknown
Giga,Trường THCS Trần Hưng Đạo,Trường THCS Trần Hưng Đạo,108.21985626220703,16.05559539794922,,,,,cef9118c-c5d3-310a-bc82-1b4f0c09d90b,Unknown
Giga,Trường THCS Trần Hưng Đạo,Trường THCS Trần Hưng Đạo,106.79362487792969,11.296463012695312,,,,,1daa1571-7006-3750-a39b-9b0eb74035bf,Unknown
Giga,Trường THCS Trần Hưng Đạo,Trường THCS Trần Hưng Đạo,108.14009094238281,12.185482025146484,,,,,92d2ff23-e9ff-3720-bd67-17a59dfaf5eb,Unknown
Giga,Trường THCS Trần Hưng Đạo,Trường THCS Trần Hưng Đạo,105.7769546508789,10.03473949432373,,,,,d401cc1e-7c70-3749-a931-5b249240a3cc,Unknown
Giga,Trường THCS Trần Hưng Đạo,Trường THCS Trần Hưng Đạo,106.09830474853516,11.30604362487793,,,,,0de094e0-b199-31b7-9eee-2a86976f2042,Unknown
Giga,Trường THCS Trần Huỳnh,Trường THCS Trần Huỳnh,105.72237396240234,9.293889999389648,,,,,30c86169-6795-32b7-862e-d63a5e6a2b49,Unknown
Giga,Trường THCS Trần Ngọc Hoằng,Trường THCS Trần Ngọc Hoằng,105.49957275390625,10.104192733764648,,,,,c955daba-4e65-3202-b4c6-27e314aa5d30,Unknown
Giga,Trường THCS Trần Phú,Trường THCS Trần Phú,108.99903106689453,11.568066596984863,,,,,700eef25-705d-347e-a4e5-69558c647d57,Unknown
Giga,Trường THCS Trần Phú,Trường THCS Trần Phú,105.9836196899414,10.242182731628418,,,,,82843aa1-1660-3b89-a210-043a48881dde,Unknown
Giga,Trường THCS Trần Phú,Trường THCS Trần Phú,105.91863250732422,20.74369239807129,,,,,35a6cbd8-b315-3813-b973-c7f50853e8ba,Unknown
Giga,Trường THCS Trần Phú,Trường THCS Trần Phú,105.91803741455078,20.53946304321289,,,,,c3007020-6d1b-36ea-887f-d63717c152df,Unknown
Giga,Trường THCS Trần Phú,Trường THCS Trần Phú,106.67520141601562,20.854074478149414,,,,,fe72adf8-03df-3487-8a1e-b6a9cfd3229f,Unknown
Giga,Trường THCS Trần Phú,Trường THCS Trần Phú,109.16119384765625,11.924095153808594,,,,,c3b4461a-7cc1-36a3-b0e4-ce4d36d26c82,Unknown
Giga,Trường THCS Trần Phú - Phú Xuyên,Trường THCS Trần Phú - Phú Xuyên,105.91118621826172,20.744705200195312,,,,,e7a1b53a-dee0-382c-b5c2-ea6e1988623f,Unknown
Giga,Trường THCS Trần Quang Diệu,Trường THCS Trần Quang Diệu,106.74822998046875,11.332613945007324,,,,,6c88da7e-8102-3a47-bf76-cb21efe4abab,Unknown
Giga,Trường THCS Trần Quang Khải,Trường THCS Trần Quang Khải,106.62189483642578,10.872539520263672,,,,,1c136e52-6c7a-3ee8-af25-8649ad918cd3,Unknown
Giga,Trường THCS Trần Quang Khải,Trường THCS Trần Quang Khải,106.63346099853516,10.79559326171875,,,,,16c3afce-61cb-365a-a55f-4eefbffdbe97,Unknown
Giga,Trường THCS Trần Quang Khải,Trường THCS Trần Quang Khải,108.10960388183594,16.07330894470215,,,,,1cd2e523-564a-332b-b5a7-9621a106e337,Unknown
Giga,Trường THCS Trần Quốc Toản,Trường THCS Trần Quốc Toản,105.91864013671875,20.536436080932617,,,,,8f1dd049-8b58-32e9-a924-68c670619a07,Unknown
Giga,Trường THCS Trần Quốc Toản,Trường THCS Trần Quốc Toản,108.57455444335938,11.179584503173828,,,,,dc866d8a-d359-3ea8-a303-e5e6d9e27712,Unknown
Giga,Trường THCS Trần Quốc Toản,Trường THCS Trần Quốc Toản,106.61248016357422,10.789082527160645,,,,,553123db-e304-3683-bbfc-17469cea14a6,Unknown
Giga,Trường THCS Trần Quốc Tuấn,Trường THCS Trần Quốc Tuấn,109.0993881225586,12.500643730163574,,,,,166c48ae-16f7-369d-a817-dc5b2788db07,Unknown
Giga,Trường THCS Trần Quốc Tuấn,Trường THCS Trần Quốc Tuấn,108.13600158691406,15.983537673950195,,,,,4fefd00e-fec0-3589-a3af-90d590fc8da2,Unknown
Giga,Trường THCS Trần Quý Cáp,Trường THCS Trần Quý Cáp,108.21370697021484,16.02089500427246,,,,,1e2834d1-4ec7-38e8-bbea-8fb2dfb6969c,Unknown
Giga,Trường THCS Trần Thi,Trường THCS Trần Thi,108.99686431884766,11.555840492248535,,,,,940e0432-111b-378f-be07-2d6e6ae9cbfc,Unknown
Giga,Trường THCS Trần Văn Đang,Trường THCS Trần Văn Đang,106.65953063964844,10.786781311035156,,,,,76409568-a650-345b-93dc-251c2858d32c,Unknown
Giga,Trường THCS Trần Văn Ơn,Trường THCS Trần Văn Ơn,105.7016372680664,9.296085357666016,,,,,89da65bc-57d3-3eae-806e-f09ca0e394f1,Unknown
Giga,Trường THCS Trí Bình,Trường THCS Trí Bình,106.01229095458984,11.310063362121582,,,,,9633b2a3-2ee4-3ae2-8bb4-bb97ce0684d7,Unknown
Giga,Trường THCS Triệu Thành,Trường THCS Triệu Thành,107.18783569335938,16.77243995666504,,,,,92f91e0b-274e-3c85-8841-4a41cc80d333,Unknown
Giga,Trường THCS Trịnh Hoài Đức,Trường THCS Trịnh Hoài Đức,106.3701400756836,10.35438346862793,,,,,546ff7be-e5f5-3177-a641-997386690a3c,Unknown
Giga,Trường THCS Tri Tôn,Trường THCS Tri Tôn,104.99789428710938,10.418478965759277,,,,,3fdf0277-1a0b-3ddc-820a-8bd40fcc3339,Unknown
Giga,Trường THCS Tri Trung,Trường THCS Tri Trung,105.82897186279297,20.77774429321289,,,,,652f93ad-d81d-31ef-af31-5c2e9632fff3,Unknown
Giga,Trường THCS Trới,Trường THCS Trới,106.99617004394531,21.026329040527344,,,,,0fa2d8b5-b3eb-39b2-9e35-5a023c537ce1,Unknown
Giga,Trường THCS Trọng Điểm,Trường THCS Trọng Điểm,107.09618377685547,20.954484939575195,,,,,fdab0067-d695-3731-8c39-60bdd5a4558b,Unknown
Giga,Trường THCS Trung Giã,Trường THCS Trung Giã,105.8660888671875,21.312286376953125,,,,,2512a206-4823-3953-8325-82fa1d1838c4,Unknown
Giga,Trường THCS Trung Hoà,Trường THCS Trung Hoà,105.64300537109375,20.90620994567871,,,,,a0c4cb98-e0ec-3562-be98-c2762aa6b2cd,Unknown
Giga,Trường THCS Trung Hòa - Chương Mỹ,Trường THCS Trung Hòa - Chương Mỹ,105.64250946044922,20.906150817871094,,,,,39cd4452-9060-3377-9100-bc88b5497d4f,Unknown
Giga,Trường THCS Trung Kiên,Trường THCS Trung Kiên,105.5526351928711,10.234864234924316,,,,,12eadee3-7239-36a8-b921-737a3c06d5cb,Unknown
Giga,Trường THCS Trung Sơn,Trường THCS Trung Sơn,106.69208526611328,10.734110832214355,,,,,cf89fb8c-c4dd-3f8a-b179-b8743c9d9ea8,Unknown
Giga,Trường THCS Trung Sơn Trầm,Trường THCS Trung Sơn Trầm,105.49019622802734,21.111364364624023,,,,,e8f6a083-9174-3432-ba66-ea95ddd8ab5e,Unknown
Giga,Trường THCS Trung Thạnh,Trường THCS Trung Thạnh,105.51802062988281,10.209240913391113,,,,,726c0378-b051-3cf5-9d90-370de2827284,Unknown
Giga,Trường THCS Trung Văn,Trường THCS Trung Văn,105.79100799560547,20.99092674255371,,,,,1a976e94-3d27-3751-b9f3-c45bf823706a,Unknown
Giga,Trường THCS Trưng Vương,Trường THCS Trưng Vương,109.18989562988281,12.254271507263184,,,,,610de11e-10e5-39dc-b1d6-c59114278866,Unknown
Giga,Trường THCS Trưng Vương,Trường THCS Trưng Vương,108.22223663330078,16.067014694213867,,,,,db8d61b4-9620-3a92-867f-094f50c3649c,Unknown
Giga,Trường THCS Trưng Vương - Mê Linh,Trường THCS Trưng Vương - Mê Linh,105.72689819335938,21.177804946899414,,,,,6832b763-f913-3dd1-9510-817698a74f35,Unknown
Giga,Trường THCS Trường Chinh,Trường THCS Trường Chinh,106.64761352539062,10.796334266662598,,,,,c812e306-15a3-35e3-aa89-00034031ff7e,Unknown
Giga,Trường THCS Trương Công Định,Trường THCS Trương Công Định,106.6961898803711,10.802140235900879,,,,,22cf095d-730d-374d-9e6e-70f0a18fd937,Unknown
Giga,Trường THCS Trường Hán Siêu,Trường THCS Trường Hán Siêu,105.97917938232422,20.254377365112305,,,,,0b399d89-cb6e-37a8-9c66-9137c184daca,Unknown
Giga,Trường THCS Trường Hòa,Trường THCS Trường Hòa,106.15104675292969,11.276723861694336,,,,,ec03cf47-45f7-3005-b7a0-a6ffa37325cc,Unknown
Giga,Trường THCS Trường Sơn,Trường THCS Trường Sơn,105.88843536376953,19.737394332885742,,,,,9e1bba13-bca3-3176-8f9f-20ac9167f514,Unknown
Giga,Trường THCS Trường Sơn,Trường THCS Trường Sơn,106.6866226196289,10.822227478027344,,,,,a620faaa-a165-394f-9ddf-ffa9920a8ee9,Unknown
Giga,Trường THCS Trường Tây,Trường THCS Trường Tây,106.13967895507812,11.261734962463379,,,,,bfb4ea80-db93-3cac-95b7-d99f24ee75a9,Unknown
Giga,Trường THCS Trường Thành 2,Trường THCS Trường Thành 2,105.59197998046875,10.030065536499023,,,,,67fce6d2-e0a9-3f85-880f-4f1ce6f0449e,Unknown
Giga,Trường THCS Trường Thịnh,Trường THCS Trường Thịnh,105.76703643798828,20.76675033569336,,,,,03b47565-36f2-332e-8dab-e5bac61a499a,Unknown
Giga,Trường THCS Trường Xuân,Trường THCS Trường Xuân,105.79088592529297,10.653498649597168,,,,,47375467-f330-3f7e-875f-f2e08065a00b,Unknown
Giga,Trường THCS Trường Xuân,Trường THCS Trường Xuân,105.5312728881836,10.00749683380127,,,,,a659cabb-4aa9-3cb1-a5d1-76c3aaaa0675,Unknown
Giga,Trường THCS TT. Cầu Quan,Trường THCS TT. Cầu Quan,106.13236236572266,9.7693510055542,,,,,5792d07e-5a9b-329e-8b62-a57443849e46,Unknown
Giga,Trường THCS TT. Cầu Quan,Trường THCS TT. Cầu Quan,106.13235473632812,9.769357681274414,,,,,a9ac034d-ee94-3446-8e9d-a65e7571dd11,Unknown
Giga,Trường THCS TT Đắk Mâm,Trường THCS TT Đắk Mâm,107.86074829101562,12.465521812438965,,,,,494bac77-ed8b-30de-b63a-fd4c8145ebff,Unknown
Giga,Trường THCS Tú Điềm,Trường THCS Tú Điềm,106.13021087646484,9.552302360534668,,,,,188e1790-e7e6-3e54-b4ca-53132a9bfd28,Unknown
Giga,Trường THCS Tứ Hiệp,Trường THCS Tứ Hiệp,105.8536376953125,20.94763946533203,,,,,02cf71e1-db81-3404-b9b1-75ae1ca807e0,Unknown
Giga,Trường THCS Tự Lập,Trường THCS Tự Lập,105.65557861328125,21.218017578125,,,,,ddc3e450-451d-355d-9dec-ae8cf17ec319,Unknown
Giga,Trường THCS Tự Nhiên,Trường THCS Tự Nhiên,105.91615295410156,20.85943031311035,,,,,e11f2b79-8ea6-332e-8cae-bab6f3c9105a,Unknown
Giga,Trường THCS Tương Giang,Trường THCS Tương Giang,105.9904556274414,21.13980484008789,,,,,fdc652fa-9782-3086-b1b1-fe1339112f4e,Unknown
Giga,Trường THCS Tuyết Nghĩa,Trường THCS Tuyết Nghĩa,105.59049987792969,20.969139099121094,,,,,8d426b7f-6bf1-3f73-b51f-5efafe770f49,Unknown
Giga,Trường THCS Uy Nỗ,Trường THCS Uy Nỗ,105.85884857177734,21.139461517333984,,,,,b7447597-0486-355e-bad5-9992eb296c0c,Unknown
Giga,Trường THCS Vạn An,Trường THCS Vạn An,106.04994201660156,21.192501068115234,,,,,20863ad2-a73e-37e3-a783-122c85002a30,Unknown
Giga,Trường THCS Văn Bình,Trường THCS Văn Bình,105.86376190185547,20.880292892456055,,,,,ee37afd1-e78e-3039-8879-28ca836d1e5f,Unknown
Giga,Trường THCS Vạn Điểm,Trường THCS Vạn Điểm,105.90878295898438,20.777002334594727,,,,,b659c078-f82a-36e1-a552-4ef068d43166,Unknown
Giga,Trường THCS Văn Đức,Trường THCS Văn Đức,106.42178344726562,21.091209411621094,,,,,4ab0ff5b-4f54-3bd5-848e-3f1c35a57a75,Unknown
Giga,Trường THCS Văn Đức,Trường THCS Văn Đức,105.8985366821289,20.943035125732422,,,,,d83bab18-7df8-3b84-a6ac-99f9a815d122,Unknown
Giga,Trường THCS Vân Dương,Trường THCS Vân Dương,106.09420013427734,21.165407180786133,,,,,9be4ac3d-015c-3d26-88d3-8ee494b35db8,Unknown
Giga,Trường THCS Vân Hà,Trường THCS Vân Hà,105.62040710449219,21.15020751953125,,,,,92a6e2fb-99f3-30f7-a33c-25d609478a1b,Unknown
Giga,Trường THCS Vân Hồ,Trường THCS Vân Hồ,105.84947967529297,21.00942039489746,,,,,2b85f984-c797-30d9-bbc9-073541b04b68,Unknown
Giga,Trường THCS Văn Khê,Trường THCS Văn Khê,105.76583862304688,20.965402603149414,,,,,8580ae18-5a28-346e-9444-a5393794317d,Unknown
Giga,Trường THCS Văn Lang,Trường THCS Văn Lang,106.68785095214844,10.792911529541016,,,,,08467fa8-ce6a-3ce4-b435-c9b2e5abf221,Unknown
Giga,Trường THCS Văn Lang,Trường THCS Văn Lang,105.39274597167969,21.32884407043457,,,,,7d20ce9c-1608-3685-b82e-99f71174e05f,Unknown
Giga,Trường THCS Văn Lý,Trường THCS Văn Lý,105.9931411743164,20.58680534362793,,,,,ebf8d07a-7f1c-3bcf-b16f-dc1289e5b07a,Unknown
Giga,Trường THCS Vân Nam,Trường THCS Vân Nam,105.59994506835938,21.14690589904785,,,,,cbb8967a-485b-3862-975f-22ef82a7220f,Unknown
Giga,Trường THCS Vân Nội,Trường THCS Vân Nội,105.81596374511719,21.14984130859375,,,,,2e2dfc6e-fe2e-310f-94de-a2cb89e46d2c,Unknown
Giga,Trường THCS Văn Phú,Trường THCS Văn Phú,105.85460662841797,20.867053985595703,,,,,921d029f-de61-3e6c-98a9-30b5c262d761,Unknown
Giga,Trường THCS Vạn Phúc,Trường THCS Vạn Phúc,105.77857208251953,20.978721618652344,,,,,134d09e1-c9ea-3ec8-a07b-a64009c1a81c,Unknown
Giga,Trường THCS Vạn Phúc,Trường THCS Vạn Phúc,105.89801788330078,20.920454025268555,,,,,f605e8ea-ff32-3138-9fd3-a25344730c6e,Unknown
Giga,Trường THCS Văn Quán,Trường THCS Văn Quán,105.78643035888672,20.976587295532227,,,,,0d85c0e6-3235-3b58-8ce0-fae115c40874,Unknown
Giga,Trường THCS Vân Tảo,Trường THCS Vân Tảo,105.89559936523438,20.87091827392578,,,,,0f878dfe-736b-34ba-83b7-ffb7d5facded,Unknown
Giga,Trường THCS Vạn Thái,Trường THCS Vạn Thái,105.76618957519531,20.70602798461914,,,,,41f606c2-b601-3a4f-90ee-c040bc4415fa,Unknown
Giga,Trường THCS Văn Thân,Trường THCS Văn Thân,106.63758087158203,10.740078926086426,,,,,e98dc03e-5a0a-3816-aa0d-619e22871ef0,Unknown
Giga,Trường THCS Văn Tự,Trường THCS Văn Tự,105.8896484375,20.787824630737305,,,,,0c2db50f-394e-3f14-9e8f-ec73de9e0da7,Unknown
Giga,Trường THCS Vân Từ,Trường THCS Vân Từ,105.89606475830078,20.715980529785156,,,,,4270af29-c1f4-3f9e-8ed5-d0ce50a5389e,Unknown
Giga,Trường THCS Vạn Yên,Trường THCS Vạn Yên,105.62652587890625,21.201173782348633,,,,,92e54456-d237-3372-bdd6-1e90b18de513,Unknown
Giga,Trường THCS và THPT Bá Thước,Trường THCS và THPT Bá Thước,105.1820297241211,20.441184997558594,,,,,ee8a94ea-b39b-35a1-9b18-e7e65463ce69,Unknown
Giga,Trường THCS và THPT Đoàn Trần Nghiệp,Trường THCS và THPT Đoàn Trần Nghiệp,106.61930847167969,10.381277084350586,,,,,ebd66a09-ccd6-35dd-b03f-bc4c892fbca2,Unknown
Giga,Trường THCS và THPT Nguyễn Tất Thành,Trường THCS và THPT Nguyễn Tất Thành,105.78482818603516,21.03727149963379,,,,,a52ba250-8167-35b9-8954-db9c8447d3f8,Unknown
Giga,Trường THCS và THPT Sương Nguyệt Anh,Trường THCS và THPT Sương Nguyệt Anh,106.67129516601562,10.762131690979004,,,,,f159652d-a171-3545-975c-d98113b7ebf0,Unknown
Giga,Trường THCS và THPT Võ Thị Sáu,Trường THCS và THPT Võ Thị Sáu,109.23922729492188,13.333381652832031,,,,,1f0fe374-cadb-312c-a227-4686f0d83080,Unknown
Giga,Trường THCS Vật Lại,Trường THCS Vật Lại,105.40300750732422,21.208494186401367,,,,,bbe22923-3ae7-32e0-9212-1a5216b175ca,Unknown
Giga,Trường THCS Viên Sơn,Trường THCS Viên Sơn,105.50985717773438,21.14984893798828,,,,,8c6cc55d-2ada-3292-b06a-fb10f63d240d,Unknown
Giga,Trường THCS Việt Hùng,Trường THCS Việt Hùng,105.87754821777344,21.138885498046875,,,,,b406ff66-0bb9-32ef-b20a-52a12f3fcc46,Unknown
Giga,Trường THCS Việt Hưng,Trường THCS Việt Hưng,105.90116119384766,21.060636520385742,,,,,e16b970d-4996-317a-81bb-06dbf069d3a4,Unknown
Giga,Trường THCS Việt Hưng,Trường THCS Việt Hưng,106.97486114501953,20.997526168823242,,,,,e5f1f5ba-b0ae-3ad2-8f40-e1fc0b2a73c4,Unknown
Giga,Trường THCS Việt Long,Trường THCS Việt Long,105.91514587402344,21.24721908569336,,,,,31e64d7b-511f-3ecb-9060-da0aa17d1170,Unknown
Giga,Trường THCS Vĩnh An,Trường THCS Vĩnh An,107.0314712524414,11.08206558227539,,,,,a8987174-7666-3e71-aa77-e5f876b7f534,Unknown
Giga,Trường THCS Vĩnh Châu A,Trường THCS Vĩnh Châu A,105.71887969970703,10.718470573425293,,,,,de314315-5057-3d50-adcc-792c75197341,Unknown
Giga,Trường THCS Vĩnh Hưng,Trường THCS Vĩnh Hưng,105.87946319580078,20.98802947998047,,,,,a5f9e131-21dc-3149-97a3-045390949da8,Unknown
Giga,Trường THCS Vĩnh Khúc,Trường THCS Vĩnh Khúc,106.00247192382812,20.93773078918457,,,,,0974f2dd-aed7-30c3-b986-a8ed9b610183,Unknown
Giga,Trường THCS Vĩnh Lộc B,Trường THCS Vĩnh Lộc B,106.56713104248047,10.796320915222168,,,,,de88d2e5-7718-31af-b2ba-b224d848db1d,Unknown
Giga,Trường THCS Vĩnh Ngọc,Trường THCS Vĩnh Ngọc,105.82925415039062,21.112977981567383,,,,,dcab34b4-b36d-326a-80f6-fac8bf533435,Unknown
Giga,Trường THCS Vĩnh Niệm,Trường THCS Vĩnh Niệm,106.67947387695312,20.82744789123535,,,,,e0cedb38-0fa2-3c3d-8f04-ef22cee2302b,Unknown
Giga,Trường THCS Vĩnh Phúc,Trường THCS Vĩnh Phúc,106.37255859375,10.255635261535645,,,,,02122ee3-9ca1-3460-9efd-7d5778dcecaa,Unknown
Giga,Trường THCS Vĩnh Quỳnh,Trường THCS Vĩnh Quỳnh,105.8352279663086,20.933393478393555,,,,,621c41f6-70d5-37de-b975-203f22442cd8,Unknown
Giga,Trường THCS Vĩnh Quỳnh,Trường THCS Vĩnh Quỳnh,105.82413482666016,20.93743324279785,,,,,e120ea8b-996e-39b3-91de-4e0fbc17a87b,Unknown
Giga,Trường THCS Vĩnh Thạnh,Trường THCS Vĩnh Thạnh,105.61333465576172,10.337141990661621,,,,,80853a79-99cf-3cd3-a041-979becc27037,Unknown
Giga,Trường THCS Vĩnh Yên,Trường THCS Vĩnh Yên,105.58124542236328,21.320926666259766,,,,,28931662-4888-321f-8e12-4d0573a3a4a1,Unknown
Giga,Trường THCS VinSchool,Trường THCS VinSchool,106.66606140136719,20.86323356628418,,,,,a25085ed-36da-3f36-a974-b6dc42baa210,Unknown
Giga,Trường THCS Võ Duy Dương,Trường THCS Võ Duy Dương,105.9393310546875,10.775473594665527,,,,,c336a777-91e8-3b78-83d7-84caa609703a,Unknown
Giga,Trường THCS Võng La,Trường THCS Võng La,105.76526641845703,21.109546661376953,,,,,1d68e1ae-5d94-395f-af25-6d66082bb9e3,Unknown
Giga,Trường THCS Võng Xuyên,Trường THCS Võng Xuyên,105.5494613647461,21.13009262084961,,,,,7ef555d0-577f-3e18-a35b-33d816649646,Unknown
Giga,Trường THCS Võng Xuyên B,Trường THCS Võng Xuyên B,105.55320739746094,21.126243591308594,,,,,94746582-0433-3a21-8cea-61faee4c6593,Unknown
Giga,Trường THCS Võ Thị Sáu,Trường THCS Võ Thị Sáu,106.3324966430664,20.93027687072754,,,,,9ea25c24-feb2-3553-8b23-50887ba66489,Unknown
Giga,Trường THCS Võ Thị Sáu,Trường THCS Võ Thị Sáu,108.5611801147461,11.180071830749512,,,,,5f0671fc-bb89-33a1-b1ee-c07f753d7871,Unknown
Giga,Trường THCS Võ Thị Sáu,Trường THCS Võ Thị Sáu,105.72210693359375,9.284345626831055,,,,,7960fcc2-8018-35cf-99f5-30806104bead,Unknown
Giga,Trường THCS Võ Trứ,Trường THCS Võ Trứ,109.210693359375,13.306955337524414,,,,,3dc9f013-cc3d-3f9f-8918-b39aa77ba209,Unknown
Giga,Trường THCS Võ Trứ,Trường THCS Võ Trứ,109.21085357666016,13.307233810424805,,,,,f02fb29d-b7ad-3d31-9cae-2a0deb7f20f1,Unknown
Giga,Trường THCS Võ Trường Toản,Trường THCS Võ Trường Toản,107.27340698242188,10.594329833984375,,,,,f4de001c-d639-30f4-8f53-c56f7f2171eb,Unknown
Giga,Trường THCS Võ Trường Toản,Trường THCS Võ Trường Toản,106.90680694580078,10.960537910461426,,,,,514f2d6b-75b6-336d-a3b8-6b305426454c,Unknown
Giga,Trường THCS Võ Trường Toản,Trường THCS Võ Trường Toản,105.10770416259766,9.96364974975586,,,,,0dfeae10-ed48-3a02-a2f0-07fa44fcb105,Unknown
Giga,Trường THCS Võ Trường Toản,Trường THCS Võ Trường Toản,106.8060073852539,10.996131896972656,,,,,f9518e72-5eea-3489-baf3-ebfbc976ae12,Unknown
Giga,Trường THCS Võ Trường Toản,Trường THCS Võ Trường Toản,106.76654815673828,10.893630981445312,,,,,5700d119-e908-32f3-94a7-5711574d630c,Unknown
Giga,Trường THCS Võ Văn Kiệt,Trường THCS Võ Văn Kiệt,106.11222076416016,11.303993225097656,,,,,71bed62f-0eb8-3839-b6ea-49fa35644d70,Unknown
Giga,Trường THCS Võ Văn Lân,Trường THCS Võ Văn Lân,106.7047348022461,10.123442649841309,,,,,8be1f7b5-04c7-30fa-a8f3-d3700b3c73fc,Unknown
Giga,Trường THCS Võ Văn Tần,Trường THCS Võ Văn Tần,106.45863342285156,10.824360847473145,,,,,9d2d739a-fcff-397f-b64c-933b3a22b0bd,Unknown
Giga,Trường THCS Võ Văn Tần - CS1,Trường THCS Võ Văn Tần - CS1,106.6468734741211,10.789383888244629,,,,,8853b27d-5904-3051-9b50-c9606c2db307,Unknown
Giga,Trường THCS Võ Văn Tần - CS2,Trường THCS Võ Văn Tần - CS2,106.64515686035156,10.788751602172852,,,,,c494db9f-3872-31d1-9557-421c3876cb5e,Unknown
Giga,Trường THCS Võ Văn Truyện,Trường THCS Võ Văn Truyện,106.08072662353516,11.283623695373535,,,,,8480535e-392c-35b7-95d9-e9a026a7b584,Unknown
Giga,Trường THCS Võ Văn Vân,Trường THCS Võ Văn Vân,106.56346893310547,10.76911449432373,,,,,b3595241-e2f2-3bf5-bf32-8709271c9e1e,Unknown
Giga,Trường THCS Vũ Kiệt,Trường THCS Vũ Kiệt,106.08670806884766,21.044897079467773,,,,,81e2d96f-457d-3a8c-982c-a51bf35711e3,Unknown
Giga,Trường THCS Vũ Kiệt,Trường THCS Vũ Kiệt,106.08475494384766,21.061290740966797,,,,,68489354-3895-3999-a704-435f2705c25f,Unknown
Giga,Trường THCS Vũ Ninh,Trường THCS Vũ Ninh,106.08150482177734,21.18925666809082,,,,,b222afca-87fd-3812-8103-94214c1b5e3b,Unknown
Giga,Trường THCS Vũ Ninh,Trường THCS Vũ Ninh,106.08088684082031,21.18952751159668,,,,,55af6b11-bf73-3dc3-8178-d464a3f78f77,Unknown
Giga,Trường THCS Xà Bang,Trường THCS Xà Bang,107.24951171875,10.721041679382324,,,,,1004d0de-2833-32b0-ba66-8065cb73fbf2,Unknown
Giga,Trường THCS xã Bá Xuyên,Trường THCS xã Bá Xuyên,105.83369445800781,21.48957061767578,,,,,9689f3ed-277b-3d55-ad63-9aea70d190a5,Unknown
Giga,Trường THCS xã Binh Sơn,Trường THCS xã Binh Sơn,105.80658721923828,21.506898880004883,,,,,78779271-848c-311a-82c8-3c4c8ee3bedb,Unknown
Giga,Trường THCS xã Lịch Hội Thượng,Trường THCS xã Lịch Hội Thượng,106.15770721435547,9.451883316040039,,,,,0050c6cf-839c-3341-a165-d8a7940c4b38,Unknown
Giga,Trường THCS xã Nam Đồng,Trường THCS xã Nam Đồng,106.36445617675781,20.950401306152344,,,,,d10ed059-8aaf-3b99-9325-a082b50c0f00,Unknown
Giga,Trường THCS xã Nhơn Ái,Trường THCS xã Nhơn Ái,105.66139221191406,9.992941856384277,,,,,edf5bdbb-5537-3901-8c77-94af7eb70e5c,Unknown
Giga,Trường THCS xã Yên Phong,Trường THCS xã Yên Phong,106.7202377319336,20.783397674560547,,,,,84fbd05a-73e8-3e3d-9627-2dac553f0c3e,Unknown
Giga,Trường THCS Xuân Diệu,Trường THCS Xuân Diệu,105.77753448486328,18.448925018310547,,,,,7c0aeaf7-3725-3ff0-884d-6113ba0f3d02,Unknown
Giga,Trường THCS Xuân Đỉnh,Trường THCS Xuân Đỉnh,105.79570770263672,21.071929931640625,,,,,3e2b162f-e68b-3f86-8e48-a15939ff99f7,Unknown
Giga,Trường THCS Xuân Giang,Trường THCS Xuân Giang,105.89862823486328,21.24440574645996,,,,,3c28a60f-a181-3d65-856e-dab88a6db655,Unknown
Giga,Trường THCS Xuân Hòa,Trường THCS Xuân Hòa,105.72642517089844,21.282075881958008,,,,,946fe419-5422-30e6-aa5c-3de08f35aa7d,Unknown
Giga,Trường THCS Xuân Khanh,Trường THCS Xuân Khanh,105.44029235839844,21.114309310913086,,,,,07450667-4e05-38d7-8dc8-b10d82b986eb,Unknown
Giga,Trường THCS Xuân La,Trường THCS Xuân La,105.80670166015625,21.064842224121094,,,,,67fae877-6fad-3816-917d-ac7c4415bcbd,Unknown
Giga,Trường THCS Xuân Mai A,Trường THCS Xuân Mai A,105.56707763671875,20.88819694519043,,,,,072282d7-b170-3ecb-b3d7-c94c99858352,Unknown
Giga,Trường THCS Xuân Mai A,Trường THCS Xuân Mai A,105.56730651855469,20.88794708251953,,,,,05b594b1-e4bf-361b-a0d6-24963df2704e,Unknown
Giga,Trường THCS Xuân Mai B,Trường THCS Xuân Mai B,105.59624481201172,20.904865264892578,,,,,bdbf84d6-5725-3599-892c-90da46caf84c,Unknown
Giga,Trường THCS Xuân Mai B,Trường THCS Xuân Mai B,105.5960693359375,20.904874801635742,,,,,097b60d1-3df7-3223-abd8-09484e19920f,Unknown
Giga,Trường THCS Xuân Nộn,Trường THCS Xuân Nộn,105.86576843261719,21.18364715576172,,,,,a3a27343-00ee-3268-8688-f6b6fa6c6cd6,Unknown
Giga,Trường THCS Xuân Phú,Trường THCS Xuân Phú,105.580810546875,21.145009994506836,,,,,d7f85467-8b2e-34b5-929d-0cc5b3f1b208,Unknown
Giga,Trường THCS Xuân Phương,Trường THCS Xuân Phương,105.7451171875,21.027812957763672,,,,,0c320019-5357-3f91-99f1-5332d6c58b6b,Unknown
Giga,Trường THCS Xuân Tân,Trường THCS Xuân Tân,107.22795104980469,10.89492416381836,,,,,098b8563-a04f-32c0-bec9-f340f7dd70b1,Unknown
Giga,Trường THCS Xuân Thới Thượng,Trường THCS Xuân Thới Thượng,106.56878662109375,10.863104820251465,,,,,546d04c1-6cae-3efa-a31d-5f50494795c5,Unknown
Giga,Trường THCS Xuân Thới Thượng,Trường THCS Xuân Thới Thượng,106.56890869140625,10.862401962280273,,,,,6a19f679-0c28-30c1-9ef3-7ca78cc8ee79,Unknown
Giga,Trường THCS Xuân Thu,Trường THCS Xuân Thu,105.89429473876953,21.195100784301758,,,,,af28bf3a-7c11-30b1-8f2a-d4306706400d,Unknown
Giga,Trường THCS Xuân Trường,Trường THCS Xuân Trường,106.33293151855469,20.289941787719727,,,,,8140a4c4-1609-32d0-92a1-5522b4851298,Unknown
Giga,Trường THCS Xuy Xá,Trường THCS Xuy Xá,105.73737335205078,20.714126586914062,,,,,631f3774-3d26-3a34-9dc7-91d150fc7e73,Unknown
Giga,Trường THCS Yên Biên,Trường THCS Yên Biên,104.98809051513672,22.827957153320312,,,,,2f1f92dd-7a93-3b61-b25c-bbb09d9d88f9,Unknown
Giga,Trường THCS Yên Bình,Trường THCS Yên Bình,105.4562759399414,20.985107421875,,,,,24c4e3b1-5e96-3364-9a45-69b192616576,Unknown
Giga,Trường THCS Yên Giả,Trường THCS Yên Giả,106.13079833984375,21.116077423095703,,,,,97ebb55d-4d10-371b-9b81-180c49448e6e,Unknown
Giga,Trường THCS Yên Hòa,Trường THCS Yên Hòa,105.79130554199219,21.022647857666016,,,,,ef8dce88-6b98-3657-9440-8e7276687c66,Unknown
Giga,Trường THCS Yên Nghĩa,Trường THCS Yên Nghĩa,105.73704528808594,20.955793380737305,,,,,86adc75c-a1b0-374e-be4c-a9ad8e745158,Unknown
Giga,Trường THCS Yên Sở,Trường THCS Yên Sở,105.87216186523438,20.968181610107422,,,,,b87d5ada-4b32-368a-8867-1736be0bebcb,Unknown
Giga,Trường THCS Yên Sở,Trường THCS Yên Sở,105.67930603027344,21.04467010498047,,,,,04b4a3d6-2648-3981-b184-ae771894f152,Unknown
Giga,Trường THCS Yên Sơn,Trường THCS Yên Sơn,105.660888671875,21.005319595336914,,,,,5b2c116b-dada-3e6f-8fdc-f1b482f1dafa,Unknown
Giga,Trường THCS Yên Thường,Trường THCS Yên Thường,105.91619873046875,21.101991653442383,,,,,2dcc0c48-afe6-3b64-bf2d-0fba09a5392e,Unknown
Giga,Trường THCS Yên Trung,Trường THCS Yên Trung,105.42169189453125,21.001108169555664,,,,,e8a65d54-c58b-3b22-95ff-059939449fb3,Unknown
Giga,Trường Thcs Yên Tuấn,Trường Thcs Yên Tuấn,105.58692932128906,18.538593292236328,,,,,fbd3acae-056f-3bcd-8501-8d5a79fd206c,Unknown
Giga,Trường Thể thao Thiếu niên 10 tháng 10,Trường Thể thao Thiếu niên 10 tháng 10,105.82318878173828,21.02766990661621,,,,,7be5c4d8-b8cf-3a1c-9167-7c5e1197cdb0,Unknown
Giga,trường TH Kháng Nhật,trường TH Kháng Nhật,105.42716217041016,21.668228149414062,,,,,97eb2bf9-819a-3732-9fe9-700d6c249142,Unknown
Giga,Trường TH Liên Hương 3,Trường TH Liên Hương 3,108.735595703125,11.221625328063965,,,,,714b76b2-24fb-3f94-9f5c-677898d6bda9,Unknown
Giga,Trường THPT 19-5,Trường THPT 19-5,105.44534301757812,20.740478515625,,,,,63d2cb8c-7fe2-3210-b697-a906535b7e62,Unknown
Giga,Trường THPT A Bình Lục,Trường THPT A Bình Lục,106.01231384277344,20.48975372314453,,,,,3f2232c1-17be-36c6-8864-8fa7536ed94f,Unknown
Giga,Trường THPT A Duy Tiên,Trường THPT A Duy Tiên,105.98560333251953,20.644166946411133,,,,,90aedda2-d1a2-34a1-9bb8-7d55bc5359b1,Unknown
Giga,Trường THPT A Hải Hậu,Trường THPT A Hải Hậu,106.29056549072266,20.20050621032715,,,,,f77dc7e6-6172-36ae-8d4e-61236e8e59ed,Unknown
Giga,Trường THPT Ái Quốc,Trường THPT Ái Quốc,106.3813705444336,20.967741012573242,,,,,39397034-f6e5-3614-9c5c-d8a32669c1e8,Unknown
Giga,Trường THPT A Kim Bảng,Trường THPT A Kim Bảng,105.87599182128906,20.576786041259766,,,,,6777fd14-3ca9-3500-835d-116c0e56d10c,Unknown
Giga,Trường THPT An Biên,Trường THPT An Biên,105.05780029296875,9.809586524963379,,,,,c7069271-ff9d-3a20-a33e-88ce51897615,Unknown
Giga,Trường THPT An Dương,Trường THPT An Dương,106.6150131225586,20.86465835571289,,,,,3f12a450-9be8-3f39-982e-be99e160acee,Unknown
Giga,Trường THPT An Dương Vương,Trường THPT An Dương Vương,105.8521957397461,21.16082763671875,,,,,219506a3-7c87-31bb-a82a-734b3468632e,Unknown
Giga,Trường THPT An Dương Vương,Trường THPT An Dương Vương,106.63327026367188,10.769147872924805,,,,,e3edcab5-62e8-3f7a-85a9-827823a29d28,Unknown
Giga,Trường THPT A Nghĩa Hưng,Trường THPT A Nghĩa Hưng,106.18048095703125,20.216962814331055,,,,,64cb10b6-8379-3265-99b8-3119cc9e6144,Unknown
Giga,Trường THPT Anhxtanh,Trường THPT Anhxtanh,106.6956558227539,20.86646270751953,,,,,79e0772a-85cb-3dd0-9a9a-e414f4ddac1d,Unknown
Giga,Trường THPT Anhxtanh Hà Nội,Trường THPT Anhxtanh Hà Nội,105.8228759765625,21.007383346557617,,,,,7aa5230d-870b-3a58-9a87-ab8bfad9077c,Unknown
Giga,Trường THPT An Khánh,Trường THPT An Khánh,105.75615692138672,10.04212760925293,,,,,cf84e81c-caab-3b5b-b2c8-e29a0e2d8d39,Unknown
Giga,Trường THPT An Lạc,Trường THPT An Lạc,106.61219787597656,10.731520652770996,,,,,6fad4d6b-b088-3c5a-8918-6b061c5651be,Unknown
Giga,Trường THPT An Lão,Trường THPT An Lão,108.90019226074219,14.55126667022705,,,,,7160f69e-d8e2-32b0-a14d-fe3abd38a181,Unknown
Giga,Trường THPT An Minh,Trường THPT An Minh,104.9416275024414,9.633024215698242,,,,,eb32c366-213a-34aa-bd68-a2a9317b5628,Unknown
Giga,Trường THPT An Mỹ,Trường THPT An Mỹ,106.68197631835938,11.016353607177734,,,,,a80ccdc0-dc12-32d6-9fc4-6c50862e8902,Unknown
Giga,Trường THPT An Nghĩa,Trường THPT An Nghĩa,106.83052062988281,10.589641571044922,,,,,554f3f3c-89be-3637-8052-dcbaacd2c953,Unknown
Giga,Trường THPT An Nhơn Tây,Trường THPT An Nhơn Tây,106.50890350341797,11.082512855529785,,,,,41ce66cc-997b-3976-9952-da7644ca56e1,Unknown
Giga,Trường THPT Ân Thi,Trường THPT Ân Thi,106.08946990966797,20.816160202026367,,,,,dc2dbb4d-b625-3905-bcb1-5e2d5fc153dc,Unknown
Giga,Trường THPT A Phủ Lý,Trường THPT A Phủ Lý,105.90320587158203,20.536874771118164,,,,,73cbc740-256e-38aa-a256-9bd11d242de3,Unknown
Giga,Trường THPT A Thanh Liêm,Trường THPT A Thanh Liêm,105.95707702636719,20.473106384277344,,,,,9c19fa13-5b50-3bfe-b9ed-f1442be0cab5,Unknown
Giga,Trường THPT Bắc Bình,Trường THPT Bắc Bình,108.50914001464844,11.22275447845459,,,,,0cd8fc0e-59eb-3c43-b476-626c5ff853b1,Unknown
Giga,Trường THPT Bắc Đông Quan,Trường THPT Bắc Đông Quan,106.35089874267578,20.55705451965332,,,,,0f732ead-9380-3ff1-9cf9-9661caeb7c54,Unknown
Giga,Trường THPT Bắc Đuống,Trường THPT Bắc Đuống,105.9293212890625,21.098236083984375,,,,,4fde9ff0-4dcb-3b41-a6ea-be67b290184a,Unknown
Giga,Trường THPT Bắc Duyên Hà,Trường THPT Bắc Duyên Hà,106.22636413574219,20.59111976623535,,,,,ed721081-adfe-3596-ab74-dbfbf91a6bcf,Unknown
Giga,Trường THPT Bạch Đằng,Trường THPT Bạch Đằng,106.80479431152344,20.94361114501953,,,,,4c2942cb-95eb-3d9a-99a2-4604290ee8fc,Unknown
Giga,Trường THPT Bắc Kiến Xương,Trường THPT Bắc Kiến Xương,106.45677947998047,20.435123443603516,,,,,30764689-4cad-30bd-bc3c-f8f5943110fc,Unknown
Giga,Trường THPT Bạc Liêu,Trường THPT Bạc Liêu,105.73248291015625,9.294751167297363,,,,,45a3936a-953e-3ab6-bb07-62d719e6ff08,Unknown
Giga,Trường THPT Bắc Lý,Trường THPT Bắc Lý,106.08785247802734,20.580455780029297,,,,,a8fcfd69-f9d1-370d-94f2-4616ff6ef1c0,Unknown
Giga,Trường THPT Bắc Sơn,Trường THPT Bắc Sơn,106.32967376708984,21.902109146118164,,,,,9de044f5-690e-332e-a5d3-e8c3921cf7b5,Unknown
Giga,Trường THPT Bắc Sơn,Trường THPT Bắc Sơn,105.50708770751953,20.752050399780273,,,,,3157941c-da4e-39dd-93b7-b8cd92f63d52,Unknown
Giga,Trường THPT Bắc Trà My,Trường THPT Bắc Trà My,108.218017578125,15.336889266967773,,,,,ba76bc54-4453-3bf4-a450-d42be599594f,Unknown
Giga,Trường THPT Bà Điểm,Trường THPT Bà Điểm,106.59998321533203,10.85171890258789,,,,,19d4f56b-7c0a-3e0b-af10-e44a663167e8,Unknown
Giga,Trường THPT Ba Hòn,Trường THPT Ba Hòn,104.59686279296875,10.248641967773438,,,,,664c24f6-f31c-3880-8e6d-34e9cc77599d,Unknown
Giga,Trường THPT Bãi Cháy,Trường THPT Bãi Cháy,107.02571105957031,20.95841407775879,,,,,0465c83e-60ee-3644-912d-7ead288a5c1f,Unknown
Giga,Trường THPT Bán công Tân Hiệp,Trường THPT Bán công Tân Hiệp,105.27708435058594,10.108173370361328,,,,,914207ae-a121-3774-bb14-81f3c96d1122,Unknown
Giga,Trường THPT Bảo Lâm,Trường THPT Bảo Lâm,107.83037567138672,11.625592231750488,,,,,917ff5b9-3d92-3b25-9402-9489ed6861b5,Unknown
Giga,Trường THPT Bảo Lộc,Trường THPT Bảo Lộc,107.8119125366211,11.542701721191406,,,,,c07a43bf-2898-3364-a1cf-a82cc6088c67,Unknown
Giga,Trường THPT Bà Rịa,Trường THPT Bà Rịa,107.18189239501953,10.502420425415039,,,,,62b955bb-d25a-350f-ad67-13c47402b275,Unknown
Giga,Trường THPT Bất Bạt,Trường THPT Bất Bạt,105.30304718017578,21.1815128326416,,,,,d334b204-9412-3bc1-a63b-41af7db7bea9,Unknown
Giga,Trường THPT Bá Thước,Trường THPT Bá Thước,105.22747802734375,20.349140167236328,,,,,67929fee-be2f-3f2b-b58c-d0d78b0ad29b,Unknown
Giga,Trường THPT Bàu Bàng,Trường THPT Bàu Bàng,106.63444519042969,11.249649047851562,,,,,da5dd712-8704-35b8-a78a-065ac3102d90,Unknown
Giga,Trường THPT B Bình Lục,Trường THPT B Bình Lục,106.08724212646484,20.491069793701172,,,,,137b9481-a8f9-3123-beec-5b322c523537,Unknown
Giga,Trường THPT BC Nguyễn Tri Phương,Trường THPT BC Nguyễn Tri Phương,107.7818603515625,11.531731605529785,,,,,a3354caa-21fc-301e-8c82-e5832f239710,Unknown
Giga,Trường THPT BC Phan Bội Châu,Trường THPT BC Phan Bội Châu,108.50086975097656,15.559701919555664,,,,,02c7ebd9-ea16-386e-a3ba-94060877a6c2,Unknown
Giga,Trường THPT B Duy Tiên,Trường THPT B Duy Tiên,105.93363952636719,20.64682960510254,,,,,cc140dcb-766e-3ee0-b668-c383e8c47368,Unknown
Giga,Trường THPT Bến Cát,Trường THPT Bến Cát,106.60932922363281,11.153079986572266,,,,,7670beae-cafd-384b-abfc-9fb92547b411,Unknown
Giga,Trường THPT Bến Cát,Trường THPT Bến Cát,106.59396362304688,11.155316352844238,,,,,727abb30-fb4d-3414-9066-dae3a276586c,Unknown
Giga,Trường THPT Bến Tắm,Trường THPT Bến Tắm,106.43606567382812,21.162446975708008,,,,,39d12744-a66d-335e-a9d5-4faca9ecbd92,Unknown
Giga,Trường THPT Bến Tre,Trường THPT Bến Tre,105.70435333251953,21.2330379486084,,,,,b63318a9-3c2b-33d1-afc0-534e59eb4d92,Unknown
Giga,Trường THPT Bế Văn Đàn,Trường THPT Bế Văn Đàn,106.2384262084961,22.678489685058594,,,,,a7ac3930-156b-32cc-a1f2-d550154c93a1,Unknown
Giga,Trường THPT Bỉm Sơn,Trường THPT Bỉm Sơn,105.86616516113281,20.083070755004883,,,,,89566399-ce6e-3995-92e0-46d7578f09a6,Unknown
Giga,Trường THPT Bình An,Trường THPT Bình An,106.80686950683594,10.901510238647461,,,,,2c1967b9-b4f0-3af1-9d7d-ec57e5e91384,Unknown
Giga,Trường THPT Bình Chánh,Trường THPT Bình Chánh,106.5773696899414,10.662353515625,,,,,bfe993f2-780a-3f25-a9bb-764ccecbe75c,Unknown
Giga,Trường THPT Bình Chiểu,Trường THPT Bình Chiểu,106.74153900146484,10.876129150390625,,,,,77113c58-1548-3a6c-911a-9916540a7395,Unknown
Giga,Trường THPT Bình Khánh,Trường THPT Bình Khánh,106.78792572021484,10.641255378723145,,,,,6e2c2096-ae37-31cb-ae40-05b9716e2c72,Unknown
Giga,Trường THPT Bình Long,Trường THPT Bình Long,106.60590362548828,11.645573616027832,,,,,fd363a49-9d28-323a-b232-9d213cd349d0,Unknown
Giga,Trường THPT Bình Minh,Trường THPT Bình Minh,105.8080825805664,10.068680763244629,,,,,67aa1859-ea5e-3e77-bc65-3efe75b2d7bd,Unknown
Giga,Trường THPT Bình Phú,Trường THPT Bình Phú,106.6567153930664,11.057417869567871,,,,,ba0f6836-375b-326a-a914-1bf7f9481d1d,Unknown
Giga,Trường THPT Bình Sơn,Trường THPT Bình Sơn,105.37309265136719,21.460412979125977,,,,,88c90e65-5b84-333c-8e72-ad96dfb0ea61,Unknown
Giga,Trường THPT Bình Tân,Trường THPT Bình Tân,106.58084869384766,10.764191627502441,,,,,e4ca89cb-4898-30b7-af8b-abc5991e9266,Unknown
Giga,Trường THPT Bình Thanh,Trường THPT Bình Thanh,106.43612670898438,20.3211727142334,,,,,d003ea9e-dc2b-3b35-b839-cbcc51ecf96b,Unknown
Giga,Trường THPT Bình Xuyên,Trường THPT Bình Xuyên,105.64555358886719,21.278675079345703,,,,,0af58765-9a31-3a73-bd0b-0eaaf0337c35,Unknown
Giga,Trường THPT B Kim Bảng,Trường THPT B Kim Bảng,105.84700012207031,20.60590171813965,,,,,a6c4c4f9-da3e-33ab-b239-98b2118f8efe,Unknown
Giga,Trường THPT B Phủ Lý,Trường THPT B Phủ Lý,105.92384338378906,20.52424430847168,,,,,be1252d2-f929-35f2-9188-6e844a4c15be,Unknown
Giga,Trường THPT B Thanh Liêm,Trường THPT B Thanh Liêm,105.93512725830078,20.416316986083984,,,,,aee974b1-a83f-36dc-8a27-563602d05e99,Unknown
Giga,Trường THPT Bùi Thị Xuân,Trường THPT Bùi Thị Xuân,108.44052124023438,11.951218605041504,,,,,11b5be5e-3a2e-312f-b831-75465e745209,Unknown
Giga,Trường THPT Bưng Riềng,Trường THPT Bưng Riềng,107.50133514404297,10.55274772644043,,,,,139c3954-370b-3393-88e6-2bfe15cad02c,Unknown
Giga,Trường THPT Cẩm Bình,Trường THPT Cẩm Bình,105.95121002197266,18.287445068359375,,,,,27d1cce3-302a-3350-9f4d-ca7290d8dfb6,Unknown
Giga,Trường THPT Cam Đường,Trường THPT Cam Đường,104.02836608886719,22.417278289794922,,,,,5c3feeaa-2cdb-3af5-9425-1748a17a792e,Unknown
Giga,Trường THPT Cẩm Lệ,Trường THPT Cẩm Lệ,108.19575500488281,16.00847053527832,,,,,1510b4f2-d78b-3188-853c-9ed8b05e080e,Unknown
Giga,Trường THPT Cẩm Phả,Trường THPT Cẩm Phả,107.28118896484375,21.013792037963867,,,,,f44a5bb6-3d16-3b26-83f2-d85f102c903c,Unknown
Giga,Trường THPT Cẩm Thuỷ 1,Trường THPT Cẩm Thuỷ 1,105.46944427490234,20.20754051208496,,,,,7974b5f5-32de-367e-ad19-eaa5b7719db8,Unknown
Giga,Trường THPT Cẩm Thuỷ 2,Trường THPT Cẩm Thuỷ 2,105.53594970703125,20.122224807739258,,,,,770eb799-88d4-3d2e-9930-02806a05aed0,Unknown
Giga,Trường THPT Cẩm Thuỷ 3,Trường THPT Cẩm Thuỷ 3,105.38983154296875,20.23493194580078,,,,,2b75418a-1ce7-3dd7-8732-f0e9b30e9f36,Unknown
Giga,Trường THPT Cần Đước,Trường THPT Cần Đước,106.6046142578125,10.508048057556152,,,,,5d4fd706-e666-3b13-811f-70bbdda1d0a0,Unknown
Giga,Trường THPT Cao Bá Quát – Gia Lâm,Trường THPT Cao Bá Quát – Gia Lâm,105.93819427490234,21.024072647094727,,,,,fa10b628-99e5-355d-a083-6a08ecf4e4a4,Unknown
Giga,Trường THPT Cao Lãnh 2,Trường THPT Cao Lãnh 2,105.78054809570312,10.352899551391602,,,,,bd07d31c-9215-3aca-b588-71c60c581c4d,Unknown
Giga,Trường THPT Cao Phong,Trường THPT Cao Phong,105.3184814453125,20.703603744506836,,,,,df3b7203-9055-3057-9081-58dd3a5a6d03,Unknown
Giga,Trường THPT Cát Hải,Trường THPT Cát Hải,106.87641143798828,20.799612045288086,,,,,f0a8563b-861d-3eb8-8ecf-78f32d7369e1,Unknown
Giga,Trường THPT Cầu Giấy,Trường THPT Cầu Giấy,105.80201721191406,21.038362503051758,,,,,6846ea80-2ab3-3676-bece-e9d7cd920670,Unknown
Giga,Trường THPT Cầu Kè,Trường THPT Cầu Kè,106.05651092529297,9.868613243103027,,,,,cd44ba40-5c72-3eaf-b07a-32b3d812ca48,Unknown
Giga,Trường THPT Cầu Kè,Trường THPT Cầu Kè,106.05650329589844,9.868583679199219,,,,,40945730-81c3-3257-b8f6-3c6522c05cc0,Unknown
Giga,Trường THPT Cầu Quan,Trường THPT Cầu Quan,106.12161254882812,9.766732215881348,,,,,237ee825-0b3d-3dcf-9283-91ab0710e321,Unknown
Giga,Trường THPT Cầu Quan,Trường THPT Cầu Quan,106.12161254882812,9.766732215881348,,,,,be7a30df-f953-3972-821b-26cfc1a0f783,Unknown
Giga,Trường THPT C Bình Lục,Trường THPT C Bình Lục,105.99952697753906,20.551250457763672,,,,,5eab12d3-4f40-36d3-a732-eb0d8591e7db,Unknown
Giga,Trường THPT Chân Mộng,Trường THPT Chân Mộng,105.19745635986328,21.53840446472168,,,,,086c5498-810f-36d4-9cca-87e2df8b1cbe,Unknown
Giga,Trường THPT Châu Thành,Trường THPT Châu Thành,106.02511596679688,11.335457801818848,,,,,b891434e-e4bf-3568-8992-9a0e5c4a9115,Unknown
Giga,Trường THPT Châu Văn Liêm,Trường THPT Châu Văn Liêm,105.4924545288086,10.503819465637207,,,,,801dbf7a-ed24-31bb-b313-c89a24bcfa42,Unknown
Giga,Trường THPT Chi Lăng,Trường THPT Chi Lăng,105.03384399414062,10.532938957214355,,,,,a71b31a7-35e5-3f19-82fe-9055efec9c17,Unknown
Giga,Trường THPT Chí Linh,Trường THPT Chí Linh,106.38971710205078,21.112585067749023,,,,,5a3f1dbb-11d3-379a-81c0-f43830b701bb,Unknown
Giga,Trường THPT Chợ Gạo,Trường THPT Chợ Gạo,106.46815490722656,10.350018501281738,,,,,9939396f-8ce0-3c4b-9319-95ff5eb9ad6e,Unknown
Giga,Trường THPT  Chu Văn An,Trường THPT  Chu Văn An,106.38655853271484,20.403953552246094,,,,,cade4ab8-a636-37dd-9366-7b892a7605cd,Unknown
Giga,Trường THPT Chu Văn An,Trường THPT Chu Văn An,106.60675811767578,10.510223388671875,,,,,d1a874a7-48b0-3e88-9c96-81bf766c778a,Unknown
Giga,Trường THPT Chu Văn An,Trường THPT Chu Văn An,108.17216491699219,14.466997146606445,,,,,a37f3b66-ddad-3eed-a143-dcc253213bb5,Unknown
Giga,Trường THPT Chu Văn An,Trường THPT Chu Văn An,106.31097412109375,20.937767028808594,,,,,b1d3a30a-6502-3dfe-a09c-ecd14b5a842a,Unknown
Giga,Trường THPT Chu Văn An,Trường THPT Chu Văn An,105.83818054199219,19.73554229736328,,,,,73c1c91d-10cb-30a4-a27f-d570a088caca,Unknown
Giga,Trường THPT Chu Văn An,Trường THPT Chu Văn An,106.80364990234375,10.929779052734375,,,,,4d8ce4dd-6153-347f-a049-429701ffc5b6,Unknown
Giga,Trường THPT chuyên Bắc Giang,Trường THPT chuyên Bắc Giang,106.20724487304688,21.281991958618164,,,,,b23d4f7a-8e5e-34e8-b36f-62e164aa359b,Unknown
Giga,Trường THPT chuyên Bắc Kạn,Trường THPT chuyên Bắc Kạn,105.81990814208984,22.150588989257812,,,,,684f22a6-8c64-36bd-818a-845266e698d9,Unknown
Giga,Trường THPT chuyên Bạc Liêu,Trường THPT chuyên Bạc Liêu,105.72982025146484,9.297569274902344,,,,,3ae21272-0d64-3d9d-9ef5-765e74d087ba,Unknown
Giga,Trường THPT Chuyên Bảo Lộc,Trường THPT Chuyên Bảo Lộc,107.8302230834961,11.557705879211426,,,,,e5a23a25-2e61-3ec9-999b-194e78f7db89,Unknown
Giga,Trường THPT chuyên Bến Tre,Trường THPT chuyên Bến Tre,106.3824691772461,10.2623872756958,,,,,e0bbb41f-9df0-3df4-a1ef-0cd1967db09c,Unknown
Giga,Trường THPT chuyên Biên Hoà,Trường THPT chuyên Biên Hoà,105.93101501464844,20.533504486083984,,,,,f1403e45-35b1-3a11-a3f0-73618827d79e,Unknown
Giga,Trường THPT chuyên Bình Long,Trường THPT chuyên Bình Long,106.57780456542969,11.657137870788574,,,,,0f197c2e-02d5-3977-bb84-bbaf1bc40632,Unknown
Giga,Trường THPT chuyên Cao Bằng,Trường THPT chuyên Cao Bằng,106.25048828125,22.659042358398438,,,,,f9592c41-91f2-33a0-9058-f4ef23be8a01,Unknown
Giga,Trường THPT chuyên Chu Văn An,Trường THPT chuyên Chu Văn An,106.76551055908203,21.84605598449707,,,,,dda51baf-4c2b-37f7-a3c0-dd593a73eff6,Unknown
Giga,Trường THPT chuyên Chu Văn An,Trường THPT chuyên Chu Văn An,109.0118179321289,14.437792778015137,,,,,149327d9-f369-3e32-bc21-1a259f631ada,Unknown
Giga,Trường THPT chuyên Hạ Long,Trường THPT chuyên Hạ Long,107.09857177734375,20.952417373657227,,,,,ffdc06e2-0824-3a0d-936d-989d1e4ee0ea,Unknown
Giga,Trường THPT chuyên Hà Tĩnh,Trường THPT chuyên Hà Tĩnh,105.88581848144531,18.356657028198242,,,,,8d70a50c-7f5f-396b-886a-91c72496a4bd,Unknown
Giga,Trường THPT Chuyên Hoàng Lê Kha,Trường THPT Chuyên Hoàng Lê Kha,106.11454010009766,11.31836223602295,,,,,00107c0e-eb64-390d-85c9-335ed900837d,Unknown
Giga,Trường THPT chuyên Hoàng Văn Thụ,Trường THPT chuyên Hoàng Văn Thụ,105.34255981445312,20.833969116210938,,,,,3797a77f-f269-3f17-b8be-6e1ca3fc1dff,Unknown
Giga,Trường THPT chuyên Hùng Vương,Trường THPT chuyên Hùng Vương,105.41801452636719,21.313091278076172,,,,,7bd8d378-b3a7-3b88-87e0-8d272f291239,Unknown
Giga,Trường THPT chuyên Hưng Yên,Trường THPT chuyên Hưng Yên,106.06053924560547,20.66943359375,,,,,7cd531a1-00e5-3113-a031-2336d29b6913,Unknown
Giga,Trường THPT chuyên Huỳnh Mẫn Đạt,Trường THPT chuyên Huỳnh Mẫn Đạt,105.08973693847656,9.989356994628906,,,,,bb9f1342-89ea-3f19-84b5-a576fac14c48,Unknown
Giga,Trường THPT chuyên Khoa học Tự nhiên,Trường THPT chuyên Khoa học Tự nhiên,105.7969741821289,20.9925479888916,,,,,a4ec3e96-fa4c-320f-b5e5-15bf4cdf5241,Unknown
Giga,Trường THPT chuyên Lam Sơn,Trường THPT chuyên Lam Sơn,105.79388427734375,19.79229164123535,,,,,5416c42c-2ac7-354a-b8d0-ae37a7cfa8c8,Unknown
Giga,Trường THPT chuyên Lào Cai,Trường THPT chuyên Lào Cai,103.98814392089844,22.45803451538086,,,,,fd2707ae-fdab-3be9-91a0-a85097ea005f,Unknown
Giga,Trường THPT chuyên Lê Hồng Phong,Trường THPT chuyên Lê Hồng Phong,106.18500518798828,20.434959411621094,,,,,4f4c9316-e261-3f72-8d03-ad1a64e7044b,Unknown
Giga,Trường THPT Chuyên Lê Khiết,Trường THPT Chuyên Lê Khiết,108.7922592163086,15.115899085998535,,,,,afbebd88-d259-3f7f-938f-c4539f6e2550,Unknown
Giga,Trường THPT Chuyên Lê Khiết,Trường THPT Chuyên Lê Khiết,108.7923583984375,15.115957260131836,,,,,f6aad7a4-3430-36cf-9604-360c888d7b6a,Unknown
Giga,Trường THPT chuyên Lê Quý Đôn,Trường THPT chuyên Lê Quý Đôn,109.24283599853516,13.772639274597168,,,,,a809d966-4da3-35a9-aff1-0ee04d03b5b9,Unknown
Giga,Trường THPT chuyên Lê Quý Đôn,Trường THPT chuyên Lê Quý Đôn,108.23310089111328,16.05787467956543,,,,,95eb34f2-dcef-3972-9414-de21cdb44ad8,Unknown
Giga,Trường THPT chuyên Lê Quý Đôn,Trường THPT chuyên Lê Quý Đôn,109.01779174804688,11.57406997680664,,,,,5ed7fd57-fce4-3f46-8d3c-b5dac154a76a,Unknown
Giga,Trường THPT chuyên Lê Thánh Tông,Trường THPT chuyên Lê Thánh Tông,108.30028533935547,15.886652946472168,,,,,544e3ae4-9b32-379a-a360-ad217aaa0169,Unknown
Giga,Trường THPT Chuyên Lương Thế Vinh,Trường THPT Chuyên Lương Thế Vinh,106.86331176757812,10.957937240600586,,,,,50339625-5952-3a0a-b0f5-62de309f5566,Unknown
Giga,Trường THPT chuyên Lương Văn Chánh,Trường THPT chuyên Lương Văn Chánh,109.312255859375,13.099482536315918,,,,,b7224d7e-4067-39e3-a716-b0c500a69c44,Unknown
Giga,Trường THPT chuyên Lương Văn Chánh (A2),Trường THPT chuyên Lương Văn Chánh (A2),109.31275177001953,13.098676681518555,,,,,8b0d3f02-8dce-31bb-9866-ac1ce21bc7af,Unknown
Giga,Trường THPT chuyên Lương Văn Tụy,Trường THPT chuyên Lương Văn Tụy,105.9507064819336,20.27247428894043,,,,,4b302b23-1e25-31e0-94c5-193da054a72e,Unknown
Giga,Trường THPT chuyên Lý Tự Trọng,Trường THPT chuyên Lý Tự Trọng,105.78840637207031,9.999927520751953,,,,,4ffadca3-7d46-3c11-94b6-13fa5ea0fd2d,Unknown
Giga,Trường THPT Chuyên năng khiếu TDTT Nguyễn Thị Định,Trường THPT Chuyên năng khiếu TDTT Nguyễn Thị Định,106.62181854248047,10.723835945129395,,,,,ce35461a-2d14-3fb3-8396-a33a264583b5,Unknown
Giga,Trường THPT chuyên Nguyễn Đình Chiểu,Trường THPT chuyên Nguyễn Đình Chiểu,105.75677490234375,10.282217025756836,,,,,78ccc572-69a1-3a94-9261-667b8ee1b226,Unknown
Giga,Trường THPT chuyên Nguyễn Huệ,Trường THPT chuyên Nguyễn Huệ,105.75984191894531,20.96094512939453,,,,,c4b9d5aa-c378-3e19-aa06-c209075acc24,Unknown
Giga,Trường THPT chuyên Nguyễn Quang Diêu,Trường THPT chuyên Nguyễn Quang Diêu,105.6485366821289,10.472725868225098,,,,,2df57bb1-f670-3eb8-9fcd-62fa8a1da268,Unknown
Giga,Trường THPT chuyên Nguyễn Tất Thành,Trường THPT chuyên Nguyễn Tất Thành,104.93531799316406,21.72970962524414,,,,,785ff5f0-31cb-3d1a-9856-ef3a388de194,Unknown
Giga,Trường THPT Chuyên Nguyễn Thiện Thành,Trường THPT Chuyên Nguyễn Thiện Thành,106.346435546875,9.958690643310547,,,,,e7887b18-d2f9-3e4f-ae20-795554f50b00,Unknown
Giga,Trường THPT Chuyên Nguyễn Thị Minh Khai,Trường THPT Chuyên Nguyễn Thị Minh Khai,105.9702377319336,9.613520622253418,,,,,f9bbf7ec-8bde-3a20-800d-a06cbf2699be,Unknown
Giga,Trường THPT chuyên Nguyễn Trãi,Trường THPT chuyên Nguyễn Trãi,106.31311798095703,20.93455696105957,,,,,771a9953-023c-3894-8ad7-34ca0bda70b3,Unknown
Giga,Trường THPT chuyên Phan Bội Châu,Trường THPT chuyên Phan Bội Châu,105.68827819824219,18.67687225341797,,,,,cb61a03b-25fb-367e-a382-98269b66feba,Unknown
Giga,Trường THPT chuyên Quang Trung,Trường THPT chuyên Quang Trung,106.86752319335938,11.52949047088623,,,,,b49bbfc4-a28f-380a-918e-07f1c911adb1,Unknown
Giga,Trường THPT chuyên Sơn La,Trường THPT chuyên Sơn La,103.96760559082031,21.28563690185547,,,,,c6b45281-5edb-3db9-a93c-cfb40fc0c9e5,Unknown
Giga,Trường THPT chuyên Thái Bình,Trường THPT chuyên Thái Bình,106.32637786865234,20.434024810791016,,,,,572d0398-f9e5-363b-a3f1-cb510cb77437,Unknown
Giga,Trường THPT chuyên Thái Nguyên,Trường THPT chuyên Thái Nguyên,105.85259246826172,21.602031707763672,,,,,64f234c7-ed72-321b-b491-e195979174c1,Unknown
Giga,Trường THPT chuyên Thủ Khoa Nghĩa,Trường THPT chuyên Thủ Khoa Nghĩa,105.11735534667969,10.713417053222656,,,,,a2cf5273-a2f2-3fef-b873-8f75ccd08391,Unknown
Giga,Trường THPT chuyên Tiền Giang,Trường THPT chuyên Tiền Giang,106.3336181640625,10.353861808776855,,,,,74218d60-dab6-3019-a0f4-226d0d1c0e6e,Unknown
Giga,Trường THPT chuyên Trần Hưng Đạo,Trường THPT chuyên Trần Hưng Đạo,108.11420440673828,10.942307472229004,,,,,45ea79e3-29aa-3fb0-9049-e7833fa3f65b,Unknown
Giga,Trường THPT chuyên Trần Phú,Trường THPT chuyên Trần Phú,106.71209716796875,20.842985153198242,,,,,4bc42f12-9ae9-3959-b2b8-1f351a5372dd,Unknown
Giga,Trường THPT chuyên Trần Văn Giàu,Trường THPT chuyên Trần Văn Giàu,106.40007781982422,10.527595520019531,,,,,fed4d33b-4b6d-361a-82cc-d68a14af52f1,Unknown
Giga,Trường THPT chuyên Tuyên Quang,Trường THPT chuyên Tuyên Quang,105.2179183959961,21.823637008666992,,,,,61185310-fea2-36be-8f1f-5a7897c15858,Unknown
Giga,Trường THPT chuyên Vĩnh Phúc,Trường THPT chuyên Vĩnh Phúc,105.60557556152344,21.336679458618164,,,,,19f70e49-7d12-380c-8eef-ce5afb627555,Unknown
Giga,Trường THPT chuyên Võ Nguyên Giáp,Trường THPT chuyên Võ Nguyên Giáp,106.60714721679688,17.475311279296875,,,,,5ac04fcb-5654-3a1d-b972-3f851acb0c15,Unknown
Giga,Trường THPT C Kim Bảng,Trường THPT C Kim Bảng,105.88274383544922,20.607986450195312,,,,,58b41b8b-0142-34cc-9fb1-193e46659ebf,Unknown
Giga,Trường THPT Cộng Hoà,Trường THPT Cộng Hoà,105.45695495605469,20.522125244140625,,,,,2ecb1d9d-9edf-30aa-beba-c922dd2fa88b,Unknown
Giga,Trường THPT Công Nghiệp,Trường THPT Công Nghiệp,105.34504699707031,20.819259643554688,,,,,1575880c-1c10-3bea-8555-1ee12020ff09,Unknown
Giga,Trường THPT Công nghiệp Việt Trì,Trường THPT Công nghiệp Việt Trì,105.41783905029297,21.309232711791992,,,,,b5dbb076-9ebd-3c7e-9de3-4ccebb24a281,Unknown
Giga,Trường THPT Cô Tô,Trường THPT Cô Tô,107.75949096679688,20.981409072875977,,,,,a32a43f2-64f5-3e9a-974a-ce24748e709f,Unknown
Giga,Trường THPT C Phủ Lý,Trường THPT C Phủ Lý,105.95398712158203,20.582300186157227,,,,,2405a8b8-2c1f-3121-93c1-598baccb3859,Unknown
Giga,Trường THPT C Thanh Liêm,Trường THPT C Thanh Liêm,105.89848327636719,20.47870445251465,,,,,19a2904c-f227-3ffe-9599-71ba5f2e0ba0,Unknown
Giga,Trường THPT Cửa Lò,Trường THPT Cửa Lò,105.72711944580078,18.792957305908203,,,,,af5e20cf-b033-3f2d-9c5f-2aa92567bf8e,Unknown
Giga,Trường THPT Cửa Lò 2,Trường THPT Cửa Lò 2,105.7205581665039,18.802135467529297,,,,,32d35be4-d943-3199-a29e-f9bdf8323364,Unknown
Giga,Trường THPT Củ Chi,Trường THPT Củ Chi,106.49018096923828,10.971810340881348,,,,,798fc6da-0012-3190-b224-bca17ce64293,Unknown
Giga,Trường THPT Cù Chính Lan,Trường THPT Cù Chính Lan,105.6601333618164,20.670793533325195,,,,,6d645fa7-a163-3bee-a4d2-849655016bb8,Unknown
Giga,Trường THPT Đà Bắc,Trường THPT Đà Bắc,105.26073455810547,20.877771377563477,,,,,04f638c5-2a62-3b50-bf95-4054d9c2acd0,Unknown
Giga,Trường THPT Đạ Huoai,Trường THPT Đạ Huoai,107.53211975097656,11.385988235473633,,,,,8ec437fa-839a-343a-9390-5fafb949eee8,Unknown
Giga,Trường THPT Đại Đồng,Trường THPT Đại Đồng,105.51447296142578,20.421743392944336,,,,,20e85583-e50b-3275-8d1d-492304cf8146,Unknown
Giga,Trường THPT Đại Mỗ,Trường THPT Đại Mỗ,105.75611114501953,21.00201988220215,,,,,a81ff314-7f98-3ad8-a7da-ad9c6b2814a7,Unknown
Giga,Trường THPT Đăk Glong,Trường THPT Đăk Glong,107.80752563476562,11.898513793945312,,,,,29b87632-5289-3c0b-8a9d-bf68a484ff6b,Unknown
Giga,Trường THPT Đầm Dơi,Trường THPT Đầm Dơi,105.19793701171875,8.9967622756958,,,,,5f33daf8-d333-3208-98d1-8409e8a67071,Unknown
Giga,Trường THPT Đặng Thai Mai,Trường THPT Đặng Thai Mai,105.85335540771484,21.3176212310791,,,,,576e40c2-8fc8-3799-8cf1-580fcb83f42e,Unknown
Giga,TrườngTHPT Đặng Thai Mai,TrườngTHPT Đặng Thai Mai,105.79610443115234,19.67333984375,,,,,306eaaad-fb00-388e-a8ca-7706423f9851,Unknown
Giga,Trường THPT Đặng Trần Côn,Trường THPT Đặng Trần Côn,107.57349395751953,16.463977813720703,,,,,a81c15ce-3091-39c9-a45b-eb06daade36f,Unknown
Giga,Trường THPT Dân Lập Trí Đức 1,Trường THPT Dân Lập Trí Đức 1,106.6115493774414,10.805879592895508,,,,,e9944dc0-1eb8-3c6d-92b7-1e2e04d381c8,Unknown
Giga,Trường THPT Dân tộc Nội trú Lào Cai,Trường THPT Dân tộc Nội trú Lào Cai,103.97509002685547,22.483020782470703,,,,,24cde211-5903-3773-a50d-f30d43bd4042,Unknown
Giga,Trường THPT Dân tộc nội trú Ninh Thuận,Trường THPT Dân tộc nội trú Ninh Thuận,108.99034118652344,11.578296661376953,,,,,5d4a49e8-4cbb-3261-aa8c-7c4202419339,Unknown
Giga,Trường THPT Dân tộc Nội trú N'Trang Lơng,Trường THPT Dân tộc Nội trú N'Trang Lơng,107.69883728027344,11.992380142211914,,,,,e31af59f-5a8f-356c-aaf5-b2db2e7a3997,Unknown
Giga,Trường THPT Dân tộc Nội trú tỉnh Bình Phước,Trường THPT Dân tộc Nội trú tỉnh Bình Phước,106.87667846679688,11.529298782348633,,,,,68444d96-ed3d-3030-ae0c-aeb460141981,Unknown
Giga,Trường THPT Dân tộc nội trú tỉnh Lạng Sơn,Trường THPT Dân tộc nội trú tỉnh Lạng Sơn,106.77251434326172,21.845333099365234,,,,,97cddbef-5866-3148-be57-90b37acef5c2,Unknown
Giga,Trường THPT Dân tộc nội trú tỉnh Thanh Hoá,Trường THPT Dân tộc nội trú tỉnh Thanh Hoá,105.79546356201172,19.791627883911133,,,,,6cee3d56-d67f-3ef6-9f06-5e9cd86a66f8,Unknown
Giga,Trường THPT Đào Duy Từ,Trường THPT Đào Duy Từ,106.62335968017578,17.47222328186035,,,,,f360b69f-8a81-3001-9880-c56f52b7dc72,Unknown
Giga,Trường THPT Đào Duy Từ,Trường THPT Đào Duy Từ,106.62353515625,17.47175407409668,,,,,3a8c6929-5bfa-340c-b8d8-dc30b9feefc3,Unknown
Giga,Trường THPT Đào Sơn Tây,Trường THPT Đào Sơn Tây,106.77302551269531,10.877959251403809,,,,,fb2e92f2-f9de-38bf-9e24-72f6830ffc2c,Unknown
Giga,Trường THPT Đa Phúc,Trường THPT Đa Phúc,105.85076141357422,21.257902145385742,,,,,5aff8b00-a2c8-3f93-b4f7-f57d771219ef,Unknown
Giga,Trường THPT Đa Phước,Trường THPT Đa Phước,106.64839935302734,10.669055938720703,,,,,3ee1b25d-0568-3158-944d-f67dfb147dc7,Unknown
Giga,Trường THPT Điền Hải,Trường THPT Điền Hải,105.49187469482422,9.105999946594238,,,,,0ff8dd2f-250a-3ae3-b3c0-5ded21ab19dc,Unknown
Giga,Trường THPT Đinh Tiên Hoàng,Trường THPT Đinh Tiên Hoàng,105.98811340332031,20.250900268554688,,,,,27bdf04b-3de2-355f-a762-d84cbf16403d,Unknown
Giga,Trường THPT Đinh Tiên Hoàng,Trường THPT Đinh Tiên Hoàng,106.08789825439453,20.820165634155273,,,,,563da644-501f-3d7f-bbda-84a10d58fca9,Unknown
Giga,Trường THPT Đinh Tiên Hoàng,Trường THPT Đinh Tiên Hoàng,105.8431625366211,21.046289443969727,,,,,0964697b-1b43-3d5c-87ef-03bb700c87f0,Unknown
Giga,Trường THPT Đinh Tiên Hoàng - Ba Đình (Phố Chương Dương Độ),Trường THPT Đinh Tiên Hoàng - Ba Đình (Phố Chương Dương Độ),105.85901641845703,21.029207229614258,,,,,2e3f1d6a-f4fb-3017-81c5-60f6c4635f44,Unknown
Giga,Trường THPT Đoan Hùng,Trường THPT Đoan Hùng,105.1836929321289,21.642837524414062,,,,,c7a22120-0314-3aca-a53c-269af8d54f92,Unknown
Giga,Trường THPT Đoàn Kết,Trường THPT Đoàn Kết,105.31787109375,20.550762176513672,,,,,928ab431-5b9e-34c3-81ef-58cedbbbb985,Unknown
Giga,Trường THPT Đoàn Kết - Hai Bà Trưng,Trường THPT Đoàn Kết - Hai Bà Trưng,105.85530853271484,20.998302459716797,,,,,c154036b-9925-3378-9dbc-022cd4a218e9,Unknown
Giga,Trường THPT Đốc Binh Kiều,Trường THPT Đốc Binh Kiều,106.1261978149414,10.407029151916504,,,,,66be2c0f-4eb6-33ad-b69b-7ce97970cfe6,Unknown
Giga,Trường THPT Đỗ Huy Liêu,Trường THPT Đỗ Huy Liêu,106.06071472167969,20.286745071411133,,,,,3e04203b-fd53-302e-91d9-8761852133e9,Unknown
Giga,Trường THPT Đội Cấn,Trường THPT Đội Cấn,105.50139617919922,21.199642181396484,,,,,bfbab395-b026-3a58-ad7a-0164ad32b73f,Unknown
Giga,Trường THPT Đội Cấn (cơ sở 2),Trường THPT Đội Cấn (cơ sở 2),105.49890899658203,21.20013999938965,,,,,9a39729d-9323-32df-a040-e282fac8288c,Unknown
Giga,Trường THPT Đỗ Mười,Trường THPT Đỗ Mười,105.8477554321289,20.953264236450195,,,,,a3a0ff4c-3909-37e6-8c53-e660372b3941,Unknown
Giga,Trường THPT Đông Anh,Trường THPT Đông Anh,105.85275268554688,21.157363891601562,,,,,cb4ebd5a-fcae-32db-b3be-6e2108648b55,Unknown
Giga,Trường THPT Đồng Đậu,Trường THPT Đồng Đậu,105.55966186523438,21.259672164916992,,,,,7672167f-5fa1-3628-b344-f9e5d778926b,Unknown
Giga,Trường THPT Đông Dương,Trường THPT Đông Dương,106.67927551269531,10.85677433013916,,,,,b8a26dbb-370e-3605-bdc4-79900045b5c2,Unknown
Giga,Trường THPT Đông Hà,Trường THPT Đông Hà,107.09532165527344,16.814563751220703,,,,,89fa4b02-9203-3f0a-8938-032061d37d7e,Unknown
Giga,Trường THPT Đồng Hới,Trường THPT Đồng Hới,106.57514953613281,17.450340270996094,,,,,3b2b86e7-7745-3134-81bf-246ed9db9028,Unknown
Giga,Trường THPT Đông Hưng Hà,Trường THPT Đông Hưng Hà,106.24650573730469,20.618064880371094,,,,,f970641c-b4aa-350b-9823-d15a4268e33d,Unknown
Giga,Trường THPT Đồng Hỷ,Trường THPT Đồng Hỷ,105.84439086914062,21.6301326751709,,,,,c83d0eaa-9176-385f-9b33-c8c353ba5195,Unknown
Giga,Trường THPT Đồng Hỷ,Trường THPT Đồng Hỷ,105.8443832397461,21.630002975463867,,,,,351eda73-189a-350a-9c47-9c7727307de8,Unknown
Giga,Trường THPT Đông Mỹ,Trường THPT Đông Mỹ,105.87118530273438,20.911483764648438,,,,,10cd2cac-506f-353f-b086-a2f971a3d769,Unknown
Giga,Trường THPT Đồng Phú,Trường THPT Đồng Phú,106.86422729492188,11.446793556213379,,,,,771fece3-b06c-328f-8aae-f5bfc15219b5,Unknown
Giga,Trường THPT Đông Quan,Trường THPT Đông Quan,106.35445404052734,20.5493221282959,,,,,a90ec1b9-447b-3841-8982-df22da6b0ec4,Unknown
Giga,Trường THPT Đông Sơn 1,Trường THPT Đông Sơn 1,105.71976470947266,19.813657760620117,,,,,35f14a79-b0ba-3af6-b445-416a09cdd14d,Unknown
Giga,Trường THPT Đông Sơn 2,Trường THPT Đông Sơn 2,105.72445678710938,19.782716751098633,,,,,4cc776d1-b8b1-3d24-aabe-ddff98fe2397,Unknown
Giga,Trường THPT Đông Thành,Trường THPT Đông Thành,106.85086822509766,21.002573013305664,,,,,3bc0296f-5c65-393a-b4ad-caa080c2e310,Unknown
Giga,Trường THPT Đông Thuỵ Anh,Trường THPT Đông Thuỵ Anh,106.55790710449219,20.561948776245117,,,,,2d4de54f-c449-3f89-ad06-66a0a4773914,Unknown
Giga,Trường THPT Đông Tiền Hải,Trường THPT Đông Tiền Hải,106.57734680175781,20.437313079833984,,,,,a0b1eb57-70bd-3693-b393-22cc690fbf0e,Unknown
Giga,Trường THPT Đồng Xoài,Trường THPT Đồng Xoài,106.87318420410156,11.528491973876953,,,,,07813a2d-be49-3805-b68d-658ee9715c79,Unknown
Giga,Trường THPT DTNT Trà Vinh,Trường THPT DTNT Trà Vinh,106.34767150878906,9.958541870117188,,,,,3b9cb25b-a6fc-3766-9dfe-671ac1cd5e4e,Unknown
Giga,Trường THPT Đức Hợp,Trường THPT Đức Hợp,105.99478912353516,20.730976104736328,,,,,4b51807c-7a75-3725-bac7-a0b26c8e8010,Unknown
Giga,Trường THPT Đức Tân,Trường THPT Đức Tân,107.6304702758789,10.845932960510254,,,,,bfb86486-5f50-3c70-b3c2-f11fe2490012,Unknown
Giga,Trường THPT Đường An,Trường THPT Đường An,106.18785095214844,20.879295349121094,,,,,5cd2d2b1-e813-3fc5-814f-4326cc81db53,Unknown
Giga,Trường THPT Dương Minh Châu,Trường THPT Dương Minh Châu,106.22863006591797,11.378658294677734,,,,,7647e07e-c5d9-3d8b-8721-b30d31c063e2,Unknown
Giga,Trường THPT Dương Quảng Hàm,Trường THPT Dương Quảng Hàm,105.93267822265625,20.922626495361328,,,,,2c4619d7-aebe-3d77-a6ca-a010112c28f5,Unknown
Giga,Trường THPT Dương Văn Dương,Trường THPT Dương Văn Dương,106.74129486083984,10.679503440856934,,,,,8474bf38-d742-31cc-a331-8d2aceb032ef,Unknown
Giga,Trường THPT Dương Văn Thì,Trường THPT Dương Văn Thì,106.7929916381836,10.84062671661377,,,,,a23fc1f6-fd21-340e-9cf0-7e559a81cde1,Unknown
Giga,Trường THPT Duyên Hải,Trường THPT Duyên Hải,106.49905395507812,9.634862899780273,,,,,5f06a0da-98d0-30fd-9073-af2916114382,Unknown
Giga,Trường THPT FPT,Trường THPT FPT,105.52345275878906,21.013383865356445,,,,,7a239d3b-8d2e-3629-a14a-79d4e6385e63,Unknown
Giga,Trường THPT Gia Bình số 1,Trường THPT Gia Bình số 1,106.22978973388672,21.06553077697754,,,,,db49ea11-2223-32fe-958f-519f87aaa125,Unknown
Giga,Trường THPT GIAI XUÂN,Trường THPT GIAI XUÂN,105.67643737792969,10.038297653198242,,,,,9d112829-2d2f-319c-a7e8-b29ac8e5edb6,Unknown
Giga,Trường THPT GIAI XUÂN,Trường THPT GIAI XUÂN,105.67650604248047,10.038457870483398,,,,,f77b8f34-128b-33f3-aca3-dc663e4b16ee,Unknown
Giga,Trường THPT Gia Lộc II,Trường THPT Gia Lộc II,106.30274200439453,20.859619140625,,,,,f890b189-0d74-3c78-b4cd-f34b2b7021ef,Unknown
Giga,Trường THPT Gia Nghĩa,Trường THPT Gia Nghĩa,107.67707824707031,11.99380111694336,,,,,5c994b75-f9c8-3835-bff7-f99239f181d7,Unknown
Giga,Trường THPT Giao Thuỷ,Trường THPT Giao Thuỷ,106.44784545898438,20.28295135498047,,,,,3194ccbd-42d9-362a-9b5f-9a898fe9b08e,Unknown
Giga,Trường THPT Giao Thuỷ B,Trường THPT Giao Thuỷ B,106.3938217163086,20.233625411987305,,,,,1c55e390-9972-3e1f-bcea-14013eba077e,Unknown
Giga,Trường THPT Giao Thuỷ C,Trường THPT Giao Thuỷ C,106.48808288574219,20.26680564880371,,,,,5ecbe86c-1711-35d9-8c90-8421532f8c1f,Unknown
Giga,Trường THPT Giá Rai,Trường THPT Giá Rai,105.44831085205078,9.23743724822998,,,,,2dfb72d6-ee2f-3753-a042-7bba3dd3e812,Unknown
Giga,Trường THPT Giồng Ông Tố,Trường THPT Giồng Ông Tố,106.75542449951172,10.786076545715332,,,,,0bd34be4-9fe5-3767-b93d-593f4c267c00,Unknown
Giga,Trường THPT Gò Công Đông,Trường THPT Gò Công Đông,106.71611785888672,10.397448539733887,,,,,ddde4958-2154-3701-a551-68f599758a87,Unknown
Giga,Trường THPT Gò Đen,Trường THPT Gò Đen,106.54037475585938,10.638262748718262,,,,,bfabc78c-c038-3a6f-a571-003740ab85ef,Unknown
Giga,Trường THPT Hạ Hoà,Trường THPT Hạ Hoà,105.0121841430664,21.56374168395996,,,,,3e9d0aa6-ba8d-3a01-8818-bde8466091a0,Unknown
Giga,TRƯỜNG THPT HẢI AN,TRƯỜNG THPT HẢI AN,106.71000671386719,20.837486267089844,,,,,901d3feb-a4bc-3b12-9bd3-586b48a48bc1,Unknown
Giga,Trường THPT Hai Bà Trưng,Trường THPT Hai Bà Trưng,105.71048736572266,21.23029899597168,,,,,eec69844-26cd-3d6c-8ffc-4364e09b5a7a,Unknown
Giga,Trường THPT Hải Đảo,Trường THPT Hải Đảo,107.43333435058594,21.079416275024414,,,,,4917b879-1171-35ee-9678-2fe4941c91ca,Unknown
Giga,Trường THPT Hạ Long,Trường THPT Hạ Long,107.08528900146484,20.968292236328125,,,,,2363e92a-b47c-36e8-8861-58fec738ee28,Unknown
Giga,Trường THPT Hàm Long,Trường THPT Hàm Long,106.11587524414062,21.149534225463867,,,,,8b4a549e-c66a-3bb9-afbb-59a5770f3df0,Unknown
Giga,Trường THPT Hàm Rồng,Trường THPT Hàm Rồng,105.77825927734375,19.816364288330078,,,,,ee3c2ef4-2280-3be2-a030-82e56595a1af,Unknown
Giga,Trường THPT Hàm Thuận Nam,Trường THPT Hàm Thuận Nam,107.88263702392578,10.852696418762207,,,,,f85621d2-d56d-3a88-923a-8e5ba9c81caa,Unknown
Giga,Trường THPT Hà Văn Mao,Trường THPT Hà Văn Mao,105.30904388427734,20.295068740844727,,,,,9900d113-42e7-37f6-8014-ef2ea055e92f,Unknown
Giga,Trường THPT Hiệp Bình,Trường THPT Hiệp Bình,106.72227478027344,10.847885131835938,,,,,2e7b56aa-21b0-3cdc-8c3e-8547fdb2c8c4,Unknown
Giga,Trường THPT Hiệp Hoà số 2,Trường THPT Hiệp Hoà số 2,105.96063995361328,21.299083709716797,,,,,a6325ebe-834f-3517-ae01-0350739316d1,Unknown
Giga,Trường THPT Hiệp Thành,Trường THPT Hiệp Thành,105.73728942871094,9.228480339050293,,,,,718adb5d-5059-3161-b608-a9e75969ff53,Unknown
Giga,Trường THPT Hoà Bình,Trường THPT Hoà Bình,106.6707992553711,10.760919570922852,,,,,eda27704-0d82-33a1-80df-f41b5c035b59,Unknown
Giga,Trường THPT Hòa Đa,Trường THPT Hòa Đa,108.56645202636719,11.182162284851074,,,,,3d65f13a-0b66-36f9-b4bd-c9720fbe839b,Unknown
Giga,Trường THPT Hoa Động,Trường THPT Hoa Động,106.66636657714844,20.889341354370117,,,,,5f303419-0c40-3818-b204-77ba0758f559,Unknown
Giga,Trường THPT Hoài Ân,Trường THPT Hoài Ân,108.96199035644531,14.361469268798828,,,,,02bcd09b-7d31-3332-83e2-0b7cc954b5de,Unknown
Giga,Trường THPT Hoài Đức C,Trường THPT Hoài Đức C,105.69678497314453,21.01944923400879,,,,,0473ecb9-1093-3264-b41a-bed1bba0e480,Unknown
Giga,Trường THPT Hoa Lư A,Trường THPT Hoa Lư A,105.94922637939453,20.29485511779785,,,,,b42f4f1c-f090-3947-9a19-104772b49fa5,Unknown
Giga,Trường THPT Hoàng Diệu,Trường THPT Hoàng Diệu,107.25820922851562,10.940837860107422,,,,,d8fd7c40-15f5-3e5a-b4c3-60e21d763ec3,Unknown
Giga,Trường THPT Hoàng Diệu,Trường THPT Hoàng Diệu,105.97782135009766,9.60398006439209,,,,,26141f0e-6896-3007-8e34-ef529520281d,Unknown
Giga,Trường THPT Hoằng Hoá,Trường THPT Hoằng Hoá,105.90093994140625,19.843948364257812,,,,,de784684-9250-3ea6-bf96-de3969dcaf82,Unknown
Giga,Trường THPT Hoằng Hoá 2,Trường THPT Hoằng Hoá 2,105.80705261230469,19.909574508666992,,,,,ea48203a-28af-3d98-9d0d-fc514a65c90d,Unknown
Giga,Trường THPT Hoằng Hoá 3,Trường THPT Hoằng Hoá 3,105.90294647216797,19.84246253967285,,,,,75e245e2-b20e-32a5-b124-8fced0baa7fc,Unknown
Giga,Trường THPT Hoằng Hoá (cơ sở 2),Trường THPT Hoằng Hoá (cơ sở 2),105.8128662109375,19.92527198791504,,,,,43fb8160-09a7-3b5a-ae13-f14ecf7442f5,Unknown
Giga,Trường THPT Hoàng Hoa Thám,Trường THPT Hoàng Hoa Thám,108.2374496459961,16.058387756347656,,,,,0222806f-cbd0-3d68-b32a-5ab2c532254b,Unknown
Giga,Trường THPT Hoàng Hoa Thám,Trường THPT Hoàng Hoa Thám,106.69204711914062,17.234987258911133,,,,,fe071c5f-60a0-3d3f-875d-b8f60d42a6e9,Unknown
Giga,Trường THPT Hoàng Hoa Thám,Trường THPT Hoàng Hoa Thám,108.3234634399414,11.758383750915527,,,,,d25eee8f-4dc3-31a2-b4a2-5df1019dab3d,Unknown
Giga,Trường THPT Hoàng Mai,Trường THPT Hoàng Mai,105.80917358398438,20.99920654296875,,,,,2ecb93c0-91ab-34e1-8124-dc8e28a4f0b0,Unknown
Giga,Trường THPT Hoàng Quốc Việt,Trường THPT Hoàng Quốc Việt,106.0858383178711,21.191648483276367,,,,,a2355baa-ed6e-3b2f-950b-c3d21eab6b86,Unknown
Giga,Trường THPT Hoàng Thái Hiếu,Trường THPT Hoàng Thái Hiếu,105.81080627441406,10.066019058227539,,,,,920663dd-fd57-37da-87b1-a4921f24f191,Unknown
Giga,Trường THPT Hoàng Văn Thụ,Trường THPT Hoàng Văn Thụ,105.87678527832031,20.98188018798828,,,,,4f54dfd6-b5e6-3b0f-8f37-b8c11bbb6caa,Unknown
Giga,Trường THPT Hoàng Văn Thụ,Trường THPT Hoàng Văn Thụ,106.74899291992188,21.839265823364258,,,,,0a5107b8-9038-311c-8a99-9f57e84b5dea,Unknown
Giga,Trường THPT Hoàng Văn Thụ,Trường THPT Hoàng Văn Thụ,106.02969360351562,11.3167724609375,,,,,39954e59-e8d8-3c01-8fef-b46b1597690b,Unknown
Giga,Trường THPT Hoàng Văn Thụ,Trường THPT Hoàng Văn Thụ,106.34382629394531,20.937604904174805,,,,,2eb5d779-8bc7-3455-a936-c566bd877e0d,Unknown
Giga,Trường THPT Hoành Bồ,Trường THPT Hoành Bồ,106.99334716796875,21.0258846282959,,,,,97a376cf-862a-3fd4-b5de-233e1db19bef,Unknown
Giga,Trường THPT Hòa Vang,Trường THPT Hòa Vang,108.20376586914062,16.019786834716797,,,,,ccece19c-d58b-3232-9e2b-258b409c6598,Unknown
Giga,Trường THPT Hòn Đất,Trường THPT Hòn Đất,104.93285369873047,10.182809829711914,,,,,6e1b3f13-6809-3c34-bf2a-40e3362b08db,Unknown
Giga,Trường THPT Hòn Gai,Trường THPT Hòn Gai,107.10067749023438,20.956090927124023,,,,,c4790b95-e0d7-3385-a594-3d21bb9bd230,Unknown
Giga,Trường THPT Hồng Bàng,Trường THPT Hồng Bàng,107.39988708496094,10.918835639953613,,,,,17296340-3b17-381c-91d1-df6ed0ebf21a,Unknown
Giga,Trường THPT Hồng Đức,Trường THPT Hồng Đức,106.63346099853516,10.806463241577148,,,,,f2df708d-00b0-3044-8ece-6ad8df118f0a,Unknown
Giga,Trường THPT Hồng Đức,Trường THPT Hồng Đức,106.77215576171875,21.035432815551758,,,,,565511c7-1232-3a4f-8c1b-fa7f49ec73fa,Unknown
Giga,Trường THPT Hồng Hà,Trường THPT Hồng Hà,106.6635971069336,10.798893928527832,,,,,a7b6a9ba-d486-31fb-a364-9f38f2a33b5d,Unknown
Giga,Trường THPT Hồ Thị Bi,Trường THPT Hồ Thị Bi,106.58751678466797,10.897292137145996,,,,,dbfc500e-f17c-3116-b2d7-7be9553d79d3,Unknown
Giga,Trường THPT Hồ Tùng Mậu,Trường THPT Hồ Tùng Mậu,105.81489562988281,20.99287986755371,,,,,99c68341-247f-3b9d-a519-4a029f773b92,Unknown
Giga,Trường THPT Hưng Nhân,Trường THPT Hưng Nhân,106.15506744384766,20.607288360595703,,,,,1cc541a4-25e2-357d-b537-e50f9edf7fb7,Unknown
Giga,Trường THPT Hùng Vương,Trường THPT Hùng Vương,106.03237915039062,20.98543357849121,,,,,52c4883b-8dd5-3bb9-bc04-70f24501ef0c,Unknown
Giga,Trường THPT Hùng Vương,Trường THPT Hùng Vương,105.2086410522461,21.403837203979492,,,,,a49cf7fd-ec58-392c-a149-0c70658bfc63,Unknown
Giga,Trường THPT Hùng Vương,Trường THPT Hùng Vương,107.32840728759766,21.001867294311523,,,,,530c29eb-6259-3411-b9c1-160589a87934,Unknown
Giga,Trường THPT Hùng Vương,Trường THPT Hùng Vương,108.59537506103516,11.84442138671875,,,,,8db39225-e3e7-3d0b-89fb-dffa1de83a98,Unknown
Giga,Trường THPT Hùng Vương,Trường THPT Hùng Vương,106.89844512939453,11.5521821975708,,,,,a9c2d17c-f829-3aac-a1d7-4fe6ba012275,Unknown
Giga,Trường THPT Hưng Yên,Trường THPT Hưng Yên,106.05980682373047,20.64628791809082,,,,,12ccb66f-77aa-3265-a38b-2c1cd650ad52,Unknown
Giga,Trường THPT Hướng Hoá,Trường THPT Hướng Hoá,106.73565673828125,16.62255096435547,,,,,d10f720e-dbfb-3425-82ba-848a408bff91,Unknown
Giga,Trường THPT Hướng Phùng,Trường THPT Hướng Phùng,106.58253479003906,16.74323081970215,,,,,147c474d-8e00-3170-bf73-0b5d89bbf041,Unknown
Giga,Trường THPT Huỳnh Phi Hùng,Trường THPT Huỳnh Phi Hùng,104.9625473022461,9.07143783569336,,,,,51316f59-f429-338f-b4b6-610ffebd2d07,Unknown
Giga,Trường THPT Huỳnh Thị Hưởng,Trường THPT Huỳnh Thị Hưởng,105.54937744140625,10.432276725769043,,,,,05b14a6e-d489-3d86-8925-4512da91ef79,Unknown
Giga,Trường THPT Huỳnh Thúc Kháng,Trường THPT Huỳnh Thúc Kháng,105.81513977050781,20.99890899658203,,,,,4ee2b935-efe0-376f-8fe5-e5fd38e11f5d,Unknown
Giga,Trường THPT Huỳnh Thúc Kháng,Trường THPT Huỳnh Thúc Kháng,107.85981750488281,13.961055755615234,,,,,64aa8f27-b5c0-3fe4-b3a7-f60f71fb332b,Unknown
Giga,Trường THPT Huỳnh Thúc Kháng,Trường THPT Huỳnh Thúc Kháng,107.63710021972656,10.62146282196045,,,,,1d6e4e4d-d9f9-38fc-ae69-33eae4a34d3b,Unknown
Giga,Trường THPT Huỳnh Thúc Kháng,Trường THPT Huỳnh Thúc Kháng,105.68309020996094,18.6754150390625,,,,,cabb1c41-bcac-3d08-a231-e1030a81e7f9,Unknown
Giga,Trường THPT Huỳnh Văn Nghệ,Trường THPT Huỳnh Văn Nghệ,106.7977523803711,11.062296867370605,,,,,360474a1-b94c-3319-9ceb-641b14880042,Unknown
Giga,Trường THPT Huỳnh Văn Nghệ,Trường THPT Huỳnh Văn Nghệ,106.79800415039062,11.062333106994629,,,,,b012103e-7b10-3c8e-b918-b92b9ffd347e,Unknown
Giga,Trường THPT Kẻ Sặt,Trường THPT Kẻ Sặt,106.15625,20.90229034423828,,,,,76177005-35ce-3ef6-85c4-3a19e9794078,Unknown
Giga,Trường THPT Khánh Hòa,Trường THPT Khánh Hòa,105.78301239013672,21.624107360839844,,,,,5138b4ef-f912-3171-8a1a-980e71d36801,Unknown
Giga,Trường THPT Khoái Châu,Trường THPT Khoái Châu,105.9775619506836,20.8380069732666,,,,,f281b2a5-d58a-3869-bbbb-4ddd0d022926,Unknown
Giga,Trường THPT Khoái Châu (cơ sở 2),Trường THPT Khoái Châu (cơ sở 2),105.98829650878906,20.792078018188477,,,,,dd883d85-5dbe-33c8-8605-049738f49d27,Unknown
Giga,Trường THPT Kiến An,Trường THPT Kiến An,106.62340545654297,20.810482025146484,,,,,14358c0b-f4bd-3f5a-8e77-a87cee84cec1,Unknown
Giga,Trường THPT Kiến Tường,Trường THPT Kiến Tường,105.93579864501953,10.763986587524414,,,,,00b16e2d-0c96-3726-9d1d-00fadfaf82d4,Unknown
Giga,Trường THPT Kim Bôi,Trường THPT Kim Bôi,105.54483032226562,20.66342544555664,,,,,d11f9d77-ebee-36d4-afe4-659f4f9be717,Unknown
Giga,Trường THPT Kim Động,Trường THPT Kim Động,106.06122589111328,20.74532127380371,,,,,345696e0-4b1a-3a43-abcc-2215f5e23fc8,Unknown
Giga,Trường THPT Kim Liên,Trường THPT Kim Liên,105.83168029785156,21.010910034179688,,,,,f09457bb-d9dc-3188-8c10-6083e9c5196d,Unknown
Giga,Trường THPT Kim Ngọc,Trường THPT Kim Ngọc,105.56637573242188,21.31754493713379,,,,,bf60a782-2d36-3587-a7f8-0a6824f00a1c,Unknown
Giga,Trường THPT Kim Sơn A,Trường THPT Kim Sơn A,106.07835388183594,20.092575073242188,,,,,be53e63a-ad4e-37ca-a89e-3f3e098fece3,Unknown
Giga,Trường THPT Kim Sơn B,Trường THPT Kim Sơn B,106.11353302001953,20.104358673095703,,,,,013e90c8-8feb-33fd-a3c3-9b057b6dbf04,Unknown
Giga,Trường THPT Krông Bông,Trường THPT Krông Bông,108.33256530761719,12.506688117980957,,,,,638eb068-be4e-3237-8af2-a403d706784f,Unknown
Giga,Trường THPT Krông Nô,Trường THPT Krông Nô,107.86054229736328,12.464472770690918,,,,,59142321-2d28-36f5-b2f3-2621b04f2ab4,Unknown
Giga,Trường THPT Kỳ Sơn,Trường THPT Kỳ Sơn,104.15571594238281,19.39615249633789,,,,,072b4740-18ba-3d97-8ecf-cab1038bf52b,Unknown
Giga,Trường THPT Kỹ thuật Việt Trì,Trường THPT Kỹ thuật Việt Trì,105.35205078125,21.36026954650879,,,,,7823859c-95c3-3210-9bb8-bee9263fdaee,Unknown
Giga,Trường THPT Lạc Long Quân,Trường THPT Lạc Long Quân,105.8541030883789,21.258159637451172,,,,,ed2b34cc-af6d-3958-b80e-d0f3444c6441,Unknown
Giga,Trường THPT Lạc Long Quân,Trường THPT Lạc Long Quân,108.90990447998047,12.278789520263672,,,,,67f5ea0b-6bfe-3485-82e4-81bcb979a1a9,Unknown
Giga,Trường THPT Lạc Long Quân,Trường THPT Lạc Long Quân,106.28511810302734,20.434236526489258,,,,,2daf99f9-668c-31c6-8321-b9193262dba1,Unknown
Giga,Trường THPT Lạc Long Quân,Trường THPT Lạc Long Quân,105.3389892578125,20.831172943115234,,,,,8e9e29a0-ed63-3c41-b5cb-31831ad864c4,Unknown
Giga,Trường THPT Lam Hồng,Trường THPT Lam Hồng,105.8472671508789,21.194089889526367,,,,,91b82c30-ad56-3711-96d4-b3ec31c853a8,Unknown
Giga,Trường THPT Lâm Nghiệp,Trường THPT Lâm Nghiệp,105.57333374023438,20.908584594726562,,,,,00030622-41da-3fa2-9bcb-68a73d117076,Unknown
Giga,Trường THPT Lâm Thao,Trường THPT Lâm Thao,105.28955078125,21.31597137451172,,,,,786c8970-a5ac-3c82-bc00-27ade1e96c38,Unknown
Giga,Trường THPT Lấp Vò 3,Trường THPT Lấp Vò 3,105.6393051147461,10.321189880371094,,,,,e47d5228-0614-3d39-9ea9-c8cbf579731b,Unknown
Giga,Trường THPT Lê Duẩn,Trường THPT Lê Duẩn,106.177978515625,11.549325942993164,,,,,356bd62e-11b2-35f0-8ccd-26619a05e8d8,Unknown
Giga,Trường THPT Lê Duẩn,Trường THPT Lê Duẩn,108.88660430908203,11.63077163696289,,,,,7fcf20a8-f4e7-36ec-9cb6-969a9a0e9c70,Unknown
Giga,Trường THPT Lê Hoàn,Trường THPT Lê Hoàn,105.96654510498047,20.50201988220215,,,,,1bc81580-e6ce-3495-aed6-bf21b2653fd9,Unknown
Giga,Trường THPT Lê Hồng Phong,Trường THPT Lê Hồng Phong,107.33521270751953,21.011024475097656,,,,,6d4c4e2a-b960-39b7-994b-3b658a346d28,Unknown
Giga,Trường THPT Lê Hồng Phong,Trường THPT Lê Hồng Phong,103.9620590209961,22.500503540039062,,,,,8e3fe42b-d03d-3e00-9602-a62c14d3b0fc,Unknown
Giga,Trường THPT Lê Hồng Phong,Trường THPT Lê Hồng Phong,108.08627319335938,14.070486068725586,,,,,934ad179-a3d1-338d-a90e-96f773894258,Unknown
Giga,Trường THPT Lê Hồng Phong,Trường THPT Lê Hồng Phong,105.87898254394531,20.074081420898438,,,,,307f5d98-6fc9-3bbb-b90b-b2f72d1a29ef,Unknown
Giga,Trường THPT Lê Hồng Phong,Trường THPT Lê Hồng Phong,106.88020324707031,10.96863842010498,,,,,e49ad4bb-5529-31f9-8001-926acc2dde83,Unknown
Giga,Trường THPT Lê Hồng Phong,Trường THPT Lê Hồng Phong,105.77561950683594,20.984947204589844,,,,,35c48bce-bd8b-3216-b0e5-6030835de08f,Unknown
Giga,Trường THPT Lê Hồng Phong,Trường THPT Lê Hồng Phong,106.67349243164062,20.859704971313477,,,,,fddc5886-1a52-31bb-8f9a-7ab76bc32380,Unknown
Giga,Trường THPT Lê Lợi,Trường THPT Lê Lợi,109.1029281616211,13.374656677246094,,,,,de9184a2-5583-33ad-b204-074396b51948,Unknown
Giga,Trường THPT Lê Lợi,Trường THPT Lê Lợi,106.83949279785156,11.136384963989258,,,,,c24ce11c-2bae-3e70-8cd1-2d2dba4af8a3,Unknown
Giga,Trường THPT Lê Lợi,Trường THPT Lê Lợi,105.97593688964844,9.608174324035645,,,,,e7eaa27a-329f-3a0f-b1e7-0cb14b75bb3d,Unknown
Giga,Trường THPT Lê Lợi,Trường THPT Lê Lợi,107.11079406738281,16.809288024902344,,,,,49d480d6-e685-3b16-b77e-4be42fd2135f,Unknown
Giga,Trường THPT Lê Lợi,Trường THPT Lê Lợi,105.78314208984375,20.968303680419922,,,,,a09854e1-1279-3970-81a9-472db18e1d6f,Unknown
Giga,Trường THPT Lê Minh Xuân,Trường THPT Lê Minh Xuân,106.55193328857422,10.7682523727417,,,,,efe51fe5-b01f-318e-92c1-24bd40e4fa39,Unknown
Giga,Trường THPT Lê Ngọc Hân,Trường THPT Lê Ngọc Hân,105.92447662353516,21.08808708190918,,,,,9b99384f-67b0-3178-b98f-8b20650f05bf,Unknown
Giga,Trường THPT Lê Quý Đôn,Trường THPT Lê Quý Đôn,105.98223114013672,21.09379768371582,,,,,ecbe13a2-0534-3a59-b080-39d444a077e7,Unknown
Giga,Trường THPT Lê Quý Đôn,Trường THPT Lê Quý Đôn,106.3990707397461,10.535703659057617,,,,,a585ae2d-1a31-35b4-95a6-e4fa1a1c4ce0,Unknown
Giga,Trường THPT Lê Quý Đôn,Trường THPT Lê Quý Đôn,106.2216567993164,20.81999397277832,,,,,3661dd86-1fd8-3888-b210-dcf81828fcf9,Unknown
Giga,Trường THPT Lê Quý Đôn,Trường THPT Lê Quý Đôn,108.49055480957031,15.56362247467041,,,,,87be0306-9a29-3448-b108-59e5ab8a5c38,Unknown
Giga,Trường THPT Lê Quý Đôn,Trường THPT Lê Quý Đôn,103.4527816772461,22.39873504638672,,,,,9767bb9a-7730-3bda-8f6f-53ae4da270a3,Unknown
Giga,Trường THPT Lê Quý Đôn,Trường THPT Lê Quý Đôn,106.84977722167969,10.956822395324707,,,,,f45d8dbf-b3ea-3bee-b6bd-78587809d9a1,Unknown
Giga,Trường THPT Lê Quý Đôn,Trường THPT Lê Quý Đôn,107.22892761230469,21.006969451904297,,,,,ac594f39-f69c-3293-b579-82aeee9c0c7e,Unknown
Giga,Trường THPT Lê Quý Đôn,Trường THPT Lê Quý Đôn,106.33698272705078,20.4473876953125,,,,,1b12fdc2-4fab-323b-a902-58a84431d3e5,Unknown
Giga,Trường THPT Lê Quý Đôn (cơ sở Long Bình Tân),Trường THPT Lê Quý Đôn (cơ sở Long Bình Tân),106.85830688476562,10.907770156860352,,,,,26aa4fb2-5314-3bec-98b7-ebc63a1a6560,Unknown
Giga,Trường THPT Lê Quý Đôn - Đống Đa,Trường THPT Lê Quý Đôn - Đống Đa,105.83228302001953,21.013517379760742,,,,,15906b52-aa22-3278-9733-5ee5039f746a,Unknown
Giga,Trường THPT Lê Thành Phương,Trường THPT Lê Thành Phương,109.26689147949219,13.209481239318848,,,,,b875dac8-6fb6-3067-8c50-7696b22b696b,Unknown
Giga,Trường THPT Lê Thánh Tông,Trường THPT Lê Thánh Tông,105.86016845703125,20.928468704223633,,,,,41f0f4de-b150-392d-b3de-7b652b83d9c3,Unknown
Giga,Trường THPT Lê Thị Riêng,Trường THPT Lê Thị Riêng,105.63885498046875,9.283988952636719,,,,,854a5adf-f22c-326b-a745-a1d595e2c376,Unknown
Giga,Trường THPT Lê Trọng Tấn,Trường THPT Lê Trọng Tấn,106.6178207397461,10.806962966918945,,,,,0a1e22ad-1fa2-3845-9eb8-3560cbfcee43,Unknown
Giga,Trường THPT Lê Trung Kiên,Trường THPT Lê Trung Kiên,109.33438873291016,12.988195419311523,,,,,8ec4fbb9-7713-3136-b4e5-5bfcbb750d5e,Unknown
Giga,Trường THPT Lê Văn Đẩu,Trường THPT Lê Văn Đẩu,105.71430969238281,9.343000411987305,,,,,852409e1-0050-39b7-904c-2da189d37bb0,Unknown
Giga,Trường THPT Lê Văn Hưu,Trường THPT Lê Văn Hưu,105.67131042480469,19.864225387573242,,,,,40cd5b69-9651-35ba-8d3c-46abf1c17d01,Unknown
Giga,Trường THPT Lê Văn Thịnh,Trường THPT Lê Văn Thịnh,106.17285919189453,21.061267852783203,,,,,acc740cb-56f4-3b8e-96f5-9efc5a41fdc8,Unknown
Giga,Trường THPT Lê Viết Thuật,Trường THPT Lê Viết Thuật,105.70106506347656,18.665870666503906,,,,,37edc22e-8ae2-3024-bf45-e852fc2d7b1b,Unknown
Giga,Trường THPT Lê Xoay,Trường THPT Lê Xoay,105.50370025634766,21.226987838745117,,,,,15641002-83a2-39a5-a676-23dd6fd4fdab,Unknown
Giga,Trường THPT Lịch Hội Thượng,Trường THPT Lịch Hội Thượng,106.14611053466797,9.467737197875977,,,,,e5576852-14a0-3a7c-b8f2-99e2ead61289,Unknown
Giga,Trường THPT Liên Chiểu,Trường THPT Liên Chiểu,108.13300323486328,16.102121353149414,,,,,a32dcc82-167f-3e9f-81b0-4896d646ad9c,Unknown
Giga,Trường THPT Liễn Sơn,Trường THPT Liễn Sơn,105.51912689208984,21.43121910095215,,,,,9b1d3082-8f0f-3e2d-a4ae-6251be832082,Unknown
Giga,Trường THPT Liễn Sơn (cơ sở 2),Trường THPT Liễn Sơn (cơ sở 2),105.5279769897461,21.44577980041504,,,,,1d4330cc-67d3-305d-8649-3036cb9b92b7,Unknown
Giga,Trường THPT Long Châu Sa,Trường THPT Long Châu Sa,105.2890625,21.314992904663086,,,,,021b510d-e71e-35eb-930d-ff9757ae83ac,Unknown
Giga,Trường THPT Long Hựu Đông,Trường THPT Long Hựu Đông,106.67181396484375,10.489336967468262,,,,,d7fd6892-ce20-3545-8174-bc966752204d,Unknown
Giga,Trường THPT Long Tân,Trường THPT Long Tân,107.27181243896484,10.530878067016602,,,,,c7bf7f23-8fec-37ba-a515-715abd623cb8,Unknown
Giga,Trường THPT Long Thành,Trường THPT Long Thành,106.95220184326172,10.785531044006348,,,,,96b5149d-4ca4-37e0-a6df-dc6f8671ff79,Unknown
Giga,Trường THPT Long Thới,Trường THPT Long Thới,106.72759246826172,10.656253814697266,,,,,e3293639-6f9d-33d8-8dfc-d12809f62a98,Unknown
Giga,Trường THPT Long Trường,Trường THPT Long Trường,106.80867767333984,10.817200660705566,,,,,20965882-8f02-3445-a285-a575821285de,Unknown
Giga,Trường THPT Lương Đắc Bằng,Trường THPT Lương Đắc Bằng,105.85305786132812,19.853107452392578,,,,,42a63c6e-1340-3f30-9956-f76a6144bdba,Unknown
Giga,Trường THPT Lương Đình Của,Trường THPT Lương Đình Của,105.6268539428711,10.119115829467773,,,,,2a981040-3b1a-3cff-af40-a352d48d3b8e,Unknown
Giga,Trường THPT Lương Tài,Trường THPT Lương Tài,106.20104217529297,21.0139217376709,,,,,220a560a-64af-39f8-b22b-1162543058a9,Unknown
Giga,Trường THPT Lương Tài số 2,Trường THPT Lương Tài số 2,106.29031372070312,21.044937133789062,,,,,e1c6323c-762e-3059-89d4-bb5e7e363ef4,Unknown
Giga,Trường THPT Lương Thế Vinh,Trường THPT Lương Thế Vinh,106.67796325683594,20.864316940307617,,,,,e3df0b85-95f2-3f46-a07e-60c31f5ff90d,Unknown
Giga,Trường THPT Lương Thế Vinh,Trường THPT Lương Thế Vinh,105.86629486083984,21.46045684814453,,,,,98668382-70b5-3a71-948a-109e5c2ee1a4,Unknown
Giga,Trường THPT Lương Thế Vinh,Trường THPT Lương Thế Vinh,106.67808532714844,20.864028930664062,,,,,82d64c7d-0a9f-3262-88db-a3c00d6e640c,Unknown
Giga,Trường THPT Lương Thế Vinh,Trường THPT Lương Thế Vinh,106.31587219238281,20.914213180541992,,,,,235e9375-e222-304e-86e8-19a82a728039,Unknown
Giga,Trường THPT Lương Thế Vinh,Trường THPT Lương Thế Vinh,104.02101135253906,22.408355712890625,,,,,f37f7f78-dbbf-3b27-bebb-87a3fff00e45,Unknown
Giga,Trường THPT Lương Thế Vinh,Trường THPT Lương Thế Vinh,108.95135498046875,14.823592185974121,,,,,141781d9-011e-31af-81c9-93278bf6bff8,Unknown
Giga,Trường THPT Lương Thế Vinh - Ba Vì,Trường THPT Lương Thế Vinh - Ba Vì,105.41292572021484,21.213268280029297,,,,,fc7bb178-17fb-3774-92c9-c0eb3dbf8157,Unknown
Giga,Trường THPT Lương Thế Vinh - cơ sở 1,Trường THPT Lương Thế Vinh - cơ sở 1,107.27594757080078,21.00499725341797,,,,,3151279c-cc23-30e3-b71f-741380e53987,Unknown
Giga,Trường THPT Lương Thế Vinh - cơ sở 2,Trường THPT Lương Thế Vinh - cơ sở 2,107.2752914428711,21.004016876220703,,,,,ea6b9b52-9570-3ebc-8b39-f06656b87b4d,Unknown
Giga,Trường THPT Lương Văn Can,Trường THPT Lương Văn Can,106.669677734375,10.740145683288574,,,,,f0aecfbb-8e6d-32f8-a8a6-6e808813b0b1,Unknown
Giga,Trường THPT Lưu Hữu Phước,Trường THPT Lưu Hữu Phước,105.63761138916016,10.116262435913086,,,,,658ee12d-daf5-3052-9890-7b53a79b2db9,Unknown
Giga,Trường THPT Lưu Văn Liệt,Trường THPT Lưu Văn Liệt,105.9745101928711,10.255166053771973,,,,,fd8a8b92-25f4-3fa0-865e-d063ca4bbfce,Unknown
Giga,Trường THPT Lý Bôn,Trường THPT Lý Bôn,106.24385833740234,20.495176315307617,,,,,793c6084-58ba-3dc2-ae31-48c2541edff5,Unknown
Giga,Trường THPT Lý Nhân,Trường THPT Lý Nhân,106.0281982421875,20.561359405517578,,,,,e07279dd-8c92-3545-bbfe-e9d07fbaf717,Unknown
Giga,Trường THPT Lý Thái Tổ,Trường THPT Lý Thái Tổ,106.72893524169922,10.96323299407959,,,,,64c09541-822e-3613-866e-b2ec770ffbaa,Unknown
Giga,Trường THPT Lý Thái Tổ,Trường THPT Lý Thái Tổ,106.64302825927734,10.845819473266602,,,,,2b14fe01-f3c4-3d2e-a784-b8af0f5f679c,Unknown
Giga,Trường THPT Lý Thường Kiệt,Trường THPT Lý Thường Kiệt,105.78624725341797,19.801382064819336,,,,,4876374a-0692-3a3a-bf34-1f2e64a5eccc,Unknown
Giga,Trường THPT Lý Thường Kiệt,Trường THPT Lý Thường Kiệt,107.75169372558594,10.681139945983887,,,,,61da7af7-31fd-3b8b-9614-2fc56a1975e1,Unknown
Giga,Trường THPT Lý Thường Kiệt,Trường THPT Lý Thường Kiệt,106.0788803100586,21.13048553466797,,,,,ac6fe7c0-c945-315c-b7da-928ab7723031,Unknown
Giga,Trường THPT Lý Thường Kiệt,Trường THPT Lý Thường Kiệt,105.8652572631836,20.566770553588867,,,,,9b341a3b-9833-3e72-9f83-717069906e57,Unknown
Giga,Trường THPT Lý Tự Trọng,Trường THPT Lý Tự Trọng,105.85746002197266,18.374195098876953,,,,,724b7c5b-f8ca-3567-b438-cc910f491268,Unknown
Giga,Trường THPT Mạc Đĩnh,Trường THPT Mạc Đĩnh,106.43946075439453,10.276959419250488,,,,,36ffc9af-88d9-390f-b62a-44fd554521b8,Unknown
Giga,Trường THPT Mạc Đĩnh Chi,Trường THPT Mạc Đĩnh Chi,105.7614517211914,21.226102828979492,,,,,b6d4b7af-363a-32d5-9879-791d9f6773ca,Unknown
Giga,Trường THPT Mai Châu,Trường THPT Mai Châu,105.08594512939453,20.66531753540039,,,,,16d8c7d6-6549-3c62-ad9c-83ee26332bce,Unknown
Giga,Trường THPT Mai Châu B,Trường THPT Mai Châu B,104.984619140625,20.645782470703125,,,,,6c2d7d6b-b10b-386a-82d8-e13646d5658e,Unknown
Giga,Trường THPT Mai Thanh Thé,Trường THPT Mai Thanh Thé,105.5963363647461,9.5628080368042,,,,,36fba8cb-0b9d-3071-80f9-ef24f367e426,Unknown
Giga,Trường THPT Mê Linh,Trường THPT Mê Linh,106.30221557617188,20.580982208251953,,,,,791fc6bc-f037-3e7e-b4a7-8d00c5f3eb49,Unknown
Giga,Trường THPT Minh Châu,Trường THPT Minh Châu,106.02035522460938,20.873779296875,,,,,8bf13f9b-7a84-37e7-97bb-705dccd35c00,Unknown
Giga,Trường THPT Minh Quang,Trường THPT Minh Quang,105.31745910644531,21.071128845214844,,,,,a1a12ac9-e5c4-350d-a71a-50e56fcb76a2,Unknown
Giga,Trường THPT MInh Trí,Trường THPT MInh Trí,105.75104522705078,21.260211944580078,,,,,c14db903-7718-35e7-8450-0526cd6f0dcb,Unknown
Giga,Trường THPT Mong Thọ,Trường THPT Mong Thọ,105.19732666015625,10.026524543762207,,,,,3daa80d5-847d-38ea-b01f-426c13a68077,Unknown
Giga,Trường THPT Mường Lay,Trường THPT Mường Lay,103.15040588378906,22.022428512573242,,,,,e5b4db57-46c8-3604-a18b-911f7ab6140f,Unknown
Giga,Trường THPT Mường Tè,Trường THPT Mường Tè,102.81092834472656,22.387035369873047,,,,,7d5181af-b1e1-3b9e-878e-43e48340f552,Unknown
Giga,Trường THPT Mỹ Đức A - khu B,Trường THPT Mỹ Đức A - khu B,105.7448501586914,20.683317184448242,,,,,518352fa-aa07-3495-946a-1d3726be9c59,Unknown
Giga,Trường THPT Mỹ Xuyên,Trường THPT Mỹ Xuyên,105.98162078857422,9.561772346496582,,,,,6c7f0f95-4d74-359a-bc1a-b0a9b9982959,Unknown
Giga,Trường THPT Na Hang,Trường THPT Na Hang,105.37556457519531,22.341737747192383,,,,,e1288540-c6c7-3ff4-9bfd-bf4f44e9b4af,Unknown
Giga,Trường THPT Nam Cao,Trường THPT Nam Cao,106.13184356689453,20.53348731994629,,,,,adf02030-99a4-35d7-a9a6-d0c28a632ab8,Unknown
Giga,Trường THPT Nam Đông Quan,Trường THPT Nam Đông Quan,106.39932250976562,20.507125854492188,,,,,74fc1633-4fd8-3fab-90cd-acd004c7dfcf,Unknown
Giga,Trường THPT Nam Duyên Hà,Trường THPT Nam Duyên Hà,106.21446228027344,20.53890037536621,,,,,5adca01c-5706-3174-8d01-4480757e2e18,Unknown
Giga,Trường THPT Nam Hà,Trường THPT Nam Hà,106.83135223388672,10.93348217010498,,,,,ed4859ff-4fea-3f64-9e36-d43361613752,Unknown
Giga,Trường THPT Nam Lý,Trường THPT Nam Lý,106.14239501953125,20.503238677978516,,,,,063aae43-96f5-3678-9f6b-149ef0b5145c,Unknown
Giga,Trường THPT Nam Phù Cừ,Trường THPT Nam Phù Cừ,106.21943664550781,20.689966201782227,,,,,591ae524-8bba-37d9-9ddf-684a6b2d51ff,Unknown
Giga,Trường THPT Nam Tiền Hải,Trường THPT Nam Tiền Hải,106.53489685058594,20.34107208251953,,,,,8b20836b-efb6-350c-b106-6e2c6333e5a0,Unknown
Giga,Trường THPT Nam Việt,Trường THPT Nam Việt,106.62686920166016,10.808724403381348,,,,,c8029378-b053-3405-9a26-5e42a05c4b59,Unknown
Giga,Trường THPT Năng Khiếu Thể Dục Thể Thao,Trường THPT Năng Khiếu Thể Dục Thể Thao,106.69861602783203,10.791068077087402,,,,,26976f4f-761f-35a5-9995-8c24f9293963,Unknown
Giga,Trường THPT Năng Khiếu Thể dục thể thao Bình Chánh,Trường THPT Năng Khiếu Thể dục thể thao Bình Chánh,106.51314544677734,10.777312278747559,,,,,42097520-57f4-3667-b563-2e8cddf9cd73,Unknown
Giga,Trường THPT năng khiếu Trần Phú,Trường THPT năng khiếu Trần Phú,106.68655395507812,20.858381271362305,,,,,c8379727-fda7-3a87-a8fc-74ffcb78e576,Unknown
Giga,Trường THPT Newton Hưng Yên,Trường THPT Newton Hưng Yên,106.17666625976562,20.730859756469727,,,,,dddffd68-1804-3e1b-b795-ce0244d7ed42,Unknown
Giga,Trường THPT Nghĩa Dân,Trường THPT Nghĩa Dân,106.04853820800781,20.789737701416016,,,,,7d38f8da-34fd-3b05-b1ce-b485ac68ea7b,Unknown
Giga,Trường THPT Ngô Gia Tự,Trường THPT Ngô Gia Tự,109.18135833740234,11.987881660461426,,,,,9050fd61-f2f3-35a1-afd6-acf2b0bcc910,Unknown
Giga,Trường THPT Ngô Gia Tự,Trường THPT Ngô Gia Tự,105.97783660888672,21.14057159423828,,,,,6554be86-6667-325b-9d50-9b533c94c25f,Unknown
Giga,Trường THPT Ngô Gia Tự,Trường THPT Ngô Gia Tự,106.63772583007812,10.734513282775879,,,,,f5d8246d-b6c2-3204-8bf0-1aeb5a9a2e76,Unknown
Giga,Trường THPT Ngô Gia Tự,Trường THPT Ngô Gia Tự,109.31303405761719,13.048107147216797,,,,,d158f879-0371-32c7-9ebb-8e00c4d42f94,Unknown
Giga,Trường THPT Ngô Gia Tự,Trường THPT Ngô Gia Tự,105.46391296386719,21.410444259643555,,,,,0ac10f8d-3c47-3e68-af39-88a2daa7fde0,Unknown
Giga,Trường THPT Ngô Gia Tự (cơ sở 2),Trường THPT Ngô Gia Tự (cơ sở 2),105.46732330322266,21.421001434326172,,,,,096c4fff-2f07-3dac-b521-f7f8bf136a91,Unknown
Giga,Trường THPT Ngô Quyền,Trường THPT Ngô Quyền,106.82604217529297,10.95421028137207,,,,,02702b8d-8bb1-374a-9998-0a150414be89,Unknown
Giga,Trường THPT Ngô Quyền,Trường THPT Ngô Quyền,108.2362289428711,16.062456130981445,,,,,453a6467-329d-3eeb-870a-b8ca793aba32,Unknown
Giga,Trường THPT Ngô Quyền,Trường THPT Ngô Quyền,106.73636627197266,10.71295166015625,,,,,e3636787-ec73-3913-8d95-f4f84ac80db2,Unknown
Giga,Trường THPT Ngô Quyền,Trường THPT Ngô Quyền,106.67951965332031,20.854997634887695,,,,,dbb78759-3830-3ef4-ba6c-1eb0ed68ff27,Unknown
Giga,Trường THPT Ngô Quyền,Trường THPT Ngô Quyền,107.10319519042969,20.962812423706055,,,,,db95b4d6-e964-35c0-83e2-3ca45005096c,Unknown
Giga,Trường THPT Ngô Quyền,Trường THPT Ngô Quyền,106.11529541015625,20.700092315673828,,,,,851433db-73bf-334a-9824-4a3ca53e84d9,Unknown
Giga,Trường THPT Ngô Quyền - Đông Anh,Trường THPT Ngô Quyền - Đông Anh,105.8330078125,21.111984252929688,,,,,cbbc62b1-6d9b-3ca1-9b0c-a7a85a753b51,Unknown
Giga,Trường THPT Ngô Sĩ Liên,Trường THPT Ngô Sĩ Liên,107.00141143798828,10.957287788391113,,,,,7589948b-882a-385e-8da5-7b52a04266ed,Unknown
Giga,Trường THPT Ngô Sĩ Liên,Trường THPT Ngô Sĩ Liên,107.0010986328125,10.957250595092773,,,,,5e0ffa4d-eac0-3fc7-b07d-5ef13c7e9904,Unknown
Giga,Trường THPT Ngô Thời Nhiệm,Trường THPT Ngô Thời Nhiệm,106.76426696777344,10.823945999145508,,,,,b5bb7284-1381-3604-957c-49dcad58394b,Unknown
Giga,Trường THPT Ngũ Hành Sơn,Trường THPT Ngũ Hành Sơn,108.25454711914062,16.010713577270508,,,,,34f762a9-fe97-310d-80b3-c89960436f46,Unknown
Giga,Trường THPT Nguyễn An Ninh,Trường THPT Nguyễn An Ninh,106.75439453125,10.87529182434082,,,,,281a6807-c261-3266-b367-e0aeb25a0337,Unknown
Giga,Trường THPT Nguyễn An Ninh,Trường THPT Nguyễn An Ninh,106.02046203613281,11.546167373657227,,,,,713e9cd5-e297-3887-a4c4-40f9837e5112,Unknown
Giga,Trường THPT Nguyễn An Ninh,Trường THPT Nguyễn An Ninh,106.67414855957031,10.761608123779297,,,,,2755eb97-5397-3bda-bc95-a8feeba0aceb,Unknown
Giga,Trường THPT Nguyễn An Ninh,Trường THPT Nguyễn An Ninh,106.75463104248047,10.875271797180176,,,,,9b4eb045-1463-3da3-b6a5-6e37a6112de0,Unknown
Giga,Trường THPT Nguyễn Bỉnh Khiêm,Trường THPT Nguyễn Bỉnh Khiêm,108.96146392822266,14.359545707702637,,,,,f63ee71b-1724-3430-a14b-17cee631c057,Unknown
Giga,Trường THPT Nguyễn Bỉnh Khiêm,Trường THPT Nguyễn Bỉnh Khiêm,107.19075775146484,10.508514404296875,,,,,dfd65c88-f534-3f48-9dc3-fd15a2fcaa0e,Unknown
Giga,Trường THPT Nguyễn Bỉnh Khiêm,Trường THPT Nguyễn Bỉnh Khiêm,108.47801971435547,15.57885456085205,,,,,1fc3b0a9-02da-3235-8a7b-b570909220c5,Unknown
Giga,Trường THPT Nguyễn Bỉnh Khiêm,Trường THPT Nguyễn Bỉnh Khiêm,106.39928436279297,17.79443359375,,,,,f59697ef-af30-3041-9209-0dcf5c6c7141,Unknown
Giga,Trường THPT Nguyễn Bỉnh Khiêm,Trường THPT Nguyễn Bỉnh Khiêm,106.53337097167969,20.643606185913086,,,,,c2b1a030-c742-3283-a1ea-545ef4dc8f42,Unknown
Giga,Trường THPT Nguyễn Bỉnh Khiêm,Trường THPT Nguyễn Bỉnh Khiêm,106.89151000976562,10.72021484375,,,,,b0710aab-bbfe-31dc-a350-a60a096d255a,Unknown
Giga,Trường THPT Nguyễn Bỉnh Khiêm,Trường THPT Nguyễn Bỉnh Khiêm,105.82831573486328,20.776323318481445,,,,,2afadbf3-be6e-33ae-9d1b-b44dea9586d6,Unknown
Giga,Trường THPT Nguyễn Bỉnh Khiêm,Trường THPT Nguyễn Bỉnh Khiêm,106.9940185546875,20.969526290893555,,,,,523a88e7-7264-32ce-8e4b-7862999a1803,Unknown
Giga,Trường THPT Nguyễn Chí Thanh,Trường THPT Nguyễn Chí Thanh,108.02775573730469,13.954036712646484,,,,,ddb366ad-9657-3011-87da-94fe6e40b2b5,Unknown
Giga,Trường THPT Nguyễn Chí Thanh,Trường THPT Nguyễn Chí Thanh,106.6461181640625,10.80632495880127,,,,,b2424d5b-8fec-3484-aaee-42530655db60,Unknown
Giga,Trường THPT Nguyễn Chí Thanh,Trường THPT Nguyễn Chí Thanh,105.33099365234375,10.719658851623535,,,,,acdaea27-a20c-362d-b1e8-b3e1a58eee96,Unknown
Giga,Trường THPT Nguyễn Chí Thanh,Trường THPT Nguyễn Chí Thanh,107.66992950439453,11.985822677612305,,,,,eed4ac94-61d5-31cb-858c-3ee58196ebda,Unknown
Giga,Trường THPT Nguyễn Chí Thanh,Trường THPT Nguyễn Chí Thanh,109.09012603759766,12.50184440612793,,,,,c8b3f2f4-2d6c-35e1-94cd-ed6a8ace3ce5,Unknown
Giga,Trường THPT Nguyễn Công Trứ,Trường THPT Nguyễn Công Trứ,106.39310455322266,10.895590782165527,,,,,3d5f8a80-e96e-3a44-a5ef-b849ebca6b96,Unknown
Giga,Trường THPT Nguyễn Công Trứ,Trường THPT Nguyễn Công Trứ,109.34442901611328,12.967370986938477,,,,,8da4ca0b-b325-39e4-a1e6-158ab70dda4a,Unknown
Giga,Trường THPT Nguyễn Công Trứ,Trường THPT Nguyễn Công Trứ,106.6532211303711,10.838950157165527,,,,,91fbb2a9-1a80-34c5-9518-118932d7a3fd,Unknown
Giga,Trường THPT Nguyễn Công Trứ,Trường THPT Nguyễn Công Trứ,105.96697235107422,20.250513076782227,,,,,46db118f-cfab-3a74-8b68-ea043f43d026,Unknown
Giga,Trường THPT Nguyễn Công Trứ,Trường THPT Nguyễn Công Trứ,106.65351104736328,10.838321685791016,,,,,12907bed-d250-3592-841b-7c2b373f7d4a,Unknown
Giga,Trường THPT Nguyễn Đình Chiểu,Trường THPT Nguyễn Đình Chiểu,107.41740417480469,11.9194974899292,,,,,8febd513-d9a0-3311-bb0a-8c3ae08c416c,Unknown
Giga,Trường THPT Nguyễn Đình Chiểu,Trường THPT Nguyễn Đình Chiểu,109.10887908935547,13.884531021118164,,,,,3e7dddb6-f754-3c28-aa14-133d84ed5e86,Unknown
Giga,Trường THPT Nguyễn Đình Chiểu,Trường THPT Nguyễn Đình Chiểu,106.6484375,10.999713897705078,,,,,486d523c-dc79-378a-b399-06f109244e49,Unknown
Giga,Trường THPT Nguyễn Đình Chiểu,Trường THPT Nguyễn Đình Chiểu,106.95278930664062,10.783760070800781,,,,,2ae718b2-fa24-3415-8dec-d82a6a63cdb8,Unknown
Giga,Trường THPT Nguyễn Đình Chiểu,Trường THPT Nguyễn Đình Chiểu,106.21101379394531,11.365950584411621,,,,,e8f05c99-b355-3a9f-a399-e0ee2b95692c,Unknown
Giga,Trường THPT Nguyễn Du,Trường THPT Nguyễn Du,106.4422378540039,20.38794708251953,,,,,2d3d800b-2d1b-34c1-8667-2f2e96bbba1e,Unknown
Giga,Trường THPT Nguyễn Du,Trường THPT Nguyễn Du,106.0542221069336,21.172380447387695,,,,,630f9b25-40d1-3f4d-9733-2dd82e0008be,Unknown
Giga,Trường THPT Nguyễn Du,Trường THPT Nguyễn Du,106.66192626953125,10.778855323791504,,,,,a3e3922d-0bce-38fa-a589-d15f48e4c1a4,Unknown
Giga,Trường THPT Nguyễn Du,Trường THPT Nguyễn Du,107.2398681640625,10.644824028015137,,,,,742796d1-56fd-3b94-bea7-07fd909ca6b5,Unknown
Giga,Trường THPT Nguyễn Du,Trường THPT Nguyễn Du,106.22296142578125,20.29745864868164,,,,,df9ace6b-5065-3dae-b7c6-e2992cf7c4e1,Unknown
Giga,Trường THPT Nguyễn Du,Trường THPT Nguyễn Du,106.90045928955078,11.540712356567383,,,,,ebe022a2-ebac-3eb0-a884-20c05f6c34f1,Unknown
Giga,Trường THPT Nguyễn Đức Cảnh,Trường THPT Nguyễn Đức Cảnh,106.35020446777344,20.44637107849121,,,,,0739548b-6d33-38ab-88b3-e6d4ec62b164,Unknown
Giga,Trường THPT Nguyễn Gia Thiều,Trường THPT Nguyễn Gia Thiều,105.87421417236328,21.046497344970703,,,,,ac0afbf1-0fe4-3f84-8976-bb05e9bae450,Unknown
Giga,Trường THPT Nguyễn Hiền,Trường THPT Nguyễn Hiền,108.21893310546875,16.03620147705078,,,,,6f71c962-51b1-3319-9d64-106be344a4a4,Unknown
Giga,Trường THPT Nguyễn Huệ,Trường THPT Nguyễn Huệ,106.60620880126953,11.649836540222168,,,,,d394492f-f059-355a-9107-6a6d9192a410,Unknown
Giga,Trường THPT Nguyễn Huệ,Trường THPT Nguyễn Huệ,107.75177764892578,10.683502197265625,,,,,26b1496d-8fd6-3e3a-aa04-775e5f55abfa,Unknown
Giga,Trường THPT Nguyễn Huệ,Trường THPT Nguyễn Huệ,106.75594329833984,11.335773468017578,,,,,7f0239a4-9808-3d4d-af24-7deb33c1ee21,Unknown
Giga,Trường THPT Nguyễn Huệ,Trường THPT Nguyễn Huệ,109.31226348876953,13.089786529541016,,,,,4ee3940e-67b7-328c-b9be-d9e72a08cf39,Unknown
Giga,Trường THPT Nguyễn Huệ,Trường THPT Nguyễn Huệ,106.33653259277344,20.636415481567383,,,,,fe51bed3-06cd-3772-8f6f-0bba8b8f7631,Unknown
Giga,Trường THPT Nguyễn Huệ,Trường THPT Nguyễn Huệ,105.80814361572266,19.765478134155273,,,,,6c498dd6-4e7f-3fce-8b53-ffa43e36f7c7,Unknown
Giga,Trường THPT Nguyễn Huệ,Trường THPT Nguyễn Huệ,107.23165893554688,10.862364768981934,,,,,22858b27-f8dd-3f94-b2a8-9fa8f5ac0a8d,Unknown
Giga,Trường THPT Nguyễn Huệ,Trường THPT Nguyễn Huệ,107.57865142822266,16.475494384765625,,,,,cb6c48cf-1d2b-35eb-a8d3-7542eff999f7,Unknown
Giga,Trường THPT Nguyễn Huệ,Trường THPT Nguyễn Huệ,106.8186264038086,10.845263481140137,,,,,c89d7b02-7dd5-36fe-abc2-61c7151e10d5,Unknown
Giga,Trường THPT Nguyễn Hùng Sơn,Trường THPT Nguyễn Hùng Sơn,105.12191772460938,9.952030181884766,,,,,a95c4027-d14d-3d14-9439-58ab3420be88,Unknown
Giga,Trường THPT Nguyễn Hữu Cảnh,Trường THPT Nguyễn Hữu Cảnh,106.60032653808594,10.76541805267334,,,,,8ea82292-085e-3f34-97ce-4a62e053da25,Unknown
Giga,Trường THPT Nguyễn Hữu Cảnh,Trường THPT Nguyễn Hữu Cảnh,106.85355377197266,10.901945114135742,,,,,d3c36f16-aad6-3d1c-881e-6b0d108d9662,Unknown
Giga,Trường THPT Nguyễn Hữu Cầu,Trường THPT Nguyễn Hữu Cầu,106.61474609375,10.868252754211426,,,,,b0ef4ac7-d6ca-3843-b9f1-947534644ab3,Unknown
Giga,Trường THPT Nguyễn Hữu Thọ,Trường THPT Nguyễn Hữu Thọ,106.48887634277344,10.644582748413086,,,,,5dad0ae5-3f73-3278-b4b2-2412925d0f4e,Unknown
Giga,Trường THPT Nguyễn Hữu Tiến,Trường THPT Nguyễn Hữu Tiến,106.63916015625,10.904791831970215,,,,,f9a3a575-7d8f-327c-9091-88f4ea23f520,Unknown
Giga,Trường THPT Nguyễn Hữu Tiến,Trường THPT Nguyễn Hữu Tiến,105.99102783203125,20.62223243713379,,,,,03103079-86af-33bd-a9e2-d5ba3229d12a,Unknown
Giga,Trường THPT Nguyễn Khuyến,Trường THPT Nguyễn Khuyến,106.86955261230469,11.733512878417969,,,,,5e8c52cc-669c-3f8e-8937-0f5ece1f5534,Unknown
Giga,Trường THPT Nguyễn Khuyến,Trường THPT Nguyễn Khuyến,106.00428771972656,20.446203231811523,,,,,0168a33a-ba00-3daa-818d-b0eff99661ca,Unknown
Giga,Trường THPT Nguyễn Khuyến,Trường THPT Nguyễn Khuyến,108.26222229003906,15.869093894958496,,,,,e7b235bb-e89a-375d-ace0-9623d457c5d4,Unknown
Giga,Trường THPT Nguyễn Khuyến,Trường THPT Nguyễn Khuyến,106.84325408935547,10.955751419067383,,,,,52d95c3d-3a95-3f18-922f-c65b7d67aca6,Unknown
Giga,Trường THPT Nguyễn Khuyến,Trường THPT Nguyễn Khuyến,106.66683959960938,10.769685745239258,,,,,a82804e6-fd1e-3a44-a2d3-7d842ce17947,Unknown
Giga,Trường THPT Nguyễn Quốc Trinh,Trường THPT Nguyễn Quốc Trinh,105.83048248291016,20.90401840209961,,,,,76632c31-ae35-3d48-a7c7-02f540261167,Unknown
Giga,Trường THPT Nguyễn Siêu,Trường THPT Nguyễn Siêu,105.94369506835938,20.824893951416016,,,,,17146e6d-fb32-3e79-9f15-324a3836bd99,Unknown
Giga,Trường THPT Nguyễn Sinh Cung,Trường THPT Nguyễn Sinh Cung,107.71366882324219,16.44370460510254,,,,,f7395c81-88a1-35b0-9df6-4786f7efd1c0,Unknown
Giga,Trường THPT Nguyễn Tất Thành,Trường THPT Nguyễn Tất Thành,106.63619995117188,10.747161865234375,,,,,d4eff986-a38a-3960-977a-613bc487db84,Unknown
Giga,Trường THPT Nguyễn Tât Thành,Trường THPT Nguyễn Tât Thành,105.39019012451172,21.32548713684082,,,,,359dc67a-55b7-3db4-a09d-daf636ce5176,Unknown
Giga,Trường THPT Nguyễn Thái Bình,Trường THPT Nguyễn Thái Bình,106.36278533935547,20.43793487548828,,,,,b2a85b79-c162-348a-9ab2-42f136f23705,Unknown
Giga,Trường THPT Nguyễn Thái Bình,Trường THPT Nguyễn Thái Bình,106.65518951416016,10.780031204223633,,,,,d367ec24-d4e9-360f-b31b-65b44cb7563a,Unknown
Giga,Trường THPT Nguyễn Thái Bình,Trường THPT Nguyễn Thái Bình,106.25570678710938,11.24096965789795,,,,,135c997a-b29f-3b94-8b84-27b896403707,Unknown
Giga,Truờng THPT Nguyễn Thái Học,Truờng THPT Nguyễn Thái Học,109.21903228759766,13.771472930908203,,,,,5ee285fe-5919-3b0b-b195-691ecdd487d9,Unknown
Giga,Trường THPT Nguyễn Thái Học,Trường THPT Nguyễn Thái Học,108.1047134399414,13.547739028930664,,,,,629baaf1-4ca5-3dab-8cb9-503f8a147a26,Unknown
Giga,Trường THPT Nguyễn Thái Học,Trường THPT Nguyễn Thái Học,105.6190185546875,21.304122924804688,,,,,e4c8963e-b856-3d13-995d-75c99ee1fcf4,Unknown
Giga,Trường THPT Nguyễn Thị Định,Trường THPT Nguyễn Thị Định,106.45310974121094,10.213733673095703,,,,,2120777e-82b0-308a-860f-9afec29d52fd,Unknown
Giga,Trường THPT Nguyễn Thị Giang,Trường THPT Nguyễn Thị Giang,105.47073364257812,21.277494430541992,,,,,f99128ff-68f7-3e78-b5ea-f75a19a6f4a5,Unknown
Giga,Trường THPT Nguyễn Thị Lợi,Trường THPT Nguyễn Thị Lợi,105.89502716064453,19.7520809173584,,,,,cd25fc7e-8583-3cd1-8f2b-b3c93bb8dcc2,Unknown
Giga,Trường THPT Nguyễn Thị Minh Khai,Trường THPT Nguyễn Thị Minh Khai,105.57986450195312,18.525089263916016,,,,,d128ad65-8ebe-3622-9f69-5a677039e369,Unknown
Giga,Trường THPT Nguyễn Thị Minh Khai,Trường THPT Nguyễn Thị Minh Khai,106.76820373535156,10.928467750549316,,,,,4568617e-8c1f-3c63-ba07-8a5072e4dd17,Unknown
Giga,Trường THPT Nguyễn Thượng Hiền,Trường THPT Nguyễn Thượng Hiền,108.1623764038086,16.057506561279297,,,,,a3ac875d-b716-35ad-a4f4-31cbea8faab3,Unknown
Giga,Trường THPT Nguyễn Thượng Hiền,Trường THPT Nguyễn Thượng Hiền,105.76954650878906,20.72822380065918,,,,,2b013127-eeef-3457-bbc9-651b131421ac,Unknown
Giga,Trường THPT Nguyễn Thượng Hiền - Ứng Hoà,Trường THPT Nguyễn Thượng Hiền - Ứng Hoà,105.76911926269531,20.728036880493164,,,,,27fa3715-8705-3a40-ba7e-3b9618e3c41e,Unknown
Giga,Trường THPT Nguyễn Trãi,Trường THPT Nguyễn Trãi,105.67377471923828,18.692943572998047,,,,,adccdb79-f56e-3261-8691-402f4bd8958c,Unknown
Giga,Trường THPT Nguyễn Trãi,Trường THPT Nguyễn Trãi,107.24469757080078,10.65117359161377,,,,,8fa62f56-d161-3bb4-ad98-c3b71af6540f,Unknown
Giga,Trường THPT Nguyễn Trãi,Trường THPT Nguyễn Trãi,106.2101058959961,20.25841522216797,,,,,c3cbbc51-0c89-3dfc-9206-e719534f415c,Unknown
Giga,Trường THPT Nguyễn Trãi,Trường THPT Nguyễn Trãi,109.30078887939453,13.093918800354004,,,,,4eddcdfa-26ed-37a3-9ea9-5d085436f282,Unknown
Giga,Trường THPT Nguyễn Trãi,Trường THPT Nguyễn Trãi,105.95030975341797,21.196334838867188,,,,,09121c50-2f3b-332a-b5f1-cf4a66adb4be,Unknown
Giga,Trường THPT Nguyễn Trãi,Trường THPT Nguyễn Trãi,106.71106719970703,10.917226791381836,,,,,440c91cb-8dee-33c3-87b9-ee74abfb0a0d,Unknown
Giga,Trường THPT Nguyễn Trãi,Trường THPT Nguyễn Trãi,108.9888687133789,11.568135261535645,,,,,7903dc24-08f7-3ec8-845b-df24da3b1d34,Unknown
Giga,Trường THPT Nguyễn Trãi,Trường THPT Nguyễn Trãi,106.89739990234375,10.96739387512207,,,,,18948af1-af54-3903-89f6-894bbf38dd0d,Unknown
Giga,Trường THPT Nguyễn Trãi,Trường THPT Nguyễn Trãi,106.28815460205078,20.431459426879883,,,,,31e3904d-87ea-3564-8952-fa53b7b3aceb,Unknown
Giga,Trường THPT Nguyễn Trãi,Trường THPT Nguyễn Trãi,108.14509582519531,16.08868980407715,,,,,23ee427f-4505-368b-8719-d79adfde1efd,Unknown
Giga,Trường THPT Nguyễn Trãi - Ba Đình,Trường THPT Nguyễn Trãi - Ba Đình,105.822509765625,21.029293060302734,,,,,1c1eae5a-2102-3720-b548-a7a41b8c62f5,Unknown
Giga,Trường THPT Nguyễn Trân,Trường THPT Nguyễn Trân,109.04805755615234,14.559508323669434,,,,,2889efe7-0b33-3305-ac66-0691352547ec,Unknown
Giga,Trường THPT Nguyễn Trung Ngạn,Trường THPT Nguyễn Trung Ngạn,106.11201477050781,20.76260757446289,,,,,0cb23450-d00c-3568-9c6b-f3df542a79bc,Unknown
Giga,Trường THPT Nguyễn Trung Trực,Trường THPT Nguyễn Trung Trực,106.12586212158203,11.273045539855957,,,,,36c18ab0-c86e-3a96-9dec-3a1424153e75,Unknown
Giga,Trường THPT Nguyễn Trung Trực,Trường THPT Nguyễn Trung Trực,105.46047973632812,9.226730346679688,,,,,44f3f3ee-f8d1-38d0-b0d9-d56db842f005,Unknown
Giga,Trường THPT Nguyễn Trung Trực,Trường THPT Nguyễn Trung Trực,106.49981689453125,10.64925765991211,,,,,ca48e9c3-0492-3141-88c4-a7894116e5b8,Unknown
Giga,Trường THPT Nguyễn Trung Trực,Trường THPT Nguyễn Trung Trực,109.0481948852539,14.172808647155762,,,,,96515197-659d-32af-af4a-48590653d0b6,Unknown
Giga,Trường THPT Nguyễn Trường Thuý,Trường THPT Nguyễn Trường Thuý,106.39366912841797,20.283700942993164,,,,,71cd4783-e1ab-3d10-996c-9c685e745562,Unknown
Giga,Trường THPT Nguyễn Trường Tộ,Trường THPT Nguyễn Trường Tộ,105.68365478515625,18.690900802612305,,,,,3a983db5-1028-360b-b734-2d43f9649172,Unknown
Giga,Trường THPT Nguyễn Văn Cừ,Trường THPT Nguyễn Văn Cừ,106.54973602294922,10.865717887878418,,,,,5d666920-061f-3f15-a5c5-5051c4f3c8aa,Unknown
Giga,Trường THPT Nguyễn Văn Cừ,Trường THPT Nguyễn Văn Cừ,105.92166900634766,20.98169708251953,,,,,12bf7ef3-e955-3110-9562-760f903cd48b,Unknown
Giga,Trường THPT Nguyễn Văn Huyên,Trường THPT Nguyễn Văn Huyên,105.21835327148438,21.78809356689453,,,,,606a95f6-caab-329b-a5fd-9206e925df26,Unknown
Giga,Trường THPT Nguyễn Văn Tăng,Trường THPT Nguyễn Văn Tăng,106.83775329589844,10.851683616638184,,,,,ecd223cb-b6b5-3ba2-b309-d78fb17bbc22,Unknown
Giga,Trường THPT Nguyễn Văn Thoại,Trường THPT Nguyễn Văn Thoại,105.2669906616211,10.258010864257812,,,,,eb26a802-6ba5-3f1e-845d-0c871018f4ce,Unknown
Giga,Trường THPT Nguyễn Văn Thoại,Trường THPT Nguyễn Văn Thoại,108.21044158935547,15.989026069641113,,,,,66dafcbf-6b10-3e36-9014-f7df0ece1738,Unknown
Giga,Trường THPT Nguyễn Việt Hồng,Trường THPT Nguyễn Việt Hồng,105.75255584716797,10.011848449707031,,,,,5bd58ec0-4656-39f2-9cae-b22fbcd71fe2,Unknown
Giga,Trường THPT Nguyễn Viết Xuân,Trường THPT Nguyễn Viết Xuân,105.51655578613281,21.274961471557617,,,,,e810543b-9e6f-3ee4-b55d-ce0f1eec11a1,Unknown
Giga,Trường THPT Nhân Văn,Trường THPT Nhân Văn,106.6279067993164,10.803712844848633,,,,,99c4aafd-0e98-3874-88f0-7ce9c860876d,Unknown
Giga,Trường THPT Nhân Việt,Trường THPT Nhân Việt,106.63645935058594,10.778071403503418,,,,,a49eac33-5385-3661-a031-ee82e3a16896,Unknown
Giga,Trường THPT Nhiều cấp iSchool Rạch Giá,Trường THPT Nhiều cấp iSchool Rạch Giá,105.09912109375,9.992347717285156,,,,,04e8e7e3-b4d1-3d70-9f60-de17e0002530,Unknown
Giga,Trường THPT Nhơn Trạch,Trường THPT Nhơn Trạch,106.82474517822266,10.72031021118164,,,,,500d2c73-a2e9-3f9a-985e-199c230ffa6a,Unknown
Giga,Trường THPT Ninh Hải,Trường THPT Ninh Hải,109.03172302246094,11.59023380279541,,,,,1cac93dc-0ab7-31b6-a8aa-a00d01fb47e6,Unknown
Giga,Trường THPT Ninh Quới,Trường THPT Ninh Quới,105.51010131835938,9.486276626586914,,,,,f0a7a5cf-c193-3e95-93d3-45b68575752e,Unknown
Giga,Trường THPT Ông Ích Khiêm,Trường THPT Ông Ích Khiêm,108.13501739501953,15.983893394470215,,,,,17dafe6c-0f85-3299-8503-ee906a621e94,Unknown
Giga,Trường THPT Phả Lại,Trường THPT Phả Lại,106.32701110839844,21.116727828979492,,,,,d654ab8c-e407-3372-b3b5-61207a540ddb,Unknown
Giga,Trường THPT Phạm Công Bình,Trường THPT Phạm Công Bình,105.61065673828125,21.213167190551758,,,,,9e07d7c1-ddb4-3ea9-8e28-ef8a3770b845,Unknown
Giga,Trường THPT Phạm Ngũ Lão,Trường THPT Phạm Ngũ Lão,106.10816192626953,20.85117530822754,,,,,c0917be2-b191-3a8b-b107-fbe266a829d6,Unknown
Giga,Trường THPT Phạm Phú Thứ,Trường THPT Phạm Phú Thứ,106.64768981933594,10.743255615234375,,,,,5a8dcf20-7ed8-35f0-999e-746b8dbe37ea,Unknown
Giga,Trường THPT Phạm Phú Thứ,Trường THPT Phạm Phú Thứ,108.11045837402344,16.0743408203125,,,,,d9fbdb0a-7b27-3e94-80fe-b7239aab1095,Unknown
Giga,Trường THPT Phạm Quang Thẩm,Trường THPT Phạm Quang Thẩm,106.30355072021484,20.361101150512695,,,,,6f65c802-918d-3ec5-9b15-1b1d3d435851,Unknown
Giga,Trường THPT Phạm Thái Bường,Trường THPT Phạm Thái Bường,106.33819580078125,9.94105052947998,,,,,cb4a19ea-b7d2-3d28-9df2-c4f6efa3ed81,Unknown
Giga,Trường THPT Phạm Thành Trung,Trường THPT Phạm Thành Trung,105.89476013183594,10.329217910766602,,,,,1fb20b8c-b05c-3b8b-b2a4-eccaa1b7169d,Unknown
Giga,Trường THPT Phạm Văn Nghị,Trường THPT Phạm Văn Nghị,106.08214569091797,20.288637161254883,,,,,49fd4d80-9d60-3c7b-b5f5-5bcdc0409886,Unknown
Giga,Trường THPT Phạm Văn Sáng,Trường THPT Phạm Văn Sáng,106.57923889160156,10.859437942504883,,,,,e909f3aa-411a-3cb4-8409-1d30cc536a08,Unknown
Giga,Trường THPT Phan Bội Châu,Trường THPT Phan Bội Châu,109.14691162109375,11.922993659973145,,,,,30f34c9e-474f-3210-afa1-b360304c8f9e,Unknown
Giga,Trường THPT Phan Bội Châu,Trường THPT Phan Bội Châu,109.01619720458984,14.431989669799805,,,,,398d96b6-b9db-3c04-90ad-aec5b02007ea,Unknown
Giga,Trường THPT Phan Bội Châu,Trường THPT Phan Bội Châu,106.33274841308594,21.002790451049805,,,,,45ea7759-f73b-33d7-8bed-9769bd54d211,Unknown
Giga,Trường THPT Phan Bội Châu,Trường THPT Phan Bội Châu,108.97014617919922,13.064316749572754,,,,,129f7b9f-cc47-3be8-8c2f-7af8caaa32f5,Unknown
Giga,Trường THPT Phan Châu Trinh,Trường THPT Phan Châu Trinh,108.22064971923828,16.072038650512695,,,,,1065474e-42d0-3cb4-a134-2623dd220561,Unknown
Giga,Trường THPT Phan Châu Trinh,Trường THPT Phan Châu Trinh,108.10717010498047,10.9363431930542,,,,,c92ac2e0-a0c1-3728-b30a-7d985d04f7c6,Unknown
Giga,Trường THPT Phan Châu Trinh,Trường THPT Phan Châu Trinh,108.21969604492188,16.071918487548828,,,,,1bce801b-a0bb-3552-9079-8f2568cac4da,Unknown
Giga,Trường THPT Phan Chu Trinh,Trường THPT Phan Chu Trinh,105.81900787353516,21.079463958740234,,,,,93c78636-71ac-31fd-a2d2-4ee6fcabeff4,Unknown
Giga,Trường THPT Phan Chu Trinh,Trường THPT Phan Chu Trinh,107.89373779296875,12.606710433959961,,,,,27d3107f-323b-3ac7-b56c-918697063765,Unknown
Giga,Trường THPT Phan Đăng Lưu,Trường THPT Phan Đăng Lưu,106.62288665771484,20.80966567993164,,,,,7f2e39f0-9ad8-3c6a-bca8-d4f0206bfc06,Unknown
Giga,Trường THPT Phan Đình Phùng,Trường THPT Phan Đình Phùng,105.90152740478516,18.340330123901367,,,,,676c8070-6fe7-349d-a92b-d8008f7b6bc5,Unknown
Giga,Trường THPT Phan Đình Phùng,Trường THPT Phan Đình Phùng,109.22306060791016,13.454278945922852,,,,,9daaac61-bc3a-380d-94de-a3c3479aa054,Unknown
Giga,Trường THPT Phan Đình Phùng,Trường THPT Phan Đình Phùng,108.1428451538086,12.17898178100586,,,,,603cb97d-164c-3b44-8108-cde12047895a,Unknown
Giga,Trường THPT Phan Huy Chú - Đống Đa,Trường THPT Phan Huy Chú - Đống Đa,105.80928802490234,21.017297744750977,,,,,58fe6a81-e88e-3a73-9cb9-0c6c4a46e5ab,Unknown
Giga,Trường THPT Phan Ngọc Hiển,Trường THPT Phan Ngọc Hiển,105.72657775878906,9.282818794250488,,,,,a9989a72-ae3c-3f46-b79c-b2eb20d5ddf5,Unknown
Giga,Trường THPT Phan Thanh Giản,Trường THPT Phan Thanh Giản,106.58879089355469,10.036482810974121,,,,,32f1a042-a68f-3227-831b-5d1487ac9157,Unknown
Giga,Trường THPT Phan Thành Tài,Trường THPT Phan Thành Tài,108.19574737548828,15.988948822021484,,,,,d7682565-1a8a-304d-94d0-75d8614a2c4b,Unknown
Giga,Trường THPT Phan Văn Đạt,Trường THPT Phan Văn Đạt,106.54230499267578,10.448799133300781,,,,,3c1529a6-d6c4-3bc1-832a-95b5677f81e3,Unknown
Giga,Trường THPT Phan Văn Trị,Trường THPT Phan Văn Trị,105.67774963378906,10.001667976379395,,,,,6a2ff4fd-1479-378f-a9a1-80ca3170a057,Unknown
Giga,Trường THPT Phố Mới,Trường THPT Phố Mới,106.1493911743164,21.161357879638672,,,,,ab91a881-776a-3a65-a8a7-261e857d9bc4,Unknown
Giga,Trường THPT Phú Bài,Trường THPT Phú Bài,107.67256927490234,16.41862678527832,,,,,9d5a6b10-05f8-3583-bb97-73f8c7b22950,Unknown
Giga,Trường THPT Phù Cừ,Trường THPT Phù Cừ,106.19837951660156,20.710952758789062,,,,,2862e3f5-facf-36d5-a3d2-6808681c75a8,Unknown
Giga,Trường THPT Phú Cường,Trường THPT Phú Cường,106.65689086914062,10.978982925415039,,,,,83ac400c-e8ed-3bc1-ac96-25553a934653,Unknown
Giga,Trường THPT Phụ Dực,Trường THPT Phụ Dực,106.4249496459961,20.650188446044922,,,,,e1af218f-e29c-3de4-98fe-1598a979f0f1,Unknown
Giga,Trường THPT Phú Lộc,Trường THPT Phú Lộc,107.8670883178711,16.269073486328125,,,,,f65f3a7f-d531-319c-aa62-212c9a35b366,Unknown
Giga,Trường THPT Phùng Hưng,Trường THPT Phùng Hưng,105.9836654663086,20.8181095123291,,,,,15376fed-7e26-3db7-aa52-2e2abaab08bf,Unknown
Giga,Trường THPT Phùng Khắc Khoan,Trường THPT Phùng Khắc Khoan,105.83641815185547,21.002559661865234,,,,,762fc3ec-3796-3338-bf62-7932f290937f,Unknown
Giga,Trường THPT Phú Ngọc,Trường THPT Phú Ngọc,107.29011535644531,11.1669282913208,,,,,743ee516-485c-337a-a708-7c9095ce0f9a,Unknown
Giga,Trường THPT Phước Hoà,Trường THPT Phước Hoà,106.72921752929688,11.228376388549805,,,,,2df8be93-de6f-3b6b-a92c-ba8e236d10c4,Unknown
Giga,Trường THPT Phước Kiển,Trường THPT Phước Kiển,106.70510864257812,10.702643394470215,,,,,050ee2c4-744f-3348-b3f3-4838d7a4ea57,Unknown
Giga,Trường THPT Phước Long,Trường THPT Phước Long,106.77567291259766,10.816455841064453,,,,,f4d8ca0e-f15b-3bc6-a912-c5927fc3f31c,Unknown
Giga,Trường THPT Phước Thiền,Trường THPT Phước Thiền,106.93111419677734,10.759852409362793,,,,,845eefd8-44a9-39c2-ae96-c6d8273d668b,Unknown
Giga,Trường THPT Phước Vĩnh,Trường THPT Phước Vĩnh,106.79366302490234,11.28756046295166,,,,,2ff7cd20-e2c4-3945-8926-416ca63d1a03,Unknown
Giga,Trường THPT Quang Hà,Trường THPT Quang Hà,105.6452407836914,21.34078025817871,,,,,62cf3725-385d-32ea-9b42-d0285fa914c3,Unknown
Giga,Trường THPT Quang Trung,Trường THPT Quang Trung,106.26667785644531,11.08023738861084,,,,,e3384bed-c4bd-36a5-8fb1-56afaeecb76e,Unknown
Giga,Trường THPT Quang Trung,Trường THPT Quang Trung,108.66577911376953,13.964179039001465,,,,,1bbc9531-924d-3935-b38d-26aea2f4de74,Unknown
Giga,Trường THPT Quang Trung,Trường THPT Quang Trung,106.4249038696289,11.0028657913208,,,,,46376a4c-90d8-3d58-93ce-d6a44a7a1049,Unknown
Giga,Trường THPT Quang Trung,Trường THPT Quang Trung,107.63797760009766,15.914868354797363,,,,,cc206a24-4ffe-3b7e-8cad-88bdce10377f,Unknown
Giga,Trường THPT Quang Trung,Trường THPT Quang Trung,106.06181335449219,20.685951232910156,,,,,22a6f370-6308-3d5a-9db5-997c425b0b8c,Unknown
Giga,Trường THPT Quảng Xương 1,Trường THPT Quảng Xương 1,105.78031158447266,19.72842025756836,,,,,7db97c91-b517-3712-a3cb-905439d99b8c,Unknown
Giga,Trường THPT Quảng Xương 2,Trường THPT Quảng Xương 2,105.76061248779297,19.675735473632812,,,,,5460d0e1-8c92-369d-b4ad-9c8e14ed69f1,Unknown
Giga,Trường THPT Quảng Xương 4,Trường THPT Quảng Xương 4,105.81439208984375,19.64532470703125,,,,,b484950c-df9c-3608-87c5-2f12a5f48762,Unknown
Giga,Trường THPT Quất Lâm,Trường THPT Quất Lâm,106.36666870117188,20.20489501953125,,,,,6af5bc8a-5d0c-3e27-8b4c-a81ef85a5302,Unknown
Giga,Trường THPT Quế Lâm,Trường THPT Quế Lâm,105.11124420166016,21.63853645324707,,,,,b30faa7b-3cc4-3ee5-bb39-ff40b19804d9,Unknown
Giga,Trường THPT Quế Võ số 2,Trường THPT Quế Võ số 2,106.1986083984375,21.127016067504883,,,,,fc66c057-5282-3ee4-8a55-f850ab56384b,Unknown
Giga,Trường THPT Quế Võ số 3,Trường THPT Quế Võ số 3,106.153564453125,21.116865158081055,,,,,b8d3c4d8-2461-3b9f-ab28-930ea6d0676e,Unknown
Giga,Trường THPT Quốc Tế TIS,Trường THPT Quốc Tế TIS,106.66984558105469,10.798097610473633,,,,,43a89024-c269-3549-a65a-2d893756008d,Unknown
Giga,Trường THPT Quỳnh Côi,Trường THPT Quỳnh Côi,106.33068084716797,20.644866943359375,,,,,60d612bc-c396-35d4-adad-94e85bd12ad1,Unknown
Giga,Trường THPT Quỳnh Thọ,Trường THPT Quỳnh Thọ,106.35035705566406,20.681884765625,,,,,9d7f7d81-4145-30a9-8f60-c8f26850e958,Unknown
Giga,Trường THPT Sầm Sơn,Trường THPT Sầm Sơn,105.8963394165039,19.73478889465332,,,,,d50b87fa-def5-3cb6-b8c2-7a9abfce1be8,Unknown
Giga,Trường THPT Sáng Sơn,Trường THPT Sáng Sơn,105.40290832519531,21.419710159301758,,,,,feb003d1-cb1a-3b7e-a25e-9bee95b267fa,Unknown
Giga,Trường THPT Sao Đỏ,Trường THPT Sao Đỏ,106.29219055175781,20.894208908081055,,,,,c1129aff-52c5-3e89-aff1-d634300b9d66,Unknown
Giga,Trường THPT số 1 An Nhơn,Trường THPT số 1 An Nhơn,109.10731506347656,13.885942459106445,,,,,4e2c34fe-84a6-3892-a958-69725cc6ca28,Unknown
Giga,Trường THPT số 1 Đức Phổ,Trường THPT số 1 Đức Phổ,108.951171875,14.82411003112793,,,,,ac99e0e1-d6da-3419-a0e3-d39f04b5ccfd,Unknown
Giga,Trường THPT số 1 Mường Khương,Trường THPT số 1 Mường Khương,104.12520599365234,22.75958824157715,,,,,1c29ff3d-311e-3d3c-a367-07400b6f118d,Unknown
Giga,Trường THPT số 1 Nghĩa Hành,Trường THPT số 1 Nghĩa Hành,108.7762680053711,15.041424751281738,,,,,a71bcf74-0a63-3cee-9d19-ed737c5d98e6,Unknown
Giga,Trường THPT Số 1 Phù Cát,Trường THPT Số 1 Phù Cát,109.0585708618164,14.004121780395508,,,,,1da2a78e-a25f-30c9-b6b8-e0a224d0f69f,Unknown
Giga,Trường THPT Số 1 Tuy Phước,Trường THPT Số 1 Tuy Phước,109.16941833496094,13.825545310974121,,,,,447a24cc-534a-31db-8a25-aa3ccbef19e9,Unknown
Giga,Trường THPT Sóc Sơn,Trường THPT Sóc Sơn,105.02356719970703,10.112485885620117,,,,,0460cfc9-5b02-3b57-8485-2ee0f3cfd81a,Unknown
Giga,Trường THPT Sông Công,Trường THPT Sông Công,105.83887481689453,21.469587326049805,,,,,c344a7a8-0a1c-3b41-91c4-cab819dce962,Unknown
Giga,Trường THPT Sông Ray,Trường THPT Sông Ray,107.34786987304688,10.763446807861328,,,,,55ef98b4-3108-3031-8528-21217ae1d0ed,Unknown
Giga,Trường THPT Sông Ray,Trường THPT Sông Ray,107.34780883789062,10.763396263122559,,,,,518b77d0-f2f6-3ea9-b34a-27811416bd30,Unknown
Giga,Trường THPT Sơn Trà,Trường THPT Sơn Trà,108.23819732666016,16.073110580444336,,,,,55cf8a05-5e75-3ef4-8390-68aff54d24f1,Unknown
Giga,Trường THPT Tam Đảo,Trường THPT Tam Đảo,105.59107208251953,21.426362991333008,,,,,e3bcc537-0187-33c5-91a0-dbab96841ae2,Unknown
Giga,Trường THPT Tam Đảo II,Trường THPT Tam Đảo II,105.5306625366211,21.487957000732422,,,,,192d3c0c-1ccc-3717-904a-8374bbb988a3,Unknown
Giga,Trường THPT Tam Dương,Trường THPT Tam Dương,105.53973388671875,21.375852584838867,,,,,6f0adaa4-afc4-3b14-8268-e22dd61131cb,Unknown
Giga,Trường THPT Tam Dương II,Trường THPT Tam Dương II,105.54926300048828,21.335962295532227,,,,,a82e4efe-c8dc-3100-a1e2-07123a1da16b,Unknown
Giga,Trường THPT Tam Hiệp,Trường THPT Tam Hiệp,106.86146545410156,10.941503524780273,,,,,7bc3e828-321d-3627-9f9d-3d2da6cbab9f,Unknown
Giga,Trường THPT Tam Phú,Trường THPT Tam Phú,106.74602508544922,10.865138053894043,,,,,4b782df4-991a-382b-ab8a-586cb0bc79ab,Unknown
Giga,Trường THPT Tam Phước,Trường THPT Tam Phước,106.92752075195312,10.860544204711914,,,,,545c2c0f-3c66-3af4-ac7b-e2c593dd1665,Unknown
Giga,Trường THPT Tam Quan,Trường THPT Tam Quan,109.04814910888672,14.556866645812988,,,,,1b26ac9f-400b-3e77-bf95-eeb6e90830f1,Unknown
Giga,Trường THPT Tân Bình,Trường THPT Tân Bình,106.62834167480469,10.798757553100586,,,,,8726b538-5678-31f3-9a1e-cb67ecb2de75,Unknown
Giga,Trường THPT Tân Bình,Trường THPT Tân Bình,106.72795104980469,11.18337631225586,,,,,9ab3fd3a-e6e8-3122-a65b-1ed39443122c,Unknown
Giga,Trường THPT Tân Bình,Trường THPT Tân Bình,106.72796630859375,11.183180809020996,,,,,4a03f90d-d47e-3fb3-9d91-cd3d982a5765,Unknown
Giga,Trường THPT Tân Châu,Trường THPT Tân Châu,106.15879821777344,11.554149627685547,,,,,f5e98723-3eb0-3148-8fff-9b47829eb020,Unknown
Giga,Trường THPT Tân Đông,Trường THPT Tân Đông,106.22718048095703,11.661608695983887,,,,,45353143-eebc-38da-9ee5-64721b1eefc2,Unknown
Giga,Trường THPT Tân Hưng,Trường THPT Tân Hưng,105.66348266601562,10.832854270935059,,,,,de97c282-9a6e-3179-b16d-ead3e7360aed,Unknown
Giga,Trường THPT Tân Phú,Trường THPT Tân Phú,107.3609619140625,11.201889991760254,,,,,a3de9efe-c6b3-3bb9-a961-2baad661a78e,Unknown
Giga,Trường THPT Tân Phước Khánh,Trường THPT Tân Phước Khánh,106.7220687866211,11.00373649597168,,,,,8ff55b6d-cd65-3577-8190-08dd707eef82,Unknown
Giga,Trường THPT Tân Thông Hội,Trường THPT Tân Thông Hội,106.52769470214844,10.956816673278809,,,,,538105c5-1d6a-3247-bded-ff79ace56dd6,Unknown
Giga,Trường THPT Tân Trụ,Trường THPT Tân Trụ,106.50564575195312,10.512171745300293,,,,,b1cab4b5-9294-3fa7-baff-342e9024f539,Unknown
Giga,Trường THPT Tân Túc,Trường THPT Tân Túc,106.57589721679688,10.69047737121582,,,,,a77af755-49c6-3c7e-a36c-f61d498c3924,Unknown
Giga,Trường THPT Tạ Quang Bửu,Trường THPT Tạ Quang Bửu,106.66045379638672,10.73365306854248,,,,,3e706c04-c000-36b7-822f-d32f04f3c3d4,Unknown
Giga,Trường THPT Tây Nam,Trường THPT Tây Nam,106.56832122802734,11.075778007507324,,,,,ce24a6f3-d244-3407-b44c-49abf7b8d381,Unknown
Giga,Trường THPT Tây Ninh,Trường THPT Tây Ninh,106.10774993896484,11.321634292602539,,,,,943cc835-f633-39ad-8443-4b41ed99a9d6,Unknown
Giga,Trường THPT Tây Sơn,Trường THPT Tây Sơn,108.9939193725586,13.933175086975098,,,,,72cefa3f-e14c-3229-97b4-9f9250f733b7,Unknown
Giga,Trường THPT Tây Sơn,Trường THPT Tây Sơn,105.90390014648438,21.03719139099121,,,,,b2f37934-247e-3fbb-a5b2-606a4a5693c7,Unknown
Giga,Trường THPT Tây Thạnh,Trường THPT Tây Thạnh,106.62199401855469,10.81409740447998,,,,,0fa3abcc-d268-3bd9-a847-131ad0b1d9c3,Unknown
Giga,Trường THPT Tây Thuỵ Anh,Trường THPT Tây Thuỵ Anh,106.49449157714844,20.55743980407715,,,,,2f82dca0-589d-3ab7-b66d-672cbf703ce1,Unknown
Giga,Trường THPT Tây Tiền Hải,Trường THPT Tây Tiền Hải,106.50732421875,20.402978897094727,,,,,cf77c9b9-63c2-3c7b-b7fa-cbfd7a6c2268,Unknown
Giga,Trường THPT Thạch Bàn,Trường THPT Thạch Bàn,105.91621398925781,21.018136978149414,,,,,0b3d30fd-1cf7-361b-988f-80879c650fb3,Unknown
Giga,Trường THPT Thạch Thành 2,Trường THPT Thạch Thành 2,105.64425659179688,20.156734466552734,,,,,5c36e401-e441-3e11-9a05-5e300b2d7e49,Unknown
Giga,Trường THPT Thái Hoà,Trường THPT Thái Hoà,106.75833892822266,10.976334571838379,,,,,dfeee6a2-5d16-340d-b01b-4e3617a79a3c,Unknown
Giga,Trường THPT Thái Hoà,Trường THPT Thái Hoà,106.76409149169922,10.982815742492676,,,,,1ab66fe9-4393-346f-b559-9f2d84898873,Unknown
Giga,Trường THPT Thái Hoà,Trường THPT Thái Hoà,106.75820922851562,10.976425170898438,,,,,74481dd7-0995-362e-ba66-a97dde079634,Unknown
Giga,Trường THPT Thái Hòa,Trường THPT Thái Hòa,105.43999481201172,19.322845458984375,,,,,bad34ddd-4a74-3b52-8cfd-990ef5413282,Unknown
Giga,Trường THPT Thái Nguyên,Trường THPT Thái Nguyên,105.81876373291016,21.597517013549805,,,,,8e41b31b-a5ea-3474-8253-d0b09f4f70bb,Unknown
Giga,Trường THPT Thái Ninh,Trường THPT Thái Ninh,106.52368927001953,20.508808135986328,,,,,aa3da963-fdce-3231-91ba-b2424adcbadb,Unknown
Giga,Trường THPT Thái Phiên,Trường THPT Thái Phiên,108.18360137939453,16.067766189575195,,,,,60342e00-dbc8-3a2d-ad57-d7358ea28a73,Unknown
Giga,Trường THPT Thái Phúc,Trường THPT Thái Phúc,106.48179626464844,20.514612197875977,,,,,74ddad6b-4b9d-3d1f-8818-554bfe71a4c9,Unknown
Giga,Trường THPT Thăng Long,Trường THPT Thăng Long,105.8493881225586,21.000505447387695,,,,,19d18b78-fbe6-33bd-beab-91b706b25aa3,Unknown
Giga,Trường THPT Thăng Long,Trường THPT Thăng Long,106.63700866699219,10.843493461608887,,,,,779e17cd-25e0-35f3-8686-951e38ecb634,Unknown
Giga,Trường THPT Thạnh An,Trường THPT Thạnh An,105.32417297363281,10.154617309570312,,,,,080f324e-b764-3f02-81e2-2347e58e6cd0,Unknown
Giga,Trường THPT Thanh Ba,Trường THPT Thanh Ba,105.14952850341797,21.48019027709961,,,,,1838aa96-bfa6-3fec-8883-fb4d7dc10b78,Unknown
Giga,Trường THPT Thanh Bình,Trường THPT Thanh Bình,106.42697143554688,20.9084529876709,,,,,521c3812-31cd-3129-a0e9-46e50746acb6,Unknown
Giga,Trường THPT Thanh Bình 1,Trường THPT Thanh Bình 1,105.49501037597656,10.554420471191406,,,,,dbf71138-29db-31f6-9fea-4761e73b91d9,Unknown
Giga,Trường THPT Thanh Đa,Trường THPT Thanh Đa,106.70789337158203,10.815986633300781,,,,,c1974a0d-a455-3c85-b9b5-884df81fa237,Unknown
Giga,Trường THPT Thành Đông,Trường THPT Thành Đông,106.32620239257812,20.924602508544922,,,,,892faf4c-3bd0-3564-a551-bcf6c03b2d58,Unknown
Giga,Trường THPT Thạnh Đông,Trường THPT Thạnh Đông,105.22935485839844,10.059944152832031,,,,,0587adfe-d30b-358c-8b4b-13d86fbe8d4e,Unknown
Giga,Trường THPT Thanh Hòa,Trường THPT Thanh Hòa,106.79802703857422,11.961621284484863,,,,,16d0bd8f-e672-3fe3-a10b-a6d4d327d1ec,Unknown
Giga,Trường THPT Thạnh Hóa,Trường THPT Thạnh Hóa,106.18016052246094,10.65381908416748,,,,,3a626ff5-0b12-3ffd-8ec2-687284931403,Unknown
Giga,Trường THPT Thanh Khê,Trường THPT Thanh Khê,108.16796875,16.07737159729004,,,,,7f37bdb6-9d4f-3325-9c7e-299ffee42900,Unknown
Giga,Trường THPT Thạnh Lộc,Trường THPT Thạnh Lộc,106.68171691894531,10.875907897949219,,,,,743af45b-52f7-3493-bfcd-7a1223b2ab31,Unknown
Giga,Trường THPT Thành Nhân,Trường THPT Thành Nhân,106.62943267822266,10.798656463623047,,,,,c91b4dfe-6700-39d5-8176-1e9a86bf72b2,Unknown
Giga,Trường THPT Thành phố Cao Bằng,Trường THPT Thành phố Cao Bằng,106.26571655273438,22.662044525146484,,,,,412e7e22-34e7-387b-ae9c-bb7e1f8aa183,Unknown
Giga,Trường THPT thành phố Cao Lãnh,Trường THPT thành phố Cao Lãnh,105.63907623291016,10.458910942077637,,,,,d8eea536-b8d0-3d31-83b5-0ab3e3fd0008,Unknown
Giga,Trường THPT Thành phố Sa Đéc,Trường THPT Thành phố Sa Đéc,105.75834655761719,10.293506622314453,,,,,39bb4c21-3f00-343b-a19f-db6d7e978cc0,Unknown
Giga,Trường THPT Thảnh phố Trà Vinh,Trường THPT Thảnh phố Trà Vinh,106.3363037109375,9.92300796508789,,,,,33e9c8a0-5962-3c25-9130-6cf0320b4c11,Unknown
Giga,Trường THPT Thành Sen,Trường THPT Thành Sen,105.89530944824219,18.361841201782227,,,,,54ecfb47-2b28-3e99-a4c1-95c5bdf10db9,Unknown
Giga,Trường THPT Thị trấn Long Thành,Trường THPT Thị trấn Long Thành,106.4464111328125,9.610355377197266,,,,,756aceba-adcf-30a8-8927-19610c77e824,Unknown
Giga,Trường THPT thị xã Phú Thọ,Trường THPT thị xã Phú Thọ,105.20745086669922,21.403581619262695,,,,,f20dc91c-0330-303d-89de-03ee71bc348b,Unknown
Giga,Trường THPT Thị xã Quảng Trị,Trường THPT Thị xã Quảng Trị,107.19221496582031,16.751014709472656,,,,,d3e2dfd6-2135-3feb-8ce8-2af2b3c7b861,Unknown
Giga,Trường THPT Thới Bình,Trường THPT Thới Bình,105.10070037841797,9.357069969177246,,,,,d4cac00b-33e5-369d-9d1b-478075141b36,Unknown
Giga,Trường THPT Thới Lai,Trường THPT Thới Lai,105.55604553222656,10.05980110168457,,,,,eb11f85e-818d-3069-bb53-1f47d20493b5,Unknown
Giga,Trường THPT Thới Long,Trường THPT Thới Long,105.58710479736328,10.170690536499023,,,,,2d306a6b-1046-3bd1-bdef-8ef087141703,Unknown
Giga,Trường THPT Thống Nhất,Trường THPT Thống Nhất,107.17290496826172,11.013869285583496,,,,,34ca1fc2-a70d-34b1-abff-45d303b495c5,Unknown
Giga,Trường THPT Thống Nhất,Trường THPT Thống Nhất,107.1729736328125,11.013490676879883,,,,,44451d24-d3c0-3d2d-8eee-672e2eac0d65,Unknown
Giga,Trường THPT Thống Nhất A,Trường THPT Thống Nhất A,107.01026153564453,10.947600364685059,,,,,e17ebc9e-278e-3859-b436-83c35b1d29a5,Unknown
Giga,Trường THPT Thống Nhất A,Trường THPT Thống Nhất A,107.00992584228516,10.947872161865234,,,,,057049b1-dd46-3bc3-a489-abd56de1f8e4,Unknown
Giga,Trường THPT Thuận Hưng,Trường THPT Thuận Hưng,105.55677795410156,10.218527793884277,,,,,2da9a435-a657-3ba1-a324-5958480b05c3,Unknown
Giga,Trường THPT Thuận Thành số 2,Trường THPT Thuận Thành số 2,106.052978515625,21.03754425048828,,,,,e24202bd-d5b2-3e52-8f0c-3bc8f5dc7f7a,Unknown
Giga,Trường THPT Thuận Thành số 3,Trường THPT Thuận Thành số 3,106.0931167602539,21.060625076293945,,,,,511360e2-1d0f-3e51-bb48-2e4f5a2f130f,Unknown
Giga,Trường THPT Thực hành Cao Nguyên,Trường THPT Thực hành Cao Nguyên,108.02887725830078,12.650357246398926,,,,,f8ac9cb3-66b5-3bd8-9720-ecacfa444b48,Unknown
Giga,Trường THPT Thực hành Sư phạm,Trường THPT Thực hành Sư phạm,105.76802825927734,10.02754020690918,,,,,6586104b-2070-330f-b039-116e4c86ae00,Unknown
Giga,Trường THPT Thường Tân,Trường THPT Thường Tân,106.85710144042969,11.036397933959961,,,,,a9bca599-6e45-3d98-803d-ac1348809911,Unknown
Giga,Trường THPT Thường Tân,Trường THPT Thường Tân,106.85706329345703,11.036174774169922,,,,,282dd811-00e8-3427-90c5-2e3ca41763b9,Unknown
Giga,Trường THPT Thủ Thiêm,Trường THPT Thủ Thiêm,106.74393463134766,10.797307014465332,,,,,97c596f1-a7d7-347b-b926-5ba2964df47d,Unknown
Giga,Trường THPT Thủ Thừa,Trường THPT Thủ Thừa,106.40772247314453,10.601914405822754,,,,,158421ed-a813-3eb4-8602-baea6f86a2bc,Unknown
Giga,Trường THPT Tiên Du số 1,Trường THPT Tiên Du số 1,106.03893280029297,21.108442306518555,,,,,4014d476-43b8-3f27-93f0-34f9567d3dd2,Unknown
Giga,Trường THPT Tiên Hưng,Trường THPT Tiên Hưng,106.27804565429688,20.551380157470703,,,,,c84656b2-6b83-3d18-adee-123c9967df43,Unknown
Giga,Trường THPT Tiên Lữ,Trường THPT Tiên Lữ,106.11954498291016,20.701622009277344,,,,,ee9ea6a3-a827-3f7c-88b1-b621baf2faeb,Unknown
Giga,Trường THPT Tiên Yên,Trường THPT Tiên Yên,107.40953063964844,21.333236694335938,,,,,beb97e04-fb1a-3814-b914-07e32bab6c2f,Unknown
Giga,Trường THPT Tiểu Cần,Trường THPT Tiểu Cần,106.19813537597656,9.820587158203125,,,,,f5c535dd-a4dd-3536-9ad5-2750d8bd8fb8,Unknown
Giga,Trường THPT Tiểu Cần,Trường THPT Tiểu Cần,106.19822692871094,9.820635795593262,,,,,7245998f-a004-3f44-aa9c-ce37e0c85efa,Unknown
Giga,Trường THPT Tịnh Biên,Trường THPT Tịnh Biên,105.00767517089844,10.62491226196289,,,,,4badf99e-0fd9-3169-b07f-873916c688d9,Unknown
Giga,Trường THPT Tĩnh Gia 1,Trường THPT Tĩnh Gia 1,105.7802963256836,19.44374656677246,,,,,0bcffdbc-210f-3087-8463-7426bedf3bb0,Unknown
Giga,Trường THPT Tĩnh Gia 2,Trường THPT Tĩnh Gia 2,105.7961196899414,19.56095314025879,,,,,a39f4574-9542-3b25-9243-55aa59ad6021,Unknown
Giga,Trường THPT Tĩnh Gia 3,Trường THPT Tĩnh Gia 3,105.7782974243164,19.388837814331055,,,,,a287d92f-e8dc-30f7-b106-7a3d401994b9,Unknown
Giga,Trường THPT Tĩnh Gia 4,Trường THPT Tĩnh Gia 4,105.78378295898438,19.534677505493164,,,,,d9c63161-ac5a-370a-9cf9-c95541d10d93,Unknown
Giga,Trường THPT Tô Hiến Thành,Trường THPT Tô Hiến Thành,105.79490661621094,19.795225143432617,,,,,dc48dfa5-4d5a-38f5-9300-a3793743e928,Unknown
Giga,Trường THPT Tô Hiệu,Trường THPT Tô Hiệu,106.05502319335938,20.664432525634766,,,,,a2cb189c-0366-387d-9cea-6cc9df6563f5,Unknown
Giga,Trường THPT Tô Hiệu - Gia Lâm,Trường THPT Tô Hiệu - Gia Lâm,105.96467590332031,21.017902374267578,,,,,94acdcf9-8a1f-3f02-82f2-ddb76cf5f51b,Unknown
Giga,Trường THPT Tôn Đức Thắng,Trường THPT Tôn Đức Thắng,107.3898696899414,11.368992805480957,,,,,25ad5486-91d6-3332-a0f3-d3f609b6ac93,Unknown
Giga,Trường THPT Tôn Đức Thắng,Trường THPT Tôn Đức Thắng,109.12014770507812,12.449822425842285,,,,,f2338b10-bce0-389f-a4c1-a61c94011430,Unknown
Giga,Trường THPT Tống Văn Trân,Trường THPT Tống Văn Trân,106.01143646240234,20.328842163085938,,,,,3505c4b3-6795-35f6-a575-228949d7a0ab,Unknown
Giga,Trường THPT Tôn Thất Tùng,Trường THPT Tôn Thất Tùng,108.2360610961914,16.0869140625,,,,,8ef1eaf3-32a1-3ea6-9b7b-d0d980b7c708,Unknown
Giga,Trường THPT Tràm Chim,Trường THPT Tràm Chim,105.55732727050781,10.677525520324707,,,,,cc118f3b-da3e-3d66-8a25-63f6a96f4fae,Unknown
Giga,Trường THPT Trấn Biên,Trường THPT Trấn Biên,106.86376953125,10.952131271362305,,,,,cf6c244c-920a-3ab7-86f3-a61812c556d8,Unknown
Giga,Trường THPT Trần Bình Trọng,Trường THPT Trần Bình Trọng,109.1565170288086,12.07455062866211,,,,,a766cf87-0ba7-335a-85ad-8e4165543d30,Unknown
Giga,Trường THPT Trần Bình Trọng,Trường THPT Trần Bình Trọng,109.15645599365234,12.074530601501465,,,,,29f463e4-aa37-3451-af90-6c8f7cc30a3a,Unknown
Giga,Trường THPT Trần Cao Vân,Trường THPT Trần Cao Vân,106.62734985351562,10.769401550292969,,,,,30927ced-41ad-3af6-b324-5d32348943d5,Unknown
Giga,Trường THPT Trần Cao Vân,Trường THPT Trần Cao Vân,109.13048553466797,12.484905242919922,,,,,3517eb8a-9360-34bc-8e14-a1f584bff3c5,Unknown
Giga,Trường THPT Trần Cao Vân,Trường THPT Trần Cao Vân,108.47984313964844,15.56771469116211,,,,,42236cce-c17d-3272-a38f-cb39c6041709,Unknown
Giga,Trường THPT Trần Đại Nghĩa,Trường THPT Trần Đại Nghĩa,106.10535430908203,11.31374454498291,,,,,fed1c198-8067-31c8-b1a2-45d71f1e25ef,Unknown
Giga,Trường THPT Trần Đại Nghĩa,Trường THPT Trần Đại Nghĩa,105.78509521484375,10.017338752746582,,,,,b2301638-bcbf-3e5d-ad52-aefd12b74862,Unknown
Giga,Trường THPT Trần Đại Nghĩa,Trường THPT Trần Đại Nghĩa,106.9459457397461,10.957927703857422,,,,,0a998b10-e82b-3c3c-b453-2d830a75ed6f,Unknown
Giga,Trường THPT Trần Hưng Đạo,Trường THPT Trần Hưng Đạo,106.10528564453125,20.64744758605957,,,,,d0b55800-6b67-3651-bfc5-c81e504eb347,Unknown
Giga,Trường THPT Trần Hưng Đạo,Trường THPT Trần Hưng Đạo,107.59931182861328,16.476877212524414,,,,,add57cd9-75ae-3e1f-99f2-cde54f9f55a8,Unknown
Giga,Trường THPT Trần Hưng Đạo,Trường THPT Trần Hưng Đạo,106.68257141113281,10.846196174621582,,,,,14e8c514-544d-3192-8b84-e93547b914d7,Unknown
Giga,Trường THPT Trần Hưng Đạo,Trường THPT Trần Hưng Đạo,105.96633911132812,20.22449493408203,,,,,51c31560-3ccd-3ae4-8437-5af611ca12ea,Unknown
Giga,Trường THPT Trần Hưng Đạo,Trường THPT Trần Hưng Đạo,109.14967346191406,11.910395622253418,,,,,f359bfff-7c60-3a69-bb4c-ade09402190f,Unknown
Giga,Trường THPT Trần Hưng Đạo,Trường THPT Trần Hưng Đạo,107.10234069824219,10.502137184143066,,,,,fb20f17c-b729-3dd2-ad64-5eb11139c2c3,Unknown
Giga,Trường THPT Trần Hưng Đạo,Trường THPT Trần Hưng Đạo,105.60472106933594,21.372352600097656,,,,,63267bc6-6ac1-3541-b942-34838d04092f,Unknown
Giga,Trường THPT Trần Hưng Đạo - Thanh Xuân,Trường THPT Trần Hưng Đạo - Thanh Xuân,105.80230712890625,20.98765754699707,,,,,5999009b-1913-3cbf-aaff-47ce5a614a5d,Unknown
Giga,Trường THPT Trần Hữu Trang,Trường THPT Trần Hữu Trang,106.66332244873047,10.752677917480469,,,,,282196cc-9f15-3ccf-a62d-061f7f2e61a6,Unknown
Giga,Trường THPT Trần Nguyên Hãn,Trường THPT Trần Nguyên Hãn,107.08528137207031,10.369173049926758,,,,,047308a4-6ed9-3b98-938b-f0db3b110651,Unknown
Giga,Trường THPT Trần Nguyên Hãn,Trường THPT Trần Nguyên Hãn,105.4580307006836,21.33951759338379,,,,,bac7c49b-09e9-3802-a30a-f53a81f69a20,Unknown
Giga,Trường thpt Trần Nguyên Hãn,Trường thpt Trần Nguyên Hãn,106.66620635986328,20.846168518066406,,,,,97a6a07d-e907-3dbd-b17b-877933635dc3,Unknown
Giga,Trường THPT Trần Nhân Tông,Trường THPT Trần Nhân Tông,105.85677337646484,21.012981414794922,,,,,30e298ed-9b15-332f-8cdf-76201b24a3bf,Unknown
Giga,Trường THPT Trần Phú,Trường THPT Trần Phú,106.62552642822266,10.78709888458252,,,,,4fe48ca4-fda1-3de5-b323-e1c0d0567644,Unknown
Giga,Trường THPT Trần Phú,Trường THPT Trần Phú,105.97891998291016,20.003395080566406,,,,,30dc414f-2ee3-3180-9117-1afc5195720f,Unknown
Giga,Trường THPT Trần Phú,Trường THPT Trần Phú,106.01168060302734,11.537125587463379,,,,,c835d48d-da15-3920-b87a-b06b11bfa400,Unknown
Giga,Trường THPT Trần Phú,Trường THPT Trần Phú,108.2188720703125,16.073400497436523,,,,,89f00f7a-427d-3fb9-9cff-55599e6283f1,Unknown
Giga,Trường THPT Trần Phú,Trường THPT Trần Phú,107.21302795410156,10.943269729614258,,,,,172c9050-f6b9-3d60-8a4b-612aa9e01986,Unknown
Giga,Trường THPT Trần Phú,Trường THPT Trần Phú,109.22218322753906,13.291190147399902,,,,,04f334ee-a8db-367d-bd97-6a7980e978d0,Unknown
Giga,Trường THPT Trần Phú,Trường THPT Trần Phú,105.41744232177734,21.30808448791504,,,,,8a54034a-b068-320e-b950-147dedfefd38,Unknown
Giga,Trường THPT Trần Phú,Trường THPT Trần Phú,106.38760375976562,21.111886978149414,,,,,d99205c9-092b-3f70-a254-130e07b5ec3f,Unknown
Giga,Trường THPT Trần Phú - Ba Vì,Trường THPT Trần Phú - Ba Vì,105.42526245117188,21.198604583740234,,,,,cd2673e8-a565-3942-87a0-0fbf23bad805,Unknown
Giga,Trường THPT Trần Phú - Hoàn Kiếm,Trường THPT Trần Phú - Hoàn Kiếm,105.85603332519531,21.023767471313477,,,,,95902af2-6dda-3027-9154-47a76dcbfea3,Unknown
Giga,Trường THPT Trần Quang Diệu,Trường THPT Trần Quang Diệu,108.917236328125,14.88624095916748,,,,,1ed39f42-c85b-3e50-b873-5666df4a3d45,Unknown
Giga,Trường THPT Trần Quang Khải,Trường THPT Trần Quang Khải,105.95297241210938,20.86939239501953,,,,,c95e7fb6-c20d-3015-9d86-31164537afad,Unknown
Giga,Trường THPT Trần Quốc Tuấn,Trường THPT Trần Quốc Tuấn,106.64723205566406,10.761271476745605,,,,,d7453884-dd3d-3a9d-8698-1bcc34e9920b,Unknown
Giga,Trường THPT Trần Quốc Tuấn,Trường THPT Trần Quốc Tuấn,107.0638198852539,10.945331573486328,,,,,b5382cdc-e259-3fad-8443-9d623159df5f,Unknown
Giga,Trường THPT Trần Quốc Tuấn,Trường THPT Trần Quốc Tuấn,106.85094451904297,21.003524780273438,,,,,25d8327e-553f-379f-bf10-45a9e08109b0,Unknown
Giga,Trường THPT Trần Quốc Tuấn,Trường THPT Trần Quốc Tuấn,106.407958984375,20.636655807495117,,,,,1f5fc431-85e0-3652-b954-514cb9598cce,Unknown
Giga,Trường THPT Trần Quý Cáp,Trường THPT Trần Quý Cáp,108.33341217041016,15.878835678100586,,,,,6a7fd1f4-bbac-3c7b-9437-c37e13575d92,Unknown
Giga,Trường THPT Trần Suyền,Trường THPT Trần Suyền,109.24224090576172,13.079334259033203,,,,,c5b22a8a-b49e-3886-b3c7-9469ad7fc9ed,Unknown
Giga,Trường THPT Trần Văn Ơn,Trường THPT Trần Văn Ơn,106.71546936035156,10.94936752319336,,,,,ccab2512-9981-3203-a031-203b548c7b0c,Unknown
Giga,Trường THPT Trần Văn Quan,Trường THPT Trần Văn Quan,107.20500183105469,10.483040809631348,,,,,02bf26c1-3d5e-3980-a71f-938f00878b4b,Unknown
Giga,Trường THPT Trị An,Trường THPT Trị An,107.02996063232422,11.092153549194336,,,,,bd1198e5-e79e-341b-ac91-a505840bc847,Unknown
Giga,Trường THPT Triệu Quang Phục,Trường THPT Triệu Quang Phục,105.98627471923828,20.889522552490234,,,,,bb651063-5fed-397a-9b78-961b0b844a22,Unknown
Giga,Trường THPT Trịnh Hoài Đức,Trường THPT Trịnh Hoài Đức,106.68400573730469,10.949522972106934,,,,,cf96f916-583a-37f9-bf5d-ca393919ce0c,Unknown
Giga,Trường THPT Trịnh Hoài Đức,Trường THPT Trịnh Hoài Đức,106.98545837402344,10.951079368591309,,,,,e10193fc-845d-3302-bf5f-13b20c9e4714,Unknown
Giga,Trường THPT Trịnh Hoài Đức,Trường THPT Trịnh Hoài Đức,106.6849365234375,10.950197219848633,,,,,55c89eba-5528-3ac4-8364-ef0578980e2f,Unknown
Giga,Trường THPT Trung An,Trường THPT Trung An,105.50880432128906,10.2078857421875,,,,,3ab105b4-863b-38b7-b0bf-fcee867354bc,Unknown
Giga,Trường THPT Trung Lập,Trường THPT Trung Lập,106.45267486572266,11.049543380737305,,,,,5e257281-8943-33ad-bcc4-62ed7b422c23,Unknown
Giga,Trường THPT Trung Phú,Trường THPT Trung Phú,106.57929229736328,10.982230186462402,,,,,ccda3a63-9a3f-33ea-82f2-201aeb95d5de,Unknown
Giga,Trường THPT Trưng Vương,Trường THPT Trưng Vương,109.2336654663086,13.770476341247559,,,,,0513c8a2-d185-3648-a409-607e8c265f9e,Unknown
Giga,Trường THPT Trưng Vương,Trường THPT Trưng Vương,106.7063980102539,10.785317420959473,,,,,e8d58702-ef87-3852-a62f-5df912ed944c,Unknown
Giga,Trường THPT Trưng Vương,Trường THPT Trưng Vương,105.9951400756836,20.96135139465332,,,,,8ebad0fb-403c-32b0-88c8-19d4082e5577,Unknown
Giga,Trường THPT Trường Chinh,Trường THPT Trường Chinh,106.62532806396484,10.841367721557617,,,,,c601d012-0eeb-38b8-9a52-7c14e03ac914,Unknown
Giga,Trường THPT Trương Định,Trường THPT Trương Định,105.84928894042969,20.981651306152344,,,,,9ca12dc4-9e5d-3664-b365-4e9ed99185dd,Unknown
Giga,Trường THPT Trường Xuân,Trường THPT Trường Xuân,105.78776550292969,10.652207374572754,,,,,c71f2edf-bb67-3453-a6a6-c4cec1321b69,Unknown
Giga,Trường THPT Trường Xuân C,Trường THPT Trường Xuân C,106.37775421142578,20.328536987304688,,,,,2b01eba9-5be4-3ec2-971a-41ad7f613f13,Unknown
Giga,Trường THPT Tuệ Tĩnh,Trường THPT Tuệ Tĩnh,106.2498779296875,20.968780517578125,,,,,6353c156-66e1-3978-ba5a-7d59ed93e601,Unknown
Giga,Trường THPT Tứ Kỳ,Trường THPT Tứ Kỳ,106.41234588623047,20.81372833251953,,,,,a9ca9e2f-a965-3e3c-8989-5218e7aa0f0d,Unknown
Giga,Trường THPT Tứ Kỳ II,Trường THPT Tứ Kỳ II,106.41307067871094,20.812711715698242,,,,,9722012a-1527-331f-95b9-b5619f5a2cb2,Unknown
Giga,Trường THPT Tư thục Bách Việt,Trường THPT Tư thục Bách Việt,106.72261047363281,10.857254981994629,,,,,ef6ca956-6692-3a85-ac8d-bf607c273295,Unknown
Giga,Trường THPT Tư Thục Đinh Tiên Hoàng,Trường THPT Tư Thục Đinh Tiên Hoàng,106.62710571289062,10.811278343200684,,,,,074e5220-a0e1-3fbd-a251-b65e1e04e898,Unknown
Giga,Trường THPT tư thục Phú Lâm,Trường THPT tư thục Phú Lâm,106.6310043334961,10.755824089050293,,,,,3d917dd4-85b0-3c61-8b8e-b8a2273653c6,Unknown
Giga,Trường THPT Tư thục Trương Vĩnh Ký,Trường THPT Tư thục Trương Vĩnh Ký,106.6458511352539,10.774252891540527,,,,,575f307e-d914-33c5-91f7-fbdebf27d259,Unknown
Giga,Trường THPT Tuy Phong,Trường THPT Tuy Phong,108.72151947021484,11.22811222076416,,,,,07820512-a3cf-3ebf-b5cd-bddfc44148b4,Unknown
Giga,Trường THPT Uông Bí,Trường THPT Uông Bí,106.76509857177734,21.04164695739746,,,,,95a33901-a5ff-326d-91c1-d4912746c787,Unknown
Giga,Trường THPT Văn Giang,Trường THPT Văn Giang,105.9444808959961,20.952369689941406,,,,,ae986cc5-f08d-3151-8bc4-cc88a639cdc0,Unknown
Giga,Trường THPT Văn Lâm,Trường THPT Văn Lâm,106.02995300292969,20.985143661499023,,,,,3b190765-9225-3f58-b66d-5bda7b69ae73,Unknown
Giga,Trường THPT Văn Lang,Trường THPT Văn Lang,107.08136749267578,10.93715763092041,,,,,7d4a73a2-a89b-3e55-a972-5de45a7f44c6,Unknown
Giga,Trường THPT Văn Lang,Trường THPT Văn Lang,106.65792083740234,10.756629943847656,,,,,cc92a2f9-e17a-3128-9579-4f7f40a5c544,Unknown
Giga,Trường THPT Văn Lãng,Trường THPT Văn Lãng,106.61779022216797,22.051721572875977,,,,,79745cb7-90d7-3f74-ad45-441bcd5f846b,Unknown
Giga,Trường THPT Việt Hoa ( Viet Hoa Secondary school ),Trường THPT Việt Hoa ( Viet Hoa Secondary school ),105.78654479980469,10.007702827453613,,,,,fe71cc77-96d2-3cf7-976a-cf36aecc25d9,Secondary
Giga,Trường THPT Việt Nam - Ba Lan,Trường THPT Việt Nam - Ba Lan,105.8405532836914,20.959714889526367,,,,,7e72df8c-b880-3da0-a62a-cb935366a5cd,Unknown
Giga,Trường THPT Việt Trì,Trường THPT Việt Trì,105.39087677001953,21.324262619018555,,,,,f36243ea-4bf2-3acd-8ceb-4190ed606da3,Unknown
Giga,Trường THPT Việt Yên 1,Trường THPT Việt Yên 1,106.10089874267578,21.278884887695312,,,,,452068c4-6a5c-3772-891b-93d49c82e542,Unknown
Giga,Trường THPT Vinchool Ocean Park,Trường THPT Vinchool Ocean Park,105.93903350830078,20.996110916137695,,,,,cf97c2db-b8e1-37ad-8da7-2df856db62b0,Unknown
Giga,Trường THPT Vĩnh Chân,Trường THPT Vĩnh Chân,105.05757141113281,21.501108169555664,,,,,8f255b3d-96d4-3047-8fd7-1df66f643862,Unknown
Giga,Trường THPT Vĩnh Cửu,Trường THPT Vĩnh Cửu,106.85316467285156,11.01248836517334,,,,,59d732a0-c0c8-3686-9ac4-c7d3b33a8830,Unknown
Giga,Trường THPT Vĩnh Hưng,Trường THPT Vĩnh Hưng,105.78893280029297,10.890517234802246,,,,,ff08b7b4-00e7-32a1-bdbb-9f32393b21c1,Unknown
Giga,Trường THPT Vĩnh Lộc,Trường THPT Vĩnh Lộc,106.592041015625,10.809823036193848,,,,,d8126c60-288a-3f67-9b60-216e0fd28cf2,Unknown
Giga,Trường THPT Vĩnh Lộc,Trường THPT Vĩnh Lộc,105.61903381347656,20.056289672851562,,,,,48f8f879-6452-324c-94bc-419b336e1de6,Unknown
Giga,Trường THPT Vĩnh Thạnh,Trường THPT Vĩnh Thạnh,108.78499603271484,14.113717079162598,,,,,87e10f6c-48cb-3357-8ebc-ce819881644f,Unknown
Giga,Trường THPT Vĩnh Trạch,Trường THPT Vĩnh Trạch,105.31732177734375,10.350323677062988,,,,,1e94bea6-f662-336a-b27c-a0e6a78ea093,Unknown
Giga,Trường THPT Vĩnh Viễn,Trường THPT Vĩnh Viễn,106.63038635253906,10.804815292358398,,,,,60b613ec-6b2d-314e-b58f-0598dbf39c08,Unknown
Giga,Trường THPT Vĩnh Yên,Trường THPT Vĩnh Yên,105.55669403076172,21.294740676879883,,,,,0e520d5f-3eb9-3e9a-8aa5-52adf8962277,Unknown
Giga,Trường THPT Vị Thanh,Trường THPT Vị Thanh,105.45856475830078,9.775221824645996,,,,,90558fd1-bbba-32fb-a66b-25c944de8318,Unknown
Giga,Trường THPT Võ Chí Công,Trường THPT Võ Chí Công,107.30582427978516,15.834181785583496,,,,,8f0293fb-04f9-3e28-9709-addfc1fb79a9,Unknown
Giga,Trường THPT Võ Chí Công,Trường THPT Võ Chí Công,108.23435974121094,15.991594314575195,,,,,3cf0a5af-9bec-3e03-b457-2dae8d2c21d9,Unknown
Giga,Trường THPT Võ Lai,Trường THPT Võ Lai,108.82074737548828,13.966010093688965,,,,,69bfe13f-066b-3046-bb6f-57c184136284,Unknown
Giga,Trường THPT Võ Mình Đức,Trường THPT Võ Mình Đức,106.66373443603516,10.96068286895752,,,,,7800b306-5999-3d1f-8e2f-980160d25b9a,Unknown
Giga,Trường THPT Võ Nhai,Trường THPT Võ Nhai,106.05912017822266,21.753023147583008,,,,,1239d27b-cb9c-39b3-b968-64542d4dafe5,Unknown
Giga,Trường THPT Võ Thành Trinh,Trường THPT Võ Thành Trinh,105.45796203613281,10.392552375793457,,,,,c1031083-f69d-3459-964b-7b8ae393b2ed,Unknown
Giga,Trường THPT Võ Thị Sáu,Trường THPT Võ Thị Sáu,105.1268310546875,10.706624031066895,,,,,8559133a-c928-3dc4-917e-2e635b83aa35,Unknown
Giga,Trường THPT Võ Thị Sáu,Trường THPT Võ Thị Sáu,106.69571685791016,10.797966003417969,,,,,272b0e99-3ddf-33c9-8582-3e90058e6b1d,Unknown
Giga,Trường THPT Võ Thị Sáu,Trường THPT Võ Thị Sáu,105.63225555419922,21.24557876586914,,,,,d1a606ea-6355-3ee5-a2d3-948a09c1d269,Unknown
Giga,Trường THPT Võ Trường Toản,Trường THPT Võ Trường Toản,106.64533996582031,10.872445106506348,,,,,36da2674-c2c4-3e09-a485-2034a91fff4a,Unknown
Giga,Trường THPT Võ Trường Toản,Trường THPT Võ Trường Toản,107.33880615234375,10.826598167419434,,,,,14e11f93-2b34-3b69-9c22-877f16d1ad31,Unknown
Giga,Trường THPT Võ Văn Kiệt,Trường THPT Võ Văn Kiệt,106.65350341796875,10.744486808776855,,,,,e393beb3-fd14-3680-967e-934fb2f9fe51,Unknown
Giga,Trường THPT Vũ Ngọc Phan,Trường THPT Vũ Ngọc Phan,106.15538787841797,20.90277671813965,,,,,f66f1828-9beb-3c21-8d64-d3ae53598254,Unknown
Giga,Trường THPT Vũ Thê Lang,Trường THPT Vũ Thê Lang,105.40078735351562,21.326099395751953,,,,,dfaf2b93-4c32-36c0-be20-7b254969eee4,Unknown
Giga,Trường THPT Vũ Tiên,Trường THPT Vũ Tiên,106.3438491821289,20.38666343688965,,,,,682defad-6087-3134-a100-cb5af32f6e67,Unknown
Giga,Trường THPT Vũ Văn Hiếu,Trường THPT Vũ Văn Hiếu,106.2698745727539,20.221694946289062,,,,,80a220e8-d351-3b5b-9d9e-3c543abdd751,Unknown
Giga,Trường THPT Vũ Văn Hiếu,Trường THPT Vũ Văn Hiếu,107.15662384033203,20.95792579650879,,,,,dc9493bf-7dc1-3d11-af9f-f2c4a5c36bdd,Unknown
Giga,Trường THPT Xuân Áng,Trường THPT Xuân Áng,104.96336364746094,21.57349395751953,,,,,85f21919-2ed4-361b-a2cf-57aa66e667d2,Unknown
Giga,Trường THPT Xuân Hòa,Trường THPT Xuân Hòa,105.72145080566406,21.284666061401367,,,,,f10dbdaa-8b08-3ff0-95a8-cf34cdde3855,Unknown
Giga,Trường THPT Xuân Hưng,Trường THPT Xuân Hưng,107.4961166381836,10.851297378540039,,,,,c83bd284-012a-3c42-8f32-8630acd3a31d,Unknown
Giga,Trường THPT Xuân Hưng,Trường THPT Xuân Hưng,107.49601745605469,10.851078987121582,,,,,0b41a473-ab7d-34eb-a207-c60ad58f7214,Unknown
Giga,Trường THPT Xuân Lộc,Trường THPT Xuân Lộc,107.4010238647461,10.924240112304688,,,,,99fd005f-9c39-3bdc-84c6-e3a9a0bb413f,Unknown
Giga,Trường THPT Xuân Mỹ,Trường THPT Xuân Mỹ,107.23411560058594,10.773324012756348,,,,,a0365cce-7340-370a-916f-49506350db06,Unknown
Giga,Trường THPT Xuân Thọ,Trường THPT Xuân Thọ,107.32957458496094,10.970580101013184,,,,,b4ff5ccb-87d8-3e2e-8cb8-2e6b223fff6e,Unknown
Giga,Trường THPT Xuân Tô,Trường THPT Xuân Tô,104.94918823242188,10.60432243347168,,,,,8b9c3ef7-1869-30f3-8941-662507b70d0f,Unknown
Giga,Trường THPT Xuân Trường,Trường THPT Xuân Trường,106.32415771484375,20.33124351501465,,,,,dbea18d0-1377-372b-bb5d-c55b2208212b,Unknown
Giga,Trường THPT Xuân Trường B,Trường THPT Xuân Trường B,106.33171844482422,20.289878845214844,,,,,69516e1f-19f9-3132-86f9-cece6e5baaa7,Unknown
Giga,Trường THPT Xuyên Mộc,Trường THPT Xuyên Mộc,107.40926361083984,10.539105415344238,,,,,80238566-5010-357f-844e-1b861f88c39d,Unknown
Giga,Trường THPT Yên Hòa,Trường THPT Yên Hòa,105.798828125,21.02109718322754,,,,,9b3c79b3-4608-3a39-85dc-45f18c4d56b0,Unknown
Giga,Trường THPT Yển Khê,Trường THPT Yển Khê,105.0979232788086,21.4901065826416,,,,,a791fceb-d853-342b-8f7a-decb5df0935b,Unknown
Giga,Trường THPT Yên Lạc,Trường THPT Yên Lạc,105.56746673583984,21.23381996154785,,,,,499e135e-a9b7-3c5d-8b25-5197d23d6b54,Unknown
Giga,Trường THPT Yên Lạc 2,Trường THPT Yên Lạc 2,105.58030700683594,21.19662094116211,,,,,9d700c67-795c-3f66-a595-9575eb3a1f33,Unknown
Giga,Trường THPT Yên Mỹ,Trường THPT Yên Mỹ,106.0428237915039,20.893753051757812,,,,,19e68c97-52c9-378b-91a2-a48a2848e77b,Unknown
Giga,Trường THPT Yên Phong số 2,Trường THPT Yên Phong số 2,106.00288391113281,21.215978622436523,,,,,7477912a-2746-350e-a6d0-fc85383bddff,Unknown
Giga,Trường THPT Ý Yên,Trường THPT Ý Yên,106.0206298828125,20.324861526489258,,,,,a26ef326-bea6-3367-9389-e1f7a03a0b60,Unknown
Giga,trường TH Trần Quốc Toản,trường TH Trần Quốc Toản,108.33145141601562,15.87379264831543,,,,,08e06e47-efd1-3dcb-9386-b8024a091893,Unknown
Giga,Trường Tiểu học Bãi Cháy,Trường Tiểu học Bãi Cháy,107.02452087402344,20.958995819091797,,,,,0d7bdbe2-eed8-3eb2-9c0f-4551a1a50376,Unknown
Giga,Trường Tiểu học Bình Hưng,Trường Tiểu học Bình Hưng,106.65276336669922,10.726634979248047,,,,,b9b0350f-3aaf-37ee-b806-67ada6da8674,Unknown
Giga,Trường Tiểu học Chương Dương,Trường Tiểu học Chương Dương,106.67285919189453,10.750856399536133,,,,,1c64ce6e-5c30-3909-94c6-0a9689eeb64f,Unknown
Giga,Trường Tiểu Học Chu Văn An,Trường Tiểu Học Chu Văn An,107.99714660644531,13.98188304901123,,,,,abdc36e5-e323-3357-9ee5-d21c1360159a,Unknown
Giga,Trường Tiểu học Cổ Loa,Trường Tiểu học Cổ Loa,105.87432861328125,21.120275497436523,,,,,4113eb4b-4286-36e8-a0d4-35835f1b63cc,Unknown
Giga,Trường Tiểu Học Cửa Dương 2,Trường Tiểu Học Cửa Dương 2,103.98100280761719,10.237695693969727,,,,,78e49bff-d4de-3ff4-9a58-2ef14aef1469,Unknown
Giga,Trường Tiểu hoc Đáp Cầu,Trường Tiểu hoc Đáp Cầu,106.09355163574219,21.200422286987305,,,,,19a01bfd-634f-31ea-adef-c117da388cb4,Unknown
Giga,Trường tiểu học Đô Lương,Trường tiểu học Đô Lương,106.67201232910156,10.787979125976562,,,,,8ea144ee-9528-39fd-b635-c4ce17bb378b,Unknown
Giga,Trường Tiểu hoc Hậu Thạnh Tây,Trường Tiểu hoc Hậu Thạnh Tây,105.83489227294922,10.646931648254395,,,,,2eeebfd1-5e4e-399b-b02f-c567018b71cc,Unknown
Giga,Trường Tiểu học Hoàng Mai,Trường Tiểu học Hoàng Mai,105.86839294433594,20.973739624023438,,,,,377e295c-4df3-3334-97bc-6c8b5f15265d,Unknown
Giga,Trường Tiểu học Kim Đồng,Trường Tiểu học Kim Đồng,108.2215347290039,15.337974548339844,,,,,6ddf6b27-8f3c-3d4b-94bf-9defee4a6ead,Unknown
Giga,Trường Tiếu Học Lương Thế Vinh,Trường Tiếu Học Lương Thế Vinh,108.31722259521484,15.890588760375977,,,,,ec39303b-b69c-3afc-8e75-6a159a48f6ec,Unknown
Giga,Trường Tiểu học Nông Nghiệp,Trường Tiểu học Nông Nghiệp,105.93705749511719,21.003629684448242,,,,,b8bc89ce-1c9c-3ed4-b65a-59f83edecdde,Unknown
Giga,Trường Tiểu học Phù Đổng,Trường Tiểu học Phù Đổng,106.6294937133789,10.743821144104004,,,,,c3309a98-f20c-3e5a-aa7b-619e0261cb2c,Unknown
Giga,Trường Tiểu học Phường,Trường Tiểu học Phường,106.33807373046875,9.933366775512695,,,,,d41603ef-99ff-3fb7-aede-1c7fac36ae09,Unknown
Giga,Trường Tiểu hoc Phường 2,Trường Tiểu hoc Phường 2,106.34092712402344,9.933893203735352,,,,,8c41abe0-8534-3ca2-bd02-422436c7bed4,Unknown
Giga,Trường Tiểu học Tam Hòa (cơ sở 2),Trường Tiểu học Tam Hòa (cơ sở 2),106.86859130859375,10.948047637939453,,,,,551a705c-d474-393d-8950-e018579af92a,Unknown
Giga,Trường Tiểu Học Tân Túc 2,Trường Tiểu Học Tân Túc 2,106.57978820800781,10.692415237426758,,,,,65bce428-b58e-3658-b9e3-a137c3055957,Unknown
Giga,Trường Tiểu học Thái Thịnh,Trường Tiểu học Thái Thịnh,105.8165512084961,21.012069702148438,,,,,261c149e-cfc1-3c18-a632-31a7c3696568,Unknown
Giga,Trường Tiểu hoc  THCS & THPT Thanh Bình,Trường Tiểu hoc  THCS & THPT Thanh Bình,106.65355682373047,10.797422409057617,,,,,c72ede33-9242-3126-9693-598fc7bdfb57,Unknown
Giga,Trường Tiểu Học Thới Bình 1,Trường Tiểu Học Thới Bình 1,105.77784729003906,10.041187286376953,,,,,cca538eb-3267-31ff-aa7c-a947b943e920,Unknown
Giga,Trường tiểu học thời bình 1,Trường tiểu học thời bình 1,105.77796936035156,10.041306495666504,,,,,2857fe8c-ab1f-342a-a1e1-d12fde005fc1,Unknown
Giga,Trường Tiểu học Thuỵ An,Trường Tiểu học Thuỵ An,105.41091918945312,21.15777587890625,,,,,94149c90-5545-3bf1-b3dd-7b6da8e204cd,Unknown
Giga,Trường Tiểu học Trần Hưng Đạo,Trường Tiểu học Trần Hưng Đạo,107.08621215820312,20.955537796020508,,,,,92396997-a334-3643-b179-c9fdb9046bda,Unknown
Giga,truong tieu hoc va THCS ta po,truong tieu hoc va THCS ta po,107.6576156616211,15.666638374328613,,,,,596e0509-9ded-3422-a0bf-f3f7789d397c,Unknown
Giga,Trường Tiểu học Võ Thị Sáu,Trường Tiểu học Võ Thị Sáu,103.9679183959961,22.50907325744629,,,,,c179cab6-a9bd-3164-86ea-b97fa9f8a135,Unknown
Giga,Trường Trung cấp 24 Biên phòng - Khu A,Trường Trung cấp 24 Biên phòng - Khu A,105.38053894042969,21.176231384277344,,,,,e0853c64-2fb9-3d5f-9032-79cf5eedc5cf,Unknown
Giga,Trường Trung cấp 24 Biên phòng - Khu B,Trường Trung cấp 24 Biên phòng - Khu B,105.37930297851562,21.16994857788086,,,,,29f986bf-ab43-38be-bf36-c485b2a2f470,Unknown
Giga,Trường Trung cấp Bách khoa Bình Dương,Trường Trung cấp Bách khoa Bình Dương,106.74143981933594,10.88159465789795,,,,,be79473a-e56d-3950-881e-924bda74bd0d,Unknown
Giga,Trường Trung cấp Công nghệ Kỷ thuật Hà Tĩnh,Trường Trung cấp Công nghệ Kỷ thuật Hà Tĩnh,105.8929443359375,18.34397315979004,,,,,1061f58d-edee-39d0-93ca-531c41ffaaf9,Unknown
Giga,Trường Trung Cấp Đắk Lắk,Trường Trung Cấp Đắk Lắk,108.04737854003906,12.680643081665039,,,,,a0a67d92-efc5-3843-b601-bb3526a7f5b6,Unknown
Giga,Trường Trung cấp Dân tộc nội trú - GDTX Bắc Quang,Trường Trung cấp Dân tộc nội trú - GDTX Bắc Quang,104.80242919921875,22.414722442626953,,,,,22037543-50c6-3565-9065-dc493fe7f1a7,Unknown
Giga,Trường Trung cấp Du Lịch - Công Nghệ số 9,Trường Trung cấp Du Lịch - Công Nghệ số 9,106.60930633544922,17.47020721435547,,,,,1c734591-794d-3e42-8062-2d67d163315f,Unknown
Giga,Trường Trung cấp Du lịch - Kỹ thuật Cam Ranh (Cơ sở 2),Trường Trung cấp Du lịch - Kỹ thuật Cam Ranh (Cơ sở 2),109.13536071777344,12.075485229492188,,,,,96a02011-2168-301a-b26b-3a82833b5a1a,Unknown
Giga,TRƯỜNG TRUNG CẤP GTVT MIỀN NAM,TRƯỜNG TRUNG CẤP GTVT MIỀN NAM,105.7574234008789,10.026899337768555,,,,,b684f4b2-6222-37a9-84a9-7a1243a2c8ae,Unknown
Giga,Trường Trung cấp Kinh tế Hà Tĩnh,Trường Trung cấp Kinh tế Hà Tĩnh,105.89046478271484,18.344715118408203,,,,,25217671-a5f9-3066-831c-344695ffc382,Unknown
Giga,Trường Trung cấp Kinh tế - Kỹ thuật và Công nghệ Hà Nội,Trường Trung cấp Kinh tế - Kỹ thuật và Công nghệ Hà Nội,105.75096893310547,20.950828552246094,,,,,bab51f1f-b99f-3f7b-a17a-36102d5100a2,Unknown
Giga,Trường Trung cấp Kinh tế - Kỹ thuật và Công nghệ Hà Nội (cơ sở 2),Trường Trung cấp Kinh tế - Kỹ thuật và Công nghệ Hà Nội (cơ sở 2),105.84793090820312,21.04680633544922,,,,,0d6ff49b-2c3d-361e-82c2-812ec94b7bf8,Unknown
Giga,Trường Trung cấp Kỹ thuật - Công nghệ An Giang,Trường Trung cấp Kỹ thuật - Công nghệ An Giang,105.49134826660156,10.49817943572998,,,,,50d375cc-0104-34aa-bfcf-353a13a667e6,Unknown
Giga,Trường Trung cấp Kỹ thuật - Nghiệp vụ Vinh,Trường Trung cấp Kỹ thuật - Nghiệp vụ Vinh,105.6996841430664,18.668195724487305,,,,,e2c9391e-08a0-391c-812f-83a36bb8a73f,Unknown
Giga,Trường Trung cấp Kỹ thuật - Tin học Hà Nội,Trường Trung cấp Kỹ thuật - Tin học Hà Nội,105.8109130859375,21.023658752441406,,,,,5b06f708-1cb2-3461-bc1b-7256761e2ce8,Unknown
Giga,Trường Trung cấp Nghề Bình Minh Quảng Bình,Trường Trung cấp Nghề Bình Minh Quảng Bình,106.5967025756836,17.414949417114258,,,,,eb22d923-487a-3b8d-8a4e-7db7f3a7c74f,Unknown
Giga,Trường Trung cấp nghề Cam Ranh,Trường Trung cấp nghề Cam Ranh,109.18060302734375,11.955260276794434,,,,,10b51923-9673-3fec-b7ea-9787e03b69c4,Unknown
Giga,Trường Trung cấp nghề Cao Bằng,Trường Trung cấp nghề Cao Bằng,106.23307037353516,22.67826271057129,,,,,c310fd71-d2a4-34d8-81c8-e5607caa0473,Unknown
Giga,Trường Trung cấp nghề Cơ khí I Hà Nội,Trường Trung cấp nghề Cơ khí I Hà Nội,105.8587646484375,21.175395965576172,,,,,901cfa87-87c6-34bb-8856-c0ef09890389,Unknown
Giga,Trường Trung cấp nghề Cơ khí xây dựng,Trường Trung cấp nghề Cơ khí xây dựng,105.93962860107422,21.02792739868164,,,,,b9a251a0-47b4-3694-8e9f-440246121795,Unknown
Giga,Trường Trung cấp nghề Công nghệ Tây An,Trường Trung cấp nghề Công nghệ Tây An,105.7115478515625,21.092060089111328,,,,,9ffd682d-5d4d-35fb-82b1-17ea455e2810,Unknown
Giga,trường trung cấp nghề dân tộc nội trú khánh vĩnh,trường trung cấp nghề dân tộc nội trú khánh vĩnh,108.93440246582031,12.282915115356445,,,,,6efc2b23-b22f-3558-9352-ae5a21e80818,Unknown
Giga,Trường Trung cấp nghề Don Bosco Đà Nẵng,Trường Trung cấp nghề Don Bosco Đà Nẵng,108.21754455566406,15.982211112976074,,,,,1560be29-295a-35ac-b5af-17d3e12a8d28,Unknown
Giga,Trường Trung cấp nghề Giao thông công chính Hà Nội,Trường Trung cấp nghề Giao thông công chính Hà Nội,105.73711395263672,21.052621841430664,,,,,32b66078-9f16-3b8a-9853-14ee5134cd17,Unknown
Giga,Trường trung cấp nghề Giao Thông Vận Tải,Trường trung cấp nghề Giao Thông Vận Tải,106.64290618896484,20.812973022460938,,,,,bdedbaaa-653a-3188-b6dd-36d6e58ab5f9,Unknown
Giga,Trường Trung cấp nghề Giao thông Vận tải Đồng Nai,Trường Trung cấp nghề Giao thông Vận tải Đồng Nai,106.7958755493164,10.968605995178223,,,,,ac0201e9-3478-3afa-9b6c-a8093890d300,Unknown
Giga,Trường Trung cấp nghề Hermann Gmeiner Việt Trì,Trường Trung cấp nghề Hermann Gmeiner Việt Trì,105.3965072631836,21.331775665283203,,,,,fb8c1f98-a04f-32a8-804e-56df46d98a54,Unknown
Giga,Trường Trung cấp nghề Kỹ thuật Công nghệ Hùng Vương,Trường Trung cấp nghề Kỹ thuật Công nghệ Hùng Vương,106.6646499633789,10.758679389953613,,,,,3e49e6d7-b5e2-3b9d-a441-6cfb2bf79ebc,Unknown
Giga,Trường Trung cấp nghề Kỹ thuật Nấu ăn - Nghiệp vụ Du lịch và Thời trang Hà Nội (cơ sở 2),Trường Trung cấp nghề Kỹ thuật Nấu ăn - Nghiệp vụ Du lịch và Thời trang Hà Nội (cơ sở 2),105.83596801757812,21.018644332885742,,,,,d88f75ca-b3f5-3cfc-b62f-d8a1d0cfab6d,Unknown
Giga,Trường Trung cấp nghề Nấu ăn - Nghiệp vụ Du lịch và Thời trang Hà Nội,Trường Trung cấp nghề Nấu ăn - Nghiệp vụ Du lịch và Thời trang Hà Nội,105.83860778808594,21.019298553466797,,,,,c78876a8-be70-381b-b1fd-4fd67c5651f3,Unknown
Giga,Trường Trung cấp nghề số 1 Hà Nội,Trường Trung cấp nghề số 1 Hà Nội,105.91496276855469,20.7480525970459,,,,,ddc0d793-fb64-3aaa-b929-c6c61f6b97a9,Unknown
Giga,Trường Trung cấp nghề Thanh niên Dân Tộc,Trường Trung cấp nghề Thanh niên Dân Tộc,108.971435546875,13.069014549255371,,,,,73c2b118-8250-34ea-8b9e-6bdbd6abdc42,Unknown
Giga,Trường Trung cấp Nghệ thuật Xiếc và Tạp kỹ Việt Nam,Trường Trung cấp Nghệ thuật Xiếc và Tạp kỹ Việt Nam,105.77445983886719,21.038684844970703,,,,,b02cf36c-44ed-37fd-a2ec-3f1d707a2748,Unknown
Giga,Trường Trung cấp nghề Tổng hợp Hà Nội,Trường Trung cấp nghề Tổng hợp Hà Nội,105.78108978271484,20.970455169677734,,,,,2d13335b-cecf-3e4e-a03f-785786a38f5b,Unknown
Giga,Trường Trung cấp nghề Tổng hợp Hà Nội,Trường Trung cấp nghề Tổng hợp Hà Nội,105.57711791992188,20.885108947753906,,,,,cb11db9c-967a-3bbb-aaf9-4c32cd595ccd,Unknown
Giga,Trường Trung cấp nghề Trần Đại Nghĩa - Cơ sở 2,Trường Trung cấp nghề Trần Đại Nghĩa - Cơ sở 2,106.51509094238281,10.790037155151367,,,,,31cea515-e515-37fc-84e5-49aac87b000f,Unknown
Giga,Trường Trung Cấp Nghề TT Quản lý Khách Sạn Việt Úc,Trường Trung Cấp Nghề TT Quản lý Khách Sạn Việt Úc,106.69893646240234,10.784062385559082,,,,,33a6f9c7-87db-373f-b8ee-2a17e8a0feee,Unknown
Giga,Trường Trung Cấp Nghiệp Vụ Nam Sài Gòn,Trường Trung Cấp Nghiệp Vụ Nam Sài Gòn,106.68063354492188,10.735514640808105,,,,,6b0a8ab7-a1d9-36ee-998d-51474fad8881,Unknown
Giga,Trường Trung cấp Nông nghiệp Thái Bình,Trường Trung cấp Nông nghiệp Thái Bình,106.33332061767578,20.64240074157715,,,,,2756e72b-31f5-38cf-b8b7-93025e331b88,Unknown
Giga,Trường Trung Cấp Phương Nam,Trường Trung Cấp Phương Nam,106.63035583496094,10.76833724975586,,,,,5f933493-7a8c-372e-ae50-b6f25030ca4e,Unknown
Giga,Trường Trung cấp Phương Nam,Trường Trung cấp Phương Nam,106.63028717041016,10.768242835998535,,,,,a0b7b8ea-061a-3ba1-811d-0210d8324603,Unknown
Giga,Trường Trung cấp Quang Trung,Trường Trung cấp Quang Trung,105.9036865234375,21.036653518676758,,,,,231f7fb6-f46c-3257-815f-225bdbbd2f0e,Unknown
Giga,Trường Trung Cấp Tây Nam Á,Trường Trung Cấp Tây Nam Á,106.64250946044922,10.749066352844238,,,,,ba596f21-09d7-389f-bf03-a8213f572d3e,Unknown
Giga,Trường Trung cấp Văn hóa Nghệ thuật Huế,Trường Trung cấp Văn hóa Nghệ thuật Huế,107.58808135986328,16.43914794921875,,,,,700cf457-7e07-366e-840e-71e29e0f9059,Unknown
Giga,Trường Trung Cấp Việt Khoa,Trường Trung Cấp Việt Khoa,106.61255645751953,10.839224815368652,,,,,1c16c49e-6d14-3cbf-8193-619c7eb58107,Unknown
Giga,Trường Trung cấp Xây dựng Hà Nội,Trường Trung cấp Xây dựng Hà Nội,105.84506225585938,21.049585342407227,,,,,2ebe0b1d-0d20-39f8-a575-8714b8fce6dc,Unknown
Giga,Trường Trung cấp Y - Dược Cộng đồng Hà Nội,Trường Trung cấp Y - Dược Cộng đồng Hà Nội,105.83282470703125,21.111900329589844,,,,,839df2a2-28ec-35aa-b5cd-916d2780dc67,Unknown
Giga,Trường Trung cấp Y tế Long An,Trường Trung cấp Y tế Long An,106.39778900146484,10.542724609375,,,,,4e4d2ef4-2945-3914-a9f0-8172c9eaeab6,Unknown
Giga,Trường Trung cấp Y tế Ninh Thuận,Trường Trung cấp Y tế Ninh Thuận,109.02810668945312,11.599424362182617,,,,,c3100d8e-d982-3ef3-8756-b411cdfcf1b2,Unknown
Giga,Trường Trung cấp Y tế Vĩnh Phúc,Trường Trung cấp Y tế Vĩnh Phúc,105.60184478759766,21.319520950317383,,,,,87fc903a-fcde-357d-adf9-04bd219ffe39,Unknown
Giga,Truong Trung hoc,Truong Trung hoc,107.04350280761719,20.73443031311035,,,,,20ef49c6-75b3-36f0-9958-dc88054af60c,Unknown
Giga,Trường Trung học An Phú,Trường Trung học An Phú,106.73912048339844,10.946521759033203,,,,,2568acf5-614e-34c5-823e-9bb112ba9bd9,Unknown
Giga,Trường Trung học BVIS Secondary,Trường Trung học BVIS Secondary,105.81499481201172,21.00153350830078,,,,,612cd391-54af-3de8-afde-8efe2cf3b10e,Secondary
Giga,Trường Trung học cơ sở An Thới,Trường Trung học cơ sở An Thới,105.7657699584961,10.058884620666504,,,,,8941d09c-161e-3b0b-8ee5-78b699eef887,Unknown
Giga,Trường Trung học cơ sở Bàn Cờ,Trường Trung học cơ sở Bàn Cờ,106.68211364746094,10.772924423217773,,,,,e4abc50a-e8e8-3f6d-8258-f79bd3d9d035,Unknown
Giga,Trường Trung học cơ sở Bằng An,Trường Trung học cơ sở Bằng An,106.16218566894531,21.17274284362793,,,,,7bdb8c92-52cb-383e-836d-67b599152847,Unknown
Giga,Trường Trung học cơ sở Bình Hưng Hòa,Trường Trung học cơ sở Bình Hưng Hòa,106.60002136230469,10.815183639526367,,,,,110d0682-4da0-36b9-be4a-183cf1bce5ed,Unknown
Giga,Trường Trung học cơ sở Bình Lợi Trung,Trường Trung học cơ sở Bình Lợi Trung,106.7010726928711,10.830606460571289,,,,,ccdcd5c4-b9de-3620-9f87-efad94987f90,Unknown
Giga,Trường Trung học cơ sở Bình Trị Đông A,Trường Trung học cơ sở Bình Trị Đông A,106.60525512695312,10.764549255371094,,,,,b4bfd5c8-c285-35f0-a8e4-08da8a73e679,Unknown
Giga,Trường Trung học cơ sở Bình Trị Đông B,Trường Trung học cơ sở Bình Trị Đông B,106.60826873779297,10.756258964538574,,,,,ed954388-930e-3c8b-b8f6-8bae31452572,Unknown
Giga,Trường Trung học cơ sở Bồ đề,Trường Trung học cơ sở Bồ đề,105.88005828857422,21.038949966430664,,,,,dde1ca33-d0d7-34dc-82d3-4f11b0a03f3c,Unknown
Giga,Trường Trung học cơ sở Cầu Kiệu,Trường Trung học cơ sở Cầu Kiệu,106.6916275024414,10.79921817779541,,,,,fc756cba-afa0-3630-8876-c3eb4d64342a,Unknown
Giga,Trường Trung học cơ sở Chu Văn An,Trường Trung học cơ sở Chu Văn An,105.9144515991211,21.062387466430664,,,,,9196c242-2f4a-3914-bede-e420dd953b65,Unknown
Giga,Trường Trung Học Cơ Sở Chu Văn An,Trường Trung Học Cơ Sở Chu Văn An,108.92019653320312,12.385135650634766,,,,,1e90f28c-0774-3d1b-8086-1808c51968ef,Unknown
Giga,Trường Trung học cơ sở Colette,Trường Trung học cơ sở Colette,106.68656158447266,10.775901794433594,,,,,e4cd28e1-c6a4-3cac-9b08-ef0625f3b5ba,Unknown
Giga,Trường Trung học cơ sở Đại Phúc,Trường Trung học cơ sở Đại Phúc,106.08113098144531,21.172895431518555,,,,,b66fba48-cc73-33b8-bee6-65072a3669f1,Unknown
Giga,Trường Trung học cơ sở Đại Xuân,Trường Trung học cơ sở Đại Xuân,106.12865447998047,21.18973159790039,,,,,a3ab6a0a-9aca-3604-8557-beda98d3dac9,Unknown
Giga,Trường Trung học cơ sở Đào Duy Anh,Trường Trung học cơ sở Đào Duy Anh,106.67959594726562,10.791637420654297,,,,,88a14cfe-c5be-305c-bf2e-98af8f841002,Unknown
Giga,Trường Trung học cơ sở Đáp Cầu,Trường Trung học cơ sở Đáp Cầu,106.09760284423828,21.19953727722168,,,,,bdbfec60-5b12-3084-870d-8761785768d5,Unknown
Giga,Trường Trung học cơ sở Dịch Vọng Hậu,Trường Trung học cơ sở Dịch Vọng Hậu,105.7828598022461,21.03386878967285,,,,,ef2cb619-89d5-39b1-b7e6-91c6f70106b2,Unknown
Giga,Trường Trung học cơ sở Đoàn Thị Điểm,Trường Trung học cơ sở Đoàn Thị Điểm,106.67508697509766,10.787724494934082,,,,,f19b20a5-e872-39a6-af64-904b91d02a46,Unknown
Giga,Trường Trung học Cơ sở Gia Huynh,Trường Trung học Cơ sở Gia Huynh,107.61700439453125,11.04770278930664,,,,,eda9da40-145c-3681-a888-a2915c9ea375,Unknown
Giga,Trường Trung học Cơ sở Gò Quao,Trường Trung học Cơ sở Gò Quao,105.27436828613281,9.730522155761719,,,,,c49bb3d2-e18e-3ab9-a45c-9a8d6a217da0,Unknown
Giga,Trường Trung học Cơ sở Hà Huy Tập,Trường Trung học Cơ sở Hà Huy Tập,108.31270599365234,13.060750961303711,,,,,dff71d7e-d994-3692-ab12-6f866b8bf4d5,Unknown
Giga,Trường Trung học cơ sở Hai Bà Trưng,Trường Trung học cơ sở Hai Bà Trưng,106.69039916992188,10.788527488708496,,,,,a202ab52-40a7-3936-9c20-9cc4db6ed0b5,Unknown
Giga,Trường Trung học cơ sở Hải Ninh,Trường Trung học cơ sở Hải Ninh,106.73131561279297,17.36579132080078,,,,,14499269-b444-338a-ac33-41b7bbd2d0b2,Unknown
Giga,Trường Trung học cơ sở Hậu Giang,Trường Trung học cơ sở Hậu Giang,106.64879608154297,10.754805564880371,,,,,49b3ed85-a66f-399d-94be-726343f64ae3,Unknown
Giga,Trường Trung học cơ sở Hậu Giang,Trường Trung học cơ sở Hậu Giang,106.64421844482422,10.750967979431152,,,,,ea4769eb-5290-3dcf-bb50-b1f2d18c7695,Unknown
Giga,Trường Trung học cơ sở Hoàng Lê Kha,Trường Trung học cơ sở Hoàng Lê Kha,106.6412582397461,10.752486228942871,,,,,5d19888d-9184-3f86-950c-4995f0b71c07,Unknown
Giga,Trường Trung Học cơ sở hợp giang,Trường Trung Học cơ sở hợp giang,106.2591323852539,22.66183853149414,,,,,3f538e44-a069-3c9e-89de-0b2b1d943bd2,Unknown
Giga,Trường Trung học cơ sở Khương Đình,Trường Trung học cơ sở Khương Đình,105.81537628173828,20.992834091186523,,,,,5e658666-aafc-3db5-be79-7b2a2b8fcbff,Unknown
Giga,Trường Trung học cơ sở Kim Đồng,Trường Trung học cơ sở Kim Đồng,106.67520904541016,10.754532814025879,,,,,a856dec0-82b7-30cd-89d9-626d8a52c81b,Unknown
Giga,Trường Trung học cơ sở Kinh Bắc,Trường Trung học cơ sở Kinh Bắc,106.06243133544922,21.188236236572266,,,,,49d55ae1-a46c-36c9-af44-6ecc2fd459ef,Unknown
Giga,Trường Trung học Cơ sở Lai Uyên,Trường Trung học Cơ sở Lai Uyên,106.63519287109375,11.274419784545898,,,,,33fde4c7-2888-39ab-8c48-aaa58e2e4ed5,Unknown
Giga,Trường Trung học cơ sở Lê Anh Xuân,Trường Trung học cơ sở Lê Anh Xuân,106.63983154296875,10.757689476013184,,,,,6f1bc87a-8335-3530-bfba-7c13bd6dc204,Unknown
Giga,Trường Trung học cơ sở Lê Lợi,Trường Trung học cơ sở Lê Lợi,106.68212127685547,10.778690338134766,,,,,f01e091c-340a-347d-bfe5-4503bea684ed,Unknown
Giga,Trường Trung học cơ sở Lê Quý Đôn,Trường Trung học cơ sở Lê Quý Đôn,106.64238739013672,10.76845932006836,,,,,2b7ec93f-b648-3b3e-9cbd-7103db917ef1,Unknown
Giga,Trường Trung học cơ sở Lê Quý Đôn,Trường Trung học cơ sở Lê Quý Đôn,106.69364166259766,10.779153823852539,,,,,433cef6f-61e2-3163-99b3-92571dfed6ba,Unknown
Giga,Trường Trung học cơ sở Lê Quý Đôn,Trường Trung học cơ sở Lê Quý Đôn,105.79838562011719,21.042490005493164,,,,,54fe6bd8-4a3e-38b2-b7e9-29b5d69c327d,Unknown
Giga,Trường Trung học Cơ Sở Lương Thế Vinh,Trường Trung học Cơ Sở Lương Thế Vinh,105.95523834228516,10.235516548156738,,,,,7d881045-a1dd-38cf-9a05-e5525782b659,Unknown
Giga,Trường Trung học cơ sở Lương Thế Vinh,Trường Trung học cơ sở Lương Thế Vinh,106.66910552978516,10.784881591796875,,,,,453f1bad-aa99-3198-ab6d-119418f69e9f,Unknown
Giga,Trường Trung học cơ sở Mạc Đĩnh Chi,Trường Trung học cơ sở Mạc Đĩnh Chi,106.6624526977539,10.78656005859375,,,,,83f0e809-e4c6-329b-868f-8fb85ed97798,Unknown
Giga,Trường Trung Học Cơ Sở Mỹ Quang,Trường Trung Học Cơ Sở Mỹ Quang,109.06063842773438,14.169029235839844,,,,,657a062b-c010-35fb-9cd2-555dad4f6450,Unknown
Giga,Trường Trung học cơ sở Nguyễn An Khương,Trường Trung học cơ sở Nguyễn An Khương,106.58631896972656,10.888272285461426,,,,,8be7ad72-0c83-3ab7-8cdb-a916cdcd2f8e,Unknown
Giga,Trường Trung học cơ sở Nguyễn Cao,Trường Trung học cơ sở Nguyễn Cao,106.1474380493164,21.15849494934082,,,,,e73f256e-21d1-341c-bf4e-9f9133e1d45f,Unknown
Giga,Trường Trung học cơ sở Nguyễn Đức Cảnh,Trường Trung học cơ sở Nguyễn Đức Cảnh,106.64337158203125,10.753732681274414,,,,,68a3149e-b5a9-356b-bd7d-68c437231f01,Unknown
Giga,Trường Trung học cơ sở Nguyễn Như Uyên,Trường Trung học cơ sở Nguyễn Như Uyên,105.78887939453125,21.02010726928711,,,,,e5d6447c-d6af-3e96-b594-fab9e19561a0,Unknown
Giga,Trường trung học cơ sỡ Nguyễn Trải,Trường trung học cơ sỡ Nguyễn Trải,108.11268615722656,10.931900978088379,,,,,ff9a65cc-d738-3bfe-85b7-d32d267a98b6,Unknown
Giga,Trường Trung học cơ sở Nguyễn Văn Cừ,Trường Trung học cơ sở Nguyễn Văn Cừ,106.63566589355469,10.982229232788086,,,,,30a80cb9-a2b0-3bc6-8c6b-3a3b65c0d1bb,Unknown
Giga,Trường Trung học cơ sở Nguyễn Văn Phú,Trường Trung học cơ sở Nguyễn Văn Phú,106.63968658447266,10.761841773986816,,,,,fb4a89ea-934e-3541-b172-d5e5c1bb855d,Unknown
Giga,Trường Trung học cơ sở Nhân Hòa,Trường Trung học cơ sở Nhân Hòa,106.14257049560547,21.18147087097168,,,,,1e073ad8-ff89-30c4-b314-fbf8a2cb98f5,Unknown
Giga,Trường Trung học cơ sở Phan Sào Nam,Trường Trung học cơ sở Phan Sào Nam,106.67523956298828,10.768227577209473,,,,,8099e36b-c7b0-3794-9095-a90e1590895c,Unknown
Giga,Trường Trung học cơ sở Phật Tích,Trường Trung học cơ sở Phật Tích,106.0371322631836,21.10162353515625,,,,,6f4824ac-f32a-36e3-bb1e-8b3a88a8b7c2,Unknown
Giga,Trường Trung học Cơ sở Phổ An,Trường Trung học Cơ sở Phổ An,108.94880676269531,14.890227317810059,,,,,1003634e-8416-39d7-986b-b374035481a7,Unknown
Giga,Trường trung học cơ sở Phổ Phong,Trường trung học cơ sở Phổ Phong,108.89250946044922,14.872869491577148,,,,,84029fd2-1230-30a3-9757-bd3bf2fb1b9d,Unknown
Giga,Trường Trung học Cơ sở Phổ Quang,Trường Trung học Cơ sở Phổ Quang,108.9759750366211,14.847860336303711,,,,,aa632241-c08f-329b-847c-3e1100fa3826,Unknown
Giga,Trường Trung học Cơ sở Phú Hoà Đông,Trường Trung học Cơ sở Phú Hoà Đông,106.55945587158203,11.0187349319458,,,,,a9ae38f5-b4a2-3515-84c7-618a95a1aa4d,Unknown
Giga,Trường Trung học cơ sở phường Hồ,Trường Trung học cơ sở phường Hồ,106.08722686767578,21.050853729248047,,,,,42dd8974-bf98-3b5f-ad35-bb8bdf7774ff,Unknown
Giga,Trường Trung Học Cơ Sở Phú Yên,Trường Trung Học Cơ Sở Phú Yên,105.89845275878906,20.694673538208008,,,,,f8691d49-5d02-3a1d-a559-0b1a6138f4ed,Unknown
Giga,Trường Trung học Cơ sở Sông Luỹ,Trường Trung học Cơ sở Sông Luỹ,108.31321716308594,11.214879035949707,,,,,deb54d0b-f8ca-3d3c-a062-8b3c98eb0277,Unknown
Giga,Trường Trung học Cơ sở Tam Bố,Trường Trung học Cơ sở Tam Bố,108.21754455566406,11.614026069641113,,,,,eedf0e12-d9ab-3ea4-bdb3-3b880599e15f,Unknown
Giga,Trường Trung học cơ sở Tân Bình,Trường Trung học cơ sở Tân Bình,106.66010284423828,10.788825035095215,,,,,627efd71-be50-3f9f-acc5-376088ff641b,Unknown
Giga,Trường Trung học Cơ sở Thạnh Phú,Trường Trung học Cơ sở Thạnh Phú,106.8308334350586,11.011174201965332,,,,,428ceefe-3ca2-3d07-8c01-dfb2224c8823,Unknown
Giga,Trường Trung học cơ sở Thị Trấn 2,Trường Trung học cơ sở Thị Trấn 2,106.4944839477539,10.975850105285645,,,,,d25fc85e-6d8f-352f-9e99-9440a4a5d0bf,Unknown
Giga,Trường Trung học Cơ sở Thị trấn Thứ Ba 1,Trường Trung học Cơ sở Thị trấn Thứ Ba 1,105.06978607177734,9.821500778198242,,,,,d6539d5c-053a-36be-96d6-bf0955d5d7c6,Unknown
Giga,Trường Trung học Cơ sở Thị trấn Thứ Ba 2,Trường Trung học Cơ sở Thị trấn Thứ Ba 2,105.064697265625,9.820479393005371,,,,,b25ba3e0-cf98-3be4-9318-1a48d0c013dc,Unknown
Giga,Trường Trung học cơ sở Trần Quốc Toản,Trường Trung học cơ sở Trần Quốc Toản,106.78909301757812,10.845192909240723,,,,,cbac36bd-e9fd-387d-b559-06a567cdf313,Unknown
Giga,Trường Trung học cơ sở Trâu Quỳ,Trường Trung học cơ sở Trâu Quỳ,105.93833923339844,21.014204025268555,,,,,5e192974-7d2d-3b2b-8c86-81059c83c6ca,Unknown
Giga,Trường Trung học Cơ sở Triệu Hải,Trường Trung học Cơ sở Triệu Hải,107.53516387939453,11.522505760192871,,,,,9f5229a6-dfcb-3fc6-8851-7f8774648173,Unknown
Giga,Trường Trung học cơ sở Trọng Điểm,Trường Trung học cơ sở Trọng Điểm,107.10542297363281,20.94849967956543,,,,,3aff91fd-7908-37a0-9b0b-9874bede9e55,Unknown
Giga,Trường Trung học Cơ sở Trường Sa,Trường Trung học Cơ sở Trường Sa,106.86670684814453,10.986555099487305,,,,,196b57e5-732b-315b-8e06-19491c98c046,Unknown
Giga,Trường trung học cơ sở Vân Côn,Trường trung học cơ sở Vân Côn,105.67919921875,20.991802215576172,,,,,3633fb70-e32a-32af-acaa-d05856bfec8a,Unknown
Giga,Trường Trung học Cơ sở và Trung học Phổ thông Võ Thị Sáu,Trường Trung học Cơ sở và Trung học Phổ thông Võ Thị Sáu,107.00526428222656,11.902681350708008,,,,,b8cb4f86-021d-38b9-83e8-6ee08bed6486,Unknown
Giga,Trường Trung học cơ sở Võ Cường,Trường Trung học cơ sở Võ Cường,106.04881286621094,21.163869857788086,,,,,5b6c5d9c-b61f-3910-9961-c8b4d2b46128,Unknown
Giga,Trường Trung học cơ sở Võ Cường,Trường Trung học cơ sở Võ Cường,106.04888153076172,21.16383934020996,,,,,014a6086-d3c5-3985-8788-02e389e42758,Unknown
Giga,Trường Trung Học Cơ Sở xã Cổ Am,Trường Trung Học Cơ Sở xã Cổ Am,106.54564666748047,20.638381958007812,,,,,c01fa525-2ed9-30fc-8ce3-ce3733e967d9,Unknown
Giga,Trường Trung học cơ sở Xuân Trường,Trường Trung học cơ sở Xuân Trường,106.76590728759766,10.876365661621094,,,,,b3670a63-66fc-3f11-aa09-49114fd691a3,Unknown
Giga,Trường Trung học cơ sở Yên Phong,Trường Trung học cơ sở Yên Phong,105.9574203491211,21.198162078857422,,,,,abf34577-6e88-3501-b32d-2197e4db954e,Unknown
Giga,Trường Trung Học Phổ Thông Bến Cát,Trường Trung Học Phổ Thông Bến Cát,106.60995483398438,11.152571678161621,,,,,fe7d3f34-e580-320e-bbaf-0c2002dc9a5b,Unknown
Giga,Trường Trung học phổ thông Bình Phú,Trường Trung học phổ thông Bình Phú,106.62755584716797,10.735509872436523,,,,,3c425b0d-61a5-3de2-ae7e-e985f3291087,Unknown
Giga,Trường Trung học Phổ thông Bình Thủy,Trường Trung học Phổ thông Bình Thủy,105.7401123046875,10.069886207580566,,,,,757d5749-d5c9-3090-b71c-5e158115823f,Unknown
Giga,Trường Trung học phổ thông chuyên Hùng Vương  Gia Lai,Trường Trung học phổ thông chuyên Hùng Vương  Gia Lai,107.99951934814453,13.97614860534668,,,,,73b2216f-f793-36b6-af15-8ac77a3886f1,Unknown
Giga,Trường Trung Học Phổ Thông Chuyên Long An,Trường Trung Học Phổ Thông Chuyên Long An,106.424072265625,10.536275863647461,,,,,cc806e9a-b817-3846-bc66-ab498b225be4,Unknown
Giga,Trường Trung học phổ thông chuyên Phan Ngọc Hiển,Trường Trung học phổ thông chuyên Phan Ngọc Hiển,105.13301849365234,9.196391105651855,,,,,876901b8-ecf4-3929-afa2-84846ed02c82,Unknown
Giga,Trường Trung học Phổ thông Chuyên  Trường Đại học Vinh,Trường Trung học Phổ thông Chuyên  Trường Đại học Vinh,105.69525146484375,18.66094398498535,,,,,91e74aa2-e0b2-38da-9733-f4f68dead520,Unknown
Giga,Trường Trung học Phổ thông Đạ Tẻh,Trường Trung học Phổ thông Đạ Tẻh,107.48486328125,11.506997108459473,,,,,e8b5856c-86d3-3bc6-b74c-ef9b717ee653,Unknown
Giga,Trường Trung học phổ thông Dầu Tiếng,Trường Trung học phổ thông Dầu Tiếng,106.36681365966797,11.281867027282715,,,,,a9453339-db57-3792-8a08-c8c89871718b,Unknown
Giga,Trường Trung học Phổ thông Đức Linh,Trường Trung học Phổ thông Đức Linh,107.55760192871094,11.183382987976074,,,,,5e4e9ed5-dc0d-3f97-aade-e8ada4c1b997,Unknown
Giga,Trường Trung học phổ thông Hoàng Hoa Thám,Trường Trung học phổ thông Hoàng Hoa Thám,106.69293212890625,10.804119110107422,,,,,23bd2736-a9ad-3577-9311-284fa7b2f80e,Unknown
Giga,Trường Trung học phổ thông Hòa Ninh  Vĩnh Long,Trường Trung học phổ thông Hòa Ninh  Vĩnh Long,105.99773406982422,10.280892372131348,,,,,e6c5d41f-4172-3acf-a285-0703c280a1b9,Unknown
Giga,Trường Trung học phổ thông Hùng Vương,Trường Trung học phổ thông Hùng Vương,106.66382598876953,10.756579399108887,,,,,53158a5a-46fb-3df4-ad50-f8336eef40b1,Unknown
Giga,Trường Trung học phổ thông Lê Quý Đôn,Trường Trung học phổ thông Lê Quý Đôn,106.69410705566406,10.779653549194336,,,,,a69372dd-46da-3734-8284-9a849c8ab856,Unknown
Giga,Trường Trung học Phổ thông Lê Quý Đôn,Trường Trung học Phổ thông Lê Quý Đôn,108.2078628540039,11.85218620300293,,,,,26e0e410-8ed5-34e0-b6f8-912729abc3cc,Unknown
Giga,Trường Trung học phổ thông Linh Trung,Trường Trung học phổ thông Linh Trung,106.78413391113281,10.861929893493652,,,,,62fc37d5-4d8f-3ef1-a780-7e6ffd67452d,Unknown
Giga,Trường Trung học phổ thông Nam Kỳ Khởi Nghĩa,Trường Trung học phổ thông Nam Kỳ Khởi Nghĩa,106.65021514892578,10.757484436035156,,,,,9d68fc39-72c9-33c5-92d0-87b6332dba86,Unknown
Giga,trường Trung học phổ thông Ngô Thì Nhậm,trường Trung học phổ thông Ngô Thì Nhậm,105.92288970947266,20.14601707458496,,,,,bb2cddb1-220e-3ac3-9a4b-3bc71a733b87,Unknown
Giga,Trường Trung học phổ thông Nguyễn Hữu Huân,Trường Trung học phổ thông Nguyễn Hữu Huân,106.76800537109375,10.848454475402832,,,,,05e4c01c-cc5d-34ce-8cc4-f820ca47ab6d,Unknown
Giga,Trường Trung học Phổ thông Nguyễn Thái Bình,Trường Trung học Phổ thông Nguyễn Thái Bình,108.33123016357422,11.68142318725586,,,,,ee4fb7ab-7148-3613-902c-d9c0ccd88bb8,Unknown
Giga,Trường Trung Học Phổ Thông Nguyễn Thị Định,Trường Trung Học Phổ Thông Nguyễn Thị Định,106.62208557128906,10.724937438964844,,,,,2213d8fe-141a-3577-95a4-a7ae4a4b5c99,Unknown
Giga,Trường Trung học Phổ thông Nguyễn Thông,Trường Trung học Phổ thông Nguyễn Thông,105.95442962646484,10.229840278625488,,,,,2da71448-4adc-357e-b321-9cc1e4d1bc46,Unknown
Giga,Trường Trung học phổ thông Nguyễn Thượng Hiền,Trường Trung học phổ thông Nguyễn Thượng Hiền,106.65482330322266,10.793400764465332,,,,,0249c9d3-e3b4-3e7f-a70c-a83c7c563a1b,Unknown
Giga,Trường Trung học phổ thông Phan Đăng Lưu,Trường Trung học phổ thông Phan Đăng Lưu,106.68638610839844,10.805769920349121,,,,,b0f0612d-417b-3857-a860-c1b2f789edac,Unknown
Giga,Trường Trung Học Phổ Thông Phan Văn Trị,Trường Trung Học Phổ Thông Phan Văn Trị,106.68641662597656,10.829349517822266,,,,,3f5bd6ce-4c0e-37f4-b2d5-8739defbd1d0,Unknown
Giga,Trường Trung học phổ thông Phú Hoà,Trường Trung học phổ thông Phú Hoà,106.56688690185547,11.023271560668945,,,,,ae7006f1-e32c-3074-88c4-2ddf49798234,Unknown
Giga,Trường Trung học Phổ thông Phú Riềng,Trường Trung học Phổ thông Phú Riềng,106.93833923339844,11.660567283630371,,,,,985fabb8-0515-3473-83c0-a2394ff61b29,Unknown
Giga,Trường Trung học Phổ thông Quang Trung,Trường Trung học Phổ thông Quang Trung,107.62907409667969,11.237730979919434,,,,,3a31e1e8-4e20-31eb-a128-d5e644da59c9,Unknown
Giga,trường trung học phổ thông quang trung,trường trung học phổ thông quang trung,107.31672668457031,11.568717002868652,,,,,df09d4aa-3cf5-3a85-babf-6372df646e48,Unknown
Giga,Trường Trung học phổ thông Tân Phong,Trường Trung học phổ thông Tân Phong,106.69282531738281,10.726696014404297,,,,,9e641f07-5c2e-3549-a849-8681015403e8,Unknown
Giga,Trường Trung học Phổ thông Tây Đô,Trường Trung học Phổ thông Tây Đô,105.4706039428711,9.663408279418945,,,,,04525fb7-8c3f-3f29-8db7-f5066db0b461,Unknown
Giga,Trường Trung học Phổ thông Trần Phú,Trường Trung học Phổ thông Trần Phú,107.84619140625,12.506563186645508,,,,,d0ec8d4f-cb38-32c6-92ed-9853c2fc1f35,Unknown
Giga,Trường Trung học phổ thông Trần Quang Khải,Trường Trung học phổ thông Trần Quang Khải,106.642578125,10.769140243530273,,,,,5622c88b-fd05-3a6d-8739-e4672526effb,Unknown
Giga,Trường Trung học phổ thông Trần Văn Giàu,Trường Trung học phổ thông Trần Văn Giàu,106.69893646240234,10.831130981445312,,,,,22e0fd7b-31e9-3ae7-a5ef-284dcac7842d,Unknown
Giga,Trường Trung học phổ thông Trí Đức,Trường Trung học phổ thông Trí Đức,105.76991271972656,21.03012466430664,,,,,5dca8bfb-e6ca-3883-bc14-931e0bc31d57,Unknown
Giga,Trường Trung học Phổ thông Việt Âu,Trường Trung học Phổ thông Việt Âu,106.64404296875,10.859789848327637,,,,,7e18bb3d-e166-361d-a40b-3f98b2aa27cb,Unknown
Giga,Trường Trung học Thực hành Sài Gòn,Trường Trung học Thực hành Sài Gòn,106.68061828613281,10.761357307434082,,,,,2d050867-8b58-3cf1-b6e4-ad5383165cf3,Unknown
Giga,Trường Trung học Tư thục Nguyễn Khuyến (Cơ sở 4),Trường Trung học Tư thục Nguyễn Khuyến (Cơ sở 4),106.71261596679688,10.83920955657959,,,,,93cead16-2461-3714-8d4d-432b4d2bd568,Unknown
Giga,Trường Trung học Vinschool The Harmony,Trường Trung học Vinschool The Harmony,105.9039535522461,21.048046112060547,,,,,86f6cd30-771f-3790-82ef-79db390ce086,Unknown
Giga,Trường Trung học Vinschool Times City,Trường Trung học Vinschool Times City,105.86680603027344,20.991085052490234,,,,,65265fcc-96fb-32ae-8961-0f44c0e69df0,Unknown
Giga,Trường TTGDTX Bắc Bình,Trường TTGDTX Bắc Bình,108.50344848632812,11.222054481506348,,,,,d1500d92-e3c9-3720-850e-7fc95f797849,Unknown
Giga,Trường Văn Hóa Nghệ Thuật Cần Thơ,Trường Văn Hóa Nghệ Thuật Cần Thơ,105.76797485351562,10.049298286437988,,,,,71d29314-e4ad-3ceb-93fe-3def75c8ab94,Unknown
Giga,Trường Vinschool Greenbay,Trường Vinschool Greenbay,105.78731536865234,20.99868392944336,,,,,0e83eb4c-5b23-3440-9075-2218f9cf7ff1,Unknown
Giga,Trường xã Kim Long 1,Trường xã Kim Long 1,105.77294158935547,21.495960235595703,,,,,ab278de5-df9c-352e-bbd4-a5196ac0fa1a,Unknown
Giga,Truường THCS Đông Hiệp,Truường THCS Đông Hiệp,105.49775695800781,10.079954147338867,,,,,080ba7aa-bb14-314d-94b6-74a233424717,Unknown
Giga,Truường THCS Thị trấn Cờ Đỏ,Truường THCS Thị trấn Cờ Đỏ,105.43029022216797,10.092020988464355,,,,,53fd11fa-5df5-3f26-8af3-3f4250c58a4c,Unknown
Giga,Truường THPT Hà Huy Giáp,Truường THPT Hà Huy Giáp,105.4330062866211,10.089221954345703,,,,,78809313-63aa-364c-b965-02b1524206d6,Unknown
Giga,Truường THPT Nguyễn Việt Dũng,Truường THPT Nguyễn Việt Dũng,105.75660705566406,9.997931480407715,,,,,b28d4399-7abe-3558-b7cc-c3b02f08329d,Unknown
Giga,Truường THPT Thới Lai,Truường THPT Thới Lai,105.55623626708984,10.059674263000488,,,,,640af390-4c2f-3efb-b9f4-d432470ebe05,Unknown
Giga,TT Anh Ngữ Atlas,TT Anh Ngữ Atlas,105.77307891845703,10.024951934814453,,,,,ac15616a-9531-3482-aa3b-7b3428ba997e,Unknown
Giga,TT anh ngữ New Window,TT anh ngữ New Window,105.77110290527344,10.028446197509766,,,,,c2896716-3c4e-3ae2-bb50-7a4dd490054d,Unknown
Giga,TT Bồi Dưỡng Chính trị Quận Thủ Đức,TT Bồi Dưỡng Chính trị Quận Thủ Đức,106.7662353515625,10.854158401489258,,,,,757285b9-1365-3ba5-bcc5-4b4344d8ed36,Unknown
Giga,TT Đào tạo sát hạch lái xe,TT Đào tạo sát hạch lái xe,107.17362213134766,10.455765724182129,,,,,5c4f71a1-9781-316c-8bc3-6f0df97ef81b,Unknown
Giga,TT GDTX Yên Mô,TT GDTX Yên Mô,106.02662658691406,20.140586853027344,,,,,388502a4-b186-3a3c-aa9d-63aae28a9372,Unknown
Giga,TT Giáo Dục Nghề Nghiệp - Giáo Dục Thường Xuyên TP Dĩ An,TT Giáo Dục Nghề Nghiệp - Giáo Dục Thường Xuyên TP Dĩ An,106.76747131347656,10.906233787536621,,,,,c3a82787-91dd-38d4-b551-dddcb62b6020,Unknown
Giga,TT Giáo dục thường xuyên,TT Giáo dục thường xuyên,105.77084350585938,10.026241302490234,,,,,7e09db0d-2672-3022-98bf-032c8c121e0c,Unknown
Giga,TT Giáo dục thường xuyên,TT Giáo dục thường xuyên,105.09280395507812,10.814228057861328,,,,,c57f2c79-e5a4-3593-a1fd-db0a049939a0,Unknown
Giga,TT Giáo dục Thường xuyên Xuyên Mộc,TT Giáo dục Thường xuyên Xuyên Mộc,107.41357421875,10.535223007202148,,,,,843003db-a611-3b77-b6d5-e357ce59024a,Unknown
Giga,TT huấn luyện cán bộ Y tế,TT huấn luyện cán bộ Y tế,105.77362060546875,10.02388858795166,,,,,63323733-2613-364c-a7c2-72d7fe772ceb,Unknown
Giga,TT Kỹ Thuật Tổng Hợp Hướng Nghiệp Quận 11,TT Kỹ Thuật Tổng Hợp Hướng Nghiệp Quận 11,106.64620208740234,10.772939682006836,,,,,7baf96e6-7079-320d-ab5d-700991dcaae9,Unknown
Giga,TT LTDH Bùi Đức Thắng,TT LTDH Bùi Đức Thắng,105.77198791503906,10.029263496398926,,,,,9ae261c7-9ecc-3301-8493-24cbcae8f31f,Unknown
Giga,TT LTDH Diệu Hiền,TT LTDH Diệu Hiền,105.7691421508789,10.026742935180664,,,,,b49cfccb-5e75-3ef9-a892-c580d5766f15,Unknown
Giga,TT LTDH Hồng Phúc,TT LTDH Hồng Phúc,105.76908111572266,10.02668285369873,,,,,6f4203ed-f619-3c08-8a8a-cc989f9d220b,Unknown
Giga,TTLTDH Trường Minh,TTLTDH Trường Minh,105.76725769042969,10.025819778442383,,,,,7092c4b9-a574-324d-81e5-a9349a140b70,Unknown
Giga,TT luyện thi Minh Đức 1,TT luyện thi Minh Đức 1,105.77430725097656,10.031062126159668,,,,,03c8e2cf-895b-35e6-b092-123be159d2e0,Unknown
Giga,TT Nghien cuu va dao tao nghe nong thon,TT Nghien cuu va dao tao nghe nong thon,105.76478576660156,10.028782844543457,,,,,deff3029-6eeb-3108-919a-2eae7f6847f5,Unknown
Giga,TT ngoại ngữ AMA,TT ngoại ngữ AMA,105.77957916259766,10.031316757202148,,,,,c7d7386a-794a-34c7-9d58-d7ee48ce4f78,Unknown
Giga,Tu Lap High School,Tu Lap High School,105.66748809814453,21.216947555541992,,,,,e2bb2803-8c28-33d5-bc99-a4e385ed11ea,Secondary
Giga,Tung Ba Secondary & High School,Tung Ba Secondary & High School,105.080810546875,22.876007080078125,,,,,368fc8ab-b738-300d-bb31-ba12c1caa804,Secondary
Giga,Tung Thien High School,Tung Thien High School,105.49468231201172,21.113130569458008,,,,,99168a29-933d-321b-8ef3-fb17010f07d1,Secondary
Giga,Tư thục Trường Sơn,Tư thục Trường Sơn,108.05113220214844,12.69192886352539,,,,,c381a26f-b74d-397b-b6df-ae3063d05466,Unknown
Giga,UEH-ISB Viện Đào Tạo Quốc Tế,UEH-ISB Viện Đào Tạo Quốc Tế,106.69178771972656,10.777894020080566,,,,,0f5e4fc9-fbe8-3dc0-9570-1e6c4e23cefa,Unknown
Giga,Ung Hoa A High School,Ung Hoa A High School,105.77649688720703,20.726978302001953,,,,,7b1242d8-2932-3430-9320-42aec7422c29,Secondary
Giga,Ung Hoa B High School,Ung Hoa B High School,105.84130096435547,20.70822525024414,,,,,b243e8dc-b4b6-3ce2-ba3e-cd291a145e72,Secondary
Giga,United Nations International School Hanoi,United Nations International School Hanoi,105.80738067626953,21.07529067993164,,,,,acd3de25-339b-3daa-9ffc-2a76148d38d2,Unknown
Giga,University,University,106.6911392211914,10.78532886505127,,,,,b6ef7e4f-f137-3144-9d1a-fd8baa982238,Post-Secondary
Giga,University of Economics and Law,University of Economics and Law,106.77852630615234,10.87117862701416,,,,,dc69fc5b-5e7a-3e32-8072-123f4b93461e,Post-Secondary
Giga,University of Green,University of Green,106.64424896240234,10.7441987991333,,,,,88f7a5a1-5f80-3ab8-a64a-0f5e5afa0fd6,Post-Secondary
Giga,University of People's Security,University of People's Security,106.80697631835938,10.873518943786621,,,,,1b6472d8-8f02-3ef5-9882-bec90b0f7321,Post-Secondary
Giga,Van An Secondary School,Van An Secondary School,106.06749725341797,21.180503845214844,,,,,b612bda3-a25e-3092-bc16-8571f8ce070d,Secondary
Giga,Van Coc High School,Van Coc High School,105.61256408691406,21.141719818115234,,,,,f1bc5a0b-1f99-3841-8fd1-af3b6abf5fa6,Secondary
Giga,Van Don Secondary School,Van Don Secondary School,106.70164489746094,10.761517524719238,,,,,b0a81d2e-6cd8-3e09-9960-7cf73c7b7602,Secondary
Giga,Van Hanh-School,Van Hanh-School,106.67070770263672,10.772110939025879,,,,,17622e3f-d04a-37b9-9310-44eef7e56abe,Unknown
Giga,Van Luong Secondary School,Van Luong Secondary School,107.21406555175781,10.487180709838867,,,,,052c78c6-d60f-36ba-8c43-09d7bf83ebc0,Secondary
Giga,Van Ninh Secondary School,Van Ninh Secondary School,107.94791412353516,21.47760772705078,,,,,3a1cc5fb-8832-3467-9027-b0dd34446632,Secondary
Giga,Van Noi High School,Van Noi High School,105.81486511230469,21.150123596191406,,,,,8970ef66-7789-3331-aa25-4c7b5ff379b0,Secondary
Giga,Van Quan High School,Van Quan High School,105.45088195800781,21.372692108154297,,,,,cc08d1e6-1f9d-304d-a101-cc8d7657950b,Secondary
Giga,Van Son Junior Secondary School - Trường học cơ sổ xã Vân Son,Van Son Junior Secondary School - Trường học cơ sổ xã Vân Son,106.92655944824219,21.369075775146484,,,,,f68fef15-260a-3919-96c2-80765164d3e2,Primary
Giga,Van Tao High School,Van Tao High School,105.89034271240234,20.866838455200195,,,,,2938135d-758e-37bb-a785-1f330c43e8c9,Secondary
Giga,Van Xuan - Hoai Duc High School,Van Xuan - Hoai Duc High School,105.67850494384766,21.04643440246582,,,,,be92946a-bba1-31ae-bbd2-01bea14a2ad0,Secondary
Giga,Ve An Secondary School,Ve An Secondary School,106.06462097167969,21.183900833129883,,,,,6aa616bb-fc15-3def-9bf7-6670bccfdb05,Secondary
Giga,Vicare 2,Vicare 2,105.9364013671875,21.014041900634766,,,,,66dcc820-d1b9-3c44-aea1-162b8ab36c16,Unknown
Giga,Viện Nghiên Cứu Cơ Khí,Viện Nghiên Cứu Cơ Khí,108.15101623535156,16.07611083984375,,,,,bb996e61-b994-360a-9699-02b854f6c0b1,Unknown
Giga,Viện nghiên cứu Công nghệ Sinh học và Môi trường,Viện nghiên cứu Công nghệ Sinh học và Môi trường,106.79399871826172,10.873976707458496,,,,,4f1409ba-ad71-3f45-bb9d-cb04d4ffddea,Unknown
Giga,Viện nghiên cứu phát triển CNSH,Viện nghiên cứu phát triển CNSH,105.7701644897461,10.02817153930664,,,,,066cb2aa-8bad-323f-bb96-6fc6dc97f783,Unknown
Giga,Viện Thánh Kinh Thần Học,Viện Thánh Kinh Thần Học,106.77423095703125,10.78119945526123,,,,,e8f95af6-3464-394c-92d4-317cbb7a0704,Unknown
Giga,Viet Duc High School,Viet Duc High School,105.84964752197266,21.02293586730957,,,,,c70a5762-3573-3653-87f1-27b2adf46b8a,Secondary
Giga,Viet Lam High School,Viet Lam High School,104.96157836914062,22.625802993774414,,,,,9b04dacf-aef3-3106-8bff-367edd59ca51,Secondary
Giga,Vietnam association of architects,Vietnam association of architects,105.85845184326172,21.016170501708984,,,,,46884c8f-77ff-3811-ba49-a7e4091dec7d,Unknown
Giga,Vietnam-Australia International English School,Vietnam-Australia International English School,108.23712921142578,16.053726196289062,,,,,25cc8c22-c67f-3708-84e8-62ec10e2324d,Unknown
Giga,Vietnam Australia International School,Vietnam Australia International School,106.6630630493164,10.766498565673828,,,,,9dc94983-73b2-3a72-a184-454df68fd1d8,Unknown
Giga,Vietnam Aviation Academy (the second campus),Vietnam Aviation Academy (the second campus),106.65455627441406,10.7998685836792,,,,,cbe05d85-d9fc-3518-a6aa-06ccfb8815f4,Unknown
Giga,Vietnamese class,Vietnamese class,105.82221221923828,21.038665771484375,,,,,80fe0fd7-c146-309e-a566-8bbc3dd457db,Unknown
Giga,Vietnam Finland International School,Vietnam Finland International School,106.69497680664062,10.732400894165039,,,,,48a4f1f6-06b1-3c9d-ac59-ebf1afecd5ed,Unknown
Giga,Vietsovpetro School,Vietsovpetro School,107.08154296875,10.360067367553711,,,,,db23123a-83a4-3a64-8b4b-2fa897a0712e,Unknown
Giga,Viet Vinh High School,Viet Vinh High School,104.80692291259766,22.41108512878418,,,,,e51a0637-ba9e-3ed2-8fef-3f5c27ce0287,Secondary
Giga,Vikor Edu,Vikor Edu,106.32723999023438,20.436767578125,,,,,5cd8779d-bf17-3c6f-8fc6-1dcb93e97d93,Unknown
Giga,Vinh Chau Secondary School,Vinh Chau Secondary School,106.10375213623047,9.347546577453613,,,,,515e0b5d-d311-3d20-bffa-d00a1e72f113,Secondary
Giga,Vĩnh Hựu,Vĩnh Hựu,106.57669067382812,10.309117317199707,,,,,31a68ae5-dd60-3650-855f-ce38022399a0,Unknown
Giga,Vinh Phuoc 1 Secondary School,Vinh Phuoc 1 Secondary School,105.93665313720703,9.3137845993042,,,,,16720247-9895-3474-8a2b-21a3c1930208,Secondary
Giga,Vinh Phuoc 2 Secondary School,Vinh Phuoc 2 Secondary School,105.95549011230469,9.318863868713379,,,,,ee1dc2b4-219f-35e4-a9e4-51ec5ec2d8bb,Secondary
Giga,Vinh Quang Secondary School,Vinh Quang Secondary School,104.6763687133789,22.7346248626709,,,,,4041010e-6c1a-3978-9cb1-dce7c976e07d,Secondary
Giga,Vinh Tuong Secondary School,Vinh Tuong Secondary School,105.50896453857422,21.22431755065918,,,,,fdff4538-5bda-3b41-ad81-4e6efa3312bc,Secondary
Giga,Vĩnh Yên  Vĩnh Phúc,Vĩnh Yên  Vĩnh Phúc,105.59565734863281,21.31369972229004,,,,,795da3c5-d434-3e36-8f44-32f234474e65,Unknown
Giga,Vinschool,Vinschool,105.8666000366211,20.994293212890625,,,,,905dbb8c-79ec-31b0-8b7e-d2952bbf9d50,Unknown
Giga,Vinschool Golden River,Vinschool Golden River,106.7115478515625,10.786179542541504,,,,,47f875b7-303f-35a6-8701-4218681997e2,Unknown
Giga,Vinschool Nguyễn Chí Thanh,Vinschool Nguyễn Chí Thanh,105.80891418457031,21.023395538330078,,,,,0503aeb9-b693-39d7-82cc-2531310a61f1,Unknown
Giga,Vinschool Secondary,Vinschool Secondary,105.937744140625,20.99395179748535,,,,,ef3afa31-3a8b-3cbe-8414-7cad5e3f0531,Secondary
Giga,Visit  ask for English teacher!,Visit  ask for English teacher!,104.40030670166016,22.27834129333496,,,,,f7a3466d-7bc0-34db-9a8c-7271247fbfcf,Unknown
Giga,Vi Xuyen High School,Vi Xuyen High School,104.98035430908203,22.666460037231445,,,,,b0f4df80-31c6-36c0-9fa8-ad1a3a007b4c,Secondary
Giga,VNU-HCM High School for the Gifted - Campus 2,VNU-HCM High School for the Gifted - Campus 2,106.79915618896484,10.878021240234375,,,,,1bb0038a-7f9d-352e-b149-9327deb1e95d,Secondary
Giga,Vo Thi Sau High School,Vo Thi Sau High School,106.60559844970703,8.685952186584473,,,,,45f9223f-dcd8-3b3e-8eaf-f0e4f8e36919,Secondary
Giga,Vo Thi Sau High School,Vo Thi Sau High School,107.27392578125,10.47233772277832,,,,,5753ccab-bc20-3f2e-bfd5-fe0e5925b8c3,Secondary
Giga,Vo Truong Toan Secondary School,Vo Truong Toan Secondary School,106.70549774169922,10.786163330078125,,,,,9b2b7c88-d4ce-3680-911c-42c78cf85e5e,Secondary
Giga,Vo Truong Toan Secondary School,Vo Truong Toan Secondary School,107.08432006835938,10.370732307434082,,,,,bd8a41e9-e950-3685-8d4c-327ab3575bf6,Secondary
Giga,Võ Văn Kiết,Võ Văn Kiết,106.75589752197266,10.35558795928955,,,,,e9573001-4f41-3346-9d0b-d82e4ad8ac76,Unknown
Giga,Vo Van Kiet Secondary School,Vo Van Kiet Secondary School,107.05767059326172,10.373424530029297,,,,,8fe2d6bd-84ba-3942-b6ad-1e36984e77b9,Secondary
Giga,Vo Van Kiet Secondary School,Vo Van Kiet Secondary School,107.07148742675781,10.601926803588867,,,,,e3a64f5a-594a-3e61-accc-6d7426b47ea6,Secondary
Giga,Vung Tau High School,Vung Tau High School,107.09650421142578,10.351398468017578,,,,,ae29ed2c-b6f2-3461-a672-c47abe4e4e91,Secondary
Giga,Vung Tau Secondary School,Vung Tau Secondary School,107.07723236083984,10.346819877624512,,,,,515da35f-c773-3bb2-9348-f1dad55becfb,Secondary
Giga,Vườn Bàng,Vườn Bàng,105.77157592773438,10.031436920166016,,,,,a2bfc46d-6b70-349b-9d44-dd4dd639dde6,Unknown
Giga,Waterloo English school,Waterloo English school,106.35099029541016,20.437734603881836,,,,,13a6f0e6-2a81-3a48-894d-49ed7823b858,Unknown
Giga,Wellspring Hanoi International School,Wellspring Hanoi International School,105.87429809570312,21.038738250732422,,,,,deaaf327-3f26-326f-a831-6da1341da0a5,Unknown
Giga,Westlink International School Hanoi (khối THCS),Westlink International School Hanoi (khối THCS),105.80211639404297,21.063596725463867,,,,,da96e8a5-3f36-3a9e-8c23-fb1afdcb3c04,Unknown
Giga,Xin Man High School,Xin Man High School,104.46472930908203,22.680376052856445,,,,,891e8a79-b345-3bb2-996e-fe64cb8ead3b,Secondary
Giga,Xin Man Secondary & High School,Xin Man Secondary & High School,104.4964828491211,22.737821578979492,,,,,a7f45bef-fb19-32a7-a343-8fba76ef82f1,Secondary
Giga,Xuan Dieu Junior High School,Xuan Dieu Junior High School,106.363525390625,10.358659744262695,,,,,30312139-e956-3225-ad91-db7d2438c069,Primary
Giga,Xuan Dinh High School,Xuan Dinh High School,105.79645538330078,21.072832107543945,,,,,82ab0fcd-4ad6-369a-bfa1-4a6538d27bfa,Secondary
Giga,Xuan Giang High School,Xuan Giang High School,105.89099884033203,21.243253707885742,,,,,4c33608b-22fa-3cfe-bd07-b5830afab747,Secondary
Giga,Xuan Giang High School,Xuan Giang High School,104.66757202148438,22.321365356445312,,,,,e8a3c908-1efe-3f8e-9d69-4560095c6ffc,Secondary
Giga,Xuan Khanh High School,Xuan Khanh High School,105.43931579589844,21.10763168334961,,,,,e52743df-017f-3636-820e-12a17f06e36c,Secondary
Giga,Xuân Lập Junior High School,Xuân Lập Junior High School,107.18392944335938,10.92652702331543,,,,,07d147b5-5b59-3648-8d44-9060491feb56,Primary
Giga,Xuan Mai High School,Xuan Mai High School,105.56889343261719,20.90009307861328,,,,,dc5a555e-2659-3415-865c-aa2c703e1bd6,Secondary
Giga,Xuan Phuong High School,Xuan Phuong High School,105.74765014648438,21.03211212158203,,,,,42e9f269-0c20-3ec4-b006-43a06dbcf588,Secondary
Giga,Xuyen Moc Junior High School,Xuyen Moc Junior High School,107.4223403930664,10.564401626586914,,,,,7c4b3c6b-5b5d-3807-91db-6621337f1ca7,Primary
Giga,Yen Lang High School,Yen Lang High School,105.66645050048828,21.177228927612305,,,,,e4f3d821-d5eb-30f1-90d7-15c5205d096e,Secondary
Giga,Yen Minh High School,Yen Minh High School,105.13603210449219,23.121219635009766,,,,,0a954539-ae96-3ce1-aa01-81dbc3f35d7d,Secondary
Giga,Yen Minh Town Secondary School,Yen Minh Town Secondary School,105.13626861572266,23.12154769897461,,,,,a44fe28b-14dd-3d22-b0ca-95afb475af94,Secondary
Giga,Yen Phong No 1 High School,Yen Phong No 1 High School,105.95510864257812,21.198335647583008,,,,,900dea3f-8c13-31db-93e5-b774488c6aa8,Secondary
Giga,Yen Thinh school 2,Yen Thinh school 2,104.91637420654297,21.730487823486328,,,,,7f49f769-db28-371f-b3d3-03edeb4ae71a,Unknown
Giga,Yen Thinh Secondary,Yen Thinh Secondary,104.92089080810547,21.72908592224121,,,,,3de173e9-6d4e-33c9-8d59-c1c0ad7abf2d,Secondary
Giga,ykk group,ykk group,106.94193267822266,10.706009864807129,,,,,666106bb-63c5-3d29-9d5f-a8560e556e3e,Unknown
