An,Judet PJ,Localitate PJ,Cod SIRUTA PJ,Mediu loc. PJ,Cod SIIIR PJ,Denumire PJ,Localitate unitate,Cod SIRUTA unitate,Mediu loc. unitate,Cod SIRUES,Cod SIIIR unitate,Denumire scurta unitate,Denumire lunga unitate,Tip unitate,Statut unitate,Cod fiscal,Mod functionare,Forma finantare,Forma proprietate,Strada,Numar,Cod postal,Telefon,Fax,Email
2025-2026,AB,ALBAC,2149,RURAL,0161103206,"LICEUL TEHNOLOGIC ""ȚARA MOȚILOR"" ALBAC",CIONEŞTI,2176,RURAL,,0162104035,S04 CIONEȘTI,ȘCOALA PRIMARĂ CIONEȘTI,Unitate de învățământ,AR,,Un schimb/zi,Buget,Publică de interes naţional şi local, Cionesti, 1,517008,0258700768,0258700768,lt.albac@isjalba.ro
2025-2026,AB,ALBAC,2149,RURAL,0161103206,"LICEUL TEHNOLOGIC ""ȚARA MOȚILOR"" ALBAC",DEALU LĂMĂŞOI,2194,RURAL,,0162104089,S04 DEALU LĂMĂȘOI,ȘCOALA PRIMARĂ DEALU LĂMĂȘOI,Unitate de învățământ,AR,,Un schimb/zi,Buget,Publică de interes naţional şi local, DEALU LĂMĂŞOI, 1,517011,0258700768,0258700768,lt.albac@isjalba.ro
2025-2026,AB,ALBAC,2149,RURAL,0161103206,"LICEUL TEHNOLOGIC ""ȚARA MOȚILOR"" ALBAC",DUPĂ PLEŞE,2210,RURAL,,0162104053,S04 DUPĂ PLEȘE,ȘCOALA PRIMARĂ DUPĂ PLEȘE,Unitate de învățământ,AR,,Un schimb/zi,Buget,Publică de interes naţional şi local, Dupa Plese, 1,517013,0258777109,0258777109,lt.albac@isjalba.ro
2025-2026,AB,ALMAŞU MARE,2318,RURAL,0161102829,ȘCOALA GIMNAZIALĂ ALMAȘU MARE,GLOD,2363,RURAL,,0162100266,S04 GLOD,ȘCOALA PRIMARĂ GLOD,Unitate de învățământ,AR,,Un schimb/zi,Buget,Publică de interes naţional şi local, Principala,75,517036,0258850115,0258850115,sc.almasu@isjalba.ro
2025-2026,AB,AVRAM IANCU,2586,RURAL,0161102603,"ȘCOALA GIMNAZIALĂ ""AVRAM IANCU"" AVRAM IANCU",TÂRSA,2853,RURAL,,0162104962,S04 TÂRSA,ȘCOALA PRIMARĂ TÂRSA,Unitate de învățământ,AR,,Un schimb/zi,Buget,Publică de interes naţional şi local,TARSA, 783,517085,0258786158,0258786158,sc.avramiancu@isjalba.ro
2025-2026,AB,BERGHIN,2997,RURAL,0161102752,ȘCOALA GIMNAZIALĂ BERGHIN,GHIRBOM,3002,RURAL,,0162103762,S04 GHIRBOM,ȘCOALA PRIMARĂ GHIRBOM,Unitate de învățământ,AR,,Un schimb/zi,Buget,Publică de interes naţional şi local,Principală,327,517111,0258854113,0258854113,sc.berghin@isjalba.ro
2025-2026,AB,BISTRA,3048,RURAL,0161103111,"ȘCOALA GIMNAZIALĂ ""NICODIM GANEA"" BISTRA",CIULDEŞTI,3100,RURAL,,0162104442,S04 CIULDEȘTI,ȘCOALA PRIMARĂ CIULDEȘTI,Unitate de învățământ,AR,,Un schimb/zi,Buget,Publică de interes naţional şi local,PRINCIPALA, 1,517115,0258773106,0258773106,sc.bistra@isjalba.ro
2025-2026,AB,BLAJ,1357,URBAN,0161102535,"ȘCOALA GIMNAZIALĂ ""TOMA COCIȘIU"" BLAJ",PETRISAT,1393,RURAL,,0162100682,S04 PETRISAT,ȘCOALA PRIMARĂ PETRISAT,Unitate de învățământ,AR,,Un schimb/zi,Buget,Publică de interes naţional şi local,PRINCIPALA,14,517405,0258712467,0258712467,sctc.blaj@isjalba.ro
2025-2026,AB,BLANDIANA,3404,RURAL,0161102788,ȘCOALA GIMNAZIALĂ BLANDIANA,ACMARIU,3413,RURAL,,0162104415,S04 ACMARIU,ȘCOALA PRIMARĂ ACMARIU,Unitate de învățământ,AR,,Un schimb/zi,Buget,Publică de interes naţional şi local,PRINCIPALĂ,173,517161,0258760708,0258760708,sc.blandiana@isjalba.ro
2025-2026,AB,BUCIUM,3468,RURAL,0161102354,"ȘCOALA GIMNAZIALĂ ""ION AGÂRBICEANU"" BUCIUM",BUCIUM-SAT,3495,RURAL,,0162105158,S04 BUCIUM SAT,ȘCOALA PRIMARĂ BUCIUM SAT,Unitate de învățământ,AR,,Un schimb/zi,Buget,Publică de interes naţional şi local, Principala,157,517168,0786404989,0258784103,sc.bucium@isjalba.ro
2025-2026,AB,BUCIUM,3468,RURAL,0161102354,"ȘCOALA GIMNAZIALĂ ""ION AGÂRBICEANU"" BUCIUM",POIENI,3663,RURAL,,0162105185,S04 POIENI,ȘCOALA PRIMARĂ BUCIUM POIENI,Unitate de învățământ,AR,,Un schimb/zi,Buget,Publică de interes naţional şi local,PRINCIPALA,601B,517189,0786404989,0258784103,sc.bucium@isjalba.ro
2025-2026,AB,CETATEA DE BALTĂ,3967,RURAL,0161103459,"ȘCOALA GIMNAZIALĂ ""ȘTEFAN CEL MARE"" CETATEA DE BALTĂ",TĂTÂRLAUA,3994,RURAL,,0162105488,S04 TĂTÂRLAUA,ȘCOALA PRIMARĂ TĂTÂRLAUA,Unitate de învățământ,AR,,Un schimb/zi,Buget,Publică de interes naţional şi local,PRINCIPALA,238,517238,0258886830,0258886830,sc.cetateadebalta@isjalba.ro
2025-2026,AB,CIURULEASA,4017,RURAL,0161102404,ȘCOALA GIMNAZIALĂ CIURULEASA,BUNINGINEA,4053,RURAL,,0162105131,S04 BUNINGINEA,ȘCOALA PRIMARĂ BUNINGINEA,Unitate de învățământ,AR,,Un schimb/zi,Buget,Publică de interes naţional şi local, Buninginea,1,517254,0744550945,0258782120,sc.ciuruleasa@isjalba.ro
2025-2026,AB,CUGIR,1703,URBAN,0161103355,"LICEUL TEHNOLOGIC ""ION D. LĂZĂRESCU"" CUGIR",MUGEŞTI,1767,RURAL,,0162100361,S04 MUGEȘTI,ȘCOALA PRIMARĂ MUGEȘTI,Unitate de învățământ,AR,,Un schimb/zi,Buget,Publică de interes naţional şi local,PRINCIPALA,1 ,515606,0258752287,0258752287,scip.cugir@isjalba.ro
2025-2026,AB,CÂLNIC,4115,RURAL,0161103025,ȘCOALA GIMNAZIALĂ CÂLNIC,DEAL,4133,RURAL,,0162100673,S04 DEAL,ȘCOALA PRIMARĂ DEAL,Unitate de învățământ,AR,,Un schimb/zi,Buget,Publică de interes naţional şi local,PRINCIPALA,132,517207,0258747116,0258747116,sc.cilnic@isjalba.ro
2025-2026,AB,CÂMPENI,1464,URBAN,0161102639,ȘCOALA GIMNAZIALĂ CÂMPENI,MIHOEŞTI,1598,RURAL,,0162101715,S04 MIHOEȘTI,ȘCOALA PRIMARĂ MIHOEȘTI,Unitate de învățământ,AR,,Un schimb/zi,Buget,Publică de interes naţional şi local,PRINCIPALA,1,517513,0258771560,0258771560,sc.cimpeni@isjalba.ro
2025-2026,AB,DOŞTAT,4277,RURAL,0161102517,ȘCOALA GIMNAZIALĂ DOȘTAT,BOZ,4286,RURAL,,0162105235,S04 BOZ,ȘCOALA PRIMARĂ BOZ,Unitate de învățământ,AR,,Un schimb/zi,Buget,Publică de interes naţional şi local, Principala,42,517276,0258769601,0258769601,sc.dostat@isjalba.ro
2025-2026,AB,DRAŞOV,7990,RURAL,0161105823,ȘCOALA GIMNAZIALĂ DRAȘOV,CUNŢA,7981,RURAL,,0162100379,S04 CUNȚA,ȘCOALA PRIMARĂ CUNȚA,Unitate de învățământ,AR,,Un schimb/zi,Buget,Publică de interes naţional şi local,PRINCIPALĂ,32,517768,0258764064,0258764064,sc.drasov@isjalba.ro
2025-2026,AB,DRAŞOV,7990,RURAL,0161105823,ȘCOALA GIMNAZIALĂ DRAȘOV,VINGARD,8005,RURAL,,0162100411,S04 VINGARD,ȘCOALA PRIMARĂ VINGARD,Unitate de învățământ,AR,,Un schimb/zi,Buget,Publică de interes naţional şi local, Principală,392,517771,0258766012,0258766012,sc.drasov@isjalba.ro
2025-2026,AB,DRAŞOV,7990,RURAL,0161105823,ȘCOALA GIMNAZIALĂ DRAȘOV,ŞPRING,7954,RURAL,307616,0162101068,S04 ȘPRING,ȘCOALA PRIMARĂ ȘPRING,Unitate de învățământ,AR,,Un schimb/zi,Buget,Publică de interes naţional şi local,PRINCIPALĂ,333,517765,0258765125,0258765065,sc.drasov@isjalba.ro
2025-2026,AB,FĂRĂU,4311,RURAL,0161102924,ȘCOALA GIMNAZIALĂ FĂRĂU,MEDVEŞ,4339,RURAL,,0162100809,S04 MEDVEȘ,ȘCOALA PRIMARĂ MEDVEȘ,Unitate de învățământ,AR,,Un schimb/zi,Buget,Publică de interes naţional şi local,PRINCIPALĂ,13,517282,0258867113,0258867113,sc.farau@isjalba.ro
2025-2026,AB,GALDA DE JOS,4375,RURAL,0161100067,"ȘCOALA GIMNAZIALĂ ""NICOLAE DRĂGAN"" GALDA DE JOS",OIEJDEA,4446,RURAL,,0162104207,S04 OIEJDEA,ȘCOALA PRIMARĂ OIEJDEA,Unitate de învățământ,AR,,Un schimb/zi,Buget,Publică de interes naţional şi local,PRINCIPALA,291,517293,0258846939,0258846939,sc.galda@isjalba.ro
2025-2026,AB,GÂRBOVA,4491,RURAL,0161102259,ȘCOALA GIMNAZIALĂ GÂRBOVA,CĂRPINIŞ,4507,RURAL,,0162105289,S04 CĂRPINIȘ,ȘCOALA PRIMARĂ CĂRPINIȘ,Unitate de învățământ,AR,,Un schimb/zi,Buget,Publică de interes naţional şi local,SCOLII,249,517306,0258748114,0258748114,sc.garbova@isjalba.ro
2025-2026,AB,GÂRDA DE SUS,4534,RURAL,0161103224,"ȘCOALA GIMNAZIALĂ ""EMIL RACOVIȚĂ "" GÂRDA DE SUS",OCOALE,4641,RURAL,,0162104112,S04 OCOALE,ȘCOALA PRIMARĂ OCOALE,Unitate de învățământ,AR,,Un schimb/zi,Buget,Publică de interes naţional şi local,PRINCIPALA,274,517323,0358402993,0258778123,sc.girda@isjalba.ro
2025-2026,AB,HOPÂRTA,4712,RURAL,0161102413,ȘCOALA GIMNAZIALĂ HOPÂRTA,SILIVAŞ,4721,RURAL,,0162100967,S04 SILIVAȘ,ȘCOALA PRIMARĂ SILIVAȘ,Unitate de învățământ,AR,,Un schimb/zi,Buget,Publică de interes naţional şi local,PRINCIPALA, 2,517336,0258875730,0258875730,sc.hopirta@isjalba.ro
2025-2026,AB,HOREA,4776,RURAL,0161102883,"ȘCOALA GIMNAZIALĂ ""HOREA"" HOREA",TRIFEŞTI,4909,RURAL,,0162101484,S04 „ ÎNV. VIOREL NEAG”TRIFEȘTI,ȘCOALA PRIMARĂ „ ÎNV. VIOREL NEAG” TRIFEȘTI,Unitate de învățământ,AR,,Un schimb/zi,Buget,Publică de interes naţional şi local,TRIFESTI,126,517536,0258701071,0258701071,sc.horea@isjalba.ro
2025-2026,AB,LUPŞA,5345,RURAL,0161102779,"ȘCOALA GIMNAZIALĂ ""DR.PETRU SPAN"" LUPȘA",MUŞCA,5461,RURAL,,0162104261,S04 MUȘCA,ȘCOALA PRIMARĂ MUȘCA,Unitate de învățământ,AR,,Un schimb/zi,Buget,Publică de interes naţional şi local,PRINCIPALA,80,517424,0258769107,0258769107,sc.lupsa@isjalba.ro
2025-2026,AB,METEŞ,5586,RURAL,0161102381,ȘCOALA GIMNAZIALĂ METEȘ,AMPOIŢA,5595,RURAL,306167,0162103622,S04 AMPOIȚA,ȘCOALA PRIMARĂ AMPOIȚA,Unitate de învățământ,AR,,Un schimb/zi,Buget,Publică de interes naţional şi local, STR.PRINCIPALA, 129,517446,0258849680,0258849680,sc.metes@isjalba.ro
2025-2026,AB,METEŞ,5586,RURAL,0161102381,ȘCOALA GIMNAZIALĂ METEȘ,TĂUŢI,5684,RURAL,,0162103631,S04 TĂUȚI,"ȘCOALA PRIMARĂ ""DIONISIE POPOVICIU"" TĂUȚI",Unitate de învățământ,AR,,Un schimb/zi,Buget,Publică de interes naţional şi local,PRINCIPALA, 143,517457,0258849801,0258849801,sc.metes@isjalba.ro
2025-2026,AB,MIRĂSLĂU,5764,RURAL,0161102743,ȘCOALA GIMNAZIALĂ MIRĂSLĂU,DECEA,5782,RURAL,,0162100922,S04 DECEA,ȘCOALA PRIMARĂ DECEA,Unitate de învățământ,AR,,Un schimb/zi,Buget,Publică de interes naţional şi local, Principala,18,517472,0258879042,0258879042,sc.miraslau@isjalba.ro
2025-2026,AB,OCNA MUREŞ,1801,URBAN,0161100049,LICEUL TEHNOLOGIC OCNA MUREȘ,UIOARA DE SUS,1829,RURAL,,0162101127,S04 UIOARA DE SUS,ȘCOALA PRIMARĂ UIOARA DE SUS,Unitate de învățământ,AR,,Un schimb/zi,Buget,Publică de interes naţional şi local,ZORILOR,1,515705,0258871141,0258871141,sc.ocna@isjalba.ro
2025-2026,AB,OCNA MUREŞ,1801,URBAN,0161102811,"LICEUL TEORETIC ""PETRU MAIOR"" OCNA MUREȘ",UIOARA DE JOS,1810,RURAL,,0162101932,S04 UIOARA DE JOS,ȘCOALA PRIMARĂ UIOARA DE JOS,Unitate de învățământ,AR,,Un schimb/zi,Buget,Publică de interes naţional şi local,ANDREI MUREŞANU,72,515704,0258870559,0258870559,teo.ocna@isjalba.ro
2025-2026,AB,OCNA MUREŞ,1801,URBAN,0161103509,"ȘCOALA GIMNAZIALĂ ""LUCIAN BLAGA"" OCNA MUREȘ",CISTEIU DE MUREŞ,1838,RURAL,,0162101109,S04 CISTEIU DE MUREȘ,ȘCOALA PRIMARĂ CISTEIU DE MUREȘ,Unitate de învățământ,AR,,Un schimb/zi,Buget,Publică de interes naţional şi local,Bazil Gruia,81,515701,0258871141,0258871141,sc.ocna@isjalba.ro
2025-2026,AB,OCNA MUREŞ,1801,URBAN,0161103509,"ȘCOALA GIMNAZIALĂ ""LUCIAN BLAGA"" OCNA MUREȘ",RĂZBOIENI-CETATE,1856,RURAL,,0162101118,S04 RĂZBOIENI,ȘCOALA PRIMARĂ RĂZBOIENI,Unitate de învățământ,AR,,Un schimb/zi,Buget,Publică de interes naţional şi local,Școlii,392,515703,0258871141,0258871141,sc.ocna@isjalba.ro
2025-2026,AB,PIANU DE SUS,6226,RURAL,0161102553,ȘCOALA GIMNAZIALĂ PIANU DE SUS,PURCĂREŢI,6253,RURAL,,0162100619,S04 PURCĂREȚI,"ȘCOALA PRIMARĂ ""GHEORGHE PAVELESCU"" PURCĂREȚI",Unitate de învățământ,AR,,Un schimb/zi,Buget,Publică de interes naţional şi local,PRINCIPALA,34,517539,0258761113,0258761113,sc.pianu@isjalba.ro
2025-2026,AB,POIANA VADULUI,6280,RURAL,0161102996,"ȘCOALA GIMNAZIALĂ ""PROF. UNIV. DR. GHEORGHE BELEIU"" POIANA VADULUI",COSTEŞTI,6299,RURAL,,0162103952,S04 COSTEȘTI,ȘCOALA PRIMARĂ COSTEȘTI,Unitate de învățământ,AR,,Un schimb/zi,Buget,Publică de interes naţional şi local, Principala,1,517546,0258785679,0258785679,sc.poianavadului@isjalba.ro
2025-2026,AB,POIANA VADULUI,6280,RURAL,0161102996,"ȘCOALA GIMNAZIALĂ ""PROF. UNIV. DR. GHEORGHE BELEIU"" POIANA VADULUI",FĂGETU DE SUS,6324,RURAL,,0162103934,S04 FĂGETU DE SUS,ȘCOALA PRIMARĂ FĂGETU DE SUS,Unitate de învățământ,AR,,Un schimb/zi,Buget,Publică de interes naţional şi local, Făgetu de Sus,1,517549,0768934559,0258785679,sc.poianavadului@isjalba.ro
2025-2026,AB,ROŞIA DE SECAŞ,6949,RURAL,0161102684,ȘCOALA GIMNAZIALĂ ROȘIA DE SECAȘ,TĂU,6958,RURAL,,0162103518,S04 TĂU,ȘCOALA PRIMARĂ TĂU,Unitate de învățământ,AR,,Un schimb/zi,Buget,Publică de interes naţional şi local,ŞCOLII, 1,517641,0258716865,0258765715,sc.rosiadesecas@isjalba.ro
2025-2026,AB,ROŞIA DE SECAŞ,6949,RURAL,0161102684,ȘCOALA GIMNAZIALĂ ROȘIA DE SECAȘ,UNGUREI,6967,RURAL,,0162103545,S04 UNGUREI,ȘCOALA PRIMARĂ UNGUREI,Unitate de învățământ,AR,,Un schimb/zi,Buget,Publică de interes naţional şi local,PRINCIPALĂ, 1,517642,0371153070,0258765715,sc.rosiadesecas@isjalba.ro
2025-2026,AB,ROŞIA MONTANĂ,6770,RURAL,0161102598,"ȘCOALA GIMNAZIALĂ ""SIMION BALINT"" ROȘIA MONTANĂ",GURA ROŞIEI,6878,RURAL,,0162105099,S04 GURA ROȘIEI,ȘCOALA PRIMARĂ GURA ROȘIEI,Unitate de învățământ,AR,,Un schimb/zi,Buget,Publică de interes naţional şi local, Principală,1,517627,0258783113,0258783113,sc.rosiamontana@isjalba.ro
2025-2026,AB,RÂMETEA,6609,RURAL,0161102494,"ȘCOALA GIMNAZIALĂ ""SEBEȘ PAL"" RIMETEA",COLŢEŞTI,6618,RURAL,,0162100881,S04 COLȚEȘTI,ȘCOALA PRIMARĂ COLȚEȘTI,Unitate de învățământ,AR,,Un schimb/zi,Buget,Publică de interes naţional şi local, Principală,216,517611,0258701554,0258701554,sc.rimetea@isjalba.ro
2025-2026,AB,SCĂRIŞOARA,7204,RURAL,0161103007,ȘCOALA GIMNAZIALĂ SCĂRIȘOARA,NEGEŞTI,7286,RURAL,,0162103925,S04 NEGEȘTI,ȘCOALA PRIMARĂ NEGEȘTI,Unitate de învățământ,AR,,Un schimb/zi,Buget,Publică de interes naţional şi local,PRINCIPALA, 561,517689,0258777529,0258777529,sc.scarisoara@isjalba.ro
2025-2026,AB,SOHODOL,7455,RURAL,0161102978,ȘCOALA GIMNAZIALĂ SOHODOL,LUMINEŞTI,7598,RURAL,,0162101439,S04 LUMINEȘTI,ȘCOALA PRIMARĂ LUMINEȘTI,Unitate de învățământ,AR,,Un schimb/zi,Buget,Publică de interes naţional şi local, Principală,1,517717,0258787226,0258787226,sc.sohodol@isjalba.ro
2025-2026,AB,SĂLIŞTEA,7053,RURAL,0161103441,"ȘCOALA GIMNAZIALĂ ""DAVID PRODAN"" SĂLIȘTEA",TĂRTĂRIA,7080,RURAL,,0162103726,S04 TĂRTĂRIA,ȘCOALA PRIMARĂ TĂRTĂRIA,Unitate de învățământ,AR,,Un schimb/zi,Buget,Publică de interes naţional şi local,PRINCIPALA, 34,517658,0258762138,0258762138,sc.salistea@isjalba.ro
2025-2026,AB,SĂSCIORI,7106,RURAL,0161102657,ȘCOALA GIMNAZIALĂ SĂSCIORI,CĂPÂLNA,7115,RURAL,,0162100515,S04 CĂPÂLNA,ȘCOALA PRIMARĂ CĂPÂLNA,Unitate de învățământ,AR,,Un schimb/zi,Buget,Publică de interes naţional şi local, Principala,12,517661,0258741213,0258741213,sc.sasciori@isjalba.ro
2025-2026,AB,SĂSCIORI,7106,RURAL,0161102657,ȘCOALA GIMNAZIALĂ SĂSCIORI,SEBEŞEL,7179,RURAL,,0162100483,S04 SEBEȘEL,"ȘCOALA PRIMARĂ ""DUVLEA-ZDRENGHEA"" SEBEȘEL",Unitate de învățământ,AR,,Un schimb/zi,Buget,Publică de interes naţional şi local,PRINCIPALA, 262A,517668,0258700164,0258700164,sc.sasciori@isjalba.ro
2025-2026,AB,SĂSCIORI,7106,RURAL,0161102657,ȘCOALA GIMNAZIALĂ SĂSCIORI,TONEA,7188,RURAL,,0162100533,S04 TONEA,ȘCOALA PRIMARĂ TONEA,Unitate de învățământ,AR,,Un schimb/zi,Buget,Publică de interes naţional şi local, Principala,86,517669,0258741213,0258741213,sc.sasciori@isjalba.ro
2025-2026,AB,TEIUŞ,8103,URBAN,0161102544,LICEUL TEORETIC TEIUȘ,CĂPUD,8121,RURAL,,0162101222,S04 CĂPUD,ȘCOALA PRIMARĂ CĂPUD,Unitate de învățământ,AR,,Un schimb/zi,Buget,Publică de interes naţional şi local, Principala,1,515902,0258851157,0258851175,lt.teius@isjalba.ro
2025-2026,AB,UNIREA,8167,RURAL,0161102336,"ȘCOALA GIMNAZIALĂ ""AVRAM IANCU "" UNIREA",DUMBRAVA,8194,RURAL,,0162105384,S04 DUMBRAVA,ȘCOALA PRIMARĂ DUMBRAVA,Unitate de învățământ,AR,,Un schimb/zi,Buget,Publică de interes naţional şi local,PRINCIPALĂ, 12,517788,0258876108,0258876108,ai.unirea@isjalba.ro
2025-2026,AB,VIDRA,8434,RURAL,0161103432,ȘCOALA GIMNAZIALĂ VIDRA,VÂRTĂNEŞTI,8817,RURAL,,0162101403,S04 VÂRTĂNEȘTI,ȘCOALA PRIMARĂ VÂRTĂNEȘTI,Unitate de învățământ,AR,,Un schimb/zi,Buget,Publică de interes naţional şi local,PRINCIPALĂ,1,517861,0258786583,0258786583,sc.vidra@isjalba.ro
2025-2026,AB,VINŢU DE JOS,8835,RURAL,0161103382,"ȘCOALA GIMNAZIALĂ ""IULIU MANIU"" VINȚU DE JOS",VALEA VINŢULUI,8997,RURAL,,0162100307,S04 VALEA VINȚULUI,ȘCOALA PRIMARĂ VALEA VINȚULUI,Unitate de învățământ,AR,,Un schimb/zi,Buget,Publică de interes naţional şi local, PRINCIPALA,117,517893,0258739118,0258739118,sc.vintu@isjalba.ro
2025-2026,AB,VINŢU DE JOS,8835,RURAL,0161103382,"ȘCOALA GIMNAZIALĂ ""IULIU MANIU"" VINȚU DE JOS",VURPĂR,9002,RURAL,,0162100316,S04 VURPĂR,ȘCOALA PRIMARĂ VURPĂR,Unitate de învățământ,AR,,Un schimb/zi,Buget,Publică de interes naţional şi local,VURPAR,105,517896,0258739118,0258739118,sc.vintu@isjalba.ro
2025-2026,AB,ZLATNA,1945,URBAN,0161102797,"LICEUL ""CORNELIU MEDREA"" ZLATNA",PIRITA,2041,RURAL,,0162101959,S04 PIRITA,ȘCOALA PRIMARĂ PIRITA,Unitate de învățământ,AR,,Un schimb/zi,Buget,Publică de interes naţional şi local,PRINCIPALĂ,44,516111,0258856521,0258856521,lic.zlatna@isjalba.ro
2025-2026,AB,ZLATNA,1945,URBAN,0161102797,"LICEUL ""CORNELIU MEDREA"" ZLATNA",VALEA MICĂ,2112,RURAL,,0162101629,S04 VALEA MICĂ,ȘCOALA PRIMARĂ VALEA MICĂ,Unitate de învățământ,AR,,Un schimb/zi,Buget,Publică de interes naţional şi local,PRINCIPALĂ,96,516117,0258856509,0258856509,lic.zlatna@isjalba.ro
2025-2026,AB,ŞUGAG,8023,RURAL,0161102648,ȘCOALA GIMNAZIALĂ ȘUGAG,MĂRTINIE,8078,RURAL,,0162104998,S04 MĂRTINIE,ȘCOALA PRIMARĂ MĂRTINIE,Unitate de învățământ,AR,,Un schimb/zi,Buget,Publică de interes naţional şi local,Obrejii,32,517781,0258746105,0258746105,sc.sugag@isjalba.ro
2025-2026,AG,ALBEŞTII PAMÂNTENI,13828,RURAL,0361104846,ȘCOALA GIMNAZIALĂ ALBEȘTII DE ARGEȘ,ALBEŞTII UNGURENI,13837,RURAL,,0362101273,ȘC.PRIM. UNGURENI,ȘCOALA PRIMARĂ UNGURENI,Unitate de învățământ,AR,,Două schimburi/zi,Buget,Publică de interes naţional şi local,Ungureni,FN ,117006,0248735076,0248735105,scoalaalbestiidearges@yahoo.com
2025-2026,AG,ALBEŞTII PAMÂNTENI,13828,RURAL,0361104846,ȘCOALA GIMNAZIALĂ ALBEȘTII DE ARGEȘ,BRĂTEŞTI,13846,RURAL,,0362106034,ȘC.PRIM. BRĂTEȘTI,ȘCOALA PRIMARĂ BRĂTEȘTI,Unitate de învățământ,AR,,Un schimb/zi,Buget,Publică de interes naţional şi local,Brătești,3,117007,0248735285,0248735105,scoalaalbestiidearges@yahoo.com
2025-2026,AG,ALBEŞTII PAMÂNTENI,13828,RURAL,0361104846,ȘCOALA GIMNAZIALĂ ALBEȘTII DE ARGEȘ,DUMIREŞTI,13873,RURAL,,0362101264,ȘC.PRIM. DUMIREȘTI,ȘCOALA PRIMARĂ DUMIREȘTI,Unitate de învățământ,AR,,Două schimburi/zi,Buget,Publică de interes naţional şi local,Dumirești,FN,117011,0248735105,0248735105,scoalaalbestiidearges@yahoo.com
2025-2026,AG,AREFU,14067,RURAL,0361104353,"ȘCOALA GIMNAZIALĂ ""GEORGE STEPHĂNESCU"" AREFU",AREFU,14067,RURAL,,0362101291,ȘC. PRIM. GHE. BĂDESCU AREFU,"ȘCOALA PRIMARĂ ""GHEORGHE BĂDESCU"" AREFU",Unitate de învățământ,AR,,Un schimb/zi,Buget,Publică de interes naţional şi local,Arefu,FN ,117040,0248730292,0248730163,scoalacapataneni@yahoo.com
2025-2026,AG,BEREVOEŞTI,14414,RURAL,0361103664,"ȘCOALA GIMNAZIALĂ ""MIHAI TICAN RUMANO"" BEREVOEȘTI",BEREVOEŞTI,14414,RURAL,,0362101074,ȘC.PRIM. UNGURENI,ȘCOALA PRIMARĂ UNGURENI,Unitate de învățământ,AR,,Două schimburi/zi,Buget,Publică de interes naţional şi local,Stadionului,190 ,117115,0248572013,0248572013,scoalaberevoesti@yahoo.com
2025-2026,AG,BEREVOEŞTI,14414,RURAL,0361103664,"ȘCOALA GIMNAZIALĂ ""MIHAI TICAN RUMANO"" BEREVOEȘTI",GĂMĂCEŞTI,14432,RURAL,,0362101065,ȘC.PRIM. GĂMĂCEȘTI,ȘCOALA PRIMARĂ GĂMĂCEȘTI,Unitate de învățământ,AR,,Două schimburi/zi,Buget,Publică de interes naţional şi local,Gămăcești,30,117115,0248572013,0248572013,scoalaberevoesti@yahoo.com
2025-2026,AG,BOGAŢI,14593,RURAL,0361104796,"ȘCOALA GIMNAZIALĂ ""RADU CEL MARE"" BOGAȚI",SUSENI,14664,RURAL,,0362100991,ȘC.PRIM. SUSENI,ȘCOALA PRIMARĂ SUSENI,Unitate de învățământ,AR,,Un schimb/zi,Buget,Publică de interes naţional şi local,Suseni,FN ,117120,0248655005,0248655172,scoala_bogati@yahoo.com
2025-2026,AG,BRADU,13285,RURAL,0361103533,"ȘCOALA GIMNAZIALĂ ""MIHAI EMINESCU"" BRADU",BRADU,13285,RURAL,,0362100792,ȘC.PRIM. MIHAI EMINESCU BRADU,"ȘCOALA PRIMARĂ ""MIHAI EMINESCU"" BRADU",Unitate de învățământ,AR,,Un schimb/zi,Buget,Publică de interes naţional şi local,Buna Vestire,73,117141,0248279308,0248279308,scoala1bradu@yahoo.com
2025-2026,AG,BUGHEA DE JOS,14931,RURAL,0361103465,ȘCOALA GIMNAZIALĂ NR. 1 BUGHEA DE JOS,BUGHEA DE JOS,14931,RURAL,,0362100887,ȘC.PRIM. VALEA MĂCELARULUI,ȘCOALA PRIMARĂ VALEA MĂCELARULUI,Unitate de învățământ,AR,,Două schimburi/zi,Buget,Publică de interes naţional şi local,Pietrării,8,117165,0248536380,0248536380,scoalabugheadejos@gmail.com
2025-2026,AG,BUGHEA DE SUS,13908,RURAL,0361103411,ȘCOALA GIMNAZIALĂ NR. 1 BUGHEA DE SUS,BUGHEA DE SUS,13908,RURAL,,0362100878,ȘC.PRIM. BUGHIȚA,ȘCOALA PRIMARĂ BUGHIȚA,Unitate de învățământ,AR,,Două schimburi/zi,Buget,Publică de interes naţional şi local,Bughița,FN,117027,0248555010,0248555010,scoalabugheadesus@yahoo.com
2025-2026,AG,BĂBANA,14094,RURAL,0361104561,ȘCOALA GIMNAZIALĂ BĂBANA,SLĂATIOARELE,14156,RURAL,,0362101196,ȘC.PRIM. SLĂTIOARELE,ȘCOALA PRIMARĂ SLĂTIOARELE,Unitate de învățământ,AR,,Un schimb/zi,Buget,Publică de interes naţional şi local,Slătioarele,66 ,117062,0248767201,0248767075,scoala.babana@yahoo.com
2025-2026,AG,BĂICULEŞTI,14174,RURAL,0361104181,ȘCOALA GIMNAZIALĂ BĂICULEȘTI,ANGHINEŞTI,14192,RURAL,,0362101151,ȘC.PRIM. ANGHINEȘTI,ȘCOALA PRIMARĂ ANGHINEȘTI,Unitate de învățământ,AR,,Un schimb/zi,Buget,Publică de interes naţional şi local,Anghinești,21 ,117067,0248760366,0248760366,scoala_baiculesti@yahoo.com
2025-2026,AG,BĂICULEŞTI,14174,RURAL,0361104181,ȘCOALA GIMNAZIALĂ BĂICULEȘTI,MĂNICEŞTI,14218,RURAL,,0362101115,ȘC.PRIM. MĂNICEȘTI,ȘCOALA PRIMARĂ MĂNICEȘTI,Unitate de învățământ,AR,,Un schimb/zi,Buget,Publică de interes naţional şi local,Mânicești,FN,117069,0248760366,0248760366,scoala_baiculesti@yahoo.com
2025-2026,AG,BĂICULEŞTI,14174,RURAL,0361104181,ȘCOALA GIMNAZIALĂ BĂICULEȘTI,VALEA BRAZILOR,14245,RURAL,,0362101169,ȘC.PRIM. VALEA BRAZILOR,ȘCOALA PRIMARĂ VALEA BRAZILOR,Unitate de învățământ,AR,,Două schimburi/zi,Buget,Publică de interes naţional şi local,Valea Brazilor,216,117073,0248762049,0248760366,scoala_baiculesti@yahoo.com
2025-2026,AG,BĂLILEŞTI,14281,RURAL,0361103655,ȘCOALA GIMNAZIALĂ BĂLILEȘTI,BĂJEŞTI,14290,RURAL,,0362105309,ȘC.PRIM. BĂJEȘTI,ȘCOALA PRIMARĂ BĂJEȘTI,Unitate de învățământ,AR,,Un schimb/zi,Buget,Publică de interes naţional şi local,Școlii,189  ,117081,0248562303,0248562110,scoalabalilesti@yahoo.com
2025-2026,AG,BĂLILEŞTI,14281,RURAL,0361103655,ȘCOALA GIMNAZIALĂ BĂLILEȘTI,GOLEŞTI,14307,RURAL, ,0362101106,ȘC.PRIM. GOLEȘTI-PRIBOAIA,ȘCOALA PRIMARĂ GOLEȘTI-PRIBOAIA,Unitate de învățământ,AR,,Un schimb/zi,Buget,Publică de interes naţional şi local,Grădiniței,139 ,117080,0248562282,0248562110,scoalabalilesti@yahoo.com
2025-2026,AG,BĂNĂREŞTI,18607,RURAL,0361103818,"ȘCOALA GIMNAZIALĂ ""DUMITRU UDRESCU"" SĂPATA",GĂINUŞA,18634,RURAL,,0362106509,ȘC.PRIM. ALEXANDRU A. GUȚĂ,"ȘCOALA PRIMARĂ ""ALEXANDRU A. GUȚĂ""",Unitate de învățământ,AR,,Un schimb/zi,Buget,Publică de interes naţional şi local,Găinușa,27,117644,0248617492,0248617267,scoalasapata@yahoo.com
2025-2026,AG,CEPARII PĂMÂNTENI,15322,RURAL,0361104882,"ȘCOALA GIMNAZIALĂ ""NICOLAE VELEA"" CEPARI",CEPARII UNGURENI,15340,RURAL,,0362100548,ȘC.PRIM. NR.2 CEPARII UNGURENI,ȘCOALA PRIMARĂ NR. 2 CEPARII UNGURENI,Unitate de învățământ,AR,,Un schimb/zi,Buget,Publică de interes naţional şi local,Cepari Ungureni,FN ,172233,0248545121,0248545133,scoalacepari@gmail.com
2025-2026,AG,CEPARII PĂMÂNTENI,15322,RURAL,0361104882,"ȘCOALA GIMNAZIALĂ ""NICOLAE VELEA"" CEPARI",CĂRPENIŞ,15331,RURAL,,0362100557,ȘC.PRIM. NR.1 CĂRPENIȘ,ȘCOALA PRIMARĂ NR. 1 CĂRPENIȘ,Unitate de învățământ,AR,,Un schimb/zi,Buget,Publică de interes naţional şi local,Cărpeniș,36A,117237,0248545164,0248545164,scoalacepari@gmail.com
2025-2026,AG,CETĂŢENI,15411,RURAL,0361104362,ȘCOALA GIMNAZIALĂ NR. 1 CETĂȚENI,VALEA CETĂŢUIA,15439,RURAL,,0362106111,ȘC.PRIM. NR.2 VALEA CETĂȚUII,ȘCOALA PRIMARĂ NR. 2 VALEA CETĂȚUII,Unitate de învățământ,AR,,Un schimb/zi,Buget,Publică de interes naţional şi local,Speranței,7,117240,0248544076,0248544166,scoala_cetateni@yahoo.com
2025-2026,AG,CORBENI,15750,RURAL,0361103845,ȘCOALA GIMNAZIALĂ NR. 1 CORBENI,OEŞTII PAMÂNTENI,15787,RURAL,,0362105906,ȘC.PRIM. OEȘTII PĂMÂNTENI,ȘCOALA PRIMARĂ OEȘTII PĂMÂNTENI,Unitate de învățământ,AR,,Un schimb/zi,Buget,Publică de interes naţional şi local,Oeștii Pământeni,FN,117278,0248730215,0248730238,scoalacorbeni@gmail.com
2025-2026,AG,CORBI,15849,RURAL,0361103334,"ȘCOALA GIMNAZIALĂ ""NAUM RÂMNICEANU"" CORBI",CORBŞORI,15858,RURAL,,0362100417,ȘC.PRIM. CORBȘORI,ȘCOALA PRIMARĂ CORBȘORI,Unitate de învățământ,AR,,Un schimb/zi,Buget,Publică de interes naţional şi local,Negru Vodă,58,117286,0248580010,0248580010,scoala.corbi@yahoo.com
2025-2026,AG,CUCA,16141,RURAL,0361104032,"ȘCOALA GIMNAZIALĂ ""MIRCEA GHIȚULESCU"" CUCA",CÂRCEŞTI,16178,RURAL,,0362100313,ȘC.PRIM. CÎRCEȘTI,ȘCOALA PRIMARĂ CÎRCEȘTI,Unitate de învățământ,AR,,Un schimb/zi,Buget,Publică de interes naţional şi local,Cîrcești,10 ,117333,0374036880,0248241021,cuca.scoalacuca@yahoo.com
2025-2026,AG,CUCA,16141,RURAL,0361104032,"ȘCOALA GIMNAZIALĂ ""MIRCEA GHIȚULESCU"" CUCA",LĂUNELE DE SUS,16203,RURAL,,0362100304,ȘC.PRIM. LĂUNE,ȘCOALA PRIMARĂ LĂUNE,Unitate de învățământ,AR,,Un schimb/zi,Buget,Publică de interes naţional şi local,Teodorești, 1,117337,0374036880,0248241021,cuca.scoalacuca@yahoo.com
2025-2026,AG,CUCA,16141,RURAL,0361104032,"ȘCOALA GIMNAZIALĂ ""MIRCEA GHIȚULESCU"" CUCA",MĂCĂI,16212,RURAL,,0362100299,ȘC.PRIM. MĂCĂI,ȘCOALA PRIMARĂ MĂCĂI,Unitate de învățământ,AR,,Un schimb/zi,Buget,Publică de interes naţional şi local,Măcăi,FN,117338,0374036880,0248241021,cuca.scoalacuca@yahoo.com
2025-2026,AG,CÂMPULUNG,13506,URBAN,0361100082,"ȘCOALA GIMNAZIALĂ ""C.D. ARICESCU"" CÂMPULUNG",CÂMPULUNG,13506,URBAN,,0362101653,ȘC.PRIM. GRĂDIȘTE,ȘCOALA PRIMARĂ GRĂDIȘTE,Unitate de învățământ,AR,,Un schimb/zi,Buget,Publică de interes naţional şi local,Șoseaua Națională,150,115100,0248511030,0248511030,sc.2campulung@yahoo.com
2025-2026,AG,CĂTEASCA,15242,RURAL,0361100575,ȘCOALA GIMNAZIALĂ CĂTEASCA,CĂTEASCA,15242,RURAL,,0362100566,ȘC.PRIM. RECEA,ȘCOALA PRIMARĂ RECEA,Unitate de învățământ,AR,,Un schimb/zi,Buget,Publică de interes naţional şi local,Principală,FN,117620,0248662022,0248662022,scgruiu@yahoo.com
2025-2026,AG,DAVIDEŞTI,16294,RURAL,0361104959,ȘCOALA GIMNAZIALĂ DAVIDEȘTI,DAVIDEŞTI,16294,RURAL,,0362100738,ȘC.PRIM. OLTEANCA,ȘCOALA PRIMARĂ OLTEANCA,Unitate de învățământ,AR,,Un schimb/zi,Buget,Publică de interes naţional şi local,Conțești,FN,117351,0248298050,0248298050,scoaladavidesti@yahoo.com
2025-2026,AG,DOBREŞTI,16436,RURAL,0361104294,ȘCOALA GIMNAZIALĂ DOBREȘTI,DOBREŞTI,16436,RURAL,,0362105214,ȘC.PRIM. FUREȘTI,ȘCOALA PRIMARĂ FUREȘTI,Unitate de învățământ,AR,,Un schimb/zi,Buget,Publică de interes naţional şi local,Principală,57,117365,0248657599,0248657599,scoala.dobresti@yahoo.com
2025-2026,AG,DRAGOSLAVELE,16481,RURAL,0361104914,"ȘCOALA GIMNAZIALĂ ""IOSIF CATRINESCU"" DRAGOSLAVELE",VALEA HOTARULUI,16490,RURAL,,0362103221,ȘC.PRIM. VALEA HOTARULUI,ȘCOALA PRIMARĂ VALEA HOTARULUI,Unitate de învățământ,AR,,Două schimburi/zi,Buget,Publică de interes naţional şi local,Tîrgoviștei,91,117375,0248544423,0248544423,scoala_dragoslavele@yahoo.com
2025-2026,AG,DÂRMĂNEŞTI,16374,RURAL,0361104597,ȘCOALA GIMNAZIALĂ DÎRMĂNEȘTI,PISCANI,16392,RURAL,,0362105223,ȘC.PRIM. PISCANI,ȘCOALA PRIMARĂ PISCANI,Unitate de învățământ,AR,,Un schimb/zi,Buget,Publică de interes naţional şi local,Principală,FN,117362,0248232320,0248232320,scoaladarmanestiag@yahoo.com
2025-2026,AG,HÂRTIEŞTI,16668,RURAL,0361104258,ȘCOALA GIMNAZIALĂ NR. 1 HÎRTIEȘTI,LESPEZI,16702,RURAL,,0362103189,ȘC.PRIM. LESPEZI,ȘCOALA PRIMARĂ LESPEZI,Unitate de învățământ,AR,,Un schimb/zi,Buget,Publică de interes naţional şi local,Principală,105B,117399,0248297003,0248297003,scoalahartiestii@yahoo.com
2025-2026,AG,HÂRTIEŞTI,16668,RURAL,0361104258,ȘCOALA GIMNAZIALĂ NR. 1 HÎRTIEȘTI,LUCIENI,16711,RURAL,,0362103171,ȘC.PRIM. LUCIENI,ȘCOALA PRIMARĂ LUCIENI,Unitate de învățământ,AR,,Un schimb/zi,Buget,Publică de interes naţional şi local,Principală,135,117401,0248297003,0248297003,scoalahartiestii@yahoo.com
2025-2026,AG,LEICEŞTI,15947,RURAL,0361104041,"ȘCOALA GIMNAZIALĂ ""IORDACHE PĂCESCU"" COȘEȘTI",JUPÂNEŞTI,15929,RURAL,,0362100385,ȘC.PRIM. JUPÂNEȘTI,ȘCOALA PRIMARĂ JUPÂNEȘTI,Unitate de învățământ,AR,,Un schimb/zi,Buget,Publică de interes naţional şi local,Jupânești,FN,117296,0248230004,0248230004,scoalaleicesti@yahoo.com
2025-2026,AG,LEREŞTI,16917,RURAL,0361104077,ȘCOALA GIMNAZIALĂ NR. 1 LEREȘTI,POJORÂTA,16926,RURAL,,0362106147,ȘC.PRIM. POJORÂTA,ȘCOALA PRIMARĂ POJORÂTA,Unitate de învățământ,AR,,Un schimb/zi,Buget,Publică de interes naţional şi local,General Vasile Milea,FN,117431,0248549205,0248549205,scoalaleresti@yahoo.com
2025-2026,AG,MERIŞANI,17110,RURAL,0361103958,ȘCOALA GIMNAZIALĂ MERIȘANI,DOBROGOSTEA,17165,RURAL,,0362103067,ȘC.PRIM. DOBROGOSTEA,ȘCOALA PRIMARĂ DOBROGOSTEA,Unitate de învățământ,AR,,Un schimb/zi,Buget,Publică de interes naţional şi local,Dobrogostea,FN,117461,0248763296,0248763208,scoala.merisani@yahoo.com
2025-2026,AG,MERIŞANI,17110,RURAL,0361103958,ȘCOALA GIMNAZIALĂ MERIȘANI,MALU VÂNĂT,17174,RURAL,,0362103049,ȘC.PRIM. MALU VÂNĂT,ȘCOALA PRIMARĂ MALU VÂNĂT,Unitate de învățământ,AR,,Un schimb/zi,Buget,Publică de interes naţional şi local,Malu Vânăt,FN,117462,0248763306,0248763208,scoala.merisani@yahoo.com
2025-2026,AG,MICEŞTI,17218,RURAL,0361104665,ȘCOALA GIMNAZIALĂ NR. 1 MICEȘTI,PĂULEASCA,17236,RURAL,,0362103031,ȘC.PRIM. NR.1 PĂULEASCA,ȘCOALA PRIMARĂ NR. 1 PĂULEASCA,Unitate de învățământ,AR,,Două schimburi/zi,Buget,Publică de interes naţional şi local,Păuleasca,FN,117465,0248234013,0248234013,scoalamicesti@yahoo.com
2025-2026,AG,MICEŞTI,17218,RURAL,0361104665,ȘCOALA GIMNAZIALĂ NR. 1 MICEȘTI,PĂULEASCA,17236,RURAL,,0362103004,ȘC.PRIM. NR.2 PĂULEASCA,ȘCOALA PRIMARĂ NR. 2 PĂULEASCA,Unitate de învățământ,AR,,Două schimburi/zi,Buget,Publică de interes naţional şi local,Păuleasca,103,117447,0248234013,0248234013,scoalamicesti@yahoo.com
2025-2026,AG,MIHĂEŞTI,17263,RURAL,0361104674,"ȘCOALA GIMNAZIALĂ ""ION IORGULESCU"" MIHĂEȘTI",FURNICOŞI,17281,RURAL,,0362102948,ȘC.PRIM. FURNICOȘI,ȘCOALA PRIMARĂ FURNICOȘI,Unitate de învățământ,AR,,Un schimb/zi,Buget,Publică de interes naţional şi local,Furnicoși,244 ,117470,0248560040,0248560040,scoala_mihaesti@yahoo.com
2025-2026,AG,MIHĂEŞTI,17263,RURAL,0361104674,"ȘCOALA GIMNAZIALĂ ""ION IORGULESCU"" MIHĂEȘTI",RUDENI,17290,RURAL,,0362102993,ȘC.PRIM. LIMPEDEA,ȘCOALA PRIMARĂ LIMPEDEA,Unitate de învățământ,AR,,Un schimb/zi,Buget,Publică de interes naţional şi local,Ulița Rudeni,80A ,117473,0248560075,0248560075,scoala_mihaesti@yahoo.com
2025-2026,AG,MĂLURENI,17058,RURAL,0361104656,"ȘCOALA GIMNAZIALĂ ""PETRE TUDOSE"" MĂLURENI",BUNEŞTI,17067,RURAL,,0362103085,ȘC.PRIM. BUNEŞTI,ȘCOALA PRIMARĂ BUNEȘTI,Unitate de învățământ,AR,,Un schimb/zi,Buget,Publică de interes naţional şi local,Bunești,29,117446,0248765132,0248765132,scoalamalureni@yahoo.com
2025-2026,AG,MĂLURENI,17058,RURAL,0361104656,"ȘCOALA GIMNAZIALĂ ""PETRE TUDOSE"" MĂLURENI",MĂLURENI,17058,RURAL,,0362105693,ȘC.PRIM. MĂLURENI,ȘCOALA PRIMARĂ MĂLURENI,Unitate de învățământ,AR,,Un schimb/zi,Buget,Publică de interes naţional şi local,Mălureni,351,117449,0248765132,0248765132,scoalamalureni@yahoo.com
2025-2026,AG,NEGRAŞI,17735,RURAL,0361104543,"ȘCOALA GIMNAZIALĂ ""PETRE BADEA"" NEGRAȘI",BÂRLOGU,17744,RURAL,,0362105413,ȘC.PRIM. BÎRLOGU,ȘCOALA PRIMARĂ BÎRLOGU,Unitate de învățământ,AR,,Un schimb/zi,Buget,Publică de interes naţional şi local,Principală,130,117536,0248687172,0248687612,scoalanegrasi@yahoo.com
2025-2026,AG,NEGREŞTI,14398,RURAL,0361103795,ȘCOALA GIMNAZIALĂ BELEȚI-NEGREȘTI,LENŢEA,14389,RURAL,,0362101083,ȘC.PRIM. LENȚEA,ȘCOALA PRIMARĂ LENȚEA,Unitate de învățământ,AR,,Un schimb/zi,Buget,Publică de interes naţional şi local,Principală,14,117110,0248657229,0248657229,scoala_beleti@yahoo.com
2025-2026,AG,NUCŞOARA,17780,RURAL,0361104267,"ȘCOALA GIMNAZIALĂ ""TOMA ARNĂUȚOIU"" NUCȘOARA",SBOGHIŢEŞTI,17806,RURAL,,0362102749,ȘC.PRIM. ALEXANDRU MOLDOVEANU SBOGHIȚEȘTI,"ȘCOALA PRIMARĂ ""ALEXANDRU MOLDOVEANU"" SBOGHIȚEȘTI",Unitate de învățământ,AR,,Un schimb/zi,Buget,Publică de interes naţional şi local,Școlii,1,117542,0248582202,0248582202,scoalanucsoara_ag@yahoo.com
2025-2026,AG,NUCŞOARA,17780,RURAL,0361104267,"ȘCOALA GIMNAZIALĂ ""TOMA ARNĂUȚOIU"" NUCȘOARA",SLATINA,17815,RURAL,,0362102758,ȘC.PRIM. PETRE CHELU SLATINA,"ȘCOALA PRIMARĂ ""PETRE CHELU"" SLATINA",Unitate de învățământ,AR,,Un schimb/zi,Buget,Publică de interes naţional şi local,Primar Pierin,73,117542,0248582140,0248582140,scoalanucsoara_ag@yahoo.com
2025-2026,AG,POIANA LACULUI,18037,RURAL,0361103881,ȘCOALA GIMNAZIALĂ NR. 1 POIANA LACULUI,METOFU,18126,RURAL,,0362102595,ȘC.PRIM. METOFU,ȘCOALA PRIMARĂ METOFU,Unitate de învățământ,AR,,Un schimb/zi,Buget,Publică de interes naţional şi local,Metofu,86,117555,0248293131,0248293132,spoianalacului@yahoo.com
2025-2026,AG,RĂTEŞTI,18340,RURAL,0361100272,"ȘCOALA GIMNAZIALĂ ""GHEORGHE I.I.C. BRĂTIANU"" RĂTEȘTI",FURDUEŞTI,18368,RURAL,,0362106174,ȘC.PRIM. FURDUIEȘTI,ȘCOALA PRIMARĂ FURDUIEȘTI,Unitate de învățământ,AR,,Un schimb/zi,Buget,Publică de interes naţional şi local,Principală,FN,117612,0248664088,0248884088,ratestiscoala@yahoo.com
2025-2026,AG,RĂTEŞTI,18340,RURAL,0361100272,"ȘCOALA GIMNAZIALĂ ""GHEORGHE I.I.C. BRĂTIANU"" RĂTEȘTI",NEJLOVELU,18386,RURAL,,0362102532,ȘC.PRIM. CIUPA-NEJLOVEL,ȘCOALA PRIMARĂ CIUPA-NEJLOVEL,Unitate de învățământ,AR,,Un schimb/zi,Buget,Publică de interes naţional şi local,Principală,FN,117610,0248664088,0248664088,ratestiscoala@yahoo.com
2025-2026,AG,RĂTEŞTI,18340,RURAL,0361100272,"ȘCOALA GIMNAZIALĂ ""GHEORGHE I.I.C. BRĂTIANU"" RĂTEȘTI",RĂTEŞTI,18340,RURAL,,0362102514,ȘC.PRIM. PĂTULENI,ȘCOALA PRIMARĂ PĂTULENI,Unitate de învățământ,AR,,Un schimb/zi,Buget,Publică de interes naţional şi local,Principală,FN,117616,0248664088,0248664088,ratestiscoala@yahoo.com
2025-2026,AG,SCHITU GOLEŞTI,18689,RURAL,0361100019,ȘCOALA GIMNAZIALĂ NR. 1 SCHITU GOLEȘTI,SCHITU GOLEŞTI,18689,RURAL,,0362102387,ȘC.PRIM. RUDĂRIE,ȘCOALA PRIMARĂ RUDĂRIE,Unitate de învățământ,AR,,Un schimb/zi,Buget,Publică de interes naţional şi local,Gării,193A,117653,0248566150,0248566150,scoalaschitugolesti@yahoo.com
2025-2026,AG,SLOBOZIA,18750,RURAL,0361103388,"ȘCOALA GIMNAZIALĂ ""CONSTANTIN BRÂNCOVEANU"" SLOBOZIA",SLOBOZIA,18750,RURAL,,0362101843,ȘC.PRIM. NR.1 SLOBOZIA,ȘCOALA PRIMARĂ NR. 1 SLOBOZIA,Unitate de învățământ,AR,,Un schimb/zi,Buget,Publică de interes naţional şi local,Constantin Brâncoveanu,3,117660,0248698466,0248698466,scoala_slobozia_arges@yahoo.com
2025-2026,AG,SLOBOZIA,18750,RURAL,0361103388,"ȘCOALA GIMNAZIALĂ ""CONSTANTIN BRÂNCOVEANU"" SLOBOZIA",SLOBOZIA,18750,RURAL,,0362106215,ȘC.PRIM. NR.2 SLOBOZIA,ȘCOALA PRIMARĂ NR. 2 SLOBOZIA,Unitate de învățământ,AR,,Două schimburi/zi,Buget,Publică de interes naţional şi local,Mihai Eminescu,34,117660,0248698004,0248698004,scoala_slobozia_arges@yahoo.com
2025-2026,AG,STOENEŞTI,18867,RURAL,0361100168,ȘCOALA GIMNAZIALĂ NR. 1 STOENEȘTI,COTENEŞTI,18885,RURAL,,0362102324,ȘC.PRIM. COTENEȘTI,ȘCOALA PRIMARĂ COTENEȘTI,Unitate de învățământ,AR,,Un schimb/zi,Buget,Publică de interes naţional şi local,Cotenești,FN,117677,0248550180,0248550070,scoala.stoenesti@yahoo.com
2025-2026,AG,STOENEŞTI,18867,RURAL,0361100168,ȘCOALA GIMNAZIALĂ NR. 1 STOENEȘTI,PIATRA,18901,RURAL,,0362102785,ȘC. PRIMARĂ PIATRA,ȘCOALA PRIMARĂ PIATRA,Unitate de învățământ,AR,,Un schimb/zi,Buget,Publică de interes naţional şi local,Piatra,FN,117679,0248550100,0248550070,scoala.stoenesti@yahoo.com
2025-2026,AG,STOENEŞTI,18867,RURAL,0361100168,ȘCOALA GIMNAZIALĂ NR. 1 STOENEȘTI,VALEA BĂDENILOR,18929,RURAL,,0362102315,ȘC.PRIM. VALEA BĂDENILOR,ȘCOALA PRIMARĂ VALEA BĂDENILOR,Unitate de învățământ,AR,,Două schimburi/zi,Buget,Publică de interes naţional şi local,Valea Bădenilor,FN ,117682,0248550390,0248550390,scoala.stoenesti@yahoo.com
2025-2026,AG,SUSENI,19016,RURAL,0361103922,"ȘCOALA GIMNAZIALĂ ""MARIN BRANIȘTE"" SUSENI",ŢUŢULEŞTI,19105,RURAL,,0362102274,ȘC.PRIM. GHE. TOMA ȚUȚULEȘTI,"ȘCOALA PRIMARĂ ""GHEORGHE TOMA""",Unitate de învățământ,AR,,Un schimb/zi,Buget,Publică de interes naţional şi local,Principală,150,117706,0248699472,0248699177,scoala_suseni@yahoo.com
2025-2026,AG,SĂLĂTRUCU,18563,RURAL,0361104403,"ȘCOALA GIMNAZIALĂ ""RADU ȘERBAN"" SĂLĂTRUCU",SĂLĂTRUCU,18563,RURAL,,0362102446,ȘC.PRIM. NR.2 BOCANITA,ȘCOALA PRIMARĂ NR. 2 BOCANITA,Unitate de învățământ,AR,,Un schimb/zi,Buget,Publică de interes naţional şi local,Poiana Cireșului,1,117635,0248545040,0248545282,scoala_salatrucu@yahoo.com
2025-2026,AG,SĂLĂTRUCU,18563,RURAL,0361104403,"ȘCOALA GIMNAZIALĂ ""RADU ȘERBAN"" SĂLĂTRUCU",VĂLENI,18572,RURAL,,0362102437,ȘC.PRIM. NR.1 VĂLENI,ȘCOALA PRIMARĂ NR. 1 VĂLENI,Unitate de învățământ,AR,,Un schimb/zi,Buget,Publică de interes naţional şi local,George Topârceanu,113 ,117635,0248545040,0248545282,scoala_salatrucu@yahoo.com
2025-2026,AG,UDA,19409,RURAL,0361104213,ȘCOALA GIMNAZIALĂ NR. 1 UDA,SĂLIŞTEA,19551,RURAL,,0362102116,ȘC.PRIM. SĂLIȘTEA,ȘCOALA PRIMARĂ SĂLIȘTEA,Unitate de învățământ,AR,,Un schimb/zi,Buget,Publică de interes naţional şi local,Săliștea,FN,117227,0248248184,0248248194,scoalauda@yahoo.com
2025-2026,AG,VALEA IAŞULUI,19702,RURAL,0361104493,ȘCOALA GIMNAZIALĂ NR. 1 VALEA IAȘULUI,MUSTĂŢEŞTI,19757,RURAL,,0362102048,ȘCOALA PRIMARĂ MUSTĂȚEȘTI,ȘCOALA PRIMARĂ MUSTĂȚEȘTI,Unitate de învățământ,AR,,Un schimb/zi,Buget,Publică de interes naţional şi local,Mihai Eminescu,55,117803,0248724390,0248724390,scoalavaleaiasului@yahoo.com
2025-2026,AG,VALEA MARE PRAVĂŢ,13533,RURAL,0361104439,ȘCOALA GIMNAZIALĂ NR. 1 VALEA MARE-PRAVĂȚ,GURA PRAVĂŢ,13579,RURAL,,0362102021,ȘC.PRIM. GURA PRAVĂȚ,ȘCOALA PRIMARĂ GURA PRAVĂȚ,Unitate de învățământ,AR,,Două schimburi/zi,Buget,Publică de interes naţional şi local,Gura Pravăț,215,117805,0248557330,0248557330,sc.valeamarepravat@yahoo.com
2025-2026,AG,VLĂDEŞTI,20000,RURAL,0361103863,ȘCOALA GIMNAZIALĂ NR. 1 VLĂDEȘTI,VLĂDEŞTI,20000,RURAL,,0362101879,ȘC.PRIM. VLĂDEȘTI DE SUS,ȘCOALA PRIMARĂ VLĂDEȘTI DE SUS,Unitate de învățământ,AR,,Un schimb/zi,Buget,Publică de interes naţional şi local,Școlii,255,117840,0248547813,0248547813,scoala_vladesti@yahoo.com
2025-2026,AG,VRĂNEŞTI,15117,RURAL,0361104059,ȘCOALA GIMNAZIALĂ VRĂNEȘTI,VALEA CORBULUI,15215,RURAL,,0362100688,ȘC.PRIM. VALEA CORBULUI,ȘCOALA PRIMARĂ VALEA CORBULUI,Unitate de învățământ,AR,,Două schimburi/zi,Buget,Publică de interes naţional şi local,Valea Corbului,35,117206,0248651082,0248651082,scoalavranesti@yahoo.com
2025-2026,AG,VULTUREŞTI,16720,RURAL,0361103483,ȘCOALA GIMNAZIALĂ NR. 1 VULTUREȘTI,BÂRZEŞTI,16677,RURAL,,0362101911,ȘC.PRIM. BÂRZEȘTI,ȘCOALA PRIMARĂ BÂRZEȘTI,Unitate de învățământ,AR,,Un schimb/zi,Buget,Publică de interes naţional şi local,Bârzești,FN,117396,0248296001,0248296001,scoala.vulturesti@yahoo.com
2025-2026,AG,VULTUREŞTI,16720,RURAL,0361103483,ȘCOALA GIMNAZIALĂ NR. 1 VULTUREȘTI,VULTUREŞTI,16720,RURAL,,0362101902,ȘC.PRIM. VULTUREȘTI,ȘCOALA PRIMARĂ VULTUREȘTI,Unitate de învățământ,AR,,Un schimb/zi,Buget,Publică de interes naţional şi local,Vulturești,FN,117402,0248296001,0248296001,scoala.vulturesti@yahoo.com
2025-2026,AG,ŞTEFAN CEL MARE,19123,RURAL,0361104086,"ȘCOALA GIMNAZIALĂ ""ȘTEFAN CEL MARE"" ȘTEFAN CEL MARE",GLAVACIOC,19132,RURAL,,0362102247,ȘC.PRIM. GLAVACIOC,ȘCOALA PRIMARĂ GLAVACIOC,Unitate de învățământ,AR,,Un schimb/zi,Buget,Publică de interes naţional şi local,Aleea Școlii,147,117710,0248696672,0248696672,scoala_stefancelmare@yahoo.com
2025-2026,AG,ŞTEFĂNEŞTII NOI,13445,URBAN,0361207223,ȘCOALA PRIMARĂ LEXFORD ȘTEFĂNEȘTI,ŞTEFĂNEŞTII NOI,13445,URBAN,,0361207223,ȘC. PRIMARĂ LEXFORD,ȘCOALA PRIMARĂ LEXFORD ȘTEFĂNEȘTI,Unitate de învățământ,PJ,18154088,Un schimb/zi,Taxă,Privată,ALEEA APUSULUI,21,,0741771008,0741771008,lexford2021@gmail.com
2025-2026,AG,ŞUICI,19150,RURAL,0361104335,"ȘCOALA GIMNAZIALĂ ""TOMA BRĂTIANU"" ȘUICI",RUDENI,19196,RURAL,,0362102229,ȘC.PRIM. NR.1 RUDENI,ȘCOALA PRIMARĂ NR. 1 RUDENI,Unitate de învățământ,AR,,Un schimb/zi,Buget,Publică de interes naţional şi local,Rudeni,FN,117729,0248545048,0248545252,scoalatomabratianu@yahoo.com
2025-2026,AG,ŢIŢEŞTI,19347,RURAL,0361103985,"ȘCOALA GIMNAZIALĂ ""I.C. LĂZĂRESCU"" ȚIȚEȘTI",VALEA MĂNĂSTIRII,19374,RURAL,,0362102143,ȘC.PRIM. NR.1 VALEA MĂNĂSTIRII ȚIȚEȘTI,ȘCOALA PRIMARĂ NR. 1 VALEA MĂNĂSTIRII ȚIȚEȘTI,Unitate de învățământ,AR,,Un schimb/zi,Buget,Publică de interes naţional şi local,Valea Mănăstirii,FN,117754,0248299180,0248299180,scoala_titesti@yahoo.com
2025-2026,AG,ŢIŢEŞTI,19347,RURAL,0361103985,"ȘCOALA GIMNAZIALĂ ""I.C. LĂZĂRESCU"" ȚIȚEȘTI",VALEA STÂNII,19383,RURAL,,0362102134,ȘC.PRIM. NR.2 VALEA STÎNII ȚIȚEȘTI,ȘCOALA PRIMARĂ NR. 2 VALEA STÎNII ȚIȚEȘTI,Unitate de învățământ,AR,,Un schimb/zi,Buget,Publică de interes naţional şi local,Valea Stânii,FN,117754,0248299461,0248299461,scoala_titesti@yahoo.com
2025-2026,AR,APATEU,9805,RURAL,0261100685,"ŞCOALA GIMNAZIALĂ ""GHEORGHE POPOVICI"" APATEU",BERECHIU,9814,RURAL,,0262101727,SCOALA PRIMARA BERECHIU,SCOALA PRIMARA BERECHIU,Unitate de învățământ,AR,,Un schimb/zi,Buget,Publică de interes naţional şi local, FN,594,317010,0357410846,0357410846,scoalaapateu@yahoo.com
2025-2026,AR,ARAD,9271,URBAN,0261205236,"ȘCOALA PRIMARĂ ""JOHN HUENERGARDT"" ARAD",ARAD,9271,URBAN,25092292,0261205236,ȘCOALA PRIMARĂ JOHN HUENERGARDT ARAD,"ȘCOALA PRIMARĂ ""JOHN HUENERGARDT"" ARAD",Unitate de învățământ,PJ,49933282,Un schimb/zi,Sponsorizare,Privată,CALEA TIMIȘORII,88,310253,0766208521,0766208521,scoalahuenergardt@gmail.com
2025-2026,AR,BATA,9896,RURAL,0261100192,"ŞCOALA GIMNAZIALĂ ""PATRICHIE POPESCU"" BATA",ŢELA,9921,RURAL,319114,0262101894,SCOALA PRIMARA TELA,SCOALA PRIMARA TELA,Unitate de învățământ,AR,,Un schimb/zi,Buget,Publică de interes naţional şi local, FN,136,317023,0257434707,0257434707,scoalabata@yahoo.com
2025-2026,AR,BELIU,9949,RURAL,0261100052,"LICEUL TEHNOLOGIC ""EMIL CRĂCIUN LĂZUREANU"" BELIU",VASILE GOLDIŞ,9976,RURAL,317946,0262104092,SCOALA PRIMARA VASILE GOLDIS,SCOALA PRIMARA VASILE GOLDIS,Unitate de învățământ,AR,,Un schimb/zi,Buget,Publică de interes naţional şi local, FN,89,317046,0257328823,0257328823,grscbeliu@gmail.com
2025-2026,AR,BIRCHIŞ,10015,RURAL,0261101302,"ŞCOALA GIMNAZIALĂ ""ALEXANDRU MOCIONI"" BIRCHIŞ",OSTROV,10033,RURAL,,0262102945,SCOALA PRIMARA OSTROV,SCOALA PRIMARA OSTROV,Unitate de învățământ,AR,,Un schimb/zi,Buget,Publică de interes naţional şi local, FN,5,317052,0257434403,0257434403,scoalabirchis@yahoo.com
2025-2026,AR,BOCSIG,10202,RURAL,0261100884,"ŞCOALA GIMNAZIALĂ ""VASILE POP"" BOCSIG",MÂNERĂU,10211,RURAL,319267,0262103937,SCOALA PRIMARA MINERAU,SCOALA PRIMARA MINERAU,Unitate de învățământ,AR,,Un schimb/zi,Buget,Publică de interes naţional şi local,FN,84,317056,0257325102,0257325102,scoalabocsig@yahoo.com
2025-2026,AR,BOCSIG,10202,RURAL,0261100884,"ŞCOALA GIMNAZIALĂ ""VASILE POP"" BOCSIG",RĂPSIG,10220,RURAL,319279,0262103887,SCOALA PRIMARA RAPSIG,SCOALA PRIMARA RAPSIG,Unitate de învățământ,AR,,Un schimb/zi,Buget,Publică de interes naţional şi local,FN,46,317057,0257324808,0257325102,scoalabocsig@yahoo.com
2025-2026,AR,BUTENI,10300,RURAL,0261100278,"ŞCOALA GIMNAZIALĂ ""GABRIEL BROLA"" BUTENI",CUIED,10328,RURAL,,0262102253,ŞCOALA PRIMARĂ CUIED,ŞCOALA PRIMARĂ CUIED,Unitate de învățământ,AR,,Un schimb/zi,Buget,Publică de interes naţional şi local,CALEA ARADULUI,14,317067,0257372886,0257320088,scoalacuied@yahoo.com
2025-2026,AR,BÂRZAVA,10113,RURAL,0261100495,ŞCOALA GIMNAZIALĂ BÂRZAVA,GROŞII NOI,10159,RURAL,319229,0262102366,SCOALA PRIMARA GROSII NOI,SCOALA PRIMARA GROSII NOI,Unitate de învățământ,AR,,Un schimb/zi,Buget,Publică de interes naţional şi local, FN,147,319034,0257433218,0257433218,scoala_barzava@yahoo.com
2025-2026,AR,BÂRZAVA,10113,RURAL,0261100495,ŞCOALA GIMNAZIALĂ BÂRZAVA,LALAŞINŢ,10168,RURAL,319231,0262102321,SCOALA PRIMARA LALASINT,SCOALA PRIMARA LALASINT,Unitate de învățământ,AR,,Un schimb/zi,Buget,Publică de interes naţional şi local, FN,123,317036,0257434700,0257433218,scoala_barzava@yahoo.com
2025-2026,AR,CERMEI,10382,RURAL,0261100337,LICEUL TEORETIC CERMEI,ŞOMOŞCHEŞ,10408,RURAL,318043,0262101677,SCOALA PRIMARA SOMOSCHES,SCOALA PRIMARA SOMOSCHES,Unitate de învățământ,AR,,Un schimb/zi,Buget,Publică de interes naţional şi local, FN,148,317017,0257328442,0257328442,grsccermei@yahoo.com
2025-2026,AR,CONOP,10462,RURAL,0261100563,"ŞCOALA GIMNAZIALĂ ""ŞTEFAN CICIO-POP"" CONOP",CHELMAC,10480,RURAL,,0262103697,SCOALA PRIMARA CHELMAC,SCOALA PRIMARA CHELMAC,Unitate de învățământ,AR,,Un schimb/zi,Buget,Publică de interes naţional şi local,Principala,50,317085,0729783836,0257433000,scoalaconop@yahoo.com
2025-2026,AR,CONOP,10462,RURAL,0261100563,"ŞCOALA GIMNAZIALĂ ""ŞTEFAN CICIO-POP"" CONOP",MILOVA,10499,RURAL,319425,0262103661,SCOALA PRIMARA MILOVA,SCOALA PRIMARA MILOVA,Unitate de învățământ,AR,,Un schimb/zi,Buget,Publică de interes naţional şi local, FN,170,317088,0742455978,0257433000,scoalaconop@yahoo.com
2025-2026,AR,CONOP,10462,RURAL,0261100563,"ŞCOALA GIMNAZIALĂ ""ŞTEFAN CICIO-POP"" CONOP",ODVOŞ,10505,RURAL,319437,0262103702,SCOALA PRIMARA ODVOS,SCOALA PRIMARA ODVOS,Unitate de învățământ,AR,,Un schimb/zi,Buget,Publică de interes naţional şi local, FN,220,317089,0723685961,0257433000,scoalaconop@yahoo.com
2025-2026,AR,CRAIVA,10541,RURAL,0261100798,ŞCOALA GIMNAZIALĂ CRAIVA,CHIŞLACA,10550,RURAL,319449,0262103521,SCOALA PRIMARA CHISLACA,SCOALA PRIMARA CHISLACA,Unitate de învățământ,AR,,Un schimb/zi,Buget,Publică de interes naţional şi local, FN,245,317096,0257324111,0257324111,scgimcraiva@yahoo.com
2025-2026,AR,CĂRAND,10355,RURAL,0261100934,ŞCOALA GIMNAZIALĂ CĂRAND,SELIŞTEA,10364,RURAL,319358,0262103774,SCOALA PRIMARA SELISTEA,SCOALA PRIMARA SELISTEA,Unitate de învățământ,AR,,Un schimb/zi,Buget,Publică de interes naţional şi local, FN,162,317071,0257321543,0257321543,scoalacarand@yahoo.com
2025-2026,AR,GURAHONŢ,10952,RURAL,0261104377,"LICEUL ""IOAN BUTEANU"" GURAHONŢ",BONŢEŞTI,10961,RURAL,319671,0262103055,SCOALA PRIMARA BONTESTI,SCOALA PRIMARA BONTESTI,Unitate de învățământ,AR,,Un schimb/zi,Buget,Publică de interes naţional şi local, FN,94,314176,0257316138,0257316550,liceulgurahont@yahoo.com
2025-2026,AR,GURAHONŢ,10952,RURAL,0261104377,"LICEUL ""IOAN BUTEANU"" GURAHONŢ",PESCARI,11021,RURAL,319736,0262103064,SCOALA PRIMARA PESCARI,SCOALA PRIMARA PESCARI,Unitate de învățământ,AR,,Un schimb/zi,Buget,Publică de interes naţional şi local, FN,149,317153,0257316138,0257316550,liceulgurahont@yahoo.com
2025-2026,AR,IACOBINI,10266,RURAL,0261104522,ŞCOALA GIMNAZIALĂ IACOBINI,MĂDRIGEŞTI,10275,RURAL,,0262101478,SCOALA PRIMARA MADRIGESTI,SCOALA PRIMARA MADRIGESTI,Unitate de învățământ,AR,,Un schimb/zi,Buget,Publică de interes naţional şi local, FN,98,317063,0257317582,0257317620,scoalaiacobini@yahoo.com
2025-2026,AR,IACOBINI,10266,RURAL,0261104522,ŞCOALA GIMNAZIALĂ IACOBINI,SECAŞ,10284,RURAL,,0262101469,SCOALA PRIMARA SECAS,SCOALA PRIMARA SECAS,Unitate de învățământ,AR,,Un schimb/zi,Buget,Publică de interes naţional şi local, FN,25,317064,0257317639,0257317620,scoalaiacobini@yahoo.com
2025-2026,AR,OLARI,11511,RURAL,0261100803,ŞCOALA GIMNAZIALĂ OLARI,SINTEA MICĂ,11520,RURAL,320046,0262104264,SCOALA PRIMARA SINTEA MICA,SCOALA PRIMARA SINTEA MICA,Unitate de învățământ,AR,,Un schimb/zi,Buget,Publică de interes naţional şi local, FN,85,317225,0257377012,0257377012,scoalaolari@yahoo.com
2025-2026,AR,PECICA,11593,URBAN,0261101148,"LICEUL TEORETIC ""GHEORGHE LAZĂR"" PECICA",PECICA,11593,URBAN,,0262102538,SCOALA PRIMARA NR 1 PECICA,SCOALA PRIMARA NR 1 PECICA,Unitate de învățământ,AR,,Un schimb/zi,Buget,Publică de interes naţional şi local, 304,45,317235,0257467977,0257467977,ltpecica@yahoo.com
2025-2026,AR,PECICA,11593,URBAN,0261101148,"LICEUL TEORETIC ""GHEORGHE LAZĂR"" PECICA",TURNU,11628,RURAL,318330,0262102529,SCOALA PRIMARA TURNU,SCOALA PRIMARA TURNU,Unitate de învățământ,AR,,Un schimb/zi,Buget,Publică de interes naţional şi local,FN,301,317238,0258533000,0257533000,scoalaturnu@yahoo.com
2025-2026,AR,PEREGU MIC,11655,RURAL,0261100016,ŞCOALA PRIMARĂ PEREGU MIC,PEREGU MIC,11655,RURAL,318354,0261100016,ŞCOALA PRIMARĂ PEREGU MIC,ŞCOALA PRIMARĂ PEREGU MIC,Unitate de învățământ,PJ,29047702,Un schimb/zi,Buget,Publică de interes naţional şi local, Principala,433,317241,0257459021,0257459021,scoala_peregu_mic@yahoo.com
2025-2026,AR,PETRIŞ,11673,RURAL,0261104454,"ŞCOALA GIMNAZIALĂ ""SABIN DRĂGOI"" PETRIŞ",ROŞIA NOUĂ,11717,RURAL,320151,0262102678,SCOALA PRIMARA ROSIA NOUA,SCOALA PRIMARA ROSIA NOUA,Unitate de învățământ,AR,,Un schimb/zi,Buget,Publică de interes naţional şi local, FN,188,317349,0257433707,0257433707,scoalageneralapetris@yahoo.com
2025-2026,AR,PILU,11744,RURAL,0261101234,ŞCOALA GIMNAZIALĂ PILU,VĂRŞAND,11753,RURAL,320175,0262102547,SCOALA PRIMARA VARSAND,SCOALA PRIMARA VARSAND,Unitate de învățământ,AR,,Un schimb/zi,Buget,Publică de interes naţional şi local, FN,30,317256,0257353706,0257353706,scoalapilu@yahoo.com
2025-2026,AR,SEBIŞ,9707,URBAN,0261100907,LICEUL TEORETIC SEBIŞ,PRUNIŞOR,9725,RURAL,,0262102375,SCOALA PRIMARA PRUNISOR,SCOALA PRIMARA PRUNISOR,Unitate de învățământ,AR,,Un schimb/zi,Buget,Publică de interes naţional şi local, FN,78,351700,0257310711,0257311063,liceulsebis@yahoo.com
2025-2026,AR,SECUSIGIU,11959,RURAL,0261100301,ŞCOALA GIMNAZIALĂ SECUSIGIU,MUNAR,11968,RURAL,,0262102027,SCOALA PRIMARA MUNAR,SCOALA PRIMARA MUNAR,Unitate de învățământ,AR,,Un schimb/zi,Buget,Publică de interes naţional şi local, Principală,96,317286,0257411410,0257411410,scoalasecusigiu55@yahoo.com
2025-2026,AR,SECUSIGIU,11959,RURAL,0261100301,ŞCOALA GIMNAZIALĂ SECUSIGIU,SATU MARE,11977,RURAL,,0262101989,SCOALA PRIMARA SATU MARE,SCOALA PRIMARA SATU MARE,Unitate de învățământ,AR,,Un schimb/zi,Buget,Publică de interes naţional şi local, Principală,29,317287,0257411410,0257411410,scoalasecusigiu55@yahoo.com
2025-2026,AR,SECUSIGIU,11959,RURAL,0261100301,ŞCOALA GIMNAZIALĂ SECUSIGIU,SÂNPETRU GERMAN,11986,RURAL,318392,0262105559,ȘCOALA PRIMARĂ SÂNPETRU GERMAN,ȘCOALA PRIMARĂ SÂNPETRU GERMAN,Unitate de învățământ,AR,,Un schimb/zi,Buget,Publică de interes naţional şi local,FN,32,317288,0257439108,0257439108,scoalasg@yahoo.com
2025-2026,AR,SELEUŞ,12000,RURAL,0261100088,ŞCOALA GIMNAZIALĂ ”NICOLAE HORGA POPOVICI” SELEUŞ,IERMATA,12019,RURAL,320357,0262101849,SCOALA PRIMARA IERMATA,SCOALA PRIMARA IERMATA,Unitate de învățământ,AR,,Un schimb/zi,Buget,Publică de interes naţional şi local, FN,14,317291,0257329113,0257329113,scoalaseleus@yahoo.com
2025-2026,AR,SUSANI,11343,RURAL,0261102063,ŞCOALA PRIMARĂ SUSANI,SUSANI,11343,RURAL,318249,0261102063,ŞCOALA PRIMARĂ SUSANI,ŞCOALA PRIMARĂ SUSANI,Unitate de învățământ,PJ,43087249,Un schimb/zi,Buget,Publică de interes naţional şi local,FN, 86,317198,0257315566,0257315566,scoalaignesti@yahoo.com
2025-2026,AR,TAUŢ,12466,RURAL,0261100138,ŞCOALA GIMNAZIALĂ TAUŢ,NADĂŞ,12493,RURAL,,0262104314,SCOALA PRIMARA NADAS,SCOALA PRIMARA NADAS,Unitate de învățământ,AR,,Un schimb/zi,Buget,Publică de interes naţional şi local, FN,460,317355,0257372106,0257372106,scoala_taut@yahoo.com
2025-2026,AR,TÂRNOVA,12518,RURAL,0261100061,ŞCOALA GIMNAZIALĂ TÂRNOVA,ARĂNEAG,12536,RURAL,,0262103186,SCOALA PRIMARA ARANEAG,SCOALA PRIMARA ARANEAG,Unitate de învățământ,AR,,Un schimb/zi,Buget,Publică de interes naţional şi local, Principală,12,317361,0257371488,0257371488,scoalagenagrisumare@yahoo.com
2025-2026,AR,TÂRNOVA,12518,RURAL,0261100061,ŞCOALA GIMNAZIALĂ TÂRNOVA,DUD,12563,RURAL,,0262104739,SCOALA PRIMARA DUD,SCOALA PRIMARA DUD,Unitate de învățământ,AR,,Un schimb/zi,Buget,Publică de interes naţional şi local, Principală,139,317364,0257370072,0257370072,scoalatarnova@yahoo.com
2025-2026,AR,USUSĂU,10809,RURAL,0261100762,"ŞCOALA GIMNAZIALĂ ""TEODOR PĂCĂŢIAN"" USUSĂU",ZĂBALŢ,10818,RURAL,,0262104115,ŞCOALA PRIMARĂ ZĂBALŢ,ŞCOALA PRIMARĂ ZĂBALŢ,Unitate de învățământ,AR,,Un schimb/zi,Buget,Publică de interes naţional şi local, FN,37,317375,0726144856,0257434120,scoalaususau@yahoo.com
2025-2026,AR,VLADIMIRESCU,9404,RURAL,0261100477,ŞCOALA GIMNAZIALĂ VLADIMIRESCU,MÂNDRULOC,9431,RURAL,,0262103783,SCOALA PRIMARA MINDRULOC,SCOALA PRIMARA MINDRULOC,Unitate de învățământ,AR,,Un schimb/zi,Buget,Publică de interes naţional şi local, FN, 267,317408,0257216025,0257216025,scoala_vladimirescu@yahoo.com
2025-2026,AR,VÂNĂTORI,11450,RURAL,0261103919,ŞCOALA GIMNAZIALĂ VÂNĂTORI,ZERINDU MIC,11469,RURAL,318275,0262103901,ŞCOALA PRIMARĂ ZERINDU MIC,ŞCOALA PRIMARĂ ZERINDU MIC,Unitate de învățământ,AR,,Un schimb/zi,Buget,Publică de interes naţional şi local, FN,33,317218,0257354522,0257354522,sc.vanatori@yahoo.com
2025-2026,AR,VÂRFURILE,12698,RURAL,0261104558,ŞCOALA GIMNAZIALĂ VÂRFURILE,AVRAM IANCU,12705,RURAL,,0262102868,SCOALA PRIMARA AVRAM IANCU VIRFURILE,SCOALA PRIMARA AVRAM IANCU VIRFURILE,Unitate de învățământ,AR,,Un schimb/zi,Buget,Publică de interes naţional şi local, FN,271,317390,0257318309,0257318309,scvirfurile@gmail.com
2025-2026,AR,VÂRFURILE,12698,RURAL,0261104558,ŞCOALA GIMNAZIALĂ VÂRFURILE,LAZURI,12723,RURAL,320632,0262102877,SCOALA PRIMARA LAZURI,SCOALA PRIMARA LAZURI,Unitate de învățământ,AR,,Un schimb/zi,Buget,Publică de interes naţional şi local, FN,147,317395,0257318309,0257318309,scvirfurile@gmail.com
2025-2026,AR,VĂRĂDIA DE MUREŞ,12581,RURAL,0261101288,"ŞCOALA GIMNAZIALĂ ""CRISTIAN HERBEI"" VĂRĂDIA DE MUREŞ",JULIŢA,12607,RURAL,320606,0262103254,SCOALA PRIMARA JULITA,SCOALA PRIMARA JULITA,Unitate de învățământ,AR,,Un schimb/zi,Buget,Publică de interes naţional şi local, FN,53,317382,0257417103,0257417103,sc_gen_varadia@yahoo.com
2025-2026,AR,ZERIND,12858,RURAL,0261101017,"ŞCOALA GIMNAZIALĂ ""TABAJDI KAROLY"" ZERIND",IERMATA NEAGRĂ,12867,RURAL,,0262101546,SCOALA PRIMARA IERMATA NEAGRA,SCOALA PRIMARA IERMATA NEAGRA,Unitate de învățământ,AR,,Un schimb/zi,Buget,Publică de interes naţional şi local, FN,1,317421,0257355525,0257355525,sczerind@gmail.com
2025-2026,AR,ZIMANDU NOU,12885,RURAL,0261100735,"ŞCOALA GIMNAZIALĂ ""MORA FERENC"" ZIMANDU NOU",ZIMANDCUZ,12901,RURAL,,0262105048,ŞCOALA PRIMARĂ ZIMANDCUZ,ŞCOALA PRIMARĂ ZIMANDCUZ,Unitate de învățământ,AR,,Un schimb/zi,Buget,Publică de interes naţional şi local,Principală,34,317425,0257380119,0257380119,zimandiskola@yahoo.com
2025-2026,AR,ZĂBRANI,12787,RURAL,0261104436,"ŞCOALA GIMNAZIALĂ ""ADAM MULLER GUTTENBRUNN"" ZĂBRANI",NEUDORF,12803,RURAL,320694,0262102728,SCOALA PRIMARA NEUDORF,SCOALA PRIMARA NEUDORF,Unitate de învățământ,AR,,Un schimb/zi,Buget,Publică de interes naţional şi local, FN,99,317412,0257457626,0257457626,scoalaneudorf@yahoo.com
2025-2026,AR,ŞIMAND,12359,RURAL,0261101053,ŞCOALA GIMNAZIALĂ ŞIMAND,ŞIMAND,12359,RURAL,,0262103833,ȘCOALA PRIMARĂ ȘIMAND,ȘCOALA PRIMARĂ ȘIMAND,Unitate de învățământ,AR,,Un schimb/zi,Buget,Publică de interes naţional şi local, Principală,697,317335,0257373169,0257373169,scoalasimand@gmail.com
2025-2026,AR,ŞIRIA,12377,RURAL,0261100708,"ŞCOALA GIMNAZIALĂ ""IOAN SLAVICI"" ŞIRIA",MÂSCA,12395,RURAL,,0262104852,SCOALA PRIMARA MISCA-SIRIA,"SCOALA PRIMARA ""ÎNV. DUMITRU GHEORGHE"" MÂSCA",Unitate de învățământ,AR,,Un schimb/zi,Buget,Publică de interes naţional şi local,Coriolan Petranu,37,317340,0257516677,0257516677,scoalasiria@yahoo.com
2025-2026,AR,ŞIŞTAROVĂŢ,12411,RURAL,0261100649,"ŞCOALA PRIMARĂ ""SEVER BOCU"" ŞIŞTAROVĂŢ",ŞIŞTAROVĂŢ,12411,RURAL,320503,0261100649,"ŞCOALA PRIMARĂ ""SEVER BOCU"" ŞIŞTAROVĂŢ","ŞCOALA PRIMARĂ ""SEVER BOCU"" ŞIŞTAROVĂŢ",Unitate de învățământ,PJ,29033030,Un schimb/zi,Buget,Publică de interes naţional şi local, Principala,116,317345,0257434232,0257434232,scoalasistarovat@yahoo.com
2025-2026,AR,ŞOFRONEA,9379,RURAL,0261101112,"ŞCOALA GIMNAZIALĂ ""VIRGIL IOVĂNAŞ"" ŞOFRONEA",SÂNPAUL,9388,RURAL,317790,0262102651,SCOALA PRIMARA SINPAUL,SCOALA PRIMARA SINPAUL,Unitate de învățământ,AR,,Un schimb/zi,Buget,Publică de interes naţional şi local,10,37,317350,0257416419,0257416419,scoalasofronea@gmail.com
2025-2026,B,BUCUREŞTI SECTORUL 1,179141,URBAN,4061206845,"Şcoala Primară ""Maria International School of Bucharest""",BUCUREŞTI SECTORUL 1,179141,URBAN,408427917,4061206845,"Şcoala Primară ""Maria ISB""","Şcoala Primară ""Maria International School of Bucharest""",Unitate de învățământ,PJ,41102628,Un schimb/zi,Taxă,Privată,Piaţa Amzei,6,010344,0730432092,0314379569,contactmisb@gmail.com
2025-2026,B,BUCUREŞTI SECTORUL 1,179141,URBAN,4061208906,Şcoala Primară „Atlanthea”,BUCUREŞTI SECTORUL 1,179141,URBAN,405711238,4061208906,Şcoala Primară „Atlanthea”,Şcoala Primară „Atlanthea”,Unitate de învățământ,PJ,39105282,Un schimb/zi,Taxă,Privată,Nuvelei,3-5,012591,0721520004,0721520004,contact@atlanthea.ro
2025-2026,B,BUCUREŞTI SECTORUL 1,179141,URBAN,4061208892,Şcoala Primară „Helikon-Bucureşti”,BUCUREŞTI SECTORUL 1,179141,URBAN,,4061208892,Şcoala Primară „Helikon-Bucureşti”,Şcoala Primară „Helikon-Bucureşti”,Unitate de învățământ,PJ,37618869,Un schimb/zi,Taxă,Privată,"Berthelot Henri Mathias, g-ral.",25,010164,0720904839,0720904839,office@scoalahelikon.com
2025-2026,B,BUCUREŞTI SECTORUL 1,179141,URBAN,4061210474,Şcoala Primară „Kinderama”,BUCUREŞTI SECTORUL 1,179141,URBAN,,4061210474,Şcoala Primară „Kinderama”,Şcoala Primară „Kinderama”,Unitate de învățământ,PJ,51297950,Un schimb/zi,Taxă,Privată,Piscu Lung,64-66,013905,0722226252,0722226252,office@kinderama.ro
2025-2026,B,BUCUREŞTI SECTORUL 1,179141,URBAN,4061208508,ȘCOALA PRIMARĂ „MONTESSORI SCHOOL ORIZONTURI LIBERE”,BUCUREŞTI SECTORUL 1,179141,URBAN,,4061208508,MONTESSORI SCHOOL ORIZONTURI LIBERE,ȘCOALA PRIMARĂ „MONTESSORI SCHOOL ORIZONTURI LIBERE”,Unitate de învățământ,PJ,32118552,Un schimb/zi,Taxă,Privată,Undiţei,11,014113,0787829354,0372988456,office@orizonurilibere.ro
2025-2026,B,BUCUREŞTI SECTORUL 1,179141,URBAN,4061205663,Școala Primară Matei International School,BUCUREŞTI SECTORUL 1,179141,URBAN,234185121,4061205663,Școala Primară Matei,Școala Primară Matei International School,Unitate de învățământ,PJ,37611909,Program prelungit,Taxă,Privată,Ionescu-Şiseşti Gheorghe,40,013824,0748288899,0371308177,contact@mateischool.ro
2025-2026,B,BUCUREŞTI SECTORUL 1,179141,URBAN,4061208788,Școala Primară „Karin's Kids Academy Băneasa”,BUCUREŞTI SECTORUL 1,179141,URBAN,,4061208788,Școala Primară „Karin's Kids Academy Băneasa”,Școala Primară „Karin's Kids Academy Băneasa”,Unitate de învățământ,PJ,27376288,Program prelungit,Taxă,Privată,Bucureşti-Ploieşti,182A,015016,0762614156,0762614156,baneasa@karinkids.ro
2025-2026,B,BUCUREŞTI SECTORUL 1,179141,URBAN,4061210524,Școala Primară „SKULD”,BUCUREŞTI SECTORUL 1,179141,URBAN,,4061210524,Școala „SKULD”,Școala Primară „SKULD”,Unitate de învățământ,PJ,52293078,Un schimb/zi,Taxă,Privată,Ardealului,32,013435,0765734696,0765734696,educat@scoalaskuld.ro
2025-2026,B,BUCUREŞTI SECTORUL 2,179150,URBAN,4061208318,Şcoala Primară Montessori MSB - MKB,BUCUREŞTI SECTORUL 2,179150,URBAN,,4061208318,Şcoala Montessori MSB - MKB,Şcoala Primară Montessori MSB - MKB,Unitate de învățământ,PJ,41985987,Un schimb/zi,Taxă,Privată,"Coravu Ion, mr.",53,021975,0754054517,0754054517,proiecte@montessoribucuresti.ro
2025-2026,B,BUCUREŞTI SECTORUL 2,179150,URBAN,4061210533,Școala Primară „Bucuria de a Învăța”,BUCUREŞTI SECTORUL 2,179150,URBAN,,4061210533,Școala „Bucuria de a Învăța”,Școala Primară „Bucuria de a Învăța”,Unitate de învățământ,PJ,36696397,Un schimb/zi,Taxă,Privată,Dinogeţia,55,022934,0758605442,0758605442,bucuria_de_a_invata@yahoo.com
2025-2026,B,BUCUREŞTI SECTORUL 2,179150,URBAN,4061210438,Școala Primară „Le Carrousel”,BUCUREŞTI SECTORUL 2,179150,URBAN,,4061210438,Școala Primară „Le Carrousel”,Școala Primară „Le Carrousel”,Unitate de învățământ,PJ,42944624,Un schimb/zi,Taxă,Privată,Dacia,60,020061,0745101783,0745101783,camelia.veteleanu@gmail.com
2025-2026,B,BUCUREŞTI SECTORUL 2,179150,URBAN,4061210456,Școala Primară „Sfântul Dimitrie”,BUCUREŞTI SECTORUL 2,179150,URBAN,,4061210456,Școala Primară „Sfântul Dimitrie”,Școala Primară „Sfântul Dimitrie”,Unitate de învățământ,PJ,18501713,Un schimb/zi,Taxă,Privată,Sucidava,27-78,022945,0722522898,0212400469,scoalaspsd@gmail.com
2025-2026,B,BUCUREŞTI SECTORUL 2,179150,URBAN,4061208259,Școala Primară „Springfield”,BUCUREŞTI SECTORUL 2,179150,URBAN,407918282,4061208259,Școala Primară „Springfield”,Școala Primară „Springfield”,Unitate de învățământ,PJ,43747450,Program prelungit,Taxă,Privată,Șoltuzului,10,023753,0734710573,0721707879,office@spingfieldeducation.ro
2025-2026,B,BUCUREŞTI SECTORUL 3,179169,URBAN,4061210316,Şcoala Primară „ETOS Academy”,BUCUREŞTI SECTORUL 3,179169,URBAN,,4061210316,Şcoala „ETOS Academy”,Şcoala Primară „ETOS Academy”,Unitate de învățământ,PJ,50423287,Un schimb/zi,Taxă,Privată,Vitan,206-208,031287,0722243877,0722243877,office.bucuresti@etos.academy.ro
2025-2026,B,BUCUREŞTI SECTORUL 3,179169,URBAN,4061204902,Şcoala Primară „Spectrum”,BUCUREŞTI SECTORUL 3,179169,URBAN,4077777711,4061204902,Școala Spectrum,Şcoala Primară „Spectrum”,Unitate de învățământ,PJ,35618196,Un schimb/zi,Taxă,Privată,Balta Albina,9,032091,0213271541,0213271541,info@spectrum.ro
2025-2026,B,BUCUREŞTI SECTORUL 3,179169,URBAN,4061210542,ȘCOALA PRIMARĂ TERRA SCHOOL,BUCUREŞTI SECTORUL 3,179169,URBAN,,4061210542,ȘCOALA TERRA SCHOOL,ȘCOALA PRIMARĂ TERRA SCHOOL,Unitate de învățământ,PJ,31968253,Un schimb/zi,Taxă,Privată,"Moise Nicoară, prof.",7,030902,0727789209,0727789209,office.mini.terra@gmail.com
2025-2026,B,BUCUREŞTI SECTORUL 3,179169,URBAN,4061207787,Școala Primară Montessano,BUCUREŞTI SECTORUL 3,179169,URBAN,409388467,4061207787,Școala Primară Montessano,Școala Primară Montessano,Unitate de învățământ,PJ,48241615,Un schimb/zi,Taxă,Privată,Parfumului,9,030841,0773774883,0773774883,contact@montessano.ro
2025-2026,B,BUCUREŞTI SECTORUL 3,179169,URBAN,4061208381,Școala Primară de Muzică „Boem”,BUCUREŞTI SECTORUL 3,179169,URBAN,,4061208381,Școala Primară de Muzică Boem,Școala Primară de Muzică „Boem”,Unitate de învățământ,PJ,26283849,Un schimb/zi,Taxă,Privată,Chiparosului,36,031122,0729155563,0729155563,office@boemclub.ro
2025-2026,B,BUCUREŞTI SECTORUL 3,179169,URBAN,4061207959,Școala Primară „Rița Veverița”,BUCUREŞTI SECTORUL 3,179169,URBAN,,4061207959,Școala Primară „Rița Veverița”,Școala Primară „Rița Veverița”,Unitate de învățământ,PJ,40407063,Program prelungit,Taxă,Privată,Horbotei,12,030467,0723573905,0722665471,office@gradinita-rita-veverita.ro
2025-2026,B,BUCUREŞTI SECTORUL 4,179178,URBAN,4061205274,"Şcoala Primară ""Big Smile""",BUCUREŞTI SECTORUL 4,179178,URBAN,234171857,4061205274,Şcoala Big Smile,"Şcoala Primară ""Big Smile""",Unitate de învățământ,PJ,25604657,Un schimb/zi,Taxă,Privată,Cuțitul de Argint,74,040558,0721334761,0371154237,office@bigsmile.ro
2025-2026,B,BUCUREŞTI SECTORUL 4,179178,URBAN,4061206705,"Şcoala Primară ""Dreamland""- sediul 2",BUCUREŞTI SECTORUL 4,179178,URBAN,408309737,4061206705,"Şcoala Primară ""Dreamland""","Şcoala Primară ""Dreamland""- sediul 2",Unitate de învățământ,PJ,32502277,Un schimb/zi,Taxă,Privată,Plugarilor,20,040443,0787521511,0787521511,office@gradinitadreamland.ro
2025-2026,B,BUCUREŞTI SECTORUL 4,179178,URBAN,4061205984,"Şcoala Primară ""Iepuraşul Bocănilă""",BUCUREŞTI SECTORUL 4,179178,URBAN,408146288,4061205984,"Şcoala Primară ""Iepuraşul Bocănilă""","Şcoala Primară ""Iepuraşul Bocănilă""",Unitate de învățământ,PJ,36568088,Un schimb/zi,Taxă,Privată,Iarba Câmpului,91 ,041553,0722239508,0722239508,office@gradinitaiepurasulbocanila.ro
2025-2026,B,BUCUREŞTI SECTORUL 4,179178,URBAN,4061207561,"Şcoala Primară ""King George II""",BUCUREŞTI SECTORUL 4,179178,URBAN,409314985,4061207561,"Şc. ""King George II""","Şcoala Primară ""King George II""",Unitate de învățământ,PJ,42632053,Un schimb/zi,Taxă,Privată,Cimpoierilor,2,041573,0751024024,0763642595,scoalabrancoveanu@king-george.ro
2025-2026,B,BUCUREŞTI SECTORUL 4,179178,URBAN,4061210275,Şcoala Primară „AWEsome”,BUCUREŞTI SECTORUL 4,179178,URBAN,,4061210275,Şcoala Primară „AWEsome”,Şcoala Primară „AWEsome”,Unitate de învățământ,PJ,47770014,Un schimb/zi,Taxă,Privată,Văcărescu Ienăchiţă,22B,40157,0745764545,0745764545,contact@aweschool.ro
2025-2026,B,BUCUREŞTI SECTORUL 4,179178,URBAN,4061208969,Școala Primară „Genius Academy”,BUCUREŞTI SECTORUL 4,179178,URBAN,,4061208969,Școala Primară „Genius Academy”,Școala Primară „Genius Academy”,Unitate de învățământ,PJ,42336775,Un schimb/zi,Taxă,Privată,Şerban Vodă,145,040205,0724111678,0724111678,geniusacademybucuresti@gmail.com
2025-2026,B,BUCUREŞTI SECTORUL 5,179187,URBAN,4061208612,Şcoala Primară „Micul Lord” 1,BUCUREŞTI SECTORUL 5,179187,URBAN,,4061208612,Şcoala Primară „Micul Lord” 1,Şcoala Primară „Micul Lord” 1,Unitate de învățământ,PJ,17970010,Un schimb/zi,Taxă,Privată,Ispirescu Petre,54B,051029,0730093603,0372771917,micul.lordy@gmail.com
2025-2026,B,BUCUREŞTI SECTORUL 6,179196,URBAN,4061207249,"Școala Primară „Rose Mary""",BUCUREŞTI SECTORUL 6,179196,URBAN,408973227,4061207249,"Şc. Primară „Rose Mary""","Școala Primară „Rose Mary""",Unitate de învățământ,PJ,32819560,Un schimb/zi,Taxă,Privată,Doniţei,4,061994,0747179897,0318179304,contact@scoalaprimararosemary.ro
2025-2026,B,BUCUREŞTI SECTORUL 6,179196,URBAN,4061210492,Școala Primară „Sfântul Stelian”,BUCUREŞTI SECTORUL 6,179196,URBAN,,4061210492,Școala Primară „Sfântul Stelian”,Școala Primară „Sfântul Stelian”,Unitate de învățământ,PJ,42232820,Un schimb/zi,Taxă,Privată,Movilelor,6A,062369,0734087549,0734087549,scoalaprimarasfstelian@outlook.com
2025-2026,BC,AGĂŞ,21016,RURAL,0461104614,ŞCOALA GIMNAZIALĂ AGĂŞ,GOIOASA,21061,RURAL,,0462103337,ȘCOALA PRIMARĂ GOIOASA,ȘCOALA PRIMARĂ GOIOASA,Unitate de învățământ,AR,,Program normal,Buget,Publică de interes naţional şi local,  PRINCIPALA,52,607011,0234382031,0234382031,scoalagimnazialagas@e-isjbacau.ro
2025-2026,BC,BACĂU,20304,URBAN,0461204883,ŞCOALA PRIMARĂ ROMÂNO-AMERICANĂ BACĂU,BACĂU,20304,URBAN,3035460,0461204883,ŞCOALA PRIMARĂ ROMÂNO-AMERICANĂ BACĂU,ŞCOALA PRIMARĂ ROMÂNO-AMERICANĂ BACĂU,Unitate de învățământ,PJ,36097525,Un schimb/zi,Taxă,Privată,Traian,6,600204,0742423333,0234571288,contact@gradinitaromanoamericana.ro
2025-2026,BC,BACĂU,20304,URBAN,0461108306,ȘCOALA GIMNAZIALĂ „OCTAVIAN VOICU” BACĂU,BACĂU,20304,URBAN,,0462103599,ȘCOALA PRIMARĂ NR 1 BACĂU,ŞCOALA PRIMARĂ NR 1 BACĂU,Unitate de învățământ,AR,,Un schimb/zi,Buget,Publică de interes naţional şi local,CIPRIAN PORUMBESCU , 5,600346,0234552061,0234552061,scoala1bacau@yahoo.com
2025-2026,BC,BACĂU,20304,URBAN,0461208991,"ȘCOALA PRIMARĂ SALEZIANĂ „DON BOSCO"" BACĂU",BACĂU,20304,URBAN,,0461208991,"Ș P SALEZIANĂ „DON BOSCO"" BACĂU","ȘCOALA PRIMARĂ SALEZIANĂ „DON BOSCO"" BACĂU",Unitate de învățământ,PJ,47548973,Un schimb/zi,Sponsorizare,Privată,Tazlăului,9,600372,0234582330,0234582330,scoala@donboscobc.com
2025-2026,BC,BALCANI,21203,RURAL,0461107522,ŞCOALA GIMNAZIALĂ NR 1 BALCANI,LUDAŞI,21221,RURAL,,0462101362,ŞCOALA PRIMARĂ LUDAŞI,ŞCOALA PRIMARĂ LUDAŞI,Unitate de învățământ,AR,,Un schimb/zi,Buget,Publică de interes naţional şi local,PRINCIPALA, 330,607032,0234380705,0234380706,scoala_balcanibacau@yahoo.com
2025-2026,BC,BALCANI,21203,RURAL,0461107522,ŞCOALA GIMNAZIALĂ NR 1 BALCANI,SCHITU FRUMOASA,21230,RURAL,,0462101389,ŞCOALA PRIMARĂ SCHITU FRUMOASA,ŞCOALA PRIMARĂ SCHITU FRUMOASA,Unitate de învățământ,AR,,Un schimb/zi,Buget,Publică de interes naţional şi local,  PRINCIPALA, 266,607033,0234380705,0234380706,scoala_balcanibacau@yahoo.com
2025-2026,BC,BEREŞTI-TAZLĂU,21347,RURAL,0461108292,ŞCOALA GIMNAZIALĂ BEREŞTI-TAZLĂU,ENĂCHEŞTI,21365,RURAL,,0462103468,ȘCOALA PRIMARĂ ENACHEȘTI,ȘCOALA PRIMARĂ ENACHEȘTI,Unitate de învățământ,AR,,Un schimb/zi,Buget,Publică de interes naţional şi local,  PRINCIPALA,317 ,607052,0234353009,0234353009,samberestitazlau@yahoo.com
2025-2026,BC,BEREŞTI-TAZLĂU,21347,RURAL,0461108292,ŞCOALA GIMNAZIALĂ BEREŞTI-TAZLĂU,TURLUIANU,21409,RURAL,,0462107074,ȘCOALA PRIMARĂ NR 2 TURLUIANU,ȘCOALA PRIMARĂ NR 2 TURLUIANU,Unitate de învățământ,AR,,Două schimburi/zi,Buget,Publică de interes naţional şi local,PRINCIPALA,66,60057,0234353009,0234353009,samberestitazlau@yahoo.com
2025-2026,BC,BERZUNŢI,21427,RURAL,0461107454,ŞCOALA GIMNAZIALĂ „ALEXANDRU CEL BUN” BERZUNŢI,BERZUNŢI,21427,RURAL,,0462105642,ŞCOALA PRIMARĂ NR 3 BERZUNŢI,ŞCOALA PRIMARĂ NR 3 BERZUNŢI,Unitate de învățământ,AR,,Un schimb/zi,Buget,Publică de interes naţional şi local,PRINCIPALĂ,2,607060,0234336006,0234336006,scoalaberzunti@yahoo.com
2025-2026,BC,BERZUNŢI,21427,RURAL,0461107454,ŞCOALA GIMNAZIALĂ „ALEXANDRU CEL BUN” BERZUNŢI,BUDA,21436,RURAL,,0462105615,ŞCOALA PRIMARĂ BUDA,ŞCOALA PRIMARĂ BUDA,Unitate de învățământ,AR,,Un schimb/zi,Buget,Publică de interes naţional şi local,PRINCIPALĂ, 1,607061,0234336006,0234336006,scoalaberzunti@yahoo.com
2025-2026,BC,BERZUNŢI,21427,RURAL,0461107454,ŞCOALA GIMNAZIALĂ „ALEXANDRU CEL BUN” BERZUNŢI,DRAGOMIR,21445,RURAL,,0462105696,ŞCOALA PRIMARĂ NR 1 DRAGOMIR,ŞCOALA PRIMARĂ NR 1 DRAGOMIR,Unitate de învățământ,AR,,Un schimb/zi,Buget,Publică de interes naţional şi local,PRINCIPALĂ, 1,607060,0234336006,0234336006,scoalaberzunti@yahoo.com
2025-2026,BC,BLĂGEŞTI,21515,RURAL,0461107386,ŞCOALA GIMNAZIALĂ NR 1 BLĂGEŞTI,BLĂGEŞTI,21515,RURAL,,0462100379,ȘCOALA PRIMARĂ BLĂGEȘTI,ȘCOALA PRIMARĂ BLĂGEȘTI,Unitate de învățământ,AR,,Un schimb/zi,Buget,Publică de interes naţional şi local,  PRINCIPALA,501,607065,0234268385,0234268386,scoalablagesti@yahoo.com
2025-2026,BC,BLĂGEŞTI,21515,RURAL,0461107386,ŞCOALA GIMNAZIALĂ NR 1 BLĂGEŞTI,VALEA LUI ION,21551,RURAL,,0462105918,ȘCOALA PRIMARĂ NR 2 VALEA LUI ION,ȘCOALA PRIMARĂ NR 2 VALEA LUI ION,Unitate de învățământ,AR,,Un schimb/zi,Buget,Publică de interes naţional şi local, PRINCIPALA, 1,607069,0234268053,0234268053,SC1VALEA@yahoo.com
2025-2026,BC,BRUSTUROASA,21604,RURAL,0461107775,ȘCOALA GIMNAZIALĂ „IOANA RADU ROSETTI” BRUSTUROASA,CAMENCA,21631,RURAL,,0462104166,ȘCOALA PRIMARĂ CAMENCA,ȘCOALA PRIMARĂ CAMENCA,Unitate de învățământ,AR,,Un schimb/zi,Buget,Publică de interes naţional şi local,  ȘCOLII,5,607078,0234381022,0234381022,brusturoasasam@Yahoo.com
2025-2026,BC,BRUSTUROASA,21604,RURAL,0461107775,ȘCOALA GIMNAZIALĂ „IOANA RADU ROSETTI” BRUSTUROASA,CUCHINIŞ,21640,RURAL,,0462104157,ȘCOALA PRIMARĂ CUCHINIS,ȘCOALA PRIMARĂ CUCHINIS,Unitate de învățământ,AR,,Un schimb/zi,Buget,Publică de interes naţional şi local,  ILIE RADU,222,607079,0234381022,0234381022,brusturoasasam@Yahoo.com
2025-2026,BC,BÂRSĂNEŞTI,21463,RURAL,0461105981,ŞCOALA GIMNAZIALĂ NR 1 BÎRSĂNEŞTI,CARACLĂU,21490,RURAL,,0462101733,ŞCOALA PRIMARĂ CARACLĂU,ŞCOALA PRIMARĂ CARACLĂU,Unitate de învățământ,AR,,Un schimb/zi,Buget,Publică de interes naţional şi local,CALEA ONEŞTIULUI, 49,607038,0234334024,0234334000,scoalabarsanesti@yahoo.com
2025-2026,BC,CHETRIŞ,25718,RURAL,0461107784,ȘCOALA GIMNAZIALĂ CHETRIȘ,FURNICARI,25727,RURAL,,0462103545,ȘCOALA PRIMARĂ FURNICARI,ȘCOALA PRIMARĂ FURNICARI,Unitate de învățământ,AR,,Un schimb/zi,Buget,Publică de interes naţional şi local, PRINCIPALA,1,607617,0234225404,0234225404,scoalachetris@yahoo.com
2025-2026,BC,COLONEŞTI,21908,RURAL,0461108455,ȘCOALA GIMNAZIALĂ „SMARANDA APOSTOLEANU” COLONEȘTI,CĂLINI,21917,RURAL,,0462104071,ȘCOALA PRIMARĂ CĂLINI,ȘCOALA PRIMARĂ CĂLINI,Unitate de învățământ,AR,,Un schimb/zi,Buget,Publică de interes naţional şi local,ŞCOLII,1,607111,0234287603,0234287603,scoalacolonesti@yahoo.com
2025-2026,BC,COLONEŞTI,21908,RURAL,0461108455,ȘCOALA GIMNAZIALĂ „SMARANDA APOSTOLEANU” COLONEȘTI,SATU NOU,21935,RURAL,,0462104098,ȘCOALA PRIMARĂ SATU-NOU,"ȘCOALA PRIMARĂ „ARHIMANDRIT VICTOR OJOG"" SATU-NOU",Unitate de învățământ,AR,,Un schimb/zi,Buget,Publică de interes naţional şi local,ŞCOLII,1,607113,0234287603,0234287603,scoalacolonesti@yahoo.com
2025-2026,BC,COMĂNEŞTI,20830,URBAN,0461107332,ŞCOALA GIMNAZIALĂ „CIPRIAN PORUMBESCU” COMĂNEŞTI,COMĂNEŞTI,20830,URBAN,,0462100931,ȘCOALA PRIMARĂ 5 BISS,ȘCOALA PRIMARĂ 5 BISS,Unitate de învățământ,AR,,Un schimb/zi,Buget,Publică de interes naţional şi local,LIBERTATII ,104,605200,0234374264,,scoalanr1comanesti@yahoo.com
2025-2026,BC,COMĂNEŞTI,20830,URBAN,0461107332,ŞCOALA GIMNAZIALĂ „CIPRIAN PORUMBESCU” COMĂNEŞTI,COMĂNEŞTI,20830,URBAN,,0462102259,ȘCOALA PRIMARĂ NR 6 COMĂNEȘTI,ȘCOALA PRIMARĂ NR 6 COMĂNEȘTI,Unitate de învățământ,AR,,Un schimb/zi,Buget,Publică de interes naţional şi local,CIRESOAIA,66 ,605200,0234374264,0234374264,scoalanr1comanesti@yahoo.com
2025-2026,BC,CORNII DE SUS,25772,RURAL,0461107092,ŞCOALA GIMNAZIALĂ CORNII DE SUS,GHERDANA,25790,RURAL,351497,0462108021,ȘCOALA PRIMARĂ GHERDANA,ȘCOALA PRIMARĂ GHERDANA,Unitate de învățământ,AR,,Un schimb/zi,Buget,Publică de interes naţional şi local, ÎNVĂȚĂTOR MÂNZA VASILE,66,607624,0234283239,0234286519,scoalacorniidesus@yahoo.com
2025-2026,BC,COŢOFĂNEŞTI,22068,RURAL,0461107169,ŞCOALA GIMNAZIALĂ COŢOFĂNEŞTI,BÂLCA,22077,RURAL,,0462102024,ȘCOALA PRIMARĂ BÂLCA,ȘCOALA PRIMARĂ BÂLCA,Unitate de învățământ,AR,,Un schimb/zi,Buget,Publică de interes naţional şi local,  PRINCIPALA,335,607130,0234330028,0234330028,sam_cotofanesti@go.ro
2025-2026,BC,COŢOFĂNEŞTI,22068,RURAL,0461107169,ŞCOALA GIMNAZIALĂ COŢOFĂNEŞTI,TĂMĂŞOAIA,22102,RURAL,,0462101977,ȘCOALA PRIMARĂ TĂMĂȘOAIA,ȘCOALA PRIMARĂ TĂMĂȘOAIA,Unitate de învățământ,AR,,Un schimb/zi,Buget,Publică de interes naţional şi local,  PRINCIPALA, 119,607130,0234330028,0234330028,sam_cotofanesti@go.ro
2025-2026,BC,CĂIUŢI,21766,RURAL,0461106593,ŞCOALA GIMNAZIALĂ „RĂDUCANU ROSETTI” CĂIUŢI,PRALEA,21837,RURAL,,0462106783,ȘCOALA PRIMARĂ PRALEA,ȘCOALA PRIMARĂ PRALEA,Unitate de învățământ,AR,,Un schimb/zi,Buget,Publică de interes naţional şi local,   PRINCIPALA, 56,607103,0234338903,0234338412,scoalacaiuti@yahoo.com
2025-2026,BC,DEALU MORII,22246,RURAL,0461108084,ȘCOALA GIMNAZIALĂ DEALU MORII,NEGULEŞTI,22362,RURAL,,0462104175,ȘCOALA PRIMARĂ NEGULEȘTI,ȘCOALA PRIMARĂ NEGULEȘTI,Unitate de învățământ,AR,,Un schimb/zi,Buget,Publică de interes naţional şi local,  PRINCIPALA, 302,607154,0234282623,0234282623,dealumoriiscoala@yahoo.com
2025-2026,BC,DOFTEANA,22399,RURAL,0461107418,ŞCOALA GIMNAZIALĂ „SCARLAT LONGHIN” DOFTEANA,ŞTEFAN VODĂ,22451,RURAL,,0462101308,ȘCOALA PRIMARĂ ȘTEFAN-VODĂ,ȘCOALA PRIMARĂ ȘTEFAN-VODĂ,Unitate de învățământ,AR,,Două schimburi/zi,Buget,Publică de interes naţional şi local,ŞTEFAN CEL MARE,28,607167,0234352088,0234352026,samdofteana@yahoo.com
2025-2026,BC,FILIPENI,22497,RURAL,0461107436,ŞCOALA GIMNAZIALĂ FILIPENI,FRUNTEŞTI,22521,RURAL,,0462102413,ȘCOALA PRIMARĂ FRUNTEȘTI,ȘCOALA PRIMARĂ FRUNTEȘTI,Unitate de învățământ,AR,,Un schimb/zi,Buget,Publică de interes naţional şi local, MIHAI VITEAZUL,62,607178,0234285502,0234285502,samfilipeni@yahoo.com
2025-2026,BC,FILIPENI,22497,RURAL,0461107436,ŞCOALA GIMNAZIALĂ FILIPENI,MĂRĂŞTI,22530,RURAL,,0462102431,ȘCOALA PRIMARĂ MĂRĂȘTI,ȘCOALA PRIMARĂ MĂRĂȘTI,Unitate de învățământ,AR,,Un schimb/zi,Buget,Publică de interes naţional şi local, PRINCIPALA,1,607179,0234285502,0234285502,samfilipeni@yahoo.com
2025-2026,BC,FILIPENI,22497,RURAL,0461107436,ŞCOALA GIMNAZIALĂ FILIPENI,VALEA BOŢULUI,22567,RURAL,,0462102381,ȘCOALA PRIMARĂ VALEA BOTULUI,ȘCOALA PRIMARĂ VALEA BOTULUI,Unitate de învățământ,AR,,Un schimb/zi,Buget,Publică de interes naţional şi local,PÂRÂU ROȘU,2,607183,0234285502,0234285502,samfilipeni@yahoo.com
2025-2026,BC,FILIPEŞTI,22585,RURAL,0461104962,ȘCOALA GIMNAZIALĂ FILIPEȘTI,CÂRLIGI,22601,RURAL,,0462103961,ȘCOALA PRIMARĂ CÂRLIGI,ȘCOALA PRIMARĂ CÂRLIGI,Unitate de învățământ,AR,,Două schimburi/zi,Buget,Publică de interes naţional şi local, PRINCIPALA,1,607187,0234215530,0234215530,scoalafilipestibc@yahoo.com
2025-2026,BC,FILIPEŞTI,22585,RURAL,0461104962,ȘCOALA GIMNAZIALĂ FILIPEȘTI,GALBENI,22638,RURAL,,0462103952,ȘCOALA PRIMARĂ GALBENI,ȘCOALA PRIMARĂ GALBENI,Unitate de învățământ,AR,,Un schimb/zi,Buget,Publică de interes naţional şi local, PRINCIPALA,1,607191,0234215530,0234215530,scoalafilipestibc@yahoo.com
2025-2026,BC,FILIPEŞTI,22585,RURAL,0461104962,ȘCOALA GIMNAZIALĂ FILIPEȘTI,HÂRLEŞTI,22647,RURAL,,0462104026,ȘCOALA PRIMARĂ HÂRLEȘTI,ȘCOALA PRIMARĂ HÂRLEȘTI,Unitate de învățământ,AR,,Un schimb/zi,Buget,Publică de interes naţional şi local,  PRINCIPALA, 113,607192,0234215530,0234215530,scoalafilipestibc@yahoo.com
2025-2026,BC,FĂGET,22727,RURAL,0461104998,LICEUL TEHNOLOGIC FĂGET,FĂGETU DE SUS,22745,RURAL,,0462100067,ȘCOALA PRIMARĂ FĂGETU DE SUS,ȘCOALA PRIMARĂ FĂGETU DE SUS,Unitate de învățământ,AR,,Un schimb/zi,Buget,Publică de interes naţional şi local,  PRINCIPALA,56,607208,0234385701,0234385701,sc_faget@yahoo.com
2025-2026,BC,FĂGET,22727,RURAL,0461104998,LICEUL TEHNOLOGIC FĂGET,RĂCHITIŞ,22763,RURAL,,0462100135,ȘCOALA PRIMARĂ RĂCHITIȘ,ȘCOALA PRIMARĂ RĂCHITIȘ,Unitate de învățământ,AR,,Un schimb/zi,Buget,Publică de interes naţional şi local,RĂCHITIŞ,83,607211,0234385701,0234385701,sc_faget@yahoo.com
2025-2026,BC,GLĂVĂNEŞTI,22843,RURAL,0461107133,ŞCOALA GIMNAZIALĂ GLĂVĂNEŞTI,FRUMUŞELU,22852,RURAL,,0462105538,"ŞCOALA PRIMARĂ „G_RAL GH.BERDAN"" FRUMUŞELU","ŞCOALA PRIMARĂ „GENERAL GHEORGHE BERDAN"" FRUMUŞELU",Unitate de învățământ,AR,,Un schimb/zi,Buget,Publică de interes naţional şi local,FUNDĂTURA, 44,607216,0234282012,0234282012,scoalaglavanesti@yahoo.com
2025-2026,BC,HURUIEŞTI,23056,RURAL,0461107689,ŞCOALA GIMNAZIALĂ „VASILE PÂRVAN” HURUIEŞTI,OCHENI,23092,RURAL,,0462100506,ȘCOALA PRIMARĂ „VASILE ADĂSCĂLIȚEI” OCHENI,ȘCOALA PRIMARĂ „VASILE ADĂSCĂLIȚEI” OCHENI,Unitate de învățământ,AR,,Program normal,Buget,Publică de interes naţional şi local,  PRINCIPALA,5 ,607254,0234286018,0234286018,scoalahuruiesti@yahoo.com
2025-2026,BC,ITEŞTI,21310,RURAL,0461107635,ŞCOALA GIMNAZIALĂ „GHEORGHE BANTAŞ” ITEŞTI,DUMBRAVA,21294,RURAL,,0462100257,ȘCOALA PRIMARĂ DUMBRAVA,ȘCOALA PRIMARĂ DUMBRAVA,Unitate de învățământ,AR,,Un schimb/zi,Buget,Publică de interes naţional şi local,CALEA ROMANULUI , 33,607044,0234216764,0234216764,scoalaitesti@yahoo.com
2025-2026,BC,LIPOVA,23216,RURAL,0461108387,ȘCOALA GIMNAZIALĂ „MIHAI EMINESCU” LIPOVA,VALEA CASELOR,23243,RURAL,,0462103079,ȘCOALA PRIMARĂ VALEA CASELOR,ȘCOALA PRIMARĂ VALEA CASELOR,Unitate de învățământ,AR,,Un schimb/zi,Buget,Publică de interes naţional şi local,  PRINCIPALA, 1,607278,0234220614,0234220614,m_eminescu_lipova@yahoo.com
2025-2026,BC,LIPOVA,23216,RURAL,0461108387,ȘCOALA GIMNAZIALĂ „MIHAI EMINESCU” LIPOVA,VALEA HOGEI,23252,RURAL,,0462103138,ȘCOALA PRIMARĂ VALEA HOGEI,ȘCOALA PRIMARĂ VALEA HOGEI,Unitate de învățământ,AR,,Un schimb/zi,Buget,Publică de interes naţional şi local,  PRINCIPALA, 1,607279,0234220614,0234220614,m_eminescu_lipova@yahoo.com
2025-2026,BC,LIVEZI,23298,RURAL,0461104641,ŞCOALA GIMNAZIALĂ NR.1 LIVEZI,BĂLĂNEASA,23305,RURAL,,0462105217,ŞCOALA PRIMARĂ NR 1 BĂLĂNEASA,ŞCOALA PRIMARĂ NR 1 BĂLĂNEASA,Unitate de învățământ,AR,,Un schimb/zi,Buget,Publică de interes naţional şi local, PRINCIPALĂ,1,607286,0234332007,0234332007,scoala_livezi@yahoo.com
2025-2026,BC,LIVEZI,23298,RURAL,0461104641,ŞCOALA GIMNAZIALĂ NR.1 LIVEZI,LIVEZI,23298,RURAL,,0462105176,ŞCOALA PRIMARĂ NR 2 LIVEZI,ŞCOALA PRIMARĂ NR 2 LIVEZI,Unitate de învățământ,AR,,Un schimb/zi,Buget,Publică de interes naţional şi local,  PRINCIPALĂ, 200,607285,0234332007,0234332007,scoalalivezi@yahoo.com
2025-2026,BC,LIVEZI,23298,RURAL,0461104641,ŞCOALA GIMNAZIALĂ NR.1 LIVEZI,ORĂŞA,23314,RURAL,,0462105244,ŞCOALA PRIMARĂ ORĂŞA,ŞCOALA PRIMARĂ ORĂŞA,Unitate de învățământ,AR,,Un schimb/zi,Buget,Publică de interes naţional şi local,  PRINCIPALĂ, 270,607287,0234332007,0234332007,scoala_livezi@yahoo.com
2025-2026,BC,LIVEZI,23298,RURAL,0461104641,ŞCOALA GIMNAZIALĂ NR.1 LIVEZI,PRAJOAIA,23332,RURAL,,0462105167,ŞCOALA PRIMARĂ PRĂJOAIA,ŞCOALA PRIMARĂ PRĂJOAIA,Unitate de învățământ,AR,,Un schimb/zi,Buget,Publică de interes naţional şi local,  PRINCIPALĂ,129,607289,0234332007,0234332007,scoala_livezi@yahoo.com
2025-2026,BC,LIVEZI,23298,RURAL,0461104641,ŞCOALA GIMNAZIALĂ NR.1 LIVEZI,SCĂRIGA,23341,RURAL,,0462105149,ŞCOALA PRIMARĂ SCĂRIGA,ŞCOALA PRIMARĂ SCĂRIGA,Unitate de învățământ,AR,,Un schimb/zi,Buget,Publică de interes naţional şi local, PRINCIPALĂ, 23,607291,0234332007,0234332007,scoala_livezi@yahoo.com
2025-2026,BC,MOTOŞENI,23500,RURAL,0461106557,ŞCOALA GIMNAZIALĂ „GHEORGHE NECHITA” MOTOŞENI,CHETRENI,23528,RURAL,,0462102598,ȘCOALA PRIMARĂ CHETRENI,ȘCOALA PRIMARĂ CHETRENI,Unitate de învățământ,AR,,Un schimb/zi,Buget,Publică de interes naţional şi local,  PRINCIPALA, 23,607338,0234284016,0234284016,scoalamotoseni@yahoo.com
2025-2026,BC,MOTOŞENI,23500,RURAL,0461106557,ŞCOALA GIMNAZIALĂ „GHEORGHE NECHITA” MOTOŞENI,POIANA,23591,RURAL,,0462102544,ȘCOALA PRIMARĂ POIANA,ȘCOALA PRIMARĂ POIANA,Unitate de învățământ,AR,,Un schimb/zi,Buget,Publică de interes naţional şi local,  PRINCIPALA,7 ,607336,0234284016,0234284016,scoalamotoseni@yahoo.com
2025-2026,BC,MOTOŞENI,23500,RURAL,0461106557,ŞCOALA GIMNAZIALĂ „GHEORGHE NECHITA” MOTOŞENI,ŢEPOAIA,23635,RURAL,,0462102603,ȘCOALA PRIMARĂ ȚEPOAIA,ȘCOALA PRIMARĂ ȚEPOAIA,Unitate de învățământ,AR,,Un schimb/zi,Buget,Publică de interes naţional şi local,  PRINCIPALA, 8,607341,0234284016,0234284016,scoalamotoseni@yahoo.com
2025-2026,BC,NEGOIEŞTI,20723,RURAL,0461104908,ŞCOALA GIMNAZIALĂ NR 1 NEGOIEŞTI,GUTINAŞ,20714,RURAL,,0462106367,ŞCOALA PRIMARĂ GUTINAŞ,ŞCOALA PRIMARĂ GUTINAŞ,Unitate de învățământ,AR,,Două schimburi/zi,Buget,Publică de interes naţional şi local,PRINCIPALĂ, 73,607605,0234339004,0234339004,scoalanegoiesti@yahoo.com
2025-2026,BC,NICOLAE BĂLCESCU,23724,RURAL,0461107264,"ŞCOALA GIMNAZIALĂ „NICOLAE BĂLCESCU"" NICOLAE BĂLCESCU",LĂRGUŢA,23760,RURAL,,0462105425,ȘCOALA PRIMARĂ LĂRGUȚA,ȘCOALA PRIMARĂ LĂRGUȚA,Unitate de învățământ,AR,,Un schimb/zi,Buget,Publică de interes naţional şi local, PRINCIPALA,1,607359,0234214043,0234214043,scoalabalcescu@yahoo.com
2025-2026,BC,ONCEŞTI,23877,RURAL,0461107237,ŞCOALA GIMNAZIALĂ ONCEŞTI,DEALU PERJULUI,23895,RURAL,,0462101588,ȘCOALA PRIMARĂ DEALU PERJULUI,ȘCOALA PRIMARĂ DEALU PERJULUI,Unitate de învățământ,AR,,Un schimb/zi,Buget,Publică de interes naţional şi local,MARIA PLOAIE,22,607379,0234288618,0234288622,scoala_oncesti@yahoo.com
2025-2026,BC,ONCEŞTI,23877,RURAL,0461107237,ŞCOALA GIMNAZIALĂ ONCEŞTI,TARNIŢA,23920,RURAL,,0462101597,SCOALA PRIMARA TARNITA,ȘCOALA PRIMARĂ TARNIȚA,Unitate de învățământ,AR,,Un schimb/zi,Buget,Publică de interes naţional şi local,EROILOR,88,607379,0234288618,0234288622,scoala_oncesti@yahoo.com
2025-2026,BC,ORBENI,23957,RURAL,0461106566,ŞCOALA GIMNAZIALĂ NR 1 ORBENI,SCURTA,23966,RURAL,,0462106851,ȘCOALA PRIMARĂ NR 3 SCURTA,ȘCOALA PRIMARĂ NR 3 SCURTA,Unitate de învățământ,AR,,Un schimb/zi,Buget,Publică de interes naţional şi local, ȘCOLII,30,607385,0334566213,0234255506,scoala1orbeni@yahoo.com
2025-2026,BC,PALANCA,23984,RURAL,0461106028,ȘCOALA GIMNAZIALĂ PALANCA,POPOIU,24025,RURAL,,0462104469,ȘCOALA PRIMARĂ POPOIU,ȘCOALA PRIMARĂ POPOIU,Unitate de învățământ,AR,,Un schimb/zi,Buget,Publică de interes naţional şi local,  PRINCIPALĂ, 1,607390,0234385014,0234385014,scoala_palanca@yahoo.com
2025-2026,BC,PARINCEA,24098,RURAL,0461108093,LICEUL TEHNOLOGIC „GEORGETA J. CANCICOV” PARINCEA,BARNA,24105,RURAL,,0462100619,ȘCOALA PRIMARĂ BARNA,ȘCOALA PRIMARĂ BARNA,Unitate de învățământ,AR,,Un schimb/zi,Buget,Publică de interes naţional şi local, PRINCIPALA, 5,600409,0234226678,0234226678,cdi_parincea@yahoo.com
2025-2026,BC,PARINCEA,24098,RURAL,0461108093,LICEUL TEHNOLOGIC „GEORGETA J. CANCICOV” PARINCEA,NĂNEŞTI,24132,RURAL,,0462100578,ȘCOALA PRIMARĂ NĂNEȘTI,ȘCOALA PRIMARĂ NĂNEȘTI,Unitate de învățământ,AR,,Un schimb/zi,Buget,Publică de interes naţional şi local, PRINCIPALA, 1,600400,0234226678,0234226678,cdi_parincea@yahoo.com
2025-2026,BC,PARINCEA,24098,RURAL,0461108093,LICEUL TEHNOLOGIC „GEORGETA J. CANCICOV” PARINCEA,VĂLENI,23038,RURAL,,0462100524,ȘCOALA PRIMARĂ VĂLENI,ȘCOALA PRIMARĂ VĂLENI,Unitate de învățământ,AR,,Un schimb/zi,Buget,Publică de interes naţional şi local, PRINCIPALA, 85,600400,0234226678,0234226678,cdi_parincea@yahoo.com
2025-2026,BC,PLOPANA,24436,RURAL,0461104677,ŞCOALA GIMNAZIALĂ PLOPANA,BUDEŞTI,24445,RURAL,,0462103174,ȘCOALA PRIMARĂ BUDEȘTI,ȘCOALA PRIMARĂ BUDEȘTI,Unitate de învățământ,AR,,Un schimb/zi,Buget,Publică de interes naţional şi local,  PRINCIPALA,28,607441,0234220013,0234220013,scoala_plopana@yahoo.com
2025-2026,BC,PODU TURCULUI,24533,RURAL,0461107576,LICEUL TEHNOLOGIC „ALEXANDRU VLAHUȚĂ” PODU TURCULUI,CĂBEŞTI,24551,RURAL,,0462103866,ȘCOALA PRIMARĂ CĂBEȘTI,ȘCOALA PRIMARĂ CĂBEȘTI,Unitate de învățământ,AR,,Un schimb/zi,Buget,Publică de interes naţional şi local,  PRINCIPALA, 1,607452,0234289725,0234289503,liceupoduturcului@yahoo.com
2025-2026,BC,PODU TURCULUI,24533,RURAL,0461107576,LICEUL TEHNOLOGIC „ALEXANDRU VLAHUȚĂ” PODU TURCULUI,SÂRBI,24622,RURAL,,0462103839,ŞCOALA PRIMARĂ SÂRBI,ŞCOALA PRIMARĂ SÂRBI,Unitate de învățământ,AR,,Un schimb/zi,Buget,Publică de interes naţional şi local,PRINCIPALA, 1,607461,0234289725,0234289725,liceupoduturcului@yahoo.com
2025-2026,BC,PÂNCEŞTI,24196,RURAL,0461105045,ŞCOALA GIMNAZIALĂ NR. 1 PÂNCEŞTI,SOCI,24267,RURAL,,0462100682,ȘCOALA PRIMARĂ SOCI,ȘCOALA PRIMARĂ SOCI,Unitate de învățământ,AR,,Un schimb/zi,Buget,Publică de interes naţional şi local,  SPERANȚEI,22,607423,0234288152,0234288152,scoala1pincesti@yahoo.com
2025-2026,BC,ROŞIORI,25004,RURAL,0461107897,ŞCOALA GIMNAZIALĂ NR. 1 ROŞIORI,POIENI,25031,RURAL,,0462101014,ȘCOALA PRIMARĂ POIENI,ȘCOALA PRIMARĂ POIENI,Unitate de învățământ,AR,,Un schimb/zi,Buget,Publică de interes naţional şi local, PRINCIPALA, 45,607510,0234228501,0234228501,scoalagimnazialanr.1rosiori@e-isjbacau.ro
2025-2026,BC,ROŞIORI,25004,RURAL,0461107897,ŞCOALA GIMNAZIALĂ NR. 1 ROŞIORI,VALEA MARE,25040,RURAL,,0462101032,ȘCOALA PRIMARĂ VALEA MARE,ȘCOALA PRIMARĂ VALEA MARE,Unitate de învățământ,AR,,Un schimb/zi,Buget,Publică de interes naţional şi local, CALEA BACĂULUI,83,607514,0234228554,0234228501,scoalagimnazialanr.1rosiori@e-isjbacau.ro
2025-2026,BC,RĂCHITOASA,24846,RURAL,0461108283,LICEUL TEHNOLOGIC RĂCHITOASA,BARCANA,24855,RURAL,,0462101109,ȘCOALA PRIMARĂ BARCANA,ȘCOALA PRIMARĂ BARCANA,Unitate de învățământ,AR,,Un schimb/zi,Buget,Publică de interes naţional şi local, PRINCIPALA,18,607491,0234287030,0234287030,scoalarachitoasa@gmail.com
2025-2026,BC,RĂCHITOASA,24846,RURAL,0461108283,LICEUL TEHNOLOGIC RĂCHITOASA,DUMBRAVA,24908,RURAL,,0462101095,ȘCOALA PRIMARĂ DUMBRAVA,ȘCOALA PRIMARĂ DUMBRAVA,Unitate de învățământ,AR,,Două schimburi/zi,Buget,Publică de interes naţional şi local, DUMBRAVEI,68,607222,0234287030,0234287030,scoalarachitoasa@gmail.com
2025-2026,BC,RĂCĂCIUNI,24775,RURAL,0461107255,ȘCOALA GIMNAZIALĂ RĂCĂCIUNI,CIUCANI,24784,RURAL,,0462104365,ȘCOALA PRIMARĂ CIUCANI,ȘCOALA PRIMARĂ CIUCANI,Unitate de învățământ,AR,,Un schimb/zi,Buget,Publică de interes naţional şi local,  PRINCIPALA, 109,607481,0234251252,0234251252,samracaciuni@gmail.com
2025-2026,BC,RĂCĂCIUNI,24775,RURAL,0461107255,ȘCOALA GIMNAZIALĂ RĂCĂCIUNI,GÂŞTENI,24819,RURAL,,0462104424,ȘCOALA PRIMARĂ GÂȘTENI,ȘCOALA PRIMARĂ GÂȘTENI,Unitate de învățământ,AR,,Un schimb/zi,Buget,Publică de interes naţional şi local,  PRINCIPALA, 1,607483,0234251252,0234251252,samracaciuni@gmail.com
2025-2026,BC,RĂCĂCIUNI,24775,RURAL,0461107255,ȘCOALA GIMNAZIALĂ RĂCĂCIUNI,RĂCĂCIUNI,24775,RURAL,,0462104415,ȘCOALA PRIMARĂ NR 2 RĂCĂCIUNI,ȘCOALA PRIMARĂ NR 2 RĂCĂCIUNI,Unitate de învățământ,AR,,Un schimb/zi,Buget,Publică de interes naţional şi local, STEFAN CEL MARE, 109,607480,0234251252,0234251252,samracaciuni@gmail.com
2025-2026,BC,SASCUT,25077,RURAL,0461108039,ŞCOALA GIMNAZIALĂ „EXPLORATOR TEODOR GHEORGHE NEGOIȚĂ” SASCUT,BEREŞTI,25086,RURAL,,0462101552,ȘCOALA PRIMARĂ BEREȘTI,ȘCOALA PRIMARĂ BEREȘTI,Unitate de învățământ,AR,,Un schimb/zi,Buget,Publică de interes naţional şi local,SPANTELIMONF. ,12,607520,0234280433,0234280433,scoalasascut@yahoo.com
2025-2026,BC,SECUIENI,25371,RURAL,0461107196,ŞCOALA GIMNAZIALĂ SECUIENI,GLODIŞOARELE,25433,RURAL,,0462105063,ŞCOALA PRIMARĂ GLODIŞOARELE,ŞCOALA PRIMARĂ GLODIŞOARELE,Unitate de învățământ,AR,,Un schimb/zi,Buget,Publică de interes naţional şi local, ȘOIMULUI,4,607570,0234223091,0234223091,secuieniscoala@yahoo.com
2025-2026,BC,STRUGARI,25638,RURAL,0461104876,ȘCOALA GIMNAZIALĂ STRUGARI,RĂCHITIŞU,25683,RURAL,,0462103613,ȘCOALA PRIMARĂ RĂCHITIȘ,ȘCOALA PRIMARĂ RĂCHITIȘ,Unitate de învățământ,AR,,Un schimb/zi,Buget,Publică de interes naţional şi local,CANTONULUI,15,607601,0234388804,0234388804,scoala_strugari@yahoo.com
2025-2026,BC,STĂNIŞEŞTI,25530,RURAL,0461107359,ȘCOALA GIMNAZIALĂ „GEORGE APOSTU” STĂNIȘEȘTI,CRĂIEŞTI,25576,RURAL,,0462103798,ȘCOALA PRIMARĂ CRĂIEȘTI,ȘCOALA PRIMARĂ CRĂIEȘTI,Unitate de învățământ,AR,,Un schimb/zi,Buget,Publică de interes naţional şi local, PRINCIPALA,1,607589,0234284620,0234284620,scgapostu@yahoo.com
2025-2026,BC,STĂNIŞEŞTI,25530,RURAL,0461107359,ȘCOALA GIMNAZIALĂ „GEORGE APOSTU” STĂNIȘEȘTI,SLOBOZIA,25594,RURAL,,0462103753,ȘCOALA PRIMARĂ NR 2 SLOBOZIA,ȘCOALA PRIMARĂ NR 2 SLOBOZIA,Unitate de învățământ,AR,,Un schimb/zi,Buget,Publică de interes naţional şi local,PRINCIPALA,1,607592,0234284620,0234284620,scgapostu@yahoo.com
2025-2026,BC,SĂUCEŞTI,25237,RURAL,0461107187,"ŞCOALA GIMNAZIALĂ „IONIŢĂ SANDU STURDZA"" SĂUCEŞTI",BOGDAN VODĂ,25246,RURAL,,0462105737,ŞCOALA PRIMARĂ BOGDAN-VODĂ,ŞCOALA PRIMARĂ BOGDAN-VODĂ,Unitate de învățământ,AR,,Un schimb/zi,Buget,Publică de interes naţional şi local,CALEA ROMANULUI,151,607540,0234215338,0234215338,scoalaissturdza@gmail.com
2025-2026,BC,SĂUCEŞTI,25237,RURAL,0461107187,"ŞCOALA GIMNAZIALĂ „IONIŢĂ SANDU STURDZA"" SĂUCEŞTI",SCHINENI,25264,RURAL,,0462105701,ŞCOALA PRIMARĂ SCHINENI,ŞCOALA PRIMARĂ SCHINENI,Unitate de învățământ,AR,,Un schimb/zi,Buget,Publică de interes naţional şi local,ŞTEFAN CEL MARE,121,607543,0234215338,0234215338,scoalaissturdza@gmail.com
2025-2026,BC,SĂUCEŞTI,25237,RURAL,0461107187,"ŞCOALA GIMNAZIALĂ „IONIŢĂ SANDU STURDZA"" SĂUCEŞTI",ŞERBEŞTI,25282,RURAL,,0462105719,ŞCOALA PRIMARĂ ŞERBEŞTI,ŞCOALA PRIMARĂ ŞERBEŞTI,Unitate de învățământ,AR,,Un schimb/zi,Buget,Publică de interes naţional şi local,ŞCOLII ,31,607546,0234215338,0234215338,scoalaissturdza@gmail.com
2025-2026,BC,TRAIAN,25870,RURAL,0461104686,ŞCOALA GIMNAZIALĂ TRAIAN,BOGDĂNEŞTI,25889,RURAL,,0462100845,ȘCOALA PRIMARȘ BOGDĂNEȘTI,ȘCOALA PRIMARĂ BOGDĂNEȘTI,Unitate de învățământ,AR,,Un schimb/zi,Buget,Publică de interes naţional şi local, PRINCIPALA,1,607636,0234221031,0234221031,scoalatraianbacau@yahoo.com
2025-2026,BC,TRAIAN,25870,RURAL,0461104686,ŞCOALA GIMNAZIALĂ TRAIAN,ZĂPODIA,25923,RURAL,,0462100854,ȘCOALA PRIMARĂ ZĂPODIA,ȘCOALA PRIMARĂ ZĂPODIA,Unitate de învățământ,AR,,Două schimburi/zi,Buget,Publică de interes naţional şi local,PRINCIPALA,242,607641,0234221031,0234221031,scoalatraianbacau@yahoo.com
2025-2026,BC,UNGURENI,25941,RURAL,0461108315,ŞCOALA GIMNAZIALĂ UNGURENI,BĂRTĂŞEŞTI,25950,RURAL,,0462106168,ŞCOALA PRIMARĂ BĂRTĂŞEŞTI,ŞCOALA PRIMARĂ BĂRTĂŞEŞTI,Unitate de învățământ,AR,,Un schimb/zi,Buget,Publică de interes naţional şi local,PRINICPALĂ,1,607646,0234227008,0234227008,scoala_ungureni-bacau@yahoo.com
2025-2026,BC,URECHEŞTI,26038,RURAL,0461108003,ŞCOALA GIMNAZIALĂ URECHEŞTI,URECHEŞTI,26038,RURAL,,0462107011,ŞCOALA PRIMARĂ URECHEȘTI,ŞCOALA PRIMARĂ URECHEȘTI,Unitate de învățământ,AR,,Program normal,Buget,Publică de interes naţional şi local,REGINA MARIA, 368,607655,0234335572,0234335572,scoala.urechesti@yahoo.com
2025-2026,BC,VALEA LUI ION,21551,RURAL,0461107594,ŞCOALA GIMNAZIALĂ „ION ROTARU” VALEA LUI ION,POIANA NEGUSTORULUI,21533,RURAL,,0462105927,ȘCOALA POIANA NEGUSTORULUI,ȘCOALA PRIMARĂ POIANA NEGUSTORULUI,Unitate de învățământ,AR,,Două schimburi/zi,Buget,Publică de interes naţional şi local,EROU SCRIPCARU GHEORGHE,70,607067,0234268053,0234268053,scoalagimnazialaionrotaruvalealuiion@e-isjbacau.ro
2025-2026,BC,VALEA LUI ION,21551,RURAL,0461107594,ŞCOALA GIMNAZIALĂ „ION ROTARU” VALEA LUI ION,ŢÂRDENII MARI,21542,RURAL,,0462105972,ȘCOALA PRIMARĂ ȚÂRDENII MARI,ȘCOALA PRIMARĂ ȚÂRDENII MARI,Unitate de învățământ,AR,,Un schimb/zi,Buget,Publică de interes naţional şi local, PRINCIPALA, 1,607068,0234268053,0234268053,SC1VALEA@yahoo.com
2025-2026,BC,VALEA SEACĂ,26092,RURAL,0461107644,ŞCOALA GIMNAZIALĂ NR 1 VALEA SEACĂ,CUCOVA,26109,RURAL,,0462100809,ȘCOALA PRIMARĂ CUCOVA,ȘCOALA PRIMARĂ CUCOVA,Unitate de învățământ,AR,,Un schimb/zi,Buget,Publică de interes naţional şi local, PRINCIPALA,60BIS,607660,0234255004,0234255004,scoalavaleaseaca@yahoo.com
2025-2026,BC,VALEA SEACĂ,26092,RURAL,0461107644,ŞCOALA GIMNAZIALĂ NR 1 VALEA SEACĂ,VALEA SEACĂ,26092,RURAL,,0462100827,ȘCOALA PRIMARĂ NR 3 VALEA SEACĂ,ȘCOALA PRIMARĂ NR 3 VALEA SEACĂ,Unitate de învățământ,AR,,Două schimburi/zi,Buget,Publică de interes naţional şi local, PRINCIPALA,818,607660,0234255004,0234255004,scoalavaleaseaca@yahoo.com
2025-2026,BC,VULTURENI,26270,RURAL,0461104935,ŞCOALA GIMNAZIALĂ VULTURENI,DĂDEŞTI,26145,RURAL,,0462102942,ŞCOALA PRIMARĂ DĂDEȘTI,ŞCOALA PRIMARĂ DĂDEȘTI,Unitate de învățământ,AR,,Program normal,Buget,Publică de interes naţional şi local, PRINCIPALA,1,607667,0234285018,0234285018,scoalavultureni@yahoo.com
2025-2026,BC,VULTURENI,26270,RURAL,0461104935,ŞCOALA GIMNAZIALĂ VULTURENI,GHILĂVEŞTI,26163,RURAL,,0462102951,ȘCOALA PRIMARĂ GHILĂVEȘTI,ȘCOALA PRIMARĂ GHILĂVEȘTI,Unitate de învățământ,AR,,Un schimb/zi,Buget,Publică de interes naţional şi local, PRINCIPALA,1,607669,0234285018,0234285018,scoalavultureni@yahoo.com
2025-2026,BC,VULTURENI,26270,RURAL,0461104935,ŞCOALA GIMNAZIALĂ VULTURENI,GODINEŞTII DE JOS,26172,RURAL,,0462102978,"ȘCOALA PRIMARĂ „V. DOBROVICI"" GODINEȘTII DE JOS","ȘCOALA PRIMARĂ „VASILE DOBROVICI"" GODINEȘTII DE JOS",Unitate de învățământ,AR,,Un schimb/zi,Buget,Publică de interes naţional şi local, PRINCIPALA, 1,607671,0234285018,0234285018,scoalavultureni@yahoo.com
2025-2026,BC,VULTURENI,26270,RURAL,0461104935,ŞCOALA GIMNAZIALĂ VULTURENI,TOMOZIA,26225,RURAL,,0462102933,ȘCOALA PRIMARĂ TOMOZIA,ȘCOALA PRIMARĂ TOMOZIA,Unitate de învățământ,AR,,Un schimb/zi,Buget,Publică de interes naţional şi local, PRINCIPALA, 29,607678,0234285018,0234285018,scoalavultureni@yahoo.com
2025-2026,BH,ALEŞD,26706,URBAN,0561100174,"LICEUL TEORETIC „CONSTANTIN ȘERBAN"" ALEȘD",ALEŞD,26706,URBAN,,0562109925,ȘCOALA PRIMARĂ NR. 2 ALEȘD,ȘCOALA PRIMARĂ NR. 2 ALEȘD,Unitate de învățământ,AR,,Un schimb/zi,Buget,Publică de interes naţional şi local,strada Viilor,2,415100,0259342432,0259342432,liceulteoreticcserban@gmail.com
2025-2026,BH,ALEŞD,26706,URBAN,0561100174,"LICEUL TEORETIC „CONSTANTIN ȘERBAN"" ALEȘD",ALEŞD,26706,URBAN,,0562109165,ȘCOALA PRIMARĂ NR.1 ALEȘD,ȘCOALA PRIMARĂ NR.1 ALEȘD,Unitate de învățământ,AR,,Un schimb/zi,Buget,Publică de interes naţional şi local,Ciocarliei nr. 4; strada Nașterea Sf. Ioan Botezătorul nr. 23,.,415100,0259342432,0259342432,liceulteoreticcserban@gmail.com
2025-2026,BH,AUŞEU,27221,RURAL,0561101225,"ŞCOALA GIMNAZIALĂ „ALEXANDRU ROMAN"" AUŞEU",GROŞI,27267,RURAL,1196545,0562102719,ŞCOALA PRIMARĂ NR.1 GROŞI,ŞCOALA PRIMARĂ NR.1 GROŞI,Unitate de învățământ,AR,,Un schimb/zi,Buget,Publică de interes naţional şi local, sat Grosi,42,417029,0259447040,0259447040,scoalaalexandruromanauseu@yahoo.com
2025-2026,BH,AŞTILEU,26751,RURAL,0561108286,ŞCOALA GIMNAZIALĂ NR.1 AŞTILEU,AŞTILEU,26751,RURAL,1196480,0562104047,ŞCOALA PRIMARĂ NR.1 AŞTILEU REFRACTAR,ŞCOALA PRIMARĂ NR.1 AŞTILEU REFRACTAR,Unitate de învățământ,AR,,Un schimb/zi,Buget,Publică de interes naţional şi local,Principala,137/A,417020,0259349002,0259349002,scoala.astileu@yahoo.com
2025-2026,BH,AŞTILEU,26751,RURAL,0561108286,ŞCOALA GIMNAZIALĂ NR.1 AŞTILEU,CĂLĂŢEA,26760,RURAL,360369,0562104065,ŞCOALA PRIMARĂ NR.2 CĂLĂŢEA,ŞCOALA PRIMARĂ NR.2 CĂLĂŢEA,Unitate de învățământ,AR,,Un schimb/zi,Buget,Publică de interes naţional şi local,Principala,143,417021,0259349091,0259349002,scoala.astileu@yahoo.com
2025-2026,BH,BALC,27338,RURAL,0561100839,ŞCOALA GIMNAZIALĂ NR.1 BALC,ALMAŞU MIC,27356,RURAL,360644,0562106863,ŞCOALA PRIMARĂ NR.1 ALMAŞU MIC,ŞCOALA PRIMARĂ NR.1 ALMAŞU MIC,Unitate de învățământ,AR,,Un schimb/zi,Buget,Publică de interes naţional şi local,Principala,136,417042,0259428940,0259326315,scoalabalc@yahoo.com
2025-2026,BH,BALC,27338,RURAL,0561100839,ŞCOALA GIMNAZIALĂ NR.1 BALC,SĂLDĂBAGIU DE BARCĂU,27374,RURAL,360668,0562106845,ŞCOALA PRIMARĂ NR.2 SĂLDĂBAGIU DE BARCĂU,ŞCOALA PRIMARĂ NR.2 SĂLDĂBAGIU DE BARCĂU,Unitate de învățământ,AR,,Un schimb/zi,Buget,Publică de interes naţional şi local,Principala,190,417044,0259326315,0259326315,scoalabalc@yahoo.com
2025-2026,BH,BIHARIA,27445,RURAL,0561101668,"ȘCOALA GIMNAZIALĂ „GÁSPÁR ANDRÁS"" BIHARIA",CAUACEU,27454,RURAL,1196571,0562104897,"ȘCOALA PRIMARĂ „CSOKONAI VITEZ MIHALY"" CAUACEU","ȘCOALA PRIMARĂ „CSOKONAI VITEZ MIHALY"" CAUACEU",Unitate de învățământ,AR,,Un schimb/zi,Buget,Publică de interes naţional şi local,sat Cauaceu, 178,417051,0259369695,0259369695,agaspar.biharia@gmail.com
2025-2026,BH,BRATCA,27695,RURAL,0561108404,LICEUL TEORETIC NR.1 BRATCA,BEZNEA,27711,RURAL,969373,0562107864,ŞCOALA PRIMARĂ NR.3 BEZNEA,ŞCOALA PRIMARĂ NR.3 BEZNEA,Unitate de învățământ,AR,,Un schimb/zi,Buget,Publică de interes naţional şi local,Principala,601,417081,0259315651,0259315651,litbratca@yahoo.com
2025-2026,BH,BRATCA,27695,RURAL,0561108404,LICEUL TEORETIC NR.1 BRATCA,DAMIŞ,27702,RURAL,361052,0562107796,ŞCOALA PRIMARĂ NR.2 DAMIŞ,ŞCOALA PRIMARĂ NR.2 DAMIŞ,Unitate de învățământ,AR,,Un schimb/zi,Buget,Publică de interes naţional şi local,principala, 240,417082,0259473582,0259315651,litbratca@yahoo.com
2025-2026,BH,BRATCA,27695,RURAL,0561108404,LICEUL TEORETIC NR.1 BRATCA,VALEA CRIŞULUI,27748,RURAL,361038,0562107873,ŞCOALA PRIMARĂ NR.1 VALEA CRIŞULUI,ŞCOALA PRIMARĂ NR.1 VALEA CRIŞULUI,Unitate de învățământ,AR,,Un schimb/zi,Buget,Publică de interes naţional şi local,PRINCIPALA, 180,417086,0259315651,0259315651,litbratca@yahoo.com
2025-2026,BH,BRUSTURI,27766,RURAL,0561101035,ȘCOALA GIMNAZIALĂ NR.1 BRUSTURI,ŢIGĂNEŞTII DE CRIŞ,27828,RURAL,361131,0562102805,ȘCOALA PRIMARĂ NR.1 ȚIGĂNEȘTI DE CRIȘ,ȘCOALA PRIMARĂ NR.1 ȚIGĂNEȘTI DE CRIȘ,Unitate de învățământ,AR,,Un schimb/zi,Buget,Publică de interes naţional şi local,Principala,49,417097,0743885952,0259326798,s08brusturi@yahoo.com
2025-2026,BH,BUDOI,30595,RURAL,0561101112,LICEUL TEORETIC „JOZEF KOZÁČEK” BUDOI,VĂRZARI,30620,RURAL,363464,0562105559,ȘCOALA PRIMARĂ NR.1 VĂRZARI,ȘCOALA PRIMARĂ NR.1 VĂRZARI,Unitate de învățământ,AR,,Un schimb/zi,Buget,Publică de interes naţional şi local,Principala,25,417396,0259327034,0259327034,lit_budoi@yahoo.com
2025-2026,BH,BUDUREASA,27855,RURAL,0561101727,ȘCOALA GIMNAZIALĂ NR.1 BUDUREASA,BUDUREASA,27855,RURAL,1196662,0562102981,ȘCOALA PRIMARĂ NR.1 BUDUREASA-GRUI,ȘCOALA PRIMARĂ NR.1 BUDUREASA-GRUI,Unitate de învățământ,AR,,Un schimb/zi,Buget,Publică de interes naţional şi local,Principala,161B,417100,0359412058,0259320940,s08budureasa_bihor@yahoo.com
2025-2026,BH,BULZ,27944,RURAL,0561101632,ȘCOALA GIMNAZIALĂ NR.1 BULZ,REMEŢI,27962,RURAL,361284,0562104124,ȘCOALA PRIMARĂ NR.1 REMEȚI,ȘCOALA PRIMARĂ NR.1 REMEȚI,Unitate de învățământ,AR,,Un schimb/zi,Buget,Publică de interes naţional şi local,Principala,326,417113,0259328056,0259328056,scoala_bulz@yahoo.com
2025-2026,BH,BUNTEŞTI,27980,RURAL,0561101641,ȘCOALA GIMNAZIALĂ NR.1 BUNTEȘTI,STÂNCEŞTI,28068,RURAL,361325,0562103195,ȘCOALA PRIMARĂ NR. 1 STÂNCEȘTI,ȘCOALA PRIMARĂ NR. 1 STÂNCEȘTI,Unitate de învățământ,AR,,Un schimb/zi,Buget,Publică de interes naţional şi local,Principala,52,417124,0359199356,0259329331,s08stancesti@yahoo.com
2025-2026,BH,BUTANI,30087,RURAL,0561101935,ŞCOALA GIMNAZIALĂ NR.1 BUTANI,MĂGEŞTI,30078,RURAL,1218094,0562100355,ŞCOALA PRIMARĂ NR.1 MĂGEŞTI,ŞCOALA PRIMARĂ NR.1 MĂGEŞTI,Unitate de învățământ,AR,,Un schimb/zi,Buget,Publică de interes naţional şi local,Principală,47,417335,0359809882,0359809882,so8magesti@yahoo.com
2025-2026,BH,CEFA,28255,RURAL,0561101804,ŞCOALA GIMNAZIALĂ NR.1 CEFA,INAND,28308,RURAL,361521,0562104911,ŞCOALA PRIMARĂ NR.1 INAND,ŞCOALA PRIMARĂ NR.1 INAND,Unitate de învățământ,AR,,Un schimb/zi,Buget,Publică de interes naţional şi local,Principala,124,417151,0259394740,0259394045,scoalacefa@yahoo.com
2025-2026,BH,CEICA,28344,RURAL,0561101207,ȘCOALA GIMNAZIALĂ NR.1 CEICA,CEIŞOARA,28362,RURAL,361612,0562104368,ȘCOALA PRIMARĂ NR. 2 CEIȘOARA,ȘCOALA PRIMARĂ NR. 2 CEIȘOARA,Unitate de învățământ,AR,,Un schimb/zi,Buget,Publică de interes naţional şi local,sat Ceișoara, 56/a,417157,0259324577,0259324452,scoalaceica@yahoo.com
2025-2026,BH,CEICA,28344,RURAL,0561101207,ȘCOALA GIMNAZIALĂ NR.1 CEICA,CORBEŞTI,28371,RURAL,361636,0562104377,ȘCOALA PRIMARĂ NR.1 CORBEȘTI,ȘCOALA PRIMARĂ NR.1 CORBEȘTI,Unitate de învățământ,AR,,Un schimb/zi,Buget,Publică de interes naţional şi local,principala, 57A,417158,0259324449,0259324449,scoalaceica@yahoo.com
2025-2026,BH,CEICA,28344,RURAL,0561101207,ȘCOALA GIMNAZIALĂ NR.1 CEICA,DUŞEŞTI,28399,RURAL,361650,0562104386,ȘCOALA PRIMARĂ NR.3 DUȘEȘTI,ȘCOALA PRIMARĂ NR.3 DUȘEȘTI,Unitate de învățământ,AR,,Un schimb/zi,Buget,Publică de interes naţional şi local,sat Dușești, 79,417161,0259324562,0259324562,scoalaceica@yahoo.com
2025-2026,BH,CEICA,28344,RURAL,0561101207,ȘCOALA GIMNAZIALĂ NR.1 CEICA,INCEŞTI,28406,RURAL,361662,0562104359,ȘCOALA PRIMARĂ NR.4 INCEȘTI,ȘCOALA PRIMARĂ NR.4 INCEȘTI,Unitate de învățământ,AR,,Un schimb/zi,Buget,Publică de interes naţional şi local,Principala, 94,417162,0259324452,0259324452,scoalaceica@yahoo.com
2025-2026,BH,CHERECHIU,28503,RURAL,0561101623,"ŞCOALA GIMNAZIALĂ „BOCSKAY ISTVÁN"" CHERECHIU",TÂRGUŞOR,28521,RURAL,05361753,0562107959,"ŞCOALA PRIMARĂ „KUTHY SANDOR"" TÂRGUŞOR","ŞCOALA PRIMARĂ „KUTHY SANDOR"" TÂRGUŞOR",Unitate de învățământ,AR,,Un schimb/zi,Buget,Publică de interes naţional şi local,Principala,203,417177,0788563239,0259352325,scoala_cherechiu@yahoo.co.uk
2025-2026,BH,CHIJIC,28843,RURAL,0561100088,ȘCOALA GIMNAZIALĂ NR.1 CHIJIC,SURDUC,28870,RURAL,362044,0562107516,ȘCOALA PRIMARĂ NR.2 SURDUC,ȘCOALA PRIMARĂ NR.2 SURDUC,Unitate de învățământ,AR,,Un schimb/zi,Buget,Publică de interes naţional şi local,Principala,212,417211,0259458298,0259458298,scoalachijic@gmail.com
2025-2026,BH,CHIJIC,28843,RURAL,0561100088,ȘCOALA GIMNAZIALĂ NR.1 CHIJIC,SĂRAND,28861,RURAL,362020,0562107448,ȘCOALA PRIMARĂ NR.1 SĂRAND,ȘCOALA PRIMARĂ NR.1 SĂRAND,Unitate de învățământ,AR,,Un schimb/zi,Buget,Publică de interes naţional şi local,sat Sărand, 193,417209,0259458298,0259458298,scoalachijic@gmail.com
2025-2026,BH,CHIŞLAZ,28549,RURAL,0561101582,ŞCOALA GIMNAZIALĂ NR.1 CHIŞLAZ,CHIRALEU,28558,RURAL,05361791,0562105455,ŞCOALA PRIMARĂ NR.1 CHIRALEU,ŞCOALA PRIMARĂ NR.1 CHIRALEU,Unitate de învățământ,AR,,Un schimb/zi,Buget,Publică de interes naţional şi local,Principala,128,417181,0359441011,0359441011,scoalachislaz@yahoo.com
2025-2026,BH,CIUMEGHIU,28674,RURAL,0561100233,ŞCOALA GIMNAZIALĂ NR.1 CIUMEGHIU,GHIORAC,28692,RURAL,361882,0562105853,ŞCOALA PRIMARĂ NR.1 GHIORAC,ŞCOALA PRIMARĂ NR.1 GHIORAC,Unitate de învățământ,AR,,Un schimb/zi,Buget,Publică de interes naţional şi local,Principala,126,417196,0259312614,0259312614,scoalaghiorac@yahoo.com
2025-2026,BH,COCIUBA MARE,28772,RURAL,0561108476,ŞCOALA GIMNAZIALĂ NR.1 COCIUBA MARE,CĂRĂSĂU,28781,RURAL,361985,0562105021,ŞCOALA PRIMARĂ NR.1 CĂRĂSĂU,ŞCOALA PRIMARĂ NR.1 CĂRĂSĂU,Unitate de învățământ,AR,,Un schimb/zi,Buget,Publică de interes naţional şi local,Principala,178,417201,0259311379,0259311379,scoalacociubamare@yahoo.com
2025-2026,BH,CÂMPANI,28718,RURAL,0561101365,"ŞCOALA GIMNAZIALĂ „GEORGIU POPA"" CÂMPANI",FÂNAŢE,28727,RURAL,1196868,0562105568,ŞCOALA PRIMARĂ NR.2 FÂNAŢE,ŞCOALA PRIMARĂ NR.2 FÂNAŢE,Unitate de învățământ,AR,,Un schimb/zi,Buget,Publică de interes naţional şi local,Principala, 203,417141,0259338306,0259338306,scoala_cimpani@yahoo.com
2025-2026,BH,CĂLUGĂRI,28237,RURAL,0561101573,ȘCOALA GIMNAZIALĂ NR.1 CĂLUGĂRI,CĂRPINET,28200,RURAL,361478,0562104653,ȘCOALA PRIMARĂ NR.2 CĂRPINET,ȘCOALA PRIMARĂ NR.2 CĂRPINET,Unitate de învățământ,AR,,Un schimb/zi,Buget,Publică de interes naţional şi local,Principala, 89,417135,0259351829,0259351829,scoala_calugari@yahoo.com
2025-2026,BH,DERNA,29047,RURAL,0561101103,ȘCOALA GIMNAZIALĂ NR.1 DERNA,DERNIŞOARA,29056,RURAL,05362185,0562104513,ȘCOALA PRIMARĂ NR. 1 DERNIȘOARA,ȘCOALA PRIMARĂ NR.1 DERNIȘOARA,Unitate de învățământ,AR,,Un schimb/zi,Buget,Publică de interes naţional şi local,Principala, 175,417231,0359452349,0259327010,scoaladerna@yahoo.com
2025-2026,BH,DOBREŞTI,29163,RURAL,0561108241,LICEUL TEHNOLOGIC „LIVIA MARIA GEGO” DOBREȘTI,CRÂNCEŞTI,29181,RURAL,1196935,0562106352,ȘCOALA PRIMARĂ NR.1 CRÎNCEȘTI,ȘCOALA PRIMARĂ NR.1 CRÎNCEȘTI,Unitate de învățământ,AR,,Un schimb/zi,Buget,Publică de interes naţional şi local,Principala, 160A,417242,0259325419,0259325416,scoala_hidisel@yahoo.com
2025-2026,BH,DRĂGEŞTI,29350,RURAL,0561100165,ŞCOALA GIMNAZIALĂ NR.1 DRĂGEŞTI,DICĂNEŞTI,29369,RURAL,1161887,0562107751,ŞCOALA PRIMARĂ NR.1 DICĂNEŞTI,ŞCOALA PRIMARĂ NR.1 DICĂNEŞTI,Unitate de învățământ,AR,,Un schimb/zi,Buget,Publică de interes naţional şi local,Principala, 22,417261,0259324579,0259324579,scoaladragesti@yahoo.com
2025-2026,BH,DRĂGEŞTI,29350,RURAL,0561100165,ŞCOALA GIMNAZIALĂ NR.1 DRĂGEŞTI,TĂŞAD,29387,RURAL,363072,0562107769,ŞCOALA PRIMARĂ NR.2 TĂŞAD GOILA,ŞCOALA PRIMARĂ NR.2 TĂŞAD GOILA,Unitate de învățământ,AR,,Un schimb/zi,Buget,Publică de interes naţional şi local,Principala, 206,417263,0259324579,0259324579,scoaladragesti@yahoo.com
2025-2026,BH,DRĂGĂNEŞTI,29252,RURAL,0561101338,"ȘCOALA GIMNAZIALĂ „VIOREL HORJ"" DRĂGĂNEȘTI",GRĂDINARI,29270,RURAL,362434,0562105134,ȘCOALA PRIMARĂ NR.1 GRĂDINARI,ȘCOALA PRIMARĂ NR. 1 GRĂDINARI,Unitate de învățământ,AR,,Un schimb/zi,Buget,Publică de interes naţional şi local,Principala,107,417252,0259321559,0259321559,s08viorelhorj@gmail.com
2025-2026,BH,FINIŞ,29412,RURAL,0561100771,ȘCOALA GIMNAZIALĂ NR.1 FINIȘ,FINIŞ,29412,RURAL,1197006,0562107023,ȘCOALA PRIMARĂ NR.1 FINIȘ,ȘCOALA PRIMARĂ NR.1 FINIȘ,Unitate de învățământ,AR,,Un schimb/zi,Buget,Publică de interes naţional şi local,Principala,437,417265,0259320974,0259320974,scoalafinis@yahoo.com
2025-2026,BH,FINIŞ,29412,RURAL,0561100771,ȘCOALA GIMNAZIALĂ NR.1 FINIȘ,ŞUNCUIŞ,29458,RURAL,362525,0562107059,ŞCOALA PRIMARĂ NR.3 ȘUNCUIŞ,ŞCOALA PRIMARĂ NR.3 ȘUNCUIŞ,Unitate de învățământ,AR,,Un schimb/zi,Buget,Publică de interes naţional şi local,Principala,38,417269,0259320974,0259320974,scoalafinis@yahoo.com
2025-2026,BH,GEPIU,28291,RURAL,0561108648,ŞCOALA GIMNAZIALĂ NR.1 GEPIU,BICACI,28282,RURAL,361595,0562102488,ŞCOALA PRIMARĂ NR.1 BICACI,ŞCOALA PRIMARĂ NR.1 BICACI,Unitate de învățământ,AR,,Un schimb/zi,Buget,Publică de interes naţional şi local, Principala, 140,417148,0259394748,0259357011,scoalagepiu@yahoo.com
2025-2026,BH,HIDIŞELU DE SUS,29528,RURAL,0561101962,ŞCOALA GIMNAZIALĂ NR.1 HIDIŞELU DE SUS,SÂNTELEC,29555,RURAL,500672,0562108033,ŞCOALA PRIMARĂ NR.1 SÂNTELEC,ŞCOALA PRIMARĂ NR.1 SÂNTELEC,Unitate de învățământ,AR,,Un schimb/zi,Buget,Publică de interes naţional şi local,Principala,65,417275,0259335854,0259335854,scoalahidiseludesus@yahoo.com
2025-2026,BH,HOLOD,29582,RURAL,0561102054,"ŞCOALA GIMNAZIALĂ „IOSIF VULCAN"" HOLOD",DUMBRAVA,29591,RURAL,362630,0562102253,ŞCOALA PRIMARĂ NR.2 DUMBRAVA,ŞCOALA PRIMARĂ NR.2 DUMBRAVA,Unitate de învățământ,AR,,Un schimb/zi,Buget,Publică de interes naţional şi local,Principala,172 ,417281,0259311900,0259311900,scoala.holod@gmail.com
2025-2026,BH,HOLOD,29582,RURAL,0561102054,"ŞCOALA GIMNAZIALĂ „IOSIF VULCAN"" HOLOD",LUPOAIA,29635,RURAL,362678,0562108182,ŞCOALĂ PRIMARĂ NR.1 LUPOAIA,ŞCOALĂ PRIMARĂ NR.1 LUPOAIA,Unitate de învățământ,AR,,Un schimb/zi,Buget,Publică de interes naţional şi local,Principala,163,417286,0259311900,0259311900,scoala.holod@gmail.com
2025-2026,BH,HOTAR,31896,RURAL,0561108526,ȘCOALA GIMNAZIALĂ NR.1 HOTAR,TELECHIU,31912,RURAL,1161992,0562106162,ȘCOALA PRIMARĂ NR.1 TELECHIU,ȘCOALA PRIMARĂ NR.1 TELECHIU,Unitate de învățământ,AR,,Un schimb/zi,Buget,Publică de interes naţional şi local,Principala,116,417607,0359808388,0359808388,scoalatelechiu@yahoo.com
2025-2026,BH,HUSASĂU DE TINCA,29671,RURAL,0561101555,ŞCOALA GIMNAZIALĂ NR.1 HUSASĂU DE TINCA,FONĂU,29680,RURAL,362719,0562104178,ŞCOALA PRIMARĂ NR.2 FONĂU,ŞCOALA PRIMARĂ NR.2 FONĂU,Unitate de învățământ,AR,,Un schimb/zi,Buget,Publică de interes naţional şi local,Principala,140,417291,0259312857,0259312857,s08husasaudetinca@yahoo.com
2025-2026,BH,HUSASĂU DE TINCA,29671,RURAL,0561101555,ŞCOALA GIMNAZIALĂ NR.1 HUSASĂU DE TINCA,OŞAND,29706,RURAL,995243,0562104201,ŞCOALA PRIMARĂ NR.1 OŞAND,ŞCOALA PRIMARĂ NR.1 OŞAND,Unitate de învățământ,AR,,Un schimb/zi,Buget,Publică de interes naţional şi local,Principala, 70,417293,0259312857,0259312857,s08husasadetinca@yahoo.com
2025-2026,BH,LUGAŞU DE JOS,29911,RURAL,0561101469,"ȘCOALA GIMNAZIALĂ „OVIDIU DRIMBA"" LUGAȘU DE JOS",LUGAŞU DE SUS,29920,RURAL,01197044,0562102868,ȘCOALA PRIMARĂ NR.1 LUGAȘU DE SUS,ȘCOALA PRIMARĂ NR.1 LUGAȘU DE SUS,Unitate de învățământ,AR,,Un schimb/zi,Buget,Publică de interes naţional şi local,Principala, 123,417316,0259446365,0259446365,scoala_lugas@yahoo.ro
2025-2026,BH,LĂZĂRENI,29822,RURAL,0561101053,ŞCOALA GIMNAZIALĂ NR.1 LĂZĂRENI,CĂRĂNDENI,29859,RURAL,362848,0562104775,ŞCOALA PRIMARĂ NR.1 CĂRĂNDENI,ŞCOALA PRIMARĂ NR.1 CĂRĂNDENI,Unitate de învățământ,AR,,Un schimb/zi,Buget,Publică de interes naţional şi local,Principala,113,417308,0259357617,0259357617,scoalalazareni@yahoo.com
2025-2026,BH,MIŞCA,28576,RURAL,0561101347,"ŞCOALA GIMNAZIALĂ „MISKOLCZY KÁROLY"" MIŞCA",MIŞCA,28576,RURAL,,0562109477,ȘCOALA PRIMARĂ NR. 3 MIȘCA,ȘCOALA PRIMARĂ NR. 3 MIȘCA,Unitate de învățământ,AR,,Un schimb/zi,Buget,Publică de interes naţional şi local,PRINCIPALĂ,226,417183,0259362600,0259362600,scoala.miskolczy@freemail.hu
2025-2026,BH,MIŞCA,28576,RURAL,0561101347,"ŞCOALA GIMNAZIALĂ „MISKOLCZY KÁROLY"" MIŞCA",POCLUŞA DE BARCĂU,28585,RURAL,1196820,0562107543,ŞCOALA PRIMARĂ NR.2 POCLUŞA DE BARCĂU,ŞCOALA PRIMARĂ NR.2 POCLUŞA DE BARCĂU,Unitate de învățământ,AR,,Un schimb/zi,Buget,Publică de interes naţional şi local,Principala,153,417184,0259362600,0259362600,scoala.miskolczy@freemail.hu
2025-2026,BH,NOJORID,30158,RURAL,0561101184,ȘCOALA GIMNAZIALĂ „DUMITRU RADU POPESCU” COMUNA NOJORID,LEŞ,30185,RURAL,995255,0562107674,ȘCOALA PRIMARĂ NR.1 LEȘ,ȘCOALA PRIMARĂ NR.1 LEȘ,Unitate de învățământ,AR,,Un schimb/zi,Buget,Publică de interes naţional şi local,Principala,139,417348,0259393107,0359800323,nojorids@yahoo.com
2025-2026,BH,OLCEA,30238,RURAL,0561108544,ŞCOALA GIMNAZIALĂ NR.1 OLCEA,HODIŞEL,30256,RURAL,051197094,0562103435,ŞCOALA PRIMARĂ NR.1 HODIŞEL,ŞCOALA PRIMARĂ NR.1 HODIŞEL,Unitate de învățământ,AR,,Un schimb/zi,Buget,Publică de interes naţional şi local,Principala,143,417357,0259417355,0259417355,scoala_olcea@yahoo.com
2025-2026,BH,ORADEA,26573,URBAN,0561209891,ȘCOALA PRIMARĂ ISO,ORADEA,26573,URBAN,0503272,0561209891,ȘCOALA PRIMARĂ ISO,ȘCOALA PRIMARĂ ISO,Unitate de învățământ,PJ,46843584,Un schimb/zi,Taxă,Privată,Armatei Române,1F,410087,0770460852,0770460852,secretariat@isor.ro
2025-2026,BH,ORADEA,26573,URBAN,0561209683,"ȘCOALA PRIMARĂ SPECIALĂ „CASA MINUNATĂ"" ORADEA",ORADEA,26573,URBAN,0503222,0561209683,Școala Primară Speciala „Casa Minunată” Oradea,"ȘCOALA PRIMARĂ SPECIALĂ „CASA MINUNATĂ"" ORADEA",Unitate de învățământ,PJ,45900665,Un schimb/zi,Taxă,Privată,str. Cosminului,1,410406,0259242590,0259242590,aduplessis@casaminunata.org
2025-2026,BH,ORADEA,26573,URBAN,0561209294,ȘCOALA PRIMARĂ „JOYFUL LEARNING” ORADEA,ORADEA,26573,URBAN,0503210,0561209294,ȘCOALA PRIMARĂ „JOYFUL LEARNING” ORADEA,ȘCOALA PRIMARĂ „JOYFUL LEARNING” ORADEA,Unitate de învățământ,PJ,40004230,Un schimb/zi,Taxă,Privată,"(nivel primar) strada Constantin Tănase nr. 22A, (nivel preșcolar) sediu principal strada Bradului  nr. 24, sediu secundar str. Cuza Vodă nr. 69",.,410103,0744522970,0744522970,contact@joyfullearning.ro
2025-2026,BH,OŞORHEI,30283,RURAL,0561101781,"ȘCOALA GIMNAZIALĂ „AUREL POP"" OȘORHEI",CHERIU,30309,RURAL,1161930,0562106723,ȘCOALA PRIMARĂ NR.2 CHERIU,ȘCOALA PRIMARĂ NR.2 CHERIU,Unitate de învățământ,AR,,Un schimb/zi,Buget,Publică de interes naţional şi local,Principala, 154,417362,0259708654,0259313102,scoalaosorhei@yahoo.com
2025-2026,BH,PALEU,28433,RURAL,0561101216,ȘCOALA PRIMARĂ NR.1 PALEU,PALEU,28433,RURAL,361703,0561101216,ȘCOALA PRIMARĂ NR.1 PALEU,ȘCOALA PRIMARĂ NR.1 PALEU,Unitate de învățământ,PJ,24534820,Un schimb/zi,Buget,Publică de interes naţional şi local,Principala,20,417166,0259451000,0259451002,pj.paleu@gmail.com
2025-2026,BH,PETREU,27203,RURAL,0561108295,ŞCOALA GIMNAZIALĂ NR.1 PETREU,ABRĂMUŢ,27178,RURAL,360292,0562106958,ȘCOALA PRIMARĂ NR.1 ABRĂMUȚ,ȘCOALA PRIMARĂ NR.1 ABRĂMUȚ,Unitate de învățământ,AR,,Un schimb/zi,Buget,Publică de interes naţional şi local,Principala, 141,417015,0259353803,0259353803,scoalapetreu@yahoo.com
2025-2026,BH,PETREU,27203,RURAL,0561108295,ŞCOALA GIMNAZIALĂ NR.1 PETREU,CRESTUR,27187,RURAL,360319,0562106913,ȘCOALA PRIMARĂ NR.2 CRESTUR,ȘCOALA PRIMARĂ NR.2 CRESTUR,Unitate de învățământ,AR,,Un schimb/zi,Buget,Publică de interes naţional şi local,Principala, 11,417016,0259353803,0259353803,scoalapetreu@yahoo.com
2025-2026,BH,PIETROASA,30345,RURAL,0561100848,ȘCOALA GIMNAZIALĂ NR.1 PIETROASA,COCIUBA MICĂ,30363,RURAL,1197111,0562102339,ȘCOALA PRIMARĂ NR.2 COCIUBA MICĂ,ȘCOALA PRIMARĂ NR.2 COCIUBA MICĂ,Unitate de învățământ,AR,,Un schimb/zi,Buget,Publică de interes naţional şi local,Principala, 67A,417367,0259325798,0259325798,s.pietroasa@yahoo.com
2025-2026,BH,PIETROASA,30345,RURAL,0561100848,ȘCOALA GIMNAZIALĂ NR.1 PIETROASA,GURANI,30381,RURAL,500476,0562102289,ȘCOALA PRIMARĂ NR.1 GURANI,ȘCOALA PRIMARĂ NR.1 GURANI,Unitate de învățământ,AR,,Un schimb/zi,Buget,Publică de interes naţional şi local,Principala, 111,417369,0259325798,0259325798,s.pietroasa@yahoo.com
2025-2026,BH,POCOLA,30425,RURAL,0561100907,ŞCOALA PRIMARĂ NR.1 POCOLA,POCOLA,30425,RURAL,363311,0561100907,ŞCOALA PRIMARĂ NR.1 POCOLA,ŞCOALA PRIMARĂ NR.1 POCOLA,Unitate de învățământ,PJ,22740379,Un schimb/zi,Buget,Publică de interes naţional şi local,Principala, 44,417375,0259320797,0259320797,scoala_pocola@yahoo.com
2025-2026,BH,POMEZEU,30489,RURAL,0561108381,ȘCOALA GIMNAZIALĂ NR.1 POMEZEU,COŞDENI,30504,RURAL,05363373,0562106266,ȘCOALA PRIMARĂ NR.1 COȘDENI,ȘCOALA PRIMARĂ NR.1 COȘDENI,Unitate de învățământ,AR,,Un schimb/zi,Buget,Publică de interes naţional şi local,Principala,218,417382,0259323183,0259323183,scoalapomezeu@yahoo.com
2025-2026,BH,POMEZEU,30489,RURAL,0561108381,ȘCOALA GIMNAZIALĂ NR.1 POMEZEU,CÂMPANI DE POMEZEU,30498,RURAL,363402,0562106275,ȘCOALA PRIMARĂ NR.2 CÂMPANI DE POMEZEU,ȘCOALA PRIMARĂ NR.2 CÂMPANI DE POMEZEU,Unitate de învățământ,AR,,Un schimb/zi,Buget,Publică de interes naţional şi local,Principala,102,418381,0772089109,0259323183,scoalacimpani@yahoo.com
2025-2026,BH,PĂGAIA,27542,RURAL,0561100111,"ŞCOALA GIMNAZIALĂ „ÎNV. GÂLGĂU IOSIF"" PĂGAIA",BOIANU MARE,27515,RURAL,360840,0562106067,ŞCOALA PRIMARĂ NR.1 BOIANU MARE,ŞCOALA PRIMARĂ NR.1 BOIANU MARE,Unitate de învățământ,AR,,Un schimb/zi,Buget,Publică de interes naţional şi local,Principala,51,417060,0259428940,0259428940,pagaiascoala@yahoo.com
2025-2026,BH,SPINUŞ,31217,RURAL,0561101252,ȘCOALA GIMNAZIALĂ NR.1 SPINUȘ,SĂLIŞTE,31253,RURAL,363907,0562106135,ȘCOALA PRIMARĂ NR.1 SĂLIȘTE,ȘCOALA PRIMARĂ NR.1 SĂLIȘTE,Unitate de învățământ,AR,,Un schimb/zi,Buget,Publică de interes naţional şi local,Principala,164,417534,0259328717,0259328717,scoalaspinus@yahoo.com
2025-2026,BH,SUPLACU DE BARCĂU,31271,RURAL,0561108621,LICEUL TEHNOLOGIC NR.1 SUPLACU DE BARCĂU,SUPLACU DE BARCĂU,31271,RURAL,500907,0562106628,ȘCOALA PRIMARĂ NR.1 CARTIER SUPLACU DE BARCĂU,ȘCOALA PRIMARĂ NR.1 CARTIER SUPLACU DE BARCĂU,Unitate de învățământ,AR,,Un schimb/zi,Buget,Publică de interes naţional şi local,Calea Muncii,127,417535,0259368437,0259368437,grisuplacu@yahoo.com
2025-2026,BH,SUPLACU DE BARCĂU,31271,RURAL,0561108621,LICEUL TEHNOLOGIC NR.1 SUPLACU DE BARCĂU,VALEA CERULUI,31315,RURAL,363995,0562106587,ȘCOALA PRIMARĂ NR.2 VALEA CERULUI,ȘCOALA PRIMARĂ NR.2 VALEA CERULUI,Unitate de învățământ,AR,,Un schimb/zi,Buget,Publică de interes naţional şi local,Principala, 76,417539,0259368437,0259368437,grisuplacu@yahoo.com
2025-2026,BH,SÂNMARTIN,26591,RURAL,0561101302,"LICEUL TEHNOLOGIC „FELIX"" SÂNMARTIN",RONTĂU,26644,RURAL,1196454,0562108101,"ŞCOALA PRIMARĂ „NUFĂRUL"" RONTĂU II","ŞCOALA PRIMARĂ „NUFĂRUL"" RONTĂU II",Unitate de învățământ,AR,,Un schimb/zi,Buget,Publică de interes naţional şi local,Principala,53/200,417502,0259318309,0359412292,scoala_sanmartin@yahoo.com
2025-2026,BH,SÂNNICOLAU ROMÂN,28326,RURAL,0561101772,ŞCOALA GIMNAZIALĂ NR.1 SÂNNICOLAU ROMÂN,ROIT,28317,RURAL,361545,0562104816,ŞCOALA PRIMARĂ NR.1 ROIT,ŞCOALA PRIMARĂ NR.1 ROIT,Unitate de învățământ,AR,,Un schimb/zi,Buget,Publică de interes naţional şi local,Principala,94,417152,0259395303,0259395303,scoalasannicolauroman@yahoo.com
2025-2026,BH,SÂRBI,31137,RURAL,0561101297,ȘCOALA GIMNAZIALĂ NR.1 SÂRBI,BURZUC,31155,RURAL,363842,0562103304,ȘCOALA PRIMARĂ NR. 1 BURZUC,ȘCOALA PRIMARĂ NR. 1 BURZUC,Unitate de învățământ,AR,,Un schimb/zi,Buget,Publică de interes naţional şi local,Principala,159,417522,0259353020,0259353020,scoalasirbi11@yahoo.com
2025-2026,BH,SĂCUENI,30924,URBAN,0561101528,"LICEUL TEORETIC „PETŐFI SÁNDOR"" SĂCUENI",CIOCAIA,30942,RURAL,503088,0562106465,"ȘCOALA PRIMARĂ ""FENYES ELEK"" CIOCAIA","ȘCOALA PRIMARĂ ""FENYES ELEK"" CIOCAIA",Unitate de învățământ,AR,,Un schimb/zi,Buget,Publică de interes naţional şi local,Principala,253,417437,0259352539,0259352539,liceulsacueni@gmail.com
2025-2026,BH,SĂCUENI,30924,URBAN,0561101528,"LICEUL TEORETIC „PETŐFI SÁNDOR"" SĂCUENI",OLOSIG,30960,RURAL,1197264,0562106456,ȘCOALA PRIMARĂ NR.2 OLOSIG,ȘCOALA PRIMARĂ NR.2 OLOSIG,Unitate de învățământ,AR,,Un schimb/zi,Buget,Publică de interes naţional şi local,Principala, 77,417439,0259352539,0259352539,liceulsacueni@gmail.com
2025-2026,BH,SĂCĂDAT,30880,RURAL,0561101157,ŞCOALA GIMNAZIALĂ NR.1 SĂCĂDAT,SĂBOLCIU,30906,RURAL,363799,0562103498,ŞCOALA PRIMARĂ NR. 1 SĂBOLCIU,ŞCOALA PRIMARĂ NR. 1 SĂBOLCIU,Unitate de învățământ,AR,,Un schimb/zi,Buget,Publică de interes naţional şi local,Principala, 128,417432,0259347260,0259458240,scoalasacadat@yahoo.com
2025-2026,BH,SĂLACEA,30997,RURAL,0561108413,"ŞCOALA GIMNAZIALĂ „BALASKÓ NÁNDOR"" SĂLACEA",OTOMANI,31002,RURAL,363775,0562105333,ŞCOALA PRIMARĂ NR.1 OTOMANI,ŞCOALA PRIMARĂ NR.1 OTOMANI,Unitate de învățământ,AR,,Un schimb/zi,Buget,Publică de interes naţional şi local,Principala,274A,417446,0259464007,0259464007,scoala.salacea@yahoo.com
2025-2026,BH,SĂLARD,31020,RURAL,0561101383,"ȘCOALA GIMNAZIALĂ „SZALÁRDI JÁNOS"" SĂLARD",HODOŞ,31039,RURAL,363696,0562100581,ȘCOALA PRIMARĂ NR.1 HODOȘ,ȘCOALA PRIMARĂ NR.1 HODOȘ,Unitate de învățământ,AR,,Un schimb/zi,Buget,Publică de interes naţional şi local,Principala, 137,417451,0259440985,0259440985,scoala_salard@yahoo.com
2025-2026,BH,SĂLARD,31020,RURAL,0561101383,"ȘCOALA GIMNAZIALĂ „SZALÁRDI JÁNOS"" SĂLARD",SÂNTIMREU,31048,RURAL,502606,0562100599,ȘCOALA PRIMARĂ NR.2 SÂNTIMREU,ȘCOALA PRIMARĂ NR.2 SÂNTIMREU,Unitate de învățământ,AR,,Un schimb/zi,Buget,Publică de interes naţional şi local,Principală,282,417452,0259440985,0259440985,scoala_salard@yahoo.com
2025-2026,BH,TILEAGD,31725,RURAL,0561101261,ŞCOALA GIMNAZIALĂ NR.1 TILEAGD,TILECUŞ,31761,RURAL,364339,0562107326,ŞCOALA PRIMARĂ NR.2 TILECUŞ,ŞCOALA PRIMARĂ NR.2 TILECUŞ,Unitate de învățământ,AR,,Un schimb/zi,Buget,Publică de interes naţional şi local,Principală, 48,417589,0259345704,0259345047,scoalatilecus@yahoo.com
2025-2026,BH,TINCA,31798,RURAL,0561100242,"LICEUL TEORETIC „NICOLAE JIGA"" TINCA",BELFIR,31805,RURAL,364389,0562104852,ŞCOALA PRIMARĂ NR.1 BELFIR,ŞCOALA PRIMARĂ NR.1 BELFIR,Unitate de învățământ,AR,,Un schimb/zi,Buget,Publică de interes naţional şi local,Principala,294,417596,0259310219,0259310219,liceul_n_jiga@yahoo.com
2025-2026,BH,TINCA,31798,RURAL,0561100242,"LICEUL TEORETIC „NICOLAE JIGA"" TINCA",GIRIŞU NEGRU,31814,RURAL,364365,0562104861,ŞCOALA PRIMARĂ NR.2 GIRIŞU NEGRU,ŞCOALA PRIMARĂ NR.2 GIRIŞU NEGRU,Unitate de învățământ,AR,,Un schimb/zi,Buget,Publică de interes naţional şi local,Principala,84,417597,0259310219,0259310219,liceul_n_jiga@yahoo.com
2025-2026,BH,TINCA,31798,RURAL,0561100242,"LICEUL TEORETIC „NICOLAE JIGA"" TINCA",RÂPA,31832,RURAL,364377,0562104879,ŞCOALA PRIMARĂ NR.3 RÂPA,ŞCOALA PRIMARĂ NR.3 RÂPA,Unitate de învățământ,AR,,Un schimb/zi,Buget,Publică de interes naţional şi local,Principală, 344,417599,0259310219,0259310219,liceul_n_jiga@yahoo.com
2025-2026,BH,TĂRCAIA,31618,RURAL,0561101433,ȘCOALA GIMNAZIALĂ NR.1 TĂRCAIA,MIERAG,31627,RURAL,1197381,0562102393,ȘCOALA PRIMARĂ NR.3 MIERAG,ȘCOALA PRIMARĂ NR.3 MIERAG,Unitate de învățământ,AR,,Un schimb/zi,Buget,Publică de interes naţional şi local,Principala,57,417576,0259322584,0259322584,scoalagenerala_tarcaia@yahoo.com
2025-2026,BH,TĂRCAIA,31618,RURAL,0561101433,ȘCOALA GIMNAZIALĂ NR.1 TĂRCAIA,TĂRCAIA,31618,RURAL,,0562109156,ȘCOALA PRIMARĂ NR.1 TĂRCAIA,ȘCOALA PRIMARĂ NR.1 TĂRCAIA,Unitate de învățământ,AR,,Un schimb/zi,Buget,Publică de interes naţional şi local,Principala,72,417575,0259322584,0259322584,scoalagenerala_tarcaia@yahoo.com
2025-2026,BH,TĂRCAIA,31618,RURAL,0561101433,ȘCOALA GIMNAZIALĂ NR.1 TĂRCAIA,TĂRCĂIŢA,31636,RURAL,364236,0562102425,ȘCOALA PRIMARĂ NR.2 TĂRCĂIȚA,ȘCOALA PRIMARĂ NR.2 TĂRCĂIȚA,Unitate de învățământ,AR,,Un schimb/zi,Buget,Publică de interes naţional şi local,Principala,143,417577,0259322584,0259322584,scoalagenerala_tarcaia@yahoo.com
2025-2026,BH,TĂUTEU,31663,RURAL,0561108327,ȘCOALA GIMNAZIALĂ NR.1 TĂUTEU,POIANA,31707,RURAL,364286,0562102217,ȘCOALA PRIMARĂ NR.1 POIANA,ȘCOALA PRIMARĂ NR.1 POIANA,Unitate de învățământ,AR,,Un schimb/zi,Buget,Publică de interes naţional şi local,Principala,74,417584,0259354844,0259354844,contact@scoalatauteu.ro
2025-2026,BH,VADU CRIŞULUI,31985,RURAL,0561101695,COLEGIUL TEHNIC NR.1 VADU CRIŞULUI,VADU CRIŞULUI,31985,RURAL,1197446,0562107629,ŞCOALA PRIMARĂ NR.1 VAD DEAL,ŞCOALA PRIMARĂ NR.1 VAD DEAL,Unitate de învățământ,AR,,Un schimb/zi,Buget,Publică de interes naţional şi local,Principala,935E,417615,0259443100,0259443400,liceuvad@yahoo.com
2025-2026,BH,VIIŞOARA,32054,RURAL,0561102063,ŞCOALA GIMNAZIALĂ NR.1 VIIŞOARA,IZVOARELE,32063,RURAL,364523,0562102194,ŞCOALA PRIMARĂ NR.1 IZVOARELE,ŞCOALA PRIMARĂ NR.1 IZVOARELE,Unitate de învățământ,AR,,Un schimb/zi,Buget,Publică de interes naţional şi local,Principala,80,417626,0359441011,0259328943,scoalaviisoarabh@yahoo.com
2025-2026,BH,ŞIMIAN,31342,RURAL,0561108336,"ŞCOALA GIMNAZIALĂ „KAZINCZY FERENC"" ŞIMIAN",VOIVOZI,31360,RURAL,364028,0562103887,ŞCOALA PRIMARĂ NR.2 VOIVOZI,ŞCOALA PRIMARĂ NR.2 VOIVOZI,Unitate de învățământ,AR,,Un schimb/zi,Buget,Publică de interes naţional şi local,Principala,316,417547,0259356212,0259356212,scoala_simian@yahoo.com
2025-2026,BH,ŞIMIAN,31342,RURAL,0561108336,"ŞCOALA GIMNAZIALĂ „KAZINCZY FERENC"" ŞIMIAN",ŞILINDRU,31351,RURAL,364016,0562103869,ŞCOALA PRIMARĂ NR.1 ŞILINDRU,ŞCOALA PRIMARĂ NR.1 ŞILINDRU,Unitate de învățământ,AR,,Un schimb/zi,Buget,Publică de interes naţional şi local,Principala,86 ,417546,0259356212,0259356212,scoala_simian@yahoo.com
2025-2026,BN,BECLEAN,32492,URBAN,0661103601,"ȘCOALA GIMNAZIALĂ ""GRIGORE SILAȘI"" BECLEAN",FIGA,32517,URBAN,377051,0662102966,ȘC PRIM FIGA,ȘCOALA PRIMARĂ FIGA,Unitate de învățământ,AR,,Un schimb/zi,Buget,Publică de interes naţional şi local,Figa,131,425102,0263343129,0263343734,scoalagrigoresilasi@yahoo.com
2025-2026,BN,BISTRIŢA,32401,URBAN,0661100697,LICEUL TEHNOLOGIC DE SERVICII BISTRIȚA,SĂRATA,32429,URBAN,376813,0662102559,ȘC PRIM SĂRATA,ȘCOALA PRIMARĂ SĂRATA,Unitate de învățământ,AR,,Un schimb/zi,Buget,Publică de interes naţional şi local,Cartier Sărata,104,420002,0263341322,0263341322,scgen.viisoara@yahoo.com
2025-2026,BN,BISTRIŢA,32401,URBAN,0661204084,"ȘCOALA PRIMARĂ ""SFÂNTUL STELIAN""",BISTRIŢA,32401,URBAN,,0661204084,"ȘC PRIM ""SF. STELIAN""","ȘCOALA PRIMARĂ ""SFÂNTUL STELIAN""",Unitate de învățământ,PJ,4547095,Un schimb/zi,Taxă,Privată,Odobescu Alexandru,4,420043,0747088826,0263217614,scoalasfantulstelian.bistrita@gmail.com
2025-2026,BN,BUDEŞTI,32777,RURAL,0661100738,ȘCOALA GIMNAZIALĂ BUDEȘTI,ŢAGU,32795,RURAL,374023,0662101911,ȘC PRIM ȚAGU,ȘCOALA PRIMARĂ ȚAGU,Unitate de învățământ,AR,,Un schimb/zi,Buget,Publică de interes naţional şi local,Principală, 212A,427022,0263355116,0263353108,budesti.scoala@yahoo.com
2025-2026,BN,CHIOCHIŞ,33024,RURAL,0661103596,"ȘCOALA GIMNAZIALĂ ""IULIU PRODAN"" CHIOCHIȘ",BOZIEŞ,33042,RURAL,374279,0662102817,ȘC PRIM BOZIEȘ,ȘCOALA PRIMARĂ BOZIEȘ,Unitate de învățământ,AR,,Un schimb/zi,Buget,Publică de interes naţional şi local,Principală, 36,427047,0263350942,0263355314,scoalagimnazialachiochis@yahoo.com
2025-2026,BN,CHIOCHIŞ,33024,RURAL,0661103596,"ȘCOALA GIMNAZIALĂ ""IULIU PRODAN"" CHIOCHIȘ",JIMBOR,33079,RURAL,374346,0662102835,ȘC PRIM JIMBOR-FÂNAȚE,ȘCOALA PRIMARĂ JIMBOR-FÂNAȚE,Unitate de învățământ,AR,,Un schimb/zi,Buget,Publică de interes naţional şi local,Principală, 120,427051,0263355314,0263355314,scoalagimnazialachiochis@yahoo.com
2025-2026,BN,GALAŢII BISTRIŢEI,33284,RURAL,0661101305,"ȘCOALA GIMNAZIALĂ ""GRIGORE HERINEAN"" GALAȚII BISTRIȚEI",HERINA,33319,RURAL,374542,0662101585,ȘC PRIM HERINA,ȘCOALA PRIMARĂ HERINA,Unitate de învățământ,AR,,Un schimb/zi,Buget,Publică de interes naţional şi local,Principală, 170,427088,0263273400,0263273015,grh_galatiibistritei@yahoo.com
2025-2026,BN,JOSENII BÂRGĂULUI,33391,RURAL,0661100756,"ȘCOALA GIMNAZIALĂ ""AUREL RĂU"" JOSENII BÂRGĂULUI",STRÂMBA,33426,RURAL,374633,0662101644,ȘC PRIM STRÂMBA,ȘCOALA PRIMARĂ STRÂMBA,Unitate de învățământ,AR,,Un schimb/zi,Buget,Publică de interes naţional şi local,Principală, 70,427100,0263265542,0263265258,scoala_joseni@yahoo.com
2025-2026,BN,LECHINŢA,33444,RURAL,0661100878,LICEUL TEHNOLOGIC LECHINȚA,SÂNGEORZU NOU,33471,RURAL,374724,0662100236,ȘC PRIM SÂNGEORZU NOU,ȘCOALA PRIMARĂ SÂNGEORZU NOU,Unitate de învățământ,AR,,Un schimb/zi,Buget,Publică de interes naţional şi local,Principală, 150,427108,0263345762,0263274020,scsingnou@yahoo.com
2025-2026,BN,LECHINŢA,33444,RURAL,0661100878,LICEUL TEHNOLOGIC LECHINȚA,ŢIGĂU,33499,RURAL,374736,0662102003,ȘC PRIM ȚIGĂU,ȘCOALA PRIMARĂ ȚIGĂU,Unitate de învățământ,AR,,Un schimb/zi,Buget,Publică de interes naţional şi local,Principală, 37,427111,0263274020,0263274020,grsclechinta@yahoo.fr
2025-2026,BN,LIVEZILE,33550,RURAL,0661101187,ȘCOALA GIMNAZIALĂ LIVEZILE,CUŞMA,33569,RURAL,374815,0662102699,ȘC PRIM CUȘMA,ȘCOALA PRIMARĂ CUȘMA,Unitate de învățământ,AR,,Un schimb/zi,Buget,Publică de interes naţional şi local,Principală, 42,427121,0263347829,0263270045,scoalageneralalivezile@yahoo.com
2025-2026,BN,LIVEZILE,33550,RURAL,0661101187,ȘCOALA GIMNAZIALĂ LIVEZILE,DUMBRAVA,33587,RURAL,374839,0662102704,ȘC PRIM DUMBRAVA,ȘCOALA PRIMARĂ DUMBRAVA,Unitate de învățământ,AR,,Un schimb/zi,Buget,Publică de interes naţional şi local,Principală, 7,427123,0263270045,0263270045,scoalageneralalivezile@yahoo.com
2025-2026,BN,MĂGURA ILVEI,33738,RURAL,0661101558,"ȘCOALA GIMNAZIALĂ ""DARIU POP"" MĂGURA ILVEI",ARŞIŢA,33747,RURAL,374906,0662100218,ȘC PRIM ARȘIȚA,ȘCOALA PRIMARĂ ARȘIȚA,Unitate de învățământ,AR,,Un schimb/zi,Buget,Publică de interes naţional şi local,Principală, 79A,427146,0263375720,0263375720,scoalamagurailvei@yahoo.com
2025-2026,BN,MĂRIŞELU,33774,RURAL,0661101056,ȘCOALA GIMNAZIALĂ MĂRIȘELU,DOMNEŞTI,33792,RURAL,375039,0662101929,ȘC PRIM DOMNEȘTI,ȘCOALA PRIMARĂ DOMNEȘTI,Unitate de învățământ,AR,,Un schimb/zi,Buget,Publică de interes naţional şi local,Principală, 162,427152,0263348622,0263272504,scmariselubn@yahoo.com
2025-2026,BN,NEGRILEŞTI,32991,RURAL,0661103619,ȘCOALA GIMNAZIALĂ NEGRILEȘTI,BREAZA,32973,RURAL,374188,0662100358,"ȘC PRIM ""V. MOTOGNA"" BREAZA","ȘCOALA PRIMARĂ ""VICTOR MOTOGNA"" BREAZA",Unitate de învățământ,AR,,Un schimb/zi,Buget,Publică de interes naţional şi local,Principală,128,427066,0263344759,0263344759,scoalagenegrilesti@yahoo.com
2025-2026,BN,NIMIGEA DE JOS,33998,RURAL,0661100105,"ȘCOALA GIMNAZIALĂ ""VIOREL NIMIGEANU"" NIMIGEA DE JOS",FLOREŞTI,34002,RURAL,375223,0662102663,ȘC PRIM FLOREȘTI,ȘCOALA PRIMARĂ FLOREȘTI,Unitate de învățământ,AR,,Un schimb/zi,Buget,Publică de interes naţional şi local, Principală, 27,427181,0263381006,0263381006,scoala.nimigea@yahoo.com
2025-2026,BN,NIMIGEA DE JOS,33998,RURAL,0661100105,"ȘCOALA GIMNAZIALĂ ""VIOREL NIMIGEANU"" NIMIGEA DE JOS",MINTIU,34011,RURAL,375209,0662102609,ȘC PRIM MINTIU,ȘCOALA PRIMARĂ MINTIU,Unitate de învățământ,AR,,Un schimb/zi,Buget,Publică de interes naţional şi local,Principală, 56,427182,0263381006,0263381006,scoala.nimigea@yahoo.com
2025-2026,BN,NIMIGEA DE JOS,33998,RURAL,0661100105,"ȘCOALA GIMNAZIALĂ ""VIOREL NIMIGEANU"" NIMIGEA DE JOS",NIMIGEA DE SUS,34057,RURAL,375247,0662102627,ȘC PRIM NIMIGEA DE SUS,ȘCOALA PRIMARĂ NIMIGEA DE SUS,Unitate de învățământ,AR,,Un schimb/zi,Buget,Publică de interes naţional şi local,Principală, 179A,427187,0263381006,0263381006,scoala.nimigea@yahoo.com
2025-2026,BN,NUŞENI,34084,RURAL,0661100824,ȘCOALA GIMNAZIALĂ NUȘENI,FELEAC,34119,RURAL,375302,0662101775,ȘC PRIM FELEAC,ȘCOALA PRIMARĂ FELEAC,Unitate de învățământ,AR,,Un schimb/zi,Buget,Publică de interes naţional şi local,Principală, 163,427203,0263350000,0263350000,scoalanuseni@yahoo.com
2025-2026,BN,NUŞENI,34084,RURAL,0661100824,ȘCOALA GIMNAZIALĂ NUȘENI,VIŢA,34146,RURAL,375297,0662101314,"ȘC PRIM ""D.JENO"" VIȚA","ȘCOALA PRIMARĂ ""DSIDA JENO"" VIȚA",Unitate de învățământ,AR,,Un schimb/zi,Buget,Publică de interes naţional şi local,Principală, 213,427207,0263350757,0263350757,scoalavita@yahoo.com
2025-2026,BN,PETRIŞ,32937,RURAL,0661101142,ȘCOALA GIMNAZIALĂ PETRIȘ,ORHEIU BISTRIŢEI,32928,RURAL,374138,0662100417,ȘC PRIM ORHEIU BISTRIȚEI,ȘCOALA PRIMARĂ ORHEIU BISTRIȚEI,Unitate de învățământ,AR,,Un schimb/zi,Buget,Publică de interes naţional şi local,Principală, 29,427038,0263271882,0263271435,scgenpetris@yahoo.com
2025-2026,BN,PETRIŞ,32937,RURAL,0661101142,ȘCOALA GIMNAZIALĂ PETRIȘ,SATU NOU,32893,RURAL,374126,0662100408,ȘC PRIM SATU-NOU,ȘCOALA PRIMARĂ SATU-NOU,Unitate de învățământ,AR,,Un schimb/zi,Buget,Publică de interes naţional şi local,Principală, 170,427042,0263271625,0263271435,scgenpetris@yahoo.com
2025-2026,BN,REBRIŞOARA,34299,RURAL,0661100711,"ȘCOALA GIMNAZIALĂ ""IACOB SI IOACHIM MUREȘANU"" REBRIȘOARA",PODEREI,34324,RURAL,375558,0662103171,ȘC PRIM PODEREI,ȘCOALA PRIMARĂ PODEREI,Unitate de învățământ,AR,,Un schimb/zi,Buget,Publică de interes naţional şi local,Principală, 52,427243,0263360546,0263360546,scgenrebrisoara@yahoo.com
2025-2026,BN,REBRIŞOARA,34299,RURAL,0661100711,"ȘCOALA GIMNAZIALĂ ""IACOB SI IOACHIM MUREȘANU"" REBRIȘOARA",REBRIŞOARA,34299,RURAL,375508,0662103198,ȘC PRIM NR 2 REBRIȘOARA,ȘCOALA PRIMARĂ NR.2 REBRIȘOARA,Unitate de învățământ,AR,,Un schimb/zi,Buget,Publică de interes naţional şi local,Grui, 521,427240,0263360546,0263360546,scgenrebrisoara@yahoo.com
2025-2026,BN,REBRIŞOARA,34299,RURAL,0661100711,"ȘCOALA GIMNAZIALĂ ""IACOB SI IOACHIM MUREȘANU"" REBRIȘOARA",REBRIŞOARA,34299,RURAL,,0662103212,ȘC.PRIM.PODUL REBREI,ȘCOALA PRIMARĂ PODUL REBREI REBRIȘOARA,Unitate de învățământ,AR,,Un schimb/zi,Buget,Publică de interes naţional şi local,Podul Rebrei, 352,427240,0263360546,0263360546,scgenrebrisoara@yahoo.com
2025-2026,BN,RETEAG,34182,RURAL,0661101002,"ȘCOALA GIMNAZIALĂ ""ION POP RETEGANUL"" RETEAG",BAŢA,34191,RURAL,375417,0662102758,ȘC PRIM BAȚA,ȘCOALA PRIMARĂ BAȚA,Unitate de învățământ,AR,,Un schimb/zi,Buget,Publică de interes naţional şi local,Principală, 208,427216,0263344381,0263344072,scoalaionpopreteganul@yahoo.com
2025-2026,BN,RETEAG,34182,RURAL,0661101002,"ȘCOALA GIMNAZIALĂ ""ION POP RETEGANUL"" RETEAG",RETEAG,34182,RURAL,991431,0662102749,ȘC PRIM RETEAG-POIENI,ȘCOALA PRIMARĂ RETEAG-POIENI,Unitate de învățământ,AR,,Un schimb/zi,Buget,Publică de interes naţional şi local,Principală, 601,427220,0263344635,0263344072,scoalaionpopreteganul@yahoo.com
2025-2026,BN,RODNA,34342,RURAL,0661101386,"LICEUL TEHNOLOGIC ""FLORIAN PORCIUS"" RODNA",RODNA,34342,RURAL,373213,0662102903,ȘC PRIM VALEA-POIENII (RODNA),ȘCOALA PRIMARĂ VALEA-POIENII RODNA,Unitate de învățământ,AR,,Un schimb/zi,Buget,Publică de interes naţional şi local,Grănicerilor, 886,427245,0263355245,0263355245,scoala_fpr@yahoo.com
2025-2026,BN,RODNA,34342,RURAL,0661101386,"LICEUL TEHNOLOGIC ""FLORIAN PORCIUS"" RODNA",VALEA VINULUI,34351,RURAL,375340,0662103958,SC PRIM VALEA VINULUI,ȘCOALA PRIMARĂ VALEA VINULUI,Unitate de învățământ,AR,,Un schimb/zi,Buget,Publică de interes naţional şi local,Principală,8,427246,0263355245,0263355245,scoala_fpr@yahoo.com
2025-2026,BN,SPERMEZEU,34556,RURAL,0661103723,ȘCOALA GIMNAZIALĂ SPERMEZEU,DUMBRĂVIŢA,32875,RURAL,374102,0662100521,"ȘC PRIM ""T.COTUȚIU"" DUMBRĂVIȚA","ȘCOALA PRIMARĂ ""TEODOR COTUȚIU"" DUMBRĂVIȚA",Unitate de învățământ,AR,,Un schimb/zi,Buget,Publică de interes naţional şi local,Principală, 211,427031,0263346515,0263346515,sam.spermezeu@yahoo.com
2025-2026,BN,SÂNGEORZ-BĂI,32606,URBAN,0661101083,"ȘCOALA GIMNAZIALĂ ""ARTEMIU PUBLIU ALEXI"" SÂNGEORZ-BĂI",VALEA BORCUTULUI,32624,URBAN,376992,0662102342,ȘC PRIM VL.BORCUTULUI,ȘCOALA PRIMARĂ VALEA BORCUTULUI,Unitate de învățământ,AR,,Un schimb/zi,Buget,Publică de interes naţional şi local,Dupa Borcut,89,425302,0263370249,0263371009,sgsingeorzbai@yahoo.com
2025-2026,BN,TELCIU,35063,RURAL,0661101463,LICEUL TEHNOLOGIC TELCIU,TELCIŞOR,35081,RURAL,376306,0662103492,ȘC PRIM TELCIȘOR,ȘCOALA PRIMARĂ TELCIȘOR,Unitate de învățământ,AR,,Un schimb/zi,Buget,Publică de interes naţional şi local,Valea Poienii, 185A,427357,0263369005,0263369496,grupulscolartelciu@yahoo.com
2025-2026,BN,TIHA BÂRGĂULUI,35107,RURAL,0661101332,ȘCOALA GIMNAZIALĂ TIHA BÂRGĂULUI,TUREAC,35143,RURAL,376253,0662103076,ȘC PRIM NR 2 TUREAC,ȘCOALA PRIMARĂ NR.2 TUREAC,Unitate de învățământ,AR,,Un schimb/zi,Buget,Publică de interes naţional şi local,Principală,485B,427364,0263265597,0263265597,scoala_tureac@yahoo.com
2025-2026,BN,URIU,35278,RURAL,0661103741,ȘCOALA GIMNAZIALĂ URIU,ILIŞUA,35303,RURAL,376588,0662103438,ȘC PRIM ILIȘUA,ȘCOALA PRIMARĂ ILIȘUA,Unitate de învățământ,AR,,Un schimb/zi,Buget,Publică de interes naţional şi local,Principală,37,427368,0263348086,0263348086,scoalauriu@yahoo.com
2025-2026,BN,URMENIŞ,35321,RURAL,0661101549,ȘCOALA GIMNAZIALĂ URMENIȘ,ŞOPTERIU,35394,RURAL,376617,0662102473,ȘC PRIM ȘOPTERIU,ȘCOALA PRIMARĂ ȘOPTERIU,Unitate de învățământ,AR,,Un schimb/zi,Buget,Publică de interes naţional şi local,Principală, 102,427378,0263354121,0263354122,scoala_urmenis@yahoo.com
2025-2026,BN,ZAGRA,35438,RURAL,0661103628,"ȘCOALA GIMNAZIALĂ ""NICOLAE DRĂGANU"" ZAGRA",PERIŞOR,35456,RURAL,376693,0662100349,ȘC PRIM PERIȘOR,ȘCOALA PRIMARĂ PERIȘOR,Unitate de învățământ,AR,,Un schimb/zi,Buget,Publică de interes naţional şi local,Principală, 84,427387,0263384007,0263384007,scoalazagra@yahoo.com
2025-2026,BN,ZAGRA,35438,RURAL,0661103628,"ȘCOALA GIMNAZIALĂ ""NICOLAE DRĂGANU"" ZAGRA",SUPLAI,35474,RURAL,376710,0662100313,ȘC PRIM SUPLAI,ȘCOALA PRIMARĂ SUPLAI,Unitate de învățământ,AR,,Un schimb/zi,Buget,Publică de interes naţional şi local,Principală, 74,427389,0263384007,0263384007,scoalazagra@yahoo.com
2025-2026,BN,ŞANŢ,34627,RURAL,0661100028,"ȘCOALA GIMNAZIALĂ ""ENEA GRAPINI"" ȘANȚ",VALEA MARE,34636,RURAL,375687,0662102446,"ȘC PRIM ""L.VALEA"" VALEA MARE","ȘCOALA PRIMARĂ ""LUCIAN VALEA"" VALEA MARE",Unitate de învățământ,AR,,Un schimb/zi,Buget,Publică de interes naţional şi local,Principală, 36,427286,0263379385,0263379109,scgen_sant@yahoo.com
2025-2026,BN,ŞIEU,34654,RURAL,0661100955,ȘCOALA GIMNAZIALĂ ȘIEU,ARDAN,34663,RURAL,375704,0662100209,ȘC PRIM ARDAN,ȘCOALA PRIMARĂ ARDAN,Unitate de învățământ,AR,,Un schimb/zi,Buget,Publică de interes naţional şi local,Principală, 115,427291,0263260489,0263260130,scoala_sieu@yahoo.com
2025-2026,BN,ŞIEU,34654,RURAL,0661100955,ȘCOALA GIMNAZIALĂ ȘIEU,POSMUŞ,34672,RURAL,375716,0662100195,ȘC PRIM POSMUȘ,ȘCOALA PRIMARĂ POSMUȘ,Unitate de învățământ,AR,,Un schimb/zi,Buget,Publică de interes naţional şi local,Principală, 112,427292,0263260452,0263260130,scoala_sieu@yahoo.com
2025-2026,BN,ŞIEU-MĂGHERUŞ,34707,RURAL,0661100937,ȘCOALA GIMNAZIALĂ ȘIEU-MĂGHERUȘ,ARCALIA,34716,RURAL,375780,0662103284,ȘC PRIM ARCALIA,ȘCOALA PRIMARĂ ARCALIA,Unitate de învățământ,AR,,Un schimb/zi,Buget,Publică de interes naţional şi local,Principală, 72,427296,0263277221,0263277038,scoalasieumagherus@yahoo.com
2025-2026,BN,ŞIEU-MĂGHERUŞ,34707,RURAL,0661100937,ȘCOALA GIMNAZIALĂ ȘIEU-MĂGHERUȘ,CRAINIMĂT,34734,RURAL,375807,0662103275,ȘC PRIM CRAINIMĂT,ȘCOALA PRIMARĂ CRAINIMĂT,Unitate de învățământ,AR,,Un schimb/zi,Buget,Publică de interes naţional şi local,Principală, 166,427298,0263277038,0263277038,scoalasieumagherus@yahoo.com
2025-2026,BN,ŞIEUŢ,34869,RURAL,0661101228,ȘCOALA GIMNAZIALĂ ȘIEUȚ,LUNCA,34878,RURAL,375742,0662103533,ȘC PRIM LUNCA,ȘCOALA PRIMARĂ LUNCA,Unitate de învățământ,AR,,Un schimb/zi,Buget,Publică de interes naţional şi local,Principală, 42,427316,0263260540,0263261178,scoala_generalasieut@yahoo.com
2025-2026,BN,ŞIEUŢ,34869,RURAL,0661101228,ȘCOALA GIMNAZIALĂ ȘIEUȚ,RUŞTIOR,34887,RURAL,375766,0662103542,ȘC PRIM RUȘTIOR,ȘCOALA PRIMARĂ RUȘTIOR,Unitate de învățământ,AR,,Un schimb/zi,Buget,Publică de interes naţional şi local,Principală, 136,427317,0263261178,0263261178,scoala_generalasieut@yahoo.com
2025-2026,BN,ŞINTEREAG,34912,RURAL,0661101255,ȘCOALA GIMNAZIALĂ ȘINTEREAG,COCIU,34958,RURAL,375936,0662102075,ȘC PRIM COCIU,ȘCOALA PRIMARĂ COCIU,Unitate de învățământ,AR,,Un schimb/zi,Buget,Publică de interes naţional şi local,Principală, 20,427324,0263229380,0263351041,sintereag_sc@yahoo.com
2025-2026,BR,BORDEI VERDE,42922,RURAL,0961101671,ŞCOALA GIMNAZIALĂ BORDEI VERDE,CONSTANTIN GABRIELESCU,42931,RURAL,404696,0962100887,ŞCOALA PRIMARĂ GABRIELESCU,ŞCOALA PRIMARĂ CONSTANTIN GABRIELESCU,Unitate de învățământ,AR,,Un schimb/zi,Buget,Publică de interes naţional şi local,ȘCOLII,22,817021,0239696111,0239696111,scbordeiverde@yahoo.com
2025-2026,BR,BORDEI VERDE,42922,RURAL,0961101671,ŞCOALA GIMNAZIALĂ BORDEI VERDE,LIŞCOTEANCA,42959,RURAL,09404684,0962100851,ŞCOALA PRIMARĂ LIŞCOTEANCA,ŞCOALA PRIMARĂ LIŞCOTEANCA,Unitate de învățământ,AR,,Un schimb/zi,Buget,Publică de interes naţional şi local,ȘCOLII,8,817023,0239696111,0239696111,scbordeiverde@yahoo.com
2025-2026,BR,BRĂILA,42691,URBAN,0961200121,"ŞCOALA PRIMARĂ ""SFÂNTA MARIA""",BRĂILA,42691,URBAN,501,0961200121,"ŞCOALA PRIMARĂ ""SF.MARIA""","ŞCOALA PRIMARĂ ""SFÂNTA MARIA""",Unitate de învățământ,PJ,32040810,Un schimb/zi,Taxă,Privată,GOLEȘTI,49,810131,0339401008,0339401008,scprsfmaria@yahoo.de
2025-2026,BR,FRECĂŢEI,43126,RURAL,0961102595,ŞCOALA PROFESIONALĂ FRECĂŢEI,TITCOV,43171,RURAL,,0962100991,ŞCOALA PRIMARĂ ”ÎNVĂȚĂTOR ZĂVOIU MARIN” TITCOV,ŞCOALA PRIMARĂ ”ÎNVĂȚĂTOR ZĂVOIU MARIN” TITCOV,Unitate de învățământ,AR,,Un schimb/zi,Buget,Publică de interes naţional şi local,ȘCOLII, 169,817051,0730290389,0372009839,scoala_frecatei@yahoo.com
2025-2026,BR,IANCA,43340,URBAN,0961102274,"LICEUL TEORETIC ""CONSTANTIN ANGELESCU""",OPRIŞENEŞTI,43377,RURAL,,0962100209,ŞCOALA PRIMARĂ OPRIŞENEŞTI,ŞCOALA PRIMARĂ OPRIŞENEŞTI,Unitate de învățământ,AR,,Un schimb/zi,Buget,Publică de interes naţional şi local,BRĂILEI, 217,815203,0239668344,0239668344,licangelescu@yahoo.com
2025-2026,BR,IANCA,43340,URBAN,0961102274,"LICEUL TEORETIC ""CONSTANTIN ANGELESCU""",PERIŞORU,43386,RURAL,,0962101228,ŞCOALA PRIMARĂ ”PROF. EUGENIU BALTĂ” PERIŞORU,ŞCOALA PRIMARĂ „PROF. EUGENIU BALTĂ” PERIŞORU,Unitate de învățământ,AR,,Un schimb/zi,Buget,Publică de interes naţional şi local,SLOBOZIEI, 16,815204,0239668344,0239668344,licangelescu@yahoo.com
2025-2026,BR,MOVILA MIRESII,43661,RURAL,0961102003,ŞCOALA GIMNAZIALĂ MOVILA MIRESII,ŢEPEŞ VODĂ,43689,RURAL,405315,0962100634,ŞCOALA PRIMARĂ ŢEPEŞ VODĂ,ŞCOALA PRIMARĂ ŢEPEŞ VODĂ,Unitate de învățământ,AR,,Un schimb/zi,Buget,Publică de interes naţional şi local,VIOLETELOR,222,817102,0339407121,0339407121,scoalamovilamiresii@yahoo.com
2025-2026,BR,MĂRAŞU,43509,RURAL,0961102057,"ŞCOALA GIMNAZIALĂ ""NICOLAE GRIGORE MĂRĂŞANU""",MĂGURENI,43527,RURAL,,0962103004,ŞCOALA PRIMARĂ MĂGURENI,ŞCOALA PRIMARĂ MĂGURENI,Unitate de învățământ,AR,,Un schimb/zi,Buget,Publică de interes naţional şi local,ȘCOLII, 7,817082,0239696741,0239696741,scoalamarasu@yahoo.com
2025-2026,BR,MĂRAŞU,43509,RURAL,0961102057,"ŞCOALA GIMNAZIALĂ ""NICOLAE GRIGORE MĂRĂŞANU""",ŢĂCĂU,43554,RURAL,405224,0962102939,ŞCOALA PRIMARĂ ŢĂCĂU,ŞCOALA PRIMARĂ ŢĂCĂU,Unitate de învățământ,AR,,Un schimb/zi,Buget,Publică de interes naţional şi local,ȘCOLII, 3,817086,0239696741,0239696741,scoalamarasu@yahoo.com
2025-2026,BR,SILIŞTEA,44006,RURAL,0961102514,ŞCOALA GIMNAZIALĂ SILIŞTEA,MUCHEA,44042,RURAL,405597,0962100512,ŞCOALA PRIMARĂ MUCHEA,ŞCOALA PRIMARĂ MUCHEA,Unitate de învățământ,AR,,Un schimb/zi,Buget,Publică de interes naţional şi local,ȘOSEUA FOCȘANI ,12,817144,0239638961,0239638961,silistea_scoala@yahoo.com
2025-2026,BR,SURDILA-GRECI,42780,RURAL,0961102134,ŞCOALA GIMNAZIALĂ SURDILA GRECI,HORIA,42815,RURAL,405729,0962100299,ŞCOALA PRIMARĂ HORIA,ŞCOALA PRIMARĂ HORIA,Unitate de învățământ,AR,,Un schimb/zi,Buget,Publică de interes naţional şi local,PRINCIPALĂ,26,817163,0239661010,0239661010,scoalasurdilagreci@yahoo.com
2025-2026,BR,TRAIAN,44211,RURAL,0961101784,ŞCOALA GIMNAZIALĂ TRAIAN,URLEASCA,44248,RURAL,,0962103094,ȘCOALA PRIMARĂ URLEASCA,ȘCOALA PRIMARĂ URLEASCA,Unitate de învățământ,AR,,Un schimb/zi,Buget,Publică de interes naţional şi local,ȘCOLII,57,817178,0339407497,0339407497,scoala.traian2023@yahoo.com
2025-2026,BR,TUDOR VLADIMIRESCU,44266,RURAL,0961102048,"ŞCOALA GIMNAZIALĂ ""AUREL HORNEŢ""",SCORŢARU VECHI,44293,RURAL,09405858,0962101106,"ŞCOALA PRIMARĂ ""ŞTEFAN NEGREA"" SCORŢARU VECHI","ŞCOALA PRIMARĂ ""ŞTEFAN NEGREA"" SCORŢARU VECHI",Unitate de învățământ,AR,,Un schimb/zi,Buget,Publică de interes naţional şi local,ÎNVĂȚĂTORILOR, 16,817183,0239630076,0239630076,scoalatudorvladimirescu_br@yahoo.com
2025-2026,BT,ALBEŞTI,36140,RURAL,0761105303,ŞCOALA GIMNAZIALĂ NR.1 ALBEŞTI,ALBEŞTI,36140,RURAL,,0762103694,ŞCOALA PRIMARĂ NR 1 ALBEŞTI,ŞCOALA PRIMARĂ NR 1 ALBEŞTI,Unitate de învățământ,AR,,Un schimb/zi,Buget,Publică de interes naţional şi local,ŞCOLII, 2,717005,0231572125,0231572125,scalbesti@yahoo.com
2025-2026,BT,ALBEŞTI,36140,RURAL,0761105303,ŞCOALA GIMNAZIALĂ NR.1 ALBEŞTI,BUIMĂCENI,36159,RURAL,,0762103649,ŞCOALA PRIMARĂ NR.2 BUIMĂCENI,ŞCOALA PRIMARĂ NR.2 BUIMĂCENI,Unitate de învățământ,AR,,Un schimb/zi,Buget,Publică de interes naţional şi local,PRINCIPALĂ, 104,717006,0231572144,0231572125,scalbesti@yahoo.com
2025-2026,BT,ALBEŞTI,36140,RURAL,0761105303,ŞCOALA GIMNAZIALĂ NR.1 ALBEŞTI,JIJIA,36177,RURAL,,0762103685,ŞCOALA PRIMARĂ NR 4 JIJIA,ŞCOALA PRIMARĂ NR 4 JIJIA,Unitate de învățământ,AR,,Un schimb/zi,Buget,Publică de interes naţional şi local,PRINCIPALĂ, 46,717008,0231572125,0231572125,scalbesti@yahoo.com
2025-2026,BT,ALBEŞTI,36140,RURAL,0761105303,ŞCOALA GIMNAZIALĂ NR.1 ALBEŞTI,MĂŞCĂTENI,36186,RURAL,,0762103667,ŞCOALA PRIMARĂ NR.5 MĂŞCĂTENI,ŞCOALA PRIMARĂ NR.5 MĂŞCĂTENI,Unitate de învățământ,AR,,Un schimb/zi,Buget,Publică de interes naţional şi local,PRINCIPALĂ, 12,717009,0231572325,0231572125,scalbesti@yahoo.com
2025-2026,BT,AVRĂMENI,36211,RURAL,0761104858,ŞCOALA GIMNAZIALĂ NR.1 AVRĂMENI,AUREL VLAICU,36239,RURAL,,0762104175,ŞCOALA PRIMARĂ NR.4 AUREL VLAICU AVRĂMENI,ŞCOALA PRIMARĂ NR. 4 AUREL VLAICU,Unitate de învățământ,AR,,Un schimb/zi,Buget,Publică de interes naţional şi local,AUREL VLAICU,FN ,717017,0231540903,0231563121,scoala_avrameni@yahoo.com
2025-2026,BT,AVRĂMENI,36211,RURAL,0761104858,ŞCOALA GIMNAZIALĂ NR.1 AVRĂMENI,DIMITRIE CANTEMIR,36248,RURAL,,0762104148,ŞCOALA PRIMARĂ NR.2 DIMITRIE CANTEMIR,ŞCOALA PRIMARĂ NR. 2 DIMITRIE CANTEMIR,Unitate de învățământ,AR,,Un schimb/zi,Buget,Publică de interes naţional şi local,DIMITRIE CANTEMIR, FN,717018,0231563121,0231563121,scoala_avrameni@yahoo.com
2025-2026,BT,AVRĂMENI,36211,RURAL,0761104858,ŞCOALA GIMNAZIALĂ NR.1 AVRĂMENI,TIMUŞ,36275,RURAL,,0762104139,ŞCOALA PRIMARĂ NR.1 TIMUS,ŞCOALA PRIMARĂ NR. 1 TIMUȘ,Unitate de învățământ,AR,,Un schimb/zi,Buget,Publică de interes naţional şi local,TIMUS, FN,717022,0231563121,0231563121,scoala_avrameni@yahoo.com
2025-2026,BT,BLÂNDEŞTI,39079,RURAL,0761104709,ŞCOALA GIMNAZIALĂ NR 1 BLÂNDEŞTI,CERCHEJENI,39088,RURAL,,0762100628,ŞCOALA PRIMARĂ NR.2 CERCHEJENI,ŞCOALA PRIMARĂ NR. 2 CERCHEJENI,Unitate de învățământ,AR,,Un schimb/zi,Buget,Publică de interes naţional şi local,CERCHEJENI, FN,717372,0231573104,0231573104,scoala_blandesti@yahoo.com
2025-2026,BT,BLÂNDEŞTI,39079,RURAL,0761104709,ŞCOALA GIMNAZIALĂ NR 1 BLÂNDEŞTI,ŞOLDĂNEŞTI,39113,RURAL,,0762100637,ŞCOALA PRIMARĂ NR.3 ŞOLDĂNEŞTI,ŞCOALA PRIMARĂ NR. 3 ŞOLDĂNEŞTI,Unitate de învățământ,AR,,Un schimb/zi,Buget,Publică de interes naţional şi local,ŞOLDĂNEŞTI, FN,717376,0231545211,0231573104,scoala_blandesti@yahoo.com
2025-2026,BT,BĂLUŞENI,36319,RURAL,0761105262,ŞCOALA GIMNAZIALĂ NR. 1 BĂLUŞENI,ZĂICEŞTI,36364,RURAL,,0762102743,ŞCOALA PRIMARĂ NR.1 ZĂICEŞTI,ŞCOALA PRIMARĂ NR. 1 ZĂICEŞTI,Unitate de învățământ,AR,,Un schimb/zi,Buget,Publică de interes naţional şi local,ZAICESTI, FN,717031,0231708599,0231708599,baluseni_scoala@yahoo.com
2025-2026,BT,CONCEŞTI,36541,RURAL,0761100189,ŞCOALA GIMNAZIALĂ NR. 1 CONCEŞTI,MOVILENI,36550,RURAL,,0762103848,ŞCOALA PRIMARĂ NR. 1 MOVILENI,ŞCOALA PRIMARĂ NR. 1 MOVILENI,Unitate de învățământ,AR,,Un schimb/zi,Buget,Publică de interes naţional şi local,MOVILENI, FN,717056,0231631350,0231631350,scoala_concesti@yahoo.com
2025-2026,BT,COPĂLĂU,36578,RURAL,0761104917,ŞCOALA GIMNAZIALĂ NR. 1 COPĂLĂU,CERBU,36596,RURAL,,0762100777,ŞCOALA PRIMARĂ NR. 3 CERBU,ŞCOALA PRIMARĂ NR. 3 CERBU,Unitate de învățământ,AR,,Un schimb/zi,Buget,Publică de interes naţional şi local,CERBU, FN,717062,0231619331,0231619331,scoalacopalau@yahoo.com
2025-2026,BT,COPĂLĂU,36578,RURAL,0761104917,ŞCOALA GIMNAZIALĂ NR. 1 COPĂLĂU,COTU,36612,RURAL,,0762100768,ŞCOALA PRIMARĂ NR 2 COTU COPĂLĂU,ŞCOALA PRIMARĂ NR. 2 COTU,Unitate de învățământ,AR,,Un schimb/zi,Buget,Publică de interes naţional şi local,COTU, FN,717060,0231619331,0231619331,scoalacopalau@yahoo.com
2025-2026,BT,CORNI,36765,RURAL,0761104677,ŞCOALA GIMNAZIALĂ „OCTAV BĂNCILĂ” CORNI,BALTA ARSĂ,36774,RURAL,,0762101335,ŞCOALA PRIMARĂ NR. 1 BALTA ARSĂ,ŞCOALA PRIMARĂ NR. 1 BALTA ARSĂ,Unitate de învățământ,AR,,Un schimb/zi,Buget,Publică de interes naţional şi local,BALTA ARSĂ, FN,717085,0231588105,0231588105,scoalacorni@yahoo.com
2025-2026,BT,CORNI,36765,RURAL,0761104677,ŞCOALA GIMNAZIALĂ „OCTAV BĂNCILĂ” CORNI,MESTEACĂN,36783,RURAL,403,0762101362,ŞCOALA PRIMARĂ NR.2 MESTEACĂN,ŞCOALA PRIMARĂ NR. 2 MESTEACĂN,Unitate de învățământ,AR,,Un schimb/zi,Buget,Publică de interes naţional şi local,MESTEACĂN, FN,717085,0231588105,0231588105,scoalacorni@yahoo.com
2025-2026,BT,COŞULA,36603,RURAL,0761104338,ŞCOALA GIMNAZIALĂ „NICOLAE CĂLINESCU” COŞULA,BUDA,36587,RURAL,,0762105538,ŞCOALA PRIMARĂ NR. 1 BUDA COŞULA,ŞCOALA PRIMARĂ NR. 1 BUDA COŞULA,Unitate de învățământ,AR,,Un schimb/zi,Buget,Publică de interes naţional şi local,BUDA,1,717061,0231619303,0231619303,scoala_cosula@yahoo.com
2025-2026,BT,COŞULA,36603,RURAL,0761104338,ŞCOALA GIMNAZIALĂ „NICOLAE CĂLINESCU” COŞULA,ŞUPITCA,36630,RURAL,,0762103726,ŞCOALA PRIMARĂ NR. 3 ŞUPITCA,ŞCOALA PRIMARĂ NR. 3 ŞUPITCA,Unitate de învățământ,AR,,Un schimb/zi,Buget,Publică de interes naţional şi local,ŞUPITCA, FN,717067,0231619303,0231619303,scoala_cosula@yahoo.com
2025-2026,BT,COŢUŞCA,36818,RURAL,0761105036,LICEUL TEHNOLOGIC COŢUŞCA,GHIRENI,36854,RURAL,,0762100515,ŞCOALA PRIMARA NR.2 GHIRENI,ŞCOALA PRIMARĂ NR. 2 GHIRENI,Unitate de învățământ,AR,,Un schimb/zi,Buget,Publică de interes naţional şi local,GHIRENI, FN,717094,0231561518,0231561518,grupscolarcotusca@yahoo.com
2025-2026,BT,COŢUŞCA,36818,RURAL,0761105036,LICEUL TEHNOLOGIC COŢUŞCA,NICHITENI,36872,RURAL,,0762100551,ŞCOALA PRIMARA NR.3 NICHITENI,ȘCOALA PRIMARĂ NR. 3 NICHITENI,Unitate de învățământ,AR,,Un schimb/zi,Buget,Publică de interes naţional şi local,NICHITENI, FN,717097,0231561518,0231561518,grupscolarcotusca@yahoo.com
2025-2026,BT,CRISTEŞTI,36916,RURAL,0761104804,ŞCOALA GIMNAZIALĂ NR. 1 CRISTEŞTI,CRISTEŞTI,36916,RURAL,,0762101891,SCOALA PRIMARA NR 1 CRISTESTI,ȘCOALA PRIMARĂ NR 1 CRISTEȘTI,Unitate de învățământ,AR,,Un schimb/zi,Buget,Publică de interes naţional şi local,CRISTESTI, ,717100,0231619911,0231619911,scoalacristesti@yahoo.com
2025-2026,BT,CRISTEŞTI,36916,RURAL,0761104804,ŞCOALA GIMNAZIALĂ NR. 1 CRISTEŞTI,SCHIT-ORĂŞENI,36934,RURAL,,0762101882,SCOALA PRIMARA NR. 3 SCHIT-ORASENI,ȘCOALA PRIMARĂ NR. 3 SCHIT-ORĂȘENI,Unitate de învățământ,AR,,Un schimb/zi,Buget,Publică de interes naţional şi local,SCHIT-ORASENI, ,717102,0231619911,0231619911,scoalacristesti@yahoo.com
2025-2026,BT,CRISTEŞTI,36916,RURAL,0761104804,ŞCOALA GIMNAZIALĂ NR. 1 CRISTEŞTI,UNGUROAIA,36943,RURAL,,0762101905,SCOALA PRIMARA NR. 4 UNGUROAIA,ȘCOALA PRIMARĂ NR. 4 UNGUROAIA,Unitate de învățământ,AR,,Un schimb/zi,Buget,Publică de interes naţional şi local,UNGUROAIA, ,717102,0231619911,0231619911,scoalacristesti@yahoo.com
2025-2026,BT,CRISTINEŞTI,36961,RURAL,0761104564,ȘCOALA GIMNAZIALĂ „IOAN MURARIU’’ CRISTINEȘTI,BARANCA,36970,RURAL,,0762103789,SCOALA PRIMARA NR.2 BARANCA CRISTINESTI,ȘCOALA PRIMARĂ NR. 2 BARANCA,Unitate de învățământ,AR,,Un schimb/zi,Buget,Publică de interes naţional şi local,BARANCA, ,717106,0231619155,0331814417,sc_cristinesti_nr_1@yahoo.com
2025-2026,BT,CRISTINEŞTI,36961,RURAL,0761104564,ȘCOALA GIMNAZIALĂ „IOAN MURARIU’’ CRISTINEȘTI,DRAGALINA,36989,RURAL,,0762103803,SCOALA PRIMARA NR. 3 DRAGALINA CRISTINESTI,ȘCOALA PRIMARĂ NR. 3 DRAGALINA,Unitate de învățământ,AR,,Un schimb/zi,Buget,Publică de interes naţional şi local,DRAGALINA, ,717107,0231619155,0331814417,sc_cristinesti_nr_1@yahoo.com
2025-2026,BT,CRISTINEŞTI,36961,RURAL,0761104564,ȘCOALA GIMNAZIALĂ „IOAN MURARIU’’ CRISTINEȘTI,DĂMILENI,39991,RURAL,,0762103812,"SCOALA PRIMARA ""IOAN SI NATALIA CORBU’’ DAMILENI",ȘCOALA PRIMARĂ „IOAN ȘI NATALIA CORBU” DĂMILENI,Unitate de învățământ,AR,,Un schimb/zi,Buget,Publică de interes naţional şi local,DAMILENI, ,717105,0231619155,0331814417,sc_cristinesti_nr_1@yahoo.com
2025-2026,BT,CĂLĂRAŞI,36505,RURAL,0761100094,ŞCOALA GIMNAZIALĂ NR. 1 CĂLĂRAŞI,CĂLĂRAŞI,36505,RURAL,,0762105701,ȘCOALA PRIMARĂ NR. 2 CĂLĂRAȘI,ȘCOALA PRIMARĂ NR. 2 CĂLĂRAȘI,Unitate de învățământ,AR,,Un schimb/zi,Buget,Publică de interes naţional şi local,PRINCIPALA,FN,717050,0231548829,0231548829,scoala_calarasi_jud_bt@yahoo.com
2025-2026,BT,CĂLĂRAŞI,36505,RURAL,0761100094,ŞCOALA GIMNAZIALĂ NR. 1 CĂLĂRAŞI,LIBERTATEA,36514,RURAL,,0762100429,ŞCOALA PRIMARĂ NR.4 LIBERTATEA,ŞCOALA PRIMARĂ NR. 4 LIBERTATEA,Unitate de învățământ,AR,,Un schimb/zi,Buget,Publică de interes naţional şi local,LIBERTATEA, FN,717051,0231548829,0231548829,scoala_calarasi_jud_bt@yahoo.com
2025-2026,BT,CĂLĂRAŞI,36505,RURAL,0761100094,ŞCOALA GIMNAZIALĂ NR. 1 CĂLĂRAŞI,PLEŞANI,36523,RURAL,,0762100411,ŞCOALA PRIMARĂ NR. 3 PLEŞANI,ŞCOALA PRIMARĂ NR. 3 PLEŞANI,Unitate de învățământ,AR,,Un schimb/zi,Buget,Publică de interes naţional şi local,PLEŞANI, FN,717052,0231548829,0231548829,scoala_calarasi_jud_bt@yahoo.com
2025-2026,BT,DARABANI,35955,URBAN,0761104415,ȘCOALA GIMNAZIALĂ „LEON DĂNĂILĂ” DARABANI,DARABANI,35955,URBAN,,0762104089,SCOALA PRIMARA ’’GHEORGHE MOROSANU’’ DARABANI,ȘCOALA PRIMARĂ „GHEORGHE MOROȘANU” DARABANI,Unitate de învățământ,AR,,Un schimb/zi,Buget,Publică de interes naţional şi local,CRINILOR,34,715100,0231631307,0231634465,leondanaila_scoala@yahoo.com
2025-2026,BT,DOBÂRCENI,37119,RURAL,0761104971,ȘCOALA GIMNAZIALĂ NR. 1 DOBÂRCENI,MURGUŢA,37155,RURAL,0002,0762102693,SCOALA PRIMARA NR. 4 MURGUTA,ȘCOALA PRIMARĂ NR. 4 MURGUȚA,Unitate de învățământ,AR,,Un schimb/zi,Buget,Publică de interes naţional şi local,MURGUTA, ,717136,0231567017,0231567017,scoala.dobarceni@yahoo.com
2025-2026,BT,DOROBANŢI,38483,RURAL,0761104392,"ȘCOALA GIMNAZIALĂ „MIHAI CONSTANTINEANU"" DOROBANȚI",DACIA,38474,RURAL,390223,0762103251,SCOALA PRIMARA NR. 2 DACIA,ȘCOALA PRIMARĂ NR. 2 DACIA,Unitate de învățământ,AR,,Un schimb/zi,Buget,Publică de interes naţional şi local,DACIA, ,717291,0231539662,0231539662,dorobantischool@yahoo.com
2025-2026,BT,DRĂGUŞENI,37182,RURAL,0761105167,ȘCOALA GIMNAZIALĂ „ARISTOTEL CRÂȘMARU” DRĂGUȘENI,PODRIGA,37191,RURAL,,0762100266,SCOALA PRIMARA NR.2 PODRIGA,ȘCOALA PRIMARĂ NR. 2 PODRIGA,Unitate de învățământ,AR,,Un schimb/zi,Buget,Publică de interes naţional şi local,PODRIGA, ,717141,0231549414,0231549414,draguseni_scoalagimnaziala@yahoo.com
2025-2026,BT,DUMENI,37404,RURAL,0761105384,ȘCOALA GIMNAZIALĂ NR. 1 DUMENI,ARBOREA,37413,RURAL,,0762100872,SCOALA PRIMARA NR. 5 ARBOREA,ȘCOALA PRIMARĂ NR. 5 ARBOREA,Unitate de învățământ,AR,,Un schimb/zi,Buget,Publică de interes naţional şi local,ARBOREA, ,717171,0231628146,0231628146,s.georgeenescu@yahoo.com
2025-2026,BT,DUMENI,37404,RURAL,0761105384,ȘCOALA GIMNAZIALĂ NR. 1 DUMENI,POPENI,37431,RURAL,,0762100854,SCOALA PRIMARA NR.4 POPENI GEORGE ENESCU,ȘCOALA PRIMARĂ NR. 4 POPENI,Unitate de învățământ,AR,,Un schimb/zi,Buget,Publică de interes naţional şi local,POPENI, ,717173,0231628146,0231628146,s.georgeenescu@yahoo.com
2025-2026,BT,DURNEŞTI,37226,RURAL,0761104329,ȘCOALA GIMNAZIALĂ NR. 1 DURNEȘTI,BROŞTENI,37253,RURAL,,0762101145,SCOALA PRIMARA NR. 4 BROSTENI,ȘCOALA PRIMARĂ NR. 4 BROȘTENI,Unitate de învățământ,AR,,Un schimb/zi,Buget,Publică de interes naţional şi local,BROSTENI, ,717140,0231578014,0231578014,scoaladurnesti2006@yahoo.com
2025-2026,BT,DURNEŞTI,37226,RURAL,0761104329,ȘCOALA GIMNAZIALĂ NR. 1 DURNEȘTI,BĂBICENI,37235,RURAL,,0762101086,SCOALA PRIMARA NR. 3 BABICENI,ȘCOALA PRIMARĂ NR. 3 BĂBICENI,Unitate de învățământ,AR,,Un schimb/zi,Buget,Publică de interes naţional şi local,BABICENI, ,717146,0231578014,0231578014,scoaladurnesti2006@yahoo.com
2025-2026,BT,DURNEŞTI,37226,RURAL,0761104329,ȘCOALA GIMNAZIALĂ NR. 1 DURNEȘTI,CUCUTENI,37262,RURAL,,0762101181,SCOALA PRIMARA NR. 1 CUCUTENI,ȘCOALA PRIMARĂ NR. 1 CUCUTENI,Unitate de învățământ,AR,,Un schimb/zi,Buget,Publică de interes naţional şi local,CUCUTENI, ,717149,0231578014,0231578014,scoaladurnesti2006@yahoo.com
2025-2026,BT,DÂNGENI,37066,RURAL,0761104736,ȘCOALA GIMNAZIALĂ NR. 1 DÂNGENI,HULUB,37075,RURAL,,0762101724,SCOALA PRIMARA NR. 1 HULUB,ȘCOALA PRIMARĂ NR. 1 HULUB,Unitate de învățământ,AR,,Un schimb/zi,Buget,Publică de interes naţional şi local,PRINCIPALĂ, 67,717121,0231571056,0231571129,scoala_dingeni@yahoo.com
2025-2026,BT,DÂNGENI,37066,RURAL,0761104736,ȘCOALA GIMNAZIALĂ NR. 1 DÂNGENI,STRAHOTIN,37093,RURAL,,0762101742,SCOALA PRIMARA NR. 2 STRAHOTIN,ȘCOALA PRIMARĂ NR. 2 STRAHOTIN,Unitate de învățământ,AR,,Două schimburi/zi,Buget,Publică de interes naţional şi local,PRINCIPALĂ, 46,717123,0231571002,0231571129,scoala_dingeni@yahoo.com
2025-2026,BT,FLAMÂNZI,37299,URBAN,0761105271,ȘCOALA GIMNAZIALĂ „ION BOJOI” FLĂMÂNZI,CHIŢOVENI,38438,URBAN,,0762103518,SCOALA PRIMARA ’’GHEORGHE PRICOP’’ CHITOVENI,SCOALA PRIMARA ’’GHEORGHE PRICOP’’ CHITOVENI,Unitate de învățământ,AR,,Un schimb/zi,Buget,Publică de interes naţional şi local,CHITOVENI, ,717155,0231552113,0231552119,grscnbalcescu@gmail.com
2025-2026,BT,FLAMÂNZI,37299,URBAN,0761105271,ȘCOALA GIMNAZIALĂ „ION BOJOI” FLĂMÂNZI,FLAMÂNZI,37299,URBAN,,0762101267,ŞCOALA PRIMARĂ CONSTANTIN COMICESCU FLAMÂNZI,ŞCOALA PRIMARĂ „CONSTANTIN COMICESCU” FLĂMÂNZI,Unitate de învățământ,AR,,Un schimb/zi,Buget,Publică de interes naţional şi local,FLAMANZI, FN,717155,0231552390,0231552390,scoalanr1flamanzi@yahoo.com
2025-2026,BT,GORBĂNEŞTI,37468,RURAL,0761104487,ȘCOALA GIMNAZIALĂ NR. 1 GORBĂNEȘTI,GEORGE COŞBUC,37486,RURAL,,0762103355,SCOALA PRIMARA NR.3 GEORGE COSBUC,SCOALA PRIMARA NR.3 GEORGE COSBUC,Unitate de învățământ,AR,,Un schimb/zi,Buget,Publică de interes naţional şi local,GEORGE COSBUC, ,717177,0231545137,0231545105,scoalagcosbuc@yahoo.com
2025-2026,BT,GORBĂNEŞTI,37468,RURAL,0761104487,ȘCOALA GIMNAZIALĂ NR. 1 GORBĂNEȘTI,SILIŞCANI,37501,RURAL,,0762103373,SCOALA PRIMARA NR.2 SILISCANI GORBANESTI,SCOALA PRIMARA NR.2 SILISCANI GORBANESTI,Unitate de învățământ,AR,,Două schimburi/zi,Buget,Publică de interes naţional şi local,SILISCANI, ,717179,0231545120,0231545105,scoalasiliscani@yahoo.com
2025-2026,BT,GORBĂNEŞTI,37468,RURAL,0761104487,ȘCOALA GIMNAZIALĂ NR. 1 GORBĂNEȘTI,SOCRUJENI,37510,RURAL,,0762103364,SCOALA PRIMARA NR.4 SOCRUJENI,SCOALA PRIMARA NR. 4 SOCRUJENI,Unitate de învățământ,AR,,Un schimb/zi,Buget,Publică de interes naţional şi local,SOCRUJENI, ,717181,0231545184,0231545105,scoala.socrujeni@yahoo.com
2025-2026,BT,HAVÂRNA,37556,RURAL,0761104822,ȘCOALA GIMNAZIALĂ „IOAN CERNAT’’ HAVÂRNA,BALINŢI,37565,RURAL,,0762102838,SCOALA PRIMARA ’’DUMITRU POMPAS’’ BALINTI,ȘCOALA PRIMARĂ „DUMITRU POMPAS” BALINȚI,Unitate de învățământ,AR,,Un schimb/zi,Buget,Publică de interes naţional şi local,BALINTI, ,717191,0231629105,0231629105,scoalahavarna@yahoo.com
2025-2026,BT,HILIŞEU-HORIA,37681,RURAL,0761104668,ȘCOALA GIMNAZIALĂ NR. 1 HILIȘEU-HORIA,CORJĂUŢI,37690,RURAL,,0762103893,SCOALA PRIMARA NR. 5 CORJAUTI,ȘCOALA PRIMARĂ NR. 5 CORJĂUȚI,Unitate de învățământ,AR,,Un schimb/zi,Buget,Publică de interes naţional şi local,CORJAUTI, ,717201,0231621131,0231621131,scoala_hiliseu_horia@yahoo.com
2025-2026,BT,HILIŞEU-HORIA,37681,RURAL,0761104668,ȘCOALA GIMNAZIALĂ NR. 1 HILIȘEU-HORIA,HILIŞEU-CLOŞCA,37707,RURAL,,0762103907,SCOALA PRIMARA NR. 4 HILISEU-CLOSCA,ȘCOALA PRIMARĂ NR. 4 HILIȘEU-CLOȘCA,Unitate de învățământ,AR,,Un schimb/zi,Buget,Publică de interes naţional şi local,HILISEU-CLOSCA, ,717202,0231621131,0231621131,scoala_hiliseu_horia@yahoo.com
2025-2026,BT,HLIPICENI,37743,RURAL,0761105226,ȘCOALA GIMNAZIALĂ „DAN IORDĂCHESCU’’ HLIPICENI,HLIPICENI,37743,RURAL,,0762101199,SCOALA PRIMARA NR. 2 HLIPICENI,ȘCOALA PRIMARĂ NR. 2 HLIPICENI,Unitate de învățământ,AR,,Un schimb/zi,Buget,Publică de interes naţional şi local,HLIPICENI, ,717205,0231574170,0231574170,scoala_hlipiceni@yahoo.com
2025-2026,BT,HUDEŞTI,37789,RURAL,0761105009,ȘCOALA GIMNAZIALĂ NR. 1 HUDEȘTI,MLENĂUŢI,37814,RURAL,,0762100836,SCOALA PRIMARA NR. 1 MLENAUTI,ȘCOALA PRIMARĂ NR. 1 MLENĂUȚI,Unitate de învățământ,AR,,Un schimb/zi,Buget,Publică de interes naţional şi local,MLENAUTI, ,717213,0231623170,0231623170,scoala_hudesti@yahoo.com
2025-2026,BT,HĂNEŞTI,37627,RURAL,0761100049,ȘCOALA GIMNAZIALĂ „TEOFIL VÂLCU” HĂNEȘTI,SARATA-BASARAB,37654,RURAL,,0762103495,SCOALA PRIMARA NR. 1 SARATA-BASARAB,SCOALA PRIMARA NR. 1 SARATA-BASARAB,Unitate de învățământ,AR,,Un schimb/zi,Buget,Publică de interes naţional şi local,SARATA-BASARAB, ,717198,0231549052,0231549052,scoala_hanesti@yahoo.com
2025-2026,BT,IPOTEŞTI,38072,RURAL,0761104772,ȘCOALA GIMNAZIALĂ „MIHAI EMINESCU” IPOTEȘTI,CUCORĂNI,38134,RURAL,,0762100352,SCOALA PRIMARA NR. 4 CUCORANI,ȘCOALA PRIMARĂ NR. 4 CUCORĂNI,Unitate de învățământ,AR,,Un schimb/zi,Buget,Publică de interes naţional şi local,MIHAI EMINESCU,24,717252,0231517050,0231517050,sgipotesti@yahoo.com
2025-2026,BT,IPOTEŞTI,38072,RURAL,0761104772,ȘCOALA GIMNAZIALĂ „MIHAI EMINESCU” IPOTEȘTI,CĂTĂMĂREŞTI,38090,RURAL,,0762100397,SCOALA PRIMARA NR. 3 CATAMARESTI,ȘCOALA PRIMARĂ NR. 3 CĂTĂMĂREȘTI,Unitate de învățământ,AR,,Un schimb/zi,Buget,Publică de interes naţional şi local,MIHAI EMINESCU, 44,717247,0231517050,0231517050,sgipotesti@yahoo.com
2025-2026,BT,IPOTEŞTI,38072,RURAL,0761104772,ȘCOALA GIMNAZIALĂ „MIHAI EMINESCU” IPOTEȘTI,STÂNCEŞTI,38152,RURAL,,0762100388,SCOALA PRIMARA NR. 2 STANCESTI,ȘCOALA PRIMARĂ NR. 2 STÂNCEȘTI,Unitate de învățământ,AR,,Un schimb/zi,Buget,Publică de interes naţional şi local,MIHAI EMINESCU, 58,717256,0231517050,0231517050,sgipotesti@yahoo.com
2025-2026,BT,LEORDA,37869,RURAL,0761105339,ȘCOALA GIMNAZIALĂ NR. 1 LEORDA,DOLINA,37896,RURAL,,0762103943,SCOALA PRIMARA NR. 3 DOLINA,ȘCOALA PRIMARĂ NR. 3 DOLINA,Unitate de învățământ,AR,,Un schimb/zi,Buget,Publică de interes naţional şi local,DOLINA, FN,717223,0231551195,0231551195,scoalaleorda@yahoo.com
2025-2026,BT,LEORDA,37869,RURAL,0761105339,ȘCOALA GIMNAZIALĂ NR. 1 LEORDA,LEORDA,37869,RURAL,,0762103979,SCOALA PRIMARA NR. 2 LEORDA,ȘCOALA PRIMARĂ NR. 2 LEORDA,Unitate de învățământ,AR,,Un schimb/zi,Buget,Publică de interes naţional şi local,LEORDA, ,717220,0231551195,0231551195,scoalaleorda@yahoo.com
2025-2026,BT,LUNCA,37921,RURAL,0761104288,ȘCOALA GIMNAZIALĂ NR. 1 LUNCA,LUNCA,37921,RURAL,,0762101751,SCOALA PRIMARA ’’ANDREI POPOVICI BAZNOSANU’’ LUNC,ȘCOALA PRIMARĂ „ANDREI POPOVICI BÂZNOȘANU” LUNCA,Unitate de învățământ,AR,,Un schimb/zi,Buget,Publică de interes naţional şi local,LUNCA, ,717225,0231573820,0231573820,scoalalunca@yahoo.com
2025-2026,BT,LUNCA,37921,RURAL,0761104288,ȘCOALA GIMNAZIALĂ NR. 1 LUNCA,STROIEŞTI,37930,RURAL,,0762101769,SCOALA PRIMARA ’’PAISIE OLARU’’ STROIESTI,ȘCOALA PRIMARĂ „PAISIE OLARU” STROIEȘTI,Unitate de învățământ,AR,,Un schimb/zi,Buget,Publică de interes naţional şi local,STROIESTI, FN,717225,0231573820,0231573820,scoalalunca@yahoo.com
2025-2026,BT,MANOLEASA,37967,RURAL,0761105298,ȘCOALA GIMNAZIALĂ NR. 1 MANOLEASA,FLONDORA,37985,RURAL,,0762102354,SCOALA PRIMARA NR. 3 FLONDORA,ȘCOALA PRIMARĂ NR. 3 FLONDORA,Unitate de învățământ,AR,,Un schimb/zi,Buget,Publică de interes naţional şi local,FLONDORA, ,717232,0231560126,0231560126,sc_manoleasa@yahoo.com
2025-2026,BT,MANOLEASA,37967,RURAL,0761105298,ȘCOALA GIMNAZIALĂ NR. 1 MANOLEASA,SADOVENI,38036,RURAL,,0762102363,SCOALA PRIMARA NR. 4 SADOVENI,ȘCOALA PRIMARĂ NR. 4 SADOVENI,Unitate de învățământ,AR,,Un schimb/zi,Buget,Publică de interes naţional şi local, SADOVENI, FN,717238,0231560126,0231560126,sc_manoleasa@yahoo.com
2025-2026,BT,MANOLEASA,37967,RURAL,0761105298,ȘCOALA GIMNAZIALĂ NR. 1 MANOLEASA,ZAHORENI,38054,RURAL,,0762102381,SCOALA PRIMARA NR. 5 ZAHORENI,ȘCOALA PRIMARĂ NR. 5 ZAHORENI,Unitate de învățământ,AR,,Un schimb/zi,Buget,Publică de interes naţional şi local,ZAHORENI, ,717241,0231560126,0231560126,sc_manoleasa@yahoo.com
2025-2026,BT,MIHĂILENI,38170,RURAL,0761105348,ȘCOALA GIMNAZIALĂ „MARIA ENESCU COSMOVICI’’ MIHĂILENI,MIHĂILENI,38170,RURAL,,0762101683,SCOALA PRIMARA NR. 1 MIHAILENI,ȘCOALA PRIMARĂ NR. 1 MIHĂILENI,Unitate de învățământ,AR,,Un schimb/zi,Buget,Publică de interes naţional şi local,MIHAILENI, ,717260,0231625316,0231625316,mihaileni1@yahoo.com
2025-2026,BT,MIHĂILENI,38170,RURAL,0761105348,ȘCOALA GIMNAZIALĂ „MARIA ENESCU COSMOVICI’’ MIHĂILENI,PÂRÂU NEGRU,38205,RURAL,,0762101647,SCOALA PRIMARA NR. 3 PIRIU NEGRU,ȘCOALA PRIMARĂ NR. 3 PÂRÂU NEGRU,Unitate de învățământ,AR,,Un schimb/zi,Buget,Publică de interes naţional şi local,PARAU NEGRU, ,717263,0231625316,0231625316,mihaileni1@yahoo.com
2025-2026,BT,MIHĂLĂŞENI,38250,RURAL,0761105321,ȘCOALA GIMNAZIALĂ NR. 1 MIHĂLĂȘENI,NEGREŞTI,38287,RURAL,226,0762101466,SCOALA PRIMARA NR. 2 NEGRESTI,ȘCOALA PRIMARĂ NR. 2 NEGREȘTI,Unitate de învățământ,AR,,Un schimb/zi,Buget,Publică de interes naţional şi local,NEGRESTI, ,717273,0231566118,0231566118,scoalamihalaseni@yahoo.com
2025-2026,BT,MIHĂLĂŞENI,38250,RURAL,0761105321,ȘCOALA GIMNAZIALĂ NR. 1 MIHĂLĂȘENI,SARATA,38303,RURAL,224,0762101493,SCOALA PRIMARA NR. 1 SARATA MIHALASENI,ȘCOALA PRIMARĂ NR. 1 SARATA,Unitate de învățământ,AR,,Un schimb/zi,Buget,Publică de interes naţional şi local,SARATA, ,717276,0231566118,0231566118,scoalamihalaseni@yahoo.com
2025-2026,BT,MILEANCA,38330,RURAL,0761104962,ȘCOALA GIMNAZIALĂ NR. 1 MILEANCA,CODRENI,38349,RURAL,106,0762102006,ŞCOALA PRIMARĂ NR. 2 CODRENI,ŞCOALA PRIMARĂ NR. 2 CODRENI,Unitate de învățământ,AR,,Un schimb/zi,Buget,Publică de interes naţional şi local,CODRENI, ,717281,0231624623,0231624623,scoalamileanca@yahoo.com
2025-2026,BT,MILEANCA,38330,RURAL,0761104962,ȘCOALA GIMNAZIALĂ NR. 1 MILEANCA,SELIŞTEA,38367,RURAL,,0762101995,SCOALA PRIMARA NR. 4 SELISTEA MILEANCA,SCOALA PRIMARA NR. 4 SELIȘTEA,Unitate de învățământ,AR,,Un schimb/zi,Buget,Publică de interes naţional şi local,SELISTEA, ,717283,0231624623,0231624623,scoalamileanca@yahoo.com
2025-2026,BT,MITOC,38385,RURAL,0761105104,ȘCOALA GIMNAZIALĂ NR. 1 MITOC,HORIA,38394,RURAL,,0762101516,SCOALA PRIMARA NR. 1 HORIA,ȘCOALA PRIMARĂ NR. 1 HORIA,Unitate de învățământ,AR,,Un schimb/zi,Buget,Publică de interes naţional şi local,HORIA, FN,717286,0231562030,0231562114,scoalamitoc@yahoo.com
2025-2026,BT,ORĂŞENI-DEAL,35811,RURAL,0761104433,ȘCOALA GIMNAZIALĂ NR. 1 ORĂŞENI-DEAL,ORĂŞENI-VALE,35820,RURAL,,0762101846,SCOALA PRIMARA NR. 2 ORASENI-VALE,ȘCOALA PRIMARĂ NR. 2 ORĂȘENI-VALE,Unitate de învățământ,AR,,Un schimb/zi,Buget,Publică de interes naţional şi local,ORASENI-VALE, FN,717117,0231511365,0231511365,scoalaorasenideal@yahoo.com
2025-2026,BT,PLOPENII MARI,39499,RURAL,0761104297,LICEUL TEHNOLOGIC PLOPENII MARI,CĂLUGĂRENI,39444,RURAL,,0762102598,SCOALA PRIMARA NR. 8 CALUGARENI VECHI,ȘCOALA PRIMARĂ NR. 8 CĂLUGĂRENI VECHI,Unitate de învățământ,AR,,Un schimb/zi,Buget,Publică de interes naţional şi local,CALUGARENI,FN ,717415,0231543122,0231543122,scoalapm@yahoo.com
2025-2026,BT,PLOPENII MARI,39499,RURAL,0761104297,LICEUL TEHNOLOGIC PLOPENII MARI,CĂLUGĂRENII NOI,39453,RURAL,0739126531,0762102657,SCOALA PRIMARA NR. 9 CALUGARENII NOI,ȘCOALA PRIMARĂ NR. 9 CĂLUGĂRENII NOI,Unitate de învățământ,AR,,Un schimb/zi,Buget,Publică de interes naţional şi local, CĂLUGĂRENI, FN,717415,0231543122,0231543122,scoalapm@yahoo.com
2025-2026,BT,PLOPENII MARI,39499,RURAL,0761104297,LICEUL TEHNOLOGIC PLOPENII MARI,MIHAI VITEAZU,39471,RURAL,,0762102612,SCOALA PRIMARA NR. 5 MIHAI VITEAZU,ȘCOALA PRIMARĂ NR. 5 MIHAI VITEAZU,Unitate de învățământ,AR,,Un schimb/zi,Buget,Publică de interes naţional şi local,MIHAI VITEAZU, FN,717422,0231543122,0231543122,scoalapm@yahoo.com
2025-2026,BT,PLOPENII MARI,39499,RURAL,0761104297,LICEUL TEHNOLOGIC PLOPENII MARI,MÂNDREŞTI,39480,RURAL,0739126532,0762102589,ȘCOALA PRIMARĂ NR. 7 MÂNDREȘTI,ȘCOALA PRIMARĂ NR. 7 MÂNDREȘTI,Unitate de învățământ,AR,,Un schimb/zi,Buget,Publică de interes naţional şi local,MÂNDREŞTI, FN,717415,0231543122,0231543122,scoalapm@yahoo.com
2025-2026,BT,PLOPENII MARI,39499,RURAL,0761104297,LICEUL TEHNOLOGIC PLOPENII MARI,PLOPENII MICI,39505,RURAL,,0762102621,ȘCOALA PRIMARĂ NR.6 PLOPENII MICI,ȘCOALA PRIMARĂ NR. 6 PLOPENII MICI,Unitate de învățământ,AR,,Un schimb/zi,Buget,Publică de interes naţional şi local,PLOPENII MICI,FN ,717424,0231543122,0231543122,scoalapm@yahoo.com
2025-2026,BT,PLOPENII MARI,39499,RURAL,0761104297,LICEUL TEHNOLOGIC PLOPENII MARI,VICOLENI,39523,RURAL,,0762103138,SCOALA PRIMARA NR. 4 VICOLENI,ȘCOALA PRIMARĂ NR. 4 VICOLENI,Unitate de învățământ,AR,,Un schimb/zi,Buget,Publică de interes naţional şi local,VICOLENI,FN ,717415,0231543133,0231543133,scoalanr1ungureni@yahoo.com
2025-2026,BT,POMÂRLA,38553,RURAL,0761104998,"LICEUL TEORETIC ""ANASTASIE BASOTA"" POMÂRLA",POMÂRLA,38553,RURAL,,0762103391,SCOALA PRIMARA NR. 1 POMÂRLA,SCOALA PRIMARA NR. 1 POMÂRLA,Unitate de învățământ,AR,,Un schimb/zi,Buget,Publică de interes naţional şi local,POMARLA, FN,717300,0231622817,0231622817,anastasiepomirla@yahoo.com
2025-2026,BT,POMÂRLA,38553,RURAL,0761104998,"LICEUL TEORETIC ""ANASTASIE BASOTA"" POMÂRLA",RACOVĂŢ,38571,RURAL,,0762103414,SCOALA PRIMARA NR. 2 RACOVAT,SCOALA PRIMARA NR. 2 RACOVAT,Unitate de învățământ,AR,,Un schimb/zi,Buget,Publică de interes naţional şi local,RACOVAT, FN,717302,0231622838,0231622817,anastasiepomirla@yahoo.com
2025-2026,BT,PRĂJENI,38599,RURAL,0761104311,ȘCOALA GIMNAZIALĂ NR. 1 PRĂJENI,CÂMPENI,38606,RURAL,,0762102191,SCOALA PRIMARA NR. 3 CIMPENI,ȘCOALA PRIMARĂ NR. 3 CÂMPENI,Unitate de învățământ,AR,,Un schimb/zi,Buget,Publică de interes naţional şi local,CAMPENI, FN,717305,0231553086,0231553086,scoalaprajenibt@yahoo.com
2025-2026,BT,PRĂJENI,38599,RURAL,0761104311,ȘCOALA GIMNAZIALĂ NR. 1 PRĂJENI,LUPĂRIA,38615,RURAL,,0762102146,SCOALA PRIMARA NR. 4 LUPARIA,ȘCOALA PRIMARĂ NR. 4 LUPĂRIA,Unitate de învățământ,AR,,Un schimb/zi,Buget,Publică de interes naţional şi local,LUPARIA, FN,717307,0231553086,0231553086,scoalaprajenibt@yahoo.com
2025-2026,BT,PĂLTINIŞ,38508,RURAL,0761105113,ȘCOALA GIMNAZIALĂ „EPISCOP DOCTOR PARTENIE CIOPRON” PĂLTINIȘ,HORODIŞTEA,38526,RURAL,22222,0762101389,SC. PRIMARA ’’SFANTUL IOAN IACOB HOZEVITUL’’ HORO,ȘCOALA PRIMARĂ „SFÂNTUL IOAN IACOB HOZEVITUL” HORODIȘTEA,Unitate de învățământ,AR,,Un schimb/zi,Buget,Publică de interes naţional şi local, HORODISTEA, FN,717296,0231551811,0231622212,scoalapaltinis@yahoo.com
2025-2026,BT,PĂLTINIŞ,38508,RURAL,0761105113,ȘCOALA GIMNAZIALĂ „EPISCOP DOCTOR PARTENIE CIOPRON” PĂLTINIȘ,PĂLTINIŞ,38508,RURAL,,0762101398,SCOALA PRIMARA NR. 2 PALTINIS,ȘCOALA PRIMARĂ NR. 2 PĂLTINIȘ,Unitate de învățământ,AR,,Un schimb/zi,Buget,Publică de interes naţional şi local, PALTINIS, FN,717295,0231622212,0231622212,scoalapaltinis@yahoo.com
2025-2026,BT,ROMA,38820,RURAL,0761104953,ȘCOALA GIMNAZIALĂ NR. 1 ROMA,ROMA,38820,RURAL,,0762103174,SCOALA PRIMARA NR. 2 ROMA,ȘCOALA PRIMARĂ NR. 2 ROMA,Unitate de învățământ,AR,,Un schimb/zi,Buget,Publică de interes naţional şi local, ROMA, FN,717335,0231544687,0231544687,scoalaroma@yahoo.com
2025-2026,BT,RĂCHIŢI,35848,RURAL,0761104582,ȘCOALA GIMNAZIALĂ NR. 1 RĂCHITI,COSTEŞTI,35866,RURAL,,0762103997,SCOALA PRIMARA NR. 3 COSTESTI,ȘCOALA PRIMARĂ NR. 3 COSTEȘTI,Unitate de învățământ,AR,,Un schimb/zi,Buget,Publică de interes naţional şi local,COSTESTI, FN,717312,0231544225,0231544225,scoalarachiti@yahoo.com
2025-2026,BT,RĂDĂUŢI-PRUT,38642,RURAL,0761100153,ȘCOALA GIMNAZIALĂ NR. 1 RĂDĂUȚI-PRUT,REDIU,38660,RURAL,,0762102449,SCOALA PRIMARA NR. 3 REDIU RADAUTI-PRUT,ȘCOALA PRIMARĂ NR. 3 REDIU,Unitate de învățământ,AR,,Un schimb/zi,Buget,Publică de interes naţional şi local, REDIU, FN,717317,0231622762,0231622762,scoalarprut@yahoo.com
2025-2026,BT,SANTA MARE,38900,RURAL,0761104496,ȘCOALA GIMNAZIALĂ NR. 1 SANTA MARE,BERZA,38928,RURAL,,0762103563,SCOALA PRIMARA NR.3 BERZA,SCOALA PRIMARA NR.3 BERZA,Unitate de învățământ,AR,,Un schimb/zi,Buget,Publică de interes naţional şi local, BERZA, FN,717345,0231565826,0231565826,scoalasm@yahoo.com
2025-2026,BT,SANTA MARE,38900,RURAL,0761104496,ȘCOALA GIMNAZIALĂ NR. 1 SANTA MARE,ILIŞENI,38955,RURAL,,0762103581,SCOALA PRIMARA NR. 6 ILISENI,SCOALA PRIMARA NR. 6 ILISENI,Unitate de învățământ,AR,,Două schimburi/zi,Buget,Publică de interes naţional şi local, ILISENI, FN,717345,0231565826,0231565826,scoalasm@yahoo.com
2025-2026,BT,SANTA MARE,38900,RURAL,0761104496,ȘCOALA GIMNAZIALĂ NR. 1 SANTA MARE,RÂNGHILEŞTI,38964,RURAL,,0762103613,SCOALA PRIMARA NR. 4 RINGHILESTI,SCOALA PRIMARA NR. 4 RINGHILESTI,Unitate de învățământ,AR,,Un schimb/zi,Buget,Publică de interes naţional şi local, RANGHILESTI, FN,717345,0231565826,0231565826,scoalasm@yahoo.com
2025-2026,BT,SMÂRDAN,39042,RURAL,0761105416,ȘCOALA PROFESIONALĂ „SFÂNTUL AP. ANDREI” SMÂRDAN,LIŞNA,39015,RURAL,,0762102526,SCOALA PRIMARA’’CONSTANTIN TINCU’’ LISNA,ŞCOALA PRIMARĂ „CONSTANTIN TINCU” LIŞNA,Unitate de învățământ,AR,,Un schimb/zi,Buget,Publică de interes naţional şi local,LIŞNA, FN,717360,0231623026,0231623026,sam_smirdan@yahoo.com
2025-2026,BT,SMÂRDAN,39042,RURAL,0761105416,ȘCOALA PROFESIONALĂ „SFÂNTUL AP. ANDREI” SMÂRDAN,OROFTIANA,39024,RURAL,0739078015,0762102571,SCOALA PRIMARA NR. 5 OROFTIANA,ŞCOALA PRIMARĂ NR. 5 OROFTIANA,Unitate de învățământ,AR,,Un schimb/zi,Buget,Publică de interes naţional şi local,OROFTIANA, FN,717360,0231623026,0231623026,sam_smirdan@yahoo.com
2025-2026,BT,SMÂRDAN,39042,RURAL,0761105416,ȘCOALA PROFESIONALĂ „SFÂNTUL AP. ANDREI” SMÂRDAN,SUHARĂU,38991,RURAL,0739078002,0762102467,SCOALA PRIMARĂ NR. 2 SUHARAU,ȘCOALA PRIMARĂ NR. 2 SUHARĂU,Unitate de învățământ,AR,,Un schimb/zi,Buget,Publică de interes naţional şi local,SUHARĂU, FN,717360,0231623026,0231623026,sam_smirdan@yahoo.com
2025-2026,BT,STĂUCENI,35893,RURAL,0761100135,ȘCOALA GIMNAZIALĂ NR. 1 STĂUCENI,VICTORIA,35928,RURAL,5555,0762103468,SCOALA PRIMARA NR. 3 VICTORIA,SCOALA PRIMARA NR. 3 VICTORIA,Unitate de învățământ,AR,,Două schimburi/zi,Buget,Publică de interes naţional şi local,VICTORIA, FN,717357,0231545751,0231545751,scoala_stauceni@yahoo.com
2025-2026,BT,SĂVENI,36079,URBAN,0761105099,ȘCOALA GIMNAZIALĂ NR. 1 SĂVENI,BODEASA,36088,URBAN,,0762100239,SCOALA PRIMARA NR. 1 BODEASA,ȘCOALA PRIMARĂ NR. 1 BODEASA,Unitate de învățământ,AR,,Un schimb/zi,Buget,Publică de interes naţional şi local,BODEASA, ,715301,0231541259,0231541278,scgensaveni@yahoo.com
2025-2026,BT,SĂVENI,36079,URBAN,0761105099,ȘCOALA GIMNAZIALĂ NR. 1 SĂVENI,BOZIENI,36097,URBAN,,0762105696,ȘCOALA PRIMARĂ NR. 2 BOZIENI,ȘCOALA PRIMARĂ NR. 2 BOZIENI,Unitate de învățământ,AR,,Un schimb/zi,Buget,Publică de interes naţional şi local,PRINCIPALA,FN,715302,0231541278,0231541278,scgensaveni@yahoo.com
2025-2026,BT,TODIRENI,39275,RURAL,0761104365,LICEUL TEHNOLOGIC TODIRENI,IUREŞTI,39319,RURAL,,0762103206,SCOALA PRIMARA NR. 3 IURESTI,ŞCOALA PRIMARĂ NR. 3 IUREŞTI,Unitate de învățământ,AR,,Un schimb/zi,Buget,Publică de interes naţional şi local,IUREŞTI, FN,717399,0231574744,0231574744,sgtodireni@yahoo.com
2025-2026,BT,TODIRENI,39275,RURAL,0761104365,LICEUL TEHNOLOGIC TODIRENI,TODIRENI,39275,RURAL,,0762103224,SCOALA PRIMARA NR. 1 TODIRENI,ŞCOALA PRIMARĂ NR. 1 TODIRENI,Unitate de învățământ,AR,,Două schimburi/zi,Buget,Publică de interes naţional şi local,TODIRENI, FN,717395,0231574744,0231574744,sgtodireni@yahoo.com
2025-2026,BT,TRUŞEŞTI,39337,RURAL,0761105235,LICEUL „DEMOSTENE BOTEZ” TRUŞEŞTI,BUHĂCENI,39346,RURAL,3917721,0762102915,SCOALA PRIMARA NR. 4 BUHACENI,ȘCOALA PRIMARĂ NR. 4 BUHĂCENI,Unitate de învățământ,AR,,Un schimb/zi,Buget,Publică de interes naţional şi local,BUHĂCENI, FN,717401,0231570222,0231570222,grupscolartrusesti@yahoo.com
2025-2026,BT,TRUŞEŞTI,39337,RURAL,0761105235,LICEUL „DEMOSTENE BOTEZ” TRUŞEŞTI,DRISLEA,39364,RURAL,3917722,0762102906,SCOALA PRIMARA NR. 3 DRISLEA,ȘCOALA PRIMARĂ NR. 3 DRISLEA,Unitate de învățământ,AR,,Un schimb/zi,Buget,Publică de interes naţional şi local,DRISLEA, FN,717403,0231570222,0231570222,grupscolartrusesti@yahoo.com
2025-2026,BT,TRUŞEŞTI,39337,RURAL,0761105235,LICEUL „DEMOSTENE BOTEZ” TRUŞEŞTI,IONĂŞENI,39373,RURAL,39177203,0762102924,SCOALA PRIMARA NR. 2 IONASENI TRUSESTI,ŞCOALA PRIMARĂ NR. 2 IONĂŞENI,Unitate de învățământ,AR,,Un schimb/zi,Buget,Publică de interes naţional şi local,IONĂŞENI, FN,717404,0231570222,0231570222,grupscolartrusesti@yahoo.com
2025-2026,BT,TUDOR VLADIMIRESCU,36195,RURAL,0761105583,ŞCOALA GIMNAZIALĂ NR.2 TUDOR VLADIMIRESCU-ALBEŞTI,COŞTIUGENI,36168,RURAL,,0762103631,ŞCOALA PRIMARĂ NR.3 COŞTIUGENI,ŞCOALA PRIMARĂ NR.3 COŞTIUGENI,Unitate de învățământ,AR,,Un schimb/zi,Buget,Publică de interes naţional şi local,PRINCIPALĂ, 27,717007,0231572125,0231572125,scalbesti@yahoo.com
2025-2026,BT,UNŢENI,39541,RURAL,0761104813,ȘCOALA GIMNAZIALĂ NR. 1 UNȚENI,MÂNĂSTIRENI,39578,RURAL,,0762103088,SCOALA PRIMARA NR. 2 MANASTIRENI,ȘCOALA PRIMARĂ NR. 2 MÂNĂSTIRENI,Unitate de învățământ,AR,,Un schimb/zi,Buget,Publică de interes naţional şi local,MÂNĂSTIRENI, FN,717438,0231543988,0231543808,scoala.unteni@yahoo.com
2025-2026,BT,VLĂDENI-DEAL,37388,RURAL,0761104555,ȘCOALA GIMNAZIALĂ NR.1 VLĂDENI-DEAL,ŞENDRENI,37379,RURAL,,0762100664,SCOALA PRIMARA NR. 5 SENDRENI,ȘCOALA PRIMARĂ NR. 5 ȘENDRENI,Unitate de învățământ,AR,,Un schimb/zi,Buget,Publică de interes naţional şi local,SENDRENI, FN,717160,0231554205,0231554205,scoalasendreni@yahoo.com
2025-2026,BT,VLĂSINEŞTI,39809,RURAL,0761105425,"ȘCOALA PROFESIONALĂ „GHEORGHE BURAC"" VLĂSINEȘTI",MIRON COSTIN,39818,RURAL,33338,0762101968,SCOALA PRIMARA NR. 3 MIRON COSTIN,ȘCOALA PRIMARĂ NR. 3 MIRON COSTIN,Unitate de învățământ,AR,,Un schimb/zi,Buget,Publică de interes naţional şi local,CALEA LAPTELUI, 26,717466,0231541379,0231541379,scvlasinesti2006@yahoo.com
2025-2026,BT,VORONA,39881,RURAL,0761105312,"LICEUL TEHNOLOGIC „ȘTEFAN CEL MARE ȘI SFÂNT"" VORONA",POIANA,39916,RURAL,12533811,0762100994,SCOALA PRIMARA ’’NICOLAE IORGA’’ POIANA VORONA,ȘCOALA PRIMARĂ „NICOLAE IORGA” POIANA,Unitate de învățământ,AR,,Un schimb/zi,Buget,Publică de interes naţional şi local,POIANA, FN,717478,0231588885,0231588656,grscolar_vorona@yahoo.com
2025-2026,BT,VÂRFU CÂMPULUI,39701,RURAL,0761104894,ȘCOALA GIMNAZIALĂ „ACADEMICIAN ALEXANDRU ZUB” VÂRFU CÂMPULUI,IONĂŞENI,39710,RURAL,,0762101706,SCOALA PRIMARA NR 3 VÂRFU CÂMPULUI,ŞCOALA PRIMARĂ NR. 3 IONĂŞENI,Unitate de învățământ,AR,,Un schimb/zi,Buget,Publică de interes naţional şi local,IONĂŞENI,FN ,717452,0231627181,0231627181,scoalanr.1virfucimpului@gmail.com
2025-2026,BT,VÂRFU CÂMPULUI,39701,RURAL,0761104894,ȘCOALA GIMNAZIALĂ „ACADEMICIAN ALEXANDRU ZUB” VÂRFU CÂMPULUI,LUNCA,39729,RURAL,,0762101715,SCOALA PRIMARA NR. 2 LUNCA VÂRFU-CÂMPULUI,ȘCOALA PRIMARĂ NR. 2 LUNCA,Unitate de învățământ,AR,,Un schimb/zi,Buget,Publică de interes naţional şi local,LUNCA, FN,717452,0231627181,0231627181,scoalanr.1virfucimpului@gmail.com
2025-2026,BT,VĂCULEŞTI,39621,RURAL,0761104632,ȘCOALA GIMNAZIALĂ NR. 1 VĂCULEȘTI,SAUCENIŢA,39649,RURAL,,0762103301,SCOALA PRIMARA NR. 2 SAUCENITA,SCOALA PRIMARA NR. 2 SAUCENITA,Unitate de învățământ,AR,,Un schimb/zi,Buget,Publică de interes naţional şi local,SAUCENIŢA, FN,717445,0231620305,0231620242,scoala_vaculesti@yahoo.com
2025-2026,BT,ŞENDRICENI,39131,RURAL,0761105407,LICEUL TEHNOLOGIC „ALEXANDRU VLAHUȚĂ” ȘENDRICENI,HORLĂCENI,39140,RURAL,83186302,0762102051,ȘC. PRIM. ȘT. AIRINEI HORLĂCENI,ȘCOALA PRIMARĂ „ȘTEFAN AIRINEI” HORLĂCENI,Unitate de învățământ,AR,,Două schimburi/zi,Buget,Publică de interes naţional şi local,SCOLII,10,717381,0231610124,0231610124,vlahuta@ltavs.ro
2025-2026,BT,ŞENDRICENI,39131,RURAL,0761105407,LICEUL TEHNOLOGIC „ALEXANDRU VLAHUȚĂ” ȘENDRICENI,PĂDURENI,39159,RURAL,,0762102069,SC. PRIM. V. ISĂCEANU PĂDURENI - ȘENDRICENI,ȘCOALA PRIMARĂ „VICTOR ISĂCEANU” PĂDURENI,Unitate de învățământ,AR,,Un schimb/zi,Buget,Publică de interes naţional şi local,PRINCIPALA,43,717382,0231610124,0231610124,vlahuta@ltavs.ro
2025-2026,BT,ŞTEFĂNEŞTI,39177,URBAN,0761104926,LICEUL „ȘTEFAN D. LUCHIAN” ȘTEFĂNEȘTI,BOBULEŞTI,39195,URBAN,,0762101597,SCOALA PRIMARĂ NR.2 BOBULESTI,ȘCOALA PRIMARĂ NR. 2 BOBULEȘTI,Unitate de învățământ,AR,,Un schimb/zi,Buget,Publică de interes naţional şi local,BOBULESTI, FN,717387,0231564158,0231564158,liceulstefanesti@gmail.com
2025-2026,BT,ŞTEFĂNEŞTI,39177,URBAN,0761104926,LICEUL „ȘTEFAN D. LUCHIAN” ȘTEFĂNEȘTI,BĂDIUŢI,39186,URBAN,,0762101602,SCOALA PRIMARA NR.4 BADIUTI,ȘCOALA PRIMARĂ NR. 4 BĂDIUȚI,Unitate de învățământ,AR,,Un schimb/zi,Buget,Publică de interes naţional şi local, BADIUTI, FN,717386,0231564282,0231564158,liceulstefanesti@gmail.com
2025-2026,BT,ŞTEFĂNEŞTI,39177,URBAN,0761104926,LICEUL „ȘTEFAN D. LUCHIAN” ȘTEFĂNEȘTI,ŞTEFĂNEŞTI,39177,URBAN,,0762105488,SCOALA PRIMARA NR.3 STINCA,ȘCOALA PRIMARĂ NR. 3 STÂNCA,Unitate de învățământ,AR,,Un schimb/zi,Buget,Publică de interes naţional şi local,STÂNCA, FN,717385,0231564158,0231564158,liceulstefanesti@gmail.com
2025-2026,BV,BECLEAN,40553,RURAL,0861100848,Școala Primară Beclean,BECLEAN,40553,RURAL,396019,0861100848,Școala Primară Beclean,Școala Primară Beclean,Unitate de învățământ,PJ,29404910,Un schimb/zi,Buget,Publică de interes naţional şi local,BECLEAN,106,507010,0268518529,0268518529,scoalabeclean@yahoo.com
2025-2026,BV,BECLEAN,40553,RURAL,0861100848,Școala Primară Beclean,BOHOLŢ,40562,RURAL,,0862103073,Școala Primară Boholț,Școala Primară Boholț,Unitate de învățământ,AR,,Un schimb/zi,Buget,Publică de interes naţional şi local,Boholț,258,507011,0268518529,0268518529,scoalabeclean@yahoo.com
2025-2026,BV,BRAN,40642,RURAL,0861100509,Liceul 'Sextil Pușcariu' Bran,BRAN,40642,RURAL,,0862103557,Școala Primară Poarta,Școala Primară Poarta,Unitate de învățământ,AR,,Un schimb/zi,Buget,Publică de interes naţional şi local,Valea Porții ,162,507025,0268236719,0372892261,liceulsextilpuscariu@yahoo.fr
2025-2026,BV,BRAŞOV,40205,URBAN,0861205114,Școala Primară 'ETOS Academy' Brașov,BRAŞOV,40205,URBAN,,0861205114,Școala Primară 'ETOS Academy',Școala Primară 'ETOS Academy' Brașov,Unitate de învățământ,PJ,50652310,Un schimb/zi,Taxă,Privată,Olteţ,10-11,507252,0766089891,0766089891,office@centrulheidi.ro
2025-2026,BV,BRAŞOV,40205,URBAN,0861205177,Școala Primară 'Greenkid' Brașov,BRAŞOV,40205,URBAN,,0861205177,Școala Primară 'Greenkid' Brașov,Școala Primară 'Greenkid' Brașov,Unitate de învățământ,PJ,38316753,Un schimb/zi,Taxă,Privată,N.D. Cocea ,12,500193,0745524508,0745524508,office@greenkid.ro
2025-2026,BV,BUNEŞTI,40713,RURAL,0861101071,Școala Gimnazială Bunești,CRIŢ,40722,RURAL,,0862102805,Școala Primară Criț,Școala Primară Criț,Unitate de învățământ,AR,,Un schimb/zi,Buget,Publică de interes naţional şi local,Castanului,64,507036,0268248706,0268248706,scoalagenerala_bunesti@yahoo.com
2025-2026,BV,BUNEŞTI,40713,RURAL,0861101071,Școala Gimnazială Bunești,MEŞENDORF,40731,RURAL,,0862102791,Școala Primară Meșendorf,Școala Primară Meșendorf,Unitate de învățământ,AR,,Un schimb/zi,Buget,Publică de interes naţional şi local,Rândunelelor,62,507037,0268248716,0268248716,scoalagenerala_bunesti@yahoo.com
2025-2026,BV,BUNEŞTI,40713,RURAL,0861101071,Școala Gimnazială Bunești,ROADEŞ,40740,RURAL,,0862102814,Școala Primară Roadeș,Școala Primară Roadeș,Unitate de învățământ,AR,,Un schimb/zi,Buget,Publică de interes naţional şi local,Sânzienelor,20,507038,0268248716,0268248716,scoalagenerala_bunesti@yahoo.com
2025-2026,BV,BUNEŞTI,40713,RURAL,0861101071,Școala Gimnazială Bunești,VISCRI,40759,RURAL,,0862102823,Școala Primară Viscri,Școala Primară Viscri,Unitate de învățământ,AR,,Un schimb/zi,Buget,Publică de interes naţional şi local,Școlii,1,507039,0268248716,0268248716,scoalagenerala_bunesti@yahoo.com
2025-2026,BV,CAŢA,40777,RURAL,0861100486,Școala Gimnazială Cața,BEIA,40786,RURAL,,0862103575,Școala Primară Beia,Școala Primară Beia,Unitate de învățământ,AR,,Un schimb/zi,Buget,Publică de interes naţional şi local,PRINCIPALĂ,246,507041,0268248610,0268248610,scoalagenerala_cata@yahoo.com
2025-2026,BV,CINCU,40839,RURAL,0861101121,Școala Gimnazială Cincu,TOARCLA,40848,RURAL,,0862102669,Școala Primară Toarcla,Școala Primară Toarcla,Unitate de învățământ,AR,,Un schimb/zi,Buget,Publică de interes naţional şi local,Principală,148,507046,0268244125,0268244125,scoalacincu@yahoo.com
2025-2026,BV,COMANA DE JOS,40866,RURAL,0861101347,Școala Gimnazială Comăna de Jos,TICUŞU NOU,40893,RURAL,,0862102357,Școala Primară Ticușu Nou,Școala Primară Ticușu Nou,Unitate de învățământ,AR,,Un schimb/zi,Buget,Publică de interes naţional şi local,MARE,93,507051,0268287509,0268287509,scgcomana@yahoo.com
2025-2026,BV,CRIZBAV,41051,RURAL,0861101935,Școala Gimnazială Crizbav,CUTUŞ,41060,RURAL,,0862104083,Școala Primară Cutuș,Școala Primară Cutuș,Unitate de învățământ,AR,,Două schimburi/zi,Buget,Publică de interes naţional şi local,CETĂȚII,75,507082,0268481835,0268481753,Sec_Crizbav@yahoo.com
2025-2026,BV,FELDIOARA,40964,RURAL,0861100613,Liceul 'Petru Rareș' Feldioara,COLONIA RECONSTRUCŢIA,40973,RURAL,,0862103358,Școala Primară Reconstrucția,Școala Primară Reconstrucția,Unitate de învățământ,AR,,Un schimb/zi,Buget,Publică de interes naţional şi local,RECONSTRUCȚIA,FN,507066,0268265011,0268265011,petruraresfeldioara@yahoo.com
2025-2026,BV,FELDIOARA,40964,RURAL,0861100613,Liceul 'Petru Rareș' Feldioara,ROTBAV,40982,RURAL,,0862103349,Școala Primară Rotbav,Școala Primară Rotbav,Unitate de învățământ,AR,,Un schimb/zi,Buget,Publică de interes naţional şi local,ROTBAV,FN,507067,0268265011,0268265011,petruraresfeldioara@yahoo.com
2025-2026,BV,HOGHIZ,41186,RURAL,0861100884,Școala Gimnazială Hoghiz,BOGATA OLTEANĂ,41195,RURAL,,0862103028,Școala Primară Bogata,Școala Primară Bogata,Unitate de învățământ,AR,,Un schimb/zi,Buget,Publică de interes naţional şi local,Principală,76,507096,0268286223,0268286223,scoalahoghiz@yahoo.com
2025-2026,BV,HOGHIZ,41186,RURAL,0861100884,Școala Gimnazială Hoghiz,CUCIULATA,41202,RURAL,,0862102434,Școala Primară Băieși,Școala Primară Băieși,Unitate de învățământ,AR,,Un schimb/zi,Buget,Publică de interes naţional şi local,Băieși,514,507097,0268286241,0268286241,cuciulatascoala@yahoo.com
2025-2026,BV,HOGHIZ,41186,RURAL,0861100884,Școala Gimnazială Hoghiz,DOPCA,41211,RURAL,,0862103019,Școala Primară Dopca,Școala Primară Dopca,Unitate de învățământ,AR,,Un schimb/zi,Buget,Publică de interes naţional şi local,Principală,203,507098,0268286223,0268286223,scoalahoghiz@yahoo.com
2025-2026,BV,HOMOROD,41257,RURAL,0861101433,Școala Gimnazială Homorod,JIMBOR,41266,RURAL,,0862102176,Școala Primară Jimbor,Școala Primară Jimbor,Unitate de învățământ,AR,,Un schimb/zi,Buget,Publică de interes naţional şi local,Jimbor,252,507180,0268286611,0268286699,scoalahomorod@yahoo.com
2025-2026,BV,HOMOROD,41257,RURAL,0861101433,Școala Gimnazială Homorod,MERCHEAŞA,41275,RURAL,,0862102167,Școala Primară Mercheașa,Școala Primară Mercheașa,Unitate de învățământ,AR,,Un schimb/zi,Buget,Publică de interes naţional şi local,Mercheașa,182,507180,0268286611,0268286699,scoalahomorod@yahoo.com
2025-2026,BV,HĂRMAN,41097,RURAL,0861100649,Școala Gimnazială 'Mihai Eminescu' Hărman,PODU OLTULUI,41104,RURAL,,0862103299,Școala Primară Podu Olt,Școala Primară Podu Olt,Unitate de învățământ,AR,,Un schimb/zi,Buget,Publică de interes naţional şi local,PRINCIPALĂ,1157,507086,0268517884,0268367014,scoalaharman@yahoo.com
2025-2026,BV,JIBERT,41293,RURAL,0861101582,Școala Gimnazială Jibert,DACIA,41300,RURAL,,0862104499,Școala Primară Dacia,Școala Primară Dacia,Unitate de învățământ,AR,,Un schimb/zi,Buget,Publică de interes naţional şi local,Mihai Viteazu,333,507110,0268545305,0268285511,scoalajibert@yahoo.com
2025-2026,BV,JIBERT,41293,RURAL,0861101582,Școala Gimnazială Jibert,GRÂNARI,41319,RURAL,,0862102045,Școala Primară Grânari,Școala Primară Grânari,Unitate de învățământ,AR,,Un schimb/zi,Buget,Publică de interes naţional şi local,Școlii,86,507110,0268285511,0268285511,scoalajibert@yahoo.com
2025-2026,BV,MĂIERUŞ,41391,RURAL,0861101614,Școala Gimnazială Măieruș,ARINI,41408,RURAL,,0862104472,Școala Primară Arini,Școala Primară Arini,Unitate de învățământ,AR,,Două schimburi/zi,Buget,Publică de interes naţional şi local,PRINCIPALĂ,FN,507120,0268284778,0268284778,scoala.maierus@yahoo.ro
2025-2026,BV,PĂRĂU,41587,RURAL,0861101727,Școala Gimnazială Părău,VENEŢIA DE SUS,41612,RURAL,,0862104332,Școala Primară Veneția de Sus,Școala Primară Veneția de Sus,Unitate de învățământ,AR,,Un schimb/zi,Buget,Publică de interes naţional şi local,Veneția de Sus,195,507155,0268287114,0268287114,scoala_parau@yahoo.com
2025-2026,BV,RACOŞ,41710,RURAL,0861100355,Școala Gimnazială 'Bethlen Samuel' Racoș,MATEIAŞ,41729,RURAL,,0862103878,Școala Primară Mateiaș,Școala Primară 'Ioan Iosif' Mateiaș,Unitate de învățământ,AR,,Un schimb/zi,Buget,Publică de interes naţional şi local,PRINCIPALĂ,221,507176,0268286855,0268286855,samracos@yahoo.com
2025-2026,BV,RECEA,41747,RURAL,0861100043,Școala Gimnazială 'General Ioan Boeriu' Recea,DEJANI,41765,RURAL,,0862102262,Școala Primară Dejani,Școala Primară Dejani,Unitate de învățământ,AR,,Un schimb/zi,Buget,Publică de interes naţional şi local,Mică,97,507182,0268246488,0268246488,sc_recea@yahoo.com
2025-2026,BV,RUPEA,40401,URBAN,0861100468,Școala Gimnazială Rupea,FIŞER,40410,RURAL,,0862103652,Școala Primară Fișer,Școala Primară Fișer,Unitate de învățământ,AR,,Un schimb/zi,Buget,Publică de interes naţional şi local,Fișer,230,505501,0268260660,0268260660,scgenrupea@gmail.com
2025-2026,BV,SĂCELE,40447,URBAN,0861204999,Școala Primară Româno-Finlandeză ERI Brașov,SĂCELE,40447,URBAN,083785845,0861204999,Școala Primară Româno-Finlandeză ERI Brașov,Școala Primară Româno-Finlandeză ERI Brașov,Unitate de învățământ,PJ,48835162,Un schimb/zi,Taxă,Privată,Piața Unirii,6,505600,0725825818,0725825818,office@eribrasov.ro
2025-2026,BV,TELIU,42067,RURAL,0861101623,Școala Gimnazială Teliu,TELIU,42067,RURAL,,0862104427,Școala Primară Teliu Vale,Școala Primară Teliu Vale,Unitate de învățământ,AR,,Un schimb/zi,Buget,Publică de interes naţional şi local,TUDOR VLADIMIRESCU,800,507120,0268526505,0268518344,sc_teliuvale@yahoo.com
2025-2026,BV,TICUŞU VECHI,42085,RURAL,0861100997,Școala Gimnazială Ticușu,COBOR,42094,RURAL,,0862102918,Școala Primară Cobor,Școala Primară Cobor,Unitate de învățământ,AR,,Un schimb/zi,Buget,Publică de interes naţional şi local,Cobor,42,507231,0268285825,0268285825,scgenticus@yahoo.com
2025-2026,BV,TĂRLUNGENI,42012,RURAL,0861100405,Școala Gimnazială Tărlungeni,CĂRPINIŞ,42021,RURAL,,0862104843,Școala Primară Cărpiniș,Școala Primară Cărpiniș,Unitate de învățământ,AR,,Două schimburi/zi,Buget,Publică de interes naţional şi local,Principală,642,507221,0268365023,0268365023,scoalatarlungeni@yahoo.ro
2025-2026,BV,VAMA BUZĂULUI,42192,RURAL,0861100287,Școala Gimnazială Vama Buzăului,ACRIŞ,42209,RURAL,,0862103991,Școala Primară Acriș,Școala Primară Acriș,Unitate de învățământ,AR,,Două schimburi/zi,Buget,Publică de interes naţional şi local,Acriș,136,507246,0268288535,0268288506,scoalavm_bz@yahoo.com
2025-2026,BV,VAMA BUZĂULUI,42192,RURAL,0861100287,Școala Gimnazială Vama Buzăului,BUZĂIEL,42218,RURAL,,0862104002,Școala Primară Buzăiel,Școala Primară Buzăiel,Unitate de învățământ,AR,,Un schimb/zi,Buget,Publică de interes naţional şi local,Buzăiel,951,507247,0268288540,0268288506,scoalavm_bz@yahoo.com
2025-2026,BV,VOILA,42316,RURAL,0861101193,Școala Gimnazială Voila,CINCŞOR,42325,RURAL,,0862102565,Școala Primară Cincșor,Școala Primară Cincșor,Unitate de învățământ,AR,,Un schimb/zi,Buget,Publică de interes naţional şi local,Cincșor,101,507261,0268517618,0268517694,scoalagenerala_voila@yahoo.com
2025-2026,BV,VOILA,42316,RURAL,0861101193,Școala Gimnazială Voila,SÂMBĂTA DE JOS,42352,RURAL,,0862102511,Școala Primară Sâmbăta de Jos,Școala Primară Sâmbăta de Jos,Unitate de învățământ,AR,,Un schimb/zi,Buget,Publică de interes naţional şi local,Sâmbăta de Jos,175,507264,0268517618,0268517694,scoalagenerala_voila@yahoo.com
2025-2026,BV,VULCAN,42405,RURAL,0861100798,Școala Gimnazială Vulcan,COLONIA 1 MAI,42414,RURAL,,0862103123,Școala Primară Mina 1 Mai,Școala Primară Mina 1 Mai Vulcan,Unitate de învățământ,AR,,Un schimb/zi,Buget,Publică de interes naţional şi local,Școlii,3,507271,0268892024,0268256357,generala_vulcan@yahoo.com
2025-2026,BV,ŞERCAIA,41827,RURAL,0861100477,Școala Gimnazială Șercaia,HĂLMEAG,41836,RURAL,,0862103616,Școala Primară Hălmeag,Școala Primară Hălmeag,Unitate de învățământ,AR,,Un schimb/zi,Buget,Publică de interes naţional şi local,Principală,246,507196,0368427290,0368427290,scoala_sercaia@yahoo.com
2025-2026,BV,ŞINCA NOUĂ,41658,RURAL,0861100658,Școala Gimnazială Șinca Nouă,PALTIN,41649,RURAL,,0862103272,Școala Primară Paltin,Școala Primară Paltin,Unitate de învățământ,AR,,Un schimb/zi,Buget,Publică de interes naţional şi local,Paltin,45,507211,0268228511,0268228511,scsincanoua@yahoo.com
2025-2026,BV,ŞOARŞ,41952,RURAL,0861101035,Școala Gimnazială Șoarș,FELMER,41970,RURAL,,0862102909,Școala Primară Felmer,Școala Primară Felmer,Unitate de învățământ,AR,,Un schimb/zi,Buget,Publică de interes naţional şi local,Principală,320,507217,0268285955,0268285414,sc_gen_soars@yahoo.com
2025-2026,BZ,BERCA,45110,RURAL,1061104025,"LICEUL TEHNOLOGIC ""SF. MUCENIC SAVA"" COMUNA BERCA",JOSENI,45147,RURAL,413427,1062101872,ŞC. PRIMARĂ JOSENI,ŞCOALA PRIMARĂ SAT JOSENI COMUNA BERCA,Unitate de învățământ,AR,,Un schimb/zi,Buget,Publică de interes naţional şi local,Vulcanilor , 145,127035,0238527289,0238527289,lictehberca@isjbuzau.ro
2025-2026,BZ,BISOCA,45254,RURAL,1061104129,"ŞCOALA GIMNAZIALĂ ""GHEORGHE MUNTEANU MURGOCI"" COMUNA BISOCA",LACURILE,45272,RURAL,413465,1062105329,ŞC.PRIM. LACURILE,ŞCOALA PRIMARĂ SAT LACURILE COMUNA BISOCA,Unitate de învățământ,AR,,Un schimb/zi,Buget,Publică de interes naţional şi local,Principala, 90,127057,0238529851,0238529851,scgimnghmmurgocibisoca@isjbuzau.ro
2025-2026,BZ,BISOCA,45254,RURAL,1061104129,"ŞCOALA GIMNAZIALĂ ""GHEORGHE MUNTEANU MURGOCI"" COMUNA BISOCA",SĂRILE,45316,RURAL,,1062105288,ŞC.PRIM. RUDARI BISOCA,ŞCOALA PRIMARĂ RUDARI SAT SĂRILE COMUNA BISOCA,Unitate de învățământ,AR,,Un schimb/zi,Buget,Publică de interes naţional şi local,SAT RUDARI COMUNA BISOCA, 89,127062,0238708842,0238708842,scgimnghmmurgocibisoca@isjbuzau.ro
2025-2026,BZ,BLĂJANI,45343,RURAL,1061104495,ŞCOALA GIMNAZIALĂ COMUNA BLĂJANI,SOREŞTI,45352,RURAL,,1062102665,ŞC.PRIM. SOREŞTI,ŞCOALA PRIMARĂ SAT SOREŞTI COMUNA BLĂJANI,Unitate de învățământ,AR,,Un schimb/zi,Buget,Publică de interes naţional şi local, SAT SOREŞTI COMUNA BLĂJANI, fn,127066,0238500572,0238500572,scgimblajani@isjbuzau.ro
2025-2026,BZ,BRĂDEANU,45502,RURAL,1061104414,ŞCOALA GIMNAZIALĂ COMUNA BRĂDEANU,SMÂRDAN,45520,RURAL,413568,1062103829,ȘC PRIMARĂ SMÂRDAN BRĂDEANU,ȘCOALA PRIMARĂ SAT SMÂRDAN COMUNA BRĂDEANU,Unitate de învățământ,AR,,Un schimb/zi,Buget,Publică de interes naţional şi local,BISERICII,277 ,127092,0238796457,0238796457,scgimnbradeanu@isjbuzau.ro
2025-2026,BZ,BRĂTILEŞTI,45557,RURAL,1061106479,ŞCOALA GIMNAZIALĂ SAT BRĂTILEŞTI COMUNA BRĂEŞTI,GOIDEŞTI,45566,RURAL,,1062103779,ŞC.PRIM. GOIDEŞTI,ŞCOALA PRIMARĂ SAT GOIDEȘTI COMUNA BRĂEȘTI,Unitate de învățământ,AR,,Două schimburi/zi,Buget,Publică de interes naţional şi local,PRINCIPALA, fn,127097,0238707010,0238707010,scgimbratilesti@isjbuzau.ro
2025-2026,BZ,BUDA,45682,RURAL,1061106244,ŞCOALA GIMNAZIALĂ COMUNA BUDA,MUCEŞTI-DĂNULEŞTI,45717,RURAL,,1062105989,ŞC.PRIM. MUCEŞTI DĂNULEŞTI,ŞCOALA PRIMARĂ SAT MUCEŞTI-DĂNULEŞTI COMUNA BUDA,Unitate de învățământ,AR,,Un schimb/zi,Buget,Publică de interes naţional şi local,PRINCIPALA, 52,127113,0238575256,0238575256,scgimbuda@isjbuzau.ro
2025-2026,BZ,C.A. ROSETTI,45824,RURAL,1061106393,ŞCOALA GIMNAZIALĂ COMUNA C.A.ROSETTI,LUNCA,45860,RURAL,413661,1062101655,ŞC.PRIM.LUNCA,ŞCOALA PRIMARĂ SAT LUNCA COMUNA C.A.ROSETTI,Unitate de învățământ,AR,,Un schimb/zi,Buget,Publică de interes naţional şi local,SAT LUNCA COMUNA C.A.ROSETTI,FN,127124,0238735715,0238730224,scgimcarosetti@isjbuzau.ro
2025-2026,BZ,C.A. ROSETTI,45824,RURAL,1061106393,ŞCOALA GIMNAZIALĂ COMUNA C.A.ROSETTI,VIZIRENI,45879,RURAL,,1062101596,ŞC.PRIM.VIZIRENI,ŞCOALA PRIMARĂ SAT VIZIRENI COMUNA C.A.ROSETTI,Unitate de învățământ,AR,,Un schimb/zi,Buget,Publică de interes naţional şi local,SAT VIZIRENI COMUNA C.A.ROSETTI, FN,127126,0238730224,0238730224,scgimcarosetti@isjbuzau.ro
2025-2026,BZ,CALVINI,45762,RURAL,1061105035,"ŞCOALA GIMNAZIALĂ "" DUMITRU I. IONESCU"" COMUNA CALVINI",OLARI,45806,RURAL,413647,1062105225,ŞC.PRIM. OLARI,ŞCOALA PRIMARĂ SAT OLARI COMUNA CALVINI,Unitate de învățământ,AR,,Un schimb/zi,Buget,Publică de interes naţional şi local,COMUNA CALVINI,FN,127134,0238523618,0238523618,scgimcalvini@isjbuzau.ro
2025-2026,BZ,CHIOJDU,46199,RURAL,1061104328,"ŞCOALA GIMNAZIALĂ ""CONSTANTIN GIURESCU"" COMUNA CHIOJDU",CĂTIAŞU,46215,RURAL,413776,1062105763,ŞC. PRIMARĂ CĂTIAŞU CHIOJDU,ŞCOALA PRIMARĂ SAT CĂTIAŞU COMUNA CHIOJDU,Unitate de învățământ,AR,,Un schimb/zi,Buget,Publică de interes naţional şi local,PRINCIPALA, 3,127172,0238599537,0238599537,scgimnchiojdu@isjbuzau.ro
2025-2026,BZ,COCHIRLEANCA,46386,RURAL,1061103589,"ŞCOALA GIMNAZIALĂ ""ION ROȘCA"" COMUNA COCHIRLEANCA",ROŞIORU,46411,RURAL,413843,1062102724,ŞC. PRIM. ROŞIORU COCHIRLEANCA,ŞCOALA PRIMARĂ SAT ROŞIORU COMUNA COCHIRLEANCA,Unitate de învățământ,AR,,Un schimb/zi,Buget,Publică de interes naţional şi local,COMUNA COCHIRLEANCA, FN,127193,0238736411,0238736411,scgimncochirleanca@isjbuzau.ro
2025-2026,BZ,CĂNEŞTI,45897,RURAL,1061106289,ŞCOALA GIMNAZIALĂ COMUNA CĂNEŞTI,NEGOŞINA,45913,RURAL,413702,1062106081,ŞC.PRIM. NEGOŞINA,ŞCOALA PRIMARĂ SAT NEGOŞINA COMUNA CĂNEȘTI,Unitate de învățământ,AR,,Un schimb/zi,Buget,Publică de interes naţional şi local,SAT NEGOŞNA COMUNA CĂNESTI, fn,127137,0238893016,0238893016,scgimcanesti@isjbuzau.ro
2025-2026,BZ,CĂPĂŢÂNEŞTI,47391,RURAL,1061104337,"ȘCOALA GIMNAZIALĂ ""ÎNV. CLEMENȚA BEȘCHEA"" SAT CĂPĂȚÂNEȘTI COMUNA MĂRĂCINENI",MĂRĂCINENI,47382,RURAL,1126605,1062101171,ȘC. PRIMARĂ MĂRĂCINENI,ȘCOALA PRIMARĂ COMUNA MĂRĂCINENI,Unitate de învățământ,AR,,Un schimb/zi,Buget,Publică de interes naţional şi local,principala,FN ,127325,0238556431,0238556431,scgimninvcbescheacapatinesti@isjbuzau.ro
2025-2026,BZ,GHERGHEASA,46849,RURAL,1061104676,ȘCOALA GIMNAZIALĂ COMUNA GHERGHEASA,SĂLCIOARA,46858,RURAL,413984,1062102145,ȘC. PRIMARĂ SĂLCIOARA,ȘCOALA PRIMARĂ SAT SĂLCIOARA COMUNA GHERGHEASA,Unitate de învățământ,AR,,Un schimb/zi,Buget,Publică de interes naţional şi local,1, 45,127251,0238577332,0238577332,scgimnghergheasa@isjbuzau.ro
2025-2026,BZ,GLODEANU-SILIŞTEA,46929,RURAL,1061103562,ȘCOALA GIMNAZIALĂ COMUNA GLODEANU SILIȘTEA,COTORCA,46974,RURAL,414029,1062106158,ȘC. PRIMARĂ COTORCA GLODEANU SILIȘTEA,ȘCOALA PRIMARĂ SAT COTORCA COMUNA GLODEANU SILIȘTEA,Unitate de învățământ,AR,,Un schimb/zi,Buget,Publică de interes naţional şi local,PRINCIPALA, 37,127266,0238704276,0238558260,scgimnglodeanusilistea@isjbuzau.ro
2025-2026,BZ,GLODEANU-SILIŞTEA,46929,RURAL,1061103562,ȘCOALA GIMNAZIALĂ COMUNA GLODEANU SILIȘTEA,VĂCĂREASCA,46992,RURAL,414029,1062106113,ȘC. PRIMARĂ. VĂCĂREASCA,ȘCOALA PRIMARĂ SAT VĂCĂREASCA COMUNA GLODEANU SILIȘTEA,Unitate de învățământ,AR,,Un schimb/zi,Buget,Publică de interes naţional şi local,PRINCIPALA, FN,127268,0238782083,0238558260,scgimnglodeanusilistea@isjbuzau.ro
2025-2026,BZ,GREBĂNU,47015,RURAL,1061100021,ȘCOALA GIMNAZIALĂ COMUNA GREBĂNU,HOMEŞTI,47024,RURAL,,1062105478,ȘC. PRIMARĂ HOMEȘTI GREBĂNU,ȘCOALA PRIMARĂ SAT HOMEȘTI COMUNA GREBĂNU,Unitate de învățământ,AR,,Un schimb/zi,Buget,Publică de interes naţional şi local,SAT HOMEȘTI COMUNA GREBĂNU, fn,127271,0238570048,0238570048,scgimngrebanu@isjbuzau.ro
2025-2026,BZ,GURA SIRIULUI,49527,RURAL,1061104468,ŞCOALA GIMNAZIALĂ COMUNA SIRIU,COLŢU PIETRII,49509,RURAL,,1062101257,ŞC.PRIM. COLŢU PIETRII SIRIU,ŞCOALA PRIMARĂ SAT COLŢU PIETRII COMUNA SIRIU,Unitate de învățământ,AR,,Un schimb/zi,Buget,Publică de interes naţional şi local,COLŢUL PIETRII ,FN ,127580,0238520618,0238500608,scgimsiriu@isjbuzau.ro
2025-2026,BZ,GURA TEGHII,47088,RURAL,1061100039,"ȘCOALA GIMNAZIALĂ ""PAMFIL GEORGIAN"" COMUNA GURA TEGHII",PĂLTINIŞ,47113,RURAL,414093,1062106045,ȘC. PRIMARĂ. PĂLTINIȘ GURA TEGHII,ȘCOALA PRIMARĂ SAT PĂLTINIȘ COMUNA GURA TEGHII,Unitate de învățământ,AR,,Un schimb/zi,Buget,Publică de interes naţional şi local,PRINCIPALA,FN,127283,0238500068,0238500068,scgimngurateghii@isjbuzau.ro
2025-2026,BZ,GURA TEGHII,47088,RURAL,1061100039,"ȘCOALA GIMNAZIALĂ ""PAMFIL GEORGIAN"" COMUNA GURA TEGHII",VARLAAM,47140,RURAL,414093,1062106036,ȘC. PRIMARĂ VARLAAM,ȘCOALA PRIMARĂ SAT VARLAAM COMUNA GURA TEGHII,Unitate de învățământ,AR,,Un schimb/zi,Buget,Publică de interes naţional şi local,PRINCIPALA, FN,127287,0238500068,0238500068,scgimngurateghii@isjbuzau.ro
2025-2026,BZ,GĂLBINAŞI,46778,RURAL,1061106434,ȘCOALA GIMNAZIALĂ COMUNA GĂLBINAȘI,TĂBĂRĂŞTI,46796,RURAL,413946,1062101352,ȘC. PRIMARĂ NR. 1 TĂBĂRĂȘTI,ȘCOALA PRIMARĂ NR. 1 SAT TĂBĂRĂȘTI COMUNA GĂLBINAȘI,Unitate de învățământ,AR,,Un schimb/zi,Buget,Publică de interes naţional şi local,PR. GHEORGHE ANGHEL, 159,127242,0238780434,0238780434,scgimngalbinasi@isjbuzau.ro
2025-2026,BZ,LOPĂTARI,47195,RURAL,1061104753,LICEUL TEHNOLOGIC COMUNA LOPĂTARI,LUNCILE,47220,RURAL,414134,1062105641,ȘC. PRIMARĂ LUNCILE LOPĂTARI,ȘCOALA PRIMARĂ SAT LUNCILE COMUNA LOPĂTARI,Unitate de învățământ,AR,,Două schimburi/zi,Buget,Publică de interes naţional şi local,LUNCILE ,fn ,127298,0238704080,0238704080,lictehlopatari@isjbuzau.ro
2025-2026,BZ,LOPĂTARI,47195,RURAL,1061104753,LICEUL TEHNOLOGIC COMUNA LOPĂTARI,PLOŞTINA,47257,RURAL,414134,1062105709,ȘC. PRIMARĂ PLOȘTINA LOPĂTARI,ȘCOALA PRIMARĂ SAT PLOȘTINA COMUNA LOPĂTARI,Unitate de învățământ,AR,,Un schimb/zi,Buget,Publică de interes naţional şi local,PLOȘTINA, fn,127295,0238704080,0238704080,lictehlopatari@isjbuzau.ro
2025-2026,BZ,LOPĂTARI,47195,RURAL,1061104753,LICEUL TEHNOLOGIC COMUNA LOPĂTARI,TERCA,47284,RURAL,414134,1062105614,ȘC. PRIMARĂ TERCA LOPĂTARI,ȘCOALA PRIMARĂ SAT TERCA COMUNA LOPĂTARI,Unitate de învățământ,AR,,Un schimb/zi,Buget,Publică de interes naţional şi local,TERCA, fn,127306,0238704080,0238704080,lictehlopatari@isjbuzau.ro
2025-2026,BZ,LUNCA PRIPORULUI,47961,RURAL,1061104233,ŞCOALA GIMNAZIALĂ SAT LUNCA PRIPORULUI ORAŞ NEHOIU,CHIRLEŞTI,47943,RURAL,1126904,1062101759,ŞC. PRIMARĂ CHIRLEŞTI NEHOIU,ŞCOALA PRIMARĂ SAT CHIRLEŞTI ORAŞ NEHOIU,Unitate de învățământ,AR,,Un schimb/zi,Buget,Publică de interes naţional şi local,CALEA MIHAI VITEAZUL,FN ,125102,0238554578,0238554578,scgimnluncapripornehoiu@isjbuzau.ro
2025-2026,BZ,MAXENU,49867,RURAL,1061104459,ŞCOALA GIMNAZIALĂ SAT MAXENU COMUNA ŢINTEŞTI,ŢINTEŞTI,49858,RURAL,112781,1062100351,ŞC.PRIM. ŢINTEŞTI,ŞCOALA PRIMARĂ COMUNA ŢINTEŞTI,Unitate de învățământ,AR,,Un schimb/zi,Buget,Publică de interes naţional şi local,PRINCIPALĂ,7 ,127640,0238532445,0238532445,scgimmaxenu@isjbuzau.ro
2025-2026,BZ,MIHĂILEŞTI,47587,RURAL,1061103639,ȘCOALA GIMNAZIALĂ COMUNA MIHĂILEȘTI,MĂRGINEANU,47612,RURAL,414299,1062101144,ȘC. PRIMARĂ MĂRGINEANU MIHĂILEȘTI,ȘCOALA PRIMARĂ SAT MĂRGINEANU COMUNA MIHĂILEȘTI,Unitate de învățământ,AR,,Un schimb/zi,Buget,Publică de interes naţional şi local,PRINCIPALĂ, 40,127378,0238584110,0238584141,scgimnmihailesti@isjbuzau.ro
2025-2026,BZ,MÂNZĂLEŞTI,47649,RURAL,1061105071,ŞCOALA GIMNAZIALĂ COMUNA MÂNZĂLEŞTI,CIREŞU,47676,RURAL,1126784,1062103942,ŞC. PRIMARĂ CIREŞU MÂNZĂLEŞTI,ŞCOALA PRIMARĂ SAT CIREŞU COMUNA MÂNZĂLEŞTI,Unitate de învățământ,AR,,Un schimb/zi,Buget,Publică de interes naţional şi local,SAT CIREŞU COMUNA MÂNZĂLEŞTI,FN ,127338,0238509519,0238509519,scgimnmanzalesti@isjbuzau.ro
2025-2026,BZ,MÂNZĂLEŞTI,47649,RURAL,1061105071,ŞCOALA GIMNAZIALĂ COMUNA MÂNZĂLEŞTI,JGHIAB,47701,RURAL,1126758,1062103969,ŞC. PRIMARĂ JGHIAB MÂNZĂLEŞTI,ŞCOALA PRIMARĂ SAT JGHIAB COMUNA MÂNZĂLEŞTI,Unitate de învățământ,AR,,Un schimb/zi,Buget,Publică de interes naţional şi local,SAT JGHEAB COMUNA MÂNZĂLEŞTI,FN ,127342,0238509519,0238509519,scgimnmanzalesti@isjbuzau.ro
2025-2026,BZ,MÂNZĂLEŞTI,47649,RURAL,1061105071,ŞCOALA GIMNAZIALĂ COMUNA MÂNZĂLEŞTI,SATU VECHI,47738,RURAL,1126708,1062103933,ŞC. PRIMARĂ SATU VECHI MÂNZĂLEŞTI,ŞCOALA PRIMARĂ SAT SATU VECHI COMUNA MÂNZĂLEŞTI,Unitate de învățământ,AR,,Un schimb/zi,Buget,Publică de interes naţional şi local,SAT SATU VECHI COMUNA MÂNZĂLEŞTI, fn,127346,0238509519,0238509519,scgimnmanzalesti@isjbuzau.ro
2025-2026,BZ,MÂNZĂLEŞTI,47649,RURAL,1061105071,ŞCOALA GIMNAZIALĂ COMUNA MÂNZĂLEŞTI,TRESTIOARA,47747,RURAL,1126734,1062103951,ŞC. PRIMARĂ TRESTIOARA MÂNZĂLEŞTI,ŞCOALA PRIMARĂ SAT TRESTIOARA COMUNA MÂNZĂLEŞTI,Unitate de învățământ,AR,,Un schimb/zi,Buget,Publică de interes naţional şi local,SAT TRESTIOARA COMUNA MÂNZĂLEŞTI, fn,127347,0238509519,0238509519,scgimnmanzalesti@isjbuzau.ro
2025-2026,BZ,MĂGURA,47346,RURAL,1061104102,ȘCOALA GIMNAZIALĂ COMUNA MĂGURA,CIUTA,47355,RURAL,1217064,1062101275,ȘC. PRIM. CIUTA,ȘCOALA PRIMARĂ SAT CIUTA COMUNA MĂGURA,Unitate de învățământ,AR,,Un schimb/zi,Buget,Publică de interes naţional şi local,SAT CIUTA COMUNA MĂGURA, fn,127322,0238524600,0238504600,scgimnmagura@isjbuzau.ro
2025-2026,BZ,MĂRGĂRIŢI,45085,RURAL,1061104572,LICEUL TEHNOLOGIC COMUNA BECENI,IZVORU DULCE,45076,RURAL,413386,1062102733,ŞC.PRIM.IZVORUL DULCE BECENI,ŞCOALA PRIMARĂ SAT IZVORUL DULCE COMUNA BECENI,Unitate de învățământ,AR,,Un schimb/zi,Buget,Publică de interes naţional şi local,SAT IZVORUL DULCE COMUNA BECENI,FN,127032,0238705479,0238705479,liceulbeceni@isjbuzau.ro
2025-2026,BZ,NĂENI,47863,RURAL,1061104622,ŞCOALA GIMNAZIALĂ COMUNA NĂENI,FINŢEŞTI,47872,RURAL,414380,1062100993,ŞC. PRIMARĂ FINŢEŞTI NĂENI,ŞCOALA PRIMARĂ SAT FINŢEŞTI COMUNA NĂENI,Unitate de învățământ,AR,,Un schimb/zi,Buget,Publică de interes naţional şi local,PRINCIPALA, 300,127392,0238545247,0238545247,scgimnnaeni@isjbuzau.ro
2025-2026,BZ,POŞTA CÂLNĂU,48780,RURAL,1061105062,"ŞCOALA GIMNAZIALĂ ""CONSTANTIN IVĂNESCU"" COMUNA POŞTA CÂLNĂU",SUDIŢI,48824,RURAL,,1062100107,ŞC.PRIM SUDIŢI POŞTA CÂLNĂU,ŞCOALA PRIMARĂ SAT SUDIŢI COMUNA POŞTA CÂLNĂU,Unitate de învățământ,AR,,Două schimburi/zi,Buget,Publică de interes naţional şi local,UNIRII,68,127489,0238521430,0238521430,scgimpostacalnau@isjbuzau.ro
2025-2026,BZ,POŞTA CÂLNĂU,48780,RURAL,1061105062,"ŞCOALA GIMNAZIALĂ ""CONSTANTIN IVĂNESCU"" COMUNA POŞTA CÂLNĂU",ZILIŞTEANCA,48833,RURAL,419110,1062100134,ŞC.PRIM. ZILIŞTEANCA POŞTA CÂLNĂU,ŞCOALA PRIMARĂ SAT ZILIŞTEANCA COMUNA POŞTA CÂLNĂU,Unitate de învățământ,AR,,Un schimb/zi,Buget,Publică de interes naţional şi local,MUNTENIEI,32,127491,0238521149,0238521149,scgimpostacalnau@isjbuzau.ro
2025-2026,BZ,PÂRSCOV,48566,RURAL,1061105008,"ŞCOALA GIMNAZIALĂ ""VASILE VOICULESCU"" COMUNA PÂRSCOV",BADILA,48575,RURAL,414586,1062103345,ŞC. PRIMARĂ BĂDILA PÂRSCOV,ŞCOALA PRIMARĂ SAT BĂDILA COMUNA PÂRSCOV,Unitate de învățământ,AR,,Un schimb/zi,Buget,Publică de interes naţional şi local,SAT BĂDILA COMUNA PÂRSCOV, FN,127451,0238507030,0238507030,scgimnvvoiculescuparscov@isjbuzau.ro
2025-2026,BZ,PÂRSCOV,48566,RURAL,1061105008,"ŞCOALA GIMNAZIALĂ ""VASILE VOICULESCU"" COMUNA PÂRSCOV",LUNCA FRUMOASĂ,48593,RURAL,414586,1062103336,ŞC. PRIMARĂ LUNCA FRUMOASĂ PÂRSCOV,ŞCOALA PRIMARĂ SAT LUNCA FRUMOASĂ COMUNA PÂRSCOV,Unitate de învățământ,AR,,Un schimb/zi,Buget,Publică de interes naţional şi local,SAT LUNCA FRUMOASĂ COMUNA PÂRSCOV,FN,127453,0238507102,0238507102,scgimnvvoiculescuparscov@isjbuzau.ro
2025-2026,BZ,PĂNĂTĂU,48236,RURAL,1061104206,ŞCOALA GIMNAZIALĂ COMUNA PĂNĂTĂU,ZAHAREŞTI,48316,RURAL,1127087,1062103404,ŞC. PRIMARĂ ZAHAREŞTI PĂNĂTĂU,ŞCOALA PRIMARĂ SAT ZAHAREŞTI COMUNA PĂNĂTĂU,Unitate de învățământ,AR,,Un schimb/zi,Buget,Publică de interes naţional şi local,ZAHAREŞTI COMUNA PĂNĂTĂU, FN,127420,0238502208,0238502208,scgimnpanatau@isjbuzau.ro
2025-2026,BZ,RACOVIŢENI,48931,RURAL,1061104052,ŞCOALA GIMNAZIALĂ COMUNA RACOVIŢENI,BUDREA,48940,RURAL,48931,1062100057,ŞC.PRIM. BUDREA RACOVIŢENI,ŞCOALA PRIMARĂ SAT BUDREA COMUNA RACOVIŢENI,Unitate de învățământ,AR,,Un schimb/zi,Buget,Publică de interes naţional şi local,SCOLII, 70,127506,0238598229,0238598229,scgimracoviteni@isjbuzau.ro
2025-2026,BZ,RÂMNICELU,48977,RURAL,1061105017,ŞCOALA GIMNAZIALĂ NR. 1 COMUNA RÂMNICELU,FOTIN,48995,RURAL,101127544,1062100758,ŞC.PRIM. FOTIN RÂMNICELU,ŞCOALA PRIMARĂ SAT FOTIN COMUNA RÂMNICELU,Unitate de învățământ,AR,,Un schimb/zi,Buget,Publică de interes naţional şi local,SAT FOTIN COMUNA RÂMNICELU,FN ,127512,0238575790,0238575790,scgimnr1ramnicelu@isjbuzau.ro
2025-2026,BZ,SCORŢOASA,49322,RURAL,1061106312,ŞCOALA GIMNAZIALĂ COMUNA SCORŢOASA,BALTA TOCILA,49331,RURAL,414926,1062101506,ŞC.PRIM. BALTA TOCILA SCORŢOASA,ŞCOALA PRIMARĂ SAT BALTA TOCILA COMUNA SCORŢOASA,Unitate de învățământ,AR,,Un schimb/zi,Buget,Publică de interes naţional şi local, SAT BALTA TOCILA COMUNA SCORŢOASA, FN,127556,0238705589,0238705589,scgimscortoasa@isjbuzau.ro
2025-2026,BZ,SCORŢOASA,49322,RURAL,1061106312,ŞCOALA GIMNAZIALĂ COMUNA SCORŢOASA,GOLU GRABICINA,49377,RURAL,1127738,1062101492,ŞC.PRIM. GOLU GRABICINA SCORŢOASA,ŞCOALA PRIMARĂ SAT GOLU GRABICINA COMUNA SCORŢOASA,Unitate de învățământ,AR,,Un schimb/zi,Buget,Publică de interes naţional şi local,GOLU GRABCINA COMUNA SCORŢOASA,FN ,127561,0238705589,0238705589,scgimscortoasa@isjbuzau.ro
2025-2026,BZ,SCORŢOASA,49322,RURAL,1061106312,ŞCOALA GIMNAZIALĂ COMUNA SCORŢOASA,POLICIORI,49420,RURAL,1127661,1062101438,ŞC.PRIM. POLICIORI SCORŢOASA,ŞCOALA PRIMARĂ SAT POLICIORI COMUNA SCORŢOASA,Unitate de învățământ,AR,,Un schimb/zi,Buget,Publică de interes naţional şi local,SAT POLICIORI COMUNA SCORŢOASA, FN,127567,0238705532,0238705589,scgimscortoasa@isjbuzau.ro
2025-2026,BZ,TOPLICENI,49778,RURAL,1061104183,ŞCOALA GIMNAZIALĂ COMUNA TOPLICENI,TOPLICENI,49778,RURAL,419665,1062106054,ŞC.PRIM.POŞTA TOPLICENI,ŞCOALA PRIMARĂ SAT POŞTA COMUNA TOPLICENI,Unitate de învățământ,AR,,Un schimb/zi,Buget,Publică de interes naţional şi local,PRINCIPALA, FN,127636,0238574020,0238574020,scgimtopliceni@isjbuzau.ro
2025-2026,BZ,VIPEREŞTI,50335,RURAL,1061104581,ŞCOALA GIMNAZIALĂ COMUNA VIPEREŞTI,PĂLICI,50353,RURAL,1128081,1062102059,ŞC. PRIMARĂ PĂLICI VIPEREŞTI,ŞCOALA PRIMARĂ SAT PĂLICI COMUNA VIPEREŞTI,Unitate de învățământ,AR,,Un schimb/zi,Buget,Publică de interes naţional şi local,PĂLICI COMUNA VIPEREŞTI, fn,127707,0238799216,0238799216,scgimnviperesti@isjbuzau.ro
2025-2026,BZ,VIPEREŞTI,50335,RURAL,1061104581,ŞCOALA GIMNAZIALĂ COMUNA VIPEREŞTI,TRONARI,50371,RURAL,1128079,1062102077,ŞC. PRIMARĂ TRONARI VIPEREŞTI,ŞCOALA PRIMARĂ SAT TRONARI COMUNA VIPEREŞTI,Unitate de învățământ,AR,,Un schimb/zi,Buget,Publică de interes naţional şi local,TRONARI COMUNA VIPEREŞTI, fn,127709,0238799216,0238799216,scgimnviperesti@isjbuzau.ro
2025-2026,BZ,ZIDURI,50488,RURAL,1061104509,ŞCOALA GIMNAZIALĂ COMUNA ZIDURI,COSTIENI,50497,RURAL,415384,1062103119,ŞC. PRIMARĂ COSTIENI ZIDURI,ŞCOALA PRIMARĂ SAT COSTIENI COMUNA ZIDURI,Unitate de învățământ,AR,,Un schimb/zi,Buget,Publică de interes naţional şi local,SAT COSTIENI COMUNA ZIDURI, fn,127720,0238571411,0238571411,scgimnziduri@isjbuzau.ro
2025-2026,BZ,ZIDURI,50488,RURAL,1061104509,ŞCOALA GIMNAZIALĂ COMUNA ZIDURI,CUCULEASA,50503,RURAL,1128158,1062103051,ŞC. PRIMARĂ CUCULEASA ZIDURI,ŞCOALA PRIMARĂ SAT CUCULEASA COMUNA ZIDURI,Unitate de învățământ,AR,,Un schimb/zi,Buget,Publică de interes naţional şi local,CUCULEASA COMUNA ZIDURI, fn,127720,0238571411,0238571411,scgimnziduri@isjbuzau.ro
2025-2026,BZ,ZIDURI,50488,RURAL,1061104509,ŞCOALA GIMNAZIALĂ COMUNA ZIDURI,HELIADE RĂDULESCU,50512,RURAL,415372,1062103101,ŞC. PRIMARĂ H. RĂDULESCU ZIDURI,ŞCOALA PRIMARĂ SAT HELIADE RĂDULESCU COMUNA ZIDURI,Unitate de învățământ,AR,,Un schimb/zi,Buget,Publică de interes naţional şi local,HELIADE RĂDULESCU COMUNA ZIDURI, fn,127723,0238571411,0238571411,scgimnziduri@isjbuzau.ro
2025-2026,BZ,ZIDURI,50488,RURAL,1061104509,ŞCOALA GIMNAZIALĂ COMUNA ZIDURI,LANURILE,50521,RURAL,415401,1062103078,ŞC. PRIMARĂ LANURILE ZIDURI,ŞCOALA PRIMARĂ SAT LANURILE COMUNA ZIDURI,Unitate de învățământ,AR,,Un schimb/zi,Buget,Publică de interes naţional şi local,LANURILE COMUNA ZIDURI, fn,127724,0238571411,0238571411,scgimnziduri@isjbuzau.ro
2025-2026,CJ,AITON,55605,RURAL,1261104845,"ȘCOALA PRIMARĂ AITON, COM. AITON",AITON,55605,RURAL,120438556,1261104845,"ȘCOALA PRIMARĂ AITON, COM. AITON","ȘCOALA PRIMARĂ AITON, COM. AITON",Unitate de învățământ,PJ,18302885,Un schimb/zi,Buget,Publică de interes naţional şi local,Principală,419,407025,0264310380,0264310380,scoalaaiton419@gmail.com
2025-2026,CJ,ALUNIŞ,55632,RURAL,1261103835,"ȘCOALA GIMNAZIALĂ ALUNIȘ, COM. ALUNIȘ",GHIROLT,55650,RURAL,,1262100746,"ȘCOALA PRIMARĂ GHIROLT, COM. ALUNIȘ","ȘCOALA PRIMARĂ GHIROLT, COM. ALUNIȘ",Unitate de învățământ,AR,,Un schimb/zi,Buget,Publică de interes naţional şi local,PRINCIPALA,35,407032,0264263502,0264263502,scoala.alunis@yahoo.com
2025-2026,CJ,APAHIDA,55696,RURAL,1261102992,"ȘCOALA GIMNAZIALĂ ""ȘTEFAN PASCU"" APAHIDA, COM. APAHIDA",DEZMIR,55730,RURAL,,1262100737,ȘCOALA PRIMARĂ DEZMIR COM. APAHIDA,ȘCOALA PRIMARĂ DEZMIR COM. APAHIDA,Unitate de învățământ,AR,,Un schimb/zi,Buget,Publică de interes naţional şi local,Crișeni,149,407039,0264487733,0264231548,gsapahida@yahoo.com
2025-2026,CJ,BELIŞ,56023,RURAL,1261103075,"ȘCOALA GIMNAZIALĂ ""AVRAM IANCU"" BELIȘ, COM. BELIȘ",POIANA HOREA,56078,RURAL,,1262100886,"ȘCOALA PRIMARĂ POIANA HOREA, COM. BELIȘ","ȘCOALA PRIMARĂ POIANA HOREA, COM. BELIȘ",Unitate de învățământ,AR,,Un schimb/zi,Buget,Publică de interes naţional şi local,Principala, ,407081,0264334015,0264334015,scoalabelis@yahoo.com
2025-2026,CJ,CEANU MARE,56853,RURAL,1261100072,"ȘCOALA GIMNAZIALĂ CEANU MARE, COM. CEANU MARE",BOLDUŢ,56880,RURAL,,1262100565,"ȘCOALA PRIMARĂ BOLDUȚ, COM. CEANU MARE","ȘCOALA PRIMARĂ BOLDUȚ, COM. CEANU MARE",Unitate de învățământ,AR,,Un schimb/zi,Buget,Publică de interes naţional şi local, Principală,65,407188,0264327160,0264327110,ceanumare2007@yahoo.com
2025-2026,CJ,CEANU MARE,56853,RURAL,1261100072,"ȘCOALA GIMNAZIALĂ CEANU MARE, COM. CEANU MARE",IACOBENI,56933,RURAL,120439079,1262100556,"ȘCOALA PRIMARĂ IACOBENI, COM. CEANU MARE","ȘCOALA PRIMARĂ IACOBENI, COM. CEANU MARE",Unitate de învățământ,AR,,Un schimb/zi,Buget,Publică de interes naţional şi local,PRINCIPALA,32,407194,0730637688,0264327110,ceanumare2007@yahoo.com
2025-2026,CJ,CHINTENI,56997,RURAL,1261103776,"ȘCOALA GIMNAZIALĂ CHINTENI, COM. CHINTENI",DEUŞU,57001,RURAL,,1262100791,"ȘCOALA PRIMARĂ DEUȘU, COM. CHINTENI","ȘCOALA PRIMARĂ DEUȘU, COM. CHINTENI",Unitate de învățământ,AR,,Un schimb/zi,Buget,Publică de interes naţional şi local, Principală,14,407206,0264287190,0264271773,scoalachinteni@yahoo.com
2025-2026,CJ,CHINTENI,56997,RURAL,1261103776,"ȘCOALA GIMNAZIALĂ CHINTENI, COM. CHINTENI",FEIURDENI,57010,RURAL,120439110,1262100805,"ȘCOALA PRIMARĂ FEIURDENI, COM. CHINTENI","ȘCOALA PRIMARĂ FEIURDENI, COM. CHINTENI",Unitate de învățământ,AR,,Un schimb/zi,Buget,Publică de interes naţional şi local, Principală,116,407207,0264271773,0264271773,scoalachinteni@yahoo.com
2025-2026,CJ,CHIUIEŞTI,57092,RURAL,1261100312,"ȘCOALA GIMNAZIALĂ CHIUIEȘTI, COM. CHIUIEȘTI",MĂGOAJA,57127,RURAL,120441606,1262100497,"ȘCOALA PRIMARĂ MĂGOAJA, COM. CHIUIEȘTI","ȘCOALA PRIMARĂ MĂGOAJA, COM. CHIUIEȘTI",Unitate de învățământ,AR,,Un schimb/zi,Buget,Publică de interes naţional şi local, Măgoaja,58,407218,0264225509,0264225509,scoalachiuiesti@yahoo.com
2025-2026,CJ,CLUJ-NAPOCA,54984,URBAN,1261103577,"ȘCOALA GIMNAZIALĂ ""HOREA"" CLUJ-NAPOCA",CLUJ-NAPOCA,54984,URBAN,120443549,1262104203,"ȘCOALA PRIMARĂ ""HOREA"" CLUJ-NAPOCA - STRUCTURA 1","ȘCOALA PRIMARĂ ""HOREA"" CLUJ-NAPOCA - STRUCTURA 1",Unitate de învățământ,AR,,Un schimb/zi,Buget,Publică de interes naţional şi local,11 OCTOMBRIE,3,400211,0264432323,0264432160,scoala_horea_cluj@yahoo.com
2025-2026,CJ,CLUJ-NAPOCA,54984,URBAN,1261205197,"ȘCOALA PRIMARĂ ""CAMIGO"" CLUJ-NAPOCA",CLUJ-NAPOCA,54984,URBAN,,1261205197,"ȘCOALA PRIMARĂ ""CAMIGO"" CLUJ-NAPOCA","ȘCOALA PRIMARĂ ""CAMIGO"" CLUJ-NAPOCA",Unitate de învățământ,PJ,33411550,Program prelungit,Taxă,Privată,Vlahuţă Alexandru,31-31A,400310,0746023898,0746023898,camigogradinita@gmail.com
2025-2026,CJ,CLUJ-NAPOCA,54984,URBAN,1261205419,"ȘCOALA PRIMARĂ ""KEY INTERNATIONAL SCHOOL"" CLUJ-NAPOCA",CLUJ-NAPOCA,54984,URBAN,,1261205419,"ȘCOALA PRIMARĂ ""KEY INTERNATIONAL SCHOOL"" CLUJ-N","ȘCOALA PRIMARĂ ""KEY INTERNATIONAL SCHOOL"" CLUJ-NAPOCA",Unitate de învățământ,PJ,36032410,Un schimb/zi,Taxă,Privată,Bologa Valeriu,3,400436,0771192638,0771192638,contact@keyschool.ro
2025-2026,CJ,CLUJ-NAPOCA,54984,URBAN,1261205093,"ȘCOALA PRIMARĂ ""KINDERLAND"" CLUJ-NAPOCA",CLUJ-NAPOCA,54984,URBAN,,1261205093,"ȘCOALA PRIMARĂ ""KINDERLAND"" CLUJ-NAPOCA","ȘCOALA PRIMARĂ ""KINDERLAND"" CLUJ-NAPOCA",Unitate de învățământ,PJ,25359914,Un schimb/zi,Taxă,Privată,Densuşianu Aron,42,400428,0744762772,0364104617,scoalakinderland@ymail.com
2025-2026,CJ,CLUJ-NAPOCA,54984,URBAN,1261205975,"ȘCOALA PRIMARĂ ""MONTESSORI ACADEMY"" CLUJ-NAPOCA",CLUJ-NAPOCA,54984,URBAN,,1261205975,"ȘCOALA PRIMARĂ ""MONTESSORI ACADEMY"" CLUJ-NAPOCA","ȘCOALA PRIMARĂ ""MONTESSORI ACADEMY"" CLUJ-NAPOCA",Unitate de învățământ,PJ,44969862,Un schimb/zi,Taxă,Privată,"Grigorescu Eremia, general",18,,0740627428,0740627428,academicmontessori.cluj@gmail.com
2025-2026,CJ,CLUJ-NAPOCA,54984,URBAN,1261201813,"ȘCOALA PRIMARĂ ""SAYORA"" CLUJ-NAPOCA",CLUJ-NAPOCA,54984,URBAN,,1261201813,"ȘCOALA PRIMARĂ ""SAYORA"" CLUJ-NAPOCA","ȘCOALA PRIMARĂ ""SAYORA"" CLUJ-NAPOCA",Unitate de învățământ,PJ,33026660,Program prelungit,Taxă,Privată,Constantin Brâncoveanu,22,400467,0264441889,0364401806,mihaelajaradat@yahoo.com
2025-2026,CJ,CLUJ-NAPOCA,54984,URBAN,1261202149,"ȘCOALA PRIMARĂ ""T.E.I."" TRANSYLVANIAN EDUCATIONAL INSTITUTE CLUJ-NAPOCA",CLUJ-NAPOCA,54984,URBAN,,1261202149,"ȘCOALA PRIMARĂ ""T.E.I."" CLUJ-NAPOCA","ȘCOALA PRIMARĂ ""T.E.I."" TRANSYLVANIAN EDUCATIONAL INSTITUTE CLUJ-NAPOCA",Unitate de învățământ,PJ,24513682,Program prelungit,Taxă,Privată,Liszt Franz,18,400696,0756252927,0756252927,lucian.popa@gradinitapatricia.ro
2025-2026,CJ,CLUJ-NAPOCA,54984,URBAN,1261205912,ȘCOALA PRIMARĂ MONTESSORI TRANSILVANIA CLUJ-NAPOCA,CLUJ-NAPOCA,54984,URBAN,,1261205912,ȘCOALA PRIMARĂ MONTESSORI TRANSILVANIA CLUJ-NAPOCA,ȘCOALA PRIMARĂ MONTESSORI TRANSILVANIA CLUJ-NAPOCA,Unitate de învățământ,PJ,42903624,Un schimb/zi,Taxă,Privată,Decebal,79,,0728960880,0728960880,contact@montessoritransilvania.ro
2025-2026,CJ,CLUJ-NAPOCA,54984,URBAN,1261206049,ȘCOALA PRIMARĂ RAINBOW INTERNATIONAL SCHOOL CLUJ-NAPOCA,CLUJ-NAPOCA,54984,URBAN,,1261206049,ȘCOALA PRIMARĂ RAINBOW INTERNATIONAL SCHOOL CLUJ,ȘCOALA PRIMARĂ RAINBOW INTERNATIONAL SCHOOL CLUJ-NAPOCA,Unitate de învățământ,PJ,41474486,Un schimb/zi,Taxă,Privată,Barbusse Henri,44-46,400258,0720779941,0720779941,educatiesustenabila@gmail.com
2025-2026,CJ,CĂLĂRAŞI,56434,RURAL,1261102427,"ȘCOALA GIMNAZIALĂ CĂLĂRAȘI, COM. CĂLĂRAȘI",BOGATA,56443,RURAL,120438908,1262100814,"ȘCOALA PRIMARĂ BOGATA, COM. CĂLĂRAȘI","ȘCOALA PRIMARĂ BOGATA, COM. CĂLĂRAȘI",Unitate de învățământ,AR,,Un schimb/zi,Buget,Publică de interes naţional şi local, Bogata,79,407131,0264356090,0264356090,sc_calarasi_cj@yahoo.com
2025-2026,CJ,CĂLĂŢELE,56470,RURAL,1261102897,"ȘCOALA GIMNAZIALĂ CĂLĂȚELE, COM. CĂLĂȚELE",DEALU NEGRU,56498,RURAL,,1262100633,"ȘCOALA PRIMARĂ DEALU NEGRU, COM. CĂLĂȚELE","ȘCOALA PRIMARĂ DEALU NEGRU, COM. CĂLĂȚELE",Unitate de învățământ,AR,,Un schimb/zi,Buget,Publică de interes naţional şi local, Principală, ,407137,0264352305,0264352305,calatele@yahoo.com
2025-2026,CJ,CĂMĂRAŞU,56531,RURAL,1261103663,"ȘCOALA GIMNAZIALĂ CĂMĂRAȘU, COM. CĂMĂRAȘU",NĂOIU,56540,RURAL,120438946,1262105077,"ȘCOALA PRIMARĂ NĂOIU, COM. CĂMĂRAȘU","ȘCOALA PRIMARĂ NĂOIU, COM. CĂMĂRAȘU",Unitate de învățământ,AR,,Un schimb/zi,Buget,Publică de interes naţional şi local, Năoiu, 68,407141,0264288133,0264288008,scoala.camarasu@yahoo.com
2025-2026,CJ,CĂPUŞU MARE,56577,RURAL,1261103853,"ȘCOALA GIMNAZIALĂ CĂPUȘU MARE, COM. CĂPUȘU MARE",CĂPUŞU MIC,56602,RURAL,120441357,1262100592,"ȘCOALA PRIMARĂ CĂPUȘU MIC, COM. CĂPUȘU MARE","ȘCOALA PRIMARĂ CĂPUȘU MIC, COM. CĂPUȘU MARE",Unitate de învățământ,AR,,Un schimb/zi,Buget,Publică de interes naţional şi local,PRINCIPALA, ,407148,0364439751,0364439743,scoalacapus@yahoo.com
2025-2026,CJ,DĂBÂCA,57555,RURAL,1261103012,"ȘCOALA GIMNAZIALĂ ""GELU ROMÂNUL"" DĂBÂCA, COM. DĂBÂCA",LUNA DE JOS,57564,RURAL,120439316,1262102029,"ȘCOALA PRIMARĂ LUNA DE JOS, COM. DĂBÂCA","ȘCOALA PRIMARĂ LUNA DE JOS, COM. DĂBÂCA",Unitate de învățământ,AR,,Un schimb/zi,Buget,Publică de interes naţional şi local, Luna de Jos, ,407265,0264263900,0264355959,scoala.dabaca@yahoo.com
2025-2026,CJ,FIZEŞU GHERLII,57653,RURAL,1261100131,"ȘCOALA PRIMARĂ FIZEȘU GHERLII, COM. FIZEȘU GHERLII",FIZEŞU GHERLII,57653,RURAL,120439354,1261100131,"ȘCOALA PRIMARĂ FIZEȘU GHERLII, COM. FIZEȘU GHERLII","ȘCOALA PRIMARĂ FIZEȘU GHERLII, COM. FIZEȘU GHERLII",Unitate de învățământ,PJ,17990034,Un schimb/zi,Buget,Publică de interes naţional şi local, Fizeșu Gherlii,233,407275,0264248123,0264248123,scoalafizes@yahoo.com
2025-2026,CJ,FIZEŞU GHERLII,57653,RURAL,1261100131,"ȘCOALA PRIMARĂ FIZEȘU GHERLII, COM. FIZEȘU GHERLII",NICULA,57680,RURAL,,1262100384,"ȘCOALA PRIMARĂ NICULA, COM. FIZEȘU GHERLII","ȘCOALA PRIMARĂ NICULA, COM. FIZEȘU GHERLII",Unitate de învățământ,AR,,Un schimb/zi,Buget,Publică de interes naţional şi local,PRINCIPALA,110,407278,0264248123,0264248123,scoalafizes@yahoo.com
2025-2026,CJ,FLOREŞTI,57715,RURAL,1261202122,"ȘCOALA PRIMARĂ ""DANIELA"" FLORESTI, COM. FLORESTI",FLOREŞTI,57715,RURAL,,1261202122,"ȘCOALA PRIMARĂ ""DANIELA"" FLORESTI, COM. FLORESTI","ȘCOALA PRIMARĂ ""DANIELA"" FLORESTI, COM. FLORESTI",Unitate de învățământ,PJ,27352530,Program prelungit,Taxă,Privată,Florilor,10,407280,0742405857,0264266162,gradinitadaniela@gmail.com
2025-2026,CJ,GEACA,57840,RURAL,1261103898,"ȘCOALA GIMNAZIALĂ GEACA, COM. GEACA",SUCUTARD,57895,RURAL,120439433,1262100488,"ȘCOALA PRIMARĂ ""N. F. NEGRUȚIU"" SUCUTARD","ȘCOALA PRIMARĂ ""NICOLAE F. NEGRUȚIU"" SUCUTARD, COM. GEACA",Unitate de învățământ,AR,,Un schimb/zi,Buget,Publică de interes naţional şi local,PRINCIPALA,108,407306,0264287500,0264287500,scoalageaca@yahoo.com
2025-2026,CJ,GÂRBĂU,57957,RURAL,1261103238,"ȘCOALA GIMNAZIALĂ GÂRBĂU, COM. GÂRBĂU",VIŞTEA,57984,RURAL,120442076,1262101634,"ȘCOALA PRIMARĂ VIȘTEA, COM. GÂRBĂU","ȘCOALA PRIMARĂ VIȘTEA, COM. GÂRBĂU",Unitate de învățământ,AR,,Un schimb/zi,Buget,Publică de interes naţional şi local,PRINCIPALA,34,407299,0264271419,0264283606,scoalagarbau@yahoo.com
2025-2026,CJ,HUEDIN,55455,URBAN,1261103039,"LICEUL TEHNOLOGIC ""VLĂDEASA"" HUEDIN",HUEDIN,55455,URBAN,,1262104221,ȘCOALA PRIMARĂ CETATEA VECHE II ORAȘ HUEDIN,ȘCOALA PRIMARĂ CETATEA VECHE II ORAȘ HUEDIN,Unitate de învățământ,AR,,Un schimb/zi,Buget,Publică de interes naţional şi local, Horea,178,405400,0264351314,0264351314,gshuedin@yahoo.com
2025-2026,CJ,IZVORU CRIŞULUI,58213,RURAL,1261102273,"ȘCOALA GIMNAZIALĂ ""KOS KAROLY"" IZVORU CRIȘULUI, COM. IZVORU CRIȘULUI",ŞAULA,58240,RURAL,,1262101616,"ȘCOALA PRIMARĂ ȘAULA, COM. IZVORU CRIȘULUI","ȘCOALA PRIMARĂ ȘAULA, COM. IZVORU CRIȘULUI",Unitate de învățământ,AR,,Un schimb/zi,Buget,Publică de interes naţional şi local, Șaula,94,407343,0264257120,0264257120,korosfoiskola@yahoo.com
2025-2026,CJ,JICHIŞU DE JOS,55115,RURAL,1261103568,"ȘCOALA PRIMARĂ JICHIȘU DE JOS, COM. JICHIȘU DE JOS",JICHIŞU DE JOS,55115,RURAL,120440444,1261103568,"ȘCOALA PRIMARĂ JICHIȘU DE JOS, COM. JICHIȘU DE JOS","ȘCOALA PRIMARĂ JICHIȘU DE JOS, COM. JICHIȘU DE JOS",Unitate de învățământ,PJ,18176817,Un schimb/zi,Buget,Publică de interes naţional şi local, Principală,26,407345,0264227375,0264227375,scoalajichis@yahoo.com
2025-2026,CJ,JUCU DE SUS,58268,RURAL,1261100303,"ȘCOALA GIMNAZIALĂ ""GEORGE BARIȚIU"" JUCU DE SUS, COM. JUCU",VIŞEA,58302,RURAL,,1262101584,"ȘCOALA PRIMARĂ VIȘEA, COM. JUCU","ȘCOALA PRIMARĂ VIȘEA, COM. JUCU",Unitate de învățământ,AR,,Un schimb/zi,Buget,Publică de interes naţional şi local,Principală,16,407356,0264233088,0264233088,gbaritiujucu@yahoo.com
2025-2026,CJ,MINTIU GHERLII,58561,RURAL,1261103758,"ȘCOALA GIMNAZIALĂ MINTIU GHERLII, COM. MINTIU GHERLII",BUNEŞTI,58570,RURAL,120439744,1262101444,"ȘCOALA PRIMARĂ BUNEȘTI SAT, COM. MINTIU GHERLII","ȘCOALA PRIMARĂ BUNEȘTI SAT, COM. MINTIU GHERLII",Unitate de învățământ,AR,,Un schimb/zi,Buget,Publică de interes naţional şi local,Bunești,150,407410,0264241757,0264241757,scoalamintiu@yahoo.com
2025-2026,CJ,MINTIU GHERLII,58561,RURAL,1261103758,"ȘCOALA GIMNAZIALĂ MINTIU GHERLII, COM. MINTIU GHERLII",NIMA,58589,RURAL,120439756,1262101453,"ȘCOALA PRIMARĂ NIMA SAT, COM. MINTIU GHERLII","ȘCOALA PRIMARĂ NIMA SAT, COM. MINTIU GHERLII",Unitate de învățământ,AR,,Un schimb/zi,Buget,Publică de interes naţional şi local, Nima,186,407410,0264241757,0264241757,scoalamintiu@yahoo.com
2025-2026,CJ,MOCIU,58632,RURAL,1261100018,"ȘCOALA GIMNAZIALĂ ""LIVIU DAN"" MOCIU, COM. MOCIU",CRIŞENI,58669,RURAL,120439770,1262100927,"ȘCOALA PRIMARĂ CRIȘENI, COM. MOCIU","ȘCOALA PRIMARĂ CRIȘENI, COM. MOCIU",Unitate de învățământ,AR,,Un schimb/zi,Buget,Publică de interes naţional şi local,Crișeni,132,407423,0264235217,0264235217,sc_mociu@yahoo.com
2025-2026,CJ,MOLDOVENEŞTI,58730,RURAL,1261100081,"ȘCOALA GIMNAZIALĂ MOLDOVENEȘTI, COM. MOLDOVENEȘTI",BĂDENI,58749,RURAL,120962301,1262101417,"ȘCOALA PRIMARĂ BĂDENI, COM. MOLDOVENEȘTI","ȘCOALA PRIMARĂ BĂDENI, COM. MOLDOVENEȘTI",Unitate de învățământ,AR,,Un schimb/zi,Buget,Publică de interes naţional şi local, Principală,313,407431,0264329904,0264329904,sc.moldovenesti@yahoo.com
2025-2026,CJ,MOLDOVENEŞTI,58730,RURAL,1261100081,"ȘCOALA GIMNAZIALĂ MOLDOVENEȘTI, COM. MOLDOVENEȘTI",PLĂIEŞTI,58767,RURAL,,1262101408,"ȘCOALA PRIMARĂ PLĂIEȘTI, COM. MOLDOVENEȘTI","ȘCOALA PRIMARĂ PLĂIEȘTI, COM. MOLDOVENEȘTI",Unitate de învățământ,AR,,Un schimb/zi,Buget,Publică de interes naţional şi local,Principala, ,407433,0264329886,0264329904,sc.moldovenesti@yahoo.com
2025-2026,CJ,MOLDOVENEŞTI,58730,RURAL,1261100081,"ȘCOALA GIMNAZIALĂ MOLDOVENEȘTI, COM. MOLDOVENEȘTI",PODENI,58776,RURAL,,1262101426,"ȘCOALA PRIMARĂ PODENI, COM. MOLDOVENEȘTI","ȘCOALA PRIMARĂ PODENI, COM. MOLDOVENEȘTI",Unitate de învățământ,AR,,Un schimb/zi,Buget,Publică de interes naţional şi local,Principala,64,407434,0264329904,0264329904,sc.moldovenesti@yahoo.com
2025-2026,CJ,NEGRENI,57190,RURAL,1261102689,"ȘCOALA GIMNAZIALĂ NEGRENI, COM. NEGRENI",BUCEA,57181,RURAL,120439158,1262101376,"ȘCOALA PRIMARĂ BUCEA, COM. NEGRENI","ȘCOALA PRIMARĂ BUCEA, COM. NEGRENI",Unitate de învățământ,AR,,Un schimb/zi,Buget,Publică de interes naţional şi local, Bucea,49,407441,0264258001,0372876173,negreniscoala@yahoo.com
2025-2026,CJ,NIREŞ,55204,RURAL,1261104691,"ȘCOALA GIMNAZIALĂ NIREȘ, COM. MICA",SÂNMĂRGHITA,55213,RURAL,,1262102228,"ȘCOALA PRIMARĂ SÂNMĂRGHITA, COM. MICA","ȘCOALA PRIMARĂ SÂNMĂRGHITA, COM. MICA",Unitate de învățământ,AR,,Un schimb/zi,Buget,Publică de interes naţional şi local,Principală,137,407399,0264226711,0264226503,scoalamica65@yahoo.com
2025-2026,CJ,POIENI,59050,RURAL,1261103618,"ȘCOALA GIMNAZIALĂ POIENI, COM. POIENI",BOLOGA,59069,RURAL,120439938,1262101299,"ȘCOALA PRIMARĂ BOLOGA, COM. POIENI","ȘCOALA PRIMARĂ BOLOGA, COM. POIENI",Unitate de învățământ,AR,,Un schimb/zi,Buget,Publică de interes naţional şi local,PRINCIPALA,254,407471,0264255020,0264255020,scpoieni@gmail.com
2025-2026,CJ,POIENI,59050,RURAL,1261103618,"ȘCOALA GIMNAZIALĂ POIENI, COM. POIENI",MORLACA,59103,RURAL,,1262101313,"ȘCOALA PRIMARĂ MORLACA, COM. POIENI",ȘCOALA PRIMARĂ MORLACA COM. POIENI,Unitate de învățământ,AR,,Un schimb/zi,Buget,Publică de interes naţional şi local,Morlaca,110,407476,0264258502,0264255020,scpoieni@gmail.com
2025-2026,CJ,PĂLATCA,58801,RURAL,1261103523,"ȘCOALA GIMNAZIALĂ PALATCA, COM. PALATCA",SAVA,58847,RURAL,120439835,1262101394,"ȘCOALA PRIMARĂ SAVA, COM. PALATCA","ȘCOALA PRIMARĂ SAVA, COM. PALATCA",Unitate de învățământ,AR,,Un schimb/zi,Buget,Publică de interes naţional şi local,Sava,84,407454,0264276411,0264276411,mariamariadan@yahoo.com
2025-2026,CJ,RECEA-CRISTUR,59149,RURAL,1261104569,"ȘCOALA PRIMARĂ RECEA CRISTUR, COM. RECEA CRISTUR",RECEA-CRISTUR,59149,RURAL,120439976,1261104569,"ȘCOALA PRIMARĂ RECEA CRISTUR, COM. RECEA CRISTUR","ȘCOALA PRIMARĂ RECEA CRISTUR, COM. RECEA CRISTUR",Unitate de învățământ,PJ,18259610,Un schimb/zi,Buget,Publică de interes naţional şi local, Recea Cristur,261,407480,0264227627,0264227627,scoala.receacristur@yahoo.com
2025-2026,CJ,RECEA-CRISTUR,59149,RURAL,1261104569,"ȘCOALA PRIMARĂ RECEA CRISTUR, COM. RECEA CRISTUR",CIUBĂNCUŢA,59176,RURAL,,1262102065,"ȘCOALA PRIMARĂ CIUBĂNCUȚA, COM. RECEA CRISTUR","ȘCOALA PRIMARĂ CIUBĂNCUȚA, COM. RECEA CRISTUR",Unitate de învățământ,AR,,Un schimb/zi,Buget,Publică de interes naţional şi local, Ciubăncuța,72,407483,0264227627,0264227627,scoala.receacristur@yahoo.com
2025-2026,CJ,RĂCHIŢELE,58516,RURAL,1261103342,"ȘCOALA GIMNAZIALĂ RĂCHIȚELE, COM. MĂRGĂU",MĂRGĂU,58473,RURAL,120439691,1262100972,"ȘCOALA PRIMARĂ MĂRGĂU, COM. MÂRGĂU","ȘCOALA PRIMARĂ MĂRGĂU, COM. MĂRGĂU",Unitate de învățământ,AR,,Un schimb/zi,Buget,Publică de interes naţional şi local, Mărgău,27,407380,0264276157,0264277801,secretariat@scoalarachitele.ro
2025-2026,CJ,SĂVĂDISLA,59336,RURAL,1261102522,"ȘCOALA GIMNAZIALĂ ""BORBELY JOZSEF"" SĂVĂDISLA, COM. SĂVĂDISLA",LITENI,59372,RURAL,120442961,1262101218,"ȘCOALA PRIMARĂ LITENI, COM. SĂVĂDISLA","ȘCOALA PRIMARĂ LITENI, COM. SĂVĂDISLA",Unitate de învățământ,AR,,Un schimb/zi,Buget,Publică de interes naţional şi local,PRINCIPALA,177,407509,0264374279,0264374279,scsavadisla@yahoo.com
2025-2026,CJ,SĂVĂDISLA,59336,RURAL,1261102522,"ȘCOALA GIMNAZIALĂ ""BORBELY JOZSEF"" SĂVĂDISLA, COM. SĂVĂDISLA",VLAHA,59407,RURAL,120440066,1262101209,"ȘCOALA PRIMARĂ VLAHA, COM. SĂVĂDISLA","ȘCOALA PRIMARĂ VLAHA, COM. SĂVĂDISLA",Unitate de învățământ,AR,,Un schimb/zi,Buget,Publică de interes naţional şi local,PRINCIPALA,47,407513,0264374647,0264374279,scsavadisla@yahoo.com
2025-2026,CJ,TRITENII DE JOS,59700,RURAL,1261103161,"ȘCOALA GIMNAZIALĂ ""PAVEL DAN"" TRITENII DE JOS, COM. TRITENII DE JOS",COLONIA,59728,RURAL,120443135,1262101141,"ȘCOALA PRIMARĂ TRITENI COLONIA,COM TRITENII DE JOS","ȘCOALA PRIMARĂ TRITENI COLONIA, COM. TRITENII DE JOS",Unitate de învățământ,AR,,Un schimb/zi,Buget,Publică de interes naţional şi local, Triteni Colonie, 124,405550,0264285755,0264285755,contact@scoalapaveldan.ro
2025-2026,CJ,TRITENII DE JOS,59700,RURAL,1261103161,"ȘCOALA GIMNAZIALĂ ""PAVEL DAN"" TRITENII DE JOS, COM. TRITENII DE JOS",TRITENII DE SUS,59746,RURAL,,1262101132,"ȘCOALA PRIMARĂ TRITENII DE SUS,COM TRITENII DE JOS","ȘCOALA PRIMARĂ TRITENII DE SUS, COM. TRITENII DE JOS",Unitate de învățământ,AR,,Un schimb/zi,Buget,Publică de interes naţional şi local, Tritenii de Sus,84,407554,0264285977,0264285755,contact@scoalapaveldan.ro
2025-2026,CJ,TURDA,55268,URBAN,1261102499,"ȘCOALA GIMNAZIALĂ ""AVRAM IANCU"" TURDA",TURDA,55268,URBAN,,1262104162,ȘCOALA PRIMARĂ WALDORF TURDA,ȘCOALA PRIMARĂ WALDORF TURDA,Unitate de învățământ,AR,,Un schimb/zi,Buget,Publică de interes naţional şi local,Rapsodiei,1,401008,0264312058,0264312058,scoalasagunaturda@gmail.com
2025-2026,CJ,VIIŞOARA,60071,RURAL,1261100176,"ȘCOALA GIMNAZIALĂ VIIȘOARA, COM. VIIȘOARA",URCA,60080,RURAL,,1262101091,"ȘCOALA PRIMARĂ URCA, COM. VIIȘOARA","ȘCOALA PRIMARĂ URCA, COM. VIIȘOARA",Unitate de învățământ,AR,,Un schimb/zi,Buget,Publică de interes naţional şi local,Urca,124,407591,0264277508,0264327219,scoalaviisoara@ymail.com
2025-2026,CL,BUDEŞTI,101467,URBAN,5161100855,"ȘCOALA GIMNAZIALĂ ""GHEORGHE MANU"" BUDEȘTI",BUCIUMENI,101485,URBAN,,5162101874,SC.PRIMARA NR.2 BUCIUMENI,SCOALA PRIMARA NR. 2 BUCIUMENI,Unitate de învățământ,AR,,Un schimb/zi,Buget,Publică de interes naţional şi local, Carol I, 21,,0242528850,0242528850,grupscolarbudesti@yahoo.com
2025-2026,CL,BUDEŞTI,101467,URBAN,5161100855,"ȘCOALA GIMNAZIALĂ ""GHEORGHE MANU"" BUDEȘTI",GRUIU,101500,URBAN,,5162101865,SC. PRIMARA NR.1 GRUIU,SCOALA PRIMARA NR. 1 GRUIU,Unitate de învățământ,AR,,Un schimb/zi,Buget,Publică de interes naţional şi local, Șoseaua Olteniței, 4,915100,0242528850,0242528850,grupscolarbudesti@yahoo.com
2025-2026,CL,CIOCĂNEŞTI,93094,RURAL,5161103573,ȘCOALA GIMNAZIALĂ NR.1 CIOCĂNEȘTI,CIOCĂNEŞTI,93094,RURAL,,5162102242,SC.PRIMARA NR. 1 CIOCANESTI,SCOALA PRIMARA NR.1 CIOCANESTI,Unitate de învățământ,AR,,Un schimb/zi,Buget,Publică de interes naţional şi local, , ,917035,0000337577,0242337303,scoala_ciocanesti01@yahoo.com
2025-2026,CL,CURCANI,102428,RURAL,5161103356,ȘCOALA GIMNAZIALĂ NR.1 CURCANI,CURCANI,102428,RURAL,,5162102952,SCOALA PRIMARA NR.2 CURCANI,SCOALA PRIMARA NR.2 CURCANI,Unitate de învățământ,AR,,Un schimb/zi,Buget,Publică de interes naţional şi local, PENES CURCANUL, 47,917040,0242526717,0242526717,scoala.curcani@gmail.com
2025-2026,CL,CUZA VODĂ,93316,RURAL,5161101015,ȘCOALA GIMNAZIALĂ NR.1 CUZA VODĂ,CEACU,93290,RURAL,,5162103677,SC.PRIMARA NR.1 CEACU,SCOALA PRIMARA NR.1 CEACU,Unitate de învățământ,AR,,Un schimb/zi,Buget,Publică de interes naţional şi local,Cuza Voda,45,,0242339323,0242339323,sc_cuzavoda@yahoo.com
2025-2026,CL,CĂLĂRAŞI,92578,URBAN,5161100914,"LICEUL AGRICOL ""SANDU ALDEA"" CĂLĂRAȘI",CĂLĂRAŞI,92578,URBAN,,5162103347,SC.PRIMARA NR.6 CALARASI,SCOALA PRIMARA NR. 6 CALARASI,Unitate de învățământ,AR,,Un schimb/zi,Buget,Publică de interes naţional şi local, Oborului, 1,,0242316651,0242316651,scoalacb@yahoo.it
2025-2026,CL,CĂLĂRAŞI,92578,URBAN,5161200057,"ȘCOALA PRIMARĂ ""HELIKON"" CĂLĂRAȘI",CĂLĂRAŞI,92578,URBAN,3747579,5161200057,"ȘCOALA PRIMARĂ ""HELIKON"" CĂLĂRAȘI","ȘCOALA PRIMARĂ ""HELIKON"" CĂLĂRAȘI",Unitate de învățământ,PJ,22131058,Un schimb/zi,Taxă,Privată, EROILOR, 12,910071,0242312712,0242312712,helikoneducation@yahoo.com
2025-2026,CL,DICHISENI,93334,RURAL,5161100968,ȘCOALA GIMNAZIALĂ NR.1 DICHISENI,COSLOGENI,93343,RURAL,,5162103659,SC. PRIMARA NR.1 COSLOGENI,SCOALA PRIMARA NR.1 COSLOGENI,Unitate de învățământ,AR,,Un schimb/zi,Buget,Publică de interes naţional şi local,Stefan Banica,14,,0242317628,0242317628,scoaladichiseni@yahoo.com
2025-2026,CL,DOR MĂRUNT,93389,RURAL,5161100882,ȘCOALA GIMNAZIALĂ NR.1 DOR MĂRUNT SAT,DÂLGA,93398,RURAL,,5162101458,SC.PRIMARA NR.1 DALGA SAT,SCOALA PRIMARA NR.1 DALGA SAT,Unitate de învățământ,AR,,Un schimb/zi,Buget,Publică de interes naţional şi local, Dispecsarului, 5,,0242644938,0242644938,scoala_dalga@yahoo.com
2025-2026,CL,DOROBANŢU,93450,RURAL,5161101101,ȘCOALA GIMNAZIALĂ ”PROF.UNIV. DR. ADRIAN V RĂDULESCU” DOROBANȚU,VĂRĂŞTI,93478,RURAL,,5162101318,SC.PRIMARA NR.1 VARASTI,SCOALA PRIMARA NR.1 VARASTI,Unitate de învățământ,AR,,Un schimb/zi,Buget,Publică de interes naţional şi local,Calarasi, 58,917065,0242335106,0242335106,sc_dorobantu@yahoo.com
2025-2026,CL,DRAGALINA,93496,RURAL,5161100023,"LICEUL TEHNOLOGIC ""DUILIU ZAMFIRESCU"" DRAGALINA",CONSTANTIN BRÂNCOVEANU,93502,RURAL,,5162102183,SC PRIMARA NR.1 CONSTANTIN BRANCOVEANU,SCOALA PRIMARA NR.1 CONSTANTIN BRANCOVEANU,Unitate de învățământ,AR,,Un schimb/zi,Buget,Publică de interes naţional şi local, Scolii, 9,917082,0242708333,0242708333,ltdzdragalina@gmail.com
2025-2026,CL,FRUMUŞANI,102954,RURAL,5161100905,ȘCOALA GIMNAZIALĂ NR.1 FRUMUȘANI,FRUMUŞANI,102954,RURAL,,5162102486,SC.PRIMARA NR.3 CALNAU,SCOALA PRIMARA NR. 3 CALNAU,Unitate de învățământ,AR,,Două schimburi/zi,Buget,Publică de interes naţional şi local, Bucuresti, 80,917100,0242516002,0242516002,scoalafrumusani@yahoo.com
2025-2026,CL,FRUMUŞANI,102954,RURAL,5161100905,ȘCOALA GIMNAZIALĂ NR.1 FRUMUȘANI,ORĂŞTI,102963,RURAL,,5162102405,SC. PRIMARĂ NR.2 ORASTI,SCOALA PRIMARĂ NR.2 ORASTI,Unitate de învățământ,AR,,Două schimburi/zi,Buget,Publică de interes naţional şi local, Unirii, 41,917100,0242516002,0242516002,scoalafrumusani@yahoo.com
2025-2026,CL,FRUMUŞANI,102954,RURAL,5161100905,ȘCOALA GIMNAZIALĂ NR.1 FRUMUȘANI,PASĂREA,102972,RURAL,,5162102391,SC. PRIMARA NR.4 PASAREA,SCOALA PRIMARA NR.4 PASAREA,Unitate de învățământ,AR,,Două schimburi/zi,Buget,Publică de interes naţional şi local, Bucuresti, 239,917100,0242516002,0242516002,scoalafrumusani@yahoo.com
2025-2026,CL,FRUMUŞANI,102954,RURAL,5161100905,ȘCOALA GIMNAZIALĂ NR.1 FRUMUȘANI,POSTĂVARI,103005,RURAL,,5162102459,SC.PRIMARA NR.6 POSTAVARI,SCOALA PRIMARA NR.6 POSTAVARI,Unitate de învățământ,AR,,Un schimb/zi,Buget,Publică de interes naţional şi local, Valea Calnaului, 49,917100,0242516002,0242516002,scoalafrumusani@yahoo.com
2025-2026,CL,FRUMUŞANI,102954,RURAL,5161100905,ȘCOALA GIMNAZIALĂ NR.1 FRUMUȘANI,PĂDURIŞU,102981,RURAL,,5162102414,SC.PRIMARA NR.5 PADURISU,SCOALA PRIMARA NR.5 PADURISU,Unitate de învățământ,AR,,Un schimb/zi,Buget,Publică de interes naţional şi local, Petre Ispirescu, 143,917100,0242516002,0242516002,scoalafrumusani@yahoo.com
2025-2026,CL,FRĂSINET,102847,RURAL,5161100638,ȘCOALA GIMNAZIALĂ NR.1 FRĂSINET,LUPTĂTORI,102883,RURAL,,5162101743,SC.PRIMARA NR.1 LUPTATORI,SCOALA PRIMARA NR. 1 LUPTATORI,Unitate de învățământ,AR,,Un schimb/zi,Buget,Publică de interes naţional şi local, Bisericii, 36,917091,0242645972,0242645972,scoalafrasinet@yahoo.com
2025-2026,CL,FUNDENI,103023,RURAL,5161100014,ȘCOALA GIMNAZIALĂ NR.1 FUNDENI,FUNDENI,103023,RURAL,,5162102848,SC.PRIMARA NR.2 FUNDENI,SCOALA PRIMARA NR.2 FUNDENI,Unitate de învățământ,AR,,Un schimb/zi,Buget,Publică de interes naţional şi local,Trandafirilor,27,917110,0242516303,0242516303,scoala1fundeni@yahoo.com
2025-2026,CL,FUNDENI,103023,RURAL,5161100014,ȘCOALA GIMNAZIALĂ NR.1 FUNDENI,FUNDENI,103023,RURAL,,5162102839,SC.PRIMARA NR.3 FUNDENI,SCOALA PRIMARA NR.3 FUNDENI,Unitate de învățământ,AR,,Două schimburi/zi,Buget,Publică de interes naţional şi local,Libertatii,15,917110,0242516303,0242516303,scoala1fundeni@yahoo.com
2025-2026,CL,ILEANA,103773,RURAL,5161103487,ȘCOALA GIMNAZIALĂ NR.1 ILEANA,ILEANA,103773,RURAL,,5162102771,SC.PRIMARA NR.2 STEFANESTI,SCOALA PRIMARA NR. 2 STEFANESTI,Unitate de învățământ,AR,,Un schimb/zi,Buget,Publică de interes naţional şi local, Odaia Protopopului, 16,917133,0242646047,0242646047,scoalastefanesti@yahoo.com
2025-2026,CL,ILEANA,103773,RURAL,5161103487,ȘCOALA GIMNAZIALĂ NR.1 ILEANA,ILEANA,103773,RURAL,,5162102735,SC.PRIMARA NR.1 FLORICA,SCOALA PRIMARA NR.1 FLORICA,Unitate de învățământ,AR,,Un schimb/zi,Buget,Publică de interes naţional şi local, Scolii, 8,917132,0242646047,0242646047,scoalileana@yahoo.com
2025-2026,CL,LUICA,104092,RURAL,5161100846,ȘCOALA GIMNAZIALĂ NR.1 LUICA,VALEA STÂNII,104109,RURAL,,5162102658,SC.PRIMARA NR.1 VALEA STANII,SCOALA PRIMARA NR.1 VALEA STANII,Unitate de învățământ,AR,,Un schimb/zi,Buget,Publică de interes naţional şi local,Valea Stanii, 1,917155,0242527022,0242527022,so8luica@yahoo.com
2025-2026,CL,MODELU,92596,RURAL,5161103519,ȘCOALA GIMNAZIALĂ NR.2 MODELU,TONEA,92630,RURAL,,5162101788,SC.PRIMARA NR.1 TONEA,SCOALA PRIMARA ”Gl.(Ma).NICOLAE DUMITRESCU MAICAN” TONEA,Unitate de învățământ,AR,,Două schimburi/zi,Buget,Publică de interes naţional şi local,Prelungirea Calarasi, 23,917180,0371479444,0242312954,scoalamodelu2@ymail.com
2025-2026,CL,PLĂTĂREŞTI,104644,RURAL,5161103564,ȘCOALA GIMNAZIALĂ NR.1 PLĂTĂREȘTI,CUCUIEŢI,104653,RURAL,,5162101422,SC.PRIMARA NR.1 CUCUIETI,SCOALA PRIMARA NR.1 CUCUIETI,Unitate de învățământ,AR,,Două schimburi/zi,Buget,Publică de interes naţional şi local, Stejarului, 5,917200,0242533033,0242533033,scoala1plataresti@gmail.com
2025-2026,CL,PLĂTĂREŞTI,104644,RURAL,5161103564,ȘCOALA GIMNAZIALĂ NR.1 PLĂTĂREȘTI,DOROBANŢU,104662,RURAL,,5162101381,SC.PRIMARA NR.3 DOROBANTU,SCOALA PRIMARA NR.3 DOROBANTU,Unitate de învățământ,AR,,Două schimburi/zi,Buget,Publică de interes naţional şi local, Primaverii, 108,917200,0242533033,0242533033,scoala1plataresti@gmail.com
2025-2026,CL,PLĂTĂREŞTI,104644,RURAL,5161103564,ȘCOALA GIMNAZIALĂ NR.1 PLĂTĂREȘTI,PLĂTĂREŞTI,104644,RURAL,,5162101413,SC.PRIMARA NR.2 RENASTEREA,SCOALA PRIMARA NR.2 RENASTEREA,Unitate de învățământ,AR,,Două schimburi/zi,Buget,Publică de interes naţional şi local, Primaverii, 55,917200,0242533033,0242533033,scoala1plataresti@gmail.com
2025-2026,CL,SPANŢOV,105268,RURAL,5161100796,ȘCOALA GIMNAZIALĂ NR.2 STANCEA,SPANŢOV,105268,RURAL,,5162101553,SC. PRIMARA NR.1 CLINCIU,SCOALA PRIMARA NR.1 CLINCIU,Unitate de învățământ,AR,,Două schimburi/zi,Buget,Publică de interes naţional şi local,Calarasi, 122,917230,0242522161,0242522161,scoalastancea@gmail.com
2025-2026,CL,VASILAŢI,105838,RURAL,5161100561,"ȘCOALA GIMNAZIALĂ ""CONSTANTIN BRÂNCOVEANU"" VASILAȚI",VASILAŢI,105838,RURAL,,5162103234,SC.PRIMARA NR.2 PROZANIC,SCOALA PRIMARA NR.2 PROZANIC,Unitate de învățământ,AR,,Un schimb/zi,Buget,Publică de interes naţional şi local,Constantin Brancoveanu, 99,917280,0242532700,0242532632,scoalavasilati@gmail.com
2025-2026,CL,ŞOLDANU,105393,RURAL,5161100127,"ȘCOALA GIMNAZIALĂ ""CONSTANTIN TEODORESCU"" ȘOLDANU",NEGOEŞTI,105400,RURAL,,5162102088,SC.PRIMARA NR.1 NEGOIESTI,SCOALA PRIMARA NR.1 NEGOIESTI,Unitate de învățământ,AR,,Un schimb/zi,Buget,Publică de interes naţional şi local, Șoseaua Olteniței, 52,917235,0242530767,0242530767,scoala_soldanu@yahoo.com
2025-2026,CS,ARMENIŞ,51252,RURAL,1161104028,ŞCOALA GIMNAZIALĂ ARMENIŞ,FENEŞ,51261,RURAL,422973,1162100309,SO4 FENES,ŞCOALA PRIMARĂ FENEŞ,Unitate de învățământ,AR,,Un schimb/zi,Buget,Publică de interes naţional şi local, NU ARE,15,327006,0255529615,0255529615,sc_armenis@yahoo.com
2025-2026,CS,ARMENIŞ,51252,RURAL,1161104028,ŞCOALA GIMNAZIALĂ ARMENIŞ,SAT BĂTRÂN,51289,RURAL,422985,1162100277,SO4 SAT BATRIN,ŞCOALA PRIMARĂ SAT-BĂTRÂN,Unitate de învățământ,AR,,Un schimb/zi,Buget,Publică de interes naţional şi local, PRINCIPALĂ,82,327008,0025552960,0255529615,sc_armenis@yahoo.com
2025-2026,CS,BERLIŞTE,51396,RURAL,1161103511,ŞCOALA GIMNAZIALĂ BERLIŞTE,IAM,51403,RURAL,423032,1162101016,SO4 IAM,ŞCOALA PRIMARĂ IAM,Unitate de învățământ,AR,,Un schimb/zi,Buget,Publică de interes naţional şi local,NU ARE, 303,327021,0355081274,0355081274,scoalaberliste@isjcs.ro
2025-2026,CS,BERZOVIA,51519,RURAL,1161103895,ȘCOALA PROFESIONALA BERZOVIA,GHERTENIŞ,51537,RURAL,,1162100725,SO4 GHERTENIS,ŞCOALA PRIMARĂ GHERTENIŞ,Unitate de învățământ,AR,,Un schimb/zi,Buget,Publică de interes naţional şi local, PRINCIPALĂ, 324,327032,0255525627,0255525627,scoalaberzovia@yahoo.co.uk
2025-2026,CS,BĂNIA,51314,RURAL,1161104322,ŞCOALA GIMNAZIALĂ BĂNIA,GÂRBOVĂŢ,51323,RURAL,424440,1162102103,SO4 GIRBOVAT,ŞCOALA PRIMARĂ GÎRBOVĂŢ,Unitate de învățământ,AR,,Un schimb/zi,Buget,Publică de interes naţional şi local,PRINCIPALĂ,270,327011,0002552049,0255243607,scoalabania@isjcs.ro
2025-2026,CS,BĂUŢAR,51341,RURAL,1161100096,ŞCOALA GIMNAZIALĂ BĂUŢAR,BUCOVA,51350,RURAL,424426,1162101052,SO4 BUCOVA,ŞCOALA PRIMARĂ BUCOVA,Unitate de învățământ,AR,,Un schimb/zi,Buget,Publică de interes naţional şi local, PRINCIPALĂ,53,327016,0002555248,0255524805,scoalabucova@yahoo.com
2025-2026,CS,BĂUŢAR,51341,RURAL,1161100096,ŞCOALA GIMNAZIALĂ BĂUŢAR,CORNIŞORU,51369,RURAL,423020,1162101079,SO4 CORNISOR,ŞCOALA PRIMARĂ CORNIŞORU,Unitate de învățământ,AR,,Un schimb/zi,Buget,Publică de interes naţional şi local,PRINCIPALĂ,14,327017,0002555216,0255524805,scoalabucova@yahoo.com
2025-2026,CS,CARAŞOVA,51813,RURAL,1161103841,LICEUL TEORETIC BILINGV ROMÂNO-CROAT CARAŞOVA,NERMED,51831,RURAL,423197,1162101803,SO4 NERMET,ŞCOALA PRIMARĂ NERMED,Unitate de învățământ,AR,,Un schimb/zi,Buget,Publică de interes naţional şi local, NU ARE,12,327065,0002552320,0255232002,liceul_bilingv@yahoo.com
2025-2026,CS,CICLOVA ROMÂNĂ,51957,RURAL,1161103719,ŞCOALA GIMNAZIALĂ CICLOVA ROMÂNĂ,ILIDIA,51966,RURAL,423240,1162100336,SO4 ILIDIA,ŞCOALA PRIMARĂ ILIDIA,Unitate de învățământ,AR,,Un schimb/zi,Buget,Publică de interes naţional şi local,FS,NU ARE,327076,0255575306,0255575306,scoalaciclovaromana@isjcs.ro
2025-2026,CS,CIUCHICI,51993,RURAL,1161103701,ŞCOALA PRIMARĂ „MIHAILOVICI TRAIAN“ CIUCHICI,CIUCHICI,51993,RURAL,424672,1161103701,SO4 CIUCHICI,ŞCOALA PRIMARĂ „MIHAILOVICI TRAIAN“ CIUCHICI,Unitate de învățământ,PJ,28966767,Un schimb/zi,Buget,Publică de interes naţional şi local, PRINCIPALĂ, NU ARE,327080,0756039961,0756039961,scoalaciuchici@yahoo.com
2025-2026,CS,CIUDANOVIŢA,52044,RURAL,1161104186,ŞCOALA GIMNAZIALĂ CIUDANOVIŢA,CIUDANOVIŢA,52044,RURAL,1100481,1162104471,SO4 CIUDANOVITA,ŞCOALA PRIMARĂ CIUDANOVIŢA SAT,Unitate de învățământ,AR,,Un schimb/zi,Buget,Publică de interes naţional şi local, NU ARE,NU ARE,327085,0002555757,0255555555,scoala_ciudanovita@yahoo.ro
2025-2026,CS,CORNEREVA,52179,RURAL,1161103859,ŞCOALA PROFESIONALĂ AGRICOLĂ CORNEREVA,DOLINA,52295,RURAL,423331,1162100467,SO4 DOLINA,ŞCOALA PRIMARĂ DOLINA,Unitate de învățământ,AR,,Un schimb/zi,Buget,Publică de interes naţional şi local,PRINCIPALĂ,1,327124,0723226093,0723226093,scoalaagricolacornereva@isjcs.ro
2025-2026,CS,CORNEREVA,52179,RURAL,1161103859,ŞCOALA PROFESIONALĂ AGRICOLĂ CORNEREVA,ZĂNOGI,52534,RURAL,423355,1162100494,SO4 ZANOGI,ŞCOALA PRIMARĂ ZĂNOGI,Unitate de învățământ,AR,,Un schimb/zi,Buget,Publică de interes naţional şi local, PRINCIPALĂ, 1,327154,0723226093,0723226093,scoalaagricolacornereva@isjcs.ro
2025-2026,CS,CORNUŢEL,53443,RURAL,1161103592,ŞCOALA GIMNAZIALĂ CORNUŢEL,DELINEŞTI,53452,RURAL,425171,1162101676,SO4 DELINESTI,ŞCOALA PRIMARĂ DELINEŞTI,Unitate de învățământ,AR,,Un schimb/zi,Buget,Publică de interes naţional şi local, PRINCIPALĂ,108,327297,0255523862,0255523862,scoalacornutel@isjcs.ro
2025-2026,CS,CĂVĂRAN,51886,RURAL,1161104159,ŞCOALA GIMNAZIALĂ CONSTANTIN DAICOVICIU,PRISACA,51920,RURAL,423226,1162101527,SO4 PRISACA,ŞCOALA PRIMARĂ PRISACA,Unitate de învățământ,AR,,Un schimb/zi,Buget,Publică de interes naţional şi local, NU ARE, 86,327096,0255510118,0255510118,scoaladaicoviciu@gmail.com
2025-2026,CS,DALBOŞEŢ,52589,RURAL,1161103547,ŞCOALA GIMNAZIALĂ DALBOŞEŢ,ŞOPOTU VECHI,52641,RURAL,,1162101961,SO4 SOPOTU VECHI,ŞCOALA PRIMARĂ ŞOPOTU VECHI,Unitate de învățământ,AR,,Un schimb/zi,Buget,Publică de interes naţional şi local, NU ARE , NU ARE,327172,0255243448,0255243448,scoaladalboset@yahoo.fr
2025-2026,CS,DOMAŞNEA,52730,RURAL,1161103556,ŞCOALA GIMNAZIALĂ DOMAŞNEA,CĂNICEA,52749,RURAL,423381,1162101441,SO4 CANICEA,ŞCOALA PRIMARĂ CĂNICEA,Unitate de învățământ,AR,,Un schimb/zi,Buget,Publică de interes naţional şi local, PRINCIPALĂ,121,327186,0255236116,0255236116,scoaladomasnea@isjcs.ro
2025-2026,CS,EZERIŞ,52767,RURAL,1161100137,ŞCOALA GIMNAZIALĂ „AUREL PEIA“ EZERIŞ,SOCENI,52776,RURAL,424854,1162104503,SO4 SOCENI,ŞCOALA PRIMARĂ SOCENI,Unitate de învățământ,AR,,Un schimb/zi,Buget,Publică de interes naţional şi local,PRINCIPALĂ,287,327196,0255235330,0372872711,scoalaezeris@yahoo.com
2025-2026,CS,FOROTIC,52865,RURAL,1161103461,ŞCOALA GIMNAZIALĂ „PETRU OALLDE“ FOROTIC,COMORÂŞTE,52883,RURAL,423458,1162104435,SO4 COMORISTE,ŞCOALA PRIMARĂ COMORÎŞTE,Unitate de învățământ,AR,,Un schimb/zi,Buget,Publică de interes naţional şi local, NU ARE,79,327212,0355081283,0355081283,scoalaforotic@yahoo.com
2025-2026,CS,FOROTIC,52865,RURAL,1161103461,ŞCOALA GIMNAZIALĂ „PETRU OALLDE“ FOROTIC,SURDUCU MARE,52892,RURAL,423460,1162104426,SO4 SURDUC,ŞCOALA PRIMARĂ SURDUCU MARE,Unitate de învățământ,AR,,Un schimb/zi,Buget,Publică de interes naţional şi local, NU ARE, NU ARE,327213,0355081283,0355081283,scoalaforotic@yahoo.com
2025-2026,CS,GRĂDINARI,53005,RURAL,1161103814,ŞCOALA GIMNAZIALĂ „PAVEL BORDAN“ GRĂDINARI,GREONI,53014,RURAL,,1162104557,SO4 GREONI,ŞCOALA PRIMARĂ GREONI,Unitate de învățământ,AR,,Un schimb/zi,Buget,Publică de interes naţional şi local,SECUNDARĂ,337,327231,0255575740,0255575740,scoalagradinari@yahoo.com
2025-2026,CS,IABLANIŢA,53032,RURAL,1161103868,ŞCOALA GIMNAZIALĂ IABLANIŢA,PETNIC,53050,RURAL,424969,1162101174,SO4 PETNIC,ŞCOALA PRIMARĂ PETNIC,Unitate de învățământ,AR,,Un schimb/zi,Buget,Publică de interes naţional şi local, NU ARE,79,327237,0255563484,0255563484,tatucu.anton@yahoo.com
2025-2026,CS,LUPAC,53176,RURAL,1161103416,ŞCOALA GIMNAZIALĂ LUPAC,RAFNIC,53194,RURAL,,1162101916,SO4 RAFNIC,ŞCOALA PRIMARĂ RAFNIC,Unitate de învățământ,AR,,Un schimb/zi,Buget,Publică de interes naţional şi local, PRINCIPALĂ,NU ARE ,327257,0255233621,0255233621,scoala.lupac@gmail.com
2025-2026,CS,LĂPUŞNICEL,53078,RURAL,1161101192,ŞCOALA PRIMARĂ LĂPUȘNICEL,LĂPUŞNICEL,53078,RURAL,424995,1161101192,SO4 LĂPUȘNICEL,ŞCOALA PRIMARĂ LĂPUȘNICEL,Unitate de învățământ,PJ,28949367,Un schimb/zi,Buget,Publică de interes naţional şi local, PRINCIPALĂ, 268,327241,0769234211,0769234211,scoalalapusnicel@gmail.com
2025-2026,CS,LĂPUŞNICU MARE,53112,RURAL,1161103972,ŞCOALA GIMNAZIALĂ LĂPUŞNICU MARE,MOCERIŞ,53121,RURAL,425016,1162100571,SO4 MOCERIS,ŞCOALA PRIMARĂ MOCERIŞ,Unitate de învățământ,AR,,Un schimb/zi,Buget,Publică de interes naţional şi local, NU ARE,196,327246,0255244187,0255244187,pungila@yahoo.com
2025-2026,CS,OBREJA,53381,RURAL,1161103642,ŞCOALA GIMNAZIALĂ OBREJA,VAR,53416,RURAL,423575,1162104661,SO4 VAR,ŞCOALA PRIMARĂ VAR,Unitate de învățământ,AR,,Un schimb/zi,Buget,Publică de interes naţional şi local, PRINCIPALĂ,19 ,327288,0255534557,0255534557,scoalaobreja@isjcs.ro
2025-2026,CS,ORAVIŢA,51127,URBAN,1161103728,"LICEUL TEORETIC ""GENERAL DRAGALINA"" ORAVIȚA",ORAVIŢA,51127,URBAN,,1162105074,"ȘCOALA PRIMARĂ ""REGINA MARIA"" ORAVIȚA","ȘCOALA PRIMARĂ ""REGINA MARIA"" ORAVIȚA",Unitate de învățământ,AR,,Un schimb/zi,Buget,Publică de interes naţional şi local,1 DECEMBRIE 1918,62,,,,
2025-2026,CS,ORAVIŢA,51127,URBAN,1161103728,"LICEUL TEORETIC ""GENERAL DRAGALINA"" ORAVIȚA",ORAVIŢA,51127,URBAN,422923,1162102528,S04 CICLOVA MONTANA,ȘCOALA PRIMARĂ CICLOVA MONTANĂ,Unitate de învățământ,AR,,Un schimb/zi,Buget,Publică de interes naţional şi local,LILIACULUI, 5-7,325604,0255571657,0255571657,licdrag@yahoo.com
2025-2026,CS,ORAVIŢA,51127,URBAN,1161100119,"ȘCOALA GIMNAZIALĂ ""ROMUL LADEA"" ORAVIȚA",BROŞTENI,51172,URBAN,422911,1162102605,S04 BROSTENI ORAVITA,ŞCOALA PRIMARĂ BROŞTENI,Unitate de învățământ,AR,,Un schimb/zi,Buget,Publică de interes naţional şi local, PRINCIPALĂ,45,325603,0774465714,0774465714,scromulladea@yahoo.com
2025-2026,CS,ORAVIŢA,51127,URBAN,1161100119,"ȘCOALA GIMNAZIALĂ ""ROMUL LADEA"" ORAVIȚA",BRĂDIŞORU DE JOS,51163,URBAN,422909,1162102632,S04 BRADISORU DE JOS ORAVITA,ŞCOALA PRIMARĂ BRĂDIŞORU DE JOS,Unitate de învățământ,AR,,Un schimb/zi,Buget,Publică de interes naţional şi local, PRINCIPALĂ,50A,120,0774465714,0774465714,scromulladea@yahoo.com
2025-2026,CS,PETROŞNIŢA,51788,RURAL,1161103669,ŞCOALA GIMNAZIALĂ PETROŞNIŢA,BUCOŞNIŢA,51760,RURAL,423161,1162102175,SO4 BUCOSNITA,ŞCOALA PRIMARĂ BUCOŞNIŢA,Unitate de învățământ,AR,,Un schimb/zi,Buget,Publică de interes naţional şi local, Str. Principala,81,,0255519400,0255519383,scoalapetrosnita@yahoo.com
2025-2026,CS,PETROŞNIŢA,51788,RURAL,1161103669,ŞCOALA GIMNAZIALĂ PETROŞNIŢA,GOLEŢ,51779,RURAL,424593,1162102184,SO4 GOLET,ŞCOALA PRIMARĂ GOLEŢ,Unitate de învățământ,AR,,Un schimb/zi,Buget,Publică de interes naţional şi local, Str. Principala,43,,0255519383,0255519383,scoalapetrosnita@yahoo.com
2025-2026,CS,POIANA,51724,RURAL,1161103832,ŞCOALA GIMNAZIALĂ POIANA,BUCHIN,51706,RURAL,423135,1162100381,SO4 BUCHIN,ŞCOALA PRIMARĂ BUCHIN,Unitate de învățământ,AR,,Un schimb/zi,Buget,Publică de interes naţional şi local, PRINCIPALĂ,NU NU ARE,327055,0720037808,0720037808,sc.poiana@yahoo.com
2025-2026,CS,POJEJENA,53522,RURAL,1161100069,ŞCOALA GIMNAZIALĂ „ATANASIE COJOCARU“ POJEJENA,BELOBREŞCA,53531,RURAL,425212,1162102338,SCOALA CU CLASELE I-IV BELOBRESCA,ŞCOALA PRIMARĂ „BORISLAV CRÎSTICI“ BELOBREŞCA,Unitate de învățământ,AR,,Un schimb/zi,Buget,Publică de interes naţional şi local,PRINCIPALĂ,233,327301,0355081519,0355081519,scoalagimnazialapojejena@yahoo.com
2025-2026,CS,POJEJENA,53522,RURAL,1161100069,ŞCOALA GIMNAZIALĂ „ATANASIE COJOCARU“ POJEJENA,RADIMNA,53559,RURAL,,1162105065,"ŞCOALA PRIMARĂ ""SVETI NICOLA"" RADIMNA","ŞCOALA PRIMARĂ ""SVETI NICOLA"" RADIMNA",Unitate de învățământ,AR,,Un schimb/zi,Buget,Publică de interes naţional şi local,Principală,37,,,,
2025-2026,CS,REŞIŢA,50807,URBAN,1161104272,COLEGIUL NAŢIONAL „TRAIAN LALESCU“ REŞIŢA,REŞIŢA,50807,URBAN,422741,1162103045,S04 DEALU MARE RESITA,ŞCOALA PRIMARĂ DEALU MARE,Unitate de învățământ,AR,,Un schimb/zi,Buget,Publică de interes naţional şi local,PIAȚA 1 DECEMBRIE 1918, 1A,320044,0255215847,0255215847,cntlr@yahoo.com
2025-2026,CS,REŞIŢA,50807,URBAN,1161104272,COLEGIUL NAŢIONAL „TRAIAN LALESCU“ REŞIŢA,REŞIŢA,50807,URBAN,422765,1162103054,S04 MOCIUR RESITA,ŞCOALA PRIMARĂ MOCIUR,Unitate de învățământ,AR,,Un schimb/zi,Buget,Publică de interes naţional şi local, MOCIUR, 2,320062,0255215847,0255215847,cntlr@yahoo.com
2025-2026,CS,REŞIŢA,50807,URBAN,1161103782,LICEUL TEORETIC „TRAIAN VUIA“ REŞIŢA,REŞIŢA,50807,URBAN,422753,1162102935,S04 TEROVA RESITA,ŞCOALA PRIMARĂ ŢEROVA,Unitate de învățământ,AR,,Un schimb/zi,Buget,Publică de interes naţional şi local, TRAIAN DODA, 11,320006,0255218215,0255211202,scoala8resita@yahoo.com
2025-2026,CS,RĂCĂŞDIA,53684,RURAL,1161103615,ŞCOALA GIMNAZIALĂ „GHEORGHE GUGA“ RĂCĂŞDIA,VRĂNIUŢ,53693,RURAL,423666,1162100847,SO4 VRANIUT,ŞCOALA PRIMARĂ VRĂNIUŢ,Unitate de învățământ,AR,,Un schimb/zi,Buget,Publică de interes naţional şi local,PRINCIPALĂ,NU ARE,327316,0002555754,0255575423,scoalaracasdia@isjcs.ro
2025-2026,CS,SACU,53764,RURAL,1161103737,ŞCOALA GIMNAZIALĂ SACU,SĂLBĂGELU NOU,53773,RURAL,,1162104566,SO4 SALBAGELU NOU,ŞCOALA PRIMARĂ SĂLBĂGELU NOU,Unitate de învățământ,AR,,Un schimb/zi,Buget,Publică de interes naţional şi local, NU ARE, 7,327326,0255510357,0255510357,scoala_sacu@yahoo.com
2025-2026,CS,SACU,53764,RURAL,1161103737,ŞCOALA GIMNAZIALĂ SACU,TINCOVA,53782,RURAL,423680,1162104593,SO4 TINCOVA,ŞCOALA PRIMARĂ TINCOVA,Unitate de învățământ,AR,,Un schimb/zi,Buget,Publică de interes naţional şi local, NU ARE, 119,327327,0255510357,0255510357,scoala_sacu@yahoo.com
2025-2026,CS,SASCA MONTANĂ,53808,RURAL,1161104209,ŞCOALA GIMNAZIALĂ „MIHAI NOVAC“ SASCA MONTANĂ,POTOC,53826,RURAL,455511,1162100874,S04 POTOC,ŞCOALA PRIMARĂ POTOC,Unitate de învățământ,AR,,Un schimb/zi,Buget,Publică de interes naţional şi local, NU ARE, NU ARE,327332,0255576523,0255576523,scoala_sm@yahoo.com
2025-2026,CS,SASCA MONTANĂ,53808,RURAL,1161104209,ŞCOALA GIMNAZIALĂ „MIHAI NOVAC“ SASCA MONTANĂ,SLATINA-NERA,53844,RURAL,423757,1162100906,SO4 SLATINA NERA,ŞCOALA PRIMARĂ SLATINA NERA,Unitate de învățământ,AR,,Un schimb/zi,Buget,Publică de interes naţional şi local, NU ARE, NU ARE,327334,0255576523,0255576523,scoala_sm@yahoo.com
2025-2026,CS,SLATINA-TIMIŞ,54065,RURAL,1161103606,ŞCOALA GIMNAZIALĂ SLATINA-TIMIŞ,ILOVA,54074,RURAL,425315,1162100675,S04 ILOVA,ŞCOALA PRIMARĂ ILOVA,Unitate de învățământ,AR,,Un schimb/zi,Buget,Publică de interes naţional şi local, NU ARE,229,327361,0255708700,0255708700,scoala_slatina_timis@yahoo.com
2025-2026,CS,SOCOL,54118,RURAL,1161103339,ŞCOALA GIMNAZIALĂ „SF.SAVA“ SOCOL,CÂMPIA,54136,RURAL,,1162100562,SO4 CAMPIA,ŞCOALA PRIMARĂ CÂMPIA,Unitate de învățământ,AR,,Un schimb/zi,Buget,Publică de interes naţional şi local, PRINCIPALĂ, 123,327367,0255544808,0255544808,scoalasocol@isjcs.ro
2025-2026,CS,SOCOL,54118,RURAL,1161103339,ŞCOALA GIMNAZIALĂ „SF.SAVA“ SOCOL,ZLATIŢA,54154,RURAL,,1162100553,SO4 ZLATITA,ŞCOALA PRIMARĂ ZLATIŢA,Unitate de învățământ,AR,,Un schimb/zi,Buget,Publică de interes naţional şi local, PRINCIPALĂ, 212,327445,0255544808,0255544808,scoalasocol@isjcs.ro
2025-2026,CS,TICVANIU MARE,54314,RURAL,1161104299,ŞCOALA GIMNAZIALĂ „IULIU BIROU“ TICVANIU MARE,CÂRNECEA,54323,RURAL,423927,1162102062,SO4 CARNECEA,ŞCOALA PRIMARĂ CÂRNECEA,Unitate de învățământ,AR,,Un schimb/zi,Buget,Publică de interes naţional şi local, NU ARE,NU ARE,327396,0255577044,0255577044,ticvaniscoala@yahoo.com
2025-2026,CS,TICVANIU MARE,54314,RURAL,1161104299,ŞCOALA GIMNAZIALĂ „IULIU BIROU“ TICVANIU MARE,SECĂŞENI,54332,RURAL,1155175,1162102044,SO4 SECASENI,ŞCOALA PRIMARĂ SECĂŞENI,Unitate de învățământ,AR,,Un schimb/zi,Buget,Publică de interes naţional şi local, NU ARE, NU ARE,327397,0255577044,0255577044,ticvaniscoala@yahoo.com
2025-2026,CS,TIROL,52687,RURAL,1161103909,ŞCOALA GIMNAZIALĂ TIROL,BINIŞ,52678,RURAL,,1162100223,SO4 BINIS,ŞCOALA PRIMARĂ BINIŞ,Unitate de învățământ,AR,,Un schimb/zi,Buget,Publică de interes naţional şi local, PRINCIPALĂ,121 ,327176,0255236223,0255236223,scoalabinis@yahoo.com
2025-2026,CS,TIROL,52687,RURAL,1161103909,ŞCOALA GIMNAZIALĂ TIROL,DOCLIN,52669,RURAL,423379,1162100232,SO4 DOCLIN,ŞCOALA PRIMARĂ DOCLIN,Unitate de învățământ,AR,,Un schimb/zi,Buget,Publică de interes naţional şi local,GĂRII, 113,327175,0255527051,0255527051,scoaladoclin@yahoo.com
2025-2026,CS,TOPLEŢ,54396,RURAL,1161103918,ŞCOALA GIMNAZIALĂ TOPLEŢ,BÂRZA,54403,RURAL,423953,1162101102,SO4 BIRZA,ŞCOALA PRIMARĂ BÂRZA,Unitate de învățământ,AR,,Un schimb/zi,Buget,Publică de interes naţional şi local, PRINCIPALĂ, NU ARE,327401,0002555223,0255522300,scoalatoplet@yahoo.com
2025-2026,CS,TURNU RUIENI,54421,RURAL,1161103529,ŞCOALA GIMNAZIALĂ „TRANDAFIR COCÎRLĂ“ TURNU RUIENI,ZERVEŞTI,54467,RURAL,,1162101762,SO4 ZERVESTI,ŞCOALA PRIMARĂ ZERVEŞTI,Unitate de învățământ,AR,,Un schimb/zi,Buget,Publică de interes naţional şi local, NU ARE, NU ARE,327409,0255510220,0255510220,s08tr@yahoo.com
2025-2026,CS,VERMEŞ,54546,RURAL,1161103271,ŞCOALA GIMNAZIALĂ VERMEŞ,ERSIG,54555,RURAL,1100027,1162100639,SO4 ERSIG,ŞCOALA PRIMARĂ ERSIG,Unitate de învățământ,AR,,Un schimb/zi,Buget,Publică de interes naţional şi local, NU ARE,1,327426,0002555264,0255526406,ScoalaVermes@yahoo.com
2025-2026,CS,VÂRCIOROVA,51564,RURAL,1161104236,ŞCOALA GIMNAZIALĂ VÂRCIOROVA,BOLVAŞNIŢA,51555,RURAL,423123,1162100797,SCOALA CU CLASELE I-IV BOLVASNITA,ŞCOALA PRIMARĂ BOLVAŞNIŢA,Unitate de învățământ,AR,,Un schimb/zi,Buget,Publică de interes naţional şi local,PRINCIPALĂ, 167,327035,0799957535,0799957535,scoalavirciorova@yahoo.com
2025-2026,CS,ZĂVOI,54626,RURAL,1161104082,ŞCOALA GIMNAZIALĂ ZĂVOI,MĂGURA,54635,RURAL,,1162101269,SO4 MAGURA,ŞCOALA PRIMARĂ MĂGURA,Unitate de învățământ,AR,,Un schimb/zi,Buget,Publică de interes naţional şi local, NU ARE,NU ARE,327437,0355401800,0355401800,scgzavoi@tvfavorit.ro
2025-2026,CS,ZĂVOI,54626,RURAL,1161104082,ŞCOALA GIMNAZIALĂ ZĂVOI,VOISLOVA,54671,RURAL,424050,1162101287,SO4 VOISLOVA,ŞCOALA PRIMARĂ VOISLOVA,Unitate de învățământ,AR,,Un schimb/zi,Buget,Publică de interes naţional şi local, PRINCIPALĂ,NU ARE ,327442,0002555240,0355401800,scgzavoi@tvfavorit.ro
2025-2026,CS,ŞOPOTU NOU,54172,RURAL,1161103963,ŞCOALA GIMNAZIALĂ ŞOPOTU NOU,RAVENSCA,54216,RURAL,,1162104842,S04 RAVENSCA,ȘCOALA PRIMARĂ RAVENSCA,Unitate de învățământ,AR,,Un schimb/zi,Buget,Publică de interes naţional şi local,Principală,1,,0255244940,0255244940,sc.sopotnou@gmail.com
2025-2026,CT,ALIMAN,61014,RURAL,1361101646,ŞCOALA GIMNAZIALĂ ’DAN SPĂTARU’ ALIMAN,VLAHII,61050,RURAL,,1362104301,ŞC PRI NR 2 VLAHII,ŞCOALA PRIMARĂ NR. 2 VLAHII,Unitate de învățământ,AR,,Un schimb/zi,Buget,Publică de interes naţional şi local,BISERICII, 4,907028,0241856386,0241856386,scoala_aliman@ymail.com
2025-2026,CT,BĂNEASA,61078,RURAL,1361100681,LICEUL TEHNOLOGIC BĂNEASA,NEGURENI,61096,RURAL,,1362102077,ŞC PRI NR 2 NEGURENI,ŞCOALA PRIMARĂ NR. 2 NEGURENI,Unitate de învățământ,AR,,Un schimb/zi,Buget,Publică de interes naţional şi local, , ,907037,0241850362,0241850362,liceulteoreticbaneasa@yahoo.com
2025-2026,CT,CERCHEZU,61176,RURAL,1361100975,ŞCOALA GIMNAZIALĂ ’MARIN VOINEA’ CERCHEZU,VIROAGA,61201,RURAL,,1362103458,ŞC PRI NR 1 VIROAGA,ŞCOALA PRIMARĂ NR. 1 VIROAGA,Unitate de învățământ,AR,,Un schimb/zi,Buget,Publică de interes naţional şi local,ŞCOLII,4,907048,0241680400,0241680400,scoalacerchezu@gmail.com
2025-2026,CT,CONSTANŢA,60428,URBAN,1361200928,ŞCOALA PRIMARĂ ’NOUA GENERAŢIE’ CONSTANŢA,CONSTANŢA,60428,URBAN,132064737,1361200928,ŞC PRI ’NOUA GENERAŢIE’ CȚA,ŞCOALA PRIMARĂ ’NOUA GENERAŢIE’ CONSTANŢA,Unitate de învățământ,PJ,30691897,Un schimb/zi,Taxă,Privată,"Murgescu Ioan, viceamiral", 33,900540,0744345559,0241510531,scoalanouageneratie@gmail.com
2025-2026,CT,CONSTANŢA,60428,URBAN,1361201151,ȘCOALA PRIMARĂ 'VILA MONTESSORI' CONSTANŢA,CONSTANŢA,60428,URBAN,133003637,1361201151,ȘC PRIM VILA MONTESSORI CȚA,ȘCOALA PRIMARĂ 'VILA MONTESSORI' CONSTANŢA,Unitate de învățământ,PJ,32544272,Un schimb/zi,Taxă,Privată,Topraisar,28,900197,0799867992,0000000000,office@vilamontessori.ro
2025-2026,CT,CORBU,61522,RURAL,1361101899,ŞCOALA GIMNAZIALĂ ’GHEORGHE LAZĂR’ CORBU,VADU,61540,RURAL,,1362105537,ŞC PRI VADU,ŞCOALA PRIMARĂ VADU,Unitate de învățământ,AR,,Un schimb/zi,Buget,Publică de interes naţional şi local,ŞCOLII, 15,907087,0241876611,0241876611,scghlazarcorbu@yahoo.com
2025-2026,CT,COSTINEŞTI,60749,RURAL,1361101673,ŞCOALA GIMNAZIALĂ ’MIHAI EMINESCU’ COSTINEŞTI,SCHITU,60758,RURAL,,1362102484,ŞC PRI SCHITU,ŞCOALA PRIMARĂ ’ION CREANGĂ’ SCHITU,Unitate de învățământ,AR,,Două schimburi/zi,Buget,Publică de interes naţional şi local,SCOLII,24,907091,0241734102,0241734102,scoala.costinesti@yahoo.com
2025-2026,CT,CRUCEA,61568,RURAL,1361100057,LICEUL TEHNOLOGIC CRUCEA,STUPINA,61602,RURAL,,1362102891,ŞC PRI NR 4 STUPINA,ŞCOALA PRIMARĂ NR. 4 STUPINA,Unitate de învățământ,AR,,Un schimb/zi,Buget,Publică de interes naţional şi local, ŞCOLII, 1,907101,0241874880,0241874722,grscrucea@yahoo.com
2025-2026,CT,DELENI,61684,RURAL,1361105139,LICEUL TEHNOLOGIC ’NICOLAE ISTRĂŢOIU’ DELENI,PETROŞANI,61693,RURAL,,1362103508,ŞC PRI NR 2 PETROŞANI,ŞCOALA PRIMARĂ NR. 2 PETROŞANI,Unitate de învățământ,AR,,Un schimb/zi,Buget,Publică de interes naţional şi local, , ,907111,0241854887,0241854887,scoaladeleni_2006@yahoo.com
2025-2026,CT,DELENI,61684,RURAL,1361105139,LICEUL TEHNOLOGIC ’NICOLAE ISTRĂŢOIU’ DELENI,ŞIPOTELE,61728,RURAL,,1362103345,ŞC PRI NR 3 ŞIPOTE,ŞCOALA PRIMARĂ NR. 3 ŞIPOTE,Unitate de învățământ,AR,,Un schimb/zi,Buget,Publică de interes naţional şi local, , ,907113,0241854887,0241854887,scoaladeleni_2006@yahoo.com
2025-2026,CT,DOBROMIR,61746,RURAL,1361100107,ȘCOALA PROFESIONALĂ ’RADU PRIŞCU’ DOBROMIR,DOBROMIRU DIN DEAL,61764,RURAL,,1362103856,ŞC PRI NR 2 DOBROMIR DEAL,ŞCOALA PRIMARĂ NR. 2 DOBROMIR DEAL,Unitate de învățământ,AR,,Un schimb/zi,Buget,Publică de interes naţional şi local, , ,907115,0241850599,0241850599,liceulradupriscu@ymail.com
2025-2026,CT,DOBROMIR,61746,RURAL,1361100107,ȘCOALA PROFESIONALĂ ’RADU PRIŞCU’ DOBROMIR,LESPEZI,61773,RURAL,,1362103865,ŞC PRI NR 3 LESPEZI,ŞCOALA PRIMARĂ NR. 3 LESPEZI,Unitate de învățământ,AR,,Un schimb/zi,Buget,Publică de interes naţional şi local, , ,907118,0374959409,0241850599,liceulradupriscu@ymail.com
2025-2026,CT,INDEPENDENŢA,61880,RURAL,1361105207,LICEUL TEHNOLOGIC INDEPENDENŢA,MOVILA VERDE,61924,RURAL,,1362103078,ŞC PRI NR 2 MOVILA VERDE,ŞCOALA PRIMARĂ NR. 2 MOVILA VERDE,Unitate de învățământ,AR,,Un schimb/zi,Buget,Publică de interes naţional şi local, , ,907147,0241857972,0241857972,samindependenta@yahoo.com
2025-2026,CT,INDEPENDENŢA,61880,RURAL,1361105207,LICEUL TEHNOLOGIC INDEPENDENŢA,OLTENI,61933,RURAL,,1362103101,ŞC PRI NR 3 OLTENI,ŞCOALA PRIMARĂ NR. 3 OLTENI,Unitate de învățământ,AR,,Un schimb/zi,Buget,Publică de interes naţional şi local, , ,907148,0241857972,0241857972,samindependenta@yahoo.com
2025-2026,CT,MEDGIDIA,60856,URBAN,1361101768,ŞCOALA GIMNAZIALĂ ’MIHAIL SADOVEANU’ MEDGIDIA,VALEA DACILOR,60874,URBAN,,1362104111,ŞC PRI VALEA DACILOR,ŞCOALA PRIMARĂ ’IULIU PRODAN’ VALEA DACILOR,Unitate de învățământ,AR,,Un schimb/zi,Buget,Publică de interes naţional şi local,DRUM JUDEŢEAN,33,905602,0341802101,0341802101,scmirceadragomirescu@yahoo.com
2025-2026,CT,NEGRU VODĂ,62404,URBAN,1361100785,LICEUL TEORETIC NEGRU VODĂ,VÂLCELELE,62431,URBAN,,1362104423,ŞC PRI NR 2 VÂLCELELE,ŞCOALA PRIMARĂ NR. 2 VÂLCELELE,Unitate de învățământ,AR,,Un schimb/zi,Buget,Publică de interes naţional şi local,PRINCIPALA, 37,905803,0241780734,0241780734,liceul_teoretic_negru_voda@yahoo.ro
2025-2026,CT,OSTROV,62547,RURAL,1361105184,LICEUL ’REGELE CAROL I’ OSTROV,GÂRLIŢA,62592,RURAL,,1362103485,ŞC PRI NR 4 GÂRLIŢA,ŞCOALA PRIMARĂ NR. 4 GÂRLIŢA,Unitate de învățământ,AR,,Un schimb/zi,Buget,Publică de interes naţional şi local, , ,907226,0241857798,0241857137,liceulostrov@gmail.com
2025-2026,CT,OVIDIU,60696,URBAN,1361100197,ŞCOALA GIMNAZIALĂ NR. 2 'POET OVIDIU' OVIDIU,POIANA,60712,URBAN,,1362102769,ŞC PRI NR 4 POIANA,ŞCOALA PRIMARĂ NR. 4 POIANA,Unitate de învățământ,AR,,Un schimb/zi,Buget,Publică de interes naţional şi local, , ,905900,0241252368,0241252368,sc2ovidiu@yahoo.com
2025-2026,CT,PANTELIMON,62618,RURAL,1361100776,ŞCOALA GIMNAZIALĂ NR. 1 PANTELIMON,PANTELIMON DE JOS,62645,RURAL,,1362103381,ŞC PRI NR 3 PANTELIMONU DE JOS,ŞCOALA PRIMARĂ NR. 3 PANTELIMONU DE JOS,Unitate de învățământ,AR,,Un schimb/zi,Buget,Publică de interes naţional şi local,PRINCIPALĂ, ,907233,0241874461,0241874466,sam.pantelimon@yahoo.com
2025-2026,CT,PANTELIMON,62618,RURAL,1361100776,ŞCOALA GIMNAZIALĂ NR. 1 PANTELIMON,RUNCU,62654,RURAL,,1362103404,ŞC PRI NR 4 RUNCU,ŞCOALA PRIMARĂ NR. 4 RUNCU,Unitate de învățământ,AR,,Un schimb/zi,Buget,Publică de interes naţional şi local,PRINCIPALĂ, ,907234,0241874461,0241874466,sam.pantelimon@yahoo.com
2025-2026,CT,PEŞTERA,62716,RURAL,1361105288,ŞCOALA GIMNAZIALĂ NR. 1 PEŞTERA,IVRINEZU MARE,62725,RURAL,,1362102389,ŞC PRI NR 2 IVRINEZU MARE,ŞCOALA PRIMARĂ NR. 2 IVRINEZU MARE,Unitate de învățământ,AR,,Un schimb/zi,Buget,Publică de interes naţional şi local, ŞCOLII, 27,907241,0241856816,0241856817,scoalapestera@yahoo.com
2025-2026,CT,PEŞTERA,62716,RURAL,1361105288,ŞCOALA GIMNAZIALĂ NR. 1 PEŞTERA,IZVORU MARE,62743,RURAL,,1362102403,ŞC PRI NR 3 IZVORU MARE,ŞCOALA PRIMARĂ NR. 3 IZVORU MARE,Unitate de învățământ,AR,,Un schimb/zi,Buget,Publică de interes naţional şi local,CIŞMELEI, 20,907243,0241487204,0241487205,scoalapestera@yahoo.com
2025-2026,CT,TOPRAISAR,63081,RURAL,1361100455,LICEUL TEHNOLOGIC TOPRAISAR,POTÂRNICHEA,61657,RURAL,,1362102294,ŞC PRI NR 3 POTÂRNICHEA,ŞCOALA PRIMARĂ NR. 3 POTÂRNICHEA,Unitate de învățământ,AR,,Un schimb/zi,Buget,Publică de interes naţional şi local,ŞCOLII,10,907288,0241785225,0241785225,gs_topraisar@yahoo.com
2025-2026,CV,ARACI,64951,RURAL,1461100268,"Școala Gimnazială ""Romulus Cioflec"" Araci",ARIUŞD,64960,RURAL,461773,1462101441,ȘC. PRIM. ARIUȘD,Școala Primară Ariușd,Unitate de învățământ,AR,,Un schimb/zi,Buget,Publică de interes naţional şi local,Principală,190,527177,0267330149,0267330149,scoala.araci@yahoo.com
2025-2026,CV,ARACI,64951,RURAL,1461100268,"Școala Gimnazială ""Romulus Cioflec"" Araci",HETEA,64979,RURAL,461785,1462101423,ȘC. PRIM. HETEA,Școala Primară Hetea,Unitate de învățământ,AR,,Un schimb/zi,Buget,Publică de interes naţional şi local,Principală,135,527178,0267330149,0267330149,scoala.araci@yahoo.com
2025-2026,CV,BARAOLT,63456,URBAN,1461100327,"Școala Gimnazială ""Gaál Mózes"" Baraolt",BIBORŢENI,63465,URBAN,460432,1462101129,"ȘC. PRIM. ""BARTALIS FERENC"" BIBORȚENI","Școala Primară ""Bartalis Ferenc"" Biborțeni",Unitate de învățământ,AR,,Un schimb/zi,Buget,Publică de interes naţional şi local,Principală,202,525101,0267377734,0267377761,scoalagaalmozes@gmail.com
2025-2026,CV,BARAOLT,63456,URBAN,1461100327,"Școala Gimnazială ""Gaál Mózes"" Baraolt",BODOŞ,63474,URBAN,460444,1462101111,"ȘC. PRIM. ""BUDAI JÓZSEF"" BODOȘ","Școala Primară ""Budai József"" Bodoș",Unitate de învățământ,AR,,Un schimb/zi,Buget,Publică de interes naţional şi local,Principală,115,525102,0267377734,0267377761,scoalagaalmozes@gmail.com
2025-2026,CV,BARAOLT,63456,URBAN,1461100327,"Școala Gimnazială ""Gaál Mózes"" Baraolt",CĂPENI,63483,URBAN,460456,1462101138,ȘC. PRIM. CĂPENI,Școala Primară Căpeni,Unitate de învățământ,AR,,Un schimb/zi,Buget,Publică de interes naţional şi local,Principală,354,525103,0267377734,0267377761,scoalagaalmozes@gmail.com
2025-2026,CV,BARAOLT,63456,URBAN,1461100327,"Școala Gimnazială ""Gaál Mózes"" Baraolt",MICLOŞOARA,63492,URBAN,460470,1462101147,ȘC. PRIM. MICLOȘOARA,Școala Primară Micloșoara,Unitate de învățământ,AR,,Un schimb/zi,Buget,Publică de interes naţional şi local,Principală,96,525104,0267377734,0267377761,scoalagaalmozes@gmail.com
2025-2026,CV,BARAOLT,63456,URBAN,1461100327,"Școala Gimnazială ""Gaál Mózes"" Baraolt",RACOŞUL DE SUS,63508,URBAN,460482,1462101088,ȘC. PRIM. RACOȘUL DE SUS,Școala Primară Racoșul de Sus,Unitate de învățământ,AR,,Un schimb/zi,Buget,Publică de interes naţional şi local,Principală,228,525105,0267377734,0267377761,scoalagaalmozes@gmail.com
2025-2026,CV,BELIN,63875,RURAL,1461100413,"Școala Gimnazială ""Bölöni Farkas Sándor"" Belin",BELIN-VALE,63884,RURAL,460808,1462100969,ȘC. PRIM. BELIN VALE,Școala Primară Belin Vale,Unitate de învățământ,AR,,Un schimb/zi,Buget,Publică de interes naţional şi local,Principală,113,527031,0267355763,0000000000,scoala.belin@yahoo.com
2025-2026,CV,BODOC,63900,RURAL,1461100648,"Școala Gimnazială ""Henter Károly"" Bodoc",OLTENI,63919,RURAL,460822,1462102876,"ȘC. PRIM. ""MAKKAI SÁNDOR"" OLTENI","Școala Primară ""Makkai Sándor"" Olteni",Unitate de învățământ,AR,,Un schimb/zi,Buget,Publică de interes naţional şi local,Principală,140,527036,0267353435,0267353373,henterkaroly@gmail.com
2025-2026,CV,BODOC,63900,RURAL,1461100648,"Școala Gimnazială ""Henter Károly"" Bodoc",ZĂLAN,63928,RURAL,460834,1462102867,"ȘC. PRIM. ""DÁVID JÓZSEF"" ZĂLAN","Școala Primară ""Dávid József"" Zălan",Unitate de învățământ,AR,,Un schimb/zi,Buget,Publică de interes naţional şi local,Principală,145,527037,0267353435,0267353373,henterkaroly@gmail.com
2025-2026,CV,BOROŞNEU MARE,63946,RURAL,1461100535,"Școala Gimnazială ""Bartha Károly"" Boroșneu Mare",BOROŞNEU MIC,63955,RURAL,460858,1462103208,"ȘC. PRIM. ""NAGY KÁROLY"" BOROȘNEU MIC","Școala Primară ""Nagy Károly"" Boroșneu Mic",Unitate de învățământ,AR,,Un schimb/zi,Buget,Publică de interes naţional şi local,Principală,122,527041,0267374160,0267374160,barthakarolygimnazium@yahoo.com
2025-2026,CV,BOROŞNEU MARE,63946,RURAL,1461100535,"Școala Gimnazială ""Bartha Károly"" Boroșneu Mare",DOBOLII DE SUS,63964,RURAL,460860,1462103217,ȘC. PRIM. DOBOLII DE SUS,Școala Primară Dobolii de Sus,Unitate de învățământ,AR,,Un schimb/zi,Buget,Publică de interes naţional şi local,Principală,74,527042,0267374160,0267374160,barthakarolygimnazium@yahoo.com
2025-2026,CV,BOROŞNEU MARE,63946,RURAL,1461100535,"Școala Gimnazială ""Bartha Károly"" Boroșneu Mare",LEŢ,63973,RURAL,460872,1462103244,ȘC. PRIM. NR. 1 LEȚ,Școala Primară Nr. 1 Leț,Unitate de învățământ,AR,,Un schimb/zi,Buget,Publică de interes naţional şi local,Principala,83,527043,0267374160,0267374160,barthakarolygimnazium@yahoo.com
2025-2026,CV,BOROŞNEU MARE,63946,RURAL,1461100535,"Școala Gimnazială ""Bartha Károly"" Boroșneu Mare",LEŢ,63973,RURAL,989103,1462103262,ȘC. PRIM. NR. 2 LEȚ,Școala Primară Nr. 2 Leț,Unitate de învățământ,AR,,Un schimb/zi,Buget,Publică de interes naţional şi local,Principală sc.A ap.1,Bl 3,527043,0267374160,0267374160,barthakarolygimnazium@yahoo.com
2025-2026,CV,BRATEŞ,64014,RURAL,1461100788,"Școala Gimnazială ""Bibó József"" Brateș",TELECHIA,64032,RURAL,460913,1462102338,"ȘC. PRIM. ""HORVÁTH KÁROLY"" TELECHIA","Școala Primară ""Horváth Károly"" Telechia",Unitate de învățământ,AR,,Un schimb/zi,Buget,Publică de interes naţional şi local,Principală,101,527052,0267343925,0267374724,bedergo@yahoo.com
2025-2026,CV,BREŢCU,64103,RURAL,1461100621,"Școala Gimnazială ""Comenius"" Brețcu",MĂRTĂNUŞ,64112,RURAL,460975,1462102953,ȘC. PRIM. MĂRTĂNUȘ,Școala Primară Mărtănuș,Unitate de învățământ,AR,,Un schimb/zi,Buget,Publică de interes naţional şi local,Principală,154,527061,0267368028,0267368028,sccomenius@yahoo.com
2025-2026,CV,BREŢCU,64103,RURAL,1461100621,"Școala Gimnazială ""Comenius"" Brețcu",OITUZ,64121,RURAL,460987,1462102962,ȘC. PRIM. OITUZ,Școala Primară Oituz,Unitate de învățământ,AR,,Un schimb/zi,Buget,Publică de interes naţional şi local,Principală,11,527062,0267368028,0267368028,sccomenius@yahoo.com
2025-2026,CV,BRĂDUŢ,64050,RURAL,1461100191,"Școala Gimnazială ""Benkő József"" Brăduț",TĂLIŞOARA,64087,RURAL,460951,1462101658,ȘC. PRIM. TĂLIȘOARA,Școala Primară Tălișoara,Unitate de învățământ,AR,,Un schimb/zi,Buget,Publică de interes naţional şi local,Principală,65/A,527058,0267376203,0267376419,scoalabradut@yahoo.com
2025-2026,CV,BĂŢANII MARI,63811,RURAL,1461100562,"Școala Gimnazială ""Konsza Samu"" Bățanii Mari",BĂŢANII MICI,63839,RURAL,460767,1462103131,ȘC. PRIM. BĂȚANII MICI,Școala Primară Bățanii Mici,Unitate de învățământ,AR,,Un schimb/zi,Buget,Publică de interes naţional şi local,Principală,171,527017,0267355277,0267355425,ervinkv@yahoo.com
2025-2026,CV,CATALINA,64149,RURAL,1461100277,"Școala Gimnazială ""Bálint Gábor"" Catalina",HĂTUICA,64158,RURAL,461008,1462101337,ȘC. PRIM. HĂTUICA,Școala Primară Hătuica,Unitate de învățământ,AR,,Un schimb/zi,Buget,Publică de interes naţional şi local,Principală,143,527066,0267346209,0267346209,scoalabalintgabor@yahoo.com
2025-2026,CV,CATALINA,64149,RURAL,1461100277,"Școala Gimnazială ""Bálint Gábor"" Catalina",IMENI,64167,RURAL,461010,1462101328,ȘC. PRIM. IMENI,Școala Primară Imeni,Unitate de învățământ,AR,,Un schimb/zi,Buget,Publică de interes naţional şi local,Principală,28,527067,0267345629,0267346209,scoalabalintgabor@yahoo.com
2025-2026,CV,CATALINA,64149,RURAL,1461100277,"Școala Gimnazială ""Bálint Gábor"" Catalina",MĂRCUŞA,64185,RURAL,461022,1462101373,"ȘC. PRIM. ""BARABÁS MIKLÓS"" MĂRCUȘA","Școala Primară ""Barabás Miklós"" Mărcușa",Unitate de învățământ,AR,,Un schimb/zi,Buget,Publică de interes naţional şi local,Principală,218,527068,0267346209,0267346209,scoalabalintgabor@yahoo.com
2025-2026,CV,CERNAT,64201,RURAL,1461100666,"Școala Gimnazială ""Végh Antal"" Cernat",ALBIŞ,64210,RURAL,461084,1462102772,ȘC. PRIM. ALBIȘ,Școala Primară Albiș,Unitate de învățământ,AR,,Un schimb/zi,Buget,Publică de interes naţional şi local,Principală,5,507071,0267367549,0267367549,veghantaliskola@yahoo.com
2025-2026,CV,CERNAT,64201,RURAL,1461100666,"Școala Gimnazială ""Végh Antal"" Cernat",ICAFALĂU,64229,RURAL,461096,1462102799,"ȘC. GIM. ""SZABÓ LAJOS"" ICAFALĂU","Școala Primară ""Szabó Lajos"" Icafalău",Unitate de învățământ,AR,,Un schimb/zi,Buget,Publică de interes naţional şi local,Principală,134,527072,0267367549,0267367549,veghantaliskola@yahoo.com
2025-2026,CV,COVASNA,63535,URBAN,1461100137,"Liceul ""Kőrösi Csoma Sándor"" Covasna",CHIURUŞ,63544,URBAN,460523,1462101821,ȘC. PRIM. CHIURUȘ,Școala Primară Chiuruș,Unitate de învățământ,AR,,Un schimb/zi,Buget,Publică de interes naţional şi local,Kőrösi Csoma Sándor,16,525201,0267340863,0267340863,korosicss@yahoo.com
2025-2026,CV,COVASNA,63535,URBAN,1461100137,"Liceul ""Kőrösi Csoma Sándor"" Covasna",COVASNA,63535,URBAN,1217806,1462101803,"ȘC. PRIM. ""ORBÁN BALÁZS"" COVASNA","Școala Primară ""Orbán Balázs"" Covasna",Unitate de învățământ,AR,,Un schimb/zi,Buget,Publică de interes naţional şi local,Gábor Áron,1,525200,0267340962,0267340863,korosicss@yahoo.com
2025-2026,CV,DOBÂRLĂU,64274,RURAL,1461100295,Școala Gimnazială Dobârlău,LUNCA MĂRCUŞULUI,64283,RURAL,461137,1462101278,ȘC. PRIM. LUNCA MĂRCUȘULUI,Școala Primară Lunca Mărcușului,Unitate de învățământ,AR,,Un schimb/zi,Buget,Publică de interes naţional şi local,Principală,121,527086,0766897397,0267375749,scoaladobarlau@yahoo.com
2025-2026,CV,DOBÂRLĂU,64274,RURAL,1461100295,Școala Gimnazială Dobârlău,MĂRCUŞ,64292,RURAL,461149,1462101242,ȘC. PRIM. MĂRCUȘ,Școala Primară Mărcuș,Unitate de învățământ,AR,,Un schimb/zi,Buget,Publică de interes naţional şi local,Principală,72,527087,0749126858,0267375749,scoaladobarlau@yahoo.com
2025-2026,CV,DOBÂRLĂU,64274,RURAL,1461100295,Școala Gimnazială Dobârlău,VALEA DOBÂRLĂULUI,64309,RURAL,461151,1462101233,ȘC. PRIM. VALEA DOBÂRLĂULUI,Școala Primară Valea Dobârlăului,Unitate de învățământ,AR,,Un schimb/zi,Buget,Publică de interes naţional şi local,Principală,24,527088,0267375683,0267375749,scoaladobarlau@yahoo.com
2025-2026,CV,GHELINŢA,64327,RURAL,1461100526,"Școala Gimnazială ""Jancsó Benedek"" Ghelința",GHELINŢA,64327,RURAL,461175,1462103312,ȘC. PRIM. NR. 2 GHELINȚA,Școala Primară Nr. 2 Ghelința,Unitate de învățământ,AR,,Un schimb/zi,Buget,Publică de interes naţional şi local,Principală,1124,527090,0267345156,0267345007,scoala_ghelinta@yahoo.com
2025-2026,CV,GHELINŢA,64327,RURAL,1461100526,"Școala Gimnazială ""Jancsó Benedek"" Ghelința",HARALE,64336,RURAL,461187,1462103289,ȘC. PRIM. HARALE,Școala Primară Harale,Unitate de învățământ,AR,,Un schimb/zi,Buget,Publică de interes naţional şi local,Principală,7,527091,0267345007,0267345007,scoala_ghelinta@yahoo.com
2025-2026,CV,GHIDFALĂU,64354,RURAL,1461100707,"Școala Gimnazială ""Czetz János"" Ghidfalău",ANGHELUŞ,64363,RURAL,461204,1462102591,"ȘC. PRIM. ""FORRÓ ELEK"" ANGHELUȘ","Școala Primară ""Forró Elek"" Angheluș",Unitate de învățământ,AR,,Un schimb/zi,Buget,Publică de interes naţional şi local,Principală,137/A,527096,0267310674,0267310674,czetzjanos@yahoo.com
2025-2026,CV,HĂGHIG,64407,RURAL,1461100684,Școala Gimnazială Hăghig,IARĂŞ,64416,RURAL,461242,1462102668,ȘC. PRIM. IARĂȘ,Școala Primară Iarăș,Unitate de învățământ,AR,,Un schimb/zi,Buget,Publică de interes naţional şi local,Principală,238,527101,0267366933,0267366922,scoalahaghig@yahoo.com
2025-2026,CV,LEMNIA,64470,RURAL,1461100069,"Școala Gimnazială ""Bem József"" Lemnia",LEMNIA,64470,RURAL,461292,1462102044,ȘC. PRIM. NR. 2 LEMNIA,Școala Primară Nr. 2 Lemnia,Unitate de învățământ,AR,,Un schimb/zi,Buget,Publică de interes naţional şi local,Principală,497,527110,0267369181,0267369213,bem_suli@yahoo.com
2025-2026,CV,MALNAŞ,64531,RURAL,1461100078,"Școala Gimnazială ""Tőkés József"" Malnaș",MALNAŞ-BĂI,64540,RURAL,461369,1462101997,ȘC. PRIM. MALNAȘ BĂI,Școala Primară Malnaș Băi,Unitate de învățământ,AR,,Un schimb/zi,Buget,Publică de interes naţional şi local,Principală,27,527118,0267344356,0267383873,tjiskola@gmail.com
2025-2026,CV,MALNAŞ,64531,RURAL,1461100078,"Școala Gimnazială ""Tőkés József"" Malnaș",VALEA ZĂLANULUI,64559,RURAL,4243791,1462102008,ȘC. PRIM. VALEA ZĂLANULUI,Școala Primară Valea Zălanului,Unitate de învățământ,AR,,Un schimb/zi,Buget,Publică de interes naţional şi local,Principală,1,527119,0267355415,0267383873,tjiskola@gmail.com
2025-2026,CV,MERENI,64498,RURAL,1461100318,"Școala Gimnazială ""Kelemen Didák"" Mereni",MERENI,64498,RURAL,461307,1462101165,ȘC. PRIM. LUTOASA,Școala Primară Lutoasa,Unitate de învățământ,AR,,Un schimb/zi,Buget,Publică de interes naţional şi local,Şcolii,188,527111,0267369613,0267369610,almasuli@yahoo.com
2025-2026,CV,OJDULA,64611,RURAL,1461100612,"Școala Gimnazială ""Kun Kocsárd"" Ojdula",HILIB,64620,RURAL,461462,1462103009,ȘC. PRIM. HILIB,Școala Primară Hilib,Unitate de învățământ,AR,,Un schimb/zi,Buget,Publică de interes naţional şi local,Principală,179,527126,0267345335,0267346513,kunkocsard@gmail.com
2025-2026,CV,OZUN,64648,RURAL,1461100096,"Școala Gimnazială ""Tatrangi Sándor"" Ozun",BICFALĂU,64657,RURAL,461486,1462101907,ȘC. PRIM. BICFALĂU,Școala Primară Bicfalău,Unitate de învățământ,AR,,Un schimb/zi,Buget,Publică de interes naţional şi local,Principală,33,527131,0267331022,0267331022,tatrangi.scoala@gmail.com
2025-2026,CV,OZUN,64648,RURAL,1461100096,"Școala Gimnazială ""Tatrangi Sándor"" Ozun",LISNĂU,64666,RURAL,461498,1462101875,ȘC. PRIM. LISNĂU,Școala Primară Lisnău,Unitate de învățământ,AR,,Un schimb/zi,Buget,Publică de interes naţional şi local,Principală,62,527132,0267331022,0267331022,tatrangi.scoala@gmail.com
2025-2026,CV,OZUN,64648,RURAL,1461100096,"Școala Gimnazială ""Tatrangi Sándor"" Ozun",SÂNTIONLUNCA,64700,RURAL,461539,1462101925,"ȘC. PRIM. ""BERDE MÓZES"" SÂNTIONLUNCA","Școala Primară ""Berde Mózsa"" Sântionlunca",Unitate de învățământ,AR,,Un schimb/zi,Buget,Publică de interes naţional şi local,Principală,247,527137,0267331022,0267331022,tatrangi.scoala@gmail.com
2025-2026,CV,POIAN,64728,RURAL,1461100051,"Școala Gimnazială ""Trefán Leonárd"" Poian",BELANI,64737,RURAL,461553,1462102062,"ȘC. PRIM. ""TUZSON JÁNOS"" BELANI","Școala Primară ""Tuzson János"" Belani",Unitate de învățământ,AR,,Un schimb/zi,Buget,Publică de interes naţional şi local,Principală,10,527141,0267368617,0267368617,scoalapoian16@yahoo.com
2025-2026,CV,RECI,64782,RURAL,1461100232,"Școala Gimnazială ""Antos János"" Reci",ANINOASA,64791,RURAL,461618,1462101545,ȘC. PRIM. ANINOASA,Școala Primară Aninoasa,Unitate de învățământ,AR,,Un schimb/zi,Buget,Publică de interes naţional şi local,Principală,26,527146,0267374026,0267373814,antosjanosiskola@freemail.hu
2025-2026,CV,SFÂNTU GHEORGHE,63401,URBAN,1461100829,"Școala Gimnazială ""Ady Endre"" Sfântu Gheorghe",CHILIENI,63410,URBAN,989062,1462102261,ȘC. PRIM. CHILIENI,"Școala Primară ""Mánya Béla"" Chilieni",Unitate de învățământ,AR,,Un schimb/zi,Buget,Publică de interes naţional şi local,Principală,72,520001,0267351770,0267318201,adyendresf@yahoo.com
2025-2026,CV,SÂNZIENI,64835,RURAL,1461100865,"Școala Gimnazială ""Apor István"" Sânzieni",CAŞINU MIC,64844,RURAL,461656,1462102112,ȘC. PRIM. CASINU MIC,Școala Primară Casinu Mic,Unitate de învățământ,AR,,Un schimb/zi,Buget,Publică de interes naţional şi local,Principală,25,527151,0267366015,0267366015,scoalasanzieni@yahoo.com
2025-2026,CV,TURIA,64880,RURAL,1461100734,"Școala Gimnazială ""Kicsi Antal"" Turia",ALUNGENI,64899,RURAL,461723,1462102487,"ȘC. PRIM. ""REMÉNYIK SÁNDOR"" ALUNGENI","Școala Primară ""Reményik Sándor"" Alungeni",Unitate de învățământ,AR,,Un schimb/zi,Buget,Publică de interes naţional şi local,Principală,85,527161,0267367286,0267367007,kicsiantal@gmail.com
2025-2026,CV,TURIA,64880,RURAL,1461100734,"Școala Gimnazială ""Kicsi Antal"" Turia",TURIA,64880,RURAL,461709,1462102537,ȘC. PRIM. NR. 3 TURIA,Școala Primară Nr. 3 Turia,Unitate de învățământ,AR,,Un schimb/zi,Buget,Publică de interes naţional şi local,Principală,694,527160,0267367287,0267367007,kicsiantal@gmail.com
2025-2026,CV,TÂRGU SECUIESC,63759,URBAN,1461100802,"Școala Gimnazială ""Molnár Józsiás"" Târgu Secuiesc",TÂRGU SECUIESC,63759,URBAN,4605731,1462103547,ȘC. PRIM. RUSENI,Școala Primară Ruseni,Unitate de învățământ,AR,,Un schimb/zi,Buget,Publică de interes naţional şi local,Bem József,86,525400,0267362691,0267362691,scoala@molnarjozsias.ro
2025-2026,CV,TÂRGU SECUIESC,63759,URBAN,1461100743,"Școala Gimnazială ""Turóczi Mózes"" Târgu Secuiesc",LUNGA,63768,RURAL,460585,1462102442,"ȘC. PRIM. ""JAKABOS ÖDÖN"" LUNGA","Școala Primară ""Jakabos Ödön"" Lunga",Unitate de învățământ,AR,,Un schimb/zi,Buget,Publică de interes naţional şi local,Principală,360,525401,0267365384,0267365007,turoczi_mozes@yahoo.com
2025-2026,CV,TÂRGU SECUIESC,63759,URBAN,1461100743,"Școala Gimnazială ""Turóczi Mózes"" Târgu Secuiesc",LUNGA,63768,RURAL,460602,1462102469,ȘC. PRIM. TINOASA,Școala Primară Tinoasa,Unitate de învățământ,AR,,Un schimb/zi,Buget,Publică de interes naţional şi local,Principală,657,525401,0762249035,0267365007,turoczi_mozes@yahoo.com
2025-2026,CV,VALEA CRIŞULUI,64915,RURAL,1461100856,"Școala Gimnazială ""Kálnoky Ludmilla"" Valea Crișului",CALNIC,64933,RURAL,461759,1462102157,"ȘC. PRIM. ""BEDŐ ALBERT"" CALNIC","Școala Primară ""Bedő Albert"" Calnic",Unitate de învățământ,AR,,Un schimb/zi,Buget,Publică de interes naţional şi local,Bedo Albert,158,527167,0267374510,0267374510,kalnokyludmilla@yahoo.com
2025-2026,CV,ZAGON,65020,RURAL,1461100087,"Școala Gimnazială ""Mikes Kelemen"" Zagon",ZAGON,65020,RURAL,3838101,1462101961,"ȘC. PRIM. ""GEORGE COȘBUC"" ZAGON","Școala Primară ""George Coșbuc"" Zagon",Unitate de învățământ,AR,,Un schimb/zi,Buget,Publică de interes naţional şi local,Principală,927,527185,0267343127,0267343054,scoala.mikes@gmail.com
2025-2026,CV,ZĂBALA,65057,RURAL,1461100752,Școala Gimnazială Nr. 1 Zăbala,PETENI,65066,RURAL,461852,1462102406,ȘC. PRIM. PETENI,Școala Primară Peteni,Unitate de învățământ,AR,,Un schimb/zi,Buget,Publică de interes naţional şi local,Principală,50,527191,0267375019,0267375019,zabisk@yahoo.com
2025-2026,CV,ZĂBALA,65057,RURAL,1461100752,Școala Gimnazială Nr. 1 Zăbala,SURCEA,65075,RURAL,461864,1462102374,ȘC. PRIM. SURCEA,Școala Primară Surcea,Unitate de învățământ,AR,,Un schimb/zi,Buget,Publică de interes naţional şi local,Principală,238,527192,0267375019,0267375019,zabisk@yahoo.com
2025-2026,CV,ZĂBALA,65057,RURAL,1461100752,Școala Gimnazială Nr. 1 Zăbala,ZĂBALA,65057,RURAL,461840,1462102424,"ȘC. PRIM. ""DEÁK BÉLA"" ZĂBALA","Școala Primară ""Deák Béla"" Zăbala",Unitate de învățământ,AR,,Un schimb/zi,Buget,Publică de interes naţional şi local,Principală,910,527190,0267375070,0267375019,zabisk@yahoo.com
2025-2026,CV,ÎNTORSURA BUZĂULUI,63599,URBAN,1461100675,"Școala Gimnazială ""Mihail Sadoveanu"" Întorsura Buzăului",ÎNTORSURA BUZĂULUI,63599,URBAN,460559,1462103393,ȘC. PRIM. ÎNTORSURA BUZAULUI,Școala Primară Întorsura Buzăului,Unitate de învățământ,AR,,Un schimb/zi,Buget,Publică de interes naţional şi local,Aviatorului,11,525300,0267370910,0267371491,scoalaib@yahoo.com
2025-2026,DB,CORBII MARI,66866,RURAL,1561100909,ȘCOALA PROFESIONALĂ CORBII MARI,SATU NOU,66928,RURAL,,1562102992,ȘCOALA PRIMARĂ SATU NOU CORBII MARI,ȘCOALA PRIMARĂ SATU NOU CORBII MARI,Unitate de învățământ,AR,,Un schimb/zi,Buget,Publică de interes naţional şi local,DOGARILOR,2,137142,0245716129,0245716129,scoalacorbiimari@yahoo.com
2025-2026,DB,CORBII MARI,66866,RURAL,1561100909,ȘCOALA PROFESIONALĂ CORBII MARI,VADU STANCHII,66946,RURAL,,1562102947,ȘCOALA PRIMARĂ VADU STANCHII CORBII MARI,ȘCOALA PRIMARĂ VADU STANCHII CORBII MARI,Unitate de învățământ,AR,,Un schimb/zi,Buget,Publică de interes naţional şi local,MARE,36,137144,0245716129,0245716129,scoalacorbiimari@yahoo.com
2025-2026,DB,CORNĂŢELU,66964,RURAL,1561101521,ȘCOALA GIMNAZIALĂ CORNĂȚELU,BOLOVANI,66982,RURAL,,1562105068,ȘCOALA PRIMARĂ BOLOVANI CORNĂȚELU,ȘCOALA PRIMARĂ BOLOVANI CORNĂȚELU,Unitate de învățământ,AR,,Un schimb/zi,Buget,Publică de interes naţional şi local,I.BOLOVĂNEANU,525,137147,0769689987,0769689987,sc_cornatelu@yahoo.com
2025-2026,DB,COSTEŞTII DIN VALE,67130,RURAL,1561105751,ȘCOALA GIMNAZIALĂ COSTEȘTII DIN VALE,COSTEŞTII DIN VALE,67130,RURAL,,1562103568,ȘCOALA PRIMARĂ MERIȘU COSTEȘTII DIN VALE,ȘCOALA PRIMARĂ MERIȘU COSTEȘTII DIN VALE,Unitate de învățământ,AR,,Două schimburi/zi,Buget,Publică de interes naţional şi local,CRIZANTEMELOR,29A,137165,0245717244,0245717244,scoala_costestivale@yahoo.com
2025-2026,DB,COSTEŞTII DIN VALE,67130,RURAL,1561105751,ȘCOALA GIMNAZIALĂ COSTEȘTII DIN VALE,MĂRUNŢIŞU,67149,RURAL,,1562103595,ȘCOALA PRIMARĂ MĂRUNȚIȘU COSTEȘTII DIN VALE,ȘCOALA PRIMARĂ MĂRUNȚIȘU COSTEȘTII DIN VALE,Unitate de învățământ,AR,,Două schimburi/zi,Buget,Publică de interes naţional şi local,MARASESTI,171,137166,0245717244,0245717244,scoala_costestivale@yahoo.com
2025-2026,DB,CĂPŞUNA,66624,RURAL,1561101091,ȘCOALA GIMNAZIALĂ CĂPȘUNA COBIA,GHERGHIŢEŞTI,66599,RURAL,,1562100321,ȘCOALA PRIMARĂ GHERGHIȚEȘTI COBIA,ȘCOALA PRIMARĂ GHERGHIȚEȘTI COBIA,Unitate de învățământ,AR,,Un schimb/zi,Buget,Publică de interes naţional şi local,PRINCIPALĂ,131,137104,0345524201,0345524201,sc.capsuna@yahoo.com
2025-2026,DB,FÂNTÂNELE,66713,RURAL,1561101616,LICEUL TEHNOLOGIC COJASCA,IAZU,66722,RURAL,,1562104786,ȘCOALA PRIMARĂ IAZU COJASCA,ȘCOALA PRIMARĂ IAZU COJASCA,Unitate de învățământ,AR,,Două schimburi/zi,Buget,Publică de interes naţional şi local,ȘCOLII,283,137117,0785294304,0245671508,fantaneles@yahoo.com
2025-2026,DB,GHINEŞTI,68823,RURAL,1561100999,ȘCOALA GIMNAZIALĂ GHINEȘTI SĂLCIOARA,PODU RIZII,68869,RURAL,,1562104682,ȘCOALA PRIMARĂ PODU RIZII SĂLCIOARA,ȘCOALA PRIMARĂ PODU RIZII SĂLCIOARA,Unitate de învățământ,AR,,Un schimb/zi,Buget,Publică de interes naţional şi local,PRINCIPALĂ, 91,137419,0760260895,0760260895,scghinesti@yahoo.com
2025-2026,DB,GROZĂVEŞTI,66884,RURAL,1561101105,ȘCOALA GIMNAZIALĂ GROZĂVEȘTI CORBII MARI,GROZĂVEŞTI,66884,RURAL,,1562100669,ȘCOALA PRIMARĂ NR.2 GROZĂVEȘTI CORBII MARI,ȘCOALA PRIMARĂ NR.2 GROZĂVEȘTI CORBII MARI,Unitate de învățământ,AR,,Un schimb/zi,Buget,Publică de interes naţional şi local,LUNGĂ,218,137137,0723282392,0723282392,scoalagrozavesti@yahoo.com
2025-2026,DB,I. L. CARAGIALE,67755,RURAL,1561101132,ȘCOALA GIMNAZIALĂ NR.1 I. L. CARAGIALE,I. L. CARAGIALE,67755,RURAL,,1562102445,ȘCOALĂ PRIMARĂ NR.2 I. L. CARAGIALE,ȘCOALĂ PRIMARĂ NR.2 I. L. CARAGIALE,Unitate de învățământ,AR,,Un schimb/zi,Buget,Publică de interes naţional şi local,MORENI,1,137255,0245660408,0245660408,scoalacaragiale@yahoo.com
2025-2026,DB,IEDERA DE JOS,65878,RURAL,1561105796,ȘCOALA GIMNAZIALĂ IEDERA DE JOS,IEDERA DE SUS,65903,RURAL,,1562100461,ȘCOALA PRIMARĂ IEDERA DE SUS,ȘCOALA PRIMARĂ IEDERA DE SUS,Unitate de învățământ,AR,,Două schimburi/zi,Buget,Publică de interes naţional şi local,PRINCIPALĂ,70,137264,0245662050,0245662050,ederile@yahoo.com
2025-2026,DB,MOŢĂIENI,65654,RURAL,1561100972,ȘCOALA PRIMARĂ MOȚĂIENI,MOŢĂIENI,65654,RURAL,467363,1561100972,ȘCOALA PRIMARĂ MOȚĂIENI,ȘCOALA PRIMARĂ MOȚĂIENI,Unitate de învățământ,PJ,29147060,Un schimb/zi,Buget,Publică de interes naţional şi local,PRINCIPALA, 140,137325,0245232141,0245232141,motaieni@scolidb.ro
2025-2026,DB,MĂTĂSARU,68075,RURAL,1561101186,ȘCOALA GIMNAZIALĂ MĂTĂSARU,TEŢCOIU,68057,RURAL,,1562102653,ȘCOALA PRIMARĂ TEȚCOIU MĂTĂSARU,ȘCOALA PRIMARĂ TEȚCOIU MĂTĂSARU,Unitate de învățământ,AR,,Un schimb/zi,Buget,Publică de interes naţional şi local,PRINCIPALĂ, 1,137302,0345505216,0345505216,scoalamatasaru@yahoo.com
2025-2026,DB,NICULEŞTI,104396,RURAL,1561101358,ȘCOALA GIMNAZIALĂ NICULEȘTI,MOVILA,104412,RURAL,,1562103654,ȘCOALA PRIMARĂ NR.4 MOVILA NICULEȘTI,ȘCOALA PRIMARĂ NR.4 MOVILA NICULEȘTI,Unitate de învățământ,AR,,Un schimb/zi,Buget,Publică de interes naţional şi local,PRINCIPALĂ,133,137332,0212670753,0212670753,scoala.niculesti@yahoo.com
2025-2026,DB,NICULEŞTI,104396,RURAL,1561101358,ȘCOALA GIMNAZIALĂ NICULEȘTI,NICULEŞTI,104396,RURAL,,1562103808,ȘCOALA PRIMARĂ NR.3 NICULEȘTI,ȘCOALA PRIMARĂ NR.3 NICULEȘTI,Unitate de învățământ,AR,,Două schimburi/zi,Buget,Publică de interes naţional şi local,PRINCIPALĂ,201,137330,0212670753,0212670753,scoala.niculesti@yahoo.com
2025-2026,DB,NUCET,68299,RURAL,1561101245,LICEUL TEHNOLOGIC NUCET,ILFOVENI,68315,RURAL,,1562102454,ȘCOALA PRIMARĂ ILFOVENI NUCET,ȘCOALA PRIMARĂ ILFOVENI NUCET,Unitate de învățământ,AR,,Un schimb/zi,Buget,Publică de interes naţional şi local,DN71,133,137337,0245267392,0372009764,scoala_nucet@yahoo.com
2025-2026,DB,ODOBEŞTI,68351,RURAL,1561101159,ȘCOALA GIMNAZIALĂ ODOBEȘTI,MIULEŞTI,68388,RURAL,,1562103948,ȘCOALA PRIMARĂ MIULEȘTI ODOBEȘTI,ȘCOALA PRIMARĂ MIULEȘTI ODOBEȘTI,Unitate de învățământ,AR,,Un schimb/zi,Buget,Publică de interes naţional şi local,PRINCIPALĂ,77,137348,0245721078,0245721078,scoala_odobesti@yahoo.com
2025-2026,DB,POIANA,68440,RURAL,1561105787,ȘCOALA GIMNAZIALĂ NR.1 POIANA,POIANA,68440,RURAL,,1562103003,ȘCOALA PRIMARĂ NR.2 POIANA,ȘCOALA PRIMARĂ NR.2 POIANA,Unitate de învățământ,AR,,Un schimb/zi,Buget,Publică de interes naţional şi local,GLADIOLEI,419A,137365,0245721718,0245721807,scoalapoiana@yahoo.com
2025-2026,DB,POTLOGI,68477,RURAL,1561101349,ȘCOALA GIMNAZIALĂ POTLOGI,VLĂSCENI,68510,RURAL,,1562103256,ȘCOALA PRIMARĂ VLĂSCENI POTLOGI,ȘCOALA PRIMARĂ VLĂSCENI POTLOGI,Unitate de învățământ,AR,,Un schimb/zi,Buget,Publică de interes naţional şi local,GENERAL ZAMFIRESCU,34,137374,0245722420,0245722420,potlogiscoala@yahoo.com
2025-2026,DB,PĂTROAIA VALE,67210,RURAL,1561105846,ȘCOALA GIMNAZIALĂ PĂTROAIA VALE CRÂNGURILE,VOIA,67247,RURAL,,1562104293,ȘCOALA PRIMARĂ VOIA CRÂNGURILE,ȘCOALA PRIMARĂ VOIA CRÂNGURILE,Unitate de învățământ,AR,,Două schimburi/zi,Buget,Publică de interes naţional şi local,PRINCIPALĂ, 17A,137179,0345524159,0345524159,sc_patroaia_vale@yahoo.com
2025-2026,DB,RACIU,67808,RURAL,1561100027,ȘCOALA GIMNAZIALĂ RACIU,SILIŞTEA,67817,RURAL,,1562105561,ȘCOALA PRIMARĂ SILIȘTEA RACIU,ȘCOALA PRIMARĂ SILIȘTEA RACIU,Unitate de învățământ,AR,,Un schimb/zi,Buget,Publică de interes naţional şi local,PRINCIPALĂ, 260,137268,0731767713,0245242527,scoalaraciu@yahoo.com
2025-2026,DB,TELEŞTI,67899,RURAL,1561101367,ȘCOALA GIMNAZIALĂ TELEȘTI LUDEȘTI,LUDEŞTI,67844,RURAL,,1562100719,ȘCOALA PRIMARĂ LUDEȘTI,ȘCOALA PRIMARĂ LUDEȘTI,Unitate de învățământ,AR,,Două schimburi/zi,Buget,Publică de interes naţional şi local,PRINCIPALĂ, 79,137270,0345524115,0345524115,scoala_telesti@yahoo.com
2025-2026,DB,TELEŞTI,67899,RURAL,1561101367,ȘCOALA GIMNAZIALĂ TELEȘTI LUDEȘTI,POTOCELU,67862,RURAL,,1562105543,ȘCOALA PRIMARĂ POTOCELU LUDEȘTI,ȘCOALA PRIMARĂ POTOCELU LUDEȘTI,Unitate de învățământ,AR,,Un schimb/zi,Buget,Publică de interes naţional şi local,PRINCIPALĂ,62,137272,0345524115,0345524115,scoala_telesti@yahoo.com
2025-2026,DB,TELEŞTI,67899,RURAL,1561101367,ȘCOALA GIMNAZIALĂ TELEȘTI LUDEȘTI,SCHEIU DE SUS,67880,RURAL,,1562100696,ȘCOALA PRIMARĂ SCHEIU DE SUS LUDEȘTI,ȘCOALA PRIMARĂ SCHEIU DE SUS LUDEȘTI,Unitate de învățământ,AR,,Un schimb/zi,Buget,Publică de interes naţional şi local,PRINCIPALĂ,97,137274,0345524115,0345524115,scoala_telesti@yahoo.com
2025-2026,DB,TÂRGOVIŞTE,65351,URBAN,1561206085,ȘCOALA PRIMARĂ ”ADVENTISTĂ” TÂRGOVIȘTE,TÂRGOVIŞTE,65351,URBAN,,1561206085,ȘC.PRIM.ADVENTISTĂ,ȘCOALA PRIMARĂ ”ADVENTISTĂ” TÂRGOVIȘTE,Unitate de învățământ,PJ,46868104,Un schimb/zi,Taxă,Privată,Magrini,38,130004,0741079331,0344409499,scoalaadventistadb@gmail.com
2025-2026,DB,TĂRTĂŞEŞTI,105543,RURAL,1561101019,LICEUL TEHNOLOGIC ”MARIN GRIGORE NĂSTASE” TĂRTĂȘEȘTI,GULIA,105561,RURAL,,1562104854,ȘCOALA PRIMARĂ GULIA TĂRTĂȘEȘTI,ȘCOALA PRIMARĂ GULIA TĂRTĂȘEȘTI,Unitate de învățământ,AR,,Un schimb/zi,Buget,Publică de interes naţional şi local,PROFESOR MIRESCU, 67,137437,0245261055,0245261017,scoalageneralagulia@yahoo.com
2025-2026,DB,VIŞINA,69349,RURAL,1561100158,LICEUL TEORETIC ”MIHAI VITEAZUL” VIȘINA,VIŞINA,69349,RURAL,,1562102775,ȘCOALA PRIMARĂ NR.1 OBORANI VIȘINA,ȘCOALA PRIMARĂ NR.1 OBORANI VIȘINA,Unitate de învățământ,AR,,Un schimb/zi,Buget,Publică de interes naţional şi local,OBORANI, 10,137515,0245725217,0245725217,liceulvisina@yahoo.com
2025-2026,DJ,ALMĂJ,70575,RURAL,1661104952,"ȘCOALA GIMNAZIALĂ ""ION GH. PLEȘA"" ALMĂJ",BOGEA,70593,RURAL,,1662102941,SCOALA PRIMARA BOGEA,ȘCOALA PRIMARĂ BOGEA,Unitate de învățământ,AR,,Un schimb/zi,Buget,Publică de interes naţional şi local,Principală,199,207012,0251449172,0251449172,scoalaplesaalmaj@yahoo.com
2025-2026,DJ,ALMĂJ,70575,RURAL,1661104952,"ȘCOALA GIMNAZIALĂ ""ION GH. PLEȘA"" ALMĂJ",ŞITOAIA,70628,RURAL,,1662102959,SCOALA PRIMARA SITOAIA,ȘCOALA PRIMARĂ ȘITOAIA,Unitate de învățământ,AR,,Un schimb/zi,Buget,Publică de interes naţional şi local,Principală,88,207016,0251449172,0251449172,scoalaplesaalmaj@yahoo.com
2025-2026,DJ,ARGETOAIA,70753,RURAL,1661105451,"ȘCOALA PROFESIONALĂ ""CONSTANTIN ARGETOIANU"" ARGETOAIA",LEORDOASA,70799,RURAL,,1662103078,SCOALA PRIMARA LEORDOASA,ȘCOALA PRIMARĂ LEORDOASA,Unitate de învățământ,AR,,Un schimb/zi,Buget,Publică de interes naţional şi local,Scolii,16,207039,0251452889,0251452889,Scoala_argetoaia@yahoo.com
2025-2026,DJ,ARGETOAIA,70753,RURAL,1661105451,"ȘCOALA PROFESIONALĂ ""CONSTANTIN ARGETOIANU"" ARGETOAIA",PIRIA,70824,RURAL,,1662103119,SCOALA PRIMARA PIRIA,ȘCOALA PRIMARĂ PIRIA,Unitate de învățământ,AR,,Un schimb/zi,Buget,Publică de interes naţional şi local,Calea Curmăturii,19,207043,0251452889,0251452889,Scoala_argetoaia@yahoo.com
2025-2026,DJ,BECHET,70888,URBAN,1661104857,LICEUL TEORETIC BECHET,BECHET,70888,URBAN,,1662102778,SCOALA PRIMARA BECHET,ȘCOALA PRIMARĂ BECHET,Unitate de învățământ,AR,,Un schimb/zi,Buget,Publică de interes naţional şi local, A.I.Cuza,33,207060,0251337162,0251337162,liceul_teoretic_bechet@yahoo.com
2025-2026,DJ,BELOŢ,74279,RURAL,1661104613,ȘCOALA GIMNAZIALĂ BELOȚ,BAŞCOV,74260,RURAL,,1662104224,SCOALA PRIMARA BASCOV,ȘCOALA PRIMARĂ BAȘCOV,Unitate de învățământ,AR,,Un schimb/zi,Buget,Publică de interes naţional şi local,Principală,18,207541,0786046777,0786046777,sc_belot@yahoo.com
2025-2026,DJ,BELOŢ,74279,RURAL,1661104613,ȘCOALA GIMNAZIALĂ BELOȚ,PIETROAIA,74304,RURAL,,1662104251,SCOALA PRIMARA PIETRAOAIA,ȘCOALA PRIMARĂ PIETROAIA,Unitate de învățământ,AR,,Un schimb/zi,Buget,Publică de interes naţional şi local,Principală,104,207546,0786046777,0786046777,sc_belot@yahoo.com
2025-2026,DJ,BELOŢ,74279,RURAL,1661104613,ȘCOALA GIMNAZIALĂ BELOȚ,SOPOT,74251,RURAL,,1662104242,SCOALA PRIMARA SOPOT,ȘCOALA PRIMARĂ SOPOT,Unitate de învățământ,AR,,Un schimb/zi,Buget,Publică de interes naţional şi local,Principală,41,207540,0786046777,0786046777,sc_belot@yahoo.com
2025-2026,DJ,BISTREŢ,70904,RURAL,1661105763,ȘCOALA GIMNAZIALĂ BISTREȚ,BISTREŢU NOU,70913,RURAL,,1662100505,SCOALA PRIMARA BISTRETU NOU,ȘCOALA PRIMARĂ BISTREȚU NOU,Unitate de învățământ,AR,,Un schimb/zi,Buget,Publică de interes naţional şi local,Mihail Chirita,46 ,207075,0251355016,0251355016,bistretscoala@yahoo.com
2025-2026,DJ,BRABOVA,70995,RURAL,1661105754,"ȘCOALA GIMNAZIALĂ ""ILIE MARTIN"" BRABOVA",RĂCHITA DE JOS,71028,RURAL,,1662101664,SCOALA PRIMARA RACHITA DE JOS,ȘCOALA PRIMARĂ RĂCHITA DE JOS,Unitate de învățământ,AR,,Un schimb/zi,Buget,Publică de interes naţional şi local,Scolii,21,207078,0251447411,0251447411,scoalabrabova@yahoo.com
2025-2026,DJ,BREASTA,71279,RURAL,1661105103,ȘCOALA GIMNAZIALĂ BREASTA,VALEA LUNGULUI,71331,RURAL,,1662100134,SCOALA PRIMARA VALEA LUNGULUI,ȘCOALA PRIMARĂ VALEA LUNGULUI,Unitate de învățământ,AR,,Un schimb/zi,Buget,Publică de interes naţional şi local,Scolii,16,207115,0251455012,0251455012,scoala_breasta@yahoo.com
2025-2026,DJ,BULZEŞTI,71368,RURAL,1661102068,"ȘCOALA GIMNAZIALĂ ""MARIN SORESCU"" BULZEȘTI",FRĂŢILA,71377,RURAL,,1662104206,SCOALA PRIMARA FRAȚILA,ȘCOALA PRIMARĂ FRĂȚILA,Unitate de învățământ,AR,,Un schimb/zi,Buget,Publică de interes naţional şi local,Principală,2,207136,0251447890,0251447890,scoala_bulzesti@yahoo.com
2025-2026,DJ,BULZEŞTI,71368,RURAL,1661102068,"ȘCOALA GIMNAZIALĂ ""MARIN SORESCU"" BULZEȘTI",GURA RACULUI,71386,RURAL,,1662104215,SCOALA PRIMARA GURA RACULUI,ȘCOALA PRIMARĂ GURA RACULUI,Unitate de învățământ,AR,,Un schimb/zi,Buget,Publică de interes naţional şi local,Principală,67,207137,0251447890,0251447890,scoala_bulzesti@yahoo.com
2025-2026,DJ,BĂILEŞTI,70325,URBAN,1661105781,"LICEUL TEORETIC ""MIHAI VITEAZUL"" BĂILEȘTI",BĂILEŞTI,70325,URBAN,,1662101818,SCOALA PRIMARA BALASAN,ȘCOALA PRIMARĂ BALASAN,Unitate de învățământ,AR,,Un schimb/zi,Buget,Publică de interes naţional şi local, 1 Decembrie, 9,205100,0251311103,0251312000,licmvbailesti@yahoo.com
2025-2026,DJ,CALOPĂR,71466,RURAL,1661101881,ȘCOALA GIMNAZIALĂ CALOPĂR,PANAGHIA,71493,RURAL,,1662101379,SCOALA PRIMARA PANAGHIA,ȘCOALA PRIMARĂ PANAGHIA,Unitate de învățământ,AR,,Un schimb/zi,Buget,Publică de interes naţional şi local,Principală,180,207153,0251350581,0251350581,scoalacalopar@yahoo.com
2025-2026,DJ,CELARU,71643,RURAL,1661105876,"ȘCOALA GIMNAZIALĂ ""ÎNV. M. GEORGESCU"" CELARU",GHIZDĂVEŞTI,71652,RURAL,,1662102258,SCOALA PRIMARA GHIZDAVESTI,ȘCOALA PRIMARĂ GHIZDĂVEȘTI,Unitate de învățământ,AR,,Un schimb/zi,Buget,Publică de interes naţional şi local,Pencu Petre,283,207176,0251375719,0251375719,scoalacelaru@yahoo.com
2025-2026,DJ,CELARU,71643,RURAL,1661105876,"ȘCOALA GIMNAZIALĂ ""ÎNV. M. GEORGESCU"" CELARU",MAROTINU DE JOS,71661,RURAL,,1662102276,SCOALA PRIMARA MAROTINU DE JOS,ȘCOALA PRIMARĂ MAROTINU DE JOS,Unitate de învățământ,AR,,Un schimb/zi,Buget,Publică de interes naţional şi local,Morilor,236,207177,0251375719,0251375719,scoalacelaru@yahoo.com
2025-2026,DJ,CELARU,71643,RURAL,1661105876,"ȘCOALA GIMNAZIALĂ ""ÎNV. M. GEORGESCU"" CELARU",MAROTINU DE SUS,71670,RURAL,,1662102267,SCOALA PRIMARA MAROTINU DE SUS,ȘCOALA PRIMARĂ MAROTINU DE SUS,Unitate de învățământ,AR,,Un schimb/zi,Buget,Publică de interes naţional şi local,Răscoala 1907,39,207178,0251375719,0251375719,scoalacelaru@yahoo.com
2025-2026,DJ,CERNĂTEŞTI,71732,RURAL,1661104509,"ȘCOALA GIMNAZIALĂ ""PETRACHE CERNĂTESCU"" CERNĂTEȘTI",RASNICU OGHIAN,71769,RURAL,,1662103006,SCOALA PRIMARA RASNICU OGHIAN,"ȘCOALA PRIMARĂ ""GHEORGHE SAULESCU"" RASNICU OGHIAN",Unitate de învățământ,AR,,Un schimb/zi,Buget,Publică de interes naţional şi local,Principală,66,207188,0251445201,0251445201,scoala_cernatesti@yahoo.com
2025-2026,DJ,CERNĂTEŞTI,71732,RURAL,1661104509,"ȘCOALA GIMNAZIALĂ ""PETRACHE CERNĂTESCU"" CERNĂTEȘTI",ŢIU,71778,RURAL,,1662103024,SCOALA PRIMARA TIU,"ȘCOALA PRIMARĂ ""CONSTANTIN IONESCU"" ȚIU",Unitate de învățământ,AR,,Un schimb/zi,Buget,Publică de interes naţional şi local,Principală,124,207189,0251445201,0251445201,scoala_cernatesti@yahoo.com
2025-2026,DJ,CETATE,71796,RURAL,1661105216,"LICEUL TEORETIC ""GH. VASILICHI"" CETATE",CETATE,71796,RURAL,,1662101275,SCOALA PRIMARA CETATE,ȘCOALA PRIMARĂ FÂNTÂNA BANULUI CETATE,Unitate de învățământ,AR,,Un schimb/zi,Buget,Publică de interes naţional şi local,Calea Severinului,256,207190,0251364024,0251364024,liceul_cetate@yahoo.com
2025-2026,DJ,CRAIOVA,69919,URBAN,1661106072,"ȘCOALA GIMNAZIALĂ ""DECEBAL"" CRAIOVA",CRAIOVA,69919,URBAN,,1662100523,SCOALA PRIMARA IZVORU RECE,ȘCOALA PRIMARĂ IZVORU RECE CRAIOVA,Unitate de învățământ,AR,,Un schimb/zi,Buget,Publică de interes naţional şi local,Izvorul Rece,122,200801,0251419004,0351801841,scoala12craiova@yahoo.com
2025-2026,DJ,CRAIOVA,69919,URBAN,1661105193,"ȘCOALA GIMNAZIALĂ ""GHEORGHE BIBESCU"" CRAIOVA",CRAIOVA,69919,URBAN,,1662100889,SCOALA PRIMARA NR 27 POPOVENI,ȘCOALA PRIMARĂ NR. 27 CRAIOVA-POPOVENI,Unitate de învățământ,AR,,Două schimburi/zi,Buget,Publică de interes naţional şi local, Popoveni, 3,200303,0251426553,0251426553,scoalagenerala36@yahoo.com
2025-2026,DJ,CRAIOVA,69919,URBAN,1661206658,"ȘCOALA PRIMARĂ ""ANGHELOS"" CRAIOVA",CRAIOVA,69919,URBAN,,1661206658,SCOALA PRIMARA ANGHELOS,"ȘCOALA PRIMARĂ ""ANGHELOS"" CRAIOVA",Unitate de învățământ,PJ,48702824,Un schimb/zi,Taxă,Privată,Bărnuţiu Simion,2,200382,0749402143,0749402143,office@anghelos.ro
2025-2026,DJ,DOBREŞTI,72105,RURAL,1661104319,ȘCOALA GIMNAZIALĂ DOBREȘTI,CĂCIULĂTEŞTI,72114,RURAL,,1662104016,SCOALA PRIMARA CACIULATESTI,ȘCOALA PRIMARĂ CĂCIULĂTEȘTI,Unitate de învățământ,AR,,Un schimb/zi,Buget,Publică de interes naţional şi local,Principală,49,207235,0251338010,0251338010,scoaladobresti@yahoo.com
2025-2026,DJ,DOBREŞTI,72105,RURAL,1661104319,ȘCOALA GIMNAZIALĂ DOBREȘTI,MURTA,72132,RURAL,,1662104025,SCOALA PRIMARA MURTA,ȘCOALA PRIMARĂ MURTA,Unitate de învățământ,AR,,Un schimb/zi,Buget,Publică de interes naţional şi local,Principală,50,207235,0251338010,0251338010,scoaladobresti@yahoo.com
2025-2026,DJ,DOBREŞTI,72105,RURAL,1661104319,ȘCOALA GIMNAZIALĂ DOBREȘTI,TOCENI,72141,RURAL,,1662104007,SCOALA PRIMARA TOCENI,ȘCOALA PRIMARĂ TOCENI,Unitate de învățământ,AR,,Un schimb/zi,Buget,Publică de interes naţional şi local,Principală,18,207235,0251338010,0251338010,scoaladobresti@yahoo.com
2025-2026,DJ,DRĂGOTEŞTI,72169,RURAL,1661105415,ȘCOALA GIMNAZIALĂ DRĂGOTEȘTI,POPÂNZĂLEŞTI,72203,RURAL,,1662103404,SCOALA PRIMARA POPANZALESTI,ȘCOALA PRIMARĂ POPÂNZĂLEȘTI,Unitate de învățământ,AR,,Un schimb/zi,Buget,Publică de interes naţional şi local,Nicolae Titulescu,27,207244,0251456539,0251456539,scoaladragotesti@yahoo.com
2025-2026,DJ,DRĂNIC,72230,RURAL,1661104943,ȘCOALA GIMNAZIALĂ DRĂNIC,PADEA,72267,RURAL,,1662100595,SCOALA PRIMARA PADEA,ȘCOALA PRIMARĂ PADEA,Unitate de învățământ,AR,,Un schimb/zi,Buget,Publică de interes naţional şi local,Principală,72,207253,0251351227,0251351227,scoaladranic@gmail.com
2025-2026,DJ,FILIAŞI,70423,URBAN,1661105261,ȘCOALA GIMNAZIALĂ FILIAȘI,RĂCARII DE SUS,70478,URBAN,,1662102109,SCOALA PRIM. RACARII DE SUS,ȘCOALA PRIMARĂ RĂCARII DE SUS,Unitate de învățământ,AR,,Un schimb/zi,Buget,Publică de interes naţional şi local,Scolii,15,205305,0251441920,0251441920,generalafiliasi@yahoo.com
2025-2026,DJ,FILIAŞI,70423,URBAN,1661105121,ȘCOALA GIMNAZIALĂ FRATOȘTIȚA,FILIAŞI,70423,URBAN,,1662102127,SCOALA PRIMARA ROMI FILIASI,ȘCOALA PRIMARĂ RROMI FILIAȘI,Unitate de învățământ,AR,,Un schimb/zi,Buget,Publică de interes naţional şi local,Dezrobirii,16,205300,0251444784,0251444784,scoala_fratostita@yahoo.com
2025-2026,DJ,FILIAŞI,70423,URBAN,1661105121,ȘCOALA GIMNAZIALĂ FRATOȘTIȚA,FILIAŞI,70423,URBAN,,1662102181,SCOALA PRIMARA RUDARI,ȘCOALA PRIMARĂ RUDARI,Unitate de învățământ,AR,,Un schimb/zi,Buget,Publică de interes naţional şi local,Iederei,14,205304,0251444784,0251444784,scoala_fratostita@yahoo.com
2025-2026,DJ,FĂRCAŞ,72285,RURAL,1661101967,ȘCOALA GIMNAZIALĂ FĂRCAȘ,AMĂRĂŞTI,72294,RURAL,,1662101777,SCOALA PRIMARA AMARASTI,ȘCOALA PRIMARĂ AMĂRĂȘTI,Unitate de învățământ,AR,,Un schimb/zi,Buget,Publică de interes naţional şi local,Principală,165,207256,0251440531,0251440531,farcasscoala@yahoo.com
2025-2026,DJ,FĂRCAŞ,72285,RURAL,1661101967,ȘCOALA GIMNAZIALĂ FĂRCAȘ,GOLUMBU,72310,RURAL,,1662101759,SCOALA PRIMARA GOLUMBU,ȘCOALA PRIMARĂ GOLUMBU,Unitate de învățământ,AR,,Un schimb/zi,Buget,Publică de interes naţional şi local,Principală,278,207258,0251440531,0251440531,farcasscoala@yahoo.com
2025-2026,DJ,GHERCEŞTI,72418,RURAL,1661104495,ȘCOALA GIMNAZIALĂ GHERCEȘTI,GÂRLEŞTI,72427,RURAL,,1662104183,SCOALA PRIMARA GARLESTI,ȘCOALA PRIMARĂ GÂRLEȘTI,Unitate de învățământ,AR,,Un schimb/zi,Buget,Publică de interes naţional şi local,Eroilor,69,207281,0251450449,0251450449,scoalaghercesti@yahoo.com
2025-2026,DJ,GOIEŞTI,72686,RURAL,1661105442,ȘCOALA GIMNAZIALĂ GOIEȘTI,MOGOŞEŞTI,72739,RURAL,,1662100306,SCOALA PRIMARA MOGOSESTI,ȘCOALA PRIMARĂ MOGOȘEȘTI,Unitate de învățământ,AR,,Un schimb/zi,Buget,Publică de interes naţional şi local,Principală,1,207310,0771780734,0251452050,scoalagoiesti@yahoo.co.uk
2025-2026,DJ,GOIEŞTI,72686,RURAL,1661105442,ȘCOALA GIMNAZIALĂ GOIEȘTI,MĂLĂEŞTI,72720,RURAL,,1662106375,SCOALA PRIMARA MALAESTI,ȘCOALA PRIMARĂ MĂLĂEȘTI,Unitate de învățământ,AR,,Un schimb/zi,Buget,Publică de interes naţional şi local,Principală,10,207310,0771780734,0251452050,scoalagoiesti@yahoo.co.uk
2025-2026,DJ,GRECEŞTI,72828,RURAL,1661102041,ȘCOALA GIMNAZIALĂ GRECEȘTI,BUSU,72846,RURAL,,1662102561,SCOALA PRIMARA BUSU,ȘCOALA PRIMARĂ BUSU,Unitate de învățământ,AR,,Un schimb/zi,Buget,Publică de interes naţional şi local,Principală,49,207322,0251445417,0251445417,scoalagrecesti@gmail.com
2025-2026,DJ,GRECEŞTI,72828,RURAL,1661102041,ȘCOALA GIMNAZIALĂ GRECEȘTI,BUSULEŢU,72855,RURAL,,1662102579,SCOALA PRIMARA BUSULETU,ȘCOALA PRIMARĂ BUSULEȚU,Unitate de învățământ,AR,,Un schimb/zi,Buget,Publică de interes naţional şi local,Principală,22,207336,0251445417,0251445417,scoalagrecesti@gmail.com
2025-2026,DJ,LEŞILE,70272,RURAL,1661104735,ȘCOALA GIMNAZIALĂ LEȘILE,ALBEŞTI,70192,RURAL,,1662100835,SCOALA PRIMARA ALBESTI,ȘCOALA PRIMARĂ ALBEȘTI,Unitate de învățământ,AR,,Un schimb/zi,Buget,Publică de interes naţional şi local,Col. Ioan Angelescu,96,207551,0251451348,0251451348,scoalagenerala.lesile@gmail.com
2025-2026,DJ,LIPOVU,72962,RURAL,1661105799,"ȘCOALA GIMNAZIALĂ ""PETRE MĂNĂRCESCU"" LIPOVU",LIPOVU DE SUS,72971,RURAL,,1662103422,SCOALA PRIMARA LIPOVU DE SUS,ȘCOALA PRIMARĂ LIPOVU DE SUS,Unitate de învățământ,AR,,Un schimb/zi,Buget,Publică de interes naţional şi local,Principală,1,207356,0251359028,0251359028,scoala.lipovu07@yahoo.com
2025-2026,DJ,MAGLAVIT,73040,RURAL,1661105501,"ȘCOALA GIMNAZIALĂ ""ȘTEFAN ISPAS"" MAGLAVIT",MAGLAVIT,73040,RURAL,,1662100048,SCOALA PRIMARA MAGLAVIT,ȘCOALA PRIMARĂ MAGLAVIT,Unitate de învățământ,AR,,Un schimb/zi,Buget,Publică de interes naţional şi local, Calea Severinului,101,207360,0251328045,0251328045,scoala_maglavit@yahoo.com
2025-2026,DJ,MOŢĂŢEI,73344,RURAL,1661104753,ȘCOALA GIMNAZIALĂ NR. 1 MOȚĂȚEI,DOBRIDOR,73353,RURAL,,1662100663,SCOALA PRIMARA DOBRIDOR,ȘCOALA PRIMARĂ DOBRIDOR,Unitate de învățământ,AR,,Un schimb/zi,Buget,Publică de interes naţional şi local, Şcolii,3,207415,0251326040,0251326040,scoalamotatei@yahoo.com
2025-2026,DJ,MOŢĂŢEI,73344,RURAL,1661104753,ȘCOALA GIMNAZIALĂ NR. 1 MOȚĂȚEI,MOŢĂŢEI GARĂ,73362,RURAL,,1662100618,SCOALA PRIMARA MOTATEI GARA,ȘCOALA PRIMARĂ MOȚĂȚEI GARĂ,Unitate de învățământ,AR,,Un schimb/zi,Buget,Publică de interes naţional şi local, Mihai EMINESCU,23,207425,0251326040,0251326040,scoalamotatei@yahoo.com
2025-2026,DJ,ORODEL,73512,RURAL,1661104391,ȘCOALA GIMNAZIALĂ ORODEL,CĂLUGĂREI,73530,RURAL,,1662101601,SCOALA PRIMARA CALUGAREI,ȘCOALA PRIMARĂ CĂLUGĂREI,Unitate de învățământ,AR,,Un schimb/zi,Buget,Publică de interes naţional şi local,Principală,83,207437,0251367584,0251367584,scoala.orodel@yahoo.com
2025-2026,DJ,PIELEŞTI,73638,RURAL,1661104997,ȘCOALA GIMNAZIALĂ PIELEȘTI,CÂMPENI,73647,RURAL,,1662102692,SCOALA PRIMARA CAMPENI,ȘCOALA PRIMARĂ CÂMPENI,Unitate de învățământ,AR,,Un schimb/zi,Buget,Publică de interes naţional şi local,Școlii,2,207450,0251459215,0251459215,scoalanr2pielesti@yahoo.com
2025-2026,DJ,PLEŞOI,73834,RURAL,1661101922,ȘCOALA GIMNAZIALĂ PLEȘOI,MILOVAN,73825,RURAL,,1662102742,SCOALA PRIMARA MILOVAN,ȘCOALA PRIMARĂ MILOVAN,Unitate de învățământ,AR,,Un schimb/zi,Buget,Publică de interes naţional şi local,Principală,106,207479,0251454246,0251454236,scoalaplesoi@gmail.com
2025-2026,DJ,PODARI,70129,RURAL,1661105962,"ȘCOALA GIMNAZIALĂ ""CONSTANTIN GHEORGHIȚĂ"" PODARI",BRANIŞTE,70147,RURAL,,1662101117,SCOALA PRIMARA BRANISTE-PODARI,ȘCOALA PRIMARĂ BRANIȘTE-PODARI,Unitate de învățământ,AR,,Un schimb/zi,Buget,Publică de interes naţional şi local,Calafatului,87,207467,0351172739,0351172739,scoala_podari@yahoo.com
2025-2026,DJ,POIANA MARE,73745,RURAL,1661101913,"LICEUL TEORETIC ""GEORGE ȘT. MARINCU"" POIANA MARE",TUNARII NOI,73754,RURAL,,1662100993,SCOALA PRIMARA TUNARII NOI,ȘCOALA PRIMARĂ TUNARII NOI,Unitate de învățământ,AR,,Un schimb/zi,Buget,Publică de interes naţional şi local,Principală,15,207471,0251235027,0251235027,liceulpoianamare@yahoo.com
2025-2026,DJ,ROBĂNEŞTII DE JOS,73932,RURAL,1661105157,ȘCOALA GIMNAZIALĂ ROBĂNEȘTII DE JOS,LĂCRIŢA MARE,73969,RURAL,,1662102656,SCOALA PRIMARA LACRITA MARE,ȘCOALA PRIMARĂ LĂCRIȚA MARE,Unitate de învățământ,AR,,Un schimb/zi,Buget,Publică de interes naţional şi local,Drumul Craiovei,66,207498,0251456089,0251456089,scoalarobanesti@yahoo.com
2025-2026,DJ,SADOVA,74000,RURAL,1661104717,ȘCOALA GIMNAZIALĂ SADOVA,SADOVA,74000,RURAL,,1662102371,SCOALA PRIMARA RAIETI SADOVA,ȘCOALA PRIMARĂ RAIEȚI,Unitate de învățământ,AR,,Un schimb/zi,Buget,Publică de interes naţional şi local,Craiovei,14,207505,0251376526,0251376526,scoalasadova2007@yahoo.com
2025-2026,DJ,SECU,74180,RURAL,1661105917,ȘCOALA GIMNAZIALĂ SECU,COMĂNICEA,74199,RURAL,,1662100455,SCOALA PRIMARA COMANICEA,ȘCOALA PRIMARĂ COMĂNICEA,Unitate de învățământ,AR,,Un schimb/zi,Buget,Publică de interes naţional şi local,Principală,1,207531,0251453460,0251453460,scoala_secu@yahoo.com
2025-2026,DJ,SECU,74180,RURAL,1661105917,ȘCOALA GIMNAZIALĂ SECU,SMADOVICIOARA DE SECU,74206,RURAL,,1662100446,SCOALA PRIMARA SMADOVICIOARA,ȘCOALA PRIMARĂ SMADOVICIOARA DE SECU,Unitate de învățământ,AR,,Un schimb/zi,Buget,Publică de interes naţional şi local,Principală,1,207532,0251453455,0251453460,scoala_secu@yahoo.com
2025-2026,DJ,SĂLCUŢA,74037,RURAL,1661105894,ȘCOALA GIMNAZIALĂ SĂLCUȚA,MÂRZA,74046,RURAL,,1662103327,SCOALA PRIMARA MARZA,ȘCOALA PRIMARĂ MÂRZA,Unitate de învățământ,AR,,Un schimb/zi,Buget,Publică de interes naţional şi local,Capitan Ion Marza,60 A,207511,0251363012,0251363012,scoala_salcuta@yahoo.com
2025-2026,DJ,SĂLCUŢA,74037,RURAL,1661105894,ȘCOALA GIMNAZIALĂ SĂLCUȚA,PLOPŞOR,74055,RURAL,,1662103336,SCOALA PRIMARA PLOPSOR,ȘCOALA PRIMARĂ PLOPȘOR,Unitate de învățământ,AR,,Un schimb/zi,Buget,Publică de interes naţional şi local,C.S. Nicolaescu,64,207512,0251363012,0251363012,scoala_salcuta@yahoo.com
2025-2026,DJ,TESLUI,74420,RURAL,1661101854,ȘCOALA GIMNAZIALĂ TESLUI,PREAJBA DE PĂDURE,74466,RURAL,,1662100179,SCOALA PRIMARA PREAJBA DE PADURE,"ȘCOALA PRIMARĂ ""PROF. EUGEN RUSIN"" PREAJBA DE PĂDURE",Unitate de învățământ,AR,,Un schimb/zi,Buget,Publică de interes naţional şi local,Principală,122,207584,0251456701,0251456701,scoala_teslui@yahoo.com
2025-2026,DJ,TESLUI,74420,RURAL,1661101854,ȘCOALA GIMNAZIALĂ TESLUI,VIIŞOARA MOŞNENI,74493,RURAL,,1662100152,SCOALA PRIMARA VIISOARA MICA,ȘCOALA PRIMARĂ VIIȘOARA MICĂ,Unitate de învățământ,AR,,Un schimb/zi,Buget,Publică de interes naţional şi local,Principală,124,207588,0251456701,0251456701,scoala_teslui@yahoo.com
2025-2026,DJ,TESLUI,74420,RURAL,1661101854,ȘCOALA GIMNAZIALĂ TESLUI,ŢĂRŢĂL,74475,RURAL,,1662100188,SCOALA PRIMARA TARTAL,ȘCOALA PRIMARĂ ȚĂRȚĂL,Unitate de învățământ,AR,,Un schimb/zi,Buget,Publică de interes naţional şi local,Principală,123,207586,0251456701,0251456701,scoala_teslui@yahoo.com
2025-2026,DJ,TĂLPAŞ,72374,RURAL,1661105098,ȘCOALA GIMNAZIALĂ TĂLPAȘ,MOFLEŞTI,72329,RURAL,,1662102828,SCOALA PRIMARA MOFLESTI,ȘCOALA PRIMARĂ MOFLEȘTI,Unitate de învățământ,AR,,Un schimb/zi,Buget,Publică de interes naţional şi local,Principală,120,207266,0251452495,0251452495,talpasscoala@yahoo.com
2025-2026,GJ,ALIMPEŞTI,78551,RURAL,1861106345,ȘCOALA GIMNAZIALĂ ALIMPEȘTI,SÂRBEŞTI,78597,RURAL,180508175,1862102929,"ȘC. PRIM. SÂRBEȘTI, ALIMPEȘTI","ȘCOALA PRIMARĂ SÂRBEȘTI, ALIMPEȘTI",Unitate de învățământ,AR,,Un schimb/zi,Buget,Publică de interes naţional şi local,PRINCIPALA,1,217015,0253275159,0253275158,scoala1alimpesti@yahoo.com
2025-2026,GJ,ANDREEŞTI,82840,RURAL,1861100054,"ȘCOALA GIMNAZIALĂ ”TUDOR VLADIMIRESCU” ANDREEȘTI, VLADIMIR",VLADIMIR,82877,RURAL,,1862101159,ȘC. PRIM. NR.1 VLADIMIR,ȘCOALA PRIMARĂ NR.1 VLADIMIR,Unitate de învățământ,AR,,Un schimb/zi,Buget,Publică de interes naţional şi local, Principala,1 ,217550,0253230165,0253230165,scoalaandreesti@yahoo.com
2025-2026,GJ,ANINOASA,78613,RURAL,1861105421,ȘCOALA GIMNAZIALĂ ANINOASA,COSTEŞTI,78631,RURAL,,1862105231,"ȘC. PRIM. NR. 1 COSTEȘTI, ANINOASA","ȘCOALA PRIMARĂ NR. 1 COSTEȘTI, ANINOASA",Unitate de învățământ,AR,,Un schimb/zi,Buget,Publică de interes naţional şi local,PRINCIPALA,341,217022,0253477126,0253477126,scoalaaninoasa@yahoo.com
2025-2026,GJ,BAIA DE FIER,78720,RURAL,1861105828,LICEUL TEHNOLOGIC BAIA DE FIER,BAIA DE FIER,78720,RURAL,,1862100167,"ȘC. PRIM. GALBENU, BAIA DE FIER","ȘCOALA PRIMARĂ GALBENU, BAIA DE FIER",Unitate de învățământ,AR,,Un schimb/zi,Buget,Publică de interes naţional şi local,PRINCIPALA,1443,217030,0253708075,0253708075,grup_scolar_ind_baia_de_fier@yahoo.com
2025-2026,GJ,BOLBOŞI,79086,RURAL,1861106309,"ȘCOALA GIMNAZIALĂ ""NICOLAE COSTESCU"" BOLBOȘI",BOLBOŞI,79086,RURAL,,1862106544,ȘC. PRIM. BOLBOȘI,"ȘCOALA PRIMARĂ BOLBOȘI, BOLBOȘI",Unitate de învățământ,AR,,Un schimb/zi,Buget,Publică de interes naţional şi local,Principala,50,217080,0253287852,0253287515,scoalabolbosi@yahoo.com
2025-2026,GJ,BOLBOŞI,79086,RURAL,1861106309,"ȘCOALA GIMNAZIALĂ ""NICOLAE COSTESCU"" BOLBOȘI",BĂLĂCEŞTI,79095,RURAL,,1862102056,"ȘC. PRIM. BĂLĂCEȘTI, BOLBOȘI","ȘCOALA PRIMARĂ BĂLĂCEȘTI, BOLBOȘI",Unitate de învățământ,AR,,Un schimb/zi,Buget,Publică de interes naţional şi local, Principala, 50,217081,0253287515,0253287515,scoalabolbosi@yahoo.com
2025-2026,GJ,BORĂSCU,79166,RURAL,1861106042,ȘCOALA GIMNAZIALĂ BORĂSCU,MILUTA,79219,RURAL,,1862100443,"ȘC. PR. MILUTA, BORĂSCU","ȘCOALA PRIMARĂ MILUTA, BORĂSCU",Unitate de învățământ,AR,,Un schimb/zi,Buget,Publică de interes naţional şi local, Principala, 79A,217090,0253287026,0253287026,scoala_borascu@yahoo.com
2025-2026,GJ,BUMBEŞTI-JIU,79317,URBAN,1861106119,ȘCOALA GIMNAZIALĂ NR 1 BUMBEȘTI-JIU,LĂZĂREŞTI,79335,RURAL,,1862101254,"ȘC. PRIM. LĂZĂREȘTI, BUMBEȘTI-JIU","ȘCOALA PRIMARĂ LĂZĂREȘTI, BUMBEȘTI-JIU",Unitate de învățământ,AR,,Un schimb/zi,Buget,Publică de interes naţional şi local, Principala, 1,215100,0253463456,0253463456,scbumb@yahoo.com
2025-2026,GJ,BUMBEŞTI-JIU,79317,URBAN,1861106119,ȘCOALA GIMNAZIALĂ NR 1 BUMBEȘTI-JIU,TETILA,79353,RURAL,,1862101272,"ȘC. PRIM. TETILA, BUMBEȘTI-JIU","ȘCOALA PRIMARĂ TETILA, BUMBEȘTI-JIU",Unitate de învățământ,AR,,Un schimb/zi,Buget,Publică de interes naţional şi local, Principala, 11,215100,0253463456,0253463456,scbumb@yahoo.com
2025-2026,GJ,BUSTUCHIN,79415,RURAL,1861100045,LICEUL TEHNOLOGIC BUSTUCHIN,BUSTUCHIN,79415,RURAL,,1862100348,ȘC. PRIM. NR.2 BUSTUCHIN,ȘCOALA PRIMARĂ NR.2 BUSTUCHIN,Unitate de învățământ,AR,,Un schimb/zi,Buget,Publică de interes naţional şi local, Principala, 1,217115,0253475121,0253475121,gsibustuchin@yahoo.com
2025-2026,GJ,BÂLTENI,79013,RURAL,1861106295,LICEUL TEHNOLOGIC BÂLTENI,COCORENI,79022,RURAL,180507553,1862102246,"ȘC. PRIM. COCORENI, BÂLTENI","ȘCOALA PRIMARĂ COCORENI,BÂLTENI",Unitate de învățământ,AR,,Un schimb/zi,Buget,Publică de interes naţional şi local, Principala, 272,217061,0253233027,0253233027,liceu_bilteni@yahoo.com
2025-2026,GJ,BÂLTENI,79013,RURAL,1861106295,LICEUL TEHNOLOGIC BÂLTENI,PEŞTEANA JIU,79040,RURAL,,1862106892,"ȘC. PRIM. NR.2 PEȘTEANA JIU, BÂLTENI","ȘCOALA PRIMARĂ NR. 2 PEȘTEANA JIU, BÂLTENI",Unitate de învățământ,AR,,Un schimb/zi,Buget,Publică de interes naţional şi local,PRINCIPALĂ ,712,,0253233027,,
2025-2026,GJ,BÂLTENI,79013,RURAL,1861106295,LICEUL TEHNOLOGIC BÂLTENI,VLĂDULENI,79068,RURAL,180507618,1862102201,"ȘC. PRIM. VLĂDULENI, BÂLTENI","ȘCOALA PRIMARĂ VLĂDULENI, BÂLTENI",Unitate de învățământ,AR,,Un schimb/zi,Buget,Publică de interes naţional şi local, Principala, 93,217064,0253233027,0253233027,liceu_bilteni@yahoo.com
2025-2026,GJ,BĂLCEŞTI,78891,RURAL,1861106087,"ȘCOALA GIMNAZIALĂ BĂLCEȘTI, BENGEȘTI-CIOCADIA",CIOCADIA,78917,RURAL,,1862105109,"ȘC.PR.CIOCADIA, BENGEȘTI-CIOCADIA","ȘCOALA PRIMARĂ CIOCADIA, BENGEȘTI-CIOCADIA",Unitate de învățământ,AR,,Un schimb/zi,Buget,Publică de interes naţional şi local, Principala,1 ,217069,0253273606,0253273606,scoalabalcesti@yahoo.com
2025-2026,GJ,BĂRBĂTEŞTI,78837,RURAL,1861105787,ȘCOALA GIMNAZIALĂ ”ION POPESCU” BĂRBĂTEȘTI,PETREŞTI,78855,RURAL,,1862104076,"ȘC. PRIM. PETREȘTI, BĂRBĂTEȘTI","ȘCOALA PRIMARĂ PETREȘTI, BĂRBĂTEȘTI",Unitate de învățământ,AR,,Un schimb/zi,Buget,Publică de interes naţional şi local,PRINCIPALA,110,217055,0253270600,0253270600,gen.barbatesti@yahoo.com
2025-2026,GJ,CAPU DEALULUI,79273,RURAL,1861106078,"ȘCOALA GIMNAZIALĂ CAPU DEALULUI, BRĂNEȘTI",BRĂNEŞTI,79246,RURAL,,1862103265,ȘC. PRIM. BRĂNEȘTI,ȘCOALA PRIMARĂ BRĂNEȘTI,Unitate de învățământ,AR,,Un schimb/zi,Buget,Publică de interes naţional şi local, Principala, 39,217100,0253288015,0253288015,scoalacapudealului@yahoo.ro
2025-2026,GJ,CAPU DEALULUI,79273,RURAL,1861106078,"ȘCOALA GIMNAZIALĂ CAPU DEALULUI, BRĂNEȘTI",GILORTU,79282,RURAL,,1862103315,"ȘC. PRIM. GILORTU, BRĂNEȘTI","ȘCOALA PRIMARĂ GILORTU, BRĂNEȘTI",Unitate de învățământ,AR,,Un schimb/zi,Buget,Publică de interes naţional şi local, Principala, 39,217100,0253288015,0253288015,scoalacapudealului@yahoo.ro
2025-2026,GJ,CIUPERCENI,79665,RURAL,1861105941,ȘCOALA GIMNAZIALĂ CIUPERCENI,VÂRTOPU,79718,RURAL,,1862103333,"ȘC. PRIM. VÂRTOPU, CIUPERCENI","ȘCOALA PRIMARĂ VÂRTOPU, CIUPERCENI",Unitate de învățământ,AR,,Un schimb/zi,Buget,Publică de interes naţional şi local, Principala, 1,217161,0253276005,0253276005,scoalageneralaciuperceni@yahoo.com
2025-2026,GJ,CRUŞET,79941,RURAL,1861106327,ȘCOALA GIMNAZIALĂ CRUȘEȚ,MĂIAG,79978,RURAL,,1862102843,"ȘC. PRIM. NR. 1 MĂIAG, CRUȘEȚ","ȘCOALA PRIMARĂ NR.1 MĂIAG, CRUȘEȚ",Unitate de învățământ,AR,,Un schimb/zi,Buget,Publică de interes naţional şi local, Principala, 343,217178,0253283203,0253283184,scoalacruset@yahoo.com
2025-2026,GJ,CRUŞET,79941,RURAL,1861106327,ȘCOALA GIMNAZIALĂ CRUȘEȚ,SLĂVUŢA,80016,RURAL,,1862102852,ȘC. PRIM. NR. 1 SLĂVUȚA CRUȘEȚ,ȘCOALA PRIMARĂ NR. 1 SLĂVUȚA CRUȘEȚ,Unitate de învățământ,AR,,Un schimb/zi,Buget,Publică de interes naţional şi local, Principala, 366,217183,0253283223,0253283184,scoalacruset@yahoo.com
2025-2026,GJ,CÂLNIC,79745,RURAL,1861105819,ȘCOALA GIMNAZIALĂ CÂLNIC,CÂLNICU DE SUS,79754,RURAL,,1862101607,"ȘC. PRIM. CÂLNICU DE SUS, CÂLNIC","ȘCOALA PRIMARĂ CÂLNICU DE SUS, CÂLNIC",Unitate de învățământ,AR,,Un schimb/zi,Buget,Publică de interes naţional şi local, Principala, 1,217146,0253276450,0253276450,scgenerala1cilnic@yahoo.com
2025-2026,GJ,CÂLNIC,79745,RURAL,1861105819,ȘCOALA GIMNAZIALĂ CÂLNIC,HODOREASCA,79781,RURAL,,1862101593,"ȘC. PRIM. HODOREASCA, CÂLNIC","ȘCOALA PRIMARĂ HODOREASCA, CÂLNIC",Unitate de învățământ,AR,,Un schimb/zi,Buget,Publică de interes naţional şi local, Principala, 1,217149,0253276450,0253276450,scgenerala1cilnic@yahoo.com
2025-2026,GJ,CĂPRENI,79503,RURAL,1861105579,ȘCOALA GIMNAZIALĂ CĂPRENI,BULBUCENI,79530,RURAL,,1862103595,"ȘC. PRIM. BULBUCENI, CĂPRENI","ȘCOALA PRIMARĂ BULBUCENI, CĂPRENI",Unitate de învățământ,AR,,Un schimb/zi,Buget,Publică de interes naţional şi local, Principala, 1,217471,0253282256,0253282256,scoalacapreni@yahoo.com
2025-2026,GJ,CĂRPINIŞ,79889,RURAL,1861105882,"ȘCOALA GIMNAZIALĂ CĂRPINIȘ, CRASNA",RADOŞI,79923,RURAL,,1862102585,"ȘC. PRIM. RADOȘI, CRASNA","ȘCOALA PRIMARĂ RADOȘI, CRASNA",Unitate de învățământ,AR,,Un schimb/zi,Buget,Publică de interes naţional şi local, Principala, 1,217174,0253474122,0253474122,scgeneralacarpinis@yahoo.com
2025-2026,GJ,DRĂGOTEŞTI,80258,RURAL,1861104899,"ȘCOALA GIMNAZIALĂ ""ION VÎLCEANU"" DRĂGOTEȘTI",COROBĂI,80267,RURAL,508507,1862105778,"ȘC. PRIM. COROBĂI, DRĂGOTEȘTI","ȘCOALA PRIMARĂ COROBĂI, DRĂGOTEȘTI",Unitate de învățământ,AR,,Un schimb/zi,Buget,Publică de interes naţional şi local, Principala, 1,217220,0253376401,0253376401,scoala_generala_corobai@yahoo.com
2025-2026,GJ,DRĂGUŢEŞTI,78025,RURAL,1861105986,ȘCOALA GIMNAZIALĂ DRĂGUȚEȘTI,URECHEŞTI,78070,RURAL,,1862106924,"ȘC. PRIM. URECHEȘTI, COM DRĂGUȚEȘTI","ȘCOALA PRIMARĂ URECHEȘTI, COM. DRĂGUȚEȘTI",Unitate de învățământ,AR,,Un schimb/zi,Buget,Publică de interes naţional şi local,PRINCIPALĂ,1,,,,
2025-2026,GJ,DĂNCIULEŞTI,80052,RURAL,1861105873,"ȘCOALA GIMNAZIALĂ ""CORNELIUS RADU"" RĂDINEȘTI, DĂNCIULEȘTI",HĂLĂNGEŞTI,80070,RURAL,180508351,1862105041,"ȘC. PRIM. HĂLĂNGEȘTI, DĂNCIULEȘTI","ȘCOALA PRIMARĂ HĂLĂNGEȘTI, DĂNCIULEȘTI",Unitate de învățământ,AR,,Un schimb/zi,Buget,Publică de interes naţional şi local, Principala, 225,217196,0253289338,0253289338,scoalacorneliusradu@gmail.com
2025-2026,GJ,DĂNEŞTI,80132,RURAL,1861104673,ȘCOALA GIMNAZIALĂ NR.1 DĂNEȘTI,VĂCAREA,80230,RURAL,,1862103871,"ȘC. PRIM. VĂCAREA, DĂNEȘTI","ȘCOALA PRIMARĂ VĂCAREA, DĂNEȘTI",Unitate de învățământ,AR,,Un schimb/zi,Buget,Publică de interes naţional şi local, Principala, 1,217212,0253271601,0253271601,scoala_danesti@yahoo.ro
2025-2026,GJ,GLOGOVA,80409,RURAL,1861104655,"ȘCOALA GIMNAZIALĂ ""PROF.NICOLAE CARANDA"" GLOGOVA",OLTEANU,80418,RURAL,,1862104551,"ȘC. PRIM. OLTEANU, GLOGOVA","ȘCOALA PRIMARĂ OLTEANU, GLOGOVA",Unitate de învățământ,AR,,Un schimb/zi,Buget,Publică de interes naţional şi local, Principala, 23,217249,0253411413,0253411405,scoalageneralaglogova@yahoo.com
2025-2026,GJ,GODINEŞTI,80436,RURAL,1861105905,ȘCOALA GIMNAZIALĂ ”NICOLAE MISCHIE” GODINEȘTI,PÂRÂU DE PRIPOR,80472,RURAL,,1862101919,"ȘC. PRIM. PÂRÂU DE PRIPOR, GODINEȘTI","ȘCOALA PRIMARĂ PÂRÂU DE PRIPOR, GODINEȘTI",Unitate de învățământ,AR,,Un schimb/zi,Buget,Publică de interes naţional şi local, Principala, 21,217254,0253377311,0253377234,scoalagodinesti@yahoo.com
2025-2026,GJ,HUREZANI,80515,RURAL,1861105552,ȘCOALA GIMNAZIALĂ HUREZANI,BUSUIOCI,80524,RURAL,,1862102169,"ȘC. PRIM. BUSUIOCI, HUREZANI","ȘCOALA PRIMARĂ BUSUIOCI, HUREZANI",Unitate de învățământ,AR,,Un schimb/zi,Buget,Publică de interes naţional şi local, Principala, 1,217261,0253231104,0253231128,scoalahurezani@yahoo.com
2025-2026,GJ,JUPÂNEŞTI,80622,RURAL,1861105389,ȘCOALA GIMNAZIALĂ JUPÂNEȘTI,PÂRÂU BOIA,80640,RURAL,,1862103446,"ȘC. PRIM. PÂRÂU BOIA, JUPÂNEȘTI","ȘCOALA PRIMARĂ PÂRÂU BOIA, JUPÂNEȘTI",Unitate de învățământ,AR,,Un schimb/zi,Buget,Publică de interes naţional şi local, Principala, 1,217270,0253230507,0253230507,gen.jupanesti@yahoo.com
2025-2026,GJ,LIHULEŞTI,78962,RURAL,1861106223,"ȘCOALA GIMNAZIALĂ LIHULEȘTI, BERLEȘTI",SCRADA,78980,RURAL,180507541,1862104189,"ȘC. PRIM. SCRADA, BERLEȘTI","ȘCOALA PRIMARĂ SCRADA, BERLEȘTI",Unitate de învățământ,AR,,Un schimb/zi,Buget,Publică de interes naţional şi local, PRINCIPALA,1 ,217073,0253271128,0253271128,scoalalihulesti@yahoo.com
2025-2026,GJ,MUŞETEŞTI,80917,RURAL,1861106173,ȘCOALA GIMNAZIALĂ MUȘETEȘTI,MUŞETEŞTI,80917,RURAL,,1862100764,ȘC. PRIM. NR. 2 MUȘETEȘTI,ȘCOALA PRIMARĂ NR.2 MUȘETEȘTI,Unitate de învățământ,AR,,Un schimb/zi,Buget,Publică de interes naţional şi local, PRINCIPALA,2,217300,0253272727,0253272727,scgen_musetesti@yahoo.com
2025-2026,GJ,MUŞETEŞTI,80917,RURAL,1861106173,ȘCOALA GIMNAZIALĂ MUȘETEȘTI,STĂNCEŞTI,80962,RURAL,,1862100728,"ȘC. PRIM. STĂNCEȘTI, MUȘETEȘTI","ȘCOALA PRIMARĂ STĂNCEȘTI, MUȘETEȘTI",Unitate de învățământ,AR,,Un schimb/zi,Buget,Publică de interes naţional şi local, PRINCIPALA,3,80962,0253272727,0253272727,scgen_musetesti@yahoo.com
2025-2026,GJ,NEGOMIR,80999,RURAL,1861105516,ȘCOALA GIMNAZIALĂ NR.1 NEGOMIR,URSOAIA,81077,RURAL,,1862101765,"ȘC. PRIM. URSOAIA, NEGOMIR","ȘCOALA PRIMARĂ URSOAIA, NEGOMIR",Unitate de învățământ,AR,,Un schimb/zi,Buget,Publică de interes naţional şi local, Principala, 1,217310,0253285154,0253285154,scoalaprimaraursoaia@yahoo.com
2025-2026,GJ,NEGRENI,80748,RURAL,1861105674,"ȘCOALA GIMNAZIALĂ NEGRENI, LICURICI",TOTEA,80757,RURAL,,1862102029,"ȘC. PRIM. TOTEA NR.1, LICURICI","ȘCOALA PRIMARĂ NR.1 TOTEA, LICURICI",Unitate de învățământ,AR,,Un schimb/zi,Buget,Publică de interes naţional şi local,PRINCIPALA,1,217282,0253231544,0253231544,scoalanegrani@gmail.com
2025-2026,GJ,PADEŞ,81166,RURAL,1861106164,ȘCOALA GIMNAZIALĂ PADEȘ,CĂLUGĂRENI,81102,RURAL,,1862103577,"ȘC. PRIM. CĂLUGĂRENI, PADEȘ","ȘCOALA PRIMARĂ CĂLUGĂRENI, PADEȘ",Unitate de învățământ,AR,,Un schimb/zi,Buget,Publică de interes naţional şi local, PRINCIPALA,70,217327,0253471298,0253471291,scaoalcalugareni@gmail.com
2025-2026,GJ,PEŞTIŞANI,81193,RURAL,1861105706,"LICEUL TEHNOLOGIC ""CONSTANTIN BRÂNCUȘI""- PEȘTIȘANI",BOROŞTENI,81200,RURAL,,1862101652,"ȘC. PRIM. BOROȘTENI, PEȘTIȘANI","ȘCOALA PRIMARĂ BOROȘTENI, PEȘTIȘANI",Unitate de învățământ,AR,,Un schimb/zi,Buget,Publică de interes naţional şi local, PRINCIPALA,360,217336,0253277113,0253277113,gsipestisani@yahoo.com
2025-2026,GJ,PLOPŞORU,81273,RURAL,1861106214,"ȘCOALA GIMNAZIALĂ ""NICOLAE TOMOVICI-PLOPȘOR"" PLOPȘORU",SĂRDĂNEŞTI,81362,RURAL,,1862101055,"ȘC. PRIM. SĂRDĂNEȘTI, PLOPȘORU","ȘCOALA PRIMARĂ SĂRDĂNEȘTI, PLOPȘORU",Unitate de învățământ,AR,,Un schimb/zi,Buget,Publică de interes naţional şi local, PRINCIPALA,156,217356,0253285654,0253285654,scoalaplopsoru@yahoo.com
2025-2026,GJ,PLOPŞORU,81273,RURAL,1861106214,"ȘCOALA GIMNAZIALĂ ""NICOLAE TOMOVICI-PLOPȘOR"" PLOPȘORU",VĂLENI,81371,RURAL,,1862101037,"ȘC. PRIM. ""AL.TĂTĂRĂSCU"" VĂLENI, PLOPȘORU","ȘCOALA PRIMARĂ ""ALEXANDRU TĂTĂRĂSCU"" VĂLENI, PLOPȘORU",Unitate de învățământ,AR,,Un schimb/zi,Buget,Publică de interes naţional şi local, PRINCIPALA,156,217357,0253285654,0253285654,scoaalplopsoru@yahoo.com
2025-2026,GJ,PRIGORIA,81424,RURAL,1861106155,ȘCOALA GIMNAZIALĂ PRIGORIA,BUCŞANA,81433,RURAL,,1862103256,"ȘC.PRIM. BUCȘANA, PRIGORIA","ȘCOALA PRIMARĂ BUCȘANA, PRIGORIA",Unitate de învățământ,AR,,Un schimb/zi,Buget,Publică de interes naţional şi local, PRINCIPALA,1,217371,0253274617,0253274617,scoala_prigoria@yahoo.com
2025-2026,GJ,PRIGORIA,81424,RURAL,1861106155,ȘCOALA GIMNAZIALĂ PRIGORIA,CĂLUGĂREASA,81451,RURAL,,1862103229,"ȘC.PRIM. CĂLUGĂREASA, PRIGORIA","ȘCOALA PRIMARĂ CĂLUGĂREASA, PRIGORIA",Unitate de învățământ,AR,,Un schimb/zi,Buget,Publică de interes naţional şi local, PRINCIPALA,1,217370,0253274617,0253274617,scoala_prigoria@yahoo.com
2025-2026,GJ,PRIGORIA,81424,RURAL,1861106155,ȘCOALA GIMNAZIALĂ PRIGORIA,NEGOIEŞTI,81479,RURAL,,1862103211,"ȘC.PRIM. NEGOIEȘTI, PRIGORIA","ȘCOALA PRIMARĂ NEGOIEȘTI, PRIGORIA",Unitate de învățământ,AR,,Un schimb/zi,Buget,Publică de interes naţional şi local, PRINCIPALA,1,217370,0253274617,0253274617,scoala_prigoria@yashoo.com
2025-2026,GJ,ROŞIA DE AMARADIA,81503,RURAL,1861106191,LICEUL TEHNOLOGIC ROȘIA DE AMARADIA,RUGET,81530,RURAL,,1862103645,"ȘC. PRIM. RUGET, ROȘIA DE AMARADIA","ȘCOALA PRIMARĂ RUGET, ROȘIA DE AMARADIA",Unitate de învățământ,AR,,Un schimb/zi,Buget,Publică de interes naţional şi local, PRINCIPALA,100,217380,0253232582,0253232582,grup_scolar_rosia_de_amaradia@yahoo.com
2025-2026,GJ,ROŞIA DE AMARADIA,81503,RURAL,1861106191,LICEUL TEHNOLOGIC ROȘIA DE AMARADIA,SECIURILE,81549,RURAL,,1862106603,"ȘC. PRIM. SECIURILE, ROȘIA DE AMARADIA","ȘCOALA PRIMARĂ SECIURILE, ROȘIA DE AMARADIA",Unitate de învățământ,AR,,Un schimb/zi,Buget,Publică de interes naţional şi local,PRINCIPALA,192,217384,0253232582,0253232582,grup_scolar_rosia_de_amaradia@yahoo.com
2025-2026,GJ,SAMARINEŞTI,81665,RURAL,1861106128,ȘCOALA GIMNAZIALĂ SAMARINEȘTI,BOCA,81683,RURAL,,1862100149,"ȘC. PRIM. BOCA, SAMARINEȘTI","ȘCOALA PRIMARĂ BOCA, SAMARINEȘTI",Unitate de învățământ,AR,,Un schimb/zi,Buget,Publică de interes naţional şi local, PRINCIPALA,17A,217402,0253412010,0253412010,scoalasamarinesti@yahoo.com
2025-2026,GJ,SCOARŢA,81870,RURAL,1861104619,ȘCOALA GIMNAZIALĂ SCOARȚA,BOBU,81889,RURAL,,1862103948,"ȘC. PRIM. NR.1 BOBU, SCOARȚA","ȘCOALA PRIMARĂ NR.1 BOBU, SCOARȚA",Unitate de învățământ,AR,,Un schimb/zi,Buget,Publică de interes naţional şi local,PRINCIPALA,180,217426,0253280441,0253280441,scoalascoarta@yahoo.com
2025-2026,GJ,STĂNEŞTI,82145,RURAL,1861105742,ȘCOALA GIMNAZIALĂ STĂNEȘTI,CĂLEŞTI,82172,RURAL,,1862101105,"ȘC. PRIM. CĂLEȘTI, STĂNEȘTI","ȘCOALA PRIMARĂ CĂLEȘTI, STĂNEȘTI",Unitate de învățământ,AR,,Un schimb/zi,Buget,Publică de interes naţional şi local, PRINCIPALA,18,217456,0253273015,0253273015,secretar_stanesti@yahoo.com
2025-2026,GJ,SÂMBOTIN,81996,RURAL,1861106015,"ȘCOALA GIMNAZIALĂ SÂMBOTIN, SCHELA",SCHELA,82038,RURAL,,1862102766,ȘC. PRIM. NR.1 SCHELA,ȘCOALA PRIMARĂ NR.1 SCHELA,Unitate de învățământ,AR,,Un schimb/zi,Buget,Publică de interes naţional şi local, PRINCIPALA,1,217420,0253226737,0253226737,scoala1simbotin@yahoo.com
2025-2026,GJ,SĂCELU,81763,RURAL,1861105602,ȘCOALA GIMNAZIALĂ SĂCELU,MAGHEREŞTI,81807,RURAL,,1862100678,"ȘC. PRIM. ”ÎNV. GR. MAGHERESCU” MAGHEREȘTI, SĂCELU","ȘCOALA PRIMARĂ ”ÎNVĂȚĂTOR GRIGORE MAGHERESCU” MAGHEREȘTI, SĂCELU",Unitate de învățământ,AR,,Un schimb/zi,Buget,Publică de interes naţional şi local, PRINCIPALA,1,217410,0253275515,0253275515,scoalasacelu@yahoo.com
2025-2026,GJ,SĂULEŞTI,81825,RURAL,1861105665,ȘCOALA GIMNAZIALĂ SĂULEȘTI,BIBEŞTI,81834,RURAL,,1862100592,"ȘC. PRIM. BIBEȘTI, SĂULEȘTI","ȘCOALA PRIMARĂ BIBEȘTI, SĂULEȘTI",Unitate de învățământ,AR,,Un schimb/zi,Buget,Publică de interes naţional şi local, PRINCIPALA,110,217415,0253472241,0253472241,scgeneralasaulesti@yahoo.com
2025-2026,GJ,TELEŞTI,82403,RURAL,1861106033,ȘCOALA GIMNAZIALĂ NR.1 TELEȘTI,BUDUHALA,82412,RURAL,,1862104085,"ȘC. PRIM. NR.2 BUDUHALA, TELEȘTI","ȘCOALA PRIMARĂ BUDUHALA NR.2, TELEȘTI",Unitate de învățământ,AR,,Un schimb/zi,Buget,Publică de interes naţional şi local, PRINCIPALA,1,217491,0253276451,0253276451,scoalatelesti@yahoo.com
2025-2026,GJ,TELEŞTI,82403,RURAL,1861106033,ȘCOALA GIMNAZIALĂ NR.1 TELEȘTI,TELEŞTI,82403,RURAL,,1862104126,ȘC. PRIM. NR.2 TELEȘTI,ȘCOALA PRIMARĂ NR.2 TELEȘTI,Unitate de învățământ,AR,,Un schimb/zi,Buget,Publică de interes naţional şi local,PRINCIPALA,1,217490,0253276451,0253276451,scoalatelesti@yahoo.com
2025-2026,GJ,TELEŞTI,82403,RURAL,1861106033,ȘCOALA GIMNAZIALĂ NR.1 TELEȘTI,ŞOMĂNEŞTI,82421,RURAL,,1862104153,"ȘC. PRIM. ȘOMĂNEȘTI, TELEȘTI","ȘCOALA PRIMARĂ ȘOMĂNEȘTI, TELEȘTI",Unitate de învățământ,AR,,Un schimb/zi,Buget,Publică de interes naţional şi local, PRINCIPALA,1,217490,0253276451,0253276451,scoalatelesti@yahoo.com
2025-2026,GJ,TISMANA,82449,URBAN,1861105403,LICEUL TEHNOLOGIC TISMANA,CELEI,82458,RURAL,,1862100841,"ȘC. PRIM. CELEI, TISMANA","ȘCOALA PRIMARĂ CELEI, TISMANA",Unitate de învățământ,AR,,Un schimb/zi,Buget,Publică de interes naţional şi local, PRINCIPALA,1,217496,0253374413,0253374100,tismana_liceu@yahoo.com
2025-2026,GJ,TISMANA,82449,URBAN,1861105403,LICEUL TEHNOLOGIC TISMANA,TOPEŞTI,82528,RURAL,,1862100954,"ȘC. PRIM. TOPEȘTI, TISMANA","ȘCOALA PRIMARĂ TOPEȘTI, TISMANA",Unitate de învățământ,AR,,Un schimb/zi,Buget,Publică de interes naţional şi local, PRINCIPALA,1,217504,0253374484,0253374100,tismana_liceu@yahoo.com
2025-2026,GJ,TÂRGU CĂRBUNEŞTI,78338,URBAN,1861105891,"ȘCOALA GIMNAZIALĂ NR.1 ""G.USCĂTESCU"" TÂRGU CĂRBUNEȘTI",POJOGENI,78418,RURAL,,1862104325,"ȘC. PRIM. POJOGENI, TG-CĂRBUNEȘTI","ȘCOALA PRIMARĂ POJOGENI, TÂRGU CĂRBUNEȘTI",Unitate de învățământ,AR,,Un schimb/zi,Buget,Publică de interes naţional şi local, PRINCIPALA,75,215508,0253378618,0253378618,scgengen@yahoo.com
2025-2026,GJ,URDARI,82742,RURAL,1861105715,ȘCOALA GIMNAZIALĂ NR.1 URDARI,FÂNTÂNELE,82751,RURAL,,1862102965,"ȘC. PRIM. FÂNTÂNELE, URDARI","ȘCOALA PRIMARĂ FÂNTÂNELE, URDARI",Unitate de învățământ,AR,,Un schimb/zi,Buget,Publică de interes naţional şi local, Principala, 170,217540,0253285975,0253285975,scoala.urdari@yahoo.com
2025-2026,GJ,VALEA MÂNĂSTIRII,79638,RURAL,1861104705,"ȘCOALA GIMNAZIALĂ ""MAZILU VIPIE GHEORGHE"" VALEA MĂNĂSTIRII, CĂTUNELE",DEALU VIILOR,79601,RURAL,,1862101729,"ȘC. PRIM. DEALU VIILOR, CĂTUNELE","ȘCOALA PRIMARĂ DEALU VIILOR, CĂTUNELE",Unitate de învățământ,AR,,Un schimb/zi,Buget,Publică de interes naţional şi local, Principala, 1,217139,0253411031,0253411031,scoala_catunele@yahoo.ro
2025-2026,GJ,VĂGIULEŞTI,82788,RURAL,1861104637,ȘCOALA GIMNAZIALĂ NR.1 VĂGIULEȘTI,COVRIGI,82804,RURAL,,1862106675,"ȘC. PRIM. ”ADRIAN EM.POPESCU” COVRIGI, VĂGIULEȘTI","ȘCOALA PRIMARĂ ”ADRIAN EM.POPESCU” COVRIGI, VĂGIULEȘTI",Unitate de învățământ,AR,,Un schimb/zi,Buget,Publică de interes naţional şi local,Principala,316,217547,0253230976,0253412450,scoalavagiulesti@yahoo.com
2025-2026,GJ,ŢÂNŢĂRENI,82699,RURAL,1861105525,ȘCOALA GIMNAZIALĂ ȚÂNȚĂRENI,CHICIORA,82715,RURAL,,1862104515,"ȘC. PRIM. CHICIORA, ȚÂNȚĂRENI","ȘCOALA PRIMARĂ CHICIORA, ȚÂNȚĂRENI",Unitate de învățământ,AR,,Un schimb/zi,Buget,Publică de interes naţional şi local, PRINCIPALA,2,217537,0253473502,0253473502,scoalatantareni1@yahoo.com
2025-2026,GL,BARCEA,75524,RURAL,1761101174,"ȘCOALA GIMNAZIALĂ NR.1, COMUNA BARCEA",PODOLENI,75533,RURAL,,1762103176,ȘC.PRIM.NR.4 PODOLENI,"ȘCOALA PRIMARĂ NR.4, SAT PODOLENI, COMUNA BARCEA",Unitate de învățământ,AR,,Un schimb/zi,Buget,Publică de interes naţional şi local,PODOLENI ,-,807006,0236860967,0236860967,sc1barcea@yahoo.com
2025-2026,GL,CAVADINEŞTI,75873,RURAL,1761100033,"ȘCOALA GIMNAZIALĂ NR.1, COMUNA CAVADINEȘTI",GĂNEŞTI,75891,RURAL,,1762103918,ȘC.PRIM.NR.1 GĂNEȘTI,"ȘCOALA PRIMARĂ NR.1, SAT GĂNEȘTI, COMUNA CAVADINEȘTI",Unitate de învățământ,AR,,Un schimb/zi,Buget,Publică de interes naţional şi local,GANESTI ,-,807067,0236347610,0236347610,scoala.cavadinesti@yahoo.com
2025-2026,GL,CAVADINEŞTI,75873,RURAL,1761100033,"ȘCOALA GIMNAZIALĂ NR.1, COMUNA CAVADINEȘTI",VĂDENI,75908,RURAL,,1762103497,ȘC.PRIM.NR.1 VĂDENI,"ȘCOALA PRIMARĂ NR.1, SAT VĂDENI, COMUNA CAVADINEȘTI",Unitate de învățământ,AR,,Un schimb/zi,Buget,Publică de interes naţional şi local,VADENI ,-,807068,0236347610,0236347610,scoala.cavadinesti@yahoo.com
2025-2026,GL,CERŢEŞTI,75926,RURAL,1761100173,"ȘCOALA GIMNAZIALĂ ""GEORGE IVAȘCU"", COMUNA CERȚEȘTI",COTOROAIA,75944,RURAL,,1762103262,ȘC.PRIM.NR.1 COTOROAIA,"ȘCOALA PRIMARĂ NR.1, SAT COTOROAIA, COMUNA CERȚEȘTI",Unitate de învățământ,AR,,Un schimb/zi,Buget,Publică de interes naţional şi local,COTOROAIA,-,807072,0236337534,0236337530,scoalacertesti@yahoo.com
2025-2026,GL,CERŢEŞTI,75926,RURAL,1761100173,"ȘCOALA GIMNAZIALĂ ""GEORGE IVAȘCU"", COMUNA CERȚEȘTI",CÂRLOMĂNEŞTI,75935,RURAL,,1762103253,ȘC.PRIM.NR.1 CÂRLOMĂNEȘTI,"ȘCOALA PRIMARĂ NR.1, SAT CÂRLOMĂNEȘTI, COMUNA CERȚEȘTI",Unitate de învățământ,AR,,Un schimb/zi,Buget,Publică de interes naţional şi local, CARLOMANESTI,-,807071,0236337534,0236337530,scoalacertesti@yahoo.com
2025-2026,GL,COROD,75962,RURAL,1761100725,"LICEUL TEHNOLOGIC NR.1, COMUNA COROD",CĂRĂPCEŞTI,75999,RURAL,,1762103443,ȘC.PRIM.NR.1 CĂRĂPCEȘTI,"ȘCOALA PRIMARĂ NR.1, SAT CĂRĂPCEȘTI, COMUNA COROD",Unitate de învățământ,AR,,Un schimb/zi,Buget,Publică de interes naţional şi local,carapcesti ,-,807083,0236864021,0236864021,sc1corod@yahoo.com
2025-2026,GL,COSMEŞTI,76059,RURAL,1761101423,"ȘCOALA GIMNAZIALĂ ""GENERAL DUMITRU DĂMĂCEANU"", COMUNA COSMEȘTI",FURCENII VECHI,76095,RURAL,,1762102424,ȘC.PRIM.NR.1 FURCENII VECHI,"ȘCOALA PRIMARĂ NR.1, SAT FURCENII VECHI, COMUNA COSMEȘTI",Unitate de învățământ,AR,,Un schimb/zi,Buget,Publică de interes naţional şi local,FURCENII VECHI ,-,807089,0236863365,0236863365,sccosmesti@yahoo.com
2025-2026,GL,DRĂGUŞENI,76184,RURAL,1761100458,"ȘCOALA GIMNAZIALĂ NR.1, COMUNA DRĂGUȘENI",CĂUIEŞTI,76200,RURAL,,1762104928,ȘC.PRIM.NR.1 CĂUIEȘTI,"ȘCOALA PRIMARĂ NR.1 SAT CĂUIEȘTI, COMUNA DRĂGUȘENI",Unitate de învățământ,AR,,Un schimb/zi,Buget,Publică de interes naţional şi local,PRINCIPALA,-,807117,0236338338,0236338338,scoalaadam@yahoo.com
2025-2026,GL,GALAŢI,75105,URBAN,1761204849,"ȘCOALA PRIMARĂ ""NANNY"", MUNICIPIUL GALAȚI",GALAŢI,75105,URBAN,,1761204849,"ȘC.PRIM.""NANNY"" GL","ȘCOALA PRIMARĂ ""NANNY"", MUNICIPIUL GALAȚI",Unitate de învățământ,PJ,48590577,Un schimb/zi,Taxă,Privată,BASARABIEI,6,800222,0745632359,0745632359,scoalaprimarananny@gmail.com
2025-2026,GL,GHIDIGENI,76415,RURAL,1761104376,"ȘCOALA GIMNAZIALĂ NR.1, COMUNA GHIDIGENI",GEFU,76433,RURAL,,1762104046,ȘC.PRIM.NR.1 GEFU NOU,"ȘCOALA PRIMARĂ NR.1, SAT GEFU NOU, COMUNA GHIDIGENI",Unitate de învățământ,AR,,Un schimb/zi,Buget,Publică de interes naţional şi local,GEFU,- ,807148,0236868296,0236868296,scoala_ghidigeni@yahoo.com
2025-2026,GL,MĂCIŞENI,76022,RURAL,1761100318,"ȘCOALA GIMNAZIALĂ NR.1, SAT MĂCIȘENI, COMUNA CORNI",CORNI,76013,RURAL,,1762100042,ȘC.PRIM.NR.1 CORNI,"ȘCOALA PRIMARĂ NR.1, COMUNA CORNI",Unitate de învățământ,AR,,Un schimb/zi,Buget,Publică de interes naţional şi local,CORNI,64,807075,0236330720,0236330720,scoalamaciseni@yahoo.com
2025-2026,GL,MĂSTĂCANI,76727,RURAL,1761104349,"ȘCOALA GIMNAZIALĂ ""GHEORGHE POALELUNGI"", COMUNA MĂSTĂCANI",CHIRAFTEI,76736,RURAL,,1762102311,ȘC.PRIM.NR.1 CHIRAFTEI,"ȘCOALA PRIMARĂ NR.1, SAT CHIRAFTEI, COMUNA MĂSTĂCANI",Unitate de învățământ,AR,,Un schimb/zi,Buget,Publică de interes naţional şi local,CHIRAFTEI ,-,807191,0236346600,0236346600,scoala1mastacani@yahoo.com
2025-2026,GL,MĂSTĂCANI,76727,RURAL,1761104349,"ȘCOALA GIMNAZIALĂ ""GHEORGHE POALELUNGI"", COMUNA MĂSTĂCANI",MĂSTĂCANI,76727,RURAL,,1762103678,ȘC.PRIM.NR.3 MĂSTĂCANI,"ȘCOALA PRIMARĂ NR.3, COMUNA MĂSTĂCANI",Unitate de învățământ,AR,,Un schimb/zi,Buget,Publică de interes naţional şi local,MASTACANI ,- ,807190,0236346600,0236346600,scoala1mastacani@yahoo.com
2025-2026,GL,NICOREŞTI,76816,RURAL,1761100137,"ȘCOALA GIMNAZIALĂ ""GABRIEL DRĂGAN"", COMUNA NICOREȘTI",IONĂŞEŞTI,76870,RURAL,,1762102017,ȘC.PRIM.NR.1 IONĂȘEȘTI,"ȘCOALA PRIMARĂ NR.1, SAT IONĂȘEȘTI, COMUNA NICOREȘTI",Unitate de învățământ,AR,,Un schimb/zi,Buget,Publică de interes naţional şi local,IONASESTI ,-,807222,0236867034,0236867034,scoalanicoresti@yahoo.com
2025-2026,GL,SLOBOZIA CONACHI,77199,RURAL,1761101251,"ȘCOALA GIMNAZIALĂ NR.1, COMUNA SLOBOZIA CONACHI",IZVOARELE,77215,RURAL,,1762102234,ȘC.PRIM.NR.1 IZVOARELE,"ȘCOALA PRIMARĂ NR.1, SAT IZVOARELE, COMUNA SLOBOZIA CONACHI",Unitate de învățământ,AR,,Un schimb/zi,Buget,Publică de interes naţional şi local,IZVOARELE ,- ,807272,0236824840,0236824840,slobozia_conachi@yahoo.com
2025-2026,GL,SMÂRDAN,77233,RURAL,1761104453,"ȘCOALA GIMNAZIALĂ ""SFÂNTA CUVIOASA PARASCHEVA"", COMUNA SMÂRDAN",CIŞMELE,77242,RURAL,,1762103592,ȘC.PRIM.NR.1 CIȘMELE,"ȘCOALA PRIMARĂ NR.1, SAT CIȘMELE, COMUNA SMÂRDAN",Unitate de învățământ,AR,,Un schimb/zi,Buget,Publică de interes naţional şi local,CISMELE ,-,807276,0236830003,0236830003,scoala_smardan@yahoo.com
2025-2026,GL,VALEA MĂRULUI,77484,RURAL,1761100553,"ȘCOALA GIMNAZIALĂ ""DOAMNA NICA"", COMUNA VALEA MĂRULUI",MÂNDREŞTI,77493,RURAL,,1762103131,ȘC.PRIM.NR.1 MÂNDREȘTI,"ȘCOALA PRIMARĂ NR.1, SAT MÂNDREȘTI, COMUNA VALEA MĂRULUI",Unitate de învățământ,AR,,Un schimb/zi,Buget,Publică de interes naţional şi local,IVAN MANDRU,74,807321,0236863405,0236863405,scoalavaleamarului@yahoo.com
2025-2026,GL,VĂRLEZI,77518,RURAL,1761100589,"ȘCOALA GIMNAZIALĂ NR.1, COMUNA VÂRLEZI",CRĂIEŞTI,77527,RURAL,,1762102297,ȘC.PRIM.NR.1 CRĂIEȘTI,"ȘCOALA PRIMARĂ NR.1, SAT CRĂIEȘTI, COMUNA VÂRLEZI",Unitate de învățământ,AR,,Un schimb/zi,Buget,Publică de interes naţional şi local,CRAIESTI ,-,807331,0236332169,0236332169,scoala_varlezi@yahoo.com
2025-2026,GR,BUCŞANI,101387,RURAL,5261100017,ȘCOALA GIMNAZIALĂ NR.1 BUCȘANI,GOLEASCA,101403,RURAL,,5262102028,ȘC. PRIMARĂ GOLEASCA,ȘCOALA PRIMARĂ NR.5 GOLEASCA,Unitate de învățământ,AR,,Un schimb/zi,Buget,Publică de interes naţional şi local,Principală,51,,0246263778,0246263778,scoalabucsani@yahoo.com
2025-2026,GR,BUCŞANI,101387,RURAL,5261100017,ȘCOALA GIMNAZIALĂ NR.1 BUCȘANI,PODIŞOR,101421,RURAL,,5262100288,ȘC. PRIMARĂ PODIȘOR,ȘCOALA PRIMARĂ NR.3 PODIȘOR,Unitate de învățământ,AR,,Un schimb/zi,Buget,Publică de interes naţional şi local,Principală,70,087024,0246263456,,scoalabucsani@yahoo.com
2025-2026,GR,BUCŞANI,101387,RURAL,5261100017,ȘCOALA GIMNAZIALĂ NR.1 BUCȘANI,UIEŞTI,101449,RURAL,,5262100297,ȘC. PRIMARĂ UIEȘTI,ȘCOALA PRIMARĂ NR.4 UIEȘTI,Unitate de învățământ,AR,,Un schimb/zi,Buget,Publică de interes naţional şi local,Principală,52,078026,0246263743,,scoalabucsani@yahoo.com
2025-2026,GR,BUTURUGENI,101626,RURAL,5261101045,ȘCOALA GIMNAZIALĂ NR.1 BUTURUGENI,BUTURUGENI,101626,RURAL,,5262101642,ȘC. PRIMARĂ PRISICENI,ȘCOALA PRIMARĂ NR.3 PRISICENI,Unitate de învățământ,AR,,Un schimb/zi,Buget,Publică de interes naţional şi local,Magnoliei,1,,0246277159,0246277159,scoalabuturugeni@gmail.com
2025-2026,GR,BĂNEASA,101010,RURAL,5261101488,ȘCOALA GIMNAZIALĂ „MARIN M. ȚICULESCU” BĂNEASA,BĂNEASA,101010,RURAL,,5262100252,ȘC. PRIMARĂ MELETIE,ȘCOALA PRIMARĂ NR.2 MELETIE,Unitate de învățământ,AR,,Un schimb/zi,Buget,Publică de interes naţional şi local,Lăcurele,23,087010,0246285390,0246285390,scoalabaneasa@yahoo.com
2025-2026,GR,BĂNEASA,101010,RURAL,5261101488,ȘCOALA GIMNAZIALĂ „MARIN M. ȚICULESCU” BĂNEASA,FRASINU,101029,RURAL,,5262100261,ȘC. PRIMARĂ FRASINU,ȘCOALA PRIMARĂ NR.3 FRASINU,Unitate de învățământ,AR,,Un schimb/zi,Buget,Publică de interes naţional şi local,Principală,16,087011,0246285390,0246285390,scoalabaneasa@yahoo.com
2025-2026,GR,CREVEDIA MARE,102357,RURAL,5261101303,ȘCOALA GIMNAZIALĂ „NICOLAE CREVEDIA” CREVEDIA MARE,DEALU,102375,RURAL,,5262100103,ȘC. PRIMARĂ DEALU,ȘCOALA PRIMARĂ NR.1 DEALU,Unitate de învățământ,AR,,Două schimburi/zi,Buget,Publică de interes naţional şi local,Principală,76,087062,0246264164,0246264164,scoalanicolaecrevedia@yahoo.com
2025-2026,GR,CREVEDIA MARE,102357,RURAL,5261101303,ȘCOALA GIMNAZIALĂ „NICOLAE CREVEDIA” CREVEDIA MARE,GĂISEANCA,102384,RURAL,,5262100112,ȘC. PRIMARĂ GĂISEANCA,ȘCOALA PRIMARĂ NR.3 GĂISEANCA,Unitate de învățământ,AR,,Două schimburi/zi,Buget,Publică de interes naţional şi local,Principală,86,087063,0246264164,0246264164,scoalanicolaecrevedia@yahoo.com
2025-2026,GR,CREVEDIA MARE,102357,RURAL,5261101303,ȘCOALA GIMNAZIALĂ „NICOLAE CREVEDIA” CREVEDIA MARE,SFÂNTU GHEORGHE,102400,RURAL,,5262100121,ȘC. PRIMARĂ SFÂNTU GHEORGHE,ȘCOALA PRIMARĂ NR.2 SFÂNTU GHEORGHE,Unitate de învățământ,AR,,Un schimb/zi,Buget,Publică de interes naţional şi local,Şcolii,151,087066,0246264164,0246264164,scoalanicolaecrevedia@yahoo.com
2025-2026,GR,GHIMPAŢI,103247,RURAL,5261101434,ȘCOALA GIMNAZIALĂ NR.1 GHIMPAȚI,GHIMPAŢI,103247,RURAL,,5262100451,ȘC. PRIMARĂ GHIMPAȚI,ȘCOALA PRIMARĂ NR.3 GHIMPAȚI,Unitate de învățământ,AR,,Un schimb/zi,Buget,Publică de interes naţional şi local,Şcoala Mică,32,087095,0246276416,0246276416,scoalaghimpati_gr@yahoo.com
2025-2026,GR,GHIMPAŢI,103247,RURAL,5261101434,ȘCOALA GIMNAZIALĂ NR.1 GHIMPAȚI,VALEA PLOPILOR,103274,RURAL,,5262100442,ȘC. PRIMARĂ VALEA PLOPILOR,ȘCOALA PRIMARĂ NR.4 VALEA PLOPILOR,Unitate de învățământ,AR,,Un schimb/zi,Buget,Publică de interes naţional şi local,București-Alexandria,38,087098,0246276409,0246276256,scoalaghimpati_gr@yahoo.com
2025-2026,GR,GOGOŞARI,103318,RURAL,5261100867,"ȘCOALA GIMNAZIALĂ „MARIN GH. POPESCU"" GOGOȘARI",IZVORU,103336,RURAL,,5262101746,ȘC. PRIMARĂ IZVORU,"ȘCOALA PRIMARĂ „MARIN DRĂCEA"" IZVORU",Unitate de învățământ,AR,,Un schimb/zi,Buget,Publică de interes naţional şi local,Școlii,46,,0246228149,0246228149,scoalagogosari@yahoo.com
2025-2026,GR,GOSTINARI,103381,RURAL,5261100989,ȘCOALA GIMNAZIALĂ NR.1 GOSTINARI,GOSTINARI,103381,RURAL,,5262100139,ȘC. PRIMARĂ NR.2 GOSTINARI,ȘCOALA PRIMARĂ NR.2 GOSTINARI,Unitate de învățământ,AR,,Un schimb/zi,Buget,Publică de interes naţional şi local,Principală,35,087105,0246252429,0246259305,scoala_gostinari@yahoo.com
2025-2026,GR,GOSTINARI,103381,RURAL,5261100989,ȘCOALA GIMNAZIALĂ NR.1 GOSTINARI,MIRONEŞTI,103390,RURAL,,5262101755,ȘC. PRIMARĂ MIRONEȘTI,ȘCOALA PRIMARĂ NR.3 MIRONEȘTI,Unitate de învățământ,AR,,Un schimb/zi,Buget,Publică de interes naţional şi local,Școlii,44,087105,0246259305,0246259305,scoala_gostinari@yahoo.com
2025-2026,GR,GRĂDINARI,103416,RURAL,5261101194,ȘCOALA GIMNAZIALĂ NR.1 GRĂDINARI,ZORILE,103434,RURAL,,5262100469,ȘC. PRIMARĂ ZORILE,ȘCOALA PRIMARĂ NR.3 ZORILE,Unitate de învățământ,AR,,Un schimb/zi,Buget,Publică de interes naţional şi local,Ilfovăț,1,087117,0246708895,,sclgradinari@yahoo.co.uk
2025-2026,GR,GĂISENI,103096,RURAL,5261101018,ȘCOALA GIMNAZIALĂ NR.1 GĂISENI,CĂRPENIŞU,103103,RURAL,,5262100659,ȘC. PRIMARĂ CĂRPENIȘU,ȘCOALA PRIMARĂ NR.3 CĂRPENIȘU,Unitate de învățământ,AR,,Două schimburi/zi,Buget,Publică de interes naţional şi local,Principală,160 ,087086,0246259181,0246259181,sc_gen_gaiseni@yahoo.com
2025-2026,GR,MIHĂILEŞTI,104145,URBAN,5261100799,LICEUL TEHNOLOGIC „TIU DUMITRESCU” MIHĂILEȘTI,MIHĂILEŞTI,104145,URBAN,,5262100356,ȘC. PRIMARĂ TUFA,ȘCOALA PRIMARĂ NR.1 TUFA,Unitate de învățământ,AR,,Un schimb/zi,Buget,Publică de interes naţional şi local,Calea București,22A ,,0246278039,0246278039,liceultiudumitrescu@gmail.com
2025-2026,GR,MIHĂILEŞTI,104145,URBAN,5261100799,LICEUL TEHNOLOGIC „TIU DUMITRESCU” MIHĂILEȘTI,NOVACI,104163,URBAN,,5262100347,ȘC. PRIMARĂ NOVACI,ȘCOALA PRIMARĂ NR.3 NOVACI,Unitate de învățământ,AR,,Un schimb/zi,Buget,Publică de interes naţional şi local,Speranței,3,,0246278039,0246278039,liceultiudumitrescu@gmail.com
2025-2026,GR,OGREZENI,104494,RURAL,5261100894,"ȘCOALA GIMNAZIALĂ „AUREL SOLACOLU"" OGREZENI",HOBAIA,104500,RURAL,,5262100216,ȘC. PRIMARĂ HOBAIA,ȘCOALA PRIMARĂ HOBAIA,Unitate de învățământ,AR,,Un schimb/zi,Buget,Publică de interes naţional şi local,Școlii,23,087170,0246250249,0246250249,scoala.ogrezeni@yahoo.com
2025-2026,GR,PRUNDU,104699,RURAL,5261100709,LICEUL TEHNOLOGIC NR.1 PRUNDU,PUIENI,104706,RURAL,,5262100184,ȘC. PRIMARĂ PUIENI,ȘCOALA PRIMARĂ NR.1 PUIENI,Unitate de învățământ,AR,,Un schimb/zi,Buget,Publică de interes naţional şi local,Principală,27,,0246245073,0246245073,scoala.prundu@yahoo.com
2025-2026,GR,ROATA DE JOS,104840,RURAL,5261101339,ȘCOALA GIMNAZIALĂ NR.1 ROATA DE JOS,ROATA DE JOS,104840,RURAL,,5262100564,ȘC. PRIMARĂ NR.1 ROATA DE JOS (CĂTUNU),ȘCOALA PRIMARĂ NR.1 ROATA DE JOS (CĂTUNU),Unitate de învățământ,AR,,Un schimb/zi,Buget,Publică de interes naţional şi local,Şcolii,3,087195,0246266062,0246266062,scoala_roatadejos@yahoo.co.uk
2025-2026,GR,ROATA DE JOS,104840,RURAL,5261101339,ȘCOALA GIMNAZIALĂ NR.1 ROATA DE JOS,SADINA,104877,RURAL,,5262100573,ȘC. PRIMARĂ NR.2 SADINA,ȘCOALA PRIMARĂ NR.2 SADINA,Unitate de învățământ,AR,,Un schimb/zi,Buget,Publică de interes naţional şi local,Republicii,85,087195,0246266062,0246266062,scoala_roatadejos@yahoo.co.uk
2025-2026,GR,TOPORU,154718,RURAL,5261100885,"ȘCOALA GIMNAZIALĂ „PETRE ADAMEȘTEANU"" TOPORU",TOMULEŞTI,154727,RURAL,699863,5262100234,ȘC. PRIMARĂ NR.1 TOMULEȘTI,ȘCOALA PRIMARĂ NR.1 TOMULEȘTI,Unitate de învățământ,AR,,Un schimb/zi,Buget,Publică de interes naţional şi local,Principală,454 Bis ,087226,0246236177,0246236177,scoalatoporu@gmail.com
2025-2026,GR,TRESTIENI,105703,RURAL,5261101104,ȘCOALA GIMNAZIALĂ „NICOLAE LAHOVARY” TRESTIENI,ICOANA,105678,RURAL,,5262100496,ȘC. PRIMARĂ ICOANA,ȘCOALA PRIMARĂ NR.2 ICOANA,Unitate de învățământ,AR,,Un schimb/zi,Buget,Publică de interes naţional şi local,Principală,FN,087234,0246254846,,scoalapoenari@yahoo.com
2025-2026,GR,TRESTIENI,105703,RURAL,5261101104,ȘCOALA GIMNAZIALĂ „NICOLAE LAHOVARY” TRESTIENI,ULMI,105632,RURAL,,5262101909,ȘC. PRIMARĂ ULMI,ȘCOALA PRIMARĂ NR.3 ULMI,Unitate de învățământ,AR,,Un schimb/zi,Buget,Publică de interes naţional şi local,Principală,1,,0246254428,0246254428,scoalapoenari@yahoo.com
2025-2026,GR,VLAŞIN,105017,RURAL,5261101348,"ȘCOALA GIMNAZIALĂ „PROF. DINU NICOLAE"" VLAȘIN",BILA,104993,RURAL,,5262100392,ȘC. PRIMARĂ BILA,"ȘCOALA PRIMARĂ „FLORIN NICULESCU"" BILA",Unitate de învățământ,AR,,Un schimb/zi,Buget,Publică de interes naţional şi local,Teiului,42,087201,0766878092,0766878092,scoaladinunicolae.vlasin@yahoo.com
2025-2026,GR,VÂNĂTORII MICI,105981,RURAL,5261100745,ȘCOALA GIMNAZIALĂ NR.1 VÂNĂTORII MICI,CORBEANCA,105990,RURAL,,5262100623,ȘC. PRIMARĂ CORBEANCA,ȘCOALA PRIMARĂ NR.6 CORBEANCA,Unitate de învățământ,AR,,Un schimb/zi,Buget,Publică de interes naţional şi local,Orhideei,1,,0246265022,0246265022,scoalavanatoriimici@yahoo.com
2025-2026,GR,VÂNĂTORII MICI,105981,RURAL,5261100745,ȘCOALA GIMNAZIALĂ NR.1 VÂNĂTORII MICI,CUPELE,106005,RURAL,,5262100591,ȘC. PRIMARĂ CUPELE,ȘCOALA PRIMARĂ NR.7 CUPELE,Unitate de învățământ,AR,,Un schimb/zi,Buget,Publică de interes naţional şi local,Principală,52,,0246265022,0246265022,scoalavanatoriimici@yahoo.com
2025-2026,GR,VÂNĂTORII MICI,105981,RURAL,5261100745,ȘCOALA GIMNAZIALĂ NR.1 VÂNĂTORII MICI,POIANA LUI STÂNGĂ,106023,RURAL,,5262100582,ȘC. PRIMARĂ POIANA LUI STÂNGĂ,ȘCOALA PRIMARĂ NR.5 POIANA LUI STÂNGĂ,Unitate de învățământ,AR,,Un schimb/zi,Buget,Publică de interes naţional şi local,Argeșului,9,,0246265022,0246265022,scoalavanatoriimici@yahoo.com
2025-2026,GR,VĂRĂŞTI,105883,RURAL,5261101262,ȘCOALA GIMNAZIALĂ NR.1 VĂRĂȘTI,VĂRĂŞTI,105883,RURAL,,5262100415,ȘC. PRIMARĂ VĂRĂȘTI,ȘCOALA PRIMARĂ NR.3 VĂRĂȘTI,Unitate de învățământ,AR,,Un schimb/zi,Buget,Publică de interes naţional şi local,Principală,372,087247,0246237126,0246237126,scoala_varasti@yahoo.com
2025-2026,HD,BAIA DE CRIŞ,87754,RURAL,2061100733,"ȘCOALA GIMNAZIALĂ ""AVRAM IANCU"" BAIA DE CRIȘ",RIŞCULIŢA,87816,RURAL,,2062101381,ȘCOALA PRIMARĂ RIȘCULIȚA,ȘCOALA PRIMARĂ RIȘCULIȚA,Unitate de învățământ,AR,,Un schimb/zi,Buget,Publică de interes naţional şi local,Principală,177,337012,0254682109,0254682109,scoalabaia@yahoo.ro
2025-2026,HD,BAIA DE CRIŞ,87754,RURAL,2061100733,"ȘCOALA GIMNAZIALĂ ""AVRAM IANCU"" BAIA DE CRIȘ",ŢEBEA,87825,RURAL,,2062101779,ȘCOALA PRIMARĂ ȚEBEA,ȘCOALA PRIMARĂ ȚEBEA,Unitate de învățământ,AR,,Un schimb/zi,Buget,Publică de interes naţional şi local,Principală,219,337013,0254682109,0254682109,scoalabaia@yahoo.ro
2025-2026,HD,BALŞA,87852,RURAL,2061103207,ȘCOALA PRIMARĂ BALȘA,BALŞA,87852,RURAL,527084,2061103207,ȘCOALA PRIMARĂ BALȘA,ȘCOALA PRIMARĂ BALȘA,Unitate de învățământ,PJ,29033898,Un schimb/zi,Buget,Publică de interes naţional şi local,Principala, 42,337015,0254648006,0254648006,balsa.scoala@yahoo.com
2025-2026,HD,BERIU,88270,RURAL,2061103157,"ȘCOALA GIMNAZIALĂ ""CONSTANTIN DAICOVICIU"" BERIU",SIBIŞEL,88341,RURAL,,2062102604,ȘCOALA PRIMARĂ SIBIȘELU VECHI,ȘCOALA PRIMARĂ SIBIȘELU VECHI,Unitate de învățământ,AR,,Un schimb/zi,Buget,Publică de interes naţional şi local,Principală,6,337083,0254246131,0254246131,sc_gen_beriu@yahoo.com
2025-2026,HD,BLĂJENI,88369,RURAL,2061100068,ȘCOALA PRIMARĂ BLĂJENI,BLĂJENI,88369,RURAL,527486,2061100068,ȘCOALA PRIMARĂ BLĂJENI,ȘCOALA PRIMARĂ BLĂJENI,Unitate de învățământ,PJ,29045876,Un schimb/zi,Buget,Publică de interes naţional şi local,Principala,64,337085,0254682813,0254682813,scoala.blajeni@yahoo.com
2025-2026,HD,BOŞOROD,88458,RURAL,2061100837,ȘCOALA GIMNAZIALĂ BOȘOROD,CHITID,88485,RURAL,,2062101241,ȘCOALA PRIMARĂ CHITID,ȘCOALA PRIMARĂ CHITID,Unitate de învățământ,AR,,Un schimb/zi,Buget,Publică de interes naţional şi local,Principală, 143,337098,0254733054,0254733054,sgbosorod@yahoo.com
2025-2026,HD,BOŞOROD,88458,RURAL,2061100837,ȘCOALA GIMNAZIALĂ BOȘOROD,TÂRSA,88537,RURAL,,2062101232,ȘCOALA PRIMARĂ TÂRSA,ȘCOALA PRIMARĂ TÂRSA,Unitate de învățământ,AR,,Un schimb/zi,Buget,Publică de interes naţional şi local,Principală, 33,337103,0254733054,0254733054,sgbosorod@yahoo.com
2025-2026,HD,BULZEŞTII DE SUS,88939,RURAL,2061100326,ȘCOALA PRIMARĂ BULZEȘTII DE SUS,BULZEŞTII DE SUS,88939,RURAL,527890,2061100326,ȘCOALA PRIMARĂ BULZEȘTII DE SUS,ȘCOALA PRIMARĂ BULZEȘTII DE SUS,Unitate de învățământ,PJ,29033995,Un schimb/zi,Buget,Publică de interes naţional şi local,Principală,32,337150,0254682631,0254682631,bulzestidesus@yahoo.com
2025-2026,HD,BURJUC,89099,RURAL,2061100552,ȘCOALA PRIMARĂ BURJUC,BURJUC,89099,RURAL,528088,2061100552,ȘCOALA PRIMARĂ BURJUC,ȘCOALA PRIMARĂ BURJUC,Unitate de învățământ,PJ,29006311,Un schimb/zi,Buget,Publică de interes naţional şi local,Principală,89,337165,0254268220,0254268220,scoalaburjuc88@yahoo.ro
2025-2026,HD,BĂNIŢA,87255,RURAL,2061100525,ȘCOALA GIMNAZIALĂ BĂNIȚA,MERIŞOR,87273,RURAL,,2062103487,SC. MERIȘOR,ȘCOALA PRIMARĂ MERIȘOR,Unitate de învățământ,AR,,Un schimb/zi,Buget,Publică de interes naţional şi local,Principala,2,337067,0254513027,0254513027,scoalabanita@yahoo.com
2025-2026,HD,CERTEJU DE SUS,89259,RURAL,2061103302,ȘCOALA GIMNAZIALĂ CERTEJU DE SUS,HONDOL,89286,RURAL,,2062101797,ȘCOALA PRIMARĂ HONDOL,ȘCOALA PRIMARĂ HONDOL,Unitate de învățământ,AR,,Un schimb/zi,Buget,Publică de interes naţional şi local,Principală,263,337193,0254648715,0254648715,scoalacertej@yahoo.com
2025-2026,HD,CRIŞCIOR,87371,RURAL,2061100855,"LICEUL TEHNOLOGIC ""CRIȘAN"" CRIȘCIOR",ZDRAPŢI,87406,RURAL,,2062103044,ȘCOALA PRIMARĂ ZDRAPȚI,ȘCOALA PRIMARĂ ZDRAPȚI,Unitate de învățământ,AR,,Un schimb/zi,Buget,Publică de interes naţional şi local,Principală,133,337203,0254617004,0254617004,gscriscior@yahoo.com
2025-2026,HD,CĂLAN,87433,URBAN,2061100864,"LICEUL TEHNOLOGIC ""OVID DENSUSIANU"" CĂLAN",CĂLAN,87433,URBAN,,2062102988,ȘCOALA PRIMARĂ CĂLAN OV,ȘCOALA PRIMARĂ CĂLAN ORAȘUL VECHI,Unitate de învățământ,AR,,Un schimb/zi,Buget,Publică de interes naţional şi local,Aurel Vlaicu,1,335300,0254730705,0254730610,sargetiacalan@yahoo.com
2025-2026,HD,CĂLAN,87433,URBAN,2061100864,"LICEUL TEHNOLOGIC ""OVID DENSUSIANU"" CĂLAN",NĂDĂŞTIA DE JOS,87488,RURAL,,2062102997,ȘCOALA PRIMARĂ NĂDĂȘTIA DE JOS,ȘCOALA PRIMARĂ NĂDĂȘTIA DE JOS,Unitate de învățământ,AR,,Un schimb/zi,Buget,Publică de interes naţional şi local,Principală,34,335304,0254731402,0254731402,sargetiacalan@yahoo.com
2025-2026,HD,CĂLAN,87433,URBAN,2061100864,"LICEUL TEHNOLOGIC ""OVID DENSUSIANU"" CĂLAN",NĂDĂŞTIA DE SUS,87497,RURAL,,2062102925,ȘCOALA PRIMARĂ NĂDĂȘTIA DE SUS,ȘCOALA PRIMARĂ NĂDĂȘTIA DE SUS,Unitate de învățământ,AR,,Un schimb/zi,Buget,Publică de interes naţional şi local,Principală, 64,335305,0254730610,0254730610,liceucalan2000@yahoo.com
2025-2026,HD,CĂLAN,87433,URBAN,2061100864,"LICEUL TEHNOLOGIC ""OVID DENSUSIANU"" CĂLAN",STREI,87530,RURAL,,2062102979,ȘCOALA PRIMARĂ STREI,ȘCOALA PRIMARĂ STREI,Unitate de învățământ,AR,,Un schimb/zi,Buget,Publică de interes naţional şi local,Principală,98,335309,0254731402,0254731402,sargetiacalan@yahoo.com
2025-2026,HD,DENSUŞ,89357,RURAL,2061100466,ȘCOALA GIMNAZIALĂ DENSUȘ,PEŞTEANA,89384,RURAL,,2062102061,ȘCOALA PRIMARĂ PEȘTEANA,ȘCOALA PRIMARĂ PEȘTEANA,Unitate de învățământ,AR,,Un schimb/zi,Buget,Publică de interes naţional şi local,Principala,87,337208,0254775080,0254775080,densus_scoala@yahoo.com
2025-2026,HD,DEVA,86696,URBAN,2061100362,"ȘCOALA GIMNAZIALĂ ""ANDREI ȘAGUNA"" DEVA",CRISTUR,86730,URBAN,,2062101544,ȘCOALA PRIMARĂ CRISTUR,ȘCOALA PRIMARĂ CRISTUR,Unitate de învățământ,AR,,Un schimb/zi,Buget,Publică de interes naţional şi local,Ulita Mare,115,330003,0254227434,0254227434,asaguna2001@xnet.ro
2025-2026,HD,DEVA,86696,URBAN,2061201031,"ȘCOALA PRIMARĂ ""SAMUEL"" DEVA",DEVA,86696,URBAN,3157189,2061201031,"ȘCOALA PRIMARĂ ""SAMUEL"" DEVA","ȘCOALA PRIMARĂ ""SAMUEL"" DEVA",Unitate de învățământ,PJ,29103829,Un schimb/zi,Taxă,Privată,MIHAIL KOGALNICEANU,14,330094,0254225031,0254225031,samueldeva@gmail.com
2025-2026,HD,DOBRA,89437,RURAL,2061100154,ȘCOALA GIMNAZIALĂ DOBRA,LĂPUŞNIC,89473,RURAL,,2062101969,ȘCOALA PRIMARĂ LĂPUȘNIC,ȘCOALA PRIMARĂ LĂPUȘNIC,Unitate de învățământ,AR,,Un schimb/zi,Buget,Publică de interes naţional şi local,Principală,79,337219,0254283136,0254283136,scgendobra@yahoo.com
2025-2026,HD,DOBRA,89437,RURAL,2061100154,ȘCOALA GIMNAZIALĂ DOBRA,ROŞCANI,89525,RURAL,,2062101978,ȘCOALA PRIMARĂ ROȘCANI,ȘCOALA PRIMARĂ ROȘCANI,Unitate de învățământ,AR,,Un schimb/zi,Buget,Publică de interes naţional şi local,Principală,30,337226,0254283136,0254283136,scgendobra@yahoo.com
2025-2026,HD,GENERAL BERTHELOT,91740,RURAL,2061100561,ȘCOALA PRIMARĂ GENERAL BERTHELOT,GENERAL BERTHELOT,91740,RURAL,530201,2061100561,ȘCOALA PRIMARĂ GENERAL BERTHELOT,ȘCOALA PRIMARĂ GENERAL BERTHELOT,Unitate de învățământ,PJ,29058353,Un schimb/zi,Buget,Publică de interes naţional şi local,Principala,33,337235,0254770026,0254770026,sc.berthelot@yahoo.com
2025-2026,HD,GEOAGIU,89570,URBAN,2061103347,"LICEUL TEHNOLOGIC AGRICOL ""ALEXANDRU BORZA"" GEOAGIU",AUREL VLAICU,89589,URBAN,,2062101223,ȘCOALA PRIMARĂ AUREL VLAICU,ȘCOALA PRIMARĂ AUREL VLAICU,Unitate de învățământ,AR,,Un schimb/zi,Buget,Publică de interes naţional şi local,Muzeului,180,335401,0254248518,0254248877,ctageoagiu@yahoo.com
2025-2026,HD,GURASADA,89696,RURAL,2061100706,ȘCOALA GIMNAZIALĂ GURASADA,CÂMPURI-SURDUC,89749,RURAL,,2062101892,ȘCOALA PRIMARĂ CÎMPURI SURDUC,ȘCOALA PRIMARĂ CÎMPURI SURDUC,Unitate de învățământ,AR,,Un schimb/zi,Buget,Publică de interes naţional şi local,Principală,122,337251,0254648334,0254648334,scoalagurasada@yahoo.com
2025-2026,HD,HUNEDOARA,86829,URBAN,2061100448,"COLEGIUL NAȚIONAL ""IANCU DE HUNEDOARA"" HUNEDOARA",RĂCĂŞTIA,86838,URBAN,,2062102694,ȘCOALA PRIMARĂ RĂCĂȘTIE,ȘCOALA PRIMARĂ RĂCĂȘTIE,Unitate de învățământ,AR,,Un schimb/zi,Buget,Publică de interes naţional şi local,Principală,142,331005,0254713341,0254713341,iancuhd@yahoo.com
2025-2026,HD,HUNEDOARA,86829,URBAN,2061100023,"LICEUL TEHNOLOGIC ""MATEI CORVIN"" HUNEDOARA",PEŞTIŞU MARE,86874,URBAN,,2062101906,ȘCOALA PRIMARĂ PEȘTIȘU MARE,ȘCOALA PRIMARĂ PEȘTIȘU MARE,Unitate de învățământ,AR,,Un schimb/zi,Buget,Publică de interes naţional şi local,Principală,1,331004,0254711687,0254712600,scoala_pestis@yahoo.com
2025-2026,HD,HĂŞDĂU,91599,RURAL,2061103089,ȘCOALA PRIMARĂ HĂȘDĂU,HĂŞDĂU,91599,RURAL,530079,2061103089,ȘCOALA PRIMARĂ HĂȘDĂU,ȘCOALA PRIMARĂ HĂȘDĂU,Unitate de învățământ,PJ,29000947,Un schimb/zi,Buget,Publică de interes naţional şi local,Principală,46,337486,0254735314,0254735314,scoalahasdau@yahoo.com
2025-2026,HD,LELESE,90075,RURAL,2061100995,ȘCOALA PRIMARĂ LELESE,LELESE,90075,RURAL,528844,2061100995,ȘCOALA PRIMARĂ LELESE,ȘCOALA PRIMARĂ LELESE,Unitate de învățământ,PJ,29070055,Un schimb/zi,Buget,Publică de interes naţional şi local,Principală,20,337295,0254773540,0254773540,sgprimlelese@yahoo.com
2025-2026,HD,LUNCA CERNII DE JOS,90128,RURAL,2061100353,ȘCOALA GIMNAZIALĂ LUNCA CERNII DE JOS,LUNCA CERNII DE SUS,90164,RURAL,,2062101589,ȘCOALA PRIMARĂ LUNCA CERNII DE SUS,ȘCOALA PRIMARĂ LUNCA CERNII DE SUS,Unitate de învățământ,AR,,Un schimb/zi,Buget,Publică de interes naţional şi local,Principală,84A,337304,0773889299,1111111111,scoalalclc@yahoo.com
2025-2026,HD,LUNCOIU DE JOS,90217,RURAL,2061100308,ȘCOALA GIMNAZIALĂ LUNCOIU DE JOS,PODELE,90244,RURAL,,2062101829,ȘCOALA PRIMARĂ PODELE,ȘCOALA PRIMARĂ PODELE,Unitate de învățământ,AR,,Un schimb/zi,Buget,Publică de interes naţional şi local,Principală,25A,337313,0254684733,0254684733,scluncoiudejos@yahoo.com
2025-2026,HD,MĂRTINEŞTI,90271,RURAL,2061100787,ȘCOALA PRIMARĂ MĂRTINEȘTI,MĂRTINEŞTI,90271,RURAL,529070,2061100787,ȘCOALA PRIMARĂ MĂRTINEȘTI,ȘCOALA PRIMARĂ MĂRTINEȘTI,Unitate de învățământ,PJ,28996253,Un schimb/zi,Buget,Publică de interes naţional şi local,Principală,80,337315,0254246385,0254246385,scoala_martinesti@yahoo.com
2025-2026,HD,OHABA,90048,RURAL,2061100118,ȘCOALA GIMNAZIALĂ OHABA,LĂPUGIU DE SUS,90020,RURAL,,2062101535,ȘCOALA PRIMARĂ LĂPUGIU DE SUS,ȘCOALA PRIMARĂ LĂPUGIU DE SUS,Unitate de învățământ,AR,,Un schimb/zi,Buget,Publică de interes naţional şi local,Principala,24,337287,0254281748,0254281748,scoalaohaba@yahoo.com
2025-2026,HD,ORĂŞTIOARA DE SUS,90351,RURAL,2061103279,"ȘCOALA GIMNAZIALĂ ""HADRIAN DAICOVICIU"" ORĂȘTIOARA DE SUS",BUCIUM,90360,RURAL,,2062102165,ȘCOALA PRIMARĂ BUCIUM,ȘCOALA PRIMARĂ BUCIUM,Unitate de învățământ,AR,,Un schimb/zi,Buget,Publică de interes naţional şi local,Principală,110,337326,0254246501,0254246501,hdaicoviciu@yahoo.com
2025-2026,HD,ORĂŞTIOARA DE SUS,90351,RURAL,2061103279,"ȘCOALA GIMNAZIALĂ ""HADRIAN DAICOVICIU"" ORĂȘTIOARA DE SUS",LUDEŞTII DE JOS,90404,RURAL,,2062102192,ȘCOALA PRIMARĂ LUDEȘTII DE JOS,ȘCOALA PRIMARĂ LUDEȘTII DE JOS,Unitate de învățământ,AR,,Un schimb/zi,Buget,Publică de interes naţional şi local,Principală,6,337331,0254246501,0254246501,hdaicoviciu@yahoo.com
2025-2026,HD,ORĂŞTIOARA DE SUS,90351,RURAL,2061103279,"ȘCOALA GIMNAZIALĂ ""HADRIAN DAICOVICIU"" ORĂȘTIOARA DE SUS",OCOLIŞU MIC,90422,RURAL,,2062102206,ȘCOALA PRIMARĂ OCOLIȘU MIC,ȘCOALA PRIMARĂ OCOLIȘU MIC,Unitate de învățământ,AR,,Un schimb/zi,Buget,Publică de interes naţional şi local,Principală,105,337333,0254246501,0254246501,hdaicoviciu@yahoo.com
2025-2026,HD,PETRILA,87086,URBAN,2061100439,"COLEGIUL TEHNIC ""CONSTANTIN BRÂNCUŞI"" PETRILA",CIMPA,87095,URBAN,,2062103053,ȘCOALA PRIMARĂ NR. 3 PETRILA,ȘCOALA PRIMARĂ NR. 3 PETRILA,Unitate de învățământ,AR,,Un schimb/zi,Buget,Publică de interes naţional şi local,CIMPA, 50,335801,0254550672,0254550672,scoala3cimpa@yahoo.com
2025-2026,HD,PETROS,88029,RURAL,2061100475,"LICEUL ""PROF. BORA TIT LIVIU"" BARU",BARU,88001,RURAL,,2062102536,ȘCOALA PRIMARĂ BARU,ȘCOALA PRIMARĂ BARU,Unitate de învățământ,AR,,Un schimb/zi,Buget,Publică de interes naţional şi local,doctor Ștefan Gardea,215,337035,0254778004,0254778004,scoalabaru@yahoo.com
2025-2026,HD,PRICAZ,91704,RURAL,2061100882,ȘCOALA PRIMARĂ PRICAZ,PRICAZ,91704,RURAL,530184,2061100882,ȘCOALA PRIMARĂ PRICAZ,ȘCOALA PRIMARĂ PRICAZ,Unitate de învățământ,PJ,29034605,Un schimb/zi,Buget,Publică de interes naţional şi local,Principală,37,337496,0254247250,0254247250,scoalapricaz@yahoo.com
2025-2026,HD,PRICAZ,91704,RURAL,2061100882,ȘCOALA PRIMARĂ PRICAZ,TURDAŞ,91697,RURAL,,2062100267,ȘCOALA PRIMARĂ TURDAȘ,ȘCOALA PRIMARĂ TURDAȘ,Unitate de învățământ,AR,,Un schimb/zi,Buget,Publică de interes naţional şi local,Principală,23,337495,0254247250,0254247250,scoalapricaz@yahoo.com
2025-2026,HD,PUI,90547,RURAL,2061103234,ȘCOALA GIMNAZIALĂ PUI,GALAŢI,90583,RURAL,,2062102215,ȘCOALA PRIMARĂ GALAȚI,ȘCOALA PRIMARĂ GALAȚI,Unitate de învățământ,AR,,Un schimb/zi,Buget,Publică de interes naţional şi local,Principala,32,337349,0254779129,0254779129,scoalapui@yahoo.com
2025-2026,HD,PUI,90547,RURAL,2061103234,ȘCOALA GIMNAZIALĂ PUI,PONOR,90618,RURAL,,2062102233,ȘCOALA PRIMARĂ PONOR,ȘCOALA PRIMARĂ PONOR,Unitate de învățământ,AR,,Un schimb/zi,Buget,Publică de interes naţional şi local,Principala,20,337353,0254779129,0254779129,scoalapui@yahoo.com
2025-2026,HD,PUI,90547,RURAL,2061103234,ȘCOALA GIMNAZIALĂ PUI,RUŞOR,90636,RURAL,,2062102296,ȘCOALA PRIMARĂ RUȘOR,ȘCOALA PRIMARĂ RUȘOR,Unitate de învățământ,AR,,Un schimb/zi,Buget,Publică de interes naţional şi local,Principala,87,337356,0254779128,0254779129,scoalapui@yahoo.com
2025-2026,HD,PUI,90547,RURAL,2061103234,ȘCOALA GIMNAZIALĂ PUI,URIC,90654,RURAL,,2062102224,ȘCOALA PRIMARĂ URIC,ȘCOALA PRIMARĂ URIC,Unitate de învățământ,AR,,Un schimb/zi,Buget,Publică de interes naţional şi local,Principala,98,337358,0254779129,0254779129,scoalapui@yahoo.com
2025-2026,HD,RAPOLTU MARE,90672,RURAL,2061101078,ȘCOALA GIMNAZIALĂ RAPOLTU MARE,BOBÂLNA,90681,RURAL,,2062101847,ȘCOALA PRIMARĂ BOBÎLNA,ȘCOALA PRIMARĂ BOBÎLNA,Unitate de învățământ,AR,,Un schimb/zi,Buget,Publică de interes naţional şi local,Principală,207,337366,0254264323,0254264287,scoalarapolt@yahoo.com
2025-2026,HD,REEA,91679,RURAL,2061100579,ȘCOALA PRIMARĂ REEA,REEA,91679,RURAL,530160,2061100579,ȘCOALA PRIMARĂ REEA,ȘCOALA PRIMARĂ REEA,Unitate de învățământ,PJ,29033774,Un schimb/zi,Buget,Publică de interes naţional şi local,Principală,84,337494,0254772072,0254772072,sc.reea@yahoo.com
2025-2026,HD,REEA,91679,RURAL,2061100579,ȘCOALA PRIMARĂ REEA,CÂRNEŞTI,91642,RURAL,,2062100294,ȘCOALA PRIMARĂ CÂRNEȘTI,ȘCOALA PRIMARĂ CÂRNEȘTI,Unitate de învățământ,AR,,Un schimb/zi,Buget,Publică de interes naţional şi local,Principală,32,337491,0254772072,0254772072,sc.reea@yahoo.com
2025-2026,HD,REEA,91679,RURAL,2061100579,ȘCOALA PRIMARĂ REEA,PĂCLIŞA,91660,RURAL,,2062100285,ȘCOALA PRIMARĂ PĂCLIȘA,ȘCOALA PRIMARĂ PĂCLIȘA,Unitate de învățământ,AR,,Un schimb/zi,Buget,Publică de interes naţional şi local,Principală,94,337493,0254772072,0254772072,sc.reea@yahoo.com
2025-2026,HD,ROMOS,91009,RURAL,2061100344,ȘCOALA GIMNAZIALĂ ROMOS,VAIDEI,91045,RURAL,,2062101924,ȘCOALA PRIMARĂ VAIDEI,ȘCOALA PRIMARĂ VAIDEI,Unitate de învățământ,AR,,Un schimb/zi,Buget,Publică de interes naţional şi local,Principală,27,337414,0254245645,0254245645,scoala_gen.romos@yahoo.com
2025-2026,HD,RÂU DE MORI,90887,RURAL,2061100597,ȘCOALA GIMNAZIALĂ RÂU DE MORI,CLOPOTIVA,90903,RURAL,,2062102744,ȘCOALA PRIMARĂ CLOPOTIVA,ȘCOALA PRIMARĂ CLOPOTIVA,Unitate de învățământ,AR,,Un schimb/zi,Buget,Publică de interes naţional şi local,Principala,148,337382,0254776050,0254776050,scoala_rdm@yahoo.com
2025-2026,HD,RÂU DE MORI,90887,RURAL,2061100597,ȘCOALA GIMNAZIALĂ RÂU DE MORI,OHABA-SIBIŞEL,90912,RURAL,,2062102798,ȘCOALA PRIMARĂ SIBIȘEL OHABA,ȘCOALA PRIMARĂ SIBIȘEL OHABA,Unitate de învățământ,AR,,Un schimb/zi,Buget,Publică de interes naţional şi local,Principala,25,337383,0254776050,0254776050,scoala_rdm@yahoo.com
2025-2026,HD,RÂU DE MORI,90887,RURAL,2061100597,ȘCOALA GIMNAZIALĂ RÂU DE MORI,OSTROV,90921,RURAL,,2062103573,ȘCOALA PRIMARĂ OSTROV,ȘCOALA PRIMARĂ OSTROV,Unitate de învățământ,AR,,Un schimb/zi,Buget,Publică de interes naţional şi local,PRINCIPALA,30,337384,0254776050,0254776050,scoala_rdm@yahoo.com
2025-2026,HD,RÂU DE MORI,90887,RURAL,2061100597,ȘCOALA GIMNAZIALĂ RÂU DE MORI,RÂU DE MORI,90887,RURAL,,2062102762,ȘCOALA PRIMARĂ BĂLANU,ȘCOALA PRIMARĂ BĂLANU,Unitate de învățământ,AR,,Un schimb/zi,Buget,Publică de interes naţional şi local,Principala,43,337380,0254776050,0254776050,scoala_rdm@yahoo.com
2025-2026,HD,SIMERIA,87674,URBAN,2061203942,"ȘCOALA PRIMARĂ ""MELANIE PETRA"" SIMERIA",SIMERIA,87674,URBAN,,2061203942,SC PRIMARĂ MELANIE PETRA,"ȘCOALA PRIMARĂ ""MELANIE PETRA"" SIMERIA",Unitate de învățământ,PJ,51538501,Un schimb/zi,Buget,Privată,SIMERIA VECHE,90BIS,,0751108784,1111111111,office@sfrtakeuchi.ro
2025-2026,HD,SÂNTĂMĂRIA-ORLEA,91241,RURAL,2061101006,ȘCOALA GIMNAZIALĂ SÎNTĂMĂRIA-ORLEA,SUBCETATE,91312,RURAL,,2062101277,ȘCOALA PRIMARĂ SUBCETATE,ȘCOALA PRIMARĂ SUBCETATE,Unitate de învățământ,AR,,Un schimb/zi,Buget,Publică de interes naţional şi local,Principala,148,337448,0254770742,0254770742,scsantamariaorlea@yahoo.com
2025-2026,HD,TOMEŞTI,91456,RURAL,2061100611,ȘCOALA PRIMARĂ TOMEȘTI,TOMEŞTI,91456,RURAL,529903,2061100611,ȘCOALA PRIMARĂ TOMEȘTI,ȘCOALA PRIMARĂ TOMEȘTI,Unitate de învățământ,PJ,29058299,Un schimb/zi,Buget,Publică de interes naţional şi local,Principală,48,337470,0254681855,0254681855,tomestiscoala@yahoo.com
2025-2026,HD,URICANI,87148,URBAN,2061100923,"LICEUL TEHNOLOGIC ""RETEZAT"" URICANI",CÂMPU LUI NEAG,87157,URBAN,,2062101874,ȘCOALA PRIMARĂ CÂMPU LUI NEAG,ȘCOALA PRIMARĂ CÂMPU LUI NEAG,Unitate de învățământ,AR,,Un schimb/zi,Buget,Publică de interes naţional şi local,Principală,42,336101,0254510219,0254511109,grupscolarretezat@yahoo.ro
2025-2026,HD,VALEA NANDRULUI,90529,RURAL,2061100588,ȘCOALA PRIMARĂ VALEA NANDRULUI,VALEA NANDRULUI,90529,RURAL,529226,2061100588,ȘCOALA PRIMARĂ VALEA NANDRULUI,ȘCOALA PRIMARĂ VALEA NANDRULUI,Unitate de învățământ,PJ,29069999,Un schimb/zi,Buget,Publică de interes naţional şi local,Principală,20,337344,0254735900,0254735900,scoala_valeanandrului@yahoo.com
2025-2026,HD,VAŢA DE JOS,91802,RURAL,2061100977,ȘCOALA GIMNAZIALĂ VAȚA DE JOS,TÂRNAVA DE CRIŞ,91919,RURAL,,2062101725,ȘCOALA PRIMARĂ TÂRNAVA DE CRIȘ,ȘCOALA PRIMARĂ TÂRNAVA DE CRIȘ,Unitate de învățământ,AR,,Un schimb/zi,Buget,Publică de interes naţional şi local,Principală,26,337513,0254681015,0254681159,scoala_vata@yahoo.com
2025-2026,HD,ZAM,92186,RURAL,2061101101,ȘCOALA GIMNAZIALĂ ZAM,POJOGA,92275,RURAL,,2062101553,ȘCOALA PRIMARĂ POJOGA,ȘCOALA PRIMARĂ POJOGA,Unitate de învățământ,AR,,Un schimb/zi,Buget,Publică de interes naţional şi local,Principală,234,337561,0254280573,0254280573,scoalagimnazialazam@yahoo.com
2025-2026,HD,ŞOIMUŞ,91349,RURAL,2061100968,ȘCOALA GIMNAZIALĂ ȘOIMUȘ,PĂULIŞ,91429,RURAL,,2062102658,ȘCOALA PRIMARĂ PĂULIȘ,ȘCOALA PRIMARĂ PĂULIȘ,Unitate de învățământ,AR,,Un schimb/zi,Buget,Publică de interes naţional şi local,Principală,62,337459,0254237322,0254237322,scoalasoimus@gmail.com
2025-2026,HR,ATID,83794,RURAL,1961104382,"ȘCOALA GIMNAZIALĂ ""JÓSIKA MIKLÓS"" ATID",CUŞMED,83810,RURAL,,1962100586,S04 CUSMED,ȘCOALA PRIMARĂ CUȘMED,Unitate de învățământ,AR,,Un schimb/zi,Buget,Publică de interes naţional şi local,CUŞMED,31,537007,0266226216,0266226216,sc.josikamiklos@eduhr.ro
2025-2026,HR,AVRĂMEŞTI,83856,RURAL,1961104224,"ŞCOALA GIMNAZIALĂ ""BENEDEK ELEK"" AVRĂMEŞTI",CECHEŞTI,83874,RURAL,,1962103241,S04 CECHESTI,ŞCOALA PRIMARĂ CECHEŞTI,Unitate de învățământ,AR,,Un schimb/zi,Buget,Publică de interes naţional şi local,PRINCIPALĂ,31,537012,0266220096,0266220096,sc.benedekelek@eduhr.ro
2025-2026,HR,AVRĂMEŞTI,83856,RURAL,1961104224,"ŞCOALA GIMNAZIALĂ ""BENEDEK ELEK"" AVRĂMEŞTI",FIRTĂNUŞ,83892,RURAL,,1962103318,S04 FIRTANUS,ŞCOALA PRIMARĂ FIRTĂNUŞ,Unitate de învățământ,AR,,Un schimb/zi,Buget,Publică de interes naţional şi local,PRINCIPALĂ,31,537013,0266220096,0266220096,sc.benedekelek@eduhr.ro
2025-2026,HR,BILBOR,83945,RURAL,1961103838,"ȘCOALA GIMNAZIALĂ ""O.C.TĂSLĂUANU"" BILBOR",BILBOR,83945,RURAL,,1962106167,"S04 ""O.C. TASLAUANU"" BILBOR","ȘCOALA PRIMARĂ ""O.C.TĂSLĂUANU"" BILBOR",Unitate de învățământ,AR,,Un schimb/zi,Buget,Publică de interes naţional şi local,BILBOR,127,537020,0266355010,0266355010,sc.octaslauanu@eduhr.ro
2025-2026,HR,BILBOR,83945,RURAL,1961103838,"ȘCOALA GIMNAZIALĂ ""O.C.TĂSLĂUANU"" BILBOR",BILBOR,83945,RURAL,,1962103508,S04 BILBOR SUSENI,ȘCOALA PRIMARĂ BILBOR - SUSENI,Unitate de învățământ,AR,,Un schimb/zi,Buget,Publică de interes naţional şi local,BILBOR-SUSENI, 252,537020,0266355010,0266355010,sc.octaslauanu@eduhr.ro
2025-2026,HR,BRĂDEŞTI,83160,RURAL,1961103856,"ŞCOALA GIMNAZIALĂ ""MÁRTON ÁRON"" BRĂDEȘTI",TÂRNOVIŢA,83179,RURAL,,1962100794,S04 TIRNOVITA,ȘCOALA PRIMARĂ TÂRNOVIȚA,Unitate de învățământ,AR,,Un schimb/zi,Buget,Publică de interes naţional şi local,KOSSUTH LAJOS, 103,537027,0266245004,0266245004,sc.bradesti@eduhr.ro
2025-2026,HR,CIUMANI,84095,RURAL,1961104287,"ȘCOALA GIMNAZIALĂ ""KÖLLŐ MIKLÓS"" CIUMANI",CIUMANI,84095,RURAL,,1962100238,"S04 ""FA"" CIUMANI","ȘCOALA PRIMARĂ ""FA"" CIUMANI",Unitate de învățământ,AR,,Un schimb/zi,Buget,Publică de interes naţional şi local,MOHOS, 870,537050,0266351005,0266351005,sc.kollomiklos@eduhr.ro
2025-2026,HR,CIUMANI,84095,RURAL,1961104287,"ȘCOALA GIMNAZIALĂ ""KÖLLŐ MIKLÓS"" CIUMANI",CIUMANI,84095,RURAL,,1962106176,"S04 ""KOLLO MIKLOS"" CIUMANI","ȘCOALA PRIMARĂ ""KÖLLŐ MIKLÓS"" CIUMANI",Unitate de învățământ,AR,,Un schimb/zi,Buget,Publică de interes naţional şi local,PRINCIPALĂ,218,537050,0266351005,0266351005,sc.kollomiklos@eduhr.ro
2025-2026,HR,CIUMANI,84095,RURAL,1961104287,"ȘCOALA GIMNAZIALĂ ""KÖLLŐ MIKLÓS"" CIUMANI",CIUMANI,84095,RURAL,,1962100211,"S04 ""SZILAGYI"" CIUMANI","ȘCOALA PRIMARĂ ""SZILÁGYI"" CIUMANI",Unitate de învățământ,AR,,Un schimb/zi,Buget,Publică de interes naţional şi local,PRINCIPALĂ,1093/A,537050,0266351005,0266351005,sc.kollomiklos@eduhr.ro
2025-2026,HR,CORBU,84157,RURAL,1961103865,LICEUL TEHNOLOGIC CORBU,CAPU CORBULUI,84166,RURAL,,1962106072,S04 CAPU CORBULUI,ȘCOALA PRIMARĂ CAPU CORBULUI,Unitate de învățământ,AR,,Un schimb/zi,Buget,Publică de interes naţional şi local,ȘCOLII ,5,537055,0266338616,0266338616,gs.corbu@eduhr.ro
2025-2026,HR,CORUND,84184,RURAL,1961104685,LICEUL TEHNOLOGIC CORUND,ATIA,84193,RURAL,,1962102674,S04 ATIA,ȘCOALA PRIMARĂ ATIA,Unitate de învățământ,AR,,Un schimb/zi,Buget,Publică de interes naţional şi local,ALUNIȘ,31,537061,0728909844,0266249359,gs.corund@eduhr.ro
2025-2026,HR,COZMENI,85813,RURAL,1961104613,"ȘCOALA GIMNAZIALĂ ""DR.BOGA ALAJOS"" COZMENI",COZMENI,85813,RURAL,,1962105831,S04 COZMENI,ȘCOALA PRIMARĂ COZMENI,Unitate de învățământ,AR,,Un schimb/zi,Buget,Publică de interes naţional şi local,COZMENI,197,537065,0266326630,0266326630,sc.bogaalajos@eduhr.ro
2025-2026,HR,COZMENI,85813,RURAL,1961104613,"ȘCOALA GIMNAZIALĂ ""DR.BOGA ALAJOS"" COZMENI",LĂZĂREŞTI,85822,RURAL,,1962103205,S04 LAZARESTI,ȘCOALA PRIMARĂ LĂZĂREȘTI,Unitate de învățământ,AR,,Un schimb/zi,Buget,Publică de interes naţional şi local,LĂZĂREŞTI , 253,537066,0266326630,0266326630,sc.bogaalajos@eduhr.ro
2025-2026,HR,CRISTURU SECUIESC,83534,URBAN,1961104735,"LICEUL TEHNOLOGIC ""ZEYK DOMOKOS"" CRISTURU SECUIESC",CRISTURU SECUIESC,83534,URBAN,519465,1962105288,"S04 ""TOMPA LASZLO"" BETESTI","ȘCOALA PRIMARĂ ""TOMPA LASZLÓ"" BETEȘTI",Unitate de învățământ,AR,,Un schimb/zi,Buget,Publică de interes naţional şi local,ȘCOLII, 48,537208,0266242383,0266242389,gs.zeykdomokos@eduhr.ro
2025-2026,HR,CRISTURU SECUIESC,83534,URBAN,1961104527,"ȘCOALA GIMNAZIALĂ ""PETŐFI SÁNDOR"" CRISTURU SECUIESC",CRISTURU SECUIESC,83534,URBAN,,1962105763,S04 TIMAFALVA,ȘCOALA PRIMARĂ TIMAFALVA,Unitate de învățământ,AR,,Un schimb/zi,Buget,Publică de interes naţional şi local,TIMAFALVI,43,535400,0266242373,0266242728,scog.petofisandor@eduhr.ro
2025-2026,HR,CÂRŢA,84111,RURAL,1961104726,"ŞCOALA GIMNAZIALĂ ""MÁRTONFFY GYÖRGY"" CÂRŢA",INEU,84120,RURAL,,1962103232,S04 INEU,ŞCOALA PRIMARĂ INEU,Unitate de învățământ,AR,,Un schimb/zi,Buget,Publică de interes naţional şi local,INEU ,124-126,537036,0266378069,0266378069,sc.martonffygyorgy@eduhr.ro
2025-2026,HR,DEALU,84273,RURAL,1961104319,"ȘCOALA GIMNAZIALĂ ""PETŐFI SÁNDOR"" DEALU",DEALU,84273,RURAL,,1962102398,"S04 ""DR.BALINT JOZSEF"" DIAFALAU","ȘCOALA PRIMARĂ ""DR.BÁLINT JÓZSEF"" DIAFALĂU",Unitate de învățământ,AR,,Un schimb/zi,Buget,Publică de interes naţional şi local,DEALU , 557,537080,0266225150,0266225150,scg.petofisandor@eduhr.ro
2025-2026,HR,DEALU,84273,RURAL,1961104319,"ȘCOALA GIMNAZIALĂ ""PETŐFI SÁNDOR"" DEALU",TIBOD,84317,RURAL,,1962105008,S04 TIBOD,ȘCOALA PRIMARĂ TIBOD,Unitate de învățământ,AR,,Un schimb/zi,Buget,Publică de interes naţional şi local,TIBOD,34,537084,0266225150,0266225150,scg.petofisandor@eduhr.ro
2025-2026,HR,DEALU,84273,RURAL,1961104319,"ȘCOALA GIMNAZIALĂ ""PETŐFI SÁNDOR"" DEALU",ULCANI,84326,RURAL,,1962104988,S04 DEALU ULCANI,ȘCOALA PRIMARĂ ULCANI,Unitate de învățământ,AR,,Un schimb/zi,Buget,Publică de interes naţional şi local,ULCANI,23,537086,0266225150,0266225150,scg.petofisandor@eduhr.ro
2025-2026,HR,DÂRJIU,84399,RURAL,1961104423,"ȘCOALA GIMNAZIALĂ ""JÁNOS ZSIGMOND"" DÂRJIU",MUJNA,84406,RURAL,,1962100817,S04 MUJNA,ȘCOALA PRIMARĂ MUJNA,Unitate de învățământ,AR,,Un schimb/zi,Buget,Publică de interes naţional şi local,LIBATÉR,24,537076,0266222005,0266222005,sc.janoszsigmond@eduhr.ro
2025-2026,HR,FELICENI,83204,RURAL,1961100084,"ȘCOALA GIMNAZIALĂ ""FÜLÖP ÁRON"" FELICENI",FORŢENI,83240,RURAL,,1962101334,"S04 ""LORINCZ ARON"" FORTENI","ȘCOALA PRIMARĂ ""LŐRINCZ ÁRON"" FORȚENI",Unitate de învățământ,AR,,Un schimb/zi,Buget,Publică de interes naţional şi local,PRINCIPALĂ, 168,537099,0266217264,0266245260,sc.fuloparon@eduhr.ro
2025-2026,HR,FELICENI,83204,RURAL,1961100084,"ȘCOALA GIMNAZIALĂ ""FÜLÖP ÁRON"" FELICENI",HOGHIA,83259,RURAL,,1962101379,S04 HOGHIA,ȘCOALA PRIMARĂ HOGHIA,Unitate de învățământ,AR,,Un schimb/zi,Buget,Publică de interes naţional şi local,PRINCIPALĂ, 42,537098,0266217264,0266245260,sc.fuloparon@eduhr.ro
2025-2026,HR,FELICENI,83204,RURAL,1961100084,"ȘCOALA GIMNAZIALĂ ""FÜLÖP ÁRON"" FELICENI",TĂURENI,83286,RURAL,,1962101307,S04 TAURENI,ȘCOALA PRIMARĂ TĂURENI,Unitate de învățământ,AR,,Un schimb/zi,Buget,Publică de interes naţional şi local,PRINCIPALĂ, 134,537104,0266217264,0266245260,sc.fuloparon@eduhr.ro
2025-2026,HR,FELICENI,83204,RURAL,1961100084,"ȘCOALA GIMNAZIALĂ ""FÜLÖP ÁRON"" FELICENI",VĂLENI,83302,RURAL,,1962101402,S04 VALENI,ȘCOALA PRIMARĂ VĂLENI,Unitate de învățământ,AR,,Un schimb/zi,Buget,Publică de interes naţional şi local,PRINCIPALĂ, 56,537107,0266217264,0266245260,sc.fuloparon@eduhr.ro
2025-2026,HR,FRUMOASA,84424,RURAL,1961104355,"ȘCOALA GIMNAZIALĂ ""NYIRŐ JÓZSEF"" FRUMOASA",BÂRZAVA,84433,RURAL,,1962104979,"S04 ""BALOGH IGNAC"" BARZAVA","ȘCOALA PRIMARĂ ""BALOGH IGNÁC"" BÂRZAVA",Unitate de învățământ,AR,,Un schimb/zi,Buget,Publică de interes naţional şi local,BÂRZAVA, 229,537116,0266346301,0266325118,sc.nyirojozsef@eduhr.ro
2025-2026,HR,FRUMOASA,84424,RURAL,1961104355,"ȘCOALA GIMNAZIALĂ ""NYIRŐ JÓZSEF"" FRUMOASA",NICOLEŞTI,84451,RURAL,,1962104961,S04 NICOLESTI,ȘCOALA PRIMARĂ NICOLEȘTI,Unitate de învățământ,AR,,Un schimb/zi,Buget,Publică de interes naţional şi local,NICOLEȘTI, 156,537118,0266346429,0266325118,sc.nyirojozsef@eduhr.ro
2025-2026,HR,GHEORGHENI,83570,URBAN,1961103743,"ȘCOALA GIMNAZIALĂ ""FOGARASY MIHÁLY"" GHEORGHENI",GHEORGHENI,83570,URBAN,,1962106253,"S04 ""FOGARASY MIHALY"" GHEORGHENI","ȘCOALA PRIMARĂ ""FOGARASY MIHÁLY"" GHEORGHENI",Unitate de învățământ,AR,,Un schimb/zi,Buget,Publică de interes naţional şi local,LACU ROȘU,32,535500,0266364720,0266364720,sc.fogarassymihaly@eduhr.ro
2025-2026,HR,GĂLĂUŢAŞ,84479,RURAL,1961104034,"ȘCOALA GIMNAZIALĂ ""DUMITRU GAFTON"" GĂLĂUŢAŞ",GĂLĂUŢAŞ,84479,RURAL,519051,1962101266,S04 GALAUTAS-PARAU,ȘCOALA PRIMARĂ GĂLĂUŢAŞ-PÂRÂU,Unitate de învățământ,AR,,Un schimb/zi,Buget,Publică de interes naţional şi local,PÂRÂU,145,537122,0266345772,0266345625,sc.dumitrugafton@eduhr.ro
2025-2026,HR,JOSENI,84567,RURAL,1961103752,"LICEUL TEHNOLOGIC ""SÖVÉR ELEK"" JOSENI",BORZONT,84576,RURAL,,1962100921,"S04 ""GAAL TAMAS"" BORZONT","ȘCOALA PRIMARĂ ""GAÁL TAMÁS"" BORZONT",Unitate de învățământ,AR,,Un schimb/zi,Buget,Publică de interes naţional şi local,DRM BUCIN,150,537131,0266354011,0266354011,gs.soverelek@eduhr.ro
2025-2026,HR,JOSENI,84567,RURAL,1961103752,"LICEUL TEHNOLOGIC ""SÖVÉR ELEK"" JOSENI",JOSENI,84567,RURAL,,1962100948,"S04 ""VERESS"" JOSENI","ȘCOALA PRIMARĂ ""VERESS"" JOSENI",Unitate de învățământ,AR,,Un schimb/zi,Buget,Publică de interes naţional şi local,DRM LĂZAREA, 22,537130,0266354011,0266354011,gs.soverelek@eduhr.ro
2025-2026,HR,LUETA,84638,RURAL,1961104301,"ȘCOALA GIMNAZIALĂ ""SZÉKELY MÓZES"" LUETA",LUETA,84638,RURAL,,1962101108,S04 LUETA,ȘCOALA PRIMARĂ LUETA,Unitate de învățământ,AR,,Un schimb/zi,Buget,Publică de interes naţional şi local,GÁL, 19,537140,0266220726,0266220726,sc.szekelymozes@eduhr.ro
2025-2026,HR,LUNCA DE JOS,84665,RURAL,1961104459,"ȘCOALA GIMNAZIALĂ ""MAJLÁTH GUSZTÁV KÁROLY"" LUNCA DE JOS",LUNCA DE JOS,84665,RURAL,,1962100283,S04 LUNCA DE JOS - ANTALOC,ȘCOALA PRIMARĂ LUNCA DE JOS - ANTALOC,Unitate de învățământ,AR,,Un schimb/zi,Buget,Publică de interes naţional şi local,LUNCA DE JOS - ANTALOC, 503,537154,0266339507,0266339608,sc.majlathgusztavkaroly@eduhr.ro
2025-2026,HR,LUNCA DE JOS,84665,RURAL,1961104459,"ȘCOALA GIMNAZIALĂ ""MAJLÁTH GUSZTÁV KÁROLY"" LUNCA DE JOS",LUNCA DE JOS,84665,RURAL,,1962100292,S04 LUNCA DE JOS - GARA,ȘCOALA PRIMARĂ LUNCA DE JOS - GARA,Unitate de învățământ,AR,,Un schimb/zi,Buget,Publică de interes naţional şi local,LUNCA DE JOS, 617,537145,0266339620,0266339620,sc.majlathgusztavkaroly@eduhr.ro
2025-2026,HR,LUNCA DE JOS,84665,RURAL,1961104459,"ȘCOALA GIMNAZIALĂ ""MAJLÁTH GUSZTÁV KÁROLY"" LUNCA DE JOS",VALEA BOROŞ,84718,RURAL,,1962100265,S04 VALEA BOROS,ȘCOALA PRIMARĂ VALEA BOROȘ,Unitate de învățământ,AR,,Un schimb/zi,Buget,Publică de interes naţional şi local,VALEA BOROŞ, 72,537149,0266339656,0266339608,sc.majlathgusztavkaroly@eduhr.ro
2025-2026,HR,LUNCA DE SUS,84763,RURAL,1961104405,"LICEUL TEOLOGIC ROMANO-CATOLIC ""SZENT ERZSÉBET"" LUNCA DE SUS",COMIAT,84772,RURAL,,1962101994,S04 COMIAT,ȘCOALA PRIMARĂ COMIAT,Unitate de învățământ,AR,,Un schimb/zi,Buget,Publică de interes naţional şi local,COMIAT, 23,537156,0366401272,0366401272,lt.szenterzsebet@eduhr.ro
2025-2026,HR,LUNCA DE SUS,84763,RURAL,1961104405,"LICEUL TEOLOGIC ROMANO-CATOLIC ""SZENT ERZSÉBET"" LUNCA DE SUS",VALEA GÂRBEA,84807,RURAL,,1962102005,S04 VALEA GARBEA,ȘCOALA PRIMARĂ GÂRBEA,Unitate de învățământ,AR,,Un schimb/zi,Buget,Publică de interes naţional şi local,VALEA GÂRBEA, 964,537159,0366401272,0366401272,lt.szenterzsebet@eduhr.ro
2025-2026,HR,LUNCA DE SUS,84763,RURAL,1961100075,"ȘCOALA GIMNAZIALĂ ""DOMOKOS PÁL PÉTER"" LUNCA DE SUS",PĂLTINIŞ-CIUC,84790,RURAL,,1962102095,S04 PALTINIS-CIUC,ȘCOALA PRIMARĂ PĂLTINIȘ-CIUC,Unitate de învățământ,AR,,Un schimb/zi,Buget,Publică de interes naţional şi local,PĂLTINIȘ-CIUC, 1055,537158,0266339201,0266339203,sc.domokospalpeter@eduhr.ro
2025-2026,HR,LUNCA DE SUS,84763,RURAL,1961100075,"ȘCOALA GIMNAZIALĂ ""DOMOKOS PÁL PÉTER"" LUNCA DE SUS",VALEA UGRA,84816,RURAL,,1962101958,S04 VALEA UGRA,ȘCOALA PRIMARĂ UGRA,Unitate de învățământ,AR,,Un schimb/zi,Buget,Publică de interes naţional şi local,VALEA UGRA, 786,537161,0266339232,0266339231,sc.domokospalpeter@eduhr.ro
2025-2026,HR,LUPENI,84834,RURAL,1961104147,"ȘCOALA GIMNAZIALĂ ""TAMÁSI ÁRON"" LUPENI",BULGĂRENI,84852,RURAL,,1962105582,S04 BULGARENI,ȘCOALA PRIMARĂ BULGĂRENI,Unitate de învățământ,AR,,Un schimb/zi,Buget,Publică de interes naţional şi local,PRINCIPALĂ,40,537167,0266248112,0266248112,sc.tamasiaron@eduhr.ro
2025-2026,HR,LUPENI,84834,RURAL,1961104147,"ȘCOALA GIMNAZIALĂ ""TAMÁSI ÁRON"" LUPENI",FIRTUŞU,84861,RURAL,,1962102032,S04 FIRTUSU,ȘCOALA PRIMARĂ FIRTUȘU,Unitate de învățământ,AR,,Un schimb/zi,Buget,Publică de interes naţional şi local,PRINCIPALĂ,26,537168,0266248112,0266248112,sc.tamasiaron@eduhr.ro
2025-2026,HR,LUPENI,84834,RURAL,1961104147,"ȘCOALA GIMNAZIALĂ ""TAMÁSI ÁRON"" LUPENI",LUPENI,84834,RURAL,,1962106226,S04 LUPENI,ȘCOALA PRIMARĂ LUPENI,Unitate de învățământ,AR,,Un schimb/zi,Buget,Publică de interes naţional şi local,PRINCIPALĂ,172,537165,0266248112,0266248112,sc.tamasiaron@eduhr.ro
2025-2026,HR,LUPENI,84834,RURAL,1961104147,"ȘCOALA GIMNAZIALĂ ""TAMÁSI ÁRON"" LUPENI",MORĂRENI,84870,RURAL,,1962105591,S04 MORARENI,ȘCOALA PRIMARĂ MORĂRENI,Unitate de învățământ,AR,,Un schimb/zi,Buget,Publică de interes naţional şi local,PRINCIPALĂ, 125,537169,0266248112,0266248112,sc.tamasiaron@eduhr.ro
2025-2026,HR,LUPENI,84834,RURAL,1961104147,"ȘCOALA GIMNAZIALĂ ""TAMÁSI ÁRON"" LUPENI",PĂLTINIŞ,84889,RURAL,,1962102023,S04 PALTINIS,ȘCOALA PRIMARĂ PĂLTINIȘ,Unitate de învățământ,AR,,Un schimb/zi,Buget,Publică de interes naţional şi local,KIS,1,537171,0266248112,0266248112,sc.tamasiaron@eduhr.ro
2025-2026,HR,LUPENI,84834,RURAL,1961104147,"ȘCOALA GIMNAZIALĂ ""TAMÁSI ÁRON"" LUPENI",PĂULENI,84898,RURAL,,1962102077,S04 PAULENI,ȘCOALA PRIMARĂ PĂULENI,Unitate de învățământ,AR,,Un schimb/zi,Buget,Publică de interes naţional şi local,PRINCIPALĂ,34,537172,0266248112,0266248112,sc.tamasiaron@eduhr.ro
2025-2026,HR,LĂZAREA,84601,RURAL,1961104242,"ȘCOALA GIMNAZIALĂ ""BETHLEN GÁBOR"" LĂZAREA",LĂZAREA,84601,RURAL,,1962103015,"S04 ""ALSO"" LAZAREA","SCOALA PRIMARĂ ""ALSÓ NÉPISKOLA"" LĂZAREA",Unitate de învățământ,AR,,Un schimb/zi,Buget,Publică de interes naţional şi local,PRINCIPALĂ, 1049,537135,0266352607,0266352607,scg.bethlengabor@eduhr.ro
2025-2026,HR,LĂZAREA,84601,RURAL,1961104242,"ȘCOALA GIMNAZIALĂ ""BETHLEN GÁBOR"" LĂZAREA",LĂZAREA,84601,RURAL,,1962102977,"S04 ""FELSO"" LAZAREA","SCOALA PRIMARĂ ""FELSŐ NÉPISKOLA"" LĂZAREA",Unitate de învățământ,AR,,Un schimb/zi,Buget,Publică de interes naţional şi local,NAGYPATAK,275,537135,0266352607,0266352607,scg.bethlengabor@eduhr.ro
2025-2026,HR,LĂZAREA,84601,RURAL,1961104242,"ȘCOALA GIMNAZIALĂ ""BETHLEN GÁBOR"" LĂZAREA",LĂZAREA,84601,RURAL,,1962106488,"S04 ""BETHLEN GABOR"" LAZAREA","ȘCOALA PRIMARĂ ""BETHLEN GÁBOR"" LĂZAREA",Unitate de învățământ,AR,,Un schimb/zi,Buget,Publică de interes naţional şi local,PRINCIPALĂ,697,537135,0266352607,0266352607,scg.bethlengabor@eduhr.ro
2025-2026,HR,MIERCUREA CIUC,83339,URBAN,1961104857,"ȘCOALA GIMNAZIALĂ ""XÁNTUS JÁNOS"" MIERCUREA CIUC",HARGHITA-BĂI,83357,URBAN,,1962101646,S04 HARGHITA-BAI,ȘCOALA PRIMARĂ HARGHITA-BĂI,Unitate de învățământ,AR,,Un schimb/zi,Buget,Publică de interes naţional şi local,HARGHITA,FN,530002,0366730236,0366730236,sc.xantusjanos@eduhr.ro
2025-2026,HR,MIERCUREA CIUC,83339,URBAN,1961104857,"ȘCOALA GIMNAZIALĂ ""XÁNTUS JÁNOS"" MIERCUREA CIUC",MIERCUREA CIUC,83339,URBAN,,1962101587,S04 CIOBOTENI,ȘCOALA PRIMARĂ CIOBOTENI,Unitate de învățământ,AR,,Un schimb/zi,Buget,Publică de interes naţional şi local,ION CAIANU,64,530204,0366730236,0366730236,sc.xantusjanos@eduhr.ro
2025-2026,HR,MIERCUREA CIUC,83339,URBAN,1961104857,"ȘCOALA GIMNAZIALĂ ""XÁNTUS JÁNOS"" MIERCUREA CIUC",MIERCUREA CIUC,83339,URBAN,,1962101569,S04 SUBPADURE,ȘCOALA PRIMARĂ SUBPĂDURE,Unitate de învățământ,AR,,Un schimb/zi,Buget,Publică de interes naţional şi local,HARGHITA,135,530152,0366730236,0366730236,sc.xantusjanos@eduhr.ro
2025-2026,HR,MIERCUREA CIUC,83339,URBAN,1961104857,"ȘCOALA GIMNAZIALĂ ""XÁNTUS JÁNOS"" MIERCUREA CIUC",MIERCUREA CIUC,83339,URBAN,,1962101655,S04 SUMULEU,ȘCOALA PRIMARĂ ȘUMULEU,Unitate de învățământ,AR,,Un schimb/zi,Buget,Publică de interes naţional şi local,HARGHITA,135,530202,0366730236,0366730236,sc.xantusjanos@eduhr.ro
2025-2026,HR,MIHĂILENI,85083,RURAL,1961104554,"ȘCOALA GIMNAZIALĂ ""ARANY JÁNOS"" MIHĂILENI",MIHĂILENI,85083,RURAL,,1962101067,S04 MIHAILENI,ȘCOALA PRIMARĂ MIHĂILENI,Unitate de învățământ,AR,,Un schimb/zi,Buget,Publică de interes naţional şi local,MIHĂILENI, 303/D,537200,0266326052,0266326052,sc.aranyjanos@eduh.ro
2025-2026,HR,MIHĂILENI,85083,RURAL,1961104554,"ȘCOALA GIMNAZIALĂ ""ARANY JÁNOS"" MIHĂILENI",NĂDEJDEA,85109,RURAL,,1962101013,S04 NADEJDEA,ȘCOALA PRIMARĂ NĂDEJDEA,Unitate de învățământ,AR,,Un schimb/zi,Buget,Publică de interes naţional şi local,NĂDEJDEA, 117,537202,0266326149,0266326052,sc.aranyjanos@eduhr.ro
2025-2026,HR,MIHĂILENI,85083,RURAL,1961104554,"ȘCOALA GIMNAZIALĂ ""ARANY JÁNOS"" MIHĂILENI",VĂCĂREŞTI,85118,RURAL,,1962101031,S04 VACARESTI,ȘCOALA PRIMARĂ VĂCĂREŞTI,Unitate de învățământ,AR,,Un schimb/zi,Buget,Publică de interes naţional şi local,VĂCĂREȘTI, 61,537203,0266326052,0266326052,sc.aranyjanos@eduhr.ro
2025-2026,HR,MUGENI,85136,RURAL,1961104812,ȘCOALA GIMNAZIALĂ MUGENI,BETA,85154,RURAL,,1962102724,S04 BETA,ȘCOALA PRIMARĂ BETA,Unitate de învățământ,AR,,Un schimb/zi,Buget,Publică de interes naţional şi local,PRINCIPALĂ, 56,537207,0266245410,0266245410,sc.mugeni@eduhr.ro
2025-2026,HR,MUGENI,85136,RURAL,1961104812,ȘCOALA GIMNAZIALĂ MUGENI,DOBENI,85181,RURAL,,1962105926,S04 DOBENI,ȘCOALA PRIMARĂ DOBENI,Unitate de învățământ,AR,,Un schimb/zi,Buget,Publică de interes naţional şi local,MÁRTON ÁRON,14,537211,0266245410,0266245410,sc.mugeni@eduhr.ro
2025-2026,HR,MUGENI,85136,RURAL,1961104812,ȘCOALA GIMNAZIALĂ MUGENI,LUTIŢA,85190,RURAL,,1962106018,S04 LUTITA,ȘCOALA PRIMARĂ LUTIȚA,Unitate de învățământ,AR,,Un schimb/zi,Buget,Publică de interes naţional şi local,PRINCIPALĂ,77,537212,0266245410,0266245410,sc.mugeni@eduhr.ro
2025-2026,HR,MĂRTINIŞ,84932,RURAL,1961104165,"ȘCOALA GIMNAZIALĂ ""ROMÁN VIKTOR"" MĂRTINIȘ",ALDEA,84941,RURAL,,1962100369,S04 ALDEA,ȘCOALA PRIMARĂ ALDEA,Unitate de învățământ,AR,,Un schimb/zi,Buget,Publică de interes naţional şi local,PRINCIPALĂ, 6,537176,0266223068,0266223068,sc.romanviktor@eduhr.ro
2025-2026,HR,MĂRTINIŞ,84932,RURAL,1961104165,"ȘCOALA GIMNAZIALĂ ""ROMÁN VIKTOR"" MĂRTINIȘ",COMĂNEŞTI,84987,RURAL,,1962100396,S04 COMANESTI,ȘCOALA PRIMARĂ COMĂNEȘTI,Unitate de învățământ,AR,,Un schimb/zi,Buget,Publică de interes naţional şi local,PRINCIPALĂ,6,537181,0266223068,0266223068,sc.romanviktor@eduhr.ro
2025-2026,HR,MĂRTINIŞ,84932,RURAL,1961104165,"ȘCOALA GIMNAZIALĂ ""ROMÁN VIKTOR"" MĂRTINIȘ",PETRENI,85029,RURAL,,1962100505,S04 PETRENI,ȘCOALA PRIMARĂ PETRENI,Unitate de învățământ,AR,,Un schimb/zi,Buget,Publică de interes naţional şi local,PRINCIPALĂ,51,537186,0266223068,0266223068,sc.romanviktor@eduhr.ro
2025-2026,HR,OCLAND,85252,RURAL,1961100066,"ȘCOALA GIMNAZIALĂ ""KELEMEN IMRE"" OCLAND",CRĂCIUNEL,85261,RURAL,,1962100197,S04 CRACIUNEL,ȘCOALA PRIMARĂ CRĂCIUNEL,Unitate de învățământ,AR,,Un schimb/zi,Buget,Publică de interes naţional şi local,CRĂCIUNEL ,20,537226,0266224010,0266224010,sc.kelemenimre@eduhr.ro
2025-2026,HR,OCLAND,85252,RURAL,1961100066,"ȘCOALA GIMNAZIALĂ ""KELEMEN IMRE"" OCLAND",SATU NOU,85270,RURAL,,1962100202,S04 SATU NOU,ȘCOALA PRIMARĂ SATU NOU,Unitate de învățământ,AR,,Un schimb/zi,Buget,Publică de interes naţional şi local,SATU NOU ,34,537227,0266224010,0266224010,sc.kelemenimre@eduhr.ro
2025-2026,HR,PLĂIEŞII DE JOS,85298,RURAL,1961104604,"ȘCOALA GIMNAZIALĂ ""DR.LUKÁCS MIHÁLY"" PLĂIEŞII DE JOS",IACOBENI,85314,RURAL,,1962103413,"S04 ""DR.PATAKI JOZSEF"" IACOBENI","ȘCOALA PRIMARĂ ""DR.PATAKI JÓZSEF"" IACOBENI",Unitate de învățământ,AR,,Un schimb/zi,Buget,Publică de interes naţional şi local,IACOBENI, 331/A,537237,0266333019,0266333019,sc.lukacsmihaly@eduhr.ro
2025-2026,HR,PLĂIEŞII DE JOS,85298,RURAL,1961104604,"ȘCOALA GIMNAZIALĂ ""DR.LUKÁCS MIHÁLY"" PLĂIEŞII DE JOS",PLĂIEŞII DE JOS,85298,RURAL,,1962103476,S04 DOBOI,ȘCOALA PRIMARĂ DOBOI,Unitate de învățământ,AR,,Un schimb/zi,Buget,Publică de interes naţional şi local,IMPER, 141,537235,0266333019,0266333019,sc.lukacsmihaly@eduhr.ro
2025-2026,HR,PORUMBENII MARI,85216,RURAL,1961104088,"ȘCOALA GIMNAZIALĂ ""KÁNYÁDI SÁNDOR"" PORUMBENII MARI",PORUMBENII MICI,85225,RURAL,,1962102855,"S04 ""VEKAS DOMOKOS"" PORUMBENII MICI","ȘCOALA PRIMARĂ ""VÉKÁS DOMOKOS"" PORUMBENII MICI",Unitate de învățământ,AR,,Un schimb/zi,Buget,Publică de interes naţional şi local,TEMPLOM, 3,537216,0266244525,0266244525,sc.porumbenii@eduhr.ro
2025-2026,HR,PRAID,85350,RURAL,1961103924,"ȘCOALA GIMNAZIALĂ ""ÁPRILY LAJOS"" PRAID",BECAŞ,85369,RURAL,,1962105469,S04 BECAS,ȘCOALA PRIMARĂ BECAȘ,Unitate de învățământ,AR,,Un schimb/zi,Buget,Publică de interes naţional şi local,PRINCIPALĂ,10,537241,0266240013,0266240013,sc.aprilylajos@eduhr.ro
2025-2026,HR,PĂULENI-CIUC,83384,RURAL,1961104925,"ȘCOALA GIMNAZIALĂ ""MÁRTON FERENC"" PĂULENI-CIUC",DELNIŢA,83393,RURAL,,1962101239,S04 DELNITA,ȘCOALA PRIMARĂ DELNIŢA,Unitate de învățământ,AR,,Un schimb/zi,Buget,Publică de interes naţional şi local,PRINCIPALĂ,"184, 183",537231,0266333790,0266333604,scg.martonferenc@eduhr.ro
2025-2026,HR,PĂULENI-CIUC,83384,RURAL,1961104925,"ȘCOALA GIMNAZIALĂ ""MÁRTON FERENC"" PĂULENI-CIUC",ŞOIMENI,83400,RURAL,,1962101248,S04 SOIMENI,ȘCOALA PRIMARĂ ŞOIMENI,Unitate de învățământ,AR,,Un schimb/zi,Buget,Publică de interes naţional şi local,PRINCIPALĂ,10,537232,0266333789,0266333604,scg.martonferenc@eduhr.ro
2025-2026,HR,RACU,85662,RURAL,1961104097,"ȘCOALA GIMNAZIALĂ ""CSEREI MIHÁLY"" RACU",GÂRCIU,85671,RURAL,,1962101664,S04 GARCIU,ȘCOALA PRIMARĂ GÂRCIU,Unitate de învățământ,AR,,Un schimb/zi,Buget,Publică de interes naţional şi local,PRINCIPALĂ, 19,537299,0747023154,0266379311,sc.csereimihaly@eduhr.ro
2025-2026,HR,REMETEA,85421,RURAL,1961104432,"ȘCOALA GIMNAZIALĂ ""FRÁTER GYÖRGY"" REMETEA",REMETEA,85421,RURAL,,1962105858,"S04 ""TEMPLOMTER"" REMETEA","ȘCOALA PRIMARĂ ""TEMPLOMTÉR"" REMETEA",Unitate de învățământ,AR,,Un schimb/zi,Buget,Publică de interes naţional şi local,SZENT LÉNÁRD,34,537250,0266352104,0266352162,sc.fratergyorgy@eduhr.ro
2025-2026,HR,REMETEA,85421,RURAL,1961104432,"ȘCOALA GIMNAZIALĂ ""FRÁTER GYÖRGY"" REMETEA",REMETEA,85421,RURAL,,1962105849,"S04 ""VASKAPUS"" REMETEA","ȘCOALA PRIMARĂ ""VASKAPUS"" REMETEA",Unitate de învățământ,AR,,Un schimb/zi,Buget,Publică de interes naţional şi local,BIATORBÁGYI,5,537250,0266352104,0266352162,sc.fratergyorgy@eduhr.ro
2025-2026,HR,SECUIENI,85591,RURAL,1961100134,"ȘCOALA GIMNAZIALĂ ""BEM JÓZSEF"" SECUIENI",BODOGAIA,85608,RURAL,,1962102543,"S04 ""BENEDEK ELEK"" BODOGAIA","ȘCOALA PRIMARĂ ""BENEDEK ELEK"" BODOGAIA",Unitate de învățământ,AR,,Un schimb/zi,Buget,Publică de interes naţional şi local,PRINCIPALĂ, 61,537291,0266244952,0266244752,sc.bemjozsef@eduhr.ro
2025-2026,HR,SICULENI,85635,RURAL,1961104495,"ȘCOALA GIMNAZIALĂ ""ZÖLD PÉTER"" SICULENI",SICULENI,85635,RURAL,,1962106502,"S04 ""AFTER SCHOOL"" SICULENI","ȘCOALA PRIMARĂ ""AFTER SCHOOL"" SICULENI",Unitate de învățământ,AR,,Un schimb/zi,Buget,Publică de interes naţional şi local,VARGASZEG,634/B,537295,0757026858,0757026858,sc.zoldpeter@eduhr.ro
2025-2026,HR,SUBCETATE,85886,RURAL,1961104563,"LICEUL ""MIRON CRISTEA"" SUBCETATE",CĂLNACI,85895,RURAL,,1962101723,S04 CALNACI,ȘCOALA PRIMARĂ CĂLNACI,Unitate de învățământ,AR,,Un schimb/zi,Buget,Publică de interes naţional şi local,CĂLNACI, 60,537300,0266345009,0266345070,gs.mironcristea@eduhr.ro
2025-2026,HR,SUBCETATE,85886,RURAL,1961104563,"LICEUL ""MIRON CRISTEA"" SUBCETATE",FILPEA,85911,RURAL,,1962101732,S04 FILPEA,ȘCOALA PRIMARĂ FILPEA,Unitate de învățământ,AR,,Un schimb/zi,Buget,Publică de interes naţional şi local,FILPEA, 90,537300,0266345009,0266345070,gs.mironcristea@eduhr.ro
2025-2026,HR,SUSENI,85939,RURAL,1961103969,"ȘCOALA GIMNAZIALĂ ""ELEKES VENCEL"" SUSENI",CHILENI,85948,RURAL,,1962105234,S04 CHILENI,ȘCOALA PRIMARĂ CHILENI,Unitate de învățământ,AR,,Un schimb/zi,Buget,Publică de interes naţional şi local,FALUKÖZE, 1,537306,0266350005,0266350064,sc.elekesvenczel@eduhr.ro
2025-2026,HR,SUSENI,85939,RURAL,1961103969,"ȘCOALA GIMNAZIALĂ ""ELEKES VENCEL"" SUSENI",SUSENI,85939,RURAL,,1962103146,S04 MURESENI,ȘCOALA PRIMARĂ SUSENI - MUREȘ SAT,Unitate de învățământ,AR,,Un schimb/zi,Buget,Publică de interes naţional şi local,MAROSFALVA,72,537305,0266350436,0266350064,sc.elekesvenczel@eduhr.ro
2025-2026,HR,SÂNDOMINIC,85779,RURAL,1961100116,"ȘCOALA GIMNAZIALĂ ""MÁRTON ÁRON"" SÂNDOMINIC",SÂNDOMINIC,85779,RURAL,,1962103069,"S04 ""CSERALJA"" SANDOMINIC","ȘCOALA PRIMARĂ ""CSERALJA"" SÂNDOMINIC",Unitate de învățământ,AR,,Un schimb/zi,Buget,Publică de interes naţional şi local,CSERALJA, 901,537275,0266336361,0266336016,sc.martonaron@eduhr.ro
2025-2026,HR,SÂNDOMINIC,85779,RURAL,1961100116,"ȘCOALA GIMNAZIALĂ ""MÁRTON ÁRON"" SÂNDOMINIC",SÂNDOMINIC,85779,RURAL,,1962106149,S04 MARTON ARON -1 SANDOMINIC,"ȘCOALA PRIMARĂ ""MÁRTON ÁRON"" -1 SÂNDOMINIC",Unitate de învățământ,AR,,Un schimb/zi,Buget,Publică de interes naţional şi local,ALSZEG,1646,537275,0266336016,0266336016,sc.martonaron@eduhr.ro
2025-2026,HR,SÂNDOMINIC,85779,RURAL,1961100116,"ȘCOALA GIMNAZIALĂ ""MÁRTON ÁRON"" SÂNDOMINIC",SÂNDOMINIC,85779,RURAL,,1962106158,S04 MARTON ARON -2 SANDOMINIC,"ȘCOALA PRIMARĂ ""MÁRTON ÁRON"" -2 SÂNDOMINIC",Unitate de învățământ,AR,,Un schimb/zi,Buget,Publică de interes naţional şi local,ALSZEG,1746,537275,0266336016,0266336016,sc.martonaron@eduhr.ro
2025-2026,HR,SÂNDOMINIC,85779,RURAL,1961100116,"ȘCOALA GIMNAZIALĂ ""MÁRTON ÁRON"" SÂNDOMINIC",SÂNDOMINIC,85779,RURAL,,1962103051,"S04 ""SAROSUT"" SANDOMINIC","ȘCOALA PRIMARĂ ""SÁROSÚT"" SÂNDOMINIC",Unitate de învățământ,AR,,Un schimb/zi,Buget,Publică de interes naţional şi local,SÁROSÚT, 1920,537275,0266336016,0266336016,sc.martonaron@eduhr.ro
2025-2026,HR,SÂNSIMION,85859,RURAL,1961104893,"ȘCOALA GIMNAZIALĂ ""ENDES JÓZSEF"" SÂNSIMION",CETĂŢUIA,85868,RURAL,,1962100871,"S04 ""BENEDEK ELEK"" CETATUIA","ȘCOALA PRIMARĂ ""BENEDEK ELEK"" CETĂŢUIA",Unitate de învățământ,AR,,Un schimb/zi,Buget,Publică de interes naţional şi local,CETĂŢUIA , 38,537286,0366401950,0366401950,sc.endesjozsef@eduhr.ro
2025-2026,HR,SÂNTIMBRU,85742,RURAL,1961104251,"ȘCOALA GIMNAZIALĂ ""ARANY JÁNOS"" SÂNTIMBRU",SÂNTIMBRU,85742,RURAL,,1962102525,"S04 ""PALSZEG"" SANTIMBRU","ȘCOALA PRIMARĂ ""PÁLSZEG"" SÂNTIMBRU",Unitate de învățământ,AR,,Un schimb/zi,Buget,Publică de interes naţional şi local,PRINCIPALĂ, 251,537271,0266347073,0266347073,scg.aranyjanos@eduhr.ro
2025-2026,HR,SĂCEL,85476,RURAL,1961104599,ȘCOALA GIMNAZIALĂ SĂCEL,VIDACUT,85519,RURAL,,1962102493,S04 VIDACUT,ȘCOALA PRIMARĂ VIDACUT,Unitate de învățământ,AR,,Un schimb/zi,Buget,Publică de interes naţional şi local,VIDACUT, 115,537259,0266221019,0266221019,sc.sacel@eduhr.ro
2025-2026,HR,SĂCEL,85476,RURAL,1961104599,ȘCOALA GIMNAZIALĂ SĂCEL,ŞOIMUŞU MARE,85485,RURAL,,1962102457,S04 SOIMUSU MARE,ȘCOALA PRIMARĂ ŞOIMUŞU MARE,Unitate de învățământ,AR,,Un schimb/zi,Buget,Publică de interes naţional şi local,ŞOIMUŞU MARE ,103,535256,0266221019,0266221019,sc.sacel@eduhr.ro
2025-2026,HR,SĂRMAŞ,85537,RURAL,1961103951,"ȘCOALA GIMNAZIALĂ ""SFÂNTU ANDREI"" SĂRMAŞ",FUNDOAIA,85546,RURAL,,1962102905,S04 FUNDOAIA,ȘCOALA PRIMARĂ FUNDOAIA,Unitate de învățământ,AR,,Un schimb/zi,Buget,Publică de interes naţional şi local,MIRON CRISTEA , 62,537260,0266350615,0266350615,sc.sfantuandrei@eduhr.ro
2025-2026,HR,SĂRMAŞ,85537,RURAL,1961103951,"ȘCOALA GIMNAZIALĂ ""SFÂNTU ANDREI"" SĂRMAŞ",HODOŞA,85555,RURAL,,1962102968,S04 HODOSA SAT,ȘCOALA PRIMARĂ HODOŞA SAT,Unitate de învățământ,AR,,Un schimb/zi,Buget,Publică de interes naţional şi local,IOAN BATENȚIANU ,2,537260,0266350704,0266350615,sc.sfantuandrei@eduhr.ro
2025-2026,HR,SĂRMAŞ,85537,RURAL,1961103951,"ȘCOALA GIMNAZIALĂ ""SFÂNTU ANDREI"" SĂRMAŞ",HODOŞA,85555,RURAL,,1962102932,S04 HODOSA GARA,ȘCOALA PRIMARĂ HODOȘA GARA,Unitate de învățământ,AR,,Un schimb/zi,Buget,Publică de interes naţional şi local,LIBERTĂȚII,80,537260,0266350704,0266350615,sc.sfantuandrei@eduhr.ro
2025-2026,HR,SĂRMAŞ,85537,RURAL,1961103951,"ȘCOALA GIMNAZIALĂ ""SFÂNTU ANDREI"" SĂRMAŞ",PLATONEŞTI,85564,RURAL,,1962102891,S04 PLATONESTI,ȘCOALA PRIMARĂ PLATONEŞTI,Unitate de învățământ,AR,,Un schimb/zi,Buget,Publică de interes naţional şi local,1 DECEMBRIE 1918, 31,537260,0266350615,0266350615,sc.sfantuandrei@eduhr.ro
2025-2026,HR,TOPLIŢA,83641,URBAN,1961104269,"ȘCOALA GIMNAZIALĂ ""ANDREI ȘAGUNA"" TOPLIŢA",TOPLIŢA,83641,URBAN,,1962102602,"S04 ""DEALULUI"" TOPLITA","ȘCOALA PRIMARĂ ""DEALULUI"" TOPLIŢA",Unitate de învățământ,AR,,Program normal,Buget,Publică de interes naţional şi local,DEALULUI, 7,535700,0266341420,0266341838,sc.nr1toplita@eduhr.ro
2025-2026,HR,TOPLIŢA,83641,URBAN,1961103788,"ȘCOALA GIMNAZIALĂ ""MIRON CRISTEA"" TOPLIŢA",MOGLĂNEŞTI,83687,URBAN,,1962102412,S04 TOPLITA-MOGLANESTI,ȘCOALA PRIMARĂ TOPLIŢA-MOGLĂNEȘTI,Unitate de învățământ,AR,,Un schimb/zi,Buget,Publică de interes naţional şi local,AVRAM IANCU, 126 A,535704,0266342647,0266342647,sc.mironcristea@eduhr.ro
2025-2026,HR,TOPLIŢA,83641,URBAN,1961103779,"ȘCOALA GIMNAZIALĂ ""SFÂNTU ILIE"" TOPLIŢA",TOPLIŢA,83641,URBAN,,1962100898,S04 TOPLITA-CORNISA,ȘCOALA PRIMARĂ TOPLIȚA-CORNIȘA,Unitate de învățământ,AR,,Un schimb/zi,Buget,Publică de interes naţional şi local,DEALULUI, 7/A,535700,0266341914,0266341700,sc.sfantuilie@eduhr.ro
2025-2026,HR,TOPLIŢA,83641,URBAN,1961103779,"ȘCOALA GIMNAZIALĂ ""SFÂNTU ILIE"" TOPLIŢA",TOPLIŢA,83641,URBAN,,1962100889,S04 TOPLITA-ZENCANI,ȘCOALA PRIMARĂ TOPLIȚA-ZENCANI,Unitate de învățământ,AR,,Un schimb/zi,Buget,Publică de interes naţional şi local,TEIULUI, 3,535708,0266341451,0266341700,sc.sfantuilie@eduhr.ro
2025-2026,HR,TULGHEŞ,86142,RURAL,1961104649,ȘCOALA GIMNAZIALĂ TULGHEȘ,TULGHEŞ,86142,RURAL,,1962102231,S04 TULGHES POIANA VECHE,ȘCOALA PRIMARĂ TULGHEȘ - POIANA VECHE,Unitate de învățământ,AR,,Un schimb/zi,Buget,Publică de interes naţional şi local,POIANA VECHE, 26,537330,0266338109,0266338333,sc.tulghes@eduhr.ro
2025-2026,HR,TULGHEŞ,86142,RURAL,1961104649,ȘCOALA GIMNAZIALĂ TULGHEȘ,TULGHEŞ,86142,RURAL,,1962102222,S04 TULGHES PUTNA,ȘCOALA PRIMARĂ TULGHEȘ-PUTNA,Unitate de învățământ,AR,,Un schimb/zi,Buget,Publică de interes naţional şi local,PRINCIPALĂ , 217,537330,0266338109,0266338333,sc.tulghes@eduhr.ro
2025-2026,HR,VALEA RECE,84745,RURAL,1961103892,ȘCOALA GIMNAZIALĂ VALEA RECE,LUNCA DE JOS,84665,RURAL,,1962102136,S04 PUNTEA LUPULUI,ȘCOALA PRIMARĂ PUNTEA LUPULUI,Unitate de învățământ,AR,,Un schimb/zi,Buget,Publică de interes naţional şi local,PUNTEA LUPULUI, 1686,537146,0266339663,0266339663,sc.valearece@eduhr.ro
2025-2026,HR,VALEA RECE,84745,RURAL,1961103892,ȘCOALA GIMNAZIALĂ VALEA RECE,POIANA FAGULUI,84683,RURAL,,1962102145,S04 POIANA FAGULUI,ȘCOALA PRIMARĂ POIANA FAGULUI,Unitate de învățământ,AR,,Un schimb/zi,Buget,Publică de interes naţional şi local,POIANA FAGULUI, 1411,537153,0266339705,0266339663,sc.valearece@eduhr.ro
2025-2026,HR,VALEA RECE,84745,RURAL,1961103892,ȘCOALA GIMNAZIALĂ VALEA RECE,VALEA RECE,84745,RURAL,,1962102154,"S04 ""FONOCSKA"" VALEA RECE","ȘCOALA PRIMARĂ ""FONÓCSKA"" VALEA RECE",Unitate de învățământ,AR,,Un schimb/zi,Buget,Publică de interes naţional şi local,VALEA RECE, 1166,537153,0266339663,0266339663,sc.valearece@eduhr.ro
2025-2026,HR,VALEA RECE,84745,RURAL,1961103892,ȘCOALA GIMNAZIALĂ VALEA RECE,VALEA RECE,84745,RURAL,,1962102172,S04 GURA VAII RECE,ȘCOALA PRIMARĂ GURA VĂII RECE,Unitate de învățământ,AR,,Un schimb/zi,Buget,Publică de interes naţional şi local,VALEA RECE, 892,537153,0266339643,0266339663,sc.valearece@eduhr.ro
2025-2026,HR,VLĂHIŢA,83758,URBAN,1961104708,"ȘCOALA GIMNAZIALĂ ""MÁRTONFFI JÁNOS"" VLĂHIȚA",VLĂHIŢA,83758,URBAN,,1962106235,"S04 ""MARTONFFI"" VLAHITA","ȘCOALA PRIMARĂ ""MÁRTONFFI JÁNOS"" VLĂHIȚA",Unitate de învățământ,AR,,Un schimb/zi,Buget,Publică de interes naţional şi local,1 MAI,23,535800,0266246071,0266246071,sc.martonffijanos@eduhr.ro
2025-2026,HR,VLĂHIŢA,83758,URBAN,1961104708,"ȘCOALA GIMNAZIALĂ ""MÁRTONFFI JÁNOS"" VLĂHIȚA",VLĂHIŢA,83758,URBAN,,1962106244,"S04 ""NARCISZ"" VLAHITA","ȘCOALA PRIMARĂ ""NÁRCISZ"" VLĂHIȚA",Unitate de învățământ,AR,,Un schimb/zi,Buget,Publică de interes naţional şi local,HARGHITEI,63,535800,0266246071,0266246071,sc.martonffijanos@eduhr.ro
2025-2026,HR,VOŞLĂBENI,86348,RURAL,1961104803,"ȘCOALA GIMNAZIALĂ ""TEODOR CHINDEA"" VOȘLĂBENI",IZVORU MUREŞULUI,86357,RURAL,,1962102317,"S04 ""ION CREANGA "" IZVORUL MURESULUI","ȘCOALA PRIMARĂ ""ION CREANGĂ"" IZVORU MUREȘULUI",Unitate de învățământ,AR,,Un schimb/zi,Buget,Publică de interes naţional şi local,PRINCIPALĂ, 581,537356,0266351712,0266351607,sc.teodorchindea@eduhr.ro
2025-2026,HR,VOŞLĂBENI,86348,RURAL,1961104803,"ȘCOALA GIMNAZIALĂ ""TEODOR CHINDEA"" VOȘLĂBENI",IZVORU MUREŞULUI,86357,RURAL,,1962102308,"S04 ""EBNER JENO"" IZVORUL MURESULUI","ȘCOALA PRIMARĂ ""ÉBNER JENŐ"" IZVORU MUREȘULUI",Unitate de învățământ,AR,,Un schimb/zi,Buget,Publică de interes naţional şi local,PRINCIPALĂ, 651,537356,0266363968,0266351607,sc.teodorchindea@eduhr.ro
2025-2026,HR,VOŞLĂBENI,86348,RURAL,1961104803,"ȘCOALA GIMNAZIALĂ ""TEODOR CHINDEA"" VOȘLĂBENI",VOŞLĂBENI,86348,RURAL,,1962102353,S04 VOSLABENI-HEVEDER,"ȘCOALA PRIMARĂ ""HEVEDER"" VOȘLĂBENI",Unitate de învățământ,AR,,Un schimb/zi,Buget,Publică de interes naţional şi local,NICODIM RUSU, 207,537355,0266351809,0266351607,sc.teodorchindea@eduhr.ro
2025-2026,HR,VĂRŞAG,86320,RURAL,1961103915,"ȘCOALA GIMNAZIALĂ ""KÖRÖSI CSOMA SÁNDOR"" VĂRȘAG",VĂRŞAG,86320,RURAL,,1962106592,S04 VARSAG,ȘCOALA PRIMARĂ VĂRȘAG,Unitate de învățământ,AR,,Un schimb/zi,Buget,Publică de interes naţional şi local,LĂZURELE,211,537350,0266244416,0266244416,sc.korosicsomasandor@eduhr.ro
2025-2026,HR,ZETEA,86375,RURAL,1961104753,"LICEUL ""DR.P. BOROS FORTUNAT"" ZETEA",IZVOARE,86393,RURAL,,1962105311,"S04 ""SZEKELY JANOS"" IZVOARE","ȘCOALA PRIMARĂ ""SZÉKELY JÁNOS"" IZVOARE",Unitate de învățământ,AR,,Un schimb/zi,Buget,Publică de interes naţional şi local,PRINCIPALĂ, 162,537362,0266241122,0266241122,lt.borosfortunat@eduhr.ro
2025-2026,HR,ZETEA,86375,RURAL,1961104753,"LICEUL ""DR.P. BOROS FORTUNAT"" ZETEA",ZETEA,86375,RURAL,,1962101429,"S04 ""BELSO"" ZETEA","ȘCOALA PRIMARĂ ""BELSŐ"" ZETEA",Unitate de învățământ,AR,,Un schimb/zi,Buget,Publică de interes naţional şi local,ȘCOLII,6,537360,0266241126,0266241122,lt.borosfortunat@eduhr.ro
2025-2026,HR,ZETEA,86375,RURAL,1961104753,"LICEUL ""DR.P. BOROS FORTUNAT"" ZETEA",ZETEA,86375,RURAL,,1962101456,S04 ZETEA TOFALAU,ȘCOALA PRIMARĂ TOFALĂU,Unitate de învățământ,AR,,Un schimb/zi,Buget,Publică de interes naţional şi local,TÓFALVA,88,537360,0266241271,0266241122,lt.borosfortunat@eduhr.ro
2025-2026,IF,AFUMAŢI,100843,RURAL,2361101431,ȘCOALA GIMNAZIALĂ NR. 1 AFUMAȚI,AFUMAŢI,100843,RURAL,,2362100986,ȘCOALA PRIMARĂ NR. 2 AFUMAȚI,ȘCOALA PRIMARĂ NR. 2 AFUMAȚI,Unitate de învățământ,AR,,Două schimburi/zi,Buget,Publică de interes naţional şi local,SCOLII,35,077010,0213501285,0000000000,scoala_afumati@yahoo.com
2025-2026,IF,AFUMAŢI,100843,RURAL,2361101431,ȘCOALA GIMNAZIALĂ NR. 1 AFUMAȚI,AFUMAŢI,100843,RURAL,,2362100995,ȘCOALA PRIMARĂ NR. 3 AFUMAȚI,ȘCOALA PRIMARĂ NR. 3 AFUMAȚI,Unitate de învățământ,AR,,Două schimburi/zi,Buget,Publică de interes naţional şi local,SOS. BUCUREȘTI-URZICENI,228,077010,0213501284,0000000000,scoala_afumati@yahoo.com
2025-2026,IF,BALOTEŞTI,100978,RURAL,2361101978,ȘCOALA GIMNAZIALĂ NR. 1 BALOTEȘTI,BALOTEŞTI,100978,RURAL,,2362100968,ŞCOALA PRIMARĂ NR. 2 BALOTEȘTI,ȘCOALA PRIMARĂ NR. 2 BALOTEŞTI,Unitate de învățământ,AR,,Două schimburi/zi,Buget,Publică de interes naţional şi local,UNIRII,224,077015,0213522871,0213511096,scoala_balotesti@yahoo.com
2025-2026,IF,BERCENI,101154,RURAL,2361102192,ȘCOALA GIMNAZIALĂ NR. 1 BERCENI,BERCENI,101154,RURAL,,2362100932,ŞCOALA PRIMARĂ NR. 2 BERCENI,ȘCOALA PRIMARĂ NR. 2 BERCENI,Unitate de învățământ,AR,,Două schimburi/zi,Buget,Publică de interes naţional şi local,1 MAI, 161,077020,0213612700,0213612700,scoala1berceni@yahoo.com
2025-2026,IF,BERCENI,101154,RURAL,2361201316,"ȘCOALA PRIMARĂ ""KINDERSTAR"" BERCENI",BERCENI,101154,RURAL,232724076,2361201316,"ŞCOALA PRIMARĂ ""KINDERSTAR"" BERCENI","ȘCOALA PRIMARĂ ""KINDERSTAR"" BERCENI",Unitate de învățământ,PJ,31701565,Un schimb/zi,Taxă,Privată,1 MAI,21,077020,0747339202,0747339202,dea_dragan@yahoo.com
2025-2026,IF,BRĂNEŞTI,101305,RURAL,2361101734,ȘCOALA GIMNAZIALĂ NR. 1 BRĂNEŞTI,BRĂNEŞTI,101305,RURAL,,2362100914,ŞCOALA PRIMARĂ NR. 1 BRĂNEȘTI,ȘCOALA PRIMARĂ NR. 1 ISLAZ - BRĂNEȘTI,Unitate de învățământ,AR,,Un schimb/zi,Buget,Publică de interes naţional şi local,POSADA,3A,077031,0213522603,0213501331,scoala1branesti@yahoo.com
2025-2026,IF,CHIAJNA,179258,RURAL,2361202638,ȘCOALA PRIMARĂ ”INTERNATIONAL KIDS ACADEMY” ROȘU - CHIAJNA,CHIAJNA,179258,RURAL,231131351,2361202638,ȘCOALA PRIMARĂ ”INTERNATIONAL KIDS ACADEMY”CHIAJNA,ȘCOALA PRIMARĂ ”INTERNATIONAL KIDS ACADEMY” ROȘU - CHIAJNA,Unitate de învățământ,PJ,33893203,Un schimb/zi,Taxă,Privată,CĂPITAN IONESCU ION,2,077042,0721917891,0721917891,gradinitaika@gmail.com
2025-2026,IF,CHITILA,179294,URBAN,2361101544,"ȘCOALA GIMNAZIALĂ ""PROF. ION VIŞOIU"" CHITILA",CHITILA,179294,URBAN,,2362101033,"ȘCOALA PRIMARĂ ""ELEONORA ILIESCU"" CHITILA","ȘCOALA PRIMARĂ ""ELEONORA ILIESCU"" CHITILA",Unitate de învățământ,AR,,Două schimburi/zi,Buget,Publică de interes naţional şi local,SCOLII,36,077045,0214364121,0214364121,scoala_generala_nr1_chitila@yahoo.com
2025-2026,IF,CHITILA,179294,URBAN,2361101544,"ȘCOALA GIMNAZIALĂ ""PROF. ION VIŞOIU"" CHITILA",CHITILA,179294,URBAN,,2362101042,"ȘCOALA PRIMARĂ ""ION OLTEANU"" CHITILA","ȘCOALA PRIMARĂ ""ION OLTEANU"" CHITILA",Unitate de învățământ,AR,,Două schimburi/zi,Buget,Publică de interes naţional şi local,ION OLTEANU,2,077045,0213616488,0214363010,scoala_generala_nr1_chitila@yahoo.com
2025-2026,IF,CHITILA,179294,URBAN,2361101544,"ȘCOALA GIMNAZIALĂ ""PROF. ION VIŞOIU"" CHITILA",CHITILA,179294,URBAN,,2362101051,ȘCOALA PRIMARĂ NR. 1 RUDENI-CHITILA,ȘCOALA PRIMARĂ NR. 1 RUDENI-CHITILA,Unitate de învățământ,AR,,Două schimburi/zi,Buget,Publică de interes naţional şi local,PANDURI,4,077046,0214900485,0214900485,scoala_generala_nr1_chitila@yahoo.com
2025-2026,IF,CLINCENI,102044,RURAL,2361101761,LICEUL CU PROGRAM SPORTIV ”HELMUT DUCKADAM” CLINCENI,CLINCENI,102044,RURAL,,2362100733,ȘCOALA PRIMARĂ NR. 1 CLINCENI,ȘCOALA PRIMARĂ NR. 1 CLINCENI,Unitate de învățământ,AR,,Un schimb/zi,Buget,Publică de interes naţional şi local,MONUMENTUL EROILOR,120,077060,0213694040,0000000000,scoalanr.1clinceni@yahoo.com
2025-2026,IF,CLINCENI,102044,RURAL,2361101761,LICEUL CU PROGRAM SPORTIV ”HELMUT DUCKADAM” CLINCENI,CLINCENI,102044,RURAL,,2362100742,ȘCOALA PRIMARĂ NR. 2 OLTENI - CLINCENI,ȘCOALA PRIMARĂ NR. 2 OLTENI - CLINCENI,Unitate de învățământ,AR,,Un schimb/zi,Buget,Publică de interes naţional şi local,CIOROGARLEI,10,077061,0213694040,0000000000,scoalanr.1clinceni@yahoo.com
2025-2026,IF,CORBEANCA,102179,RURAL,2361202706,ȘCOALA PRIMARĂ ”ANASTASYA” CORBEANCA,CORBEANCA,102179,RURAL,232549737,2361202706,ȘCOALA PRIMARĂ ”ANASTASYA” CORBEANCA,ȘCOALA PRIMARĂ ”ANASTASYA” CORBEANCA,Unitate de învățământ,PJ,25681005,Un schimb/zi,Taxă,Privată,SOS. UNIRII,327,077065,0212666066,0212666066,office@anastasya.ro
2025-2026,IF,CORBEANCA,102179,RURAL,2361202715,ȘCOALA PRIMARĂ ”ST. NIKLAS” TĂMAȘI - CORBEANCA,CORBEANCA,102179,RURAL,231236840,2361202715,ȘCOALA PRIMARĂ ”ST. NIKLAS” TĂMAȘI - CORBEANCA,ȘCOALA PRIMARĂ ”ST. NIKLAS” TĂMAȘI - CORBEANCA,Unitate de învățământ,PJ,35313680,Un schimb/zi,Taxă,Privată,ALEEA VERONICA,4,077068,0314223451,0314223451,stniklasprimaryschool@yahoo.com
2025-2026,IF,DRAGOMIREŞTI-VALE,102614,RURAL,2361102111,"LICEUL TEHNOLOGIC ""VINTILĂ BRĂTIANU"" DRAGOMIREȘTI VALE",DRAGOMIREŞTI-VALE,102614,RURAL,,2362101182,ȘCOALA PRIMARĂ NR. 1 ZURBAUA - DRAGOMIREȘTI VALE,ȘCOALA PRIMARĂ NR. 1 ZURBAUA - DRAGOMIREȘTI VALE,Unitate de învățământ,AR,,Un schimb/zi,Buget,Publică de interes naţional şi local,GHIOCEILOR,83,077097,0214367190,0214367190,grscvintilabratianu@yahoo.com
2025-2026,IF,GĂNEASA,103149,RURAL,2361102102,ȘCOALA GIMNAZIALĂ NR. 1 GĂNEASA,GĂNEASA,103149,RURAL,,2362100543,ȘCOALA PRIMARĂ NR. 1 MOARA DOMNEASCĂ - GĂNEASA,ȘCOALA PRIMARĂ NR. 1 MOARA DOMNEASCĂ - GĂNEASA,Unitate de învățământ,AR,,Un schimb/zi,Buget,Publică de interes naţional şi local,KONTZEBUIE,4,077102,0213521044,0213521044,scoalaganeasa@yahoo.com
2025-2026,IF,GĂNEASA,103149,RURAL,2361102102,ȘCOALA GIMNAZIALĂ NR. 1 GĂNEASA,GĂNEASA,103149,RURAL,,2362100579,ȘCOALA PRIMARĂ NR. 2 COZIENI - GĂNEASA,ȘCOALA PRIMARĂ NR. 2 COZIENI - GĂNEASA,Unitate de învățământ,AR,,Un schimb/zi,Buget,Publică de interes naţional şi local,MĂNĂSTIRII,2 A,077101,0213521044,0213521044,scoalaganeasa@yahoo.com
2025-2026,IF,MOGOŞOAIA,179472,RURAL,2361201931,"ȘCOALA PRIMARĂ ""EXPLORE 100"" MOGOȘOAIA",MOGOŞOAIA,179472,RURAL,408093534,2361201931,"ȘCOALA PRIMARĂ ""EXPLORE 100"" MOGOȘOAIA","ȘCOALA PRIMARĂ ""EXPLORE 100"" MOGOȘOAIA",Unitate de învățământ,PJ,29411985,Un schimb/zi,Taxă,Privată,CONSTANTIN TĂNĂSESCU,6,077135,0722110221,0722110221,scoalaexplore100@yahoo.ro
2025-2026,IF,NUCI,104430,RURAL,2361100032,ȘCOALA GIMNAZIALĂ NR. 1 NUCI,NUCI,104430,RURAL,,2362100317,ȘCOALA PRIMARĂ NR. 1 MERII PETCHII - NUCI,ȘCOALA PRIMARĂ NR. 1 MERII PETCHII - NUCI,Unitate de învățământ,AR,,Un schimb/zi,Buget,Publică de interes naţional şi local, CRINILOR,72,077142,0212696127,0212696127,scoalanuci@yahoo.com
2025-2026,IF,NUCI,104430,RURAL,2361100032,ȘCOALA GIMNAZIALĂ NR. 1 NUCI,NUCI,104430,RURAL,,2362100353,ȘCOALA PRIMARĂ NR. 2 MICŞUNEŞTII MARI - NUCI,ȘCOALA PRIMARĂ NR. 2 MICŞUNEŞTII MARI - NUCI,Unitate de învățământ,AR,,Un schimb/zi,Buget,Publică de interes naţional şi local, ORHIDEELOR,82,077144,0212696127,0212696127,scoalanuci@yahoo.com
2025-2026,IF,OTOPENI,179490,URBAN,2361203422,ȘCOALA PRIMARĂ ”ALEXANDER” OTOPENI,OTOPENI,179490,URBAN,,2361203422,ȘCOALA PRIMARĂ ”ALEXANDER” OTOPENI,ȘCOALA PRIMARĂ ”ALEXANDER” OTOPENI,Unitate de învățământ,PJ,48742462,Un schimb/zi,Taxă,Privată,23 AUGUST,133-135,077135,0726454131,0000000000,scoala.alexander@gmail.com
2025-2026,IF,PETRĂCHIOAIA,104591,RURAL,2361101526,ȘCOALA GIMNAZIALĂ NR. 1 PETRĂCHIOAIA,PETRĂCHIOAIA,104591,RURAL,,2362100222,ȘCOALA PRIMARĂ NR. 1 MĂINEASCA - PETRĂCHIOAIA,ȘCOALA PRIMARĂ NR. 1 MĂINEASCA - PETRĂCHIOAIA,Unitate de învățământ,AR,,Un schimb/zi,Buget,Publică de interes naţional şi local,SINESTI,13,077156,0213617464,0213617464,scoala1petrachioaia@yahoo.com
2025-2026,IF,PETRĂCHIOAIA,104591,RURAL,2361101526,ȘCOALA GIMNAZIALĂ NR. 1 PETRĂCHIOAIA,PETRĂCHIOAIA,104591,RURAL,,2362100199,ȘCOALA PRIMARĂ NR. 2 SURLARI - PETRĂCHIOAIA,ȘCOALA PRIMARĂ NR. 2 SURLARI - PETRĂCHIOAIA,Unitate de învățământ,AR,,Un schimb/zi,Buget,Publică de interes naţional şi local,CRISULUI,193,077157,0213617464,0213617464,scoala1petrachioaia@yahoo.com
2025-2026,IF,PETRĂCHIOAIA,104591,RURAL,2361101526,ȘCOALA GIMNAZIALĂ NR. 1 PETRĂCHIOAIA,PETRĂCHIOAIA,104591,RURAL,,2362100204,ȘCOALA PRIMARĂ NR. 3 VÂNĂTORI - PETRĂCHIOAIA,ȘCOALA PRIMARĂ NR. 3 VÂNĂTORI - PETRĂCHIOAIA,Unitate de învățământ,AR,,Un schimb/zi,Buget,Publică de interes naţional şi local,GAGU,69,077158,0213617464,0213617464,scoala1petrachioaia@yahoo.com
2025-2026,IF,VIDRA,105945,RURAL,2361101309,"LICEUL TEORETIC ""ALEXANDRU ROSETTI"" VIDRA",VIDRA,105945,RURAL,,2362100145,ȘCOALA PRIMARĂ NR. 1 VIDRA,ȘCOALA PRIMARĂ NR. 1 VIDRA,Unitate de învățământ,AR,,Un schimb/zi,Buget,Publică de interes naţional şi local,PRINCIPALA,315,077185,0213612074,0213612074,vidra.al.rosetti@gmail.com
2025-2026,IF,VOLUNTARI,179560,URBAN,2361202371,"ŞCOALA PRIMARĂ ""OPTIMA"" VOLUNTARI",VOLUNTARI,179560,URBAN,232558154,2361202371,"ŞCOALA PRIMARĂ ""OPTIMA"" VOLUNTARI","ŞCOALA PRIMARĂ ""OPTIMA"" VOLUNTARI",Unitate de învățământ,PJ,26752961,Un schimb/zi,Taxă,Privată,BDUL EROILOR,6-8,077042,0213130807,0213130807,office@optimaedu.ro
2025-2026,IF,VOLUNTARI,179560,URBAN,2361201515,"ȘCOALA PRIMARĂ ""BEL SORRISO"" VOLUNTARI",VOLUNTARI,179560,URBAN,232579354,2361201515,"ȘCOALA PRIMARĂ ""BEL SORRISO"" VOLUNTARI","ȘCOALA PRIMARĂ ""BEL SORRISO"" VOLUNTARI",Unitate de învățământ,PJ,27412445,Un schimb/zi,Taxă,Privată,EROU MIRCEA MARINESCU,45,077190,0213518778,0213518778,gradinitabelsorriso@yahoo.com
2025-2026,IF,VOLUNTARI,179560,URBAN,2361202362,"ȘCOALA PRIMARĂ ""DREAMLAND"" VOLUNTARI",VOLUNTARI,179560,URBAN,232547052,2361202362,"ȘCOALA PRIMARĂ ""DREAMLAND"" VOLUNTARI","ȘCOALA PRIMARĂ ""DREAMLAND"" VOLUNTARI",Unitate de învățământ,PJ,25534225,Un schimb/zi,Taxă,Privată,BDUL PIPERA,82,077190,0722646377,0217712828,office@gradintadreamland.ro
2025-2026,IF,VOLUNTARI,179560,URBAN,2361201293,"ȘCOALA PRIMARĂ ""MARK TWAIN INTERNATIONAL SCHOOL"" VOLUNTARI",VOLUNTARI,179560,URBAN,232685220,2361201293,"ȘC.PRI.""MARK TWAIN INTERNATIONAL SCHOOL"" VOLUNTARI","ȘCOALA PRIMARĂ ""MARK TWAIN INTERNATIONAL SCHOOL"" VOLUNTARI",Unitate de învățământ,PJ,30592222,Un schimb/zi,Taxă,Privată,EROU IANCU NICOLAE,25A,077190,0212678912,0212678915,contact@marktwainschool.ro
2025-2026,IF,VOLUNTARI,179560,URBAN,2361202733,ȘCOALA PRIMARĂ ”EXPLORIA” VOLUNTARI,VOLUNTARI,179560,URBAN,232688026,2361202733,ȘCOALA PRIMARĂ ”EXPLORIA” VOLUNTARI,ȘCOALA PRIMARĂ ”EXPLORIA” VOLUNTARI,Unitate de învățământ,PJ,30751581,Un schimb/zi,Taxă,Privată,EUGEN JEBELEANU - locație 1/ DRUMUL BISERICII- locație 2,1/35,077190,0720200010,0720200010,office@gradinitazece.ro
2025-2026,IF,VOLUNTARI,179560,URBAN,2361203214,ȘCOALA PRIMARĂ ”QUANTUM” VOLUNTARI,VOLUNTARI,179560,URBAN,,2361203214,ȘCOALA PRIMARĂ ”QUANTUM” VOLUNTARI,ȘCOALA PRIMARĂ ”QUANTUM” VOLUNTARI,Unitate de învățământ,PJ,46248935,Un schimb/zi,Taxă,Privată,STR. DRUMUL POTCOAVEI,21A,,0722345677,0762352628,contact@scoala-quantum.ro
2025-2026,IF,ŞTEFĂNEŞTII DE JOS,105428,RURAL,2361202611,ȘCOALA PRIMARĂ ”JUNIOR SCHOOL”ȘTEFĂNEȘTII DE JOS,ŞTEFĂNEŞTII DE JOS,105428,RURAL,234183185,2361202611,ȘCOALA PRIMARĂ ”JUNIOR SCHOOL”ȘTEFĂNEȘTII DE JOS,ȘCOALA PRIMARĂ ”JUNIOR SCHOOL”ȘTEFĂNEȘTII DE JOS,Unitate de învățământ,PJ,26061907,Un schimb/zi,Taxă,Privată,ȘOS. DE CENTURĂ,50,077175,0744859185,0744859185,office@junior-school.ro
2025-2026,IL,BUEŞTI,92818,RURAL,2161100858,ŞCOALA PRIMARĂ BUEŞTI,BUEŞTI,92818,RURAL,210537807,2161100858,ŞC.PRIMARĂ BUEŞTI,ŞCOALA PRIMARĂ BUEŞTI,Unitate de învățământ,PJ,33561336,Un schimb/zi,Buget,Publică de interes naţional şi local,TINERETULUI, 1,927012,0751252932,0751252932,sc_buesti@yahoo.com
2025-2026,IL,BĂRCĂNEŞTI,101065,RURAL,2161101511,ŞCOALA GIMNAZIALĂ BĂRCĂNEŞTI,CONDEEŞTI,101074,RURAL,,2162100496,ŞC.PRIM.CONDEEŞTI-ŞC.GIM.BĂRCĂNEŞTI,ŞCOALA PRIMARĂ CONDEEŞTI-ŞC.GIM.BĂRCĂNEŞTI,Unitate de învățământ,AR,,Un schimb/zi,Buget,Publică de interes naţional şi local,MIHAI VITEAZUL,133,927046,0343401937,0343401937,sc_barcanesti@yahoo.com
2025-2026,IL,CIULNIŢA,93165,RURAL,2161101081,ŞCOALA GIMNAZIALĂ CIULNIŢA,POIANA,93192,RURAL,,2162100148,"ŞC.PRIM.""PETRACHE POENARU"" POIANA-ŞC.GIM.CIULNIŢA","ŞCOALA PRIMARĂ ""PETRACHE POENARU"" POIANA-ŞC.GIM.CIULNIŢA",Unitate de învățământ,AR,,Un schimb/zi,Buget,Publică de interes naţional şi local,TUDOR VLADIMIRESCU,2,927083,0243239406,0243218120,sc_poiana@yahoo.com
2025-2026,IL,COSÂMBEŞTI,93245,RURAL,2161101407,ŞCOALA GIMNAZIALĂ COSÂMBEŞTI,GIMBĂŞANI,93254,RURAL,,2162100044,ŞC.PRIM.GIMBĂŞANI-ŞC.GIM.COSÂMBEŞTI,ŞCOALA PRIMARĂ GIMBĂŞANI-ŞC.GIM.COSÂMBEŞTI,Unitate de învățământ,AR,,Un schimb/zi,Buget,Publică de interes naţional şi local,ŞOS.SLOBOZIA-ŢĂNDĂREIE   , 129,927091,0243219105,0243218504,sc_cosambesti@yahoo.com
2025-2026,IL,FIERBINŢI-TÂRG,102758,URBAN,2161101497,LICEUL TEHNOLOGIC FIERBINŢI-TÂRG,FIERBINŢII DE JOS,102767,URBAN,,2162100365,ŞC.PRIM.FIERBINŢII DE JOS-LIC.TEH.FIERBINŢI-TÂRG,ŞCOALA PRIMARĂ FIERBINŢII DE JOS-LIC.TEH.FIERBINŢI-TÂRG,Unitate de învățământ,AR,,Un schimb/zi,Buget,Publică de interes naţional şi local,ŞOSEAUA MAIA, 39,927116,0243280854,0243280854,gs_ag_fierbinti@yahoo.com
2025-2026,IL,FIERBINŢI-TÂRG,102758,URBAN,2161101497,LICEUL TEHNOLOGIC FIERBINŢI-TÂRG,FIERBINŢII DE SUS,102776,URBAN,,2162100347,ŞC.PRIM.FIERBINŢII DE SUS-LIC.TEH.FIERBINŢI-TÂRG,ŞCOALA PRIMARĂ FIERBINŢII DE SUS-LIC.TEH.FIERBINŢI-TÂRG,Unitate de învățământ,AR,,Un schimb/zi,Buget,Publică de interes naţional şi local,CALEA URZICENI, 67,927117,0243280731,0243280731,gs_ag_fierbinti@yahoo.com
2025-2026,IL,MALTEZI,94517,RURAL,2161101538,ŞCOALA GIMNAZIALĂ MALTEZI,STELNICA,94508,RURAL,,2162100184,ŞC.PRIM.STELNICA-ŞC.GIM.MALTEZI,ŞCOALA PRIMARĂ STELNICA-ŞC.GIM.MALTEZI,Unitate de învățământ,AR,,Un schimb/zi,Buget,Publică de interes naţional şi local,ȘCOLII,1-6,927230,0243365910,0243365911,sc_maltezi@yahoo.com
2025-2026,IL,MALU,94483,RURAL,2161101027,ŞCOALA GIMNAZIALĂ MALU,SFÂNTU GHEORGHE,94465,RURAL,,2162100062,ŞC.PRIM.SFÂNTU GHEORGHE-ŞC.GIM.MALU,ŞCOALA PRIMARĂ SFÂNTU GHEORGHE-ŞC.GIM.MALU,Unitate de învățământ,AR,,Un schimb/zi,Buget,Publică de interes naţional şi local,ȘCOLII,23,927215,0243262244,0243262244,sc_malu_butoiu@yahoo.com
2025-2026,IL,PERIEŢI,94170,RURAL,2161101425,ŞCOALA GIMNAZIALĂ PERIEŢI,MISLEANU,94198,RURAL,,2162100433,ŞC.PRIM.MISLEANU-ŞC.GIM.PERIEŢI,ŞCOALA PRIMARĂ MISLEANU-ŞC.GIM.PERIEŢI,Unitate de învățământ,AR,,Un schimb/zi,Buget,Publică de interes naţional şi local,CALEA BUCUREŞTI, 48,927192,0243239901,0243239534,sc.perieti@yahoo.com
2025-2026,IL,PERIEŢI,94170,RURAL,2161101425,ŞCOALA GIMNAZIALĂ PERIEŢI,PĂLTINIŞU,94205,RURAL,,2162100415,ŞC.PRIM.PĂLTINIŞU-ŞC.GIM.PERIEŢI,ŞCOALA PRIMARĂ PĂLTINIŞU-ŞC.GIM.PERIEŢI,Unitate de învățământ,AR,,Un schimb/zi,Buget,Publică de interes naţional şi local,CALEA BUCURESTI, 28,927193,0243299901,0243239901,sc.perieti@yahoo.com
2025-2026,IL,ROŞIORI,104314,RURAL,2161100035,"ŞCOALA GIMNAZIALĂ ""MAICA DOMNULUI"" ROŞIORI",DRĂGOEŞTI,102650,RURAL,,2162100804,ŞC.PRIM.DRĂGOEŞTI-ŞC.GIM.ROŞIORI,ŞCOALA PRIMARĂ DRĂGOEŞTI-ŞC.GIM. ROŞIORI,Unitate de învățământ,AR,,Un schimb/zi,Buget,Publică de interes naţional şi local,BUCUREŞTI, 43,927100,0243319607,0243319607,sc_rosiori@yahoo.com
2025-2026,IL,SĂLCIOARA,94349,RURAL,2161101384,ŞCOALA GIMNAZIALĂ SĂLCIOARA,RAŞI,94367,RURAL,,2162100297,ŞC.PRIM.RAŞI-ŞC.GIM.SĂLCIOARA,ŞCOALA PRIMARĂ RAŞI-ŞC.GIM.SĂLCIOARA,Unitate de învățământ,AR,,Un schimb/zi,Buget,Publică de interes naţional şi local,PRINCIPALĂ,87,927201,0243317330,0243317330,sc_salcioara@yahoo.com
2025-2026,IS,ANDRIEŞENI,95676,RURAL,2261105527,"ȘCOALA GIMNAZIALĂ ""GHEORGHE CIOBANU"", ANDRIEȘENI",BUHĂENI,95685,RURAL,547084,2262100386,SC PRI BUHAENI,"ȘCOALA PRIMARĂ, BUHĂENI",Unitate de învățământ,AR,,Un schimb/zi,Buget,Publică de interes naţional şi local,PRINCIPALA,87,707011,0232297268,,scoalaandrieseni@yahoo.com
2025-2026,IS,ANDRIEŞENI,95676,RURAL,2261105527,"ȘCOALA GIMNAZIALĂ ""GHEORGHE CIOBANU"", ANDRIEȘENI",SPINENI,95738,RURAL,,2262100377,SC PRI SPINENI,"ȘCOALA PRIMARĂ, SPINENI",Unitate de învățământ,AR,,Un schimb/zi,Buget,Publică de interes naţional şi local,PRINCIPALA,30,707017,0232297268,,scoalaandrieseni@yahoo.com
2025-2026,IS,BELCEŞTI,95881,RURAL,2261104707,"LICEUL TEHNOLOGIC ""VICTOR MIHĂILESCU CRAIU"", BELCEŞTI",TANSA,95925,RURAL,547395,2262101333,SC PRI TANSA,"ȘCOALA PRIMARĂ, TANSA",Unitate de învățământ,AR,,Două schimburi/zi,Buget,Publică de interes naţional şi local, , ,707045,0232724813,0232724813,vmcraiu_belcesti@yahoo.com
2025-2026,IS,BELCEŞTI,95881,RURAL,2261104657,"ȘCOALA GIMNAZIALĂ ""RUȘI"", BELCEȘTI",ULMI,95934,RURAL,547383,2262102284,SC PRI ULMI,"ȘCOALA PRIMARĂ, ULMI",Unitate de învățământ,AR,,Un schimb/zi,Buget,Publică de interes naţional şi local,PRINCIPALA, ,707051,0232724001,0232724001,
2025-2026,IS,BIVOLARI,95952,RURAL,2261105866,"ȘCOALA GIMNAZIALĂ, BIVOLARI",SOLONEŢ,95970,RURAL,547486,2262100549,SC PRI SOLONET,"ŞCOALA PRIMARĂ, SOLONEŢ",Unitate de învățământ,AR,,Un schimb/zi,Buget,Publică de interes naţional şi local,PRINCIPALA, ,707057,0232298596,0232298521,sambivolari@yahoo.com
2025-2026,IS,BOSIA,96012,RURAL,2261105884,"ȘCOALA GIMNAZIALĂ, BOSIA",UNGHENI,96049,RURAL,547606,2262101559,SC PRI UNGHENI,"ȘCOALA PRIMARĂ, UNGHENI",Unitate de învățământ,AR,,Un schimb/zi,Buget,Publică de interes naţional şi local, , ,707566,0232295121,0232295108,scoala_bosia@yahoo.com
2025-2026,IS,BÂRNOVA,95097,RURAL,2261102533,"ȘCOALA GIMNAZIALĂ, BÂRNOVA",PĂUN,95113,RURAL,554532,2262103665,SC PRI PAUN,"ȘCOALA PRIMARĂ, PĂUN",Unitate de învățământ,AR,,Un schimb/zi,Buget,Publică de interes naţional şi local,PRINCIPALA, ,707037,0232294160,0232294160,scoala.gimnaziala.barnova@gmail.com
2025-2026,IS,BÂRNOVA,95097,RURAL,2261102533,"ȘCOALA GIMNAZIALĂ, BÂRNOVA",TODIREL,95131,RURAL,554518,2262103692,SC PRI TODIREL,"ȘCOALA PRIMARĂ, TODIREL",Unitate de învățământ,AR,,Un schimb/zi,Buget,Publică de interes naţional şi local,TODIREL, ,707039,0232294160,0232294160,scoala.gimnaziala.barnova@gmail.com
2025-2026,IS,BÂRNOVA,95097,RURAL,2261102533,"ȘCOALA GIMNAZIALĂ, BÂRNOVA",VIŞAN,95140,RURAL,554556,2262103647,SC PRI VISAN,"ȘCOALA PRIMARĂ, VIȘAN",Unitate de învățământ,AR,,Un schimb/zi,Buget,Publică de interes naţional şi local,PRINCIPALA, ,707041,0232294160,0232294160,scoala.gimnaziala.barnova@gmail.com
2025-2026,IS,BĂLŢAŢI,95809,RURAL,2261104761,"ȘCOALA GIMNAZIALĂ, BĂLȚAȚI",MĂDÂRJEŞTI,95836,RURAL,,2262102863,SC PRI MADARJESTI,"ȘCOALA PRIMARĂ, MĂDÂRJEȘTI",Unitate de învățământ,AR,,Un schimb/zi,Buget,Publică de interes naţional şi local, , ,707028,0232717487,0232717350,sambaltati@yahoo.com
2025-2026,IS,BĂLŢAŢI,95809,RURAL,2261104761,"ȘCOALA GIMNAZIALĂ, BĂLȚAȚI",PODIŞU,95845,RURAL,,2262102854,SC PRI PODISU,"ȘCOALA PRIMARĂ, PODIȘU",Unitate de învățământ,AR,,Un schimb/zi,Buget,Publică de interes naţional şi local, , ,707029,0232717253,0232717489,scoalasirca@yahoo.com
2025-2026,IS,CIORTEŞTI,96209,RURAL,2261104571,"ȘCOALA GIMNAZIALĂ, CIORTEŞTI",ROTĂRIA,96236,RURAL,,2262104277,SC PRI ROTARIA,"ȘCOALA PRIMARĂ, ROTĂRIA",Unitate de învățământ,AR,,Un schimb/zi,Buget,Publică de interes naţional şi local,ȘCOLII,1,707078,0232321038,0232320886,scoala_ciortesti@yahoo.com
2025-2026,IS,CIUREA,96263,RURAL,2261105432,"ȘCOALA GIMNAZIALĂ, CIUREA",HLINCEA,96290,RURAL,,2262107407,SC PRI HLINCEA,ȘCOALA PRIMARĂ. HLINCEA,Unitate de învățământ,AR,,Două schimburi/zi,Buget,Publică de interes naţional şi local,Ștefan Cortez,219,707083,,,
2025-2026,IS,CIUREA,96263,RURAL,2261105432,"ȘCOALA GIMNAZIALĂ, CIUREA",SLOBOZIA,96325,RURAL,,2262100843,SC PRI SLOBOZIA,"ȘCOALA PRIMARĂ NR. 2, SLOBOZIA",Unitate de învățământ,AR,,Un schimb/zi,Buget,Publică de interes naţional şi local,PANDURILOR,138,707086,0232296611,2322966111,ciureascoala@yahoo.com
2025-2026,IS,COARNELE CAPREI,96343,RURAL,2261106591,"ȘCOALA PROFESIONALĂ, COARNELE CAPREI",COARNELE CAPREI,96343,RURAL,548014,2262103267,SC PRI COARNELE CAPREI,"ȘCOALA PRIMARĂ, COARNELE CAPREI",Unitate de învățământ,AR,,Două schimburi/zi,Buget,Publică de interes naţional şi local,PRINCIPALA, ,707100,0232724090,0232724090,scamcc@yahoo.com
2025-2026,IS,COSTULENI,96432,RURAL,2261106297,"ȘCOALA GIMNAZIALĂ, COSTULENI",HILIŢA,96469,RURAL,548088,2262103516,SC PRI HILITA,"ȘCOALA PRIMARĂ, HILIŢA",Unitate de învățământ,AR,,Un schimb/zi,Buget,Publică de interes naţional şi local, , ,707118,,,scoala_gimnazialacostuleni@yahoo.com
2025-2026,IS,DAGÂŢA,96726,RURAL,2261106383,"ȘCOALA PROFESIONALĂ, DAGÂŢA",BOATCA,96744,RURAL,,2262103231,SC PRI BOATCA,"ȘCOALA PRIMARĂ, BOATCA",Unitate de învățământ,AR,,Un schimb/zi,Buget,Publică de interes naţional şi local, , ,707157,0232325497,0232325497,scoaladagata@yahoo.com
2025-2026,IS,DAGÂŢA,96726,RURAL,2261106383,"ȘCOALA PROFESIONALĂ, DAGÂŢA",PISCU RUSULUI,96771,RURAL,548727,2262100617,SC PRI PISCU RUSULUI,"ȘCOALA PRIMARĂ, PISCU RUSULUI",Unitate de învățământ,AR,,Un schimb/zi,Buget,Publică de interes naţional şi local, , ,707161,0232325497,0232325497,scoaladagata@yahoo.com
2025-2026,IS,DAGÂŢA,96726,RURAL,2261106383,"ȘCOALA PROFESIONALĂ, DAGÂŢA",POIENILE,96780,RURAL,,2262100594,SC PRI POIENILE,"ȘCOALA PRIMARĂ, POIENILE",Unitate de învățământ,AR,,Un schimb/zi,Buget,Publică de interes naţional şi local, , ,707162,0232325497,0232325497,scoaladagata@yahoo.com
2025-2026,IS,DAGÂŢA,96726,RURAL,2261106383,"ȘCOALA PROFESIONALĂ, DAGÂŢA",ZECE PRĂJINI,96806,RURAL,548753,2262104413,SC PRI ZECE PRAJINI,"ȘCOALA PRIMARĂ, ZECE PRĂJINI",Unitate de învățământ,AR,,Un schimb/zi,Buget,Publică de interes naţional şi local, , ,707164,0232325497,0232325497,scoaladagata@yahoo.com
2025-2026,IS,DOBROVĂŢ,96897,RURAL,2261100106,"ȘCOALA GIMNAZIALĂ ""ŞTEFAN CEL MARE ŞI SFÂNT"", DOBROVĂŢ",DOBROVĂŢ,96897,RURAL,548791,2262102456,SC PRI DOBROVAT,"ȘCOALA PRIMARĂ, DOBROVĂŢ",Unitate de învățământ,AR,,Un schimb/zi,Buget,Publică de interes naţional şi local, , ,707175,,,
2025-2026,IS,DOLHEŞTI,96913,RURAL,2261106546,"ȘCOALA GIMNAZIALĂ, DOLHEȘTI",PIETRIŞ,96931,RURAL,548985,2262100445,SC PRI PIETRIS,"ȘCOALA PRIMARĂ, PIETRIȘ",Unitate de învățământ,AR,,Un schimb/zi,Buget,Publică de interes naţional şi local, , ,707182,0232321829,0232321829,s08dolhesti@yahoo.com
2025-2026,IS,DOMNIŢA,99708,RURAL,2261104693,"ȘCOALA GIMNAZIALĂ NR. 1, DOMNIŢA",DOMNIŢA,99708,RURAL,553370,2262104476,SC PRI DOMNITA 2,"ȘCOALA PRIMARĂ NR.2, DOMNIŢA",Unitate de învățământ,AR,,Două schimburi/zi,Buget,Publică de interes naţional şi local, , ,707532,0232326233,0232326233,-@yahoo.com
2025-2026,IS,DOMNIŢA,99708,RURAL,2261104693,"ȘCOALA GIMNAZIALĂ NR. 1, DOMNIŢA",VADU VEJEI,99771,RURAL,,2262104458,SC PRI VADU VEJEI,"ȘCOALA PRIMARĂ, VADU VEJEI",Unitate de învățământ,AR,,Două schimburi/zi,Buget,Publică de interes naţional şi local, , ,707541,0232326233,0232326233,-@yahoo.com
2025-2026,IS,DRĂGUŞENI,99334,RURAL,2261104847,"ȘCOALA GIMNAZIALĂ, DRĂGUŞENI",FRENCIUGI,99343,RURAL,552649,2262103475,SC PRI FRENCIUGI,"ȘCOALA PRIMARĂ, FRENCIUGI",Unitate de învățământ,AR,,Un schimb/zi,Buget,Publică de interes naţional şi local, , ,707479,0232249114,0232249114,draguseniscoala@yahoo.com
2025-2026,IS,FÂNTÂNELE,97081,RURAL,2261106451,"ŞCOALA PROFESIONALĂ, FÂNTÂNELE",FÂNTÂNELE,97081,RURAL,549252,2262103769,SC PRI FANTANELE,"ȘCOALA PRIMARĂ NR. 2, FÂNTÂNELE",Unitate de învățământ,AR,,Două schimburi/zi,Buget,Publică de interes naţional şi local, , ,707196,0232413720,0232413720,scoalafantanele_is@yahoo.com
2025-2026,IS,GOLĂIEŞTI,97107,RURAL,2261105129,"ȘCOALA GIMNAZIALĂ, GOLĂIEŞTI",CILIBIU,97125,RURAL,549343,2262103353,SC PRI CILIBIU,"ȘCOALA PRIMARĂ, CILIBIU",Unitate de învățământ,AR,,Un schimb/zi,Buget,Publică de interes naţional şi local, , ,707202,0232246966,0232246966,scoala_golaiesti@yahoo.com
2025-2026,IS,GOLĂIEŞTI,97107,RURAL,2261105129,"ȘCOALA GIMNAZIALĂ, GOLĂIEŞTI",COTU LUI IVAN,97134,RURAL,549355,2262103371,SC PRI COTU LUI IVAN,"ȘCOALA PRIMARĂ, COTU LUI IVAN",Unitate de învățământ,AR,,Un schimb/zi,Buget,Publică de interes naţional şi local, , ,707203,0232246966,0232246966,scoala_golaiesti@yahoo.com
2025-2026,IS,GOLĂIEŞTI,97107,RURAL,2261105129,"ȘCOALA GIMNAZIALĂ, GOLĂIEŞTI",PETREŞTI,97161,RURAL,549329,2262103389,SC PRI PETRESTI,"ȘCOALA PRIMARĂ, PETREŞTI",Unitate de învățământ,AR,,Un schimb/zi,Buget,Publică de interes naţional şi local, , ,707207,0232246966,0232246966,scoala_golaiesti@yahoo.com
2025-2026,IS,GORBAN,97198,RURAL,2261105735,"ȘCOALA GIMNAZIALĂ, GORBAN",SCOPOSENI,97223,RURAL,,2262100481,SC PRI SCOPOSENI,"ȘCOALA PRIMARĂ, SCOPOSENI",Unitate de învățământ,AR,,Un schimb/zi,Buget,Publică de interes naţional şi local, , ,707213,0232292833,0232292833,scgorb_is@yahoo.com
2025-2026,IS,GRAJDURI,97250,RURAL,2261105251,"ȘCOALA GIMNAZIALĂ, GRAJDURI",PĂDURENI,97296,RURAL,549513,2262103041,SC PRI PADURENI,"ȘCOALA PRIMARĂ, PĂDURENI",Unitate de învățământ,AR,,Un schimb/zi,Buget,Publică de interes naţional şi local, , ,707219,0232228450,0232228322,scoala_grajduri@yahoo.com
2025-2026,IS,GRAJDURI,97250,RURAL,2261105251,"ȘCOALA GIMNAZIALĂ, GRAJDURI",VALEA SATULUI,97312,RURAL,1148110,2262103032,SC PRI VALEA SATULUI,"ȘCOALA PRIMARĂ, VALEA SATULUI",Unitate de învățământ,AR,,Două schimburi/zi,Buget,Publică de interes naţional şi local, , ,707222,0232228470,0232228322,scoala_grajduri@yahoo.com
2025-2026,IS,GROPNIŢA,97330,RURAL,2261106103,"ȘCOALA PROFESIONALĂ, GROPNIŢA",SÂNGERI,97385,RURAL,,2262100187,SC PRI SANGERI,"ȘCOALA PRIMARĂ, SÂNGERI",Unitate de învățământ,AR,,Un schimb/zi,Buget,Publică de interes naţional şi local,PRINCIPALA, ,707231,0232414129,0232414129,scoala_gropnita@yahoo.com
2025-2026,IS,HOLBOCA,95168,RURAL,2261102569,"ȘCOALA GIMNAZIALĂ ""OLGA STURDZA"", HOLBOCA",ORZENI,95195,RURAL,,2262101428,SC PRI ORZENI,"ȘCOALA PRIMARĂ, ORZENI",Unitate de învățământ,AR,,Un schimb/zi,Buget,Publică de interes naţional şi local,Omeniei,19,707253,0232299882,0232299882,scoalaholboca@yahoo.com
2025-2026,IS,IAŞI,95079,URBAN,2261102673,"COLEGIUL NAȚIONAL ""MIHAI EMINESCU"", IAŞI",IAŞI,95079,URBAN,546121,2262100463,"SC 33 ""M. KOGALNICEANU"" IASI","ȘCOALA PRIMARĂ ""MIHAIL KOGĂLNICEANU"", IAŞI",Unitate de învățământ,AR,,Două schimburi/zi,Buget,Publică de interes naţional şi local,kogalniceanu,28,700107,0232264741,0232215746,contact@cnmeiasi.ro
2025-2026,IS,IAŞI,95079,URBAN,2261104892,"LICEUL TEORETIC ""ION NECULCE"", IAŞI",IAŞI,95079,URBAN,,2262100974,"SC 19 ""GH. GHIBANESCU"" IASI","ȘCOALA PRIMARĂ ""GHEORGHE GHIBĂNESCU"", IAŞI",Unitate de învățământ,AR,,Un schimb/zi,Buget,Publică de interes naţional şi local,Nicolina,1C,700221,0232229860,0232210198,secretariationneculce@gmail.com
2025-2026,IS,IAŞI,95079,URBAN,2261206173,"ŞCOALA PRIMARĂ ""EUROED"", IAȘI",IAŞI,95079,URBAN,5517151,2261206173,SC PRI EUROED IASI,"ŞCOALA PRIMARĂ ""EUROED"", IAȘI",Unitate de învățământ,PJ,27463066,Un schimb/zi,Taxă,Privată,FLORILOR,1C,700513,0743180284,0743180284,office@euroed.ro
2025-2026,IS,IAŞI,95079,URBAN,2261105441,"ȘCOALA GIMNAZIALĂ ""BOGDAN PETRICEICU HAŞDEU"", IAŞI",IAŞI,95079,URBAN,545983,2262103403,"SC 18 ""C. CONACHI"" IASI","ȘCOALA PRIMARĂ ""COSTACHE CONACHI"", IAŞI",Unitate de învățământ,AR,,Un schimb/zi,Buget,Publică de interes naţional şi local,ION CREANGĂ,111,700381,0232477960,0232219684,hasdeu22@yahoo.com
2025-2026,IS,IAŞI,95079,URBAN,2261105441,"ȘCOALA GIMNAZIALĂ ""BOGDAN PETRICEICU HAŞDEU"", IAŞI",IAŞI,95079,URBAN,545866,2262103421,"SC 30 ""C. NEGRI"" IASI","ȘCOALA PRIMARĂ ""COSTACHE NEGRI"", IAŞI",Unitate de învățământ,AR,,Un schimb/zi,Buget,Publică de interes naţional şi local,ETERNITATE,37,700304,0232472500,0232219684,hasdeu22@yahoo.com
2025-2026,IS,IAŞI,95079,URBAN,2261105382,"ȘCOALA GIMNAZIALĂ ""VASILE CONTA"", IAŞI",IAŞI,95079,URBAN,,2262101378,"SC PRI ""V. CONTA"" IASI","ȘCOALA PRIMARĂ NR. 1 ""VASILE CONTA"", IAŞI",Unitate de învățământ,AR,,Două schimburi/zi,Buget,Publică de interes naţional şi local, Al. Nicolina,86,700221,0232234079,0232234757,scprim_vasileconta@yahoo.com
2025-2026,IS,IAŞI,95079,URBAN,2261101808,"ȘCOALA PRIMARĂ ""CAROL I"", IAŞI",IAŞI,95079,URBAN,545921,2261101808,"SC 12 ""CAROL I"" IASI","ȘCOALA PRIMARĂ ""CAROL I"", IAŞI",Unitate de învățământ,PJ,36489774,Două schimburi/zi,Buget,Publică de interes naţional şi local,TOMA COZMA, 6,700554,0232741175,0232741175,scoalacarol@yahoo.com
2025-2026,IS,IAŞI,95079,URBAN,2261207233,"ȘCOALA PRIMARĂ ""ELITE"", IAȘI",IAŞI,95079,URBAN,,2261207233,SC PRI ELITE IASI,"ȘCOALA PRIMARĂ ""ELITE"", IAȘI",Unitate de învățământ,PJ,52153040,Un schimb/zi,Taxă,Privată,Aurel Vlaicu,54,700381,0744307073,0744307073,eliteiasi@yahoo.com
2025-2026,IS,IAŞI,95079,URBAN,2261207111,"ȘCOALA PRIMARĂ ""EURO KID"", IAȘI",IAŞI,95079,URBAN,,2261207111,SC PRI EUROKID IASI,"ȘCOALA PRIMARĂ ""EURO KID"", IAȘI",Unitate de învățământ,PJ,42133827,Un schimb/zi,Taxă,Privată,Cazangiilor,2,700671,0332803483,0332803483,eurokidiasi@gmail.com
2025-2026,IS,IAŞI,95079,URBAN,2261100395,"ȘCOALA PRIMARĂ ""GHEORGHE ASACHI"", IAŞI",IAŞI,95079,URBAN,545828,2261100395,"SC 1 ""GHE. ASACHI"" IASI","ȘCOALA PRIMARĂ ""GHEORGHE ASACHI"", IAŞI",Unitate de învățământ,PJ,36472900,Două schimburi/zi,Buget,Publică de interes naţional şi local,Ştefan cel Mare şi Sfânt,64,700028,0232410596,0232410596,scoala_asachi_iasi@yahoo.com
2025-2026,IS,IAŞI,95079,URBAN,2261206508,"ȘCOALA PRIMARĂ ""HANSEL UND GRETEL"", IAȘI",IAŞI,95079,URBAN,222422408,2261206508,SC PRI HANSEL UND GRETEL,"ȘCOALA PRIMARĂ ""HANSEL UND GRETEL"", IAȘI",Unitate de învățământ,PJ,30627770,Un schimb/zi,Taxă,Privată,Șos. Ștefan cel Mare și Sfânt (bl. A10),4,700497,0332144152,0000000000,scprimhansel@gmail.com
2025-2026,IS,IAŞI,95079,URBAN,2261206535,"ȘCOALA PRIMARĂ ""LORELAY"", IAŞI",IAŞI,95079,URBAN,223265819,2261206535,SC PRI LORELAY IASI,"ȘCOALA PRIMARĂ ""LORELAY"", IAŞI",Unitate de învățământ,PJ,35535430,Un schimb/zi,Taxă,Privată,PROFESOR EMIL HONORIU,2A,700717,0332409647,0332409647,GRADINITALORELAY@YAHOO.COM
2025-2026,IS,IAŞI,95079,URBAN,2261207694,"ȘCOALA PRIMARĂ ""MANIERA MONTESSORI"", IAȘI",IAŞI,95079,URBAN,,2261207694,SC PRI MANIERA MONTESSORI IASI,"ȘCOALA PRIMARĂ ""MANIERA MONTESSORI"", IAȘI",Unitate de învățământ,PJ,48704566,Un schimb/zi,Taxă,Privată,Str. Aeroportului,1,700384,0744571837,0744571837,contact@maniera.ro
2025-2026,IS,IAŞI,95079,URBAN,2261204958,"ȘCOALA PRIMARĂ ""SURORILE PROVIDENȚEI"", IAȘI",IAŞI,95079,URBAN,3122500,2261204958,"SC PRI ""SURORILE PROVIDENTEI"" IASI","ȘCOALA PRIMARĂ ""SURORILE PROVIDENȚEI"", IAȘI",Unitate de învățământ,PJ,35985516,Un schimb/zi,Taxă,Privată,BÎRNOVA,2,700284,0232233877,0232233877,gradinitaspiasi@gmail.com
2025-2026,IS,IAŞI,95079,URBAN,2261202576,"ȘCOALA PRIMARĂ ATELIER NR. 1, IAŞI",IAŞI,95079,URBAN,222393566,2261202576,SC PRI ATELIER IASI,"ȘCOALA PRIMARĂ ATELIER NR. 1, IAŞI",Unitate de învățământ,PJ,48857039,Un schimb/zi,Taxă,Privată,ROJNITA,5,700309,0754676104,0754676104,scoalaatelier1@yahoo.com
2025-2026,IS,IAŞI,95079,URBAN,2261206996,"ȘCOALA PRIMARĂ FEG, IAȘI",IAŞI,95079,URBAN,,2261206996,SC PRI FEG IASI,"ȘCOALA PRIMARĂ FEG, IAȘI",Unitate de învățământ,PJ,37066578,Un schimb/zi,Taxă,Privată,SMARDAN,63,700399,0232224418,0232224418,scoala_primara_feg@yahoo.com
2025-2026,IS,IPATELE,97562,RURAL,2261102705,"ȘCOALA GIMNAZIALĂ ""ION HAULICĂ"", IPATELE",CUZA VODĂ,97599,RURAL,549927,2262103629,SC PRI CUZA VODA,"ȘCOALA PRIMARĂ, CUZA-VODĂ",Unitate de învățământ,AR,,Un schimb/zi,Buget,Publică de interes naţional şi local, , ,707268,0743279165,0232228861,scipatele@yahoo.com
2025-2026,IS,LARGA-JIJIA,98284,RURAL,2261106302,"ȘCOALA GIMNAZIALĂ, LARGA JIJIA",IEPURENI,98275,RURAL,3011335,2262100305,SC PRI IEPURENI,"ȘCOALA PRIMARĂ, IEPURENI",Unitate de învățământ,AR,,Un schimb/zi,Buget,Publică de interes naţional şi local,CUMPANA, 1,707351,0232297760,0232297963,sclarga@yahoo.com
2025-2026,IS,LARGA-JIJIA,98284,RURAL,2261106302,"ȘCOALA GIMNAZIALĂ, LARGA JIJIA",POTÂNGENI,98293,RURAL,,2262100282,SC PRI POTANGENI,"ȘCOALA PRIMARĂ, POTÂNGENI",Unitate de învățământ,AR,,Un schimb/zi,Buget,Publică de interes naţional şi local,SCOLII, ,707353,0232297752,0232297963,sclarga@yahoo.com
2025-2026,IS,LESPEZI,97615,RURAL,2261104517,"ȘCOALA PROFESIONALĂ, LESPEZI",BURSUC-DEAL,97633,RURAL,,2262101853,SC PRI BURSUC-DEAL,"ȘCOALA PRIMARĂ, BURSUC DEAL",Unitate de învățământ,AR,,Un schimb/zi,Buget,Publică de interes naţional şi local, , ,707273,0232740168,0232715475,scoala_lespezi@yahoo.com
2025-2026,IS,LESPEZI,97615,RURAL,2261104517,"ȘCOALA PROFESIONALĂ, LESPEZI",DUMBRAVA,97651,RURAL,,2262106885,SC PRI DUMBRAVA,"ȘCOALA PRIMARĂ, DUMBRAVA",Unitate de învățământ,AR,,Un schimb/zi,Buget,Publică de interes naţional şi local, , ,707274,0232740622,0232715475,scoala_lespezi@yahoo.com
2025-2026,IS,LEŢCANI,97688,RURAL,2261104598,"ȘCOALA GIMNAZIALĂ, LEȚCANI",BOGONOS,97697,RURAL,550146,2262102117,SC PRI BOGONOS,"ȘCOALA PRIMARĂ, BOGONOS",Unitate de învățământ,AR,,Un schimb/zi,Buget,Publică de interes naţional şi local, Bisericii,4 ,707283,0232296796,0000000000,scoalaletcani@yahoo.com
2025-2026,IS,LEŢCANI,97688,RURAL,2261104598,"ȘCOALA GIMNAZIALĂ, LEȚCANI",CUCUTENI,97713,RURAL,,2262102126,SC PRI CUCUTENI,"ȘCOALA PRIMARĂ, CUCUTENI",Unitate de învățământ,AR,,Un schimb/zi,Buget,Publică de interes naţional şi local, 1 MAI, 36,707283,0232296777,0232296960,scoalaletcani@yahoo.com
2025-2026,IS,LUNCA CETĂŢUII,96307,RURAL,2261105296,"LICEUL TEORETIC ""COMANDOR ALEXANDRU CĂTUNEANU"", LUNCA CETĂȚUII",LUNCA CETĂŢUII,96307,RURAL,997461,2262101948,SC PRI NR. 2 LUNCA CETATUII,"ȘCOALA PRIMARĂ NR. 2, LUNCA CETĂȚUII",Unitate de învățământ,AR,,Două schimburi/zi,Buget,Publică de interes naţional şi local,GHIOCEILOR,2A,707085,0232296492,0232296492,luncacet@yahoo.com
2025-2026,IS,MIRONEASA,97884,RURAL,2261100038,"ȘCOALA GIMNAZIALĂ, MIRONEASA",MIRONEASA,97884,RURAL,550483,2262101903,SC PRI MIRONEASA 2,"ȘCOALA PRIMARĂ NR. 2, MIRONEASA",Unitate de învățământ,AR,,Un schimb/zi,Buget,Publică de interes naţional şi local, , ,707300,0232228618,0232228618,scmironeasais@yahoo.com
2025-2026,IS,MIRONEASA,97884,RURAL,2261100038,"ȘCOALA GIMNAZIALĂ, MIRONEASA",MIRONEASA,97884,RURAL,550495,2262101898,SC PRI MIRONEASA 3,"ȘCOALA PRIMARĂ NR. 3, MIRONEASA",Unitate de învățământ,AR,,Un schimb/zi,Buget,Publică de interes naţional şi local, , ,707300,0232228618,0232228618,scmironeasais@yahoo.com
2025-2026,IS,MIROSLAVA,97928,RURAL,2261104734,"LICEUL TEHNOLOGIC AGRICOL ""OLGA STURDZA"", MIROSLAVA",PROSELNICI,98006,RURAL,550615,2262101609,SC PRI PROSELNICI,"ȘCOALA PRIMARĂ, PROSELNICI",Unitate de învățământ,AR,,Două schimburi/zi,Buget,Publică de interes naţional şi local, , ,707314,0232295738,0232295738,scoaladimitrie_anghel@yahoo.com
2025-2026,IS,MIROSLAVA,97928,RURAL,2261104734,"LICEUL TEHNOLOGIC AGRICOL ""OLGA STURDZA"", MIROSLAVA",VOROVEŞTI,98042,RURAL,,2262104241,SC PRI VOROVESTI,"ȘCOALA PRIMARĂ, VOROVEŞTI",Unitate de învățământ,AR,,Un schimb/zi,Buget,Publică de interes naţional şi local,BISERICII,3,707319,0232295738,0232295738,scoaladimitrie_anghel@yahoo.com
2025-2026,IS,MOGOŞEŞTI,98122,RURAL,2261105364,"ȘCOALA PROFESIONALĂ, MOGOȘEȘTI",MOGOŞEŞTI,98122,RURAL,550782,2262102307,SC PRI MOGOSESTI 2,"ȘCOALA PRIMARĂ NR. 2, MOGOŞEŞTI",Unitate de învățământ,AR,,Un schimb/zi,Buget,Publică de interes naţional şi local, , ,707330,,,scoalamogosesti@yahoo.com
2025-2026,IS,MĂDÂRJAC,97786,RURAL,2261104978,"ȘCOALA GIMNAZIALĂ, MĂDÂRJAC",BOJILA,97795,RURAL,550304,2262103715,SC PRI BOJILA,"ȘCOALA PRIMARĂ, BOJILA",Unitate de învățământ,AR,,Două schimburi/zi,Buget,Publică de interes naţional şi local, , ,707291,0232724924,0232724924,scoalamadirjac@yahoo.com
2025-2026,IS,MĂDÂRJAC,97786,RURAL,2261104978,"ȘCOALA GIMNAZIALĂ, MĂDÂRJAC",FRUMUŞICA,97802,RURAL,550299,2262103733,SC PRI FRUMUSICA,"ȘCOALA PRIMARĂ, FRUMUŞICA",Unitate de învățământ,AR,,Două schimburi/zi,Buget,Publică de interes naţional şi local, , ,707290,0232724929,0232724924,scoalamadirjac@yahoo.com
2025-2026,IS,OŢELENI,98319,RURAL,2261104906,"ȘCOALA GIMNAZIALĂ, OŢELENI",HÂNDREŞTI,98328,RURAL,,2262100698,SC PRI HANDRESTI,"ȘCOALA PRIMARĂ, HÂNDREŞTI",Unitate de învățământ,AR,,Un schimb/zi,Buget,Publică de interes naţional şi local,SCOLILOR,14,707356,0232407593,0232407494,samoteleni@yahoo.com
2025-2026,IS,PODU ILOAIEI,98382,URBAN,2261102619,"ȘCOALA GIMNAZIALĂ ""AL. I. CUZA"", PODU ILOAIEI",COSIŢENI,98408,URBAN,,2262103837,SC PRI COSITENI,"ȘCOALA PRIMARĂ, COSIŢENI",Unitate de învățământ,AR,,Un schimb/zi,Buget,Publică de interes naţional şi local, , ,707367,0232740689,0232740689,scoalapoduiloaiei@yahoo.com
2025-2026,IS,PODU ILOAIEI,98382,URBAN,2261102619,"ȘCOALA GIMNAZIALĂ ""AL. I. CUZA"", PODU ILOAIEI",HOLM,98417,URBAN,551188,2262103864,SC PRI HOLM,"ȘCOALA PRIMARĂ, HOLM",Unitate de învățământ,AR,,Un schimb/zi,Buget,Publică de interes naţional şi local, , ,707365,0232740689,0232740689,scoalapoduiloaiei@yahoo.com
2025-2026,IS,PODU ILOAIEI,98382,URBAN,2261102619,"ȘCOALA GIMNAZIALĂ ""AL. I. CUZA"", PODU ILOAIEI",PODU ILOAIEI,98382,URBAN,1325782,2262103882,SC PRI PODU ILOAIEI,"ȘCOALA PRIMARĂ, PODU ILOAIEI",Unitate de învățământ,AR,,Un schimb/zi,Buget,Publică de interes naţional şi local,HENCI, ,707365,0232740689,0232740689,scoalapoduiloaiei@yahoo.com
2025-2026,IS,PODU ILOAIEI,98382,URBAN,2261102619,"ȘCOALA GIMNAZIALĂ ""AL. I. CUZA"", PODU ILOAIEI",SCOBÂLŢENI,98426,URBAN,551190,2262103855,SC PRI SCOBALTENI,"ȘCOALA PRIMARĂ, SCOBÂLȚENI",Unitate de învățământ,AR,,Două schimburi/zi,Buget,Publică de interes naţional şi local, , ,707369,0232740562,0232740689,scoalapoduiloaiei@yahoo.com
2025-2026,IS,POIENI,98872,RURAL,2261106062,"ȘCOALA GIMNAZIALĂ, POIENI",DUMITREŞTII GĂLĂŢII,98854,RURAL,,2262100766,SC PRI DUMITRESTII GALATII,"ȘCOALA PRIMARĂ, DUMITREŞTII GALĂŢI",Unitate de învățământ,AR,,Un schimb/zi,Buget,Publică de interes naţional şi local, , ,707437,0232324380,,secretariat_poieni@yahoo.com
2025-2026,IS,POIENI,98872,RURAL,2261106062,"ȘCOALA GIMNAZIALĂ, POIENI",POIANA,98881,RURAL,,2262100757,SC PRI POIANA,"ȘCOALA PRIMARĂ, POIANA",Unitate de învățământ,AR,,Un schimb/zi,Buget,Publică de interes naţional şi local, , ,707439,0232324380,,secretariat_poieni@yahoo.com
2025-2026,IS,POIENI,98872,RURAL,2261106062,"ȘCOALA GIMNAZIALĂ, POIENI",SCHITU DUCA,98836,RURAL,551865,2262100784,SC PRI SCHITU DUCA,"ȘCOALA PRIMARĂ, SCHITU DUCA",Unitate de învățământ,AR,,Un schimb/zi,Buget,Publică de interes naţional şi local, , ,707435,0232324380,,secretariat_poieni@yahoo.com
2025-2026,IS,POIENI,98872,RURAL,2261106062,"ȘCOALA GIMNAZIALĂ, POIENI",SLOBOZIA,98907,RURAL,,2262100775,SC PRI SLOBOZIA,"ȘCOALA PRIMARĂ, SLOBOZIA",Unitate de învățământ,AR,,Un schimb/zi,Buget,Publică de interes naţional şi local, , ,707443,0232324380,,secretariat_poieni@yahoo.com
2025-2026,IS,PRISĂCANI,98612,RURAL,2261102524,"ŞCOALA GIMNAZIALĂ, PRISĂCANI",MORENI,98630,RURAL,551815,2262101283,SC PRI MORENI,"ȘCOALA PRIMARĂ, MORENI",Unitate de învățământ,AR,,Un schimb/zi,Buget,Publică de interes naţional şi local,Principală,199,707392,0232295925,0232295919,scprisacani08@yahoo.com
2025-2026,IS,PRISĂCANI,98612,RURAL,2261102524,"ŞCOALA GIMNAZIALĂ, PRISĂCANI",MĂCĂREŞTI,98621,RURAL,551803,2262101292,SC PRI MACARESTI,"ȘCOALA PRIMARĂ, MĂCĂREȘTI",Unitate de învățământ,AR,,Un schimb/zi,Buget,Publică de interes naţional şi local,Principală,69,707391,0232295922,0232295919,scprisacani08@yahoo.com
2025-2026,IS,PRISĂCANI,98612,RURAL,2261102524,"ŞCOALA GIMNAZIALĂ, PRISĂCANI",PRISĂCANI,98612,RURAL,551827,2262101265,SC PRI SATU NOU,"ȘCOALA PRIMARĂ, SATU NOU",Unitate de învățământ,AR,,Un schimb/zi,Buget,Publică de interes naţional şi local,Satului,1,707390,0232295800,0232295919,scprisacani08@yahoo.com
2025-2026,IS,PROBOTA,98658,RURAL,2261105486,"ȘCOALA GIMNAZIALĂ ""PETRU ANGHEL"", PROBOTA",BĂLTENI,98667,RURAL,551463,2262101116,SC PRI BALTENI,"ȘCOALA PRIMARĂ, BĂLTENI",Unitate de învățământ,AR,,Un schimb/zi,Buget,Publică de interes naţional şi local, , ,707394,0232297573,0232297573,scoala_probota1@yahoo.com
2025-2026,IS,REDIU,95248,RURAL,2261105717,"ȘCOALA GIMNAZIALĂ, REDIU - com. Rediu",HORLEŞTI,95266,RURAL,,2262103819,SC PRI HORLESTI - COM. REDIU,"ȘCOALA PRIMARĂ, HORLEŞTI",Unitate de învățământ,AR,,Un schimb/zi,Buget,Publică de interes naţional şi local, , ,707407,0332407559,0232253955,rediu_school@yahoo.com
2025-2026,IS,ROMÂNEŞTI,98747,RURAL,2261104544,"ȘCOALA GIMNAZIALĂ ""IOANID ROMANESCU"", ROMÂNEŞTI",AVÂNTU,98756,RURAL,551669,2262103579,SC PRI AVANTU,"ȘCOALA PRIMARĂ, AVÂNTU",Unitate de învățământ,AR,,Un schimb/zi,Buget,Publică de interes naţional şi local, , ,707416,0232324060,0232323804,scoalaromanesti@gmail.com
2025-2026,IS,RĂDENI,99637,RURAL,2261104838,"ȘCOALA GIMNAZIALĂ, RĂDENI",ROŞCANI,99646,RURAL,552950,2262101577,SC PRI ROSCANI 1,"ȘCOALA PRIMARĂ NR. 1, ROŞCANI",Unitate de învățământ,AR,,Un schimb/zi,Buget,Publică de interes naţional şi local, , ,707523,0232290025,0232290025,scoalaradeniroscani@yahoo.com
2025-2026,IS,RĂDUCĂNENI,98694,RURAL,2261105269,"LICEUL TEORETIC ""LASCĂR ROSETTI"", RĂDUCĂNENI",RĂDUCĂNENI,98694,RURAL,551578,2262104191,SC PRI TRESTIANA,"ȘCOALA PRIMARĂ, TRESTIANA",Unitate de învățământ,AR,,Două schimburi/zi,Buget,Publică de interes naţional şi local, , ,707400,0232292441,0232292441,radedu1850@yahoo.com
2025-2026,IS,RĂZBOIENI,95603,RURAL,2261106605,"ȘCOALA GIMNAZIALĂ ""CONSTANTIN TEODORESCU"", RĂZBOIENI",GĂNEŞTI,95569,RURAL,554324,2262100807,SC PRI GANESTI,"ȘCOALA PRIMARĂ, GĂNEŞTI",Unitate de învățământ,AR,,Un schimb/zi,Buget,Publică de interes naţional şi local, , ,705307,,,
2025-2026,IS,RĂZBOIENI,95603,RURAL,2261106605,"ȘCOALA GIMNAZIALĂ ""CONSTANTIN TEODORESCU"", RĂZBOIENI",PRIGORENI,95596,RURAL,554348,2262100902,SC PRI PRIGORENI,"ȘCOALA PRIMARĂ, PRIGORENI",Unitate de învățământ,AR,,Un schimb/zi,Buget,Publică de interes naţional şi local, , ,705310,,,
2025-2026,IS,SCHEIA,95649,RURAL,2261106225,"ȘCOALA GIMNAZIALĂ, ȘCHEIA",ALEXANDRU I. CUZA,95621,RURAL,546987,2262100273,SC PRI ALEXANDRU I. CUZA,"ȘCOALA PRIMARĂ, ALEXANDRU I. CUZA",Unitate de învățământ,AR,,Un schimb/zi,Buget,Publică de interes naţional şi local,CRIZANTEMELOR,27,707005,0232716570,0232716570,scoalascheia_aicuza@yahoo.com
2025-2026,IS,SCHEIA,95649,RURAL,2261106225,"ȘCOALA GIMNAZIALĂ, ȘCHEIA",VOLINTIREŞTI,95658,RURAL,546975,2262100246,SC PRI VOLINTIRESTI,"ȘCOALA PRIMARĂ, VOLINTIREȘTI",Unitate de învățământ,AR,,Un schimb/zi,Buget,Publică de interes naţional şi local,Viorelelor, 16,707008,0232716570,0232716570,scoalascheia_aicuza@yahoo.com
2025-2026,IS,SCOBINŢI,99003,RURAL,2261102714,"ȘCOALA GIMNAZIALĂ, SCOBINŢI",SCOBINŢI,99003,RURAL,552182,2262103977,SC PRI SCOBINTI,"ȘCOALA PRIMARĂ, SCOBINŢI",Unitate de învățământ,AR,,Un schimb/zi,Buget,Publică de interes naţional şi local, , ,707445,0232721395,0232722842,scobintiscoala@yahoo.com
2025-2026,IS,SCOBINŢI,99003,RURAL,2261102714,"ȘCOALA GIMNAZIALĂ, SCOBINŢI",ZAGAVIA,99049,RURAL,552168,2262103968,SC PRI ZAGAVIA,"ȘCOALA PRIMARĂ, ZAGAVIA",Unitate de învățământ,AR,,Un schimb/zi,Buget,Publică de interes naţional şi local, , ,707447,0232721397,0232721097,scoalasticlaria@yahoo.com
2025-2026,IS,SCÂNTEIA,98925,RURAL,2261106415,"ȘCOALA GIMNAZIALĂ ""AXINTE URICARIUL"", SCÂNTEIA",CIOCÂRLEŞTI,98952,RURAL,552039,2262103543,SC PRI CIOCARLESTI,"ȘCOALA PRIMARĂ, CIOCÂRLEŞTI",Unitate de învățământ,AR,,Un schimb/zi,Buget,Publică de interes naţional şi local,Școlii,29,707428,0232229331,0232229331,sc_axinte_uricariul@yahoo.com
2025-2026,IS,SINEŞTI,99067,RURAL,2261105952,"ȘCOALA GIMNAZIALĂ ""VENIAMIN COSTACHI"", SINEŞTI",BOCNIŢA,99076,RURAL,552285,2262100834,SC PRI BOCNITA,"ȘCOALA PRIMARĂ, BOCNIŢA",Unitate de învățământ,AR,,Un schimb/zi,Buget,Publică de interes naţional şi local, , ,707451,0784252377,0784252377,scoalasinesti@yahoo.com
2025-2026,IS,SIREŢEL,99110,RURAL,2261105016,"ȘCOALA GIMNAZIALĂ, SIREŢEL",BEREZLOGI,99129,RURAL,552338,2262101826,SC PRI BEREZLOGI,"ȘCOALA PRIMARĂ, BEREZLOGI",Unitate de învățământ,AR,,Două schimburi/zi,Buget,Publică de interes naţional şi local, , ,707456,0000000000,0000000000,scsiretel@gmail.com
2025-2026,IS,SIREŢEL,99110,RURAL,2261105016,"ȘCOALA GIMNAZIALĂ, SIREŢEL",SLOBOZIA,99156,RURAL,552352,2262101817,SC PRI SLOBOZIA,"ȘCOALA PRIMARĂ, SLOBOZIA",Unitate de învățământ,AR,,Un schimb/zi,Buget,Publică de interes naţional şi local, , ,707459,0000000000,0000000000,scsiretel@gmail.com
2025-2026,IS,STOLNICENI-PRĂJESCU,99174,RURAL,2261105233,"ŞCOALA PROFESIONALĂ, STOLNICENI-PRĂJESCU",BRĂTEŞTI,99183,RURAL,,2262101654,SC PRI BRATESTI,"ȘCOALA PRIMARĂ, BRĂTEȘTI",Unitate de învățământ,AR,,Un schimb/zi,Buget,Publică de interes naţional şi local, , ,707461,0232714000,0232714000,scoalastolniceni@yahoo.com
2025-2026,IS,TODIREŞTI,99548,RURAL,2261106157,"ȘCOALA GIMNAZIALĂ NR. 1, TODIREŞTI",TODIREŞTI,99548,RURAL,553215,2262102144,SC PRI TODIRESTI 2,"ȘCOALA PRIMARĂ NR.2, TODIREŞTI",Unitate de învățământ,AR,,Un schimb/zi,Buget,Publică de interes naţional şi local, , ,707505,0232733200,0232733200,sc1tod@yahoo.com
2025-2026,IS,TRIFEŞTI,99619,RURAL,2261102506,"ȘCOALA GIMNAZIALĂ ""IACOB NEGRUZZI"", TRIFEŞTI",ZABOLOTENI,99664,RURAL,552974,2262102438,SC PRI ZABOLOTENI,"ȘCOALA PRIMARĂ, ZABOLOTENI",Unitate de învățământ,AR,,Un schimb/zi,Buget,Publică de interes naţional şi local, , ,707526,0232275222,0232275222,scoalatrifesti@yahoo.com
2025-2026,IS,VALEA LUPULUI,95284,RURAL,2261207495,"ȘCOALA PRIMARĂ ""HAPPY KITTENS"", VALEA LUPULUI (Asociația Happy Kittens)",VALEA LUPULUI,95284,RURAL,,2261207495,SC PRI HAPPY KITTENS VALEA LUPULUI,"ȘCOALA PRIMARĂ ""HAPPY KITTENS"", VALEA LUPULUI (Asociația Happy Kittens)",Unitate de învățământ,PJ,39031657 (asociație),Un schimb/zi,Taxă,Privată,BUJORILOR,2,700548,0745197153,0745197153,gradinta@happy-kittens.ro
2025-2026,IS,VICTORIA,100013,RURAL,2261104494,"ȘCOALA PROFESIONALĂ ""IONEL TEODOREANU"", VICTORIA",STÂNCA,100068,RURAL,553904,2262102203,SC PRI STANCA,"ȘCOALA PRIMARĂ, STÂNCA",Unitate de învățământ,AR,,Un schimb/zi,Buget,Publică de interes naţional şi local,ROZNOVANU,6,707586,0232295050,0232295050,victoriascoala@gmail.com
2025-2026,IS,VLĂDENI,100157,RURAL,2261105138,"LICEUL TEHNOLOGIC, VLĂDENI",BROŞTENI,100184,RURAL,554128,2262103285,SC PRI BROSTENI,"ȘCOALA PRIMARĂ, BROŞTENI",Unitate de învățământ,AR,,Un schimb/zi,Buget,Publică de interes naţional şi local,SFÂNTUL ILIE,42,707593,0232299668,,gsv_is@yahoo.com
2025-2026,IS,VOINEŞTI,100228,RURAL,2261105192,"ȘCOALA GIMNAZIALĂ ""IOANID ROMANESCU"", VOINEŞTI",LUNGANI,100237,RURAL,554221,2262100671,SC PRI LUNGANI - COM. VOINESTI,"ȘCOALA PRIMARĂ, LUNGANI",Unitate de învățământ,AR,,Un schimb/zi,Buget,Publică de interes naţional şi local, , ,707601,0232294997,0232294997,voinestischool@yahoo.ro
2025-2026,IS,VOINEŞTI,100228,RURAL,2261105192,"ȘCOALA GIMNAZIALĂ ""IOANID ROMANESCU"", VOINEŞTI",SCHITU STAVNIC,100246,RURAL,554245,2262101446,SC PRI SCHITU STAVNIC,"ȘCOALA PRIMARĂ, SCHITU STAVNIC",Unitate de învățământ,AR,,Un schimb/zi,Buget,Publică de interes naţional şi local, , ,707602,0232294766,0232294766,scoalasloboziadeal@yahoo.com
2025-2026,IS,VOINEŞTI,100228,RURAL,2261105192,"ȘCOALA GIMNAZIALĂ ""IOANID ROMANESCU"", VOINEŞTI",SLOBOZIA,100255,RURAL,554233,2262101455,SC PRI SLOBOZIA,"ȘCOALA PRIMARĂ, SLOBOZIA",Unitate de învățământ,AR,,Două schimburi/zi,Buget,Publică de interes naţional şi local, , ,707603,0232294981,0232294981,scoalasloboziadeal@yahoo.com
2025-2026,IS,VÂNĂTORI,100095,RURAL,2261106695,"ȘCOALA GIMNAZIALĂ, VÂNĂTORI - com. Vânători",VLĂDNICUŢ,100139,RURAL,554013,2262101075,SC PRI VLADNICUT,"ȘCOALA PRIMARĂ, VLĂDNICUŢ",Unitate de învățământ,AR,,Un schimb/zi,Buget,Publică de interes naţional şi local, , ,707578,0232711694,0232711694,sam_vanatori@yahoo.com
2025-2026,IS,ŞCHEIA,99307,RURAL,2261104865,"ȘCOALA PROFESIONALĂ ""NICOLAE BĂLĂUŢĂ"", ŞCHEIA",CIOCA-BOCA,99325,RURAL,552675,2262101003,SC PRI CIOCA-BOCA,"ȘCOALA PRIMARĂ, CIOCA-BOCA",Unitate de învățământ,AR,,Un schimb/zi,Buget,Publică de interes naţional şi local,BAHNII,2,707477,0730617561,0730617561,grupulscolarscheia@yahoo.ro
2025-2026,IS,ŞCHEIA,99307,RURAL,2261104865,"ȘCOALA PROFESIONALĂ ""NICOLAE BĂLĂUŢĂ"", ŞCHEIA",POIANA ŞCHEII,99352,RURAL,552651,2262100983,SC PRI POIANA SCHEII,"ȘCOALA PRIMARĂ, POIANA-ŞCHEII",Unitate de învățământ,AR,,Un schimb/zi,Buget,Publică de interes naţional şi local,PRINCIPALA,19,707481,0730617561,0730617561,grupulscolarscheia@yahoo.ro
2025-2026,IS,ŞIPOTE,99389,RURAL,2261105174,"ȘCOALA GIMNAZIALĂ, ŞIPOTE",IAZU VECHI,99423,RURAL,,2262102049,SC PRI IAZU VECHI,"ȘCOALA PRIMARĂ, IAZU VECHI",Unitate de învățământ,AR,,Un schimb/zi,Buget,Publică de interes naţional şi local,PETRU RARES,1880,707489,0232238267,0232238267,Scoalasipote@yahoo.com
2025-2026,IS,ŢIBANA,99682,RURAL,2261106614,"ȘCOALA PROFESIONALĂ DE INDUSTRIE ALIMENTARĂ, ȚIBANA",POIANA DE SUS,99744,RURAL,,2262106917,SC PRI POIANA DE SUS,"ȘCOALA PRIMARĂ, POIANA DE SUS",Unitate de învățământ,AR,,Un schimb/zi,Buget,Publică de interes naţional şi local, , ,707538,0232325776,0232325776,scproftibana@yahoo.com
2025-2026,IS,ŢIBANA,99682,RURAL,2261106614,"ȘCOALA PROFESIONALĂ DE INDUSTRIE ALIMENTARĂ, ȚIBANA",POIANA MĂNĂSTIRII,99753,RURAL,553409,2262100323,SC PRI POIANA MANASTIRII,"ȘCOALA PRIMARĂ, POIANA MĂNĂSTIRII",Unitate de învățământ,AR,,Un schimb/zi,Buget,Publică de interes naţional şi local, , ,707537,0232325776,0232325776,scproftibana@yahoo.com
2025-2026,IS,ŢIGĂNĂŞI,99888,RURAL,2261105043,"ȘCOALA GIMNAZIALĂ ""COSTACHE ANTONIU"", ŢIGĂNAŞI",STEJARII,99913,RURAL,1148366,2262101048,SC PRI STEJARII,"ȘCOALA PRIMARĂ, STEJARII",Unitate de învățământ,AR,,Un schimb/zi,Buget,Publică de interes naţional şi local,PRINCIPALA,136,707558,0332405064,0332405064,scoala_tiganasi@yahoo.com
2025-2026,IS,ŢUŢORA,99931,RURAL,2261105183,"ȘCOALA GIMNAZIALĂ, ŢUŢORA",OPRIŞENI,99959,RURAL,553758,2262101776,SC PRI OPRISENI,"ȘCOALA PRIMARĂ, OPRIŞENI",Unitate de învățământ,AR,,Un schimb/zi,Buget,Publică de interes naţional şi local, , ,707562,0232298787,0232298759,scoala_tutora@yahoo.ro
2025-2026,MH,BAIA DE ARAMĂ,109933,URBAN,2561202757,ȘCOALA PRIMARĂ TABOR,BAIA DE ARAMĂ,109933,URBAN,,2561202757,SC.PRIM.TABOR,ȘCOALA PRIMARĂ TABOR,Unitate de învățământ,PJ,50410511,Un schimb/zi,Buget,Privată,Tudor Vladimirescu,7,225100,0769621848,0769621848,scoala.tabor@yahoo.com
2025-2026,MH,BALA,110303,RURAL,2561102465,ȘCOALA GIMNAZIALĂ BALA,BALA DE SUS,110312,RURAL,587618,2562101039,SC.PRIM. BALA DE SUS,ȘCOALA PRIMARĂ BALA DE SUS,Unitate de învățământ,AR,,Un schimb/zi,Buget,Publică de interes naţional şi local, , ,227011,0252386098,0252386098,scoala.bala@yahoo.com
2025-2026,MH,BALA,110303,RURAL,2561102465,ȘCOALA GIMNAZIALĂ BALA,IUPCA,110394,RURAL,587656,2562101021,SC.PRIM. IUPCA,ȘCOALA PRIMARĂ IUPCA,Unitate de învățământ,AR,,Un schimb/zi,Buget,Publică de interes naţional şi local, , ,227021,0252386098,0252386098,scoala.bala@yahoo.com
2025-2026,MH,BALA,110303,RURAL,2561102465,ȘCOALA GIMNAZIALĂ BALA,RUDINA,110410,RURAL,589721,2562101057,SC.PRIM. RUDINA,ȘCOALA PRIMARĂ RUDINA,Unitate de învățământ,AR,,Un schimb/zi,Buget,Publică de interes naţional şi local, , ,227023,0252386098,0252386098,scoala.bala@yahoo.com
2025-2026,MH,BREZNIŢA-OCOL,110839,RURAL,2561101396,ȘCOALA GIMNAZIALĂ BREZNIȚA-OCOL,MAGHERU,110857,RURAL,587888,2562102569,SC.PRIM. MAGHERU,ȘCOALA PRIMARĂ MAGHERU,Unitate de învățământ,AR,,Un schimb/zi,Buget,Publică de interes naţional şi local, , ,227071,0252210165,0252210165,scgimnaziala.breznitaocol@yahoo.ro
2025-2026,MH,BROŞTENI,110884,RURAL,2561102492,ȘCOALA GIMNAZIALĂ BROȘTENI,LUNCŞOARA,110900,RURAL,587905,2562100377,SC.PRIM. LUNCSOARA,ȘCOALA PRIMARĂ LUNCȘOARA,Unitate de învățământ,AR,,Un schimb/zi,Buget,Publică de interes naţional şi local,PRINCIPALĂ, ,227077,0252383120,0252383120,sc_brosteni_mh@yahoo.ro
2025-2026,MH,BROŞTENI,110884,RURAL,2561102492,ȘCOALA GIMNAZIALĂ BROȘTENI,LUPŞA DE JOS,110919,RURAL,589898,2562100386,SC.PRIM. LUPSA DE JOS,ȘCOALA PRIMARĂ LUPȘA DE JOS,Unitate de învățământ,AR,,Un schimb/zi,Buget,Publică de interes naţional şi local,PRINCIPALĂ, ,227078,0252383120,0252383120,sc_brosteni_mh@yahoo.ro
2025-2026,MH,BROŞTENI,110884,RURAL,2561102492,ȘCOALA GIMNAZIALĂ BROȘTENI,LUPŞA DE SUS,110928,RURAL,587917,2562100395,SC.PRIM. LUPSA DE SUS,ȘCOALA PRIMARĂ LUPȘA DE SUS,Unitate de învățământ,AR,,Un schimb/zi,Buget,Publică de interes naţional şi local,PRINCIPALĂ, ,227079,0252383120,0252383120,sc_brosteni_mh@yahoo.ro
2025-2026,MH,BUTOIEŞTI,111015,RURAL,2561102429,"ȘCOALA GIMNAZIALĂ ""CONSTANTIN RĂDULESCU MOTRU"" BUTOIEȘTI",TÂNŢARU,111088,RURAL,588002,2562101315,SC.PRIM. TINTARU,ȘCOALA PRIMARĂ ȚÂNȚARU,Unitate de învățământ,AR,,Un schimb/zi,Buget,Publică de interes naţional şi local, , ,227098,0252373211,0252373211,scbutoiesti@yahoo.com
2025-2026,MH,BĂLĂCIŢA,110544,RURAL,2561102117,ŞCOALA GIMNAZIALĂ BĂLĂCIŢA,GVARDINIŢA,110562,RURAL,589771,2562100567,SC.PRIM. GVARDINITA,ŞCOALA PRIMARĂ GVARDINITA,Unitate de învățământ,AR,,Un schimb/zi,Buget,Publică de interes naţional şi local, , ,227042,0252356074,0252356074,sc_balacita@yahoo.com
2025-2026,MH,CORCOVA,111284,RURAL,2561101541,ȘCOALA GIMNAZIALĂ CORCOVA,CERNAIA,111300,RURAL,588105,2562100766,SC.PRIM. CERNAIA,ȘCOALA PRIMARĂ CERNAIA,Unitate de învățământ,AR,,Un schimb/zi,Buget,Publică de interes naţional şi local, PRINCIPALĂ, ,227127,0252383463,0252383463,scoalacorcova@yahoo.com
2025-2026,MH,CORCOVA,111284,RURAL,2561101541,ȘCOALA GIMNAZIALĂ CORCOVA,GÂRBOVĂŢU DE JOS,111337,RURAL,588129,2562100531,SC.PRIM. GIRBOVAT.DE JOS,ȘCOALA PRIMARĂ GÂRBOVĂȚU DE JOS,Unitate de învățământ,AR,,Un schimb/zi,Buget,Publică de interes naţional şi local, PRINCIPALĂ, ,227131,0252383463,0252383463,scoalacorcova@yahoo.com
2025-2026,MH,CORCOVA,111284,RURAL,2561101541,ȘCOALA GIMNAZIALĂ CORCOVA,STEJARU,111391,RURAL,588155,2562100549,SC.PRIM. STEJARU,ȘCOALA PRIMARĂ STEJARU,Unitate de învățământ,AR,,Un schimb/zi,Buget,Publică de interes naţional şi local, , ,227138,0252383463,0252383463,scoalacorcova@yahoo.com
2025-2026,MH,DEVESEL,111499,RURAL,2561101731,ȘCOALA GIMNAZIALĂ DEVESEL,SCĂPĂU,111532,RURAL,588210,2562100757,SC.PRIM. SCAPAU,ȘCOALA PRIMARĂ SCĂPĂU,Unitate de învățământ,AR,,Un schimb/zi,Buget,Publică de interes naţional şi local, , ,227164,0252353257,0252353257,scoaladeveselmh@yahoo.com
2025-2026,MH,DROBETA-TURNU SEVERIN,109782,URBAN,2561101351,"ȘCOALA GIMNAZIALĂ ""DIMITRIE GRECESCU"" DROBETA TURNU SEVERIN",DROBETA-TURNU SEVERIN,109782,URBAN,,2562101265,SC.PRI. NR.13,ȘCOALA PRIMARĂ NR.13,Unitate de învățământ,AR,,Un schimb/zi,Buget,Publică de interes naţional şi local, JIDOSTITEI,2,220239,0252311142,0252311142,scoaladimitriegrecescu@yahoo.com
2025-2026,MH,DUMBRAVA DE JOS,111596,RURAL,2561102031,ȘCOALA GIMNAZIALĂ DUMBRAVA DE JOS,ALBULEŞTI,111603,RURAL,590093,2562100888,SC.PRIM. ALBULESTI,ȘCOALA PRIMARĂ ALBULEȘTI,Unitate de învățământ,AR,,Un schimb/zi,Buget,Publică de interes naţional şi local,Str. Principala,1,227176,0252342661,0252342661,scoala.dumbrava@yahoo.com
2025-2026,MH,EIBENTHAL,112940,RURAL,2561101871,ȘCOALA GIMNAZIALĂ EIBENTHAL,DUBOVA,112931,RURAL,590512,2562101428,SC.PRIM. DUBOVA,ȘCOALA PRIMARĂ DUBOVA,Unitate de învățământ,AR,,Un schimb/zi,Buget,Publică de interes naţional şi local,Principală, ,227170,0252368204,0252368204,eibenthal2007@yahoo.com
2025-2026,MH,FLOREŞTI,111694,RURAL,2561102343,ȘCOALA GIMNAZIALĂ FLOREȘTI,COPĂCIOASA,111701,RURAL,588284,2562100341,SC.PRIM. COPACIOASA,ȘCOALA PRIMARĂ COPĂCIOASA,Unitate de învățământ,AR,,Un schimb/zi,Buget,Publică de interes naţional şi local, PRINCIPALA,166,227201,0252383340,0252383340,florestiscoala@yahoo.com
2025-2026,MH,FLOREŞTI,111694,RURAL,2561102343,ȘCOALA GIMNAZIALĂ FLOREȘTI,GÂRDOAIA,111710,RURAL,588296,2562100359,SC.PRIM. GARDOAIA,ȘCOALA PRIMARĂ GÂRDOAIA,Unitate de învățământ,AR,,Un schimb/zi,Buget,Publică de interes naţional şi local, , ,227202,0252383340,0252383340,florestiscoala@yahoo.com
2025-2026,MH,FLOREŞTI,111694,RURAL,2561102343,ȘCOALA GIMNAZIALĂ FLOREȘTI,ZEGUJANI,111774,RURAL,590122,2562100368,SC.PRI. ZEGUJANI,ȘCOALA PRIMARĂ ZEGUJANI,Unitate de învățământ,AR,,Un schimb/zi,Buget,Publică de interes naţional şi local,PRINCIPALĂ,181,227209,0252383820,0252383340,florestiscoala@yahoo.com
2025-2026,MH,GOGOŞU,111872,RURAL,2561101808,ȘCOALA GIMNAZIALĂ GOGOȘU,BALTA VERDE,111881,RURAL,255883751,2562101446,SC.PRIM. BALTA VERDE,ȘCOALA PRIMARĂ BALTA VERDE,Unitate de învățământ,AR,,Un schimb/zi,Buget,Publică de interes naţional şi local, , ,227221,0252357127,0252357127,gogosu_sam@yahoo.com
2025-2026,MH,GOGOŞU,111872,RURAL,2561101808,ȘCOALA GIMNAZIALĂ GOGOȘU,BURILA MICĂ,111890,RURAL,590172,2562101437,SC.PRIM. BURILA MICA,ȘCOALA PRIMARĂ BURILA MICĂ,Unitate de învățământ,AR,,Un schimb/zi,Buget,Publică de interes naţional şi local, , ,227222,0252357127,0252357127,gogosu_sam@yahoo.com
2025-2026,MH,GROZEŞTI,111998,RURAL,2561101957,ȘCOALA GIMNAZIALĂ GROZEȘTI,CÂRCENI,112003,RURAL,977368,2562100698,SC.PRIM. CIRCENI,ȘCOALA PRIMARĂ CÂRCENI,Unitate de învățământ,AR,,Un schimb/zi,Buget,Publică de interes naţional şi local, PRINCIPALĂ, 133,236236,0252373942,0252373942,scoala.grozesti@yahoo.ro
2025-2026,MH,GRUIA,112049,RURAL,2561101713,ŞCOALA GIMNAZIALA GRUIA,IZVOARELE,112058,RURAL,590237,2562101202,SC.PRIM. IZVOARELE,SCOALA PRIMARA IZVOARELE,Unitate de învățământ,AR,,Un schimb/zi,Buget,Publică de interes naţional şi local, , ,227241,0252394020,0252394020,scoala.gruia@yahoo.com
2025-2026,MH,ILOVIŢA,112343,RURAL,2561101898,ȘCOALA GIMNAZIALĂ ILOVIȚA,BAHNA,112352,RURAL,588595,2562100418,SC.PRIM. BAHNA,ȘCOALA PRIMARĂ BAHNA,Unitate de învățământ,AR,,Un schimb/zi,Buget,Publică de interes naţional şi local, , ,227281,0252216504,0252216504,scilovita@yahoo.com
2025-2026,MH,ISVERNA,112389,RURAL,2561102171,ȘCOALA GIMNAZIALĂ ISVERNA,SELIŞTEA,112441,RURAL,588624,2562100784,SC.PRIM. SELISTEA,ȘCOALA PRIMARĂ SELIȘTEA,Unitate de învățământ,AR,,Un schimb/zi,Buget,Publică de interes naţional şi local, , ,227285,0252388154,0252388154,sc_isverna@yahoo.com
2025-2026,MH,JIANA,112557,RURAL,2561101645,ŞCOALA GIMNAZIALĂ JIANA,CIOROBORENI,112566,RURAL,590354,2562100332,SC.PRIM. CIOROBORENI,ŞCOALA PRIMARĂ CIOROBORENI,Unitate de învățământ,AR,,Un schimb/zi,Buget,Publică de interes naţional şi local, , ,227306,0252358845,0252358845,scoala_jiana@yahoo.com
2025-2026,MH,JIANA,112557,RURAL,2561101645,ŞCOALA GIMNAZIALĂ JIANA,JIANA MARE,112584,RURAL,590378,2562100323,SC.PRIM. JIANA MARE,ŞCOALA PRIMARĂ JIANA MARE,Unitate de învățământ,AR,,Un schimb/zi,Buget,Publică de interes naţional şi local, , ,227308,0252358827,0252358827,scoala_jiana@yahoo.com
2025-2026,MH,PONOARELE,113000,RURAL,2561102212,"ȘCOALA GIMNAZIALĂ ""DR. ALEXANDRU M. POPESCU"" PONOARELE",GĂRDĂNEASA,113082,RURAL,588959,2562100237,SC.PRIM. GARDANEASA,ȘCOALA PRIMARĂ GĂRDĂNEASA,Unitate de învățământ,AR,,Un schimb/zi,Buget,Publică de interes naţional şi local,PRINCIPALĂ, ,227369,0252381564,0252381564,scponoarele@yahoo.com
2025-2026,MH,POROINA MARE,113162,RURAL,2561101532,ȘCOALA PRIMARĂ POROINA MARE,POROINA MARE,113162,RURAL,5903921,2561101532,SC.PRIM. POROINA MARE,ȘCOALA PRIMARĂ POROINA MARE,Unitate de învățământ,PJ,29169483,Un schimb/zi,Buget,Publică de interes naţional şi local,PRINCIPALĂ,2,227380,0252352847,0252352847,scoalaprimaraporoina@yahoo.com
2025-2026,MH,PUNGHINA,113402,RURAL,2561102067,ŞCOALA GIMNAZIALĂ PUNGHINA,RECEA,113448,RURAL,,2562100594,SC.PRIM. RECEA,ŞCOALA PRIMARĂ RECEA,Unitate de învățământ,AR,,Un schimb/zi,Buget,Publică de interes naţional şi local,PRINCIPALĂ,10,227414,0252395855,0252395855,scpunghina@yahoo.com
2025-2026,MH,PĂDINA MARE,112815,RURAL,2561101749,ȘCOALA PRIMARĂ PĂDINA MARE,PĂDINA MARE,112815,RURAL,590469,2561101749,SC.PRIM. PADINA MARE,ȘCOALA PRIMARĂ PĂDINA MARE,Unitate de învățământ,PJ,28950507,Un schimb/zi,Buget,Publică de interes naţional şi local,PRINCIPALĂ,208,227344,0745395109,0252356750,scoala.padina@yahoo.com
2025-2026,MH,STREHAIA,110125,URBAN,2561102456,"ȘCOALA GIMNAZIALĂ ""MIHAI VITEAZUL"" STREHAIA",CIOCHIUŢA,110134,URBAN,25589642,2562100499,SC.PRIM. CIOCHIUTA,ȘCOALA PRIMARĂ CIOCHIUȚA,Unitate de învățământ,AR,,Un schimb/zi,Buget,Publică de interes naţional şi local, CALEA SEVERINULUI,35,225301,0252370139,0252306083,sc_strehaia@yahoo.fr
2025-2026,MH,TÂMNA,113741,RURAL,2561101699,"ȘCOALA GIMNAZIALĂ ""GHEORGHE ENESCU"" TÂMNA",PLOPI,113821,RURAL,590732,2562100196,SC.PRIM. PLOPI,ȘCOALA PRIMARĂ PLOPI,Unitate de învățământ,AR,,Un schimb/zi,Buget,Publică de interes naţional şi local, , ,227481,0252375051,0252375051,tamnascoala@yahoo.com
2025-2026,MH,VOLOIAC,113983,RURAL,2561102162,ȘCOALA GIMNAZIALĂ VOLOIAC,COTOROAIA,113992,RURAL,589408,2562100992,SC.PRIM. COTOROAIA,ȘCOALA PRIMARĂ COTOROAIA,Unitate de învățământ,AR,,Un schimb/zi,Buget,Publică de interes naţional şi local, PRINCIPALA,194,227506,0252371712,0252371712,scoalavoloiac@yahoo.com
2025-2026,MH,VÂNJU MARE,110241,URBAN,2561102266,"LICEUL TEORETIC ""DR.VICTOR GOMOIU""",NICOLAE BĂLCESCU,110269,URBAN,589666,2562101116,SC.PRIM. N.BALCESCU,ȘCOALA PRIMARĂ NICOLAE BĂLCESCU,Unitate de învățământ,AR,,Un schimb/zi,Buget,Publică de interes naţional şi local, , ,225402,0252350494,0252350398,generalavanju@yahoo.com
2025-2026,MH,ŞIMIAN,109835,RURAL,2561101844,"LICEUL TEHNOLOGIC ""TUDOR VLADIMIRESCU""",DUDAŞU,109871,RURAL,587462,2562101197,SC.PRIM. DUDASU,ŞCOALA PRIMARĂ DUDAŞU,Unitate de învățământ,AR,,Un schimb/zi,Buget,Publică de interes naţional şi local, , ,227449,0252210866,0252210866,scoalacerneti@yahoo.com
2025-2026,MH,ŞIMIAN,109835,RURAL,2561101844,"LICEUL TEHNOLOGIC ""TUDOR VLADIMIRESCU""",ERGHEVIŢA,109880,RURAL,589599,2562100843,SC.PRIM. ERGHEVITA,ŞCOALA PRIMARĂ ERGHEVIŢA,Unitate de învățământ,AR,,Un schimb/zi,Buget,Publică de interes naţional şi local, , ,227445,0252338426,0252338426,scoalagimnazialasimian@yahoo.com
2025-2026,MH,ŞIROCA,111854,RURAL,2561101369,ȘCOALA PRIMARĂ ȘIROCA,ŞIROCA,111854,RURAL,588363,2561101369,SC.PRIM. SIROCA,ȘCOALA PRIMARĂ ȘIROCA,Unitate de învățământ,PJ,29003030,Un schimb/zi,Buget,Publică de interes naţional şi local, Principală nr.31, ,227218,0784618616,0252216111,ssiroca@yahoo.com
2025-2026,MM,BORŞA,106755,URBAN,2461101461,ȘCOALA GIMNAZIALĂ NR. 9 BORȘA,BORŞA,106755,URBAN,,2462102697,SP 3 BORSA,ȘCOALA PRIMARĂ NR. 3 BORȘA,Unitate de învățământ,AR,,Două schimburi/zi,Buget,Publică de interes naţional şi local,REPEZII,100,435200,0262342076,0262342076,scoalanr3borsa@yahoo.com
2025-2026,MM,BOTIZA,107494,RURAL,2461101185,ȘCOALA GIMNAZIALĂ BOTIZA,BOTIZA,107494,RURAL,,2462103929,SP VALEA SASULUI,ȘCOALA PRIMARĂ VALEA SASULUI,Unitate de învățământ,AR,,Un schimb/zi,Buget,Publică de interes naţional şi local,BOTIZA,161,437065,0262334109,0262334109,scoala_botiza@yahoo.com
2025-2026,MM,BUDEŞTI,107528,RURAL,2461101357,ȘCOALA GIMNAZIALĂ BUDEȘTI,SÂRBI,107537,RURAL,,2462102756,SP SARBI,ȘCOALA PRIMARĂ SÂRBI,Unitate de învățământ,AR,,Un schimb/zi,Buget,Publică de interes naţional şi local,SÂRBI-BUDEŞTI,817 ,437071,0262373608,0262373608,scoala_budesti@yahoo.com
2025-2026,MM,CAVNIC,106791,URBAN,2461100962,LICEUL TEORETIC „PINTEA VITEAZUL” CAVNIC,CAVNIC,106791,URBAN,,2462102245,SP CAVNIC,ȘCOALA PRIMARĂ CAVNIC,Unitate de învățământ,AR,,Un schimb/zi,Buget,Publică de interes naţional şi local,independentei, 2,435300,0262295018,0262296040,colegiulpintea@yahoo.com
2025-2026,MM,CERNEŞTI,107591,RURAL,2461101488,ȘCOALA GIMNAZIALĂ CERNEȘTI,FÂNAŢE,107626,RURAL,,2462102462,SP FANATE,ȘCOALA PRIMARĂ FÂNAȚE,Unitate de învățământ,AR,,Un schimb/zi,Buget,Publică de interes naţional şi local,FANATE, 1,437088,0262382018,0262382018,scoala_cernesti@yahoo.com
2025-2026,MM,CHELINŢA,109292,RURAL,2461101009,ȘCOALA GIMNAZIALĂ „VASILE MORAR” CHELINȚA,ŢICĂU,109336,RURAL,,2462103567,SP TICAU,ȘCOALA PRIMARĂ ȚICĂU,Unitate de învățământ,AR,,Două schimburi/zi,Buget,Publică de interes naţional şi local,ŢICĂU-ORAŞ ULMENIŢICĂU-ORAŞ ULMENI PETRE DULFU,1,437362,0262264752,0262264752,scoala_chelinta@yahoo.com
2025-2026,MM,COPALNIC-MĂNĂŞTUR,107742,RURAL,2461101886,ȘCOALA GIMNAZIALĂ „AUGUSTIN BUZURA” COPALNIC-MĂNĂȘTUR,CURTUIUŞU MIC,107797,RURAL,,2462102019,SP CURTUIUSU MIC,ȘCOALA PRIMARĂ CURTUIUȘU MIC,Unitate de învățământ,AR,,Un schimb/zi,Buget,Publică de interes naţional şi local,CURTUIUSU MIC,1,437106,0262497046,0262497684,scoalacopalnicmanastur@yahoo.com
2025-2026,MM,COPALNIC-MĂNĂŞTUR,107742,RURAL,2461101886,ȘCOALA GIMNAZIALĂ „AUGUSTIN BUZURA” COPALNIC-MĂNĂȘTUR,LĂSCHIA,107813,RURAL,,2462102037,SP LASCHIA,ȘCOALA PRIMARĂ LĂSCHIA,Unitate de învățământ,AR,,Un schimb/zi,Buget,Publică de interes naţional şi local,LĂSCHIA-COPALNIC-MĂNĂŞTUR, 24,437108,0262497046,0262497684,scoalacopalnicmanastur@yahoo.com
2025-2026,MM,COROIENI,107877,RURAL,2461101728,ȘCOALA GIMNAZIALĂ COROIENI,COROIENI,107877,RURAL,582608,2462103671,SP PONORATA,ȘCOALA PRIMARĂ PONORÂTA,Unitate de învățământ,AR,,Două schimburi/zi,Buget,Publică de interes naţional şi local,PONORATA,2,437384,0262389550,0262389550,scoalacoroieni@yahho.com
2025-2026,MM,CRĂCIUNEŞTI,107378,RURAL,2461101511,ȘCOALA GIMNAZIALĂ CRĂCIUNEȘTI,CRĂCIUNEŞTI,107378,RURAL,,2462103626,SP TISA,ȘCOALA PRIMARĂ TISA,Unitate de învățământ,AR,,Un schimb/zi,Buget,Publică de interes naţional şi local,TISA,1,437053,0262360309,0262360309,sclcraciunesti@yahoo.com
2025-2026,MM,CUPŞENI,107939,RURAL,2461101131,ȘCOALA GIMNAZIALĂ CUPȘENI,LIBOTIN,107957,RURAL,,2462102322,SP LIBOTIN,ȘCOALA PRIMARĂ LIBOTIN,Unitate de învățământ,AR,,Un schimb/zi,Buget,Publică de interes naţional şi local,CUPSENI LIBOTIN,255,437132,0262383016,0262383040,scoalacupseni@yahoo.com
2025-2026,MM,CÂMPULUNG LA TISA,107724,RURAL,2461100926,ȘCOALA GIMNAZIALĂ CÂMPULUNG LA TISA,CÂMPULUNG LA TISA,107724,RURAL,,2462104704,SP CAMPULUNG LA TISA,ȘCOALA PRIMARĂ CÂMPULUNG LA TISA,Unitate de învățământ,AR,,Un schimb/zi,Buget,Publică de interes naţional şi local,CAMPULUNG LA TISA,1,437080,0262370603,0262370603,sccimpulunglatisa_ro@yahoo.com
2025-2026,MM,DUMBRĂVIŢA,108044,RURAL,2461100071,ȘCOALA PROFESIONALĂ DUMBRĂVIȚA,UNGURAŞ,108099,RURAL,,2462103106,SP UNGURAS,ȘCOALA PRIMARĂ UNGURAȘ,Unitate de învățământ,AR,,Un schimb/zi,Buget,Publică de interes naţional şi local,UNGURAŞ-DUMBRĂVIŢA ,47,437151,0262299008,0262299618,dumbravitamm@gmail.com
2025-2026,MM,IEUD,108213,RURAL,2461101253,ȘCOALA GIMNAZIALĂ IEUD,IEUD,108213,RURAL,,2462103983,SP TUIDIC,ȘCOALA PRIMARĂ ȚUIDIC,Unitate de învățământ,AR,,Un schimb/zi,Buget,Publică de interes naţional şi local,PRINCIPALA,1,437170,0262336207,0262336207,scoalaieud@yahoo.com
2025-2026,MM,MIREŞU MARE,108277,RURAL,2461100062,ȘCOALA GIMNAZIALĂ MIREȘU MARE,LUCĂCEŞTI,108302,RURAL,,2462104749,SP LUCACESTI,ȘCOALA PRIMARĂ LUCĂCEȘTI,Unitate de învățământ,AR,,Un schimb/zi,Buget,Publică de interes naţional şi local,Independentei,7,437188,0262284008,0262284008,scoala_mires@yahoo.com
2025-2026,MM,MIREŞU MARE,108277,RURAL,2461100062,ȘCOALA GIMNAZIALĂ MIREȘU MARE,TULGHIEŞ,108339,RURAL,,2462102195,SP TULGHES,ȘCOALA PRIMARĂ TULGHEȘ,Unitate de învățământ,AR,,Un schimb/zi,Buget,Publică de interes naţional şi local,ȘCOLII,3,537330,0262284008,0262284008,scoala_mires@yahoo.com
2025-2026,MM,PETROVA,108464,RURAL,2461100112,LICEUL TEHNOLOGIC „ALEXANDRU FILIPAȘCU” PETROVA,PETROVA,108464,RURAL,,2462104021,SP SUSANI,ȘCOALA PRIMARĂ SUSANI,Unitate de învățământ,AR,,Un schimb/zi,Buget,Publică de interes naţional şi local,PRINCIPALA,734,437210,0262363005,0262363118,scoalapetrova@yahoo.com
2025-2026,MM,POIENILE DE SUB MUNTE,108482,RURAL,2461100356,ȘCOALA GIMNAZIALĂ NR. 4 POIENILE DE SUB MUNTE,POIENILE DE SUB MUNTE,108482,RURAL,,2462104387,SP ULOHA,ȘCOALA PRIMARĂ ULOHA,Unitate de învățământ,AR,,Un schimb/zi,Buget,Publică de interes naţional şi local,ULOHA,1,437220,0262367451,0262367451,scoalanr4poieniledesubmunte@yahoo.com
2025-2026,MM,POIENILE DE SUB MUNTE,108482,RURAL,2461100157,ȘCOALA PROFESIONALĂ POIENILE DE SUB MUNTE,POIENILE DE SUB MUNTE,108482,RURAL,,2462104351,SP CORNATEA,ȘCOALA PRIMARĂ CORNATEA,Unitate de învățământ,AR,,Un schimb/zi,Buget,Publică de interes naţional şi local,PRINCIPALA,10,437220,0262367302,0262367302,liceu_poieni@yahoo.com
2025-2026,MM,POIENILE DE SUB MUNTE,108482,RURAL,2461100157,ȘCOALA PROFESIONALĂ POIENILE DE SUB MUNTE,POIENILE DE SUB MUNTE,108482,RURAL,,2462104283,SP PENTAIA,ȘCOALA PRIMARĂ PENTAIA,Unitate de învățământ,AR,,Un schimb/zi,Buget,Publică de interes naţional şi local,PRINCIPALA,1,437220,0262367302,0262367302,liceu_poieni@yahoo.com
2025-2026,MM,POIENILE DE SUB MUNTE,108482,RURAL,2461100157,ȘCOALA PROFESIONALĂ POIENILE DE SUB MUNTE,POIENILE DE SUB MUNTE,108482,RURAL,,2462104274,SP SOLOTIANEI,ȘCOALA PRIMARĂ SOLOTIANEI,Unitate de învățământ,AR,,Un schimb/zi,Buget,Publică de interes naţional şi local,PRINCIPALA,1,437220,0262367302,0262367302,liceu_poieni@yahoo.com
2025-2026,MM,RECEA,106416,RURAL,2461101592,ȘCOALA GIMNAZIALĂ RECEA,LĂPUŞEL,106434,RURAL,,2462103038,SP LAPUSEL,ȘCOALA PRIMARĂ LĂPUȘEL,Unitate de învățământ,AR,,Un schimb/zi,Buget,Publică de interes naţional şi local,UNIRII,48,437227,0262374022,0362710600,scoala_recea@yahoo.com
2025-2026,MM,RECEA,106416,RURAL,2461101592,ȘCOALA GIMNAZIALĂ RECEA,SĂSAR,106452,RURAL,,2462103002,SP SASAR,ȘCOALA PRIMARĂ SĂSAR,Unitate de învățământ,AR,,Un schimb/zi,Buget,Publică de interes naţional şi local,1 DECEMBRIE,186,437229,0262287204,0362710600,scoala_recea@yahoo.com
2025-2026,MM,REMETEA CHIOARULUI,108507,RURAL,2461101262,ȘCOALA GIMNAZIALĂ REMETEA CHIOARULUI,BERCHEZ,108516,RURAL,,2462102512,SP BERCHEZ,ȘCOALA PRIMARĂ BERCHEZ,Unitate de învățământ,AR,,Un schimb/zi,Buget,Publică de interes naţional şi local,PRINCIPALA, 112,437231,0262288005,0262288005,scoala_remetea@yahoo.com
2025-2026,MM,REMETEA CHIOARULUI,108507,RURAL,2461101262,ȘCOALA GIMNAZIALĂ REMETEA CHIOARULUI,BERCHEZOAIA,108525,RURAL,,2462102498,SP BERCHEZOAIA,ȘCOALA PRIMARĂ BERCHEZOAIA,Unitate de învățământ,AR,,Un schimb/zi,Buget,Publică de interes naţional şi local,PRINCIPALA, 2,437232,0262288005,0262288005,scoala_remetea@yahoo.com
2025-2026,MM,REMETEA CHIOARULUI,108507,RURAL,2461101262,ȘCOALA GIMNAZIALĂ REMETEA CHIOARULUI,POSTA,108534,RURAL,,2462102503,SP POSTA,ȘCOALA PRIMARĂ POSTA,Unitate de învățământ,AR,,Un schimb/zi,Buget,Publică de interes naţional şi local,POSTA-REMETEA CHIOARULUI,57,437230,0262288005,0262288005,scoala_remetea@yahoo.com
2025-2026,MM,REPEDEA,108605,RURAL,2461103314,ȘCOALA PROFESIONALĂ REPEDEA,REPEDEA,108605,RURAL,,2462104532,SP LESPEDEA DE SUS,ȘCOALA PRIMARĂ LESPEDEA DE SUS,Unitate de învățământ,AR,,Un schimb/zi,Buget,Publică de interes naţional şi local,LESPEDEA DE SUS,1,437240,0262366216,0262366216,liceultehnologicrepedea@yahoo.ro
2025-2026,MM,REPEDEA,108605,RURAL,2461103314,ȘCOALA PROFESIONALĂ REPEDEA,REPEDEA,108605,RURAL,,2462104455,SP LUJANA,ȘCOALA PRIMARĂ LUJANA,Unitate de învățământ,AR,,Un schimb/zi,Buget,Publică de interes naţional şi local,LUJANA,1,437240,0262366216,0262366216,liceultehnologicrepedea@yahoo.ro
2025-2026,MM,REPEDEA,108605,RURAL,2461103314,ȘCOALA PROFESIONALĂ REPEDEA,REPEDEA,108605,RURAL,,2462104491,SP LUJANA II,ȘCOALA PRIMARĂ LUJANA II,Unitate de învățământ,AR,,Un schimb/zi,Buget,Publică de interes naţional şi local,LUJANA,2,437240,0262366216,0262366216,liceultehnologicrepedea@yahoo.ro
2025-2026,MM,REPEDEA,108605,RURAL,2461103314,ȘCOALA PROFESIONALĂ REPEDEA,REPEDEA,108605,RURAL,,2462104523,SP PLAIC,ȘCOALA PRIMARĂ PLAIC,Unitate de învățământ,AR,,Un schimb/zi,Buget,Publică de interes naţional şi local,PLAIC,1,437240,0262366216,0262366216,liceultehnologicrepedea@yahoo.ro
2025-2026,MM,SATULUNG,108721,RURAL,2461103481,ȘCOALA GIMNAZIALĂ SATULUNG,FERSIG,108749,RURAL,,2462102738,SP FERSIG,ȘCOALA PRIMARĂ FERSIG,Unitate de învățământ,AR,,Un schimb/zi,Buget,Publică de interes naţional şi local,FERSIG,1,437272,0262283032,0262283032,scoala_satulung@yahoo.com
2025-2026,MM,SEINI,108972,URBAN,2461100053,LICEUL TEHNOLOGIC AGRICOL „ALEXIU BERINDE” SEINI,SEINI,108972,URBAN,584501,2462101104,SP 1 SEINI,ȘCOALA PRIMARĂ NR. 1 SEINI,Unitate de învățământ,AR,,Un schimb/zi,Buget,Publică de interes naţional şi local,N. BALCESCU,2,435400,0262491422,0371600983,liceul_seini@yahoo.com
2025-2026,MM,STRÂMTURA,109014,RURAL,2461100044,ȘCOALA GIMNAZIALĂ NR. 1 STRÂMTURA,GLOD,109023,RURAL,,2462102824,SP GLOD,ȘCOALA PRIMARĂ GLOD,Unitate de învățământ,AR,,Un schimb/zi,Buget,Publică de interes naţional şi local,GLOD,1 ,437310,0262332103,0262332103,scoala_stramtura@yahoo.com
2025-2026,MM,STRÂMTURA,109014,RURAL,2461100044,ȘCOALA GIMNAZIALĂ NR. 1 STRÂMTURA,SLĂTIOARA,109032,RURAL,,2462102815,SG SLATIOARA,ȘCOALA PRIMARĂ SLĂTIOARA,Unitate de învățământ,AR,,Un schimb/zi,Buget,Publică de interes naţional şi local,SLĂTIOARA-STRÂMTURA ,795 ,437312,0262332103,0262332103,scoala_stramtura@yahoo.com
2025-2026,MM,SUCIU DE SUS,109050,RURAL,2461100849,ȘCOALA GIMNAZIALĂ „FLOREA MUREȘANU” SUCIU DE SUS,SUCIU DE JOS,109087,RURAL,,2462102747,SP SUCIU DE JOS,ȘCOALA PRIMARĂ SUCIU DE JOS,Unitate de învățământ,AR,,Un schimb/zi,Buget,Publică de interes naţional şi local,SUCIU DE JOS-SUCIU DE SUS ,788 ,437318,0262388166,0262388166,scoala_suciu@yahoo.com
2025-2026,MM,SĂCĂLĂŞENI,108801,RURAL,2461101226,ȘCOALA GIMNAZIALĂ „MIHAI EMINESCU” SĂCĂLĂȘENI,CORUIA,108847,RURAL,,2462102616,SP CORUIA,ȘCOALA PRIMARĂ CORUIA,Unitate de învățământ,AR,,Un schimb/zi,Buget,Publică de interes naţional şi local,Alexandru Vaida Voievod,36,437284,0262289340,0262289340,scoala.sacalaseni@yahoo.com
2025-2026,MM,SĂCĂLĂŞENI,108801,RURAL,2461101226,ȘCOALA GIMNAZIALĂ „MIHAI EMINESCU” SĂCĂLĂȘENI,CULCEA,108856,RURAL,2461101226,2462103757,SP CULCEA,ȘCOALA PRIMARĂ CULCEA,Unitate de învățământ,AR,,Un schimb/zi,Buget,Publică de interes naţional şi local,Victoriei,40,437286,0262289340,0262289340,scoala.sacalaseni@yahoo.com
2025-2026,MM,SĂLSIG,108927,RURAL,2461103291,ȘCOALA GIMNAZIALĂ SĂLSIG,SĂLSIG,108927,RURAL,,2462104758,SP 1 SALSIG,ȘCOALA PRIMARĂ 1 SĂLSIG,Unitate de învățământ,AR,,Un schimb/zi,Buget,Publică de interes naţional şi local,SALSIG,368,437300,0262267005,0262223009,scoalasalsig67@yahoo.com
2025-2026,MM,SĂLSIG,108927,RURAL,2461103291,ȘCOALA GIMNAZIALĂ SĂLSIG,SĂLSIG,108927,RURAL,,2462104776,SP 2 SALSIG,ȘCOALA PRIMARĂ 2 SĂLSIG,Unitate de învățământ,AR,,Un schimb/zi,Buget,Publică de interes naţional şi local,SĂLSIG,172,437300,0262267005,0262223009,scoalasalsig67@yahoo.com
2025-2026,MM,TÂRGU LĂPUŞ,106826,URBAN,2461100573,LICEUL TEHNOLOGIC „GRIGORE C. MOISIL” TÂRGU LĂPUȘ,INĂU,106915,RURAL,,2462102982,SP INAU,ȘCOALA PRIMARĂ INĂU,Unitate de învățământ,AR,,Un schimb/zi,Buget,Publică de interes naţional şi local,INAU, 1,435609,0262384446,0262384446,tehnotgl@gmail.com
2025-2026,MM,ULMENI,109274,URBAN,2461100908,LICEUL TEHNOLOGIC „DR. FLORIAN ULMEANU” ULMENI,ULMENI,109274,URBAN,,2462103558,SP MANAU,ȘCOALA PRIMARĂ MÂNĂU,Unitate de învățământ,AR,,Un schimb/zi,Buget,Publică de interes naţional şi local,MANAU ULMENI-ORAŞ ULMENI,131,437358,0362405475,0362405475,liceul_ulmeni@yahoo.ro
2025-2026,MM,VALEA CHIOARULUI,109363,RURAL,2461101452,ȘCOALA GIMNAZIALĂ „MIHAI VITEAZU” VALEA CHIOARULUI,FERICEA,109390,RURAL,,2462102082,SP FERICEA,ȘCOALA PRIMARĂ FERICEA,Unitate de învățământ,AR,,Un schimb/zi,Buget,Publică de interes naţional şi local,FERICEA,24,437371,0362807681,0362807681,scoalavaleachioarului@yahoo.com
2025-2026,MM,VALEA VIŞEULUI,107305,RURAL,2461101642,ȘCOALA GIMNAZIALĂ VALEA VIȘEULUI,CRASNA VIŞEULUI,107298,RURAL,,2462104645,SP HRIHORET DE JOS,ȘCOALA PRIMARĂ HRIHOREȚ DE JOS,Unitate de învățământ,AR,,Un schimb/zi,Buget,Publică de interes naţional şi local,PRINCIPALA,6,430291,0262363063,0262363063,scoalacrasna_viseului@yahoo.com
2025-2026,MM,VIMA MICĂ,109434,RURAL,2461101764,ȘCOALA GIMNAZIALĂ VIMA MICĂ,VIMA MICĂ,109434,RURAL,,2462104179,SP ASPRA,ȘCOALA PRIMARĂ ASPRA,Unitate de învățământ,AR,,Un schimb/zi,Buget,Publică de interes naţional şi local,PRINCIPALA,1,437381,0262383516,0262383566,scoala_vima@yahoo.com
2025-2026,MM,VIŞEU DE JOS,109513,RURAL,2461101823,ȘCOALA GIMNAZIALĂ VIȘEU DE JOS,VIŞEU DE JOS,109513,RURAL,,2462104586,SP VALEA PORCULUI,ȘCOALA PRIMARĂ VALEA PORCULUI,Unitate de învățământ,AR,,Un schimb/zi,Buget,Publică de interes naţional şi local,PRINCIPALA,1830,437390,0262368013,0262368013,scoalaviseudejos@yahoo.com
2025-2026,MM,VIŞEU DE JOS,109513,RURAL,2461101823,ȘCOALA GIMNAZIALĂ VIȘEU DE JOS,VIŞEU DE JOS,109513,RURAL,,2462104568,SP VISEU DE JOS,ȘCOALA PRIMARĂ VIȘEU DE JOS,Unitate de învățământ,AR,,Un schimb/zi,Buget,Publică de interes naţional şi local,PRINCIPALA,309,437390,0262368013,0262368013,scoalaviseudejos@yahoo.com
2025-2026,MM,VIŞEU DE SUS,106988,URBAN,2461101416,LICEUL TEORETIC „BOGDAN VODĂ” VIȘEU DE SUS,VIŞEU DE SUS,106988,URBAN,,2462102557,SP 2 VISEU,ȘCOALA PRIMARĂ NR. 2 VIȘEU DE SUS,Unitate de învățământ,AR,,Un schimb/zi,Buget,Publică de interes naţional şi local,DRAGOS VODA,68,435700,0262355945,0262355945,liceulbogdanvoda@yahoo.com
2025-2026,MM,VIŞEU DE SUS,106988,URBAN,2461101556,ȘCOALA GIMNAZIALĂ NR. 7 VIȘEU DE SUS,VIŞEU DE SUS,106988,URBAN,,2462100338,SP 3 VISEU,ȘCOALA PRIMARĂ NR. 3 VIȘEU DE SUS,Unitate de învățământ,AR,,Un schimb/zi,Buget,Publică de interes naţional şi local,EROILOR,10,435700,0262355786,0262355786,scoala7viseu@yahoo.com
2025-2026,MM,ŞISEŞTI,109103,RURAL,2461101574,ȘCOALA GIMNAZIALĂ „VASILE LUCACIU” ȘIȘEȘTI,ŞISEŞTI,109103,RURAL,,2462103712,SP AIC PLOPIS,"ȘCOALA PRIMARĂ „ARHIEPISCOP IUSTINIAN CHIRA"" PLOPIȘ",Unitate de învățământ,AR,,Un schimb/zi,Buget,Publică de interes naţional şi local,PLOPIS-ŞISEŞTI,119,437331,0262298003,0262298003,scoala_sisesti@yahoo.com
2025-2026,MM,ŞOMCUTA MARE,109185,URBAN,2461103368,LICEUL TEORETIC „IOAN BUTEANU” ȘOMCUTA MARE,BUTEASA,109201,RURAL,,2462100288,SP BUTEASA,ȘCOALA PRIMARĂ BUTEASA,Unitate de învățământ,AR,,Un schimb/zi,Buget,Publică de interes naţional şi local,Principala,13,437337,0262280483,0262280483,gsibsm@yahoo.com
2025-2026,MM,ŞOMCUTA MARE,109185,URBAN,2461103368,LICEUL TEORETIC „IOAN BUTEANU” ȘOMCUTA MARE,CIOLT,109210,RURAL,,2462103739,SP CIOLT,ȘCOALA PRIMARĂ CIOLT,Unitate de învățământ,AR,,Un schimb/zi,Buget,Publică de interes naţional şi local,CIOLT,1,437338,0262280483,0262280483,gsibsm@yahoo.com
2025-2026,MM,ŞOMCUTA MARE,109185,URBAN,2461103368,LICEUL TEORETIC „IOAN BUTEANU” ȘOMCUTA MARE,ŞOMCUTA MARE,109185,URBAN,,2462104681,SP SOMCUTA MARE,ȘCOALA PRIMARĂ ȘOMCUTA MARE,Unitate de învățământ,AR,,Un schimb/zi,Buget,Publică de interes naţional şi local,REPUBLICII ,3,437335,0262280483,0262280483,gsibsm@yahoo.com
2025-2026,MS,ACĂŢARI,114989,RURAL,2661105322,ȘCOALA GIMNAZIALĂ ACĂȚARI,ACĂŢARI,114989,RURAL,,2662100769,ȘCOALA PRIMARĂ ACĂŢARI,ȘCOALA PRIMARĂ ACĂȚARI,Unitate de învățământ,AR,,Un schimb/zi,Buget,Publică de interes naţional şi local, PRINCIPALA, 200/F,547005,0265333150,0265333150,scoalageneralaacatari@yahoo.com
2025-2026,MS,ACĂŢARI,114989,RURAL,2661105322,ȘCOALA GIMNAZIALĂ ACĂȚARI,CORBEŞTI,114998,RURAL,,2662100864,ŞC. PRIM. CORBEŞTI,ȘCOALA PRIMARĂ CORBEȘTI,Unitate de învățământ,AR,,Un schimb/zi,Buget,Publică de interes naţional şi local,PRINCIPALA,20,547006,0265333150,0265333150,scoalageneralaacatari@yahoo.com
2025-2026,MS,ACĂŢARI,114989,RURAL,2661105322,ȘCOALA GIMNAZIALĂ ACĂȚARI,GĂIEŞTI,115003,RURAL,,2662100724,ŞC. PRIM. GĂIEŞTI,ȘCOALA PRIMARĂ GĂIEȘTI,Unitate de învățământ,AR,,Un schimb/zi,Buget,Publică de interes naţional şi local,PRINCIPALA,21/A,547007,0265333150,0265333150,scoalageneralaacatari@yahoo.com
2025-2026,MS,ACĂŢARI,114989,RURAL,2661105322,ȘCOALA GIMNAZIALĂ ACĂȚARI,ROTENI,115030,RURAL,,2662100819,ŞC. PRIM. ROTENI,ȘCOALA PRIMARĂ ROTENI,Unitate de învățământ,AR,,Un schimb/zi,Buget,Publică de interes naţional şi local,PRINCIPALA,72,547011,0265333150,0265333150,scoalageneralaacatari@yahoo.com
2025-2026,MS,ACĂŢARI,114989,RURAL,2661105322,ȘCOALA GIMNAZIALĂ ACĂȚARI,VĂLENII,115067,RURAL,,2662100778,ŞC. PRIM. VĂLENII-ACĂȚARI,ȘCOALA PRIMARĂ VĂLENII,Unitate de învățământ,AR,,Un schimb/zi,Buget,Publică de interes naţional şi local,PRINCIPALA, 141,547014,0265333150,0265333150,scoalageneralaacatari@yahoo.com
2025-2026,MS,ADĂMUŞ,115085,RURAL,2661104981,ȘCOALA GIMNAZIALĂ ADĂMUȘ,CORNEŞTI,115101,RURAL,,2662103564,ŞC. PRIM. CORNEŞTI,ȘCOALA PRIMARĂ CORNEȘTI,Unitate de învățământ,AR,,Un schimb/zi,Buget,Publică de interes naţional şi local,PRINCIPALA,43,547017,0265450150,0265450150,scoala_adamus@yahoo.com
2025-2026,MS,ADĂMUŞ,115085,RURAL,2661104981,ȘCOALA GIMNAZIALĂ ADĂMUȘ,CRĂIEŞTI,115110,RURAL,,2662103582,ŞC. PRIM. CRĂIEŞTI,ȘCOALA PRIMARĂ CRĂIEȘTI,Unitate de învățământ,AR,,Un schimb/zi,Buget,Publică de interes naţional şi local,SCOLII,30,547018,0265719394,0265719394,scoala_adamus@yahoo.com
2025-2026,MS,ALUNIŞ,115156,RURAL,2661104814,ȘCOALA GIMNAZIALĂ „PALKO ATTILA” ALUNIȘ,FIŢCĂU,115165,RURAL,,2662107713,ŞC. PRIM. FIŢCĂU,ȘCOALA PRIMARĂ FIȚCĂU,Unitate de învățământ,AR,,Un schimb/zi,Buget,Publică de interes naţional şi local,PRINCIPALA,24,547036,0265553150,0265553150,scoala_alunisms@yahoo.com
2025-2026,MS,APOLD,115192,RURAL,2661103989,ȘCOALA GIMNAZIALĂ APOLD,DAIA,115209,RURAL,,2662107003,ŞC. PRIM. DAIA,ȘCOALA PRIMARĂ DAIA,Unitate de învățământ,AR,,Un schimb/zi,Buget,Publică de interes naţional şi local,TURNULUI,44,507042,0265713112,0265713112,scoalaapold@yahoo.com
2025-2026,MS,APOLD,115192,RURAL,2661103989,ȘCOALA GIMNAZIALĂ APOLD,VULCAN,115227,RURAL,,2662106992,ȘC. PRIM. VULCAN,ȘCOALA PRIMARĂ VULCAN,Unitate de învățământ,AR,,Un schimb/zi,Buget,Publică de interes naţional şi local,PRINCIPALĂ, 18,547043,0265713112,0265713112,scoalaapold@yahoo.com
2025-2026,MS,AŢINTIŞ,115245,RURAL,2661105376,ȘCOALA GIMNAZIALĂ AȚINTIȘ,CECĂLACA,115263,RURAL,,2662106314,ŞC. PRIM. CECĂLACA,ȘCOALA PRIMARĂ CECALACA,Unitate de învățământ,AR,,Un schimb/zi,Buget,Publică de interes naţional şi local,PRINCIPALA, 45,547047,0265714154,0265714154,scoalaatintis@yahoo.com
2025-2026,MS,AŢINTIŞ,115245,RURAL,2661105376,ȘCOALA GIMNAZIALĂ AȚINTIȘ,IŞTIHAZA,115272,RURAL,,2662106341,ŞC. PRIM. IŞTIHAZA,ȘCOALA PRIMARĂ IŞTIHAZA,Unitate de învățământ,AR,,Un schimb/zi,Buget,Publică de interes naţional şi local,PRINCIPALA,52,547048,0265714154,0265714154,scoalaatintis@yahoo.com
2025-2026,MS,BAHNEA,115316,RURAL,2661104479,ȘCOALA GIMNAZIALĂ BAHNEA,BERNADEA,115325,RURAL,,2662101612,ŞC. PRIM. BERNADEA,ȘCOALA PRIMARĂ BERNADEA,Unitate de învățământ,AR,,Un schimb/zi,Buget,Publică de interes naţional şi local,PRINCIPALA, 49,547049,0265455150,0265455150,sc_gen_bahnea@yahoo.com
2025-2026,MS,BAHNEA,115316,RURAL,2661104479,ȘCOALA GIMNAZIALĂ BAHNEA,CUND,115334,RURAL,,2662101553,ŞC. PRIM. CUND,ȘCOALA PRIMARĂ CUND,Unitate de învățământ,AR,,Un schimb/zi,Buget,Publică de interes naţional şi local,PRINCIPALA, 40,547057,0265455150,0265455150,sc_gen_bahnea@yahoo.com
2025-2026,MS,BAHNEA,115316,RURAL,2661104479,ȘCOALA GIMNAZIALĂ BAHNEA,DAIA,115343,RURAL,,2662101621,ŞC. PRIM. DAIA BAHNEA,ȘCOALA PRIMARĂ DAIA BAHNEA,Unitate de învățământ,AR,,Un schimb/zi,Buget,Publică de interes naţional şi local,PRINCIPALĂ, 34,547058,0265455150,0265455150,sc_gen_bahnea@yahoo.com
2025-2026,MS,BAHNEA,115316,RURAL,2661104479,ȘCOALA GIMNAZIALĂ BAHNEA,LEPINDEA,115370,RURAL,,2662101598,ȘC. PRIM. LEPINDEA,ȘCOALA PRIMARĂ LEPINDEA,Unitate de învățământ,AR,,Un schimb/zi,Buget,Publică de interes naţional şi local,PRINCIPALĂ, 192,547062,0265455150,0265455150,sc_gen_bahnea@yahoo.com
2025-2026,MS,BAND,115398,RURAL,2661105168,ȘCOALA PROFESIONALĂ BAND,FÂNAŢE,115414,RURAL,,2662101155,SC.PRIM. FÂNAŢE,ȘCOALA PRIMARĂ FÂNAȚE,Unitate de învățământ,AR,,Un schimb/zi,Buget,Publică de interes naţional şi local,PRINCIPALĂ,104,547067,0265428416,0265428416,lictband@yahoo.com
2025-2026,MS,BAND,115398,RURAL,2661105168,ȘCOALA PROFESIONALĂ BAND,MĂRĂŞEŞTI,115450,RURAL,,2662101191,ŞC. PRIM. MĂRĂŞEŞTI,ȘCOALA PRIMARĂ MĂRĂȘEȘTI,Unitate de învățământ,AR,,Un schimb/zi,Buget,Publică de interes naţional şi local,PRINCIPALĂ,45,547072,0265428416,0265428416,lictband@yahoo.com
2025-2026,MS,BAND,115398,RURAL,2661105168,ȘCOALA PROFESIONALĂ BAND,OROIU,115478,RURAL,,2662101214,ŞC. PRIM. OROIU,ȘCOALA PRIMARĂ OROIU,Unitate de învățământ,AR,,Un schimb/zi,Buget,Publică de interes naţional şi local,ŞCOLII,17,547074,0265429049,0265428416,lictband@yahoo.com
2025-2026,MS,BAND,115398,RURAL,2661105168,ȘCOALA PROFESIONALĂ BAND,PETEA,115487,RURAL,,2662101128,ŞC. PRIM. PETEA,ȘCOALA PRIMARĂ PETEA,Unitate de învățământ,AR,,Un schimb/zi,Buget,Publică de interes naţional şi local,ŞCOLII,9,547076,0265428416,0265428416,lictband@yahoo.com
2025-2026,MS,BATOŞ,115539,RURAL,2661104488,ȘCOALA GIMNAZIALĂ BATOȘ,GORENI,115557,RURAL,,2662101295,ŞC. PRIM. GORENI,ȘCOALA PRIMARĂ GORENI,Unitate de învățământ,AR,,Un schimb/zi,Buget,Publică de interes naţional şi local,PRINCIPALĂ,68,547087,0265544150,0265544150,sc_batos@yahoo.com
2025-2026,MS,BEICA DE JOS,115717,RURAL,2661105254,ȘCOALA GIMNAZIALĂ BEICA DE JOS,ŞERBENI,115762,RURAL,,2662106395,ŞC. PRIM. ŞERBENI,ȘCOALA PRIMARĂ ȘERBENI,Unitate de învățământ,AR,,Un schimb/zi,Buget,Publică de interes naţional şi local,PRINCIPALA,35,547116,0265719687,0265719687,scoala.beica@yahoo.com
2025-2026,MS,BREAZA,115860,RURAL,2661105453,ȘCOALA GIMNAZIALĂ BREAZA,FILPIŞU MARE,115879,RURAL,,2662107428,ŞC. PRIM. FILPIŞU MARE,ȘCOALA PRIMARĂ FILPIȘU MARE,Unitate de învățământ,AR,,Un schimb/zi,Buget,Publică de interes naţional şi local,PRINCIPALĂ,258,547136,0265540150,0265540150,scoala.breaza@gmail.com
2025-2026,MS,BREAZA,115860,RURAL,2661105453,ȘCOALA GIMNAZIALĂ BREAZA,FILPIŞU MIC,115888,RURAL,,2662107446,ŞC. PRIM. FILPIŞUL MIC,ȘCOALA PRIMARĂ FILPIȘU MIC,Unitate de învățământ,AR,,Un schimb/zi,Buget,Publică de interes naţional şi local,ŞCOLII,69,547137,0265540150,0265540150,scoala.breaza@gmail.com
2025-2026,MS,BRÂNCOVENEŞTI,115904,RURAL,2661105114,ȘCOALA GIMNAZIALĂ „KEMENY JANOS” BRÂNCOVENEŞTI,IDICEL-PĂDURE,115922,RURAL,602717,2662101657,ŞC. PRIM. IDICEL PĂDURE,ȘCOALA PRIMARĂ IDICEL-PĂDURE,Unitate de învățământ,AR,,Un schimb/zi,Buget,Publică de interes naţional şi local, PRINCIPALA,333,547132,0265550153,0265550153,scoala_brincovenesti@yahoo.ro
2025-2026,MS,BRÂNCOVENEŞTI,115904,RURAL,2661105114,ȘCOALA GIMNAZIALĂ „KEMENY JANOS” BRÂNCOVENEŞTI,SĂCALU DE PĂDURE,115931,RURAL,602729,2662101693,ŞC. PRIM. SĂCALU DE PĂDURE,ȘCOALA PRIMARĂ SĂCALU DE PĂDURE,Unitate de învățământ,AR,,Un schimb/zi,Buget,Publică de interes naţional şi local,PRINCIPALĂ,125,547133,0265550153,0265550153,scoala_brincovenesti@yahoo.ro
2025-2026,MS,BRÂNCOVENEŞTI,115904,RURAL,2661105114,ȘCOALA GIMNAZIALĂ „KEMENY JANOS” BRÂNCOVENEŞTI,VĂLENII DE MUREŞ,115940,RURAL,602731,2662101734,ŞC. PRIM. VĂLENII DE MUREŞ,ȘCOALA PRIMARĂ VĂLENII DE MUREȘ,Unitate de învățământ,AR,,Un schimb/zi,Buget,Publică de interes naţional şi local,PRINCIPALĂ, 331,547134,0265550153,0265550153,scoala_brincovenesti@yahoo.ro
2025-2026,MS,BĂGACIU,115584,RURAL,2661105073,ȘCOALA GIMNAZIALĂ BĂGACIU,DELENII,115593,RURAL,,2662107342,ŞC. PRIM. DELENI,ȘCOALA PRIMARĂ DELENI,Unitate de învățământ,AR,,Un schimb/zi,Buget,Publică de interes naţional şi local,PRINCIPALA,426,547091,0026542594,0265425622,scoala_bagaciu@yahoo.com
2025-2026,MS,BĂLĂUŞERI,115646,RURAL,2661104253,ȘCOALA GIMNAZIALĂ „TOROK JANOS” BĂLĂUȘERI,AGRIŞTEU,115655,RURAL,,2662105765,ȘC. PRIM. AGRIȘTEU,ȘCOALA PRIMARĂ AGRIȘTEU,Unitate de învățământ,AR,,Un schimb/zi,Buget,Publică de interes naţional şi local,PRINCIPALĂ,13,547101,0372879602,0372879602,bal_isk@yahoo.com
2025-2026,MS,CEUAŞU DE CÂMPIE,115968,RURAL,2661104045,ȘCOALA GIMNAZIALĂ CEUAȘU DE CÂMPIE,CÂMPENIŢA,115986,RURAL,,2662100109,ŞC. PRIM. CÂMPENIŢA,ȘCOALA PRIMARĂ CÂMPENIȚA,Unitate de învățământ,AR,,Un schimb/zi,Buget,Publică de interes naţional şi local,PRINCIPALA,144,547142,0265324345,0265324345,scoalaceuasu@yahoo.com
2025-2026,MS,CEUAŞU DE CÂMPIE,115968,RURAL,2661104045,ȘCOALA GIMNAZIALĂ CEUAȘU DE CÂMPIE,PORUMBENI,116019,RURAL,,2662100136,ŞC. PRIM. PORUMBENI,ȘCOALA PRIMARĂ PORUMBENI,Unitate de învățământ,AR,,Un schimb/zi,Buget,Publică de interes naţional şi local,PRINCIPALA,42,547146,0265324150,0265324150,scoalaceuasu@yahoo.com
2025-2026,MS,CHEŢANI,116055,RURAL,2661105299,ȘCOALA GIMNAZIALĂ CHEȚANI,GRINDENI,116091,RURAL,,2662107844,ŞC. PRIM. GRINDENI,ȘCOALA PRIMARĂ GRINDENI,Unitate de învățământ,AR,,Un schimb/zi,Buget,Publică de interes naţional şi local, PRINCIPALA,22,547154,0265484051,0265484005,sgchetani@yahoo.com
2025-2026,MS,CHIHERU DE JOS,116135,RURAL,2661108275,ȘCOALA GIMNAZIALĂ „IULIU GRAMA” CHIHERU DE JOS,URISIU DE SUS,116162,RURAL,,2662106748,ȘC. PRIM. URISIU DE SUS,ȘCOALA PRIMARĂ URISIU DE SUS,Unitate de învățământ,AR,,Un schimb/zi,Buget,Publică de interes naţional şi local,PRINCIPALA,65,547163,0265716150,0265716150,sc.gen_chiheru@yahoo.com
2025-2026,MS,COROISÂNMĂRTIN,116180,RURAL,2661108153,ȘCOALA GIMNAZIALĂ COROISÂNMĂRTIN,ODRIHEI,116206,RURAL,,2662102988,ŞC. PRIM. ODRIHEI,ȘCOALA PRIMARĂ ODRIHEI,Unitate de învățământ,AR,,Un schimb/zi,Buget,Publică de interes naţional şi local,PRINCIPALĂ,141,547167,0265765150,0265765112,sc.coroi@yahoo.com
2025-2026,MS,COROISÂNMĂRTIN,116180,RURAL,2661108153,ȘCOALA GIMNAZIALĂ COROISÂNMĂRTIN,ŞOIMUŞ,116215,RURAL,,2662103008,ŞC. PRIM. ŞOIMUŞ,ȘCOALA PRIMARĂ ŞOIMUŞ,Unitate de învățământ,AR,,Un schimb/zi,Buget,Publică de interes naţional şi local,PRINCIPALĂ, 110,547168,0265765150,0265765112,sc.coroi@yahoo.com
2025-2026,MS,CRISTEŞTI,114364,RURAL,2661104208,ȘCOALA GIMNAZIALĂ CRISTEȘTI,VĂLURENI,114373,RURAL,,2662105991,ŞC. PRIM. VĂLURENI,ȘCOALA PRIMARĂ VĂLURENI,Unitate de învățământ,AR,,Un schimb/zi,Buget,Publică de interes naţional şi local,PRINCIPALA,47,547186,0265347487,0265347487,sccristesti@yahoo.com
2025-2026,MS,CRĂCIUNEŞTI,116297,RURAL,2661104895,ȘCOALA GIMNAZIALĂ NR. 1 CRĂCIUNEȘTI,BUDIU MIC,116304,RURAL,,2662102486,ŞC. PRIM. BUDIU MIC,ȘCOALA PRIMARĂ BUDIU MIC,Unitate de învățământ,AR,,Un schimb/zi,Buget,Publică de interes naţional şi local, PRINCIPALA,101,547176,0265332150,0265332150,scoalacraciunesti@yahoo.com
2025-2026,MS,CRĂCIUNEŞTI,116297,RURAL,2661104895,ȘCOALA GIMNAZIALĂ NR. 1 CRĂCIUNEȘTI,CINTA,116313,RURAL,,2662102509,ŞC. PRIM. CINTA,ȘCOALA PRIMARĂ CINTA,Unitate de învățământ,AR,,Un schimb/zi,Buget,Publică de interes naţional şi local, PRINCIPALA,130/A,547177,0265332150,0265332150,scoalacraciunesti@yahoo.com
2025-2026,MS,CRĂCIUNEŞTI,116297,RURAL,2661104895,ȘCOALA GIMNAZIALĂ NR. 1 CRĂCIUNEȘTI,CRĂCIUNEŞTI,116297,RURAL,,2662102495,ŞC. PRIM. NR.2 CRĂCIUNEŞTI,ȘCOALA PRIMARĂ NR.2 CRĂCIUNEȘTI,Unitate de învățământ,AR,,Un schimb/zi,Buget,Publică de interes naţional şi local, PRINCIPALA,119,547175,0265332150,0265332150,scoalacraciunesti@yahoo.com
2025-2026,MS,CUCI,116448,RURAL,2661104443,ȘCOALA GIMNAZIALĂ CUCI,PETRILACA,116484,RURAL,,2662108126,ŞC. PRIM. PETRILACA,ȘCOALA PRIMARĂ PETRILACA,Unitate de învățământ,AR,,Un schimb/zi,Buget,Publică de interes naţional şi local,PRINCIPALA,99,547199,0265477314,0265477314,sccuci@yahoo.com
2025-2026,MS,DEAJ,118254,RURAL,2661105471,ȘCOALA GIMNAZIALĂ DEAJ,MICA,118218,RURAL,,2662105878,ŞC. PRIM. MICA,ȘCOALA PRIMARĂ MICA,Unitate de învățământ,AR,,Un schimb/zi,Buget,Publică de interes naţional şi local,STR PRINCIPALA , 55b,547400,0265454150,0265454150,scoala_deaj@yahoo.com
2025-2026,MS,DEAJ,118254,RURAL,2661105471,ȘCOALA GIMNAZIALĂ DEAJ,ŞOMOŞTELNIC,118272,RURAL,,2662105842,ŞC. PRIM. ŞOMOŞTELNIC,ȘCOALA PRIMARĂ ŞOMOŞTELNIC,Unitate de învățământ,AR,,Un schimb/zi,Buget,Publică de interes naţional şi local,SOMOSTELNIC ,89,547407,0265718350,0265718350,scoala_deaj@yahoo.com
2025-2026,MS,DEDA,116554,RURAL,2661108266,LICEUL TEHNOLOGIC „VASILE NETEA” DEDA,BISTRA MUREŞULUI,116563,RURAL,,2662107808,ȘC. PRIM. BISTRA MUREŞULUI,ȘCOALA PRIMARĂ BISTRA MUREȘULUI,Unitate de învățământ,AR,,Un schimb/zi,Buget,Publică de interes naţional şi local,PRINCIPALĂ,268,547206,0265556350,0265556350,liceuldeda@yahoo.com
2025-2026,MS,DEDA,116554,RURAL,2661108266,LICEUL TEHNOLOGIC „VASILE NETEA” DEDA,FILEA,116572,RURAL,,2662107776,ȘC. PRIM. FILEA,ȘCOALA PRIMARĂ FILEA,Unitate de învățământ,AR,,Un schimb/zi,Buget,Publică de interes naţional şi local,PRINCIPALĂ, 231,547207,0265556350,0265556350,liceuldeda@yahoo.com
2025-2026,MS,EREMITU,116607,RURAL,2661104642,ȘCOALA GIMNAZIALĂ „DR. NYULAS FERENC” EREMITU,CÂMPU CETĂŢII,116625,RURAL,,2662107188,ŞC. PRIM. CÂMPUL CETĂŢII,ȘCOALA PRIMARĂ CÂMPU CETĂȚII,Unitate de învățământ,AR,,Un schimb/zi,Buget,Publică de interes naţional şi local,PRINCIPALA,120 ,547212,0265347347,0265347150,sceremitu@yahoo.com
2025-2026,MS,EREMITU,116607,RURAL,2661104642,ȘCOALA GIMNAZIALĂ „DR. NYULAS FERENC” EREMITU,CĂLUGĂRENI,116616,RURAL,,2662106002,ŞC. PRIM. CĂLUGĂRENI,ȘCOALA PRIMARĂ CĂLUGARENI,Unitate de învățământ,AR,,Un schimb/zi,Buget,Publică de interes naţional şi local,PRINCIPALA, 5,547211,0265347347,0265347150,sceremitu@yahoo.com
2025-2026,MS,ERNEI,116661,RURAL,2661105281,ȘCOALA GIMNAZIALĂ „APAFI MIHALY” ERNEI,ICLAND,116698,RURAL,,2662100362,ŞC. PRIM. ICLAND,ȘCOALA PRIMARĂ ICLAND,Unitate de învățământ,AR,,Un schimb/zi,Buget,Publică de interes naţional şi local,PRINCIPALĂ,65,547218,0265335150,0265335150,scoalaernei@gmail.com
2025-2026,MS,ERNEI,116661,RURAL,2661105281,ȘCOALA GIMNAZIALĂ „APAFI MIHALY” ERNEI,SÂNGERU DE PĂDURE,116714,RURAL,,2662100389,ȘC. PRIM. SÂNGERU DE PĂDURE,ȘCOALA PRIMARĂ SÂNGERU DE PĂDURE,Unitate de învățământ,AR,,Un schimb/zi,Buget,Publică de interes naţional şi local, SCOLII,9,547221,0265335150,0265335150,scoalaernei@gmail.com
2025-2026,MS,ERNEI,116661,RURAL,2661105281,ȘCOALA GIMNAZIALĂ „APAFI MIHALY” ERNEI,SĂCĂRENI,116705,RURAL,,2662100398,ŞC. PRIM. SĂCĂRENI,ȘCOALA PRIMARĂ SĂCARENI,Unitate de învățământ,AR,,Un schimb/zi,Buget,Publică de interes naţional şi local,PRINCIPALĂ,72,547219,0265335211,0265335150,scoalaernei@gmail.com
2025-2026,MS,FÂNTÂNELE,116803,RURAL,2661104226,ȘCOALA GIMNAZIALĂ FÂNTÂNELE,BORDOŞIU,116812,RURAL,,2662106196,ŞC. PRIM. BORDUŞIU,ȘCOALA PRIMARĂ BORDOȘIU,Unitate de învățământ,AR,,Un schimb/zi,Buget,Publică de interes naţional şi local,PRINCIPALA,148,547236,0265580150,0265580150,scoalafantanele@yahoo.com
2025-2026,MS,FÂNTÂNELE,116803,RURAL,2661104226,ȘCOALA GIMNAZIALĂ FÂNTÂNELE,ROUA,116849,RURAL,,2662106291,ŞC. PRIM. ROUA,ȘCOALA PRIMARĂ ROUA,Unitate de învățământ,AR,,Un schimb/zi,Buget,Publică de interes naţional şi local,PRINCIPALĂ,189,547239,0265580150,0265580150,scoalafantanele@yahoo.com
2025-2026,MS,FÂNTÂNELE,116803,RURAL,2661104226,ȘCOALA GIMNAZIALĂ FÂNTÂNELE,VIFOROASA,116858,RURAL,,2662106273,ŞC. PRIM. VIFOROASA,ȘCOALA PRIMARĂ VIFOROASA,Unitate de învățământ,AR,,Un schimb/zi,Buget,Publică de interes naţional şi local,PRINCIPALĂ, 33,547241,0265578950,0265578950,scoalafantanele@yahoo.com
2025-2026,MS,GHEORGHE DOJA,116992,RURAL,2661104909,ȘCOALA GIMNAZIALĂ „RAKOSI LAJOS” GHEORGHE DOJA,LEORDENI,117015,RURAL,,2662106653,ŞC. PRIM. LEORDENI,ȘCOALA PRIMARĂ LEORDENI,Unitate de învățământ,AR,,Un schimb/zi,Buget,Publică de interes naţional şi local,PRINCIPALĂ,104,547262,0265331150,0265331150,scoalaghdoja@gmail.com
2025-2026,MS,GHEORGHE DOJA,116992,RURAL,2661104909,ȘCOALA GIMNAZIALĂ „RAKOSI LAJOS” GHEORGHE DOJA,SATU NOU,117024,RURAL,,2662106626,ŞC. PRIM. SATU NOU,ȘCOALA PRIMARĂ SATU NOU,Unitate de învățământ,AR,,Un schimb/zi,Buget,Publică de interes naţional şi local,PRINCIPALA,9,547263,0265331150,0265331150,scoalaghdoja@gmail.com
2025-2026,MS,GHINDARI,117051,RURAL,2661108307,ȘCOALA GIMNAZIALĂ „WESSELENYI MIKLOS” GHINDARI,SOLOCMA,117097,RURAL,,2662106106,ŞC. PRIM. SOLOCMA,ȘCOALA PRIMARĂ SOLOCMA,Unitate de învățământ,AR,,Un schimb/zi,Buget,Publică de interes naţional şi local,PRINCIPALĂ,192,547269,0265584150,0265584150,scoalaghindari@yahoo.com
2025-2026,MS,GLODENI,117122,RURAL,2661104375,ȘCOALA GIMNAZIALĂ „ADORJANI KAROLY” GLODENI,MOIŞA,117140,RURAL,,2662100882,ŞC. PRIM. MOIŞA,ȘCOALA PRIMARĂ MOIȘA,Unitate de învățământ,AR,,Un schimb/zi,Buget,Publică de interes naţional şi local,PRINCIPALĂ,34,547277,0265338150,0265338150,scoalaglodeni@yahoo.com
2025-2026,MS,GLODENI,117122,RURAL,2661104375,ȘCOALA GIMNAZIALĂ „ADORJANI KAROLY” GLODENI,PĂINGENI,117168,RURAL,,2662100914,ŞC. PRIM. PĂINGENI,ȘCOALA PRIMARĂ PĂINGENI,Unitate de învățământ,AR,,Un schimb/zi,Buget,Publică de interes naţional şi local,PRINCIPALĂ,127,547279,0265338150,0265338150,scoalaglodeni@yahoo.com
2025-2026,MS,GORNEŞTI,117186,RURAL,2661108221,ȘCOALA GIMNAZIALĂ „TELEKI DOMOKOS” GORNEȘTI,PETRILACA DE MUREŞ,117257,RURAL,,2662104131,ŞC. PRIM. PETRILACA DE MUREŞ,ŞCOALA PRIMARĂ PETRILACA DE MUREŞ,Unitate de învățământ,AR,,Un schimb/zi,Buget,Publică de interes naţional şi local,PRINCIPALA,56,547288,0265343150,0265343150,scoala.gorn@yahoo.com
2025-2026,MS,GREBENIŞU DE CÂMPIE,117284,RURAL,2661105082,ȘCOALA GIMNAZIALĂ „VASILE POP” GREBENIŞU DE CÂMPIE,VALEA SÂNPETRULUI,117300,RURAL,,2662107274,ȘC. PRIMARĂ VALEA SÂNPETRULUI,ȘCOALA PRIMARĂ VALEA SÂNPETRULUI,Unitate de învățământ,AR,,Un schimb/zi,Buget,Publică de interes naţional şi local,PRINCIPALĂ,68,547290,0265429613,0265429614,scoalavasilepop@yahoo.com
2025-2026,MS,GURGHIU,117328,RURAL,2661104886,LICEUL SILVIC „REGELE MIHAI I” GURGHIU,CAŞVA,117346,RURAL,,2662101354,ŞC. PRIM. CAŞVA,ŞCOALA PRIMARĂ CAŞVA,Unitate de învățământ,AR,,Un schimb/zi,Buget,Publică de interes naţional şi local,PRINCIPALĂ,179,547297,0265536004,0265536004,csg_ms@yahoo.com
2025-2026,MS,GURGHIU,117328,RURAL,2661104886,LICEUL SILVIC „REGELE MIHAI I” GURGHIU,LARGA,117382,RURAL,,2662105774,ŞC. PRIM. LARGA,ŞCOALA PRIMARĂ LARGA,Unitate de învățământ,AR,,Un schimb/zi,Buget,Publică de interes naţional şi local,SCOLII,44,547302,0265536004,0265536004,csg_ms@yahoo.com
2025-2026,MS,GURGHIU,117328,RURAL,2661104886,LICEUL SILVIC „REGELE MIHAI I” GURGHIU,ORŞOVA,117391,RURAL,,2662101327,ŞC. PRIM. ORŞOVA,ŞCOALA PRIMARĂ ORŞOVA,Unitate de învățământ,AR,,Un schimb/zi,Buget,Publică de interes naţional şi local,SCOLII,38,547303,0265536004,0265536004,csg_ms@yahoo.com
2025-2026,MS,GĂLEŞTI,116876,RURAL,2661103917,ȘCOALA GIMNAZIALĂ „SZENTIVANI MIHALY” GĂLEŞTI,MAIAD,116910,RURAL,,2662101494,ŞC. PRIM. MAIAD,ȘCOALA PRIMARĂ MAIAD,Unitate de învățământ,AR,,Un schimb/zi,Buget,Publică de interes naţional şi local,PRINCIPALĂ, 41,547249,0265586150,0265586150,scoalagalesti@yahoo.com
2025-2026,MS,GĂLEŞTI,116876,RURAL,2661103917,ȘCOALA GIMNAZIALĂ „SZENTIVANI MIHALY” GĂLEŞTI,SÂNVĂSII,120520,RURAL,,2662101526,ŞC. PRIM. SÂNVĂSII,ȘCOALA PRIMARĂ SÂNVĂSII,Unitate de învățământ,AR,,Un schimb/zi,Buget,Publică de interes naţional şi local,BISERICII,98,547245,0265586150,0265586150,scoalagalesti@yahoo.com
2025-2026,MS,GĂLEŞTI,116876,RURAL,2661103917,ȘCOALA GIMNAZIALĂ „SZENTIVANI MIHALY” GĂLEŞTI,TROIŢA,116929,RURAL,,2662101517,ŞC. PRIM. TROIŢA,ȘCOALA PRIMARĂ TROIŢA,Unitate de învățământ,AR,,Un schimb/zi,Buget,Publică de interes naţional şi local,PRINCIPALĂ , 176,547251,0265586150,0265586150,scoalagalesti@yahoo.com
2025-2026,MS,GĂNEŞTI,116947,RURAL,2661105313,ȘCOALA GIMNAZIALĂ „FOGARASI SAMUEL” GĂNEŞTI,GĂNEŞTI,116947,RURAL,,2662101761,ȘC. PRIM. SEUCA,ȘCOALA PRIMARĂ SEUCA,Unitate de învățământ,AR,,Un schimb/zi,Buget,Publică de interes naţional şi local,PRINCIPALA, 293,547255,0265586150,0265586150,scoalaseuca@yahoo.com
2025-2026,MS,IBĂNEŞTI,117569,RURAL,2661104583,ȘCOALA GIMNAZIALĂ IBĂNEȘTI,IBĂNEŞTI-PĂDURE,117603,RURAL,,2662108777,ȘCOALA PRIM. IBĂNEȘTI-PĂDURE,ȘCOALA PRIMARĂ IBĂNEȘTI-PĂDURE,Unitate de învățământ,AR,,Un schimb/zi,Buget,Publică de interes naţional şi local,PRINCIPALĂ,280,,0265538150,0265538150,scoala_ibanesti@yahoo.com
2025-2026,MS,ICLANDU MARE,117747,RURAL,2661104036,ȘCOALA GIMNAZIALĂ ICLANDU MARE,ICLĂNZEL,117676,RURAL,,2662103184,"ŞC. PRIM. ""A. GURGHIANU"" ICLĂNZEL","ȘCOALA PRIMARĂ ""AUREL GURGHIANU"" ICLĂNZEL",Unitate de învățământ,AR,,Un schimb/zi,Buget,Publică de interes naţional şi local,PRINCIPALA,248,547340,0265715388,0265715388,scoala_icland2014@yahoo.com
2025-2026,MS,IERNUT,117836,URBAN,2661108343,ȘCOALA GIMNAZIALĂ IERNUT,CIPĂU,117845,RURAL,,2662103311,ŞC. PRIM. CIPĂU,ȘCOALA PRIMARĂ CIPĂU,Unitate de învățământ,AR,,Un schimb/zi,Buget,Publică de interes naţional şi local,PRINCIPALA , 140,545101,0265471396,0265471396,sgiernut@yahoo.com
2025-2026,MS,IERNUT,117836,URBAN,2661108343,ȘCOALA GIMNAZIALĂ IERNUT,LECHINŢA,117863,RURAL,,2662103252,ŞC. PRIM. LECHINŢA,ȘCOALA PRIMARĂ LECHINȚA,Unitate de învățământ,AR,,Un schimb/zi,Buget,Publică de interes naţional şi local,PRINCIPALA , 134,545103,0265470375,0265471396,sgiernut@yahoo.com
2025-2026,MS,IERNUT,117836,URBAN,2661108343,ȘCOALA GIMNAZIALĂ IERNUT,SFÂNTU GHEORGHE,117916,RURAL,,2662103279,SC. PRIM. SFÂNTU GHEORGHE,ȘCOALA PRIMARĂ SFANTU GHEORGHE,Unitate de învățământ,AR,,Un schimb/zi,Buget,Publică de interes naţional şi local,Principală,42,545105,0265471505,0265471396,sgiernut@yahoo.com
2025-2026,MS,IERNUT,117836,URBAN,2661108343,ȘCOALA GIMNAZIALĂ IERNUT,SĂLCUD,117907,RURAL,,2662103243,ŞC. PRIM. SĂLCUD,ȘCOALA PRIMARĂ SĂLCUD,Unitate de învățământ,AR,,Un schimb/zi,Buget,Publică de interes naţional şi local,PRINCIPALA , 187/A,545107,0265472512,0265471396,sgiernut@yahoo.com
2025-2026,MS,LASLĂU MARE,119698,RURAL,2661104805,ȘCOALA GIMNAZIALĂ „SF. NICOLAE” LASLĂU MARE,LASLĂU MIC,119705,RURAL,,2662104063,ŞC. PRIM. LASLĂU MIC,ȘCOALA PRIMARĂ LASLĂU MIC,Unitate de învățământ,AR,,Un schimb/zi,Buget,Publică de interes naţional şi local,principala,82,547583,0265718158,0265456188,sc.gen_laslau@yahoo.com
2025-2026,MS,LASLĂU MARE,119698,RURAL,2661104805,ȘCOALA GIMNAZIALĂ „SF. NICOLAE” LASLĂU MARE,SUPLAC,119670,RURAL,,2662104099,ȘC. PRIM. SUPLAC,ȘCOALA PRIMARĂ SUPLAC,Unitate de învățământ,AR,,Un schimb/zi,Buget,Publică de interes naţional şi local,PRINCIPALA, 258,547580,0265456150,0265456150,scoalasuplac@yahoo.com
2025-2026,MS,LIVEZENI,117934,RURAL,2661104936,ȘCOALA GIMNAZIALĂ „BENEDEK ELEK” LIVEZENI,POIENIŢA,117970,RURAL,,2662106056,ŞC. PRIM. POIENIŢA,ȘCOALA PRIMARĂ POIENIȚA,Unitate de învățământ,AR,,Un schimb/zi,Buget,Publică de interes naţional şi local,VIITORULUI,5,547369,0265258151,0265258151,livezeni16@yahoo.com
2025-2026,MS,LIVEZENI,117934,RURAL,2661104936,ȘCOALA GIMNAZIALĂ „BENEDEK ELEK” LIVEZENI,SÂNIŞOR,117989,RURAL,,2662106029,ŞC. PRIM. SÂNIŞOR,ȘCOALA PRIMARĂ SÂNIȘOR,Unitate de învățământ,AR,,Un schimb/zi,Buget,Publică de interes naţional şi local,ȘCOLII,1,547371,0265258151,0265258151,livezeni16@yahoo.com
2025-2026,MS,LUNCA,118003,RURAL,2661108189,ȘCOALA GIMNAZIALĂ LUNCA,FRUNZENI,118021,RURAL,,2662102129,ŞC. PRIM. FRUNZENI,ȘCOALA PRIMARĂ FRUNZENI,Unitate de învățământ,AR,,Un schimb/zi,Buget,Publică de interes naţional şi local,PRINCIPALA,158,547377,0265542850,0265542850,scoalalunca_ms@yahoo.com
2025-2026,MS,MIERCUREA NIRAJULUI,118290,URBAN,2661104027,ȘCOALA GIMNAZIALĂ „DEAK FARKAS” MIERCUREA NIRAJULUI,DUMITREŞTII,118316,RURAL,,2662101924,ŞC. PRIM. DUMITREŞTII,ȘCOALA PRIMARĂ DUMITREŞTII,Unitate de învățământ,AR,,Un schimb/zi,Buget,Publică de interes naţional şi local,STR PRINCIPALA, 22,547412,0265576023,0265576023,scgenmniraj@yahoo.com
2025-2026,MS,MIERCUREA NIRAJULUI,118290,URBAN,2661104027,ȘCOALA GIMNAZIALĂ „DEAK FARKAS” MIERCUREA NIRAJULUI,LĂURENI,118325,RURAL,,2662101838,"ŞC. PRIM. ""I. IACOB"" LĂURENI","ȘCOALA PRIMARĂ ""IOAN IACOB"" LĂURENI",Unitate de învățământ,AR,,Un schimb/zi,Buget,Publică de interes naţional şi local,PRINCIPALA,80,547413,0265576023,0265576023,scgenmniraj@yahoo.com
2025-2026,MS,MIERCUREA NIRAJULUI,118290,URBAN,2661104027,ȘCOALA GIMNAZIALĂ „DEAK FARKAS” MIERCUREA NIRAJULUI,MIERCUREA NIRAJULUI,118290,URBAN,,2662108542,ŞC. PRIM. SÂNTANA NIRAJULUI,ȘCOALA PRIMARĂ SÂNTANA NIRAJULUI,Unitate de învățământ,AR,,Un schimb/zi,Buget,Publică de interes naţional şi local,SANTANA, 67,547410,0265576023,0265576023,scgenmniraj@yahoo.com
2025-2026,MS,MIERCUREA NIRAJULUI,118290,URBAN,2661104027,ȘCOALA GIMNAZIALĂ „DEAK FARKAS” MIERCUREA NIRAJULUI,MIERCUREA NIRAJULUI,118290,URBAN,,2662101865,ŞC. PRIM. TÂMPA,ȘCOALA PRIMARĂ TÂMPA,Unitate de învățământ,AR,,Un schimb/zi,Buget,Publică de interes naţional şi local,PRINCIPALA, 89,547415,0265576023,0265576023,scgenmniraj@yahoo.com
2025-2026,MS,MIERCUREA NIRAJULUI,118290,URBAN,2661104027,ȘCOALA GIMNAZIALĂ „DEAK FARKAS” MIERCUREA NIRAJULUI,MOŞUNI,118334,RURAL,,2662101847,ŞC. PRIM. MOŞUNI,ȘCOALA PRIMARĂ MOȘUNI,Unitate de învățământ,AR,,Un schimb/zi,Buget,Publică de interes naţional şi local,PRINCIPALĂ,124,547414,0265576023,0265576023,scgenmniraj@yahoo.com
2025-2026,MS,MIHEŞU DE CÂMPIE,118389,RURAL,2661108257,ȘCOALA GIMNAZIALĂ MIHEŞU DE CÂMPIE,RĂZOARE,118432,RURAL,,2662100199,ŞC. PRIM. RĂZOARE,ȘCOALA PRIMARĂ RĂZOARE,Unitate de învățământ,AR,,Un schimb/zi,Buget,Publică de interes naţional şi local,VIILOR,19,547426,0265420553,0265420553,scgenmihes@yahoo.com
2025-2026,MS,MĂDĂRAŞ,115441,RURAL,2661105435,ȘCOALA GIMNAZIALĂ „PATAKY AGOTHA” MĂDĂRAȘ,FÂNAŢELE MĂDĂRAŞULUI,115423,RURAL,,2662107143,SC.PRIM. FÂNAŢELE MĂDĂRAŞULUI,ȘCOALA PRIMARĂ FÂNAŢELE MĂDĂRAŞULUI,Unitate de învățământ,AR,,Un schimb/zi,Buget,Publică de interes naţional şi local,BISERICII,615,547068,0265429316,0265429316,patakyagotha@yahoo.com
2025-2026,MS,MĂGHERANI,118101,RURAL,2661105055,ȘCOALA GIMNAZIALĂ MĂGHERANI,ŞILEA NIRAJULUI,118183,RURAL,,2662100317,ŞC. PRIM. ŞILEA NIRAJULUI,ȘCOALA PRIMARĂ ŞILEA NIRAJULUI,Unitate de învățământ,AR,,Un schimb/zi,Buget,Publică de interes naţional şi local,PRINCIPALA,267,547397,0265587150,0265587150,scmagherani@gmail.com
2025-2026,MS,MĂRCULENI,118174,RURAL,2661108438,ȘCOALA GIMNAZIALĂ MĂRCULENI,BERENI,118110,RURAL,,2662107559,ŞC. PRIM. BERENI,ȘCOALA PRIMARĂ BERENI,Unitate de învățământ,AR,,Un schimb/zi,Buget,Publică de interes naţional şi local,PRINCIPALA,102,547387,0265712603,0265712603,scmarculeni@yahoo.com
2025-2026,MS,MĂRCULENI,118174,RURAL,2661108438,ȘCOALA GIMNAZIALĂ MĂRCULENI,BÂRA,118129,RURAL,,2662107523,ŞC. PRIM. BÂRA,ȘCOALA PRIMARĂ BÂRA,Unitate de învățământ,AR,,Un schimb/zi,Buget,Publică de interes naţional şi local,Principală,15,547386,0265712603,0265712603,scmarculeni@yahoo.com
2025-2026,MS,MĂRCULENI,118174,RURAL,2661108438,ȘCOALA GIMNAZIALĂ MĂRCULENI,DROJDII,118147,RURAL,,2662107532,ŞC. PRIM. DROJDII,ȘCOALA PRIMARĂ DROJDII,Unitate de învățământ,AR,,Un schimb/zi,Buget,Publică de interes naţional şi local,PRINCIPALA,47,547389,0265712603,0265712603,scmarculeni@yahoo.com
2025-2026,MS,MĂRCULENI,118174,RURAL,2661108438,ȘCOALA GIMNAZIALĂ MĂRCULENI,EREMIENI,118156,RURAL,,2662107541,ŞC. PRIM. EREMIENI,ȘCOALA PRIMARĂ EREMIENI,Unitate de învățământ,AR,,Un schimb/zi,Buget,Publică de interes naţional şi local,PRINCIPALA,15,547386,0265712603,0265712603,scmarculeni@yahoo.com
2025-2026,MS,NEAUA,118520,RURAL,2661105091,ȘCOALA GIMNAZIALĂ NEAUA,GHINEŞTI,118539,RURAL,,2662105946,ŞC. PRIM. GHINEŞTI,ȘCOALA PRIMARĂ GHINEȘTI,Unitate de învățământ,AR,,Un schimb/zi,Buget,Publică de interes naţional şi local,PRINCIPALA , 211,547436,0265763150,0265763150,scgennades@gmail.com
2025-2026,MS,NEAUA,118520,RURAL,2661105091,ȘCOALA GIMNAZIALĂ NEAUA,RIGMANI,118548,RURAL,,2662105928,SC.PRIM. RIGMANI,ȘCOALA PRIMARĂ RIGMANI,Unitate de învățământ,AR,,Un schimb/zi,Buget,Publică de interes naţional şi local,PRINCIPALA , 81,547437,0265585150,0265585150,scoalaneaua@yahoo.com
2025-2026,MS,NEAUA,118520,RURAL,2661105091,ȘCOALA GIMNAZIALĂ NEAUA,VĂDAŞ,118566,RURAL,,2662105955,SC. PRIM. VĂDAŞ,ȘCOALA PRIMARĂ VĂDAȘ,Unitate de învățământ,AR,,Un schimb/zi,Buget,Publică de interes naţional şi local,SCOLII ,83,547439,0265585150,0265585150,scoalaneaua@yahoo.com
2025-2026,MS,OGRA,118584,RURAL,2661105304,ȘCOALA GIMNAZIALĂ OGRA,LĂSCUD,118619,RURAL,,2662103103,ŞC. PRIM. LĂSCUD,ȘCOALA PRIMARĂ LĂSCUD,Unitate de învățământ,AR,,Un schimb/zi,Buget,Publică de interes naţional şi local,PRINCIPALA,191,547443,0265458150,0265458150,ograsc@yahoo.com
2025-2026,MS,POGĂCEAUA,118833,RURAL,2661103908,ȘCOALA GIMNAZIALĂ POGĂCEAUA,VĂLENI,118922,RURAL,,2662103695,"ŞC. PRIM. ""VASILE FLOREA"" VĂLENI","ȘCOALA PRIMARĂ ""VASILE FLOREA"" VĂLENI",Unitate de învățământ,AR,,Un schimb/zi,Buget,Publică de interes naţional şi local,PRINCIPALA , 77,547476,0265420010,0265420010,scoalapogaceaua@yahoo.com
2025-2026,MS,PĂNET,118708,RURAL,2661104502,ȘCOALA GIMNAZIALĂ „KADAR MARTON” PĂNET,CUIEŞD,118726,RURAL,,2662106766,ŞC. PRIM. CUIEŞD,ȘCOALA PRIMARĂ CUIEȘD,Unitate de învățământ,AR,,Un schimb/zi,Buget,Publică de interes naţional şi local,PRINCIPALA,46,547452,0265322150,0265322150,scoalapanet@gmail.com
2025-2026,MS,PĂSĂRENI,118762,RURAL,2661105417,ȘCOALA GIMNAZIALĂ „KISS GERGELY” PĂSĂRENI,BOLINTINENI,118771,RURAL,,2662106187,ŞC. PRIM. BOLINTINENI,ȘCOALA PRIMARĂ BOLINTINENI,Unitate de învățământ,AR,,Un schimb/zi,Buget,Publică de interes naţional şi local,PRINCIPALA,6 ,547456,0265710150,0265710150,scpasareni@yahoo.com
2025-2026,MS,PĂSĂRENI,118762,RURAL,2661105417,ȘCOALA GIMNAZIALĂ „KISS GERGELY” PĂSĂRENI,GĂLĂŢENI,118780,RURAL,,2662106142,ŞC. PRIM. GĂLĂŢENI,ȘCOALA PRIMARĂ GĂLĂŢENI,Unitate de învățământ,AR,,Un schimb/zi,Buget,Publică de interes naţional şi local,PRINCIPALA , 289,547457,0265710150,0265710150,scpasareni@yahoo.com
2025-2026,MS,SARMAŞU,119251,URBAN,2661104791,LICEUL TEORETIC „SAMUIL MICU” SĂRMAȘU,LARGA,119279,RURAL,,2662102233,ŞC. PRIM. LARGA,ȘCOALA PRIMARĂ LARGA,Unitate de învățământ,AR,,Un schimb/zi,Buget,Publică de interes naţional şi local,PRINCIPALA, 2,547517,0265421262,0265421262,liceulsamuilmicusarmasu@gmail.com
2025-2026,MS,SARMAŞU,119251,URBAN,2661104791,LICEUL TEORETIC „SAMUIL MICU” SĂRMAȘU,SĂRMĂŞEL,119297,RURAL,,2662102301,ŞC. PRIM. SĂRMAŞEL,ȘCOALA PRIMARĂ SĂRMĂȘEL,Unitate de învățământ,AR,,Un schimb/zi,Buget,Publică de interes naţional şi local,30 DECEMBRIE ,16,547519,0265421262,0265421262,liceulsamuilmicusarmasu@gmail.com
2025-2026,MS,SARMAŞU,119251,URBAN,2661104791,LICEUL TEORETIC „SAMUIL MICU” SĂRMAȘU,VIŞINELU,119322,RURAL,,2662102296,"ŞC. PRIM. ""O. I. MOLDOVAN"" VIŞINELU","ȘCOALA PRIMARĂ ""OVIDIU IULIU MOLDOVAN"" VIȘINELU",Unitate de învățământ,AR,,Un schimb/zi,Buget,Publică de interes naţional şi local,ȘCOLII,28,547523,0265421262,0265421262,liceulsamuilmicusarmasu@gmail.com
2025-2026,MS,SIGHIŞOARA,114523,URBAN,2661105132,LICEUL TEHNOLOGIC NR. 1 SIGHIȘOARA,SIGHIŞOARA,114523,URBAN,,2662100995,ȘC. PRIM. DEALUL VIILOR,ȘCOALA PRIMARĂ DEALUL VIILOR,Unitate de învățământ,AR,,Un schimb/zi,Buget,Publică de interes naţional şi local,VIILOR , 123,545400,0265771778,0265771778,gimnmironneagu@yahoo.com
2025-2026,MS,SIGHIŞOARA,114523,URBAN,2661103935,LICEUL TEORETIC „JOSEPH HALTRICH” SIGHIȘOARA,HETIUR,114596,RURAL,,2662107663,ŞC. PRIM. HETIUR,ȘCOALA PRIMARĂ HETIUR,Unitate de învățământ,AR,,Un schimb/zi,Buget,Publică de interes naţional şi local,STR PRINCIPALA, 230,545403,0265774752,0265774752,scradupopa@yahoo.com
2025-2026,MS,SOVATA,114863,URBAN,2661105209,LICEUL TEHNOLOGIC „DOMOKOS KAZMER” SOVATA,ILIEŞI,114881,RURAL,,2662102405,ŞC. PRIM. ILIEŞI,ȘCOALA PRIMARĂ ILIEȘI,Unitate de învățământ,AR,,Un schimb/zi,Buget,Publică de interes naţional şi local,ILIESI,18,545502,0265570219,0265570219,fvass@digicomm.ro
2025-2026,MS,SÂMBRIAŞ,117541,RURAL,2661105019,ȘCOALA GIMNAZIALĂ „PETRES KALMAN” SÂMBRIAŞ,HODOŞA,117514,RURAL,,2662103496,ŞC. PRIM. HODOŞA,ȘCOALA PRIMARĂ HODOȘA,Unitate de învățământ,AR,,Un schimb/zi,Buget,Publică de interes naţional şi local,PRINCIPALĂ,136,547320,0265349010,0265349010,scoalageneralasambrias@yahoo.com
2025-2026,MS,SÂMBRIAŞ,117541,RURAL,2661105019,ȘCOALA GIMNAZIALĂ „PETRES KALMAN” SÂMBRIAŞ,ISLA,117532,RURAL,,2662103469,ŞC. PRIM. ISLA,ȘCOALA PRIMARĂ ISLA,Unitate de învățământ,AR,,Un schimb/zi,Buget,Publică de interes naţional şi local,PRINCIPALĂ,55,547322,0265349010,0265349010,scoalageneralasambrias@yahoo.com
2025-2026,MS,SÂNGEORGIU DE MUREŞ,114426,RURAL,2661103971,ȘCOALA GIMNAZIALĂ „SFÂNTUL GHEORGHE” SÂNGEORGIU DE MUREȘ,COTUŞ,114435,RURAL,,2662103365,ȘC. PRIM. COTUS,ȘCOALA PRIMARĂ COTUȘ,Unitate de învățământ,AR,,Un schimb/zi,Buget,Publică de interes naţional şi local,PRINCIPALĂ , 76,547531,0365430091,0365430091,gimnaziul_sg_de_mures@yahoo.com
2025-2026,MS,SÂNPETRU DE CÂMPIE,119536,RURAL,2661105141,ȘCOALA GIMNAZIALĂ „SFÂNTUL PETRU” SÂNPETRU DE CÂMPIE,DÂMBU,119554,RURAL,,2662101996,ŞC. PRIM. DÂMBU,ȘCOALA PRIMARĂ DÂMBU,Unitate de învățământ,AR,,Un schimb/zi,Buget,Publică de interes naţional şi local,SCOLII ,298,547557,0265422712,0265422712,ssanpetru@yahoo.com
2025-2026,MS,SÂNTANA DE MUREŞ,114462,RURAL,2661105331,ȘCOALA GIMNAZIALĂ „ION CHINEZU” SÂNTANA DE MUREȘ,CURTENI,114499,RURAL,,2662102667,ŞC. PRIM. CURTENI,ȘCOALA PRIMARĂ CURTENI,Unitate de învățământ,AR,,Un schimb/zi,Buget,Publică de interes naţional şi local,PRINCIPALA , 123,547568,0365882484,0365882484,scgensantana@yahoo.com
2025-2026,MS,TÂRGU MUREŞ,114328,URBAN,2661105521,ȘCOALA GIMNAZIALĂ „ALEXANDRU IOAN CUZA” TÂRGU MUREȘ,TÂRGU MUREŞ,114328,URBAN,,2662105634,SC.PRIM. NR.19 BEŞA TG. MUREŞ,"ȘCOALA PRIMARĂ NR.19 BEȘA, TÎRGU MUREȘ",Unitate de învățământ,AR,,Un schimb/zi,Buget,Publică de interes naţional şi local,REMETEA, 276,540267,0365882836,0365882836,gim_cuza_ms@yahoo.com
2025-2026,MS,TÂRGU MUREŞ,114328,URBAN,2661208834,ȘCOALA PRIMARĂ „MONTESSORI” TÂRGU MUREȘ,TÂRGU MUREŞ,114328,URBAN,,2661208834,ȘC.PRIMARĂ „MONTESSORI” TÂRGU MUREȘ,ȘCOALA PRIMARĂ „MONTESSORI” TÂRGU MUREȘ,Unitate de învățământ,PJ, ,Un schimb/zi,Taxă,Privată,Plutelor,2,540314,0748130313,0748130313,crestem@montessorimures.ro
2025-2026,MS,TÂRNĂVENI,114934,URBAN,2661108198,ȘCOALA GIMNAZIALĂ „TRAIAN” TÂRNĂVENI,BOBOHALMA,114961,RURAL,,2662102581,"SC. PRIM. ""DECEBAL"" BOBOHALMA","ȘCOALA PRIMARĂ ""DECEBAL"" BOBOHALMA",Unitate de învățământ,AR,,Un schimb/zi,Buget,Publică de interes naţional şi local,SCOLII ,117 ,545601,0265446317,0265446548,decebalbobohalma@yahoo.com
2025-2026,MS,UNGHENI,119901,URBAN,2661104434,ȘCOALA GIMNAZIALĂ „EMIL DRĂGAN” UNGHENI,CERGHIZEL,119929,RURAL,,2662102762,ŞC. PRIM. CERGHIZEL,ȘCOALA PRIMARĂ CERGHIZEL,Unitate de învățământ,AR,,Un schimb/zi,Buget,Publică de interes naţional şi local,PRINCIPALA, 103,547607,0265328150,0265328150,scoalaungheni@yahoo.com
2025-2026,MS,UNGHENI,119901,URBAN,2661104434,ȘCOALA GIMNAZIALĂ „EMIL DRĂGAN” UNGHENI,MOREŞTI,119938,RURAL,,2662102789,ŞC. PRIM. MOREŞTI,ȘCOALA PRIMARĂ MOREȘTI,Unitate de învățământ,AR,,Două schimburi/zi,Buget,Publică de interes naţional şi local,PRINCIPALA, 152,547608,0265328150,0265328150,scoalaungheni@yahoo.com
2025-2026,MS,UNGHENI,119901,URBAN,2661104434,ȘCOALA GIMNAZIALĂ „EMIL DRĂGAN” UNGHENI,ŞĂUŞA,119956,RURAL,,2662102771,SC. PRIM. ŞĂUŞA,ȘCOALA PRIMARĂ ŞĂUŞA,Unitate de învățământ,AR,,Un schimb/zi,Buget,Publică de interes naţional şi local,PRINCIPALA, 111,547611,0265328150,0265328150,scoalaungheni@yahoo.com
2025-2026,MS,VALEA IZVOARELOR,119518,RURAL,2661103953,ȘCOALA GIMNAZIALĂ „DOSA DANIEL” VALEA IZVOARELOR,SÂNMĂRGHITA,119509,RURAL,,2662100249,ŞC. PRIM. SÂNMĂRGHITA,ȘCOALA PRIMARĂ SÂNMĂRGHITA,Unitate de învățământ,AR,,Un schimb/zi,Buget,Publică de interes naţional şi local,PRINCIPALA, 112,547553,0365710141,0365710141,scgdosa@yahoo.ro
2025-2026,MS,VEŢCA,120183,RURAL,2661103944,ȘCOALA GIMNAZIALĂ VEȚCA,JACODU,120192,RURAL,,2662103415,ŞC. PRIM. JACODU,ȘCOALA PRIMARĂ JACODU,Unitate de învățământ,AR,,Un schimb/zi,Buget,Publică de interes naţional şi local,PRINCIPALA ,186,547641,0265344409,0265344409,scoalavetca@yahoo.com
2025-2026,MS,VÂNĂTORI,120263,RURAL,2661108474,ȘCOALA GIMNAZIALĂ „PETRE N. POPESCU” VÂNĂTORI,MURENI,120290,RURAL,,2662107975,ŞC. PRIM. MURENI,ȘCOALA PRIMARĂ MURENI,Unitate de învățământ,AR,,Un schimb/zi,Buget,Publică de interes naţional şi local,SCOLII ,2,547638,0265761213,0265761213,scoalavanatori@yahoo.com
2025-2026,MS,VÂNĂTORI,120263,RURAL,2661108474,ȘCOALA GIMNAZIALĂ „PETRE N. POPESCU” VÂNĂTORI,ŞOARD,120307,RURAL,,2662108004,ŞC. PRIM. ŞOARD,ȘCOALA PRIMARĂ ȘOARD,Unitate de învățământ,AR,,Un schimb/zi,Buget,Publică de interes naţional şi local,VIILOR ,5,547639,0265761213,0265761213,scoalavanatori@yahoo.com
2025-2026,MS,VĂRGATA,120085,RURAL,2661108239,ȘCOALA GIMNAZIALĂ VĂRGATA,GRÂUŞORUL,120094,RURAL,,2662100602,ŞC. PRIM. GRÂUŞORUL,ȘCOALA PRIMARĂ GRÂUȘORUL,Unitate de învățământ,AR,,Un schimb/zi,Buget,Publică de interes naţional şi local,PRINCIPALA , 16,547626,0265588285,0265588150,scoalavargata@lorinfo.ro
2025-2026,MS,VĂRGATA,120085,RURAL,2661108239,ȘCOALA GIMNAZIALĂ VĂRGATA,VADU,120110,RURAL,,2662100674,ŞC. PRIM. VADU,ȘCOALA PRIMARĂ VADU,Unitate de învățământ,AR,,Un schimb/zi,Buget,Publică de interes naţional şi local,PRINCIPALA ,103,547628,0265588329,0265588150,scoalavargata@lorinfo.ro
2025-2026,MS,VĂRGATA,120085,RURAL,2661108239,ȘCOALA GIMNAZIALĂ VĂRGATA,VALEA,120129,RURAL,,2662100683,ŞC. PRIM. VALEA,ȘCOALA PRIMARĂ VALEA,Unitate de învățământ,AR,,Un schimb/zi,Buget,Publică de interes naţional şi local,SCOLII ,100,547629,0265588286,0265588150,scoalavargata@lorinfo.ro
2025-2026,MS,VĂTAVA,120147,RURAL,2661105408,ȘCOALA GIMNAZIALĂ VĂTAVA,DUMBRAVA,120156,RURAL,,2662107066,ŞC. PRIM. DUMBRAVA,ȘCOALA PRIMARĂ DUMBRAVA,Unitate de învățământ,AR,,Un schimb/zi,Buget,Publică de interes naţional şi local,PRINCIPALA, 179,547631,0265555150,0265555150,scoalavatava@yahoo.com
2025-2026,NT,AGAPIA,121117,RURAL,2761102878,"LICEUL TEOLOGIC ORTODOX „CUVIOASA PARASCHEVA”, COMUNA AGAPIA",FILIOARA,121126,RURAL,,2762103029,"ȘC PRI „MIHAI EMINESCU”, FILIOARA","ȘCOALA PRIMARĂ „MIHAI EMINESCU”, SAT FILIOARA, COMUNA AGAPIA",Unitate de învățământ,AR,,Un schimb/zi,Buget,Publică de interes naţional şi local,MIHAI EMINESCU,192,617011,0233244610,0233244610,lagapia@isjneamt.ro
2025-2026,NT,BIRA,121395,RURAL,2761100071,"ȘCOALA GIMNAZIALĂ „ANTONIE MUREȘIANU”, COMUNA BÎRA",REDIU,121448,RURAL,,2762101339,"ȘC PRI NR. 2, REDIU","ȘCOALA PRIMARĂ NR. 2, SAT REDIU, COMUNA BÎRA",Unitate de învățământ,AR,,Un schimb/zi,Buget,Publică de interes naţional şi local,FLORILOR,13,617036,0233765509,0233765509,scbira@isjneamt.ro
2025-2026,NT,BOGHICEA,121402,RURAL,2761102385,"ȘCOALA GIMNAZIALĂ, COMUNA BOGHICEA",NISTRIA,121439,RURAL,615661,2762100632,"ȘC PRI, NISTRIA","ȘCOALA PRIMARĂ NISTRIA, COMUNA BOGHICEA",Unitate de învățământ,AR,,Un schimb/zi,Buget,Publică de interes naţional şi local,PRINCIPALĂ,9,617034,0233767003,0233767003,scboghicea@isjneamt.ro
2025-2026,NT,BORCA,121661,RURAL,2761102738,"LICEUL „MIHAIL SADOVEANU”, COMUNA BORCA",PÂRÂUL CÂRJEI,121698,RURAL,616172,2762103807,"ȘC PRI NR. 3, PÂRÂUL CÂRJEI","ȘCOALA PRIMARĂ NR. 3, SAT PÂRÂUL CÂRJEI, COMUNA BORCA",Unitate de învățământ,AR,,Un schimb/zi,Buget,Publică de interes naţional şi local,ȘCOLII,21,617078,0233268016,0233268029,lborca@isjneamt.ro
2025-2026,NT,BORCA,121661,RURAL,2761102738,"LICEUL „MIHAIL SADOVEANU”, COMUNA BORCA",SOCI,121723,RURAL,,2762103793,"ȘC PRI NR. 1, SOCI","ȘCOALA PRIMARĂ NR. 1, SAT SOCI, COMUNA BORCA",Unitate de învățământ,AR,,Un schimb/zi,Buget,Publică de interes naţional şi local,PRINCIPALĂ,31,617082,0233268016,0233268029,lborca@isjneamt.ro
2025-2026,NT,BOZIENI,121885,RURAL,2761102539,"ȘCOALA GIMNAZIALĂ, COMUNA BOZIENI",CRĂIEŞTI,121901,RURAL,,2762101262,"ȘC PRI, CRĂIEŞTI","ȘCOALA PRIMARĂ CRĂIEŞTI, COMUNA BOZIENI",Unitate de învățământ,AR,,Un schimb/zi,Buget,Publică de interes naţional şi local,NARCISELOR,1,617102,0233764105,0233764105,scbozieni@isjneamt.ro
2025-2026,NT,BOZIENI,121885,RURAL,2761102539,"ȘCOALA GIMNAZIALĂ, COMUNA BOZIENI",IUCŞA,121929,RURAL,,2762101253,"ȘC PRI, IUCŞA","ȘCOALA PRIMARĂ IUCŞA, COMUNA BOZIENI",Unitate de învățământ,AR,,Un schimb/zi,Buget,Publică de interes naţional şi local,ȘCOLII,15,617104,0233764105,0233764105,scbozieni@isjneamt.ro
2025-2026,NT,BRUSTURI,121947,RURAL,2761102896,"ȘCOALA GIMNAZIALĂ „IEREMIA IRIMESCU”, COMUNA BRUSTURI",TÂRZIA,122016,RURAL,,2762103766,"ȘC PRI „GRIGORE STURZU”,","ȘCOALA PRIMARĂ „GRIGORE STURZU”, SAT TÂRZIA, COMUNA BRUSTURI",Unitate de învățământ,AR,,Un schimb/zi,Buget,Publică de interes naţional şi local,Strada Mare,2,617114,0233789013,0233789013,scbrusturi@isjneamt.ro
2025-2026,NT,BĂLUŞEŞTI,123031,RURAL,2761102679,"ȘCOALA GIMNAZIALĂ BĂLUȘEȘTI, COMUNA ICUȘEȘTI",MESTEACĂN,123068,RURAL,619198,2762101045,"ȘC PRI, MESTEACĂN","ȘCOALA PRIMARĂ MESTEACĂN, COMUNA ICUŞEŞTI",Unitate de învățământ,AR,,Un schimb/zi,Buget,Publică de interes naţional şi local,PRINCIPALĂ,30,617253,0233762664,0233762664,scbalusesti@isjneamt.ro
2025-2026,NT,BĂLUŞEŞTI,123031,RURAL,2761102679,"ȘCOALA GIMNAZIALĂ BĂLUȘEȘTI, COMUNA ICUȘEȘTI",ROCNA,123077,RURAL,619241,2762101072,"ȘC PRI, ROCNA","ȘCOALA PRIMARĂ ROCNA, COMUNA ICUŞEŞTI",Unitate de învățământ,AR,,Un schimb/zi,Buget,Publică de interes naţional şi local,Școlii,1,617257,0233762664,0233762664,scbalusesti@isjneamt.ro
2025-2026,NT,CEAHLĂU,122034,RURAL,2761102566,"ȘCOALA GIMNAZIALĂ „GRIGORE UNGUREANU”, COMUNA CEAHLĂU",BISTRICIOARA,122043,RURAL,616952,2762103056,"ȘC PRI NR. 1, BISTRICIOARA","ȘCOALA PRIMARĂ NR. 1, SAT BISTRICIOARA, COMUNA CEAHLĂU",Unitate de învățământ,AR,,Un schimb/zi,Buget,Publică de interes naţional şi local,Primăverii,28,617125,0233258126,0233258126,scceahlau@isjneamt.ro
2025-2026,NT,CRĂCĂOANI,122196,RURAL,2761102254,"ȘCOALA GIMNAZIALĂ „GHEORGHE SĂVINESCU”, COMUNA CRĂCĂOANI",CRACĂUL NEGRU,122203,RURAL,617358,2762103698,"ȘC PRI, CRACĂUL NEGRU","ȘCOALA PRIMARĂ „ARHIEPISCOPUL CALINIC ARGEȘEANUL”, SAT CRACĂUL NEGRU, COMUNA CRĂCĂOANI",Unitate de învățământ,AR,,Un schimb/zi,Buget,Publică de interes naţional şi local,STR. 58,55,617147,0233246008,0233246249,sccracaoani@isjneamt.ro
2025-2026,NT,CÂNDESTI,122070,RURAL,2761101624,"ȘCOALA GIMNAZIALĂ, COMUNA CÂNDEȘTI",VĂDURELE,122123,RURAL,,2762101226,"ȘC PRI, VĂDURELE","ȘCOALA PRIMARĂ VĂDURELE, COMUNA CÂNDEȘTI",Unitate de învățământ,AR,,Un schimb/zi,Buget,Publică de interes naţional şi local,PRINCIPALĂ,16,617121,0233294993,0233294993,sccandesti@isjneamt.ro
2025-2026,NT,DUMBRAVA ROŞIE,120780,RURAL,2761102498,"ȘCOALA GIMNAZIALĂ NR. 1, COMUNA DUMBRAVA ROȘIE",IZVOARE,120815,RURAL,,2762103626,"ȘC PRI NR. 2, IZVOARE","ȘCOALA PRIMARĂ NR. 2, SAT IZVOARE, COMUNA DUMBRAVA ROȘIE",Unitate de învățământ,AR,,Un schimb/zi,Buget,Publică de interes naţional şi local,IZVOARE,417,617187,0233282419,0233282419,scdumbravarosie@isjneamt.ro
2025-2026,NT,FARCAŞA,122560,RURAL,2761102661,"ȘCOALA GIMNAZIALĂ „IOAN LUCA”, COMUNA FARCAȘA",STEJARU,122604,RURAL,618170,2762103549,"ȘC PRI, STEJARU","ȘCOALA PRIMARĂ STEJARU, COMUNA FARCAȘA",Unitate de învățământ,AR,,Un schimb/zi,Buget,Publică de interes naţional şi local,Poiană Sava,129,617194,0233267005,0233267005,scfarcasa@isjneamt.ro
2025-2026,NT,FĂUREI,122622,RURAL,2761102688,"ȘCOALA GIMNAZIALĂ NR. 1, COMUNA FĂUREI",BUDEŞTI,122631,RURAL,618302,2762103513,"ȘC PRI NR. 1, BUDEŞTI","ȘCOALA PRIMARĂ NR. 1, SAT BUDEŞTI, COMUNA FĂUREI",Unitate de învățământ,AR,,Un schimb/zi,Buget,Publică de interes naţional şi local,DJ 155I,399A,617196,0233762042,0233762042,scfaurei@isjneamt.ro
2025-2026,NT,GIROV,122711,RURAL,2761102946,"ȘCOALA GIMNAZIALĂ „PROF. GHEORGHE DUMITREASA”, COMUNA GIROV",CĂCIULEŞTI,122748,RURAL,,2762104378,ȘC PRI CĂCIULEȘTI,"ȘCOALA PRIMARĂ CĂCIULEȘTI, COMUNA GIROV",Unitate de învățământ,AR,,Un schimb/zi,Buget,Publică de interes naţional şi local,PRINCIPALĂ,200,617213,0233290049,0233290049,scgirov@isjneamt.ro
2025-2026,NT,HANGU,122962,RURAL,2761102643,"ȘCOALA GIMNAZIALĂ, COMUNA HANGU",BUHALNIŢA,122971,RURAL,629083,2762103463,"ȘC PRI, BUHALNIŢA","ȘCOALA PRIMARĂ BUHALNIŢA, COMUNA HANGU",Unitate de învățământ,AR,,Un schimb/zi,Buget,Publică de interes naţional şi local,Buhalniței,5,617240,0233257674,0233257674,schangu@isjneamt.ro
2025-2026,NT,ION CREANGĂ,123111,RURAL,2761101877,"ȘCOALA GIMNAZIALĂ, COMUNA ION CREANGĂ",AVEREŞTI,123120,RURAL,619409,2762101018,"ȘC PRI, AVEREŞTI","ȘCOALA PRIMARĂ AVEREŞTI, COMUNA ION CREANGĂ",Unitate de învățământ,AR,,Un schimb/zi,Buget,Publică de interes naţional şi local,Oancea Averescu,17,617261,0233780015,0233780015,scioncreanga@isjneamt.ro
2025-2026,NT,ION CREANGĂ,123111,RURAL,2761101877,"ȘCOALA GIMNAZIALĂ, COMUNA ION CREANGĂ",RECEA,123157,RURAL,,2762101036,"ȘC PRI, RECEA","ȘCOALA PRIMARĂ RECEA, COMUNA ION CREANGĂ",Unitate de învățământ,AR,,Un schimb/zi,Buget,Publică de interes naţional şi local,Siretului,73,617264,0233780015,0233780015,scioncreanga@isjneamt.ro
2025-2026,NT,ONICENI,123264,RURAL,2761102489,"ȘCOALA GIMNAZIALĂ, COMUNA ONICENI",GORUN,123282,RURAL,,2762100971,"ȘC PRI, GORUN","ȘCOALA PRIMARĂ GORUN, COMUNA ONICENI",Unitate de învățământ,AR,,Un schimb/zi,Buget,Publică de interes naţional şi local,STEJARULUI,70,617282,0233763555,0233763555,sconiceni@isjneamt.ro
2025-2026,NT,ONICENI,123264,RURAL,2761102489,"ȘCOALA GIMNAZIALĂ, COMUNA ONICENI",PIETROSU,123326,RURAL,,2762100989,"ȘC PRI, PIETROSU","ȘCOALA PRIMARĂ PIETROSU, COMUNA ONICENI",Unitate de învățământ,AR,,Două schimburi/zi,Buget,Publică de interes naţional şi local,BERZELOR,29,617287,0233763555,0233763555,sconiceni@isjneamt.ro
2025-2026,NT,ONICENI,123264,RURAL,2761102489,"ȘCOALA GIMNAZIALĂ, COMUNA ONICENI",VALEA ENEI,123362,RURAL,,2762100962,"ȘC PRI, VALEA ENEI","ȘCOALA PRIMARĂ VALEA ENEI, COMUNA ONICENI",Unitate de învățământ,AR,,Un schimb/zi,Buget,Publică de interes naţional şi local,AVIONULUI,4,617292,0233763555,0233763555,sconiceni@isjneamt.ro
2025-2026,NT,PETRICANI,123433,RURAL,2761102792,"ȘCOALA PROFESIONALĂ, COMUNA PETRICANI",PETRICANI,123433,RURAL,,2762100908,"ȘC PRI NR. 1, PETRICANI","ȘCOALA PRIMARĂ NR. 1, COMUNA PETRICANI",Unitate de învățământ,AR,,Un schimb/zi,Buget,Publică de interes naţional şi local,ȘCOLII PETRICANI,18,617315,0233785052,0233785052,lpetricani@isjneamt.ro
2025-2026,NT,PIATRA ŞOIMULUI,123488,RURAL,2761101859,"ȘCOALA GIMNAZIALĂ, COMUNA PIATRA ȘOIMULUI",POIENI,123512,RURAL,,2762103377,"ȘC PRI, POIENI","ȘCOALA PRIMARĂ POIENI, COMUNA PIATRA ȘOIMULUI",Unitate de învățământ,AR,,Un schimb/zi,Buget,Publică de interes naţional şi local,GHIOCELULUI,21,617323,0233296150,0233296150,scpiatrasoimului@isjneamt.ro
2025-2026,NT,PIATRA-NEAMŢ,120735,URBAN,2761203972,"ȘCOALA PRIMARĂ „ELISEI”, MUNICIPIUL PIATRA-NEAMȚ",PIATRA-NEAMŢ,120735,URBAN,,2761203972,"ȘC PRI „ELISEI”, MUNICIPIUL PIATRA-NEAMȚ","ȘCOALA PRIMARĂ „ELISEI”, MUNICIPIUL PIATRA-NEAMȚ",Unitate de învățământ,PJ,41354137,Un schimb/zi,Taxă,Privată,Mihai Viteazul,22,610262,0333409298,0333409298,gppelisei@isjneamt.ro
2025-2026,NT,PIPIRIG,123530,RURAL,2761102019,"LICEUL TEHNOLOGIC „ION CREANGĂ”, COMUNA PIPIRIG",PIPIRIG,123530,RURAL,,2762100867,"ȘC PRI NR. 2, PIPIRIG","ȘCOALA PRIMARĂ NR. 2, COMUNA PIPIRIG",Unitate de învățământ,AR,,Un schimb/zi,Buget,Publică de interes naţional şi local,ION CREANGĂ,114,617325,0233252014,0233252014,lpipirig@isjneamt.ro
2025-2026,NT,PĂSTRĂVENI,123380,RURAL,2761101981,"ȘCOALA GIMNAZIALĂ, COMUNA PĂSTRĂVENI",RĂDENI,123406,RURAL,,2762103418,"ȘC PRI NR. 2, RĂDENI","ȘCOALA PRIMARĂ NR. 2, SAT RĂDENI, COMUNA PĂSTRĂVENI",Unitate de învățământ,AR,,Un schimb/zi,Buget,Publică de interes naţional şi local,PRINCIPALĂ,238,617302,0233783015,0233783015,scpastraveni@isjneamt.ro
2025-2026,NT,REDIU,124037,RURAL,2761102512,"ȘCOALA GIMNAZIALĂ, COMUNA REDIU",POLOBOC,124055,RURAL,,2762100745,"ȘC PRI, POLOBOC","ȘCOALA PRIMARĂ POLOBOC, COMUNA REDIU",Unitate de învățământ,AR,,Un schimb/zi,Buget,Publică de interes naţional şi local,CIREŞILOR,66,617382,0233298753,0233298753,scrediu@isjneamt.ro
2025-2026,NT,REDIU,124037,RURAL,2761102512,"ȘCOALA GIMNAZIALĂ, COMUNA REDIU",SOCEA,124064,RURAL,,2762100763,"ȘC PRI, SOCEA","ȘCOALA PRIMARĂ SOCEA, COMUNA REDIU",Unitate de învățământ,AR,,Un schimb/zi,Buget,Publică de interes naţional şi local,ŞCOLII,10,617383,0233298753,0233298753,scrediu@isjneamt.ro
2025-2026,NT,ROMAN,120879,URBAN,2761204209,"ȘCOALA PRIMARĂ „MĂRGĂRITARE”, MUNICIPIUL ROMAN",ROMAN,120879,URBAN,,2761204209,"ȘC PRI „MĂRGĂRITARE”, ROMAN","ȘCOALA PRIMARĂ „MĂRGĂRITARE”, MUNICIPIUL ROMAN",Unitate de învățământ,PJ,47083002,Un schimb/zi,Taxă,Privată,SPIRU HARET,33,611129,0784588388,0757015595,scmargaritare@isjneamt.ro
2025-2026,NT,RĂZBOIENI,123996,RURAL,2761102964,"ȘCOALA GIMNAZIALĂ „CONSTANTIN VIRGIL GHEORGHIU”, COMUNA RĂZBOIENI",RĂZBOIENII DE JOS,123978,RURAL,621270,2762100297,"ȘC PRI NR. 2, RĂZBOIENII DE JOS","ȘCOALA PRIMARĂ NR. 2, SAT RĂZBOIENII DE JOS, COMUNA RĂZBOIENI",Unitate de învățământ,AR,,Un schimb/zi,Buget,Publică de interes naţional şi local,CALEA HANUL ANCUȚEI,11,617377,0233293140,0233293140,scrazboieni@isjneamt.ro
2025-2026,NT,SAGNA,124162,RURAL,2761102991,"ȘCOALA GIMNAZIALĂ, COMUNA SAGNA",VULPĂŞEŞTI,124199,RURAL,621775,2762100496,"ȘC PRI, VULPĂŞEŞTI","ȘCOALA PRIMARĂ VULPĂŞEŞTI, COMUNA SAGNA",Unitate de învățământ,AR,,Un schimb/zi,Buget,Publică de interes naţional şi local,Teilor,3,617399,0233766009,0233766009,scsagna@isjneamt.ro
2025-2026,NT,SECUIENI,124242,RURAL,2761102697,"ȘCOALA GIMNAZIALĂ, COMUNA SECUIENI",BUTNĂREŞTI,124288,RURAL,,2762100193,"ȘC PRI, BUTNĂREŞTI","ȘCOALA PRIMARĂ BUTNĂREŞTI, COMUNA SECUIENI",Unitate de învățământ,AR,,Un schimb/zi,Buget,Publică de interes naţional şi local,Bujorului,12,617419,0233745031,0233745031,scsecuieni@isjneamt.ro
2025-2026,NT,STĂNIŢA,124340,RURAL,2761101669,"ȘCOALA GIMNAZIALĂ, COMUNA STĂNIȚA",GHIDION,124368,RURAL,622212,2762100582,"ȘC PRI NR. 2, GHIDION","ȘCOALA PRIMARĂ NR. 2, SAT GHIDION, COMUNA STĂNIȚA",Unitate de învățământ,AR,,Un schimb/zi,Buget,Publică de interes naţional şi local,BISERICII,1 ,617427,0233767567,0233767567,scstanita@isjneamt.ro
2025-2026,NT,STĂNIŢA,124340,RURAL,2761101669,"ȘCOALA GIMNAZIALĂ, COMUNA STĂNIȚA",TODIRENI,124386,RURAL,622224,2762100605,"ȘC PRI NR. 1, TODIRENI","ȘCOALA PRIMARĂ NR. 1, SAT TODIRENI, COMUNA STĂNIȚA",Unitate de învățământ,AR,,Un schimb/zi,Buget,Publică de interes naţional şi local,BISERICII,10,617429,0233767567,0233767567,scstanita@isjneamt.ro
2025-2026,NT,STĂNIŢA,124340,RURAL,2761101669,"ȘCOALA GIMNAZIALĂ, COMUNA STĂNIȚA",VEJA,124395,RURAL,622171,2762100591,"ȘC PRI NR. 3, VEJA","ȘCOALA PRIMARĂ NR. 3, SAT VEJA, COMUNA STĂNIȚA",Unitate de învățământ,AR,,Un schimb/zi,Buget,Publică de interes naţional şi local,PRINCIPALĂ,2,617431,0233767567,0233767567,scstanita@isjneamt.ro
2025-2026,NT,SĂVINEŞTI,120833,RURAL,2761100098,"ȘCOALA GIMNAZIALĂ „I. GERVESCU”, COMUNA SĂVINEȘTI",SĂVINEŞTI,120833,RURAL,613613,2762103264,"ȘC PRI, SĂVINEȘTI","ȘCOALA PRIMARĂ, COMUNA SĂVINEȘTI",Unitate de învățământ,AR,,Un schimb/zi,Buget,Publică de interes naţional şi local,BISTRIŢEI,284,617410,0233281527,0233281144,scsavinesti@isjneamt.ro
2025-2026,NT,TRIFEŞTI,124732,RURAL,2761101999,"ȘCOALA GIMNAZIALĂ, COMUNA TRIFEȘTI",MIRON COSTIN,124741,RURAL,,2762100537,"ȘC PRI, MIRON COSTIN","ȘCOALA PRIMARĂ MIRON COSTIN, COMUNA TRIFEȘTI",Unitate de învățământ,AR,,Un schimb/zi,Buget,Publică de interes naţional şi local,BRĂNIȘTENI,33 ,617476,0233745538,0233745538,sctrifesti@isjneamt.ro
2025-2026,NT,TRIFEŞTI,124732,RURAL,2761101999,"ȘCOALA GIMNAZIALĂ, COMUNA TRIFEȘTI",TRIFEŞTI,124732,RURAL,622999,2762100546,"ȘC PRI, TRIFEȘTI","ȘCOALA PRIMARĂ, COMUNA TRIFEȘTI",Unitate de învățământ,AR,,Un schimb/zi,Buget,Publică de interes naţional şi local,BISERICII,1,617475,0233745538,0233745538,sctrifesti@isjneamt.ro
2025-2026,NT,VALEA URSULUI,124894,RURAL,2761101782,"ȘCOALA PROFESIONALĂ, COMUNA VALEA URSULUI",BUCIUM,124901,RURAL,617496,2762100686,"ȘC PRI, BUCIUM","ȘCOALA PRIMARĂ BUCIUM, COMUNA VALEA URSULUI",Unitate de învățământ,AR,,Un schimb/zi,Buget,Publică de interes naţional şi local,PRINCIPALĂ,50,617496,0233763038,0233763038,lvaleaursului@isjneamt.ro
2025-2026,NT,VALEA URSULUI,124894,RURAL,2761101782,"ȘCOALA PROFESIONALĂ, COMUNA VALEA URSULUI",GIURGENI,124910,RURAL,617498,2762100695,"ȘC PRI, GIURGENI","ȘCOALA PRIMARĂ GIURGENI, COMUNA VALEA URSULUI",Unitate de învățământ,AR,,Un schimb/zi,Buget,Publică de interes naţional şi local,Școlii,45,617498,0233763038,0233763038,lvaleaursului@isjneamt.ro
2025-2026,NT,VALEA URSULUI,124894,RURAL,2761101782,"ȘCOALA PROFESIONALĂ, COMUNA VALEA URSULUI",MUNCELU DE JOS,124929,RURAL,617499,2762100677,"ȘC PRI, MUNCELU DE JOS","ȘCOALA PRIMARĂ MUNCELU DE JOS, COMUNA VALEA URSULUI",Unitate de învățământ,AR,,Un schimb/zi,Buget,Publică de interes naţional şi local,Zorilor,23,617499,0233763038,0233763038,lvaleaursului@isjneamt.ro
2025-2026,OT,BALŞ,125427,URBAN,2861100074,"LICEUL TEHNOLOGIC ""NICOLAE BĂLCESCU"" BALȘ",BALŞ,125427,URBAN,,2862102899,ȘCOALA PRIMARĂ MÎINEȘTI,ȘCOALA PRIMARĂ MÎINEȘTI,Unitate de învățământ,AR,,Un schimb/zi,Buget,Publică de interes naţional şi local, str.Principala , 1,235100,0249451347,0249451347,scoalanr1bals@yahoo.com
2025-2026,OT,BALŞ,125427,URBAN,2861100074,"LICEUL TEHNOLOGIC ""NICOLAE BĂLCESCU"" BALȘ",BALŞ,125427,URBAN,,2862102872,ȘCOALA PRIMARĂ NR.2 BALȘ,ȘCOALA PRIMARĂ NR.2 BALȘ,Unitate de învățământ,AR,,Un schimb/zi,Buget,Publică de interes naţional şi local, str.Tudor Vladimirescu, 144,235100,0249450799,0249451347,scoalanr1bals@yahoo.com
2025-2026,OT,BALŞ,125427,URBAN,2861100074,"LICEUL TEHNOLOGIC ""NICOLAE BĂLCESCU"" BALȘ",BALŞ,125427,URBAN,,2862102881,ȘCOALA PRIMARĂ NR.3 BALȘ,ȘCOALA PRIMARĂ NR.3 BALȘ,Unitate de învățământ,AR,,Un schimb/zi,Buget,Publică de interes naţional şi local, str.Crinilor , 1,235100,0249451154,0249451347,scoalanr1bals@yahoo.com
2025-2026,OT,BRANEŢ,125864,RURAL,2861102976,"ȘCOALA GIMNAZIALĂ ""PAN M.VIZIRESCU"" BRANEȚ",BÂRZA,125855,RURAL,627975,2862100418,ȘCOALA PRIMARĂ BÂRZA,ȘCOALA PRIMARĂ BÂRZA,Unitate de învățământ,AR,,Un schimb/zi,Buget,Publică de interes naţional şi local,TEILOR,83,237496,0766751807,0249451620,scoala.branet@isjolt.ro
2025-2026,OT,BREBENI,126004,RURAL,2861100305,ȘCOALA GIMNAZIALĂ BREBENI,BREBENI,126004,RURAL,,2862101794,ȘCOALA PRIMARĂ BREBENI-ROMÂNI,ȘCOALA PRIMARĂ BREBENI-ROMÂNI,Unitate de învățământ,AR,,Un schimb/zi,Buget,Publică de interes naţional şi local,PRINCIPALĂ,439B,237055,0249419103,0249419038,scoala_brebeni@yahoo.com
2025-2026,OT,CORBU,126335,RURAL,2861100255,ȘCOALA GIMNAZIALĂ CORBU,BUZEŞTI,126353,RURAL,,2862103136,ȘCOALA PRIMARĂ BUZEȘTI,ȘCOALA PRIMARĂ BUZEȘTI,Unitate de învățământ,AR,,Un schimb/zi,Buget,Publică de interes naţional şi local,PRINCIPALA,121,237092,0249480922,0249480922,scoalacorbu20@yahoo.com
2025-2026,OT,DOBRUN,126861,RURAL,2861100698,ȘCOALA GIMNAZIALĂ DOBRUN,ULMET,126898,RURAL,,2862104933,ȘCOALA PRIMARĂ ULMET,ȘCOALA PRIMARĂ ULMET,Unitate de învățământ,AR,,Un schimb/zi,Buget,Publică de interes naţional şi local,ULMET,44,237154,0756572721,0249455072,scoaladobrun@yahoo.com
2025-2026,OT,DĂNEASA,126594,RURAL,2861101161,ȘCOALA GIMNAZIALĂ DĂNEASA,BERINDEI,126601,RURAL,,2862104354,ȘCOALA PRIMARĂ BERINDEI,ȘCOALA PRIMARĂ BERINDEI,Unitate de învățământ,AR,,Un schimb/zi,Buget,Publică de interes naţional şi local,OLTULUI,46,237126,0249467023,0249467000,scoaladaneasa@yahoo.com
2025-2026,OT,DĂNEASA,126594,RURAL,2861101161,ȘCOALA GIMNAZIALĂ DĂNEASA,PESTRA,126629,RURAL,,2862103846,ȘCOALA PRIMARĂ PESTRA,ȘCOALA PRIMARĂ PESTRA,Unitate de învățământ,AR,,Un schimb/zi,Buget,Publică de interes naţional şi local,GENERAL ION GEORGESU,30,237128,0249467023,0249467000,scoaladaneasa@yahoo.com
2025-2026,OT,FĂLCOIU,126987,RURAL,2861100481,ȘCOALA GIMNAZIALĂ FĂLCOIU,FĂLCOIU,126987,RURAL,,2862102818,ȘCOALA PRIMARĂ CHILII,ȘCOALA PRIMARĂ CHILII,Unitate de învățământ,AR,,Un schimb/zi,Buget,Publică de interes naţional şi local, Scolii,1,237175,0249530345,0249530345,scoalafalcoiu@yahoo.com
2025-2026,OT,GOSTAVĂŢU,127153,RURAL,2861101292,ȘCOALA GIMNAZIALĂ GOSTAVĂȚU,SLĂVENI,127162,RURAL,,2862103742,ȘCOALA PRIMARĂ SLĂVENI,ȘCOALA PRIMARĂ SLĂVENI,Unitate de învățământ,AR,,Un schimb/zi,Buget,Publică de interes naţional şi local,Principala ,115,237201,0249532324,0249532324,scoalagostavatu@yahoo.com
2025-2026,OT,GĂVĂNEŞTI,125720,RURAL,2861100151,ȘCOALA GIMNAZIALĂ GĂVĂNEȘTI,BĂLEASA,125686,RURAL,,2862103059,ȘCOALA PRIMARĂ BĂLEASA,ȘCOALA PRIMARĂ BĂLEASA,Unitate de învățământ,AR,,Un schimb/zi,Buget,Publică de interes naţional şi local,Primaverii ,46,237006,0249456502,0249456502,scoala_gavanesti@yahoo.com
2025-2026,OT,ICOANA,127331,RURAL,2861100757,ȘCOALA GIMNAZIALĂ ICOANA,FLORU,127340,RURAL,,2862103023,ȘCOALA PRIMARĂ FLORU,ȘCOALA PRIMARĂ FLORU,Unitate de învățământ,AR,,Un schimb/zi,Buget,Publică de interes naţional şi local,Principala ,71,237226,0249483021,0249483041,scoala_icoana@yahoo.com
2025-2026,OT,ICOANA,127331,RURAL,2861100757,ȘCOALA GIMNAZIALĂ ICOANA,URSOAIA,127359,RURAL,,2862103014,ȘCOALA PRIMARĂ URSOAIA,ȘCOALA PRIMARĂ URSOAIA,Unitate de învățământ,AR,,Un schimb/zi,Buget,Publică de interes naţional şi local,Principala ,95,237227,0249483041,0249483041,scoala_icoana@yahoo.com
2025-2026,OT,MIHĂEŞTI,127545,RURAL,2861100608,ȘCOALA GIMNAZIALĂ MIHĂEȘTI,BUŞCA,127554,RURAL,,2862103561,ȘCOALA PRIMARĂ BUȘCA,ȘCOALA PRIMARĂ BUȘCA,Unitate de învățământ,AR,,Un schimb/zi,Buget,Publică de interes naţional şi local,Principala ,10,237256,0249488411,0249488411,scoala.mihaesti@yahoo.com
2025-2026,OT,MILCOVU DIN DEAL,127590,RURAL,2861101333,ȘCOALA GIMNAZIALĂ MILCOVU DIN DEAL,ULMI,127572,RURAL,,2862103421,ȘCOALA PRIMARĂ ULMI/MILCOV,ȘCOALA PRIMARĂ ULMI/MILCOV,Unitate de învățământ,AR,,Un schimb/zi,Buget,Publică de interes naţional şi local,Principala ,35,237266,0744423451,0744423451,scoalamilcov@yahoo.com
2025-2026,OT,MORUNGLAV,127634,RURAL,2861101283,ȘCOALA GIMNAZIALĂ MORUNGLAV,MORUNGLAV,127634,RURAL,,2862105174,ȘC. PRIMARĂ MORUNGLAV,ȘCOALA PRIMARĂ MORUNGLAV,Unitate de învățământ,AR,,Un schimb/zi,Buget,Publică de interes naţional şi local,str. Scolii,26,237270,0249855704,0249855704,scoala.morunglav@yahoo.com
2025-2026,OT,MĂRGINENI SLOBOZIA,128784,URBAN,2861100644,"ȘCOALA GIMNAZIALĂ ""GHEORGHE POPESCU"" MĂRGINENI SLOBOZIA",JITARU,128775,URBAN,,2862103905,ȘCOALA PRIMARĂ JITARU,ȘCOALA PRIMARĂ JITARU,Unitate de învățământ,AR,,Un schimb/zi,Buget,Publică de interes naţional şi local,Scolii,1,235605,0249464256,0249464210,scgimnazialamargineni@yahoo.com
2025-2026,OT,MĂRGĂRITEŞTI,130099,RURAL,2861100038,ȘCOALA GIMNAZIALĂ MĂRGĂRITEȘTI,VOINEASA,130071,RURAL,,2862103706,ȘCOALA PRIMARĂ VOINEASA,ȘCOALA PRIMARĂ VOINEASA,Unitate de învățământ,AR,,Un schimb/zi,Buget,Publică de interes naţional şi local,Principala ,78,237560,0760546388,0349402105,scoalamargaritesti@yahoo.com
2025-2026,OT,MĂRUNŢEI,127509,RURAL,2861100902,ȘCOALA GIMNAZIALĂ MĂRUNȚEI,BĂLĂNEŞTI,127518,RURAL,,2862104336,ȘCOALA PRIMARĂ BĂLĂNEȘTI,ȘCOALA PRIMARĂ BĂLĂNEȘTI,Unitate de învățământ,AR,,Un schimb/zi,Buget,Publică de interes naţional şi local, str.Seculesti, 80,237251,0249467303,0249467303,scoalamaruntei@yahoo.com
2025-2026,OT,OBÂRŞIA,127769,RURAL,2861104517,ȘCOALA GIMNAZIALĂ OBÂRȘIA,OBÂRŞIA NOUĂ,127796,RURAL,,2862102949,ȘCOALA PRIMARĂ OBÂRȘIA NOUĂ,ȘCOALA PRIMARĂ OBÂRȘIA NOUĂ,Unitate de învățământ,AR,,Un schimb/zi,Buget,Publică de interes naţional şi local,Mihai Eminescu ,39,237285,0249541442,0249541521,scoalaobirsiaolt@yahoo.com
2025-2026,OT,POBORU,128310,RURAL,2861101627,ȘCOALA GIMNAZIALĂ POBORU,SEACA,128356,RURAL,,2862101618,ȘCOALA PRIMARĂ SEACA,ȘCOALA PRIMARĂ SEACA,Unitate de învățământ,AR,,Un schimb/zi,Buget,Publică de interes naţional şi local,Seaca , ,237405,0765258371,0765258371,scoalapoboru@yahoo.com
2025-2026,OT,POTCOAVA,128383,URBAN,2861101315,"LICEUL ""ȘTEFAN DIACONESCU"" POTCOAVA",POTCOAVA FĂLCOENI,128392,URBAN,,2862103371,ȘCOALA PRIMARĂ FĂLCOIENI,ȘCOALA PRIMARĂ FĂLCOIENI,Unitate de învățământ,AR,,Un schimb/zi,Buget,Publică de interes naţional şi local,Principala ,3,237356,0249462057,0249462057,lic_potc@yahoo.com
2025-2026,OT,RUSĂNEŞTI,128597,RURAL,2861100332,ȘCOALA GIMNAZIALĂ RUSĂNEȘTI,RUSĂNEŞTI,128597,RURAL,,2862104155,ȘCOALA PRIMARĂ RUSĂNEȘTI,ȘCOALA PRIMARĂ RUSĂNEȘTI,Unitate de învățământ,AR,,Un schimb/zi,Buget,Publică de interes naţional şi local,Principala ,88,237380,0249533001,0249533120,scoalarusanestiolt@yahoo.com
2025-2026,OT,SCHITU,128668,RURAL,2861100576,ȘCOALA GIMNAZIALĂ SCHITU,CATANELE,128677,RURAL,,2862103294,ȘCOALA PRIMARĂ CATANELE,ȘCOALA PRIMARĂ CATANELE,Unitate de învățământ,AR,,Un schimb/zi,Buget,Publică de interes naţional şi local,Crizantemei ,135,237402,0249482539,0249482539,scoala_schitu@yahoo.com
2025-2026,OT,SCHITU,128668,RURAL,2861100576,ȘCOALA GIMNAZIALĂ SCHITU,GRECI,128686,RURAL,,2862103285,ȘCOALA PRIM. GRECI-SCHITU,ȘCOALA PRIMARĂ GRECI-SCHITU,Unitate de învățământ,AR,,Un schimb/zi,Buget,Publică de interes naţional şi local,Scolii ,97 ,237402,0249482539,0249482539,scoala_schitu@yahoo.com
2025-2026,OT,SCHITU,128668,RURAL,2861100576,ȘCOALA GIMNAZIALĂ SCHITU,LISA,128695,RURAL,,2862103276,ȘCOALA PRIMARĂ LISA,ȘCOALA PRIMARĂ LISA,Unitate de învățământ,AR,,Un schimb/zi,Buget,Publică de interes naţional şi local,Bisericii ,44,237402,0249482539,0249482539,scoala_schitu@yahoo.com
2025-2026,OT,SPRÂNCENATA,129059,RURAL,2861100092,ȘCOALA GIMNAZIALĂ SPRÂNCENATA,SPRÂNCENATA,129059,RURAL,,2862101568,ȘCOALA PRIMARĂ NR. 2 SPRÂNCENATA,ȘCOALA PRIMARĂ NR. 2 SPRÂNCENATA,Unitate de învățământ,AR,,Un schimb/zi,Buget,Publică de interes naţional şi local,Sudului ,212,237425,0249489002,0249489002,scoalaviespestiolt@yahoo.com
2025-2026,OT,SPRÂNCENATA,129059,RURAL,2861100092,ȘCOALA GIMNAZIALĂ SPRÂNCENATA,SPRÂNCENATA,129059,RURAL,,2862101595,ȘCOALA PRIMARĂ NR.1 SPRÂNCENATASAT,ȘCOALA PRIMARĂ NR.1 SPRÂNCENATA,Unitate de învățământ,AR,,Un schimb/zi,Buget,Publică de interes naţional şi local,Sudului ,55,237425,0249489240,0249489240,scoalaviespestiolt@yahoo.com
2025-2026,OT,VITĂNEŞTI,127929,RURAL,2861101265,"ȘCOALA GIMNAZIALĂ ""FLORIAN DIȚULEASA"" VITĂNEȘTI",VITĂNEŞTI,127929,RURAL,,2862102768,ȘCOALA PRIMARĂ BRANIȘTE,ȘCOALA PRIMARĂ BRANIȘTE,Unitate de învățământ,AR,,Un schimb/zi,Buget,Publică de interes naţional şi local,Sarbilor,6,237302,0249481550,0249481550,scoalavitanesti@yahoo.com
2025-2026,OT,VULTUREŞTI,130240,RURAL,2861100852,ȘCOALA GIMNAZIALĂ VULTUREȘTI,DIENCI,130259,RURAL,,2862102171,ȘCOALA PRIMARĂ DIENCI,ȘCOALA PRIMARĂ DIENCI,Unitate de învățământ,AR,,Un schimb/zi,Buget,Publică de interes naţional şi local,Scolii ,84,237581,0745142010,0763013614,vulturestiscoala@yahoo.com
2025-2026,OT,VÂLCELE,129996,RURAL,2861100721,ȘCOALA GIMNAZIALĂ VÂLCELE,BĂRCĂNEŞTI,130008,RURAL,,2862104182,ȘCOALA PRIMARĂ BĂRCĂNEȘTI,ȘCOALA PRIMARĂ BĂRCĂNEȘTI,Unitate de învățământ,AR,,Un schimb/zi,Buget,Publică de interes naţional şi local,Bărcăneștilor ,47,237526,0249484521,0249484521,scoalavilcele_olteni@yahoo.com
2025-2026,PH,BERCENI,130623,RURAL,2961100317,"ȘCOALA GIMNAZIALĂ, COMUNA BERCENI",MOARA NOUĂ,130669,RURAL,636005,2962104072,SCOALA PRIMARA MOARA NOUA,"ȘCOALA PRIMARĂ, SAT MOARA NOUĂ, COMUNA BERCENI",Unitate de învățământ,AR,,Două schimburi/zi,Buget,Publică de interes naţional şi local,ȘCOLII,106C,107064,0244470209,0244470209,scoalaberceni@yahoo.com
2025-2026,PH,BOLDEŞTI-SCĂENI,131078,URBAN,2961101666,"ȘCOALA GIMNAZIALĂ ""MIHAI VITEAZUL"", ORAȘUL BOLDEȘTI-SCĂENI",SECIU,131087,URBAN,636354,2962104027,SCOALA PRIMARA SECIU BOLDESTI-SCAENI,"ȘCOALA PRIMARĂ SECIU, ORAȘUL BOLDEȘTI-SCĂENI",Unitate de învățământ,AR,,Două schimburi/zi,Buget,Publică de interes naţional şi local,  PRINCIPALĂ , 158,105300,0244211331,0244211236, scoala_nr1_boldesti@yahoo.com
2025-2026,PH,BUDA,135066,RURAL,2961100181,"ȘCOALA GIMNAZIALĂ, SAT BUDA, COMUNA RÂFOV",GOGA,135075,RURAL,639289,2962106047,SCOALA PRIMARA GOGA RÂFOV,"ȘCOALA PRIMARĂ, SAT GOGA, COMUNA RÂFOV",Unitate de învățământ,AR,,Un schimb/zi,Buget,Publică de interes naţional şi local,PRINCIPALĂ,85,107499,0244470700,0244470700,scoalabuda.rafov@gmail.com
2025-2026,PH,BUDA,135066,RURAL,2961100181,"ȘCOALA GIMNAZIALĂ, SAT BUDA, COMUNA RÂFOV",MOARA DOMNEASCĂ,135093,RURAL,639241,2962106092,SCOALA PRIMARA MOARA DOMNEASCA,"ȘCOALA PRIMARĂ, SAT MOARA DOMNEASCĂ, COMUNA RÂFOV",Unitate de învățământ,AR,,Un schimb/zi,Buget,Publică de interes naţional şi local,PRINCIPALĂ,36,107502,0244470700,0244470700,scoalabuda.rafov@gmail.com
2025-2026,PH,BUDA,135066,RURAL,2961100181,"ȘCOALA GIMNAZIALĂ, SAT BUDA, COMUNA RÂFOV",MĂLĂIEŞTI,135084,RURAL,639239,2962106074,SCOALA PRIMARA MALAIESTI RÂFOV,"ȘCOALA PRIMARĂ, SAT MĂLĂIEȘTI, COMUNA RÂFOV",Unitate de învățământ,AR,,Un schimb/zi,Buget,Publică de interes naţional şi local,PRINCIPALĂ,98,107501,0244470700,0244470700,scoalabuda.rafov@gmail.com
2025-2026,PH,BUDA,135066,RURAL,2961100181,"ȘCOALA GIMNAZIALĂ, SAT BUDA, COMUNA RÂFOV",PALANCA,135100,RURAL,639277,2962106002,SCOALA PRIMARA PALANCA RÂFOV,"ȘCOALA PRIMARĂ, SAT PALANCA, COMUNA RÂFOV",Unitate de învățământ,AR,,Un schimb/zi,Buget,Publică de interes naţional şi local,PRINCIPALĂ,216,107503,0244470700,0244470700,scoalabuda.rafov@gmail.com
2025-2026,PH,BUDA,135066,RURAL,2961100181,"ȘCOALA GIMNAZIALĂ, SAT BUDA, COMUNA RÂFOV",SICRITA,135119,RURAL,639253,2962106038,SCOALA PRIMARA SICRITA RÂFOV,"ȘCOALA PRIMARĂ, SAT SICRITA, COMUNA RÂFOV",Unitate de învățământ,AR,,Un schimb/zi,Buget,Publică de interes naţional şi local,PRINCIPALĂ,1,107504,0244471252,0244470700,scoalabuda.rafov@gmail.com
2025-2026,PH,BĂICOI,130990,URBAN,2961102233,"LICEUL TEHNOLOGIC ""CONSTANTIN CANTACUZINO"", ORAȘUL BĂICOI",DÂMBU,131005,URBAN,636316,2962106228,SCOALA PRIMARA DÂMBU,"ȘCOALA PRIMARĂ DÂMBU, ORAȘUL BĂICOI",Unitate de învățământ,AR,,Un schimb/zi,Buget,Publică de interes naţional şi local,DUMBRAVA ROȘIE,17,105200,0244268467,0244260658,liceultehnologicbaicoi@gmail.com
2025-2026,PH,CHIOJDEANCA,132654,RURAL,2961102079,"ȘCOALA GIMNAZIALĂ ""ANDREI RĂDULESCU"", COMUNA CHIOJDEANCA",TRENU,132672,RURAL,637578,2962106196,SCOALA PRIMARA TRENU CHIOJDEANCA,"ȘCOALA PRIMARĂ, SAT TRENU, COMUNA CHIOJDEANCA",Unitate de învățământ,AR,,Un schimb/zi,Buget,Publică de interes naţional şi local,TRENU,1 ,107152,0244461100,0244461093,scoala.chiojdeanca@gmail.com
2025-2026,PH,COCORĂŞTII COLŢ,134247,RURAL,2961101526,"ȘCOALA GIMNAZIALĂ, COMUNA COCORĂȘTII COLȚ",COCORĂŞTII GRIND,134256,RURAL,638742,2962104416,SCOALA PRIMARA COCORASTII GRIND,"ȘCOALA PRIMARĂ, SAT COCORĂȘTII GRIND, COMUNA COCORĂȘTII COLȚ",Unitate de învățământ,AR,,Un schimb/zi,Buget,Publică de interes naţional şi local,PRINCIPALĂ,207,107381,0244483602,0244483679,scoala.cocorasti@gmail.com
2025-2026,PH,COLCEAG,132761,RURAL,2961107116,"ȘCOALA GIMNAZIALĂ, COMUNA COLCEAG",VÂLCELELE,132798,RURAL,637669,2962100552,SCOALA PRIMARA VÂLCELELE COLCEAG,"ȘCOALA PRIMARĂ, SAT VÂLCELELE, COMUNA COLCEAG",Unitate de învățământ,AR,,Un schimb/zi,Buget,Publică de interes naţional şi local,PRINCIPALĂ,2 ,107173,0244447019,0244447019,scoalagimnazialacolceag@gmail.com
2025-2026,PH,DRĂGĂNEŞTI,133027,RURAL,2961101707,"ȘCOALA GIMNAZIALĂ, COMUNA DRĂGĂNEȘTI",BĂRĂITARU,133036,RURAL,637877,2962101345,SCOALA PRIMARA BARAITARU DRAGANESTI,"ȘCOALA PRIMARĂ ""LEONIDA SECREȚEANU"", SAT BĂRĂITARU, COMUNA DRĂGĂNEȘTI",Unitate de învățământ,AR,,Un schimb/zi,Buget,Publică de interes naţional şi local,PRINCIPALĂ,1 ,107211,0244465050,0244465050,draganestiscoala@gmail.com
2025-2026,PH,DRĂGĂNEŞTI,133027,RURAL,2961101707,"ȘCOALA GIMNAZIALĂ, COMUNA DRĂGĂNEȘTI",DRĂGĂNEŞTI,133027,RURAL,,2962107912,SCOALA PRIMARĂ DRĂGĂNEȘTI,"ȘCOALA PRIMARĂ, COMUNA DRĂGĂNEȘTI",Unitate de învățământ,AR,,Un schimb/zi,Buget,Publică de interes naţional şi local,PRINCIPALA,96,107210,0244465050,0244465050,scoala_draganesti@yahoo.com
2025-2026,PH,DRĂGĂNEŞTI,133027,RURAL,2961101707,"ȘCOALA GIMNAZIALĂ, COMUNA DRĂGĂNEȘTI",MERI,133072,RURAL,637853,2962101354,SCOALA PRIMARA MERI DRAGANESTI,"ȘCOALA PRIMARĂ, SAT MERI, COMUNA DRĂGĂNEȘTI",Unitate de învățământ,AR,,Două schimburi/zi,Buget,Publică de interes naţional şi local,PRINCIPALĂ,158A,107216,0244465050,0244465050,scoala_draganesti@yahoo.com
2025-2026,PH,DUMBRAVA,133107,RURAL,2961107369,"ȘCOALA GIMNAZIALĂ ""ÎNVĂȚĂTOR DINU NICOLAE"", COMUNA DUMBRAVA",ZĂNOAGA,133152,RURAL,637920,2962105548,SCOALA PRIMARA ZANOAGA DUMBRAVA,"ȘCOALA PRIMARĂ, SAT ZĂNOAGA, COMUNA DUMBRAVA",Unitate de învățământ,AR,,Două schimburi/zi,Buget,Publică de interes naţional şi local,PRINCIPALA,242,107226,0244471415,0244471415,scoaladumbravaph@gmail.com
2025-2026,PH,GHEABA,134158,RURAL,2961102925,"COLEGIUL ""FERDINAND I"", COMUNA MĂNECIU",CHEIA,134112,RURAL,638649,2962103668,SCOALA NR. 1 CHEIA MANECIU,"ȘCOALA PRIMARĂ NR. 1, SAT CHEIA, COMUNA MĂNECIU",Unitate de învățământ,AR,,Un schimb/zi,Buget,Publică de interes naţional şi local,FS,379,107356,0244294156,0244295958,colegiulferdinandi@gmail.com
2025-2026,PH,GORNET,133571,RURAL,2961107021,"ȘCOALA GIMNAZIALĂ, COMUNA GORNET",GORNET,133571,RURAL,638259,2962104131,SCOALA PRIMARA GORNET CUIB,"ȘCOALA PRIMARĂ, SAT CUIB, COMUNA GORNET",Unitate de învățământ,AR,,Un schimb/zi,Buget,Publică de interes naţional şi local,CUIB,68,107285,0244419054,0244419054,scoalagornet2020@gmail.com
2025-2026,PH,GORNET,133571,RURAL,2961107021,"ȘCOALA GIMNAZIALĂ, COMUNA GORNET",NUCET,133606,RURAL,638261,2962104113,SCOALA PRIMARA NUCET GORNET,"ȘCOALA PRIMARĂ, SAT NUCET, COMUNA GORNET",Unitate de învățământ,AR,,Un schimb/zi,Buget,Publică de interes naţional şi local,NUCET,36,107285,0244419054,0244419054,scoalagornet2020@gmail.com
2025-2026,PH,IORDĂCHEANU,133731,RURAL,2961102536,"ȘCOALA GIMNAZIALĂ, COMUNA IORDĂCHEANU",MOCEŞTI,133740,RURAL,638352,2962100995,SCOALA PRIMARA MOCESTI IORDACHEANU,"ȘCOALA PRIMARĂ, SAT MOCEȘTI, COMUNA IORDĂCHEANU",Unitate de învățământ,AR,,Un schimb/zi,Buget,Publică de interes naţional şi local,PRINCIPALĂ,1,107311,0244440106,0244440106,scoala.iordacheanu@gmail.com
2025-2026,PH,IZVOARELE,133802,RURAL,2961100127,"ȘCOALA GIMNAZIALĂ ""TRAIAN SĂVULESCU"", COMUNA IZVOARELE",MALU VÂNĂT,133848,RURAL,638431,2962105901,SCOALA PRIMARA MALU VÂNĂT IZVOARELE,"ȘCOALA PRIMARĂ, SAT MALU VÂNĂT, COMUNA IZVOARELE",Unitate de învățământ,AR,,Un schimb/zi,Buget,Publică de interes naţional şi local,PRINCIPALĂ,138,107324,0244292177,0244292177,scoala.traiansavulescu@gmail.com
2025-2026,PH,MĂGURENI,134069,RURAL,2961100059,"ȘCOALA GIMNAZIALĂ, COMUNA MĂGURENI",LUNCA PRAHOVEI,134087,RURAL,638613,2962105842,SCOALA PRIMARA LUNCA PRAHOVEI,"ȘCOALA PRIMARĂ, SAT LUNCA PRAHOVEI, COMUNA MĂGURENI",Unitate de învățământ,AR,,Două schimburi/zi,Buget,Publică de interes naţional şi local,BARBU CATARGIU,39,107352,0244384910,0244384034,scoalamagureni2020@gmail.com
2025-2026,PH,MĂGURENI,134069,RURAL,2961100059,"ȘCOALA GIMNAZIALĂ, COMUNA MĂGURENI",MĂGURENI,134069,RURAL,1270298,2962105833,SCOALA PRIMARĂ SATU BANULUI MĂGURENI,"ȘCOALA PRIMARĂ, SAT SATU BANULUI, COMUNA MĂGURENI",Unitate de învățământ,AR,,Un schimb/zi,Buget,Publică de interes naţional şi local,CANTACUZINILOR,541,107350,0244384217,0244384034,scoalamagureni2020@gmail.com
2025-2026,PH,OLARI,133474,RURAL,2961101978,"ȘCOALA GIMNAZIALĂ, COMUNA OLARI",FÂNARI,133447,RURAL,638182,2962105417,SCOALA PRIMARA FANARI OLARI,"ȘCOALA PRIMARĂ, SAT FÂNARI, COMUNA OLARI",Unitate de învățământ,AR,,Un schimb/zi,Buget,Publică de interes naţional şi local,PRINCIPALĂ,25,107266,0244471163,0244471163, scoala.olari.ph@gmail.com
2025-2026,PH,OLARI,133474,RURAL,2961101978,"ȘCOALA GIMNAZIALĂ, COMUNA OLARI",OLARII VECHI,133483,RURAL,638170,2962105408,SCOALA PRIMARA OLARII VECHI,"ȘCOALA PRIMARĂ, SAT OLARII VECHI, COMUNA OLARI",Unitate de învățământ,AR,,Un schimb/zi,Buget,Publică de interes naţional şi local,PRINCIPALĂ,184,107271,0244471163,0244471163, scoala.olari.ph@gmail.com
2025-2026,PH,PLOIEŞTI,130543,URBAN,2961207937,"ȘCOALA PRIMARĂ ""CONCORDIA"", MUNICIPIUL PLOIEȘTI",PLOIEŞTI,130543,URBAN,,2961207937,ȘCOALA CONCORDIA,"ȘCOALA PRIMARĂ ""CONCORDIA"", MUNICIPIUL PLOIEȘTI",Unitate de învățământ,PJ,5221142,Un schimb/zi,Taxă,Privată,ȘOSEAUA CENTURA DE VEST ,1A,100298,0799770724,0799770724,scoala.primara@concordia.org.ro
2025-2026,PH,PLOPU,134407,RURAL,2961102025,"ȘCOALA GIMNAZIALĂ, COMUNA PLOPU",NISIPOASA,134434,RURAL,638845,2962103112,SCOALA PRIMARA NISIPOASA PLOPU,"ȘCOALA PRIMARĂ, SAT NISIPOASA, COMUNA PLOPU",Unitate de învățământ,AR,,Un schimb/zi,Buget,Publică de interes naţional şi local,PRINCIPALĂ,190,107405,0244460864,0244460864,scoalaplopuph@gmail.com
2025-2026,PH,PODENII NOI,134452,RURAL,2961100118,"ȘCOALA GIMNAZIALĂ, COMUNA PODENII NOI",RAHOVA,134513,RURAL,638883,2962106635,SCOALA PRIMARA RAHOVA PODENII NOI,"ȘCOALA PRIMARĂ, SAT RAHOVA, COMUNA PODENII NOI",Unitate de învățământ,AR,,Două schimburi/zi,Buget,Publică de interes naţional şi local,PRINCIPALĂ,49,107417,0244414068,0244414068, scoalapodeniinoi@yahoo.com
2025-2026,PH,POIENARII BURCHII,134568,RURAL,2961101996,"ȘCOALA GIMNAZIALĂ, COMUNA POIENARII BURCHII",POIENARII RALI,134611,RURAL,638948,2962103953,SCOALA PRIMARA POIENARII RALI,"ȘCOALA PRIMARĂ, SAT POIENARII RALI, COMUNA POIENARII BURCHII",Unitate de învățământ,AR,,Un schimb/zi,Buget,Publică de interes naţional şi local,EUFROSINA C. ANDREESCU,81A,107437,0244486179,0244486179,scoala_poienariiburchii@yahoo.com
2025-2026,PH,PROVIŢA DE JOS,134862,RURAL,2961102961,"ȘCOALA GIMNAZIALĂ, COMUNA PROVIȚA DE JOS",DRĂGĂNEASA,134871,RURAL,639112,2962104556,SCOALA PRIMARA DRAGANEASA PROVITA DE JOS,"ȘCOALA PRIMARĂ, SAT DRĂGĂNEASA, COMUNA PROVIȚA DE JOS",Unitate de învățământ,AR,,Un schimb/zi,Buget,Publică de interes naţional şi local,PRINCIPALĂ,66,107475,0244354060,0244354167,scoala_provita_de_jos@yahoo.com
2025-2026,PH,PUCHENII MARI,134951,RURAL,2961102468,"ȘCOALA GIMNAZIALĂ, COMUNA PUCHENII MARI",MIROSLĂVEŞTI,134960,RURAL,639198,2962105783,SCOALA PRIMARĂ MIROSLĂVEȘTI PUCHENI,"ȘCOALA PRIMARĂ, SAT MIROSLĂVEȘTI, COMUNA PUCHENII MARI",Unitate de învățământ,AR,,Două schimburi/zi,Buget,Publică de interes naţional şi local,MIROSLĂVEȘTI,333,107486,0244477306,0244477306,scoala_pucheni@yahoo.com
2025-2026,PH,PUCHENII MARI,134951,RURAL,2961102468,"ȘCOALA GIMNAZIALĂ, COMUNA PUCHENII MARI",ODĂILE,134988,RURAL,639174,2962105765,SCOALA PRIMARA ODAILE PUCHENII MARI,"ȘCOALA PRIMARĂ, SAT ODĂILE, COMUNA PUCHENII MARI",Unitate de învățământ,AR,,Două schimburi/zi,Buget,Publică de interes naţional şi local,PUCHENII MARI,1,107485,0244477306,0244477306,scoala_pucheni@yahoo.com
2025-2026,PH,PĂCUREŢI,134345,RURAL,2961100014,"ȘCOALA GIMNAZIALĂ ""ANDREI NICOLESCU-PĂCUREȚI"", COMUNA PĂCUREȚI",MATIŢA,134372,RURAL,638807,2962105236,SCOALA PRIMARĂ MATITA PACURETI,"ȘCOALA PRIMARĂ, SAT MATIȚA, COMUNA PĂCUREȚI",Unitate de învățământ,AR,,Două schimburi/zi,Buget,Publică de interes naţional şi local,PRINCIPALĂ,1,107398,0244416404,0244219216,bozieru@yahoo.com
2025-2026,PH,SCORŢENI,135173,RURAL,2961102432,"ȘCOALA GIMNAZIALĂ, COMUNA SCORȚENI",MISLEA,135208,RURAL,,2962107975,ȘCOALA PRIMARĂ MISLEA,"ȘCOALA PRIMARĂ, SAT MISLEA, COMUNA SCORȚENI",Unitate de învățământ,AR,,Un schimb/zi,Buget,Publică de interes naţional şi local,SCHELEI,17,107528,0244356531,0244356531,scorteniscoala@yahoo.com
2025-2026,PH,SINAIA,131559,URBAN,2961102563,"ȘCOALA GIMNAZIALĂ ""GEORGE ENESCU"", ORAȘUL SINAIA",SINAIA,131559,URBAN,636770,2962107211,"SCOALA PRIM ""PRINCIPESA MARIA"" SINAIA","ȘCOALA PRIMARĂ ""PRINCIPESA MARIA"", ORAȘUL SINAIA",Unitate de învățământ,AR,,Un schimb/zi,Buget,Publică de interes naţional şi local,CALEA MOROIENI,25,106100,0244313933,0244313933,cmcsinaiaa@gmail.com
2025-2026,PH,SLĂNIC,131586,URBAN,2961102604,"LICEUL TEORETIC ""ȘERBAN VODĂ"", ORAȘUL SLĂNIC",SLĂNIC,131586,URBAN,641294,2962103605,"SCOALA PRIMARĂ, PRAJANI SLANIC","ȘCOALA PRIMARĂ, ORAȘUL SLĂNIC",Unitate de învățământ,AR,,Un schimb/zi,Buget,Publică de interes naţional şi local,CALEA PLOIESTI,218,106200,0244240709,0244240651,liceulserbanvoda@gmail.com
2025-2026,PH,TINOSU,135869,RURAL,2961102183,"ȘCOALA GIMNAZIALĂ, COMUNA TINOSU",PISCULEŞTI,135887,RURAL,639851,2962103641,SCOALA PRIMARA PISCULESTI TINOSU,"ȘCOALA PRIMARĂ, SAT PISCULEȘTI, COMUNA TINOSU",Unitate de învățământ,AR,,Un schimb/zi,Buget,Publică de interes naţional şi local,PISCULEȘTI,51,107611,0244487426,0244482711,scoalatinosu2@yahoo.com
2025-2026,PH,TINOSU,135869,RURAL,2961102183,"ȘCOALA GIMNAZIALĂ, COMUNA TINOSU",PREDEŞTI,135878,RURAL,639863,2962103623,SCOALA PRIMARA PREDESTI TINOSU,"ȘCOALA PRIMARĂ, SAT PREDEȘTI, COMUNA TINOSU",Unitate de învățământ,AR,,Un schimb/zi,Buget,Publică de interes naţional şi local,PREDEȘTI,255,107612,0244487429,0244482711,scoalatinosu2@yahoo.com
2025-2026,PH,VĂLENII DE MUNTE,131826,URBAN,2961103035,"LICEUL TEHNOLOGIC AGROMONTAN ""ROMEO CONSTANTINESCU"", ORAȘUL VĂLENII DE MUNTE",VĂLENII DE MUNTE,131826,URBAN,1270341,2962103297,SCOALA PRIMARA NR.2 VALENI,"ȘCOALA PRIMARĂ NR. 2, ORAȘUL VĂLENII DE MUNTE",Unitate de învățământ,AR,,Două schimburi/zi,Buget,Publică de interes naţional şi local,DR. ISTRATE,2,106400,0244283603,0244283551,ltavaleni.secretariat@gmail.com
2025-2026,PH,VĂLENII DE MUNTE,131826,URBAN,2961103035,"LICEUL TEHNOLOGIC AGROMONTAN ""ROMEO CONSTANTINESCU"", ORAȘUL VĂLENII DE MUNTE",VĂLENII DE MUNTE,131826,URBAN,6505533,2962103302,SCOALA PRIMARA NR. 4 VALENII DE M.,"ȘCOALA PRIMARĂ NR. 4, ORAȘUL VĂLENII DE MUNTE",Unitate de învățământ,AR,,Un schimb/zi,Buget,Publică de interes naţional şi local,NICOLAE IORGA,188,106400,0244281555,0244283551,ltavaleni.secretariat@gmail.com
2025-2026,PH,VĂRBILĂU,136143,RURAL,2961100109,"ȘCOALA GIMNAZIALĂ, COMUNA VĂRBILĂU",COŢOFENEŞTI,136152,RURAL,6505569,2962105209,SCOALA PRIMARA COTOFENESTI VARBILAU,"ȘCOALA PRIMARĂ, SAT COȚOFENEȘTI, COMUNA VĂRBILĂU",Unitate de învățământ,AR,,Un schimb/zi,Buget,Publică de interes naţional şi local,COȚOFENEȘTI,32A,107651,0244244989,0244244130,scoala.varbilau@gmail.com
2025-2026,PH,VĂRBILĂU,136143,RURAL,2961100109,"ȘCOALA GIMNAZIALĂ, COMUNA VĂRBILĂU",LIVADEA,136161,RURAL,640020,2962105227,SCOALA PRIMARA LIVADEA VARBILAU,"ȘCOALA PRIMARĂ, SAT LIVADEA, COMUNA VĂRBILĂU",Unitate de învățământ,AR,,Două schimburi/zi,Buget,Publică de interes naţional şi local,LIVADEA,52A,107652,0244244799,0244244130,scoala_varbilau@yahoo.com
2025-2026,PH,VĂRBILĂU,136143,RURAL,2961100109,"ȘCOALA GIMNAZIALĂ, COMUNA VĂRBILĂU",POIANA VĂRBILĂU,136189,RURAL,640056,2962105186,SCOALA PRIMARA POIANA VARBILAU,"ȘCOALA PRIMARĂ, SAT POIANA VĂRBILĂU, COMUNA VĂRBILĂU",Unitate de învățământ,AR,,Două schimburi/zi,Buget,Publică de interes naţional şi local,POIANA VĂRBILĂU,126A,107654,0244244933,0244244130,scoala_varbilau@yahoo.com
2025-2026,PH,VĂRBILĂU,136143,RURAL,2961100109,"ȘCOALA GIMNAZIALĂ, COMUNA VĂRBILĂU",VĂRBILĂU,136143,RURAL,2904195,2962105141,SCOALA PRIMARA VARBILAU,"ȘCOALA PRIMARĂ, COMUNA VĂRBILĂU",Unitate de învățământ,AR,,Două schimburi/zi,Buget,Publică de interes naţional şi local,VĂRBILĂU,191A,107650,0244244130,0244244130,scoala.varbilau@gmail.com
2025-2026,PH,ŞOIMARI,135510,RURAL,2961102875,"ȘCOALA GIMNAZIALĂ ""MINERVA ALEXANDRESCU"", COMUNA ȘOIMARI",LOPATNIŢA,135529,RURAL,639605,2962103876,SCOALA PRIMARA LOPATNITA SOIMARI,"ȘCOALA PRIMARĂ, SAT LOPATNIȚA, COMUNA ȘOIMARI",Unitate de învățământ,AR,,Un schimb/zi,Buget,Publică de interes naţional şi local,PRINCIPALĂ,133B,107560,0244416021,0244416021,soimariscoala@yahoo.com
2025-2026,PH,ŞOIMARI,135510,RURAL,2961102875,"ȘCOALA GIMNAZIALĂ ""MINERVA ALEXANDRESCU"", COMUNA ȘOIMARI",MĂGURA,135538,RURAL,639617,2962103867,SCOALA PRIMARA MAGURA SOIMARI,"ȘCOALA PRIMARĂ, SAT MĂGURA, COMUNA ȘOIMARI",Unitate de învățământ,AR,,Un schimb/zi,Buget,Publică de interes naţional şi local,PRINCIPALĂ,127A,107562,0244416325,0244416021,soimariscoala@yahoo.com
2025-2026,SB,ARPAŞU DE JOS,143968,RURAL,3261101923,"ŞCOALA GIMNAZIALĂ ""VIOREL CUCU PALTIN"" ARPAȘU DE JOS",ARPAŞU DE SUS,143977,RURAL,320674100,3262100456,"SC PRIM ""A.POPA"" ARPAȘU DE SUS","ŞCOALA PRIMARĂ ""AUREL POPA"" ARPAŞU DE SUS",Unitate de învățământ,AR,,Un schimb/zi,Buget,Publică de interes naţional şi local,Principala,13,557016,0269520036,0269520036,scarpasujos@yahoo.com
2025-2026,SB,AVRIG,144063,URBAN,3261101941,ŞCOALA GIMNAZIALĂ AVRIG,GLÂMBOACA,144081,RURAL,320674239,3262101086,SC PRIM GLÂMBOACA,ŞCOALA PRIMARĂ GLÂMBOACA,Unitate de învățământ,AR,,Un schimb/zi,Buget,Publică de interes naţional şi local, PRINCIPALA, 146,555202,0269524161,0269524131,sc2av@yahoo.com
2025-2026,SB,AVRIG,144063,URBAN,3261101941,ŞCOALA GIMNAZIALĂ AVRIG,SĂCĂDATE,144107,RURAL,320674227,3262100759,SC PRIM SĂCĂDATE,ŞCOALA PRIMARĂ SĂCĂDATE,Unitate de învățământ,AR,,Un schimb/zi,Buget,Publică de interes naţional şi local,PRINCIPALA, 145,555203,0269524161,0269524131,sc2av@yahoo.com
2025-2026,SB,BAZNA,144161,RURAL,3261101199,ŞCOALA GIMNAZIALĂ BAZNA,VELŢ,144189,RURAL,320674291,3262100388,SC PRIM VELŢ,ŞCOALA PRIMARĂ VELŢ,Unitate de învățământ,AR,,Un schimb/zi,Buget,Publică de interes naţional şi local,Principală, 159,557032,0269850136,0269850136,scoalabazna@gmail.com
2025-2026,SB,BIERTAN,144205,RURAL,3261102553,ŞCOALA GIMNAZIALĂ BIERTAN,COPŞA MARE,144214,RURAL,320674306,3262103572,SC PRIM COPSA MARE,ŞCOALA PRIMARĂ COPŞA MARE,Unitate de învățământ,AR,,Un schimb/zi,Buget,Publică de interes naţional şi local,PRINCIPALA, 141,557046,0371474992,0371474992,scbiertan@yahoo.com
2025-2026,SB,BIERTAN,144205,RURAL,3261102553,ŞCOALA GIMNAZIALĂ BIERTAN,RICHIŞ,144223,RURAL,320674320,3262103563,SC PRIM RICHIŞ,ŞCOALA PRIMARĂ RICHIŞ,Unitate de învățământ,AR,,Un schimb/zi,Buget,Publică de interes naţional şi local, PRINCIPALA, 5,557047,0371474930,0371474930,scbiertan@yahoo.com
2025-2026,SB,BÂRGHIŞ,144241,RURAL,3261101389,ŞCOALA GIMNAZIALĂ BÂRGHIŞ,APOŞ,144250,RURAL,320674644,3262102657,SC PRIM APOŞ,ŞCOALA PRIMARĂ APOŞ,Unitate de învățământ,AR,,Un schimb/zi,Buget,Publică de interes naţional şi local,PRINCIPALA,FN,557036,0269517116,0269517116,sc_birghis@yahoo.com
2025-2026,SB,BÂRGHIŞ,144241,RURAL,3261101389,ŞCOALA GIMNAZIALĂ BÂRGHIŞ,PELIŞOR,144278,RURAL,320674368,3262102639,SC PRIM PELIŞOR,ŞCOALA PRIMARĂ PELIŞOR,Unitate de învățământ,AR,,Un schimb/zi,Buget,Publică de interes naţional şi local,PRINCIPALA,159,557038,0269517116,0269517116,sc_birghis@yahoo.com
2025-2026,SB,BÂRGHIŞ,144241,RURAL,3261101389,ŞCOALA GIMNAZIALĂ BÂRGHIŞ,ZLAGNA,144296,RURAL,320674382,3262102621,SC PRIM ZLAGNA,ŞCOALA PRIMARĂ ZLAGNA,Unitate de învățământ,AR,,Un schimb/zi,Buget,Publică de interes naţional şi local,Principala,89,557041,0269517116,0269517116,sc_birghis@yahoo.com
2025-2026,SB,COPŞA MICĂ,143780,URBAN,3261100171,"LICEUL TEHNOLOGIC ""NICOLAE TECLU"" COPȘA MICĂ",COPŞA MICĂ,143780,URBAN,320673998,3262100827,SC PRIM NR 2 COPȘA MICĂ,ŞCOALA PRIMARĂ NR. 2 COPȘA MICĂ,Unitate de învățământ,AR,,Un schimb/zi,Buget,Publică de interes naţional şi local,TIRNAVIOARA , 76,555400,0269840147,0269840532,grcopsa@yahoo.com
2025-2026,SB,DUMBRĂVENI,143815,URBAN,3261101145,"LICEUL ""TIMOTEI CIPARIU"" DUMBRĂVENI",ERNEA,143824,RURAL,320674021,3262100795,SC PRIM ERNEA,ŞCOALA PRIMARĂ ERNEA,Unitate de învățământ,AR,,Un schimb/zi,Buget,Publică de interes naţional şi local,Principala, 156,555501,0269865315,0269865315,liceultimoteicipariu@gmail.com
2025-2026,SB,IACOBENI,144660,RURAL,3261102033,LICEUL TEHNOLOGIC IACOBENI,MOVILE,144679,RURAL,320674655,3262103364,SC PRIM MOVILE,ŞCOALA PRIMARĂ MOVILE,Unitate de învățământ,AR,,Un schimb/zi,Buget,Publică de interes naţional şi local,PRINCIPALA,76 ,557106,0269513765,0269513765,sciacobeni@yahoo.com
2025-2026,SB,IACOBENI,144660,RURAL,3261102033,LICEUL TEHNOLOGIC IACOBENI,NETUŞ,144688,RURAL,320674667,3262103468,SC PRIM NETUȘ,ŞCOALA PRIMARĂ NETUŞ,Unitate de învățământ,AR,,Două schimburi/zi,Buget,Publică de interes naţional şi local,Principala,53,557107,0269513765,0269513765,sciacobeni@yahoo.com
2025-2026,SB,IACOBENI,144660,RURAL,3261102033,LICEUL TEHNOLOGIC IACOBENI,STEJĂRIŞU,144704,RURAL,320674681,3262103459,SC PRIM STEJĂRIȘU,ŞCOALA PRIMARĂ STEJĂRIŞU,Unitate de învățământ,AR,,Un schimb/zi,Buget,Publică de interes naţional şi local,Principala,72,557109,0269513765,0269513765,sciacobeni@yahoo.com
2025-2026,SB,LASLEA,144740,RURAL,3261101344,ŞCOALA GIMNAZIALĂ LASLEA,FLOREŞTI,144759,RURAL,320674722,3262100293,SC PRIM FLOREȘTI,ŞCOALA PRIMARĂ FLOREŞTI,Unitate de învățământ,AR,,Un schimb/zi,Buget,Publică de interes naţional şi local, PRINCIPALA, 75,557116,0269700686,0269516103,laslea_scoala@yahoo.com
2025-2026,SB,LASLEA,144740,RURAL,3261101344,ŞCOALA GIMNAZIALĂ LASLEA,NOU SĂSESC,144777,RURAL,320674746,3262100316,SC PRIM NOU SĂSESC,ŞCOALA PRIMARĂ NOU SĂSESC,Unitate de învățământ,AR,,Un schimb/zi,Buget,Publică de interes naţional şi local,PRINCIPALA, 210,557118,0269700686,0269516103,laslea_scoala@yahoo.com
2025-2026,SB,LASLEA,144740,RURAL,3261101344,ŞCOALA GIMNAZIALĂ LASLEA,ROANDOLA,144786,RURAL,320674758,3262100307,SC PRIM ROANDOLA,ŞCOALA PRIMARĂ ROANDOLA,Unitate de învățământ,AR,,Un schimb/zi,Buget,Publică de interes naţional şi local, PRINCIPALA,18 ,557119,0269700686,0269516103,laslea_scoala@yahoo.com
2025-2026,SB,LOAMNEŞ,144802,RURAL,3261101475,ŞCOALA GIMNAZIALĂ LOAMNEŞ,ARMENI,144820,RURAL,320674760,3262100275,SC PRIMARĂ ARMENI,ŞCOALA PRIMARĂ ARMENI,Unitate de învățământ,AR,,Un schimb/zi,Buget,Publică de interes naţional şi local,Principala,244 ,557122,0269537180,0269537180,loamnes@yahoo.com
2025-2026,SB,LOAMNEŞ,144802,RURAL,3261101475,ŞCOALA GIMNAZIALĂ LOAMNEŞ,HAŞAG,144839,RURAL,320674796,3262100266,ŞC PRIMARĂ HAŞAG,ŞCOALA PRIMARĂ HAŞAG,Unitate de învățământ,AR,,Un schimb/zi,Buget,Publică de interes naţional şi local,PRINCIPALA, 122,557123,0269537180,0269537180,loamnes@yahoo.com
2025-2026,SB,MERGHINDEAL,144973,RURAL,3261101706,ŞCOALA GIMNAZIALĂ MERGHINDEAL,DEALU FRUMOS,144982,RURAL,320674887,3262103129,SC PRIM DEALU FRUMOS,ŞCOALA PRIMARĂ DEALU FRUMOS,Unitate de învățământ,AR,,Un schimb/zi,Buget,Publică de interes naţional şi local,PRINCIPALA,314,557141,0269517702,0269517702,scoala_merghindeal@yahoo.com
2025-2026,SB,MIHĂILENI,145051,RURAL,3261101276,ŞCOALA GIMNAZIALĂ MIHĂILENI,METIŞ,145060,RURAL,320674930,3262103052,SC PRIM METIȘ,ŞCOALA PRIMARĂ METIŞ,Unitate de învățământ,AR,,Un schimb/zi,Buget,Publică de interes naţional şi local,PRINCIPALĂ,248,557156,0269587168,0369419253,scmihaileni@gmail.com
2025-2026,SB,NOCRICH,145159,RURAL,3261101733,ŞCOALA GIMNAZIALĂ NOCRICH,FOFELDEA,145168,RURAL,320675013,3262103165,SC PRIM FOFELDEA,ŞCOALA PRIMARĂ FOFELDEA,Unitate de învățământ,AR,,Un schimb/zi,Buget,Publică de interes naţional şi local,PRINCIPALA,189,557166,0269582101,0269582101,sam.nocrich@yahoo.com
2025-2026,SB,NOCRICH,145159,RURAL,3261101733,ŞCOALA GIMNAZIALĂ NOCRICH,ŢICHINDEAL,145195,RURAL,320675049,3262103156,SC PRIM ŢICHINDEAL,ŞCOALA PRIMARĂ ŢICHINDEAL,Unitate de învățământ,AR,,Un schimb/zi,Buget,Publică de interes naţional şi local,PRINCIPALA, 30,557169,0269582101,0269582101,sam.nocrich@yahoo.com
2025-2026,SB,PORUMBACU DE JOS,145300,RURAL,3261102318,ŞCOALA GIMNAZIALĂ PORUMBACU DE JOS,PORUMBACU DE SUS,145328,RURAL,320675130,3262103242,SC PRIM PORUMBACU DE SUS,ŞCOALA PRIMARĂ PORUMBACU DE SUS,Unitate de învățământ,AR,,Un schimb/zi,Buget,Publică de interes naţional şi local,PRINCIPALA,251,557192,0269522103,0269522103,scoalaporumbacu@yahoo.com
2025-2026,SB,RACOVIŢA,145364,RURAL,3261101362,ŞCOALA GIMNAZIALĂ RACOVIŢA,SEBEŞU DE SUS,145373,RURAL,320675178,3262102829,SC PRIM SEBEȘU DE SUS,ŞCOALA PRIMARĂ SEBEŞU DE SUS,Unitate de învățământ,AR,,Un schimb/zi,Buget,Publică de interes naţional şi local,VALEA MOASEI, 34,557196,0770649745,0269527443,scl_racovita@yahoo.com
2025-2026,SB,ROŞIA,145417,RURAL,3261101484,ŞCOALA GIMNAZIALĂ ROŞIA,CORNĂŢEL,145435,RURAL,320675207,3262102969,SC PRIM CORNĂŢEL,ŞCOALA PRIMARĂ CORNĂŢEL,Unitate de învățământ,AR,,Un schimb/zi,Buget,Publică de interes naţional şi local,PRINCIPALA,92,557212,0372910899,0372910899,scoalarosiasb@yahoo.com
2025-2026,SB,SIBIU,143469,URBAN,3261205631,"ȘCOALA PRIMARĂ ""EDU 4 JOY"" SIBIU",SIBIU,143469,URBAN,,3261205631,"ȘC PRIM ""EDU 4 JOY"" SIBIU","ȘCOALA PRIMARĂ ""EDU 4 JOY"" SIBIU",Unitate de învățământ,PJ,46867214,Un schimb/zi,Taxă,Privată,Dr. Ion Rațiu,2,550012,0748887699,0748887699,contact@all4joy.ro
2025-2026,SB,SIBIU,143469,URBAN,3261205667,"ȘCOALA PRIMARĂ ""FRAM"" SIBIU",SIBIU,143469,URBAN,322030944,3261205667,"ȘC PRIMARĂ ""FRAM"" SIBIU","ȘCOALA PRIMARĂ ""FRAM"" SIBIU",Unitate de învățământ,PJ,46863034,Un schimb/zi,Taxă,Privată,Berăriei,4,550173,0766232276,0727786400,office.framschool@gmail.com
2025-2026,SB,SIBIU,143469,URBAN,3261205649,ȘCOALA PRIMARĂ ANIMA SIBIU,SIBIU,143469,URBAN,,3261205649,SC PRIM ANIMA SIBIU,ȘCOALA PRIMARĂ ANIMA SIBIU,Unitate de învățământ,PJ,46843142,Un schimb/zi,Taxă,Privată,Constituţiei,2,550253,0720481847,0720481847,office@scoalaanima.ro
2025-2026,SB,SĂLIŞTE,145505,URBAN,3261100144,"LICEUL TEHNOLOGIC ""IOAN LUPAŞ"" SĂLIŞTE",AMNAŞ,145523,RURAL,320675219,3262100673,SC PRIM AMNAŞ,ŞCOALA PRIMARĂ AMNAŞ,Unitate de învățământ,AR,,Un schimb/zi,Buget,Publică de interes naţional şi local,Principala,53,557227,0269553327,0269553077,grscsaliste@yahoo.com
2025-2026,SB,SĂLIŞTE,145505,URBAN,3261100144,"LICEUL TEHNOLOGIC ""IOAN LUPAŞ"" SĂLIŞTE",MAG,145569,RURAL,320675245,3262100664,SC PRIM MAG,ŞCOALA PRIMARĂ MAG,Unitate de învățământ,AR,,Un schimb/zi,Buget,Publică de interes naţional şi local, Bisericii,120,557232,0269553327,0269553077,grscsaliste@yahoo.com
2025-2026,SB,ŞEICA MARE,145676,RURAL,3261100031,ŞCOALA GIMNAZIALĂ ŞEICA MARE,BUIA,145694,RURAL,320675439,3262103269,SC PRIM BUIA,ŞCOALA PRIMARĂ BUIA,Unitate de învățământ,AR,,Un schimb/zi,Buget,Publică de interes naţional şi local,ROMÂNEASCĂ,402,557247,0751549237,0269853387,scoalaseica@yahoo.com
2025-2026,SB,ŞEICA MARE,145676,RURAL,3261100031,ŞCOALA GIMNAZIALĂ ŞEICA MARE,ŞEICA MARE,145676,RURAL,320675415,3262103251,SC PRIM NR 2 ȘEICA MARE,ŞCOALA PRIMARĂ NR. 2 ȘEICA MARE,Unitate de învățământ,AR,,Un schimb/zi,Buget,Publică de interes naţional şi local,PRINCIPALA, 770,557245,0766636438,0269853387,scoalaseica@yahoo.com
2025-2026,SB,ŞEICA MICĂ,145747,RURAL,3261102015,ŞCOALA GIMNAZIALĂ ȘEICA MICĂ,SOROŞTIN,145756,RURAL,320675489,3262103192,SC PRIM SOROŞTIN,ŞCOALA PRIMARĂ ŞOROŞTIN,Unitate de învățământ,AR,,Un schimb/zi,Buget,Publică de interes naţional şi local, PRINCIPALĂ, 118,557256,0269514505,0269514505,scseicamica@yahoo.com
2025-2026,SJ,AGHIREŞ,142097,RURAL,3161100625,ȘCOALA GIMNAZIALĂ NR.1 AGHIREȘ,MESEŞENII DE JOS,142088,RURAL,,3162103759,ȘC.PRIMARĂ MESEȘENII DE JOS,ȘCOALA PRIMARĂ MESEȘENII DE JOS,Unitate de învățământ,AR,,Un schimb/zi,Buget,Publică de interes naţional şi local,Principală,291 ,457245,0260659093,0260653093,aghires_scoala@yahoo.com
2025-2026,SJ,ALMAŞU,139991,RURAL,3161104326,ȘCOALA GIMNAZIALĂ NR.1 ALMAȘU,MESTEACĂNU,140039,RURAL,3162103506,3162104629,ȘC.PRIMARĂ MESTEACĂNU,ȘCOALA PRIMARĂ MESTEACĂNU,Unitate de învățământ,AR,,Un schimb/zi,Buget,Publică de interes naţional şi local,Principală,78,457014,0260626636,0260626636,scoala_almasu@yahoo.com
2025-2026,SJ,ALUNIŞ,140262,RURAL,3161101002,"ȘCOALA GIMNAZIALĂ ""AVRAM IANCU"" ALUNIȘ",BENESAT,140253,RURAL,,3162103601,ȘC.PRIMARĂ BENESAT,ȘCOALA PRIMARĂ BENESAT,Unitate de învățământ,AR,,Un schimb/zi,Buget,Publică de interes naţional şi local,Principală,112,457035,0260654362,0260654362,scoalaalunis@yahoo.com
2025-2026,SJ,ALUNIŞ,140262,RURAL,3161101002,"ȘCOALA GIMNAZIALĂ ""AVRAM IANCU"" ALUNIȘ",BIUŞA,140271,RURAL,,3162103596,ȘC.PRIMARĂ BIUȘA,ȘCOALA PRIMARĂ BIUȘA,Unitate de învățământ,AR,,Un schimb/zi,Buget,Publică de interes naţional şi local,Principală,139,457037,0260654362,0260654362,scoalaalunis@yahoo.com
2025-2026,SJ,BUCIUMI,140388,RURAL,3161104389,ȘCOALA GIMNAZIALĂ NR.1 BUCIUMI,BOGDANA,140404,RURAL,,3162102482,ȘC.PRIMARĂ BOGDANA,ȘCOALA PRIMARĂ BOGDANA,Unitate de învățământ,AR,,Un schimb/zi,Buget,Publică de interes naţional şi local,Principală,235 ,457052,0260624687,0260624687,scoalabuciumi@yahoo.com
2025-2026,SJ,BĂBENI,140093,RURAL,3161100973,ȘCOALA GIMNAZIALĂ NR.1 BĂBENI,CIOCMANI,140100,RURAL,,3162101504,"ȘC.PRIMARĂ ""V.ILUȚIU"" CIOCMANI","ȘCOALA PRIMARĂ ""VASILE ILUȚIU"" CIOCMANI",Unitate de învățământ,AR,,Un schimb/zi,Buget,Publică de interes naţional şi local,Principală,72,457021,0260634309,0260634309,sc_babeni@yahoo.com
2025-2026,SJ,BĂLAN,140155,RURAL,3161100616,ȘCOALA GIMNAZIALĂ NR.1 BĂLAN,GÂLGĂU ALMAŞULUI,140191,RURAL,,3162101911,ȘC.PRIMARĂ GÂLGĂU ALMAȘULUI,ȘCOALA PRIMARĂ GÂLGĂU ALMAȘULUI,Unitate de învățământ,AR,,Un schimb/zi,Buget,Publică de interes naţional şi local,Principală,402,457029,0260628092,0260664497,scoala_balan@yahoo.com
2025-2026,SJ,BĂNIŞOR,140217,RURAL,3161100851,ȘCOALA GIMNAZIALĂ NR.1 BĂNIȘOR,PECEIU,140235,RURAL,,3162102265,ȘC.PRIMARĂ PECEIU,ȘCOALA PRIMARĂ PECEIU,Unitate de învățământ,AR,,Un schimb/zi,Buget,Publică de interes naţional şi local,Principală,137,457032,0260637503,0260637504,scoala_peceiu@yahoo.com
2025-2026,SJ,CEHU SILVANIEI,139759,URBAN,3161104466,"ȘCOALA GIMNAZIALĂ ""ANDREI MUREȘANU"" CEHU SILVANIEI",MOTIŞ,139777,RURAL,,3162104118,ȘC.PRIMARĂ MOTIȘ,"ȘCOALA PRIMARĂ ""GHEORGHE ȘINCAI"" MOTIȘ",Unitate de învățământ,AR,,Un schimb/zi,Buget,Publică de interes naţional şi local,Principală,228,455102,0260650309,0260650309,scoalamotis@yahoo.com
2025-2026,SJ,CEHU SILVANIEI,139759,URBAN,3161104466,"ȘCOALA GIMNAZIALĂ ""ANDREI MUREȘANU"" CEHU SILVANIEI",NADIŞ,139786,RURAL,,3162104145,ȘC.PRIMARĂ NADIȘ,ȘCOALA PRIMARĂ NADIȘ,Unitate de învățământ,AR,,Un schimb/zi,Buget,Publică de interes naţional şi local,Principală,129,455103,0260650309,0260650309,a_muresanucehu@yahoo.com
2025-2026,SJ,CREACA,140681,RURAL,3161100322,"ȘCOALA GIMNAZIALĂ ""MARCUS AURELIUS"" CREACA",BREBI,140707,RURAL,,3162102758,ȘC.PRIMARĂ BREBI,ȘCOALA PRIMARĂ BREBI,Unitate de învățământ,AR,,Un schimb/zi,Buget,Publică de interes naţional şi local,Principală,187A ,457092,0260646517,0260646517,scoalacreaca@yahoo.com
2025-2026,SJ,CREACA,140681,RURAL,3161100322,"ȘCOALA GIMNAZIALĂ ""MARCUS AURELIUS"" CREACA",JAC,140734,RURAL,,3162102794,ȘC.PRIMARĂ JAC,ȘCOALA PRIMARĂ JAC,Unitate de învățământ,AR,,Un schimb/zi,Buget,Publică de interes naţional şi local,Principală,253B,457096,0260644660,0260646517,scoalacreaca@yahoo.com
2025-2026,SJ,CRISTOLŢ,140789,RURAL,3161101124,ȘCOALA GIMNAZIALĂ NR.1 CRISTOLȚ,VĂLENI,140814,RURAL,,3162102627,ȘC.PRIMARĂ NR.1 VĂLENI,ȘCOALA PRIMARĂ NR.1 VĂLENI,Unitate de învățământ,AR,,Un schimb/zi,Buget,Publică de interes naţional şi local,Principală ,36,457103,0260635959,0260635959,scoalacristolt@yahoo.com
2025-2026,SJ,CRIŞENI,140832,RURAL,3161100869,"ȘCOALA GIMNAZIALĂ ""VASILE BREBAN"" CRIȘENI",CRISTUR CRIŞENI,140841,RURAL,,3162101576,SC.PRIMARA CRISTUR CRIȘENI,ȘCOALA PRIMARĂ CRISTUR CRIȘENI,Unitate de învățământ,AR,,Un schimb/zi,Buget,Publică de interes naţional şi local,Principală,191,457106,0260616307,0260626307,scoala_criseni@yahoo.com
2025-2026,SJ,CRIŞENI,140832,RURAL,3161100869,"ȘCOALA GIMNAZIALĂ ""VASILE BREBAN"" CRIȘENI",GÂRCEIU,140850,RURAL,,3162101531,ȘC.PRIMARĂ GÂRCEIU,ȘCOALA PRIMARĂ GÂRCEIU,Unitate de învățământ,AR,,Un schimb/zi,Buget,Publică de interes naţional şi local,Principală,96,457107,0260616307,0260626307,scoala_criseni@yahoo.com
2025-2026,SJ,CUZĂPLAC,140878,RURAL,3161104353,ȘCOALA GIMNAZIALĂ NR.1 CUZĂPLAC,PETRINDU,140912,RURAL,,3162101368,ȘC.PRIMARĂ PETRINDU,ȘCOALA PRIMARĂ PETRINDU,Unitate de învățământ,AR,,Un schimb/zi,Buget,Publică de interes naţional şi local,Principală,78/A,457114,0260626372,0260626372,scoala_cuzaplac@yahoo.com
2025-2026,SJ,CUZĂPLAC,140878,RURAL,3161104353,ȘCOALA GIMNAZIALĂ NR.1 CUZĂPLAC,TĂMASA,140949,RURAL,,3162101323,ȘC.PRIMARĂ TĂMAȘA,ȘCOALA PRIMARĂ TĂMAȘA,Unitate de învățământ,AR,,Un schimb/zi,Buget,Publică de interes naţional şi local,Principală ,219,457118,0260626372,0260626372,scoala_cuzaplac@yahoo.com
2025-2026,SJ,DOBRIN,140967,RURAL,3161100815,ȘCOALA GIMNAZIALĂ NR.1 DOBRIN,DOBA,140985,RURAL,,3162104204,ȘC.PRIMARĂ DOBA,ȘCOALA PRIMARĂ DOBA,Unitate de învățământ,AR,,Un schimb/zi,Buget,Publică de interes naţional şi local,Principală,27,457122,0260668913,0260668805,scoaladobrin@yahoo.com
2025-2026,SJ,DOBRIN,140967,RURAL,3161100815,ȘCOALA GIMNAZIALĂ NR.1 DOBRIN,VERVEGHIU,141018,RURAL,,3162104199,ȘC.PRIMARĂ VERVEGHIU,ȘCOALA PRIMARĂ VERVEGHIU,Unitate de învățământ,AR,,Un schimb/zi,Buget,Publică de interes naţional şi local,Principală ,108,457126,0260668805,0260668805,scoaladobrin@yahoo.com
2025-2026,SJ,DRAGU,141036,RURAL,3161104249,ȘCOALA GIMNAZIALĂ NR.1 DRAGU,VOIVODENI,141072,RURAL,,3162102835,ȘC.PRIMARĂ VOIVODENI,ȘCOALA PRIMARĂ VOIVODENI,Unitate de învățământ,AR,,Un schimb/zi,Buget,Publică de interes naţional şi local,PRINCIPALĂ,117,457134,0260628756,0260628756,scoaladragu@yahoo.com
2025-2026,SJ,FILDU DE MIJLOC,141107,RURAL,3161100661,ȘCOALA GIMNAZIALĂ NR.1 FILDU DE MIJLOC,FILDU DE SUS,141116,RURAL,,3162102401,ȘC.PRIMARĂ FILDU DE SUS,ȘCOALA PRIMARĂ FILDU DE SUS,Unitate de învățământ,AR,,Un schimb/zi,Buget,Publică de interes naţional şi local,Principală,33,457137,0260667410,0260667410,scoala_fildu@yahoo.com
2025-2026,SJ,GÂLGĂU,141143,RURAL,3161100711,LICEUL TEHNOLOGIC NR.1 GÂLGĂU,FODORA,141198,RURAL,,3162104059,ȘC.PRIMARĂ FODORA,ȘCOALA PRIMARĂ FODORA,Unitate de învățământ,AR,,Un schimb/zi,Buget,Publică de interes naţional şi local,Principală,32,457146,0260647057,0260647057,samgalgau@yahoo.com
2025-2026,SJ,GÂLGĂU,141143,RURAL,3161100711,LICEUL TEHNOLOGIC NR.1 GÂLGĂU,GLOD,141214,RURAL,,3162104086,ȘC.PRIMARĂ GLOD,ȘCOALA PRIMARĂ GLOD,Unitate de învățământ,AR,,Un schimb/zi,Buget,Publică de interes naţional şi local,Principală,192,457148,0260647057,0260647057,samgalgau@yahoo.com
2025-2026,SJ,HALMĂŞD,141321,RURAL,3161100584,"ȘCOALA GIMNAZIALĂ ""AVRAM IANCU"" HALMĂȘD",CERIŞA,141349,RURAL,,3162103239,ȘC.PRIMARĂ CERIȘA,ȘCOALA PRIMARĂ CERIȘA,Unitate de învățământ,AR,,Un schimb/zi,Buget,Publică de interes naţional şi local,Principală,98,457162,0260623006,0260623006,scoala_halmasd2006@yahoo.com
2025-2026,SJ,HIDA,141456,RURAL,3161100937,"LICEUL TEHNOLOGIC ""LIVIU REBREANU"" HIDA",RACÂŞ,141492,RURAL,,3162101427,ȘC.PRIMARĂ RACÂȘ,ȘCOALA PRIMARĂ RACÂȘ,Unitate de învățământ,AR,,Un schimb/zi,Buget,Publică de interes naţional şi local,Principală,45,457179,0260628564,0260628564,rebreanu.hida@gmail.com
2025-2026,SJ,ILEANDA,141599,RURAL,3161104448,"LICEUL TEHNOLOGIC ""IOACHIM POP"" ILEANDA",DOLHENI,141633,RURAL,,3162101463,ȘC.PRIMARĂ DOLHENI,ȘCOALA PRIMARĂ DOLHENI,Unitate de învățământ,AR,,Un schimb/zi,Buget,Publică de interes naţional şi local,Principală,43,457194,0260665071,0260648728,grsc_ipop_ileanda@yahoo.com
2025-2026,SJ,IP,141731,RURAL,3161100783,ȘCOALA GIMNAZIALĂ NR.1 IP,COSNICIU DE JOS,141740,RURAL,,3162103922,ȘC.PRIMARĂ COSNICIU DE JOS,ȘCOALA PRIMARĂ COSNICIU DE JOS,Unitate de învățământ,AR,,Un schimb/zi,Buget,Publică de interes naţional şi local,Principală,215,457211,0260671515,0260671545,scoalaip@yahoo.com
2025-2026,SJ,IP,141731,RURAL,3161100783,ȘCOALA GIMNAZIALĂ NR.1 IP,ZĂUAN,141768,RURAL,,3162103881,ȘC.PRIMARĂ ZĂUAN,ȘCOALA PRIMARĂ ZĂUAN,Unitate de învățământ,AR,,Un schimb/zi,Buget,Publică de interes naţional şi local,Principală,46,457213,0260671515,0260671545,scoalaip@yahoo.com
2025-2026,SJ,MIRŞID,142131,RURAL,3161104308,ȘCOALA GIMNAZIALĂ NR.1 MIRȘID,POPENI,142168,RURAL,,3162101956,ȘC.PRIMARĂ POPENI,ȘCOALA PRIMARĂ POPENI,Unitate de învățământ,AR,,Un schimb/zi,Buget,Publică de interes naţional şi local,Principală,224,457253,0260643571,0260663501,scoala_popeni@yahoo.com
2025-2026,SJ,MĂERIŞTE,142015,RURAL,3161100896,ȘCOALA GIMNAZIALĂ NR.1 MĂERIȘTE,CRIŞTELEC,142024,RURAL,,3162103994,ȘC.PRIMARĂ CRIȘTELEC,ȘCOALA PRIMARĂ CRIȘTELEC,Unitate de învățământ,AR,,Un schimb/zi,Buget,Publică de interes naţional şi local,Principală,117,457236,0260657106,0260657106,scmaeriste@yahoo.com
2025-2026,SJ,NUŞFALĂU,142248,RURAL,3161100607,"ȘCOALA GIMNAZIALĂ ""PETRI MOR"" NUȘFALĂU",BILGHEZ,142257,RURAL,,3162103402,ȘC.PRIMARĂ BILGHEZ,ȘCOALA PRIMARĂ BILGHEZ,Unitate de învățământ,AR,,Un schimb/zi,Buget,Publică de interes naţional şi local,Principală,86,457261,0260670139,0260670139,licnusfalau@yahoo.com
2025-2026,SJ,PANIC,141438,RURAL,3161100901,ȘCOALA GIMNAZIALĂ NR.1 PANIC,DIOŞOD,141410,RURAL,,3162102975,ȘC.PRIMARĂ DIOȘOD,ȘCOALA PRIMARĂ DIOȘOD,Unitate de învățământ,AR,,Un schimb/zi,Buget,Publică de interes naţional şi local,Principală,465,457168,0260629310,0260669854,barbureniko@yahoo.com
2025-2026,SJ,ROMÂNAŞI,142435,RURAL,3161100498,ȘCOALA GIMNAZIALĂ NR.1 ROMÂNAȘI,CIUMĂRNA,142453,RURAL,,3162101757,ȘC.PRIMARĂ CIUMĂRNA,ȘCOALA PRIMARĂ CIUMĂRNA,Unitate de învățământ,AR,,Un schimb/zi,Buget,Publică de interes naţional şi local,Principală,38,457282,0260624115,0260624115,scoalaromanasi@yahoo.com
2025-2026,SJ,ROMÂNAŞI,142435,RURAL,3161100498,ȘCOALA GIMNAZIALĂ NR.1 ROMÂNAȘI,PĂUŞA,142462,RURAL,,3162101793,ȘC.PRIMARĂ PĂUȘA,ȘCOALA PRIMARĂ PĂUȘA,Unitate de învățământ,AR,,Un schimb/zi,Buget,Publică de interes naţional şi local,Principală,105,457283,0260624115,0260624115,scoalaromanasi@yahoo.com
2025-2026,SJ,SOMEŞ-ODORHEI,142729,RURAL,3161100358,"ȘCOALA GIMNAZIALĂ ""VASILE LUCĂCEL"" SOMEȘ ODORHEI",DOMNIN,142747,RURAL,,3162102618,ȘC.PRIMARĂ DOMNIN,ȘCOALA PRIMARĂ DOMNIN,Unitate de învățământ,AR,,Un schimb/zi,Buget,Publică de interes naţional şi local,Principală,65,457312,0260654616,0260654616,somes_odorhei_scoala@yahoo.com
2025-2026,SJ,SOMEŞ-ODORHEI,142729,RURAL,3161100358,"ȘCOALA GIMNAZIALĂ ""VASILE LUCĂCEL"" SOMEȘ ODORHEI",ŞOIMUŞ,142765,RURAL,,3162102084,ȘC.PRIMARĂ ȘOIMUȘ,ȘCOALA PRIMARĂ ȘOIMUȘ,Unitate de învățământ,AR,,Un schimb/zi,Buget,Publică de interes naţional şi local,Principală,144,457314,0260654616,0260654616,somes_odorhei_scoala@yahoo.com
2025-2026,SJ,SÂNMIHAIU ALMAŞULUI,142685,RURAL,3161100842,ȘCOALA GIMNAZIALĂ NR.1 SÂNMIHAIU ALMAȘULUI,BERCEA,142694,RURAL,,3162103067,ȘC.PRIMARĂ BERCEA,ȘCOALA PRIMARĂ BERCEA,Unitate de învățământ,AR,,Un schimb/zi,Buget,Publică de interes naţional şi local,Principală,30 ,457306,0260627200,0260627200,scoalasinmihaiu@yahoo.com
2025-2026,SJ,SÂNMIHAIU ALMAŞULUI,142685,RURAL,3161100842,ȘCOALA GIMNAZIALĂ NR.1 SÂNMIHAIU ALMAȘULUI,SÂNTĂ MĂRIA,142701,RURAL,,3162102654,ȘC.PRIMARĂ SÂNTĂ MĂRIA,ȘCOALA PRIMARĂ SÂNTĂ MĂRIA,Unitate de învățământ,AR,,Un schimb/zi,Buget,Publică de interes naţional şi local,Principală,73,457307,0260627200,0260627200,scoalasinmihaiu@yahoo.com
2025-2026,SJ,SĂLĂŢIG,142569,RURAL,3161104457,"ȘCOALA GIMNAZIALĂ ""PETRE DULFU"" SĂLĂȚIG",NOŢIG,142603,RURAL,,3162103637,ȘC.PRIMARĂ NOȚIG,ȘCOALA PRIMARĂ NOȚIG,Unitate de învățământ,AR,,Un schimb/zi,Buget,Publică de interes naţional şi local,Principală,240,457299,0731009113,0260650545,scoalasalatig@yahoo.com
2025-2026,SJ,ŞAMŞUD,142863,RURAL,3161100697,"ȘCOALA GIMNAZIALĂ ""SZIKSZAI LAJOS"" ȘAMȘUD",VALEA POMILOR,142872,RURAL,,3162102993,ȘC.PRIMARĂ VALEA POMILOR,ȘCOALA PRIMARĂ VALEA POMILOR,Unitate de învățământ,AR,,Un schimb/zi,Buget,Publică de interes naţional şi local,Principală,50,457326,0260653204,0260653204,scoalasamsud@yahoo.com
2025-2026,SJ,ŞĂRMĂŞAG,142890,RURAL,3161104362,LICEUL TEHNOLOGIC NR.1 SĂRMĂȘAG,ILIŞUA,142907,RURAL,,3162102012,"ȘC.PRIMARĂ ""I.S. PETER"" ILIȘUA","ȘCOALA PRIMARĂ ""ILASVAI SELYMES PETER"" ILIȘUA",Unitate de învățământ,AR,,Un schimb/zi,Buget,Publică de interes naţional şi local,Principală,64,457331,0260655384,0260655026,lisarmasag@yahoo.com
2025-2026,SM,ACÂŞ,136722,RURAL,3061101288,ȘCOALA GIMNAZIALĂ „DOBAI-PLOSCA” ACÂȘ,MIHĂIENI,136740,RURAL,,3062103218,S04 MIHĂIENI,ȘCOALA PRIMARĂ MIHĂIENI,Unitate de învățământ,AR,,Un schimb/zi,Buget,Publică de interes naţional şi local,Principală,36,447007,0261871165,0261871044,scoalaacas@yahoo.com
2025-2026,SM,ACÂŞ,136722,RURAL,3061101288,ȘCOALA GIMNAZIALĂ „DOBAI-PLOSCA” ACÂȘ,UNIMĂT,136759,RURAL,,3062103227,S04 UNIMĂT,ȘCOALA PRIMARĂ UNIMĂT,Unitate de învățământ,AR,,Un schimb/zi,Buget,Publică de interes naţional şi local,Principală,272,447008,0261871260,0261871044,scoalaacas@yahoo.com
2025-2026,SM,AGRIŞ,137201,RURAL,3061102497,ȘCOALA GIMNAZIALĂ „CSURY BALINT” AGRIȘ,CIUPERCENI,137210,RURAL,,3062100495,S04 CIUPERCENI,ȘCOALA PRIMARĂ CIUPERCENI,Unitate de învățământ,AR,,Un schimb/zi,Buget,Publică de interes naţional şi local,Principală,38,447067,0261878070,0261878020,scoalaagris@yahoo.com
2025-2026,SM,BELTIUG,136973,RURAL,3061100034,ȘCOALA GIMNAZIALĂ „VIOREL SĂLĂGEAN” BELTIUG,GHIRIŞA,136991,RURAL,,3062103245,S04 GHIRIȘA,ȘCOALA PRIMARĂ GHIRIȘA,Unitate de învățământ,AR,,Un schimb/zi,Buget,Publică de interes naţional şi local,Principală, 56,447042,0361420334,0361420334,scoalabeltiug@yahoo.com
2025-2026,SM,BOGDAND,137149,RURAL,3061101849,ȘCOALA GIMNAZIALĂ „PETRI MOR” BOGDAND,CORUND,137167,RURAL,,3062100803,S04 CORUND,ȘCOALA PRIMARĂ CORUND,Unitate de învățământ,AR,,Un schimb/zi,Buget,Publică de interes naţional şi local,Andrei Blaga,65,447062,0261828203,0261828280,bogdandis@yahoo.com
2025-2026,SM,BOGDAND,137149,RURAL,3061101849,ȘCOALA GIMNAZIALĂ „PETRI MOR” BOGDAND,SER,137176,RURAL,,3062100812,S04 SER,ȘCOALA PRIMARĂ SER,Unitate de învățământ,AR,,Un schimb/zi,Buget,Publică de interes naţional şi local,Școlii,42,447063,0261828203,0261828280,bogdandis@yahoo.com
2025-2026,SM,BĂTARCI,136928,RURAL,3061101971,ȘCOALA GIMNAZIALĂ BĂTARCI,TĂMĂŞENI,136955,RURAL,,3062102895,S04 TĂMĂȘENI,ȘCOALA PRIMARĂ TĂMĂȘENI,Unitate de învățământ,AR,,Un schimb/zi,Buget,Publică de interes naţional şi local,Principală, 78,447033,0261837005,0261837008,scoalabatarci@yahoo.com
2025-2026,SM,CRAIDOROLŢ,137452,RURAL,3061102018,ȘCOALA GIMNAZIALĂ „IULIU COROIANU” CRAIDOROLȚ,ERIU SÂNCRAI,137470,RURAL,,3062103132,S04 ERIU SÂNCRAI,ȘCOALA PRIMARĂ ERIU SÂNCRAI,Unitate de învățământ,AR,,Un schimb/zi,Buget,Publică de interes naţional şi local,Principală, 166,447105,0261876564,0261876564,sgcraidorolt@yahoo.ro
2025-2026,SM,CRAIDOROLŢ,137452,RURAL,3061102018,ȘCOALA GIMNAZIALĂ „IULIU COROIANU” CRAIDOROLȚ,SATU MIC,137489,RURAL,,3062103141,S04 SATU MIC,ȘCOALA PRIMARĂ SATU MIC,Unitate de învățământ,AR,,Un schimb/zi,Buget,Publică de interes naţional şi local,Principală, 32,447105,0261876564,0261876564,sgcraidorolt@yahoo.ro
2025-2026,SM,DOBA,137620,RURAL,3061100174,ȘCOALA GIMNAZIALĂ DOBA,BOGHIŞ,137639,RURAL,,3062100328,S04 BOGHIȘ,ȘCOALA PRIMARĂ BOGHIȘ,Unitate de învățământ,AR,,Un schimb/zi,Buget,Publică de interes naţional şi local,Principală,93,447126,0261869262,0261869118,sc.Doba@yahoo.com
2025-2026,SM,HODOD,137853,RURAL,3061102678,ȘCOALA GIMNAZIALĂ „WESSELENYI” HODOD,LELEI,137871,RURAL,,3062103028,S04 LELEI,ȘCOALA PRIMARĂ LELEI,Unitate de învățământ,AR,,Un schimb/zi,Buget,Publică de interes naţional şi local,Kolcsey Ferenc,4,447157,0261829011,0261829131,hododisk@yahoo.com
2025-2026,SM,LAZURI,137979,RURAL,3061101605,ȘCOALA GIMNAZIALĂ „PETOFI SANDOR” LAZURI,PELEŞ,138011,RURAL,,3062101121,S04 PELEȘ,ȘCOALA PRIMARĂ PELEȘ,Unitate de învățământ,AR,,Un schimb/zi,Buget,Publică de interes naţional şi local,Principală,104,447174,0261753215,0261753215,samlazuri@yahoo.com
2025-2026,SM,LIVADA,138048,URBAN,3061101804,ȘCOALA GIMNAZIALĂ „PETOFI SANDOR” LIVADA,ADRIAN,138057,URBAN,,3062100961,S04 ADRIAN,ȘCOALA PRIMARĂ ADRIAN,Unitate de învățământ,AR,,Un schimb/zi,Buget,Publică de interes naţional şi local,Principală,99,447181,0261840007,0261840408,sc.petofi.livada@gmail.com
2025-2026,SM,MOFTINU MIC,138217,RURAL,3061101917,ȘCOALA GIMNAZIALĂ „MIHAI VITEAZUL” MOFTINU MIC,SÂNMICLĂUŞ,138271,RURAL,,3062100269,S04 SÂNMICLĂUȘ,ȘCOALA PRIMARĂ SÂNMICLĂUȘ,Unitate de învățământ,AR,,Un schimb/zi,Buget,Publică de interes naţional şi local,Principală, 73,447208,0261875011,0261875011,scmmic@yahoo.com
2025-2026,SM,PETREŞTI,138510,RURAL,3061101813,ȘCOALA PRIMARĂ „DR. STEFAN VONHAZ” PETREȘTI,PETREŞTI,138510,RURAL,654021,3061101813,S04 „DR. STEFAN VONHAZ” PETREȘTI,ȘCOALA PRIMARĂ „DR. STEFAN VONHAZ” PETREȘTI,Unitate de învățământ,PJ,17306862,Un schimb/zi,Buget,Publică de interes naţional şi local,Principală,549,447240,0261820002,0261820002,scoalapetresti@gmail.com
2025-2026,SM,PĂULEŞTI,138440,RURAL,3061102366,ȘCOALA GIMNAZIALĂ „LIVIU REBREANU” PĂULEȘTI,AMAŢI,138459,RURAL,,3062100572,S04 „NICOLAE LABIȘ” AMAȚI,ȘCOALA PRIMARĂ „NICOLAE LABIȘ” AMAȚI,Unitate de învățământ,AR,,Un schimb/zi,Buget,Publică de interes naţional şi local,Regele Ferdinand,134,447231,0261829344,0261757314,scoalageneralepaulesti@yahoo.com
2025-2026,SM,SANTĂU,138743,RURAL,3061101695,ȘCOALA GIMNAZIALĂ SANTĂU,CHEREUŞA,138752,RURAL,,3062102981,S04 CHEREUȘA,ȘCOALA PRIMARĂ CHEREUȘA,Unitate de învățământ,AR,,Un schimb/zi,Buget,Publică de interes naţional şi local,Principală,364,445100,0261823080,0261823080,scoalasantau@yahoo.com
2025-2026,SM,SĂUCA,138814,RURAL,3061101451,ȘCOALA GIMNAZIALĂ SĂUCA,CEAN,138832,RURAL,,3062100554,S04 CEAN,ȘCOALA PRIMARĂ CEAN,Unitate de învățământ,AR,,Un schimb/zi,Buget,Publică de interes naţional şi local,Principală,44,447282,0261822809,0261822809,scoalasauca@yahoo.com
2025-2026,SM,TARNA MARE,139018,RURAL,3061102009,LICEUL TEHNOLOGIC TARNA MARE,VALEA SEACĂ,139036,RURAL,,3062100997,S04 VALEA SEACĂ,ȘCOALA PRIMARĂ VALEA SEACĂ,Unitate de învățământ,AR,,Un schimb/zi,Buget,Publică de interes naţional şi local,Principală, 384,447312,0786230232,0786230232,samtarna@yahoo.com
2025-2026,SM,VETIŞ,139367,RURAL,3061102054,ȘCOALA GIMNAZIALĂ VETIȘ,DECEBAL,139376,RURAL,,3062100468,S04 DECEBAL,ȘCOALA PRIMARĂ DECEBAL,Unitate de învățământ,AR,,Un schimb/zi,Buget,Publică de interes naţional şi local,Bradului,4,447357,0261820703,0261820703,scvetis@yahoo.com
2025-2026,SM,VIILE SATU MARE,139401,RURAL,3061101564,ȘCOALA GIMNAZIALĂ VIILE SATU MARE,VIILE SATU MARE,139401,RURAL,,3062102909,S04 DEALU MARE,ȘCOALA PRIMARĂ DEALU MARE,Unitate de învățământ,AR,,Un schimb/zi,Buget,Publică de interes naţional şi local,Școlii,10,447360,0261754202,0261754202,scviism@gmail.com
2025-2026,SV,ADÂNCATA,146806,RURAL,3361103919,"ȘCOALA GIMNAZIALĂ ""IOAN BĂNCESCU"" ADÂNCATA",CĂLUGĂRENI,146833,RURAL,,3362107077,ȘCOALA PRIMARĂ CĂLUGĂRENI,ȘCOALA PRIMARĂ CĂLUGĂRENI,Unitate de învățământ,AR,,Un schimb/zi,Buget,Publică de interes naţional şi local,Principală,25,727008,0230520908,0230528840,sg_ioan_bancescu_adancata@isj.sv.edu.ro
2025-2026,SV,ADÂNCATA,146806,RURAL,3361103919,"ȘCOALA GIMNAZIALĂ ""IOAN BĂNCESCU"" ADÂNCATA",FETEŞTI,146842,RURAL,,3362107109,ȘCOALA PRIMARĂ FETEȘTI,ȘCOALA PRIMARĂ FETEȘTI,Unitate de învățământ,AR,,Un schimb/zi,Buget,Publică de interes naţional şi local, Principală,140,727009,0230528796,0230528840,sg_ioan_bancescu_adancata@isj.sv.edu.ro
2025-2026,SV,ARBORE,146879,RURAL,3361102841,"ȘCOALA GIMNAZIALĂ ""LUCA ARBURE"" ARBORE",ARBORE,146879,RURAL,,3362102529,ȘCOALA PRIMARĂ ARBORE,ȘCOALA PRIMARĂ ARBORE,Unitate de învățământ,AR,,Două schimburi/zi,Buget,Publică de interes naţional şi local,Grigore Ureche,1,727015,0230539417,0230539417,sg_luca_arbure_arbore@isj.sv.edu.ro
2025-2026,SV,ARBORE,146879,RURAL,3361102841,"ȘCOALA GIMNAZIALĂ ""LUCA ARBURE"" ARBORE",BODNĂRENI,146888,RURAL,,3362102583,ȘCOALA PRIMARĂ BODNĂRENI,ȘCOALA PRIMARĂ BODNĂRENI,Unitate de învățământ,AR,,Un schimb/zi,Buget,Publică de interes naţional şi local,Școlii,4,727016,0230539417,0230539417,sg_luca_arbure_arbore@isj.sv.edu.ro
2025-2026,SV,BAINEŢ,149593,RURAL,3361102633,ȘCOALA GIMNAZIALĂ BAINEȚ,VĂŞCĂUŢI,149637,RURAL,,3362106655,ȘCOALA PRIMARĂ VĂȘCĂUȚI,ȘCOALA PRIMARĂ VĂȘCĂUȚI,Unitate de învățământ,AR,,Un schimb/zi,Buget,Publică de interes naţional şi local, Principală,71,727393,0744552033,0230280162,sg_bainet@isj.sv.edu.ro
2025-2026,SV,BERCHIŞEŞTI,148346,RURAL,3361103824,ȘCOALA GIMNAZIALĂ BERCHIȘEȘTI,CORLATA,148355,RURAL,,3362104775,ȘCOALA PRIMARĂ CORLATA,ȘCOALA PRIMARĂ CORLATA,Unitate de învățământ,AR,,Un schimb/zi,Buget,Publică de interes naţional şi local, Florin Persic,118,727217,0756945536,0330564269,sg_berchisesti@isj.sv.edu.ro
2025-2026,SV,BOROAIA,147081,RURAL,3361100278,"ȘCOALA GIMNAZIALĂ ""VASILE TOMEGEA"" BOROAIA",BOROAIA,147081,RURAL,,3362106221,ȘCOALA PRIMARĂ BOROAIA,ȘCOALA PRIMARĂ BOROAIA,Unitate de învățământ,AR,,Un schimb/zi,Buget,Publică de interes naţional şi local, Prof. dr. Gheorghe Scripcaru, 403A,727040,0230548017,0230548017,sg_vasile_tomegea_boroaia@isj.sv.edu.ro
2025-2026,SV,BOROAIA,147081,RURAL,3361100278,"ȘCOALA GIMNAZIALĂ ""VASILE TOMEGEA"" BOROAIA",GIULEŞTI,147107,RURAL,,3362106203,ȘCOALA PRIMARĂ GIULEȘTI,ȘCOALA PRIMARĂ GIULEȘTI,Unitate de învățământ,AR,,Un schimb/zi,Buget,Publică de interes naţional şi local, Înv. Dumitru Savinescu, 39A,727042,0230548017,0230548017,sg_vasile_tomegea_boroaia@isj.sv.edu.ro
2025-2026,SV,BOROAIA,147081,RURAL,3361100278,"ȘCOALA GIMNAZIALĂ ""VASILE TOMEGEA"" BOROAIA",SĂCUŢA,147125,RURAL,,3362106212,ȘCOALA PRIMARĂ SĂCUȚA,ȘCOALA PRIMARĂ SĂCUȚA,Unitate de învățământ,AR,,Un schimb/zi,Buget,Publică de interes naţional şi local, Săcuța Vale, 30A,727044,0230548017,0230548017,sg_vasile_tomegea_boroaia@isj.sv.edu.ro
2025-2026,SV,BOSANCI,147143,RURAL,3361104083,ȘCOALA GIMNAZIALĂ BOSANCI,BOSANCI,147143,RURAL,,3362107588,ȘCOALA PRIMARĂ BOSANCI,ȘCOALA PRIMARĂ BOSANCI,Unitate de învățământ,AR,,Două schimburi/zi,Buget,Publică de interes naţional şi local,Unirii,45,727045,0230527008,0230527004,sg_bosanci@isj.sv.edu.ro
2025-2026,SV,BOSANCI,147143,RURAL,3361104083,ȘCOALA GIMNAZIALĂ BOSANCI,CUMPĂRĂTURA,147152,RURAL,,3362107561,ȘCOALA PRIMARĂ CUMPĂRĂTURA,ȘCOALA PRIMARĂ CUMPĂRĂTURA,Unitate de învățământ,AR,,Un schimb/zi,Buget,Publică de interes naţional şi local,Calea Fălticeni,45,727046,0230522010,0230527004,sg_bosanci@isj.sv.edu.ro
2025-2026,SV,BRODINA,147250,RURAL,3361102823,ȘCOALA GIMNAZIALĂ BRODINA,BRODINA DE JOS,147269,RURAL,,3362106126,ȘCOALA PRIMARĂ BRODINA DE JOS,ȘCOALA PRIMARĂ BRODINA DE JOS,Unitate de învățământ,AR,,Un schimb/zi,Buget,Publică de interes naţional şi local,Calea Valea Brodinei,71,727060,0230574217,0230574217,sg_brodina@isj.sv.edu.ro
2025-2026,SV,BRODINA,147250,RURAL,3361102823,ȘCOALA GIMNAZIALĂ BRODINA,SADĂU,147330,RURAL,,3362106067,ȘCOALA PRIMARĂ SADĂU,ȘCOALA PRIMARĂ SADĂU,Unitate de învățământ,AR,,Un schimb/zi,Buget,Publică de interes naţional şi local,Preot Ilie Corduban,40,727060,0230574217,0230574217,sg_brodina@isj.sv.edu.ro
2025-2026,SV,BROŞTENI,147367,URBAN,3361103313,"LICEUL TEHNOLOGIC ""NICOLAI NANU"" BROȘTENI",DÂRMOXA,147385,RURAL,,3362105541,ȘCOALA PRIMARĂ DÂRMOXA,ȘCOALA PRIMARĂ DÂRMOXA,Unitate de învățământ,AR,,Un schimb/zi,Buget,Publică de interes naţional şi local,FS,FN,727077,0769807263,0230549783,lt_nicolai_nanu_brosteni@isj.sv.edu.ro
2025-2026,SV,BUDENI,148024,RURAL,3361103625,ȘCOALA GIMNAZIALĂ BUDENI,POIENARI,148051,RURAL,,3362105731,ȘCOALA PRIMARĂ POIENARI,ȘCOALA PRIMARĂ POIENARI,Unitate de învățământ,AR,,Un schimb/zi,Buget,Publică de interes naţional şi local,Principală,FN,727174,0740496300,0230571471,sg_budeni@isj.sv.edu.ro
2025-2026,SV,BUDENI,148024,RURAL,3361103625,ȘCOALA GIMNAZIALĂ BUDENI,SILIŞTEA NOUĂ,148079,RURAL,687999,3362105292,ȘCOALA PRIMARĂ SILIȘTEA,ȘCOALA PRIMARĂ SILIȘTEA,Unitate de învățământ,AR,,Un schimb/zi,Buget,Publică de interes naţional şi local,Principală,FN,727177,0740496300,0230571471,sg_budeni@isj.sv.edu.ro
2025-2026,SV,BUNEŞTI,147474,RURAL,3361103851,"ȘCOALA GIMNAZIALĂ ""ARTUR GOROVEI"" BUNEȘTI",UNCEŞTI,147517,RURAL,,3362102452,ȘCOALA PRIMARĂ UNCEȘTI,ȘCOALA PRIMARĂ UNCEȘTI,Unitate de învățământ,AR,,Un schimb/zi,Buget,Publică de interes naţional şi local, Principală,47,727094,0230549005,0230549005,sg_artur_gorovei_bunesti@isj.sv.edu.ro
2025-2026,SV,BĂIŞEŞTI,147802,RURAL,3361103616,ȘCOALA GIMNAZIALĂ BĂIȘEȘTI,BRĂIEŞTI,147811,RURAL,,3362105446,ȘCOALA PRIMARĂ BRĂIEȘTI,ȘCOALA PRIMARĂ BRĂIEȘTI,Unitate de învățământ,AR,,Un schimb/zi,Buget,Publică de interes naţional şi local, Școlii, 101,727142,0230574016,0230574016,sg_baisesti@isj.sv.edu.ro
2025-2026,SV,BĂIŞEŞTI,147802,RURAL,3361103616,ȘCOALA GIMNAZIALĂ BĂIȘEȘTI,DUMBRAVA,147820,RURAL,,3362102122,ȘCOALA PRIMARĂ DUMBRAVA,ȘCOALA PRIMARĂ DUMBRAVA,Unitate de învățământ,AR,,Un schimb/zi,Buget,Publică de interes naţional şi local, Principală,69,727143,0230574016,0230574016,sg_baisesti@isj.sv.edu.ro
2025-2026,SV,BĂIŞEŞTI,147802,RURAL,3361103616,ȘCOALA GIMNAZIALĂ BĂIȘEȘTI,PĂISENI,147839,RURAL,,3362102131,ȘCOALA PRIMARĂ ”IOAN GROSARU” PĂISENI,ȘCOALA PRIMARĂ ”IOAN GROSARU” PĂISENI,Unitate de învățământ,AR,,Un schimb/zi,Buget,Publică de interes naţional şi local,Principală,29,727144,0230574044,0230574044,sg_baisesti@isj.sv.edu.ro
2025-2026,SV,BĂLCĂUŢI,147009,RURAL,3361103711,ȘCOALA GIMNAZIALĂ BĂLCĂUȚI,GROPENI,147018,RURAL,,3362106994,ȘCOALA PRIMARĂ GROPENI,ȘCOALA PRIMARĂ GROPENI,Unitate de învățământ,AR,,Un schimb/zi,Buget,Publică de interes naţional şi local, Principală,FN,727026,0230280115,0230280115,sg_balcauti@isj.sv.edu.ro
2025-2026,SV,BĂNEŞTI,148471,RURAL,3361103105,"ȘCOALA GIMNAZIALĂ ""M. EMINESCU"" BĂNEȘTI",STAMATE,148505,RURAL,,3362101632,ȘCOALA PRIMARĂ NR. 1 STAMATE,ȘCOALA PRIMARĂ NR. 1 STAMATE,Unitate de învățământ,AR,,Un schimb/zi,Buget,Publică de interes naţional şi local, Principală,934,727232,0230237476,0230237476,sg_mihai_eminescu_banesti@isj.sv.edu.ro
2025-2026,SV,CALAFINDEŞTI,147599,RURAL,3361103521,ȘCOALA GIMNAZIALĂ CALAFINDEȘTI,BOTOŞANIŢA MARE,147606,RURAL,,3362106524,ȘCOALA PRIMARĂ BOTOȘENIȚA MARE,ȘCOALA PRIMARĂ BOTOȘENIȚA MARE,Unitate de învățământ,AR,,Un schimb/zi,Buget,Publică de interes naţional şi local,Principală,FN,727105,0230573719,0230573719,sg_calafindesti@isj.sv.edu.ro
2025-2026,SV,DOLHEŞTII-MARI,148104,RURAL,3361108119,"ȘCOALA GIMNAZIALĂ ""HATMANUL ȘENDREA"" DOLHEȘTII MARI",VALEA BOUREI,148122,RURAL,,3362101763,ȘCOALA PRIMARĂ VALEA BOUREI,ȘCOALA PRIMARĂ VALEA BOUREI,Unitate de învățământ,AR,,Un schimb/zi,Buget,Publică de interes naţional şi local, Principală,251A,727182,0330196934,0330196933,sg_hatmanul_sendrea_dolhestii_mari@isj.sv.edu.ro
2025-2026,SV,DRĂGOIEŞTI,148364,RURAL,3361108146,ȘCOALA GIMNAZIALĂ DRĂGOIEȘTI,MĂZĂNĂEŞTI,148337,RURAL,,3362101695,ȘCOALA PRIMARĂ MĂZĂNĂEȘTI,ȘCOALA PRIMARĂ MĂZĂNĂEȘTI,Unitate de învățământ,AR,,Un schimb/zi,Buget,Publică de interes naţional şi local,Principală,203,727219,0230572938,0230572917,sg_dragoiesti@isj.sv.edu.ro
2025-2026,SV,DUMBRĂVENI,148435,RURAL,3361100224,"LICEUL TEHNOLOGIC ""MIHAI EMINESCU"" DUMBRĂVENI",DUMBRĂVENI,148435,RURAL,,3362106465,ȘCOALA PRIMARĂ NR. 1 DUMBRĂVENI,ȘCOALA PRIMARĂ NR. 1 DUMBRĂVENI,Unitate de învățământ,AR,,Două schimburi/zi,Buget,Publică de interes naţional şi local,Ștefan cel Mare,133,727225,0230535014,0230535014,lt_mihai_eminescu_dumbraveni@isj.sv.edu.ro
2025-2026,SV,DUMBRĂVENI,148435,RURAL,3361100224,"LICEUL TEHNOLOGIC ""MIHAI EMINESCU"" DUMBRĂVENI",DUMBRĂVENI,148435,RURAL,,3362106456,ȘCOALA PRIMARĂ NR. 2 DUMBRĂVENI,ȘCOALA PRIMARĂ NR. 2 DUMBRĂVENI,Unitate de învățământ,AR,,Două schimburi/zi,Buget,Publică de interes naţional şi local,Ciprian Porumbescu,48,727225,0230535014,0230535014,lt_mihai_eminescu_dumbraveni@isj.sv.edu.ro
2025-2026,SV,DUMBRĂVENI,148435,RURAL,3361100224,"LICEUL TEHNOLOGIC ""MIHAI EMINESCU"" DUMBRĂVENI",SĂLĂGENI,148444,RURAL,,3362106474,ȘCOALA PRIMARĂ SĂLĂGENI,ȘCOALA PRIMARĂ SĂLĂGENI,Unitate de învățământ,AR,,Două schimburi/zi,Buget,Publică de interes naţional şi local,Dimitri Cantemir,43,727226,0230535014,0230535014,lt_mihai_eminescu_dumbraveni@isj.sv.edu.ro
2025-2026,SV,FRUMOSU,148738,RURAL,3361108309,"ȘCOALA GIMNAZIALĂ ""ION ȘUHANE"" FRUMOSU",FRUMOSU,148738,RURAL,,3362105785,ȘCOALA PRIMARĂ FRUMOSU,ȘCOALA PRIMARĂ FRUMOSU,Unitate de învățământ,AR,,Un schimb/zi,Buget,Publică de interes naţional şi local, Principală,479,727260,0230576320,0230576365,sg_ion_suhane_frumosu@isj.sv.edu.ro
2025-2026,SV,FRĂTĂUŢII VECHI,148701,RURAL,3361104178,ȘCOALA GIMNAZIALĂ FRĂTĂUȚII VECHI,FRĂTĂUŢII VECHI,148701,RURAL,,3362101356,ȘCOALA PRIMARĂ ”L.V. IONESI” FRĂTĂUȚII VECHI,"ȘCOALA PRIMARĂ ""LIVIU V. IONESI"" FRĂTĂUȚII VECHI",Unitate de învățământ,AR,,Un schimb/zi,Buget,Publică de interes naţional şi local,Principală,FN,727255,0230411530,0230411530,sg_fratautii_vechi@isj.sv.edu.ro
2025-2026,SV,GRĂMEŞTI,148925,RURAL,3361107959,"ȘCOALA GIMNAZIALĂ ""PAHOMIE C. VASILIU"" GRĂMEȘTI",BĂLINEŞTI,148934,RURAL,,3362107751,ȘCOALA PRIMARĂ BĂLINEȘTI,ȘCOALA PRIMARĂ BĂLINEȘTI,Unitate de învățământ,AR,,Un schimb/zi,Buget,Publică de interes naţional şi local,Principală,FN,727286,0230569960,0230569960,sg_pahomie_c_vasiliu_gramesti@isj.sv.edu.ro
2025-2026,SV,GRĂNICEŞTI,148989,RURAL,3361103114,"ȘCOALA GIMNAZIALĂ ""MIHAIL SADOVEANU"" GRĂNICEȘTI",DUMBRAVA,148998,RURAL,,3362107475,ȘCOALA PRIMARĂ DUMBRAVA,ȘCOALA PRIMARĂ DUMBRAVA,Unitate de învățământ,AR,,Un schimb/zi,Buget,Publică de interes naţional şi local,FS,99,727291,0230414504,0230414504,sg_mihail_sadoveanu_granicesti@isj.sv.edu.ro
2025-2026,SV,GRĂNICEŞTI,148989,RURAL,3361103114,"ȘCOALA GIMNAZIALĂ ""MIHAIL SADOVEANU"" GRĂNICEȘTI",IACOBEŞTI,149012,RURAL,,3362107516,ȘCOALA PRIMARĂ IACOBEȘTI,ȘCOALA PRIMARĂ IACOBEȘTI,Unitate de învățământ,AR,,Un schimb/zi,Buget,Publică de interes naţional şi local,FS,5,727293,0230414504,0230414504,sg_mihail_sadoveanu_granicesti@isj.sv.edu.ro
2025-2026,SV,GRĂNICEŞTI,148989,RURAL,3361103114,"ȘCOALA GIMNAZIALĂ ""MIHAIL SADOVEANU"" GRĂNICEȘTI",SLOBOZIA SUCEVEI,149030,RURAL,,3362107493,ȘCOALA PRIMARĂ SLOBOZIA SUCEVEI,ȘCOALA PRIMARĂ SLOBOZIA SUCEVEI,Unitate de învățământ,AR,,Un schimb/zi,Buget,Publică de interes naţional şi local,FS,76,727296,0230414504,0230414504,sg_mihail_sadoveanu_granicesti@isj.sv.edu.ro
2025-2026,SV,GURA HUMORULUI,146593,URBAN,3361103082,ȘCOALA GIMNAZIALĂ NR. 1 GURA HUMORULUI,GURA HUMORULUI,146593,URBAN,,3362107724,ȘCOALA PRIMARĂ BOURENI,ȘCOALA PRIMARĂ BOURENI,Unitate de învățământ,AR,,Un schimb/zi,Buget,Publică de interes naţional şi local,BOURENI,34,725300,0230235321,0230235329,sg_nr_1_gh@isj.sv.edu.ro
2025-2026,SV,GĂLĂNEŞTI,148881,RURAL,3361103028,"ȘCOALA GIMNAZIALĂ ""SAMSON BODNĂRESCU"" GĂLĂNEȘTI",HURJUIENI,148890,RURAL,,3362104671,ȘCOALA PRIMARĂ HURJUIENI,ȘCOALA PRIMARĂ HURJUIENI,Unitate de învățământ,AR,,Un schimb/zi,Buget,Publică de interes naţional şi local,FS,163,727281,0230412363,0230412363,sg_samson_bodnarescu_galanesti@isj.sv.edu.ro
2025-2026,SV,HORODNICENI,149058,RURAL,3361103955,ȘCOALA GIMNAZIALĂ ”MARIA CANTACUZINO” HORODNICENI,BRĂDĂŢEL,149076,RURAL,,3362104481,ȘCOALA PRIMARĂ BRĂDĂȚEL,ȘCOALA PRIMARĂ BRĂDĂȚEL,Unitate de învățământ,AR,,Un schimb/zi,Buget,Publică de interes naţional şi local, Pinului,205,727312,0230573517,0230573517,sg_horodniceni@isj.sv.edu.ro
2025-2026,SV,HÂRTOP,150016,RURAL,3361103973,ȘCOALA GIMNAZIALĂ HÂRTOP,HÂRTOP,150016,RURAL,,3362106714,ȘCOALA PRIMARĂ HÂRTOP,ȘCOALA PRIMARĂ HÂRTOP,Unitate de învățământ,AR,,Un schimb/zi,Buget,Publică de interes naţional şi local,Principală,FN,727449,0372726980,0372255570,sg_hartop@isj.sv.edu.ro
2025-2026,SV,HĂNŢEŞTI,146851,RURAL,3361102954,"ȘCOALA GIMNAZIALĂ ""MIHAI HALUNGA"" HĂNȚEȘTI",BEREŞTI,146824,RURAL,,3362101288,ȘCOALA PRIMARĂ BEREȘTI,ȘCOALA PRIMARĂ BEREȘTI,Unitate de învățământ,AR,,Un schimb/zi,Buget,Publică de interes naţional şi local,Școlii,5,727007,0230569076,0230569146,sg_mihai_halunga_hantesti@isj.sv.edu.ro
2025-2026,SV,HĂNŢEŞTI,146851,RURAL,3361102954,"ȘCOALA GIMNAZIALĂ ""MIHAI HALUNGA"" HĂNȚEȘTI",HĂNŢEŞTI,146851,RURAL,,3362101302,ȘCOALA PRIMARĂ HĂNȚEȘTI_VALE,ȘCOALA PRIMARĂ HĂNȚEȘTI VALE,Unitate de învățământ,AR,,Un schimb/zi,Buget,Publică de interes naţional şi local,Valea Mare,168,727011,0230569182,0230569146,sg_mihai_halunga_hantesti@isj.sv.edu.ro
2025-2026,SV,IPOTEŞTI,146290,RURAL,3361103394,ȘCOALA GIMNAZIALĂ IPOTEȘTI,IPOTEŞTI,146290,RURAL,,3362105984,ȘCOALA PRIMARĂ IPOTEȘTI,ȘCOALA PRIMARĂ IPOTEȘTI,Unitate de învățământ,AR,,Un schimb/zi,Buget,Publică de interes naţional şi local,Ștefan cel Mare,152,727325,0230525502,0230525502,sg_ipotesti@isj.sv.edu.ro
2025-2026,SV,IZVOARELE SUCEVEI,149192,RURAL,3361107914,"ȘCOALA GIMNAZIALĂ ""ION AFLOREI"" IZVOARELE SUCEVEI",BOBEICA,149209,RURAL,,3362106759,ȘCOALA PRIMARĂ BOBEICA,ȘCOALA PRIMARĂ BOBEICA,Unitate de învățământ,AR,,Un schimb/zi,Buget,Publică de interes naţional şi local,Huțulilor,67,727331,0230575969,0230575970,sg_izvoarele_sucevei@isj.sv.edu.ro
2025-2026,SV,IZVOARELE SUCEVEI,149192,RURAL,3361107914,"ȘCOALA GIMNAZIALĂ ""ION AFLOREI"" IZVOARELE SUCEVEI",BRODINA,149218,RURAL,689210,3362106741,ȘCOALA PRIMARĂ SALAȘ,ȘCOALA PRIMARĂ SALAȘ,Unitate de învățământ,AR,,Un schimb/zi,Buget,Publică de interes naţional şi local,Salaș,85,727332,0230575970,0230575970,sg_izvoarele_sucevei@isj.sv.edu.ro
2025-2026,SV,IZVOARELE SUCEVEI,149192,RURAL,3361107914,"ȘCOALA GIMNAZIALĂ ""ION AFLOREI"" IZVOARELE SUCEVEI",IZVOARELE SUCEVEI,149192,RURAL,689193,3362106818,ȘCOALA PRIMARĂ BUC,ȘCOALA PRIMARĂ BUC,Unitate de învățământ,AR,,Un schimb/zi,Buget,Publică de interes naţional şi local,Buc,46,727330,0230575970,0230575970,sg_izvoarele_sucevei@isj.sv.edu.ro
2025-2026,SV,IZVOARELE SUCEVEI,149192,RURAL,3361107914,"ȘCOALA GIMNAZIALĂ ""ION AFLOREI"" IZVOARELE SUCEVEI",IZVOARELE SUCEVEI,149192,RURAL,689181,3362106786,ȘCOALA PRIMARĂ CUNUNA,ȘCOALA PRIMARĂ CUNUNA,Unitate de învățământ,AR,,Un schimb/zi,Buget,Publică de interes naţional şi local,Principală,86,727330,0230575970,0230575970,sg_izvoarele_sucevei@isj.sv.edu.ro
2025-2026,SV,IZVOARELE SUCEVEI,149192,RURAL,3361107914,"ȘCOALA GIMNAZIALĂ ""ION AFLOREI"" IZVOARELE SUCEVEI",IZVOARELE SUCEVEI,149192,RURAL,,3362106827,ȘCOALA PRIMARĂ PLOSCII,ȘCOALA PRIMARĂ PLOSCII,Unitate de învățământ,AR,,Un schimb/zi,Buget,Publică de interes naţional şi local,Ploscii,241,727330,0230575970,0230575970,sg_izvoarele_sucevei@isj.sv.edu.ro
2025-2026,SV,LITENI,149236,URBAN,3361107923,"LICEUL TEORETIC ""IORGU VÂRNAV LITEANU"" LITENI",CORNI,149245,RURAL,,3362106578,ȘCOALA PRIMARĂ CORNI,ȘCOALA PRIMARĂ CORNI,Unitate de învățământ,AR,,Un schimb/zi,Buget,Publică de interes naţional şi local,FS,209A,727336,0230535725,0230535725,lt_iorgu_virnav_liteanu_liteni@isj.sv.edu.ro
2025-2026,SV,LITENI,149236,URBAN,3361107923,"LICEUL TEORETIC ""IORGU VÂRNAV LITEANU"" LITENI",ROTUNDA,149263,RURAL,,3362102407,ȘCOALA PRIMARĂ ROTUNDA,ȘCOALA PRIMARĂ ROTUNDA,Unitate de învățământ,AR,,Două schimburi/zi,Buget,Publică de interes naţional şi local,Poiana,FN,727338,0230535725,0230535725,lt_iorgu_virnav_liteanu_liteni@isj.sv.edu.ro
2025-2026,SV,LITENI,149236,URBAN,3361107923,"LICEUL TEORETIC ""IORGU VÂRNAV LITEANU"" LITENI",SILIŞTEA,149272,RURAL,,3362106542,ȘCOALA PRIMARĂ SILIȘTEA,ȘCOALA PRIMARĂ SILIȘTEA,Unitate de învățământ,AR,,Două schimburi/zi,Buget,Publică de interes naţional şi local,FS,237 A,727339,0230535725,0230535725,lt_iorgu_virnav_liteanu_liteni@isj.sv.edu.ro
2025-2026,SV,MITOCU DRAGOMIRNEI,146334,RURAL,3361100233,ȘCOALA GIMNAZIALĂ MITOCU DRAGOMIRNEI,LIPOVENI,146352,RURAL,,3362105039,ȘCOALA PRIMARĂ LIPOVENI,ȘCOALA PRIMARĂ LIPOVENI,Unitate de învățământ,AR,,Un schimb/zi,Buget,Publică de interes naţional şi local,Sakalenți,FN,727367,0230533790,0374092994,sg_mitocu_dragomirnei@isj.sv.edu.ro
2025-2026,SV,MITOCU DRAGOMIRNEI,146334,RURAL,3361100233,ȘCOALA GIMNAZIALĂ MITOCU DRAGOMIRNEI,MITOCAŞI,146361,RURAL,,3362105012,"ȘCOALA PRIMARĂ ""ION CREANGĂ"" MITOCAȘI","ȘCOALA PRIMARĂ ""ION CREANGĂ"" MITOCAȘI",Unitate de învățământ,AR,,Un schimb/zi,Buget,Publică de interes naţional şi local,Prof. Ion Creangă,FN,727365,0230533790,0374092994,sg_mitocu_dragomirnei@isj.sv.edu.ro
2025-2026,SV,MOLDOVA-SULIŢA,149511,RURAL,3361100079,ȘCOALA GIMNAZIALĂ MOLDOVA SULIȚA,BENIA,149520,RURAL,,3362105609,ȘCOALA PRIMARĂ BENIA,ȘCOALA PRIMARĂ BENIA,Unitate de învățământ,AR,,Un schimb/zi,Buget,Publică de interes naţional şi local,Calea Moldovei,64,727381,0230572223,0230572223,sg_moldova_sulita@isj.sv.edu.ro
2025-2026,SV,ONICENI,148569,RURAL,3361103132,ȘCOALA GIMNAZIALĂ ONICENI,BOURA,148541,RURAL,,3362101487,ȘCOALA PRIMARĂ BOURA,ȘCOALA PRIMARĂ BOURA,Unitate de învățământ,AR,,Un schimb/zi,Buget,Publică de interes naţional şi local, Principală,1,727237,0230536790,0230536790,sg_oniceni@isj.sv.edu.ro
2025-2026,SV,PANACI,149691,RURAL,3361103937,ȘCOALA GIMNAZIALĂ PANACI,COVERCA,149717,RURAL,,3362106361,ȘCOALA PRIMARĂ COVERCA,ȘCOALA PRIMARĂ COVERCA,Unitate de învățământ,AR,,Un schimb/zi,Buget,Publică de interes naţional şi local,Principală,33,727407,0230576517,0230252346,sg_panaci@isj.sv.edu.ro
2025-2026,SV,PLEŞEŞTI,151166,RURAL,3361103471,"ȘCOALA GIMNAZIALĂ ""CONSTANTIN TOMESCU"" PLEȘEȘTI",GIURGEŞTI,151175,RURAL,,3362100554,ȘCOALA PRIMARĂ GIURGEȘTI,ȘCOALA PRIMARĂ GIURGEȘTI,Unitate de învățământ,AR,,Un schimb/zi,Buget,Publică de interes naţional şi local,Principală,130,727621,0330803267,0330803267,sg_constantin_tomescu_plesesti@isj.sv.edu.ro
2025-2026,SV,PLEŞEŞTI,151166,RURAL,3361103471,"ȘCOALA GIMNAZIALĂ ""CONSTANTIN TOMESCU"" PLEȘEȘTI",OSOI,151219,RURAL,,3362100509,ȘCOALA PRIMARĂ OSOI,ȘCOALA PRIMARĂ OSOI,Unitate de învățământ,AR,,Un schimb/zi,Buget,Publică de interes naţional şi local,Principală,131,727626,0330803267,0330803267,sg_constantin_tomescu_plesesti@isj.sv.edu.ro
2025-2026,SV,PLOPENI,146405,URBAN,3361104029,ȘCOALA GIMNAZIALĂ ”CRISTOFOR SIMIONESCU” PLOPENI,MERENI,146398,URBAN,,3362104843,ȘCOALA PRIMARĂ ”DIACONU CONSTANTIN” MERENI,ȘCOALA PRIMARĂ ”DIACONU CONSTANTIN” MERENI,Unitate de învățământ,AR,,Două schimburi/zi,Buget,Publică de interes naţional şi local,Dobroaia,2A,727476,0230529886,0230529886,sg_plopeni@isj.sv.edu.ro
2025-2026,SV,POIANA STAMPEI,149860,RURAL,3361103281,ȘCOALA GIMNAZIALĂ POIANA STAMPEI,DORNIŞOARA,149888,RURAL,,3362104427,ȘCOALA PRIMARĂ DORNIȘOARA,ȘCOALA PRIMARĂ DORNIȘOARA,Unitate de învățământ,AR,,Un schimb/zi,Buget,Publică de interes naţional şi local,FS,FN,727432,0230575010,0230575010,sg_poiana_stampei@isj.sv.edu.ro
2025-2026,SV,PÂRTEŞTII DE JOS,149799,RURAL,3361103806,"LICEUL TEHNOLOGIC ""NICANOR MOROȘAN"" PÂRTESTII DE JOS",PÂRTEŞTII DE JOS,149799,RURAL,,3362107344,ȘCOALA PRIMARĂ RODINA,ȘCOALA PRIMARĂ RODINA,Unitate de învățământ,AR,,Un schimb/zi,Buget,Publică de interes naţional şi local,FS,609,727425,0230237118,0230237118,lt_nicanor_morosan_partestii_de_jos@isj.sv.edu.ro
2025-2026,SV,PĂLTINOASA,149762,RURAL,3361103227,ȘCOALA GIMNAZIALĂ PĂLTINOASA,PĂLTINOASA,149762,RURAL,,3362104273,ȘCOALA PRIMARĂ ȚÎMPOCENI,ȘCOALA PRIMARĂ ȚÎMPOCENI,Unitate de învățământ,AR,,Un schimb/zi,Buget,Publică de interes naţional şi local,Țîmpoceni,80,727416,0230230124,0230230124,sg_paltinoasa@isj.sv.edu.ro
2025-2026,SV,RÂŞCA,150123,RURAL,3361100061,ȘCOALA GIMNAZIALĂ RÂȘCA,BUDA,150132,RURAL,,3362101035,ȘCOALA PRIMARĂ NR. 2 RÂȘCA,ȘCOALA PRIMARĂ NR. 2 RÂȘCA,Unitate de învățământ,AR,,Un schimb/zi,Buget,Publică de interes naţional şi local, Petru Rareș,72,727466,0230570825,0230570855,sg_rasca@isj.sv.edu.ro
2025-2026,SV,RÂŞCA,150123,RURAL,3361100061,ȘCOALA GIMNAZIALĂ RÂȘCA,RÂŞCA,150123,RURAL,,3362101017,ȘCOALA PRIMARĂ NR. 3 RÂȘCA,ȘCOALA PRIMARĂ NR. 3 RÂȘCA,Unitate de învățământ,AR,,Un schimb/zi,Buget,Publică de interes naţional şi local, Școlii,15,727465,0230570825,0230570855,sg_rasca@isj.sv.edu.ro
2025-2026,SV,RÂŞCA,150123,RURAL,3361100061,ȘCOALA GIMNAZIALĂ RÂȘCA,SLĂTIOARA,150169,RURAL,,3362101044,ȘCOALA PRIMARĂ BUDA,ȘCOALA PRIMARĂ BUDA,Unitate de învățământ,AR,,Un schimb/zi,Buget,Publică de interes naţional şi local, Petru Rareș,7,727469,0230570825,0230570855,sg_rasca@isj.sv.edu.ro
2025-2026,SV,SOLCA,146717,URBAN,3361103186,"LICEUL TEHNOLOGIC ""TOMȘA VODĂ"" SOLCA",SOLCA,146717,URBAN,,3362107127,ȘCOALA PRIMARĂ RACOVA,ȘCOALA PRIMARĂ RACOVA,Unitate de învățământ,AR,,Un schimb/zi,Buget,Publică de interes naţional şi local,DN 2E,FN,725600,0230477320,0230477320,lt_tomsa_voda_solca@isj.sv.edu.ro
2025-2026,SV,STROIEŞTI,150329,RURAL,3361103498,ȘCOALA GIMNAZIALĂ STROIEȘTI,ZAHAREŞTI,150347,RURAL,,3362104712,"ȘCOALA PRIMARĂ ""ILIE GRĂMADĂ"" ZAHAREȘTI","ȘCOALA PRIMARĂ ""ILIE GRĂMADĂ"" ZAHAREȘTI",Unitate de învățământ,AR,,Un schimb/zi,Buget,Publică de interes naţional şi local,Principală,FN,727502,0330131341,0330131341,sg_stroiesti@isj.sv.edu.ro
2025-2026,SV,STULPICANI,150365,RURAL,3361100016,ȘCOALA GIMNAZIALĂ STULPICANI,SLĂTIOARA,150392,RURAL,,3362101944,ȘCOALA PRIMARĂ SLĂTIOARA,ȘCOALA PRIMARĂ SLĂTIOARA,Unitate de învățământ,AR,,Un schimb/zi,Buget,Publică de interes naţional şi local,Codri Seculari,24,727508,0230574620,0230574620,sg_stulpicani@isj.sv.edu.ro
2025-2026,SV,STULPICANI,150365,RURAL,3361100016,ȘCOALA GIMNAZIALĂ STULPICANI,VADU NEGRILESEI,150409,RURAL,,3362102235,ȘCOALA PRIMARĂ VADU NEGRILESEI,ȘCOALA PRIMARĂ VADU NEGRILESEI,Unitate de învățământ,AR,,Un schimb/zi,Buget,Publică de interes naţional şi local,Vadu Negrilesei,71,727509,0330562420,0230574620,sg_stulpicani@isj.sv.edu.ro
2025-2026,SV,UDEŞTI,150597,RURAL,3361104201,"ȘCOALA GIMNAZIALĂ ""ACADEMICIAN H. MIHĂESCU"" UDEȘTI",CHILIŞENI,150604,RURAL,,3362100821,ȘCOALA PRIMARĂ CHILIȘENI,ȘCOALA PRIMARĂ CHILIȘENI,Unitate de învățământ,AR,,Un schimb/zi,Buget,Publică de interes naţional şi local,Principală,FN,727563,0775577145,0230538124,sg_academician_h_mihaescu_udesti@isj.sv.edu.ro
2025-2026,SV,UDEŞTI,150597,RURAL,3361104201,"ȘCOALA GIMNAZIALĂ ""ACADEMICIAN H. MIHĂESCU"" UDEȘTI",LUNCUŞOARA,150613,RURAL,,3362100803,ȘCOALA PRIMARĂ LUNCUȘOARA,ȘCOALA PRIMARĂ LUNCUȘOARA,Unitate de învățământ,AR,,Un schimb/zi,Buget,Publică de interes naţional şi local,Principală,FN,727537,0775577145,0230538124,sg_academician_h_mihaescu_udesti@isj.sv.edu.ro
2025-2026,SV,ULMA,150711,RURAL,3361108205,ȘCOALA GIMNAZIALĂ ULMA,NISIPITU,150757,RURAL,,3362104879,ȘCOALA PRIMARĂ NISIPITU,ȘCOALA PRIMARĂ NISIPITU,Unitate de învățământ,AR,,Un schimb/zi,Buget,Publică de interes naţional şi local, Principală,FN,727559,0746060674,0230574904,sg_ulma@isj.sv.edu.ro
2025-2026,SV,VALEA MOLDOVEI,150908,RURAL,3361102877,ȘCOALA GIMNAZIALĂ VALEA MOLDOVEI,MIRONU,150926,RURAL,,3362104395,ȘCOALA PRIMARĂ MIRONU,ȘCOALA PRIMARĂ MIRONU,Unitate de învățământ,AR,,Două schimburi/zi,Buget,Publică de interes naţional şi local,Principală,FN,727581,0230573068,0230573068,sg_valea_moldovei@isj.sv.edu.ro
2025-2026,SV,VAMA,150944,RURAL,3361104219,"ȘCOALA GIMNAZIALĂ ""IORGU G. TOMA"" VAMA",STRÂMTURA,150971,RURAL,,3362100604,ȘCOALA PRIMARĂ STRÂMTURA,ȘCOALA PRIMARĂ STRÂMTURA,Unitate de învățământ,AR,,Un schimb/zi,Buget,Publică de interes naţional şi local,Petru Rareș,81,727593,0230239755,0230239126,sg_iorgu_g_toma_vama@isj.sv.edu.ro
2025-2026,SV,VATRA MOLDOVIŢEI,150999,RURAL,3361102651,ȘCOALA GIMNAZIALĂ VATRA MOLDOVIȚEI,CIUMÂRNA,151004,RURAL,,3362105862,ȘCOALA PRIMARĂ CIUMÂRNA,ȘCOALA PRIMARĂ CIUMÂRNA,Unitate de învățământ,AR,,Un schimb/zi,Buget,Publică de interes naţional şi local,PALMA,40,727596,0230336247,0230336247,sg_vatra_moldovitei@isj.sv.edu.ro
2025-2026,SV,VATRA MOLDOVIŢEI,150999,RURAL,3361102651,ȘCOALA GIMNAZIALĂ VATRA MOLDOVIȚEI,VATRA MOLDOVIŢEI,150999,RURAL,,3362105889,ȘCOALA PRIMARĂ SPĂRTURI,ȘCOALA PRIMARĂ SPĂRTURI,Unitate de învățământ,AR,,Un schimb/zi,Buget,Publică de interes naţional şi local,IONULUI,40,727597,0744138465,0230336247,sg_vatra_moldovitei@isj.sv.edu.ro
2025-2026,SV,ZAMOSTEA,151255,RURAL,3361103738,ȘCOALA GIMNAZIALĂ ZAMOSTEA,CIOMÂRTAN,151273,RURAL,,3362100477,ȘCOALA PRIMARĂ CIOMÂRTAN,ȘCOALA PRIMARĂ CIOMÂRTAN,Unitate de învățământ,AR,,Un schimb/zi,Buget,Publică de interes naţional şi local,Profesor Petru Bejinariu,37,727632,0330409001,,sg_zamostea@isj.sv.edu.ro
2025-2026,SV,ZAMOSTEA,151255,RURAL,3361103738,ȘCOALA GIMNAZIALĂ ZAMOSTEA,NICANI,151317,RURAL,,3362100441,ȘCOALA PRIMARĂ NICANI,ȘCOALA PRIMARĂ NICANI,Unitate de învățământ,AR,,Un schimb/zi,Buget,Publică de interes naţional şi local,Florilor,38,727637,0330409001,,sg_zamostea@isj.sv.edu.ro
2025-2026,SV,ZAMOSTEA,151255,RURAL,3361103738,ȘCOALA GIMNAZIALĂ ZAMOSTEA,TĂUTEŞTI,151335,RURAL,,3362100468,ȘCOALA PRIMARĂ TĂUTEȘTI,ȘCOALA PRIMARĂ TĂUTEȘTI,Unitate de învățământ,AR,,Un schimb/zi,Buget,Publică de interes naţional şi local,Sucevei,22,727639,0330409001,,sg_zamostea@isj.sv.edu.ro
2025-2026,TL,BAIA,159794,RURAL,3661100432,ȘCOALA GIMNAZIALĂ BAIA,CEAMURLIA DE SUS,159829,RURAL,,3662100251,ȘCOALA CEAMURLIA DE SUS,ŞCOALA PRIMARĂ CEAMURLIA DE SUS,Unitate de învățământ,AR,,Un schimb/zi,Buget,Publică de interes naţional şi local,Școlii,1A,827008,0240564338,0240564338,sam_baia@yahoo.com
2025-2026,TL,BEIDAUD,159856,RURAL,3661100599,ŞCOALA GIMNAZIALĂ BEIDAUD,NEATÂRNAREA,159865,RURAL,,3662101338,ȘCOALA NEATÂRNAREA,ȘCOALA PRIMARĂ NEATÂRNAREA,Unitate de învățământ,AR,,Un schimb/zi,Buget,Publică de interes naţional şi local,Stejarului,19,827011,0240552772,0240552772,scoala.beidaud@yahoo.com
2025-2026,TL,C.A. ROSETTI,159892,RURAL,3661100762,ŞCOALA GIMNAZIALĂ C.A.ROSETTI,LETEA,159918,RURAL,,3662100925,ȘCOALA LETEA,ȘCOALA PRIMARĂ LETEA,Unitate de învățământ,AR,,Un schimb/zi,Buget,Publică de interes naţional şi local,Școlii,20,827017,0748217760,0000000000,scoalagimnazialacarosetti@yahoo.com
2025-2026,TL,CASIMCEA,159972,RURAL,3661101469,ŞCOALA GIMNAZIALĂ CASIMCEA,CORUGEA,159990,RURAL,,3662101103,ȘCOALA CORUGEA,ȘCOALA PRIMARĂ CORUGEA,Unitate de învățământ,AR,,Un schimb/zi,Buget,Publică de interes naţional şi local,Principală,6,827027,0742460245,0000000000,scoalacasimcea2@yahoo.com
2025-2026,TL,CASIMCEA,159972,RURAL,3661101469,ŞCOALA GIMNAZIALĂ CASIMCEA,RAHMAN,160010,RURAL,,3662101098,ȘCOALA RAHMAN,ȘCOALA PRIMARĂ RAHMAN,Unitate de învățământ,AR,,Un schimb/zi,Buget,Publică de interes naţional şi local,Principală,28,827029,0742460245,0000000000,scoalacasimcea2@yahoo.com
2025-2026,TL,CASIMCEA,159972,RURAL,3661101469,ŞCOALA GIMNAZIALĂ CASIMCEA,RĂZBOIENI,160029,RURAL,,3662101112,ȘCOALA RĂZBOIENI,ȘCOALA PRIMARĂ RĂZBOIENI,Unitate de învățământ,AR,,Un schimb/zi,Buget,Publică de interes naţional şi local,Principală, 25,827031,0742460245,0000000000,scoalacasimcea2@yahoo.com
2025-2026,TL,CEAMURLIA DE JOS,160109,RURAL,3661100658,ŞCOALA GIMNAZIALĂ CEAMURLIA DE JOS,LUNCA,160118,RURAL,,3662101053,ȘCOALA LUNCA,ŞCOALA PRIMARĂ LUNCA,Unitate de învățământ,AR,,Un schimb/zi,Buget,Publică de interes naţional şi local,Principală,35,827036,0240550609,0000000000,scoalaceamurliadejos@yahoo.com
2025-2026,TL,MURIGHIOL,160920,RURAL,3661100753,ȘCOALA GIMNAZIALĂ MURIGHIOL,DUNAVĂŢU DE JOS,160948,RURAL,,3662100224,ȘCOALA DUNĂVĂȚU DE JOS,ȘCOALA PRIMARĂ DUNĂVĂȚU DE JOS,Unitate de învățământ,AR,,Un schimb/zi,Buget,Publică de interes naţional şi local,Dunăreni, 44,827152,0240545884,0000000000,scoala_murighiol@yahoo.com
2025-2026,TL,MURIGHIOL,160920,RURAL,3661100753,ȘCOALA GIMNAZIALĂ MURIGHIOL,SARINASUF,160975,RURAL,,3662100242,ȘCOALA SARINASUF,ȘCOALA PRIMARĂ SARINASUF,Unitate de învățământ,AR,,Un schimb/zi,Buget,Publică de interes naţional şi local,Viitorului, 4,827156,0240545884,0000000000,scoala_murighiol@yahoo.com
2025-2026,TL,MĂCIN,159749,URBAN,3661100604,"ŞCOALA GIMNAZIALĂ ""GHEORGHE BANEA"" MĂCIN",MĂCIN,159749,URBAN,718592,3662100572,ȘCOALA NR. 1 MĂCIN,ȘCOALA PRIMARĂ NR. 1 MĂCIN,Unitate de învățământ,AR,,Un schimb/zi,Buget,Publică de interes naţional şi local,Griviței, 11,825300,0240571004,0240571004,scoalagheorghebanea@gmail.com
2025-2026,TL,NALBANT,161008,RURAL,3661100771,ŞCOALA GIMNAZIALĂ NALBANT,NICOLAE BĂLCESCU,161017,RURAL,,3662101243,ȘCOALA NICOLAE BĂLCESCU,ȘCOALA PRIMARĂ NICOLAE BĂLCESCU,Unitate de învățământ,AR,,Un schimb/zi,Buget,Publică de interes naţional şi local,Principală,45,827161,0240548559,0240548559,scoalanalbant@yahoo.com
2025-2026,TL,NUFĂRU,161062,RURAL,3661100459,"ŞCOALA GIMNAZIALĂ ""VASILE ALECSANDRI"" NUFĂRU",MALCOCI,161080,RURAL,,3662101062,ȘCOALA MALCOCI,"ȘCOALA PRIMARĂ ""ION CREANGĂ"" MALCOCI",Unitate de învățământ,AR,,Un schimb/zi,Buget,Publică de interes naţional şi local,Călugăreni,3,827172,0240549006,0240549006,scoalanufaru@yahoo.com
2025-2026,TL,SARICHIOI,161188,RURAL,3661101424,ȘCOALA GIMNAZIALĂ SARICHIOI,ENISALA,161197,RURAL,,3662100183,ȘCOALA ENISALA,ȘCOALA PRIMARĂ ENISALA,Unitate de învățământ,AR,,Un schimb/zi,Buget,Publică de interes naţional şi local,Heracleea,44,827191,0240563532,0240563532,samsarichioi@yahoo.com
2025-2026,TL,SARICHIOI,161188,RURAL,3661101424,ȘCOALA GIMNAZIALĂ SARICHIOI,ZEBIL,161222,RURAL,,3662100206,ȘCOALA ZEBIL,ȘCOALA PRIMARĂ ZEBIL,Unitate de învățământ,AR,,Un schimb/zi,Buget,Publică de interes naţional şi local,Mihail-Moruzov,50,827194,0240563532,0240563532,samsarichioi@yahoo.com
2025-2026,TL,TOPOLOG,161393,RURAL,3661100848,LICEUL TEHNOLOGIC TOPOLOG,SÂMBĂTA NOUĂ,161455,RURAL,,3662100952,ȘCOALA SÂMBĂTA NOUĂ,ȘCOALA PRIMARĂ SÂMBĂTA NOUĂ,Unitate de învățământ,AR,,Un schimb/zi,Buget,Publică de interes naţional şi local,izvorului,15,827227,0240568134,0240568134,gsatopolog@yahoo.com
2025-2026,TL,TULCEA,159623,URBAN,3661100337,"ȘCOALA PROFESIONALĂ ""DANUBIUS"" TULCEA",TULCEA,159623,URBAN,,3662101383,ȘCOALA NR. 9 TULCEA,ȘCOALA PRIMARĂ NR. 9 TULCEA,Unitate de învățământ,AR,,Un schimb/zi,Buget,Publică de interes naţional şi local,Mahmudiei, 123,820057,0770731027,0000000000,scoalaprofdanubiustl@yahoo.com
2025-2026,TM,BARA,155671,RURAL,3561100212,ȘCOALA PRIMARĂ BARA,BARA,155671,RURAL,35711764,3561100212,SC.PRIM. BARA,ȘCOALA PRIMARĂ BARA,Unitate de învățământ,PJ,29168534,Un schimb/zi,Buget,Publică de interes naţional şi local,PRINCIPALA,110,307020,0724516389,0256333101,e.edy42@yahoo.com
2025-2026,TM,BEBA VECHE,155733,RURAL,3561106575,ȘCOALA GIMNAZIALĂ BEBA VECHE,CHERESTUR,155742,RURAL,,3562106105,SC.PRIM. CHERESTUR BEBA VECHE,ȘCOALA PRIMARĂ CHERESTUR,Unitate de învățământ,AR,,Un schimb/zi,Buget,Publică de interes naţional şi local,Principala,211,307036,0256385512,0256385512,sc.beba_v@yahoo.com
2025-2026,TM,BETHAUSEN,155859,RURAL,3561106426,ȘCOALA GIMNAZIALĂ BETHAUSEN,BETHAUSEN,155859,RURAL,,3562102802,SC.PRIM. BETHAUSEN,ȘCOALA PRIMARĂ BETHAUSEN,Unitate de învățământ,AR,,Program normal,Buget,Publică de interes naţional şi local,Principala,85,307050,0256333308,0256333308,gimnazialabethausen@gmail.com
2025-2026,TM,BETHAUSEN,155859,RURAL,3561106426,ȘCOALA GIMNAZIALĂ BETHAUSEN,CLADOVA,155868,RURAL,,3562102752,SC.PRIM. CLADOVA BETHAUSEN,ȘCOALA PRIMARĂ CLADOVA,Unitate de învățământ,AR,,Un schimb/zi,Buget,Publică de interes naţional şi local,Principala,90,307051,0256333308,0256333308,gimnazialabethausen@gmail.com
2025-2026,TM,BETHAUSEN,155859,RURAL,3561106426,ȘCOALA GIMNAZIALĂ BETHAUSEN,CLICIOVA,155877,RURAL,,3562102797,SC.PRIM. CLICIOVA BETHAUSEN,ȘCOALA PRIMARĂ CLICIOVA,Unitate de învățământ,AR,,Un schimb/zi,Buget,Publică de interes naţional şi local,Principala,30,307052,0256333308,0256333308,gimnazialabethausen@gmail.com
2025-2026,TM,BETHAUSEN,155859,RURAL,3561106426,ȘCOALA GIMNAZIALĂ BETHAUSEN,CUTINA,155886,RURAL,,3562102779,SC.PRIM. CUTINA BETHAUSEN,ȘCOALA PRIMARĂ CUTINA,Unitate de învățământ,AR,,Un schimb/zi,Buget,Publică de interes naţional şi local,Principala,161,307053,0256333308,0256333308,gimnazialabethausen@gmail.com
2025-2026,TM,BETHAUSEN,155859,RURAL,3561106426,ȘCOALA GIMNAZIALĂ BETHAUSEN,LEUCUŞEŞTI,155895,RURAL,,3562102761,SC.PRIM. LEUCUSESTI BETHAUSEN,ȘCOALA PRIMARĂ LEUCUȘEȘTI,Unitate de învățământ,AR,,Un schimb/zi,Buget,Publică de interes naţional şi local,Principala,76 ,307054,0256333308,0256333308,gimnazialabethausen@gmail.com
2025-2026,TM,BOLDUR,156115,RURAL,3561101276,ȘCOALA GIMNAZIALĂ BOLDUR,OHABA-FORGACI,156133,RURAL,,3562103667,SC.PRIM. OHABA FORGACI BOLDUR,ȘCOALA PRIMARĂ OHABA FORGACI,Unitate de învățământ,AR,,Un schimb/zi,Buget,Publică de interes naţional şi local,Principala,255,307082,0256333613,0256333613,scoalaboldur@yahoo.com
2025-2026,TM,BUZIAŞ,155412,URBAN,3561100221,LICEUL TEORETIC BUZIAȘ,SILAGIU,155421,RURAL,,3562103613,SC.PRIM. SILAGIU ORAS BUZIAS,ȘCOALA PRIMARĂ SILAGIU,Unitate de învățământ,AR,,Un schimb/zi,Buget,Publică de interes naţional şi local,BISERICII,206,305102,0256321351,0256321351,ltbuzias@yahoo.com
2025-2026,TM,CENEI,156286,RURAL,3561100587,ȘCOALA GIMNAZIALĂ CENEI,BOBDA,156295,RURAL,,3562104311,SC.PRIM BOBDA CENEI,ȘCOALA PRIMARĂ BOBDA,Unitate de învățământ,AR,,Un schimb/zi,Buget,Publică de interes naţional şi local,Principala,86,307101,0256366007,0256366007,scoala_cenei@yahoo.com
2025-2026,TM,CHARLOTENBURG,156071,RURAL,3561101127,ȘCOALA PRIMARĂ CHARLOTTENBURG,CHARLOTENBURG,156071,RURAL,351321621,3561101127,SC.PRIM. CHARLOTTENBURG BOGDA,ȘCOALA PRIMARĂ CHARLOTTENBURG,Unitate de învățământ,PJ,29162094,Un schimb/zi,Buget,Publică de interes naţional şi local,PRINCIPALA,62,307073,0256234340,0256234340,scoalabogda@yahoo.com
2025-2026,TM,CHEVEREŞU MARE,156320,RURAL,3561106168,ȘCOALA GIMNAZIALĂ CHEVEREȘU MARE,DRAGŞINA,156339,RURAL,,3562106046,SC.PRIM. DRAGȘINA CHEVEREȘU MARE,ȘCOALA PRIMARĂ DRAGȘINA,Unitate de învățământ,AR,,Un schimb/zi,Buget,Publică de interes naţional şi local,Principala,128,307106,0256415088,0256415088,scoalacheveres@yahoo.com
2025-2026,TM,CHEVEREŞU MARE,156320,RURAL,3561106168,ȘCOALA GIMNAZIALĂ CHEVEREȘU MARE,VUCOVA,156348,RURAL,,3562106064,SC.PRIM.VUCOVA CHEVEREȘU MARE,ȘCOALA PRIMARĂ VUCOVA,Unitate de învățământ,AR,,Un schimb/zi,Buget,Publică de interes naţional şi local,Principala,212,307107,0256415088,0256415088,scoalacheveres@yahoo.com
2025-2026,TM,CIACOVA,156366,URBAN,3561100673,"LICEUL TEORETIC ""ALEXANDRU MOCIONI"" CIACOVA",MACEDONIA,156400,RURAL,,3562105719,SC.PRIM. MACEDONIA CIACOVA,ȘCOALA PRIMARĂ MACEDONIA,Unitate de învățământ,AR,,Un schimb/zi,Buget,Publică de interes naţional şi local,PRINCIPALA,176,307114,0256399316,0256399316,mocioni@yahoo.com
2025-2026,TM,CIACOVA,156366,URBAN,3561100673,"LICEUL TEORETIC ""ALEXANDRU MOCIONI"" CIACOVA",OBAD,156419,RURAL,,3562105687,SC.PRIM.OBAD CIACOVA,ȘCOALA PRIMARĂ OBAD,Unitate de învățământ,AR,,Un schimb/zi,Buget,Publică de interes naţional şi local,PRINCIPALA,82,307116,0256399316,0256399316,mocioni@yahoo.com
2025-2026,TM,CIACOVA,156366,URBAN,3561100673,"LICEUL TEORETIC ""ALEXANDRU MOCIONI"" CIACOVA",PETROMAN,156428,RURAL,,3562105678,SC.PRIM. PETROMAN CIACOVA,ȘCOALA PRIMARĂ PETROMAN,Unitate de învățământ,AR,,Un schimb/zi,Buget,Publică de interes naţional şi local,PRINCIPALA,6,307117,0256399316,0256399316,mocioni@yahoo.com
2025-2026,TM,COMLOŞU MARE,156446,RURAL,3561101692,ȘCOALA GIMNAZIALĂ COMLOȘU MARE,COMLOŞU MIC,156455,RURAL,,3562105045,SC.PRIM.COMLOSU MIC COMLOSU MARE,ȘCOALA PRIMARĂ COMLOȘU MIC,Unitate de învățământ,AR,,Un schimb/zi,Buget,Publică de interes naţional şi local,PRINCIPALA,451,307121,0256364501,0256364501,scoalacomlos@yahoo.com
2025-2026,TM,COŞTEIU,156482,RURAL,3561101905,ȘCOALA GIMNAZIALĂ COȘTEIU,ŢIPARI,156516,RURAL,,3562105375,SC.PRIM.ȚIPARI COȘTEIU,ȘCOALA PRIMARĂ ȚIPARI,Unitate de învățământ,AR,,Un schimb/zi,Buget,Publică de interes naţional şi local,Principala,354,307128,0256326603,0256326603,sc.costeiu@yahoo.com
2025-2026,TM,CURTEA,156598,RURAL,3561101308,ȘCOALA GIMNAZIALĂ CURTEA,COŞAVA,156605,RURAL,,3562104071,SC.PRIM.COȘAVA CURTEA,ȘCOALA PRIMARĂ COȘAVA,Unitate de învățământ,AR,,Un schimb/zi,Buget,Publică de interes naţional şi local,Principala,60,307136,0256334601,0256334601,curtea2017@gmail.com
2025-2026,TM,DUDEŞTII VECHI,156721,RURAL,3561101475,"LICEUL TEORETIC ""SFINȚII KIRIL ȘI METODII"" DUDEȘTII VECHI",CHEGLEVICI,156730,RURAL,,3562104433,SC.PRIM.CHEGLEVICI DUDESTII VECHI,ȘCOALA PRIMARĂ CHEGLEVICI,Unitate de învățământ,AR,,Un schimb/zi,Buget,Publică de interes naţional şi local,PRINCIPALA,53,307151,0256384101,0256384101,liceultdudestiiv_director@yahoo.com
2025-2026,TM,FÂRDEA,156936,RURAL,3561106186,ȘCOALA GIMNAZIALĂ FÂRDEA,GLADNA ROMÂNA,156963,RURAL,,3562105918,ȘC.PRIM. GLADNA ROMÂNĂ FÂRDEA,ȘCOALA PRIMARĂ GLADNA ROMÂNĂ,Unitate de învățământ,AR,,Un schimb/zi,Buget,Publică de interes naţional şi local,Principală,150,307168,0256335416,0256335416,scoalafirdea@yahoo.com
2025-2026,TM,FĂGET,156810,URBAN,3561106498,"LICEUL TEORETIC ""TRAIAN VUIA"" FĂGET",BICHIGI,156847,RURAL,,3562103997,SC.PRIM. BICHIGI FĂGET,ȘCOALA PRIMARĂ BICHIGI,Unitate de învățământ,AR,,Un schimb/zi,Buget,Publică de interes naţional şi local,PRINCIPALA,156,305303,0724174052,0256320067,liceu_faget@yahoo.com
2025-2026,TM,FĂGET,156810,URBAN,3561106498,"LICEUL TEORETIC ""TRAIAN VUIA"" FĂGET",BRĂNEŞTI,156856,RURAL,,3562103961,SC.PRIM. BRĂNEȘTI FĂGET,ȘCOALA PRIMARĂ BRĂNEȘTI,Unitate de învățământ,AR,,Un schimb/zi,Buget,Publică de interes naţional şi local,PRINCIPALA,133,305304,0724194833,0256320067,liceu_faget@yahoo.com
2025-2026,TM,FĂGET,156810,URBAN,3561106498,"LICEUL TEORETIC ""TRAIAN VUIA"" FĂGET",BĂTEŞTI,156829,RURAL,,3562104008,SC.PRIM. BĂTEȘTI FĂGET,ȘCOALA PRIMARĂ BĂTEȘTI,Unitate de învățământ,AR,,Un schimb/zi,Buget,Publică de interes naţional şi local,PRINCIPALA,48,305301,0737406508,0256320067,liceu_faget@yahoo.com
2025-2026,TM,FĂGET,156810,URBAN,3561106498,"LICEUL TEORETIC ""TRAIAN VUIA"" FĂGET",COLONIA MICĂ,156883,RURAL,,3562104017,SC.PRIM. COLONIA MICĂ FĂGET,ȘCOALA PRIMARĂ COLONIA MICĂ,Unitate de învățământ,AR,,Un schimb/zi,Buget,Publică de interes naţional şi local,PRINCIPALA,17,305307,0729823799,0256320067,liceu_faget@yahoo.com
2025-2026,TM,FĂGET,156810,URBAN,3561106498,"LICEUL TEORETIC ""TRAIAN VUIA"" FĂGET",TEMEREŞTI,156918,RURAL,,3562103979,SC.PRIM. TEMEREȘTI FĂGET,ȘCOALA PRIMARĂ TEMEREȘTI,Unitate de învățământ,AR,,Un schimb/zi,Buget,Publică de interes naţional şi local,PRINCIPALA,15,305310,0768816226,0256320577,liceu_faget@yahoo.com
2025-2026,TM,GAVOJDIA,157040,RURAL,3561106512,ȘCOALA GIMNAZIALĂ GAVOJDIA,JENA,157059,RURAL,,3562104193,ȘC.PRIM. JENA GAVOJDIA,ȘCOALA PRIMARĂ JENA,Unitate de învățământ,AR,,Un schimb/zi,Buget,Publică de interes naţional şi local,PRINCIPALĂ,150 ,307181,0256335835,0256335835,gimnaziugavojdia@yahoo.com
2025-2026,TM,GAVOJDIA,157040,RURAL,3561106512,ȘCOALA GIMNAZIALĂ GAVOJDIA,SĂLBĂGEL,157077,RURAL,,3562104207,SC.PRIM.SĂLBĂGEL GAVOJDIA,ȘCOALA PRIMARĂ SĂLBĂGEL,Unitate de învățământ,AR,,Un schimb/zi,Buget,Publică de interes naţional şi local,PRINCIPALA,12,307183,0256335835,0256335835,gimnaziugavojdia@yahoo.com
2025-2026,TM,GHIRODA,155298,RURAL,3561106331,ȘCOALA GIMNAZIALĂ GHIRODA,GIARMATA-VII,155305,RURAL,,3562104659,SC.PRIM. GIARMATA-VII GHIRODA,ȘCOALA PRIMARĂ GIARMATA-VII,Unitate de învățământ,AR,,Un schimb/zi,Buget,Publică de interes naţional şi local,INFRĂȚIREA,82,307201,0783106802,0256287601,sc.gimnazialaghiroda@yahoo.com
2025-2026,TM,GIARMATA,157255,RURAL,3561102096,ȘCOALA GIMNAZIALĂ GIARMATA,CERNETEAZ,157264,RURAL,,3562104347,SC.PRIM.CERNETEAZ GIARMATA,ȘCOALA PRIMARĂ CERNETEAZ,Unitate de învățământ,AR,,Un schimb/zi,Buget,Publică de interes naţional şi local,NICA IANCU IANCOVICI,17,307211,0256369992,0256369110,scoala_giarmata@yahoo.com
2025-2026,TM,GĂTAIA,157095,URBAN,3561101163,LICEUL TEORETIC GĂTAIA,ŞEMLACU MARE,157175,RURAL,,3562103717,SC.PRIM. ȘEMLACU MARE GĂTAIA,ȘCOALA PRIMARĂ ȘEMLACU MARE,Unitate de învățământ,AR,,Un schimb/zi,Buget,Publică de interes naţional şi local,PRINCIPALA,168,307194,0256410015,0256410015,liceulteoreticgataia@gmail.com
2025-2026,TM,JAMU MARE,157371,RURAL,3561101611,ȘCOALA GIMNAZIALĂ JAMU MARE,CLOPODIA,157380,RURAL,,3562103373,SC.PRIM.CLOPODIA JAMU MARE,ȘCOALA PRIMARĂ CLOPODIA,Unitate de învățământ,AR,,Un schimb/zi,Buget,Publică de interes naţional şi local,PRINCIPALA,259,307231,0256235130,0256235130,scoala_jamumare@yahoo.com
2025-2026,TM,LIEBLING,157503,RURAL,3561101819,ȘCOALA GIMNAZIALĂ LIEBLING,CERNA,157512,RURAL,,3562104998,SC.PRIM. CERNA LIEBLING,ȘCOALA PRIMARĂ CERNA,Unitate de învățământ,AR,,Un schimb/zi,Buget,Publică de interes naţional şi local,PRINCIPALA,72,307246,0256396518,0256396518,contact@scliebling.ro
2025-2026,TM,LIEBLING,157503,RURAL,3561101819,ȘCOALA GIMNAZIALĂ LIEBLING,IOSIF,157521,RURAL,,3562104989,SC.PRIM. IOSIF LIEBLING,ȘCOALA PRIMARĂ IOSIF,Unitate de învățământ,AR,,Un schimb/zi,Buget,Publică de interes naţional şi local,PRINCIPALA,94,307247,0256396518,0256396518,contact@scliebling.ro
2025-2026,TM,LIVEZILE,155626,RURAL,3561101335,ȘCOALA GIMNAZIALĂ LIVEZILE,DOLAŢ,155617,RURAL,,3562100284,SC.PRIM.DOLAȚ LIVEZILE,ȘCOALA PRIMARĂ DOLAȚ,Unitate de învățământ,AR,,Un schimb/zi,Buget,Publică de interes naţional şi local,MUȘCATELOR,1,307011,0256415808,0256415808,scoala.livezile@yahoo.com
2025-2026,TM,MARGINA,157594,RURAL,3561101914,"ȘCOALA GIMNAZIALĂ ""SORIN TITEL"" MARGINA",SINTEŞTI,157665,RURAL,,3562103233,SC.PRIM.SINTEȘTI MARGINA,ȘCOALA PRIMARĂ SINTEȘTI,Unitate de învățământ,AR,,Un schimb/zi,Buget,Publică de interes naţional şi local,PRINCIPALA,147,307268,0256326195,0256326195,scoalamargina@yahoo.com
2025-2026,TM,MAŞLOC,157692,RURAL,3561100596,ȘCOALA GIMNAZIALĂ MAȘLOC,ALIOŞ,157709,RURAL,,3562104279,SC.PRIM. ALIOȘ MAȘLOC,ȘCOALA PRIMARĂ ALIOȘ,Unitate de învățământ,AR,,Un schimb/zi,Buget,Publică de interes naţional şi local,PRINCIPALA,262,307271,0256231214,0256231214,scoalamasloc@gmail.com
2025-2026,TM,MOŞNIŢA NOUĂ,157843,RURAL,3561101733,ȘCOALA GIMNAZIALĂ MOȘNIȚA NOUĂ,MOŞNIŢA VECHE,157861,RURAL,,3562104623,SC.PRIM.MOȘNIȚA VECHE MOȘNIȚA NOUĂ,ȘCOALA PRIMARĂ MOȘNIȚA VECHE,Unitate de învățământ,AR,,Un schimb/zi,Buget,Publică de interes naţional şi local,BISERICII,56,307287,0256313062,0256393538,scoala_mosnita_noua@yahoo.com
2025-2026,TM,MOŞNIŢA NOUĂ,157843,RURAL,3561101733,ȘCOALA GIMNAZIALĂ MOȘNIȚA NOUĂ,URSENI,157889,RURAL,,3562106729,SC.PRIMARA URSENI MOȘNITA NOUĂ,ȘCOALA PRIMARĂ URSENI,Unitate de învățământ,AR,,Un schimb/zi,Buget,Publică de interes naţional şi local,MARE,20,307289,0256393538,0256393538,scoala_mosnita_noua@yahoo.com
2025-2026,TM,ORŢIŞOARA,158029,RURAL,3561100117,ȘCOALA GIMNAZIALĂ ORȚIȘOARA,CORNEŞTI,158047,RURAL,,3562103925,SC.PRIM.CORNESTI ORȚIȘOARA,ȘCOALA PRIMARĂ CORNEȘTI,Unitate de învățământ,AR,,Un schimb/zi,Buget,Publică de interes naţional şi local,Principala,95,307307,0256233280,0256233280,gsaorti@yahoo.com
2025-2026,TM,ORŢIŞOARA,158029,RURAL,3561100117,ȘCOALA GIMNAZIALĂ ORȚIȘOARA,CĂLACEA,158038,RURAL,,3562103907,SC.PRIM.CALACEA ORȚIȘOARA,ȘCOALA PRIMARĂ CĂLACEA,Unitate de învățământ,AR,,Un schimb/zi,Buget,Publică de interes naţional şi local,Principala,93,307306,0256233280,0256233280,gsaorti@yahoo.com
2025-2026,TM,ORŢIŞOARA,158029,RURAL,3561100117,ȘCOALA GIMNAZIALĂ ORȚIȘOARA,SECEANI,158056,RURAL,,3562103916,SC.PRIM.SECEANI ORȚIȘOARA,ȘCOALA PRIMARĂ SECEANI,Unitate de învățământ,AR,,Un schimb/zi,Buget,Publică de interes naţional şi local,Principala,343,307308,0256233280,0256233280,gsaorti@yahoo.com
2025-2026,TM,PIETROASA,158145,RURAL,3561101846,ȘCOALA GIMNAZIALĂ PIETROASA,CRIVINA DE SUS,158154,RURAL,,3562103486,ȘC.PRIM.CRIVINA DE SUS PIETROASA,ȘCOALA PRIMARĂ CRIVINA DE SUS,Unitate de învățământ,AR,,Un schimb/zi,Buget,Publică de interes naţional şi local,Principală,9a,307321,0356408785,0256334745,scoala_pietroasa@yahoo.com
2025-2026,TM,PIETROASA,158145,RURAL,3561101846,ȘCOALA GIMNAZIALĂ PIETROASA,FĂRĂŞEŞTI,158163,RURAL,,3562103554,SC.PRIM. FĂRĂȘEȘTI PIETROASA,ȘCOALA PRIMARĂ FĂRĂȘEȘTI,Unitate de învățământ,AR,,Un schimb/zi,Buget,Publică de interes naţional şi local,PRINCIPALĂ,8,307322,0356408542,0256334745,scoala_pietroasa@yahoo.com
2025-2026,TM,PIETROASA,158145,RURAL,3561101846,ȘCOALA GIMNAZIALĂ PIETROASA,POIENI,158172,RURAL,,3562103545,ȘC.PRIM.POIENI PIETROASA,ȘCOALA PRIMARĂ POIENI,Unitate de învățământ,AR,,Un schimb/zi,Buget,Publică de interes naţional şi local,PRINCIPALĂ,110,307323,0356179724,0256334745,scoala_pietroasa@yahoo.com
2025-2026,TM,RECAŞ,158323,URBAN,3561106195,LICEUL TEORETIC RECAȘ,BAZOŞ,158332,RURAL,,3562105981,SC.PRIM. BAZOȘ RECAȘ,ȘCOALA PRIMARĂ BAZOȘ,Unitate de învățământ,AR,,Un schimb/zi,Buget,Publică de interes naţional şi local,Timiș,65,307341,0256332532,0256332532,scoalaizvin@yahoo.com
2025-2026,TM,REMETEA MARE,158403,RURAL,3561101796,ȘCOALA GIMNAZIALĂ REMETEA MARE,IANOVA,158430,RURAL,,3562103337,SC.PRIM. IANOVA REMETEA MARE,ȘCOALA PRIMARĂ IANOVA,Unitate de învățământ,AR,,Un schimb/zi,Buget,Publică de interes naţional şi local,PRINCIPALA,142,307353,0256230209,0256230209,scoalaremeteamare@yahoo.com
2025-2026,TM,SACOŞU TURCESC,158458,RURAL,3561101968,ȘCOALA GIMNAZIALĂ SACOȘU TURCESC,BERINI,158467,RURAL,,3562103097,SC.PRIM. BERINI SACOȘU TURCESC,ȘCOALA PRIMARĂ BERINI,Unitate de învățământ,AR,,Un schimb/zi,Buget,Publică de interes naţional şi local,Principala,126,307356,0256411780,0256411780,scoalasacos@yahoo.ro
2025-2026,TM,SACOŞU TURCESC,158458,RURAL,3561101968,ȘCOALA GIMNAZIALĂ SACOȘU TURCESC,OTVEŞTI,158485,RURAL,,3562103088,SC.PRIM.OTVEȘTI SACOȘU TURCESC,ȘCOALA PRIMARĂ OTVEȘTI,Unitate de învățământ,AR,,Un schimb/zi,Buget,Publică de interes naţional şi local,Principala,190,307358,0256411780,0256411780,scoalasacos@yahoo.ro
2025-2026,TM,SATCHINEZ,158537,RURAL,3561101638,ȘCOALA GIMNAZIALĂ SATCHINEZ,BĂRĂTEAZ,158546,RURAL,,3562105823,SC.PRIM.BĂRĂTEAZ SATCHINEZ,ȘCOALA PRIMARĂ BĂRĂTEAZ,Unitate de învățământ,AR,,Un schimb/zi,Buget,Publică de interes naţional şi local,Principala,32,307366,0256311631,0256379501,sc_satchinez@yahoo.com
2025-2026,TM,SECAŞ,158617,RURAL,3561100949,ȘCOALA PRIMARĂ SECAȘ,SECAŞ,158617,RURAL,35714053,3561100949,SC.PRIM. SECAȘ,ȘCOALA PRIMARĂ SECAȘ,Unitate de învățământ,PJ,29169165,Un schimb/zi,Buget,Publică de interes naţional şi local,Principala,71,307390,0356886753,0356886753,scoalasecas@gmail.com
2025-2026,TM,SUDRIAŞ,159080,RURAL,3561100578,ȘCOALA GIMNAZIALĂ SUDRIAȘ,JUPANI,159099,RURAL,,3562102892,SC.PRIM.JUPANI TRAIAN VUIA,ȘCOALA PRIMARĂ JUPANI,Unitate de învățământ,AR,,Un schimb/zi,Buget,Publică de interes naţional şi local,PRINCIPALA,40,307436,0256324518,0256324518,sc.sudrias@yahoo.com
2025-2026,TM,SUDRIAŞ,159080,RURAL,3561100578,ȘCOALA GIMNAZIALĂ SUDRIAȘ,TRAIAN VUIA,159133,RURAL,,3562106616,SC.PRIM. TRAIAN VUIA,ȘCOALA PRIMARĂ TRAIAN VUIA,Unitate de învățământ,AR,,Un schimb/zi,Buget,Publică de interes naţional şi local,PRINCIPALA,32A,307435,0256324585,0256324518,sc.sudrias@yahoo.com
2025-2026,TM,SÂNANDREI,158662,RURAL,3561100967,ȘCOALA GIMNAZIALĂ SÂNANDREI,COVACI,158680,RURAL,,3562105194,SC.PRIM.COVACI SÂNANDREI,ȘCOALA PRIMARĂ COVACI,Unitate de învățământ,AR,,Un schimb/zi,Buget,Publică de interes naţional şi local,Școlii,32,307377,0256383506,0256383506,ScoalaSinandrei@gmail.com
2025-2026,TM,SÂNMIHAIU ROMÂN,158706,RURAL,3561101742,ȘCOALA GIMNAZIALĂ SÂNMIHAIU ROMÂN,SÂNMIHAIU GERMAN,158715,RURAL,,3562104804,SC.PRIM.SÂNMIHAIU GERMAN SÂNMIHAIU ROMÂN,ȘCOALA PRIMARĂ SÂNMIHAIU GERMAN,Unitate de învățământ,AR,,Un schimb/zi,Buget,Publică de interes naţional şi local,PRINCIPALA,158 ,307381,0256363567,0256363567,scoala_sinmihaiu_roman@yahoo.com
2025-2026,TM,SĂCĂLAZ,158573,RURAL,3561101059,ȘCOALA GIMNAZIALĂ SĂCĂLAZ,BEREGSĂU MIC,158591,RURAL,,3562102829,SC.PRIM BEREGSĂU MIC SĂCĂLAZ,ȘCOALA PRIMARĂ BEREGSĂU MIC,Unitate de învățământ,AR,,Un schimb/zi,Buget,Publică de interes naţional şi local,PRINCIPALA,60,307372,0256367111,0256367111,scoaladinsacalaz@yahoo.com
2025-2026,TM,TEREMIA MARE,158868,RURAL,3561101398,ȘCOALA GIMNAZIALĂ TEREMIA MARE,NERĂU,158877,RURAL,,3562103278,SC.PRIM.NERĂU TEREMIA MARE,ȘCOALA PRIMARĂ NERĂU,Unitate de învățământ,AR,,Un schimb/zi,Buget,Publică de interes naţional şi local,Principala,75-76,307406,0256380858,0256380076,scoalateremia@yahoo.com
2025-2026,TM,TEREMIA MARE,158868,RURAL,3561101398,ȘCOALA GIMNAZIALĂ TEREMIA MARE,TEREMIA MICĂ,158886,RURAL,714259,3562103296,SC.PRIM.TEREMIA MICĂ TEREMIA MARE,ȘCOALA PRIMARĂ TEREMIA MICĂ,Unitate de învățământ,AR,,Un schimb/zi,Buget,Publică de interes naţional şi local,Principala,306 ,307407,0256380076,0256380076,scoalateremia@yahoo.com
2025-2026,TM,TIMIŞOARA,155252,URBAN,3561207445,"ȘCOALA PRIMARĂ ""MONTESSORI MUNDI"" TIMIȘOARA",TIMIŞOARA,155252,URBAN,,3561207445,"SC PRIM ""MONTESSORI MUNDI"" TIMIȘOARA","ȘCOALA PRIMARĂ ""MONTESSORI MUNDI"" TIMIȘOARA",Unitate de învățământ,PJ,52491890,Un schimb/zi,Taxă,Privată,Str. N.D. COCEA și MEMORANDULUI nr. 74,13,,0733183656,0000000000,info@montessorimundi.ro
2025-2026,TM,TIMIŞOARA,155252,URBAN,3561200698,"ȘCOALA PRIMARĂ ""PRIMII PAȘI"" TIMIȘOARA",TIMIŞOARA,155252,URBAN,353089564,3561200698,SC.PRI.PRIMII PAȘI TIMIȘOARA,"ȘCOALA PRIMARĂ ""PRIMII PAȘI"" TIMIȘOARA",Unitate de învățământ,PJ,35137940,Un schimb/zi,Taxă,Privată,Calea Martirilor 1989,100,300774,0721129788,0356006297,emadragila@gmail.com
2025-2026,TM,TOPOLOVĂŢU MARE,158975,RURAL,3561101932,ȘCOALA GIMNAZIALĂ TOPOLOVĂȚU MARE,ICTAR-BUDINŢI,158993,RURAL,,3562105443,SC.PRIM.ICTAR TOPOLOVĂȚU MARE,ȘCOALA PRIMARĂ ICTAR,Unitate de învățământ,AR,,Un schimb/zi,Buget,Publică de interes naţional şi local,Principala,175,307422,0256332472,0256332027,scoala.topolovat@gmail.com
2025-2026,TM,TOPOLOVĂŢU MARE,158975,RURAL,3561101932,ȘCOALA GIMNAZIALĂ TOPOLOVĂȚU MARE,SUŞTRA,159017,RURAL,,3562105511,SC.PRIM.ȘUȘTRA TOPOLOVĂȚU MARE,ȘCOALA PRIMARĂ ȘUȘTRA,Unitate de învățământ,AR,,Un schimb/zi,Buget,Publică de interes naţional şi local,Principala,91,307424,0256332472,0256332027,scoala.topolovat@gmail.com
2025-2026,TM,UIVAR,159151,RURAL,3561100682,ȘCOALA GIMNAZIALĂ UIVAR,RĂUŢI,159197,RURAL,,3562105298,SC.PRIM.RĂUȚI UIVAR,ȘCOALA PRIMARĂ RAUȚI,Unitate de învățământ,AR,,Un schimb/zi,Buget,Publică de interes naţional şi local,PRINCIPALA,87,307449,0256366520,0256366520,scoalauivar@yahoo.com
2025-2026,TM,VICTOR VLAD DELAMARINA,159268,RURAL,3561101525,ȘCOALA GIMNAZIALĂ VICTOR VLAD DELAMARINA,VIŞAG,159320,RURAL,,3562105099,SC.PRIM.VIȘAG V.V.DELAMARINA,ȘCOALA PRIMARĂ VIȘAG,Unitate de învățământ,AR,,Un schimb/zi,Buget,Publică de interes naţional şi local,Principala,307,307467,0256358416,0256358416,scoalavvd@gmail.com
2025-2026,TM,ŞANDRA,155939,RURAL,3561101778,ȘCOALA GIMNAZIALĂ ȘANDRA,UIHEI,155948,RURAL,,3562102684,SC.PRIM.UIHEI ȘANDRA,ȘCOALA PRIMARĂ UIHEI,Unitate de învățământ,AR,,Un schimb/zi,Buget,Publică de interes naţional şi local,PRINCIPALĂ,182 ,307061,0256379491,0256379010,scoalasandra@yahoo.com
2025-2026,TM,ŞTIUCA,158813,RURAL,3561100637,ȘCOALA GIMNAZIALĂ ȘTIUCA,DRAGOMIREŞTI,158822,RURAL,,3562104799,SC.PRIMARĂ DRAGOMIREȘTI COM.ȘTIUCA,ȘCOALA PRIMARĂ DRAGOMIREȘTI,Unitate de învățământ,AR,,Un schimb/zi,Buget,Publică de interes naţional şi local,Principala,29,307401,0256338800,0256338800,scoala_stiuca@yahoo.co.uk
2025-2026,TR,BÂSCOVENI,153044,RURAL,3461103723,ȘCOALA GIMNAZIALĂ GĂLĂTENI,GĂLĂTENI,153035,RURAL,,3462103994,ŞC PRIM GĂLĂTENI,ŞCOALA PRIMARĂ GĂLĂTENI,Unitate de învățământ,AR,,Un schimb/zi,Buget,Publică de interes naţional şi local, , ,147151,0247434099,0247434099,scgalateni@yahoo.com
2025-2026,TR,CIOLĂNEŞTII DIN DEAL,152537,RURAL,3461103881,ȘCOALA GIMNAZIALĂ CIOLĂNEȘTI,CIOLĂNEŞTII DIN DEAL,152537,RURAL,,3462103976,ŞC PRIM CIOLĂNEŞTII DIN DEAL,ŞCOALA PRIMARĂ CIOLĂNEŞTII DIN DEAL,Unitate de învățământ,AR,,Un schimb/zi,Buget,Publică de interes naţional şi local,CALEA ROŞIORII DE VEDE,165,147077,0247336081,0247336451,scoalanr1ciolanesti@yahoo.com
2025-2026,TR,VÂRTOAPELE DE SUS,154941,RURAL,3461100105,ȘCOALA GIMNAZIALĂ VÂRTOAPE,VÂRTOAPELE DE JOS,154969,RURAL,,3462103922,ȘC PRIM VÂRTOAPELE DE JOS,ȘCOALA PRIMARĂ VÂRTOAPELE DE JOS,Unitate de învățământ,AR,,Un schimb/zi,Buget,Publică de interes naţional şi local, , ,147427,0247338210,0247338210,noname@noname.org
2025-2026,TR,ZIMNICEA,151987,URBAN,3461100186,LICEUL TEORETIC ZIMNICEA,ZIMNICEA,151987,URBAN,,3462101608,ȘC PRIM NR. 4 ZIMNICEA,ȘCOALA PRIMARĂ NR. 4 ZIMNICEA,Unitate de învățământ,AR,,Un schimb/zi,Buget,Publică de interes naţional şi local, TURNU MĂGURELE,38,145400,0247367970,0247366956,sc3zim@yahoo.com
2025-2026,VL,BOIŞOARA,168764,RURAL,3861105262,"ȘCOALA GIMNAZIALĂ, COMUNA BOIȘOARA",BUMBUEŞTI,168773,RURAL,741381,3862103102,SC PRIM BUMBUIESTI BOISOARA,"SCOALA PRIMARA, SAT BUMBUIESTI, COM. BOISOARA",Unitate de învățământ,AR,,Un schimb/zi,Buget,Publică de interes naţional şi local, str. Pietriș,1 ,247501,0250756809,0250756809,scoalaboisoara@yahoo.com
2025-2026,VL,BOIŞOARA,168764,RURAL,3861105262,"ȘCOALA GIMNAZIALĂ, COMUNA BOIȘOARA",GĂUJANI,168782,RURAL,,3862105547,SC PRIMARA GAUJANI BOISOARA,"SCOALA PRIMARA, SAT GAUJANI, COM. BOISOARA",Unitate de învățământ,AR,,Un schimb/zi,Buget,Publică de interes naţional şi local,str. Principală,1,247052,0250756809,0250756809,scoalaboisoara@yahoo.com
2025-2026,VL,BREZOI,167801,URBAN,3861100949,"LICEUL „GHEORGHE SURDU”, ORAȘ BREZOI",BREZOI,167801,URBAN,742608,3862103183,ȘC PRIM NR.1 BREZOI,"ȘCOALA PRIMARĂ NR 1, ORAȘ BREZOI",Unitate de învățământ,AR,,Un schimb/zi,Buget,Publică de interes naţional şi local, str. Eroilor, 118,245500,0250778231,0250778231,liceul_brezoi@yahoo.com
2025-2026,VL,BUDEŞTI,168808,RURAL,3861100637,"ȘCOALA GIMNAZIALĂ, COMUNA BUDEȘTI",BARZA,168817,RURAL,743054,3862102743,SC PRIM BARZA BUDESTI,"SCOALA PRIMARA, SAT BARZA, COM. BUDESTI",Unitate de învățământ,AR,,Un schimb/zi,Buget,Publică de interes naţional şi local, str. Principală, 93,247056,0250760375,0250760375,scoalabudestivl@yahoo.com
2025-2026,VL,BUDEŞTI,168808,RURAL,3861100637,"ȘCOALA GIMNAZIALĂ, COMUNA BUDEȘTI",BÂRSEŞTI,168835,RURAL,743016,3862102761,SC. PRIM BIRSEȘTI BUDESTI,"SCOALA PRIMARA, SAT BIRSEȘTI, COM. BUDESTI",Unitate de învățământ,AR,,Un schimb/zi,Buget,Publică de interes naţional şi local, str. Școlii, 2,247057,0250760375,0250760375,scoalabudestivl@yahoo.com
2025-2026,VL,BĂBENI,168381,URBAN,3861100931,"LICEUL „GEORGE ȚĂRNEA”, ORAȘ BĂBENI",VALEA MARE,168443,URBAN,742892,3862104998,SC PRIM VALEA-MARE BABENI,"SCOALA PRIMARA, SAT VALEA MARE, ORAS BABENI",Unitate de învățământ,AR,,Un schimb/zi,Buget,Publică de interes naţional şi local, str. Dejului, 1,245100,0744569102,0250765520,scoala_valeamare_babeni@yahoo.com
2025-2026,VL,BĂLCEŞTI,168461,URBAN,3861105131,"LICEUL TEHNOLOGIC ""PETRACHE POENARU"", ORAȘ BĂLCEȘTI",BENEŞTI,168470,RURAL,742921,3862103527,ȘC PRIM BENEȘTI BĂLCEȘTI,"ȘCOALA PRIMARĂ, SAT BENEȘTI, ORAȘ BĂLCEȘTI",Unitate de învățământ,AR,,Un schimb/zi,Buget,Publică de interes naţional şi local, str. Mihai Viteazu, 52,245401,0250840353,0250840353,gsp_poenaru@yahoo.fr
2025-2026,VL,BĂLCEŞTI,168461,URBAN,3861105131,"LICEUL TEHNOLOGIC ""PETRACHE POENARU"", ORAȘ BĂLCEȘTI",CÂRLOGANI,168498,RURAL,742907,3862103509,SC PRIM CIRLOGANI BALCESTI,"SCOALA PRIMARA, SAT CIRLOGANI, ORAS BALCESTI",Unitate de învățământ,AR,,Un schimb/zi,Buget,Publică de interes naţional şi local, str. Poporului, 33,245402,0250840353,0250840353,gsp_poenaru@yahoo.fr
2025-2026,VL,BĂLCEŞTI,168461,URBAN,3861105131,"LICEUL TEHNOLOGIC ""PETRACHE POENARU"", ORAȘ BĂLCEȘTI",GORUNEŞTI,168504,RURAL,742945,3862103468,ȘC PRIM NR 1 GORUNEȘTI BĂLCEȘTI,"ȘCOALA PRIMARĂ NR. 1, SAT GORUNEȘTI, ORAȘ BĂLCEȘTI",Unitate de învățământ,AR,,Un schimb/zi,Buget,Publică de interes naţional şi local, Gorunești, 245,245404,0250840353,0250840353,gsp_poenaru@yahoo.fr
2025-2026,VL,BĂTĂŞANI,174101,RURAL,3861105303,"ȘCOALA GIMNAZIALĂ, SAT BĂTĂȘANI, COMUNA VALEA MARE",VALEA MARE,174094,RURAL,742397,3862102182,SC PRI VALEA MARE,"ȘCOALA PRIMARĂ, COM. VALEA MARE",Unitate de învățământ,AR,,Un schimb/zi,Buget,Publică de interes naţional şi local, str. Școlii, 9,247730,0250769581,0250769581,scoalabatasani@yahoo.com
2025-2026,VL,CUENI,172643,RURAL,3861100967,"ȘCOALA GIMNAZIALĂ „ION C. CONSTANTINESCU”, SAT CUENI, COMUNA ROEȘTI",CIOCÂLTEI,172634,RURAL,,3862101439,SC PRIM D TEODORESCU,"SCOALA PRIMARA ""DEM TEODORESCU"", SAT CIOCALTEI, COM. ROESTI",Unitate de învățământ,AR,,Un schimb/zi,Buget,Publică de interes naţional şi local, Ciocâltei, 106,247544,0350525351,0350525351,sccuieni.roiesti@gmail.com
2025-2026,VL,CUENI,172643,RURAL,3861100967,"ȘCOALA GIMNAZIALĂ „ION C. CONSTANTINESCU”, SAT CUENI, COMUNA ROEȘTI",ROEŞTI,172590,RURAL,,3862101457,SC PRIMARA M S NEAMU,"SCOALA PRIMARA ""MARIN ST NEAMU"", COM. ROESTI",Unitate de învățământ,AR,,Un schimb/zi,Buget,Publică de interes naţional şi local, Roești, 42,247540,0350525351,0350525351,sccuieni.roiesti@gmail.com
2025-2026,VL,CÂINENII MARI,169137,RURAL,3861101344,"ȘCOALA GIMNAZIALĂ „GENERAL DAVID PRAPORGESCU"", SAT CÂINENII MARI, COMUNA CÂINENI",CÂINENII MICI,169128,RURAL,743121,3862103735,SC PRIM CAINENII-MICI CAINENI,"SCOALA PRIMARA, SAT CAINENII MICI, COM. CAINENI",Unitate de învățământ,AR,,Un schimb/zi,Buget,Publică de interes naţional şi local, Valea Satului, 35,247086,0250756005,0250756005,scoalacaineniimari@yahoo.com
2025-2026,VL,CÂINENII MARI,169137,RURAL,3861101344,"ȘCOALA GIMNAZIALĂ „GENERAL DAVID PRAPORGESCU"", SAT CÂINENII MARI, COMUNA CÂINENI",GREBLEŞTI,169146,RURAL,741202,3862103708,SC PRIM GREBLESTI CAINENI,"SCOALA PRIMARA, SAT GREBLESTI, COM. CAINENI",Unitate de învățământ,AR,,Un schimb/zi,Buget,Publică de interes naţional şi local, Calea Lungă, 85,247086,0250756005,0250756005,scoalacaineniimari@yahoo.com
2025-2026,VL,CĂLIMĂNEŞTI,167918,URBAN,3861105746,"LICEUL DE TURISM ȘI SERVICII PUBLICE „NEAGOE BASARAB ”, ORAȘ CĂLIMĂNEȘTI",JIBLEA NOUĂ,167936,URBAN,742696,3862104501,SC PRIM JIBLEA-NOUA CALIMANESTI,"ȘCOALA PRIMARĂ, JIBLEA NOUA, ORAȘ CĂLIMANEȘTI",Unitate de învățământ,AR,,Un schimb/zi,Buget,Publică de interes naţional şi local,str. Ion Luca Caragiale, 12,245600,0250750481,0250750481,svcantacuzino@yahoo.com
2025-2026,VL,DĂEŞTI,169360,RURAL,3861100777,"ȘCOALA GIMNAZIALĂ, COMUNA DĂEȘTI",FEDELEŞOIU,169388,RURAL,741276,3862102268,SC PRIM FEDELESOIU DAESTI,"SCOALA PRIMARA, SAT FEDELESOIU, COM. DAESTI",Unitate de învățământ,AR,,Un schimb/zi,Buget,Publică de interes naţional şi local, Calea lui Traian, 517,247127,0350402461,0350402461,scoaladaesti@yahoo.com
2025-2026,VL,DĂEŞTI,169360,RURAL,3861100777,"ȘCOALA GIMNAZIALĂ, COMUNA DĂEȘTI",SÂNBOTIN,169397,RURAL,743195,3862102232,SC PRIM SANBOTIN DAESTI,"SCOALA PRIMARA, SAT SANBOTIN, COM. DAESTI",Unitate de învățământ,AR,,Un schimb/zi,Buget,Publică de interes naţional şi local, Calea lui Traian, 144,247128,0350402461,0350402461,scoaladaesti@yahoo.com
2025-2026,VL,GURA VĂII,168924,RURAL,3861100872,"ȘCOALA GIMNAZIALĂ, SAT GURA VĂII, COMUNA BUJORENI",OLTENI,168899,RURAL,741422,3862102476,SC PRI OLTENI BUJORENI,"SCOALA PRIMARA, SAT OLTENI, COM. BUJORENI",Unitate de învățământ,AR,,Un schimb/zi,Buget,Publică de interes naţional şi local, str. Calea lui Traian, 55,247066,0250754138,0250754138,scoala_gura_vaii@yahoo.com
2025-2026,VL,HOREZU,168050,URBAN,3861105054,"LICEUL „CONSTANTIN BRÂNCOVEANU”, ORAȘ HOREZU",ROMANII DE SUS,168096,RURAL,1154016,3862102951,SC PRIM ROMANII DE SUS 2 HOREZU,"SCOALA PRIMARA NR. 2, ROMANII DE SUS, ORAȘ HOREZU",Unitate de învățământ,AR,,Un schimb/zi,Buget,Publică de interes naţional şi local, str. Saliste, 22,245800,0000860090,0250861091,lcbhorezu@yahoo.com
2025-2026,VL,IONEŞTI,170523,RURAL,3861100705,"ȘCOALA GIMNAZIALĂ, COMUNA IONEȘTI",MARCEA,170596,RURAL,741654,3862103622,SC PRIM MARCEA IONESTI,"SCOALA PRIMARĂ, SAT MARCEA, COM. IONESTI",Unitate de învățământ,AR,,Un schimb/zi,Buget,Publică de interes naţional şi local, str. Principală, 164,247278,0350525135,0350525135,scoala_ionesti@yahoo.com
2025-2026,VL,LUNGEŞTI,170961,RURAL,3861105348,"ȘCOALA GIMNAZIALĂ, COMUNA LUNGEȘTI",FUMURENI,170998,RURAL,741707,3862103821,SC PRI FUMURENI LUNGESTI,"SCOALA PRIMARA, SAT FUMURENI, COM. LUNGESTI",Unitate de învățământ,AR,,Un schimb/zi,Buget,Publică de interes naţional şi local, Lungești, 1262,247328,0250830525,0250891897,sc.lungesti@yahoo.com
2025-2026,VL,MILCOIU,171478,RURAL,3861101199,"ȘCOALA GIMNAZIALĂ, COMUNA MILCOIU",TEPŞENARI,171520,RURAL,1124310,3862103301,SC PRIM TEPSENARI MILCOIU,"SCOALA PRIMARA, SAT TEPSENARI, COM. MILCOIU",Unitate de învățământ,AR,,Un schimb/zi,Buget,Publică de interes naţional şi local, Tepșenari, 45,247395,0744474856,0250760211,milcoiu_scoala@yahoo.com
2025-2026,VL,MOLOGEŞTI,170658,RURAL,3861100913,"ȘCOALA GIMNAZIALĂ, SAT MOLOGEȘTI, COMUNA LALOȘU",LALOŞU,170621,RURAL,,3862101665,SC PRIM LALOSU,"ȘCOALA PRIMARĂ, COMUNA LALOȘU",Unitate de învățământ,AR,,Un schimb/zi,Buget,Publică de interes naţional şi local, str. Principală, 132,247280,0760043593,0760043593,scoalamologesti@yahoo.com
2025-2026,VL,PERIŞANI,172162,RURAL,3861100881,"ȘCOALA GIMNAZIALĂ, COMUNA PERIȘANI",MLĂCENI,172206,RURAL,741953,3862104184,SC PRI MLACENI PERISANI,"SCOALA PRIMARA, SAT MLACENI, COM. PERISANI",Unitate de învățământ,AR,,Un schimb/zi,Buget,Publică de interes naţional şi local, str. Principală, 95,247484,0025075074,0250757279,scoalaperisani@yahoo.com
2025-2026,VL,PERIŞANI,172162,RURAL,3861100881,"ȘCOALA GIMNAZIALĂ, COMUNA PERIȘANI",POIANA,172224,RURAL,741941,3862104175,SC PRI POIANA PERISANI,"SCOALA PRIMARA, SAT POIANA, COM. PERISANI",Unitate de învățământ,AR,,Un schimb/zi,Buget,Publică de interes naţional şi local, str. Pricnipală, 13,247487,0250757154,0250757279,scoalaperisani@yahoo.com
2025-2026,VL,PĂUSEŞTI-OTĂSĂU,172046,RURAL,3861105366,"ȘCOALA GIMNAZIALĂ, SAT PĂUȘEȘTI OTĂSĂU, COMUNA PĂUȘEȘTI",ŞERBĂNEŞTI,172055,RURAL,741903,3862104121,SC PRI SERBANESTI PAUSESTI,"SCOALA PRIMARA, SAT ȘERBANESTI, COM. PAUSESTI",Unitate de învățământ,AR,,Un schimb/zi,Buget,Publică de interes naţional şi local, str. Luncii, 32,247464,0250774146,0250774920,spausesti@yahoo.com
2025-2026,VL,RACOVIŢA,172518,RURAL,3861105104,"ȘCOALA GIMNAZIALĂ, SAT COPĂCENI, COMUNA RACOVIȚA",BALOTA,172527,RURAL,744321,3862103097,SC PRIM BALOTA RACOVITA,"SCOALA PRIMARA, SAT BALOTA, COM. RACOVITA",Unitate de învățământ,AR,,Un schimb/zi,Buget,Publică de interes naţional şi local, str. Principală, 1,247531,0350803412,0350803412,scoala.racovita@yahoo.com
2025-2026,VL,TINA,170943,RURAL,3861100863,"ȘCOALA GIMNAZIALĂ, SAT TINA, COMUNA LIVEZI",PÂRÂIENII DE JOS,170907,RURAL,740741,3862100352,SC PRI PARAIENI LIVEZI,"SCOALA PRIMARA, SAT PARAIENII DE JOS, COM. LIVEZI",Unitate de învățământ,AR,,Un schimb/zi,Buget,Publică de interes naţional şi local, Principală, 1,247315,0350525227,0350525227,tinascoala@yahoo.com
2025-2026,VL,UDREŞTI,169529,RURAL,3861105176,"ȘCOALA GIMNAZIALĂ, SAT UDREȘTI, COMUNA DĂNICEI",LĂUNELE DE JOS,169501,RURAL,741290,3862104383,SC PRI LAUNELE-DE-JOS DANICEI,"ȘCOALA PRIMARĂ, SAT LĂUNELE DE JOS, COM. DĂNICEI",Unitate de învățământ,AR,,Un schimb/zi,Buget,Publică de interes naţional şi local, Lăunele de Jos, 1,247142,0769694319,0769694319,scoalaudresti@yahoo.com
2025-2026,VL,URŞI,173515,RURAL,3861105737,"ȘCOALA GIMNAZIALĂ NR.1, COMUNA STOILEȘTI",BÂRSOIU,173409,RURAL,742256,3862101977,SC PRI BARSOIU STOILESTI,"SCOALA PRIMARA, SAT BARSOIU, COM. STOILESTI",Unitate de învățământ,AR,,Un schimb/zi,Buget,Publică de interes naţional şi local, str. Bârsoiu, 249,247647,0740183005,0740022143,scoala.ursi@yahoo.com
2025-2026,VL,URŞI,173515,RURAL,3861105737,"ȘCOALA GIMNAZIALĂ NR.1, COMUNA STOILEȘTI",GEAMĂNA,173436,RURAL,743286,3862103685,SC PRIM GEAMANA STOILEȘTI,"SCOALA PRIMARA, SAT GEAMANA, COM. STOILESTI",Unitate de învățământ,AR,,Un schimb/zi,Buget,Publică de interes naţional şi local, Geamăna, ,247651,0740183005,0740022143,scoala.ursi@yahoo.com
2025-2026,VL,VAIDEENI,174030,RURAL,3861100587,"ȘCOALA GIMNAZIALĂ „LUCA SOLOMON”, COMUNA VAIDEENI",IZVORU RECE,174067,RURAL,742385,3862104288,SC PRIMARA IZVORU RECE VAIDEENI,"SCOALA PRIMARA, SAT IZVORU RECE, COM. VAIDEENI",Unitate de învățământ,AR,,Un schimb/zi,Buget,Publică de interes naţional şi local,Principala,80,247728,0787810565,0787810565,svaideeni@yahoo.com
2025-2026,VL,VAIDEENI,174030,RURAL,3861100587,"ȘCOALA GIMNAZIALĂ „LUCA SOLOMON”, COMUNA VAIDEENI",MARIŢA,174076,RURAL,744838,3862104261,SC PRIM MARITA VAIDEENI,"SCOALA PRIMARA, SAT MARITA, COM. VAIDEENI",Unitate de învățământ,AR,,Un schimb/zi,Buget,Publică de interes naţional şi local, str. Principală, 89,247729,0787810565,0787810565,svaideeni@yahoo.com
2025-2026,VL,VAIDEENI,174030,RURAL,3861100587,"ȘCOALA GIMNAZIALĂ „LUCA SOLOMON”, COMUNA VAIDEENI",VAIDEENI,174030,RURAL,744864,3862104252,SC PRIM ATARNATI,"SCOALA PRIMARA, SAT ATARNATI, COM. VAIDEENI",Unitate de învățământ,AR,,Un schimb/zi,Buget,Publică de interes naţional şi local, Atârnați, 47,247725,0787810565,0787810565,svaideeni@yahoo.com
2025-2026,VN,ADJUD,174879,URBAN,3961105283,"ȘCOALA GIMNAZIALĂ ""PRINCIPELE RADU"" ADJUD",ŞIŞCANI,174904,RURAL,,3962102366,ȘC. PRIMARĂ ȘIȘCANI,ȘCOALA PRIMARĂ ȘIȘCANI,Unitate de învățământ,AR,,Un schimb/zi,Buget,Publică de interes naţional şi local,Principala,1,625103,0237641717,0237641717,scangelagheorghiu@yahoo.com
2025-2026,VN,ADJUD,174879,URBAN,3961205747,"ȘCOALA PRIMARĂ ""ANOTHER CHANCE"" ADJUD",ADJUD,174879,URBAN,,3961205747,"ȘC.PRIMARĂ ""ANOTHER CHANCE"" ADJUD","ȘCOALA PRIMARĂ ""ANOTHER CHANCE"" ADJUD",Unitate de învățământ,PJ,28203480,Un schimb/zi,Taxă,Privată,REPUBLICII,250A,625100,0234208200,0234208200,scoalaprimara_another_chance@yahoo.com
2025-2026,VN,ANDREIAŞU DE JOS,175135,RURAL,3961100685,"ȘCOALA GIMNAZIALĂ ""SIMION CRISTIAN"" ANDREIAȘU DE JOS",ANDREIAŞU DE SUS,175144,RURAL,,3962103584,ȘC. PRIMARĂ ANDREIAȘU DE SUS,ȘCOALA PRIMARĂ ANDREIAȘU DE SUS,Unitate de învățământ,AR,,Un schimb/zi,Buget,Publică de interes naţional şi local,Principala,1,627006,0237631177,0237631177,scoalaandreiasudejos@yahoo.com
2025-2026,VN,ANDREIAŞU DE JOS,175135,RURAL,3961100685,"ȘCOALA GIMNAZIALĂ ""SIMION CRISTIAN"" ANDREIAȘU DE JOS",RĂCHITAŞU,175180,RURAL,,3962103593,ȘC. PRIMARĂ NR.1 RĂCHITAȘU,ȘCOALA PRIMARĂ NR.1 RĂCHITAȘU,Unitate de învățământ,AR,,Un schimb/zi,Buget,Publică de interes naţional şi local,Princpala,1,627011,0237631177,0237631177,scoalaandreiasudejos@yahoo.com
2025-2026,VN,BORDEŞTI,175448,RURAL,3961100916,"ȘCOALA GIMNAZIALĂ ""ÎNVĂȚĂTOR GHEORGHE ASĂNACHE"" BORDEȘTI",BORDEŞTII DE JOS,175457,RURAL,,3962104902,ȘC. PRIMARĂ BORDEȘTII DE JOS,ȘCOALA PRIMARĂ BORDEȘTII DE JOS,Unitate de învățământ,AR,,Un schimb/zi,Buget,Publică de interes naţional şi local,Principala,1,627046,0237254111,0237254111,scoalabordesti@yahoo.com
2025-2026,VN,CHIOJDENI,175518,RURAL,3961101089,ȘCOALA GIMNAZIALĂ CHIOJDENI,CĂTĂUŢI,175527,RURAL,,3962103878,ȘC. PRIMARĂ CĂTĂUȚI,ȘCOALA PRIMARĂ CĂTĂUȚI,Unitate de învățământ,AR,,Un schimb/zi,Buget,Publică de interes naţional şi local,Principala,2,627071,0237241129,0237241129,scoalachiojdeni2018@gmail.com
2025-2026,VN,CHIOJDENI,175518,RURAL,3961101089,ȘCOALA GIMNAZIALĂ CHIOJDENI,LUNCILE,175545,RURAL,,3962103815,ȘC. PRIMARĂ LUNCILE,ȘCOALA PRIMARĂ LUNCILE,Unitate de învățământ,AR,,Un schimb/zi,Buget,Publică de interes naţional şi local,Principala,10,627073,0237241129,0237241129,scoalachiojdeni2018@gmail.com
2025-2026,VN,CHIOJDENI,175518,RURAL,3961101089,ȘCOALA GIMNAZIALĂ CHIOJDENI,TULBUREA,175581,RURAL,,3962103842,ȘC. PRIMARĂ TULBUREA,ȘCOALA PRIMARĂ TULBUREA,Unitate de învățământ,AR,,Un schimb/zi,Buget,Publică de interes naţional şi local,Principala,8,627078,0237241129,0237241129,scoalachiojdeni2018@gmail.com
2025-2026,VN,CIORĂŞTI,175607,RURAL,3961100554,"ȘCOALA GIMNAZIALĂ ""IONEL SÎRBU"" CIORĂȘTI",MIHĂLCENI,175625,RURAL,,3962102737,ȘC. PRIMARĂ MIHĂLCENI,ȘCOALA PRIMARĂ MIHĂLCENI,Unitate de învățământ,AR,,Un schimb/zi,Buget,Publică de interes naţional şi local,Principala,1,627082,0237249563,0237258150,ionelsirbu_ciorasti@yahoo.com
2025-2026,VN,DUMITREŞTI,175992,RURAL,3961100676,"LICEUL TEORETIC ""GRIGORE GHEBA"" DUMITREȘTI",BICEŞTII DE JOS,176007,RURAL,,3962102113,ȘC. PRIMARĂ BICEȘTII DE JOS,ȘCOALA PRIMARĂ BICEȘTII DE JOS,Unitate de învățământ,AR,,Un schimb/zi,Buget,Publică de interes naţional şi local,Principala,1,627111,0237241126,0237241126,grupscolardumitresti@yahoo.com
2025-2026,VN,DUMITREŞTI,175992,RURAL,3961100676,"LICEUL TEORETIC ""GRIGORE GHEBA"" DUMITREȘTI",BICEŞTII DE SUS,176016,RURAL,,3962101686,ȘC. PRIMARĂ BICEȘTII DE SUS,ȘCOALA PRIMARĂ BICEȘTII DE SUS,Unitate de învățământ,AR,,Un schimb/zi,Buget,Publică de interes naţional şi local,Principala,1,627112,0237241126,0237241126,grupscolardumitresti@yahoo.com
2025-2026,VN,DUMITREŞTI,175992,RURAL,3961100676,"LICEUL TEORETIC ""GRIGORE GHEBA"" DUMITREȘTI",GĂLOIEŞTI,176052,RURAL,,3962101754,ȘC. PRIMARĂ NR.1 GĂLOIEȘTI,ȘCOALA PRIMARĂ NR.1 GĂLOIEȘTI,Unitate de învățământ,AR,,Un schimb/zi,Buget,Publică de interes naţional şi local,Principala,1,627117,0237241126,0237241126,grupscolardumitresti@yahoo.com
2025-2026,VN,DUMITREŞTI,175992,RURAL,3961100676,"LICEUL TEORETIC ""GRIGORE GHEBA"" DUMITREȘTI",MOTNĂU,176089,RURAL,,3962101659,ȘC. PRIMARĂ MOTNĂU,ȘCOALA PRIMARĂ MOTNĂU,Unitate de învățământ,AR,,Un schimb/zi,Buget,Publică de interes naţional şi local,Principala,1,627121,0237241126,0237241126,grupscolardumitresti@yahoo.com
2025-2026,VN,DUMITREŞTI,175992,RURAL,3961100676,"LICEUL TEORETIC ""GRIGORE GHEBA"" DUMITREȘTI",POIENIŢA,176098,RURAL,,3962105586,ȘC. PRIMARĂ POIENIȚA,ȘCOALA PRIMARĂ POIENIȚA,Unitate de învățământ,AR,,Un schimb/zi,Buget,Publică de interes naţional şi local,Principala,1,627122,0237241126,0237241126,grupscolardumitresti@yahoo.com
2025-2026,VN,FITIONEŞTI,176169,RURAL,3961100061,ȘCOALA GIMNAZIALĂ FITIONEȘTI,MĂNĂSTIOARA,176203,RURAL,,3962103019,ȘC. PRIMARĂ MĂNĂSTIOARA,ȘCOALA PRIMARĂ MĂNĂSTIOARA,Unitate de învățământ,AR,,Un schimb/zi,Buget,Publică de interes naţional şi local,Principala,1,627139,0237677821,0237677821,scoalafitionesti@yahoo.com
2025-2026,VN,GURA CALIŢEI,176347,RURAL,3961105256,ȘCOALA GIMNAZIALĂ GURA CALIȚEI,DEALUL LUNG,176374,RURAL,,3962104481,ȘC. PRIMARĂ DEALUL LUNG,ȘCOALA PRIMARĂ DEALU LUNG,Unitate de învățământ,AR,,Un schimb/zi,Buget,Publică de interes naţional şi local,Principala,1,627163,0237255101,0237255101,samguracalitei@yahoo.com
2025-2026,VN,GURA CALIŢEI,176347,RURAL,3961105256,ȘCOALA GIMNAZIALĂ GURA CALIȚEI,LACU LUI BABAN,176392,RURAL,,3962104531,"ȘC. PRIMARA ""NICOLAE V. BĂLAN"" LACU LUI BABAN","ȘCOALA PRIMARĂ ""NICOLAE V. BĂLAN"" LACU LUI BABAN",Unitate de învățământ,AR,,Un schimb/zi,Buget,Publică de interes naţional şi local,Principala,1,627166,0237255101,0237255101,samguracalitei@yahoo.com
2025-2026,VN,GURA CALIŢEI,176347,RURAL,3961105256,ȘCOALA GIMNAZIALĂ GURA CALIȚEI,PLOPU,176409,RURAL,,3962104522,ȘC. PRIMARĂ PLOPU,ȘCOALA PRIMARĂ PLOPU,Unitate de învățământ,AR,,Un schimb/zi,Buget,Publică de interes naţional şi local,Principala,1,627167,0237255101,0237255101,samguracalitei@yahoo.com
2025-2026,VN,GĂGEŞTI,175386,RURAL,3961100893,ȘCOALA GIMNAZIALĂ GĂGEȘTI,IVĂNCEŞTI,175395,RURAL,,3962102511,ȘC. PRIMARĂ IVĂNCEȘTI,ȘCOALA PRIMARĂ IVĂNCEȘTI,Unitate de învățământ,AR,,Un schimb/zi,Buget,Publică de interes naţional şi local,Principala,14,627037,0237678106,0237678106,scoalagagesti@yahoo.com
2025-2026,VN,HOMOCEA,176454,RURAL,3961100789,ȘCOALA GIMNAZIALĂ HOMOCEA,COSTIŞA,176472,RURAL,,3962105559,ȘC. PRIMARĂ COSTIȘA,ȘCOALA PRIMARĂ COSTIȘA,Unitate de învățământ,AR,,Un schimb/zi,Buget,Publică de interes naţional şi local,Principala,1,627177,0237271152,0237271152,scoalahomocea@yahoo.com
2025-2026,VN,JARIŞTEA,176515,RURAL,3961105306,ȘCOALA GIMNAZIALĂ JARIȘTEA,JARIŞTEA,176515,RURAL,,3962102104,ȘC. PRIMARĂ NR.2 JARIȘTEA,ȘCOALA PRIMARĂ NR.2 JARIȘTEA,Unitate de învățământ,AR,,Un schimb/zi,Buget,Publică de interes naţional şi local,Leopoldina Balanuta,20,627180,0237679008,0237679008,scjaristea@yahoo.com
2025-2026,VN,JARIŞTEA,176515,RURAL,3961105306,ȘCOALA GIMNAZIALĂ JARIȘTEA,PĂDURENI,176524,RURAL,,3962102624,ȘC. PRIMARĂ PĂDURENI / JARIȘTEA,ȘCOALA PRIMARĂ PĂDURENI / JARIȘTEA,Unitate de învățământ,AR,,Un schimb/zi,Buget,Publică de interes naţional şi local,Invatator Dumitru Ghe. Popa,5,627181,0237679550,0237679008,scjaristea@yahoo.com
2025-2026,VN,JARIŞTEA,176515,RURAL,3961105306,ȘCOALA GIMNAZIALĂ JARIȘTEA,VĂRSĂTURA,176542,RURAL,,3962102063,ȘC. PRIMARĂ VĂRSĂTURA,ȘCOALA PRIMARĂ VĂRSĂTURA,Unitate de învățământ,AR,,Un schimb/zi,Buget,Publică de interes naţional şi local,Emil Nica,57,627183,0237679008,0237679008,scjaristea@yahoo.com
2025-2026,VN,JITIA,176560,RURAL,3961100997,ȘCOALA GIMNAZIALĂ JITIA,CERBU,176579,RURAL,,3962104576,ȘC. PRIMARĂ CERBU,ȘCOALA PRIMARĂ CERBU,Unitate de învățământ,AR,,Un schimb/zi,Buget,Publică de interes naţional şi local,Principala,1,627186,0237259901,0237259901,scoala.gimnaziala.jitia@gmail.com
2025-2026,VN,JITIA,176560,RURAL,3961100997,ȘCOALA GIMNAZIALĂ JITIA,JITIA DE JOS,176597,RURAL,,3962104594,ȘC. PRIMARĂ NR.2 JITIA DE JOS,ȘCOALA PRIMARĂ NR.2 JITIA DE JOS,Unitate de învățământ,AR,,Un schimb/zi,Buget,Publică de interes naţional şi local,Principala,2,627188,0237259901,0237259901,scoala.gimnaziala.jitia@gmail.com
2025-2026,VN,JITIA,176560,RURAL,3961100997,ȘCOALA GIMNAZIALĂ JITIA,MĂGURA,176604,RURAL,,3962104585,ȘC. PRIMARĂ MĂGURA,ȘCOALA PRIMARĂ MĂGURA,Unitate de învățământ,AR,,Un schimb/zi,Buget,Publică de interes naţional şi local,Principala,1,627189,0237259901,0237259901,scoala.gimnaziala.jitia@gmail.com
2025-2026,VN,MERA,176695,RURAL,3961100016,"ȘCOALA GIMNAZIALĂ ""PETRE MIRONESCU-MERA"" MERA",LIVADA,176702,RURAL,,3962101261,ȘC. PRIMARĂ LIVADA,ȘCOALA PRIMARĂ LIVADA,Unitate de învățământ,AR,,Un schimb/zi,Buget,Publică de interes naţional şi local,Rozelor,8,627201,0237631072,0237631072,scoala_mera@yahoo.com
2025-2026,VN,MERA,176695,RURAL,3961100016,"ȘCOALA GIMNAZIALĂ ""PETRE MIRONESCU-MERA"" MERA",MERA,176695,RURAL,,3962101297,ȘC. PRIMARĂ NR.2 MERA,ȘCOALA PRIMARĂ NR.2 MERA,Unitate de învățământ,AR,,Un schimb/zi,Buget,Publică de interes naţional şi local,Valea Milcovului,35,627200,0237631072,0237631072,scoala_mera@yahoo.com
2025-2026,VN,MERA,176695,RURAL,3961100016,"ȘCOALA GIMNAZIALĂ ""PETRE MIRONESCU-MERA"" MERA",VULCĂNEASA,176739,RURAL,,3962101338,ȘC. PRIMARĂ NR.2 VULCĂNEASA,ȘCOALA PRIMARĂ NR.2 VULCĂNEASA,Unitate de învățământ,AR,,Un schimb/zi,Buget,Publică de interes naţional şi local,Scolii,6,627204,0237631072,0237631072,scoala_mera@yahoo.com
2025-2026,VN,MĂRĂŞEŞTI,174931,URBAN,3961100848,ȘCOALA GIMNAZIALĂ NR.2 MĂRĂȘEȘTI,CĂLIMĂNEŞTI,174977,RURAL,,3962101207,ȘC. PRIMARĂ CĂLIMĂNEȘTI,ȘCOALA PRIMARĂ CĂLIMĂNEȘTI,Unitate de învățământ,AR,,Un schimb/zi,Buget,Publică de interes naţional şi local,Principala,1,625201,0237260378,0237260378,scoalanr2_marasesti@yahoo.com
2025-2026,VN,MĂRĂŞEŞTI,174931,URBAN,3961100848,ȘCOALA GIMNAZIALĂ NR.2 MĂRĂȘEȘTI,HARET,174968,RURAL,,3962101166,ȘC. PRIMARĂ HARET,ȘCOALA PRIMARĂ HARET,Unitate de învățământ,AR,,Un schimb/zi,Buget,Publică de interes naţional şi local,Principala,1,625202,0237260378,0237260378,scoalanr2_marasesti@yahoo.com
2025-2026,VN,MĂRĂŞEŞTI,174931,URBAN,3961100848,ȘCOALA GIMNAZIALĂ NR.2 MĂRĂȘEȘTI,SIRETU,174940,RURAL,,3962102289,ȘC. PRIMARĂ SIRETU,ȘCOALA PRIMARĂ SIRETU,Unitate de învățământ,AR,,Două schimburi/zi,Buget,Publică de interes naţional şi local,Maresal Averescu,67,625205,0237260378,0237260378,scoalanr2_marasesti@yahoo.com
2025-2026,VN,NEREJU,176953,RURAL,3961100726,"ȘCOALA GIMNAZIALĂ ""DIMITRIE GUSTI"" NEREJU",BRĂDĂCEŞTI,176962,RURAL,,3962105075,ȘC. PRIMARĂ BRĂDĂCEȘTI,ȘCOALA PRIMARĂ BRĂDĂCEȘTI,Unitate de învățământ,AR,,Un schimb/zi,Buget,Publică de interes naţional şi local,Principala,95,627226,0237266140,0237266140,nerejumicscoala@yahoo.com
2025-2026,VN,NEREJU,176953,RURAL,3961100726,"ȘCOALA GIMNAZIALĂ ""DIMITRIE GUSTI"" NEREJU",CHIRICANI,176971,RURAL,,3962105093,ȘC. PRIMARĂ CHIRICARI,ȘCOALA PRIMARĂ CHIRICARI,Unitate de învățământ,AR,,Un schimb/zi,Buget,Publică de interes naţional şi local,Principala,1,627227,0237266140,0237266140,nerejumicscoala@yahoo.com
2025-2026,VN,NEREJU,176953,RURAL,3961100726,"ȘCOALA GIMNAZIALĂ ""DIMITRIE GUSTI"" NEREJU",NEREJU,176953,RURAL,,3962104002,ȘC. PRIMARĂ NR.2 NEREJU,ȘCOALA PRIMARĂ NR.2 NEREJU,Unitate de învățământ,AR,,Un schimb/zi,Buget,Publică de interes naţional şi local,Principala,2,627225,0237266003,0237266003,scoalanereju@yahoo.com
2025-2026,VN,NEREJU,176953,RURAL,3961100726,"ȘCOALA GIMNAZIALĂ ""DIMITRIE GUSTI"" NEREJU",SAHASTRU,176999,RURAL,,3962104029,ȘC. PRIMARĂ SAHASTRU,ȘCOALA PRIMARĂ SAHASTRU,Unitate de învățământ,AR,,Un schimb/zi,Buget,Publică de interes naţional şi local,Principala,1,627229,0237266003,0237266003,scoalanereju@yahoo.com
2025-2026,VN,NISTOREŞTI,177012,RURAL,3961105419,ȘCOALA GIMNAZIALĂ NISTOREȘTI,VETREŞTI-HERĂSTRĂU,177094,RURAL,,3962104092,ȘC. PRIMARĂ VETREȘTI-HERĂSTRĂU,ȘCOALA PRIMARĂ VETREȘTI-HERĂSTRĂU,Unitate de învățământ,AR,,Un schimb/zi,Buget,Publică de interes naţional şi local,Principala,1,627239,0237677463,0237677463,scoalanistoresti@yahoo.com
2025-2026,VN,NĂRUJA,176908,RURAL,3961100495,"ȘCOALA GIMNAZIALĂ ""BARBU ȘTEFĂNESCU DELAVRANCEA"" NĂRUJA",PODU NĂRUJEI,176917,RURAL,,3962104237,ȘC. PRIMARĂ PODU NĂRUJEI,ȘCOALA PRIMARĂ PODU NĂRUJEI,Unitate de învățământ,AR,,Un schimb/zi,Buget,Publică de interes naţional şi local,Principala,32,627221,0237677060,0237677120,sc.naruja_edu@yahoo.com
2025-2026,VN,ODOBEŞTI,175028,URBAN,3961100102,"LICEUL TEORETIC ""DUILIU ZAMFIRESCU"" ODOBEȘTI",UNIREA,175037,URBAN,,3962104816,ȘC. PRIMARĂ UNIREA ODOBEȘTI,ȘCOALA PRIMARĂ UNIREA ODOBEȘTI,Unitate de învățământ,AR,,Un schimb/zi,Buget,Publică de interes naţional şi local,Libertatii,386,625301,0237633010,0237675651,liceul_dzamfirescu@yahoo.com
2025-2026,VN,PALTIN,177110,RURAL,3961100798,ȘCOALA GIMNAZIALĂ PALTIN,PRAHUDA,177165,RURAL,,3962102176,ȘC. PRIMARĂ PRAHUDA,ȘCOALA PRIMARĂ PRAHUDA,Unitate de învățământ,AR,,Un schimb/zi,Buget,Publică de interes naţional şi local,Principala,1,627246,0237674126,0237674013,scoalapaltin@yahoo.com
2025-2026,VN,PLOSCUŢENI,176490,RURAL,3961100572,ȘCOALA GIMNAZIALĂ PLOSCUȚENI,ARGEA,176463,RURAL,,3962103887,ȘC. PRIMARĂ ARGEA,ȘCOALA PRIMARĂ ARGEA,Unitate de învățământ,AR,,Un schimb/zi,Buget,Publică de interes naţional şi local,Principala,1,627176,0237272305,0237272305,scoalaploscuteni@yahoo.com
2025-2026,VN,POIANA CRISTEI,177272,RURAL,3961101044,"ȘCOALA GIMNAZIALĂ ""DR. COSTICĂ BĂLAN"" POIANA CRISTEI",MAHRIU,177307,RURAL,,3962102936,ȘC. PRIMARĂ MAHRIU,ȘCOALA PRIMARĂ MAHRIU,Unitate de învățământ,AR,,Un schimb/zi,Buget,Publică de interes naţional şi local,Sperantei,59,627268,0237252263,0237252263,scoalapoianacristei@yahoo.com
2025-2026,VN,POIANA CRISTEI,177272,RURAL,3961101044,"ȘCOALA GIMNAZIALĂ ""DR. COSTICĂ BĂLAN"" POIANA CRISTEI",PETREANU,177325,RURAL,,3962102909,ȘC. PRIMARĂ PETREANU,ȘCOALA PRIMARĂ PETREANU,Unitate de învățământ,AR,,Un schimb/zi,Buget,Publică de interes naţional şi local,Educatiei,2,627271,0237252263,0237252263,scoalapoianacristei@yahoo.com
2025-2026,VN,POIANA CRISTEI,177272,RURAL,3961101044,"ȘCOALA GIMNAZIALĂ ""DR. COSTICĂ BĂLAN"" POIANA CRISTEI",TÂRÂTU,177343,RURAL,,3962102895,ȘC. PRIMARĂ TÂRÂTU,ȘCOALA PRIMARĂ TÂRÂTU,Unitate de învățământ,AR,,Un schimb/zi,Buget,Publică de interes naţional şi local,Codrilor,92,627273,0237252263,0237252263,scoalapoianacristei@yahoo.com
2025-2026,VN,PUFEŞTI,177361,RURAL,3961100486,ȘCOALA GIMNAZIALĂ PUFEȘTI,CIORANI,177370,RURAL,,3962101365,ȘC. PRIMARĂ CIORANI,ȘCOALA PRIMARĂ CIORANI,Unitate de învățământ,AR,,Un schimb/zi,Buget,Publică de interes naţional şi local,Principala,45,627276,0237263046,0237263046,scoalapufesti@yahoo.com
2025-2026,VN,PĂULEŞTI,178171,RURAL,3961100866,ȘCOALA GIMNAZIALĂ PĂULEȘTI,HĂULIŞCA,178153,RURAL,,3962101917,ȘC. PRIMARĂ HĂULIȘCA,ȘCOALA PRIMARĂ HĂULIȘCA,Unitate de învățământ,AR,,Un schimb/zi,Buget,Publică de interes naţional şi local,Principala,1,627368,0237631616,0237631616,marghiolitapopa@yahoo.com
2025-2026,VN,PĂULEŞTI,178171,RURAL,3961100866,ȘCOALA GIMNAZIALĂ PĂULEȘTI,PĂULEŞTI,178171,RURAL,,3962101935,ȘC. PRIMARĂ FUNDĂTURA,ȘCOALA PRIMARĂ PĂULEȘTI FUNDĂTURA,Unitate de învățământ,AR,,Un schimb/zi,Buget,Publică de interes naţional şi local,Unirii,31,627368,0237631616,0237631616,marghiolitapopa@yahoo.com
2025-2026,VN,PĂUNEŞTI,177245,RURAL,3961100988,ȘCOALA GIMNAZIALĂ PĂUNEȘTI,PĂUNEŞTI,177245,RURAL,,3962103688,ȘC. PRIMARĂ NOVĂCEȘTI,ȘCOALA PRIMARĂ NOVĂCEȘTI,Unitate de învățământ,AR,,Un schimb/zi,Buget,Publică de interes naţional şi local,Principala,1,627260,0237264900,0237268116,scoala_novacesti@yahoo.ro
2025-2026,VN,PĂUNEŞTI,177245,RURAL,3961100988,ȘCOALA GIMNAZIALĂ PĂUNEȘTI,PĂUNEŞTI,177245,RURAL,,3962103643,ȘC. PRIMARĂ SURLEA,ȘCOALA PRIMARĂ SURLEA,Unitate de învățământ,AR,,Un schimb/zi,Buget,Publică de interes naţional şi local,Biserica Sf.Gheorghe,30,627260,0237268321,0237268116,scoala4paunesti@gmail.com
2025-2026,VN,RUGINEŞTI,177566,RURAL,3961100165,ȘCOALA GIMNAZIALĂ RUGINEȘTI,COPĂCEŞTI,177584,RURAL,,3962101478,ȘC. PRIMARĂ COPĂCEȘTI,ȘCOALA PRIMARĂ COPĂCEȘTI,Unitate de învățământ,AR,,Un schimb/zi,Buget,Publică de interes naţional şi local,Principala,1,627297,0237269263,0237269157,scoala_ruginesti@yahoo.com
2025-2026,VN,RĂCOASA,177414,RURAL,3961100545,"ȘCOALA GIMNAZIALĂ ""ACADEMICIAN AUREL IANCU"" RĂCOASA",VERDEA,177450,RURAL,,3962102547,ȘC. PRIMARĂ VERDEA,ȘCOALA PRIMARĂ VERDEA,Unitate de învățământ,AR,,Un schimb/zi,Buget,Publică de interes naţional şi local,Principala,1,627284,0237670644,0237670646,scoalaracoasa@gmail.com
2025-2026,VN,SIHLEA,177619,RURAL,3961105324,"ȘCOALA GIMNAZIALĂ ""PRINCIPELE ȘERBAN GHICA ȘI PRINCIPESA ARISTIȚA GHICA"" SIHLEA",CĂIATA,177637,RURAL,,3962104463,ȘC. PRIMARĂ CAIATA,ȘCOALA PRIMARĂ CAIATA,Unitate de învățământ,AR,,Un schimb/zi,Buget,Publică de interes naţional şi local,Primaverii,67,627302,0237257809,0237257803,l_vespan@yahoo.com
2025-2026,VN,SLOBOZIA BRADULUI,177664,RURAL,3961101008,ȘCOALA GIMNAZIALĂ SLOBOZIA BRADULUI,CORNETU,177673,RURAL,,3962103729,ȘC. PRIMARĂ CORNETU,ȘCOALA PRIMARĂ CORNETU,Unitate de învățământ,AR,,Un schimb/zi,Buget,Publică de interes naţional şi local,Principala,1,627306,0237259010,0237259077,scoalasb@yahoo.com
2025-2026,VN,SPULBER,177174,RURAL,3961100613,ȘCOALA GIMNAZIALĂ SPULBER,CARŞOCHEŞTI-CORĂBIŢA,177129,RURAL,,3962103539,ȘC. PRIMARĂ CARȘOCHEȘTI,ȘCOALA PRIMARĂ CARȘOCHEȘTI,Unitate de învățământ,AR,,Un schimb/zi,Buget,Publică de interes naţional şi local,Principala,1,627241,0237674076,0237674076,scg.spulber@gmail.com
2025-2026,VN,STRĂOANE,177806,RURAL,3961100667,ȘCOALA GIMNAZIALĂ NR.1 STRĂOANE,MUNCELU,177815,RURAL,,3962100301,ȘC. PRIMARĂ MUNCELU,ȘCOALA PRIMARĂ MUNCELU,Unitate de învățământ,AR,,Un schimb/zi,Buget,Publică de interes naţional şi local,Scolii,6,627326,0237674800,0237674802,scoala2straoane@yahoo.com
2025-2026,VN,VIDRA,178386,RURAL,3961100762,ȘCOALA GIMNAZIALĂ ”VALERIU D. COTEA” VIDRA,BURCA,178395,RURAL,,3962104766,ȘC. PRIM. NR.1 BURCA,ȘCOALA PRIMARĂ NR.1 BURCA,Unitate de învățământ,AR,,Un schimb/zi,Buget,Publică de interes naţional şi local,Vrancei,197,627416,0237673450,0237673450,scoalavidra@yahoo.com
2025-2026,VN,VIDRA,178386,RURAL,3961100762,ȘCOALA GIMNAZIALĂ ”VALERIU D. COTEA” VIDRA,BURCA,178395,RURAL,,3962104671,ȘC. PRIMARĂ NR.2 BURCA,ȘCOALA PRIMARĂ NR.2 BURCA,Unitate de învățământ,AR,,Un schimb/zi,Buget,Publică de interes naţional şi local,Izvorului,3,627416,0237673018,0237673018,scoalavidra@yahoo.com
2025-2026,VN,VIDRA,178386,RURAL,3961100762,ȘCOALA GIMNAZIALĂ ”VALERIU D. COTEA” VIDRA,IREŞTI,178402,RURAL,,3962104653,ȘC. PRIM. IREȘTI,ȘCOALA PRIMARĂ IREȘTI,Unitate de învățământ,AR,,Un schimb/zi,Buget,Publică de interes naţional şi local,Independentei,64,627417,0237672000,0237672000,scoalavidra@yahoo.com
2025-2026,VN,VIDRA,178386,RURAL,3961100762,ȘCOALA GIMNAZIALĂ ”VALERIU D. COTEA” VIDRA,TICHIRIŞ,178448,RURAL,,3962104703,ȘC. PRIMARĂ TICHIRIȘ,ȘCOALA PRIMARĂ TICHIRIȘ,Unitate de învățământ,AR,,Un schimb/zi,Buget,Publică de interes naţional şi local,Scolii,5,627422,0237673018,0237673018,scoalavidra@yahoo.com
2025-2026,VN,VIDRA,178386,RURAL,3961100762,ȘCOALA GIMNAZIALĂ ”VALERIU D. COTEA” VIDRA,VIIŞOARA,178457,RURAL,,3962105152,ȘC. PRIMARĂ VIIȘOARA,ȘCOALA PRIMARĂ VIIȘOARA,Unitate de învățământ,AR,,Un schimb/zi,Buget,Publică de interes naţional şi local,Independentei,34,627423,0237673018,0237673018,scoalavidra@yahoo.com
2025-2026,VN,VIZANTEA RĂZĂŞEASCĂ,178590,RURAL,3961100025,ȘCOALA GIMNAZIALĂ VIZANTEA RĂZĂȘEASCĂ,LIVEZILE,178554,RURAL,,3962102633,"ȘC. PRIMARĂ ""CORNEL COMAN"" LIVEZILE","ȘCOALA PRIMARĂ ""CORNEL COMAN"" LIVEZILE",Unitate de învățământ,AR,,Un schimb/zi,Buget,Publică de interes naţional şi local,Principala,1,627436,0237264050,0237264280,scoalavizantearaz@yahoo.com
2025-2026,VN,VRÂNCIOAIA,178769,RURAL,3961100803,"ȘCOALA GIMNAZIALĂ ""NECULAI JECHIANU"" VRÂNCIOAIA",MUNCEI,178787,RURAL,,3962104341,ȘC. PRIMARĂ MUNCEI,ȘCOALA PRIMARĂ MUNCEI,Unitate de învățământ,AR,,Un schimb/zi,Buget,Publică de interes naţional şi local,Principala,1,627447,0237671122,0237671122,scoala_vrincioaia@yahoo.com
2025-2026,VN,VRÂNCIOAIA,178769,RURAL,3961100803,"ȘCOALA GIMNAZIALĂ ""NECULAI JECHIANU"" VRÂNCIOAIA",PLOŞTINA,178796,RURAL,,3962104359,ȘC. PRIMARĂ PLOȘTINA,ȘCOALA PRIMARĂ PLOȘTINA,Unitate de învățământ,AR,,Un schimb/zi,Buget,Publică de interes naţional şi local,Principala,1,627448,0237671122,0237671122,scoala_vrincioaia@yahoo.com
2025-2026,VN,VRÂNCIOAIA,178769,RURAL,3961100803,"ȘCOALA GIMNAZIALĂ ""NECULAI JECHIANU"" VRÂNCIOAIA",POIANA,178803,RURAL,,3962104314,ȘC. PRIMARĂ POIANA,ȘCOALA PRIMARĂ POIANA,Unitate de învățământ,AR,,Un schimb/zi,Buget,Publică de interes naţional şi local,Principala,1,627449,0372743381,0237671122,scoala_vrincioaia@yahoo.com
2025-2026,VN,VRÂNCIOAIA,178769,RURAL,3961100803,"ȘCOALA GIMNAZIALĂ ""NECULAI JECHIANU"" VRÂNCIOAIA",SPINEŞTI,178812,RURAL,,3962104332,ȘC. PRIMARĂ SPINEȘTI,ȘCOALA PRIMARĂ SPINEȘTI,Unitate de învățământ,AR,,Un schimb/zi,Buget,Publică de interes naţional şi local,Principala,1,627451,0237631615,0237671122,scoala_vrincioaia@yahoo.com
2025-2026,VN,ŞERBĂNEŞTI,175796,RURAL,3961100744,ȘCOALA GIMNAZIALĂ ȘERBĂNEȘTI,BUDA,175803,RURAL,,3962103376,ȘC. PRIMARĂ BUDA,ȘCOALA PRIMARĂ BUDA,Unitate de învățământ,AR,,Un schimb/zi,Buget,Publică de interes naţional şi local,Principala,1,627091,0237270701,0237270701,scoala_serbanesti@yahoo.com
2025-2026,VN,ŢIFEŞTI,178199,RURAL,3961100631,ȘCOALA GIMNAZIALĂ ȚIFEȘTI,CLIPICEŞTI,178215,RURAL,,3962101772,ȘC. PRIM. CLIPICEȘTI,ȘCOALA PRIMARĂ CLIPICEȘTI,Unitate de învățământ,AR,,Un schimb/zi,Buget,Publică de interes naţional şi local,Principala,1,627377,0237269737,0237269737,scoalatifesti@yahoo.com
2025-2026,VS,ALBEŞTI,162023,RURAL,3761104995,"ȘCOALA GIMNAZIALĂ NR. 1, SAT ALBEȘTI",CRASNA,162041,RURAL,,3762104077,S04 CRASNA,"ȘCOALA PRIMARĂ, SAT CRASNA",Unitate de învățământ,AR,,Un schimb/zi,Buget,Publică de interes naţional şi local, , ,,0235344075,0235344075,scoalaalbestivs@gmail.com
2025-2026,VS,BEREZENI,162504,RURAL,3761104172,"ȘCOALA GIMNAZIALĂ ""ANASTASIE FĂTU"", SAT BEREZENI",MUŞATA,162513,RURAL,,3762101825,S04 MUȘATA,"ȘCOALA PRIMARĂ, SAT MUȘATA",Unitate de învățământ,AR,,Un schimb/zi,Buget,Publică de interes naţional şi local, PRINCIPALA,1 ,737066,0235431105,0235431105,scoalaberezeni@yahoo.com
2025-2026,VS,BOGDANA,162602,RURAL,3761104258,"ȘCOALA GIMNAZIALĂ NR. 1, SAT BOGDANA",GĂVANU,162639,RURAL,,3762106296,S04 GĂVANU,"ȘCOALA PRIMARĂ, SAT GĂVANU",Unitate de învățământ,AR,,Un schimb/zi,Buget,Publică de interes naţional şi local, , ,737078,0235428833,0235428833,SCOALA.BOGDANA@YAHOO.COM
2025-2026,VS,BOGDANA,162602,RURAL,3761104258,"ȘCOALA GIMNAZIALĂ NR. 1, SAT BOGDANA",LACU BABEI,162648,RURAL,,3762106328,S04 LACU BABEI,"ȘCOALA PRIMARĂ, SAT LACU-BABEI",Unitate de învățământ,AR,,Un schimb/zi,Buget,Publică de interes naţional şi local, , ,737079,0235428833,0235428833,SCOALA.BOGDANA@YAHOO.COM
2025-2026,VS,BOGDĂNEŞTI,162700,RURAL,3761100037,"ȘCOALA GIMNAZIALĂ ""HORIA STAMATIN"", SAT BOGDĂNEȘTI",ORGOIEŞTI,162746,RURAL,,3762107944,S04 ORGOIEŞTI,"ŞCOALA PRIMARĂ ”ACADEMICIAN RĂȘCANU C. VASILE”, SAT ORGOIEŞTI",Unitate de învățământ,AR,,Un schimb/zi,Buget,Publică de interes naţional şi local,ORGOIEŞTI,1,,0235428729,0235428729,scoalabogdanesti@yahoo.com
2025-2026,VS,BOGDĂNEŞTI,162700,RURAL,3761100037,"ȘCOALA GIMNAZIALĂ ""HORIA STAMATIN"", SAT BOGDĂNEȘTI",ULEA,162755,RURAL,,3762103809,S04 ULEA,"ȘCOALA PRIMARĂ, SAT ULEA",Unitate de învățământ,AR,,Un schimb/zi,Buget,Publică de interes naţional şi local,Principală,1 ,737091,0235428729,0235428729,scoalabogdanesti@yahoo.com
2025-2026,VS,BĂCANI,162336,RURAL,3761104891,"ȘCOALA GIMNAZIALĂ NR. 1, SAT BĂCANI",BĂLTĂŢENI,162345,RURAL,,3762102116,S04 BĂLTĂȚENI,"ȘCOALA PRIMARĂ, SAT BĂLTĂȚENI",Unitate de învățământ,AR,,Un schimb/zi,Buget,Publică de interes naţional şi local, , ,,0235429328,0235429328,scoala.bacani@isjvs.ro.ro
2025-2026,VS,BĂCANI,162336,RURAL,3761104891,"ȘCOALA GIMNAZIALĂ NR. 1, SAT BĂCANI",DRUJEŞTI,162354,RURAL,,3762102161,S04 DRUJEȘTI,"ȘCOALA PRIMARĂ, SAT DRUJEȘTI",Unitate de învățământ,AR,,Un schimb/zi,Buget,Publică de interes naţional şi local, , ,,0235429328,0235429328,scoala.bacani@isjvs.ro
2025-2026,VS,BĂCANI,162336,RURAL,3761104891,"ȘCOALA GIMNAZIALĂ NR. 1, SAT BĂCANI",SUSENI,162363,RURAL,,3762102134,S04 SUSENI,"ȘCOALA PRIMARĂ, SAT SUSENI",Unitate de învățământ,AR,,Un schimb/zi,Buget,Publică de interes naţional şi local, , ,,0235429328,0235429328,scoala.bacani@isjvs.ro
2025-2026,VS,BĂCEŞTI,162390,RURAL,3761104204,"ȘCOALA GIMNAZIALĂ ""TEODOR JUNCU"", SAT BĂCEȘTI",BĂBUŞA,162416,RURAL,,3762101888,S04 BĂBUȘA,"ȘCOALA PRIMARĂ, SAT BĂBUȘA",Unitate de învățământ,AR,,Un schimb/zi,Buget,Publică de interes naţional şi local,PRINCIPALĂ,1,737052,0235458518,0235458518,SCOALA.BACESTI@YAHOO.COM
2025-2026,VS,BĂCEŞTI,162390,RURAL,3761104204,"ȘCOALA GIMNAZIALĂ ""TEODOR JUNCU"", SAT BĂCEȘTI",PĂLTINIŞ,162425,RURAL,,3762101897,S04 PĂLTINIȘ,"ȘCOALA PRIMARĂ, SAT PĂLTINIȘ",Unitate de învățământ,AR,,Un schimb/zi,Buget,Publică de interes naţional şi local,PRINCIPALĂ,1,737053,0235458518,0235458518,SCOALA.BACESTI@YAHOO.COM
2025-2026,VS,CEPEŞTI,162817,RURAL,3761107496,"ȘCOALA GIMNAZIALĂ NR. 1, SAT CEPEȘTI",COROIEŞTI,162835,RURAL,,3762102075,S04 COROIEȘTI,"ȘCOALA PRIMARĂ, SAT COROIEȘTI",Unitate de învățământ,AR,,Un schimb/zi,Buget,Publică de interes naţional şi local,Principală,1,737098,0763846085,0235428897,scoala_coroiesti2000@yahoo.com
2025-2026,VS,CEPEŞTI,162817,RURAL,3761107496,"ȘCOALA GIMNAZIALĂ NR. 1, SAT CEPEȘTI",TUNSEŞTI,162862,RURAL,,3762102048,S04 TUNSEȘTI,"ȘCOALA PRIMARĂ, SAT TUNSEȘTI",Unitate de învățământ,AR,,Un schimb/zi,Buget,Publică de interes naţional şi local,Principală,1,737105,0763846085,0235428897,scoala_coroiesti2000@yahoo.com
2025-2026,VS,CIOCANI,165292,RURAL,3761104475,"ȘCOALA GIMNAZIALĂ ""TEODOR MEDELEANU"", SAT CIOCANI",CRÂNG,165309,RURAL,,3762105381,S04 CRÂNG,"ȘCOALA PRIMARĂ, SAT CRÂNG",Unitate de învățământ,AR,,Un schimb/zi,Buget,Publică de interes naţional şi local,Principală,1,737407,0374967010,0374097413,scoala.ciocani2011@yahoo.com
2025-2026,VS,CIOCANI,165292,RURAL,3761104475,"ȘCOALA GIMNAZIALĂ ""TEODOR MEDELEANU"", SAT CIOCANI",CRÂNGU NOU,165318,RURAL,,3762105372,S04 CRÂNGU NOU,"ȘCOALA PRIMARĂ, SAT CRÂNGU NOU",Unitate de învățământ,AR,,Un schimb/zi,Buget,Publică de interes naţional şi local,Principală,1,737408,0374967010,0374097413,scoala.ciocani2011@yahoo.co
2025-2026,VS,CODĂEŞTI,163011,RURAL,3761105223,"LICEUL ""ȘTEFAN CEL MARE"", SAT CODĂEȘTI",REDIU GALIAN,163048,RURAL,,3762106509,S04 REDIU GALIAN,"ȘCOALA PRIMARĂ, SAT REDIU GALIAN",Unitate de învățământ,AR,,Un schimb/zi,Buget,Publică de interes naţional şi local, , ,737133,0235341302,0235341302,grupsccod@yahoo.com
2025-2026,VS,COROIEŞTI,163066,RURAL,3761104439,"ȘCOALA GIMNAZIALĂ ""GEORGE C. DRAGU"", SAT COROIEȘTI",HREASCA,163093,RURAL,,3762103691,S04 HREASCA,"ȘCOALA PRIMARĂ, SAT HREASCA",Unitate de învățământ,AR,,Un schimb/zi,Buget,Publică de interes naţional şi local,Principală,1,737138,0372766340,0372766340,scoalacoroiesti2011@gmail.com
2025-2026,VS,CREŢEŞTII DE SUS,163235,RURAL,3761107659,"ȘCOALA GIMNAZIALĂ ""MARIN BENGHIUȘ, SAT CREȚEȘTII DE SUS",CREŢEŞTI,163217,RURAL,,3762105874,S04 CREȚEȘTI,"ȘCOALA PRIMARĂ, SAT CREȚEȘTI",Unitate de învățământ,AR,,Un schimb/zi,Buget,Publică de interes naţional şi local, SCOLII, 9,737155,0235480040,0235480040,scoala_cretesti@yahoo.com
2025-2026,VS,DELENI,163333,RURAL,3761107519,"ȘCOALA GIMNAZIALĂ NR. 1, SAT DELENI",DELENI,163333,RURAL,,3762105639,S04 DELENI,"ȘCOALA PRIMARĂ, SAT DELENI",Unitate de învățământ,AR,,Un schimb/zi,Buget,Publică de interes naţional şi local, , ,737170,0235345208,0235345208,SCOALAGIMNAZIALADELENI@YAHOO.COM
2025-2026,VS,DODEŞTI,166725,RURAL,3761105078,"ȘCOALA GIMNAZIALĂ ""VICTOR ION POPA"", SAT DODEȘTI",DODEŞTI,166725,RURAL,,3762107953,S04 TĂMĂȘENI,"ȘCOALA PRIMARĂ TĂMĂȘENI, SAT DODEȘTI",Unitate de învățământ,AR,,Un schimb/zi,Buget,Publică de interes naţional şi local,TĂMĂȘENI,1,,0235433398,0235433398,scoala_dodesti@yahoo.com
2025-2026,VS,DRAXENI,165755,RURAL,3761104665,"ȘCOALA GIMNAZIALĂ NR. 1, SAT DRAXENI",BOLAŢI,165737,RURAL,,3762102505,S04 BOLAȚI,"ȘCOALA PRIMARĂ, SAT BOLAȚI",Unitate de învățământ,AR,,Un schimb/zi,Buget,Publică de interes naţional şi local,PRINCIPALĂ,1,737456,0235457009,0235457009,scoalarebricea@yahoo.com
2025-2026,VS,DRAXENI,165755,RURAL,3761104665,"ȘCOALA GIMNAZIALĂ NR. 1, SAT DRAXENI",CRĂCIUNEŞTI,165746,RURAL,,3762102283,S04 CRĂCIUNEȘTI,"ȘCOALA PRIMARĂ, SAT CRĂCIUNEȘTI",Unitate de învățământ,AR,,Un schimb/zi,Buget,Publică de interes naţional şi local,PRINCIPALĂ,1,737457,0235457009,0235457009,scoalarebricea@yahoo.com
2025-2026,VS,DRAXENI,165755,RURAL,3761104665,"ȘCOALA GIMNAZIALĂ NR. 1, SAT DRAXENI",RATEŞU CUZEI,165773,RURAL,,3762102351,S04 RATEȘU CUZEI,"ȘCOALA PRIMARĂ, SAT RATEȘU CUZEI",Unitate de învățământ,AR,,Un schimb/zi,Buget,Publică de interes naţional şi local,PRINCIPALĂ,1,737461,0235457009,0235457009,scoalarebricea@yahoo.com
2025-2026,VS,DRAXENI,165755,RURAL,3761104665,"ȘCOALA GIMNAZIALĂ NR. 1, SAT DRAXENI",SASOVA,165782,RURAL,,3762102333,S04 SASOVA,"ȘCOALA PRIMARĂ, SAT SASOVA",Unitate de învățământ,AR,,Un schimb/zi,Buget,Publică de interes naţional şi local,PRINCIPALĂ,1,737462,0235457009,0235457009,scoalarebricea@yahoo.com
2025-2026,VS,DRAXENI,165755,RURAL,3761104665,"ȘCOALA GIMNAZIALĂ NR. 1, SAT DRAXENI",TATOMIREŞTI,165791,RURAL,,3762102482,S04 TATOMIREȘTI,"ȘCOALA PRIMARĂ, SAT TATOMIREȘTI",Unitate de învățământ,AR,,Un schimb/zi,Buget,Publică de interes naţional şi local,PRINCIPALĂ,1,737463,0235457009,0235457009,scoalarebricea@yahoo.com
2025-2026,VS,DRAXENI,165755,RURAL,3761104665,"ȘCOALA GIMNAZIALĂ NR. 1, SAT DRAXENI",TUFEŞTII DE JOS,165808,RURAL,,3762102265,S04 TUFEȘTII DE JOS,"ȘCOALA PRIMARĂ, SAT TUFEȘTII DE JOS",Unitate de învățământ,AR,,Un schimb/zi,Buget,Publică de interes naţional şi local,PRINCIPALĂ,1,737464,0235457009,0235457009,scoalarebricea@yahoo.com
2025-2026,VS,DUMEŞTI,163743,RURAL,3761107442,"ȘCOALA GIMNAZIALĂ ""MAREȘAL CONSTANTIN PREZAN"", SAT DUMEȘTI",VALEA MARE,163770,RURAL,,3762106762,S04 VALEA MARE,"ȘCOALA PRIMARĂ, SAT VALEA MARE",Unitate de învățământ,AR,,Un schimb/zi,Buget,Publică de interes naţional şi local,PRINCIPALĂ,42,737238,0235459066,0235459066,scoaladumesti@yahoo.com
2025-2026,VS,DĂNEŞTI,163262,RURAL,3761100177,"ȘCOALA GIMNAZIALĂ ""GRIGORE T. POPA"", SAT DĂNEȘTI",BEREASA,163271,RURAL,,3762107297,S04 BEREASA,"ȘCOALA PRIMARĂ, SAT BEREASA",Unitate de învățământ,AR,,Un schimb/zi,Buget,Publică de interes naţional şi local, , ,737161,0235341518,0235341518,SCOALADANESTI@YAHOO.COM
2025-2026,VS,EPURENI,163798,RURAL,3761107487,"ȘCOALA GIMNAZIALĂ ""MANOLACHE COSTACHE EPUREANU"", SAT EPURENI",BURSUCI,163814,RURAL,,3762103067,S04 BURSUCI NR. 1,"ȘCOALA PRIMARĂ NR. 1, SAT BURSUCI",Unitate de învățământ,AR,,Un schimb/zi,Buget,Publică de interes naţional şi local, PRINCIPALA, 1,737242,0235429606,0235429606,samepureni_epureni@yahoo.com
2025-2026,VS,EPURENI,163798,RURAL,3761107487,"ȘCOALA GIMNAZIALĂ ""MANOLACHE COSTACHE EPUREANU"", SAT EPURENI",BÂRLĂLEŞTI,163805,RURAL,,3762103058,S04 BÂRLĂLEȘTI,"ȘCOALA PRIMARĂ, SAT BÂRLĂLEȘTI",Unitate de învățământ,AR,,Un schimb/zi,Buget,Publică de interes naţional şi local, PRINCIPALA, 1,737241,0235429606,0235429606,samepureni_epureni@yahoo.com
2025-2026,VS,EPURENI,163798,RURAL,3761107487,"ȘCOALA GIMNAZIALĂ ""MANOLACHE COSTACHE EPUREANU"", SAT EPURENI",HORGA,163823,RURAL,,3762103031,S04 HORGA,"ȘCOALA PRIMARĂ, SAT HORGA",Unitate de învățământ,AR,,Un schimb/zi,Buget,Publică de interes naţional şi local, PRINCIPALA, ,737243,0235429606,0235429606,samepureni_epureni@yahoo.com
2025-2026,VS,FÂSTÂCI,163422,RURAL,3761104724,"ȘCOALA GIMNAZIALĂ ""CEZAR BOTEZ"", SAT FÂSTÂCI",BĂLEŞTI,163404,RURAL,,3762101775,S04 BĂLEȘTI,"ȘCOALA PRIMARĂ, SAT BĂLEȘTI",Unitate de învățământ,AR,,Un schimb/zi,Buget,Publică de interes naţional şi local,PRINCIPALĂ,1,737177,0729892254,0729892254,fastaciscoala@yahoo.com
2025-2026,VS,FĂLCIU,163841,RURAL,3761104493,"LICEUL TEHNOLOGIC ""DIMITRIE CANTEMIR"", SAT FĂLCIU",BOGDĂNEŞTI,163850,RURAL,,3762103316,S04 BOGDĂNEȘTI,"ȘCOALA PRIMARĂ, SAT BOGDĂNEȘTI",Unitate de învățământ,AR,,Un schimb/zi,Buget,Publică de interes naţional şi local, , ,,0235430137,0235430137,liceultehnologic.falciu@yahoo.ro
2025-2026,VS,FĂLCIU,163841,RURAL,3761104493,"LICEUL TEHNOLOGIC ""DIMITRIE CANTEMIR"", SAT FĂLCIU",COPĂCEANA,163878,RURAL,,3762103284,S04 COPĂCEANA,"ȘCOALA PRIMARĂ, SAT COPĂCEANA",Unitate de învățământ,AR,,Un schimb/zi,Buget,Publică de interes naţional şi local, , ,,0235430137,0235430137,liceultehnologic.falciu@yahoo.ro
2025-2026,VS,GARA BANCA,162201,RURAL,3761104421,"ȘCOALA GIMNAZIALĂ NR. 1, SAT GARA BANCA",GHERMĂNEŞTI,162229,RURAL,,3762104005,S04 GHERMĂNEȘTI,"ȘCOALA PRIMARĂ, SAT GHERMĂNEȘTI",Unitate de învățământ,AR,,Un schimb/zi,Buget,Publică de interes naţional şi local,Principală,1,737028,0235437108,0235414108,sc_garabanca@yahoo.com
2025-2026,VS,GARA BANCA,162201,RURAL,3761104421,"ȘCOALA GIMNAZIALĂ NR. 1, SAT GARA BANCA",MICLEŞTI,162238,RURAL,,3762103913,S04 MICLEȘTI,"ȘCOALA PRIMARĂ, SAT MICLEȘTI",Unitate de învățământ,AR,,Un schimb/zi,Buget,Publică de interes naţional şi local,Principală,1,737029,0235437108,0235437108,sc_garabanca@yahoo.com
2025-2026,VS,GARA BANCA,162201,RURAL,3761104421,"ȘCOALA GIMNAZIALĂ NR. 1, SAT GARA BANCA",MITOC,162247,RURAL,,3762103985,S04 MITOC,"ȘCOALA PRIMARĂ, SAT MITOC",Unitate de învățământ,AR,,Un schimb/zi,Buget,Publică de interes naţional şi local,Principală,1,737031,0235437108,0235437108,sc_garabanca@yahoo.com
2025-2026,VS,GARA BANCA,162201,RURAL,3761104421,"ȘCOALA GIMNAZIALĂ NR. 1, SAT GARA BANCA",STOIŞEŞTI,162283,RURAL,,3762103881,S04 STOIȘEȘTI,"ȘCOALA PRIMARĂ, SAT STOIȘEȘTI",Unitate de învățământ,AR,,Un schimb/zi,Buget,Publică de interes naţional şi local,Principală,1,737036,0235437221,0235414108,sc_garabanca@yahoo.com
2025-2026,VS,GHERGHEŞTI,163976,RURAL,3761104733,"ȘCOALA GIMNAZIALĂ NR. 1, SAT GHERGHEȘTI",DRĂXENI,164017,RURAL,,3762103203,S04 DRAXENI,"ȘCOALA PRIMARĂ, SAT DRAXENI",Unitate de învățământ,AR,,Un schimb/zi,Buget,Publică de interes naţional şi local, , ,,0235427328,0235427328,SCOALA.GHERGHESTI@YAHOO.COM
2025-2026,VS,GHERGHEŞTI,163976,RURAL,3761104733,"ȘCOALA GIMNAZIALĂ NR. 1, SAT GHERGHEȘTI",GHERGHEŞTI,163976,RURAL,,3762103221,S04 GHERGHEȘTI,"ȘCOALA PRIMARĂ, SAT GHERGHEȘTI",Unitate de învățământ,AR,,Un schimb/zi,Buget,Publică de interes naţional şi local, , ,,0235427328,0235427328,SCOALA.GHERGHESTI@YAHOO.COM
2025-2026,VS,GHERGHEŞTI,163976,RURAL,3761104733,"ȘCOALA GIMNAZIALĂ NR. 1, SAT GHERGHEȘTI",LUNCA,164035,RURAL,,3762103189,S04 LUNCA,"ȘCOALA PRIMARĂ, SAT LUNCA",Unitate de învățământ,AR,,Un schimb/zi,Buget,Publică de interes naţional şi local, , ,,0235427328,0235427328,SCOALA.GHERGHESTI@YAHOO.COM
2025-2026,VS,GÂRCENI,164071,RURAL,3761104294,"ȘCOALA GIMNAZIALĂ NR. 1, SAT GÂRCENI",RACOVIŢA,164106,RURAL,,3762107225,S04 RACOVIȚA,"ȘCOALA PRIMARĂ, SAT RACOVIȚA",Unitate de învățământ,AR,,Un schimb/zi,Buget,Publică de interes naţional şi local,PRINCIPALĂ,1,737263,0235347186,0235347186,scoala_garceni@yahoo.ro
2025-2026,VS,GÂRCENI,164071,RURAL,3761104294,"ȘCOALA GIMNAZIALĂ NR. 1, SAT GÂRCENI",SLOBOZIA,164115,RURAL,,3762107216,S04 SLOBOZIA,"ȘCOALA PRIMARĂ, SAT SLOBOZIA",Unitate de învățământ,AR,,Un schimb/zi,Buget,Publică de interes naţional şi local,PRINCIPALĂ,1,737264,0235347186,0235347186,scoala_garceni@yahoo.ro
2025-2026,VS,GÂRCENI,164071,RURAL,3761104294,"ȘCOALA GIMNAZIALĂ NR. 1, SAT GÂRCENI",TROHAN,164124,RURAL,,3762107139,S04 TROHAN,"ȘCOALA PRIMARĂ, SAT TROHAN",Unitate de învățământ,AR,,Un schimb/zi,Buget,Publică de interes naţional şi local,PRINCIPALĂ,1,737266,0235347186,0235347186,scoala_garceni@yahoo.ro
2025-2026,VS,GĂGEŞTI,163912,RURAL,3761104448,"ȘCOALA GIMNAZIALĂ ""ION ARTENE"", SAT GĂGEȘTI",PEICANI,163930,RURAL,,3762105277,S04 PEICANI,"ȘCOALA PRIMARĂ ""DUMITRU MARIN"", SAT PEICANI",Unitate de învățământ,AR,,Un schimb/zi,Buget,Publică de interes naţional şi local,Principală,1,737257,0235429975,0235429760,scoalagimnazialaionartenegagesti@yahoo.com
2025-2026,VS,HOCENI,164204,RURAL,3761104873,"ȘCOALA GIMNAZIALĂ NR. 1, SAT HOCENI",DELENI,164222,RURAL,,3762103117,S04 DELENI,"ȘCOALA PRIMARĂ, SAT DELENI",Unitate de învățământ,AR,,Un schimb/zi,Buget,Publică de interes naţional şi local, PRINCIPALA,1 ,737287,0235485310,0235485310,SCOALA.HOCENI@YAHOO.COM
2025-2026,VS,HOCENI,164204,RURAL,3761104873,"ȘCOALA GIMNAZIALĂ NR. 1, SAT HOCENI",OŢELENI,164231,RURAL,,3762103076,S04 OȚELENI,"ȘCOALA PRIMARĂ ""ING. IOAN CIOMAGA"", SAT OȚELENI",Unitate de învățământ,AR,,Un schimb/zi,Buget,Publică de interes naţional şi local, PRINCIPALA, 1,737285,0235485310,0235485310,SCOALA.HOCENI@YAHOO.COM
2025-2026,VS,HURDUGI,164286,RURAL,3761104864,"ȘCOALA GIMNAZIALĂ NR. 1, SAT HURDUGI",GRUMEZOAIA,164295,RURAL,,3762103587,S04 GRUMEZOAIA,"ȘCOALA PRIMARĂ, SAT GRUMEZOAIA",Unitate de învățământ,AR,,Un schimb/zi,Buget,Publică de interes naţional şi local, PRINCIPALA, 1,737191,0235485481,0235485394,scoalahurdugivs@yahoo.com
2025-2026,VS,HURDUGI,164286,RURAL,3761104864,"ȘCOALA GIMNAZIALĂ NR. 1, SAT HURDUGI",GUŞIŢEI,164302,RURAL,,3762103596,S04 GUȘIȚEI,"ȘCOALA PRIMARĂ, SAT GUȘIȚEI",Unitate de învățământ,AR,,Un schimb/zi,Buget,Publică de interes naţional şi local, PRINCIPALA, 1,737192,0235485394,0235485394,scoalahurdugivs@yahoo.com
2025-2026,VS,IANA,164348,RURAL,3761104109,"ȘCOALA GIMNAZIALĂ NR. 1, SAT IANA",HĂLĂREŞTI,164357,RURAL,,3762101644,S04 HĂLĂREȘTI,"ȘCOALA PRIMARĂ, SAT HĂLĂREȘTI",Unitate de învățământ,AR,,Un schimb/zi,Buget,Publică de interes naţional şi local,Principală,1,,0235436212,0235436212,ianasat14@gmail.com
2025-2026,VS,IANA,164348,RURAL,3761104109,"ȘCOALA GIMNAZIALĂ NR. 1, SAT IANA",SILIŞTEA,164375,RURAL,,3762101608,S04 SILIȘTEA,"ȘCOALA PRIMARĂ, SAT SILIȘTEA",Unitate de învățământ,AR,,Un schimb/zi,Buget,Publică de interes naţional şi local,Principală,1,737298,0235436212,0235436212,ianasat14@gmail.com
2025-2026,VS,IBĂNEŞTI,162103,RURAL,3761104846,"ȘCOALA GIMNAZIALĂ NR. 1, SAT IBĂNEȘTI",MÂNZAŢI,162112,RURAL,,3762105716,S04 MÂNZAȚI,"ȘCOALA PRIMARĂ, SAT MÂNZAȚI",Unitate de învățământ,AR,,Un schimb/zi,Buget,Publică de interes naţional şi local,Principală,1,737014,0235429309,0235429309,scoala.ibanesti@gmail.com
2025-2026,VS,IVĂNEŞTI,164400,RURAL,3761104602,"ȘCOALA GIMNAZIALĂ ""IONEL MIRON"", SAT IVĂNEȘTI",COŞEŞTI,164464,RURAL,,3762102957,S04 COȘEȘTI,"ȘCOALA PRIMARĂ, SAT COȘEȘTI",Unitate de învățământ,AR,,Un schimb/zi,Buget,Publică de interes naţional şi local, , ,,0235340644,0235340644,SCOALA_IVANESTI@YAHOO.COM
2025-2026,VS,LIPOVĂŢ,164696,RURAL,3761104579,"ȘCOALA GIMNAZIALĂ ""ȘTEFAN CIOBOTĂRAȘU"", SAT LIPOVĂȚ",CĂPUŞNENI,164703,RURAL,,3762100462,S04 CĂPUȘNENI,"ȘCOALA PRIMARĂ, SAT CĂPUȘNENI",Unitate de învățământ,AR,,Un schimb/zi,Buget,Publică de interes naţional şi local, , ,,0235345686,0235345686,SCOALALIPOVATVASLUI@YAHOO.COM
2025-2026,VS,LUNCA BANULUI,164758,RURAL,3761104706,"ȘCOALA GIMNAZIALĂ NR. 1, SAT LUNCA-BANULUI",OŢETOAIA,164801,RURAL,,3762102758,S04 OȚETOAIA,"ȘCOALA PRIMARĂ, SAT OȚETOAIA",Unitate de învățământ,AR,,Un schimb/zi,Buget,Publică de interes naţional şi local, PRINCIPALA, 1,737346,0235483521,0235483521,samluncabanului@yahoo.com
2025-2026,VS,MICLEŞTI,164909,RURAL,3761105232,"ȘCOALA GIMNAZIALĂ ""ȘTEFAN CEL MARE"", SAT MICLEȘTI",CHIRCEŞTI,164918,RURAL,,3762101499,S04 CHIRCEȘTI,"ȘCOALA PRIMARĂ, SAT CHIRCEȘTI",Unitate de învățământ,AR,,Un schimb/zi,Buget,Publică de interes naţional şi local, , ,,0235348150,0235348150,scoala.miclesti@gmail.com
2025-2026,VS,MUNTENII DE SUS,166217,RURAL,3761105128,"ȘCOALA GIMNAZIALĂ ""ION AGARICI"", SAT MUNTENII DE SUS",SATU NOU,166226,RURAL,,3762105544,S04 SATU NOU,"ȘCOALA PRIMARĂ, SAT SATU NOU",Unitate de învățământ,AR,,Un schimb/zi,Buget,Publică de interes naţional şi local,PRINCIPALĂ,1,737513,0235316074,0235319758,scoala.munteniidesus@isjvs.ro
2025-2026,VS,MURGENI,164990,URBAN,3761104507,"LICEUL TEHNOLOGIC ""GHENUȚĂ COMAN"", ORAȘ MURGENI",CÂRJA,165005,RURAL,,3762102247,S04 CÂRJA,"ȘCOALA PRIMARĂ, SAT CÂRJA",Unitate de învățământ,AR,,Un schimb/zi,Buget,Publică de interes naţional şi local, , ,,0235310000,0235310000,SCOALASARATENI@YAHOO.COM
2025-2026,VS,MURGENI,164990,URBAN,3761104507,"LICEUL TEHNOLOGIC ""GHENUȚĂ COMAN"", ORAȘ MURGENI",RAIU,165041,RURAL,,3762102202,S04 RAIU,"ȘCOALA PRIMARĂ, SAT RAIU",Unitate de învățământ,AR,,Un schimb/zi,Buget,Publică de interes naţional şi local, , ,,0235310000,0235310000,SCOALASARATENI@YAHOO.COM
2025-2026,VS,MĂLUŞTENI,164838,RURAL,3761104127,"ȘCOALA GIMNAZIALĂ NR. 1, SAT MĂLUȘTENI",LUPEŞTI,164856,RURAL,,3762101531,S04 LUPEȘTI,"ȘCOALA PRIMARĂ, SAT LUPEȘTI",Unitate de învățământ,AR,,Un schimb/zi,Buget,Publică de interes naţional şi local, , ,,0235426449,0235426449,SCOALAMALUSTENI@YAHOO.COM
2025-2026,VS,MĂLUŞTENI,164838,RURAL,3761104127,"ȘCOALA GIMNAZIALĂ NR. 1, SAT MĂLUȘTENI",ŢUŢCANI,164883,RURAL,,3762101576,S04 ȚUȚCANI,"ȘCOALA PRIMARĂ, SAT ȚUȚCANI",Unitate de învățământ,AR,,Un schimb/zi,Buget,Publică de interes naţional şi local, , ,,0235426449,0235426449,SCOALAMALUSTENI@YAHOO.COM
2025-2026,VS,NEGREŞTI,161865,URBAN,3761105146,"ȘCOALA GIMNAZIALĂ ""MIHAI DAVID"", ORAȘ NEGREȘTI",CIOATELE,161883,RURAL,,3762102428,S04 CIOATELE,"ȘCOALA PRIMARĂ, SAT CIOATELE",Unitate de învățământ,AR,,Un schimb/zi,Buget,Publică de interes naţional şi local,PRINCIPALĂ,1,735202,0235458170,0235458170,parpanitas@yahoo.com
2025-2026,VS,NEGREŞTI,161865,URBAN,3761105146,"ȘCOALA GIMNAZIALĂ ""MIHAI DAVID"", ORAȘ NEGREȘTI",CĂZĂNEŞTI,161874,RURAL,,3762102437,S04 CĂZĂNEȘTI,"ȘCOALA PRIMARĂ, SAT CĂZĂNEȘTI",Unitate de învățământ,AR,,Un schimb/zi,Buget,Publică de interes naţional şi local,PRINCIPALĂ,1,735201,0235458170,0235458170,parpanitas@yahoo.com
2025-2026,VS,NEGREŞTI,161865,URBAN,3761105146,"ȘCOALA GIMNAZIALĂ ""MIHAI DAVID"", ORAȘ NEGREȘTI",VALEA MARE,161927,RURAL,,3762102464,S04 VALEA MARE,"ȘCOALA PRIMARĂ, SAT VALEA MARE",Unitate de învățământ,AR,,Un schimb/zi,Buget,Publică de interes naţional şi local,PRINCIPALĂ,1,735206,0235458170,0235458170,parpanitas@yahoo.com
2025-2026,VS,OŞEŞTI,165149,RURAL,3761104692,"ȘCOALA GIMNAZIALĂ ""MIHAI EMINESCU"", SAT OȘEȘTI",BUDA,165158,RURAL,,3762100299,S04 BUDA,"ȘCOALA PRIMARĂ, SAT BUDA",Unitate de învățământ,AR,,Un schimb/zi,Buget,Publică de interes naţional şi local,PRINCIPALĂ,100,737391,0235346320,0235346320,scoalaosesti@yahoo.com
2025-2026,VS,OŞEŞTI,165149,RURAL,3761104692,"ȘCOALA GIMNAZIALĂ ""MIHAI EMINESCU"", SAT OȘEȘTI",PĂDURENI,165167,RURAL,,3762100281,S04 PĂDURENI,"ȘCOALA PRIMARĂ, SAT PĂDURENI",Unitate de învățământ,AR,,Un schimb/zi,Buget,Publică de interes naţional şi local,PRINCIPALĂ,15,737392,0235346321,0235346321,scoalaosesti@yahoo.com
2025-2026,VS,POGANA,165425,RURAL,3761104819,"ȘCOALA GIMNAZIALĂ NR. 1, SAT POGANA",BOGEŞTI,165434,RURAL,,3762102672,S04 BOGEȘTI,"ȘCOALA PRIMARĂ, SAT BOGEȘTI",Unitate de învățământ,AR,,Un schimb/zi,Buget,Publică de interes naţional şi local,Principală,1,737411,0235418747,0235418747,scoaladinpogana@gmail.com
2025-2026,VS,PUIEŞTI,165489,RURAL,3761107501,"LICEUL TEHNOLOGIC, SAT PUIEȘTI",CETĂŢUIA,165522,RURAL,,3762106676,S04 CETĂȚUIA,"ȘCOALA PRIMARĂ, SAT CETĂȚUIA",Unitate de învățământ,AR,,Un schimb/zi,Buget,Publică de interes naţional şi local,Principală,1,737429,0235427629,0235427629,gsapuiesti@yahoo.com
2025-2026,VS,PUIEŞTI,165489,RURAL,3761107501,"LICEUL TEHNOLOGIC, SAT PUIEȘTI",CRISTEŞTI,165531,RURAL,,3762106581,S04 CRISTEȘTI,"ȘCOALA PRIMARĂ, SAT CRISTEȘTI",Unitate de învățământ,AR,,Un schimb/zi,Buget,Publică de interes naţional şi local,Principală,1,737431,0235427629,0235427629,gsapuiesti@yahoo.com
2025-2026,VS,PUIEŞTI,165489,RURAL,3761107501,"LICEUL TEHNOLOGIC, SAT PUIEȘTI",CĂLIMĂNEŞTI,165513,RURAL,,3762106554,S04 CĂLIMĂNEȘTI,"ȘCOALA PRIMARĂ, SAT CĂLIMĂNEȘTI",Unitate de învățământ,AR,,Un schimb/zi,Buget,Publică de interes naţional şi local,Principală,1,737428,0235427629,0235427629,gsapuiesti@yahoo.com
2025-2026,VS,PUIEŞTI,165489,RURAL,3761107501,"LICEUL TEHNOLOGIC, SAT PUIEȘTI",RUŞI,165602,RURAL,,3762106604,S04 RUȘI,"ȘCOALA PRIMARĂ, SAT RUȘI",Unitate de învățământ,AR,,Un schimb/zi,Buget,Publică de interes naţional şi local,Principală,1,737439,0235427629,0235427629,gsapuiesti@yahoo.com
2025-2026,VS,PUNGEŞTI,165620,RURAL,3761105191,"ȘCOALA GIMNAZIALĂ NR. 1, SAT PUNGEȘTI",ARMĂŞOAIA,165639,RURAL,,3762101282,S04 ARMĂȘOAIA,"ȘCOALA PRIMARĂ, SAT ARMĂȘOAIA",Unitate de învățământ,AR,,Un schimb/zi,Buget,Publică de interes naţional şi local,PRINCIPALĂ,1,737446,0371188422,0235347255,scoala_pungesti@yahoo.ro
2025-2026,VS,PUNGEŞTI,165620,RURAL,3761105191,"ȘCOALA GIMNAZIALĂ NR. 1, SAT PUNGEȘTI",CURSEŞTI-DEAL,165648,RURAL,,3762101332,S04 CURSEȘTI DEAL,"ȘCOALA PRIMARĂ, SAT CURSEȘTI DEAL",Unitate de învățământ,AR,,Un schimb/zi,Buget,Publică de interes naţional şi local,PRINCIPALĂ,1,737447,0371055434,0235347255,scoala_pungesti@yahoo.ro
2025-2026,VS,PUNGEŞTI,165620,RURAL,3761105191,"ȘCOALA GIMNAZIALĂ NR. 1, SAT PUNGEȘTI",CURSEŞTI-VALE,165657,RURAL,,3762101359,S04 CURSEȘTI VALE,"ȘCOALA PRIMARĂ, SAT CURSEȘTI VALE",Unitate de învățământ,AR,,Un schimb/zi,Buget,Publică de interes naţional şi local,PRINCIPALĂ,1,737448,0371316090,0235347255,scoala_pungesti@yahoo.ro
2025-2026,VS,PUNGEŞTI,165620,RURAL,3761105191,"ȘCOALA GIMNAZIALĂ NR. 1, SAT PUNGEȘTI",STEJARU,165693,RURAL,,3762101314,S04 STEJARU,"ȘCOALA PRIMARĂ, SAT STEJARU",Unitate de învățământ,AR,,Un schimb/zi,Buget,Publică de interes naţional şi local,PRINCIPALĂ,1,737453,0235347255,0235347255,scoala_pungesti@yahoo.ro
2025-2026,VS,PUNGEŞTI,165620,RURAL,3761105191,"ȘCOALA GIMNAZIALĂ NR. 1, SAT PUNGEȘTI",TOPORĂŞTI,165700,RURAL,,3762101341,S04 TOPORĂȘTI,"ȘCOALA PRIMARĂ, SAT TOPORĂȘTI",Unitate de învățământ,AR,,Un schimb/zi,Buget,Publică de interes naţional şi local,PRINCIPALĂ,1,737454,0371088831,0235347255,scoala_pungesti@yahoo.ro
2025-2026,VS,PUŞCAŞI,164632,RURAL,3761105069,"ȘCOALA GIMNAZIALĂ NR. 1, SAT PUȘCAȘI",TEIŞORU,164669,RURAL,,3762105951,S04 TEIȘORU,"ȘCOALA PRIMARĂ, SAT TEIȘORU",Unitate de învățământ,AR,,Un schimb/zi,Buget,Publică de interes naţional şi local, , ,737332,0235340301,0235340301,SCOALA_PUSCASI@YAHOO.COM
2025-2026,VS,ROŞIEŞTI,165826,RURAL,3761104828,"ȘCOALA GIMNAZIALĂ ""VENIAMIN COSTACHI"", SAT ROȘIEȘTI",ROŞIEŞTI,165826,RURAL,,3762100982,S04 ROȘIEȘTI,"ȘCOALA PRIMARĂ, SAT ROȘIEȘTI",Unitate de învățământ,AR,,Un schimb/zi,Buget,Publică de interes naţional şi local, , ,,0235436668,0235436668,SCOALA_ROSIESTI@YAHOO.COM
2025-2026,VS,TODIREŞTI,166422,RURAL,3761107591,"ȘCOALA GIMNAZIALĂ ""GHEORGHE CIOATĂ"", SAT TODIREȘTI",COTIC,166431,RURAL,,3762101219,S04 COTIC,"ȘCOALA PRIMARĂ, SAT COTIC",Unitate de învățământ,AR,,Un schimb/zi,Buget,Publică de interes naţional şi local,PRINCIPALĂ,1,737536,0235459179,0235459179,SCOALA.TODIRESTI@YAHOO.RO
2025-2026,VS,TODIREŞTI,166422,RURAL,3761107591,"ȘCOALA GIMNAZIALĂ ""GHEORGHE CIOATĂ"", SAT TODIREȘTI",DRĂGEŞTI,166440,RURAL,,3762101196,S04 DRĂGEȘTI,"ȘCOALA PRIMARĂ, SAT DRĂGEȘTI",Unitate de învățământ,AR,,Un schimb/zi,Buget,Publică de interes naţional şi local,PRINCIPALĂ,1,737537,0235459179,0235459179,SCOALA.TODIRESTI@YAHOO.RO
2025-2026,VS,TODIREŞTI,166422,RURAL,3761107591,"ȘCOALA GIMNAZIALĂ ""GHEORGHE CIOATĂ"", SAT TODIREȘTI",HUC,166459,RURAL,,3762101187,S04 HUC,"ȘCOALA PRIMARĂ, SAT HUC",Unitate de învățământ,AR,,Un schimb/zi,Buget,Publică de interes naţional şi local,PRINCIPALĂ,1,737538,0235459179,0235459179,SCOALA.TODIRESTI@YAHOO.RO
2025-2026,VS,TUTOVA,166538,RURAL,3761104882,"ȘCOALA GIMNAZIALĂ NR. 1, SAT TUTOVA",CRIVEŞTI,166583,RURAL,,3762101178,S04 CRIVEȘTI,"ȘCOALA PRIMARĂ, SAT CRIVEȘTI",Unitate de învățământ,AR,,Un schimb/zi,Buget,Publică de interes naţional şi local,Principală,1,737556,0235428043,0235428043,sam_tutova@yahoo.com
2025-2026,VS,TÂRZII,165103,RURAL,3761107623,"ȘCOALA GIMNAZIALĂ ""CONSTANTIN ROTARU"", SAT TÂRZII",OLTENEŞTI,165078,RURAL,,3762106459,S04 OLTENEȘTI,"ȘCOALA PRIMARĂ, SAT OLTENEȘTI",Unitate de învățământ,AR,,Un schimb/zi,Buget,Publică de interes naţional şi local, PRINCIPALA, 1,737380,0235344211,0235344211,scoala-tarzii@yahoo.com
2025-2026,VS,TĂCUTA,166244,RURAL,3761104778,"ȘCOALA GIMNAZIALĂ ""SFÂNTUL ANDREI"", SAT TĂCUTA",DUMASCA,166262,RURAL,,3762100634,S04 DUMASCA,"ȘCOALA PRIMARĂ, SAT DUMASCA",Unitate de învățământ,AR,,Un schimb/zi,Buget,Publică de interes naţional şi local, , ,,0235349147,0235349147,SCOALATACUTA@GMAIL.COM
2025-2026,VS,TĂCUTA,166244,RURAL,3761104778,"ȘCOALA GIMNAZIALĂ ""SFÂNTUL ANDREI"", SAT TĂCUTA",MIRCEŞTI,166280,RURAL,,3762100593,S04 MIRCEȘTI,"ȘCOALA PRIMARĂ, SAT MIRCEȘTI",Unitate de învățământ,AR,,Un schimb/zi,Buget,Publică de interes naţional şi local, PRINCIPALA, 1,,0235349147,0235349147,SCOALATACUTA@GMAIL.COM
2025-2026,VS,VASLUI,161954,URBAN,3761104683,"ȘCOALA GIMNAZIALĂ ""ALEXANDRU IOAN CUZA"", MUNICIPIUL VASLUI",REDIU,161990,URBAN,,3762107962,S04 REDIU,"ȘCOALA PRIMARĂ, REDIU-VASLUI",Unitate de învățământ,AR,,Un schimb/zi,Buget,Publică de interes naţional şi local,REDIU-VASLUI,1,,0235317856,0235317856,scoala1vaslui@yahoo.com
2025-2026,VS,VASLUI,161954,URBAN,3761104683,"ȘCOALA GIMNAZIALĂ ""ALEXANDRU IOAN CUZA"", MUNICIPIUL VASLUI",VASLUI,161954,URBAN,,3762106183,S04 ZONA IND,"ȘCOALA PRIMARĂ, ZONA INDUSTRIALĂ, MUNICIPIUL VASLUI",Unitate de învățământ,AR,,Un schimb/zi,Buget,Publică de interes naţional şi local,Metalurgiei,1,730234,0235317856,0235317856,scoala1vaslui@yahoo.com
2025-2026,VS,VLADIA,163609,RURAL,3761104403,"LICEUL TEHNOLOGIC, SAT VLADIA",BELZENI,163510,RURAL,,3762103388,S04 BELZENI,"ȘCOALA PRIMARĂ, SAT BELZENI",Unitate de învățământ,AR,,Un schimb/zi,Buget,Publică de interes naţional şi local, , ,,0235340525,0235340525,SAMVLADIA@YAHOO.COM
2025-2026,VS,VLADIA,163609,RURAL,3761104403,"LICEUL TEHNOLOGIC, SAT VLADIA",DRAGOMIREŞTI,163495,RURAL,,3762103429,S04 DRAGOMIREȘTI,"ȘCOALA PRIMARĂ, SAT DRAGOMIREȘTI",Unitate de învățământ,AR,,Un schimb/zi,Buget,Publică de interes naţional şi local, , ,,0235340525,0235340525,SAMVLADIA@YAHOO.COM
2025-2026,VS,VLADIA,163609,RURAL,3761104403,"LICEUL TEHNOLOGIC, SAT VLADIA",POIANA PIETREI,163556,RURAL,,3762103447,S04 POIANA PIETREI,"ȘCOALA PRIMARĂ, SAT POIANA PIETREI",Unitate de învățământ,AR,,Un schimb/zi,Buget,Publică de interes naţional şi local, , ,,0235340525,0235340525,SAMVLADIA@YAHOO.COM
2025-2026,VS,VLADIA,163609,RURAL,3761104403,"LICEUL TEHNOLOGIC, SAT VLADIA",POPEŞTI,163565,RURAL,,3762106857,S04 POPEȘTI,"ȘCOALA PRIMARĂ, SAT POPEȘTI",Unitate de învățământ,AR,,Un schimb/zi,Buget,Publică de interes naţional şi local, , ,737208,0371396700,0235474822,scoalagimnazialaradeni@yahoo.com
2025-2026,VS,VOINEŞTI,166878,RURAL,3761107641,"ȘCOALA GIMNAZIALĂ NR. 1, SAT VOINEȘTI",AVRĂMEŞTI,166887,RURAL,,3762102541,S04 AVRĂMEȘTI,"ȘCOALA PRIMARĂ, SAT AVRĂMEȘTI",Unitate de învățământ,AR,,Un schimb/zi,Buget,Publică de interes naţional şi local,Principală, 1,737596,0371344388,0235347436,sg1_voinesti@yahoo.com
2025-2026,VS,VOINEŞTI,166878,RURAL,3761107641,"ȘCOALA GIMNAZIALĂ NR. 1, SAT VOINEȘTI",BĂNCEŞTI,166896,RURAL,,3762102577,S04 BĂNCEȘTI,"ȘCOALA PRIMARĂ, SAT BĂNCEȘTI",Unitate de învățământ,AR,,Un schimb/zi,Buget,Publică de interes naţional şi local,Principală, 1,737597,0235347666,0235347436,sg1_voinesti@yahoo.com
2025-2026,VS,VOINEŞTI,166878,RURAL,3761107641,"ȘCOALA GIMNAZIALĂ NR. 1, SAT VOINEȘTI",OBÂRŞENI,166930,RURAL,,3762102523,S04 OBÂRȘENI,"ȘCOALA PRIMARĂ, SAT OBÂRȘENI",Unitate de învățământ,AR,,Un schimb/zi,Buget,Publică de interes naţional şi local,Principală, 1,737602,0371340804,0235347436,sg1_voinesti@yahoo.com
2025-2026,VS,VOINEŞTI,166878,RURAL,3761107641,"ȘCOALA GIMNAZIALĂ NR. 1, SAT VOINEȘTI",STÂNCĂŞENI,166967,RURAL,,3762102514,S04 STÂNCĂȘENI,"ȘCOALA PRIMARĂ, SAT STÂNCĂȘENI",Unitate de învățământ,AR,,Un schimb/zi,Buget,Publică de interes naţional şi local,Principală,1,737606,0235347667,0235347436,sg1_voinesti@yahoo.com
2025-2026,VS,ZORLENI,167188,RURAL,3761107614,"ȘCOALA GIMNAZIALĂ ""ION MURGEANU"", SAT ZORLENI",SIMILA,167213,RURAL,,3762105666,S04 SIMILA,"ȘCOALA PRIMARĂ, SAT SIMILA",Unitate de învățământ,AR,,Un schimb/zi,Buget,Publică de interes naţional şi local, , ,737638,0235425027,0235425027,ZORLENI1@YAHOO.COM
2025-2026,VS,ZĂPODENI,167080,RURAL,3761104326,"ȘCOALA GIMNAZIALĂ ""MIHAI EMINESCU"", SAT ZĂPODENI",TELEJNA,167151,RURAL,,3762100756,S04 TELEJNA,"ȘCOALA PRIMARĂ, SAT TELEJNA",Unitate de învățământ,AR,,Un schimb/zi,Buget,Publică de interes naţional şi local,PRINCIPALĂ,1,737633,0235342150,0235342150,mihaieminescuzapodeni@yahoo.ro
2025-2026,VS,ŞTEFAN CEL MARE,166066,RURAL,3761104317,"ȘCOALA GIMNAZIALĂ ""ȘTEFAN CEL MARE"", SAT ȘTEFAN CEL MARE",BRĂHĂŞOAIA,166084,RURAL,,3762101974,S04 BRĂHĂȘOAIA,"ȘCOALA PRIMARĂ, SAT BRĂHĂȘOAIA",Unitate de învățământ,AR,,Un schimb/zi,Buget,Publică de interes naţional şi local,STEFAN CEL MARE,13,737497,0235342001,0235342001,scoala.stefancelmare@yahoo.com
2025-2026,VS,ŞTEFAN CEL MARE,166066,RURAL,3761104317,"ȘCOALA GIMNAZIALĂ ""ȘTEFAN CEL MARE"", SAT ȘTEFAN CEL MARE",BÂRZEŞTI,166075,RURAL,,3762101956,S04 BÂRZEȘTI,"ȘCOALA PRIMARĂ, SAT BÂRZEȘTI",Unitate de învățământ,AR,,Un schimb/zi,Buget,Publică de interes naţional şi local,STEFAN CEL MARE,2,737496,0235342001,0235342001,scoala.stefancelmare@yahoo.com
