Total Enrolment in Mainstream National Schools by Standard (Incl. Special Classes),,,,,,,,,,,,,,,,
Academic Year (Enrolment),Roll Number,Official Name,County Description,Local Authority Description,DEIS (Y/N),Gaeltacht Indicator (Y/N),Ethos Description,Junior Infants,Senior Infants,First Class,Second Class,Third Class,Fourth Class,Fifth Class,Sixth Class,Special Class,Enrolment per Return
2024,00359V,ST. LOUIS GIRLS NATIONAL SCHOOL,Monaghan,Monaghan County Council,Y,N,Catholic,,,,37,49,36,40,39,,201
2024,00373P,DERAVOY NATIONAL SCHOOL,Monaghan,Monaghan County Council,Y,N,Catholic,12,9,8,11,10,4,10,11,,75
2024,00467B,BALLINSPITTLE N S,Cork,Cork County Council,N,N,Catholic,23,19,22,25,24,20,28,23,,184
2024,00512D,MIDLETON CONVENT N S,Cork,Cork County Council,N,N,Catholic,39,37,31,25,33,25,32,30,36,288
2024,00538V,CLOCHAR DAINGEAN,Kerry,Kerry County Council,N,Y,Catholic,23,23,22,14,8,19,16,13,,138
2024,00606M,MONARD N S,Tipperary,Tipperary (Sr) County Council,N,N,Catholic,15,15,13,16,9,19,8,13,,108
2024,00651R,BORRIS MXD N S,Carlow,Carlow County Council,N,N,Catholic,23,19,27,21,27,27,24,30,,198
2024,00697S,ST BRIGIDS MXD N S,Dublin,Fingal County Council,N,N,Catholic,102,108,100,105,111,113,113,115,11,878
2024,00714P,LUCAN B N S,Dublin,South Dublin County Council,N,N,Catholic,57,52,60,53,77,80,57,73,6,515
2024,00729F,CLOCHAR LORETO N S,Dublin,South Dublin County Council,N,N,Catholic,59,54,56,48,55,67,51,69,9,468
2024,00752A,CENTRAL SENIOR MXD N S,Dublin,Dublin City Council,Y,N,Catholic,,,,53,50,52,45,42,,242
2024,00779U,PRESENTATION GIRLS PRIMARY SCHOOL,Kildare,Kildare County Council,N,N,Catholic,84,64,76,68,82,82,92,79,6,633
2024,00788V,LISDOWNEY N S,Kilkenny,Kilkenny County Council,N,N,Catholic,10,15,13,11,8,14,10,12,6,99
2024,00796U,SCOIL LACHTAIN,Kilkenny,Kilkenny County Council,Y,N,Catholic,23,17,21,17,32,28,25,20,18,201
2024,00851C,PRESENTATION CONVENT,Louth,Louth County Council,Y,N,Catholic,46,44,47,41,49,38,40,45,,350
2024,00856M,SCOIL NAOMH MICHEAL,Longford,Longford County Council,Y,N,Catholic,,,,48,36,47,44,59,,234
2024,00860D,FORGNEY N S,Longford,Longford County Council,N,N,Catholic,3,2,1,2,2,3,5,4,,22
2024,00883P,AINE NAOFA N S,Meath,Meath County Council,Y,N,Catholic,45,25,50,27,27,49,47,27,7,304
2024,00885T,RATOATH JUNIOR N S,Meath,Meath County Council,N,N,Catholic,63,53,64,64,,,,,,244
2024,00892Q,SHANGANAMORE N S,Laois,Laois County Council,N,N,Catholic,13,7,10,7,16,8,18,13,11,103
2024,00895W,BALLINAKILL MIXED N S,Laois,Laois County Council,N,N,Catholic,14,10,15,10,11,17,12,9,,98
2024,00934G,PRESENTATION CONVENT (JNR),Westmeath,Westmeath County Council,Y,N,Catholic,68,66,68,79,,,,,3,284
2024,00941D,S N BHRIDE,Westmeath,Westmeath County Council,N,N,Catholic,2,3,2,2,2,4,5,4,,24
2024,00973Q,GRANGE CON N S,Wicklow,Wicklow County Council,N,N,Catholic,2,3,,,7,2,5,,,19
2024,00977B,BALLYCONNELL N S,Carlow,Carlow County Council,N,N,Catholic,25,20,27,26,24,18,26,25,12,203
2024,00984V,GLENEALY 1 N S,Wicklow,Wicklow County Council,Y,N,Catholic,9,16,9,11,23,9,23,13,,113
2024,01000E,ESKER N S,Galway,Galway County Council,N,N,Catholic,8,6,5,4,9,13,13,14,,72
2024,01013N,SCOIL CROI IOSA,Galway,Galway City Council,Y,N,Catholic,14,17,18,18,16,16,18,19,,136
2024,01086R,S N POL NAOFA,Roscommon,Roscommon County Council,Y,N,Catholic,,,,10,8,14,12,10,,54
2024,01116A,BAILE AN CHUILINN N S,Carlow,Carlow County Council,N,N,Catholic,10,19,16,21,15,19,13,13,,126
2024,01125B,LEITRIM MXD N S,Leitrim,Leitrim County Council,N,N,Catholic,26,25,27,28,30,25,30,27,,218
2024,01170G,S N na hAille,Dublin,Fingal County Council,N,N,Catholic,14,16,20,22,21,19,18,14,12,156
2024,01215C,NEWTOWN DUNLECKNEY MXD,Carlow,Carlow County Council,N,N,Catholic,14,17,20,20,18,17,20,19,,145
2024,01272O,S N CHUAN DOIR,Cork,Cork County Council,N,N,Catholic,2,5,8,8,16,7,11,13,6,76
2024,01285A,TIPPERARY JNR BN S,Tipperary,Tipperary (Sr) County Council,Y,N,Catholic,28,38,41,,,,,,,107
2024,01300Q,ST MICHAELS NATIONAL SCHOOL,Kilkenny,Kilkenny County Council,N,N,Catholic,6,11,12,10,11,7,5,3,,65
2024,01309L,STACKALLEN N S,Meath,Meath County Council,N,N,Catholic,15,21,22,20,22,27,21,25,,173
2024,01328P,KILTORMER N S,Galway,Galway County Council,N,N,Catholic,16,18,15,9,11,9,5,5,,88
2024,01356U,KILNALECK MIXED N S,Cavan,Cavan County Council,Y,N,Catholic,7,14,11,15,12,18,21,12,,110
2024,01395H,AGLISH N S,Waterford,Waterford County Council,N,N,Catholic,7,9,12,9,11,11,12,10,,81
2024,01396J,TULLOHA NATIONAL SCHOOL,Kerry,Kerry County Council,N,N,Catholic,3,2,4,2,2,3,4,3,,23
2024,01415K,RATHOE NS,Carlow,Carlow County Council,N,N,Catholic,20,28,17,16,13,21,19,17,17,168
2024,01421F,KILSKYRE MIXED N S,Meath,Meath County Council,N,N,Catholic,11,7,5,9,13,10,13,8,12,88
2024,01434O,S N COLUMCILLE,Louth,Louth County Council,N,N,Catholic,12,18,15,13,15,24,19,19,24,159
2024,01553W,ST. MOCHTA'S NATIONAL SCHOOL,Louth,Louth County Council,N,N,Catholic,20,19,14,20,17,15,25,12,12,154
2024,01554B,Ballapousta NS,Louth,Louth County Council,N,N,Catholic,22,18,21,16,29,25,20,19,5,175
2024,01569O,BALLYCAHILL N S,Tipperary,Tipperary (Nr) County Council,N,N,Catholic,5,7,4,6,5,9,7,6,,49
2024,01572D,S N NAOMH PADRAIG,Donegal,Donegal County Council,Y,N,Catholic,6,13,4,9,14,5,7,9,,67
2024,01574H,SCOIL NAOMH IÓSAF,Donegal,Donegal County Council,Y,N,Catholic,7,3,11,5,8,3,5,8,,50
2024,01583I,GLOUNAGUILLAGH N S,Kerry,Kerry County Council,N,N,Catholic,18,19,19,16,17,26,10,20,,145
2024,01594N,ST JOHNS,Tipperary,Tipperary (Nr) County Council,Y,N,Catholic,19,19,21,22,19,17,21,19,6,163
2024,01607T,S N Cor na Fola B,Roscommon,Roscommon County Council,N,N,Catholic,29,26,28,31,37,21,33,33,,238
2024,01676P,BALLINDINE B N S,Mayo,Mayo County Council,N,N,Catholic,21,21,11,16,16,17,18,17,,137
2024,01687U,DROMLEIGH N S,Cork,Cork County Council,N,N,Catholic,6,3,7,5,5,7,3,8,,44
2024,01692N,FIRMOUNT MIXED N S,Cork,Cork County Council,N,N,Catholic,26,26,15,23,22,18,22,17,,169
2024,01711O,S N CILL ROSANTA,Waterford,Waterford County Council,Y,N,Catholic,19,9,12,6,15,21,6,20,,108
2024,01731U,BALLYNACARGY MIXED N S,Westmeath,Westmeath County Council,Y,N,Catholic,3,7,9,8,7,5,6,6,,51
2024,01733B,ARDARA MIXED N S,Donegal,Donegal County Council,Y,N,Church Of Ireland,4,1,3,4,,1,5,,,18
2024,01782O,S N NAOMH PADRAIG,Wicklow,Wicklow County Council,N,N,Catholic,3,11,6,9,12,12,16,12,,81
2024,01795A,CENTRAL INFS SCHOOL,Dublin,Dublin City Council,Y,N,Catholic,54,52,42,,,,,,,148
2024,01821V,S N RATH MOR,Kildare,Kildare County Council,N,N,Catholic,40,29,37,37,41,41,37,43,,305
2024,01840C,ST CANICE S CONVENT,Wexford,Wexford County Council,Y,N,Catholic,21,19,27,25,21,22,21,33,,189
2024,01862M,TIPPERARY G N S,Tipperary,Tipperary (Sr) County Council,Y,N,Catholic,15,25,18,13,12,20,23,7,,133
2024,01866U,BALLYFORAN MIXED N S,Roscommon,Roscommon County Council,Y,N,Catholic,12,6,5,4,6,7,6,14,4,64
2024,01867W,CASTLELYONS B N S,Cork,Cork County Council,N,N,Catholic,21,26,22,20,28,23,20,24,9,193
2024,02007A,CROAGH NATIONAL SCHOOL,Limerick,Limerick County Council,N,N,Catholic,6,6,11,8,11,5,10,9,,66
2024,02013S,BALLINTOGHER N S,Sligo,Sligo County Council,N,N,Catholic,11,15,8,9,5,7,16,6,,77
2024,02114B,S N BAILE UI GHIBLIN,Cork,Cork County Council,N,N,Catholic,11,15,11,14,10,9,11,25,2,108
2024,02124E,SCOIL NAIS MOLAISE,Carlow,Carlow County Council,N,N,Catholic,7,19,17,13,14,13,13,9,12,117
2024,02237R,DUALLA N S,Tipperary,Tipperary (Sr) County Council,N,N,Catholic,12,12,13,12,12,13,6,14,,94
2024,02263S,CROWENSTOWN N S,Westmeath,Westmeath County Council,N,N,Catholic,,1,2,2,4,1,4,5,,19
2024,02278I,MILLSTREET CONVENT N S,Cork,Cork County Council,N,N,Catholic,44,43,41,17,29,20,17,22,12,245
2024,02322I,ST OLIVERS NS,Louth,Louth County Council,N,N,Catholic,15,12,13,14,19,19,21,14,,127
2024,02358G,TEMPLEGLANTINE N S,Limerick,Limerick County Council,N,N,Catholic,16,4,12,6,9,11,5,7,,70
2024,02413L,S N NAOMH EOIN,Offaly,Offaly County Council,N,N,Catholic,15,16,23,23,22,20,17,12,,148
2024,02418V,Knockaderry Farranfore National School,Kerry,Kerry County Council,N,N,Catholic,6,,5,5,11,11,10,9,,57
2024,02428B,LACKAMORE N S,Tipperary,Tipperary (Nr) County Council,N,N,Catholic,7,4,3,3,11,5,4,7,,44
2024,02439G,S N MHUIRE,Clare,Clare County Council,N,N,Catholic,8,8,12,11,5,3,6,5,,58
2024,02452V,CLOYNE NATIONAL SCHOOL,Cork,Cork County Council,N,N,Catholic,26,33,33,41,47,36,40,45,,301
2024,02670I,SAN ISADOIR,Tipperary,Tipperary (Sr) County Council,N,N,Catholic,15,18,13,15,11,14,18,12,,116
2024,02745N,TALLONSTOWN N S,Louth,Louth County Council,N,N,Catholic,28,30,32,35,31,43,44,35,,278
2024,02793B,S N MULLACH BUI,Louth,Louth County Council,N,N,Catholic,5,8,9,7,11,7,9,13,,69
2024,02803B,BANTEER N S,Cork,Cork County Council,N,N,Catholic,25,27,12,29,21,29,24,22,,189
2024,02813E,S N SHEANAIN,Limerick,Limerick County Council,N,N,Catholic,11,8,8,15,9,17,15,8,,91
2024,02872U,St. Mary's National School,Dublin,Dun Laoghaire Rathdown,N,N,Catholic,32,29,26,43,26,29,28,31,,244
2024,02889O,S N AN CHLAIS MHOR,Waterford,Waterford County Council,Y,N,Catholic,9,10,14,5,9,10,10,14,,81
2024,02905J,S N NAOMH PADRAIG,Meath,Meath County Council,N,N,Catholic,18,17,25,19,11,21,21,17,,149
2024,02912G,Scoil na gCoillini,Mayo,Mayo County Council,N,N,Catholic,10,18,12,17,11,11,10,11,,100
2024,03132I,S N SLIABH A MHADRA,Kerry,Kerry County Council,N,N,Catholic,10,6,10,12,10,18,24,11,3,104
2024,03220F,MERCY PRIMARY SCHOOL,Offaly,Offaly County Council,Y,N,Catholic,18,14,14,14,20,19,16,18,6,139
2024,03275H,NEWTOWN N S,Meath,Meath County Council,N,N,Catholic,7,8,8,7,7,11,4,9,6,67
2024,03294L,S N Caiseal na gCorr,Donegal,Donegal County Council,Y,Y,Catholic,2,9,6,7,8,5,4,7,,48
2024,03359N,BALLYROAN B N S,Dublin,South Dublin County Council,N,N,Catholic,,,61,51,71,69,62,74,,388
2024,03607G,S N AINDREIS NAOFA,Galway,Galway County Council,N,N,Catholic,7,8,5,17,17,11,13,14,,92
2024,03633H,SCOIL NÁISIÚNTA BHANTIARNA LOURDES,Wexford,Wexford County Council,Y,N,Catholic,30,29,30,32,33,48,39,31,,272
2024,03704E,S N SEAN BAILE MOR,Cork,Cork County Council,N,N,Catholic,8,6,10,9,7,10,1,13,,64
2024,03787L,WALSHESTOWN N S,Louth,Louth County Council,N,N,Catholic,12,10,6,13,11,12,12,14,11,101
2024,03898U,TOONAGH N S,Clare,Clare County Council,N,N,Catholic,10,4,7,13,9,7,16,11,,77
2024,03917V,NAOMH PADRAIG BOYS,Dublin,Dublin City Council,Y,N,Catholic,15,16,16,11,18,17,23,10,,126
2024,03924S,OWENBEG N S,Sligo,Sligo County Council,Y,N,Catholic,2,1,5,3,5,4,5,7,7,39
2024,03928D,MULLACH N S,Clare,Clare County Council,Y,N,Catholic,7,9,4,9,8,4,6,8,,55
2024,03936C,S N AN CHUIL,Westmeath,Westmeath County Council,N,N,Catholic,4,5,3,7,2,8,4,5,,38
2024,04005G,S N NAOMH PEADAR,Tipperary,Tipperary (Nr) County Council,N,N,Catholic,18,20,19,15,13,24,19,17,,145
2024,04054T,BALLINDANGAN MIXED N S,Cork,Cork County Council,N,N,Catholic,4,6,8,3,4,5,3,4,,37
2024,04062S,LISTOWEL PRESENTATION PRIMARY,Kerry,Kerry County Council,Y,N,Catholic,27,21,28,17,14,26,26,35,,194
2024,04067F,CONVENT OF MERCY,Tipperary,Tipperary (Nr) County Council,N,N,Catholic,37,51,50,32,18,31,22,29,,270
2024,04075E,MOYGLASS N S,Tipperary,Tipperary (Sr) County Council,N,N,Catholic,13,13,17,12,20,13,21,13,6,128
2024,04077I,SCOIL NAIS BHRIDE,Carlow,Carlow County Council,N,N,Catholic,23,21,21,26,20,27,24,29,11,202
2024,04118T,LEAMLARA MIXED N S,Cork,Cork County Council,N,N,Catholic,8,18,21,10,17,21,19,26,2,142
2024,04152T,S N CNOC AN BHILE,Cork,Cork County Council,N,N,Catholic,14,23,15,18,21,22,22,18,,153
2024,04186N,S N BHIORAINN,Cork,Cork County Council,N,N,Catholic,27,21,22,19,21,12,22,18,30,192
2024,04210H,KILMESSAN MXD N S,Meath,Meath County Council,N,N,Catholic,30,25,33,29,36,25,30,23,,231
2024,04230N,SCOIL NAOMH EOIN,Cork,Cork County Council,N,N,Catholic,5,6,7,7,9,12,8,11,,65
2024,04442F,KYLE N S,Cork,Cork County Council,N,N,Multi Denominational,9,6,11,7,3,4,9,,,49
2024,04466T,BALLYMARTIN N S,Limerick,Limerick County Council,N,N,Catholic,9,13,9,19,16,13,9,15,,103
2024,04469C,S N FIODHNACH,Limerick,Limerick County Council,N,N,Catholic,13,11,8,6,13,10,9,10,,80
2024,04487E,S N NAITHI NAOFA,Sligo,Sligo County Council,N,N,Catholic,5,12,8,13,6,15,13,12,,84
2024,04515G,SCOIL AN LINBH IOSA,Galway,Galway City Council,Y,N,Catholic,28,32,30,35,24,28,35,43,6,261
2024,04548V,SCOIL SEANAIN NAOFA,Clare,Clare County Council,N,N,Catholic,34,28,38,36,38,37,32,33,,276
2024,04578H,BALLYVONGANE MIXED N S,Cork,Cork County Council,N,N,Catholic,3,1,2,2,4,4,,,,16
2024,04620D,THOMASTOWN N S,Tipperary,Tipperary (Sr) County Council,N,N,Catholic,18,14,12,14,9,16,10,16,12,121
2024,04796R,BRACKLOON N S,Mayo,Mayo County Council,Y,N,Catholic,12,16,12,27,15,25,20,24,6,157
2024,04800F,ROOSKEY N S,Roscommon,Roscommon County Council,N,N,Catholic,24,12,24,20,25,21,11,19,,156
2024,04802J,CLOONACOOL N S,Sligo,Sligo County Council,N,N,Catholic,14,9,9,17,9,17,13,9,,97
2024,04809A,SCOIL AN AINGIL CHOIMHEADAI,Donegal,Donegal County Council,Y,Y,Catholic,,1,2,,3,1,,8,,15
2024,04919H,CRATLOE N S,Clare,Clare County Council,N,N,Catholic,25,39,36,31,47,32,34,36,12,292
2024,04953H,BALLYHASS MIXED N S,Cork,Cork County Council,N,N,Catholic,23,22,28,26,42,29,32,32,,234
2024,04992R,Scoil na Croi Naofa,Dublin,Dublin City Council,N,N,Catholic,45,44,55,58,50,53,55,53,,413
2024,05062A,KELLS PAROCHIAL N S,Meath,Meath County Council,N,N,Church Of Ireland,8,8,7,7,6,9,3,12,,60
2024,05070W,S N BAILE MUIRNE,Wexford,Wexford County Council,N,N,Catholic,19,9,23,8,12,11,12,16,6,116
2024,05115S,S N AN LEANA MOR,Longford,Longford County Council,Y,N,Catholic,6,14,9,6,11,8,4,9,3,70
2024,05120L,LEHINCH N S,Mayo,Mayo County Council,Y,N,Catholic,,2,1,1,1,1,1,,,7
2024,05144C,NEW INN B N S,Tipperary,Tipperary (Sr) County Council,N,N,Catholic,,,,11,13,4,11,12,,51
2024,05164I,SCOIL NAOMH CHOLMCILLE,Donegal,Donegal County Council,Y,Y,Catholic,3,1,3,2,4,4,1,2,,20
2024,05220P,S N MICHIL NAOFA,Roscommon,Roscommon County Council,N,N,Catholic,4,5,5,3,3,2,,3,,25
2024,05230S,COMHSCOIL CHONMHA S N,Donegal,Donegal County Council,N,N,Church Of Ireland,13,10,8,16,17,12,14,10,,100
2024,05253H,O CALLAGHANS MILLS N S,Clare,Clare County Council,N,N,Catholic,4,5,2,4,7,1,5,13,,41
2024,05348S,Tahilla Community National School,Kerry,Kerry County Council,Y,N,Multi Denominational,2,2,3,4,4,3,3,2,,23
2024,05477G,LARAGH N S,Cork,Cork County Council,N,N,Catholic,19,21,26,31,19,24,17,32,,189
2024,05501A,SCOIL NAOIMH EANNA,Monaghan,Monaghan County Council,N,N,Catholic,21,26,28,23,21,30,30,25,,204
2024,05508O,ST COLUMBAS N.S,Cork,Cork City Council,N,N,Catholic,46,38,43,40,45,42,39,40,37,370
2024,05513H,CASTLEPOLLARD MIXED N S,Westmeath,Westmeath County Council,Y,N,Catholic,18,19,22,30,18,20,21,15,,163
2024,05548D,SN BAILE MHIC AIRT,Waterford,Waterford County Council,N,Y,Catholic,2,15,9,9,5,7,8,4,,59
2024,05565D,TRAFRASK MIXED N S,Cork,Cork County Council,N,N,Catholic,2,,2,3,,3,6,4,,20
2024,05600C,CLOCHAR SAN DOMINIC,Dublin,Dun Laoghaire Rathdown,Y,N,Catholic,15,17,24,22,15,31,22,36,12,194
2024,05627W,BAILIEBORO MODEL N S,Cavan,Cavan County Council,N,N,Church Of Ireland,11,11,13,7,11,12,14,11,,90
2024,05630L,Scoil Mhichil na Buachailli,Meath,Meath County Council,N,N,Catholic,,,,55,54,40,47,57,36,289
2024,05636A,DUNMANWAY MODEL N S,Cork,Cork County Council,N,N,Church Of Ireland,11,8,16,12,12,15,7,14,,95
2024,05656G,S N AN GHOILIN,Cork,Cork County Council,N,N,Catholic,4,4,7,2,2,4,4,4,,31
2024,05754G,S N CREACHMHAOIL,Galway,Galway County Council,N,N,Catholic,32,27,59,36,39,39,43,35,4,314
2024,05756K,BURRISCARRA N S,Mayo,Mayo County Council,N,N,Catholic,1,1,3,2,3,2,1,3,,16
2024,05916G,St. Anne's National School,Westmeath,Westmeath County Council,N,N,Catholic,28,22,20,14,17,24,24,21,,170
2024,05927L,CHURCH HILL MIXED N S,Kilkenny,Kilkenny County Council,N,N,Catholic,24,22,24,20,23,21,25,21,12,192
2024,05933G,PRESENTATION PRIMARY SCHOOL,Dublin,Dublin City Council,Y,N,Catholic,20,18,17,15,17,19,17,11,18,152
2024,05940D,SCOIL URSULA,Cork,Cork City Council,Y,N,Catholic,21,26,23,23,25,16,20,22,12,188
2024,05970M,SCOIL BARR DUBH,Kerry,Kerry County Council,N,N,Catholic,10,21,9,13,8,13,16,9,,99
2024,06028F,ROCKCORRY N S,Monaghan,Monaghan County Council,N,N,Church Of Ireland,1,3,3,6,6,5,4,6,,34
2024,06044D,S N CILL CUILE,Galway,Galway County Council,N,N,Catholic,14,18,19,9,9,9,19,13,,110
2024,06100K,S N CILL RONAIN,Roscommon,Roscommon County Council,N,N,Catholic,3,5,8,5,2,8,3,7,,41
2024,06117E,DOOHAMLET N S,Monaghan,Monaghan County Council,N,N,Catholic,12,17,23,15,16,19,14,17,11,144
2024,06176U,BLESSINGTON 1 N S,Wicklow,Wicklow County Council,N,N,Church Of Ireland,20,16,30,24,27,21,29,28,,195
2024,06200O,BOOTERSTOWN BOYS,Dublin,Dun Laoghaire Rathdown,N,N,Catholic,22,28,26,27,28,21,24,27,5,208
2024,06209J,ATHY MODEL SCHOOL,Kildare,Kildare County Council,N,N,Church Of Ireland,14,8,12,12,10,13,11,11,,91
2024,06227L,SN MHAOLCHEADAIR,Kerry,Kerry County Council,N,Y,Catholic,4,3,6,4,3,5,5,4,,34
2024,06295F,FREEMOUNT MIXED N S,Cork,Cork County Council,N,N,Catholic,7,17,8,13,12,12,10,10,,89
2024,06342L,VICARSTOWN MIXED N S,Cork,Cork County Council,N,N,Catholic,20,22,16,21,17,14,12,18,18,158
2024,06489S,S N AN TSAILEAIN,Galway,Galway County Council,N,N,Catholic,11,13,9,13,12,7,13,9,,87
2024,06516S,KILDIMO NATIONAL SCHOOL,Limerick,Limerick County Council,N,N,Catholic,25,14,15,17,15,19,17,27,,149
2024,06539H,KNOCKEA NATIONAL SCHOOL,Limerick,Limerick County Council,N,N,Catholic,21,25,22,24,29,30,21,26,,198
2024,06576N,DROMIN N S,Louth,Louth County Council,N,N,Catholic,14,12,11,9,10,13,16,11,,96
2024,06621P,Ringville National School,Kilkenny,Kilkenny County Council,N,N,Catholic,7,4,2,8,6,6,4,9,,46
2024,06658P,KILADANGAN N S,Tipperary,Tipperary (Nr) County Council,N,N,Catholic,16,13,16,12,20,15,16,15,12,135
2024,06789H,LISRONAGH N S,Tipperary,Tipperary (Sr) County Council,N,N,Catholic,13,12,10,15,11,14,15,10,,100
2024,06852L,GARRACLOON N S,Mayo,Mayo County Council,Y,N,Catholic,,1,3,2,1,1,3,1,,12
2024,06936R,ST JOHNS CONVENT,Limerick,Limerick City Council,Y,N,Catholic,25,35,35,15,15,23,26,33,13,220
2024,06959G,CLONROCHE N S,Wexford,Wexford County Council,Y,N,Catholic,15,10,11,15,13,10,16,9,,99
2024,06998Q,St Patrick's NS,Cavan,Cavan County Council,Y,N,Catholic,5,5,8,2,7,7,4,7,,45
2024,07006A,BALLYCLOUGH MIXED N S,Cork,Cork County Council,N,N,Catholic,7,7,15,10,15,12,14,11,12,103
2024,07054L,CULLENS N S,Mayo,Mayo County Council,Y,N,Catholic,35,30,39,28,36,33,29,29,7,266
2024,07075T,S N NAOMH FEICHIN,Mayo,Mayo County Council,N,N,Catholic,3,5,6,8,5,6,9,8,,50
2024,07117J,S N LOCH GUIR,Limerick,Limerick County Council,Y,N,Catholic,,3,,1,,4,3,3,,14
2024,07120V,KILLYON N S,Meath,Meath County Council,N,N,Catholic,4,6,8,9,8,11,14,11,,71
2024,07143K,MONREAGH N S,Donegal,Donegal County Council,Y,N,Presbyterian,9,5,6,10,8,2,7,11,,58
2024,07183W,ST JOSEPHS GIRLS N.S.,Laois,Laois County Council,Y,N,Catholic,29,25,26,23,26,44,32,39,,244
2024,07191V,S N SEOSAMH,Offaly,Offaly County Council,N,N,Catholic,6,10,14,17,16,11,10,10,,94
2024,07222G,BANOGUE NATIONAL SCHOOL,Limerick,Limerick County Council,N,N,Catholic,8,11,14,10,10,13,5,11,11,93
2024,07242M,CLOGHROE MIXED N S,Cork,Cork City Council,N,N,Catholic,62,56,59,64,72,81,53,62,10,519
2024,07245S,CULLEN N S,Tipperary,Tipperary (Sr) County Council,N,N,Catholic,1,,1,3,3,,2,2,,12
2024,07246U,Ravenswell Primary School,Wicklow,Wicklow County Council,Y,N,Catholic,51,46,63,59,57,60,68,46,12,462
2024,07315N,HOLY FAMILY SNR,Clare,Clare County Council,Y,N,Catholic,,,,65,51,57,49,60,14,296
2024,07317R,GLENGURT N S,Limerick,Limerick County Council,N,N,Catholic,20,14,15,15,12,10,19,10,,115
2024,07358I,S N SCEICHIN A RINCE,Tipperary,Tipperary (Sr) County Council,N,N,Catholic,5,3,3,8,8,5,2,2,,36
2024,07374G,BALLINTUBBER N S,Mayo,Mayo County Council,N,N,Catholic,13,13,18,12,15,10,10,12,3,106
2024,07441S,BALLYCURRANE N S,Waterford,Waterford County Council,N,N,Catholic,1,7,4,7,8,3,5,2,,37
2024,07442U,St Josephs National School,Laois,Laois County Council,N,N,Catholic,1,12,12,9,7,8,12,13,15,89
2024,07455G,SCOIL MHUIRE GAN SMAL,Galway,Galway County Council,Y,N,Catholic,7,11,7,11,9,12,10,15,,82
2024,07464H,BROWNEKNOWE N S,Donegal,Donegal County Council,N,N,Presbyterian,6,6,4,7,8,7,5,10,,53
2024,07481H,KILMOGANNY MIXED N S,Kilkenny,Kilkenny County Council,N,N,Catholic,5,2,4,2,4,3,1,2,,23
2024,07518E,S N CNOC AN MHARCAIGH,Longford,Longford County Council,N,N,Catholic,31,29,47,42,38,34,34,31,,286
2024,07546J,GOLDENBRIDGE CONVENT,Dublin,Dublin City Council,Y,N,Catholic,20,19,17,21,28,22,31,21,12,191
2024,07551C,BALLINDERREEN MXD N S,Galway,Galway County Council,N,N,Catholic,20,17,23,24,17,24,27,25,11,188
2024,07626H,S N AN IORBALL RIABAIGH,Donegal,Donegal County Council,Y,N,Catholic,6,3,3,7,7,8,4,3,,41
2024,07636K,ST FINTANS N S,Laois,Laois County Council,Y,N,Catholic,9,6,18,12,11,12,14,12,12,106
2024,07651G,ST JOSEPH'S GIRLS NATIONAL SCHOOL,Cork,Cork County Council,N,N,Catholic,21,22,27,24,23,25,29,27,9,207
2024,07722D,ST PETERS N S SNR,Westmeath,Westmeath County Council,Y,N,Catholic,,,,14,20,29,26,28,12,129
2024,07737Q,VILLIERSTOWN N S,Waterford,Waterford County Council,N,N,Catholic,,5,2,3,4,4,5,4,,27
2024,07751K,MONAGHAN MODEL SCHOOL,Monaghan,Monaghan County Council,N,N,Church Of Ireland,27,18,24,29,24,19,26,25,,192
2024,07790U,CHURCHTOWN N S,Kildare,Kildare County Council,N,N,Catholic,9,8,6,3,10,8,8,5,,57
2024,07841L,KILGOBNET N S,Kerry,Kerry County Council,N,N,Catholic,11,10,12,17,5,12,11,7,,85
2024,07857D,S N AILBHE,Limerick,Limerick County Council,N,N,Catholic,21,28,14,19,19,24,29,19,18,191
2024,07900B,BALLYSTEEN N S,Limerick,Limerick County Council,N,N,Catholic,4,1,2,2,3,1,2,7,,22
2024,07949I,S N OSMANN,Offaly,Offaly County Council,Y,N,Church Of Ireland,13,10,9,12,10,15,6,11,,86
2024,07990F,SCOIL NAOMH CARTHACH,Kerry,Kerry County Council,N,N,Catholic,4,7,6,,6,4,4,,,31
2024,08037Q,TANG N S,Westmeath,Westmeath County Council,N,N,Catholic,8,19,15,18,14,16,20,20,,130
2024,08099P,ST LAURENCES NATIONAL SCHOOL,Kildare,Kildare County Council,N,N,Catholic,78,78,83,84,84,83,80,82,,652
2024,08100U,S N PHADRAIG,Westmeath,Westmeath County Council,N,N,Catholic,7,4,11,8,9,10,11,11,,71
2024,08143P,S N MHUIRE,Cavan,Cavan County Council,Y,N,Catholic,9,7,5,11,5,5,10,5,,57
2024,08147A,Scoil an Ghleanna Scoil Náisiúnta Phobail,Kerry,Kerry County Council,N,Y,Multi Denominational,2,4,2,5,3,4,3,,,23
2024,08221J,ST SENANS NATIONAL SCH,Wexford,Wexford County Council,Y,N,Catholic,23,50,50,62,44,57,51,61,22,420
2024,08251S,SCOIL NAOMH MICHEAL,Kerry,Kerry County Council,Y,N,Catholic,7,8,6,8,9,5,6,11,8,68
2024,08302J,HOLY TRINITY NATIONAL SCHOOL,Mayo,Mayo County Council,N,N,Church Of Ireland,5,2,2,7,6,9,7,8,,46
2024,08342V,BOHERMORE N S,Limerick,Limerick County Council,N,N,Catholic,28,14,19,12,8,4,5,6,1,97
2024,08379V,GORTANUMERA N S,Galway,Galway County Council,N,N,Catholic,4,5,5,6,10,7,9,8,,54
2024,08390J,MASTERSONS N S,Leitrim,Leitrim County Council,N,N,Church Of Ireland,3,3,7,2,5,5,1,,,26
2024,08393P,S N RATH DUBH,Cork,Cork County Council,N,N,Catholic,21,26,17,11,36,25,19,26,23,204
2024,08419H,ARDPATRICK N S,Limerick,Limerick County Council,N,N,Catholic,3,3,10,8,3,5,9,8,,49
2024,08430S,SCOIL NAOMH SEOSAMH,Cork,Cork County Council,N,N,Catholic,21,24,27,20,24,20,26,30,3,195
2024,08446K,SN Tullach Ui Chadhain,Galway,Galway County Council,N,Y,Catholic,8,4,7,6,10,9,10,11,,65
2024,08453H,S N CRUABANAI,Cavan,Cavan County Council,N,N,Catholic,16,21,17,23,18,31,24,22,,172
2024,08490N,ST CLARES PRIMARY SCHOOL,Cavan,Cavan County Council,Y,N,Catholic,81,91,104,53,53,48,60,53,7,550
2024,08512U,IOMAIR N S,Galway,Galway County Council,N,N,Catholic,22,13,19,19,12,14,13,14,4,130
2024,08530W,LAURAGH NATIONAL SCHOOL,Kerry,Kerry County Council,N,N,Catholic,3,,3,2,3,7,,7,,25
2024,08572P,BRUREE NATIONAL SCHOOL,Limerick,Limerick County Council,N,N,Catholic,11,25,26,21,23,23,16,25,,170
2024,08673V,THE HUNT N S,Leitrim,Leitrim County Council,N,N,Church Of Ireland,1,4,2,3,3,2,6,8,,29
2024,08687J,S N MUIRE GAN SMAL,Kerry,Kerry County Council,Y,N,Catholic,8,6,4,6,7,4,5,1,,41
2024,08791E,LISSIVIGEEN MXD N S,Kerry,Kerry County Council,N,N,Catholic,26,32,27,42,28,45,32,35,,267
2024,08828B,KILCORNEY MIXED N S,Cork,Cork County Council,N,N,Catholic,2,,3,,7,7,5,,,24
2024,08926B,St. Nicholas Church of Ireland School,Limerick,Limerick County Council,N,N,Church Of Ireland,2,5,7,12,10,4,5,7,,52
2024,08948L,MILLTOWN N S,Cavan,Cavan County Council,N,N,Catholic,12,25,14,23,20,22,18,23,12,169
2024,08972I,CASTLEALACK N S,Cork,Cork County Council,N,N,Catholic,6,7,4,5,8,5,7,7,9,58
2024,09009Q,ROCKFIELD N S,Donegal,Donegal County Council,Y,N,Catholic,3,6,8,5,4,5,4,7,,42
2024,09040K,Newtownwhite Educate Together NS,Mayo,Mayo County Council,N,N,Multi Denominational,12,4,9,1,5,8,7,8,,54
2024,09069L,S N AN BHAIN MHOIR,Galway,Galway County Council,N,N,Catholic,5,15,10,7,16,13,16,15,12,109
2024,09132P,CARNANE MXD N S,Limerick,Limerick County Council,N,N,Catholic,4,2,1,4,2,7,9,5,,34
2024,09184L,SHIELBEGGAN CONVENT,Wexford,Wexford County Council,N,N,Catholic,9,5,5,7,3,,,,,29
2024,09186P,SCOIL MHUIRE,Monaghan,Monaghan County Council,N,N,Catholic,11,10,12,11,16,20,14,6,,100
2024,09190G,BOHER N S,Tipperary,Tipperary (Nr) County Council,N,N,Catholic,13,15,9,11,14,19,10,17,4,112
2024,09191I,GEASHILL 1 N S,Offaly,Offaly County Council,N,N,Catholic,18,16,13,13,15,18,10,19,15,137
2024,09209B,CASTLEDRUM N S,Kerry,Kerry County Council,N,N,Catholic,16,7,16,11,18,10,14,18,,110
2024,09238I,BALLINLOUGH N S,Meath,Meath County Council,N,N,Catholic,3,6,8,5,6,9,8,11,5,61
2024,09260B,S N LIOS TEILIC,Kerry,Kerry County Council,N,N,Catholic,20,27,22,23,19,24,31,24,,190
2024,09296W,OUR LADYS ABBEY,Limerick,Limerick County Council,N,N,Catholic,12,14,15,15,21,13,22,22,,134
2024,09302O,GLENFLESK N S,Kerry,Kerry County Council,N,N,Catholic,2,6,,4,6,8,6,5,,37
2024,09304S,RAHEEN NATIONAL SCHOOL,Kerry,Kerry County Council,N,N,Catholic,3,7,3,4,4,4,7,,,32
2024,09306W,CROOM NATIONAL SCHOOL,Limerick,Limerick County Council,Y,N,Catholic,20,16,16,31,18,24,18,26,,169
2024,09320Q,SCOIL NAIS MHUIRE,Carlow,Carlow County Council,N,N,Catholic,3,9,6,12,5,10,10,5,,60
2024,09353I,NEWTOWNGORE N S,Leitrim,Leitrim County Council,N,N,Church Of Ireland,4,7,5,2,4,3,3,3,,31
2024,09390O,ROCKMOUNT MIXED N S,Clare,Clare County Council,Y,N,Catholic,,4,4,1,4,2,6,5,,26
2024,09401Q,MONAGEA NATIONAL SCHOOL,Limerick,Limerick County Council,N,N,Catholic,21,27,28,24,20,27,30,30,5,212
2024,09414C,ST LAURENCES N S,Kildare,Kildare County Council,N,N,Catholic,26,31,22,41,30,32,35,31,11,259
2024,09425H,RINEEN N S,Clare,Clare County Council,N,N,Catholic,4,9,6,2,6,6,3,4,,40
2024,09432E,ST JOSEPHS PRIMARY SCHOOL,Tipperary,Tipperary (Sr) County Council,Y,N,Catholic,17,14,24,24,21,23,26,23,9,181
2024,09492W,BALSCADDEN N S,Dublin,Fingal County Council,N,N,Catholic,29,15,25,30,25,23,26,29,,202
2024,09537S,BALLINADEE N S,Cork,Cork County Council,N,N,Catholic,10,10,14,7,16,11,12,23,,103
2024,09642P,BURROW N S,Dublin,Fingal County Council,N,N,Church Of Ireland,23,23,25,26,27,28,25,27,,204
2024,09660R,ST FRANCIS NS,Donegal,Donegal County Council,N,N,Catholic,17,24,17,19,23,28,19,16,,163
2024,09691F,KILLEENDUFF N S,Sligo,Sligo County Council,Y,N,Catholic,4,4,1,4,2,,3,2,,20
2024,09702H,ST JAMES N S,Limerick,Limerick County Council,N,N,Catholic,10,9,12,14,17,16,18,16,2,114
2024,09708T,KNOCKNAGOSHEL NATIONAL SCHOOL,Kerry,Kerry County Council,N,N,Catholic,7,4,7,3,4,6,5,7,,43
2024,09748I,GLENMAQUIN N S,Donegal,Donegal County Council,Y,N,Presbyterian,,1,2,5,,8,3,1,,20
2024,09750S,ST JOSEPHS BOYS N S,Dublin,Dublin City Council,N,N,Catholic,35,45,48,50,42,53,53,53,,379
2024,09760V,POWERSCOURT N S,Wicklow,Wicklow County Council,N,N,Church Of Ireland,10,9,13,14,14,11,11,13,,95
2024,09782I,BALLYMACELLIGOTT 1 N S,Kerry,Kerry County Council,N,N,Catholic,,1,,,,1,,,,2
2024,09815U,TULLYLEASE MIXED N S,Cork,Cork County Council,Y,N,Catholic,2,4,5,5,4,5,2,4,,31
2024,09833W,S N LEITIRGEIS,Galway,Galway County Council,Y,N,Catholic,4,4,6,6,3,1,6,3,,33
2024,09841V,S N BHAILE AN CHROSAIGH,Kerry,Kerry County Council,N,N,Catholic,1,2,3,2,1,6,3,9,,27
2024,09872J,CLOGHOOLA MIXED N S,Cork,Cork County Council,N,N,Catholic,1,1,2,2,1,1,4,3,,15
2024,09878V,AGHATUBRID N S,Kerry,Kerry County Council,N,N,Catholic,3,7,5,8,6,7,11,5,,52
2024,09915B,MARTINSTOWN N S,Limerick,Limerick County Council,N,N,Catholic,6,8,4,9,10,5,6,9,3,60
2024,09927I,GRANAGH NATIONAL SCHOOL,Limerick,Limerick County Council,N,N,Catholic,8,8,16,11,15,7,1,6,,72
2024,09932B,STANHOPE STREET PRIMARY SCHOOL,Dublin,Dublin City Council,Y,N,Catholic,40,44,52,58,56,59,39,40,12,400
2024,09938N,CURRANES N S,Kerry,Kerry County Council,N,N,Catholic,9,13,8,20,5,14,12,6,,87
2024,09967U,UPPER NEWTOWN N S,Tipperary,Tipperary (Sr) County Council,N,N,Catholic,4,7,5,7,7,4,10,5,,49
2024,10014Q,COOLICK NATIONAL SCHOOL,Kerry,Kerry County Council,N,N,Catholic,9,14,13,21,14,17,13,10,,111
2024,10047I,MACROOM CONVENT N S,Cork,Cork County Council,N,N,Catholic,54,42,61,33,31,26,38,23,,308
2024,10049M,LOUGHGUITANE N S,Kerry,Kerry County Council,N,N,Catholic,17,5,11,17,15,12,11,16,,104
2024,10050U,Scoil Bhríde,Kerry,Kerry County Council,N,N,Catholic,11,15,10,16,16,13,21,20,,122
2024,10062E,CREESLOUGH N S,Donegal,Donegal County Council,Y,N,Church Of Ireland,5,1,4,4,7,5,10,3,,39
2024,10095T,S N NAOMH TREASA,Galway,Galway County Council,N,N,Catholic,6,7,5,5,8,2,9,7,,49
2024,10111O,LACKEN MXD N S,Wicklow,Wicklow County Council,N,N,Catholic,12,17,11,11,11,11,12,13,,98
2024,10131U,MOIN AN BHEALAIGH N S,Wicklow,Wicklow County Council,N,N,Catholic,11,14,16,23,9,13,12,11,,109
2024,10146K,CORLISS N S,Cavan,Cavan County Council,N,N,Catholic,2,1,,1,2,5,7,4,,22
2024,10223C,TASHINNY N S,Longford,Longford County Council,N,N,Church Of Ireland,1,5,3,1,6,5,,2,,23
2024,10239R,CROCHAN NAOFA N S,Kerry,Kerry County Council,N,N,Catholic,11,3,13,4,5,8,6,6,,56
2024,10243I,S N ACHADH EOCHAILLE,Cork,Cork County Council,N,N,Catholic,5,6,7,7,9,14,9,13,,70
2024,10282S,DRUMACRUTTIN N S,Monaghan,Monaghan County Council,N,N,Church Of Ireland,1,3,1,2,1,2,1,3,,14
2024,10296G,SCOIL NAOMH MEARNOG,Dublin,Fingal County Council,N,N,Catholic,81,79,81,71,78,85,77,64,7,623
2024,10326M,SCOIL NUACHABHAIL,Kerry,Kerry County Council,N,N,Catholic,8,14,8,15,15,11,20,12,,103
2024,10353P,CHARLEVILLE N S,Offaly,Offaly County Council,N,N,Church Of Ireland,13,18,23,20,21,23,18,22,12,170
2024,10394G,SCOIL MHUIRE B&C,Kerry,Kerry County Council,N,N,Catholic,11,7,13,19,7,15,14,6,4,96
2024,10429W,SCOIL MHUIRE,Monaghan,Monaghan County Council,Y,N,Catholic,16,8,10,7,10,9,10,8,,78
2024,10494K,ALL SAINTS N S,Dublin,Dun Laoghaire Rathdown,N,N,Church Of Ireland,8,5,7,8,7,2,8,5,,50
2024,10499U,KILGARIFFE N S,Cork,Cork County Council,N,N,Church Of Ireland,6,3,4,9,7,4,7,7,,47
2024,10501E,SCOIL EASA DHUIBHE,Kerry,Kerry County Council,N,N,Catholic,6,4,10,8,9,5,10,5,,57
2024,10523O,FERMOY ADAIR N S,Cork,Cork County Council,N,N,Church Of Ireland,2,3,2,4,2,5,3,7,,28
2024,10533R,BALLYDREHID N S,Tipperary,Tipperary (Sr) County Council,N,N,Catholic,,1,1,3,2,3,3,4,,17
2024,10544W,COSBY N S,Laois,Laois County Council,N,N,Church Of Ireland,2,5,7,11,5,9,8,5,,52
2024,10548H,ST BRENDANS NATIONAL SCHOOL,Cork,Cork County Council,N,N,Church Of Ireland,5,3,,2,4,1,4,3,,22
2024,10591I,S N AN ARD MHOIR,Galway,Galway County Council,Y,Y,Catholic,2,6,1,3,1,3,,1,,17
2024,10595Q,KILBARRON N S,Donegal,Donegal County Council,Y,N,Church Of Ireland,2,5,4,3,3,2,8,5,,32
2024,10653E,CHAPELIZOD N S,Dublin,Dublin City Council,N,N,Church Of Ireland,2,6,4,3,3,5,3,4,,30
2024,10675O,BALLYMANA N S,Galway,Galway County Council,N,N,Catholic,12,14,19,6,14,10,19,17,,111
2024,10683N,KILBRIDE N S,Wicklow,Wicklow County Council,N,N,Catholic,8,16,16,13,13,13,7,12,,98
2024,10724B,SOUTH ABBEY NS,Cork,Cork County Council,Y,N,Church Of Ireland,15,20,20,28,28,26,27,29,28,221
2024,10739O,BALLINCARRIGA MXD N S,Cork,Cork County Council,N,N,Catholic,10,15,13,11,12,14,11,11,,97
2024,10751E,CLONTIBRET N S,Monaghan,Monaghan County Council,N,N,Church Of Ireland,4,2,1,3,2,5,3,6,,26
2024,10755M,SCOIL AN FHIRTEARAIGH,Kerry,Kerry County Council,N,Y,Catholic,3,6,6,6,5,6,4,9,,45
2024,10763L,BOSTON N S,Clare,Clare County Council,N,N,Catholic,2,4,5,4,,3,4,1,,23
2024,10771K,COBH N S,Cork,Cork County Council,Y,N,Church Of Ireland,2,1,5,5,2,1,4,2,,22
2024,10775S,Scoil Chorp Chríost,Kerry,Kerry County Council,N,N,Catholic,11,17,10,12,10,16,8,11,,95
2024,10780L,BALLYOUGHTER N S,Wexford,Wexford County Council,N,N,Catholic,3,4,10,10,3,6,5,7,,48
2024,10801Q,DRUMBARRAGH N S,Meath,Meath County Council,N,N,Catholic,8,15,5,12,11,10,12,12,,85
2024,10835K,PRESENTATION CONVENT NATIONAL SCHOOL,Kilkenny,Kilkenny County Council,Y,N,Catholic,15,14,19,7,5,12,8,14,,94
2024,10857U,CASTLEPOLLARD PAROC.N S,Westmeath,Westmeath County Council,N,N,Church Of Ireland,2,4,3,3,4,4,4,1,,25
2024,10863P,S N NA COILLE GLAISE,Galway,Galway County Council,Y,N,Catholic,15,20,20,14,17,15,16,19,5,141
2024,10886E,TUBBER N S,Clare,Clare County Council,N,N,Catholic,7,6,3,1,10,3,8,3,,41
2024,10929T,CHURCH STREET NATIONAL SCHOOL,Limerick,Limerick County Council,Y,N,Church Of Ireland,2,,2,3,1,2,2,4,,16
2024,10957B,S N MHUIRE DE LOURDES,Kerry,Kerry County Council,Y,N,Catholic,7,13,19,13,12,13,10,16,,103
2024,10967E,THREEN N S,Roscommon,Roscommon County Council,N,N,Catholic,6,2,7,5,1,8,4,6,,39
2024,10991B,GARRYDOOLIS N S,Limerick,Limerick County Council,N,N,Catholic,3,4,4,3,3,2,6,5,,30
2024,11039O,KILBEG N S,Meath,Meath County Council,N,N,Catholic,7,11,10,13,17,11,15,15,,99
2024,11067T,S N NAOMH BRID,Kerry,Kerry County Council,N,N,Catholic,20,22,14,22,20,21,20,29,6,174
2024,11072M,S N NAOMH PEADAR,Louth,Louth County Council,N,N,Church Of Ireland,10,10,10,12,13,10,13,14,,92
2024,11135K,ST MARYS N S,Carlow,Carlow County Council,N,N,Church Of Ireland,6,15,8,8,7,15,11,16,12,98
2024,11201U,S N NAOMH PADRAIG,Roscommon,Roscommon County Council,N,N,Catholic,,,,3,2,3,6,2,,16
2024,11203B,SEIR KIERANS N S,Offaly,Offaly County Council,N,N,Catholic,11,7,4,10,10,8,7,4,6,67
2024,11205F,Killeshandra National School ( C of I),Cavan,Cavan County Council,N,N,Church Of Ireland,8,4,4,5,4,9,8,6,,48
2024,11236Q,NEWMARKET B N S,Cork,Cork County Council,N,N,Catholic,9,10,12,8,8,14,15,21,,97
2024,11242L,CLOONBONNIF N S,Roscommon,Roscommon County Council,Y,N,Catholic,2,1,1,5,,6,3,3,,21
2024,11245R,SN CILL MHIC ABHAIDH,Cork,Cork County Council,N,N,Catholic,,6,6,4,6,9,4,8,,43
2024,11248A,SN AN GHLEANNA,Kerry,Kerry County Council,N,Y,Catholic,,4,,5,2,3,3,4,,21
2024,11249C,BURNFORT N S,Cork,Cork County Council,N,N,Catholic,7,9,7,11,12,9,9,20,,84
2024,11262R,DRUIMNE N S,Cork,Cork County Council,Y,N,Catholic,9,7,6,8,9,12,2,9,2,64
2024,11280T,CARRICKERRY N S,Limerick,Limerick County Council,N,N,Catholic,6,7,4,6,5,13,5,9,,55
2024,11290W,S N MUIRE GAN SMAL,Galway,Galway County Council,Y,Y,Catholic,3,,4,,1,3,4,3,,18
2024,11307N,BALLYGUILTENANE N S,Limerick,Limerick County Council,N,N,Catholic,1,2,,6,4,4,2,9,,28
2024,11337W,KILMAGNER N S,Cork,Cork County Council,N,N,Catholic,5,2,6,9,9,4,8,12,6,61
2024,11361T,FAYTHE CONVENT,Wexford,Wexford County Council,Y,N,Catholic,20,30,20,29,30,31,33,37,6,236
2024,11363A,Scoil Atha na mBlath,Kerry,Kerry County Council,N,N,Catholic,3,10,7,11,8,6,5,12,,62
2024,11367I,PORTROE N S,Tipperary,Tipperary (Nr) County Council,N,N,Catholic,11,16,13,11,23,23,12,12,7,128
2024,11372B,BRITTAS BAY MXD N S,Wicklow,Wicklow County Council,N,N,Catholic,17,6,13,14,16,26,22,19,,133
2024,11373D,S N MHUIRE,Galway,Galway County Council,Y,Y,Catholic,3,3,8,7,,4,2,7,,34
2024,11380A,"Sacred Heart National School, Caim",Wexford,Wexford County Council,N,N,Catholic,6,9,14,9,12,13,11,13,,87
2024,11384I,GURTAGARRY N S,Tipperary,Tipperary (Nr) County Council,N,N,Catholic,8,13,7,12,8,7,4,8,,67
2024,11405N,FAHA NATIONAL SCHOOL,Kerry,Kerry County Council,N,N,Catholic,27,25,32,27,24,31,29,33,,228
2024,11409V,BALLYCONELL CENTRAL N S,Cavan,Cavan County Council,N,N,Church Of Ireland,2,3,3,6,4,5,3,1,,27
2024,11419B,SCOIL BHREANAINN,Kerry,Kerry County Council,Y,N,Catholic,12,11,11,11,15,15,13,11,,99
2024,11422N,MAHOONAGH N S,Limerick,Limerick County Council,N,N,Catholic,26,28,27,22,36,27,32,26,12,236
2024,11453B,LISNAMROCK N S,Tipperary,Tipperary (Sr) County Council,Y,N,Catholic,7,11,7,11,5,10,10,7,,68
2024,11466K,LISMOIL N S,Roscommon,Roscommon County Council,N,N,Catholic,,1,2,1,5,1,,3,,13
2024,11470B,SLIEVEARDAGH N S,Tipperary,Tipperary (Sr) County Council,Y,N,Catholic,1,2,4,,6,5,2,4,,24
2024,11496T,Shandrum National School,Cork,Cork County Council,N,N,Catholic,19,15,13,21,25,8,23,23,,147
2024,11517B,CAVAN 1 N S,Cavan,Cavan County Council,N,N,Church Of Ireland,6,10,7,5,9,5,9,11,,62
2024,11525A,ST PATRICKS N SCHOOL,Dublin,Dublin City Council,N,N,Catholic,64,50,45,57,45,59,58,58,19,455
2024,11541V,DROMAILI S N,Cavan,Cavan County Council,N,N,Catholic,28,27,28,27,24,25,28,30,,217
2024,11578V,CITY QUAY NS,Dublin,Dublin City Council,Y,N,Catholic,18,15,23,19,22,18,16,19,6,156
2024,11583O,ST ANDREWS N S,Dublin,Fingal County Council,N,N,Church Of Ireland,21,26,24,27,28,27,28,26,,207
2024,11605V,ROSEGREEN N S,Tipperary,Tipperary (Sr) County Council,N,N,Catholic,16,28,13,15,21,15,21,16,,145
2024,11638N,WHITECHURCH NAT SCHOOL,Dublin,South Dublin County Council,N,N,Church Of Ireland,24,24,24,26,26,26,23,26,,199
2024,11649S,NUNS CROSS N S,Wicklow,Wicklow County Council,N,N,Church Of Ireland,25,27,30,20,30,28,20,17,,197
2024,11669B,S N NAOMH BRID,Galway,Galway County Council,N,N,Catholic,4,3,3,1,2,3,1,6,3,26
2024,11714D,BANSHA N S,Clare,Clare County Council,N,N,Catholic,1,1,2,,,2,,2,,8
2024,11725I,BEHEYMORE N S,Mayo,Mayo County Council,Y,N,Catholic,26,25,27,27,25,28,29,27,6,220
2024,11746Q,CASTLEGREGORY MXD N S,Kerry,Kerry County Council,N,N,Catholic,17,12,19,16,24,20,23,16,,147
2024,11765U,DOONBEG N S,Clare,Clare County Council,N,N,Catholic,9,9,8,9,7,7,6,6,6,67
2024,11809O,S N CNOCH A DEAGA,Limerick,Limerick County Council,N,N,Catholic,2,6,6,5,3,5,8,4,,39
2024,11834N,CLOONDAFF N S,Mayo,Mayo County Council,N,N,Catholic,1,1,3,2,,3,2,2,,14
2024,11843O,S N NEILL MOR,Donegal,Donegal County Council,Y,N,Catholic,37,35,19,23,24,26,34,20,7,225
2024,11872V,Clochar na Toirbhirte,Tipperary,Tipperary (Sr) County Council,Y,N,Catholic,43,36,58,31,21,37,34,29,,289
2024,11873A,RATHMICHAEL N S,Dublin,Dun Laoghaire Rathdown,N,N,Church Of Ireland,24,26,21,23,27,28,29,25,,203
2024,11893G,ST DAVIDS NS,Kildare,Kildare County Council,N,N,Church Of Ireland,13,11,12,11,11,11,10,11,4,94
2024,11894I,SCOIL MHUIRE,Dublin,Dublin City Council,N,N,Catholic,34,32,41,37,33,37,28,29,6,277
2024,11931L,S N IOSEPH,Cork,Cork County Council,N,N,Catholic,1,,1,3,2,2,,,,9
2024,11943S,BALLINLOUGH N S,Roscommon,Roscommon County Council,Y,N,Church Of Ireland,5,2,6,5,,4,5,4,,31
2024,11955C,COOLCAPPA N S,Limerick,Limerick County Council,N,N,Catholic,2,4,10,5,5,11,10,3,,50
2024,11969N,CARRICKBEG N S,Waterford,Waterford County Council,N,N,Catholic,8,13,9,16,17,19,13,12,,107
2024,11976K,SCOIL CHÓCA NAOFA,Kildare,Kildare County Council,N,N,Catholic,41,75,53,53,52,52,52,65,3,446
2024,11978O,SCOIL MHUIRE NS,Meath,Meath County Council,N,N,Catholic,11,5,10,17,17,11,11,11,,93
2024,11986N,CONVENT OF MERCY,Wexford,Wexford County Council,Y,N,Catholic,40,35,58,50,54,61,61,47,,406
2024,11990E,BODYKE N S,Clare,Clare County Council,N,N,Catholic,1,2,6,6,,5,7,3,,30
2024,11992I,WHITEGATE MIXED N S,Cork,Cork County Council,N,N,Catholic,13,9,12,8,7,11,10,9,,79
2024,12003V,S N RONAIN,Roscommon,Roscommon County Council,N,N,Catholic,,3,5,9,5,7,3,5,,37
2024,12007G,OUR LADY OF GOOD COUNSEL GNS,Waterford,Waterford City Council,N,N,Catholic,19,25,28,23,25,24,25,29,,198
2024,12012W,ST LUKES N S DOUGLAS,Cork,Cork City Council,N,N,Church Of Ireland,20,23,26,27,30,27,27,27,,207
2024,12014D,ST ANDREWS N S,Dublin,South Dublin County Council,N,N,Church Of Ireland,37,42,51,42,42,48,61,60,4,387
2024,12015F,LISCARROL N S,Cork,Cork County Council,N,N,Catholic,15,15,15,18,19,24,23,18,30,177
2024,12041G,ST JOHN THE BAPTIST N S,Cork,Cork County Council,N,N,Church Of Ireland,24,23,23,24,26,26,26,26,,198
2024,12068D,OUR LADY OF MERCY NS,Meath,Meath County Council,N,N,Catholic,83,85,70,86,,,,,2,326
2024,12077E,SCOIL NAOMH FIACHRA,Donegal,Donegal County Council,N,N,Catholic,50,54,56,61,60,64,92,77,,514
2024,12095G,S N NAOMH ANTOINE,Galway,Galway County Council,Y,N,Catholic,,,2,,,1,2,3,,8
2024,12099O,BILLIS N S,Cavan,Cavan County Council,N,N,Church Of Ireland,15,5,9,12,9,13,9,11,,83
2024,12106I,S N NAOMH PADRAIG,Galway,Galway County Council,N,Y,Catholic,,2,,,3,1,3,3,,12
2024,12124K,REAR N S,Tipperary,Tipperary (Nr) County Council,N,N,Catholic,6,9,13,10,8,12,10,3,,71
2024,12136R,SCOIL BHRÍDE,Longford,Longford County Council,N,N,Catholic,7,9,5,5,7,3,5,2,,43
2024,12138V,SN Ceathru na Laithigh,Galway,Galway County Council,N,N,Catholic,6,6,6,7,10,5,12,8,,60
2024,12147W,S N AN AIRD,Cork,Cork County Council,N,N,Catholic,20,16,16,17,17,9,10,11,,116
2024,12169J,TEMPLEBRADY N S,Cork,Cork County Council,N,N,Church Of Ireland,8,8,9,9,11,13,4,12,,74
2024,12171T,CORBALLA N S,Sligo,Sligo County Council,N,N,Catholic,13,15,15,17,15,12,17,16,,120
2024,12173A,MEELICKMORE N S,Mayo,Mayo County Council,N,N,Catholic,11,8,9,10,12,13,11,12,,86
2024,12180U,PRESENTATION PRIMARY SCHOOL,Tipperary,Tipperary (Sr) County Council,N,N,Catholic,32,52,21,37,29,31,27,31,14,274
2024,12182B,St. John's National School,Kildare,Kildare County Council,N,N,Church Of Ireland,4,6,3,7,5,7,9,3,,44
2024,12203G,S N NAOMH ANTAINE,Cork,Cork City Council,N,N,Catholic,57,80,73,75,72,72,74,91,4,598
2024,12206M,S N NAOMH PADRAIG,Mayo,Mayo County Council,Y,N,Catholic,15,16,17,21,15,16,15,19,,134
2024,12231L,RUSHALL N S,Laois,Laois County Council,N,N,Catholic,6,2,2,7,3,4,2,6,,32
2024,12259K,S N OIR CHEANN,Cork,Cork County Council,N,N,Catholic,,1,5,1,2,4,3,2,,18
2024,12263B,GOGGINSHILL N S,Cork,Cork County Council,N,N,Catholic,24,27,27,26,28,34,26,19,12,223
2024,12281D,WALTERSTOWN N S,Cork,Cork County Council,N,N,Catholic,24,25,21,15,25,23,30,20,16,199
2024,12292I,CANOVEE MIXED N S,Cork,Cork County Council,N,N,Catholic,21,18,14,16,17,13,21,27,6,153
2024,12294M,ST CRONANS MIXED N S,Offaly,Offaly County Council,N,N,Catholic,12,8,11,2,4,9,10,5,6,67
2024,12312L,DARLEY N S,Cavan,Cavan County Council,N,N,Multi Denominational,7,16,15,16,13,18,22,9,9,125
2024,12339I,S N INIS MEADHOIN,Galway,Galway County Council,Y,Y,Catholic,3,5,1,2,1,3,2,1,,18
2024,12343W,SHINRONE MIXED N S,Offaly,Offaly County Council,Y,N,Catholic,20,15,19,16,14,13,15,13,6,131
2024,12349L,SN Mhuire na nAingeal,Tipperary,Tipperary (Sr) County Council,N,N,Catholic,54,60,52,51,40,39,52,44,,392
2024,12350T,SN na hAille,Mayo,Mayo County Council,N,N,Catholic,20,19,25,17,16,12,17,22,,148
2024,12354E,CLOGHER MXD N S,Kerry,Kerry County Council,N,N,Catholic,4,6,3,4,4,8,5,4,,38
2024,12358M,SWORDS BOROUGH N S,Dublin,Fingal County Council,N,N,Church Of Ireland,5,13,12,9,12,14,11,14,,90
2024,12368P,S N NAOMH PADRAIG,Limerick,Limerick County Council,N,N,Catholic,10,5,10,10,7,7,2,3,,54
2024,12370C,ST BRENDANS MONASTERY,Offaly,Offaly County Council,Y,N,Catholic,19,23,14,23,20,23,22,24,21,189
2024,12373I,S N EACHLEIME,Mayo,Mayo County Council,Y,Y,Catholic,10,4,7,9,5,4,10,7,,56
2024,12382J,CURRIGLASS NS,Cork,Cork County Council,N,N,Catholic,4,3,6,9,2,3,12,7,,46
2024,12383L,UNION HALL MIXED N S,Cork,Cork County Council,N,N,Catholic,5,6,11,9,7,9,12,10,,69
2024,12395S,RUSHEEN NS,Cork,Cork County Council,N,N,Catholic,10,6,6,7,14,7,15,13,,78
2024,12413R,DONAGHMORE N S,Wicklow,Wicklow County Council,N,N,Church Of Ireland,3,6,,7,1,8,,2,,27
2024,12446J,SN Gleann na hUladh,Cork,Cork County Council,N,N,Catholic,14,14,14,13,9,10,9,12,,95
2024,12447L,BALTYDANIEL N S,Cork,Cork County Council,N,N,Catholic,26,23,27,28,25,23,29,27,,208
2024,12448N,GARDINER STREET CONVENT,Dublin,Dublin City Council,Y,N,Catholic,31,32,36,37,44,40,51,42,,313
2024,12456M,TIMOLEAGUE N S,Cork,Cork County Council,N,N,Catholic,14,19,21,24,20,18,21,17,,154
2024,12467R,CRAGGAGH N S,Mayo,Mayo County Council,N,N,Catholic,1,3,1,2,2,1,,4,,14
2024,12473M,GREENMOUNT MONASTERY NS,Cork,Cork City Council,Y,N,Catholic,37,25,33,29,27,31,21,30,4,237
2024,12476S,SLIEVERUE MIXED N S,Kilkenny,Kilkenny County Council,N,N,Catholic,28,17,28,28,23,28,30,30,,212
2024,12488C,GILSON NATIONAL SCHOOL,Meath,Meath County Council,Y,N,Catholic,20,29,30,29,28,27,36,28,,227
2024,12502Q,S N EANNA,Galway,Galway County Council,Y,N,Catholic,2,3,2,3,3,4,1,3,,21
2024,12505W,KILBARRY N S,Cork,Cork County Council,N,N,Catholic,5,6,4,5,1,8,4,5,,38
2024,12529N,ST SAVIOURS N S,Wicklow,Wicklow County Council,N,N,Church Of Ireland,11,15,14,16,17,16,13,18,4,124
2024,12535I,S N URSULA NAOFA,Waterford,Waterford City Council,Y,N,Catholic,63,72,73,74,74,81,86,104,,627
2024,12537M,CARN N S,Sligo,Sligo County Council,N,N,Catholic,10,17,19,13,13,16,17,14,,119
2024,12540B,CLONMORE N S,Tipperary,Tipperary (Nr) County Council,N,N,Catholic,12,13,14,12,14,10,12,10,,97
2024,12554M,St Patrick's National School,Wicklow,Wicklow County Council,N,N,Church Of Ireland,46,51,48,47,52,56,46,55,6,407
2024,12568A,SN INBHEAR,Mayo,Mayo County Council,Y,Y,Catholic,6,7,12,4,8,13,9,9,,68
2024,12569C,S N ROS DUMHACH,Mayo,Mayo County Council,Y,Y,Catholic,5,2,4,2,3,,4,5,,25
2024,12574S,LURGA N S,Galway,Galway County Council,N,N,Catholic,8,14,13,13,14,8,12,11,,93
2024,12587E,COOLARD MXD N S,Kerry,Kerry County Council,N,N,Catholic,9,6,9,14,11,8,15,18,,90
2024,12598J,ARDAGH BOYS SENIOR NATIONAL SCHOOL,Cork,Cork County Council,N,N,Catholic,,,,14,11,9,14,10,,58
2024,12606F,CRUMLIN N S,Galway,Galway County Council,N,N,Catholic,7,13,13,9,17,16,10,14,,99
2024,12613C,GLENBROHANE N S,Limerick,Limerick County Council,N,N,Catholic,3,1,2,1,7,7,1,5,,27
2024,12631E,PALLASKENRY N S,Limerick,Limerick County Council,N,N,Catholic,13,23,20,16,12,16,18,15,1,134
2024,12633I,COOLMEEN N S,Clare,Clare County Council,N,N,Catholic,2,3,2,2,2,,4,2,,17
2024,12676D,CLOGHEEN MXD N S,Cork,Cork City Council,N,N,Catholic,28,23,10,24,15,17,23,17,12,169
2024,12683A,ST. JOHNS NATIONAL SCHOOL,Longford,Longford County Council,Y,N,Church Of Ireland,9,13,4,8,9,6,10,7,,66
2024,12685E,RUSHNACAHARA N S,Cork,Cork County Council,N,N,Catholic,,3,3,2,2,3,7,3,,23
2024,12688K,KILTEGAN N S,Wicklow,Wicklow County Council,N,N,Church Of Ireland,1,3,4,,3,1,1,,,13
2024,12692B,KILADOOLEY MIXED N S,Laois,Laois County Council,N,N,Catholic,22,20,16,15,16,24,8,10,,131
2024,12701W,S.N na Faille Móire,Kerry,Kerry County Council,N,N,Catholic,10,13,4,12,7,8,11,6,,71
2024,12706J,SN SAILEARNA,Galway,Galway County Council,N,Y,Catholic,31,27,26,30,28,24,27,22,,215
2024,12736S,NAOMH GUASACHTA N S,Longford,Longford County Council,N,N,Catholic,4,4,9,3,6,5,13,7,,51
2024,12741L,MARSHALSTOWN N S,Wexford,Wexford County Council,N,N,Catholic,21,25,28,11,22,30,22,32,12,203
2024,12754U,S N CNOC AN SAMHRAIDH,Roscommon,Roscommon County Council,N,N,Catholic,25,20,25,22,30,37,34,41,15,249
2024,12755W,KILDARE PLACE N S,Dublin,Dublin City Council,N,N,Church Of Ireland,27,24,23,23,23,24,22,25,,191
2024,12767G,S N RONAIN NAOFA,Sligo,Sligo County Council,Y,N,Catholic,5,4,5,4,1,5,4,5,,33
2024,12782C,BUNSCOIL NAOMH CHUANA,Galway,Galway County Council,N,N,Catholic,21,27,19,36,31,31,24,27,1,217
2024,12788O,FLOWERFIELD N S,Meath,Meath County Council,N,N,Church Of Ireland,10,3,14,6,8,6,8,4,,59
2024,12792F,SAINT MICHAELS N S,Mayo,Mayo County Council,N,N,Church Of Ireland,3,6,2,2,5,2,3,4,,27
2024,12813K,ST COLUMBAS MXD N S,Longford,Longford County Council,N,N,Catholic,6,12,5,7,4,6,7,3,,50
2024,12816Q,S N CEATHRU AN CHLOCHAR,Mayo,Mayo County Council,N,N,Catholic,1,5,3,2,11,6,8,9,,45
2024,12820H,Scoil Realt na Mara,Kerry,Kerry County Council,Y,N,Catholic,13,23,10,22,17,20,12,20,,137
2024,12832O,SCOIL MHUIRE B,Kerry,Kerry County Council,N,N,Catholic,36,37,60,39,44,45,51,50,,362
2024,12834S,ST MICHAELS,Limerick,Limerick City Council,N,N,Church Of Ireland,12,11,18,16,14,12,16,14,,113
2024,12841P,ST PATRICKS N S,Wexford,Wexford County Council,N,N,Catholic,10,5,5,5,13,13,12,13,,76
2024,12848G,DOONAHA N S,Clare,Clare County Council,Y,N,Catholic,,1,1,2,2,6,6,2,,20
2024,12875J,Gaelscoil Naomh Séamas,Kerry,Kerry County Council,Y,N,Catholic,5,8,12,6,,1,,,,32
2024,12897T,UGHTYNEILL N S,Meath,Meath County Council,N,N,Catholic,4,2,4,4,5,4,5,2,,30
2024,12936D,CLOONLYON N S,Mayo,Mayo County Council,Y,N,Catholic,5,6,6,5,4,1,3,6,,36
2024,12938H,S N TAMHNIGHAN FHEADHA,Mayo,Mayo County Council,N,N,Catholic,2,1,1,1,1,4,2,,,12
2024,12946G,S N COILM CILLE,Galway,Galway County Council,Y,Y,Catholic,6,6,8,8,10,3,6,4,6,57
2024,12954F,S N BHRIDE,Galway,Galway County Council,N,N,Catholic,24,27,36,26,30,24,34,33,,234
2024,12964I,S N NAOMH SEOSAMH,Roscommon,Roscommon County Council,N,N,Catholic,15,8,21,16,11,27,11,16,,125
2024,12967O,INCHIGEELA N S,Cork,Cork County Council,N,N,Catholic,7,9,10,7,5,7,5,7,3,60
2024,12975N,ST JOSEPHS CONVENT,Limerick,Limerick County Council,Y,N,Catholic,18,21,20,31,27,24,32,31,18,222
2024,12998C,S N CIANOG NAOFA,Kildare,Kildare County Council,N,N,Catholic,10,8,9,15,10,12,10,10,,84
2024,13020D,OUR LADY OF MERCY N S,Waterford,Waterford County Council,N,N,Catholic,20,14,14,14,8,22,10,21,,123
2024,13026P,KILFINANE CONVENT PRIMARY SCHOOL,Limerick,Limerick County Council,N,N,Catholic,16,13,15,19,13,17,16,16,11,136
2024,13031I,ST JOSEPHS CONVENT N S,Cork,Cork County Council,Y,N,Catholic,72,59,82,,,,,,,213
2024,13047A,S N LIOS A CUILL M,Roscommon,Roscommon County Council,Y,N,Catholic,12,15,11,13,8,19,6,14,,98
2024,13080V,KILMOVEE N S,Mayo,Mayo County Council,Y,N,Catholic,3,11,9,3,9,3,5,7,,50
2024,13095L,S N AN DROMA MHOIR,Cork,Cork County Council,N,N,Catholic,4,9,7,9,12,8,8,10,,67
2024,13105L,ST BRIDGETS MONASTERY BOYS SENIOR SCHOOL,Carlow,Carlow County Council,Y,N,Catholic,,,,24,22,20,24,25,12,127
2024,13118U,CLARA CONVENT N S,Offaly,Offaly County Council,Y,N,Catholic,16,17,20,20,18,26,32,22,12,183
2024,13125R,SCOIL DHAIRBHRE,Cork,Cork County Council,N,N,Catholic,7,2,4,3,1,5,2,4,,28
2024,13145A,S N NAOMH COLM CILLE,Mayo,Mayo County Council,N,N,Catholic,21,31,20,26,32,25,19,17,,191
2024,13150Q,KNOCKANES MXD N S,Kerry,Kerry County Council,N,N,Catholic,8,14,7,10,8,8,10,6,4,75
2024,13152U,ST JOSEPHS N S,Mayo,Mayo County Council,N,N,Catholic,15,15,16,16,12,14,5,14,6,113
2024,13165G,KILBERRY N S,Kildare,Kildare County Council,Y,N,Catholic,10,10,10,12,10,13,10,13,,88
2024,13173F,PADDOCK N S,Laois,Laois County Council,N,N,Catholic,10,7,7,14,8,12,11,12,,81
2024,13174H,ST COLUMBAS N.S.,Mayo,Mayo County Council,Y,N,Catholic,,,1,1,1,,,,,3
2024,13191H,HIGH ST MIXED N S,Offaly,Offaly County Council,N,N,Catholic,9,6,7,11,12,4,12,12,,73
2024,13196R,Taunagh National School,Sligo,Sligo County Council,N,N,Church Of Ireland,6,4,4,3,4,4,5,6,,36
2024,13198V,ST ANNES CON N S,Roscommon,Roscommon County Council,Y,N,Catholic,19,18,14,10,12,13,19,14,16,135
2024,13203L,ST PATRICKS MXD N S,Cavan,Cavan County Council,N,N,Catholic,12,11,13,14,11,13,10,17,,101
2024,13217W,HOLY FAMILY NATIONAL SCHOOL,Dublin,South Dublin County Council,N,N,Catholic,80,80,90,92,89,89,88,91,,699
2024,13222P,SN GLEANN A CHAISIL,Mayo,Mayo County Council,Y,Y,Catholic,5,5,5,9,9,12,,8,6,59
2024,13224T,ST KEVIN'S BALLYCOOG NS,Wicklow,Wicklow County Council,N,N,Catholic,2,5,2,1,4,3,1,3,,21
2024,13225V,CORMAIC NFA,Mayo,Mayo County Council,Y,N,Catholic,3,4,5,5,6,6,6,3,,38
2024,13234W,CLOUGHDUV N S,Cork,Cork County Council,N,N,Catholic,24,16,14,23,21,16,14,16,,144
2024,13242V,CASTLEROCK N S,Sligo,Sligo County Council,Y,N,Catholic,3,2,3,2,6,4,5,4,,29
2024,13246G,MONEYSTOWN N S,Wicklow,Wicklow County Council,N,N,Catholic,12,6,19,14,11,10,18,13,8,111
2024,13262E,CLOVER HILL N S,Roscommon,Roscommon County Council,Y,N,Catholic,5,5,4,3,6,9,9,12,5,58
2024,13271F,FAIRGREEN N S,Cavan,Cavan County Council,Y,N,Church Of Ireland,6,6,4,6,3,6,3,3,,37
2024,13286S,TIRELTON N S MXD,Cork,Cork County Council,N,N,Catholic,7,7,11,13,8,12,9,10,,77
2024,13299E,GLANBRIAN N S,Wexford,Wexford County Council,N,N,Catholic,9,11,11,15,11,11,10,18,,96
2024,13311O,ST PATRICKS NS,Mayo,Mayo County Council,N,N,Catholic,3,,2,,4,1,,2,,12
2024,13313S,"St. John's National School,",Longford,Longford County Council,N,N,Church Of Ireland,3,,3,3,1,3,6,5,,24
2024,13320P,FERMOYLE MIXED N S,Longford,Longford County Council,Y,N,Catholic,13,16,11,19,8,20,15,17,,119
2024,13328I,ST PATRICKS N S,Kildare,Kildare County Council,Y,N,Church Of Ireland,22,23,20,21,29,30,30,29,,204
2024,13335F,COURT N S,Wexford,Wexford County Council,N,N,Catholic,17,11,15,10,17,16,11,13,,110
2024,13343E,SCOIL BHRIDE,Laois,Laois County Council,Y,N,Catholic,8,7,11,12,16,8,12,12,,86
2024,13350B,SCOIL BRIDE,Kildare,Kildare County Council,N,N,Catholic,25,25,49,45,52,30,51,28,,305
2024,13375R,SCOIL BHRIDE,Cork,Cork County Council,N,N,Catholic,20,21,28,22,23,27,25,24,,190
2024,13379C,S N PADRAIG NFA FANOIR,Clare,Clare County Council,N,N,Catholic,3,2,1,6,2,4,8,2,,28
2024,13383Q,S N AN TSRAITH,Mayo,Mayo County Council,Y,Y,Catholic,3,2,1,1,4,2,4,3,,20
2024,13389F,SN AN TRIAN LAIR,Mayo,Mayo County Council,N,N,Catholic,7,12,4,10,5,11,7,9,,65
2024,13402R,KNOCKRAHA N S,Cork,Cork County Council,N,N,Catholic,15,22,20,14,18,26,20,24,,159
2024,13404V,Scoil Mhuire Gan Smál,Tipperary,Tipperary (Sr) County Council,N,N,Catholic,20,25,15,7,15,11,9,13,,115
2024,13415D,SN Tuairini,Galway,Galway County Council,N,Y,Catholic,7,12,10,10,11,7,17,12,,86
2024,13418J,BALLYEA MIXED N S,Clare,Clare County Council,N,N,Catholic,25,28,31,33,28,20,29,30,,224
2024,13444K,SN Beal Atha na hEin,Mayo,Mayo County Council,N,N,Catholic,6,10,14,9,14,16,12,10,,91
2024,13447Q,SCOIL MHUIRE,Dublin,South Dublin County Council,N,N,Catholic,65,52,68,56,70,77,87,90,11,576
2024,13450F,Bunscoil Rinn an Chabhlaigh,Cork,Cork County Council,N,N,Catholic,68,77,76,89,71,89,88,89,24,671
2024,13459A,S N GALLBHAILE,Limerick,Limerick County Council,N,N,Catholic,20,22,12,18,12,19,16,14,6,139
2024,13483U,SN Ath na Lionta,Cork,Cork County Council,N,N,Catholic,4,9,8,13,13,12,8,14,,81
2024,13498K,CLOONFOUR N S,Roscommon,Roscommon County Council,N,N,Catholic,3,5,7,2,7,7,6,3,,40
2024,13500R,MOUNT PLEASANT N S,Mayo,Mayo County Council,N,N,Catholic,5,13,15,15,10,11,11,11,,91
2024,13507I,S N MUIRE LOURDES,Carlow,Carlow County Council,Y,N,Catholic,24,20,22,21,31,27,41,26,,212
2024,13530D,SCOIL MHUIRE,Kerry,Kerry County Council,Y,N,Catholic,42,46,37,45,55,48,52,52,6,383
2024,13540G,MURHUR N S,Kerry,Kerry County Council,N,N,Catholic,11,16,15,9,8,6,9,,,74
2024,13543M,DERRINACAHARA N S,Cork,Cork County Council,Y,N,Catholic,7,11,11,14,10,6,8,4,6,77
2024,13555T,S N FAITCHE,Mayo,Mayo County Council,Y,N,Catholic,18,14,15,21,17,16,16,12,,129
2024,13563S,S N CHILL COINNIGH,Donegal,Donegal County Council,Y,N,Catholic,,2,,1,1,5,,4,,13
2024,13571R,DRUMRANEY MIXED N S,Westmeath,Westmeath County Council,N,N,Catholic,3,2,2,2,4,7,3,2,,25
2024,13597M,ST ANDREWS N S,Wicklow,Wicklow County Council,N,N,Church Of Ireland,25,26,26,27,27,27,25,26,,209
2024,13607M,ST COLUMBAS N S,Carlow,Carlow County Council,Y,N,Church Of Ireland,12,13,15,14,10,7,12,8,,91
2024,13611D,PRESENTATION PRIMARY SCHOOL,Dublin,Dublin City Council,Y,N,Catholic,37,26,23,35,34,31,21,11,11,229
2024,13612F,PRESENTATION PRIMARY SCHOOL,Dublin,Dublin City Council,N,N,Catholic,36,44,50,42,58,64,52,68,4,418
2024,13615L,SCOIL EOIN,Kerry,Kerry County Council,N,N,Catholic,75,71,72,76,77,70,67,72,12,592
2024,13621G,S N MUIRE,Galway,Galway County Council,Y,N,Catholic,11,15,11,10,7,14,14,16,,98
2024,13625O,KILNAMONA N S,Clare,Clare County Council,N,N,Catholic,11,15,5,9,10,15,13,12,,90
2024,13632L,ANNALITTEN N S,Monaghan,Monaghan County Council,N,N,Catholic,6,3,,6,5,1,6,4,,31
2024,13635R,BALLYDUFF N S,Waterford,Waterford County Council,N,N,Catholic,25,29,29,22,28,27,24,31,18,233
2024,13643Q,EMO MIXED N S,Laois,Laois County Council,N,N,Catholic,24,18,23,20,26,26,27,27,12,203
2024,13647B,CASTLEMARTYR N S,Cork,Cork County Council,N,N,Catholic,12,29,29,29,29,27,28,38,,221
2024,13648D,ST LUKES MXD N S,Cork,Cork City Council,N,N,Church Of Ireland,8,8,8,13,13,10,18,10,6,94
2024,13656C,ANNADUFF MXD N S,Leitrim,Leitrim County Council,N,N,Catholic,21,28,17,21,25,21,25,25,6,189
2024,13659I,BEACAN MIXED N S,Mayo,Mayo County Council,N,N,Catholic,16,27,27,26,18,13,20,23,,170
2024,13661S,DUNMANWAY CONVENT GIRLS SENIOR NATIONAL SCHOOL,Cork,Cork County Council,N,N,Catholic,2,,,15,19,16,18,18,10,98
2024,13662U,DUNMANWAY CONVENT INF,Cork,Cork County Council,N,N,Catholic,31,41,29,,,,,,,101
2024,13663W,LOWER GLANMIRE N S,Cork,Cork City Council,N,N,Catholic,15,12,19,21,20,18,21,16,,142
2024,13665D,S N AN CILLIN,Galway,Galway County Council,N,N,Catholic,6,6,5,5,9,8,6,8,,53
2024,13667H,SN MUINE CHONALLAIN,Mayo,Mayo County Council,Y,N,Catholic,21,8,13,17,16,21,12,8,,116
2024,13670T,DULARGY MIXED N S,Louth,Louth County Council,N,N,Catholic,13,14,19,17,21,30,23,15,,152
2024,13678M,KILLURNEY N S,Tipperary,Tipperary (Sr) County Council,N,N,Catholic,4,2,2,3,5,4,7,3,,30
2024,13679O,DELGANY N S,Wicklow,Wicklow County Council,N,N,Church Of Ireland,19,26,26,27,28,28,27,26,,207
2024,13684H,SCOIL CHROÍ RÓ NAOFA BEANNCHOR IORRAIS,Mayo,Mayo County Council,Y,N,Catholic,10,12,5,5,8,8,6,5,,59
2024,13686L,S N NAOMH IOSEF,Galway,Galway County Council,N,N,Catholic,14,11,8,12,12,9,12,15,3,96
2024,13696O,ST VINCENTS CONVENT N S,Cork,Cork City Council,Y,N,Catholic,19,16,17,24,31,35,31,26,12,211
2024,13699U,S N COLMCILLE,Galway,Galway County Council,Y,Y,Catholic,2,,4,5,1,3,,5,,20
2024,13728B,CASTLETOWNSEND MXD N S,Cork,Cork County Council,N,N,Catholic,3,9,13,12,15,7,14,20,,93
2024,13730L,CLOHANES N S,Clare,Clare County Council,N,N,Catholic,,2,4,1,1,6,2,2,,18
2024,13738E,BURRANE N S,Clare,Clare County Council,N,N,Catholic,5,2,2,,2,3,2,5,,21
2024,13741Q,RATH MIXED N S,Laois,Laois County Council,N,N,Catholic,23,26,19,25,23,24,22,22,12,196
2024,13747F,RIVERSTOWN N S,Cork,Cork City Council,N,N,Catholic,82,80,82,80,80,86,78,82,12,662
2024,13752V,NAOMH PADRAIG N S,Longford,Longford County Council,N,N,Catholic,9,9,7,10,6,5,6,8,,60
2024,13755E,GARTAN N S,Donegal,Donegal County Council,Y,N,Church Of Ireland,1,3,3,3,3,2,3,2,,20
2024,13757I,TARMON N S,Roscommon,Roscommon County Council,Y,N,Catholic,35,27,33,31,34,27,27,33,29,276
2024,13758K,TEMPLEMARY N S,Mayo,Mayo County Council,Y,N,Catholic,12,5,6,3,5,6,6,5,,48
2024,13773G,S N GORT AN EADAIN,Mayo,Mayo County Council,N,N,Catholic,2,5,3,3,1,4,5,7,,30
2024,13775K,ST PATRICKS N S,Meath,Meath County Council,N,N,Church Of Ireland,8,6,8,6,8,4,7,5,,52
2024,13779S,S N DHROM ATHAIN,Cork,Cork County Council,N,N,Catholic,20,25,20,27,32,20,35,33,,212
2024,13781F,BREAFFY N S,Mayo,Mayo County Council,Y,N,Catholic,50,43,41,48,44,52,44,56,8,386
2024,13790G,BULGADEN N S,Limerick,Limerick County Council,N,N,Catholic,2,3,1,1,4,3,1,1,,16
2024,13797U,LECANVEY N S,Mayo,Mayo County Council,N,N,Catholic,3,1,3,6,5,3,6,4,,31
2024,13804O,SN na Crannaighe,Clare,Clare County Council,N,N,Catholic,5,8,6,4,2,,2,,,27
2024,13811L,CORCREAGH N S,Monaghan,Monaghan County Council,N,N,Catholic,,4,6,4,4,3,8,1,,30
2024,13815T,HOWTH RD MXD N S,Dublin,Dublin City Council,N,N,Presbyterian,14,11,13,10,12,10,13,10,,93
2024,13819E,PRIMROSE HILL NS,Kildare,Kildare County Council,N,N,Church Of Ireland,13,15,14,18,15,11,15,12,,113
2024,13821O,S N na Naomh Uile,Galway,Galway County Council,Y,N,Catholic,1,2,3,2,3,1,2,4,,18
2024,13826B,KILMIHIL N.S.,Clare,Clare County Council,N,N,Catholic,13,12,10,13,8,11,8,14,5,94
2024,13828F,DOUGLAS B N S,Cork,Cork City Council,N,N,Catholic,43,35,29,48,46,55,38,42,28,364
2024,13831R,MOYLOUGH N S,Sligo,Sligo County Council,N,N,Catholic,15,9,9,8,16,14,16,15,,102
2024,13839K,CARRICK N S,Roscommon,Roscommon County Council,N,N,Catholic,4,4,2,4,7,5,6,4,,36
2024,13847J,HOLLYFORD N S,Tipperary,Tipperary (Sr) County Council,N,N,Catholic,6,2,4,1,5,1,2,6,,27
2024,13856K,BUSHY PARK N S,Galway,Galway City Council,N,N,Catholic,44,48,40,47,44,50,49,51,,373
2024,13867P,ROSCREA N S NO 2,Tipperary,Tipperary (Nr) County Council,N,N,Church Of Ireland,4,1,3,3,5,8,,4,,28
2024,13870E,KILKISHEN N S,Clare,Clare County Council,N,N,Catholic,12,14,21,12,13,19,18,17,10,136
2024,13872I,ROBERTSON N S,Donegal,Donegal County Council,Y,N,Church Of Ireland,9,7,7,11,7,9,10,4,,64
2024,13876Q,MOVEEN N S,Clare,Clare County Council,Y,N,Catholic,2,3,6,6,3,5,10,14,,49
2024,13879W,SLATTA N S,Roscommon,Roscommon County Council,N,N,Catholic,,1,1,3,,2,3,6,,16
2024,13889C,SHANBALLY N S,Cork,Cork County Council,N,N,Catholic,21,25,28,22,20,30,24,30,6,206
2024,13902O,HEWETSONS N S,Kildare,Kildare County Council,N,N,Church Of Ireland,6,10,12,12,5,20,9,13,,87
2024,13908D,BALLAGHAMEEHAN N S,Leitrim,Leitrim County Council,Y,N,Catholic,2,3,4,3,8,2,5,7,,34
2024,13910N,S N BUN AN TSABHAIRNE,Cork,Cork County Council,N,N,Catholic,21,17,21,21,32,26,31,22,,191
2024,13914V,SCOIL NAOMH IOSEF,Galway,Galway City Council,N,Y,Catholic,14,15,23,28,26,21,28,35,16,206
2024,13927H,INISHBOFIN N S,Galway,Galway County Council,Y,N,Catholic,2,1,3,1,4,2,3,1,,17
2024,13940W,ENNISCRONE N S,Sligo,Sligo County Council,N,N,Catholic,9,16,14,20,20,15,27,11,,132
2024,13942D,S N CILL MUIRE,Clare,Clare County Council,N,N,Catholic,4,10,12,12,5,9,15,13,,80
2024,13976U,ST MATTHIAS N S,Cork,Cork County Council,Y,N,Church Of Ireland,4,2,5,4,4,1,4,,,24
2024,13978B,S N NAOMH PADRAIG,Roscommon,Roscommon County Council,Y,N,Catholic,6,2,2,3,3,3,5,3,,27
2024,13980L,S N B TOGHER CORK,Cork,Cork City Council,Y,N,Catholic,19,31,28,31,27,42,33,27,12,250
2024,13991Q,BIRDHILL N S,Tipperary,Tipperary (Nr) County Council,N,N,Catholic,8,14,11,10,16,12,26,13,,110
2024,13999J,Kilnamanagh Community National School,Wexford,Wexford County Council,N,N,Multi Denominational,2,1,6,5,9,4,5,3,,35
2024,14000C,SCOIL NAOMH MHUIRE,Cork,Cork City Council,Y,N,Catholic,48,50,41,44,44,39,36,40,,342
2024,14002G,KNOCKACLARIG MXD N S,Kerry,Cork County Council,N,N,Catholic,6,3,6,4,9,8,5,4,,45
2024,14005M,KILTEELY N S,Limerick,Limerick County Council,N,N,Catholic,1,4,5,4,1,4,1,3,4,27
2024,14008S,S N BHRIDE,Tipperary,Tipperary (Sr) County Council,N,N,Catholic,6,20,11,4,11,8,9,10,,79
2024,14014N,S N BAILE DEASMUMHAN,Cork,Cork County Council,N,N,Catholic,9,14,13,13,17,14,12,12,,104
2024,14022M,COACHFORD N S,Cork,Cork County Council,N,N,Catholic,25,18,11,20,21,20,17,17,6,155
2024,14031N,CARNAIN N.S.,Galway,Galway County Council,N,N,Catholic,11,12,9,14,19,10,13,9,,97
2024,14045B,CARYSFORT MXD N S,Wicklow,Wicklow County Council,N,N,Church Of Ireland,26,26,22,26,21,26,23,28,,198
2024,14049J,WHITEHALL N S,Roscommon,Roscommon County Council,N,N,Catholic,17,6,11,10,12,16,13,14,,99
2024,14051T,STOKANE NS,Sligo,Sligo County Council,Y,N,Catholic,6,4,2,4,2,4,5,6,,33
2024,14056G,MOUNT TALBOT N S,Roscommon,Roscommon County Council,N,N,Catholic,2,5,5,4,1,2,1,4,,24
2024,14064F,S N COILL AN BHAILE,Mayo,Mayo County Council,Y,N,Catholic,6,7,7,7,3,4,3,3,,40
2024,14067L,Fedamore Community National School,Limerick,Limerick County Council,Y,N,Multi Denominational,1,,1,1,,1,1,1,,6
2024,14069P,DUN DEALGAN N S,Louth,Louth County Council,N,N,Presbyterian,8,9,13,9,11,15,9,10,,84
2024,14071C,DRUMGOSSATT N S,Monaghan,Monaghan County Council,N,N,Catholic,7,8,8,8,12,14,9,12,,78
2024,14073G,CASTLETARA N S,Cavan,Cavan County Council,N,N,Catholic,20,28,25,24,22,17,28,23,,187
2024,14075K,S N MOLUA B,Limerick,Limerick County Council,N,N,Catholic,7,4,15,14,12,8,10,8,,78
2024,14107U,CASTLETOWNROCHE N S,Cork,Cork County Council,N,N,Catholic,8,14,11,10,9,12,14,5,4,87
2024,14116V,KILBRITTAIN MIXED N S,Cork,Cork County Council,N,N,Catholic,15,17,24,27,24,29,26,20,24,206
2024,14164J,S N LIOS MOR MOCHUDA,Waterford,Waterford County Council,N,N,Church Of Ireland,5,2,3,1,3,4,4,2,,24
2024,14180H,HOLMPATRICK N S,Dublin,Fingal County Council,N,N,Church Of Ireland,6,3,9,8,8,11,11,13,,69
2024,14181J,POULACAPPLE N S,Tipperary,Tipperary (Sr) County Council,N,N,Catholic,6,3,5,9,3,1,6,12,,45
2024,14188A,BARNATRA N S,Mayo,Mayo County Council,Y,Y,Catholic,4,2,3,2,4,3,1,3,,22
2024,14193Q,S N Dhumha Thuama,Mayo,Mayo County Council,Y,Y,Catholic,1,7,4,4,,5,1,2,,24
2024,14194S,SCOIL CHOLMCILLE,Donegal,Donegal County Council,Y,Y,Catholic,16,13,17,22,22,12,7,21,9,139
2024,14205U,S N MAINISTIR MUIGHEO,Mayo,Mayo County Council,N,N,Catholic,11,11,11,14,7,12,7,14,,87
2024,14207B,SN CHILL SARAIN,Louth,Louth County Council,N,N,Catholic,11,18,16,18,17,22,16,24,24,166
2024,14211P,S N LATHRACH 2,Cavan,Cavan County Council,N,N,Catholic,24,11,18,20,14,15,14,21,,137
2024,14225D,SCOIL BHRIDE,Cork,Cork County Council,N,N,Catholic,18,15,8,15,9,8,5,15,,93
2024,14227H,KILCOE NS,Cork,Cork County Council,Y,N,Catholic,,5,4,2,6,,3,3,1,24
2024,14231V,NICKER N S,Limerick,Limerick County Council,N,N,Catholic,19,10,12,13,16,13,16,13,,112
2024,14252G,CALLYSTOWN MIXED N S,Louth,Louth County Council,N,N,Catholic,33,27,26,26,36,26,45,37,,256
2024,14254K,S N MHUIRE,Wexford,Wexford County Council,Y,N,Catholic,17,13,19,18,16,18,21,17,,139
2024,14258S,CILL MHOR IORRAIS,Mayo,Mayo County Council,Y,Y,Catholic,5,1,2,6,1,3,1,6,,25
2024,14260F,ABBEYLEIX STH N S,Laois,Laois County Council,N,N,Church Of Ireland,14,6,10,12,9,8,13,15,,87
2024,14269A,JONATHAN SWIFT NS,Wicklow,Wicklow County Council,N,N,Church Of Ireland,5,4,,3,6,8,6,10,,42
2024,14273O,S N PADRAIG NAOFA,Galway,Galway County Council,N,N,Catholic,,,2,2,,3,4,3,,14
2024,14278B,SCOIL NAOMH PADRAIG,Galway,Galway County Council,N,N,Catholic,5,11,5,7,11,5,8,12,,64
2024,14290O,SCOIL NAOMH BRID,Mayo,Mayo County Council,Y,N,Catholic,11,5,3,11,11,12,10,8,,71
2024,14294W,BRIERFIELD N SCHOOL,Galway,Galway County Council,N,N,Catholic,3,9,7,11,8,7,12,11,4,72
2024,14300O,KILLASONNA MIXED N S,Longford,Longford County Council,N,N,Catholic,3,5,6,3,9,4,8,5,,43
2024,14303U,S N CLEIRE,Cork,Cork County Council,Y,Y,Catholic,1,,,1,1,,,,,3
2024,14305B,BALLYLANDERS N S,Limerick,Limerick County Council,Y,N,Catholic,15,17,23,12,22,15,17,24,,145
2024,14320U,CORLEA N S,Cavan,Cavan County Council,Y,N,Catholic,,1,4,2,1,1,5,,,14
2024,14336M,SEARCOG I N S,Cavan,Cavan County Council,N,N,Catholic,20,29,21,19,28,14,27,23,,181
2024,14339S,AUGHAVAS NS,Leitrim,Leitrim County Council,Y,N,Catholic,6,7,2,5,4,2,3,7,,36
2024,14348T,CARRICKLECK N S,Meath,Meath County Council,N,N,Catholic,3,4,2,5,3,3,4,2,,26
2024,14356S,LISANISKEY N S,Roscommon,Roscommon County Council,N,N,Catholic,19,19,8,12,13,17,12,7,,107
2024,14366V,LOUGHFOUDER N S,Kerry,Kerry County Council,N,N,Catholic,1,6,,2,5,1,3,3,,21
2024,14377D,S N CILL CONAILL,Galway,Galway County Council,N,N,Catholic,9,7,4,7,9,4,12,6,,58
2024,14383V,S N PADRAIG NAOFA,Galway,Galway County Council,N,N,Catholic,15,9,10,10,14,19,16,11,,104
2024,14386E,STONEPARK N S,Longford,Longford County Council,Y,N,Catholic,29,31,32,32,29,25,31,30,,239
2024,14394D,S N CILL FHEICIN,Galway,Galway County Council,N,N,Catholic,13,8,5,7,8,8,4,13,,66
2024,14398L,GLEBE NS,Wicklow,Wicklow County Council,N,N,Church Of Ireland,24,25,25,28,28,24,26,27,,207
2024,14399N,KILLYGARRY N S,Cavan,Cavan County Council,N,N,Catholic,24,20,25,29,24,29,29,24,,204
2024,14409N,SCOIL NEASSAIN,Limerick,Limerick County Council,N,N,Catholic,78,78,85,87,82,84,84,87,,665
2024,14420B,S N NAOMH PADRAIG,Galway,Galway County Council,Y,N,Catholic,6,4,3,2,2,6,4,3,,30
2024,14421D,S N ARD,Galway,Galway County Council,Y,Y,Catholic,1,,2,3,3,,4,4,,17
2024,14426N,KNOCKAVILLA N S,Tipperary,Tipperary (Sr) County Council,N,N,Catholic,16,19,17,22,18,17,20,13,,142
2024,14430E,DERRYCREHA N S,Cork,Cork County Council,N,N,Catholic,3,3,2,3,3,3,8,2,,27
2024,14433K,ABBEYSTREWRY N S,Cork,Cork County Council,N,N,Church Of Ireland,22,13,22,19,11,13,22,17,,139
2024,14448A,CLOUGHANOWER N S,Galway,Galway County Council,N,N,Catholic,4,11,5,11,9,11,10,11,,72
2024,14450K,ST FEIGHANS MXD N S,Westmeath,Westmeath County Council,N,N,Catholic,8,17,14,15,9,11,16,7,,97
2024,14460N,KILLEA N S,Tipperary,Tipperary (Nr) County Council,N,N,Catholic,5,,1,,1,1,3,3,,14
2024,14463T,ST COLUMBAS N S MXD,Dublin,Dublin City Council,N,N,Church Of Ireland,12,12,12,9,13,10,14,9,,91
2024,14468G,KILMALEY N S,Clare,Clare County Council,N,N,Catholic,13,11,15,10,15,10,8,16,,98
2024,14476F,WANDESFORDE MIXED N S,Kilkenny,Kilkenny County Council,N,N,Church Of Ireland,7,6,10,9,8,4,3,12,,59
2024,14492D,CURRACLOE N S,Wexford,Wexford County Council,N,N,Catholic,11,8,7,5,13,10,19,14,,87
2024,14497N,S N B CURNANOOL,Mayo,Mayo County Council,N,N,Catholic,10,9,5,8,8,9,6,10,,65
2024,14502D,SCOIL MHUIRE B&C,Donegal,Donegal County Council,Y,Y,Catholic,5,13,9,9,15,8,17,15,,91
2024,14534Q,GORTJORDAN N S,Mayo,Mayo County Council,N,N,Catholic,2,1,1,2,1,2,2,,,11
2024,14556D,South City CNS,Dublin,Dublin City Council,Y,N,Multi Denominational,20,18,24,19,19,20,23,18,,161
2024,14571W,TOMGRANEY N S,Clare,Clare County Council,N,N,Catholic,6,5,6,5,6,5,6,7,,46
2024,14578N,SCOIL NAOMH FAINCHE,Louth,Louth County Council,N,N,Catholic,28,15,20,21,24,28,31,24,,191
2024,14586M,CARYSFORT NS,Dublin,Dun Laoghaire Rathdown,N,N,Catholic,78,74,84,79,68,64,71,70,,588
2024,14590D,AINBHTHIN NAOFA,Galway,Galway County Council,N,N,Catholic,41,29,41,34,30,25,24,29,,253
2024,14622N,EIDHNEACH N S,Clare,Clare County Council,N,N,Catholic,16,22,16,20,17,18,16,25,11,161
2024,14625T,DOON CONVENT N S,Limerick,Limerick County Council,N,N,Catholic,17,18,20,11,11,13,9,13,10,122
2024,14631O,SCOIL CHOLMCHILLE,Donegal,Donegal County Council,Y,N,Catholic,5,14,7,9,8,16,9,10,,78
2024,14636B,CARRAROE N S,Sligo,Sligo County Council,N,N,Catholic,46,57,55,40,46,50,50,59,,403
2024,14642T,S N MHUIRE,Galway,Galway County Council,N,N,Catholic,5,3,4,8,13,10,12,5,,60
2024,14643V,S N na Cloiche Moire,Kildare,Kildare County Council,N,N,Catholic,2,5,3,2,1,5,1,2,,21
2024,14647G,DALKEY N S (2),Dublin,Dun Laoghaire Rathdown,N,N,Church Of Ireland,13,13,13,13,13,14,10,12,,101
2024,14650S,CLOONTAGH MIXED N S,Longford,Longford County Council,Y,N,Catholic,1,1,1,3,3,,3,2,,14
2024,14651U,CASTLETOWN RD CONVENT,Louth,Louth County Council,Y,N,Catholic,19,24,24,21,25,32,17,23,,185
2024,14668O,BALLAGHKEENE N S,Wexford,Wexford County Council,Y,N,Catholic,26,25,15,17,18,16,10,12,3,142
2024,14672F,COLEHILL MIXED N S,Longford,Longford County Council,N,N,Catholic,17,10,9,12,16,7,15,17,,103
2024,14679T,S N Baile an Bhuitléirigh,Waterford,Waterford County Council,N,N,Catholic,37,28,31,27,31,28,23,28,6,239
2024,14684M,AUGHRIM N S,Roscommon,Roscommon County Council,N,N,Catholic,4,1,3,6,2,4,6,4,,30
2024,14704P,MURROE NATIONAL SCHOOL,Donegal,Donegal County Council,Y,N,Catholic,9,3,8,3,6,6,4,5,3,47
2024,14712O,SN AN FHAIRCHE,Galway,Galway County Council,N,Y,Catholic,7,9,10,11,9,7,4,8,,65
2024,14717B,RATHGAR N S,Dublin,Dublin City Council,N,N,Methodist,12,12,12,11,12,12,12,11,,94
2024,14724V,SCOIL RONAIN,Galway,Galway County Council,Y,Y,Catholic,2,1,1,5,3,1,3,6,,22
2024,14726C,KINSALE N S,Cork,Cork County Council,N,N,Church Of Ireland,7,3,9,6,7,8,4,4,6,54
2024,14732U,SCOIL BHRIDE,Cavan,Cavan County Council,N,N,Catholic,8,19,7,12,14,6,15,12,,93
2024,14767Q,AGHACASLA N S,Kerry,Kerry County Council,N,N,Catholic,11,22,14,13,14,14,11,13,,112
2024,14777T,KILMYSHALL N S,Wexford,Wexford County Council,N,N,Catholic,15,13,23,20,19,19,16,17,,142
2024,14784Q,DUNMANWAY BOYS SENIOR NATIONAL SCHOOL,Cork,Cork County Council,N,N,Catholic,,,,21,15,10,25,19,,90
2024,14791N,CAPPAWHITE N S,Tipperary,Tipperary (Sr) County Council,Y,N,Catholic,19,15,21,14,7,17,9,15,12,129
2024,14808E,IRISHTOWN N S,Mayo,Mayo County Council,N,N,Catholic,6,13,5,7,9,9,8,7,,64
2024,14813U,ROSCARBERY CON N S,Cork,Cork County Council,N,N,Catholic,24,16,21,10,9,8,12,11,,111
2024,14816D,SCOIL LACHTAIN NAOFA,Cork,Cork County Council,N,Y,Catholic,9,16,6,12,11,10,11,8,,83
2024,14829M,Scoil San Eoin,Wicklow,Wicklow County Council,N,N,Catholic,7,8,6,8,4,4,4,3,,44
2024,14830U,BAREFIELD MIXED N S,Clare,Clare County Council,N,N,Catholic,50,52,46,51,48,56,41,55,,399
2024,14837L,S N PEADAR AGUS POL,Carlow,Carlow County Council,N,N,Catholic,23,32,30,26,23,44,35,37,,250
2024,14838N,MARYBORO N S,Laois,Laois County Council,N,N,Church Of Ireland,10,10,12,13,10,13,12,13,,93
2024,14839P,CLONDROHID N S,Cork,Cork County Council,N,N,Catholic,31,40,28,34,29,31,33,25,18,269
2024,14863M,ACHILL SOUND CONVENT NS,Mayo,Mayo County Council,Y,Y,Catholic,4,1,1,2,1,3,2,,,14
2024,14873P,DOOKINELLA N.S.,Mayo,Mayo County Council,Y,N,Catholic,4,5,3,1,2,7,3,3,,28
2024,14898I,DRUMEELA N S,Leitrim,Leitrim County Council,Y,N,Catholic,3,2,5,2,5,2,4,4,,27
2024,14900P,GUSSERANE N S,Wexford,Wexford County Council,N,N,Catholic,5,7,7,12,10,8,15,11,,75
2024,14903V,ST JOSEPHS N S,Wexford,Wexford County Council,N,N,Catholic,26,26,25,19,21,30,35,23,,205
2024,14909K,ST LEONARDS N S,Wexford,Wexford County Council,N,N,Catholic,21,8,11,18,16,10,19,9,,112
2024,14910S,St Mary's National School,Donegal,Donegal County Council,Y,N,Catholic,15,25,16,21,21,15,18,17,3,151
2024,14917J,ZION PARISH PRIMARY SCHOOL,Dublin,Dublin City Council,N,N,Church Of Ireland,12,12,14,12,14,11,9,13,,97
2024,14925I,S N NAOMH EOIN,Roscommon,Roscommon County Council,N,N,Catholic,5,7,7,7,8,4,5,5,,48
2024,14939T,RATHFARNHAM PARISH N S,Dublin,South Dublin County Council,N,N,Church Of Ireland,28,28,27,28,30,28,23,28,,220
2024,14941G,RAY N S,Donegal,Donegal County Council,Y,N,Church Of Ireland,9,7,8,4,12,5,5,10,,60
2024,14952L,MUIRE GAN SMAL,Kerry,Kerry County Council,Y,N,Catholic,20,15,20,9,9,14,11,4,15,117
2024,14966W,KILTEEVAN N S,Roscommon,Roscommon County Council,Y,N,Catholic,3,4,6,4,3,3,6,7,,36
2024,14972R,ALL SAINTS NATIONAL SCHOOL,Wicklow,Wicklow County Council,Y,N,Church Of Ireland,2,4,3,6,2,,4,7,,28
2024,14980Q,GLASNEVIN N S,Dublin,Dublin City Council,N,N,Church Of Ireland,9,14,11,12,8,7,16,9,,86
2024,14987H,S N AN CHLOCHAN,Kerry,Kerry County Council,N,Y,Catholic,6,9,10,3,9,5,3,6,,51
2024,14989L,PASSAGE EAST N S,Waterford,Waterford County Council,N,N,Catholic,10,6,12,12,10,15,13,14,12,104
2024,14993C,S N Rae na nDoiri,Cork,Cork County Council,N,Y,Catholic,2,2,2,2,2,7,3,1,,21
2024,14998M,LYRE A CROMPANE N S,Kerry,Kerry County Council,Y,N,Multi Denominational,4,4,3,1,3,4,3,4,,26
2024,15004P,SCOIL ASICUS,Sligo,Sligo County Council,N,N,Catholic,26,41,34,36,29,37,23,29,,255
2024,15008A,SHRONELL N S,Tipperary,Tipperary (Sr) County Council,N,N,Catholic,8,6,7,3,9,5,9,7,,54
2024,15014S,CORCLOUGH NS,Mayo,Mayo County Council,Y,Y,Catholic,10,13,10,8,10,12,10,6,,79
2024,15027E,S N na hEaglaise,Galway,Galway County Council,Y,N,Catholic,9,7,9,5,12,9,4,9,,64
2024,15030Q,ST MARYS N S,Mayo,Mayo County Council,Y,N,Catholic,14,6,15,13,12,11,14,10,,95
2024,15033W,S N TREASA NAOFA MXD,Kerry,Kerry County Council,N,N,Catholic,10,14,11,10,16,14,17,15,,107
2024,15040T,MERCY CONVENT PRIMARY SCHOOL,Kildare,Kildare County Council,N,N,Catholic,88,68,92,70,56,80,81,63,,598
2024,15042A,ENNIS N S,Clare,Clare County Council,N,N,Catholic,79,64,79,70,76,76,81,76,21,622
2024,15045G,S N NAOMH PADRAIG,Roscommon,Roscommon County Council,Y,N,Catholic,,,,,10,15,9,15,,49
2024,15046I,ST STEPHENS N S,Waterford,Waterford City Council,Y,N,Catholic,44,42,47,49,43,47,50,53,,375
2024,15056L,S N SAN VINSEANN CAILIN,Dublin,Dublin City Council,Y,N,Catholic,28,20,25,27,24,22,41,19,6,212
2024,15071H,S N CILLINI DIOMA,Galway,Galway County Council,N,N,Catholic,18,13,21,20,22,15,18,11,,138
2024,15101N,KNOCKBRIDGE MIXED N S,Louth,Louth County Council,N,N,Catholic,37,42,23,32,47,45,29,51,,306
2024,15104T,SCOIL BHRÍDE,Meath,Meath County Council,N,N,Catholic,54,47,55,43,51,41,49,46,,386
2024,15113U,S N SHEAMAIS,Mayo,Mayo County Council,Y,N,Catholic,2,3,1,2,4,2,1,6,,21
2024,15116D,ARDVARNEY MXD N S,Leitrim,Leitrim County Council,Y,N,Catholic,4,2,5,5,4,3,6,3,,32
2024,15120R,KILLYCONNAN N S,Cavan,Cavan County Council,N,N,Catholic,5,11,8,6,11,11,10,7,,69
2024,15122V,ST BERNARDS MIXED N S,Longford,Longford County Council,Y,N,Catholic,2,5,2,3,5,4,2,2,,25
2024,15132B,HAROLD BOYS N S,Dublin,Dun Laoghaire Rathdown,N,N,Catholic,,,,19,25,22,26,21,,113
2024,15140A,BALLINAGREE MXD N S,Cork,Cork County Council,N,N,Catholic,9,4,9,11,10,3,7,6,,59
2024,15142E,NAOMH MICHEAL,Monaghan,Monaghan County Council,N,N,Catholic,17,11,18,7,18,13,9,14,2,109
2024,15143G,LISDOONAN N S,Monaghan,Monaghan County Council,N,N,Catholic,20,20,15,19,22,21,24,15,,156
2024,15154L,NAOMH DOMINIC N S,Longford,Longford County Council,N,N,Catholic,11,14,15,16,15,17,12,19,,119
2024,15157R,MOUNT BRUIS N S,Tipperary,Tipperary (Sr) County Council,N,N,Catholic,3,5,8,5,10,12,10,9,,62
2024,15160G,THE ROWER MIXED N S,Kilkenny,Kilkenny County Council,N,N,Catholic,16,9,19,16,12,13,19,19,,123
2024,15165Q,BALLINTOTAS N S,Cork,Cork County Council,N,N,Catholic,10,13,9,12,13,19,14,16,,106
2024,15170J,CASHELSHANAGHAN N S,Donegal,Donegal County Council,N,N,Presbyterian,4,4,3,3,2,2,6,7,,31
2024,15177A,CARRIGDUFF NAT SCHOOL,Carlow,Carlow County Council,N,N,Church Of Ireland,14,9,12,9,10,11,15,11,,91
2024,15194A,NAOMH CAILLIN,Leitrim,Leitrim County Council,N,N,Catholic,16,10,10,13,19,11,19,4,,102
2024,15208I,Scoil an tStratha Mhóir,Donegal,Donegal County Council,Y,Y,Catholic,4,8,9,8,16,6,11,8,,70
2024,15217J,ARDKEERIN N S,Sligo,Sligo County Council,N,N,Catholic,19,14,16,16,11,16,10,16,,118
2024,15221A,ANNAGH N S,Clare,Clare County Council,Y,N,Catholic,9,9,11,9,10,9,15,6,,78
2024,15226K,CAHERLINE N S,Limerick,Limerick County Council,N,N,Catholic,15,18,19,18,38,23,23,21,,175
2024,15253N,ST PATRICKS GIRLS NS,Dublin,Dublin City Council,Y,N,Catholic,15,12,20,19,14,19,21,28,,148
2024,15255R,DON N S,Roscommon,Roscommon County Council,Y,N,Catholic,5,5,7,7,4,6,1,8,,43
2024,15257V,QUIGNAMANGER N S,Mayo,Mayo County Council,N,N,Catholic,44,38,44,44,65,48,39,42,,364
2024,15259C,S N N MAOLMHAODHAGH C,Louth,Louth County Council,N,N,Catholic,,,,41,47,34,67,41,,230
2024,15260K,S N N MAOLMHAODHAGH N,Louth,Louth County Council,N,N,Catholic,70,69,76,,,,,,,215
2024,15279I,CLOONEY N S,Clare,Clare County Council,N,N,Catholic,9,7,2,4,9,6,5,9,,51
2024,15284B,TANEY N S,Dublin,Dun Laoghaire Rathdown,N,N,Church Of Ireland,48,46,50,53,48,52,42,50,,389
2024,15285D,Scoil na gCreagacha Dubha,Louth,Louth County Council,N,N,Catholic,69,56,50,60,67,51,61,60,,474
2024,15291V,STREAMSTOWN MIXED N S,Westmeath,Westmeath County Council,N,N,Catholic,18,7,12,18,10,13,18,6,,102
2024,15299O,GAILE N S,Tipperary,Tipperary (Sr) County Council,Y,N,Catholic,1,5,2,4,4,5,3,3,6,33
2024,15301V,KILDYSART N S,Clare,Clare County Council,N,N,Catholic,7,13,20,6,18,22,16,10,,112
2024,15307K,DALYSTOWN N S,Westmeath,Westmeath County Council,N,N,Catholic,7,11,10,10,10,5,14,16,,83
2024,15308M,ATHLEAGUE N S,Roscommon,Roscommon County Council,N,N,Catholic,15,12,16,12,8,17,12,16,,108
2024,15315J,ST GEORGES N S,Dublin,Fingal County Council,N,N,Church Of Ireland,19,24,40,24,47,45,64,53,18,334
2024,15318P,GLENBEG N S,Waterford,Waterford County Council,N,N,Catholic,13,16,10,19,23,15,21,17,11,145
2024,15320C,ST MICHAELS NS,Limerick,Limerick City Council,Y,N,Catholic,33,40,42,,,,,,,115
2024,15325M,CLONBULLOGUE N S,Offaly,Offaly County Council,N,N,Catholic,10,14,16,8,7,11,15,11,,92
2024,15329U,Bunscoil Louis Naofa,Monaghan,Monaghan County Council,N,N,Catholic,31,28,28,32,34,38,38,38,,267
2024,15331H,S N BAILE NUA,Galway,Galway County Council,N,Y,Catholic,9,7,10,7,14,6,11,6,,70
2024,15337T,S N MHUIRE,Sligo,Sligo County Council,N,N,Catholic,4,4,3,3,4,,4,2,,24
2024,15340I,CARIGEEN N S,Kilkenny,Kilkenny County Council,N,N,Catholic,14,19,8,11,14,18,19,19,4,126
2024,15342M,S N NAOMH MHUIRE,Sligo,Sligo County Council,N,N,Catholic,3,,8,5,8,7,10,7,,48
2024,15346U,Scoil Abán Naofa,Cork,Cork County Council,N,Y,Catholic,14,23,16,23,16,13,17,19,,141
2024,15350L,STONEHALL N S,Clare,Clare County Council,N,N,Catholic,11,7,13,14,14,14,13,7,6,99
2024,15354T,CAMOLIN N S,Wexford,Wexford County Council,Y,N,Catholic,11,7,9,14,6,16,10,13,,86
2024,15359G,SHILLELAGH NO 1 N S,Wicklow,Wicklow County Council,N,N,Church Of Ireland,1,3,4,,2,2,8,2,,22
2024,15362S,S N MICHIL NAOFA,Tipperary,Tipperary (Sr) County Council,Y,N,Catholic,21,14,20,21,10,20,15,21,,142
2024,15367F,RIVERCHAPEL N S,Wexford,Wexford County Council,Y,N,Catholic,36,36,34,37,44,43,38,36,,304
2024,15370R,KILLALOE BOYS N S,Clare,Clare County Council,Y,N,Catholic,8,11,15,15,19,13,11,19,,111
2024,15378K,ROCKFIELD N S,Sligo,Sligo County Council,N,N,Catholic,23,22,23,21,18,24,24,32,,187
2024,15380U,DROMAGH MIXED N S,Cork,Cork County Council,N,N,Catholic,3,5,,3,,,9,1,,21
2024,15382B,DRUMLEASE N S,Leitrim,Leitrim County Council,N,N,Catholic,12,15,17,28,21,24,18,15,,150
2024,15395K,MOUNT BOLUS N S,Offaly,Offaly County Council,N,N,Catholic,3,2,6,3,,7,1,4,,26
2024,15407O,SN BAILE THOMAIS,Wexford,Wexford County Council,N,N,Catholic,9,7,13,6,8,7,2,9,,61
2024,15408Q,CONNOLLY N S,Clare,Clare County Council,N,N,Catholic,1,3,5,3,3,5,4,8,,32
2024,15410D,KILCROHANE N S,Cork,Cork County Council,N,N,Catholic,5,2,3,4,4,4,5,4,,31
2024,15413J,BRIDESWELL N S,Roscommon,Roscommon County Council,N,N,Catholic,9,12,6,8,11,7,5,5,,63
2024,15419V,OULART N S,Wexford,Wexford County Council,N,N,Catholic,13,14,12,15,15,25,16,28,,138
2024,15420G,BALLYCANEW N S,Wexford,Wexford County Council,Y,N,Catholic,21,28,21,26,30,31,25,30,18,230
2024,15425Q,FAIRYMOUNT N S,Roscommon,Roscommon County Council,Y,N,Catholic,5,2,10,4,4,2,6,5,,38
2024,15431L,KILLAVILLE N S,Sligo,Sligo County Council,Y,N,Catholic,1,3,1,1,4,2,,4,,16
2024,15446B,TRUMMERA N S,Laois,Laois County Council,N,N,Catholic,6,9,1,5,6,5,3,6,,41
2024,15452T,KILDALLON N S,Cavan,Cavan County Council,N,N,Catholic,4,9,5,4,7,5,5,8,,47
2024,15456E,BALLYSHANNON N S,Kildare,Kildare County Council,N,N,Catholic,10,11,19,12,15,24,10,22,,123
2024,15475I,KILCONLY N S,Galway,Galway County Council,N,N,Catholic,13,10,10,12,10,11,15,14,,95
2024,15483H,ST LOUIS N S,Meath,Meath County Council,N,N,Catholic,1,,,2,1,2,1,6,,13
2024,15484J,GLOUNTHAUNE MIXED N.S.,Cork,Cork County Council,N,N,Catholic,47,51,57,49,52,55,54,54,13,432
2024,15496Q,LEAFFONEY N S,Sligo,Sligo County Council,N,N,Church Of Ireland,,1,,,2,2,1,2,,8
2024,15502I,KILLINKERE N S,Cavan,Cavan County Council,N,N,Catholic,24,20,20,21,24,23,24,28,,184
2024,15512L,ST BRIGID'S PRIMARY SCHOOL,Westmeath,Westmeath County Council,N,N,Catholic,24,51,41,25,19,17,28,19,,224
2024,15516T,CLONPRIEST N S,Cork,Cork County Council,N,N,Catholic,25,16,17,16,20,13,16,19,,142
2024,15523Q,S N NAOMH IOSEF,Galway,Galway County Council,N,N,Catholic,23,40,36,32,28,52,44,49,12,316
2024,15531P,"SCOIL MHUIRE,",Roscommon,Roscommon County Council,N,N,Catholic,17,10,11,18,17,17,13,16,,119
2024,15537E,S N BAILE FINN,Laois,Laois County Council,N,N,Catholic,26,20,27,29,25,26,28,33,,214
2024,15539I,ST JOHNS NS,Mayo,Mayo County Council,Y,N,Catholic,5,3,2,5,7,4,1,5,,32
2024,15540Q,BALLYDUFF B 2 N S,Waterford,Waterford County Council,N,N,Catholic,12,13,10,14,14,11,15,18,,107
2024,15543W,TIBOHINE N S,Roscommon,Roscommon County Council,Y,N,Catholic,11,5,8,9,4,7,5,8,,57
2024,15545D,CASTLEPLUNKETT N S,Roscommon,Roscommon County Council,N,N,Catholic,4,4,5,7,4,3,5,5,,37
2024,15550T,BALLYHEEDA N S,Cork,Cork County Council,N,N,Catholic,20,19,15,26,16,25,16,21,6,164
2024,15554E,GORTNACART N S,Donegal,Donegal County Council,Y,N,Catholic,4,5,3,1,4,1,4,5,,27
2024,15555G,SCOIL CHOLMCILLE,Mayo,Mayo County Council,N,N,Catholic,26,28,31,27,33,29,29,29,,232
2024,15556I,PRESENTATION PRIMARY SCHOOL,Laois,Laois County Council,N,N,Catholic,41,41,47,56,66,75,91,75,17,509
2024,15557K,CLOONFAD N S,Roscommon,Roscommon County Council,Y,N,Catholic,15,8,15,16,16,20,22,21,,133
2024,15560W,Bishop Harty NS,Tipperary,Tipperary (Nr) County Council,N,N,Catholic,5,15,9,17,12,10,9,10,,87
2024,15562D,CLOCH AN TSIONNAIGH N S,Laois,Laois County Council,N,N,Catholic,11,4,9,5,9,7,9,10,,64
2024,15563F,LISHEEN MIXED N S,Cork,Cork County Council,N,N,Catholic,4,6,6,11,4,8,9,8,,56
2024,15569R,SCOIL MOIBHI,Dublin,Fingal County Council,N,N,Catholic,8,15,10,13,14,7,7,10,,84
2024,15571E,KILGLASS N S,Sligo,Sligo County Council,Y,N,Catholic,20,14,12,14,10,15,11,19,,115
2024,15584N,GRANGE N S,Roscommon,Roscommon County Council,N,N,Catholic,5,4,3,3,5,3,3,5,,31
2024,15592M,SN CEANN TRA MEASCAITHE,Kerry,Kerry County Council,N,Y,Catholic,14,7,11,5,6,10,2,12,,67
2024,15594Q,GRANGE FERMOY N S,Cork,Cork County Council,N,N,Catholic,18,8,16,16,22,15,12,18,5,130
2024,15597W,MACROOM BOYS SENIOR NATIONAL SCHOOL,Cork,Cork County Council,N,N,Catholic,5,3,,26,31,38,41,31,17,192
2024,15614T,TAUGHMACONNELL N S,Roscommon,Roscommon County Council,N,N,Catholic,14,7,15,18,14,12,14,12,,106
2024,15618E,SANDFORD PARISH NATIONAL SCHOOL,Dublin,Dublin City Council,N,N,Church Of Ireland,16,23,24,26,30,27,30,24,,200
2024,15622S,ST PATRICKS NS,Dublin,Dublin City Council,N,N,Catholic,25,25,29,27,24,22,26,24,,202
2024,15625B,ST CATHERINES WEST N S,Dublin,Dublin City Council,N,N,Church Of Ireland,24,25,22,22,26,24,22,22,,187
2024,15627F,ST MURAS N S,Donegal,Donegal County Council,N,N,Catholic,22,20,31,27,23,29,27,26,,205
2024,15638K,EDENDERRY 2 N S,Offaly,Offaly County Council,N,N,Church Of Ireland,3,8,2,4,7,9,6,8,,47
2024,15644F,TIERNABOUL N S,Kerry,Kerry County Council,N,N,Catholic,3,9,5,9,11,6,7,13,,63
2024,15646J,COOMHOLA N S,Cork,Cork County Council,N,N,Catholic,18,11,11,10,11,11,10,16,,98
2024,15650A,CORDUFF N S,Dublin,Fingal County Council,N,N,Catholic,10,10,10,13,10,13,9,15,,90
2024,15654I,KNOCKCONNON N S,Monaghan,Monaghan County Council,N,N,Catholic,16,8,20,13,18,16,11,15,,117
2024,15656M,BALLYKILMURRY N S,Offaly,Offaly County Council,N,N,Catholic,22,25,22,19,23,24,24,25,11,195
2024,15664L,GRANLAHAN G N S,Roscommon,Roscommon County Council,Y,N,Catholic,5,8,4,3,6,6,5,4,5,46
2024,15676S,PADRAIG NAOFA N S,Wicklow,Wicklow County Council,Y,N,Catholic,29,41,35,52,40,51,49,46,26,369
2024,15680J,Scoil an Spioraid Naomh,Limerick,Limerick County Council,N,N,Catholic,31,40,26,38,43,26,30,32,,266
2024,15685T,ATHEA N SCHOOL,Limerick,Limerick County Council,N,N,Catholic,23,17,28,19,10,21,17,9,17,161
2024,15692Q,BILBOA N SCHOOL,Limerick,Limerick County Council,N,N,Catholic,10,11,11,12,11,17,12,12,,96
2024,15696B,SILVERMINES N S,Tipperary,Tipperary (Nr) County Council,N,N,Catholic,7,10,7,6,7,6,5,6,,54
2024,15700M,CLOVERFIELD N S,Limerick,Limerick County Council,N,N,Catholic,4,2,9,5,9,8,3,7,,47
2024,15701O,BARTLEMY N S,Cork,Cork County Council,N,N,Catholic,10,4,5,9,12,12,21,15,6,94
2024,15718I,S N SEOSAMH COBH,Cork,Cork County Council,N,N,Catholic,21,21,23,39,34,40,51,37,7,273
2024,15729N,RATHMULLEN N S,Donegal,Donegal County Council,Y,N,Catholic,11,18,16,21,11,16,11,18,,122
2024,15763N,MOVILLE N S,Donegal,Donegal County Council,N,N,Church Of Ireland,5,3,6,5,2,7,3,6,,37
2024,15769C,MONASTEREVAN CONVENT,Kildare,Kildare County Council,N,N,Catholic,78,70,34,41,36,43,31,43,6,382
2024,15770K,S N NAOMH NAILLE,Donegal,Donegal County Council,N,N,Catholic,19,12,12,20,14,12,10,11,,110
2024,15778D,ST MARYS N S,Tipperary,Tipperary (Nr) County Council,N,N,Church Of Ireland,2,9,8,10,8,8,7,7,,59
2024,15781P,BALLINTEMPLE N S,Cork,Cork City Council,N,N,Catholic,30,27,30,29,55,29,26,28,,254
2024,15792U,UPPER GLANMIRE N S,Cork,Cork City Council,N,N,Catholic,26,33,35,30,43,40,41,43,,291
2024,15795D,ST MARYS N S,Tipperary,Tipperary (Nr) County Council,Y,N,Church Of Ireland,2,3,3,5,3,2,1,5,,24
2024,15796F,S N COR AN DROMA,Galway,Galway County Council,N,N,Catholic,7,4,10,5,9,9,12,10,3,69
2024,15816I,ST VINCENTS INF BOYS,Dublin,Dublin City Council,Y,N,Catholic,36,25,28,,,,,,,89
2024,15835M,ST BRENDANS N S,Galway,Galway County Council,N,N,Catholic,,,26,40,34,37,42,47,,226
2024,15847T,S N LEITIR MHIC AN BHAIRD,Donegal,Donegal County Council,Y,Y,Catholic,1,4,2,3,1,1,,7,,19
2024,15866A,CARRAKENNEDY N S,Mayo,Mayo County Council,Y,N,Catholic,6,4,3,3,2,5,5,2,,30
2024,15870O,SCOIL CHONNLA PHADRAIG,Kildare,Kildare County Council,N,N,Catholic,,,,60,42,74,53,75,,304
2024,15878H,DERRYQUAY MXD N S,Kerry,Kerry County Council,N,N,Catholic,4,8,4,4,4,,2,3,5,34
2024,15895H,DRUMCONDRA N S,Dublin,Dublin City Council,N,N,Church Of Ireland,7,10,7,11,8,9,11,7,,70
2024,15900U,THE GLEBE N.S.,Galway,Galway County Council,N,N,Church Of Ireland,2,3,3,3,1,1,2,2,,17
2024,15903D,KILLAVULLEN N S,Cork,Cork County Council,N,N,Catholic,8,12,7,16,19,13,18,20,,113
2024,15923J,CLONEYHURKE N S,Offaly,Offaly County Council,N,N,Catholic,2,1,4,2,2,3,5,3,,22
2024,15933M,CAMROSS N S,Laois,Laois County Council,N,N,Catholic,24,15,19,20,18,19,17,4,,136
2024,15937U,MONASEED N S,Wexford,Wexford County Council,N,N,Catholic,3,1,12,6,5,7,12,4,,50
2024,15940J,TOMBRACK N S,Wexford,Wexford County Council,N,N,Catholic,5,7,6,8,8,11,6,2,,53
2024,15945T,FIRIES MXD N S,Kerry,Kerry County Council,N,N,Catholic,31,30,39,29,30,33,31,35,,258
2024,15955W,SN ARAINN MHOR I,Donegal,Donegal County Council,Y,Y,Catholic,3,,1,2,3,3,4,6,,22
2024,15957D,RATHANGAN B N S,Kildare,Kildare County Council,N,N,Catholic,36,42,26,41,43,43,42,41,5,319
2024,15958F,ST. JOSEPHS N.S.,Galway,Galway County Council,Y,N,Catholic,5,7,3,10,1,7,9,5,5,52
2024,15960P,GORTLETTERAGH CENTRAL,Leitrim,Leitrim County Council,N,N,Catholic,10,10,10,12,11,4,9,11,,77
2024,15962T,BALLINDAGGIN N S,Wexford,Wexford County Council,N,N,Catholic,21,8,19,13,12,18,17,25,,133
2024,15963V,RATHGORMACK B N S,Waterford,Waterford County Council,N,N,Catholic,11,13,13,15,16,16,20,20,,124
2024,15967G,CRIMLIN N S,Mayo,Mayo County Council,N,N,Catholic,3,6,2,5,,6,3,2,,27
2024,15970S,BALLYTARSNA N S,Tipperary,Tipperary (Sr) County Council,N,N,Catholic,14,6,9,8,10,12,12,7,,78
2024,15978L,CURRAHEEN MXD N S,Kerry,Kerry County Council,Y,N,Catholic,6,7,7,1,6,5,6,5,,43
2024,15980V,CAMCLOON N S,Roscommon,Roscommon County Council,N,N,Catholic,5,6,9,6,5,12,5,5,3,56
2024,15981A,LAKYLE N S,Clare,Clare County Council,N,N,Catholic,,,7,5,7,11,13,10,,53
2024,15983E,S N NAOMH BROGAIN,Offaly,Offaly County Council,Y,N,Catholic,9,7,10,10,7,9,7,12,6,77
2024,15995L,Star of the Sea,Dublin,Dublin City Council,N,N,Catholic,25,29,30,31,32,22,27,24,6,226
2024,15996N,RATHBANE N S,Mayo,Mayo County Council,N,N,Catholic,9,4,12,8,12,2,9,4,,60
2024,15997P,ST BRENDAN'S N.S.,Galway,Galway County Council,Y,N,Catholic,2,11,7,2,10,7,5,7,,51
2024,16009H,CARRICK MIXED N S,Roscommon,Roscommon County Council,Y,N,Catholic,10,8,8,11,10,11,11,13,,82
2024,16013V,EDENDERRY CONVENT N S,Offaly,Offaly County Council,N,N,Catholic,44,55,45,47,44,69,59,40,12,415
2024,16014A,ST FINIANS,Kerry,Kerry County Council,N,N,Catholic,9,16,12,22,12,20,5,11,,107
2024,16023B,RATHGAROGUE N S,Wexford,Wexford County Council,N,N,Catholic,16,18,15,12,19,25,30,15,12,162
2024,16027J,S N MUIRE,Wicklow,Wicklow County Council,Y,N,Catholic,10,5,7,8,12,5,13,5,,65
2024,16034G,TULSK N S,Roscommon,Roscommon County Council,N,N,Catholic,6,7,8,12,5,10,11,14,,73
2024,16044J,KILROSS N S,Sligo,Sligo County Council,N,N,Catholic,3,5,3,9,8,2,4,2,,36
2024,16052I,S N NAOMH PADRAIG SAILE,Mayo,Mayo County Council,Y,Y,Catholic,10,12,6,9,8,6,6,2,,59
2024,16054M,ST PATRICKS N S,Donegal,Donegal County Council,Y,N,Catholic,26,21,17,20,23,12,20,15,6,160
2024,16057S,CONVENT OF MERCY N S,Cavan,Cavan County Council,Y,N,Catholic,24,32,27,21,17,14,13,16,,164
2024,16067V,SCOIL NAIS FININ NAOFA,Meath,Meath County Council,N,N,Catholic,15,2,11,6,6,4,11,6,,61
2024,16070K,MOUNTMELLICK BOYS N S,Laois,Laois County Council,Y,N,Catholic,20,22,24,21,24,26,28,33,5,203
2024,16072O,NEWBAWN N S,Wexford,Wexford County Council,N,N,Catholic,24,16,25,19,31,21,13,25,13,187
2024,16077B,ARDFINNAN N S,Tipperary,Tipperary (Sr) County Council,N,N,Catholic,31,35,25,25,25,33,30,25,12,241
2024,16080N,S N PHADRAIG NAOFA,Carlow,Carlow County Council,Y,N,Catholic,12,20,16,19,27,25,20,25,,164
2024,16083T,VIRGINIA MXD N S,Cavan,Cavan County Council,N,N,Catholic,55,62,60,68,53,56,61,60,6,481
2024,16087E,KEALKIL N S,Cork,Cork County Council,N,N,Catholic,23,26,22,22,21,24,30,26,,194
2024,16092U,ATHLONE N S,Westmeath,Westmeath County Council,N,N,Church Of Ireland,6,5,8,11,7,6,5,8,,56
2024,16093W,BALLYCONNELL MXD N S,Cavan,Cavan County Council,N,N,Catholic,22,22,20,25,29,20,23,25,18,204
2024,16100Q,MERCY CONVENT N S,Meath,Meath County Council,Y,N,Catholic,33,38,40,49,54,57,63,50,,384
2024,16108J,SCOIL NAOMH TREASA C,Donegal,Donegal County Council,Y,N,Catholic,7,5,2,7,7,9,9,12,,58
2024,16109L,Scoil Realt na Mara,Cork,Cork County Council,N,N,Catholic,11,19,8,11,11,10,11,8,,89
2024,16111V,KILLUSTY N S,Tipperary,Tipperary (Sr) County Council,N,N,Catholic,,3,2,,2,4,2,7,,20
2024,16112A,ST MARYS CONVENT,Tipperary,Tipperary (Nr) County Council,N,N,Catholic,29,35,41,49,40,50,55,50,15,364
2024,16113C,S N Toin na Gaoithe,Mayo,Mayo County Council,Y,Y,Catholic,1,10,3,12,9,9,6,8,,58
2024,16116I,S N NAOMH COLMAIN,Kilkenny,Kilkenny County Council,N,N,Catholic,26,22,27,29,23,25,22,29,6,209
2024,16118M,DONOUGHMORE N S,Limerick,Limerick County Council,N,N,Catholic,7,12,19,12,16,22,26,20,12,146
2024,16121B,ATTYMON N S,Galway,Galway County Council,N,N,Catholic,,,,,1,,,1,,2
2024,16122D,KNOCK N S,Mayo,Mayo County Council,Y,N,Catholic,15,15,9,17,16,15,20,22,18,147
2024,16127N,GORTHAGANNY N S,Roscommon,Roscommon County Council,Y,N,Catholic,6,6,7,6,4,9,3,8,,49
2024,16128P,Bunscoil na Toirbhirte,Cork,Cork County Council,N,N,Catholic,59,41,32,24,29,22,32,34,15,288
2024,16129R,CORCAGHAN N S,Monaghan,Monaghan County Council,N,N,Catholic,15,13,13,12,13,9,10,9,,94
2024,16130C,ST JOSEPHS N S,Leitrim,Leitrim County Council,N,N,Catholic,8,6,4,10,9,5,6,7,,55
2024,16136O,CLIFFONEY N S,Sligo,Sligo County Council,N,N,Catholic,10,9,15,6,15,9,7,12,,83
2024,16137Q,DRUMFAD N S,Donegal,Donegal County Council,Y,N,Presbyterian,5,4,3,5,5,2,5,7,,36
2024,16138S,RAPHOE CENTRAL N S,Donegal,Donegal County Council,Y,N,Church Of Ireland,29,12,26,19,23,20,31,27,,187
2024,16140F,SKEAGHVASTHEEN N S,Kilkenny,Kilkenny County Council,N,N,Catholic,7,9,8,11,11,15,9,11,,81
2024,16143L,S N PHEADAIR AGUS PHOIL,Meath,Meath County Council,N,N,Catholic,26,12,10,11,19,12,25,15,,130
2024,16145P,BUNSCOIL LORETO,Wexford,Wexford County Council,N,N,Catholic,78,65,73,71,87,82,99,86,,641
2024,16159D,Convent Girls Senior National School,Cork,Cork County Council,N,N,Catholic,5,,23,30,33,34,46,53,25,249
2024,16160L,CLONAGHADOO N S,Offaly,Laois County Council,N,N,Catholic,7,9,5,9,6,9,14,13,10,82
2024,16166A,CARRIG N S,Tipperary,Tipperary (Nr) County Council,N,N,Catholic,6,6,7,7,4,5,9,9,6,59
2024,16170O,CLOGHANS N S,Mayo,Mayo County Council,N,N,Catholic,,,1,,3,1,1,5,,11
2024,16173U,KINAFFE N S,Mayo,Mayo County Council,Y,N,Catholic,4,9,5,8,6,10,3,5,,50
2024,16177F,LINDSAY ROAD N S,Dublin,Dublin City Council,N,N,Presbyterian,13,12,12,9,12,10,15,10,,93
2024,16186G,INCH N S,Clare,Clare County Council,N,N,Catholic,16,14,11,13,9,10,13,10,,96
2024,16202B,Castleblayney Convent National School,Monaghan,Monaghan County Council,Y,N,Catholic,,,,34,27,25,32,25,10,153
2024,16204F,S N AN MOININ RUA,Kilkenny,Kilkenny County Council,Y,N,Catholic,10,13,24,13,13,10,22,20,,125
2024,16208N,Scoil Náisíunta Naomh Feichín,Louth,Louth County Council,N,N,Catholic,39,42,33,33,40,37,45,30,12,311
2024,16211C,TWO MILE BORRIS N S,Tipperary,Tipperary (Nr) County Council,N,N,Catholic,22,14,22,12,16,13,15,10,12,136
2024,16217O,AN BHREAC CHLUAIN B,Kerry,Kerry County Council,N,N,Catholic,12,12,15,6,9,18,14,12,,98
2024,16230G,S N LISNAFUNCHIN,Kilkenny,Kilkenny County Council,N,N,Catholic,3,4,6,2,,6,5,3,,29
2024,16237U,DROMTRASNA N S,Limerick,Limerick County Council,N,N,Catholic,11,11,12,10,15,16,22,13,6,116
2024,16239B,MEENKILLY N S,Limerick,Limerick County Council,N,N,Catholic,10,15,9,12,11,13,14,12,,96
2024,16242N,S N DUMHACH BEAG,Donegal,Donegal County Council,Y,Y,Catholic,,,,,,,,4,,4
2024,16246V,DRUMCLUGH N S,Cork,Cork County Council,N,N,Catholic,2,6,2,6,6,7,1,4,,34
2024,16249E,BELLURGAN N S,Louth,Louth County Council,N,N,Catholic,11,13,11,16,15,20,11,14,,111
2024,16250M,TEMPLETUOHY N S,Tipperary,Tipperary (Nr) County Council,Y,N,Catholic,6,9,7,9,15,11,11,13,,81
2024,16259H,KILCOLMAN N S,Cork,Cork County Council,N,N,Catholic,6,1,7,6,2,8,5,4,,39
2024,16264A,ABBEYFEALE B N S 1,Limerick,Limerick County Council,Y,N,Catholic,17,9,7,10,10,18,18,9,,98
2024,16267G,ST PATRICKS BOYS NATIONAL SCHOOL,Dublin,Fingal County Council,N,N,Catholic,46,45,36,41,49,57,48,43,6,371
2024,16269K,KILLASSER NS,Mayo,Mayo County Council,Y,N,Catholic,4,3,,3,7,6,2,3,,28
2024,16271U,WATERGRASSHILL N S,Cork,Cork County Council,N,N,Catholic,37,37,47,43,57,47,56,56,9,389
2024,16276H,CARRIG N S,Tipperary,Tipperary (Nr) County Council,N,N,Catholic,25,24,30,38,27,30,29,25,,228
2024,16279N,SCOIL CHOLUIM,Donegal,Donegal County Council,Y,N,Catholic,1,,4,7,3,6,3,,,24
2024,16281A,S N Naomh Gobnait,Kerry,Kerry County Council,N,Y,Catholic,3,2,6,7,6,10,1,11,,46
2024,16283E,S N POL A TSOMAIS,Mayo,Mayo County Council,Y,Y,Catholic,2,4,8,4,,4,,3,,25
2024,16286K,CARRIGBOY N S,Cork,Cork County Council,N,N,Catholic,5,16,7,13,13,14,6,9,,83
2024,16289Q,ST JOHNS N S,Mayo,Mayo County Council,Y,N,Catholic,2,5,4,,7,6,2,10,,36
2024,16291D,CLOONCAGH N S,Roscommon,Roscommon County Council,N,N,Catholic,3,,3,4,2,2,5,2,,21
2024,16293H,S N CILL RICHILL,Galway,Galway County Council,N,N,Catholic,13,6,4,5,6,10,9,8,,61
2024,16302F,ST BRIGIDS N S,Kildare,Kildare County Council,N,N,Catholic,20,17,15,18,20,20,14,27,,151
2024,16304J,MILLTOWNPASS N S,Westmeath,Westmeath County Council,N,N,Catholic,10,4,6,6,9,5,5,9,12,66
2024,16311G,Graig na Manach Buac,Kilkenny,Kilkenny County Council,Y,N,Catholic,,,,17,11,16,10,19,3,76
2024,16316Q,ST MARYS N S,Cavan,Cavan County Council,N,N,Catholic,11,17,20,7,11,13,14,18,,111
2024,16319W,Castleblayney Convent Infants National School,Monaghan,Monaghan County Council,Y,N,Catholic,56,75,50,,,,,,11,192
2024,16332O,ST PATRICKS SNR MIXED,Dublin,Fingal County Council,N,N,Catholic,,,,,80,86,83,90,,339
2024,16333Q,ST PATRICKS JNR MIXED,Dublin,Fingal County Council,N,N,Catholic,72,62,61,81,,,,,5,281
2024,16334S,St. Bride's N.S.,Roscommon,Roscommon County Council,N,N,Catholic,10,14,9,11,11,7,15,7,,84
2024,16335U,RYLANE N S,Cork,Cork County Council,N,N,Catholic,4,5,4,9,10,8,12,14,,66
2024,16339F,S N IOSEF NAOFA,Cork,Cork City Council,N,N,Catholic,23,27,27,28,26,23,27,32,4,217
2024,16340N,BALLINAGORE MIXED N S,Westmeath,Westmeath County Council,N,N,Catholic,14,15,9,11,18,12,11,18,,108
2024,16344V,Nenagh Community National School,Tipperary,Tipperary (Nr) County Council,N,N,Multi Denominational,25,20,24,34,32,25,,,18,178
2024,16345A,SCOIL BHRÍDE,Kildare,Kildare County Council,N,N,Catholic,16,28,26,18,22,29,21,25,,185
2024,16349I,S N AN DROIM MOR,Donegal,Donegal County Council,Y,N,Catholic,21,24,21,23,14,31,22,21,28,205
2024,16352U,ST BRIGIDS BOYS N S,Dublin,Dun Laoghaire Rathdown,N,N,Catholic,41,53,56,56,54,52,48,49,,409
2024,16353W,ST BRIGIDS GIRLS N S,Dublin,Dun Laoghaire Rathdown,N,N,Catholic,44,63,59,76,60,60,87,60,,509
2024,16357H,S N FHIONNTRA,Donegal,Donegal County Council,N,N,Catholic,1,2,,2,1,4,5,7,,22
2024,16375J,FROSSES N S,Donegal,Donegal County Council,Y,N,Catholic,12,5,11,10,7,13,7,10,,75
2024,16377N,St Marys National School,Cork,Cork County Council,N,N,Catholic,42,17,24,23,31,31,43,36,12,259
2024,16379R,VALLEY N S,Mayo,Mayo County Council,Y,Y,Catholic,1,,3,3,2,1,4,,,14
2024,16384K,SN ARAINN MHOR II,Donegal,Donegal County Council,Y,Y,Catholic,1,4,2,1,6,3,1,3,,21
2024,16390F,SCOIL BHRIDE,Cavan,Cavan County Council,N,N,Catholic,8,12,,8,8,7,4,10,18,75
2024,16396R,BOHERBUE N S,Cork,Cork County Council,N,N,Catholic,28,24,27,25,20,34,19,23,,200
2024,16406R,BENNETTSBRIDGE NATIONAL SCHOOL,Kilkenny,Kilkenny County Council,N,N,Catholic,21,19,29,25,27,29,29,26,,205
2024,16409A,ST MARYS N S,Wexford,Wexford County Council,N,N,Catholic,30,22,27,30,20,24,20,31,6,210
2024,16410I,BALLINDERRY N S,Galway,Galway County Council,N,N,Catholic,24,21,22,21,36,30,21,24,,199
2024,16427C,CLONOWN N S,Roscommon,Roscommon County Council,N,N,Catholic,1,4,3,2,4,4,5,9,,32
2024,16430O,Owning National School,Kilkenny,Kilkenny County Council,N,N,Catholic,10,15,11,10,14,9,16,17,,102
2024,16431Q,S N OILIBEAR BEANNAITHE,Louth,Louth County Council,N,N,Catholic,,,1,,,,,1,,2
2024,16435B,ST CIARANS MIXED N S,Offaly,Offaly County Council,Y,N,Catholic,10,12,13,9,17,15,15,17,12,120
2024,16439J,Scoil na mBearnan,Limerick,Limerick County Council,N,N,Catholic,10,2,10,4,5,1,3,4,,39
2024,16443A,SCOIL PADRAIG NAOFA B,Limerick,Limerick City Council,Y,N,Catholic,19,21,27,23,29,27,26,30,5,207
2024,16444C,SCOIL PADRAIG NAOFA C,Limerick,Limerick City Council,Y,N,Catholic,23,28,30,25,26,24,22,23,,201
2024,16445E,ST PATRICKS NS,Kilkenny,Kilkenny County Council,Y,N,Catholic,6,8,5,5,11,11,5,12,,63
2024,16456J,SCOIL NAISIUNTA EIRC,Kerry,Kerry County Council,Y,Y,Catholic,8,6,4,8,11,4,14,7,,62
2024,16458N,INVER N S,Donegal,Donegal County Council,N,N,Church Of Ireland,2,2,2,1,5,2,4,1,,19
2024,16461C,CAISLEAIN NUA LIAMHNA,Dublin,South Dublin County Council,N,N,Catholic,79,80,63,80,85,79,80,90,8,644
2024,16464I,CASTLEBLAKENEY N S,Galway,Galway County Council,N,N,Catholic,6,8,5,6,7,5,6,3,,46
2024,16469S,St Nicholas Monastery NS,Louth,Louth County Council,Y,N,Catholic,19,18,23,35,13,17,18,17,,160
2024,16471F,ST DAVADOGS N S,Donegal,Donegal County Council,Y,N,Catholic,5,,8,2,2,5,4,5,,31
2024,16474L,CARRIGALLEN N S,Leitrim,Leitrim County Council,Y,N,Catholic,18,17,18,20,21,18,26,12,25,175
2024,16485Q,ST BRENDANS MIXED N S,Kilkenny,Kilkenny County Council,N,N,Catholic,7,5,6,4,9,5,6,8,,50
2024,16492N,RATHLEE N S,Sligo,Sligo County Council,Y,N,Catholic,8,9,16,9,4,12,7,12,,77
2024,16508C,SCOIL ATHAIN,Limerick,Limerick County Council,N,N,Catholic,15,21,14,22,17,18,25,21,,153
2024,16520P,ST MARY'S N.S.,Cavan,Cavan County Council,N,N,Catholic,2,5,,5,3,5,5,11,,36
2024,16549Q,SCOIL NAOMH PIO,Meath,Meath County Council,N,N,Catholic,5,8,7,7,7,7,11,7,,59
2024,16562I,KNOCKANILLO N S,Mayo,Mayo County Council,Y,N,Catholic,1,3,3,3,4,4,6,4,,28
2024,16566Q,SCOIL NAOMH BRID,Kildare,Kildare County Council,N,N,Catholic,43,28,25,24,27,31,30,50,,258
2024,16573N,ST BRIGIDS SCHOOL,Wicklow,Wicklow County Council,N,N,Catholic,35,41,40,49,58,53,54,59,,389
2024,16577V,ST BRIGIDS CONVENT,Dublin,Dublin City Council,N,N,Catholic,42,57,49,51,55,60,58,59,,431
2024,16596C,ST FEICHINS N SCHOOL,Galway,Galway County Council,N,N,Catholic,4,10,3,2,6,1,1,9,,36
2024,16603T,S N AN CHILLIN,Donegal,Donegal County Council,Y,N,Catholic,,,2,2,,1,2,,,7
2024,16605A,KILRANE N S,Wexford,Wexford County Council,Y,N,Catholic,32,35,23,34,48,48,39,52,18,329
2024,16608G,KILLYBEGS COMMON N S,Donegal,Donegal County Council,Y,N,Catholic,6,7,11,7,16,8,8,10,,73
2024,16611S,GLENTOGHER CON N S,Donegal,Donegal County Council,Y,N,Catholic,2,2,2,,1,2,3,1,,13
2024,16617H,BALLYADAMS N S,Laois,Laois County Council,N,N,Catholic,16,8,8,18,7,12,14,15,11,109
2024,16618J,MYNA N S,Mayo,Mayo County Council,Y,N,Catholic,11,13,9,9,9,13,14,12,,90
2024,16620T,DAINGEAN N S,Offaly,Offaly County Council,Y,N,Catholic,29,24,39,30,34,30,35,29,12,262
2024,16629O,KILTERNAN CHURCH OF IRELAND NS,Dublin,Dun Laoghaire Rathdown,N,N,Church Of Ireland,23,26,27,26,28,21,22,27,8,208
2024,16634H,ST LAURENCE O'TOOLE'S NS,Wicklow,Wicklow County Council,N,N,Catholic,34,26,28,37,33,31,36,32,7,264
2024,16639R,SN DEAGHAN O CEALLAIGH,Westmeath,Westmeath County Council,Y,N,Catholic,,,,16,24,16,13,24,,93
2024,16642G,St Francis' National School,Donegal,Donegal County Council,Y,N,Catholic,13,15,17,15,19,13,13,15,5,125
2024,16646O,ST MARYS CONVENT N S,Meath,Meath County Council,N,N,Catholic,103,91,93,43,52,47,59,61,,549
2024,16648S,ATH TREASNA G N S,Cork,Cork County Council,N,N,Catholic,9,9,14,14,14,11,11,22,,104
2024,16651H,ST CLARES CONVENT N S,Dublin,Dublin City Council,N,N,Catholic,18,22,6,24,16,14,31,28,22,181
2024,16654N,S N BRIGHDE,Kildare,Kildare County Council,N,N,Catholic,29,27,22,30,32,23,31,26,6,226
2024,16655P,ST. NICHOLAS PRIMARY SCHOOL,Meath,Meath County Council,N,N,Catholic,38,29,35,34,41,47,36,55,,315
2024,16659A,ST COLUMBAS CON G & I,Dublin,Dublin City Council,N,N,Catholic,48,55,50,56,43,41,38,40,,371
2024,16664Q,BRUCKLESS N S,Donegal,Donegal County Council,Y,N,Catholic,,1,2,1,1,4,5,3,,17
2024,16665S,ST MARYS MIXED N S,Longford,Longford County Council,Y,N,Catholic,24,20,23,29,25,26,34,32,,213
2024,16667W,TOBAR AN LEINN,Laois,Laois County Council,N,N,Catholic,14,22,26,16,25,25,12,18,12,170
2024,16671N,S N Cnoc na Naomh,Donegal,Donegal County Council,Y,Y,Catholic,15,10,13,7,11,5,17,17,,95
2024,16672P,ST PATRICKS N S,Donegal,Donegal County Council,N,N,Catholic,31,59,47,58,51,59,51,58,12,426
2024,16673R,S N BAILE CUISIN,Wexford,Wexford County Council,N,N,Catholic,23,15,15,22,20,19,15,22,5,156
2024,16675V,SCOIL NAOMH LUCAIS,Dublin,Fingal County Council,N,N,Catholic,58,57,58,62,55,72,78,77,,517
2024,16677C,Bunscoil na mBraithre,Clare,Clare County Council,N,N,Catholic,69,74,79,81,81,77,85,89,13,648
2024,16680O,SCOIL COLMCILLE,Cork,Cork City Council,Y,N,Catholic,30,28,36,39,33,29,31,19,5,250
2024,16681Q,Scoil na mBraithre Boys Snr Sch,Cork,Cork County Council,Y,N,Catholic,,,,27,40,40,36,41,39,223
2024,16683U,BISHOP MURPHY MEMORIAL BOYS SENIOR NATIONAL SCHOOL,Cork,Cork County Council,N,N,Catholic,,,,18,29,22,19,33,8,129
2024,16684W,Midleton CBS Primary School,Cork,Cork County Council,N,N,Catholic,,,20,26,21,32,33,39,30,201
2024,16695E,SCOIL NA MBRATHAR BOYS SENIOR SCHOOL,Dublin,Dublin City Council,Y,N,Catholic,14,16,18,1,,11,24,40,5,129
2024,16703A,Scoil na mBraithre,Kerry,Kerry County Council,Y,Y,Catholic,,,,16,16,19,12,18,,81
2024,16705E,SCOIL PHADRAIG NAOFA,Kildare,Kildare County Council,Y,N,Catholic,74,84,76,76,60,72,62,74,18,596
2024,16706G,ST JOSEPHS NS,Kildare,Kildare County Council,N,N,Catholic,46,54,55,52,53,56,53,55,,424
2024,16707I,SCOIL NAISIUNTA NAOMH PHEADAR,Kildare,Kildare County Council,N,N,Catholic,,,23,39,48,42,35,44,,231
2024,16712B,SCOIL NAOMH IOSAF,Limerick,Limerick County Council,N,N,Catholic,9,21,18,17,21,13,21,24,,144
2024,16713D,Scoil na mBraithre,Limerick,Limerick County Council,Y,N,Catholic,,,,10,10,8,15,8,,51
2024,16715H,ST JOHN THE BAPTIST BOYS N S,Limerick,Limerick City Council,Y,N,Catholic,,,,10,8,9,3,10,7,47
2024,16722E,SCOIL CHOLMCILLE,Meath,Meath County Council,N,N,Catholic,,,,,79,94,99,83,,355
2024,16725K,S N Mhuire na mBraithre,Tipperary,Tipperary (Sr) County Council,Y,N,Catholic,,,,27,26,24,24,23,,124
2024,16727O,Bunscoil na mBráithre Críostaí,Tipperary,Tipperary (Nr) County Council,N,N,Catholic,34,28,36,8,21,28,43,49,4,251
2024,16728Q,ST MARYS N S,Tipperary,Tipperary (Sr) County Council,N,N,Catholic,,,31,39,42,29,28,32,12,213
2024,16729S,ST PETER AND PAUL,Tipperary,Tipperary (Sr) County Council,Y,N,Catholic,14,26,41,33,35,34,59,49,,291
2024,16732H,SCOIL NAOMH SEOSAMH,Waterford,Waterford County Council,Y,N,Catholic,,,,33,29,32,33,23,,150
2024,16744O,BOHESHILL MXD,Kerry,Kerry County Council,Y,N,Catholic,4,2,3,1,,5,2,,,17
2024,16746S,BALLYGARVAN N S,Cork,Cork County Council,N,N,Catholic,30,36,61,41,52,57,46,53,,376
2024,16748W,S N na Cille,Waterford,Waterford County Council,N,N,Catholic,9,14,8,17,15,15,15,16,,109
2024,16749B,SCOIL MHUIRE GAN SMÁL,Louth,Louth County Council,N,N,Catholic,22,19,27,29,27,25,17,27,,193
2024,16750J,PAROCHIAL N S,Galway,Galway City Council,N,N,Church Of Ireland,6,5,12,11,11,12,7,7,,71
2024,16753P,ST VINCENT DE PAUL SENIOR SCHOOL,Dublin,Dublin City Council,N,N,Catholic,,,,51,65,45,75,61,,297
2024,16754R,ST VINCENTS DE PAUL JUNIOR N S,Dublin,Dublin City Council,N,N,Catholic,119,126,109,,,,,,,354
2024,16756V,S N BRIGHDE,Mayo,Mayo County Council,Y,N,Catholic,10,8,13,17,11,21,14,15,,109
2024,16759E,S N Mhuire na mBrathar,Dublin,Dublin City Council,N,N,Catholic,,,,62,60,77,70,73,,342
2024,16760M,DROMISKIN MIXED N S,Louth,Louth County Council,N,N,Catholic,28,28,34,21,28,23,28,35,4,229
2024,16762Q,S N IDE NAOFA,Galway,Galway County Council,N,N,Catholic,45,52,39,38,30,32,40,28,,304
2024,16763S,S N GLASAIN,Donegal,Donegal County Council,Y,Y,Catholic,4,6,,3,3,3,2,4,,25
2024,16764U,KILMEEDY N S,Limerick,Limerick County Council,Y,N,Catholic,6,5,3,6,6,7,5,2,,40
2024,16767D,CORONEA N S,Cavan,Cavan County Council,N,N,Catholic,2,1,3,,2,3,1,2,,14
2024,16769H,LATNAMARD N S,Monaghan,Monaghan County Council,N,N,Catholic,5,14,14,7,8,11,13,10,,82
2024,16774A,SCOIL EOIN BÁISTE,Meath,Meath County Council,N,N,Catholic,12,16,8,15,13,14,10,8,18,114
2024,16777G,S N NMH MHUIRE,Kildare,Kildare County Council,N,N,Catholic,10,13,14,13,13,17,10,14,,104
2024,16779K,SCOIL CAITLIN NAOFA,Kerry,Kerry County Council,N,Y,Catholic,,,,,1,3,3,3,,10
2024,16780S,CULMORE N S,Mayo,Mayo County Council,Y,N,Catholic,3,5,3,2,3,7,4,5,,32
2024,16786H,ST BRIGIDS PRIMARY SCHOOL,Dublin,Dublin City Council,Y,N,Catholic,27,28,28,27,32,30,32,24,,228
2024,16789N,ST ORANS N S,Donegal,Donegal County Council,Y,N,Catholic,34,23,32,28,23,29,30,33,,232
2024,16790V,S N NAOMH SEOSAMH,Meath,Meath County Council,N,N,Catholic,14,9,7,13,11,15,10,16,,95
2024,16792C,ST BRIGIDS CONVENT N S,Dublin,Dublin City Council,N,N,Catholic,36,40,41,46,54,56,59,46,5,383
2024,16794G,ST BRIGIDS N S,Dublin,Dun Laoghaire Rathdown,N,N,Church Of Ireland,14,11,12,14,13,13,14,11,,102
2024,16802C,CEANN EITIGH N S,Offaly,Offaly County Council,N,N,Catholic,12,19,16,23,14,20,20,14,,138
2024,16804G,S N Chlair na Gaillimhe,Galway,Galway County Council,N,Y,Catholic,41,43,39,45,40,28,39,38,,313
2024,16810B,EOCHAILLE ARA N S,Tipperary,Tipperary (Nr) County Council,N,N,Catholic,14,15,12,14,15,14,11,14,,109
2024,16811D,KILLALA N S,Mayo,Mayo County Council,Y,N,Catholic,11,11,14,10,8,12,6,10,,82
2024,16815L,S N NAOMH CEITHEACH,Roscommon,Roscommon County Council,N,N,Catholic,1,,,3,1,2,3,2,,12
2024,16817P,BRANNOXTOWN COMMUNITY N S,Kildare,Kildare County Council,N,N,Multi Denominational,10,14,7,9,12,10,12,7,,81
2024,16818R,S N na Leanai,Waterford,Waterford County Council,N,Y,Catholic,,,,,,,,34,,34
2024,16819T,S N GORT AN CHOIRCE,Donegal,Donegal County Council,Y,Y,Catholic,4,3,2,6,4,,4,7,5,35
2024,16820E,Scoil Cholmcille,Donegal,Donegal County Council,Y,N,Catholic,22,31,25,37,17,28,23,27,,210
2024,16821G,"Scoil Chroí Naofa, Carndomhnach",Donegal,Donegal County Council,Y,N,Catholic,11,15,18,18,25,13,19,17,,136
2024,16823K,MIN A GHABHANN N S,Donegal,Donegal County Council,Y,Y,Catholic,5,7,4,6,5,3,6,4,,40
2024,16825O,KILBRIDE NATIONAL SCHOOL,Meath,Meath County Council,N,N,Catholic,39,32,36,30,37,39,34,47,12,306
2024,16827S,SCOIL SAN LIONARD,Kilkenny,Kilkenny County Council,N,N,Catholic,6,12,16,21,19,18,13,22,,127
2024,16828U,S N Bearna na hAille,Wexford,Wexford County Council,Y,N,Catholic,12,20,13,26,16,21,17,20,,145
2024,16829W,S N LOCH AN IUBHAIR,Donegal,Donegal County Council,Y,Y,Catholic,5,1,2,5,2,4,3,1,1,24
2024,16832L,MUIRISC NS,Mayo,Mayo County Council,N,N,Catholic,7,,6,7,10,7,12,,,49
2024,16833N,KILTEALY N S,Wexford,Wexford County Council,N,N,Catholic,10,11,15,10,17,12,13,9,,97
2024,16836T,NAOMH BRIDHID,Donegal,Donegal County Council,Y,N,Catholic,5,13,15,11,9,18,10,12,,93
2024,16837V,S N DUCHORAIDH,Donegal,Donegal County Council,Y,Y,Catholic,,2,1,,1,1,1,4,,10
2024,16838A,ST. COLMCILLE'S N.S.,Westmeath,Westmeath County Council,N,N,Catholic,29,29,30,29,29,32,28,30,,236
2024,16841M,S N NMH BRIGHDE,Wexford,Wexford County Council,N,N,Catholic,26,26,24,37,32,32,27,28,,232
2024,16842O,Annyalla National School,Monaghan,Monaghan County Council,N,N,Catholic,21,24,23,28,22,25,28,33,,204
2024,16844S,SCOIL N. BREANDAN,Dublin,Fingal County Council,N,N,Catholic,18,28,22,20,24,28,25,28,,193
2024,16845U,RATHCOFFEY N S,Kildare,Kildare County Council,N,N,Catholic,20,25,30,29,31,30,21,31,,217
2024,16850N,ST GARVANS N.S.,Donegal,Donegal County Council,Y,N,Catholic,4,3,4,9,1,5,4,4,,34
2024,16854V,St. Mura's National School,Donegal,Donegal County Council,N,N,Church Of Ireland,5,3,1,3,5,4,4,5,,30
2024,16857E,S N NAOMH UINSEANN,Galway,Galway County Council,N,N,Catholic,3,14,10,11,7,8,8,13,,74
2024,16860Q,CORPUS CHRISTI N S,Dublin,Dublin City Council,N,N,Catholic,42,46,50,46,51,59,52,56,,402
2024,16865D,CLONTUBRID MIXED N S,Kilkenny,Kilkenny County Council,N,N,Catholic,2,6,6,4,6,9,5,6,,44
2024,16868J,Baile na gCailleach N S,Westmeath,Westmeath County Council,N,N,Catholic,19,20,16,14,34,20,18,23,8,172
2024,16869L,S N AN BHREACAIGH,Donegal,Donegal County Council,Y,Y,Catholic,,1,2,3,1,7,3,,5,22
2024,16871V,S N an Chroi Naofa,Kerry,Kerry County Council,Y,N,Catholic,42,44,47,50,46,35,34,50,,348
2024,16872A,CRONAN NAOFA N S,Wicklow,Wicklow County Council,N,N,Catholic,,,45,56,51,68,69,97,6,392
2024,16875G,S N NAOMH PADRAIGH,Kilkenny,Kilkenny County Council,N,N,Catholic,28,24,20,28,28,28,26,26,,208
2024,16876I,S N CAIPIN,Cork,Cork County Council,N,N,Catholic,7,8,15,16,7,12,20,16,,101
2024,16879O,S N CLOCHAR MHUIRE,Wexford,Wexford County Council,Y,N,Catholic,19,20,23,19,23,20,23,25,,172
2024,16880W,SCOIL NAOMH COLMCHILLE,Donegal,Donegal County Council,Y,N,Catholic,20,20,29,27,17,22,16,18,,169
2024,16885J,ADRIGOLE N S,Cork,Cork County Council,N,N,Catholic,3,5,,3,1,5,4,4,,25
2024,16893I,S N NAOMH LORCAN,Dublin,Dun Laoghaire Rathdown,N,N,Catholic,45,50,43,55,52,51,50,56,,402
2024,16896O,SCOIL NAOMH IDE,Limerick,Limerick County Council,N,N,Catholic,2,2,2,2,4,3,2,4,,21
2024,16898S,S N BREANDAN NAOFA,Kerry,Kerry County Council,N,N,Catholic,19,26,27,30,28,25,28,26,,209
2024,16903I,S N FOTHAR,Donegal,Donegal County Council,N,N,Catholic,6,4,3,3,4,4,5,4,,33
2024,16904K,S N LAINN CILLE,Mayo,Mayo County Council,Y,N,Catholic,6,7,10,8,12,7,9,7,,66
2024,16908S,SIXMILEBRIDGE N S,Clare,Clare County Council,N,N,Catholic,56,49,52,52,53,54,57,52,12,437
2024,16910F,SCOIL IOSAGAIN,Limerick,Limerick City Council,Y,N,Catholic,,,,40,37,41,41,57,12,228
2024,16911H,S N LEATH ARDAN,Mayo,Mayo County Council,N,N,Catholic,9,8,13,10,9,7,9,14,,79
2024,16914N,BAILE COIREIL N S,Westmeath,Westmeath County Council,N,N,Catholic,13,6,9,6,7,11,15,10,6,83
2024,16917T,NAOMH PADRAIG MEASC,Kerry,Kerry County Council,N,N,Catholic,23,20,24,20,19,27,20,23,,176
2024,16921K,S N Beal Atha na nEach,Cavan,Cavan County Council,Y,N,Catholic,26,23,30,26,28,24,33,26,12,228
2024,16923O,URBLESHANNY N S,Monaghan,Monaghan County Council,N,N,Catholic,29,35,41,44,43,39,33,39,6,309
2024,16924Q,CAOIMHIN NAOFA N S,Wicklow,Wicklow County Council,N,N,Catholic,15,14,7,22,12,13,16,19,9,127
2024,16928B,S N NAOMH PHILOMENA,Offaly,Offaly County Council,Y,N,Catholic,,,,,39,50,27,49,1,166
2024,16930L,SCOIL AN SRAITH S N,Clare,Clare County Council,Y,N,Catholic,2,4,1,4,2,2,,3,,18
2024,16932P,AUGHAWILLAN NS,Leitrim,Leitrim County Council,N,N,Catholic,4,6,6,5,3,5,3,5,,37
2024,16933R,LOCH MOR MAIGH N S,Tipperary,Tipperary (Nr) County Council,N,N,Catholic,8,10,7,8,9,10,15,9,12,88
2024,16936A,S N NAOMH PADRAIG,Galway,Galway County Council,N,N,Catholic,25,28,28,32,22,28,31,22,,216
2024,16937C,S N FHURSA,Galway,Galway City Council,N,N,Catholic,21,24,22,27,28,21,29,28,,200
2024,16938E,FR CULLEN MEMORIAL N S,Carlow,Carlow County Council,N,N,Catholic,24,25,32,22,27,32,28,21,11,222
2024,16940O,DUNDAR MHUIGHE N S,Cork,Cork County Council,N,N,Catholic,18,18,22,23,26,27,24,18,5,181
2024,16943U,NIOCHLAS N S,Galway,Galway City Council,Y,N,Catholic,19,30,21,29,41,32,40,40,19,271
2024,16945B,LISGRIFFIN N S,Cork,Cork County Council,N,N,Catholic,2,2,3,3,2,5,6,3,,26
2024,16946D,SN AN PHAIRTIN MIXED,Clare,Clare County Council,N,N,Catholic,48,36,42,31,41,32,33,40,,303
2024,16950R,S N AN CARRAIG LIATH,Waterford,Waterford County Council,N,N,Catholic,15,16,10,11,12,11,8,12,,95
2024,16954C,SCOIL MHICHIL,Monaghan,Monaghan County Council,N,N,Catholic,7,9,9,4,8,1,9,4,,51
2024,16955E,S N na Mona Fliche,Cork,Cork County Council,N,N,Catholic,5,5,9,4,12,6,3,6,,50
2024,16959M,S N CORRABHA,Cavan,Cavan County Council,Y,N,Catholic,3,3,3,2,1,1,3,1,,17
2024,16961W,KILCRUMRERAGH N S,Westmeath,Westmeath County Council,N,N,Catholic,16,17,9,14,9,15,12,10,,102
2024,16964F,SCOIL MHUIRE OGH 1,Dublin,Dublin City Council,Y,N,Catholic,,,,,43,62,57,51,1,214
2024,16966J,SCOIL NAISIUNTA STRATFORD,Dublin,Dublin City Council,N,N,Jewish,8,9,11,9,7,11,12,11,12,90
2024,16968N,S N BLAITHIN IOSA,Monaghan,Monaghan County Council,N,N,Catholic,7,3,3,2,,5,5,4,,29
2024,16970A,ST MOLAGA SENIOR NS,Dublin,Fingal County Council,N,N,Catholic,,,,,107,102,108,106,11,434
2024,16972E,S N PEADAR AGUS POL N,Dublin,Fingal County Council,N,N,Catholic,85,73,107,93,,,,,,358
2024,16976M,S N DEAGLAN,Waterford,Waterford City Council,N,N,Catholic,39,50,49,54,56,55,58,54,,415
2024,16979S,ST COLMCILLES PRIMARY SCHOOL,Tipperary,Tipperary (Nr) County Council,Y,N,Catholic,,,14,15,18,26,22,19,5,119
2024,16983J,S N NAOMH CILLIN,Dublin,South Dublin County Council,Y,N,Catholic,5,2,4,2,6,4,2,7,,32
2024,16984L,S N NAOMH SHEOSAMH,Mayo,Mayo County Council,N,N,Catholic,14,13,11,9,11,19,11,14,,102
2024,16988T,CHRIST THE KING B N S,Dublin,Dublin City Council,Y,N,Catholic,7,15,11,11,10,6,13,16,12,101
2024,16989V,CHRIST THE KING GIRLS SENIOR SCHOOL,Dublin,Dublin City Council,Y,N,Catholic,,,,8,16,15,15,23,,77
2024,16990G,S N NAOMH CALLIN,Offaly,Offaly County Council,N,N,Catholic,7,12,8,6,16,9,6,8,,72
2024,16991I,CARNAROSS N S,Meath,Meath County Council,N,N,Catholic,27,23,19,13,17,26,21,29,12,187
2024,16992K,CLONGEEN MXD N S,Wexford,Wexford County Council,N,N,Catholic,15,13,11,5,6,16,16,13,,95
2024,16995Q,S N NAOMH COLMCHILLE,Donegal,Donegal County Council,Y,N,Catholic,16,6,11,11,5,6,14,11,,80
2024,17003A,S N SEOSAMH,Offaly,Offaly County Council,N,N,Catholic,13,11,12,14,12,13,13,10,,98
2024,17005E,S N AN GHLEANNA,Wexford,Wexford County Council,N,N,Catholic,12,17,14,13,16,27,19,29,,147
2024,17007I,S N ARD RAITHIN,Galway,Galway County Council,N,N,Catholic,26,17,22,21,18,18,23,9,,154
2024,17011W,MOCOMHOG N S,Cork,Cork County Council,Y,N,Catholic,3,5,1,1,2,2,4,3,,21
2024,17012B,S N AN FHOSSA,Kerry,Kerry County Council,N,N,Catholic,34,30,30,35,32,33,28,33,10,265
2024,17017L,S N PHADRAIG,Wexford,Wexford County Council,N,N,Catholic,27,31,28,29,20,22,17,28,12,214
2024,17018N,SCOIL PHADRAIG,Donegal,Donegal County Council,Y,Y,Catholic,18,11,10,12,14,6,17,8,,96
2024,17020A,QUILTY NS,Clare,Clare County Council,Y,N,Catholic,5,7,3,7,10,5,1,1,,39
2024,17021C,S N PADRAIG NAOFA,Sligo,Sligo County Council,N,N,Catholic,6,7,8,7,10,7,10,11,,66
2024,17024I,Scoil na Croise Naofa,Cork,Cork City Council,Y,N,Catholic,15,18,21,23,30,30,24,30,6,197
2024,17025K,S N na nDun,Westmeath,Westmeath County Council,N,N,Catholic,21,26,17,23,9,21,18,24,,159
2024,17026M,CLARECASTLE NATIONAL SCHOOL,Clare,Clare County Council,Y,N,Catholic,43,44,45,48,48,47,33,42,6,356
2024,17029S,S N NAOMH CIANAIN,Meath,Meath County Council,N,N,Catholic,9,9,9,8,10,8,9,4,,66
2024,17031F,SHINCHILL N S,Offaly,Offaly County Council,N,N,Catholic,28,40,28,38,29,37,45,35,12,292
2024,17035N,S N MHIN TEINEADH DE,Donegal,Donegal County Council,N,Y,Catholic,2,2,2,4,,3,2,2,,17
2024,17036P,S N NAOMH COLMCHILLE,Donegal,Donegal County Council,N,N,Catholic,29,28,29,23,32,21,28,26,12,228
2024,17039V,S N COILL MOR,Mayo,Mayo County Council,N,N,Catholic,,,,2,,1,3,,,6
2024,17040G,SN Naomh Samhthann,Donegal,Donegal County Council,Y,N,Catholic,2,7,3,7,10,5,6,6,,46
2024,17045Q,ST PATRICKS B N S,Cork,Cork City Council,Y,N,Catholic,,,17,24,18,28,30,43,6,166
2024,17050J,S N NAOMH SHEAMUIS,Cork,Cork County Council,N,N,Church Of Ireland,2,1,4,1,5,1,2,1,,17
2024,17051L,S N na Fuar Coilleadh,Galway,Galway County Council,N,N,Catholic,13,10,13,11,12,14,11,15,,99
2024,17053P,BISHOP FOLEY MEMORIAL SCHOOL BOYS SNR SCH,Carlow,Carlow County Council,Y,N,Catholic,,,,30,34,49,27,52,3,195
2024,17054R,S N ARD CIANAIN,Roscommon,Roscommon County Council,N,N,Catholic,4,11,5,11,9,14,16,14,,84
2024,17055T,S N NAOMH MHUIRE,Dublin,South Dublin County Council,N,N,Catholic,79,79,84,82,78,81,85,81,24,673
2024,17057A,Scoil Phádraig,Donegal,Donegal County Council,N,N,Catholic,13,14,17,10,18,15,9,13,,109
2024,17059E,Scoil na mBraithre Sn,Louth,Louth County Council,Y,N,Catholic,42,44,43,45,46,38,43,38,6,345
2024,17060M,CONVENT OF MERCY N S,Limerick,Limerick County Council,Y,N,Catholic,6,11,19,15,16,13,15,9,,104
2024,17064U,SCOIL PADRAIG,Laois,Laois County Council,N,N,Catholic,18,23,28,23,31,32,29,23,6,213
2024,17068F,SCOIL SEAN TSRAIDE,Limerick,Limerick County Council,N,N,Catholic,8,10,18,20,16,24,12,21,,129
2024,17069H,S N MUIRE NAOFA,Offaly,Offaly County Council,Y,N,Catholic,3,9,5,10,7,16,7,5,4,66
2024,17071R,S N BAILE A MHOININ,Galway,Galway County Council,N,N,Catholic,,1,,,2,,5,3,,11
2024,17072T,S N CILL CRUINN,Kerry,Kerry County Council,N,N,Catholic,10,11,12,11,11,16,11,11,6,99
2024,17073V,S N CHOLMCILLE,Kilkenny,Kilkenny County Council,N,N,Catholic,11,17,4,17,12,18,16,21,,116
2024,17079K,S N CARRAIG AN IME,Cork,Cork County Council,N,N,Catholic,4,6,2,3,1,2,3,,,21
2024,17082W,SCOIL CHOMAIN NAOFA,Mayo,Mayo County Council,N,N,Catholic,3,11,6,11,8,10,15,14,,78
2024,17083B,S N MUIRE GAN SMAL B,Dublin,Dublin City Council,Y,N,Catholic,43,44,40,40,44,35,42,42,,330
2024,17084D,CILL AN IUBHAIR N S,Laois,Laois County Council,N,N,Catholic,5,1,5,6,2,3,4,6,,32
2024,17088L,Scoil Uí Ghramhnaigh,Meath,Meath County Council,N,Y,Catholic,22,18,21,24,27,23,21,23,,179
2024,17089N,CLUAIN MAOLAIN N S,Westmeath,Westmeath County Council,N,N,Catholic,14,20,23,29,26,24,25,28,,189
2024,17091A,S N MUIRE,Wicklow,Wicklow County Council,N,N,Catholic,70,54,64,80,,,,,,268
2024,17093E,S N BHREANDAIN NAOFA,Kilkenny,Kilkenny County Council,N,N,Catholic,24,25,23,26,19,24,27,22,,190
2024,17095I,S N na Cealltraighe,Galway,Galway County Council,Y,N,Catholic,17,10,10,13,13,12,7,16,,98
2024,17096K,S N NMH FHINGIN,Carlow,Carlow County Council,Y,N,Catholic,7,8,,3,4,4,6,,,32
2024,17099Q,St Joseph's National School,Monaghan,Monaghan County Council,N,N,Catholic,17,31,22,28,33,32,32,43,,238
2024,17100V,S N RATH ARADH,Roscommon,Roscommon County Council,N,N,Catholic,,2,2,1,2,3,2,3,,15
2024,17101A,SCOIL CRE CUMHRA,Limerick,Limerick County Council,N,N,Catholic,20,24,25,28,30,31,26,27,,211
2024,17102C,CLUAIN BUINNE N S,Westmeath,Westmeath County Council,N,N,Catholic,12,21,23,26,16,20,14,18,,150
2024,17103E,Scoil Chlochair Mhuire National School,Cork,Cork County Council,N,N,Catholic,17,21,23,22,35,34,54,47,20,273
2024,17104G,ST FRANCIS JUNIOR NATIONAL SCHOOL,Dublin,Dublin City Council,Y,N,Catholic,42,40,39,44,,,,,6,171
2024,17105I,MUIRE GAN SMAL C,Cork,Cork City Council,Y,N,Catholic,32,28,46,34,47,46,31,47,4,315
2024,17108O,ST JOHNS INFANTS N S,Kilkenny,Kilkenny County Council,Y,N,Catholic,49,60,55,58,,,,,1,223
2024,17110B,NAOMH LORCAN O TUATHAIL SENIOR BOYS,Dublin,Dublin City Council,Y,N,Catholic,,,,14,18,10,10,11,11,74
2024,17112F,BALLYHEA N S,Cork,Cork County Council,Y,N,Catholic,17,19,14,13,12,30,25,19,,149
2024,17114J,S N AN GHABHAILIN,Tipperary,Tipperary (Sr) County Council,N,N,Catholic,9,14,13,8,13,11,9,7,,84
2024,17117P,S N CUL GREINE,Wexford,Wexford County Council,Y,N,Catholic,8,10,13,9,15,15,17,18,12,117
2024,17118R,S N NAOMH FHURSA,Galway,Galway County Council,N,N,Catholic,4,17,10,9,17,10,17,24,3,111
2024,17119T,Scoil Naisiunta Balla Aluinn,Mayo,Mayo County Council,N,N,Catholic,30,19,21,25,18,28,28,25,6,200
2024,17122I,SN EADAN FHIONNFHAOICH,Donegal,Donegal County Council,Y,Y,Catholic,3,,1,,1,1,4,1,,11
2024,17123K,KILMAINHAM WOOD N S,Meath,Meath County Council,Y,N,Catholic,11,19,12,20,15,19,10,15,,121
2024,17124M,ARDEE MONASTERY,Louth,Louth County Council,Y,N,Catholic,28,36,31,35,26,33,33,36,,258
2024,17125O,DIFFEREEN N S,Leitrim,Leitrim County Council,Y,N,Catholic,4,8,5,6,3,5,4,3,,38
2024,17126Q,SCOIL ENDA,Monaghan,Monaghan County Council,N,N,Catholic,8,8,9,13,8,4,10,8,,68
2024,17127S,ST JOSEPHS NS,Carlow,Carlow County Council,Y,N,Catholic,18,19,14,14,20,14,18,9,12,138
2024,17130H,SCOIL NAOMH DUBHTHACH,Donegal,Donegal County Council,Y,Y,Catholic,3,6,2,1,3,7,1,7,,30
2024,17133N,S N an Baile Nua,Waterford,Waterford County Council,N,N,Catholic,11,15,9,13,14,17,12,14,,105
2024,17138A,SCOIL CILL COLMAIN,Limerick,Limerick County Council,N,N,Catholic,11,19,14,4,13,13,16,16,,106
2024,17140K,S N BAILE SLUAGH,Tipperary,Tipperary (Sr) County Council,N,N,Catholic,3,2,4,6,4,2,3,5,,29
2024,17148D,S N EOIN BAISDE GIRLS SENIOR,Dublin,Dublin City Council,N,N,Catholic,,,,75,75,76,80,102,,408
2024,17150N,ST MARYS BNS,Monaghan,Monaghan County Council,Y,N,Catholic,,,,40,42,32,44,48,16,222
2024,17152R,S N CNOC SCEACH,Cork,Cork County Council,N,N,Catholic,24,17,22,15,27,23,26,27,28,209
2024,17154V,S N BREANDAIN NAOFA,Galway,Galway County Council,N,N,Catholic,12,13,11,13,15,13,4,9,,90
2024,17155A,ATHLACCA N S,Limerick,Limerick County Council,N,N,Catholic,7,6,9,14,12,15,16,22,4,105
2024,17156C,SCOIL NAOMH AINE GIRLS SENIOR SCHOOL,Cork,Cork County Council,Y,N,Catholic,,,,37,32,46,35,46,,196
2024,17159I,S N AN GARRAIN BHAIN,Waterford,Waterford County Council,N,N,Catholic,32,32,30,25,24,28,27,24,,222
2024,17161S,KILTALLAGH N S,Kerry,Kerry County Council,Y,N,Church Of Ireland,6,,2,4,2,3,2,8,,27
2024,17162U,S N BHRIGHDE,Meath,Meath County Council,N,N,Catholic,11,13,20,13,13,10,15,11,,106
2024,17167H,BL OLIVER PLUNKETT N S,Westmeath,Westmeath County Council,N,N,Catholic,,,,14,20,8,20,29,,91
2024,17168J,S N INIS EOGHANAIN,Cork,Cork County Council,N,N,Catholic,41,28,37,40,41,43,27,40,,297
2024,17170T,BAILE MOR SIOL ANMCADHA,Galway,Galway County Council,N,N,Catholic,15,12,13,11,15,13,10,14,12,115
2024,17171V,S N CUILINN UI CAOIMH,Cork,Cork County Council,N,N,Catholic,10,6,11,4,4,12,10,8,,65
2024,17174E,S N BHRIGHDE,Kilkenny,Kilkenny County Council,N,N,Catholic,7,9,4,6,11,5,3,7,,52
2024,17175G,BOHERMEEN N S,Meath,Meath County Council,N,N,Catholic,33,29,27,26,32,32,29,32,,240
2024,17176I,S N Realt na Mara,Mayo,Mayo County Council,Y,N,Catholic,12,14,7,4,8,9,12,9,,75
2024,17179O,S N AN CILLIN,Tipperary,Tipperary (Nr) County Council,Y,N,Catholic,23,20,10,16,20,16,17,14,,136
2024,17180W,S N na gCluainte,Donegal,Donegal County Council,Y,N,Catholic,14,11,9,9,14,16,14,11,,98
2024,17181B,ST JOSEPHS N S,Wicklow,Wicklow County Council,N,N,Catholic,51,49,61,60,65,58,82,59,32,517
2024,17182D,MHICHIL NAOFA N S,Westmeath,Westmeath County Council,N,N,Catholic,12,10,10,11,4,12,7,12,,78
2024,17184H,OOLA NATIONAL SCHOOL,Limerick,Limerick County Council,N,N,Catholic,8,6,3,8,9,13,14,6,,67
2024,17188P,S N CHIARAIN NAOFA,Offaly,Offaly County Council,N,N,Catholic,9,14,14,11,9,9,10,10,,86
2024,17189R,RATH EOGHAN N S,Westmeath,Westmeath County Council,Y,N,Catholic,5,5,5,11,8,12,7,7,9,69
2024,17194K,S N BAILE UI COILEAIN,Wexford,Wexford County Council,Y,N,Catholic,9,8,8,7,6,7,8,9,,62
2024,17195M,C.B.S. PRIMARY,Louth,Louth County Council,Y,N,Catholic,72,53,58,63,58,69,60,60,,493
2024,17197Q,S N AN LEATH BHAILE,Galway,Galway County Council,N,N,Catholic,13,5,5,10,10,10,8,6,,67
2024,17198S,S N MUIRE GAN SMAL,Galway,Galway County Council,N,N,Catholic,51,62,55,64,52,55,56,51,,446
2024,17200C,S N COLMAIN,Kilkenny,Kilkenny County Council,N,N,Catholic,8,1,3,2,2,2,1,2,,21
2024,17203I,S N ULTAIN NAOFA,Meath,Meath County Council,N,Y,Catholic,6,9,10,9,11,9,14,8,,76
2024,17206O,GLEBE N S,Leitrim,Leitrim County Council,N,N,Catholic,2,5,2,,6,2,4,2,,23
2024,17207Q,S N DOMHNACH PADRAIG,Galway,Galway County Council,N,N,Catholic,9,9,5,15,14,12,21,10,,95
2024,17209U,COONEAL N.S.,Mayo,Mayo County Council,N,N,Catholic,4,7,5,8,5,7,12,8,,56
2024,17212J,SCOIL NAIS CNOC AINE,Limerick,Limerick County Council,N,N,Catholic,19,17,27,19,31,21,25,18,11,188
2024,17213L,S N MHUIRE,Meath,Meath County Council,N,N,Catholic,11,12,20,14,11,16,16,15,12,127
2024,17214N,St. Vincent's Primary School,Dublin,Dublin City Council,Y,N,Catholic,35,27,29,48,33,23,33,25,,253
2024,17217T,CBS Primary Wexford,Wexford,Wexford County Council,N,N,Catholic,29,44,45,28,58,63,52,34,13,366
2024,17218V,KILKENNY MIXED N S,Kilkenny,Kilkenny County Council,N,N,Church Of Ireland,24,23,25,25,28,27,27,29,,208
2024,17220I,S N BHRIGHDE,Meath,Meath County Council,N,N,Catholic,10,10,10,13,16,8,10,9,,86
2024,17221K,SN COLMCILLE,Galway,Galway City Council,Y,Y,Catholic,8,11,10,9,9,3,13,13,6,82
2024,17222M,S N MHICHIL NAOFA,Kilkenny,Kilkenny County Council,N,N,Catholic,8,8,10,9,13,1,9,9,,67
2024,17223O,S N MUIRE IS GEARARD,Wicklow,Wicklow County Council,N,N,Catholic,23,31,26,29,26,19,26,27,,207
2024,17224Q,S N MUIRE GAN SMAL,Kilkenny,Kilkenny County Council,Y,N,Catholic,19,21,22,12,15,10,15,6,18,138
2024,17228B,CLOCHAR MUIRE N S,Wicklow,Wicklow County Council,Y,N,Catholic,18,25,16,21,16,19,23,22,,160
2024,17230L,SCOIL NAOMH BRID,Cavan,Cavan County Council,N,N,Catholic,14,14,11,9,18,5,9,14,18,112
2024,17231N,S N CILL CUIMIN,Kerry,Kerry County Council,N,N,Catholic,15,11,16,11,17,24,17,11,,122
2024,17233R,St Clare's National School,Leitrim,Leitrim County Council,N,N,Catholic,38,33,26,17,23,29,27,28,,221
2024,17235V,S N CHAOMHAIN TORRCHOILL,Wexford,Wexford County Council,N,N,Catholic,25,22,28,25,30,32,28,30,,220
2024,17236A,BOHER N S,Westmeath,Westmeath County Council,N,N,Catholic,1,1,3,,3,2,6,3,,19
2024,17237C,S N CILL BARFHIONN,Tipperary,Tipperary (Nr) County Council,N,N,Catholic,8,8,5,8,6,5,10,12,,62
2024,17240O,S N TAMHNACH DHUIBH,Cavan,Cavan County Council,N,N,Catholic,11,13,5,10,14,11,9,16,,89
2024,17241Q,S N DOMHNACH MOR,Donegal,Donegal County Council,Y,N,Presbyterian,4,2,2,3,4,5,3,7,,30
2024,17242S,S N Pairc na Slinne,Galway,Galway County Council,Y,N,Catholic,3,,2,4,,1,2,,,12
2024,17244W,S N NAOMH RUADHAIN,Tipperary,Tipperary (Nr) County Council,Y,N,Catholic,2,9,2,4,6,4,2,6,,35
2024,17245B,DRIPSEY N S,Cork,Cork County Council,N,N,Catholic,12,13,7,10,9,13,13,10,12,99
2024,17246D,S N CLUAIN AN ATHA,Clare,Clare County Council,N,N,Catholic,3,1,5,2,1,3,2,4,,21
2024,17251T,OVENS N S,Cork,Cork County Council,N,N,Catholic,52,54,53,71,53,49,56,54,,442
2024,17253A,S N CAISLEAN AN CUMAIR,Kilkenny,Kilkenny County Council,Y,N,Catholic,,,,12,5,9,8,6,,40
2024,17254C,SCOIL CHORBAIN,Kildare,Kildare County Council,N,N,Catholic,32,46,64,73,52,77,75,79,,498
2024,17260U,SCOIL AN LINBH ÍOSA,Donegal,Donegal County Council,N,N,Catholic,41,34,33,38,40,28,29,23,,266
2024,17263D,S N MUIRE AN SEAN BAILE,Dublin,Fingal County Council,N,N,Catholic,7,5,6,10,10,7,5,4,8,62
2024,17265H,RATHDRUM BOYS N S,Wicklow,Wicklow County Council,Y,N,Catholic,19,15,19,23,16,25,25,21,5,168
2024,17266J,BALLANAGARE N S,Roscommon,Roscommon County Council,Y,N,Catholic,8,4,8,4,11,12,6,7,,60
2024,17268N,SN AN BR M O CLEIRIGH,Donegal,Donegal County Council,N,N,Catholic,27,28,26,27,26,27,26,37,,224
2024,17270A,S N COLM CILLE,Clare,Clare County Council,N,N,Catholic,7,7,7,11,6,4,6,5,,53
2024,17271C,SCOIL MHUIRE MUIGHEO,Laois,Laois County Council,N,N,Catholic,1,3,1,3,,1,5,5,,19
2024,17273G,S N Baile na Cille,Galway,Galway County Council,N,N,Catholic,2,8,2,2,6,6,2,4,,32
2024,17276M,Scoil na mBraithre,Tipperary,Tipperary (Sr) County Council,Y,N,Catholic,,,,42,35,41,28,25,,171
2024,17277O,ST EDWARDS N S,Sligo,Sligo County Council,Y,N,Catholic,24,30,23,18,19,29,25,30,6,204
2024,17281F,TOGHER N S,Cork,Cork County Council,Y,N,Catholic,3,1,5,4,2,3,4,4,,26
2024,17289V,S N CAOMHAIN,Galway,Galway County Council,Y,Y,Catholic,2,3,4,4,3,4,5,6,,31
2024,17290G,DYSART NS,Westmeath,Westmeath County Council,N,N,Catholic,2,1,1,2,3,3,6,4,,22
2024,17295Q,S N na Rinne,Waterford,Waterford County Council,N,Y,Catholic,17,18,18,19,14,13,25,18,,142
2024,17296S,S N Baile na hInse,Tipperary,Tipperary (Nr) County Council,N,N,Catholic,3,13,14,12,13,16,12,15,,98
2024,17297U,S N FEARGHAIL NAOFA,Cork,Cork County Council,N,N,Catholic,24,23,26,24,24,27,20,22,12,202
2024,17298W,KILBEHENNY N S,Limerick,Limerick County Council,N,N,Catholic,10,15,11,16,13,6,18,13,,102
2024,17299B,SCOIL MHUIRE,Limerick,Limerick County Council,N,N,Catholic,14,9,8,10,12,8,14,9,,84
2024,17300G,LIOS MAIGHIR,Cork,Cork County Council,N,N,Catholic,4,3,8,2,7,10,5,10,,49
2024,17301I,S N TEACH CAOIN,Mayo,Mayo County Council,N,N,Catholic,5,4,3,5,4,5,7,8,,41
2024,17304O,ANNACURRA N S,Wicklow,Wicklow County Council,N,N,Catholic,13,15,8,21,14,14,14,16,12,127
2024,17312N,S N CUL AN MHUILINN,Meath,Meath County Council,N,N,Catholic,11,11,14,13,18,12,21,10,5,115
2024,17313P,OUR LADY OF LOURDES,Cork,Cork City Council,N,N,Catholic,29,24,30,30,29,22,30,33,,227
2024,17314R,SCOIL NAOMH EOIN DEA,Kilkenny,Kilkenny County Council,N,N,Catholic,32,40,51,50,31,58,39,30,,331
2024,17315T,SCOIL DAIRBHRE MIXED,Louth,Louth County Council,N,N,Catholic,5,7,11,11,6,8,16,13,,77
2024,17318C,SCOIL AN LEINBH IOSA BOYS SENIORS,Dublin,Dublin City Council,N,N,Catholic,,,54,47,43,49,57,53,12,315
2024,17321O,S N AN COILL MHOR,Mayo,Mayo County Council,Y,N,Catholic,2,5,,1,7,1,3,3,,22
2024,17323S,MONKSTOWN N S,Cork,Cork County Council,N,N,Catholic,15,21,31,24,29,33,25,24,,202
2024,17324U,SCOIL NAOMH BREANDAN,Cork,Cork County Council,N,N,Catholic,1,5,1,5,2,,8,,,22
2024,17326B,SN NAOMH FEIDHLIM BOYS SNR SCH,Cavan,Cavan County Council,Y,N,Catholic,5,,,52,52,41,57,60,9,276
2024,17327D,Holy Family Primary School,Westmeath,Westmeath County Council,N,N,Catholic,54,53,54,60,51,56,53,60,12,453
2024,17328F,SCOIL ROISIN,Donegal,Donegal County Council,Y,Y,Catholic,3,8,7,2,9,9,6,11,,55
2024,17329H,S N PAROISTEACH,Roscommon,Roscommon County Council,N,N,Church Of Ireland,2,4,3,2,,6,4,5,,26
2024,17330P,SCOIL N MOLING-GLYNN,Carlow,Carlow County Council,N,N,Catholic,3,8,1,9,10,4,9,10,,54
2024,17331R,S N AN DROMA,Galway,Galway County Council,N,N,Catholic,,2,3,2,4,,6,5,,22
2024,17332T,ST MARYS PAROCHIAL SCHOOL,Tipperary,Tipperary (Sr) County Council,N,N,Church Of Ireland,6,2,6,4,2,1,3,2,,26
2024,17336E,S N MHUIRE BAINRIOGHAN,Offaly,Offaly County Council,N,N,Catholic,10,7,10,8,15,8,7,11,1,77
2024,17338I,S N CILL BONAIN,Cork,Cork County Council,N,N,Catholic,9,8,13,15,15,8,17,9,,94
2024,17339K,S N NAOMH CHIARAIN,Kilkenny,Kilkenny County Council,Y,N,Catholic,9,3,14,8,15,14,13,10,,86
2024,17341U,MAYNOOTH B N S,Kildare,Kildare County Council,N,N,Catholic,72,76,68,80,80,66,80,81,10,613
2024,17349N,S N AN LEANA MHOIR,Kerry,Kerry County Council,Y,N,Catholic,3,3,1,3,2,2,,,,14
2024,17351A,S N NAOMH MHUIRE,Waterford,Waterford City Council,N,N,Catholic,78,76,76,77,84,84,86,83,8,652
2024,17353E,S N CILL TROSTAIN,Roscommon,Roscommon County Council,N,N,Catholic,8,6,7,9,6,4,2,6,,48
2024,17354G,S N PADRAIG,Wexford,Wexford County Council,N,N,Catholic,20,17,17,15,21,18,15,16,12,151
2024,17355I,Our Lady of Good Counsel Girls Senior School,Dublin,Dublin City Council,Y,N,Catholic,,,,19,24,32,21,25,24,145
2024,17356K,OUR LADY OF GOOD COUNSEL SCHOOL,Dublin,Dublin City Council,Y,N,Catholic,37,36,36,,,,,,12,121
2024,17357M,S N BAILE AN PHIULL,Kilkenny,Kilkenny County Council,N,N,Catholic,22,27,34,27,40,32,37,40,11,270
2024,17358O,S N NAOMH EIRC,Kerry,Kerry County Council,N,N,Catholic,3,6,10,12,10,20,10,5,,76
2024,17360B,S N MHUIRE,Cork,Cork City Council,N,N,Catholic,35,30,28,47,48,41,49,46,,324
2024,17362F,S N BREANDAN NAOFA,Cork,Cork County Council,N,N,Catholic,7,7,4,10,7,10,7,9,14,75
2024,17363H,SN CROS TSEAIN,Cork,Cork County Council,N,N,Catholic,28,17,33,32,24,25,29,30,6,224
2024,17364J,SCOIL BAILE AN AIRD,Limerick,Limerick County Council,N,N,Catholic,11,12,10,12,9,7,15,14,,90
2024,17365L,Two Mile Community National School,Kerry,Kerry County Council,N,N,Multi Denominational,1,6,12,7,8,4,5,4,,47
2024,17367P,"Mary, Help of Christians G.N.S.",Dublin,Dublin City Council,N,N,Catholic,34,40,40,40,53,48,52,46,,353
2024,17368R,CROI RONAOFA MEASCAITHE,Galway,Galway County Council,Y,N,Catholic,19,16,9,21,8,9,16,11,,109
2024,17373K,S N CLOCHAR MHUIRE,Wexford,Wexford County Council,N,N,Catholic,51,39,51,48,44,41,49,57,,380
2024,17374M,S N CHRION CHOILL,Kilkenny,Kilkenny County Council,N,N,Catholic,4,2,2,3,4,4,7,5,,31
2024,17432A,MAGH MORA N S,Westmeath,Westmeath County Council,N,N,Catholic,3,3,3,2,6,2,8,3,,30
2024,17438M,SHANAGOLDEN N S,Limerick,Limerick County Council,N,N,Catholic,18,13,14,20,12,11,6,20,,114
2024,17440W,S N NAOMH MAODHOG,Cavan,Cavan County Council,N,N,Catholic,4,8,5,8,8,7,10,8,,58
2024,17441B,SCOIL MHUIRE,Laois,Laois County Council,Y,N,Catholic,1,,1,2,1,1,1,5,,12
2024,17443F,S N FIONNTAIN,Wexford,Wexford County Council,Y,N,Catholic,26,21,25,24,19,20,22,23,4,184
2024,17444H,S N SEOSAMH NAOFA,Galway,Galway County Council,N,N,Catholic,22,32,17,20,28,26,29,26,8,208
2024,17447N,S N CRANNAIGHE BUIDHE,Donegal,Donegal County Council,Y,N,Catholic,4,10,6,9,8,4,5,4,,50
2024,17450C,S N MHAODHOIG,Wexford,Wexford County Council,N,N,Catholic,20,26,25,26,30,32,30,20,29,238
2024,17456O,S N RONAIN,Galway,Galway County Council,Y,Y,Catholic,1,6,8,3,5,4,5,7,,39
2024,17459U,CHRIST THE KING I G,Dublin,Dublin City Council,Y,N,Catholic,10,16,14,,,,,,,40
2024,17462J,SCOIL NAIS MHICHIL,Carlow,Carlow County Council,N,N,Catholic,6,5,3,6,6,6,5,8,,45
2024,17463L,S N BRIOCAIN,Galway,Galway County Council,Y,Y,Catholic,1,1,,,4,7,2,3,,18
2024,17464N,Fionnbarra Naofa B.N.S.,Dublin,Dublin City Council,Y,N,Catholic,13,10,8,13,15,16,14,15,6,110
2024,17465P,DOMINICAN CONVENT GIRLS SENIOR SCHOOL,Dublin,Dublin City Council,Y,N,Catholic,,,,28,27,27,39,28,,149
2024,17466R,ST CATHERINES INFANT SCHOOL,Dublin,Dublin City Council,Y,N,Catholic,52,47,33,,,,,,8,140
2024,17469A,SCOIL CUILM CILLE,Donegal,Donegal County Council,Y,N,Catholic,5,7,4,6,5,5,1,5,,38
2024,17470I,ST RAPHAELAS N S,Dublin,Dun Laoghaire Rathdown,N,N,Catholic,40,48,40,48,53,58,60,61,,408
2024,17471K,S N SHEAN BHOTH,Wexford,Kilkenny County Council,N,N,Catholic,4,4,6,6,1,4,6,,,31
2024,17472M,BAILE FALBACH,Dublin,Fingal County Council,N,N,Catholic,3,8,3,6,7,10,16,14,,67
2024,17475S,S N AINE NAOFA,Galway,Galway County Council,N,N,Catholic,8,12,7,11,8,21,8,16,6,97
2024,17479D,SCOIL MHUIRE,Cavan,Cavan County Council,Y,N,Catholic,14,12,10,10,16,7,16,18,,103
2024,17480L,S N BAILE CHEANT,Meath,Meath County Council,N,N,Catholic,19,14,23,27,20,31,35,32,5,206
2024,17481N,ST BRENDANS N S,Carlow,Carlow County Council,N,N,Catholic,6,1,4,2,4,3,6,5,,31
2024,17482P,CLOGHER NS,Mayo,Mayo County Council,Y,N,Catholic,6,8,7,6,4,6,7,4,,48
2024,17483R,CARRAHOLLY N S,Mayo,Mayo County Council,Y,N,Catholic,4,3,11,4,6,8,5,8,,49
2024,17485V,S N PADRAIG NAOFA,Galway,Galway County Council,N,N,Catholic,3,3,4,2,5,4,,3,,24
2024,17486A,S N CLEIREACHAIN,Tipperary,Tipperary (Sr) County Council,N,N,Catholic,26,22,21,23,23,31,21,21,12,200
2024,17487C,SCOIL NAIS CATHAIR CHINN LIS,Limerick,Limerick County Council,N,N,Catholic,13,12,15,7,15,23,9,15,,109
2024,17488E,SN AN AILL BHREACH,Galway,Galway County Council,Y,N,Catholic,2,5,5,5,4,4,2,7,,34
2024,17489G,S N FIONNTAN NAOFA,Laois,Laois County Council,N,N,Catholic,10,,10,4,12,8,7,7,6,64
2024,17490O,S N LORCAIN NAOFA,Galway,Galway County Council,N,N,Catholic,5,4,5,,4,6,9,7,,40
2024,17493U,ROSENALLIS N S,Laois,Laois County Council,N,N,Catholic,3,10,9,4,6,14,7,14,12,79
2024,17494W,S N AN RATH MHOR,Meath,Meath County Council,N,N,Catholic,3,5,1,5,7,7,10,3,,41
2024,17498H,S N NAOMH SHEOSAMH,Tipperary,Tipperary (Nr) County Council,Y,N,Catholic,16,11,13,12,10,14,15,8,,99
2024,17500O,S N MUIRE MXD,Wicklow,Wicklow County Council,N,N,Catholic,,3,2,1,2,3,5,4,10,30
2024,17501Q,Bennekerry National School,Carlow,Carlow County Council,N,N,Catholic,37,48,46,50,40,56,49,57,,383
2024,17502S,S N NAOMH THOMAIS,Galway,Galway County Council,N,N,Catholic,9,3,7,6,8,11,6,12,,62
2024,17503U,S N ADHAMHNAIN,Donegal,Donegal County Council,Y,Y,Catholic,20,12,9,20,18,20,15,21,,135
2024,17505B,S N CILL RUADHAIN,Cork,Cork City Council,N,N,Catholic,41,51,48,38,30,55,46,45,13,367
2024,17506D,S N BREANDAN NAOFA,Galway,Galway County Council,N,N,Catholic,3,4,2,1,5,11,7,6,,39
2024,17507F,S N PADRAIG NAOFA,Dublin,Dun Laoghaire Rathdown,N,N,Catholic,24,20,19,24,16,29,27,16,6,181
2024,17508H,S N NAOMH CHOLUMCHILLE,Offaly,Offaly County Council,N,N,Catholic,19,25,29,23,21,28,30,25,,200
2024,17510R,S N TREASA NFA,Wexford,Wexford County Council,N,N,Catholic,20,9,14,9,12,15,7,17,12,115
2024,17511T,S N BAILE AN IUBHAIR,Tipperary,Tipperary (Sr) County Council,Y,N,Catholic,1,3,3,1,1,4,2,2,,17
2024,17512V,S N FLANNAIN NAOFA,Tipperary,Tipperary (Nr) County Council,N,N,Catholic,10,8,8,10,8,7,6,4,,61
2024,17513A,S N CILL BHRIGHDE,Meath,Meath County Council,N,N,Catholic,25,26,26,29,25,12,25,10,12,190
2024,17514C,S N Cluain na nGall,Carlow,Carlow County Council,N,N,Catholic,15,15,15,31,20,16,13,18,,143
2024,17515E,S N ACHADH BOLG,Cork,Cork County Council,N,N,Catholic,10,16,9,11,13,12,17,16,,104
2024,17517I,DOOLIN MIXED N S,Clare,Clare County Council,N,N,Catholic,13,12,12,12,9,15,16,15,,104
2024,17519M,S N CAISLEAN DOCHRAILL,Wexford,Wexford County Council,N,N,Catholic,6,5,6,5,5,1,,3,,31
2024,17520U,S N MHUIRE,Meath,Meath County Council,N,N,Catholic,24,23,24,15,14,25,19,20,11,175
2024,17521W,S N COLMCILLE,Meath,Meath County Council,N,N,Catholic,27,28,25,29,24,15,32,29,,209
2024,17522B,KNOCKANORE N S,Waterford,Waterford County Council,N,N,Catholic,14,9,15,10,13,12,18,8,,99
2024,17523D,S N CRONAIN NAOFA,Offaly,Offaly County Council,N,N,Catholic,12,15,16,25,23,25,28,24,12,180
2024,17526J,S N ABBAIN,Wexford,Wexford County Council,Y,N,Catholic,14,18,17,21,11,26,18,18,,143
2024,17527L,SCOIL BHRUGH THUINNE,Cork,Cork County Council,N,N,Catholic,12,11,10,14,13,12,18,19,10,119
2024,17528N,S N NAOMH CAITRIONA,Cork,Cork County Council,N,N,Catholic,12,18,17,18,25,22,19,24,,155
2024,17529P,S N IOMAIR NAOFA,Galway,Galway County Council,N,N,Catholic,7,5,8,7,4,,,,,31
2024,17531C,Baile na Mona,Cavan,Cavan County Council,N,N,Catholic,11,16,15,17,17,14,11,14,,115
2024,17532E,S N DRUIM SLAOD,Mayo,Mayo County Council,Y,N,Catholic,3,1,1,2,,,1,4,,12
2024,17533G,S N RATHAIN,Cork,Cork County Council,N,N,Catholic,9,12,20,14,15,14,18,3,,105
2024,17535K,FIONNABHAIR N S,Waterford,Waterford County Council,N,N,Catholic,20,16,24,19,22,19,24,9,12,165
2024,17536M,S N DUN AILL,Waterford,Waterford County Council,N,N,Catholic,8,14,13,9,9,7,12,19,,91
2024,17537O,SCOIL PADRAIG NAOFA,Wicklow,Wicklow County Council,N,N,Catholic,126,120,58,79,80,79,81,86,6,715
2024,17539S,S N CILL CRUAIN,Galway,Galway County Council,N,N,Catholic,4,6,5,6,8,10,4,8,,51
2024,17540D,S N MHANACHAIN,Offaly,Offaly County Council,N,N,Catholic,29,22,23,21,17,25,26,18,,181
2024,17542H,S N RATH CHAOMHGHIN,Tipperary,Tipperary (Sr) County Council,N,N,Catholic,15,25,17,14,23,13,22,12,,141
2024,17543J,CLOUGHJORDAN N S,Tipperary,Tipperary (Nr) County Council,N,N,Catholic,11,12,20,15,16,14,8,22,12,130
2024,17547R,S N BREANDAN NAOFA,Galway,Galway County Council,Y,N,Catholic,2,11,3,6,2,6,,7,,37
2024,17549V,S N CEATHRU CAOL,Donegal,Donegal County Council,Y,N,Catholic,4,11,6,9,6,4,9,8,,57
2024,17550G,SCOIL FHURSA,Louth,Louth County Council,N,N,Catholic,29,24,24,28,29,27,32,32,6,231
2024,17553M,S N TAODHBHOG,Donegal,Donegal County Council,Y,Y,Catholic,8,5,11,5,13,4,5,4,,55
2024,17554O,S N NMH SEOSAIMH,Wexford,Wexford County Council,N,N,Catholic,11,23,14,17,16,19,15,21,12,148
2024,17555Q,SCOIL NAOMH ABBAN,Laois,Laois County Council,Y,N,Catholic,10,7,9,8,6,11,6,2,6,65
2024,17557U,SCOIL ABBAIN CILLIN,Laois,Laois County Council,N,N,Catholic,12,15,11,12,19,8,12,11,,100
2024,17559B,S N MHUIRE,Dublin,Fingal County Council,N,N,Catholic,18,31,18,18,19,27,27,29,,187
2024,17560J,S N SEOSAMH NAOMTHA,Meath,Meath County Council,N,N,Catholic,10,8,13,10,6,16,17,14,12,106
2024,17561L,SAMHTHANN N S,Longford,Longford County Council,N,N,Catholic,17,21,17,20,25,14,11,27,,152
2024,17562N,St Paul's National School,Mayo,Mayo County Council,Y,N,Catholic,11,5,14,12,12,7,17,9,,87
2024,17563P,OGONNELLOE NATIONAL SCHOOL,Clare,Clare County Council,N,N,Catholic,8,12,14,11,18,6,19,16,,104
2024,17564R,S N AN CHOIMIN,Donegal,Donegal County Council,Y,Y,Catholic,2,8,9,6,7,6,8,16,,62
2024,17566V,S N BHRIDHE,Kilkenny,Kilkenny County Council,N,N,Catholic,6,5,4,3,2,4,2,1,,27
2024,17567A,ALMHAINE N S,Kildare,Kildare County Council,N,N,Catholic,18,21,21,17,27,22,37,28,,191
2024,17569E,BLESSED OLIVER N S,Dublin,Fingal County Council,N,N,Catholic,34,39,37,33,43,40,38,43,,307
2024,17570M,S N na bhFiodh,Waterford,Waterford County Council,N,N,Catholic,8,5,8,10,3,11,9,7,,61
2024,17571O,Dangan NS,Roscommon,Roscommon County Council,N,N,Catholic,12,10,12,11,11,11,12,10,,89
2024,17574U,S N NAOMH CIARAIN,Galway,Galway County Council,Y,Y,Catholic,4,1,1,3,5,,4,2,3,23
2024,17575W,S N GLEANN COIMHEAD,Donegal,Donegal County Council,N,N,Catholic,2,13,10,4,4,9,10,7,,59
2024,17576B,SCOIL AN CHOROIN MHUIRE,Wicklow,Wicklow County Council,N,N,Catholic,52,47,47,50,61,50,54,50,14,425
2024,17579H,S N ATH FHADA,Cork,Cork County Council,N,N,Catholic,36,44,27,34,34,38,50,42,24,329
2024,17580P,S N Gort na hUaighe,Tipperary,Tipperary (Sr) County Council,Y,N,Catholic,20,13,12,21,8,15,18,26,12,145
2024,17583V,S N CNOC AN EIN,Clare,Clare County Council,N,N,Catholic,29,29,33,33,38,31,45,28,,266
2024,17585C,S N BEAL CARADH,Mayo,Mayo County Council,N,N,Catholic,12,10,10,13,13,19,14,15,,106
2024,17589K,S N CHIARAN NAOFA,Kilkenny,Kilkenny County Council,N,N,Catholic,15,19,15,17,14,19,14,24,1,138
2024,17590S,S N MOIN RUADH MIXED,Kilkenny,Kilkenny County Council,N,N,Catholic,6,13,5,3,12,5,8,6,,58
2024,17593B,SCOIL NAOMH MHUIRE,Limerick,Limerick County Council,Y,N,Catholic,,,2,,2,6,1,4,,15
2024,17595F,CILL COSCAIN,Dublin,Fingal County Council,N,N,Catholic,12,13,7,17,12,16,10,7,12,106
2024,17598L,SN AN LEINBH IOSA,Donegal,Donegal County Council,Y,N,Catholic,11,9,11,11,9,7,13,9,,80
2024,17599N,S N BAILE AN LUIG,Sligo,Sligo County Council,N,N,Catholic,7,4,2,6,1,2,3,4,,29
2024,17600S,S N na Scairte Leithe,Cork,Cork County Council,N,N,Catholic,45,32,51,38,45,51,60,44,25,391
2024,17601U,S N Doire na Ceise,Cavan,Cavan County Council,N,N,Catholic,17,10,17,16,21,20,21,28,5,155
2024,17602W,S N NAOMH LACHTIN,Cork,Cork County Council,N,N,Catholic,15,23,12,25,15,26,23,21,12,172
2024,17603B,SCOIL IOSAGAIN BOYS SENIOR,Dublin,Dublin City Council,Y,N,Catholic,,,,6,15,12,18,20,10,81
2024,17604D,RAITHIN AN UISCE N S,Laois,Laois County Council,N,N,Catholic,18,24,22,22,22,27,22,27,,184
2024,17606H,NAOMH MICHEAL N S,Westmeath,Westmeath County Council,Y,N,Catholic,4,1,2,1,1,3,2,,,14
2024,17607J,S N SEISEADH UI NEILL,Donegal,Donegal County Council,Y,N,Catholic,17,22,20,28,24,29,21,29,,190
2024,17608L,S N LUA NAOFA,Tipperary,Tipperary (Nr) County Council,Y,N,Catholic,3,1,4,2,3,3,3,2,,21
2024,17609N,RATHCORMAC N S,Cork,Cork County Council,N,N,Catholic,42,56,54,47,54,61,56,56,,426
2024,17610V,S N BAILE FADA,Wexford,Wexford County Council,N,N,Catholic,,,,,,,1,1,,2
2024,17612C,ST GARVANS NS,Wexford,Wexford County Council,N,N,Catholic,13,10,12,13,12,6,8,23,6,103
2024,17613E,S N CAITRIONA NAOFA,Galway,Galway County Council,N,N,Catholic,18,12,12,14,13,18,10,5,,102
2024,17615I,SN Naomh Proinnsias,Mayo,Mayo County Council,N,N,Catholic,7,,11,3,7,,4,2,,34
2024,17616K,NAOMH MHUIRE N S,Offaly,Offaly County Council,Y,N,Catholic,5,7,11,11,12,11,14,5,,76
2024,17617M,SCOIL CHOMHGAIN NAOFA,Laois,Laois County Council,N,N,Catholic,44,46,52,42,44,54,52,53,,387
2024,17622F,S N LASAIR NAOFA,Roscommon,Roscommon County Council,Y,N,Catholic,2,3,,2,2,3,1,5,,18
2024,17623H,O'GROWNEY NATIONAL SCHOOL,Meath,Meath County Council,N,N,Catholic,41,36,52,43,54,41,64,48,,379
2024,17625L,Cnoc an Teampaill,Cavan,Cavan County Council,N,N,Catholic,18,16,21,24,23,13,14,16,12,157
2024,17628R,S N NAOMH PADRAIG MXD,Kilkenny,Kilkenny County Council,N,N,Catholic,31,21,14,23,25,24,21,23,,182
2024,17629T,S N PADRAIG NAOFA,Meath,Meath County Council,N,N,Catholic,14,18,16,10,22,17,15,14,12,138
2024,17630E,S N MAODHOG,Cavan,Cavan County Council,N,N,Catholic,8,9,3,6,9,8,6,8,,57
2024,17631G,Ceathru na nGarrdhanta,Galway,Galway County Council,N,N,Catholic,22,18,29,21,30,29,29,27,,205
2024,17633K,S N EOIN BAISTE,Clare,Clare County Council,N,N,Catholic,9,4,9,10,7,8,1,1,,49
2024,17634M,SCOIL AILBHE,Tipperary,Tipperary (Nr) County Council,N,N,Catholic,15,21,,24,31,31,22,48,,192
2024,17637S,S N SHEOSAIMH NAOFA,Offaly,Offaly County Council,N,N,Catholic,25,15,26,24,20,22,22,26,12,192
2024,17638U,ST JOSEPH'S N.S.,Wexford,Wexford County Council,Y,N,Catholic,14,7,8,7,13,12,10,6,,77
2024,17639W,Scoil na mBraithre,Cork,Cork County Council,Y,N,Catholic,,,29,16,29,37,40,29,,180
2024,17640H,S N COLMAIN NAOFA,Tipperary,Tipperary (Nr) County Council,N,N,Catholic,7,3,4,8,3,6,5,2,,38
2024,17641J,S N Realt na Mara,Sligo,Sligo County Council,N,N,Catholic,15,11,15,15,13,19,15,13,,116
2024,17643N,S N CILL BHRIAIN,Waterford,Waterford County Council,N,N,Catholic,6,,1,3,3,2,,4,,19
2024,17644P,SCOIL MHUIRE,Longford,Longford County Council,N,N,Catholic,5,5,8,3,7,3,6,8,,45
2024,17645R,S N CRONAIN,Galway,Galway County Council,N,N,Catholic,10,10,11,5,6,4,6,9,,61
2024,17646T,S N UAIMH BHREANAINN,Kerry,Kerry County Council,N,N,Catholic,21,22,30,22,27,26,22,20,6,196
2024,17650K,S N IDE,Kildare,Kildare County Council,Y,N,Catholic,18,11,14,20,26,16,24,22,9,160
2024,17652O,SCOIL OILIBHEIR NAOFA,Meath,Meath County Council,N,N,Catholic,29,28,29,30,28,28,27,30,,229
2024,17653Q,CASTLE INY N S,Tipperary,Tipperary (Nr) County Council,N,N,Catholic,7,5,2,2,4,3,2,4,,29
2024,17655U,S N Caladh na Muc,Galway,Galway County Council,Y,N,Catholic,3,,4,5,,2,1,8,,23
2024,17656W,S N OLIBHEIR BEANNUITHE,Wexford,Wexford County Council,N,N,Catholic,11,11,10,11,8,9,6,7,,73
2024,17660N,S N NAOMH TREASA,Galway,Galway County Council,Y,N,Catholic,7,5,3,7,5,2,7,6,,42
2024,17662R,S N BRIGHDE,Kildare,Kildare County Council,N,N,Catholic,85,93,81,82,89,97,94,88,5,714
2024,17663T,ST PATRICKS N S,Carlow,Carlow County Council,Y,N,Catholic,28,26,20,17,24,31,27,22,4,199
2024,17665A,S N GLEANN GUAIL,Tipperary,Tipperary (Sr) County Council,Y,N,Catholic,4,,4,2,5,,2,,,17
2024,17667E,S N PADRAIG NAOFA,Cork,Cork County Council,N,N,Catholic,37,36,40,40,42,42,44,31,,312
2024,17668G,S N na bhForbacha,Galway,Galway County Council,N,Y,Catholic,31,30,26,30,30,30,27,32,,236
2024,17669I,S N TREASA NAOMHA,Carlow,Carlow County Council,Y,N,Catholic,2,4,8,7,8,13,7,7,,56
2024,17674B,ST ANNES NATIONAL SCHOOL,Kildare,Kildare County Council,N,N,Catholic,36,30,49,45,43,39,47,50,5,344
2024,17675D,BURNCHURCH NATIONAL SCHOOL,Kilkenny,Kilkenny County Council,N,N,Catholic,2,1,6,4,5,11,7,4,,40
2024,17678J,S N FIONDALBHA,Mayo,Mayo County Council,N,N,Catholic,3,7,5,5,7,2,1,9,,39
2024,17681V,S N na Maighne,Tipperary,Tipperary (Nr) County Council,N,N,Catholic,4,7,9,10,12,5,11,13,,71
2024,17682A,S N COLM NAOFA,Mayo,Mayo County Council,N,N,Catholic,3,2,4,4,10,2,6,2,,33
2024,17683C,MUIRE OG 2 LORETO CON,Dublin,Dublin City Council,Y,N,Catholic,48,54,45,51,,,,,10,208
2024,17686I,SCOIL MHUIRE BNS,Monaghan,Monaghan County Council,Y,N,Catholic,,,,25,45,31,45,31,11,188
2024,17689O,S N Tir an Fhiaidh,Galway,Galway County Council,Y,Y,Catholic,14,6,9,14,7,17,7,9,,83
2024,17694H,S N CHLUAININ,Tipperary,Tipperary (Sr) County Council,N,N,Catholic,3,7,8,10,8,8,13,11,,68
2024,17695J,S N MOLAISE,Laois,Laois County Council,Y,N,Catholic,9,10,9,10,2,7,7,6,,60
2024,17703F,S N ARD CROINE,Tipperary,Tipperary (Nr) County Council,N,N,Catholic,18,13,13,15,15,20,23,16,,133
2024,17704H,Scoil Fhionáin,Donegal,Donegal County Council,Y,Y,Catholic,29,25,17,26,14,18,25,26,13,193
2024,17705J,S N CROS BAN,Meath,Meath County Council,N,N,Catholic,27,33,37,49,55,54,57,55,16,383
2024,17706L,S N AN MHAOILINN,Cork,Cork County Council,N,N,Catholic,1,6,6,6,5,11,6,6,,47
2024,17707N,S N RATH AN IUBHAIR,Wexford,Wexford County Council,Y,N,Catholic,24,17,18,24,23,20,29,23,,178
2024,17708P,SC CIARAIN,Westmeath,Westmeath County Council,N,N,Catholic,28,27,29,28,33,29,27,22,,223
2024,17709R,S N NAOMH MHUIRE,Roscommon,Roscommon County Council,N,N,Catholic,1,1,2,2,,2,2,4,,14
2024,17710C,S N AN CHUILLEANAIG,Kerry,Kerry County Council,N,N,Catholic,15,18,18,23,21,18,28,34,,175
2024,17712G,S N CHIARDA NAOFA,Tipperary,Tipperary (Nr) County Council,N,N,Catholic,6,5,5,6,5,7,7,7,,48
2024,17714K,S N CILL CAE,Kildare,Kildare County Council,N,N,Catholic,4,4,5,5,9,7,12,8,,54
2024,17715M,S N RATH A BHARRAIGH,Cork,Cork County Council,N,N,Catholic,4,5,7,7,3,3,4,6,,39
2024,17716O,ST RIAGHANS NS,Donegal,Donegal County Council,Y,N,Catholic,3,5,4,3,3,3,2,1,,24
2024,17720F,SCOIL NAOMH CAOIMHGHIN,Wicklow,Wicklow County Council,N,N,Catholic,52,54,52,66,56,57,55,53,13,458
2024,17721H,SCOIL TREASA NAOFA,Donegal,Donegal County Council,Y,N,Catholic,10,13,13,18,15,17,16,9,9,120
2024,17725P,S N BHRIDE,Sligo,Sligo County Council,N,N,Catholic,7,2,6,10,5,4,1,4,,39
2024,17726R,S N TULACH ALUINN,Louth,Louth County Council,N,N,Catholic,54,33,47,55,61,62,51,55,15,433
2024,17727T,SN CROI MUIRE,Mayo,Mayo County Council,Y,Y,Catholic,,,,24,26,30,23,28,,131
2024,17728V,S N Talamh na Coille,Donegal,Donegal County Council,N,N,Catholic,56,56,49,54,55,61,54,55,36,476
2024,17729A,SCOIL NAOMH PROINNSEAS,Donegal,Donegal County Council,Y,N,Catholic,15,14,11,12,16,17,12,20,,117
2024,17730I,S N na Lanai Glasa,Dublin,Dublin City Council,N,N,Church Of Ireland,29,30,54,29,47,35,28,29,,281
2024,17731K,S N IOSEF NAOFA,Tipperary,Tipperary (Nr) County Council,Y,N,Catholic,32,22,15,19,13,20,25,20,6,172
2024,17732M,SCOIL CHIARAIN,Dublin,Dublin City Council,Y,N,Catholic,,,,30,24,36,25,28,16,159
2024,17734Q,SCOIL EOIN BAISTE,Wexford,Wexford County Council,Y,N,Catholic,3,,4,9,4,5,4,5,,34
2024,17735S,ST PATRICKS NS,Monaghan,Monaghan County Council,N,N,Catholic,23,17,15,20,14,20,14,17,,140
2024,17737W,OUR LADY QUEEN OF PEACE SCHOOL,Limerick,Limerick City Council,Y,N,Catholic,37,44,38,41,38,40,39,43,5,325
2024,17738B,SCOIL TOBAR PADRAIG,Limerick,Limerick County Council,Y,N,Catholic,21,10,16,18,20,22,14,16,,137
2024,17741N,SCOIL NAIS AITINN BHUI,Meath,Meath County Council,N,N,Catholic,19,37,26,25,28,20,30,35,,220
2024,17742P,SCOIL NAIS MHUIRE NAOFA,Meath,Meath County Council,N,N,Catholic,15,20,10,12,12,17,16,12,,114
2024,17743R,NAOMH MUIRE N S,Westmeath,Westmeath County Council,Y,N,Catholic,1,1,2,1,2,6,1,4,,18
2024,17744T,S N GNIOMH GO LEITH B,Kerry,Kerry County Council,N,N,Catholic,25,16,17,14,18,16,9,18,,133
2024,17746A,SCOIL COLMAIN NAOFA,Offaly,Offaly County Council,N,N,Catholic,39,37,41,40,34,34,55,33,10,323
2024,17747C,S N na Srona,Kerry,Kerry County Council,N,N,Catholic,,6,6,4,1,4,5,2,,28
2024,17748E,S N PADRAIG NAOFA,Roscommon,Roscommon County Council,Y,N,Catholic,13,11,15,13,14,16,18,15,,115
2024,17753U,S N CHIARAIN NAOFA,Offaly,Offaly County Council,N,N,Catholic,3,5,6,1,4,2,5,4,,30
2024,17754W,S N NAOMH EOIN B,Cork,Cork City Council,N,N,Catholic,39,34,53,29,51,69,54,62,,391
2024,17755B,SCOIL NAOMH MHUIRE C,Cork,Cork City Council,N,N,Catholic,42,50,45,63,51,67,62,65,2,447
2024,17756D,BALLINABRANNA MXD N S,Carlow,Carlow County Council,N,N,Catholic,27,20,21,19,19,25,27,21,2,181
2024,17758H,SCOIL MHICHIL NAOFA,Kilkenny,Kilkenny County Council,Y,N,Catholic,1,3,,,,3,4,5,,16
2024,17759J,S N BRIGHDE,Galway,Galway City Council,N,Y,Catholic,13,22,17,13,11,28,15,15,1,135
2024,17760R,S N BAILE AN LEASA,Galway,Galway County Council,N,N,Catholic,,3,2,3,3,3,2,5,,21
2024,17761T,S N MHUIRE,Cork,Cork County Council,N,N,Catholic,5,7,7,9,5,7,8,15,,63
2024,17763A,ROCKCHAPEL N S,Cork,Cork County Council,N,N,Catholic,5,1,4,4,2,4,6,4,,30
2024,17765E,S N Re na Scrine,Cork,Cork County Council,N,N,Catholic,2,6,3,10,6,4,9,3,,43
2024,17768K,Scoil Ghormáin Naofa,Wexford,Wexford County Council,N,N,Catholic,17,17,16,24,17,21,17,10,6,145
2024,17769M,S N MHUIRE,Wexford,Wexford County Council,Y,N,Catholic,7,7,7,6,12,12,10,8,,69
2024,17770U,S N NAOMH COLMAIN,Galway,Galway County Council,Y,Y,Catholic,,7,,,,,,,,7
2024,17771W,S N MHUIRE,Galway,Galway County Council,N,N,Catholic,24,26,29,24,29,25,44,32,,233
2024,17772B,S N BRIGHDHE NAOFA,Galway,Galway County Council,N,N,Catholic,7,1,6,12,12,12,8,7,,65
2024,17774F,S N LISSARA NAOFA,Sligo,Sligo County Council,N,N,Catholic,7,10,4,5,5,13,9,9,,62
2024,17776J,S N COMHGHALL,Monaghan,Monaghan County Council,N,N,Catholic,3,1,3,1,3,4,1,2,,18
2024,17779P,POWERSTOWN N S,Tipperary,Tipperary (Sr) County Council,N,N,Catholic,41,39,47,39,46,36,47,39,,334
2024,17780A,BALLYHAISE N S,Cavan,Cavan County Council,N,N,Catholic,19,13,23,15,17,20,25,18,,150
2024,17782E,S N BRIDE NAOFA,Galway,Galway City Council,Y,N,Catholic,22,30,23,19,25,22,28,25,10,204
2024,17783G,S N CHUIRT DOIGHTE,Tipperary,Tipperary (Sr) County Council,N,N,Catholic,9,13,4,10,11,8,17,12,10,94
2024,17784I,S N PADRAIC NAOFA,Galway,Galway City Council,N,N,Catholic,38,27,31,26,23,23,34,17,12,231
2024,17785K,SAN NIOCLAS MYRA,Dublin,Fingal County Council,N,N,Catholic,20,24,23,21,26,24,27,25,,190
2024,17787O,S N COLMCILL NAOFA,Kildare,Kildare County Council,N,N,Catholic,17,18,19,17,17,15,14,19,,136
2024,17789S,S N CILL TARTAIN,Galway,Galway County Council,N,N,Catholic,16,5,11,21,16,15,17,15,,116
2024,17790D,CURRAGHAGALLA N S,Cork,Cork County Council,N,N,Catholic,5,1,2,2,3,5,4,3,,25
2024,17793J,S N PADRAIG NAOFA,Galway,Galway County Council,N,N,Catholic,1,4,1,4,,1,2,5,,18
2024,17794L,S N AN PHAIRC,Cork,Cork County Council,N,N,Catholic,1,1,2,5,2,1,4,5,,21
2024,17796P,Our Lady's National School,Carlow,Carlow County Council,N,N,Catholic,1,5,,5,6,3,4,3,,27
2024,17799V,S N na hAille,Tipperary,Tipperary (Sr) County Council,N,N,Catholic,19,15,15,13,13,11,12,13,10,121
2024,17800D,S N SEOSAMH NFA,Wexford,Wexford County Council,N,N,Catholic,27,25,34,28,25,33,33,22,,227
2024,17804L,S N Cnoc na Manach,Cork,Cork County Council,N,N,Catholic,12,10,9,15,9,10,13,12,11,101
2024,17806P,CILL CLEITHE N S,Westmeath,Westmeath County Council,N,N,Catholic,11,13,9,16,10,12,15,13,,99
2024,17807R,S N CATHAIR GEAL,Galway,Galway County Council,N,N,Catholic,14,20,13,18,15,6,16,11,,113
2024,17808T,ST MARY'S PRIMARY,Roscommon,Roscommon County Council,N,N,Catholic,19,16,16,17,12,7,15,16,12,130
2024,17810G,S N Nicolais Naofa,Wicklow,Wicklow County Council,N,N,Catholic,21,34,24,36,29,30,29,28,12,243
2024,17812K,ST MARYS N S,Wexford,Wexford County Council,N,N,Church Of Ireland,7,5,11,10,5,9,9,8,,64
2024,17814O,GEAROID UI GHRIOBHTHA,Limerick,Limerick County Council,N,N,Catholic,5,5,4,2,3,4,,10,,33
2024,17816S,COORACLARE B N S,Clare,Clare County Council,N,N,Catholic,5,6,12,11,8,14,7,12,,75
2024,17820J,BRIGHDE NAOFA,Dublin,Fingal County Council,N,N,Catholic,38,46,46,31,45,43,50,59,,358
2024,17821L,ST. MARY'S PRIMARY SCHOOL,Meath,Meath County Council,N,N,Catholic,55,56,59,74,75,63,80,77,17,556
2024,17822N,SCOIL BHRIGHDE,Donegal,Donegal County Council,Y,Y,Catholic,3,4,6,5,1,3,5,3,,30
2024,17823P,St. Abbey's National School,Cork,Cork County Council,N,N,Catholic,11,10,19,8,12,14,10,13,,97
2024,17826V,Scoil na Coróine Mhuire,Wicklow,Wicklow County Council,N,N,Catholic,35,29,34,41,33,43,51,50,1,317
2024,17827A,SCOIL PHADRAIG,Laois,Laois County Council,N,N,Catholic,43,66,69,63,74,66,79,87,16,563
2024,17828C,SCOIL ADHAMHNAIN,Donegal,Donegal County Council,Y,N,Catholic,20,22,24,24,18,13,14,21,6,162
2024,17829E,S N ATH AN MHUILLINN,Cork,Cork County Council,N,N,Catholic,11,8,3,11,11,11,7,13,,75
2024,17831O,GLEBE NS,Donegal,Donegal County Council,N,N,Church Of Ireland,13,14,19,14,12,15,18,16,,121
2024,17832Q,KILNABOY N S,Clare,Clare County Council,N,N,Catholic,10,6,9,10,14,6,13,15,,83
2024,17837D,SCOIL MHUIRE,Donegal,Donegal County Council,Y,N,Catholic,9,3,9,10,4,6,7,4,,52
2024,17838F,S N EOIN NAOFA,Sligo,Sligo County Council,N,N,Catholic,22,30,32,27,30,23,26,32,,222
2024,17839H,S N BHEINN NAOFA B,Meath,Meath County Council,Y,N,Catholic,30,43,40,46,40,47,50,41,6,343
2024,17840P,S N BHEININ NAOFA C,Meath,Meath County Council,Y,N,Catholic,33,45,44,41,38,39,51,39,12,342
2024,17841R,SN MHUIRE,Wexford,Wexford County Council,Y,N,Catholic,1,2,,,5,2,5,3,,18
2024,17845C,SCOIL MHUIRE,Galway,Galway City Council,N,N,Catholic,21,28,26,27,28,30,29,40,12,241
2024,17847G,S N AIBHISTIN NAOFA,Clare,Clare County Council,N,N,Catholic,3,3,5,3,2,1,4,6,,27
2024,17848I,S N MHUIRE,Cork,Cork County Council,N,N,Catholic,14,25,15,15,19,17,16,29,,150
2024,17849K,S N O DUBHLAIN,Roscommon,Roscommon County Council,N,N,Catholic,,3,,5,1,2,4,4,,19
2024,17850S,S N PHADRAIG NAOFA,Tipperary,Tipperary (Nr) County Council,Y,N,Catholic,18,13,10,7,7,6,10,,,71
2024,17854D,S N PADRAIG NAOFA,Kilkenny,Kilkenny County Council,N,N,Catholic,25,35,42,48,23,47,55,48,18,341
2024,17856H,S N DUN UABHAIR,Meath,Meath County Council,N,N,Catholic,18,13,25,24,19,27,25,26,12,189
2024,17857J,S N AINDREIS NAOFA,Meath,Meath County Council,N,N,Catholic,11,13,10,17,14,18,13,16,,112
2024,17858L,S N COILL AN IARAINN,Wexford,Wexford County Council,N,N,Catholic,30,32,26,25,24,25,26,25,,213
2024,17863E,SCOIL IARLATHA NAOFA,Galway,Galway County Council,N,N,Catholic,5,5,6,6,9,7,12,5,,55
2024,17867M,SCOIL IOGNAID DE RIS,Kilkenny,Kilkenny County Council,N,N,Catholic,40,26,,22,26,31,60,49,1,255
2024,17868O,SCOIL FREASTOGAIL MUIRE,Cork,Cork County Council,N,N,Catholic,36,35,35,18,27,10,37,28,30,256
2024,17869Q,S N CIARAIN NAOFA,Galway,Galway County Council,N,N,Catholic,5,5,6,4,10,9,10,13,4,66
2024,17870B,SCOIL BHREANDAIN NAOFA,Galway,Galway County Council,N,N,Catholic,11,9,4,3,9,4,7,9,,56
2024,17871D,SCOIL CILL CHURNAIN,Limerick,Limerick County Council,N,N,Catholic,18,26,19,18,25,20,28,16,,170
2024,17872F,ST CONLETHS AND MARYS N S,Kildare,Kildare County Council,N,N,Catholic,,,,44,65,59,95,70,12,345
2024,17873H,S N CONNLAODH NAOFA N,Kildare,Kildare County Council,N,N,Catholic,84,91,105,,,,,,11,291
2024,17874J,GLENCORRIB N S,Mayo,Mayo County Council,N,N,Catholic,6,13,6,9,,5,6,4,,49
2024,17877P,Scoil Mhuire Naofa,Galway,Galway County Council,N,N,Catholic,17,12,10,13,10,14,14,18,,108
2024,17881G,SCOIL UI CHONAILL BOYS SENIORS,Dublin,Dublin City Council,Y,N,Catholic,,,,23,26,35,32,28,11,155
2024,17882I,S N AODHA NAOFA,Westmeath,Westmeath County Council,N,N,Catholic,2,3,3,4,5,5,5,5,,32
2024,17883K,Scoil Mhuire Naofa Castlecuffe,Laois,Laois County Council,N,N,Catholic,2,5,9,5,4,8,10,10,,53
2024,17887S,S N NAOMH PADRAIG BOYS SENIOR SCHOOL,Cork,Cork County Council,N,N,Catholic,,,32,39,37,29,30,31,11,209
2024,17891J,SCOIL MHUIRE,Dublin,Fingal County Council,N,N,Catholic,12,9,16,21,24,28,26,30,,166
2024,17893N,SANCTA MARIA C B S,Dublin,Dublin City Council,Y,N,Catholic,18,8,12,13,8,10,16,10,6,101
2024,17899C,SCOIL CARMEL,Dublin,South Dublin County Council,N,N,Catholic,68,88,81,98,,,,,2,337
2024,17903N,Corr na Madadh N S,Westmeath,Westmeath County Council,Y,N,Multi Denominational,37,35,39,41,37,41,42,36,,308
2024,17904P,S N BRUSNA,Roscommon,Roscommon County Council,Y,N,Catholic,9,11,11,10,6,6,12,11,,76
2024,17905R,S N TOBAIR EOIN BAISDE,Kilkenny,Kilkenny County Council,N,N,Catholic,1,3,6,9,4,8,8,7,,46
2024,17907V,CROSSBRIDGE N S,Wicklow,Wicklow County Council,N,N,Catholic,6,5,6,4,10,6,7,5,,49
2024,17911M,COLMCILLE MIXED N S,Kilkenny,Kilkenny County Council,N,N,Catholic,4,1,3,,3,1,8,,,20
2024,17912O,S N EOIN BOSCO BUACH,Dublin,Dublin City Council,N,N,Catholic,,,,53,56,56,59,71,12,307
2024,17913Q,S N MHUIRE,Wexford,Wexford County Council,N,N,Catholic,50,39,38,45,31,44,56,31,,334
2024,17914S,ST OLIVER PLUNKETT,Dublin,Fingal County Council,N,N,Catholic,117,98,102,107,105,100,108,114,18,869
2024,17915U,FREASTOGAIL MHUIRE MXD,Kerry,Kerry County Council,Y,N,Catholic,8,2,4,7,7,4,6,7,12,57
2024,17919F,AIBHISTIN NAOFA,Galway,Galway County Council,N,N,Catholic,10,10,12,7,7,8,9,3,,66
2024,17920N,DONARD N S,Wicklow,Wicklow County Council,N,N,Catholic,32,21,19,26,19,22,25,15,,179
2024,17921P,S N Moing na Miol,Cork,Cork County Council,N,N,Catholic,17,9,12,9,12,21,17,29,,126
2024,17923T,S N BEAL AN MHUIRTHEAD,Mayo,Mayo County Council,Y,Y,Catholic,14,23,24,,,,,,,61
2024,17928G,SN N SAILBHEASTAR NFA,Dublin,Fingal County Council,N,N,Catholic,127,123,126,,,,,,,376
2024,17930Q,S N SEACHNAILL NAOFA,Meath,Meath County Council,N,N,Catholic,82,74,78,75,81,79,75,79,,623
2024,17931S,S N BRIGHDE,Kildare,Kildare County Council,Y,N,Catholic,11,5,7,7,11,6,8,6,,61
2024,17932U,ODHRAN NAOFA N S,Westmeath,Westmeath County Council,N,N,Catholic,13,13,10,12,12,11,12,8,,91
2024,17934B,SCOIL BHRIDE,Galway,Galway County Council,N,N,Catholic,12,9,18,13,11,13,7,13,11,107
2024,17936F,SN EOIN BAISDE BOYS SENIOR SCHOOL,Dublin,Dublin City Council,N,N,Catholic,,,,,81,79,79,79,,318
2024,17937H,SCOIL MOIN A LIN,Limerick,Limerick County Council,N,N,Catholic,84,98,111,111,100,110,112,117,4,847
2024,17940T,S N na mBuachailli,Tipperary,Tipperary (Nr) County Council,N,N,Catholic,,,,26,28,27,29,31,,141
2024,17945G,SCOIL NAOMH CHAITRIONA,Donegal,Donegal County Council,Y,N,Catholic,8,13,9,12,7,9,11,13,,82
2024,17946I,SCOIL NAIS NAOMH AINE,Meath,Meath County Council,N,N,Catholic,,,2,,3,1,6,4,,16
2024,17947K,SCOIL NAOMH BRIDE,Meath,Meath County Council,N,N,Catholic,16,25,21,21,23,27,27,27,,187
2024,17950W,SHANAGARRY N S,Cork,Cork County Council,N,N,Catholic,16,18,15,9,13,14,15,16,,116
2024,17951B,SCOIL O CURAIN B,Limerick,Limerick County Council,Y,N,Catholic,33,32,21,25,28,32,25,32,21,249
2024,17952D,S N NAOMH FHIONAIN,Louth,Louth County Council,N,N,Catholic,10,13,10,11,8,10,10,14,10,96
2024,17953F,S N BHAILE EAMONN,Dublin,South Dublin County Council,N,N,Catholic,12,7,12,12,9,6,9,14,,81
2024,17954H,SCOIL CAOIMHIN NAOFA,Dublin,Dun Laoghaire Rathdown,N,N,Catholic,49,53,53,53,50,50,56,56,,420
2024,17955J,"Scoil Mhuire gan Smál, Clondulane",Cork,Cork County Council,N,N,Catholic,7,10,11,6,12,9,16,7,,78
2024,17956L,SCOIL CHOLMCILLE NAOFA,Donegal,Donegal County Council,Y,N,Catholic,2,,3,1,3,3,5,3,,20
2024,17957N,HOLY FAMILY JUNIOR SCHOOL,Clare,Clare County Council,Y,N,Catholic,64,56,61,4,,,,,,185
2024,17961E,S N LUSCA,Dublin,Fingal County Council,N,N,Catholic,,,,,98,95,115,108,,416
2024,17964K,S N MHUIRE NAOFA,Meath,Meath County Council,N,N,Catholic,9,10,11,9,9,12,10,11,,81
2024,17965M,S N BHRIDE,Louth,Louth County Council,N,N,Catholic,6,9,13,9,6,11,8,12,,74
2024,17968S,URSAILLE NAOFA,Kildare,Kildare County Council,N,N,Catholic,28,27,33,27,41,26,27,26,,235
2024,17969U,S N MHUIRE,Meath,Meath County Council,Y,N,Catholic,19,30,19,21,20,17,27,22,12,187
2024,17970F,OUR LADY OF MERCY CONVENT SCHOOL,Dublin,Dun Laoghaire Rathdown,N,N,Catholic,36,29,30,30,26,28,43,30,,252
2024,17972J,S N CILL MHUIRE B,Cork,Cork County Council,N,N,Catholic,16,22,21,13,14,26,15,26,11,164
2024,17976R,SCOIL ASSAIM BOYS SENIORS,Dublin,Dublin City Council,N,N,Catholic,,,,52,77,55,62,67,,313
2024,17977T,SCOIL AINE CONVENT SENIOR,Dublin,Dublin City Council,N,N,Catholic,,,,59,55,63,67,63,,307
2024,17978V,NAISCOIL IDE,Dublin,Dublin City Council,N,N,Catholic,102,102,103,,,,,,,307
2024,17979A,S N CNOC AINBHIL,Dublin,Dun Laoghaire Rathdown,N,N,Catholic,45,39,55,58,57,59,65,62,,440
2024,17980I,SCOIL MHUIRE,Galway,Galway County Council,N,N,Catholic,4,11,6,4,4,5,4,4,,42
2024,17981K,S N Gleann gCreabhar,Limerick,Limerick County Council,N,N,Catholic,7,7,8,6,7,5,7,11,1,59
2024,17986U,S N NMH SHEOSAMH,Meath,Meath County Council,N,N,Catholic,12,23,11,19,18,11,26,18,3,141
2024,17990L,S N DROM CNAMH,Cavan,Cavan County Council,N,N,Catholic,4,5,2,8,6,3,8,9,,45
2024,17991N,EOIN NAOFA N S,Westmeath,Westmeath County Council,Y,N,Catholic,13,12,12,15,15,17,6,14,,104
2024,17993R,SCOIL MHUIRE GAN SMAL B,Cork,Cork City Council,Y,N,Catholic,38,42,50,48,54,71,47,66,6,422
2024,17994T,S N FHOIRTCHEIRN/FHININ,Carlow,Carlow County Council,Y,N,Catholic,12,13,17,13,12,11,16,18,4,116
2024,17995V,S N OILIBHEAR PLUNGLEAD,Kildare,Kildare County Council,Y,N,Catholic,5,10,13,10,15,12,11,13,,89
2024,17996A,Glen na Smol N S,Dublin,South Dublin County Council,N,N,Catholic,4,7,5,5,11,6,6,13,,57
2024,17997C,ST MARYS N S GRANGE,Waterford,Waterford County Council,N,N,Catholic,9,12,7,5,5,7,7,8,,60
2024,18000W,Scoil Mhuire Naofa,Cork,Cork County Council,N,N,Catholic,27,53,37,48,37,60,59,62,28,411
2024,18001B,S N NAOMH LORCAN,Louth,Louth County Council,Y,N,Catholic,9,6,12,12,9,10,9,13,,80
2024,18002D,DRUMGALLAGH N S,Mayo,Mayo County Council,Y,N,Catholic,7,4,1,3,4,5,4,2,,30
2024,18003F,S N ATHRACHT NFA,Mayo,Mayo County Council,N,N,Catholic,31,29,29,31,21,27,28,28,30,254
2024,18005J,SCOIL MHUIRE GAN SMAL,Roscommon,Roscommon County Council,N,N,Catholic,1,2,1,4,,4,,3,,15
2024,18007N,S N OLIBHEAR PLUINCEID,Donegal,Donegal County Council,Y,Y,Catholic,8,7,5,12,2,13,6,11,,64
2024,18010C,Davidstown Primary School,Wexford,Wexford County Council,N,N,Catholic,12,15,6,12,12,8,20,9,,94
2024,18012G,S N CRUACHAIN,Roscommon,Roscommon County Council,N,N,Catholic,19,9,18,17,18,23,23,16,28,171
2024,18014K,Scoil an Chroi Ro Naofa,Laois,Laois County Council,Y,N,Catholic,4,,5,7,2,7,,5,,30
2024,18016O,S N COLUMBAIN,Meath,Meath County Council,Y,N,Catholic,31,25,32,24,20,36,38,34,12,252
2024,18018S,SCOIL BHRIDE N S,Kildare,Kildare County Council,N,N,Catholic,23,42,34,24,48,33,41,53,,298
2024,18019U,S N CHAOIMHIN NAOFA,Louth,Louth County Council,N,N,Catholic,21,16,16,17,18,19,21,14,,142
2024,18020F,S N AN GHARRAIN,Cork,Cork County Council,N,N,Catholic,2,8,4,8,5,7,3,6,,43
2024,18021H,S N an Croi Ro Naofa,Galway,Galway County Council,N,N,Catholic,22,21,27,26,25,26,29,26,6,208
2024,18023L,St. Brigid's National School Aughnafarcon,Monaghan,Monaghan County Council,N,N,Catholic,2,2,2,5,7,7,7,3,,35
2024,18024N,SCOIL MUIRE GAN SMAL,Carlow,Carlow County Council,N,N,Catholic,5,14,6,9,6,8,9,5,,62
2024,18027T,CLOONIQUIN N S,Roscommon,Roscommon County Council,N,N,Catholic,7,1,6,6,6,6,4,3,,39
2024,18028V,CORR A CHRAINN NATIONAL SCHOOL,Monaghan,Monaghan County Council,N,N,Catholic,17,31,32,27,17,22,29,32,6,213
2024,18029A,S N MUIRE GAN SMAL,Sligo,Sligo County Council,N,N,Catholic,16,13,10,10,8,11,11,8,,87
2024,18030I,SCOIL AILBHE,Limerick,Limerick County Council,N,N,Catholic,6,15,9,14,10,14,18,10,,96
2024,18031K,S N BRIDE,Kildare,Kildare County Council,Y,N,Catholic,6,6,4,4,6,9,6,4,,45
2024,18032M,S N CLUAIN MUINGE,Clare,Clare County Council,N,N,Catholic,25,23,29,25,28,26,24,21,,201
2024,18033O,KILCOMMON N S,Wicklow,Wicklow County Council,N,N,Church Of Ireland,16,10,9,7,15,7,15,8,,87
2024,18034Q,S N MHUIRE,Louth,Louth County Council,N,N,Catholic,16,10,10,12,16,9,12,12,,97
2024,18036U,DIARMADA N S,Westmeath,Westmeath County Council,N,N,Catholic,8,8,9,11,10,15,14,9,,84
2024,18037W,S N MHUIRE,Meath,Meath County Council,N,N,Catholic,6,7,12,15,11,11,13,8,,83
2024,18038B,ST MARGARETS N S,Dublin,Fingal County Council,N,N,Catholic,6,10,13,11,15,10,11,11,,87
2024,18039D,NA MINTEOGA N S,Kerry,Kerry County Council,N,N,Catholic,1,4,5,4,,2,4,2,,22
2024,18040L,S N NAOMH PADRAIG,Meath,Meath County Council,N,N,Catholic,25,22,33,28,33,36,32,34,,243
2024,18043R,S N MUIRE GAN SMAL,Galway,Galway County Council,N,N,Catholic,6,6,4,9,5,6,6,4,,46
2024,18044T,S N NAOMH PADRAIG,Meath,Meath County Council,N,N,Catholic,49,56,69,78,62,56,78,82,,530
2024,18045V,S N MUIRE GAN SMAL,Louth,Louth County Council,N,N,Catholic,19,20,21,25,24,31,27,33,12,212
2024,18046A,SCOIL BRIDE B,Dublin,Fingal County Council,N,N,Catholic,17,18,20,23,21,34,25,41,10,209
2024,18047C,SCOIL BRIDE C,Dublin,Fingal County Council,N,N,Catholic,24,23,19,25,24,32,39,39,6,231
2024,18048E,S N NAOMH DEAGLAN,Waterford,Waterford County Council,Y,N,Catholic,14,14,11,10,12,15,16,11,,103
2024,18049G,Scoil Mhuire na Mainistreach,Kerry,Kerry County Council,N,N,Catholic,,,,31,28,29,46,50,10,194
2024,18051Q,"COOLE N.S,",Meath,Meath County Council,N,N,Catholic,17,17,24,16,15,22,22,20,,153
2024,18052S,S N MUIRE GAN SMAL,Donegal,Donegal County Council,N,N,Catholic,59,60,60,60,60,60,60,60,,479
2024,18053U,SOOEY N S,Sligo,Sligo County Council,N,N,Catholic,8,13,10,14,9,18,16,17,,105
2024,18054W,HOLLYWOOD N S,Wicklow,Wicklow County Council,N,N,Catholic,11,20,17,13,16,11,24,17,,129
2024,18055B,S N MHUIRE,Kildare,Kildare County Council,N,N,Catholic,33,24,26,21,30,25,26,24,6,215
2024,18057F,SCOIL MHUIRE,Offaly,Offaly County Council,Y,N,Catholic,31,41,44,24,26,31,35,29,5,266
2024,18058H,SCOIL NAOMH SEOSAMH,Donegal,Donegal County Council,N,N,Catholic,4,1,2,2,3,5,3,5,,25
2024,18059J,BAILIEBORO N S,Cavan,Cavan County Council,Y,N,Catholic,32,35,32,33,29,26,39,32,31,289
2024,18061T,SCOIL MHUIRE,Roscommon,Roscommon County Council,N,N,Catholic,1,6,10,14,4,9,15,12,,71
2024,18062V,S N AN GRAINSEACH,Tipperary,Tipperary (Sr) County Council,N,N,Catholic,14,9,11,23,19,19,23,27,12,157
2024,18063A,S N NAOMH LORCAIN,Kildare,Kildare County Council,N,N,Catholic,2,3,6,5,5,5,9,11,,46
2024,18064C,S N MUIRE,Kilkenny,Kilkenny County Council,N,N,Catholic,25,16,19,28,24,25,24,30,8,199
2024,18068K,S N PEADAR AGUS POL,Offaly,Offaly County Council,N,N,Catholic,,1,2,,1,5,2,5,,16
2024,18069M,NAOMH SEOSAMH,Louth,Louth County Council,N,N,Catholic,27,33,34,36,32,30,49,54,,295
2024,18076J,SCOIL NÁISIÚNTA MUIRE GAN SMÁL,Donegal,Donegal County Council,Y,N,Catholic,18,18,15,16,16,13,10,14,,120
2024,18077L,S N CNOC MACHAN,Waterford,Waterford County Council,Y,N,Catholic,1,4,1,1,1,3,2,2,,15
2024,18078N,SCOIL BHRIDE B7C,Kilkenny,Kilkenny County Council,N,N,Catholic,27,23,20,28,19,29,39,26,,211
2024,18080A,SCOIL MHUIRE MXD,Dublin,Fingal County Council,N,N,Catholic,30,44,46,36,37,57,51,61,,362
2024,18082E,S N DUMHACH,Mayo,Mayo County Council,Y,N,Catholic,1,1,1,6,3,4,10,3,,29
2024,18084I,SCOIL MHUIRE GAN SMAL,Kerry,Kerry County Council,Y,N,Catholic,,,,,,1,,,,1
2024,18085K,BALLYNEALE N S,Tipperary,Tipperary (Sr) County Council,N,N,Catholic,9,10,7,13,7,9,14,11,,80
2024,18086M,DUNFANAGHY N S,Donegal,Donegal County Council,Y,N,Church Of Ireland,8,2,2,4,1,4,1,5,,27
2024,18087O,S N ODHRAN NAOFA,Tipperary,Tipperary (Nr) County Council,N,N,Catholic,6,7,11,6,6,11,4,6,,57
2024,18089S,SCOIL NAOMH MHUIRE,Galway,Galway County Council,N,N,Catholic,23,26,31,30,22,31,40,27,,230
2024,18090D,S N CILL DAMHAIN,Carlow,Carlow County Council,N,N,Catholic,9,12,13,13,12,12,8,14,,93
2024,18092H,S N BAILE MHIC ADAIM,Kildare,Kildare County Council,N,N,Catholic,14,11,10,9,13,12,14,8,,91
2024,18093J,S N CLOCH RINNCE,Kildare,Kildare County Council,N,N,Catholic,9,15,17,16,10,23,23,16,12,141
2024,18094L,S N Dun na Mainistreach,Waterford,Waterford County Council,N,N,Catholic,49,57,59,60,63,66,65,63,,482
2024,18096P,S N COILL DUBH,Kildare,Kildare County Council,N,N,Catholic,12,15,24,21,18,22,22,26,18,178
2024,18097R,TOGALA MHUIRE,Galway,Galway County Council,N,N,Catholic,26,23,26,26,25,22,21,27,,196
2024,18099V,S N Mhuire na Trocaire,Louth,Louth County Council,N,N,Catholic,43,45,42,29,33,29,62,31,,314
2024,18101F,S N MUIRE,Louth,Louth County Council,N,N,Catholic,21,20,24,24,22,24,20,22,,177
2024,18106P,S N na Trionoide Naofa,Meath,Meath County Council,N,N,Catholic,24,24,28,36,28,40,30,35,,245
2024,18108T,WHITECHURCH N S CEAPACH,Waterford,Waterford County Council,N,N,Catholic,21,7,13,11,9,15,5,16,,97
2024,18109V,S N INIS CEALTRACH,Clare,Clare County Council,N,N,Catholic,9,10,5,14,9,7,7,10,,71
2024,18111I,S N Gort na Gaoithe,Galway,Galway County Council,N,N,Catholic,4,8,9,6,7,5,10,8,,57
2024,18112K,SCOIL NAOMH EANNA,Galway,Galway County Council,N,N,Catholic,27,28,27,31,17,27,25,31,6,219
2024,18114O,S N NAOMH EIGHNEACH,Donegal,Donegal County Council,Y,N,Catholic,10,8,10,8,7,10,14,13,,80
2024,18115Q,S N MHUIRE,Offaly,Offaly County Council,N,N,Catholic,7,11,21,15,22,16,14,17,6,129
2024,18116S,Cloontuskert National School,Roscommon,Roscommon County Council,Y,N,Catholic,18,13,12,6,9,8,5,4,,75
2024,18118W,COOLFANCY N S,Wicklow,Wicklow County Council,N,N,Catholic,13,9,7,10,14,6,6,15,,80
2024,18120J,SCOIL MHUIRE,Donegal,Donegal County Council,Y,Y,Catholic,13,9,5,8,4,10,5,7,,61
2024,18121L,S N MHUIRE,Galway,Galway County Council,Y,Y,Catholic,8,5,11,5,10,8,6,9,,62
2024,18125T,SCOIL NAOMH MHUIRE,Galway,Galway County Council,N,N,Catholic,21,23,28,19,20,22,25,18,,176
2024,18126V,S N SAN NIOCLAS,Louth,Louth County Council,N,N,Catholic,6,10,9,9,9,11,9,10,,73
2024,18127A,SN MHUIRE BOYS SENIOR SCHOOL,Cavan,Cavan County Council,N,N,Catholic,,,,14,16,13,17,16,,76
2024,18128C,S N MHUIRE MXD,Cork,Cork County Council,N,N,Catholic,13,10,10,10,8,4,12,6,,73
2024,18129E,SCOIL NAOMH PEADAR,Donegal,Donegal County Council,N,N,Catholic,7,16,10,20,15,13,15,4,7,107
2024,18130M,ST PATRICKS NS,Kildare,Kildare County Council,N,N,Catholic,7,10,8,14,11,13,15,14,,92
2024,18131O,S N MUIRE GAN SMAL,Donegal,Donegal County Council,Y,N,Catholic,14,7,15,11,10,4,18,10,,89
2024,18132Q,S N MUIRE,Meath,Meath County Council,N,N,Catholic,17,17,21,18,21,24,19,14,12,163
2024,18133S,FIONNTAIN NFA N S,Wexford,Wexford County Council,N,N,Catholic,15,10,10,14,13,11,27,13,,113
2024,18135W,SCOIL ANGELA,Tipperary,Tipperary (Nr) County Council,N,N,Catholic,20,36,28,26,30,24,32,30,,226
2024,18137D,S N Naomh Feargal Boys Senior,Dublin,Dublin City Council,Y,N,Catholic,,,,23,29,40,35,28,12,167
2024,18139H,S N NAOMH PADRAIG,Leitrim,Leitrim County Council,Y,N,Catholic,2,,3,2,1,4,,3,,15
2024,18142T,SCOIL CNOC LOINGE B,Limerick,Limerick County Council,Y,N,Catholic,11,3,8,10,7,12,15,6,,72
2024,18145C,SN NMH TREASA,Mayo,Mayo County Council,Y,N,Catholic,11,2,11,11,1,6,5,2,,49
2024,18148I,SCOIL BHRIDE MIXED N S,Louth,Louth County Council,N,N,Catholic,22,24,21,19,34,21,30,32,5,208
2024,18150S,FRAOCH MOR N S,Laois,Laois County Council,N,N,Catholic,25,24,23,27,26,28,30,31,,214
2024,18151U,S N MHUIRE,Donegal,Donegal County Council,Y,N,Catholic,23,28,29,28,31,31,20,23,6,219
2024,18153B,S N PADRAIG NAOFA C,Cork,Cork City Council,Y,N,Catholic,,,17,28,18,23,24,24,,134
2024,18154D,S N PADRAIG NAOFA,Cork,Cork City Council,Y,N,Catholic,40,44,,,,,,,9,93
2024,18157J,ST RYNAGHS N S,Offaly,Offaly County Council,N,N,Catholic,29,25,33,33,39,30,29,33,,251
2024,18158L,S N SEAMUS NAOFA,Kilkenny,Kilkenny County Council,N,N,Catholic,6,13,7,17,8,13,11,14,,89
2024,18161A,CASTLECONNELL N S,Limerick,Limerick County Council,N,N,Catholic,35,26,30,27,30,29,32,30,,239
2024,18163E,SN N BREANDAIN,Galway,Galway County Council,N,Y,Catholic,16,18,12,20,16,19,14,22,,137
2024,18164G,S N BUIRGHEAS,Tipperary,Tipperary (Nr) County Council,N,N,Catholic,6,12,15,12,12,10,8,7,,82
2024,18165I,TISRARA NATIONAL SCHOOL,Roscommon,Roscommon County Council,Y,N,Catholic,4,10,7,6,8,8,7,1,,51
2024,18166K,CLUAIN EIDHNEACH N S,Laois,Laois County Council,N,N,Church Of Ireland,8,6,9,11,6,13,7,15,12,87
2024,18167M,S N AINE NFA SEAFIELD,Waterford,Waterford County Council,N,N,Catholic,5,7,8,9,6,8,14,13,,70
2024,18169Q,S N RATH RIAGAIN,Meath,Meath County Council,N,N,Catholic,14,4,12,13,12,14,7,14,,90
2024,18170B,S N Muire na Freastogala Girls Senior School,Dublin,Dublin City Council,N,N,Catholic,,,,,56,48,56,64,5,229
2024,18172F,GLENEELY N S,Donegal,Donegal County Council,Y,N,Catholic,7,8,3,6,7,5,5,7,,48
2024,18173H,S N BRIOTAS,Dublin,South Dublin County Council,N,N,Catholic,9,7,13,11,8,12,9,8,,77
2024,18174J,S N CAITRIONA NAOFA,Meath,Meath County Council,N,Y,Catholic,24,19,20,17,10,27,17,19,,153
2024,18177P,SCOIL AINE NAOFA,Limerick,Limerick County Council,Y,N,Catholic,35,32,50,20,18,20,17,22,10,224
2024,18178R,ST JOSEPHS CONVENT,Longford,Longford County Council,Y,N,Catholic,82,77,89,53,45,49,60,57,29,541
2024,18179T,S N BRIDE,Kildare,Kildare County Council,N,N,Catholic,8,12,10,13,12,22,16,13,,106
2024,18181G,St. Hugh's N.S.,Leitrim,Leitrim County Council,Y,N,Catholic,9,4,4,8,6,7,7,11,,56
2024,18182I,NAOMH ATRACHTA,Roscommon,Roscommon County Council,N,N,Catholic,5,5,1,5,2,6,5,4,,33
2024,18183K,QUEEN OF UNIVERSE N S,Carlow,Carlow County Council,Y,N,Catholic,43,49,49,23,32,23,21,15,12,267
2024,18184M,S N CILL LÚRAIGH,Kerry,Kerry County Council,N,N,Catholic,20,3,5,14,16,10,9,7,,84
2024,18186Q,SCOIL PHADRAIG NAOFA,Louth,Louth County Council,N,N,Catholic,25,27,29,24,20,30,27,25,,207
2024,18190H,S N CRONAIN NFA AN CARN,Clare,Clare County Council,N,N,Catholic,2,,1,2,4,,7,,,16
2024,18191J,S N RAITHIN,Wexford,Wexford County Council,N,N,Catholic,14,16,23,16,20,17,28,10,,144
2024,18193N,S N NAOMH FIONTAN,Westmeath,Westmeath County Council,Y,N,Catholic,3,2,4,2,4,2,4,6,,27
2024,18194P,CIARAN NAOFA,Roscommon,Roscommon County Council,N,N,Catholic,3,10,5,6,7,15,8,12,,66
2024,18196T,St Patrick's National School,Cork,Cork County Council,N,N,Catholic,14,14,11,10,14,20,15,15,,113
2024,18198A,PADRAIG NAOFA N S,Wicklow,Wicklow County Council,N,N,Catholic,17,19,21,21,22,18,21,22,6,167
2024,18203N,Scoil Náisiúnta Cúil an tSúdaire 2,Laois,Laois County Council,N,N,Church Of Ireland,8,6,13,2,13,12,12,13,,79
2024,18205R,Finglas Parochial National School,Dublin,Dublin City Council,Y,N,Church Of Ireland,9,7,11,10,6,8,9,10,,70
2024,18206T,NA CARRAIGE N S,Laois,Laois County Council,Y,N,Catholic,24,21,27,21,27,25,28,28,,201
2024,18207V,S N BAILE AN ATHA,Tipperary,Tipperary (Nr) County Council,N,N,Catholic,51,46,53,50,55,48,44,48,18,413
2024,18212O,Scoil na Maighdine Mhuire,Westmeath,Westmeath County Council,Y,N,Catholic,,,,,65,76,83,78,5,307
2024,18213Q,S N LEAMHACH,Tipperary,Tipperary (Nr) County Council,N,N,Catholic,9,15,18,9,16,15,18,24,6,130
2024,18214S,S.N. Cill Conla,Kerry,Kerry County Council,N,N,Catholic,1,5,6,1,5,2,9,5,,34
2024,18217B,SCOIL PADRE PIO N S,Cork,Cork City Council,Y,N,Catholic,30,43,23,23,25,35,33,39,28,279
2024,18219F,SN CHONAILL,Donegal,Donegal County Council,Y,Y,Catholic,14,7,10,16,14,13,11,8,17,110
2024,18225A,S N MHUIRE MILIUC,Clare,Clare County Council,Y,N,Catholic,12,5,13,9,10,15,7,15,,86
2024,18227E,SCOIL MHUIRE NAISIUNTA,Clare,Clare County Council,N,N,Catholic,11,11,13,12,15,19,9,13,,103
2024,18233W,St Johns Parochial School,Kerry,Kerry County Council,Y,N,Church Of Ireland,5,5,9,6,9,7,11,11,,63
2024,18234B,SCOIL NAOMH PADRAIG,Monaghan,Monaghan County Council,Y,N,Catholic,15,4,12,18,7,5,13,10,,84
2024,18235D,S N MUIRE AN PORT MOR,Waterford,Waterford City Council,N,N,Catholic,18,25,24,29,29,32,27,29,,213
2024,18236F,Scoil Naomh Mhuire National School,Limerick,Limerick County Council,Y,N,Catholic,8,,6,3,6,3,3,6,,35
2024,18241V,SCOIL NAOMH CHOLMCILLE,Donegal,Donegal County Council,Y,N,Catholic,6,7,12,4,6,7,11,11,,64
2024,18242A,CARNEW N S,Wicklow,Wicklow County Council,Y,N,Catholic,21,22,23,29,29,23,18,23,3,191
2024,18246I,S N BAILE MUINE,Cork,Cork County Council,N,N,Church Of Ireland,,3,2,4,4,3,3,2,,21
2024,18247K,S N Mhuire na mBraithre,Kerry,Kerry County Council,Y,N,Catholic,39,53,38,48,56,63,59,59,9,424
2024,18250W,S N BAILE MOR,Donegal,Donegal County Council,Y,N,Church Of Ireland,1,,1,1,1,1,4,3,,12
2024,18251B,AYR HILL N S RAMELTON,Donegal,Donegal County Council,N,N,Presbyterian,8,1,8,2,2,4,,7,,32
2024,18252D,SCOIL MHUIRE,Galway,Galway County Council,N,N,Catholic,,1,3,6,3,6,2,5,,26
2024,18253F,SCOIL NAOMH CAITRIONA,Cork,Cork City Council,N,N,Catholic,38,52,53,55,56,56,54,53,,417
2024,18256L,SCOIL BHRIGHDE,Monaghan,Monaghan County Council,N,N,Catholic,14,10,9,4,10,7,9,11,,74
2024,18257N,S N BAILE AN FHASAIGH,Kilkenny,Kilkenny County Council,N,N,Catholic,6,2,6,4,13,6,6,11,,54
2024,18258P,NAOMH EARNAIN N S,Longford,Longford County Council,N,N,Catholic,6,6,,3,6,6,2,,,29
2024,18259R,Lanesborough Primary School,Longford,Longford County Council,Y,N,Catholic,10,5,8,12,9,12,8,14,9,87
2024,18260C,SCOIL MHUIRE,Limerick,Limerick County Council,N,N,Catholic,12,16,7,22,24,16,25,22,,144
2024,18262G,LOCHAN AN BHEALAIGH N S,Westmeath,Westmeath County Council,N,N,Catholic,11,4,12,8,3,7,8,11,,64
2024,18265M,BHRIDE N S,Laois,Laois County Council,Y,N,Catholic,,1,1,2,2,3,2,1,,12
2024,18266O,BALLYGOWN NS,Cork,Cork County Council,N,N,Catholic,11,8,10,14,11,15,15,20,,104
2024,18267Q,CROINCHOILL N S,Offaly,Offaly County Council,Y,N,Catholic,29,31,28,25,31,32,32,31,6,245
2024,18268S,S N CILLININ,Galway,Galway County Council,N,N,Catholic,23,27,21,25,30,22,27,23,,198
2024,18272J,Lecarrow Community National School,Roscommon,Roscommon County Council,N,N,Multi Denominational,7,7,5,3,8,3,,,,33
2024,18279A,St Mary's Church of Ireland N.S,Cork,Cork County Council,N,N,Church Of Ireland,27,22,24,24,23,24,24,29,12,209
2024,18280I,SCOIL NAOMH IOSEPH,Wexford,Wexford County Council,N,N,Catholic,45,61,57,62,60,82,80,61,6,514
2024,18282M,SN PAROISTE MAITIU NFA,Dublin,Dublin City Council,N,N,Church Of Ireland,23,20,29,31,25,26,26,29,,209
2024,18283O,SCOIL MHUIRE,Kerry,Kerry County Council,Y,N,Catholic,4,6,2,4,5,6,2,11,,40
2024,18285S,S N CILL CHUIMIN,Tipperary,Tipperary (Nr) County Council,N,N,Catholic,,1,5,1,2,2,1,9,,21
2024,18286U,S N na hAcrai,Donegal,Donegal County Council,Y,Y,Catholic,5,8,10,7,12,4,13,8,,67
2024,18287W,S N na Maighdine Mhuire,Kildare,Kildare County Council,N,N,Catholic,5,6,4,9,14,8,10,11,,67
2024,18288B,SCOIL MHICHIL NAOFA,Kildare,Kildare County Council,Y,N,Catholic,43,57,62,54,51,63,55,66,51,502
2024,18289D,SCOIL NAOMH IOSEF,Galway,Galway County Council,N,N,Catholic,2,6,5,8,8,6,7,10,,52
2024,18292P,Gaelscoil an Teaghlaigh Naofa,Cork,Cork City Council,Y,N,Catholic,26,21,26,20,23,14,26,26,4,186
2024,18294T,Barr na Sruthan N S,Laois,Laois County Council,Y,N,Catholic,4,8,9,5,12,9,12,12,12,83
2024,18295V,S N MIN AN AOIRE,Donegal,Donegal County Council,Y,Y,Catholic,2,2,,4,1,3,1,3,,16
2024,18296A,DROMDHALLAGH N S,Cork,Cork County Council,N,N,Catholic,,,,,12,19,11,17,,59
2024,18298E,S N CUL FADA,Sligo,Sligo County Council,Y,N,Catholic,9,8,6,9,12,11,10,16,,81
2024,18301N,SN MHUIRE BNS,Cork,Cork County Council,N,N,Catholic,,,,22,19,8,24,20,5,98
2024,18308E,S N Moin na gCaor,Wexford,Wexford County Council,N,N,Catholic,15,10,19,13,13,18,20,17,5,130
2024,18309G,SCOIL BRIDE,Galway,Galway County Council,N,N,Catholic,4,3,8,,1,3,1,4,,24
2024,18312S,S N Talamh na Manach,Louth,Louth County Council,N,N,Catholic,13,16,18,19,16,16,15,15,11,139
2024,18315B,S N PÁDRAIG NFA,Wexford,Wexford County Council,N,N,Catholic,10,19,14,13,14,13,13,18,,114
2024,18316D,S N FHURSA,Cork,Cork County Council,N,N,Catholic,3,9,4,3,11,8,5,14,,57
2024,18318H,S N NAOMH PARTHALAN,Waterford,Waterford County Council,N,N,Catholic,2,8,3,4,7,13,10,11,,58
2024,18319J,S N TRIANTA,Donegal,Donegal County Council,N,N,Presbyterian,5,3,7,5,2,4,4,6,,36
2024,18321T,S N MUIRE MAGH DEILGE,Waterford,Waterford County Council,N,N,Catholic,6,6,4,6,7,9,6,4,,48
2024,18322V,S N AN DROMA,Tipperary,Tipperary (Nr) County Council,N,N,Catholic,1,12,3,5,5,7,6,8,,47
2024,18323A,SCOIL LORCAIN B,Dublin,South Dublin County Council,N,N,Catholic,38,27,45,54,37,45,42,40,,328
2024,18324C,SCOIL BRIDE C,Dublin,South Dublin County Council,N,N,Catholic,38,43,47,32,33,43,46,41,6,329
2024,18325E,Scoil Naomh Chárthaigh,Kerry,Kerry County Council,Y,N,Catholic,,,,14,20,5,3,15,3,60
2024,18326G,S N NAOMH PADRAIG,Tipperary,Tipperary (Sr) County Council,N,N,Catholic,7,5,6,11,3,5,11,6,,54
2024,18327I,S N CNOC DOIRE,Clare,Clare County Council,N,N,Catholic,4,1,2,3,1,5,3,1,,20
2024,18328K,S N PHADRAIG,Offaly,Offaly County Council,N,N,Catholic,17,13,9,14,14,13,19,21,,120
2024,18329M,S N NAOMH MHUIRE,Leitrim,Leitrim County Council,N,N,Catholic,6,4,3,5,4,5,4,6,,37
2024,18331W,S N CAOIMHIN NAOFA,Offaly,Offaly County Council,N,N,Catholic,10,11,6,10,5,12,4,14,,72
2024,18332B,SCOIL NAOMH PADRAIG,Galway,Galway County Council,N,N,Catholic,19,18,23,15,15,21,19,17,,147
2024,18334F,S N CNOC MIONNA,Sligo,Sligo County Council,N,N,Catholic,9,7,5,6,8,7,5,12,,59
2024,18335H,S N MHUIRE NAOFA,Offaly,Offaly County Council,Y,N,Catholic,10,10,12,14,13,16,11,23,,109
2024,18336J,BOOLAVOGUE N S,Wexford,Wexford County Council,N,N,Catholic,8,4,10,9,17,22,8,12,,90
2024,18339P,S N Iosef Naofa,Clare,Clare County Council,N,N,Catholic,5,4,1,4,3,4,5,7,,33
2024,18340A,S N PADRAIG,Cavan,Cavan County Council,N,N,Catholic,5,7,2,4,6,6,12,7,,49
2024,18343G,S N CHAOIMHGHIN,Tipperary,Tipperary (Nr) County Council,Y,N,Catholic,7,10,8,7,9,14,13,9,10,87
2024,18344I,S N MHUIRE,Meath,Meath County Council,N,N,Catholic,14,15,19,16,23,19,23,13,,142
2024,18345K,S N IOSEF NAOFA,Tipperary,Tipperary (Nr) County Council,Y,N,Catholic,34,35,36,43,35,42,38,34,2,299
2024,18346M,S N GREACH RATHAIN,Cavan,Cavan County Council,N,N,Catholic,9,8,9,9,11,9,2,6,,63
2024,18347O,S N SAN NIOCLAS,Louth,Louth County Council,Y,N,Church Of Ireland,10,19,16,14,25,23,11,31,12,161
2024,18350D,S N na hInse,Tipperary,Tipperary (Nr) County Council,N,N,Catholic,7,13,13,18,7,13,5,10,,86
2024,18355N,Aughadreena National School,Cavan,Cavan County Council,N,N,Catholic,7,14,9,7,13,10,15,10,,85
2024,18356P,S N BARRA NAOFA,Cork,Cork City Council,N,N,Church Of Ireland,5,8,15,10,9,10,11,15,,83
2024,18357R,S N PADRAIG NAOFA,Wicklow,Wicklow County Council,N,N,Catholic,5,7,2,9,9,6,12,8,,58
2024,18358T,S N FIACH,Meath,Meath County Council,N,N,Catholic,11,13,11,14,11,14,10,4,,88
2024,18359V,S N CUAN,Clare,Clare County Council,Y,N,Catholic,2,2,1,4,3,2,4,1,,19
2024,18360G,SCOIL BHREANDAIN,Dublin,Dublin City Council,Y,N,Catholic,,,,13,21,34,37,33,5,143
2024,18361I,SN CAITRIONA GIRLS,Dublin,Dublin City Council,Y,N,Catholic,,,,33,28,40,51,45,,197
2024,18362K,S N CAITRIONA NAIONAIN,Dublin,Dublin City Council,Y,N,Catholic,62,69,63,,,,,,,194
2024,18363M,S N MUIRE GAN SMAL,Carlow,Carlow County Council,Y,N,Catholic,31,49,45,42,45,54,59,52,,377
2024,18364O,St Patrick's National School,Offaly,Offaly County Council,Y,N,Catholic,23,28,17,28,17,26,28,19,,186
2024,18365Q,KILMACANOGUE N S,Wicklow,Wicklow County Council,N,N,Catholic,23,26,26,29,31,27,22,40,,224
2024,18366S,S N AODAIN,Sligo,Sligo County Council,N,N,Catholic,5,2,3,1,2,3,1,2,,19
2024,18367U,S N Toinn an Tairbh,Limerick,Limerick County Council,N,N,Catholic,11,7,8,12,8,12,9,14,,81
2024,18368W,MHUIRE FATIMA N S,Laois,Laois County Council,N,N,Catholic,16,25,27,27,27,24,19,23,12,200
2024,18369B,S N CILL RUADHAIN,Tipperary,Tipperary (Nr) County Council,N,N,Catholic,6,16,10,14,12,21,16,11,12,118
2024,18371L,SCOIL MHUIRE,Donegal,Donegal County Council,Y,N,Catholic,18,16,22,25,20,23,21,21,6,172
2024,18377A,IOSEF NAOFA,Cork,Cork County Council,Y,N,Catholic,7,15,3,9,15,13,10,14,12,98
2024,18378C,S N NAOMH IOSEPH,Kildare,Kildare County Council,N,N,Catholic,7,10,6,6,8,1,6,5,,49
2024,18379E,BARNANE N S,Tipperary,Tipperary (Nr) County Council,N,N,Catholic,3,3,6,6,4,5,9,11,,47
2024,18380M,S N FAICHE LIAG,Waterford,Waterford County Council,N,N,Catholic,24,28,23,25,26,27,26,26,,205
2024,18381O,Scoil na mBraithre,Westmeath,Westmeath County Council,Y,N,Catholic,41,51,42,55,58,49,54,58,18,426
2024,18382Q,SCOIL BHRIDE,Louth,Louth County Council,N,N,Catholic,7,7,14,11,7,5,11,1,6,69
2024,18386B,MARIST NATIONAL SCHOOL,Dublin,Dublin City Council,Y,N,Catholic,37,33,39,20,12,20,24,23,4,212
2024,18387D,S N CATRIONA NFA,Wexford,Wexford County Council,Y,N,Catholic,5,5,9,3,6,10,13,7,,58
2024,18388F,SCOIL NAOMH MICHEAL,Cork,Cork City Council,N,N,Church Of Ireland,12,12,13,12,15,15,10,14,,103
2024,18391R,Faughart Community National School,Louth,Louth County Council,N,N,Multi Denominational,8,9,12,17,7,15,16,8,,92
2024,18393V,S N CILLIN,Cavan,Cavan County Council,N,N,Catholic,16,9,20,8,9,8,15,4,,89
2024,18395C,S N Cluain na Cille,Roscommon,Roscommon County Council,N,N,Catholic,44,46,48,52,51,49,56,52,,398
2024,18396E,S N RATH EILTE,Tipperary,Tipperary (Nr) County Council,N,N,Catholic,5,15,7,10,12,9,17,11,6,92
2024,18399K,S N BHRIDE,Offaly,Offaly County Council,N,N,Catholic,14,9,20,11,11,13,11,15,,104
2024,18401R,SCOIL MHUIRE,Monaghan,Monaghan County Council,N,N,Catholic,10,14,12,12,9,11,7,11,,86
2024,18405C,S N PHOIL NAOFA,Westmeath,Westmeath County Council,Y,N,Catholic,31,45,41,,,,,,12,129
2024,18406E,S N PHROINSIAIS NAOFA,Offaly,Offaly County Council,Y,N,Catholic,21,17,14,23,26,22,21,28,18,190
2024,18410S,S N LIOSCEANUIR,Clare,Clare County Council,N,N,Catholic,12,21,13,13,9,12,14,16,,110
2024,18411U,ST MARYS SCHOOL,Dublin,South Dublin County Council,N,N,Catholic,51,40,52,55,28,51,22,24,,323
2024,18412W,S N C NAOMH PADRAIG,Dublin,Fingal County Council,N,N,Catholic,49,44,43,43,52,49,51,53,,384
2024,18413B,S N NAOMH TREASA,Meath,Meath County Council,N,N,Catholic,14,14,12,15,15,14,8,10,,102
2024,18414D,S N GLEANN BEITHE,Kerry,Kerry County Council,Y,N,Catholic,19,18,12,15,7,9,14,13,,107
2024,18421A,SN DUN CEANNFHAOLAIDH,Donegal,Donegal County Council,Y,N,Catholic,18,12,9,6,14,9,6,12,,86
2024,18422C,Scoil na nOg,Cork,Cork City Council,N,N,Catholic,,,,,,,13,18,,31
2024,18424G,SCOIL NAIS IOSEF NAOFA,Carlow,Carlow County Council,Y,N,Catholic,32,36,26,,,,,,18,112
2024,18426K,SCOIL IDE NAOFA,Limerick,Limerick County Council,N,N,Catholic,13,15,5,14,6,8,17,5,6,89
2024,18428O,S N BAILE NORA,Cork,Cork County Council,N,N,Catholic,33,48,41,49,33,43,32,28,,307
2024,18429Q,S N MHUIRE,Meath,Meath County Council,Y,N,Catholic,,3,,,1,3,3,3,,13
2024,18430B,S N BAILE ROIBEAIRD,Kildare,Kildare County Council,N,N,Catholic,15,19,26,18,27,15,22,26,,168
2024,18431D,S N Droichead na Bandan,Cork,Cork County Council,N,N,Church Of Ireland,15,22,18,29,25,26,28,24,,187
2024,18432F,S N BAILE UI FHIDHNE,Roscommon,Roscommon County Council,N,N,Catholic,6,10,12,8,15,10,13,10,,84
2024,18433H,NAOMH PIUS X N S,Laois,Laois County Council,N,N,Catholic,4,15,2,8,2,4,8,5,,48
2024,18434J,RATHCOYLE N S,Wicklow,Wicklow County Council,N,N,Catholic,8,4,9,8,4,11,6,10,,60
2024,18435L,SACRED HEART PRIMARY SCHOOL,Tipperary,Tipperary (Nr) County Council,Y,N,Catholic,25,21,21,16,24,20,18,18,10,173
2024,18441G,SCOIL NAOMH CHUAN,Galway,Galway County Council,Y,N,Catholic,,,,2,2,1,1,,,6
2024,18443K,S N IOSEF NAOFA,Tipperary,Tipperary (Nr) County Council,N,N,Catholic,2,1,3,2,2,1,1,1,,13
2024,18444M,S N CLOGACH,Cork,Cork County Council,N,N,Catholic,4,11,4,9,6,7,4,5,5,55
2024,18445O,S N SCOIL TREASA,Kildare,Kildare County Council,N,N,Catholic,9,9,20,14,12,12,7,11,,94
2024,18446Q,SCOIL NAOMH MHUIRE,Donegal,Donegal County Council,Y,N,Catholic,6,7,4,12,4,12,9,7,,61
2024,18448U,S N RATH BEAGAIN,Meath,Meath County Council,N,N,Catholic,27,24,30,24,26,33,28,31,,223
2024,18449W,ST CONLETHS N S,Kildare,Kildare County Council,Y,N,Catholic,40,24,29,40,31,36,39,40,11,290
2024,18451J,SCOIL LORCÁIN,Dublin,Dun Laoghaire Rathdown,N,N,Catholic,60,59,62,62,62,62,60,61,,488
2024,18453N,S N MHICHIL NAOFA,Meath,Meath County Council,N,N,Catholic,8,12,10,7,10,10,8,6,,71
2024,18454P,S N NAOMH TREASA,Roscommon,Roscommon County Council,N,N,Catholic,7,17,8,10,9,9,14,6,,80
2024,18459C,SCOIL MHUIRE,Tipperary,Tipperary (Sr) County Council,N,N,Catholic,5,2,5,1,3,4,6,2,,28
2024,18460K,SN BAILE AN MHUILINN,Galway,Galway County Council,N,N,Catholic,15,13,14,9,12,11,14,10,,98
2024,18461M,S N Muire na Doirini,Cork,Cork County Council,N,N,Catholic,3,2,6,,4,,2,8,,25
2024,18462O,SCOIL LORCAIN BNS,Waterford,Waterford City Council,Y,N,Catholic,41,39,43,46,42,42,43,34,3,333
2024,18464S,St. Peter's Primary School,Wicklow,Wicklow County Council,Y,N,Catholic,13,19,21,23,18,21,20,20,,155
2024,18465U,S N LIOS AN HALLA,Tipperary,Tipperary (Nr) County Council,N,N,Catholic,14,16,9,9,16,23,20,14,12,133
2024,18467B,S N BAILE AN DROICHID,Clare,Clare County Council,N,N,Catholic,19,24,6,17,10,10,11,11,,108
2024,18468D,SCOIL MHUIRE,Cork,Cork County Council,N,N,Catholic,2,3,1,1,6,1,,4,,18
2024,18470N,NAOMH BRID N S,Wicklow,Wicklow County Council,N,N,Catholic,8,9,7,7,9,8,9,7,,64
2024,18471P,S N RATH CORR,Louth,Louth County Council,N,N,Catholic,9,9,9,5,8,8,7,8,,63
2024,18472R,SCOIL CHAITRIONA,Cork,Cork County Council,N,N,Catholic,15,11,16,14,12,16,10,10,,104
2024,18473T,AN CHROI RO NAOFA N S,Wicklow,Wicklow County Council,N,N,Catholic,12,16,30,27,40,25,28,31,6,215
2024,18475A,S N BAILE UI CHROININ,Cork,Cork County Council,N,N,Catholic,4,11,3,12,11,6,6,10,,63
2024,18477E,Scoil na mBrathar,Dublin,Dublin City Council,Y,N,Catholic,20,20,20,19,12,16,24,23,10,164
2024,18482U,MHUIRE GRANSLA,Monaghan,Monaghan County Council,Y,N,Catholic,8,13,9,5,11,7,13,8,,74
2024,18484B,MHUIRE N S,Westmeath,Westmeath County Council,N,N,Catholic,,6,16,,8,12,10,9,,61
2024,18486F,S N CILL SIOLAIN,Tipperary,Tipperary (Sr) County Council,N,N,Catholic,10,14,14,5,10,11,15,13,,92
2024,18487H,S N NAOMH MHUIRE,Cork,Cork County Council,N,N,Catholic,11,13,21,17,23,16,21,20,18,160
2024,18488J,SCOIL NAOMH GOBNAIT,Waterford,Waterford County Council,N,N,Catholic,9,8,13,9,21,12,20,12,12,116
2024,18489L,TINAHELY N S,Wicklow,Wicklow County Council,N,N,Catholic,19,6,25,19,16,21,8,18,6,138
2024,18490T,SN M AN CROI GAN SMAL,Galway,Galway County Council,N,N,Catholic,,3,7,2,2,5,5,2,,26
2024,18491V,S N GARRAN AN EASAIGH,Cork,Cork County Council,N,N,Catholic,4,6,8,8,6,5,8,14,,59
2024,18492A,S N NAOMH BRIGHID,Leitrim,Leitrim County Council,N,N,Catholic,9,11,7,6,6,6,7,4,,56
2024,18494E,ST LOUIS INFANT SCHOOL,Monaghan,Monaghan County Council,Y,N,Catholic,64,74,89,,,,,,,227
2024,18497K,LITTLE ISLAND NS,Cork,Cork County Council,N,N,Catholic,16,22,20,20,13,14,18,20,,143
2024,18500T,S N NAOMH COLMCILLE,Meath,Meath County Council,N,N,Catholic,12,13,13,14,12,15,15,14,,108
2024,18501V,GRANGEMOCKLER NS,Tipperary,Tipperary (Sr) County Council,N,N,Catholic,5,9,3,8,6,5,7,4,,47
2024,18502A,S N NAOMH BRID,Wicklow,Wicklow County Council,N,N,Catholic,12,16,10,8,12,5,3,9,,75
2024,18503C,S N NAOMH BRID C,Mayo,Mayo County Council,N,N,Catholic,,5,1,5,4,4,4,4,,27
2024,18504E,S N N MAOLMHAODHAGH B,Louth,Louth County Council,N,N,Catholic,,,,50,44,44,53,41,,232
2024,18505G,NAOMH CLAR N S,Westmeath,Westmeath County Council,N,N,Catholic,34,32,36,40,41,38,44,38,,303
2024,18508M,NAOMH ADHAMHNAIN,Donegal,Donegal County Council,N,N,Catholic,18,19,15,10,17,13,15,11,,118
2024,18509O,An Teaghlaigh Naofa Girls Junior National School,Waterford,Waterford City Council,Y,N,Catholic,54,59,54,73,,,,,,240
2024,18510W,St Patrick's National School,Carlow,Carlow County Council,N,N,Catholic,7,2,4,4,5,5,5,4,,36
2024,18512D,St Francis National School,Tipperary,Tipperary (Sr) County Council,Y,N,Catholic,3,4,5,3,2,3,2,1,6,29
2024,18513F,NAOMH PADRAIG N S,Laois,Laois County Council,N,N,Catholic,11,10,7,10,12,6,9,11,6,82
2024,18514H,S N CHOILM CHILLE,Galway,Galway County Council,Y,Y,Catholic,12,9,5,8,12,16,,7,5,74
2024,18515J,PROSPEROUS N S,Kildare,Kildare County Council,N,N,Catholic,64,69,53,56,64,71,52,69,6,504
2024,18516L,S N Lios na Groi,Limerick,Limerick County Council,N,N,Catholic,24,30,32,31,44,52,50,32,,295
2024,18517N,SCOIL MHUIRE,Donegal,Donegal County Council,Y,N,Catholic,12,11,16,10,20,11,19,14,,113
2024,18518P,S N CORR LORGAN,Cavan,Cavan County Council,N,N,Catholic,6,7,6,7,4,7,13,7,,57
2024,18520C,SCOIL PHADRAIG,Donegal,Donegal County Council,Y,N,Catholic,14,14,13,18,17,13,25,15,,129
2024,18524K,S N NAOMH BRIGHDE BUACH,Offaly,Offaly County Council,Y,N,Catholic,,,,18,21,25,21,23,6,114
2024,18526O,BALLYCAR N S,Clare,Clare County Council,N,N,Catholic,6,2,3,2,2,6,5,5,6,37
2024,18528S,ANNACARTY N S,Tipperary,Tipperary (Sr) County Council,N,N,Catholic,9,11,10,10,8,16,14,12,,90
2024,18532J,ARDLIOS N S,Laois,Laois County Council,Y,N,Catholic,7,8,1,3,10,8,2,8,,47
2024,18533L,SCOIL MHUIRE,Westmeath,Westmeath County Council,N,N,Catholic,9,7,10,11,5,9,14,5,,70
2024,18536R,S N MHUIRE LOURDES,Roscommon,Roscommon County Council,Y,N,Catholic,11,5,6,3,7,7,7,6,,52
2024,18537T,S N ROS COM RUA,Offaly,Offaly County Council,N,N,Catholic,1,2,4,2,2,3,3,4,,21
2024,18538V,SCOIL MHUIRE,Tipperary,Tipperary (Sr) County Council,N,N,Catholic,12,12,11,16,15,14,11,10,12,113
2024,18539A,SCOIL NAOMH MHUIRE,Monaghan,Monaghan County Council,N,N,Catholic,25,20,24,27,21,22,19,21,18,197
2024,18540I,CLUAIN DRAIGNEACH,Clare,Clare County Council,N,N,Catholic,,2,,2,,2,3,3,,12
2024,18541K,S N Chathair Aodha,Clare,Clare County Council,N,N,Catholic,1,4,,5,6,4,4,6,,30
2024,18543O,S N CLOCHOG,Sligo,Sligo County Council,Y,N,Catholic,7,7,9,4,9,6,11,6,,59
2024,18549D,S N Cnoc na Croighe,Cork,Cork County Council,N,N,Catholic,9,7,9,10,9,13,11,9,,77
2024,18551N,Scoil na Mainistreach,Kildare,Kildare County Council,N,N,Catholic,50,60,74,58,58,51,52,54,3,460
2024,18555V,LISSYCASEY N S,Clare,Clare County Council,N,N,Catholic,19,15,20,26,16,20,22,23,10,171
2024,18557C,S N TEAMPALL DOIRE,Tipperary,Tipperary (Nr) County Council,N,N,Catholic,6,9,12,16,12,14,13,8,,90
2024,18558E,S N BAILE AN PHIARSAIGH,Wexford,Wexford County Council,N,N,Catholic,27,28,31,29,29,31,27,29,12,243
2024,18561Q,St Joseph's NS,Mayo,Mayo County Council,Y,N,Catholic,23,17,31,29,24,26,31,21,16,218
2024,18562S,S N an Teaghlaigh,Mayo,Mayo County Council,N,N,Catholic,6,6,3,7,6,10,4,7,,49
2024,18563U,SCOIL NAOMH BRID C,Cork,Cork City Council,N,N,Catholic,43,40,43,48,45,49,64,54,2,388
2024,18564W,S N LEITIR,Cavan,Cavan County Council,N,N,Catholic,15,21,22,31,24,23,22,24,,182
2024,18565B,S N MA SHEASTA,Clare,Clare County Council,N,N,Catholic,2,5,6,4,6,4,6,7,,40
2024,18566D,S N ATHAIR MAITIU C,Cork,Cork City Council,Y,N,Catholic,30,29,32,36,48,23,34,40,6,278
2024,18567F,S N INIS,Cork,Cork County Council,N,N,Catholic,21,16,15,31,32,25,38,22,,200
2024,18571T,S N CNOC AN CHROCAIRE,Roscommon,Roscommon County Council,N,N,Catholic,17,9,14,11,15,17,17,20,18,138
2024,18572V,GLENAMADDY NS,Galway,Galway County Council,N,N,Catholic,18,12,19,15,19,18,24,14,6,145
2024,18573A,Scoil Chriost Ri,Kerry,Kerry County Council,N,N,Catholic,,,4,1,4,1,5,1,,16
2024,18575E,Scoil Naomh Molaise,Sligo,Sligo County Council,N,N,Catholic,31,25,28,31,28,45,43,38,,269
2024,18580U,S N MUIRE GAN SMAL,Sligo,Sligo County Council,N,N,Catholic,2,1,4,3,3,6,2,4,,25
2024,18581W,SCOIL MHUIRE,Galway,Galway County Council,N,Y,Catholic,3,2,2,4,6,8,6,5,2,38
2024,18582B,BALLYLOOBY N S,Tipperary,Tipperary (Sr) County Council,N,N,Catholic,16,23,21,15,17,26,13,21,4,156
2024,18585H,S N Banrion na nAingeal 1,Dublin,Dublin City Council,Y,N,Catholic,22,19,18,18,23,20,26,21,4,171
2024,18589P,S N MHIC DIARMADA,Leitrim,Leitrim County Council,Y,N,Catholic,,1,3,,2,4,2,5,,17
2024,18590A,SCOIL NAOMH ERC,Kerry,Kerry County Council,N,N,Catholic,10,11,18,23,13,18,13,28,9,143
2024,18591C,NAOMH TOMAS N S,Westmeath,Westmeath County Council,Y,N,Church Of Ireland,3,1,1,1,2,,,3,,11
2024,18592E,S N NAOMH IOSEF,Sligo,Sligo County Council,N,N,Catholic,2,1,5,4,7,5,7,4,,35
2024,18594I,S N ACHAIDH AN GHLAISIN,Mayo,Mayo County Council,Y,Y,Catholic,6,10,3,7,6,5,6,13,,56
2024,18598Q,EARNAIN MXD N S,Westmeath,Westmeath County Council,N,N,Catholic,18,10,10,15,12,18,12,15,,110
2024,18600A,S N MA RUA,Limerick,Limerick County Council,N,N,Catholic,11,16,16,19,20,14,20,27,,143
2024,18602E,SCOIL MHUIRE,Dublin,South Dublin County Council,N,N,Catholic,50,51,50,24,26,29,36,31,6,303
2024,18605K,SCOIL NAOMH PADRAIG,Donegal,Donegal County Council,Y,N,Catholic,18,17,11,19,24,14,22,22,2,149
2024,18607O,SCOIL NAOMH IOSEPH,Kilkenny,Kilkenny County Council,N,N,Catholic,18,20,19,11,13,10,15,12,6,124
2024,18608Q,S N MUIRE GAN SMAL,Galway,Galway County Council,Y,N,Catholic,4,7,4,5,2,5,5,5,,37
2024,18609S,S N FIONTAIN NAOFA,Carlow,Carlow County Council,N,N,Catholic,8,2,5,5,1,6,6,2,,35
2024,18611F,S N na Carraige,Donegal,Donegal County Council,Y,Y,Catholic,3,10,7,8,8,7,7,9,,59
2024,18612H,SCOIL MHUIRE,Limerick,Limerick County Council,N,N,Catholic,7,11,10,17,19,8,20,13,,105
2024,18615N,S N CEATHARLACH,Carlow,Carlow County Council,N,N,Church Of Ireland,15,12,17,16,19,19,15,17,,130
2024,18623M,SCOIL NAISUNTA CHNUACHA,Dublin,Fingal County Council,N,N,Church Of Ireland,19,25,26,23,27,27,24,28,,199
2024,18624O,MERCY CONVENT KILLALOE,Clare,Clare County Council,Y,N,Catholic,6,10,10,14,16,12,11,10,1,90
2024,18625Q,SCOIL CHOILMCILLE,Donegal,Donegal County Council,Y,N,Catholic,79,83,84,81,84,83,84,83,,661
2024,18626S,S N AN GLEANN DUIBH,Roscommon,Roscommon County Council,N,N,Catholic,16,18,21,14,21,18,19,14,,141
2024,18630J,CARRIGAHOLT MIXED N S,Clare,Clare County Council,Y,N,Catholic,2,5,5,4,3,1,7,4,,31
2024,18632N,S N EOIN BOSCO NAI BUAC,Dublin,Dublin City Council,N,N,Catholic,43,46,50,,,,,,12,151
2024,18634R,SCOIL IDE,Galway,Galway City Council,N,N,Catholic,33,41,51,31,26,31,30,29,,272
2024,18635T,S N Tigh an Lubhair,Louth,Louth County Council,N,N,Catholic,18,21,20,19,21,30,29,27,,185
2024,18636V,S N BHEANAIN,Galway,Galway County Council,N,N,Catholic,3,8,5,5,5,4,4,,,34
2024,18639E,S N Baile na Cailli,Clare,Clare County Council,N,N,Catholic,2,2,5,3,5,4,10,2,9,42
2024,18640M,NAOMH IOSEF N S,Westmeath,Westmeath County Council,N,N,Catholic,28,35,38,38,25,35,39,42,10,290
2024,18641O,S N NAOMH EOIN,Laois,Laois County Council,N,N,Catholic,53,51,40,36,47,51,48,54,,380
2024,18642Q,S N NAOMH EOIN,Dublin,South Dublin County Council,N,N,Church Of Ireland,13,8,8,13,13,11,12,11,,89
2024,18643S,HOLYCROSS N.S.,Kilkenny,Kilkenny County Council,N,N,Catholic,8,10,6,13,6,11,11,13,,78
2024,18644U,STRAFFAN N S,Kildare,Kildare County Council,N,N,Catholic,50,43,53,49,52,59,51,47,4,408
2024,18646B,SPRINGDALE N S,Dublin,Dublin City Council,N,N,Church Of Ireland,24,24,24,26,27,26,28,28,,207
2024,18647D,S N SAN TREASA,Dublin,Dun Laoghaire Rathdown,N,N,Catholic,58,52,56,56,52,49,50,52,,425
2024,18650P,NEWTOWN NS,Kildare,Kildare County Council,N,N,Catholic,16,13,8,10,10,14,12,9,11,103
2024,18652T,S N AN CHAISEAL,Donegal,Donegal County Council,Y,Y,Catholic,3,7,11,5,8,10,6,12,,62
2024,18653V,SCOIL NAOMH IOSEF,Limerick,Limerick County Council,Y,N,Catholic,,,,15,25,19,16,14,,89
2024,18654A,CARAGH N S,Kildare,Kildare County Council,N,N,Catholic,50,53,70,53,58,59,58,56,,457
2024,18655C,SCOIL NAOMH SEOSAMH,Dublin,South Dublin County Council,N,N,Catholic,,,,70,54,72,82,90,6,374
2024,18659K,LISAVAIRD MXD N S,Cork,Cork County Council,N,N,Catholic,8,10,12,9,9,5,9,6,,68
2024,18660S,S N San Nioclas,Kilkenny,Kilkenny County Council,N,N,Catholic,11,12,15,16,12,20,13,12,6,117
2024,18665F,S N Mainistir O dTorna,Kerry,Kerry County Council,N,N,Catholic,9,7,19,17,14,18,21,19,,124
2024,18666H,S N TIR MOCHAIN,Kildare,Kildare County Council,N,N,Catholic,6,14,15,11,10,20,15,17,,108
2024,18670V,S N TULACH RUAIN,Kilkenny,Kilkenny County Council,N,N,Catholic,8,11,11,7,13,9,15,14,,88
2024,18675I,S N CILL DAINGIN,Kildare,Kildare County Council,N,N,Catholic,23,31,29,24,23,26,18,29,6,209
2024,18677M,SCOIL MATHAIR DE,Limerick,Limerick City Council,N,N,Catholic,36,43,45,50,48,55,58,60,19,414
2024,18679Q,AN GHRIANAN N S,Westmeath,Westmeath County Council,N,N,Catholic,19,17,19,26,16,31,16,29,,173
2024,18681D,CHRIST CHURCH N S,Waterford,Waterford City Council,N,N,Church Of Ireland,9,13,16,16,19,15,16,19,,123
2024,18682F,ST CANICES B N S,Dublin,Dublin City Council,Y,N,Catholic,43,44,43,45,48,50,49,50,,372
2024,18683H,ST CANICES G N S,Dublin,Dublin City Council,Y,N,Catholic,46,62,54,63,57,59,65,65,,471
2024,18684J,S N BHAILE MHUIRNE,Wexford,Wexford County Council,N,N,Catholic,21,30,23,25,25,41,28,27,,220
2024,18686N,S N Gort na Leime,Galway,Galway County Council,N,N,Catholic,2,1,3,1,,2,3,5,2,19
2024,18687P,BALLYDUFF N S,Wexford,Wexford County Council,N,N,Catholic,8,9,13,8,7,3,7,10,6,71
2024,18689T,OUR LADY OF MERCY SENIOR P.S.,Waterford,Waterford City Council,Y,N,Catholic,,,,,60,79,72,75,,286
2024,18690E,SCOIL BHRIDE,Offaly,Offaly County Council,N,N,Catholic,8,5,10,10,8,15,11,9,,76
2024,18696Q,S N DUBH RATH,Clare,Clare County Council,N,N,Catholic,8,18,6,13,13,12,14,10,11,105
2024,18700E,S N BAILE AN CAISLEAN,Donegal,Donegal County Council,Y,N,Presbyterian,6,8,4,6,13,9,11,6,,63
2024,18702I,SPA NATIONAL SCHOOL,Kerry,Kerry County Council,N,N,Catholic,25,29,28,30,29,29,29,25,,224
2024,18703K,S N BAILE AN BHAILSIG,Donegal,Donegal County Council,N,N,Church Of Ireland,8,9,4,4,11,5,4,2,,47
2024,18705O,TARBERT NATIONAL SCHOOL,Kerry,Kerry County Council,Y,N,Catholic,12,13,15,10,24,21,22,16,,133
2024,18707S,CASTLEBRIDGE N S,Wexford,Wexford County Council,N,N,Catholic,17,21,22,32,30,27,45,25,,219
2024,18708U,S N CILL LACHTAIN,Limerick,Limerick County Council,N,N,Catholic,34,23,39,31,30,29,21,24,12,243
2024,18710H,S N na Croise Naofa,Donegal,Donegal County Council,Y,N,Catholic,3,,,6,4,8,5,4,,30
2024,18712L,S N CNOC RUSCAIGHE,Mayo,Mayo County Council,Y,N,Catholic,20,25,24,15,20,24,23,29,27,207
2024,18713N,S N Fionan na Reanna,Cork,Cork County Council,N,N,Catholic,12,16,15,19,14,25,13,15,12,141
2024,18714P,ST EDANS N S,Wexford,Wexford County Council,N,N,Church Of Ireland,3,,3,7,7,6,2,2,,30
2024,18715R,S N PAIRC ARD,Sligo,Sligo County Council,N,N,Catholic,9,11,11,7,14,13,19,11,,95
2024,18717V,S N CIARAIN,Limerick,Limerick County Council,N,N,Catholic,11,15,8,7,2,6,10,7,,66
2024,18720K,MILTOWN MALBAY B N S,Clare,Clare County Council,N,N,Catholic,16,16,9,18,20,15,16,14,,124
2024,18726W,S N Seosamh na mBrathar,Dublin,Dublin City Council,Y,N,Catholic,1,,,23,17,15,19,23,17,115
2024,18729F,BALLINTLEVA N S,Roscommon,Roscommon County Council,N,N,Catholic,1,8,5,4,5,7,9,8,,47
2024,18731P,ROBERTSON N S,Donegal,Donegal County Council,Y,N,Church Of Ireland,7,11,14,10,10,12,11,15,,90
2024,18733T,S N MHUIRE,Longford,Longford County Council,N,N,Catholic,13,11,10,12,7,10,17,14,,94
2024,18734V,Realt na Maidine,Cork,Cork City Council,Y,N,Catholic,13,12,12,4,9,10,12,16,19,107
2024,18737E,SCOIL BHRIDE,Donegal,Donegal County Council,Y,N,Catholic,23,19,30,19,29,21,21,38,5,205
2024,18739I,SHANNON AIRPORT 1 N S,Clare,Clare County Council,Y,N,Catholic,12,15,16,10,21,11,18,22,6,131
2024,18740Q,Shannon Airport No 2 NS,Clare,Clare County Council,N,N,Church Of Ireland,1,11,5,4,2,6,2,6,12,49
2024,18741S,FAITIMA N S,Leitrim,Leitrim County Council,Y,N,Catholic,10,7,8,11,4,8,8,11,,67
2024,18742U,ROXBORO N S,Roscommon,Roscommon County Council,N,N,Catholic,28,27,24,30,26,26,30,30,,221
2024,18744B,S N na Naomh Uile,Westmeath,Westmeath County Council,N,N,Church Of Ireland,6,8,14,12,8,13,15,11,,87
2024,18746F,SN MUINE MHEA,Galway,Galway County Council,N,N,Catholic,27,26,28,29,37,37,35,23,6,248
2024,18748J,Scoil Mholainge Listerlin,Kilkenny,Kilkenny County Council,N,N,Catholic,15,13,19,27,16,20,20,19,,149
2024,18753C,SAINT MARYS N S LAHINCH,Clare,Clare County Council,N,N,Catholic,19,20,18,19,31,22,16,25,,170
2024,18756I,FIBOUGH NATIONAL SCHOOL,Kerry,Kerry County Council,N,N,Catholic,4,7,1,6,1,4,3,4,,30
2024,18759O,CAHIR NATIONAL SCHOOL,Kerry,Kerry County Council,N,N,Catholic,3,3,4,1,6,6,2,8,,33
2024,18762D,S N Realt na Mara (B),Meath,Meath County Council,N,N,Catholic,35,40,52,41,42,56,51,54,9,380
2024,18764H,Ard na gCraith NS,Westmeath,Westmeath County Council,N,N,Catholic,9,13,11,12,8,19,13,9,10,104
2024,18766L,SCOIL CHOLMCILLE,Donegal,Donegal County Council,Y,Y,Catholic,6,3,6,4,4,3,4,4,,34
2024,18767N,S N Realt na Mara (C),Meath,Meath County Council,N,N,Catholic,40,42,34,35,63,56,47,59,12,388
2024,18768P,FORGLEANN N S,Clare,Clare County Council,Y,N,Catholic,,1,,1,3,2,2,3,,12
2024,18775M,S N MICHEAL NAOFA,Tipperary,Tipperary (Nr) County Council,N,N,Catholic,20,23,25,26,27,27,27,29,12,216
2024,18777Q,S N LOMCHLUANA,Offaly,Offaly County Council,N,N,Catholic,4,2,4,2,2,2,2,5,12,35
2024,18778S,S N NAOMH MOCHTA,Dublin,Fingal County Council,N,N,Catholic,104,102,105,104,101,107,108,104,,835
2024,18779U,St. Marys NS Touraneena,Waterford,Waterford County Council,N,N,Catholic,2,10,4,5,6,7,9,12,,55
2024,18780F,S N NAOMH COLMCILLE,Laois,Laois County Council,N,N,Catholic,8,9,9,11,10,9,12,13,,81
2024,18786R,SCOIL IOSAGAIN,Cork,Cork City Council,Y,N,Catholic,22,18,26,23,25,34,30,50,18,246
2024,18791K,SCOIL CHOLMCILLE,Donegal,Donegal County Council,N,N,Catholic,19,16,21,22,13,16,19,16,,142
2024,18793O,Scoil Naomh Eoin le Dia,Waterford,Waterford City Council,N,N,Catholic,23,26,26,44,29,31,30,36,,245
2024,18795S,S N MHUIRE,Offaly,Offaly County Council,N,N,Catholic,7,13,7,10,10,7,7,8,,69
2024,18797W,St. Joseph's N.S.,Offaly,Offaly County Council,Y,N,Catholic,80,92,85,105,,,,,9,371
2024,18806U,Our Lady of the Wayside NS,Dublin,Dun Laoghaire Rathdown,N,N,Catholic,25,26,51,28,46,51,29,42,,298
2024,18812P,LOCH AN GHAIR N S,Westmeath,Westmeath County Council,N,N,Catholic,23,19,28,28,28,31,26,24,,207
2024,18817C,S N BRIGHDE,Dublin,Dublin City Council,N,N,Catholic,53,51,44,46,43,50,46,35,,368
2024,18820O,S N CHOLMCILLE,Monaghan,Monaghan County Council,Y,N,Catholic,11,14,11,16,14,9,12,11,,98
2024,18824W,ST IBERIUS N S,Wexford,Wexford County Council,N,N,Church Of Ireland,7,9,9,6,11,6,6,13,12,79
2024,18829J,S N CHOBH CHIONN TSAILE,Cork,Cork County Council,N,N,Catholic,24,24,26,27,24,30,31,31,,217
2024,18832V,CASTLEMAINE N S,Kerry,Kerry County Council,N,N,Catholic,14,17,9,13,13,8,8,9,20,111
2024,18833A,S N LATHRACH,Cavan,Cavan County Council,N,N,Catholic,16,15,15,18,17,17,20,12,,130
2024,18839M,S N na Scrine,Wexford,Wexford County Council,N,N,Catholic,18,18,12,11,17,10,14,17,6,123
2024,18843D,Bainrion na nAingal 2,Dublin,Dublin City Council,Y,N,Catholic,17,16,14,11,11,14,15,9,5,112
2024,18844F,Scoil Mhuire,Donegal,Donegal County Council,Y,Y,Catholic,8,8,1,,9,3,5,4,,38
2024,18848N,S N PEADAR AGUS POL,Mayo,Mayo County Council,Y,N,Catholic,3,5,4,5,8,8,7,12,,52
2024,18856M,SCOIL NAOMH IOSEF,Kerry,Kerry County Council,Y,N,Catholic,5,7,7,6,4,3,6,4,,42
2024,18857O,S N CARRAIG A BRUIS,Cavan,Cavan County Council,N,N,Catholic,9,9,17,12,10,15,15,23,,110
2024,18864L,S N AN CUSAN,Westmeath,Westmeath County Council,N,N,Catholic,44,51,50,54,52,50,48,53,12,414
2024,18872K,SCOIL IDE,Limerick,Limerick City Council,N,N,Catholic,74,79,83,88,84,101,85,96,,690
2024,18874O,KILLYGORDAN N S,Donegal,Donegal County Council,Y,N,Church Of Ireland,4,2,2,2,4,3,2,2,,21
2024,18876S,SN Baile Cuisin,Mayo,Mayo County Council,N,N,Catholic,,3,1,,2,2,1,2,,11
2024,18880J,S N GORT SCEICHE,Mayo,Mayo County Council,N,N,Catholic,11,2,9,5,14,13,10,11,,75
2024,18883P,S N IOSAGAIN,Cork,Cork County Council,N,N,Catholic,68,62,,,,,,,13,143
2024,18886V,KILL-O'-THE-GRANGE NS,Dublin,Dun Laoghaire Rathdown,N,N,Church Of Ireland,21,25,24,28,25,26,29,27,3,208
2024,18887A,St. Joseph's National School,Meath,Meath County Council,N,N,Catholic,17,5,11,8,13,12,13,13,,92
2024,18910P,Bantiarna na mBuanna Boys,Dublin,Dublin City Council,Y,N,Catholic,,,,32,30,37,28,43,,170
2024,18911R,Bantiarna na mBuanna Girls,Dublin,Dublin City Council,Y,N,Catholic,,,,34,37,34,34,46,,185
2024,18922W,S N CHLUAIN LUIFIN,Mayo,Mayo County Council,N,N,Catholic,5,9,8,8,17,16,8,8,,79
2024,18929N,SCOIL NAOMH EINDE,Galway,Galway City Council,N,N,Catholic,,,,19,15,23,20,28,12,117
2024,18939Q,S N DONAIGH,Donegal,Donegal County Council,Y,N,Church Of Ireland,3,3,4,5,5,2,4,6,,32
2024,18950E,Dromindoora N.S.,Clare,Clare County Council,N,N,Catholic,3,3,4,,5,5,2,6,,28
2024,18968A,ST MALACHYS B N S,Dublin,Dublin City Council,Y,N,Catholic,15,13,16,17,10,11,17,8,16,123
2024,18969C,ST EITHNES SENIOR GIRLS NS,Dublin,Dublin City Council,Y,N,Catholic,,,,21,17,15,11,22,11,97
2024,18976W,S N CHOLMILLE B,Dublin,Fingal County Council,N,N,Catholic,34,32,45,45,45,45,46,37,6,335
2024,18977B,S N CHOLMCILLE C,Dublin,Fingal County Council,N,N,Catholic,29,42,47,33,52,54,53,56,5,371
2024,18979F,S N URSULA,Sligo,Sligo County Council,N,N,Catholic,54,68,45,57,50,51,60,59,,444
2024,18991S,J F K MEMORIAL SCHOOL,Limerick,Limerick City Council,N,N,Catholic,,,,53,38,39,46,44,,220
2024,19000E,S N an Spioraid Naomh C,Cork,Cork City Council,N,N,Catholic,24,33,37,32,31,30,45,42,,274
2024,19001G,BALLYBOGHILL N S,Dublin,Fingal County Council,N,N,Catholic,17,26,35,28,28,29,24,30,,217
2024,19006Q,EOIN BAISDE B SOIS,Dublin,Dublin City Council,N,N,Catholic,72,74,77,81,,,,,6,310
2024,19007S,EOIN BAISDE C NAOIDH,Dublin,Dublin City Council,N,N,Catholic,66,68,69,,,,,,,203
2024,19008U,SCOIL PHADRAIG,Westmeath,Westmeath County Council,N,N,Catholic,9,12,7,11,13,12,14,10,,88
2024,19009W,CRANFORD N S,Donegal,Donegal County Council,Y,N,Catholic,2,10,9,2,8,4,7,6,,48
2024,19015R,ST JOSEPHS G N S,Dublin,Dublin City Council,Y,N,Catholic,12,21,21,22,21,18,20,21,,156
2024,19018A,DANGAN MIXED N S,Meath,Meath County Council,N,N,Catholic,26,25,22,27,31,27,31,22,6,217
2024,19036C,SCOIL PHADRAIG,Monaghan,Monaghan County Council,N,N,Catholic,3,,3,3,2,5,8,2,,26
2024,19037E,ST MONICAS N S,Dublin,Dublin City Council,Y,N,Catholic,15,14,16,,,,,,,45
2024,19043W,NEW QUAY NS,Clare,Clare County Council,N,N,Catholic,7,5,3,3,3,2,7,3,,33
2024,19066L,LORETO NATIONAL SCHOOL,Dublin,Dun Laoghaire Rathdown,N,N,Catholic,50,45,44,27,29,26,51,26,11,309
2024,19089A,KILLAGHTEE N S,Donegal,Donegal County Council,Y,N,Church Of Ireland,1,,3,,2,3,3,4,,16
2024,19114T,ST PATRICK GNS,Dublin,South Dublin County Council,N,N,Catholic,72,102,54,43,43,51,59,55,,479
2024,19162H,THREEMILEHOUSE N S,Monaghan,Monaghan County Council,N,N,Catholic,20,12,15,15,16,15,17,12,17,139
2024,19171I,S N NAOMH MHUIRE,Longford,Longford County Council,N,N,Catholic,7,8,10,10,3,12,5,11,,66
2024,19177U,ST PIUS X N S BOYS,Dublin,South Dublin County Council,N,N,Catholic,71,50,53,76,68,75,58,58,,509
2024,19178W,ST PIUS X G N S,Dublin,South Dublin County Council,N,N,Catholic,56,56,80,84,70,75,62,61,,544
2024,19197D,ST KEVINS B N S,Dublin,Dublin City Council,Y,N,Catholic,20,19,11,15,11,14,19,23,,132
2024,19202Q,DRUMKILLY NS,Cavan,Cavan County Council,N,N,Catholic,12,11,10,13,13,13,17,10,,99
2024,19205W,NAOMH TOLA N S,Westmeath,Westmeath County Council,N,N,Catholic,22,23,26,34,20,32,25,25,6,213
2024,19208F,HOLY SPIRIT B N S,Dublin,Dublin City Council,Y,N,Catholic,29,22,26,40,34,36,29,31,1,248
2024,19209H,SN an Spioraid Naiomh C,Dublin,Dublin City Council,Y,N,Catholic,31,39,27,25,33,29,36,28,6,254
2024,19215C,S N ARD MHUIRE C,Louth,Louth County Council,Y,N,Catholic,33,37,38,39,42,40,44,40,,313
2024,19220S,SCOIL NAOMH IDE,Dublin,South Dublin County Council,N,N,Catholic,49,47,37,19,20,14,26,32,6,250
2024,19221U,SCOIL NAOMH AINE,Dublin,South Dublin County Council,N,N,Catholic,29,39,36,26,23,23,21,28,,225
2024,19223B,S N PADRAIG,Louth,Louth County Council,N,N,Catholic,21,21,17,24,24,20,20,25,11,183
2024,19224D,S N CILLMIN,Cork,Cork County Council,N,N,Catholic,11,13,15,9,11,17,25,18,,119
2024,19228L,S N NAOMH BRID,Donegal,Donegal County Council,Y,Y,Catholic,4,10,12,9,10,8,9,9,,71
2024,19231A,S N BARRA NAOFA BHUACH,Cork,Cork City Council,N,N,Catholic,29,28,46,38,31,41,46,30,,289
2024,19232C,S N BARRA NAOFA CAILINI,Cork,Cork City Council,N,N,Catholic,51,35,43,40,42,31,33,46,3,324
2024,19235I,PORTLEAN N S,Donegal,Donegal County Council,N,N,Presbyterian,1,5,2,2,2,4,4,4,,24
2024,19241D,Scoil Náisiúnta Róis,Galway,Galway City Council,N,N,Catholic,37,26,28,50,26,49,49,50,,315
2024,19242F,OUR LADY OF VICTORIES INFANT N S,Dublin,Dublin City Council,Y,N,Catholic,77,66,67,,,,,,,210
2024,19246N,S N AN TSLANAITHEORA B,Louth,Louth County Council,Y,N,Catholic,16,14,28,15,17,21,23,20,12,166
2024,19247P,S N AN TSLANAITHEORA C,Louth,Louth County Council,Y,N,Catholic,18,17,14,18,16,14,17,18,26,158
2024,19249T,BARRYROE NS,Cork,Cork County Council,N,N,Catholic,29,28,19,18,27,12,20,14,,167
2024,19251G,SCOIL NAOMH DEAGHA,Monaghan,Monaghan County Council,N,N,Catholic,41,30,32,33,30,34,33,29,22,284
2024,19252I,Scoil Eoin Baiste,Donegal,Donegal County Council,Y,N,Catholic,9,18,12,13,10,25,20,20,4,131
2024,19253K,Scoil Naomh Barra,Meath,Meath County Council,N,N,Catholic,27,23,32,25,25,32,36,29,12,241
2024,19255O,ST MICHAELS NS,Leitrim,Leitrim County Council,N,N,Catholic,5,6,5,5,6,15,5,8,,55
2024,19256Q,SCOIL GHOBNATAN,Cork,Cork County Council,Y,N,Catholic,36,64,58,60,56,77,64,82,,497
2024,19257S,STRABAGGAN N S,Roscommon,Roscommon County Council,Y,N,Catholic,6,1,2,6,4,1,4,,,24
2024,19258U,SCOIL PADRAIG NAOFA B,Dublin,Dun Laoghaire Rathdown,N,N,Catholic,56,63,73,60,62,62,76,55,5,512
2024,19259W,ST PATRICKS GNS,Dublin,Dun Laoghaire Rathdown,N,N,Catholic,43,57,56,66,68,58,64,75,,487
2024,19260H,S N CHOLMCILLE,Donegal,Donegal County Council,Y,Y,Catholic,6,4,4,6,4,2,2,7,,35
2024,19267V,TEMPLEORUM N S,Kilkenny,Kilkenny County Council,N,N,Catholic,1,5,5,8,5,11,3,8,,46
2024,19272O,S N Naomh Iosef,Limerick,Limerick County Council,N,N,Catholic,38,30,44,32,36,41,32,37,,290
2024,19274S,ST CONAIRES NS,Clare,Clare County Council,N,N,Catholic,39,38,35,39,52,44,54,46,6,353
2024,19275U,BARNADERG CENTRAL SCH,Galway,Galway County Council,N,N,Catholic,13,9,7,10,14,11,10,10,,84
2024,19276W,ST COLMANS MXD N S,Galway,Galway County Council,N,N,Catholic,26,20,27,23,24,27,25,37,,209
2024,19279F,S N NAOMH TREASA,Longford,Longford County Council,Y,N,Catholic,37,39,32,31,40,32,41,36,21,309
2024,19280N,SCOIL NAOMH BRID,Donegal,Donegal County Council,N,N,Catholic,30,33,30,23,19,26,21,17,,199
2024,19283T,BALLYMACWARD CENTRAL SC,Galway,Galway County Council,N,N,Catholic,9,6,12,16,7,5,17,9,,81
2024,19285A,KILL N S,Cavan,Cavan County Council,N,N,Catholic,18,19,10,20,17,17,12,16,,129
2024,19290Q,BALLYCONEELY N S,Galway,Galway County Council,Y,N,Catholic,4,2,2,2,1,3,2,4,,20
2024,19292U,CASTLETOWN N S,Meath,Meath County Council,N,N,Catholic,10,11,11,12,6,7,11,22,12,102
2024,19294B,LISVERNANE N S,Tipperary,Tipperary (Sr) County Council,N,N,Catholic,15,16,19,13,17,15,14,17,,126
2024,19296F,S N NAOMH COLMCILLE,Longford,Longford County Council,N,N,Catholic,18,27,16,24,14,15,20,13,,147
2024,19297H,CROMCASTLE GREEN B N S,Dublin,Dublin City Council,Y,N,Catholic,13,15,23,26,23,29,32,23,1,185
2024,19298J,SCOIL NAIS IDE CAILINI,Dublin,Dublin City Council,Y,N,Catholic,19,19,15,16,22,17,23,13,12,156
2024,19300Q,CASTLEJORDAN CENTRAL NS,Offaly,Meath County Council,Y,N,Catholic,12,12,15,9,14,14,2,12,,90
2024,19302U,S N na Maighdine Muire B,Dublin,Dublin City Council,Y,N,Catholic,22,23,24,20,11,21,19,21,,161
2024,19303W,VIRGIN MARY GIRLS NATIONAL SCHOOL,Dublin,Dublin City Council,Y,N,Catholic,16,23,22,21,21,21,23,24,6,177
2024,19304B,S N CILLIN LIATH,Kerry,Kerry County Council,Y,Y,Catholic,9,6,5,5,2,5,7,8,,47
2024,19305D,TANKERSTOWN N S,Tipperary,Tipperary (Sr) County Council,N,N,Catholic,7,14,13,11,15,11,10,5,,86
2024,19307H,DERRINAGREE N S,Cork,Cork County Council,N,N,Catholic,11,3,9,10,6,13,6,9,,67
2024,19308J,ST BRIGIDS BOYS N S,Dublin,Dublin City Council,N,N,Catholic,19,43,33,35,26,42,41,41,12,292
2024,19309L,SCOIL NEASAIN,Dublin,Dublin City Council,N,N,Catholic,32,31,31,32,31,32,27,29,,245
2024,19310T,SCOIL NAOMH EARNAN,Donegal,Donegal County Council,Y,N,Catholic,7,8,18,13,7,15,12,12,,92
2024,19313C,GLENSWILLY N S,Donegal,Donegal County Council,N,N,Catholic,43,28,29,36,26,30,33,34,5,264
2024,19314E,Scoil an Maighdine Mhuire Boys,Dublin,Dun Laoghaire Rathdown,N,N,Catholic,20,16,14,26,21,30,30,33,11,201
2024,19317K,RATHANGAN N S,Wexford,Wexford County Council,N,N,Catholic,36,30,33,26,27,26,29,30,,237
2024,19319O,ST Olaf's National School,Dublin,Dun Laoghaire Rathdown,N,N,Catholic,66,76,73,83,82,79,53,61,,573
2024,19320W,OUR LADY OF GOOD COUNSEL BOYS N S,Dublin,Dun Laoghaire Rathdown,N,N,Catholic,40,48,47,46,51,46,54,51,,383
2024,19321B,OUR LADY GOOD COUNSEL GNS,Dublin,Dun Laoghaire Rathdown,N,N,Catholic,38,45,42,45,40,55,56,51,17,389
2024,19322D,KILMORE CENTRAL N S,Cavan,Cavan County Council,N,N,Church Of Ireland,4,3,9,6,9,3,6,3,,43
2024,19323F,S N BEAL ATHA GREAN,Limerick,Limerick County Council,N,N,Catholic,12,5,22,10,13,11,8,13,12,106
2024,19324H,S N TEAGHLAIGH NAOFA,Mayo,Mayo County Council,Y,N,Catholic,8,11,7,6,12,10,11,5,3,73
2024,19326L,BUTLERSBRIDGE NS,Cavan,Cavan County Council,N,N,Catholic,40,23,28,40,27,39,31,26,6,260
2024,19331E,SCOIL CHRIOST RI B,Limerick,Limerick City Council,Y,N,Catholic,38,32,28,28,35,40,40,37,12,290
2024,19332G,S N Muire na hEireann,Limerick,Limerick City Council,Y,N,Catholic,22,33,33,32,47,41,32,33,,273
2024,19333I,DOOISH N S,Donegal,Donegal County Council,N,N,Catholic,18,21,17,29,13,30,24,32,6,190
2024,19335M,Scoil na nAingeal,Dublin,Dun Laoghaire Rathdown,N,N,Catholic,56,56,53,54,55,51,49,56,,430
2024,19336O,SCOIL PHOIL NAOFA,Limerick,Limerick County Council,N,N,Catholic,72,64,69,73,74,71,77,79,,579
2024,19338S,FLAGMOUNT CENTRAL NS,Clare,Clare County Council,N,N,Catholic,5,4,8,4,7,3,3,5,,39
2024,19339U,STRATFORD LODGE NS,Wicklow,Wicklow County Council,N,N,Church Of Ireland,12,14,4,9,6,11,10,7,,73
2024,19342J,SCOIL NAOMH EOIN BAISTE,Cork,Cork County Council,N,N,Catholic,11,4,9,8,11,3,10,8,,64
2024,19343L,S N DHUBHTHAIGH,Donegal,Donegal County Council,Y,Y,Catholic,12,8,9,14,20,11,10,15,,99
2024,19344N,ST AIDANS N S,Kilkenny,Kilkenny County Council,N,N,Catholic,20,18,30,26,15,27,26,23,,185
2024,19345P,BALLYMACARBERRY N S,Waterford,Waterford County Council,N,N,Catholic,19,22,19,21,18,27,21,22,,169
2024,19348V,NEWCESTOWN N S,Cork,Cork County Council,N,N,Catholic,16,24,22,18,33,26,25,37,5,206
2024,19350I,S N CHRUIMIN NAOFA,Westmeath,Westmeath County Council,N,N,Catholic,23,25,32,25,22,27,29,32,,215
2024,19351K,S N CILL CRIODAIN,Cork,Cork County Council,N,N,Catholic,46,35,46,35,35,46,31,34,10,318
2024,19352M,Scoil Nais Realta na Mara,Wexford,Wexford County Council,Y,N,Catholic,35,30,31,34,34,52,43,36,13,308
2024,19353O,ST PATRICKS NS LONGFORD,Longford,Longford County Council,N,N,Catholic,12,12,10,17,8,24,15,20,,118
2024,19354Q,ST COLMANS N S,Offaly,Offaly County Council,N,N,Catholic,10,11,13,6,16,16,12,12,,96
2024,19356U,KILLENAULE N S,Tipperary,Tipperary (Sr) County Council,Y,N,Catholic,15,16,19,17,13,12,18,16,12,138
2024,19357W,S N Tir na Cille,Galway,Galway County Council,N,Y,Catholic,,5,1,2,5,4,7,5,,29
2024,19359D,S N NAOMH AONGHUS,Donegal,Donegal County Council,N,N,Catholic,25,27,22,26,24,25,29,29,11,218
2024,19360L,DRUMKEERIN CENTRAL NS,Leitrim,Leitrim County Council,Y,N,Catholic,6,11,6,7,11,8,6,8,,63
2024,19362P,ST PATRICKS N S,Monaghan,Monaghan County Council,Y,N,Catholic,4,5,6,,4,,11,2,,32
2024,19363R,MULLAHORAN CENTRAL N S,Cavan,Cavan County Council,Y,N,Catholic,25,12,24,17,19,21,24,21,6,169
2024,19364T,KILLEEVAN CENTRAL N S,Monaghan,Monaghan County Council,N,N,Catholic,8,12,15,9,17,11,12,18,,102
2024,19365V,Achadh na Sileann,Leitrim,Leitrim County Council,Y,N,Catholic,5,6,5,2,4,10,7,11,,50
2024,19366A,SCARIFF CENTRAL N S,Clare,Clare County Council,N,N,Catholic,15,21,16,18,20,20,14,22,3,149
2024,19368E,S N NAOMH CIARAN,Roscommon,Roscommon County Council,N,N,Catholic,17,12,16,7,7,16,12,12,5,104
2024,19369G,ST PAULS N S,Laois,Laois County Council,N,N,Church Of Ireland,4,6,5,7,8,2,7,4,,43
2024,19371Q,S N IOGNAID,Galway,Galway City Council,N,N,Catholic,71,53,67,53,55,64,61,75,,499
2024,19374W,Our lady's Grove Primary School,Dublin,Dun Laoghaire Rathdown,N,N,Catholic,43,52,58,57,50,49,56,52,,417
2024,19377F,NAOMH COLMAN MAC DUAIGH,Galway,Galway County Council,N,N,Catholic,17,12,13,10,14,13,13,18,,110
2024,19378H,BALLYNARRY N S,Cavan,Cavan County Council,N,N,Catholic,12,16,18,14,15,10,15,7,,107
2024,19380R,St Oliver Plunkett National School,Galway,Galway County Council,N,N,Catholic,14,18,15,16,9,17,16,15,,120
2024,19381T,RATHMORE N S,Cork,Cork County Council,N,N,Catholic,14,8,19,13,12,14,25,16,,121
2024,19384C,ARDFERT CENTRAL N S,Kerry,Kerry County Council,N,N,Catholic,27,26,31,28,24,28,28,26,,218
2024,19386G,LABASHEEDA CENTRAL N S,Clare,Clare County Council,Y,N,Catholic,3,2,8,3,3,7,3,7,,36
2024,19388K,CLONBERNE CENTRAL SCH,Galway,Galway County Council,Y,N,Catholic,11,12,17,16,7,12,14,17,,106
2024,19389M,SN MUIRE GAN SMAL,Sligo,Sligo County Council,N,N,Catholic,9,10,7,9,14,8,14,15,,86
2024,19390U,ST MARKS SEN NS,Dublin,South Dublin County Council,Y,N,Catholic,,,,,114,123,129,115,11,492
2024,19391W,GARRAFRAUNS CENTRAL SCH,Galway,Galway County Council,N,N,Catholic,7,11,8,13,11,20,13,12,,95
2024,19392B,SCOIL NAOMH AODAIN,Sligo,Sligo County Council,Y,N,Catholic,9,9,12,10,15,8,14,12,,89
2024,19393D,MHUIRE IOSEF JUNIOR,Dublin,Fingal County Council,N,N,Catholic,71,86,88,94,,,,,,339
2024,19394F,ROBEEN CENTRAL N S,Mayo,Mayo County Council,N,N,Catholic,11,15,20,13,13,17,20,9,,118
2024,19395H,SCOIL MOBHI,Dublin,Dublin City Council,N,N,Catholic,30,34,34,32,24,33,31,34,,252
2024,19396J,NA MAIGHDINE MUIRE GIRL,Dublin,Dun Laoghaire Rathdown,N,N,Catholic,17,18,33,22,27,26,45,36,,224
2024,19400U,S N Gleann na gCaorach Iníon Léinín,Dublin,Dun Laoghaire Rathdown,N,N,Church Of Ireland,26,28,27,28,27,27,27,25,,215
2024,19401W,S N CAITRIONA SOIS,Galway,Galway City Council,Y,N,Catholic,87,78,88,94,,,,,20,367
2024,19402B,BALLYVARY CENTRAL N S,Mayo,Mayo County Council,N,N,Catholic,30,27,26,27,17,29,23,25,,204
2024,19404F,SN MHUIRE,Cork,Cork County Council,N,N,Catholic,15,12,21,12,25,24,28,24,5,166
2024,19406J,HOLY TRINITY SEN N S,Dublin,Dublin City Council,N,N,Catholic,,,,,95,95,98,103,10,401
2024,19407L,SCOIL BHRIDE,Kildare,Kildare County Council,N,N,Catholic,41,53,22,48,26,54,29,27,6,306
2024,19408N,RATHCORMACK N S,Sligo,Sligo County Council,N,N,Catholic,27,29,28,26,28,36,42,37,,253
2024,19411C,S N BAILE RAIGHIN,Donegal,Donegal County Council,N,N,Church Of Ireland,24,22,26,29,29,27,30,29,6,222
2024,19415K,Scoil an Athar Tadhg,Cork,Cork County Council,N,N,Catholic,39,46,23,37,39,36,40,40,30,330
2024,19416M,ST PAULS NS COLLOONEY,Sligo,Sligo County Council,N,N,Church Of Ireland,7,9,8,9,10,13,8,12,,76
2024,19418Q,CASTLERAHAN CENTRAL NS,Cavan,Cavan County Council,N,N,Catholic,11,15,11,7,14,13,11,14,2,98
2024,19419S,GOREY CENTRAL SCHOOL,Wexford,Wexford County Council,N,N,Church Of Ireland,28,23,30,25,28,32,33,33,12,244
2024,19420D,SN FHIACHNA,Cork,Cork County Council,N,N,Catholic,4,11,8,13,4,7,10,7,,64
2024,19422H,CLOUGHJORDAN NO 1 N S,Tipperary,Tipperary (Nr) County Council,N,N,Church Of Ireland,2,9,8,8,16,10,10,13,,76
2024,19423J,ST PATRICKS NS,Leitrim,Leitrim County Council,N,N,Catholic,29,24,30,30,27,32,36,30,8,246
2024,19425N,BALLYROE CENTRAL N S,Kildare,Kildare County Council,Y,N,Catholic,1,2,1,4,2,3,4,5,,22
2024,19426P,S N MHARCUIS B,Cork,Cork City Council,Y,N,Catholic,5,9,6,8,7,10,8,7,28,88
2024,19427R,S N BHREANNDAIN C,Cork,Cork City Council,Y,N,Catholic,4,14,8,14,9,10,7,14,30,110
2024,19430G,SCOIL AN TSEACHTAR LAOCH,Dublin,Dublin City Council,Y,N,Catholic,25,22,19,11,23,18,22,25,,165
2024,19431I,ST JOSEPHS JNR,Dublin,Dublin City Council,Y,N,Catholic,37,39,40,40,,,,,,156
2024,19432K,CROSSKEYS CENTRAL N S,Cavan,Cavan County Council,N,N,Catholic,8,15,17,8,17,16,9,12,,102
2024,19434O,LATTON,Monaghan,Monaghan County Council,N,N,Catholic,11,20,16,23,24,24,22,17,,157
2024,19435Q,ST FRANCIS XAVIER J N S,Dublin,Fingal County Council,N,N,Catholic,87,101,102,98,,,,,,388
2024,19436S,S N Naomh Mhichil,Kerry,Kerry County Council,N,Y,Catholic,4,11,3,5,5,6,6,8,,48
2024,19437U,SCOIL NAITHI,Dublin,Dun Laoghaire Rathdown,N,N,Catholic,30,31,30,28,31,27,27,27,,231
2024,19438W,SCOIL COLMCILLE SENIOR,Dublin,Dun Laoghaire Rathdown,Y,N,Catholic,,,,,29,47,30,41,6,153
2024,19442N,RUAN CENTRAL NS,Clare,Clare County Council,N,N,Catholic,5,8,11,8,9,12,12,12,,77
2024,19443P,CLONEA NS,Waterford,Waterford County Council,N,N,Catholic,10,13,9,5,8,9,8,5,,67
2024,19446V,SCOIL MHUIRE BOYS,Dublin,South Dublin County Council,N,N,Catholic,38,41,39,60,53,51,48,58,,388
2024,19448C,S N Réalt na Mara,Kerry,Kerry County Council,N,N,Catholic,12,9,10,7,13,7,13,12,2,85
2024,19449E,ST OLIVER PLUNKETTS NS,Galway,Galway County Council,N,N,Catholic,28,19,26,23,28,27,27,21,,199
2024,19451O,NEWPORT CENTRAL,Mayo,Mayo County Council,Y,N,Catholic,21,28,29,25,32,30,36,28,18,247
2024,19452Q,SCOIL MHUIRE,Kildare,Kildare County Council,Y,N,Catholic,,,,,88,103,96,94,6,387
2024,19454U,DARNDALE NS JUNIOR,Dublin,Dublin City Council,Y,N,Catholic,33,50,35,35,,,,,6,159
2024,19456B,ST CRONANS JUNIOR NATIONAL SCHOOL,Dublin,Fingal County Council,N,N,Catholic,141,121,112,118,,,,,7,499
2024,19458F,KILGARVAN CENTRAL SCHL,Kerry,Kerry County Council,N,N,Catholic,15,9,18,9,16,14,10,13,,104
2024,19459H,Scoil Mhuire,Kildare,Kildare County Council,N,N,Catholic,25,26,46,43,30,31,32,53,12,298
2024,19461R,EILTIN NAOFA,Kerry,Kerry County Council,N,N,Catholic,6,11,5,9,10,14,11,12,,78
2024,19462T,SCOIL MAELRUAIN JUNIOR,Dublin,South Dublin County Council,N,N,Catholic,100,86,97,96,,,,,,379
2024,19463V,SCOIL MAELRUAIN SENIOR,Dublin,South Dublin County Council,N,N,Catholic,,,,,94,99,94,101,,388
2024,19465C,ST KEVINS BOYS,Dublin,South Dublin County Council,N,N,Catholic,24,34,37,25,48,29,41,27,12,277
2024,19466E,ST KEVINS GIRLS,Dublin,South Dublin County Council,N,N,Catholic,34,21,44,26,32,30,26,30,10,253
2024,19467G,SAINT MELS,Longford,Longford County Council,N,N,Catholic,24,23,20,24,27,23,26,24,,191
2024,19468I,SN CAITRIONA SINSEAR,Galway,Galway City Council,Y,N,Catholic,,,,,82,83,91,86,19,361
2024,19469K,NAOMH OLIVER PLUNKETT,Monaghan,Monaghan County Council,N,N,Catholic,34,18,35,26,29,30,29,28,29,258
2024,19470S,ST FRANCIS XAVIER SENIOR N S,Dublin,Fingal County Council,N,N,Catholic,,,,,91,91,100,88,6,376
2024,19471U,ST PAULS JUNIOR NATIONAL SCHOOL,Dublin,Dublin City Council,N,N,Catholic,52,54,55,70,,,,,1,232
2024,19472W,ST MARKS JUNIOR MIXED,Dublin,South Dublin County Council,Y,N,Catholic,110,102,115,123,,,,,14,464
2024,19473B,SCOIL BHRIDE,Dublin,Dublin City Council,N,N,Catholic,78,93,97,95,,,,,12,375
2024,19474D,SCOIL COLMCILLE NAOFA,Dublin,South Dublin County Council,N,N,Catholic,170,175,200,187,,,,,6,738
2024,19475F,ST BRIGIDS NS,Limerick,Limerick City Council,Y,N,Catholic,59,66,51,54,49,70,55,55,6,465
2024,19476H,ST OLIVER PLUNKETT NS,Meath,Meath County Council,Y,N,Catholic,34,49,41,57,52,48,55,51,12,399
2024,19477J,HOLY FAMILY B N S,Carlow,Carlow County Council,Y,N,Catholic,38,36,35,40,32,39,39,46,3,308
2024,19478L,Holy Family Girls N S,Carlow,Carlow County Council,Y,N,Catholic,28,44,28,39,38,42,45,47,6,317
2024,19479N,RATHMULLAN N S,Louth,Louth County Council,Y,N,Catholic,88,103,111,104,,,,,6,412
2024,19480V,ST PATRICKS,Dublin,Dublin City Council,N,N,Church Of Ireland,,,,,6,3,9,5,,23
2024,19483E,S N DAR EARCA,Kerry,Kerry County Council,Y,N,Catholic,6,11,6,3,4,7,5,6,,48
2024,19486K,SCOIL NAIS DEAGLAIN,Meath,Meath County Council,N,N,Catholic,80,80,80,79,80,81,87,80,,647
2024,19487M,HOLY CROSS PRIMARY SCHOOL,Kerry,Kerry County Council,N,N,Catholic,53,57,58,44,32,35,30,43,21,373
2024,19488O,SCOIL NAOMH FEICHIN,Mayo,Mayo County Council,Y,N,Catholic,,3,3,2,6,8,3,2,,27
2024,19489Q,S N Naomh Finnin,Dublin,Dublin City Council,Y,N,Catholic,36,40,45,38,27,27,37,27,,277
2024,19490B,SCOIL MHUIRE,Dublin,South Dublin County Council,Y,N,Catholic,16,15,23,28,29,24,29,29,17,210
2024,19491D,SCOIL MHUIRE,Donegal,Donegal County Council,Y,N,Catholic,23,23,27,28,24,19,29,27,,200
2024,19492F,S N Oilibhear Naofa,Kerry,Kerry County Council,Y,N,Catholic,14,7,5,9,3,5,13,1,,57
2024,19494J,BISHOP GALVIN NS,Dublin,South Dublin County Council,N,N,Catholic,,,,,110,112,115,107,6,450
2024,19495L,Carbury National School,Sligo,Sligo County Council,N,N,Church Of Ireland,21,25,29,27,25,28,29,27,,211
2024,19496N,SCOIL FHIACHRA SOISIR,Dublin,Dublin City Council,N,N,Catholic,145,140,140,157,,,,,,582
2024,19497P,SCOIL MHUIRE,Dublin,Dun Laoghaire Rathdown,Y,N,Catholic,20,27,27,31,25,29,38,35,6,238
2024,19501D,Cahermore New Central School,Cork,Cork County Council,Y,N,Catholic,11,5,6,9,7,2,11,4,,55
2024,19502F,SCOIL AENGHUSA JUN NS,Dublin,South Dublin County Council,Y,N,Catholic,45,36,38,54,,,,,,173
2024,19503H,SCOIL CHRONAIN,Dublin,South Dublin County Council,N,N,Catholic,41,49,40,52,51,54,38,56,,381
2024,19505L,SN OILIBHEIR,Dublin,Fingal County Council,N,N,Catholic,30,37,29,27,26,52,30,27,6,264
2024,19506N,CAPPATAGLE CENTRAL SCH,Galway,Galway County Council,N,N,Catholic,10,10,13,13,13,12,16,15,6,108
2024,19507P,SCOIL CHAITIGHEIRN,Cork,Cork County Council,Y,N,Catholic,11,14,1,16,4,4,9,13,,72
2024,19509T,SCOIL NANO NAGLE,Dublin,South Dublin County Council,Y,N,Catholic,69,56,64,70,,,,,1,260
2024,19510E,TALBOT SENIOR NS,Dublin,South Dublin County Council,Y,N,Catholic,,,,,57,78,80,72,1,288
2024,19511G,ST SAVIOURS NS,Waterford,Waterford City Council,Y,N,Catholic,40,47,31,46,33,45,49,45,1,337
2024,19512I,ST OLIVERS NS,Kerry,Kerry County Council,N,N,Catholic,68,61,73,74,73,68,70,83,52,622
2024,19515O,S N Naomh Teresa,Dublin,Fingal County Council,Y,N,Catholic,37,41,46,36,48,51,53,56,9,377
2024,19518U,S N NAOMH BAOITHIN,Donegal,Donegal County Council,Y,N,Catholic,11,11,13,10,19,16,10,6,10,106
2024,19519W,ST BRIDS,Leitrim,Leitrim County Council,Y,N,Catholic,10,18,17,17,21,16,30,29,,158
2024,19524P,OUR LADY IMMAC SEN N S,Dublin,Dublin City Council,Y,N,Catholic,,,,,39,48,54,43,,184
2024,19525R,MHICHIL NAOFA,Cork,Cork County Council,Y,N,Catholic,4,4,1,3,4,1,3,3,,23
2024,19526T,SN CILL DAIRBHRE,Cork,Cork County Council,N,N,Catholic,21,28,20,21,18,22,23,31,,184
2024,19527V,CABRA CENTRAL N S,Cavan,Cavan County Council,N,N,Church Of Ireland,2,10,7,7,5,7,5,10,,53
2024,19528A,RAMSGRANGE CENTRAL N S,Wexford,Wexford County Council,N,N,Catholic,2,3,4,8,8,11,5,11,,52
2024,19529C,SCOIL MHUIRE,Galway,Galway County Council,N,Y,Catholic,47,47,51,52,50,55,49,51,,402
2024,19533Q,S N MUIRE AGUS IOSEF,Dublin,Fingal County Council,N,N,Catholic,,,,,99,103,97,104,,403
2024,19534S,BALLYBAY NATIONAL SCHOOL,Roscommon,Roscommon County Council,N,N,Catholic,23,29,26,28,30,23,28,24,4,215
2024,19535U,BRACKENSTOWN SENIOR N S,Dublin,Fingal County Council,N,N,Catholic,,,,,137,142,127,144,19,569
2024,19536W,HOLY FAMILY,Kerry,Kerry County Council,Y,N,Catholic,27,37,39,33,26,30,51,34,6,283
2024,19537B,ST ATTRACTAS JUNIOR N S,Dublin,Dun Laoghaire Rathdown,N,N,Catholic,76,86,86,90,,,,,,338
2024,19538D,ST KEVINS JUNIOR N S,Dublin,Dublin City Council,N,N,Catholic,28,51,40,41,,,,,12,172
2024,19540N,CLOGHEEN CENTRAL N S,Tipperary,Tipperary (Sr) County Council,Y,N,Catholic,13,6,10,12,10,4,10,13,,78
2024,19541P,BELGARD HEIGHTS N S,Dublin,South Dublin County Council,Y,N,Catholic,33,36,43,49,51,47,53,52,17,381
2024,19542R,ST THOMAS JUNIOR NATIONAL SCHOOL,Dublin,South Dublin County Council,N,N,Catholic,148,127,145,148,,,,,,568
2024,19543T,S N an Croi Ro Naofa,Dublin,South Dublin County Council,Y,N,Catholic,,,,,50,54,61,44,,209
2024,19544V,KILCHREEST CENTRAL SCH,Galway,Galway County Council,N,N,Catholic,11,18,12,13,11,15,17,10,,107
2024,19545A,St. Patrick's Junior NS,Dublin,Fingal County Council,Y,N,Catholic,43,48,38,39,,,,,6,174
2024,19546C,ST OLIVER PLUNKETT N S,Dublin,Dublin City Council,Y,N,Catholic,21,28,28,26,,,,,6,109
2024,19549I,ST FINTANS NS,Dublin,Fingal County Council,N,N,Catholic,46,56,60,60,49,59,58,60,,448
2024,19550Q,BALLYMANY JUNIOR NS,Kildare,Kildare County Council,Y,N,Catholic,77,76,98,94,,,,,6,351
2024,19551S,INCHICRONAN CENTRAL NS,Clare,Clare County Council,N,N,Catholic,11,15,23,19,18,27,15,18,,146
2024,19552U,NAOMH TOLA,Clare,Clare County Council,N,N,Catholic,16,19,27,32,23,29,24,29,12,211
2024,19554B,SCOIL MHUIRE,Leitrim,Leitrim County Council,N,N,Catholic,14,15,14,20,17,19,17,16,,132
2024,19556F,ST KILIANS JUNIOR SCHOOL,Dublin,South Dublin County Council,N,N,Catholic,84,67,68,70,,,,,,289
2024,19557H,CAHERAGH NS,Cork,Cork County Council,N,N,Catholic,9,3,7,10,8,9,7,5,,58
2024,19559L,CHRIOST RI,Clare,Clare County Council,Y,N,Catholic,23,32,24,30,36,35,30,25,,235
2024,19565G,SCOIL TREASA FIRHOUSE,Dublin,South Dublin County Council,N,N,Catholic,,,,,96,88,94,107,1,386
2024,19566I,OUR LADY QUEEN OF APOSTLES,Dublin,South Dublin County Council,Y,N,Catholic,56,46,63,59,56,65,62,63,,470
2024,19568M,ST PATRICKS,Cavan,Cavan County Council,N,N,Catholic,5,7,7,8,7,7,7,8,,56
2024,19569O,NEILLSTOWN N S,Dublin,South Dublin County Council,Y,N,Catholic,51,54,66,58,,,,,18,247
2024,19573F,ST LAURENCES N S,Wicklow,Wicklow County Council,N,N,Catholic,85,70,82,85,85,86,96,84,,673
2024,19574H,MARLEY GRANGE NS,Dublin,South Dublin County Council,N,N,Catholic,56,56,56,58,56,52,71,60,,465
2024,19575J,ST MARYS JUNIOR N S,Dublin,South Dublin County Council,Y,N,Catholic,39,47,41,60,,,,,,187
2024,19576L,S N AENGHUSA,Dublin,South Dublin County Council,Y,N,Catholic,,,,,52,53,52,48,,205
2024,19577N,SCOIL IOSA,Dublin,South Dublin County Council,Y,N,Catholic,9,12,12,9,9,11,16,13,12,103
2024,19578P,ST HELENS JUNIOR N S,Dublin,Fingal County Council,N,N,Catholic,76,69,82,85,,,,,18,330
2024,19582G,TALLAGHT COMMUNITY NATIONAL SCHOOL,Dublin,South Dublin County Council,Y,N,Multi Denominational,20,17,17,7,16,18,20,15,12,142
2024,19583I,ST JOSEPHS SENIOR N S,Dublin,Dublin City Council,Y,N,Catholic,,,,,36,42,39,32,5,154
2024,19584K,SCOIL CHUALANN,Wicklow,Wicklow County Council,N,N,Catholic,26,29,23,16,29,27,19,20,,189
2024,19589U,GAELSCOIL INSE CHOR,Dublin,Dublin City Council,N,N,Catholic,24,26,28,28,25,28,23,26,,208
2024,19595P,ST MARYS CENTRAL SCHOOL,Cork,Cork County Council,N,N,Catholic,19,28,25,23,22,22,25,29,,193
2024,19596R,CROSSERLOUGH N S,Cavan,Cavan County Council,N,N,Catholic,12,12,8,15,12,11,13,9,,92
2024,19597T,AN LINBH IOSA,Kildare,Kildare County Council,N,N,Catholic,50,51,54,51,54,53,54,57,6,430
2024,19598V,Scoil Mhuire na nGael,Louth,Louth County Council,N,N,Catholic,64,64,68,76,81,85,81,83,24,626
2024,19600F,S N NAOMH MHUIRE,Leitrim,Leitrim County Council,Y,N,Catholic,7,6,4,7,,4,4,4,,36
2024,19601H,ST PHILIP THE APOSTLE JUNIOR N S,Dublin,Fingal County Council,Y,N,Catholic,47,48,38,56,,,,,12,201
2024,19604N,SCOIL MHUIRE,Wexford,Wexford County Council,Y,N,Catholic,20,33,32,30,34,28,32,30,,239
2024,19605P,SCOIL NAIS MHUIRE SOIS,Dublin,Fingal County Council,Y,N,Catholic,40,45,47,46,,,,,5,183
2024,19607T,KILPATRICK NS,Westmeath,Westmeath County Council,N,N,Catholic,28,28,27,27,28,29,30,28,,225
2024,19608V,ST KILLIANS N S,Cavan,Cavan County Council,N,N,Catholic,35,39,37,40,37,45,33,50,19,335
2024,19611K,SCOIL NAOMH COLMCILLE,Dublin,Dublin City Council,N,N,Catholic,,,,1,55,50,49,47,20,222
2024,19612M,DALKEY SCHOOL PROJECT,Dublin,Dun Laoghaire Rathdown,N,N,Multi Denominational,27,28,28,28,26,30,30,27,,224
2024,19613O,SCOIL CNOC MHUIRE SIN,Dublin,South Dublin County Council,Y,N,Catholic,,,,,28,39,34,39,6,146
2024,19614Q,NAOMH BODAIN,Donegal,Donegal County Council,Y,N,Catholic,14,15,15,10,17,8,15,7,,101
2024,19616U,SCOIL MHUIRE,Waterford,Waterford County Council,Y,N,Catholic,14,11,17,24,17,21,23,16,6,149
2024,19617W,ST MARTIN DE PORRES N S,Dublin,South Dublin County Council,N,N,Catholic,54,47,44,53,46,38,49,52,11,394
2024,19618B,ST PAULS SEN NS,Dublin,Dublin City Council,N,N,Catholic,,,,,58,52,57,54,3,224
2024,19619D,ST MALACHYS NS,Dublin,Dublin City Council,Y,N,Catholic,,,,,35,33,39,44,,151
2024,19624T,SCOIL NAIS CAITRIONA,Dublin,Fingal County Council,N,N,Catholic,20,19,37,32,28,34,50,47,11,278
2024,19625V,Scoil Réalt na Mara,Dublin,Fingal County Council,N,N,Catholic,51,35,40,32,29,46,52,50,6,341
2024,19626A,ST CANICES CENTRAL N S,Kilkenny,Kilkenny County Council,N,N,Catholic,73,78,77,84,73,80,83,79,18,645
2024,19627C,JOHN PAUL II N S,Dublin,Fingal County Council,N,N,Catholic,,,,137,132,129,136,143,,677
2024,19628E,ST FIACHRAS SEN N S,Dublin,Dublin City Council,N,N,Catholic,,,,,152,151,159,171,,633
2024,19629G,HOLY CROSS SCHOOL,Waterford,Waterford County Council,N,N,Catholic,70,73,53,67,83,68,93,81,,588
2024,19631Q,GAELSCOIL MHIC EASMAINN,Kerry,Kerry County Council,N,N,Catholic,55,52,56,55,47,50,49,50,,414
2024,19632S,BALLINAHOWN NS,Westmeath,Westmeath County Council,N,N,Catholic,6,10,14,12,13,11,14,14,,94
2024,19633U,MOYLE N S,Donegal,Donegal County Council,N,N,Presbyterian,7,10,13,13,11,7,8,11,,80
2024,19635B,RANSBORO NEW CENTRAL,Sligo,Sligo County Council,N,N,Catholic,34,24,39,21,30,32,24,31,12,247
2024,19636D,ST PATRICKS SENIOR SCHOOL,Dublin,Fingal County Council,Y,N,Catholic,,,,1,38,41,55,60,10,205
2024,19637F,SCOIL FIONNBARRA,Cork,Cork County Council,N,Y,Catholic,18,7,11,13,12,13,18,9,,101
2024,19638H,COOLDERRY CENTRAL NS,Offaly,Offaly County Council,N,N,Catholic,11,7,12,10,11,15,5,15,,86
2024,19640R,SCOIL MHUIRE,Tipperary,Tipperary (Nr) County Council,N,N,Catholic,14,14,14,17,8,17,19,14,,117
2024,19641T,SCOIL CHOLMCILLE JUNIOR NS,Dublin,Dun Laoghaire Rathdown,Y,N,Catholic,28,32,32,30,,,,,,122
2024,19642V,ST PETER APOSTLE SEN NS,Dublin,South Dublin County Council,Y,N,Catholic,,,,,54,72,78,64,12,280
2024,19643A,ST PHILIPS SENIOR N S,Dublin,Fingal County Council,Y,N,Catholic,,,,,50,52,62,63,2,229
2024,19644C,ST CIARANS N S,Dublin,Fingal County Council,N,N,Catholic,61,49,68,75,67,78,73,74,9,554
2024,19645E,ST OLIVER PLUNKETTS NS,Tipperary,Tipperary (Sr) County Council,Y,N,Catholic,25,46,33,41,43,33,48,42,,311
2024,19646G,SCOIL SANTAIN,Dublin,South Dublin County Council,Y,N,Catholic,27,31,33,32,36,44,36,30,,269
2024,19647I,ST MARYS SEN N S,Dublin,South Dublin County Council,Y,N,Catholic,,,,,26,49,36,59,22,192
2024,19650U,SCOIL CHOLMAIN NAOFA,Westmeath,Westmeath County Council,Y,N,Catholic,51,49,73,55,56,58,56,66,,464
2024,19651W,CARRACASTLE CENTRAL NS,Mayo,Mayo County Council,Y,N,Catholic,6,16,11,15,6,9,11,7,,81
2024,19652B,AN CHROI RO NAOFA SOIS,Dublin,South Dublin County Council,Y,N,Catholic,39,42,45,48,,,,,5,179
2024,19653D,SAN CARLO JUNIOR NS,Kildare,Kildare County Council,N,N,Catholic,58,67,75,59,,,,,4,263
2024,19658N,BISHOP SHANAHAN NS,Dublin,South Dublin County Council,N,N,Catholic,111,104,109,117,,,,,,441
2024,19659P,ST BRENDANS N S,Kerry,Kerry County Council,N,N,Catholic,6,3,6,1,6,10,4,5,6,47
2024,19660A,RUSH NS,Dublin,Fingal County Council,N,N,Catholic,75,85,92,82,95,83,85,111,,708
2024,19661C,ST GABRIELS NS,Dublin,Dublin City Council,Y,N,Catholic,19,20,20,44,35,34,26,36,,234
2024,19662E,ST MICHAELS NS,Dublin,Dublin City Council,Y,N,Catholic,41,40,45,43,40,42,34,46,,331
2024,19663G,ST RAPHAELS NS,Dublin,Dublin City Council,Y,N,Catholic,43,49,53,43,39,49,53,48,,377
2024,19667O,OUR LADY OF LOURDES N S,Limerick,Limerick City Council,Y,N,Catholic,19,20,21,22,24,21,18,20,,165
2024,19668Q,ST FRANCIS SENIOR N S,Dublin,Dublin City Council,Y,N,Catholic,,,,,53,46,60,36,,195
2024,19669S,LADY OF GOOD COUNSEL BOYS SENIOR NS,Dublin,Dublin City Council,Y,N,Catholic,,,,25,15,21,27,28,12,128
2024,19671F,ST PAULS N S,Meath,Meath County Council,N,N,Catholic,91,80,84,93,90,103,99,108,12,760
2024,19672H,Scoil Mhuire na nGrast,Cork,Cork County Council,N,N,Catholic,45,47,40,37,45,46,56,30,6,352
2024,19673J,ST JOSEPHS N S,Louth,Louth County Council,Y,N,Catholic,58,61,70,64,82,79,70,72,13,569
2024,19675N,ST BRIGIDS N S,Kildare,Kildare County Council,N,N,Catholic,69,60,76,81,69,90,74,97,18,634
2024,19676P,SCOIL AINE NAOFA,Dublin,South Dublin County Council,N,N,Catholic,,,,,138,154,159,160,6,617
2024,19677R,SCOIL IOSAGAIN,Tipperary,Tipperary (Nr) County Council,N,N,Catholic,13,10,21,14,23,19,13,16,,129
2024,19678T,ST PAULS SENIOR NS,Louth,Louth County Council,Y,N,Catholic,,,,,103,115,112,129,12,471
2024,19679V,S N AODHAIN NAOFA,Cavan,Cavan County Council,N,N,Catholic,10,9,9,11,14,8,6,10,,77
2024,19680G,SCOIL C.UI DHALAIGH,Kildare,Kildare County Council,N,N,Catholic,60,45,53,41,50,45,40,47,,381
2024,19684O,SCOIL EOIN PHOIL,Kildare,Kildare County Council,N,N,Catholic,39,24,26,26,38,28,33,55,3,272
2024,19685Q,SCOIL CHARTHA NAOFA,Donegal,Donegal County Council,Y,Y,Catholic,9,10,16,20,11,12,8,15,6,107
2024,19686S,ST MACARTANS CENTRAL,Donegal,Donegal County Council,Y,N,Catholic,32,30,28,46,29,34,54,29,,282
2024,19688W,DROMORE WEST CENTRAL,Sligo,Sligo County Council,Y,N,Catholic,17,12,7,12,7,4,11,9,,79
2024,19689B,BANSHA N S,Tipperary,Tipperary (Sr) County Council,Y,N,Catholic,5,11,9,7,10,5,8,7,6,68
2024,19690J,CLONOULTY CENTRAL N S,Tipperary,Tipperary (Sr) County Council,N,N,Catholic,7,15,11,15,9,6,17,11,,91
2024,19692N,ST JOHN THE BAPTIST,Tipperary,Tipperary (Sr) County Council,Y,N,Catholic,42,29,35,30,31,56,38,53,,314
2024,19693P,MARY QUEEN OF IRELAND N S,Dublin,Fingal County Council,Y,N,Catholic,15,8,15,14,10,16,13,14,,105
2024,19694R,SCOIL MHUIRE SIN,Dublin,Fingal County Council,Y,N,Catholic,,,,,43,53,60,72,5,233
2024,19696V,CASHEL DEANERY,Tipperary,Tipperary (Sr) County Council,N,N,Church Of Ireland,3,2,4,6,1,4,5,4,,29
2024,19698C,ST AIDANS NS,Clare,Clare County Council,N,N,Catholic,34,24,29,52,31,33,28,37,6,274
2024,19700J,LISDOONVARNA N S,Clare,Clare County Council,Y,N,Catholic,15,19,14,16,12,21,21,15,,133
2024,19702N,ST THOMAS JUNIOR N S,Dublin,South Dublin County Council,Y,N,Catholic,70,79,83,76,,,,,,308
2024,19703P,DRUMCORRIN N S,Monaghan,Monaghan County Council,N,N,Presbyterian,3,3,1,,3,3,1,2,,16
2024,19707A,ST RONANS N S,Dublin,South Dublin County Council,Y,N,Catholic,44,39,50,38,54,51,43,53,,372
2024,19710M,BARNACARROLL CENTRAL NS,Mayo,Mayo County Council,N,N,Catholic,20,26,27,23,30,26,32,23,,207
2024,19713S,ARDEN BOYS NS,Offaly,Offaly County Council,Y,N,Catholic,,,,,51,46,62,48,6,213
2024,19714U,Scoil Mhuire ar Chnoc hAoine,Cork,Cork City Council,Y,N,Catholic,23,13,21,24,25,25,25,33,22,211
2024,19716B,ST ATTRACTAS SENIOR N S,Dublin,Dun Laoghaire Rathdown,N,N,Catholic,,,,,93,88,86,86,,353
2024,19720P,N MICHEAL AGUS PADRAIG,Roscommon,Roscommon County Council,N,N,Catholic,17,12,14,18,25,22,22,22,4,156
2024,19721R,HOLY FAMILY JUNIOR N S,Dublin,Fingal County Council,N,N,Catholic,141,141,145,154,,,,,,581
2024,19723V,QUEEN OF ANGELS PRIMARY SCHOOL,Dublin,Dun Laoghaire Rathdown,Y,N,Catholic,31,29,30,32,29,28,37,36,,252
2024,19725C,GAELSCOIL EANNA,Meath,Meath County Council,N,N,Catholic,17,14,12,11,13,22,18,19,11,137
2024,19726E,STRADBALLY C. OF IRE. NS,Waterford,Waterford County Council,N,N,Church Of Ireland,3,5,1,4,1,3,5,2,,24
2024,19727G,ST MARYS CENTRAL N S,Dublin,Dublin City Council,N,N,Catholic,65,66,72,78,76,83,85,80,2,607
2024,19730S,SCOIL OILIBHEIR,Cork,Cork City Council,Y,N,Catholic,61,54,56,57,74,62,52,72,7,495
2024,19734D,ST FRANCIS N S,Wicklow,Wicklow County Council,N,N,Church Of Ireland,13,12,16,9,8,10,13,14,,95
2024,19736H,SCOIL PHADRAIG,Monaghan,Monaghan County Council,N,N,Catholic,15,21,11,17,19,21,17,17,,138
2024,19737J,CASTLEBLAYNEY CENT N S,Monaghan,Monaghan County Council,N,N,Presbyterian,1,1,1,2,1,2,,2,,10
2024,19738L,ST DYMPNAS NS,Monaghan,Monaghan County Council,N,N,Catholic,17,19,15,14,14,17,14,12,5,127
2024,19739N,SCOIL MHUIRE COOLCOTTS,Wexford,Wexford County Council,Y,N,Catholic,70,61,78,79,74,72,70,84,24,612
2024,19740V,S N AONGHUSA,Louth,Louth County Council,N,N,Catholic,18,23,23,19,20,18,21,20,,162
2024,19741A,SCOIL MHUIRE,Wexford,Wexford County Council,N,N,Catholic,11,12,8,16,10,15,21,17,,110
2024,19742C,ST COLMCILLE SENIOR N S,Dublin,South Dublin County Council,N,N,Catholic,,,,,180,185,201,191,,757
2024,19743E,ST BERNADETTES JUNIOR N S,Dublin,South Dublin County Council,Y,N,Catholic,39,40,33,48,,,,,12,172
2024,19744G,NIOCLAS NAOFA,Galway,Galway County Council,N,N,Catholic,29,33,29,29,23,23,32,30,,228
2024,19745I,Scartaglin New Central School,Kerry,Kerry County Council,N,N,Catholic,15,14,13,13,16,21,17,20,,129
2024,19747M,SCOIL BHRIDE NS,Laois,Laois County Council,Y,N,Catholic,76,92,80,97,99,102,86,97,8,737
2024,19748O,Scoil Mhuire na nAird,Wicklow,Wicklow County Council,N,N,Catholic,9,10,8,10,6,10,16,11,,80
2024,19750B,SCOIL MHUIRE,Laois,Laois County Council,N,N,Catholic,29,36,22,38,27,28,31,26,24,261
2024,19753H,St Emer's National School,Longford,Longford County Council,Y,N,Catholic,28,26,28,30,26,29,26,26,,219
2024,19754J,BRAY SCHOOL PROJECT N S,Wicklow,Wicklow County Council,N,N,Multi Denominational,26,28,29,28,26,27,28,27,12,231
2024,19755L,SACRED HEART N S,Dublin,Fingal County Council,N,N,Catholic,61,84,72,75,80,92,88,93,16,661
2024,19756N,ST CONALS,Donegal,Donegal County Council,Y,N,Catholic,4,7,9,7,6,10,7,13,,63
2024,19761G,DUNGOURNEY CENTRAL N SC,Cork,Cork County Council,N,N,Catholic,20,24,26,26,27,22,29,29,,203
2024,19762I,ST HELENS SENIOR N S,Dublin,Fingal County Council,N,N,Catholic,,,,,77,96,90,96,12,371
2024,19764M,OUR LADY OF WAYSIDE N S,Dublin,Dublin City Council,Y,N,Catholic,19,14,15,20,13,16,12,10,6,125
2024,19765O,ST THOMAS SENIOR N S,Dublin,South Dublin County Council,Y,N,Catholic,,,,,75,88,97,97,,357
2024,19768U,SCOIL MHUIRE,Meath,Meath County Council,N,N,Catholic,61,61,59,60,61,60,59,60,,481
2024,19769W,SCOIL THOMAIS,Dublin,Fingal County Council,N,N,Catholic,84,65,77,93,73,84,85,73,6,640
2024,19770H,GURTEEN CENTRAL NS,Galway,Galway County Council,N,N,Catholic,2,4,8,6,8,5,9,6,,48
2024,19771J,SCOIL BARRA,Cork,Cork City Council,N,N,Catholic,54,62,51,55,51,66,54,55,,448
2024,19774P,ST JOSEPHS MXD N S,Dublin,Dublin City Council,Y,N,Catholic,48,23,23,26,25,27,26,27,,225
2024,19775R,SCOIL CNOC MHUIRE JUNIOR,Dublin,South Dublin County Council,Y,N,Catholic,37,31,37,34,,,,,12,151
2024,19776T,GEESALA CENTRAL SCHOOL,Mayo,Mayo County Council,Y,Y,Catholic,3,4,4,2,7,4,2,9,,35
2024,19777V,GAELSCOIL MIDE,Dublin,Dublin City Council,N,N,Catholic,25,31,20,27,30,28,30,30,,221
2024,19779C,Gaelscoil na Cille,Meath,Meath County Council,N,N,Catholic,24,29,30,29,28,30,28,29,,227
2024,19780K,SCOIL BRIDE,Monaghan,Monaghan County Council,N,N,Catholic,12,13,9,13,16,17,18,19,,117
2024,19782O,ST BRIGIDS N S,Dublin,South Dublin County Council,Y,N,Catholic,51,46,54,55,,,,,6,212
2024,19784S,ST LASERIANS MXD NS,Carlow,Carlow County Council,N,N,Catholic,23,20,16,25,22,18,17,26,12,179
2024,19785U,ST BERNADETTES SENIOR N S,Dublin,South Dublin County Council,Y,N,Catholic,,,,,41,44,48,54,12,199
2024,19786W,Scoil Diarmada,Kildare,Kildare County Council,N,N,Catholic,34,50,45,45,41,46,40,36,,337
2024,19791P,Scoil Tíghearnach Naofa,Laois,Laois County Council,N,N,Catholic,11,17,13,14,17,15,9,13,,109
2024,19794V,AGHARDS N S,Kildare,Kildare County Council,N,N,Catholic,84,80,84,83,82,82,84,86,,665
2024,19795A,TIRELLAN HEIGHTS N S,Galway,Galway City Council,Y,Y,Catholic,41,44,52,36,39,44,42,51,,349
2024,19796C,ST PATRICKS BNS,Kildare,Kildare County Council,N,N,Catholic,54,51,53,56,56,58,83,57,6,474
2024,19797E,SCOIL NAISIUNTA BHRIDE,Kildare,Kildare County Council,N,N,Catholic,48,55,56,54,53,60,75,81,8,490
2024,19798G,ST COLMANS NS,Mayo,Mayo County Council,Y,N,Catholic,4,2,4,4,4,4,3,3,,28
2024,19799I,SACRED HEART N S,Dublin,South Dublin County Council,N,N,Catholic,57,52,59,59,55,59,53,53,13,460
2024,19800N,MILFORD GRANGE N SCHOOL,Limerick,Limerick County Council,N,N,Catholic,59,60,60,63,59,56,57,65,,479
2024,19801P,DRIMOLEAGUE JUNIOR SCH,Cork,Cork County Council,N,N,Catholic,12,13,11,9,,,,,,45
2024,19803T,S N Seamus Naofa,Galway,Galway County Council,N,Y,Catholic,32,31,23,31,23,30,31,42,,243
2024,19808G,TAVRANE CENTRAL NS,Mayo,Mayo County Council,Y,N,Catholic,,,2,1,4,,3,2,,12
2024,19809I,ABBEYCARTON NS,Roscommon,Roscommon County Council,Y,N,Catholic,16,17,21,20,18,23,22,24,,161
2024,19811S,GAELSCOIL EOGHAIN UÍ THUAIRISC,Carlow,Carlow County Council,N,N,Catholic,51,52,56,61,52,60,59,59,7,457
2024,19812U,FOXFORD CENTRAL NS,Mayo,Mayo County Council,N,N,Catholic,35,32,38,39,28,27,32,30,,261
2024,19813W,ST. DYMPNA'S NATIONAL SCHOOL,Meath,Meath County Council,N,N,Catholic,13,25,15,31,21,31,27,29,12,204
2024,19814B,SCOIL GEARBHAIN,Waterford,Waterford County Council,N,N,Catholic,38,42,40,29,43,47,40,41,,320
2024,19815D,Scoil Bhríde,Roscommon,Roscommon County Council,N,N,Catholic,11,13,19,17,10,17,14,9,,110
2024,19817H,ST MARYS N S,Dublin,South Dublin County Council,N,N,Catholic,52,75,54,51,70,53,56,72,12,495
2024,19818J,CREGGS CENTRAL N S,Galway,Galway County Council,Y,N,Catholic,6,2,9,9,13,7,13,6,12,77
2024,19826I,ST BRENDANS NS,Sligo,Sligo County Council,Y,N,Catholic,18,24,18,24,17,15,29,28,12,185
2024,19828M,SN CEARN MOR,Galway,Galway County Council,N,Y,Catholic,24,26,24,22,18,19,27,14,,174
2024,19830W,CORPUS CHRISTI N S,Limerick,Limerick City Council,Y,N,Catholic,38,52,47,70,57,46,42,50,13,415
2024,19831B,SCOIL CHAOIMHIN,Dublin,Dublin City Council,Y,N,Catholic,6,8,9,5,7,5,14,9,,63
2024,19832D,GAELSCOIL RAIFTEIRÍ,Mayo,Mayo County Council,N,N,Catholic,28,28,27,38,26,25,24,25,,221
2024,19833F,"GAELSCOIL CHORAIN,",Cork,Cork County Council,N,N,Catholic,30,30,28,31,30,44,39,32,,264
2024,19834H,ST AIDANS NS,Dublin,South Dublin County Council,Y,N,Catholic,,,,,60,58,66,58,2,244
2024,19837N,DRIMNAGH CASTLE CBS N S,Dublin,Dublin City Council,Y,N,Catholic,,,,57,71,65,72,78,,343
2024,19838P,GAEL SC MHICHIL CHIOSOG,Clare,Clare County Council,N,N,Catholic,58,65,57,56,54,62,49,70,,471
2024,19839R,GAEL SCOIL UI RIORDAIN,Cork,Cork City Council,N,N,Catholic,98,98,85,88,91,94,86,91,,731
2024,19840C,HOLY FAMILY SCHOOL,Dublin,Dun Laoghaire Rathdown,Y,N,Catholic,19,19,17,16,24,15,20,14,9,153
2024,19841E,GLINSK N S,Galway,Galway County Council,N,N,Catholic,6,11,13,8,12,5,8,15,,78
2024,19845M,NORTH DUBLIN NS PROJECT,Dublin,Dublin City Council,N,N,Multi Denominational,27,28,27,26,26,25,27,28,,214
2024,19846O,Realt na Maidne,Kerry,Kerry County Council,Y,N,Catholic,31,19,15,13,14,20,23,28,16,179
2024,19848S,ST ETCHENS NATIONAL SCHOOL,Westmeath,Westmeath County Council,N,N,Catholic,40,40,48,42,49,47,59,62,24,411
2024,19849U,GAELSCOIL DONNCHA RUA,Clare,Clare County Council,Y,N,Catholic,6,8,7,11,7,5,6,10,12,72
2024,19850F,LADYSWELL N S,Dublin,Fingal County Council,Y,N,Catholic,51,34,51,57,53,54,60,67,7,434
2024,19851H,Gaelscoil de hIde,Cork,Cork County Council,N,N,Catholic,34,42,34,43,40,54,34,37,6,324
2024,19852J,GAELSCOIL UI RIADA,Cork,Cork City Council,N,N,Catholic,35,29,28,32,31,28,48,28,,259
2024,19853L,GAELSCOIL PHORT LAIRGE,Waterford,Waterford City Council,N,N,Catholic,28,30,26,16,24,25,27,26,,202
2024,19855P,GAELSCOIL CHLUAIN DOLCAIN,Dublin,South Dublin County Council,N,N,Catholic,56,56,59,59,47,57,57,49,,440
2024,19856R,GAELSCOIL OSRAI,Kilkenny,Kilkenny County Council,N,N,Catholic,54,52,57,52,53,59,62,53,,442
2024,19857T,SCOIL ROIS,Monaghan,Monaghan County Council,N,N,Catholic,32,26,31,32,29,39,38,31,,258
2024,19858V,GAELSCOIL DARA,Galway,Galway City Council,N,N,Catholic,57,50,50,58,50,53,55,55,,428
2024,19865S,DIVINE MERCY JUNIOR NATIONAL SCHOOL,Dublin,South Dublin County Council,Y,N,Catholic,39,61,58,55,,,,,,213
2024,19867W,Scoil na Rithe,Meath,Meath County Council,N,N,Catholic,27,26,27,31,24,28,23,26,6,218
2024,19871N,ST PATRICKS N S,Cavan,Cavan County Council,Y,N,Catholic,5,3,6,15,8,6,9,8,,60
2024,19872P,SCOIL CHAITLIN MAUDE,Dublin,South Dublin County Council,Y,N,Multi Denominational,39,31,30,39,40,37,32,42,10,300
2024,19874T,PRESENTATION PRIMARY SCHOOL,Tipperary,Tipperary (Nr) County Council,N,N,Catholic,29,37,47,28,27,16,20,26,11,241
2024,19875V,SAN CARLO SENIOR N S,Kildare,Kildare County Council,N,N,Catholic,,,,,77,83,61,86,5,312
2024,19877C,HOLY FAMILY SENIOR N S,Dublin,Fingal County Council,N,N,Catholic,,,,,145,152,157,159,14,627
2024,19878E,Holy Rosary Primary School,Dublin,South Dublin County Council,Y,N,Catholic,55,63,71,75,63,72,75,70,,544
2024,19879G,NAOMH PADRAIG JUNIOR,Tipperary,Tipperary (Sr) County Council,Y,N,Catholic,12,16,11,12,,,,,,51
2024,19880O,NAOMH PADRAIG SENIOR,Tipperary,Tipperary (Sr) County Council,Y,N,Catholic,,,,,20,13,9,9,,51
2024,19881Q,GAELSCOIL CHARRAIG UI LEIGHIN,Cork,Cork County Council,N,N,Catholic,68,66,76,74,76,73,82,81,,596
2024,19882S,Scoil an Athair Tadhg O Murchu,Cork,Cork City Council,N,N,Catholic,59,40,60,62,52,51,59,51,4,438
2024,19883U,GAELSCOIL O DOGHAIR,Limerick,Limerick County Council,N,N,Catholic,27,19,28,35,27,25,27,26,,214
2024,19884W,BALLYBAY CENTRAL NS,Monaghan,Monaghan County Council,Y,N,Presbyterian,4,7,7,6,6,9,12,5,,56
2024,19885B,GAELSCOIL PHILIB BARÚN,Waterford,Waterford County Council,N,N,Catholic,24,26,15,22,25,26,32,19,,189
2024,19886D,GAEL SCOIL THOMAIS DAIBHIS,Cork,Cork County Council,N,N,Catholic,38,47,52,55,55,63,51,48,,409
2024,19888H,ST ANNES MXD N S,Dublin,Dun Laoghaire Rathdown,N,N,Catholic,56,64,55,54,53,52,48,52,4,438
2024,19890R,NAOMH MAODHOG N.S.,Wexford,Wexford County Council,Y,N,Catholic,37,34,36,42,36,39,36,41,,301
2024,19892V,GAELSCOIL DHUN DEALGAN,Louth,Louth County Council,Y,N,Catholic,30,22,28,27,32,18,31,28,,216
2024,19893A,ST KILIANS SENIOR N S,Dublin,South Dublin County Council,N,N,Catholic,,,,,77,58,80,58,6,279
2024,19894C,AN MHODH SCOIL,Limerick,Limerick City Council,N,N,Catholic,83,74,65,71,78,68,71,68,,578
2024,19896G,Scoil Caitriona na mBraithre,Dublin,Dublin City Council,Y,N,Catholic,21,14,21,16,18,21,18,19,,148
2024,19897I,SCOIL UÍ RIADA,Kildare,Kildare County Council,N,N,Catholic,52,76,57,69,59,52,66,56,,487
2024,19898K,GAELSCOIL AN DUINNINIGH,Dublin,Fingal County Council,N,N,Catholic,50,52,42,49,52,42,48,50,,385
2024,19899M,GAELSCOILE COBH,Cork,Cork County Council,N,N,Catholic,4,6,4,12,1,13,3,16,,59
2024,19901T,BOOTERSTOWN N S,Dublin,Dun Laoghaire Rathdown,N,N,Church Of Ireland,10,13,11,14,13,10,11,10,,92
2024,19903A,KILTIMAGH CENTRAL,Mayo,Mayo County Council,N,N,Catholic,37,32,31,33,26,32,29,28,,248
2024,19904C,HOLY CROSS N S,Dublin,Dun Laoghaire Rathdown,N,N,Catholic,27,27,29,29,25,50,55,28,,270
2024,19905E,KILKENNY SCHOOL PROJECT,Kilkenny,Kilkenny County Council,N,N,Multi Denominational,26,26,28,28,53,26,26,27,,240
2024,19906G,Cork Educate Together National School,Cork,Cork City Council,N,N,Multi Denominational,27,25,21,25,24,23,26,28,,199
2024,19907I,GAELSCOIL MOLOGA,Dublin,Dublin City Council,N,N,Catholic,30,30,28,27,30,27,29,27,,228
2024,19908K,GAELSCOIL MHACHAN,Cork,Cork City Council,Y,N,Catholic,13,11,15,20,15,22,20,19,5,140
2024,19909M,GAELSCOIL PEIG SAYERS,Cork,Cork City Council,Y,N,Catholic,36,42,27,34,35,39,31,37,6,287
2024,19910U,SLIGO PROJECT SCHOOL,Sligo,Sligo County Council,Y,N,Multi Denominational,6,10,7,6,4,8,5,1,,47
2024,19911W,ST PATRICKS CENTRAL NS,Mayo,Mayo County Council,N,N,Catholic,13,19,10,19,13,13,16,17,3,123
2024,19912B,SCOIL MHUIRE,Donegal,Donegal County Council,Y,N,Catholic,20,19,17,14,21,18,16,19,,144
2024,19913D,ST JOSEPHS NS,Dublin,Dublin City Council,Y,N,Catholic,37,35,34,46,33,35,34,35,6,295
2024,19914F,SCOIL NAISIUNTA THOLA,Mayo,Mayo County Council,N,N,Catholic,13,10,8,8,5,11,15,10,,80
2024,19916J,ST PETERS NS,Mayo,Mayo County Council,N,N,Catholic,29,28,30,32,37,42,40,43,,281
2024,19917L,GAELSCOIL NAOMH AOGAIN,Kerry,Kerry County Council,N,N,Catholic,19,16,23,25,25,20,27,18,,173
2024,19918N,DRINAGH MIXED NS,Cork,Cork County Council,N,N,Catholic,8,9,13,11,6,10,6,9,,72
2024,19919P,ST DAVIDS N S,Dublin,Dublin City Council,Y,N,Catholic,38,25,30,24,35,39,31,26,30,278
2024,19920A,ST JOHN OF GOD N S,Dublin,Dublin City Council,Y,N,Catholic,24,26,20,19,22,24,30,20,4,189
2024,19921C,Drung No 2 NS,Cavan,Cavan County Council,N,N,Church Of Ireland,1,,,1,1,1,3,4,,11
2024,19922E,OUR LADYS N S,Dublin,Dun Laoghaire Rathdown,Y,N,Catholic,19,17,23,26,20,24,28,30,5,192
2024,19924I,HAROLDS CROSS N S,Dublin,Dublin City Council,Y,N,Catholic,50,52,45,54,45,51,52,46,,395
2024,19925K,SCOIL MHUIRE,Kilkenny,Kilkenny County Council,N,N,Catholic,44,43,75,55,63,48,39,44,9,420
2024,19926M,GAELSCOIL CHOLAISTE MHUIRE,Dublin,Dublin City Council,N,N,Catholic,23,16,25,22,18,18,20,19,,161
2024,19927O,SCOIL MHUIRE B & C,Donegal,Donegal County Council,Y,N,Catholic,52,73,65,66,59,52,58,63,10,498
2024,19928Q,RANELAGH MULTI DENOM NS,Dublin,Dublin City Council,N,N,Multi Denominational,28,28,28,28,26,28,28,26,,220
2024,19929S,ST BRIGIDS SENIOR GIRLS,Dublin,Dublin City Council,Y,N,Catholic,,,,22,21,29,35,37,12,156
2024,19930D,Scoil an Chroí Ró-Naofa,Kilkenny,Kilkenny County Council,Y,N,Catholic,30,28,22,32,23,35,25,35,2,232
2024,19931F,GAELSCOIL SHEOIRSE,Limerick,Limerick City Council,Y,N,Catholic,5,8,10,9,5,11,12,15,12,87
2024,19932H,SN MHIC DARA,Galway,Galway County Council,Y,Y,Catholic,26,23,23,29,22,31,20,35,,209
2024,19933J,SCOIL TREASA NAOFA,Dublin,Dublin City Council,Y,N,Catholic,19,12,22,24,18,21,25,24,,165
2024,19934L,LIMERICK SCHOOL PROJECT,Limerick,Limerick City Council,N,N,Multi Denominational,27,23,27,26,26,27,27,27,,210
2024,19935N,SCOIL EOIN,Dublin,Dublin City Council,Y,N,Catholic,18,8,14,14,28,17,18,21,6,144
2024,19936P,GAELSCOIL ULTAIN,Monaghan,Monaghan County Council,N,N,Catholic,49,44,47,47,47,52,49,41,,376
2024,19937R,GAELSCOIL AONACH,Tipperary,Tipperary (Nr) County Council,N,N,Catholic,22,15,29,26,26,26,27,24,,195
2024,19938T,ST JOSEPHS,Dublin,Dun Laoghaire Rathdown,Y,N,Catholic,47,40,53,48,47,50,50,50,7,392
2024,19939V,Scoil Naisiunta an Dea Aoire,Dublin,Dun Laoghaire Rathdown,Y,N,Catholic,21,21,22,33,21,21,18,27,29,213
2024,19940G,GAELSCOIL NAOMH PADRAIG,Dublin,South Dublin County Council,N,N,Catholic,46,47,44,51,43,40,49,58,,378
2024,19941I,GAELSCOIL FAITHLEANN,Kerry,Kerry County Council,N,N,Catholic,29,33,28,25,30,29,40,31,,245
2024,19942K,ST PATRICKS NS,Sligo,Sligo County Council,N,N,Catholic,19,25,25,25,15,17,32,19,,177
2024,19943M,ST DAMIENS NS,Dublin,South Dublin County Council,N,N,Catholic,27,25,23,33,41,27,28,23,5,232
2024,19944O,GORESBRIDGE N.S.,Kilkenny,Kilkenny County Council,N,N,Catholic,6,7,2,10,13,11,11,15,,75
2024,19945Q,RATHFARNHAM EDUCATE TOGETHER,Dublin,Dun Laoghaire Rathdown,N,N,Multi Denominational,24,24,26,25,26,26,26,28,,205
2024,19946S,RUTLAND NATIONAL SCHOOL,Dublin,Dublin City Council,Y,N,Catholic,18,19,19,20,19,19,19,20,,153
2024,19947U,MOUNT SION CBS N S,Waterford,Waterford City Council,Y,N,Catholic,41,46,43,45,45,44,46,42,7,359
2024,19948W,Scoil na gCeithre Maistri,Westmeath,Westmeath County Council,Y,N,Catholic,40,20,28,19,27,27,27,30,1,219
2024,19949B,ISLAMIC NATIONAL SCHOOL,Dublin,Dun Laoghaire Rathdown,N,N,Muslim,56,54,53,56,47,49,47,55,6,423
2024,19951L,SWINFORD NS,Mayo,Mayo County Council,Y,N,Catholic,28,22,26,26,23,22,28,22,4,201
2024,19952N,HOSPITAL NS,Limerick,Limerick County Council,N,N,Catholic,26,8,16,14,24,21,23,27,,159
2024,19953P,ST MARYS NS,Waterford,Waterford County Council,Y,N,Catholic,30,49,44,22,25,34,19,24,6,253
2024,19954R,North Bay Educate Together NS,Dublin,Dublin City Council,N,N,Multi Denominational,22,26,23,23,25,25,26,29,,199
2024,19955T,Presentation Primary School,Waterford,Waterford City Council,Y,N,Catholic,41,45,45,52,61,57,62,63,13,439
2024,19956V,GAELSCOIL SAIRSEAL,Limerick,Limerick City Council,N,N,Catholic,59,44,56,54,28,44,28,30,,343
2024,19957A,DROMCLOUGH N S,Kerry,Kerry County Council,N,N,Catholic,13,17,23,28,34,23,27,25,,190
2024,19958C,S N Naomh Fhiach,Carlow,Carlow County Council,Y,N,Catholic,70,75,72,68,71,74,89,82,,601
2024,19959E,SCOIL NAOMH FIONAN,Donegal,Donegal County Council,N,N,Catholic,28,22,27,31,20,23,24,34,,209
2024,19960M,ST JOHNS N S,Dublin,Dun Laoghaire Rathdown,Y,N,Catholic,12,16,17,21,22,20,24,25,17,174
2024,19963S,SCOIL AODH RUA&NUALA,Donegal,Donegal County Council,N,N,Catholic,21,22,36,25,24,30,21,38,18,235
2024,19964U,SCOIL MHUIRE GAN SMAL,Sligo,Sligo County Council,Y,N,Catholic,32,28,31,24,26,23,30,31,,225
2024,19965W,SCOIL MHUIRE,Galway,Galway County Council,N,N,Catholic,33,20,34,33,42,34,34,27,,257
2024,19966B,ST JOSEPHS,Limerick,Limerick County Council,N,N,Catholic,8,15,8,8,9,11,6,15,,80
2024,19967D,SCOIL IOSAGAIN,Donegal,Donegal County Council,N,N,Catholic,74,90,89,89,103,75,115,92,63,790
2024,19968F,GAELSCOIL DURLAS EILE,Tipperary,Tipperary (Nr) County Council,N,N,Catholic,20,18,25,25,24,28,30,27,,197
2024,19969H,SN UI CHEITHEARNAIGH,Galway,Galway County Council,Y,N,Catholic,17,20,35,22,24,25,26,21,,190
2024,19970P,PORTLAW N.S.,Waterford,Waterford County Council,Y,N,Catholic,31,20,18,23,23,28,35,25,6,209
2024,19971R,GAELSCOIL ADHAMHNAIN,Donegal,Donegal County Council,N,N,Catholic,38,56,44,51,48,58,56,55,,406
2024,19972T,S N UILEOG DE BURCA,Mayo,Mayo County Council,N,N,Catholic,10,10,14,10,22,18,11,16,,111
2024,19973V,SCOIL MHUIRE,Galway,Galway County Council,Y,N,Catholic,31,18,39,32,27,33,26,28,7,241
2024,19974A,SCOIL EOIN NAOFA,Sligo,Sligo County Council,Y,N,Catholic,35,29,26,26,38,27,37,45,,263
2024,19975C,ST PATRICKS,Longford,Longford County Council,N,N,Catholic,1,6,8,12,12,7,12,8,,66
2024,19976E,ST BEACONS N S,Kilkenny,Kilkenny County Council,N,N,Catholic,11,29,24,20,22,22,20,29,,177
2024,19978I,MAULATRAHANE CENTRAL NS,Cork,Cork County Council,N,N,Catholic,6,5,2,4,3,4,5,7,,36
2024,19979K,ST KEVINS N S,Dublin,Dun Laoghaire Rathdown,Y,N,Catholic,17,16,24,42,33,36,28,17,,213
2024,19980S,ST ATTRACTAS N S,Roscommon,Roscommon County Council,Y,N,Catholic,36,25,32,34,37,42,36,40,,282
2024,19981U,ST MARYS N S,Dublin,Dublin City Council,Y,N,Catholic,36,40,39,18,21,10,13,23,6,206
2024,19983B,ST CLARES NS,Cavan,Cavan County Council,Y,N,Catholic,43,41,44,67,49,47,60,64,12,427
2024,19985F,OUR LADY OF MERCY N S,Sligo,Sligo County Council,Y,N,Catholic,41,54,51,54,58,46,60,55,18,437
2024,19986H,S N EOIN BAISTE,Kerry,Kerry County Council,N,Y,Catholic,14,13,16,13,12,17,14,13,,112
2024,19987J,SCOIL MHUIRE N S,Longford,Longford County Council,Y,N,Catholic,37,42,31,51,29,37,45,52,,324
2024,19989N,Scoil Mhuire na Trocaire,Cork,Cork County Council,Y,N,Catholic,31,29,27,22,14,32,31,23,5,214
2024,19990V,GAELSCOIL AN EISCIR RIADA,Offaly,Offaly County Council,N,N,Catholic,24,25,24,23,24,23,18,28,,189
2024,19991A,Gaelscoil na Camoige,Dublin,South Dublin County Council,N,N,Catholic,28,29,23,31,28,24,26,25,,214
2024,19993E,GAELSCOIL AN GHOIRT ALAINN,Cork,Cork City Council,N,N,Multi Denominational,42,53,59,53,45,53,35,35,,375
2024,19994G,GAELSCOIL MHIC AMHLAIGH,Galway,Galway City Council,N,Y,Catholic,77,79,87,78,86,79,82,81,,649
2024,19995I,North Kildare Educate Together NS,Kildare,Kildare County Council,N,N,Multi Denominational,51,48,54,52,54,54,54,56,12,435
2024,19996K,ST BRENDANS NS,Galway,Galway County Council,Y,N,Catholic,34,36,26,25,28,28,29,29,6,241
2024,19997M,Scoil Bhrige agus Bhreandain Naofa,Galway,Galway County Council,N,N,Catholic,33,41,42,40,33,33,30,32,,284
2024,19998O,Gaelscoil de hIde,Galway,Galway County Council,N,N,Catholic,43,53,53,51,50,52,53,54,,409
2024,19999Q,GAELSCOIL UI CHOIMIN,Clare,Clare County Council,Y,N,Catholic,8,14,7,7,5,5,7,10,,63
2024,20000L,Galway Educate Together NS,Galway,Galway City Council,N,N,Multi Denominational,31,47,49,51,53,49,50,51,,381
2024,20001N,GAELSCOIL BHEANNTRAI,Cork,Cork County Council,N,N,Catholic,10,10,19,11,18,18,17,18,,121
2024,20002P,GAELSCOIL AN MHUILINN,Westmeath,Westmeath County Council,N,N,Catholic,17,17,24,20,21,29,30,25,,183
2024,20003R,ST AIDANS PARISH SCHOOL,Wexford,Wexford County Council,Y,N,Catholic,101,101,106,92,103,104,106,100,54,867
2024,20004T,Scoil an Croi Ro Naofa,Cork,Cork County Council,Y,N,Catholic,25,27,11,20,27,24,25,26,12,197
2024,20006A,Gaelscoil Mhichíl Uí Choileáin,Cork,Cork County Council,N,N,Multi Denominational,50,43,41,53,46,52,30,47,24,386
2024,20007C,GAELSCOIL CHLUAIN MEALA,Tipperary,Tipperary (Sr) County Council,N,N,Catholic,50,54,28,49,31,29,24,26,,291
2024,20008E,GAELSCOIL LOCH GARMAN,Wexford,Wexford County Council,N,N,Catholic,28,24,30,24,25,26,25,25,,207
2024,20009G,GAELSCOIL DR M UI SHUILLEABHAIN,Cork,Cork County Council,N,N,Catholic,13,10,8,9,7,6,11,14,,78
2024,20011Q,ST JOHNS SENIOR NS,Kilkenny,Kilkenny County Council,Y,N,Catholic,,,,,50,55,54,57,,216
2024,20012S,GRIFFITH BARRACKS MULTI D SCHOOL,Dublin,Dublin City Council,N,N,Multi Denominational,52,53,53,51,49,49,53,27,,387
2024,20013U,GAELSCOIL LIOS TUATHAIL,Kerry,Kerry County Council,Y,N,Catholic,20,27,23,17,20,12,14,8,,141
2024,20015B,GAELSCOIL BHAILE MUNNA,Dublin,Dublin City Council,Y,N,Catholic,23,27,16,23,15,15,25,21,6,171
2024,20016D,GAELSCOIL UI CHEADAIGH,Wicklow,Wicklow County Council,N,N,Catholic,18,21,20,27,29,19,24,30,,188
2024,20017F,Scoil an Spioraid Naoimh,Meath,Meath County Council,N,N,Catholic,,,,,98,126,106,107,18,455
2024,20018H,Presentation Primary School,Limerick,Limerick City Council,Y,N,Catholic,38,40,45,34,31,28,29,30,6,281
2024,20019J,HOLY FAMILY SCHOOL,Sligo,Sligo County Council,Y,N,Catholic,20,22,25,26,22,28,27,28,,198
2024,20020R,Gaelscoil Thaobh na Coille,Dublin,Dun Laoghaire Rathdown,N,N,Catholic,40,52,52,61,47,53,53,51,,409
2024,20022V,Scoil na mBuachailli,Cork,Cork County Council,N,N,Catholic,27,24,36,24,35,32,37,27,11,253
2024,20023A,GAELSCOIL CHILL DARA,Kildare,Kildare County Council,N,N,Catholic,37,25,45,34,43,34,44,42,,304
2024,20024C,BUN SCOIL MUIRE,Cork,Cork County Council,N,N,Catholic,47,55,66,54,61,84,73,59,29,528
2024,20025E,Gaelscoil Droichead na Banndan,Cork,Cork County Council,N,N,Catholic,22,16,24,26,19,22,19,19,,167
2024,20026G,Gaelscoil Bhreifne,Cavan,Cavan County Council,Y,N,Multi Denominational,29,28,23,24,19,24,23,19,12,201
2024,20027I,GAELSCOIL THIOBRAID ARANN,Tipperary,Tipperary (Sr) County Council,Y,N,Catholic,17,13,9,11,19,8,13,14,,104
2024,20029M,ST BRIGIDS INFANT N S,Dublin,Dublin City Council,Y,N,Catholic,47,43,66,,,,,,,156
2024,20032B,DUNBOYNE JUNIOR N S,Meath,Meath County Council,N,N,Catholic,84,105,114,110,,,,,6,419
2024,20033D,DUNBOYNE SENIOR N S,Meath,Meath County Council,N,N,Catholic,,,,,103,109,126,109,6,453
2024,20035H,ST GABRIELS N S,Dublin,Dublin City Council,Y,N,Catholic,19,19,18,34,21,16,16,20,13,176
2024,20036J,NORTH PRESENTATION PRIMARY SCHOOL,Cork,Cork City Council,Y,N,Catholic,36,38,39,40,40,36,42,21,,292
2024,20037L,S N PADRAIG NAOFA,Mayo,Mayo County Council,Y,N,Catholic,17,12,15,17,22,19,18,23,6,149
2024,20038N,SCOIL AISEIRI CHRIOST,Cork,Cork City Council,Y,N,Catholic,16,24,27,32,22,39,36,32,5,233
2024,20039P,SCOIL NAOMH IOSAF,Wicklow,Wicklow County Council,N,N,Catholic,45,40,45,47,51,51,49,49,5,382
2024,20040A,ST BRENDANS N S,Galway,Galway County Council,N,N,Catholic,5,4,7,5,3,7,1,4,,36
2024,20041C,CONVENT OF MERCY NATIONAL SCHOOL,Clare,Clare County Council,Y,N,Catholic,40,34,47,47,43,32,40,42,12,337
2024,20042E,Scoil an Chroi Naofa,Galway,Galway County Council,Y,N,Catholic,37,33,41,49,25,37,39,23,12,296
2024,20043G,GAELSCOIL CHNOC LIAMHNA,Dublin,South Dublin County Council,N,N,Catholic,38,29,26,28,28,21,23,26,,219
2024,20044I,Gaelscoil Chnoc na Re,Sligo,Sligo County Council,N,N,Catholic,24,27,29,31,28,23,25,24,,211
2024,20045K,GAELSCOIL CHILL MHANTÁIN,Wicklow,Wicklow County Council,N,N,Inter Denominational,40,26,36,27,30,26,30,32,4,251
2024,20046M,Gaelscoil na Cuaiche,Mayo,Mayo County Council,N,N,Catholic,19,19,27,25,30,31,23,23,,197
2024,20047O,GAELSCOIL BHARRA,Dublin,Dublin City Council,Y,N,Catholic,30,28,29,28,27,27,23,22,,214
2024,20048Q,Gaelscoil Lios na nOg,Dublin,Dublin City Council,N,N,Catholic,19,22,24,23,24,21,18,26,,177
2024,20049S,RINGASKIDDY LOWER HARBOUR N S,Cork,Cork County Council,Y,N,Catholic,3,8,4,4,6,14,12,7,,58
2024,20050D,Gaelscoil na nDeise,Waterford,Waterford City Council,N,N,Catholic,22,27,25,26,37,29,26,32,,224
2024,20051F,Gaelscoil na Boinne,Meath,Meath County Council,N,N,Catholic,25,22,27,28,27,26,24,30,,209
2024,20052H,GAELSCOIL CHOLMCILLE,Dublin,Dublin City Council,N,N,Catholic,26,26,24,28,25,30,31,31,,221
2024,20054L,SCOIL EOGHAN,Donegal,Donegal County Council,Y,N,Catholic,16,20,25,24,37,32,32,37,,223
2024,20055N,GAELSCOIL ÉOIS,Monaghan,Monaghan County Council,Y,N,Catholic,17,11,17,17,19,13,19,15,,128
2024,20056P,GAELSCOIL PHADRAIG,Dublin,Dun Laoghaire Rathdown,Y,N,Catholic,9,17,19,17,18,8,19,19,,126
2024,20057R,GAELSCOIL INIS CORTHAIDH,Wexford,Wexford County Council,N,N,Catholic,33,22,20,18,31,22,27,21,,194
2024,20058T,SCOIL UI FHIAICH,Kildare,Kildare County Council,N,N,Catholic,60,56,57,56,58,58,61,52,,458
2024,20059V,MOTHER OF DIVINE GRACE,Dublin,Dublin City Council,Y,N,Catholic,54,75,63,60,60,60,60,58,,490
2024,20060G,Monkstown Eucate Together NS,Dublin,Dun Laoghaire Rathdown,N,N,Multi Denominational,50,52,51,56,49,53,59,57,,427
2024,20061I,GAELSCOIL IARFHLATHA,Galway,Galway County Council,N,N,Catholic,30,30,31,27,24,30,23,29,,224
2024,20062K,SCOIL MHUIRE,Tipperary,Tipperary (Nr) County Council,Y,N,Catholic,18,11,12,13,15,14,18,26,1,128
2024,20063M,SCOIL AN CHLOCHAIR CILL BHEAGAN,Westmeath,Westmeath County Council,N,N,Catholic,29,19,30,28,29,30,29,27,6,227
2024,20064O,OUR LADY OF CONSOLATION NS,Dublin,Dublin City Council,Y,N,Catholic,56,48,49,14,27,32,25,27,30,308
2024,20065Q,OUR LADYS MEADOW NATIONAL SCHOO,Laois,Laois County Council,N,N,Catholic,23,28,28,20,26,19,10,30,12,196
2024,20066S,Lucan Educate Together NS,Dublin,South Dublin County Council,N,N,Multi Denominational,44,38,48,47,45,50,49,51,12,384
2024,20067U,ST JOSEPHS N S,Monaghan,Monaghan County Council,N,N,Catholic,10,7,7,9,4,8,6,6,,57
2024,20068W,ST MARYS NATIONAL SCHOOL,Offaly,Offaly County Council,Y,N,Catholic,16,13,16,9,11,10,9,21,,105
2024,20071L,SCOIL BHRIDE,Laois,Laois County Council,Y,N,Catholic,28,28,36,26,27,27,29,27,12,240
2024,20073P,ST MARYS NS,Westmeath,Westmeath County Council,Y,N,Catholic,62,65,81,84,79,74,60,81,,586
2024,20075T,ST MOCHULLAS N.S.,Clare,Clare County Council,N,N,Catholic,27,37,32,33,26,31,35,29,6,256
2024,20076V,Bunscoil Bhothar na Naomh,Waterford,Waterford County Council,N,N,Catholic,29,37,34,37,33,36,44,46,5,301
2024,20077A,Scoil an Spioraid Naomh (Boys),Cork,Cork City Council,N,N,Catholic,47,53,44,51,54,51,51,47,,398
2024,20078C,Scoil Realt na Mara,Clare,Clare County Council,Y,N,Catholic,14,13,23,17,13,23,13,13,,129
2024,20079E,FOUR MASTERS NS,Leitrim,Leitrim County Council,N,N,Catholic,30,32,30,37,28,46,33,30,,266
2024,20080M,GAELSCOIL AN INBHIR MHOIR,Wicklow,Wicklow County Council,N,N,Inter Denominational,27,22,26,34,45,29,32,42,18,275
2024,20081O,GAELSCOIL PHORT LAOISE,Laois,Laois County Council,N,N,Catholic,46,44,45,52,47,55,39,48,,376
2024,20082Q,Gaelscoil Thulach na nÓg,Meath,Meath County Council,N,N,Inter Denominational,43,40,44,42,42,43,52,43,10,359
2024,20083S,GAELSCOIL AN LONGFOIRT,Longford,Longford County Council,Y,N,Catholic,9,20,12,11,17,11,16,19,5,120
2024,20084U,Gaelscoil na gCeithre Maol,Mayo,Mayo County Council,Y,N,Catholic,16,17,15,21,19,18,26,6,,138
2024,20085W,Gaelscoil Charraig na Siuire,Tipperary,Tipperary (Sr) County Council,Y,N,Catholic,19,13,14,14,16,15,14,6,,111
2024,20086B,Ennis Educate Together NS,Clare,Clare County Council,Y,N,Multi Denominational,14,13,20,16,20,20,20,17,9,149
2024,20087D,KILLASHEE MULTI-DENOMINATIONAL NS,Kildare,Kildare County Council,N,N,Multi Denominational,24,26,27,25,26,28,27,40,,223
2024,20088F,"SCOIL MHUIRE N.S.,",Cork,Cork County Council,N,N,Catholic,17,22,25,19,20,12,23,18,,156
2024,20089H,ST. JOSEPHS N. S.,Mayo,Mayo County Council,N,N,Catholic,50,45,55,55,60,60,60,57,11,453
2024,20091R,ST PETERS NS,Dublin,Dublin City Council,Y,N,Catholic,53,50,54,44,50,56,50,53,,410
2024,20092T,ST ULTANS NS,Dublin,Dublin City Council,Y,N,Catholic,49,43,43,40,45,45,42,49,8,364
2024,20094A,SCOIL CHRIOST AN SLANAITHEOIR,Limerick,Limerick County Council,N,N,Catholic,30,22,19,22,26,28,30,30,,207
2024,20095C,GAELSCOIL BHRIAN BÓROIMHE,Dublin,Fingal County Council,N,N,Inter Denominational,55,54,52,54,55,57,58,59,,444
2024,20096E,Gaelscoil na gCeithre Maistri,Donegal,Donegal County Council,N,N,Inter Denominational,3,5,9,9,9,6,7,6,,54
2024,20097G,GAELSCOIL BHUN CRANNCHA,Donegal,Donegal County Council,N,N,Inter Denominational,6,10,6,10,7,16,4,10,,69
2024,20098I,Castleknock Educate Together NS,Dublin,Fingal County Council,N,N,Multi Denominational,43,53,42,52,54,51,49,53,12,409
2024,20101R,The Sacred Heart Primary NS,Longford,Longford County Council,Y,N,Catholic,22,19,34,40,21,35,33,27,9,240
2024,20102T,ST FERGUS PRIMARY SCHOOL,Limerick,Limerick County Council,N,N,Catholic,20,17,16,15,24,14,21,21,12,160
2024,20103V,JOHN SCOTTUS NS,Dublin,Dublin City Council,N,N,Multi Denominational,18,21,17,21,21,20,28,20,,166
2024,20104A,ST AUDOENS NS,Dublin,Dublin City Council,Y,N,Catholic,20,19,24,24,21,23,24,21,5,181
2024,20105C,STAR OF THE SEA PRIMARY SCHOOL,Cork,Cork County Council,N,N,Catholic,37,46,56,34,58,42,43,55,,371
2024,20106E,SCOIL NIOCLAIS,Cork,Cork City Council,N,N,Catholic,74,77,102,86,85,104,92,108,18,746
2024,20107G,Gaelscoil Mhainistir na Corann,Cork,Cork County Council,N,N,Catholic,69,81,53,63,67,82,56,79,11,561
2024,20108I,"St. John the Apostle, Knocknacarra NS",Galway,Galway City Council,N,N,Catholic,49,49,45,52,52,48,50,52,,397
2024,20110S,S N MHUIRE SENIOR SCHOOL,Wicklow,Wicklow County Council,N,N,Catholic,,,,,71,68,82,84,,305
2024,20111U,Holy Family National School,Kerry,Kerry County Council,N,N,Catholic,31,23,34,35,23,34,31,29,,240
2024,20112W,CAHERCIVEEN N S,Kerry,Kerry County Council,Y,N,Catholic,13,19,26,14,14,26,22,24,,158
2024,20113B,SCOIL CROI NAOFA,Sligo,Sligo County Council,Y,N,Catholic,11,9,9,11,12,7,5,10,,74
2024,20114D,SCOIL BRÍD,Kildare,Kildare County Council,N,N,Catholic,78,75,76,77,76,77,77,77,15,628
2024,20115F,SCOIL EINNE,Galway,Galway County Council,N,Y,Catholic,23,18,30,23,21,19,18,22,,174
2024,20116H,Glor na Mara NS,Waterford,Waterford County Council,N,N,Catholic,35,35,45,51,53,52,51,58,,380
2024,20118L,SCOIL BHRIDE,Laois,Laois County Council,Y,N,Catholic,17,14,13,16,17,26,15,16,,134
2024,20120V,St Tiarnach's Primary School,Monaghan,Monaghan County Council,Y,N,Catholic,22,25,25,22,23,37,29,37,15,235
2024,20122C,SCOIL MHUIRE AGUS IOSAF,Sligo,Sligo County Council,Y,N,Catholic,26,27,25,25,29,29,46,29,6,242
2024,20123E,GAELSCOIL RIABHACH,Galway,Galway County Council,N,N,Multi Denominational,20,27,17,19,17,31,22,18,,171
2024,20124G,ST MARYS N.S.,Longford,Longford County Council,Y,N,Catholic,32,32,48,39,42,42,46,37,35,353
2024,20125I,CROSSMOLINA N.S.,Mayo,Mayo County Council,N,N,Catholic,26,25,29,25,29,28,43,32,5,242
2024,20126K,Gaelscoil de hIde,Roscommon,Roscommon County Council,N,N,Catholic,20,18,19,16,21,23,14,15,,146
2024,20127M,Scoil na Maighdine Mhuire,Clare,Clare County Council,N,N,Catholic,34,24,24,28,32,39,30,31,6,248
2024,20128O,ST MATTHEWS MIXED N.S,Longford,Longford County Council,Y,N,Catholic,35,40,45,31,54,44,54,45,24,372
2024,20129Q,SCOIL TEAMPALL TOINNE,Tipperary,Tipperary (Sr) County Council,Y,N,Catholic,17,26,19,18,19,6,16,17,,138
2024,20130B,ST PATRICKS NS,Dublin,Fingal County Council,N,N,Catholic,108,111,114,109,112,112,115,110,,891
2024,20131D,Dublin 7 Educate Together NS,Dublin,Dublin City Council,N,N,Multi Denominational,68,72,70,59,58,58,56,60,12,513
2024,20133H,SCOIL DEAN CUSSEN,Limerick,Limerick County Council,N,N,Catholic,15,28,29,21,26,37,28,26,5,215
2024,20134J,ST MICHAELS N. S.,Cavan,Cavan County Council,N,N,Catholic,4,4,4,8,8,6,9,7,,50
2024,20137P,Mary Mother of Hope Senior NS,Dublin,Fingal County Council,N,N,Catholic,,,,,109,107,104,104,5,429
2024,20139T,INCHICORE NS,Dublin,Dublin City Council,Y,N,Catholic,23,25,23,23,26,34,25,29,,208
2024,20140E,SCOIL MHUIRE FATIMA BOYS SENIOR,Cork,Cork City Council,Y,N,Catholic,39,32,31,24,7,10,19,26,7,195
2024,20141G,THE HAROLD SCHOOL,Dublin,Dun Laoghaire Rathdown,N,N,Catholic,86,81,86,85,75,83,83,70,,649
2024,20142I,SCOIL IOSA,Mayo,Mayo County Council,Y,N,Catholic,43,44,52,46,60,47,58,32,,382
2024,20143K,WATERPARK N S,Waterford,Waterford City Council,N,N,Catholic,27,30,31,29,30,30,30,30,,237
2024,20144M,GAELSCOIL CHOIS FEABHAILL,Donegal,Donegal County Council,N,N,Catholic,9,13,7,12,4,10,9,7,,71
2024,20145O,Swords Educate Together NS,Dublin,Fingal County Council,N,N,Multi Denominational,47,49,50,52,50,51,53,53,,405
2024,20146Q,Le Cheile Educate Together NS,Louth,Louth County Council,N,N,Multi Denominational,37,47,48,49,51,54,52,52,,390
2024,20147S,SCOIL MHUIRE AGUS N.TREASA,Kerry,Kerry County Council,N,N,Catholic,11,12,20,13,18,17,16,25,,132
2024,20148U,GAELSCOIL CHALADH AN TREOIGH,Limerick,Limerick County Council,N,N,Catholic,41,56,54,53,54,51,58,50,,417
2024,20149W,ST FACHNAN & ST ATTRACTAS N S,Clare,Clare County Council,N,N,Catholic,10,6,5,14,9,7,6,7,,64
2024,20150H,HOLY FAMILY NATIONAL SCHOOL,Donegal,Donegal County Council,Y,N,Catholic,19,25,22,25,23,21,23,13,12,183
2024,20151J,GAELSCOIL MHUSCRAÍ,Cork,Cork City Council,N,N,Catholic,31,25,20,30,18,14,23,19,6,186
2024,20152L,NORTH DUBLIN MUSLIM NS,Dublin,Dublin City Council,N,N,Muslim,47,50,50,54,53,50,46,50,6,406
2024,20155R,ST JOHN THE BAPTIST BOYS SCHOOL,Tipperary,Tipperary (Sr) County Council,Y,N,Catholic,28,29,34,27,40,47,30,26,,261
2024,20157V,BUNSCOIL GLEANN SIDHEAIN,Waterford,Waterford County Council,Y,N,Catholic,15,25,23,25,24,24,25,19,12,192
2024,20158A,Tralee Educate Together NS,Kerry,Kerry County Council,Y,N,Multi Denominational,11,4,11,9,15,13,15,13,,91
2024,20159C,Gaelscoil Nas na Riogh,Kildare,Kildare County Council,N,N,Inter Denominational,51,45,51,48,44,56,52,55,,402
2024,20160K,Waterford Educate Together NS,Waterford,Waterford City Council,N,N,Multi Denominational,29,40,52,47,46,49,45,39,12,359
2024,20161M,Donabate/Portrane Educate Together NS,Dublin,Fingal County Council,N,N,Multi Denominational,52,52,51,53,50,52,54,51,4,419
2024,20163Q,S.N EOIN BAISTE,Louth,Louth County Council,Y,N,Catholic,19,7,17,23,29,14,23,27,,159
2024,20164S,Navan Educate Together NS,Meath,Meath County Council,Y,N,Multi Denominational,20,30,21,24,26,24,24,25,30,224
2024,20165U,GAELSCOIL MHOSHIOLOG,Wexford,Wexford County Council,N,N,Multi Denominational,13,13,20,18,21,19,28,21,,153
2024,20166W,Griffeen Valley Educate Together NS,Dublin,South Dublin County Council,N,N,Multi Denominational,50,63,52,52,51,52,80,74,6,480
2024,20167B,GAELSCOIL EIRNE,Donegal,Donegal County Council,Y,N,Inter Denominational,,1,5,4,4,,10,4,,28
2024,20168D,Glasnevin Educate Together NS,Dublin,Dublin City Council,N,N,Multi Denominational,44,48,49,51,52,53,49,54,12,412
2024,20169F,CASTLETOWN N.S,Laois,Laois County Council,N,N,Catholic,12,10,15,13,15,13,10,13,12,113
2024,20170N,SCOIL CHOILL MHIC THOMAISIN,Waterford,Waterford County Council,Y,N,Catholic,14,16,21,18,19,24,16,17,,145
2024,20171P,Ardee Educate Together NS,Louth,Louth County Council,Y,N,Multi Denominational,10,12,16,21,21,18,24,21,30,173
2024,20172R,ST JOSEPHS N S,Cavan,Cavan County Council,N,N,Catholic,27,42,49,42,51,58,43,49,9,370
2024,20173T,ST ANNES PRIMARY SCHOOL,Dublin,South Dublin County Council,Y,N,Catholic,30,36,38,35,38,40,41,42,11,311
2024,20174V,Scoil Éanna,Monaghan,Monaghan County Council,Y,N,Catholic,33,32,27,27,26,22,24,25,,216
2024,20175A,Limerick City East Educate Together NS,Limerick,Limerick County Council,N,N,Multi Denominational,37,39,45,43,48,42,52,59,17,382
2024,20176C,Rush and Lusk Educate Together NS,Dublin,Fingal County Council,N,N,Multi Denominational,40,34,54,49,51,58,54,59,11,410
2024,20177E,Newbridge Educate Together NS,Kildare,Kildare County Council,N,N,Multi Denominational,49,50,53,48,55,52,52,53,,412
2024,20178G,Wicklow Educate Together NS,Wicklow,Wicklow County Council,N,N,Multi Denominational,45,46,47,43,46,46,42,50,17,382
2024,20179I,ST STEPHENS NS,Meath,Meath County Council,N,N,Catholic,77,101,89,102,94,111,121,106,,801
2024,20180Q,SCOIL NAOMH EOIN,Meath,Meath County Council,Y,N,Catholic,31,32,52,39,53,53,46,43,12,361
2024,20181S,GAELSCOIL AN RAITHIN,Limerick,Limerick City Council,N,N,Catholic,58,46,54,48,53,50,40,45,,394
2024,20182U,ST ENDAS NS,Cork,Cork County Council,N,N,Catholic,,4,2,7,1,4,8,,,26
2024,20186F,Castaheany Educate Together NS,Dublin,Fingal County Council,Y,N,Multi Denominational,37,53,47,50,52,54,54,54,,401
2024,20187H,DIVINE MERCY SENIOR NATIONAL SCHOOL,Dublin,South Dublin County Council,Y,N,Catholic,,,,,66,84,75,81,,306
2024,20188J,Mullingar Educate Together NS,Westmeath,Westmeath County Council,Y,N,Multi Denominational,34,24,43,43,44,56,48,58,29,379
2024,20189L,Tullamore Educate Together NS,Offaly,Offaly County Council,N,N,Multi Denominational,25,32,24,39,26,29,28,29,12,244
2024,20190T,HOLY TRINITY NATIONAL SCHOOL,Dublin,Dun Laoghaire Rathdown,N,N,Catholic,73,70,77,74,77,75,76,74,,596
2024,20191V,ST PETERS NATIONAL SCHOOL,Meath,Meath County Council,N,N,Church Of Ireland,8,12,8,12,10,7,8,15,12,92
2024,20192A,GAELSCOIL ÁTHA Í,Kildare,Kildare County Council,Y,N,Inter Denominational,18,8,25,24,17,18,23,22,,155
2024,20193C,SCOIL MOCHEALLÓG,Limerick,Limerick County Council,Y,N,Catholic,32,38,36,28,35,38,28,35,10,280
2024,20194E,St. John the Evangelist National School,Dublin,South Dublin County Council,N,N,Catholic,48,46,50,53,54,52,54,59,2,418
2024,20196I,Scoil Íosagáin,Kerry,Kerry County Council,Y,N,Catholic,19,23,26,26,26,23,26,25,10,204
2024,20197K,St Johns NS,Kerry,Kerry County Council,N,N,Catholic,44,47,48,51,50,49,46,63,6,404
2024,20199O,Scoil Chuimín & Caitríona,Galway,Galway County Council,Y,N,Catholic,30,28,38,31,24,30,43,27,12,263
2024,20200T,RATOATH SENIOR NS,Meath,Meath County Council,N,N,Catholic,,,,,71,74,106,109,,360
2024,20201V,TYRRELSTOWN EDUCATE TOGETHER NATIONAL SCHOOL,Dublin,Fingal County Council,N,N,Multi Denominational,63,56,55,49,53,53,68,74,11,482
2024,20202A,Balbriggan Educate Together NS,Dublin,Fingal County Council,Y,N,Multi Denominational,43,42,41,61,41,45,42,42,,357
2024,20203C,MOHILL N S,Leitrim,Leitrim County Council,Y,N,Catholic,24,32,29,29,24,29,30,30,6,233
2024,20204E,Scoil Mháirtin,Cork,Cork County Council,N,N,Catholic,33,38,39,31,41,33,34,37,6,292
2024,20205G,ST MARYS PARISH PRIMARY SCHOOL,Louth,Louth County Council,N,N,Catholic,113,115,119,117,122,126,128,132,,972
2024,20208M,St Coen's National School,Wicklow,Wicklow County Council,Y,N,Catholic,34,38,37,42,33,37,51,36,11,319
2024,20210W,S N EOIN POL II,Galway,Galway County Council,Y,Y,Catholic,1,3,3,,1,2,2,2,,14
2024,20211B,Claregalway Educate Together NS,Galway,Galway County Council,Y,Y,Multi Denominational,23,22,26,37,29,25,28,26,4,220
2024,20212D,GAELSCOIL LIATROMA,Leitrim,Leitrim County Council,N,N,Catholic,21,26,31,28,16,24,32,14,4,196
2024,20214H,Gorey Educate Together NS,Wexford,Wexford County Council,N,N,Multi Denominational,32,36,47,42,50,47,48,53,18,373
2024,20215J,ST PAULS NS,Meath,Meath County Council,N,N,Catholic,74,71,58,69,75,74,77,78,,576
2024,20216L,SCOIL OILIBHEIR NAOFA,Meath,Meath County Council,N,N,Catholic,101,82,84,73,,,,,18,358
2024,20217N,MOUNT PALMER NATIONAL SCHOOL,Mayo,Mayo County Council,Y,N,Catholic,2,7,1,10,2,6,4,5,,37
2024,20218P,St Columbanus National School,Dublin,Dun Laoghaire Rathdown,Y,N,Catholic,8,17,12,12,7,11,19,17,12,115
2024,20219R,ST PAULS B N S,Waterford,Waterford City Council,Y,N,Catholic,30,31,41,24,22,20,34,30,4,236
2024,20220C,GAELSCOIL UI EARCAIN,Dublin,Dublin City Council,Y,N,Catholic,24,41,37,26,27,36,28,38,12,269
2024,20222G,SCOIL CHUIL AODHA BARR D INSE,Cork,Cork County Council,N,Y,Catholic,7,3,7,8,7,9,16,7,,64
2024,20223I,GAELSCOIL EISCIR RIADA,Dublin,South Dublin County Council,N,N,Catholic,47,46,36,48,54,53,49,48,,381
2024,20224K,GAELSCOIL AN TSLI DALA,Laois,Laois County Council,N,N,Inter Denominational,3,4,3,5,8,4,5,2,12,46
2024,20229U,NAGLE RICE PRIMARY SCHOOL,Kerry,Kerry County Council,N,N,Catholic,30,42,43,50,42,48,36,67,,358
2024,20230F,SCOIL PHADRAIG,Mayo,Mayo County Council,N,N,Catholic,31,40,30,45,38,50,54,43,,331
2024,20231H,ST BENEDICTS NATIONAL SCHOOL,Dublin,Fingal County Council,N,N,Catholic,78,75,80,80,80,71,74,84,,622
2024,20233L,SCOIL CHAITRÍONA,Limerick,Limerick County Council,Y,N,Catholic,8,6,11,10,13,4,7,6,10,75
2024,20235P,Letterkenny Educate Together NS,Donegal,Donegal County Council,Y,N,Multi Denominational,57,67,56,48,53,49,48,27,16,421
2024,20237T,GAELSCOIL RIADA,Galway,Galway County Council,N,N,Catholic,19,16,19,24,27,23,21,19,,168
2024,20238V,Gaelscoil An Choillín,Westmeath,Westmeath County Council,N,N,Inter Denominational,21,31,27,11,14,8,8,13,12,145
2024,20239A,GAELSCOIL UI DRISCEOIL,Cork,Cork County Council,N,N,Multi Denominational,56,65,35,46,40,46,46,55,,389
2024,20241K,Scoil Choilm Community NS,Dublin,Fingal County Council,Y,N,Multi Denominational,60,86,82,97,89,107,101,113,12,747
2024,20242M,Blessington Educate Together NS,Wicklow,Wicklow County Council,N,N,Multi Denominational,10,13,16,20,11,9,8,9,,96
2024,20243O,Gaelscoil na Lochanna,Wicklow,Wicklow County Council,N,N,Inter Denominational,13,17,21,15,15,26,23,14,,144
2024,20245S,Ennistymon National School,Clare,Clare County Council,Y,N,Catholic,5,8,7,7,9,14,8,6,,64
2024,20246U,THE BILLIS NATIONAL SCHOOL,Monaghan,Monaghan County Council,N,N,Church Of Ireland,2,3,1,,1,2,7,3,,19
2024,20247W,Scoil Ghrainne Community National School,Dublin,Fingal County Council,N,N,Multi Denominational,59,59,70,76,73,72,76,79,12,576
2024,20252P,GAELSCOIL BHAILE BRIGIN,Dublin,Fingal County Council,N,N,Inter Denominational,24,30,38,39,42,54,51,51,8,337
2024,20255V,Bunscoil McAuley Rice,Kilkenny,Kilkenny County Council,N,N,Catholic,45,46,55,41,52,56,55,56,6,412
2024,20256A,Scoil Náisiúnta Thuar Mhic Éadaigh,Mayo,Mayo County Council,N,Y,Catholic,8,8,13,15,10,12,15,11,,92
2024,20257C,Scoil Naomh Padraig,Kildare,Kildare County Council,N,N,Catholic,38,47,50,50,49,51,49,50,,384
2024,20258E,Gaelscoil an Bhradáin Feasa,Meath,Meath County Council,N,N,Multi Denominational,46,42,54,56,47,56,36,51,,388
2024,20259G,St. Francis National School,Louth,Louth County Council,N,N,Catholic,51,51,52,51,57,58,57,44,12,433
2024,20260O,Gaelscoil Chluainín,Leitrim,Leitrim County Council,N,N,Catholic,16,5,8,,11,8,10,,,58
2024,20261Q,Newtown Junior School,Waterford,Waterford County Council,N,N,Quaker,12,13,14,15,15,16,14,14,,113
2024,20264W,Gaelscoil na bhFili,Galway,Galway County Council,N,N,Multi Denominational,4,4,9,,3,7,5,4,,36
2024,20265B,Gaelscoil Chionn tSáile,Cork,Cork County Council,N,N,Catholic,15,24,15,21,17,13,24,15,1,145
2024,20267F,Scoil Bhríde Primary School,Offaly,Offaly County Council,Y,N,Catholic,53,51,59,43,50,75,64,78,33,506
2024,20268H,Adamstown Castle Educate Together National School,Dublin,South Dublin County Council,N,N,Multi Denominational,50,52,54,57,54,54,57,53,1,432
2024,20269J,Scoil Chormaic,Dublin,Fingal County Council,N,N,Multi Denominational,42,32,39,38,48,51,51,52,23,376
2024,20270R,Holy Family Junior School,Laois,Laois County Council,N,N,Catholic,140,158,147,150,,,,,6,601
2024,20271T,Scoil na Naomh Uilig,Kildare,Kildare County Council,N,N,Catholic,66,61,74,69,72,75,76,69,24,586
2024,20272V,St Mary's National School,Kilkenny,Kilkenny County Council,N,N,Catholic,43,51,46,43,64,51,56,54,6,414
2024,20273A,S N Chartaigh Naofa,Offaly,Offaly County Council,N,N,Catholic,16,14,14,14,13,17,17,30,30,165
2024,20274C,Esker Educate Together NS,Dublin,South Dublin County Council,Y,N,Multi Denominational,44,42,48,50,50,51,52,52,2,391
2024,20275E,Scoil Íosa,Mayo,Mayo County Council,Y,N,Catholic,25,34,31,36,30,31,31,26,1,245
2024,20277I,St Michaels National School,Cavan,Cavan County Council,Y,N,Catholic,29,19,29,31,23,45,32,43,,251
2024,20278K,Newtownmountkennedy Primary School,Wicklow,Wicklow County Council,Y,N,Catholic,44,41,50,41,34,30,51,51,23,365
2024,20280U,Newtown NS,Galway,Galway County Council,Y,N,Catholic,24,12,17,21,23,22,30,22,,171
2024,20281W,St Benedicts and St Marys National School,Dublin,Dublin City Council,Y,N,Catholic,19,21,21,17,19,22,19,21,6,165
2024,20282B,Bracken Educate Together NS,Dublin,Fingal County Council,Y,N,Multi Denominational,43,59,44,42,39,45,48,45,18,383
2024,20289P,St. Cynoc's National School,Offaly,Offaly County Council,Y,N,Catholic,18,21,16,26,18,24,33,22,11,189
2024,20292E,Maynooth Educate Together National School,Kildare,Kildare County Council,N,N,Multi Denominational,48,55,50,50,54,51,54,40,10,412
2024,20294I,Aston Village Educate Together National School,Louth,Louth County Council,N,N,Multi Denominational,37,45,44,41,45,43,48,44,26,373
2024,20295K,Carlow Educate Together NS,Carlow,Carlow County Council,Y,N,Multi Denominational,49,44,48,55,51,50,51,54,4,406
2024,20300A,Greystones Educate Together National School,Wicklow,Wicklow County Council,N,N,Multi Denominational,49,51,50,63,52,70,49,55,2,441
2024,20301C,Gaelscoil na gCloch Liath,Wicklow,Wicklow County Council,N,N,Inter Denominational,24,27,29,25,28,36,36,49,2,256
2024,20302E,Thornleigh Educate Together National School,Dublin,Fingal County Council,Y,N,Multi Denominational,34,28,33,36,37,41,43,41,6,299
2024,20303G,Lucan East ETNS,Dublin,South Dublin County Council,Y,N,Multi Denominational,46,51,52,52,53,57,53,51,12,427
2024,20304I,St. Francis of Assisi National School,Dublin,Dublin City Council,N,N,Catholic,50,54,54,54,58,59,52,54,,435
2024,20307O,Skerries Educate Together National School,Dublin,Fingal County Council,Y,N,Multi Denominational,38,39,44,44,39,38,43,44,23,352
2024,20308Q,Belmayne Educate Together National School,Dublin,Dublin City Council,Y,N,Multi Denominational,51,53,51,53,51,49,50,51,,409
2024,20309S,Mary Mother of Hope Junior National School,Dublin,Fingal County Council,N,N,Catholic,91,83,94,110,,,,,,378
2024,20310D,Carrigaline Educate Together NS,Cork,Cork County Council,N,N,Multi Denominational,44,55,50,54,53,57,52,59,18,442
2024,20312H,Raheen Wood Community National School,Clare,Clare County Council,N,N,Multi Denominational,8,12,12,12,14,12,9,12,6,97
2024,20313J,Mol an Óige Community National School,Clare,Clare County Council,Y,N,Multi Denominational,20,33,17,25,19,11,13,11,,149
2024,20326S,Kilcolgan Educate Together NS,Galway,Galway County Council,N,N,Multi Denominational,23,27,26,25,28,23,29,25,,206
2024,20327U,Gaelscoil Lorgan,Monaghan,Monaghan County Council,N,N,Inter Denominational,19,30,21,15,17,17,19,16,,154
2024,20332N,Gaelscoil Éadan Doire,Offaly,Offaly County Council,Y,N,Catholic,3,9,7,7,7,9,9,14,8,73
2024,20333P,Wexford Educate Together National School,Wexford,Wexford County Council,N,N,Multi Denominational,19,25,29,29,20,28,28,27,,205
2024,20334R,Gaelscoil Ros Eo,Dublin,Fingal County Council,N,N,Multi Denominational,13,27,13,21,19,16,27,23,,159
2024,20335T,Scoil Phadraig Naofa,Cork,Cork City Council,N,N,Catholic,60,58,59,60,59,55,58,56,,465
2024,20336V,Midleton Educate Together School,Cork,Cork County Council,N,N,Multi Denominational,56,61,76,61,81,71,80,58,26,570
2024,20337A,Edenmore N.S.,Monaghan,Monaghan County Council,N,N,Catholic,21,21,17,15,21,20,14,23,1,153
2024,20338C,Holy Child National School,Dublin,Dublin City Council,N,N,Catholic,90,100,51,53,53,50,48,38,12,495
2024,20339E,RÉALT NA MARA SCHOOL,Louth,Louth County Council,N,N,Catholic,44,67,47,48,54,57,53,55,30,455
2024,20345W,S N Leitir Meallain,Galway,Galway County Council,Y,Y,Catholic,,7,1,1,4,6,3,5,,27
2024,20346B,Kilcoole Primary School,Wicklow,Wicklow County Council,N,N,Catholic,74,64,73,71,74,79,73,67,,575
2024,20347D,Portlaoise Educate Together NS,Laois,Laois County Council,N,N,Multi Denominational,64,79,53,54,53,55,52,52,2,464
2024,20348F,Holywell Educate Together National School,Dublin,Fingal County Council,N,N,Multi Denominational,78,79,80,75,83,70,88,91,,644
2024,20349H,SCOIL OILIBHÉIR NAOFA,Louth,Louth County Council,Y,N,Catholic,44,40,43,38,35,45,54,57,10,366
2024,20350P,Merlin Woods Primary School,Galway,Galway City Council,N,N,Catholic,49,41,48,48,48,45,53,46,5,383
2024,20351R,Naas Community National School,Kildare,Kildare County Council,N,N,Multi Denominational,50,54,51,53,54,27,27,27,,343
2024,20352T,Ard Rí Community National School,Meath,Meath County Council,N,N,Multi Denominational,44,45,47,57,44,49,28,47,,361
2024,20353V,St Coleman's National School,Laois,Laois County Council,N,N,Catholic,32,38,46,45,32,39,52,31,10,325
2024,20355C,Holy Trinity National School,Tipperary,Tipperary (Sr) County Council,Y,N,Catholic,20,29,24,23,31,28,26,26,1,208
2024,20382F,Gaelscoil na Mí,Meath,Meath County Council,N,N,Multi Denominational,23,27,34,39,29,40,51,40,,283
2024,20383H,Hansfield Educate Together National School,Dublin,Fingal County Council,N,N,Multi Denominational,49,71,70,78,79,80,77,78,,582
2024,20384J,Powerstown Educate Together National School,Dublin,Fingal County Council,N,N,Multi Denominational,33,38,48,49,30,38,37,45,13,331
2024,20385L,Our Lady's National School,Sligo,Sligo County Council,N,N,Catholic,2,2,4,3,6,1,5,11,14,48
2024,20387P,Scoil Mhuire Agus Chormaic,Offaly,Offaly County Council,Y,N,Catholic,15,8,13,7,12,12,19,9,12,107
2024,20388R,Bunscoil Chriost Ri,Cork,Cork City Council,N,N,Catholic,53,55,62,57,52,55,59,68,18,479
2024,20389T,Scoil Maria Assumpta,Cork,Cork City Council,Y,N,Catholic,20,25,19,20,18,17,25,11,9,164
2024,20392I,Pelletstown ETNS,Dublin,Dublin City Council,N,N,Multi Denominational,50,54,51,49,48,41,36,47,12,388
2024,20394M,Gaelscoil an Chuilinn,Dublin,Fingal County Council,N,N,Inter Denominational,33,45,30,25,37,37,43,31,,281
2024,20396Q,Ashbourne Educate Together National School,Meath,Meath County Council,N,N,Multi Denominational,45,47,48,53,48,53,58,58,,410
2024,20397S,St Louise de Marillac Primary School,Dublin,Dublin City Council,Y,N,Catholic,30,30,19,36,26,30,46,29,3,249
2024,20398U,Citywest & Saggart Community National School,Dublin,South Dublin County Council,N,N,Multi Denominational,48,50,50,52,50,52,53,54,10,419
2024,20399W,Scoil Chroí Íosa,Cork,Cork City Council,N,N,Catholic,19,38,43,38,34,38,35,35,7,287
2024,20400E,Ballinteer Educate Together National School,Dublin,Dun Laoghaire Rathdown,N,N,Multi Denominational,48,42,34,46,51,47,40,52,10,370
2024,20401G,Stepaside Educate Together National School,Dublin,Dun Laoghaire Rathdown,N,N,Multi Denominational,63,66,69,65,69,71,71,28,12,514
2024,20402I,City West Educate Together National School,Dublin,South Dublin County Council,N,N,Multi Denominational,44,46,46,45,46,45,48,46,12,378
2024,20403K,Kildare Town Educate Together NS,Kildare,Kildare County Council,N,N,Multi Denominational,46,52,51,56,51,52,53,54,5,420
2024,20404M,Coore National School,Clare,Clare County Council,Y,N,Catholic,2,1,5,4,2,5,10,3,,32
2024,20405O,St Mary's National School,Limerick,Limerick City Council,Y,N,Catholic,20,22,18,10,13,16,15,14,12,140
2024,20410H,Knocknacarra Educate Together NS,Galway,Galway City Council,N,Y,Multi Denominational,24,23,26,26,25,27,28,26,,205
2024,20411J,Firhouse Educate Together National School,Dublin,South Dublin County Council,N,N,Multi Denominational,44,45,44,53,46,49,46,45,8,380
2024,20412L,Gaelscoil na Giúise,Dublin,South Dublin County Council,N,N,Multi Denominational,40,47,41,34,22,34,24,21,,263
2024,20413N,Douglas Rochestown Educate Together National School,Cork,Cork City Council,N,N,Multi Denominational,58,63,48,82,79,55,59,57,12,513
2024,20421M,Scoil Chróine,Donegal,Donegal County Council,Y,Y,Catholic,25,28,29,37,32,39,31,31,14,266
2024,20422O,Scoil Aoife CNS,Dublin,South Dublin County Council,Y,N,Multi Denominational,34,35,40,44,46,49,48,49,12,357
2024,20425U,Gaelscoil Shliabh Rua,Dublin,Dun Laoghaire Rathdown,N,N,Multi Denominational,47,51,44,38,59,42,37,30,,348
2024,20426W,Lucan Community National School,Dublin,South Dublin County Council,N,N,Multi Denominational,42,44,50,46,49,50,53,39,10,383
2024,20427B,St Brigid's Kildare Town Primary School,Kildare,Kildare County Council,Y,N,Catholic,97,119,122,120,142,150,125,125,12,1012
2024,20428D,Gaelscoil Mhic Aodha,Kildare,Kildare County Council,N,N,Multi Denominational,28,24,27,28,31,33,22,22,,215
2024,20429F,ST. JAMES'S PRIMARY SCHOOL,Dublin,Dublin City Council,Y,N,Catholic,35,37,41,33,31,39,23,39,,278
2024,20430N,Canal Way Educate Together National School,Dublin,Dublin City Council,N,N,Multi Denominational,40,46,55,53,45,47,45,48,,379
2024,20431P,Scoil Néifinn,Mayo,Mayo County Council,Y,N,Catholic,,1,2,1,1,1,2,4,,12
2024,20432R,Scoil Mhuire,Leitrim,Leitrim County Council,N,N,Catholic,44,56,55,54,62,66,63,65,,465
2024,20434V,Scoil Mhichil,Clare,Clare County Council,N,N,Catholic,11,7,9,10,8,9,6,8,,68
2024,20435A,Scoil Naomh Eltin,Cork,Cork County Council,N,N,Catholic,46,49,40,56,49,52,58,50,,400
2024,20436C,Paradise Place ETNS,Dublin,Dublin City Council,Y,N,Multi Denominational,32,21,35,31,33,36,21,22,6,237
2024,20437E,St Laurence's National School,Dublin,Fingal County Council,N,N,Catholic,46,49,46,56,49,67,56,56,,425
2024,20439I,Scoil Chroi Naofa,Westmeath,Westmeath County Council,N,N,Catholic,28,21,27,28,32,27,30,31,,224
2024,20440Q,Mallow Community National School,Cork,Cork County Council,N,N,Multi Denominational,24,24,28,28,25,27,21,17,10,204
2024,20441S,Shellybanks Educate Together National School,Dublin,South Dublin County Council,N,N,Multi Denominational,41,37,44,43,54,32,51,28,12,342
2024,20442U,Carrigtwohill Community National School,Cork,Cork County Council,N,N,Multi Denominational,60,36,38,51,60,56,46,60,12,419
2024,20443W,St. Senan's National School,Kilkenny,Kilkenny County Council,N,N,Catholic,24,19,23,27,17,26,18,13,,167
2024,20444B,Trim Educate Together National School,Meath,Meath County Council,N,N,Multi Denominational,20,25,24,24,23,26,28,19,,189
2024,20445D,Malahide / Portmarnock Educate Together National School,Dublin,Fingal County Council,N,N,Multi Denominational,47,50,49,52,46,50,45,51,,390
2024,20446F,Tramore Educate Together National School,Waterford,Waterford County Council,N,N,Multi Denominational,15,17,18,18,23,19,26,24,12,172
2024,20447H,Kilmurry McMahon National School,Clare,Clare County Council,N,N,Catholic,7,10,10,5,5,10,9,8,,64
2024,20448J,Annagh Hill NS,Galway,Galway County Council,N,N,Catholic,9,7,22,12,16,11,18,17,,112
2024,20450T,Assumption Junior School,Dublin,Dublin City Council,Y,N,Catholic,125,123,132,57,,,,,12,449
2024,20451V,Scoil Naomh Cualán,Tipperary,Tipperary (Nr) County Council,N,N,Catholic,18,25,21,22,26,24,28,23,10,197
2024,20452A,Broadford & Kilbane National School,Clare,Clare County Council,N,N,Catholic,15,22,18,13,13,14,21,14,6,136
2024,20453C,Broombridge Educate Together National School,Dublin,Dublin City Council,Y,N,Multi Denominational,43,42,57,48,53,44,46,29,12,374
2024,20456I,Tuam Educate Together National School,Galway,Galway County Council,N,N,Multi Denominational,27,20,29,26,26,28,29,24,,209
2024,20457K,Castlebar Educate Together National School,Mayo,Mayo County Council,N,N,Multi Denominational,10,13,18,22,11,12,24,18,,128
2024,20458M,New Ross Educate Together National School,Wexford,Wexford County Council,Y,N,Multi Denominational,13,9,13,18,24,13,25,15,,130
2024,20459O,Le Chéile National School,Limerick,Limerick County Council,Y,N,Catholic,21,17,23,13,23,15,28,14,16,170
2024,20460W,Thomond Primary School,Limerick,Limerick County Council,Y,N,Catholic,32,26,32,28,21,28,23,25,,215
2024,20461B,Gaelscoil na Laochra,Offaly,Offaly County Council,N,N,Multi Denominational,6,3,2,6,4,4,5,2,6,38
2024,20462D,Cuan na Gaillimhe Community National School,Galway,Galway County Council,N,Y,Multi Denominational,14,10,15,19,16,18,10,9,,111
2024,20463F,Holy Spirit Junior Primary School,Dublin,South Dublin County Council,Y,N,Catholic,69,69,70,69,,,,,,277
2024,20464H,Holy Spirit Senior Primary School,Dublin,Dublin City Council,Y,N,Catholic,,,,,77,59,56,63,11,266
2024,20465J,Gort National School,Galway,Galway County Council,Y,N,Catholic,21,25,26,27,30,27,25,33,,214
2024,20466L,St Fergal's National School,Wicklow,Wicklow County Council,Y,N,Catholic,45,47,36,40,46,54,59,52,12,391
2024,20467N,ST AILBE'S NATIONAL SCHOOL,Tipperary,Tipperary (Sr) County Council,Y,N,Catholic,17,12,13,11,16,8,12,10,18,117
2024,20468P,St Dominic's National School,Dublin,South Dublin County Council,Y,N,Catholic,52,53,40,51,59,40,59,45,12,411
2024,20469R,St John's Senior School,Wicklow,Wicklow County Council,Y,N,Catholic,,,,,84,74,81,103,9,351
2024,20470C,St Michael's and St Peter's Junior School,Wicklow,Wicklow County Council,Y,N,Catholic,64,59,54,77,,,,,24,278
2024,20473I,Greystones Community NS,Wicklow,Wicklow County Council,N,N,Multi Denominational,54,54,55,53,55,27,53,54,6,411
2024,20475M,Our Lady's National School,Tipperary,Tipperary (Nr) County Council,Y,N,Catholic,6,8,11,7,11,9,14,11,,77
2024,20476O,Scoil na Mainistreach Quin Dangan,Clare,Clare County Council,N,N,Catholic,37,39,38,42,41,35,38,34,7,311
2024,20477Q,St Patrick's Boys' National School,Cork,Cork County Council,N,N,Catholic,24,17,21,26,28,27,24,30,17,214
2024,20478S,Ballyduff National School,Kerry,Kerry County Council,Y,N,Catholic,11,10,16,10,10,20,13,18,,108
2024,20480F,Holy Family Senior School,Laois,Laois County Council,N,N,Catholic,,,,,155,166,154,156,12,643
2024,20481H,Bunscoil Nic Amhlaidh,Wexford,Wexford County Council,Y,N,Catholic,72,77,67,70,,,,,18,304
2024,20482J,Bunscoil Ris,Wexford,Wexford County Council,Y,N,Catholic,,,,,85,101,74,79,27,366
2024,20483L,Scoil Chlann Naofa,Leitrim,Leitrim County Council,Y,N,Catholic,27,29,32,28,28,31,27,32,,234
2024,20485P,Ballyroan Primary School,Laois,Laois County Council,N,N,Catholic,18,22,17,26,18,21,29,23,6,180
2024,20486R,Grace Park Educate Together National School,Dublin,Dublin City Council,N,N,Multi Denominational,45,49,56,57,55,50,42,49,9,412
2024,20487T,Gaelscoil na Fuinseoige,Dublin,Dun Laoghaire Rathdown,N,N,Multi Denominational,55,58,62,61,62,52,42,28,6,426
2024,20488V,Scoil Úna Naofa,Dublin,Dublin City Council,Y,N,Catholic,44,52,37,40,54,45,47,42,,361
2024,20491K,St Columba's National School,Galway,Galway County Council,N,N,Catholic,6,3,4,5,8,6,4,2,,38
2024,20492M,Scoil Mhuire,Kilkenny,Kilkenny County Council,Y,N,Catholic,32,23,30,32,44,42,23,28,6,260
2024,20493O,Canon Sheehan Primary School,Cork,Cork County Council,Y,N,Catholic,23,24,26,20,24,23,13,17,1,171
2024,20494Q,Riverview Educate Together National School,Dublin,South Dublin County Council,N,N,Multi Denominational,26,30,27,27,29,30,34,26,5,234
2024,20496U,Salesian Primary School,Limerick,Limerick City Council,N,N,Catholic,56,69,81,30,42,31,32,48,,389
2024,20497W,Scoil Mhuire agus Eoin,Cork,Cork City Council,Y,N,Catholic,37,40,36,45,39,39,38,26,,300
2024,20498B,St Cóman's Wood Primary School,Roscommon,Roscommon County Council,N,N,Catholic,68,75,70,81,84,66,79,81,15,619
2024,20499D,St Mary's National School,Mayo,Mayo County Council,N,N,Catholic,7,5,10,6,5,7,9,7,,56
2024,20500I,Gaelscoil an Chaisleáin,Cork,Cork City Council,N,N,Multi Denominational,29,27,32,29,20,27,21,20,,205
2024,20501K,HARCOURT TERRACE EDUCATE TOGETHER NATIONAL SCHOOL,Dublin,Dublin City Council,N,N,Multi Denominational,42,27,28,28,19,25,26,,11,206
2024,20502M,Scoil Sinead NS,Dublin,Dublin City Council,Y,N,Multi Denominational,6,7,6,4,13,9,6,5,8,64
2024,20503O,Dun Laoghaire ETNS,Dublin,Dun Laoghaire Rathdown,N,N,Multi Denominational,17,20,26,29,20,26,17,22,,177
2024,20504Q,Rossmore National School,Tipperary,Tipperary (Sr) County Council,N,N,Catholic,10,6,13,18,8,12,8,15,,90
2024,20505S,Scoil Mhuire Allenwood National School,Kildare,Kildare County Council,N,N,Catholic,42,26,28,31,28,49,28,36,,268
2024,20506U,Ballyragget National School,Kilkenny,Kilkenny County Council,N,N,Catholic,20,14,21,19,21,18,22,16,9,160
2024,20507W,St Laurence O'Toole's National School,Dublin,Dublin City Council,Y,N,Catholic,39,37,29,10,14,10,19,19,,177
2024,20508B,St Brigid's and St Patrick's National School,Louth,Louth County Council,Y,N,Catholic,69,68,69,67,70,89,77,64,,573
2024,20509D,Lusk Junior National School St Maccullins,Dublin,Fingal County Council,N,N,Catholic,92,98,94,98,,,,,,382
2024,20510L,Westport Educate Together National School,Mayo,Mayo County Council,N,N,Multi Denominational,9,4,8,9,6,8,3,1,,48
2024,20511N,Fermoy Educate Together NS,Cork,Cork County Council,N,N,Multi Denominational,13,13,12,11,9,10,17,5,,90
2024,20512P,Lacken National School,Mayo,Mayo County Council,Y,N,Catholic,2,5,4,5,3,2,2,7,,30
2024,20513R,Kilmurry NS,Mayo,Mayo County Council,Y,N,Catholic,10,6,14,9,4,8,9,8,,68
2024,20517C,Gaelscoil Áine,Dublin,Dublin City Council,N,N,Multi Denominational,26,30,20,26,25,15,,,,142
2024,20518E,Gaelscoil Laighean,Dublin,Dun Laoghaire Rathdown,N,N,Multi Denominational,28,18,21,11,17,10,,,,105
2024,20519G,Stapolin Educate Together National School,Dublin,Fingal County Council,N,N,Multi Denominational,52,56,34,34,33,43,16,13,18,299
2024,20520O,Dublin 6 Clonskeagh and Dublin 6W Primary School,Dublin,Dublin City Council,N,N,Multi Denominational,22,28,25,25,24,14,,,10,148
2024,20521Q,Dunshaughlin Community National School,Meath,Meath County Council,N,N,Multi Denominational,27,21,32,20,16,,,,,116
2024,20522S,South Lee Educate Together National School,Cork,Cork City Council,N,N,Multi Denominational,24,24,22,20,20,16,,,12,138
2024,20523U,Goatstown Stillorgan Primary School,Dublin,Dun Laoghaire Rathdown,N,N,Multi Denominational,21,21,28,23,18,24,,,6,141
2024,20524W,Woodstock Educate Together N.S.,Wicklow,Wicklow County Council,N,N,Multi Denominational,23,23,23,21,12,15,,,,117
2024,20525B,Killester Raheny Clontarf Educate Together National School,Dublin,Dublin City Council,N,N,Multi Denominational,28,27,25,26,17,18,,,12,153
2024,20526D,LEIXLIP EDUCATE TOGETHER NATIONAL SCHOOL,Kildare,Kildare County Council,N,N,Multi Denominational,25,27,25,29,22,27,24,,,179
2024,20527F,Gaelscoil Ruairí,Kildare,Kildare County Council,N,N,Multi Denominational,30,31,20,28,18,13,,,5,145
2024,20528H,River Valley CNS,Dublin,Fingal County Council,N,N,Multi Denominational,16,16,31,25,27,25,,,,140
2024,20529J,Broadmeadow Community National School,Dublin,Fingal County Council,N,N,Multi Denominational,14,11,18,14,11,,,,3,71
2024,20530R,Gaelscoil na Mara,Dublin,Fingal County Council,N,N,Multi Denominational,27,24,21,17,10,,,,6,105
2024,20531T,Gaelscoil Lir,Dublin,South Dublin County Council,N,N,Multi Denominational,7,13,16,3,,,,,9,48
2024,20534C,Owenabue ETNS,Cork,Cork County Council,N,N,Multi Denominational,16,21,15,13,14,,,,12,91
2024,20535E,Cherrywood Educate Together National School,Dublin,Dun Laoghaire Rathdown,N,N,Multi Denominational,25,32,35,23,40,,,,11,166
2024,20538K,Gaelscoil Ghráinne Mhaol,Dublin,Dublin City Council,N,N,Multi Denominational,23,12,9,8,,,,,,52
2024,20539M,Gaelscoil Eoin,Dublin,Dublin City Council,N,N,Multi Denominational,15,15,13,7,,,,,,50
2024,20543D,Sallynoggin Educate Together National School,Dublin,Dun Laoghaire Rathdown,N,N,Multi Denominational,15,9,9,,,,,,6,39
2024,20545H,St Christopher's NS,Dublin,Dublin City Council,Y,N,Catholic,74,74,74,64,68,67,74,72,,567
2024,20546J,Ashbourne Community National School,Meath,Meath County Council,N,N,Multi Denominational,38,39,21,45,34,42,47,25,12,303
2024,20547L,Trinity Primary School,Galway,Galway County Council,Y,N,Catholic,96,86,91,87,94,99,84,81,42,760
2024,20549P,Rathcoole ETNS,Dublin,Dublin City Council,N,N,Multi Denominational,22,18,22,23,22,,,,12,119
2024,20550A,Holy Well National School (Scoil Tobair Naofa),Cork,Cork County Council,N,N,Catholic,91,90,102,91,99,111,99,101,18,802
2024,20552E,Bunscoil Naomh Bríd agus Pádraíg,Mayo,Mayo County Council,Y,N,Catholic,4,4,5,9,7,10,4,14,,57
2024,20553G,STRAWBERRY HILL NATIONAL SCHOOL,Cork,Cork City Council,Y,N,Catholic,33,33,43,31,35,43,57,37,17,329
2024,20554I,Radharc na Mara National School,Galway,Galway City Council,Y,N,Catholic,30,42,46,40,40,50,49,38,16,351
2024,20556M,Réalt na Mara National School,Waterford,Waterford County Council,N,N,Catholic,26,28,25,20,26,26,19,30,,200
2024,20558Q,St. Catherine of Sienna,Kildare,Kildare County Council,Y,N,Catholic,19,10,17,15,15,18,22,27,6,149
2024,20559S,Scoil Naomh Pádraig,Cork,Cork County Council,N,N,Catholic,47,41,46,43,34,43,48,47,18,367
2024,20560D,Bunscoil na Cathrach,Tipperary,Tipperary (Sr) County Council,Y,N,Catholic,48,52,53,49,43,58,63,54,8,428
2024,20561F,"Scoil Naomh Muire, Eas Géitine",Limerick,Limerick County Council,Y,N,Catholic,17,25,19,18,18,17,14,23,10,161
2024,20562H,Castlebar Primary School,Mayo,Mayo County Council,N,N,Catholic,107,106,98,97,104,104,107,113,13,849
2024,20564L,Scoil Mhuire,Galway,Galway County Council,Y,Y,Catholic,11,8,8,12,9,10,11,13,,82
2024,20570G,St. Josephs National School Cree,Clare,Clare County Council,N,N,Catholic,9,5,6,2,4,5,3,3,,37
2024,20571I,St. Louis National School,Dublin,Dublin City Council,N,N,Catholic,65,70,88,75,78,91,73,82,,622
2024,20573M,Abbey Primary School,Roscommon,Roscommon County Council,N,N,Catholic,42,48,48,53,52,56,57,52,10,418
2024,20575Q,S.N. Naomh Ailbhe,Sligo,Sligo County Council,N,N,Catholic,7,9,12,11,12,15,11,13,,90
2024,20576S,Ardagh National School,Mayo,Mayo County Council,N,N,Catholic,9,7,7,14,8,12,7,16,,80
2024,20582N,Athenry Primary School,Galway,Galway County Council,N,N,Catholic,63,60,60,56,58,76,71,68,2,514
2024,20583P,Headford Primary School,Galway,Galway County Council,N,N,Catholic,18,22,19,16,22,10,11,20,,138
2024,20584R,Scoil Íosa,Galway,Galway City Council,N,N,Catholic,90,97,85,91,85,84,106,80,25,743
2024,20585T,Claremorris National School,Mayo,Mayo County Council,N,N,Catholic,46,39,46,41,38,38,50,60,,358
2024,20586V,Bandon Primary School,Cork,Cork County Council,N,N,Catholic,33,44,29,39,45,58,55,38,35,376
2024,20587A,Scoil Mhuire agus Bharra,Cork,Cork County Council,N,N,Catholic,34,34,44,32,40,40,45,48,24,341
2024,20588C,"SN Cholmcille, Ceathrú Thaidhg",Mayo,Mayo County Council,Y,Y,Catholic,2,4,4,1,6,,6,2,,25
,,,,,,,Totals,61233,63162,65071,66537,66720,69020,70029,69998,10609,542379
,,,,,,,,
