codigo_escola_dgeec,nome_escola,municipio,distrito,nuts_III,nuts_II,source_donnees,total_alunos_2022_23,alunos_1ano_2022_23,alunos_2ano_2022_23,alunos_3ano_2022_23,alunos_4ano_2022_23,taxa_retencao_media_2022_23,alunos_2ciclo_2019_2020_5ano,alunos_2ciclo_2019_2020_6ano,alunos_2ciclo_2020_2021_5ano,alunos_2ciclo_2020_2021_6ano,alunos_2ciclo_2021_2022_5ano,alunos_2ciclo_2021_2022_6ano,alunos_2ciclo_2022_2023_5ano,alunos_2ciclo_2022_2023_6ano,pct_2ciclo_homens,pct_2ciclo_mulheres,total_alunos_2ciclo,retencao_2ciclo_5ano_2022_23,retencao_2ciclo_6ano_2022_23,conclusao_2ciclo_n_amostra,conclusao_2ciclo_pct_escola,conclusao_2ciclo_pct_nat_comparable
* Valor indisponível,,,,,,1er_cycle_uniquement,0.0,0.0,0.0,0.0,0.0,,,,,,,,,,,,,,,,,
- Valor não existe,,,,,,1er_cycle_uniquement,0.0,0.0,0.0,0.0,0.0,,,,,,,,,,,,,,,,,
1001052,"Escola Básica de Alpedriz, Alcobaça",Alcobaça,,,,1er_cycle_uniquement,0.0,0.0,0.0,0.0,0.0,,,,,,,,,,,,,,,,,
1001137,"Escola Básica da Vestiaria, Alcobaça",Alcobaça,,,,1er_cycle_uniquement,33.0,13.0,7.0,6.0,7.0,0.035,,,,,,,,,,,,,,,,
1001157,"Escola Básica de Ataíja de Cima, Alcobaça",Alcobaça,,,,1er_cycle_uniquement,41.0,14.0,13.0,6.0,8.0,0.0,,,,,,,,,,,,,,,,
1001160,Jardim Escola de João de Deus Alcobaça,Alcobaça,,,,1er_cycle_uniquement,67.0,19.0,10.0,21.0,17.0,0.0,,,,,,,,,,,,,,,,
1001204,"Escola Básica de Pataias, Alcobaça",Alcobaça,,,,2eme_cycle_uniquement,,,,,,,49,57,59,51,60,62,47,66,0.5900000000000001,0.41,113,0,0,56,0.9821428571428571,0.9604525106130184
1001313,"Escola Básica do Bárrio, Alcobaça",Alcobaça,,,,1er_cycle_uniquement,81.0,22.0,16.0,19.0,24.0,0.0225,,,,,,,,,,,,,,,,
1001349,"Escola Básica de Turquel, Alcobaça",Alcobaça,,,,1er_cycle_uniquement,145.0,44.0,31.0,40.0,30.0,0.0075,,,,,,,,,,,,,,,,
1001358,"Escola Básica da Benedita, Alcobaça",Alcobaça,,,,2eme_cycle_uniquement,,,,,,,152,149,135,156,128,140,135,131,0.48,0.52,266,0,0,120,0.9666666666666667,0.9542769612182876
1001366,Escola Básica de Alcobaça,Alcobaça,,,,1er_cycle_uniquement,253.0,53.0,76.0,64.0,60.0,0.01,,,,,,,,,,,,,,,,
1001391,"Escola Básica de Moita, Marinha Grande",Marinha Grande,,,,1er_cycle_uniquement,43.0,16.0,7.0,13.0,7.0,0.0,,,,,,,,,,,,,,,,
1001404,"Escola Básica do Areeiro, Alcobaça",Alcobaça,,,,1er_cycle_uniquement,20.0,4.0,7.0,6.0,3.0,0.0,,,,,,,,,,,,,,,,
1001443,"Escola Básica de Cela, Alcobaça",Alcobaça,,,,1er_cycle_uniquement,72.0,19.0,22.0,12.0,19.0,0.0125,,,,,,,,,,,,,,,,
1001446,"Escola Básica de Martingança, Alcobaça",Alcobaça,,,,1er_cycle_uniquement,42.0,5.0,16.0,10.0,11.0,0.0325,,,,,,,,,,,,,,,,
1001452,"Escola Básica Frei Estevão Martins, Alcobaça",Alcobaça,,,,2eme_cycle_uniquement,,,,,,,129,121,98,140,110,99,116,119,0.54,0.46,235,0.029999999329447746,0.05000000074505806,104,0.9711538461538461,0.9582258224242894
1001483,"Escola Básica de Carris, Alcobaça",Alcobaça,,,,1er_cycle_uniquement,31.0,5.0,11.0,8.0,7.0,0.0,,,,,,,,,,,,,,,,
1001490,"Escola Básica de Aljubarrota, Alcobaça",Alcobaça,,,,1er_cycle_uniquement,68.0,20.0,24.0,12.0,12.0,0.0,,,,,,,,,,,,,,,,
1001588,"Escola Básica n.º 1 de Pataias, Alcobaça",Alcobaça,,,,1er_cycle_uniquement,146.0,34.0,30.0,40.0,42.0,0.0075,,,,,,,,,,,,,,,,
1001621,"Escola Básica da Burinhosa, Alcobaça",Alcobaça,,,,1er_cycle_uniquement,0.0,0.0,0.0,0.0,0.0,,,,,,,,,,,,,,,,,
1001701,"Escola Básica do Vimeiro, Alcobaça",Alcobaça,,,,1er_cycle_uniquement,65.0,18.0,17.0,12.0,18.0,0.0,,,,,,,,,,,,,,,,
1001757,"Escola Básica do Carvalhal de Aljubarrota, Alcobaça",Alcobaça,,,,1er_cycle_uniquement,57.0,19.0,11.0,14.0,13.0,0.0,,,,,,,,,,,,,,,,
1001808,"Escola Básica de São Martinho do Porto, Alcobaça",Alcobaça,,,,1er_cycle_uniquement,102.0,24.0,26.0,31.0,21.0,0.0125,,,,,,,,,,,,,,,,
1001811,"Escola Básica e Secundária D. Pedro I, Alcobaça",Alcobaça,,,,2eme_cycle_uniquement,,,,,,,110,118,127,112,110,136,96,114,0.5800000000000001,0.42,210,0.05999999865889549,0.10000000149011612,103,0.883495145631068,0.9476794581637394
1001813,"Escola Básica de Alfeizerão, Alcobaça",Alcobaça,,,,1er_cycle_uniquement,125.0,41.0,24.0,28.0,32.0,0.0,,,,,,,,,,,,,,,,
1001828,"Escola Básica da Póvoa, Alcobaça",Alcobaça,,,,1er_cycle_uniquement,0.0,0.0,0.0,0.0,0.0,,,,,,,,,,,,,,,,,
1001874,"Escola Básica de Évora de Alcobaça, Alcobaça",Alcobaça,,,,1er_cycle_uniquement,40.0,7.0,12.0,13.0,8.0,0.0,,,,,,,,,,,,,,,,
1001879,"Escola Básica n.º 1 de Benedita, Alcobaça",Alcobaça,,,,1er_cycle_uniquement,273.0,78.0,70.0,60.0,65.0,0.0025,,,,,,,,,,,,,,,,
1001888,"Escola Básica de Maiorga, Alcobaça",Alcobaça,,,,1er_cycle_uniquement,60.0,11.0,12.0,24.0,13.0,0.0,,,,,,,,,,,,,,,,
1001904,"Escola Básica de Ribafria, Alcobaça",Alcobaça,,,,1er_cycle_uniquement,64.0,16.0,13.0,24.0,11.0,0.0,,,,,,,,,,,,,,,,
1001932,"Escola Básica do Casal dos Ramos, Alcobaça",Alcobaça,,,,1er_cycle_uniquement,0.0,0.0,0.0,0.0,0.0,,,,,,,,,,,,,,,,,
1001951,"Escola Básica e Secundária de São Martinho do Porto, Alcobaça",Alcobaça,,,,2eme_cycle_uniquement,,,,,,,74,81,68,74,78,76,88,84,0.49,0.51,172,0,0.009999999776482582,73,1,0.956602669540588
1002001,"Escola Básica de Maçãs de Dona Maria, Alvaiázere",Alvaiázere,,,,1er_cycle_uniquement,27.0,2.0,7.0,6.0,12.0,0.0,,,,,,,,,,,,,,,,
1002365,"Escola Básica e Secundária Dr. Manuel Ribeiro Ferreira, Alvaiázere",Alvaiázere,,,,2eme_cycle_uniquement,,,,,,,42,41,36,42,36,36,48,38,0.5800000000000001,0.42,86,0.019999999552965164,0,36,0.9722222222222222,0.957070550331135
1002504,Escola Básica de Alvaiázere,Alvaiázere,,,,1er_cycle_uniquement,122.0,39.0,36.0,19.0,28.0,0.0075,,,,,,,,,,,,,,,,
1003001,"Escola Básica n.º 1 de Avelar, Ansião",Ansião,,,,1er_cycle_uniquement,74.0,19.0,20.0,15.0,20.0,0.0125,,,,,,,,,,,,,,,,
1003002,"Escola Básica de Santiago da Guarda, Ansião",Ansião,,,,1er_cycle_uniquement,54.0,8.0,16.0,6.0,24.0,0.015,,,,,,,,,,,,,,,,
1003003,Escola Básica de Ansião,Ansião,,,,1er_cycle_uniquement,135.0,37.0,31.0,38.0,29.0,0.015,,,,,,,,,,,,,,,,
1003004,"Escola Básica de Chão de Couce, Ansião",Ansião,,,,1er_cycle_uniquement,44.0,17.0,14.0,7.0,6.0,0.0,,,,,,,,,,,,,,,,
1003068,"Escola Básica n.º 2 de Avelar, Ansião",Ansião,,,,2eme_cycle_uniquement,,,,,,,25,39,40,25,31,38,34,33,0.55,0.45,67,0,0.029999999329447746,30,1,0.9580754272403216
1003269,"Escola Básica de Lagarteira, Ansião",Ansião,,,,1er_cycle_uniquement,0.0,0.0,0.0,0.0,0.0,,,,,,,,,,,,,,,,,
1003661,"Escola Básica de Alvorge, Ansião",Ansião,,,,1er_cycle_uniquement,24.0,2.0,8.0,8.0,6.0,0.0,,,,,,,,,,,,,,,,
1003989,"Escola Básica e Secundária Dr. Pascoal José de Mello, Ansião",Ansião,,,,2eme_cycle_uniquement,,,,,,,63,81,68,66,59,72,61,62,0.54,0.46,123,0.019999999552965164,0,59,1,0.9730145775878758
1004001,Escola Básica de Batalha,Batalha,,,,1er_cycle_uniquement,116.0,55.0,61.0,0.0,0.0,0.01,,,,,,,,,,,,,,,,
1004002,"Escola Básica de São Mamede, Batalha",Batalha,,,,1er_cycle_uniquement,63.0,15.0,19.0,18.0,11.0,0.0,,,,,,,,,,,,,,,,
1004006,"Escola Básica de Golpilheira, Batalha",Batalha,,,,1er_cycle_uniquement,60.0,14.0,12.0,21.0,13.0,0.02,,,,,,,,,,,,,,,,
1004123,"Escola Básica de Rebolaria, Batalha",Batalha,,,,1er_cycle_uniquement,43.0,12.0,12.0,10.0,9.0,0.13,,,,,,,,,,,,,,,,
1004165,"Escola Básica de Reguengo do Fetal, Batalha",Batalha,,,,1er_cycle_uniquement,62.0,18.0,14.0,21.0,9.0,0.0125,,,,,,,,,,,,,,,,
1004191,Escola Básica e Secundária da Batalha,Batalha,,,,1er_et_2eme_cycle,100.0,0.0,0.0,53.0,47.0,0.0,137,134,162,138,140,164,159,152,0.5700000000000001,0.43,311,0.009999999776482582,0.009999999776482582,135,0.9925925925925926,0.9658522203273248
1004373,"Escola Básica de Casais dos Ledos, Batalha",Batalha,,,,1er_cycle_uniquement,39.0,12.0,7.0,12.0,8.0,0.0775,,,,,,,,,,,,,,,,
1004378,"Escola Básica de Brancas, Batalha",Batalha,,,,1er_cycle_uniquement,0.0,0.0,0.0,0.0,0.0,,,,,,,,,,,,,,,,,
1004663,"Escola Básica de Quinta do Sobrado, Batalha",Batalha,,,,1er_cycle_uniquement,47.0,15.0,17.0,7.0,8.0,0.0,,,,,,,,,,,,,,,,
1004888,"Escola Básica de Faniqueira, Batalha",Batalha,,,,1er_cycle_uniquement,40.0,10.0,10.0,12.0,8.0,0.0,,,,,,,,,,,,,,,,
1005001,Escola Básica n.º 1 do Bombarral,Bombarral,,,,1er_cycle_uniquement,369.0,89.0,98.0,96.0,86.0,0.015,,,,,,,,,,,,,,,,
1005388,"Escola Básica do Pó, Bombarral",Bombarral,,,,1er_cycle_uniquement,36.0,13.0,8.0,10.0,5.0,0.0,,,,,,,,,,,,,,,,
1005666,"Escola Básica e Secundária Fernão do Pó, Bombarral",Bombarral,,,,2eme_cycle_uniquement,,,,,,,114,113,109,119,107,111,124,113,0.54,0.46,237,0.019999999552965164,0.009999999776482582,103,1,0.9530457829610608
1006001,"Escola Básica de Alvorninha, Caldas da Rainha",Caldas da Rainha,,,,1er_cycle_uniquement,62.0,18.0,21.0,13.0,10.0,0.02,,,,,,,,,,,,,,,,
1006011,"Escola Básica D. João II, Caldas da Rainha",Caldas da Rainha,,,,2eme_cycle_uniquement,,,,,,,209,221,198,207,210,204,202,229,0.52,0.48,431,0.029999999329447746,0.029999999329447746,196,0.9744897959183674,0.9576196968317093
1006029,Infancoop,Caldas da Rainha,,,,1er_cycle_uniquement,78.0,20.0,18.0,20.0,20.0,0.0,,,,,,,,,,,,,,,,
1006035,"Escola Básica do Bairro da Ponte, Caldas da Rainha",Caldas da Rainha,,,,1er_cycle_uniquement,147.0,25.0,40.0,42.0,40.0,0.0175,,,,,,,,,,,,,,,,
1006036,"Escola Básica do Bairro dos Arneiros, Caldas da Rainha",Caldas da Rainha,,,,1er_cycle_uniquement,178.0,44.0,47.0,45.0,42.0,0.0,,,,,,,,,,,,,,,,
1006058,Colégio Rainha Dona Leonor,Caldas da Rainha,,,,1er_et_2eme_cycle,149.0,30.0,44.0,41.0,34.0,0.0,28,33,33,32,37,34,44,40,0.56,0.44,84,0,0,34,1,0.9903768127243441
1006121,"Escola Básica de A-dos-Francos, Caldas da Rainha",Caldas da Rainha,,,,1er_cycle_uniquement,50.0,15.0,14.0,10.0,11.0,0.04,,,,,,,,,,,,,,,,
1006166,"Escola Básica de Chão da Parada, Caldas da Rainha",Caldas da Rainha,,,,1er_cycle_uniquement,36.0,18.0,18.0,0.0,0.0,0.0,,,,,,,,,,,,,,,,
1006202,"Escola Básica de Salir de Matos, Caldas da Rainha",Caldas da Rainha,,,,1er_cycle_uniquement,78.0,19.0,21.0,16.0,22.0,0.0125,,,,,,,,,,,,,,,,
1006274,"Escola Básica de Reguengo da Parada, Caldas da Rainha",Caldas da Rainha,,,,1er_cycle_uniquement,28.0,0.0,0.0,15.0,13.0,0.035,,,,,,,,,,,,,,,,
1006292,"Escola Básica de São Gregório, Caldas da Rainha",Caldas da Rainha,,,,1er_cycle_uniquement,25.0,5.0,7.0,7.0,6.0,0.0775,,,,,,,,,,,,,,,,
1006317,"Escola Básica de Santa Catarina, Caldas da Rainha",Caldas da Rainha,,,,1er_et_2eme_cycle,51.0,8.0,17.0,12.0,14.0,0.015,38,37,30,33,32,31,39,32,0.43999999999999995,0.56,71,0.07999999821186066,0.029999999329447746,30,1,0.9165424307184915
1006369,"Escola Básica de Nossa Senhora do Pópulo, Caldas da Rainha",Caldas da Rainha,,,,1er_cycle_uniquement,184.0,48.0,33.0,48.0,55.0,0.0075,,,,,,,,,,,,,,,,
1006379,"Escola Básica de Relvas, Caldas da Rainha",Caldas da Rainha,,,,1er_cycle_uniquement,26.0,11.0,7.0,5.0,3.0,0.0,,,,,,,,,,,,,,,,
1006426,"Escola Básica n.º 1 de Santo Onofre, Caldas da Rainha",Caldas da Rainha,,,,1er_cycle_uniquement,128.0,36.0,24.0,38.0,30.0,0.035,,,,,,,,,,,,,,,,
1006517,"Escola Básica do Coto, Caldas da Rainha",Caldas da Rainha,,,,1er_cycle_uniquement,40.0,11.0,9.0,12.0,8.0,0.0875,,,,,,,,,,,,,,,,
1006524,"Escola Básica da Tornada, Caldas da Rainha",Caldas da Rainha,,,,1er_cycle_uniquement,33.0,9.0,9.0,4.0,11.0,0.0275,,,,,,,,,,,,,,,,
1006571,Colégio Frei Cristóvão,Caldas da Rainha,,,,2eme_cycle_uniquement,,,,,,,52,50,54,46,49,53,43,51,0.44999999999999996,0.55,94,0.05000000074505806,0,47,0.9361702127659575,0.9279473123506802
1006576,"Escola Básica de Avenal, Caldas da Rainha",Caldas da Rainha,,,,1er_cycle_uniquement,193.0,48.0,48.0,49.0,48.0,0.01,,,,,,,,,,,,,,,,
1006596,"Escola Básica da Foz do Arelho, Caldas da Rainha",Caldas da Rainha,,,,1er_cycle_uniquement,30.0,6.0,7.0,7.0,10.0,0.0,,,,,,,,,,,,,,,,
1006621,"Escola Básica do Nadadouro, Caldas da Rainha",Caldas da Rainha,,,,1er_cycle_uniquement,36.0,8.0,9.0,11.0,8.0,0.0,,,,,,,,,,,,,,,,
1006623,Colégio O Brinquinho,Caldas da Rainha,,,,1er_cycle_uniquement,24.0,8.0,8.0,4.0,4.0,0.0,,,,,,,,,,,,,,,,
1006630,"Jardim de Infância da Lagoa Parceira, Caldas da Rainha",Caldas da Rainha,,,,1er_cycle_uniquement,0.0,0.0,0.0,0.0,0.0,,,,,,,,,,,,,,,,,
1006690,"Escola Básica de Casais da Serra, Caldas da Rainha",Caldas da Rainha,,,,1er_cycle_uniquement,28.0,9.0,6.0,8.0,5.0,0.115,,,,,,,,,,,,,,,,
1006719,"Escola Básica de Santo Onofre, Caldas da Rainha",Caldas da Rainha,,,,1er_et_2eme_cycle,179.0,44.0,41.0,46.0,48.0,0.0,220,225,227,216,231,238,208,227,0.5,0.5,435,0.05000000074505806,0.07999999821186066,214,0.9205607476635514,0.9625778050047648
1006729,"Escola Básica do Carvalhal Benfeito, Caldas da Rainha",Caldas da Rainha,,,,1er_cycle_uniquement,28.0,9.0,8.0,4.0,7.0,0.0675,,,,,,,,,,,,,,,,
1006827,Colégio Nossa Senhora de Fátima do Centro Social Paroquial de Caldas da Rainha,Caldas da Rainha,,,,1er_cycle_uniquement,0.0,0.0,0.0,0.0,0.0,,,,,,,,,,,,,,,,,
1006843,"Escola Básica do Campo, Caldas da Rainha",Caldas da Rainha,,,,1er_cycle_uniquement,38.0,11.0,11.0,6.0,10.0,0.045,,,,,,,,,,,,,,,,
1006844,"Escola Básica da Encosta do Sol, Caldas da Rainha",Caldas da Rainha,,,,1er_cycle_uniquement,95.0,23.0,24.0,24.0,24.0,0.0,,,,,,,,,,,,,,,,
1006857,"Jardim de Infância de Salir do Porto, Caldas da Rainha",Caldas da Rainha,,,,1er_cycle_uniquement,25.0,5.0,14.0,3.0,3.0,0.0,,,,,,,,,,,,,,,,
1007001,Escola Básica de Castanheira de Pêra,Castanheira de Pêra,,,,1er_cycle_uniquement,56.0,14.0,13.0,16.0,13.0,0.0575,,,,,,,,,,,,,,,,
1007156,"Escola Básica Dr. Bissaya Barreto, Castanheira de Pêra",Castanheira de Pêra,,,,2eme_cycle_uniquement,,,,,,,17,22,21,17,16,24,20,17,0.43000000000000005,0.57,37,0.05000000074505806,0.05999999865889549,15,0.9333333333333333,0.9629035721218808
1008066,"Escola Básica de Arega, Figueiró dos Vinhos",Figueiró dos Vinhos,,,,1er_cycle_uniquement,0.0,0.0,0.0,0.0,0.0,,,,,,,,,,,,,,,,,
1008138,"Escola Básica de Almofala de Baixo, Figueiró dos Vinhos",Figueiró dos Vinhos,,,,1er_cycle_uniquement,0.0,0.0,0.0,0.0,0.0,,,,,,,,,,,,,,,,,
1008625,"Escola Básica José Malhoa, Figueiró dos Vinhos",Figueiró dos Vinhos,,,,1er_cycle_uniquement,118.0,37.0,34.0,21.0,26.0,0.0,,,,,,,,,,,,,,,,
1008861,Escola Básica e Secundária de Figueiró dos Vinhos,Figueiró dos Vinhos,,,,2eme_cycle_uniquement,,,,,,,0,0,0,0,0,0,32,29,0.61,0.39,61,0,0.029999999329447746,,,
1009001,"Escola Básica de Coimbrão, Leiria",Leiria,,,,1er_cycle_uniquement,81.0,18.0,22.0,20.0,21.0,0.0125,,,,,,,,,,,,,,,,
1009003,"Escola Básica de Barreira, Leiria",Leiria,,,,1er_cycle_uniquement,227.0,64.0,73.0,44.0,46.0,0.0025,,,,,,,,,,,,,,,,
1009006,"Escola Básica de Vidigal, Leiria",Leiria,,,,1er_cycle_uniquement,41.0,5.0,14.0,10.0,12.0,0.165,,,,,,,,,,,,,,,,
1009014,"Escola Básica Dr. Correia Mateus, Leiria",Leiria,,,,1er_et_2eme_cycle,97.0,25.0,25.0,20.0,27.0,0.01,129,107,126,131,146,126,137,133,0.51,0.49,270,0.029999999329447746,0.10999999940395355,122,0.9016393442622951,0.9562635736871765
1009021,"Escola Básica de Boa Vista, Leiria",Leiria,,,,1er_cycle_uniquement,72.0,16.0,24.0,17.0,15.0,0.01,,,,,,,,,,,,,,,,
1009033,"Escola Básica de Monte Redondo, Leiria",Leiria,,,,1er_cycle_uniquement,129.0,29.0,41.0,34.0,25.0,0.05,,,,,,,,,,,,,,,,
1009042,"Escola Básica de Santa Catarina da Serra, Leiria",Leiria,,,,1er_et_2eme_cycle,90.0,29.0,24.0,19.0,18.0,0.0225,57,70,46,56,62,49,41,58,0.54,0.46,99,0,0.029999999329447746,60,0.9833333333333333,0.9747568130266967
1009043,"Escola Básica de Outeiro da Fonte, Leiria",Leiria,,,,1er_cycle_uniquement,44.0,13.0,13.0,13.0,5.0,0.0,,,,,,,,,,,,,,,,
1009066,"Escola Básica de Carreira, Leiria",Leiria,,,,1er_cycle_uniquement,41.0,9.0,13.0,7.0,12.0,0.0,,,,,,,,,,,,,,,,
1009068,"Escola Básica de Courelas, Leiria",Leiria,,,,1er_cycle_uniquement,97.0,24.0,25.0,24.0,24.0,0.01,,,,,,,,,,,,,,,,
1009075,Colégio Senhor dos Milagres,Leiria,,,,2eme_cycle_uniquement,,,,,,,40,41,28,41,30,29,29,30,0.61,0.39,59,0,0,29,0.9655172413793104,0.9348499771777665
1009084,"Escola Básica de Vale da Pedra, Leiria",Leiria,,,,1er_cycle_uniquement,0.0,0.0,0.0,0.0,0.0,,,,,,,,,,,,,,,,,
1009100,"Escola Básica de A-dos-Pretos, Leiria",Leiria,,,,1er_cycle_uniquement,61.0,23.0,11.0,16.0,11.0,0.0,,,,,,,,,,,,,,,,
1009116,"Escola Básica e Secundária Henrique Sommer, Maceira, Leiria",Leiria,,,,2eme_cycle_uniquement,,,,,,,78,92,92,76,88,99,88,102,0.56,0.44,190,0.019999999552965164,0.009999999776482582,87,1,0.9649402584751903
1009122,"Escola Básica de Ortigosa, Leiria",Leiria,,,,1er_cycle_uniquement,39.0,15.0,10.0,5.0,9.0,0.0,,,,,,,,,,,,,,,,
1009142,"Escola Básica n.º 2 de Marrazes, Leiria",Leiria,,,,2eme_cycle_uniquement,,,,,,,169,174,141,171,191,164,167,211,0.54,0.46,378,0.05000000074505806,0.019999999552965164,178,0.9550561797752809,0.963264269920254
1009155,"Escola Básica de Casal dos Claros, Leiria",Leiria,,,,1er_cycle_uniquement,34.0,0.0,0.0,15.0,19.0,0.025,,,,,,,,,,,,,,,,
1009182,"Escola Básica e Secundária Rainha Santa Isabel, Carreira, Leiria",Leiria,,,,2eme_cycle_uniquement,,,,,,,87,100,98,92,99,107,100,101,0.45999999999999996,0.54,201,0,0,98,0.9897959183673469,0.9628139343956073
1009204,"Escola Básica de Chainça, Leiria",Leiria,,,,1er_cycle_uniquement,30.0,7.0,9.0,4.0,10.0,0.0,,,,,,,,,,,,,,,,
1009211,"Escola Básica de Marinheiros, Leiria",Leiria,,,,1er_cycle_uniquement,183.0,48.0,44.0,46.0,45.0,0.015,,,,,,,,,,,,,,,,
1009215,"Escola Básica de Mata, Leiria",Leiria,,,,1er_cycle_uniquement,30.0,7.0,7.0,9.0,7.0,0.0,,,,,,,,,,,,,,,,
1009234,Colégio Dinis de Melo,Leiria,,,,2eme_cycle_uniquement,,,,,,,69,56,55,72,65,58,44,64,0.55,0.45,108,0,0,63,1,0.9296758878080283
1009239,"Escola Básica de Monte Real, Leiria",Leiria,,,,1er_cycle_uniquement,82.0,22.0,25.0,14.0,21.0,0.0,,,,,,,,,,,,,,,,
1009241,"Escola Básica de Porto do Carro, Leiria",Leiria,,,,1er_cycle_uniquement,25.0,9.0,6.0,7.0,3.0,0.0,,,,,,,,,,,,,,,,
1009252,"Escola Básica de Parceiros, Leiria",Leiria,,,,1er_cycle_uniquement,224.0,63.0,67.0,52.0,42.0,0.015,,,,,,,,,,,,,,,,
1009286,"Escola Básica de Arrabal, Leiria",Leiria,,,,1er_cycle_uniquement,87.0,24.0,24.0,15.0,24.0,0.0,,,,,,,,,,,,,,,,
1009296,"Escola Básica dos Soutos, Caranguejeira, Leiria",Leiria,,,,1er_cycle_uniquement,0.0,0.0,0.0,0.0,0.0,,,,,,,,,,,,,,,,,
1009299,"Escola Básica de Amor, Leiria",Leiria,,,,1er_cycle_uniquement,34.0,6.0,11.0,8.0,9.0,0.045,,,,,,,,,,,,,,,,
1009324,"Escola Básica n.º 1 de Marrazes, Leiria",Leiria,,,,1er_cycle_uniquement,150.0,39.0,34.0,33.0,44.0,0.05,,,,,,,,,,,,,,,,
1009344,"Escola Básica de Branca, Leiria",Leiria,,,,1er_cycle_uniquement,101.0,21.0,20.0,21.0,39.0,0.0,,,,,,,,,,,,,,,,
1009346,Colégio Dr. Luís Pereira da Costa,Leiria,,,,2eme_cycle_uniquement,,,,,,,45,56,44,41,43,45,41,48,0.43999999999999995,0.56,89,0.019999999552965164,0,41,1,0.9296544773731616
1009349,"Escola Básica de Arrabalde, Leiria",Leiria,,,,1er_cycle_uniquement,89.0,24.0,24.0,21.0,20.0,0.025,,,,,,,,,,,,,,,,
1009353,"Escola Básica de Pinheiros, Leiria",Leiria,,,,1er_cycle_uniquement,81.0,23.0,22.0,18.0,18.0,0.035,,,,,,,,,,,,,,,,
1009364,"Escola Básica de Cavalinhos, Leiria",Leiria,,,,1er_cycle_uniquement,48.0,14.0,10.0,9.0,15.0,0.0,,,,,,,,,,,,,,,,
1009376,"Escola Básica de Capuchos, Leiria",Leiria,,,,1er_cycle_uniquement,92.0,23.0,23.0,24.0,22.0,0.0,,,,,,,,,,,,,,,,
1009377,"Escola Básica de Regueira de Pontes, Leiria",Leiria,,,,1er_cycle_uniquement,31.0,19.0,0.0,12.0,0.0,0.0,,,,,,,,,,,,,,,,
1009381,"Escola Básica de Santa Eufémia, Leiria",Leiria,,,,1er_cycle_uniquement,50.0,7.0,17.0,10.0,16.0,0.015,,,,,,,,,,,,,,,,
1009426,"Escola Básica de Moita da Roda, Leiria",Leiria,,,,1er_cycle_uniquement,23.0,6.0,4.0,9.0,4.0,0.0625,,,,,,,,,,,,,,,,
1009432,Colégio Conciliar de Maria Imaculada,Leiria,,,,1er_et_2eme_cycle,205.0,44.0,63.0,46.0,52.0,0.005,83,86,75,85,84,75,76,85,0.5800000000000001,0.42,161,0,0.019999999552965164,83,0.9759036144578314,0.9497440850357944
1009439,"Escola Básica de Quinta do Alçada, Leiria",Leiria,,,,1er_cycle_uniquement,170.0,38.0,46.0,46.0,40.0,0.005,,,,,,,,,,,,,,,,
1009441,"Escola Básica de Souto da Carpalhosa, Leiria",Leiria,,,,1er_cycle_uniquement,60.0,19.0,14.0,20.0,7.0,0.0,,,,,,,,,,,,,,,,
1009444,"Escola Básica de Coucinheira, Leiria",Leiria,,,,1er_cycle_uniquement,30.0,10.0,20.0,0.0,0.0,0.025,,,,,,,,,,,,,,,,
1009451,"Escola Básica de Lameira, Leiria",Leiria,,,,1er_cycle_uniquement,35.0,7.0,10.0,6.0,12.0,0.0,,,,,,,,,,,,,,,,
1009455,"Escola Básica de Barosa, Leiria",Leiria,,,,1er_cycle_uniquement,98.0,24.0,25.0,25.0,24.0,0.0,,,,,,,,,,,,,,,,
1009471,"Escola Básica de Costas, Leiria",Leiria,,,,1er_cycle_uniquement,25.0,8.0,5.0,10.0,2.0,0.05,,,,,,,,,,,,,,,,
1009528,"Escola Básica de Amarela, Leiria",Leiria,,,,1er_cycle_uniquement,114.0,43.0,24.0,23.0,24.0,0.0,,,,,,,,,,,,,,,,
1009535,"Escola Básica de Maceira, Leiria",Leiria,,,,1er_cycle_uniquement,143.0,40.0,37.0,31.0,35.0,0.0125,,,,,,,,,,,,,,,,
1009543,Jardim Escola João de Deus Leiria,Leiria,,,,1er_cycle_uniquement,171.0,48.0,41.0,46.0,36.0,0.0,,,,,,,,,,,,,,,,
1009582,"Escola Básica de Touria, Leiria",Leiria,,,,1er_cycle_uniquement,87.0,24.0,21.0,22.0,20.0,0.0,,,,,,,,,,,,,,,,
1009606,"Escola Básica de Agodim, Leiria",Leiria,,,,1er_cycle_uniquement,45.0,11.0,13.0,12.0,9.0,0.02,,,,,,,,,,,,,,,,
1009618,Colégio de Nossa Senhora de Fátima,Leiria,,,,1er_et_2eme_cycle,182.0,46.0,37.0,49.0,50.0,0.0,56,57,56,56,56,56,56,55,0.54,0.46,111,0,0.019999999552965164,56,0.9642857142857143,0.9508342807231577
1009624,"Escola Básica de Caranguejeira, Leiria",Leiria,,,,1er_cycle_uniquement,84.0,15.0,30.0,21.0,18.0,0.0,,,,,,,,,,,,,,,,
1009629,"Escola Básica de Reixida, Leiria",Leiria,,,,1er_cycle_uniquement,71.0,13.0,16.0,24.0,18.0,0.0,,,,,,,,,,,,,,,,
1009643,"Escola Básica de Gândara dos Olivais, Leiria",Leiria,,,,1er_cycle_uniquement,125.0,45.0,20.0,24.0,36.0,0.03,,,,,,,,,,,,,,,,
1009649,"Escola Básica de Barreiros, Leiria",Leiria,,,,1er_cycle_uniquement,63.0,14.0,13.0,21.0,15.0,0.0325,,,,,,,,,,,,,,,,
1009657,Jardim do Fraldinhas,Leiria,,,,1er_cycle_uniquement,105.0,36.0,22.0,32.0,15.0,0.0125,,,,,,,,,,,,,,,,
1009664,"Escola Básica de Sismaria da Gândara, Leiria",Leiria,,,,1er_cycle_uniquement,85.0,17.0,24.0,23.0,21.0,0.0,,,,,,,,,,,,,,,,
1009681,"Escola Básica de Chãs, Leiria",Leiria,,,,1er_cycle_uniquement,33.0,0.0,15.0,2.0,16.0,0.19,,,,,,,,,,,,,,,,
1009684,"Escola Básica de Colmeias, Leiria",Leiria,,,,1er_et_2eme_cycle,51.0,14.0,11.0,15.0,11.0,0.1,54,70,53,56,58,66,57,61,0.53,0.47,118,0.07000000029802322,0.10999999940395355,54,0.9444444444444444,0.9606447247041638
1009694,"Escola Básica José Saraiva, Leiria",Leiria,,,,2eme_cycle_uniquement,,,,,,,167,187,172,171,189,172,186,189,0.53,0.47,375,0.019999999552965164,0.009999999776482582,187,0.9946524064171123,0.973193474412657
1009716,"Escola Básica de Palmeiria, Leiria",Leiria,,,,1er_cycle_uniquement,25.0,10.0,4.0,6.0,5.0,0.05,,,,,,,,,,,,,,,,
1009717,"Escola Básica de Bidoeira de Cima, Leiria",Leiria,,,,1er_cycle_uniquement,88.0,24.0,24.0,20.0,20.0,0.0,,,,,,,,,,,,,,,,
1009736,"Escola Básica de Bouça, Leiria",Leiria,,,,1er_cycle_uniquement,33.0,9.0,7.0,10.0,7.0,0.0,,,,,,,,,,,,,,,,
1009779,"Escola Básica de Guimarota, Leiria",Leiria,,,,1er_cycle_uniquement,80.0,20.0,23.0,15.0,22.0,0.0525,,,,,,,,,,,,,,,,
1009823,"Escola Básica de Serra Porto de Urso, Leiria",Leiria,,,,1er_cycle_uniquement,30.0,7.0,9.0,6.0,8.0,0.0,,,,,,,,,,,,,,,,
1009831,"Escola Básica de Casal Novo, Leiria",Leiria,,,,1er_cycle_uniquement,26.0,4.0,12.0,5.0,5.0,0.07,,,,,,,,,,,,,,,,
1009840,"Escola Básica de Carvide, Leiria",Leiria,,,,1er_cycle_uniquement,0.0,0.0,0.0,0.0,0.0,,,,,,,,,,,,,,,,,
1009842,"Escola Básica de Andrinos, Leiria",Leiria,,,,1er_cycle_uniquement,90.0,24.0,24.0,23.0,19.0,0.0,,,,,,,,,,,,,,,,
1009853,"Escola Básica de Bajouca, Leiria",Leiria,,,,1er_cycle_uniquement,64.0,18.0,11.0,18.0,17.0,0.03,,,,,,,,,,,,,,,,
1009858,"Escola Básica D. Dinis, Leiria",Leiria,,,,2eme_cycle_uniquement,,,,,,,142,156,154,143,139,167,164,137,0.47,0.53,301,0.029999999329447746,0.09000000357627869,132,0.9166666666666666,0.9697945960905342
1009863,"Escola Básica Dr. Correia Alexandre, Caranguejeira, Leiria",Leiria,,,,2eme_cycle_uniquement,,,,,,,52,55,37,51,58,42,57,62,0.55,0.45,119,0.03999999910593033,0.10000000149011612,55,0.9272727272727272,0.9581092043023408
1009869,"Escola Básica de Vale Sumo, Leiria",Leiria,,,,1er_cycle_uniquement,51.0,11.0,15.0,7.0,18.0,0.035,,,,,,,,,,,,,,,,
1009938,"Escola Básica de Milagres, Leiria",Leiria,,,,1er_cycle_uniquement,47.0,8.0,11.0,10.0,18.0,0.0,,,,,,,,,,,,,,,,
1009981,"Escola Básica de Azoia, Leiria",Leiria,,,,1er_cycle_uniquement,89.0,25.0,23.0,23.0,18.0,0.01,,,,,,,,,,,,,,,,
1009989,"Escola Básica de Cruz de Areia, Leiria",Leiria,,,,1er_cycle_uniquement,79.0,20.0,20.0,20.0,19.0,0.0,,,,,,,,,,,,,,,,
101001,"Escola Básica António Graça, Barrô, Águeda",Águeda,Aveiro,Região de Aveiro,Centro,1er_cycle_uniquement,74.0,16.0,24.0,22.0,12.0,0.0,,,,,,,,,,,,,,,,
1010028,"Escola Básica de Várzea, Marinha Grande",Marinha Grande,Aveiro,Região de Aveiro,Centro,1er_cycle_uniquement,67.0,23.0,24.0,20.0,0.0,0.0,,,,,,,,,,,,,,,,
1010070,"Escola Básica Padre Franklin, Vieira de Leiria, Marinha Grande",Marinha Grande,,,,2eme_cycle_uniquement,,,,,,,70,54,73,70,55,74,57,65,0.52,0.48,122,0.05000000074505806,0.019999999552965164,49,1,0.9705038387893462
1010128,"Escola Básica Guilherme Stephens, Marinha Grande",Marinha Grande,Aveiro,Região de Aveiro,Centro,1er_et_2eme_cycle,109.0,0.0,0.0,44.0,65.0,0.0,200,182,178,197,183,184,171,190,0.5,0.5,361,0.009999999776482582,0,179,0.9832402234636871,0.9670970770296485
1010131,"Escola Básica João Beare, Marinha Grande",Marinha Grande,Aveiro,Região de Aveiro,Centro,1er_cycle_uniquement,186.0,71.0,49.0,48.0,18.0,0.015,,,,,,,,,,,,,,,,
1010212,"Escola Básica de Amieira, Marinha Grande",Marinha Grande,Aveiro,Região de Aveiro,Centro,1er_cycle_uniquement,0.0,0.0,0.0,0.0,0.0,,,,,,,,,,,,,,,,,
1010348,"Escola Básica de Pilado, Marinha Grande",Marinha Grande,Aveiro,Região de Aveiro,Centro,1er_cycle_uniquement,44.0,9.0,11.0,12.0,12.0,0.045,,,,,,,,,,,,,,,,
1010447,"Escola Básica de Engenho, Marinha Grande",Marinha Grande,Aveiro,Região de Aveiro,Centro,1er_cycle_uniquement,111.0,44.0,25.0,22.0,20.0,0.0,,,,,,,,,,,,,,,,
1010457,"Escola Básica de Picassinos, Marinha Grande",Marinha Grande,Aveiro,Região de Aveiro,Centro,1er_cycle_uniquement,55.0,17.0,10.0,11.0,17.0,0.075,,,,,,,,,,,,,,,,
1010474,"Escola Básica de Praia da Vieira, Marinha Grande",Marinha Grande,Aveiro,Região de Aveiro,Centro,1er_cycle_uniquement,36.0,11.0,10.0,4.0,11.0,0.025,,,,,,,,,,,,,,,,
1010476,"Escola Básica de Cumeira, Marinha Grande",Marinha Grande,Aveiro,Região de Aveiro,Centro,1er_cycle_uniquement,95.0,25.0,24.0,22.0,24.0,0.0,,,,,,,,,,,,,,,,
1010588,"Escola Básica Prof. Francisco Veríssimo, Marinha Grande",Marinha Grande,Aveiro,Região de Aveiro,Centro,1er_cycle_uniquement,127.0,42.0,20.0,30.0,35.0,0.0075,,,,,,,,,,,,,,,,
1010618,"Escola Básica de Amieirinha, Marinha Grande",Marinha Grande,Aveiro,Região de Aveiro,Centro,1er_cycle_uniquement,85.0,21.0,20.0,24.0,20.0,0.0,,,,,,,,,,,,,,,,
101064,"Escola Básica de Macinhata do Vouga, Águeda",Águeda,Aveiro,Região de Aveiro,Centro,1er_cycle_uniquement,76.0,23.0,20.0,13.0,20.0,0.0,,,,,,,,,,,,,,,,
1010674,"Escola Básica Prof. Alberto Nery Capucho, Marinha Grande",Marinha Grande,Aveiro,Região de Aveiro,Centro,1er_et_2eme_cycle,41.0,0.0,0.0,0.0,41.0,0.02,142,144,126,142,151,131,130,166,0.52,0.48,296,0.10000000149011612,0.10000000149011612,128,0.921875,0.9649200776559399
1010810,"Escola Básica de Albergaria, Marinha Grande",Marinha Grande,Aveiro,Região de Aveiro,Centro,1er_cycle_uniquement,30.0,0.0,10.0,9.0,11.0,0.0,,,,,,,,,,,,,,,,
101083,"Escola Básica Professor Artur Nunes Vidal, Fermentelos, Águeda",Águeda,Aveiro,Região de Aveiro,Centro,1er_et_2eme_cycle,151.0,40.0,38.0,39.0,34.0,0.015,40,59,57,37,63,60,71,63,0.55,0.45,134,0.03999999910593033,0.029999999329447746,60,0.9666666666666667,0.9592919940675005
1010842,"Escola Básica de Fonte Santa, Marinha Grande",Marinha Grande,Aveiro,Região de Aveiro,Centro,1er_cycle_uniquement,41.0,11.0,12.0,10.0,8.0,0.0,,,,,,,,,,,,,,,,
1010917,"Escola Básica de Casal do Malta, Marinha Grande",Marinha Grande,Aveiro,Região de Aveiro,Centro,1er_cycle_uniquement,104.0,40.0,46.0,18.0,0.0,0.0067,,,,,,,,,,,,,,,,
1010927,"Escola Básica de Trutas, Marinha Grande",Marinha Grande,Aveiro,Região de Aveiro,Centro,1er_cycle_uniquement,80.0,21.0,21.0,20.0,18.0,0.05,,,,,,,,,,,,,,,,
1010951,Escola Pátio da Inês,Marinha Grande,Aveiro,Região de Aveiro,Centro,1er_cycle_uniquement,59.0,15.0,17.0,14.0,13.0,0.0,,,,,,,,,,,,,,,,
1010983,"Escola Básica António Vitorino, Vieira de Leiria, Marinha Grande",Marinha Grande,Aveiro,Região de Aveiro,Centro,1er_cycle_uniquement,162.0,47.0,39.0,38.0,38.0,0.015,,,,,,,,,,,,,,,,
1011069,"Escola Básica do Norte, Nazaré",Nazaré,Aveiro,Região de Aveiro,Centro,1er_cycle_uniquement,328.0,87.0,77.0,96.0,68.0,0.0175,,,,,,,,,,,,,,,,
1011440,"Escola Básica de Famalicão, Nazaré",Nazaré,Aveiro,Região de Aveiro,Centro,1er_cycle_uniquement,76.0,16.0,19.0,22.0,19.0,0.0125,,,,,,,,,,,,,,,,
101150,"Escola Básica Fernando Caldeira, Águeda",Águeda,Aveiro,Região de Aveiro,Centro,1er_et_2eme_cycle,306.0,64.0,22.0,105.0,115.0,0.005,199,222,216,202,214,223,200,234,0.51,0.49,434,0.009999999776482582,0.009999999776482582,206,0.9902912621359223,0.9551104245046768
101171,"Escola Básica de Recardães, Águeda",Águeda,Aveiro,Região de Aveiro,Centro,1er_cycle_uniquement,105.0,23.0,25.0,20.0,37.0,0.0075,,,,,,,,,,,,,,,,
1011933,"Escola Básica e Secundária Amadeu Gaudêncio, Nazaré",Nazaré,,,,2eme_cycle_uniquement,,,,,,,118,111,132,117,109,145,125,111,0.47,0.53,236,0.009999999776482582,0.019999999552965164,99,0.98989898989899,0.9455496176932559
1011987,"Escola Básica de Valado dos Frades, Nazaré",Nazaré,Aveiro,Região de Aveiro,Centro,1er_cycle_uniquement,134.0,36.0,43.0,24.0,31.0,0.0125,,,,,,,,,,,,,,,,
1012001,"Escola Básica do Furadouro, Óbidos",Óbidos,Aveiro,Região de Aveiro,Centro,1er_et_2eme_cycle,114.0,29.0,38.0,18.0,29.0,0.0125,25,21,17,24,33,21,20,32,0.62,0.38,52,0,0.029999999329447746,32,0.9375,0.9340852643495609
1012002,"Escola Básica do Alvito, Óbidos",Óbidos,Aveiro,Região de Aveiro,Centro,1er_et_2eme_cycle,152.0,42.0,39.0,39.0,32.0,0.0075,38,57,25,41,32,24,40,30,0.54,0.46,70,0,0,28,0.9285714285714286,0.9576092716056165
101214,"Escola Básica de Travassô, Águeda",Águeda,Aveiro,Região de Aveiro,Centro,1er_cycle_uniquement,78.0,23.0,20.0,19.0,16.0,0.0,,,,,,,,,,,,,,,,
101258,"Escola Básica de Aguada de Cima, Águeda",Águeda,Aveiro,Região de Aveiro,Centro,1er_et_2eme_cycle,123.0,25.0,32.0,29.0,37.0,0.015,51,79,56,50,46,60,78,45,0.48,0.52,123,0.029999999329447746,0,46,0.9565217391304348,0.9352240410757773
1012878,Escola Básica de Óbidos,Óbidos,Aveiro,Região de Aveiro,Centro,1er_et_2eme_cycle,188.0,47.0,51.0,44.0,46.0,0.025,39,44,62,47,50,58,43,49,0.53,0.47,92,0,0.03999999910593033,45,0.9555555555555556,0.9601741710640554
1013001,Escola Básica de Pedrógão Grande,Pedrógão Grande,Aveiro,Região de Aveiro,Centro,1er_cycle_uniquement,76.0,16.0,19.0,21.0,20.0,0.0,,,,,,,,,,,,,,,,
101312,"Escola Básica de Aguada de Baixo, Águeda",Águeda,Aveiro,Região de Aveiro,Centro,1er_cycle_uniquement,53.0,17.0,14.0,7.0,15.0,0.0,,,,,,,,,,,,,,,,
1013471,"Escola Básica de Graça, Pedrógão Grande",Pedrógão Grande,Aveiro,Região de Aveiro,Centro,1er_cycle_uniquement,0.0,0.0,0.0,0.0,0.0,,,,,,,,,,,,,,,,,
101356,Instituto Duarte Lemos,Águeda,Aveiro,Região de Aveiro,Centro,1er_et_2eme_cycle,90.0,24.0,22.0,21.0,23.0,0.0,13,15,16,13,23,12,27,24,0.53,0.47,51,0,0,23,1,0.9797949124350902
1013656,"Escola Básica Miguel Leitão de Andrada, Pedrógão Grande",Pedrógão Grande,,,,2eme_cycle_uniquement,,,,,,,23,25,24,24,18,25,21,17,0.5800000000000001,0.42,38,0,0,17,0.9411764705882353,0.9496145283206616
1014097,"Escola Básica da Estrada, Peniche",Peniche,Aveiro,Região de Aveiro,Centro,1er_cycle_uniquement,32.0,4.0,8.0,7.0,13.0,0.1425,,,,,,,,,,,,,,,,
1014206,"Escola Básica do Filtro, Peniche",Peniche,Aveiro,Região de Aveiro,Centro,1er_cycle_uniquement,64.0,20.0,12.0,8.0,24.0,0.0,,,,,,,,,,,,,,,,
1014248,Escola Básica n.º 5 de Peniche,Peniche,Aveiro,Região de Aveiro,Centro,1er_cycle_uniquement,92.0,20.0,25.0,28.0,19.0,0.01,,,,,,,,,,,,,,,,
101439,"Escola Básica de Borralha, Águeda",Águeda,Aveiro,Região de Aveiro,Centro,1er_cycle_uniquement,109.0,24.0,24.0,40.0,21.0,0.0,,,,,,,,,,,,,,,,
1014390,"Escola Básica D. Luís de Ataíde, Peniche",Peniche,,,,2eme_cycle_uniquement,,,,,,,78,84,81,78,82,81,81,76,0.53,0.47,157,0.03999999910593033,0.10999999940395355,70,0.8857142857142857,0.9380944175255722
1014484,Escola Básica n.º 3 de Peniche,Peniche,Aveiro,Região de Aveiro,Centro,1er_cycle_uniquement,40.0,11.0,9.0,14.0,6.0,0.0625,,,,,,,,,,,,,,,,
1014488,"Escola Básica n.º 1 de Ferrel, Peniche",Peniche,Aveiro,Região de Aveiro,Centro,1er_cycle_uniquement,112.0,24.0,31.0,24.0,33.0,0.03,,,,,,,,,,,,,,,,
1014546,"Escola Básica da Serra de El-Rei, Peniche",Peniche,Aveiro,Região de Aveiro,Centro,1er_cycle_uniquement,67.0,17.0,15.0,15.0,20.0,0.0375,,,,,,,,,,,,,,,,
1014620,Escola Básica de Peniche,Peniche,Aveiro,Região de Aveiro,Centro,1er_et_2eme_cycle,151.0,40.0,46.0,23.0,42.0,0.0275,77,69,87,78,69,89,64,75,0.53,0.47,139,0.05999999865889549,0.07000000029802322,67,0.9253731343283582,0.9553420379022205
1014637,"Escola Básica de Geraldes, Peniche",Peniche,Aveiro,Região de Aveiro,Centro,1er_cycle_uniquement,54.0,20.0,15.0,6.0,13.0,0.055,,,,,,,,,,,,,,,,
1014660,"Escola Básica da Prageira, Peniche",Peniche,Aveiro,Região de Aveiro,Centro,1er_cycle_uniquement,82.0,20.0,24.0,17.0,21.0,0.0575,,,,,,,,,,,,,,,,
1014736,"Escola Básica do Alemão, Peniche",Peniche,Aveiro,Região de Aveiro,Centro,1er_cycle_uniquement,80.0,20.0,20.0,22.0,18.0,0.0,,,,,,,,,,,,,,,,
1014758,"Escola Básica n.º 1 de Atouguia da Baleia, Peniche",Peniche,Aveiro,Região de Aveiro,Centro,1er_cycle_uniquement,160.0,40.0,40.0,48.0,32.0,0.0,,,,,,,,,,,,,,,,
1014858,"Escola Básica de Atouguia da Baleia, Peniche",Peniche,,,,2eme_cycle_uniquement,,,,,,,111,131,132,119,110,134,105,116,0.5700000000000001,0.43,221,0.05000000074505806,0.029999999329447746,109,0.944954128440367,0.9541140488273926
1014936,"Escola Básica da Bufarda, Peniche",Peniche,Aveiro,Região de Aveiro,Centro,1er_cycle_uniquement,45.0,9.0,13.0,11.0,12.0,0.0575,,,,,,,,,,,,,,,,
1014945,Escola Básica Velha de Peniche,Peniche,Aveiro,Região de Aveiro,Centro,1er_cycle_uniquement,103.0,20.0,21.0,41.0,21.0,0.025,,,,,,,,,,,,,,,,
1015001,"Escola Básica de Abiul, Pombal",Pombal,Aveiro,Região de Aveiro,Centro,1er_cycle_uniquement,47.0,13.0,15.0,11.0,8.0,0.0,,,,,,,,,,,,,,,,
1015002,"Escola Básica de Albergaria dos Doze, Pombal",Pombal,Aveiro,Região de Aveiro,Centro,1er_cycle_uniquement,53.0,13.0,8.0,16.0,16.0,0.0,,,,,,,,,,,,,,,,
1015003,"Escola Básica de Redinha, Pombal",Pombal,Aveiro,Região de Aveiro,Centro,1er_cycle_uniquement,35.0,9.0,5.0,15.0,6.0,0.0,,,,,,,,,,,,,,,,
1015004,"Escola Básica de São Simão de Litém, Pombal",Pombal,Aveiro,Região de Aveiro,Centro,1er_cycle_uniquement,33.0,13.0,6.0,8.0,6.0,0.0,,,,,,,,,,,,,,,,
1015005,"Escola Básica de Ilha, Pombal",Pombal,Aveiro,Região de Aveiro,Centro,1er_cycle_uniquement,72.0,15.0,22.0,13.0,22.0,0.0,,,,,,,,,,,,,,,,
1015017,"Escola Básica Marquês de Pombal, Pombal",Pombal,,,,2eme_cycle_uniquement,,,,,,,179,188,159,182,204,172,170,212,0.47,0.53,382,0,0.029999999329447746,190,0.9842105263157894,0.9673223622865568
1015052,"Escola Básica de Barrocal, Pombal",Pombal,Aveiro,Região de Aveiro,Centro,1er_cycle_uniquement,71.0,17.0,17.0,18.0,19.0,0.0,,,,,,,,,,,,,,,,
1015069,"Escola Básica de Louriçal, Pombal",Pombal,Aveiro,Região de Aveiro,Centro,1er_cycle_uniquement,119.0,29.0,36.0,28.0,26.0,0.0,,,,,,,,,,,,,,,,
1015087,Escola Básica de Pombal,Pombal,Aveiro,Região de Aveiro,Centro,1er_cycle_uniquement,121.0,19.0,43.0,20.0,39.0,0.0075,,,,,,,,,,,,,,,,
1015089,"Escola Básica Gualdim Pais, Pombal",Pombal,Aveiro,Região de Aveiro,Centro,1er_et_2eme_cycle,146.0,47.0,27.0,46.0,26.0,0.0175,85,109,91,82,107,90,77,109,0.5900000000000001,0.41,186,0,0,103,0.9902912621359223,0.9730546022144817
1015091,"Escola Básica de Vila Cã, Pombal",Pombal,Aveiro,Região de Aveiro,Centro,1er_cycle_uniquement,47.0,8.0,14.0,12.0,13.0,0.0,,,,,,,,,,,,,,,,
1015101,"Escola Básica de Almagreira, Pombal",Pombal,Aveiro,Região de Aveiro,Centro,1er_cycle_uniquement,57.0,12.0,20.0,8.0,17.0,0.0125,,,,,,,,,,,,,,,,
1015165,"Escola Básica de Travasso, Pombal",Pombal,Aveiro,Região de Aveiro,Centro,1er_cycle_uniquement,46.0,13.0,4.0,15.0,14.0,0.0,,,,,,,,,,,,,,,,
1015274,Instituto D. João V,Pombal,,,,2eme_cycle_uniquement,,,,,,,29,47,29,29,26,34,32,30,0.56,0.44,62,0,0.029999999329447746,24,0.9166666666666666,0.9418838876648209
1015283,Externato Liceal de Albergaria dos Doze,Pombal,,,,2eme_cycle_uniquement,,,,,,,41,27,21,42,26,23,21,30,0.49,0.51,51,0,0.07000000029802322,25,1,0.9464317391194377
1015300,"Escola Básica de Pelariga, Pombal",Pombal,Aveiro,Região de Aveiro,Centro,1er_cycle_uniquement,37.0,13.0,9.0,5.0,10.0,0.055,,,,,,,,,,,,,,,,
1015320,"Escola Básica de Escoural, Pombal",Pombal,Aveiro,Região de Aveiro,Centro,1er_cycle_uniquement,39.0,12.0,8.0,11.0,8.0,0.0,,,,,,,,,,,,,,,,
1015372,"Escola Básica de Machada, Pombal",Pombal,Aveiro,Região de Aveiro,Centro,1er_cycle_uniquement,27.0,8.0,7.0,5.0,7.0,0.035,,,,,,,,,,,,,,,,
1015442,"Escola Básica de Guia, Pombal",Pombal,Aveiro,Região de Aveiro,Centro,1er_cycle_uniquement,88.0,24.0,22.0,19.0,23.0,0.0,,,,,,,,,,,,,,,,
1015532,"Escola Básica de Vieirinhos, Pombal",Pombal,Aveiro,Região de Aveiro,Centro,1er_cycle_uniquement,81.0,20.0,20.0,19.0,22.0,0.0,,,,,,,,,,,,,,,,
1015596,"Escola Básica de Vicentes, Pombal",Pombal,Aveiro,Região de Aveiro,Centro,1er_cycle_uniquement,0.0,0.0,0.0,0.0,0.0,,,,,,,,,,,,,,,,,
1015607,"Escola Básica de Carnide, Pombal",Pombal,Aveiro,Região de Aveiro,Centro,1er_cycle_uniquement,47.0,14.0,13.0,4.0,16.0,0.0,,,,,,,,,,,,,,,,
1015630,"Escola Básica de Mata Mourisca, Pombal",Pombal,Aveiro,Região de Aveiro,Centro,1er_cycle_uniquement,77.0,23.0,14.0,23.0,17.0,0.0175,,,,,,,,,,,,,,,,
1015636,"Escola Básica de Vermoil, Pombal",Pombal,Aveiro,Região de Aveiro,Centro,1er_cycle_uniquement,52.0,9.0,22.0,11.0,10.0,0.0,,,,,,,,,,,,,,,,
1015672,"Colégio ""João de Barros""",Pombal,,,,2eme_cycle_uniquement,,,,,,,58,61,49,58,51,51,54,53,0.55,0.45,107,0,0,48,1,0.9444099778620597
1015736,"Escola Básica de Santiago de Litém, Pombal",Pombal,Aveiro,Região de Aveiro,Centro,1er_cycle_uniquement,36.0,11.0,9.0,8.0,8.0,0.0275,,,,,,,,,,,,,,,,
1015747,"Escola Básica e Secundária de Guia, Pombal",Pombal,,,,2eme_cycle_uniquement,,,,,,,76,73,66,75,66,70,71,67,0.5,0.5,138,0.009999999776482582,0,61,1,0.9702048704787324
1015892,"Escola Básica de Carriço, Pombal",Pombal,Aveiro,Região de Aveiro,Centro,1er_cycle_uniquement,0.0,0.0,0.0,0.0,0.0,,,,,,,,,,,,,,,,,
1015906,"Escola Básica de Casalinho, Pombal",Pombal,Aveiro,Região de Aveiro,Centro,1er_cycle_uniquement,0.0,0.0,0.0,0.0,0.0,,,,,,,,,,,,,,,,,
1015907,Externato A Falinha,Pombal,Aveiro,Região de Aveiro,Centro,1er_cycle_uniquement,0.0,0.0,0.0,0.0,0.0,,,,,,,,,,,,,,,,,
1015909,"Escola Básica de Meirinhas, Pombal",Pombal,Aveiro,Região de Aveiro,Centro,1er_cycle_uniquement,111.0,30.0,34.0,26.0,21.0,0.0,,,,,,,,,,,,,,,,
1015981,"Escola Básica de Moita do Boi, Pombal",Pombal,Aveiro,Região de Aveiro,Centro,1er_cycle_uniquement,29.0,4.0,5.0,11.0,9.0,0.0,,,,,,,,,,,,,,,,
1015983,"Escola Básica Conde de Castelo Melhor, Pombal",Pombal,Aveiro,Região de Aveiro,Centro,1er_cycle_uniquement,164.0,41.0,41.0,46.0,36.0,0.005,,,,,,,,,,,,,,,,
1015998,"Escola Básica de Fonte Nova, Pombal",Pombal,Aveiro,Região de Aveiro,Centro,1er_cycle_uniquement,108.0,34.0,31.0,19.0,24.0,0.0,,,,,,,,,,,,,,,,
1016001,"Escola Básica de Pedreiras, Porto de Mós",Porto de Mós,Aveiro,Região de Aveiro,Centro,1er_cycle_uniquement,104.0,21.0,36.0,23.0,24.0,0.025,,,,,,,,,,,,,,,,
101602,"Escola Básica de Assequins, Águeda",Águeda,Aveiro,Região de Aveiro,Centro,1er_cycle_uniquement,41.0,9.0,12.0,9.0,11.0,0.0,,,,,,,,,,,,,,,,
101603,Escola Básica de Águeda,Águeda,Aveiro,Região de Aveiro,Centro,1er_cycle_uniquement,148.0,47.0,101.0,0.0,0.0,0.0,,,,,,,,,,,,,,,,
101607,"Escola Básica de Valongo do Vouga, Águeda",Águeda,Aveiro,Região de Aveiro,Centro,1er_et_2eme_cycle,178.0,43.0,49.0,36.0,50.0,0.01,78,94,57,77,93,61,83,92,0.49,0.51,175,0,0.009999999776482582,90,0.9777777777777777,0.9458596401747946
1016163,"Escola Básica Dr. Manuel de Oliveira Perpétua, Porto de Mós",Porto de Mós,,,,2eme_cycle_uniquement,,,,,,,121,108,95,122,115,100,123,119,0.51,0.49,242,0.019999999552965164,0,110,0.990909090909091,0.9642496388369652
1016216,"Escola Básica n.º 1 de Mira de Aire, Porto de Mós",Porto de Mós,Aveiro,Região de Aveiro,Centro,1er_cycle_uniquement,80.0,21.0,20.0,16.0,23.0,0.0275,,,,,,,,,,,,,,,,
1016242,"Escola Básica de São Bento, Porto de Mós",Porto de Mós,Aveiro,Região de Aveiro,Centro,1er_cycle_uniquement,27.0,10.0,9.0,2.0,6.0,0.0,,,,,,,,,,,,,,,,
1016258,"Escola Básica de Juncal, Porto de Mós",Porto de Mós,Aveiro,Região de Aveiro,Centro,1er_cycle_uniquement,91.0,25.0,18.0,36.0,12.0,0.075,,,,,,,,,,,,,,,,
1016276,"Escola Básica de Fonte do Oleiro, Porto de Mós",Porto de Mós,Aveiro,Região de Aveiro,Centro,1er_cycle_uniquement,26.0,5.0,10.0,8.0,3.0,0.025,,,,,,,,,,,,,,,,
1016409,Escola Básica de Porto de Mós,Porto de Mós,Aveiro,Região de Aveiro,Centro,1er_cycle_uniquement,204.0,53.0,52.0,44.0,55.0,0.025,,,,,,,,,,,,,,,,
1016513,"Escola Básica n.º 2 de Mira de Aire, Porto de Mós",Porto de Mós,Aveiro,Região de Aveiro,Centro,1er_cycle_uniquement,60.0,19.0,13.0,18.0,10.0,0.02,,,,,,,,,,,,,,,,
1016526,"Escola Básica de Arrimal, Porto de Mós",Porto de Mós,Aveiro,Região de Aveiro,Centro,1er_cycle_uniquement,27.0,6.0,6.0,8.0,7.0,0.0,,,,,,,,,,,,,,,,
1016549,"Escola Básica de São Jorge, Porto de Mós",Porto de Mós,Aveiro,Região de Aveiro,Centro,1er_cycle_uniquement,40.0,10.0,13.0,10.0,7.0,0.035,,,,,,,,,,,,,,,,
1016558,"Escola Básica de Serro Ventoso, Porto de Mós",Porto de Mós,Aveiro,Região de Aveiro,Centro,1er_cycle_uniquement,27.0,9.0,4.0,6.0,8.0,0.0625,,,,,,,,,,,,,,,,
1016670,"Escola Básica de Casais Garridos, Porto de Mós",Porto de Mós,Aveiro,Região de Aveiro,Centro,1er_cycle_uniquement,0.0,0.0,0.0,0.0,0.0,,,,,,,,,,,,,,,,,
1016727,"Escola Básica de Cumeira de Cima, Porto de Mós",Porto de Mós,Aveiro,Região de Aveiro,Centro,1er_cycle_uniquement,27.0,5.0,9.0,8.0,5.0,0.0775,,,,,,,,,,,,,,,,
1016763,"Escola Básica de Alqueidão da Serra, Porto de Mós",Porto de Mós,Aveiro,Região de Aveiro,Centro,1er_cycle_uniquement,36.0,15.0,8.0,5.0,8.0,0.0325,,,,,,,,,,,,,,,,
1016869,Instituto Educativo do Juncal,Porto de Mós,Aveiro,Região de Aveiro,Centro,1er_et_2eme_cycle,44.0,8.0,14.0,9.0,13.0,0.0,86,70,85,84,82,84,55,83,0.52,0.48,138,0.03999999910593033,0.009999999776482582,79,0.9873417721518988,0.953523466138663
1016906,"Escola Básica de Calvaria de Cima, Porto de Mós",Porto de Mós,Aveiro,Região de Aveiro,Centro,1er_cycle_uniquement,50.0,14.0,12.0,6.0,18.0,0.015,,,,,,,,,,,,,,,,
1016975,"Escola Básica e Secundária de Mira de Aire, Porto de Mós",Porto de Mós,,,,2eme_cycle_uniquement,,,,,,,49,42,32,47,35,36,36,39,0.48,0.52,75,0,0,33,0.9696969696969697,0.9513868390706085
1016986,"Escola Básica de Mendiga, Porto de Mós",Porto de Mós,Aveiro,Região de Aveiro,Centro,1er_cycle_uniquement,28.0,3.0,11.0,7.0,7.0,0.0575,,,,,,,,,,,,,,,,
101920,"Escola Básica da Trofa, Águeda",Águeda,Aveiro,Região de Aveiro,Centro,1er_cycle_uniquement,178.0,43.0,49.0,43.0,43.0,0.0125,,,,,,,,,,,,,,,,
102001,"Escola Básica de Alquerubim, Albergaria-a-Velha",Albergaria-a-Velha,Beja,Baixo Alentejo,Alentejo,1er_cycle_uniquement,69.0,20.0,20.0,17.0,12.0,0.0,,,,,,,,,,,,,,,,
102102,"Escola Básica de Albergaria-a-Nova, Albergaria-a-Velha",Albergaria-a-Velha,Beja,Baixo Alentejo,Alentejo,1er_cycle_uniquement,39.0,9.0,10.0,11.0,9.0,0.0,,,,,,,,,,,,,,,,
102105,"Escola Básica de Santo António, Valmaior, Albergaria-a-Velha",Albergaria-a-Velha,Beja,Baixo Alentejo,Alentejo,1er_cycle_uniquement,34.0,0.0,0.0,15.0,19.0,0.0,,,,,,,,,,,,,,,,
102319,"Escola Básica de Fradelos, Albergaria-a-Velha",Albergaria-a-Velha,Beja,Baixo Alentejo,Alentejo,1er_cycle_uniquement,42.0,15.0,7.0,8.0,12.0,0.0,,,,,,,,,,,,,,,,
102396,"Escola Básica de São João de Loure, Albergaria-a-Velha",Albergaria-a-Velha,Beja,Baixo Alentejo,Alentejo,1er_et_2eme_cycle,40.0,6.0,12.0,13.0,9.0,0.0,18,28,12,21,21,13,20,21,0.63,0.37,41,0,0.05000000074505806,20,0.95,0.9346315321063239
102419,"Escola Básica de Branca, Albergaria-a-Velha",Albergaria-a-Velha,,,,2eme_cycle_uniquement,,,,,,,55,53,75,51,46,78,40,51,0.6,0.4,91,0,0,42,1,0.9687453519922823
102475,Colégio de Albergaria,Albergaria-a-Velha,Beja,Baixo Alentejo,Alentejo,1er_et_2eme_cycle,33.0,4.0,5.0,8.0,16.0,0.0,37,43,39,41,36,40,25,36,0.56,0.44,61,0,0,35,1,0.9498504863516453
102497,"Escola Básica de Angeja, Albergaria-a-Velha",Albergaria-a-Velha,Beja,Baixo Alentejo,Alentejo,1er_cycle_uniquement,68.0,16.0,19.0,15.0,18.0,0.0,,,,,,,,,,,,,,,,
102507,"Escola Básica de Sobreiro, Albergaria-a-Velha",Albergaria-a-Velha,Beja,Baixo Alentejo,Alentejo,1er_cycle_uniquement,42.0,20.0,22.0,0.0,0.0,0.0,,,,,,,,,,,,,,,,
102639,Escola Básica de Albergaria-a-Velha,Albergaria-a-Velha,Beja,Baixo Alentejo,Alentejo,1er_et_2eme_cycle,174.0,41.0,45.0,54.0,34.0,0.02,122,151,124,119,144,129,154,147,0.52,0.48,301,0.009999999776482582,0.009999999776482582,137,0.9781021897810219,0.9612453951888872
102708,"Escola Básica de Igreja, Valmaior, Albergaria-a-Velha",Albergaria-a-Velha,Beja,Baixo Alentejo,Alentejo,1er_cycle_uniquement,35.0,18.0,17.0,0.0,0.0,0.0,,,,,,,,,,,,,,,,
102749,"Escola Básica de Cruzinha, Albergaria-a-Velha",Albergaria-a-Velha,Beja,Baixo Alentejo,Alentejo,1er_cycle_uniquement,39.0,0.0,0.0,23.0,16.0,0.0,,,,,,,,,,,,,,,,
102808,"Escola Básica de Laginhas, Albergaria-a-Velha",Albergaria-a-Velha,Beja,Baixo Alentejo,Alentejo,1er_cycle_uniquement,70.0,21.0,15.0,13.0,21.0,0.0,,,,,,,,,,,,,,,,
102871,"Escola Básica de Campo, Albergaria-a-Velha",Albergaria-a-Velha,Beja,Baixo Alentejo,Alentejo,1er_cycle_uniquement,28.0,11.0,5.0,7.0,5.0,0.0,,,,,,,,,,,,,,,,
102902,"Escola Básica de Souto, Albergaria-a-Velha",Albergaria-a-Velha,Beja,Baixo Alentejo,Alentejo,1er_cycle_uniquement,34.0,10.0,8.0,7.0,9.0,0.06,,,,,,,,,,,,,,,,
102984,"Escola Básica da Avenida, Albergaria-a-Velha",Albergaria-a-Velha,Beja,Baixo Alentejo,Alentejo,1er_cycle_uniquement,84.0,23.0,20.0,20.0,21.0,0.0,,,,,,,,,,,,,,,,
103001,"Escola Básica de Paredes do Bairro, Anadia",Anadia,Braga,Cávado,Norte,1er_cycle_uniquement,54.0,12.0,15.0,15.0,12.0,0.0325,,,,,,,,,,,,,,,,
103002,"Escola Básica de Avelãs de Cima, Anadia",Anadia,Braga,Cávado,Norte,1er_cycle_uniquement,82.0,23.0,21.0,21.0,17.0,0.0525,,,,,,,,,,,,,,,,
103003,"Escola Básica de Sangalhos, Anadia",Anadia,Braga,Cávado,Norte,1er_cycle_uniquement,104.0,25.0,28.0,24.0,27.0,0.045,,,,,,,,,,,,,,,,
103053,Escola Básica de Anadia,Anadia,Braga,Cávado,Norte,1er_cycle_uniquement,264.0,64.0,70.0,64.0,66.0,0.0225,,,,,,,,,,,,,,,,
103101,"Escola Básica de Vilarinho do Bairro, Anadia",Anadia,Braga,Cávado,Norte,1er_et_2eme_cycle,23.0,5.0,7.0,5.0,6.0,0.035,35,43,48,36,44,50,38,51,0.51,0.49,89,0.10999999940395355,0.05999999865889549,42,0.9523809523809523,0.9566100258952552
103201,"Escola Básica de Vila Nova de Monsarros, Anadia",Anadia,Braga,Cávado,Norte,1er_cycle_uniquement,30.0,7.0,8.0,10.0,5.0,0.0,,,,,,,,,,,,,,,,
103335,"Escola Básica de Tamengos, Anadia",Anadia,Braga,Cávado,Norte,1er_cycle_uniquement,81.0,21.0,14.0,23.0,23.0,0.0,,,,,,,,,,,,,,,,
103434,Escola Básica e Secundária de Anadia,Anadia,,,,2eme_cycle_uniquement,,,,,,,156,151,150,157,159,155,147,171,0.53,0.47,318,0.03999999910593033,0.05000000074505806,146,0.9931506849315068,0.9655497776112394
103554,"Escola Básica de Chãozinho, Anadia",Anadia,Braga,Cávado,Norte,1er_cycle_uniquement,24.0,5.0,2.0,6.0,11.0,0.0,,,,,,,,,,,,,,,,
103612,"Escola Básica de Moita, Anadia",Anadia,Braga,Cávado,Norte,1er_cycle_uniquement,49.0,13.0,8.0,16.0,12.0,0.02,,,,,,,,,,,,,,,,
103685,Colégio de Nossa Senhora da Assunção,Anadia,Braga,Cávado,Norte,1er_et_2eme_cycle,114.0,28.0,32.0,32.0,22.0,0.0,54,43,44,56,45,42,41,44,0.5800000000000001,0.42,85,0,0,45,1,0.9878389512591426
103800,"Escola Básica de Aguim, Anadia",Anadia,Braga,Cávado,Norte,1er_cycle_uniquement,55.0,15.0,13.0,20.0,7.0,0.02,,,,,,,,,,,,,,,,
103903,"Escola Básica de Mogofores, Anadia",Anadia,Braga,Cávado,Norte,1er_cycle_uniquement,44.0,13.0,14.0,15.0,2.0,0.035,,,,,,,,,,,,,,,,
103983,"Escola Básica de Poutena, Anadia",Anadia,Braga,Cávado,Norte,1er_cycle_uniquement,31.0,7.0,10.0,8.0,6.0,0.0,,,,,,,,,,,,,,,,
104001,"Escola Básica de Chave, Arouca",Arouca,Bragança,Terras de Trás-os-Montes,Norte,1er_cycle_uniquement,67.0,13.0,15.0,16.0,23.0,0.0,,,,,,,,,,,,,,,,
104002,"Escola Básica de Paço, Rossas, Arouca",Arouca,Bragança,Terras de Trás-os-Montes,Norte,1er_cycle_uniquement,81.0,23.0,20.0,21.0,17.0,0.0,,,,,,,,,,,,,,,,
104026,"Escola Básica de Fermedo, Arouca",Arouca,Bragança,Terras de Trás-os-Montes,Norte,1er_cycle_uniquement,51.0,9.0,11.0,17.0,14.0,0.0,,,,,,,,,,,,,,,,
104040,"Escola Básica do Burgo, Arouca",Arouca,Bragança,Terras de Trás-os-Montes,Norte,1er_cycle_uniquement,104.0,37.0,25.0,19.0,23.0,0.02,,,,,,,,,,,,,,,,
104052,"Escola Básica de Canelas, Arouca",Arouca,Bragança,Terras de Trás-os-Montes,Norte,1er_cycle_uniquement,31.0,10.0,9.0,4.0,8.0,0.0275,,,,,,,,,,,,,,,,
104118,"Escola Básica e Secundária de Escariz, Arouca",Arouca,Bragança,Terras de Trás-os-Montes,Norte,1er_et_2eme_cycle,66.0,20.0,12.0,16.0,18.0,0.0,51,54,62,49,57,61,51,58,0.49,0.51,109,0,0,57,1,0.9535834357461621
104156,"Escola Básica de Paços, Arouca",Arouca,Bragança,Terras de Trás-os-Montes,Norte,1er_cycle_uniquement,20.0,9.0,2.0,3.0,6.0,0.0,,,,,,,,,,,,,,,,
104358,Escola Básica de Arouca,Arouca,,,,2eme_cycle_uniquement,,,,,,,153,158,166,157,141,172,133,148,0.51,0.49,281,0.009999999776482582,0.009999999776482582,139,1,0.9596298522305516
104488,"Escola Básica de Boavista, Arouca",Arouca,Bragança,Terras de Trás-os-Montes,Norte,1er_cycle_uniquement,71.0,19.0,15.0,19.0,18.0,0.0,,,,,,,,,,,,,,,,
104585,"Escola Básica de Ponte de Telhe, Arouca",Arouca,Bragança,Terras de Trás-os-Montes,Norte,1er_cycle_uniquement,0.0,0.0,0.0,0.0,0.0,,,,,,,,,,,,,,,,,
104783,"Escola Básica de Serra da Vila, Casal, Arouca",Arouca,Bragança,Terras de Trás-os-Montes,Norte,1er_cycle_uniquement,43.0,17.0,13.0,8.0,5.0,0.0,,,,,,,,,,,,,,,,
104860,"Escola Básica de Paço, Alvarenga, Arouca",Arouca,Bragança,Terras de Trás-os-Montes,Norte,1er_cycle_uniquement,31.0,8.0,8.0,11.0,4.0,0.0,,,,,,,,,,,,,,,,
104958,Escola Básica n.º 1 de Arouca,Arouca,Bragança,Terras de Trás-os-Montes,Norte,1er_cycle_uniquement,163.0,21.0,48.0,45.0,49.0,0.0,,,,,,,,,,,,,,,,
105013,"Escola Básica de Leirinhas de Aradas, Aveiro",Aveiro,Castelo Branco,Beira Baixa,Centro,1er_cycle_uniquement,43.0,14.0,9.0,15.0,5.0,0.0725,,,,,,,,,,,,,,,,
105030,"Escola Básica de Mamodeiro, Aveiro",Aveiro,Castelo Branco,Beira Baixa,Centro,1er_cycle_uniquement,37.0,8.0,15.0,9.0,5.0,0.05,,,,,,,,,,,,,,,,
105053,"Escola Básica de Nariz, Aveiro",Aveiro,Castelo Branco,Beira Baixa,Centro,1er_cycle_uniquement,31.0,8.0,10.0,6.0,7.0,0.025,,,,,,,,,,,,,,,,
105076,"Escola Básica de Azurva, Aveiro",Aveiro,Castelo Branco,Beira Baixa,Centro,1er_cycle_uniquement,81.0,21.0,18.0,20.0,22.0,0.0,,,,,,,,,,,,,,,,
105096,"Escola Básica de Esgueira, Aveiro",Aveiro,Castelo Branco,Beira Baixa,Centro,1er_cycle_uniquement,180.0,88.0,92.0,0.0,0.0,0.0,,,,,,,,,,,,,,,,
105104,"Escola Básica de Quinta do Picado, Aveiro",Aveiro,Castelo Branco,Beira Baixa,Centro,1er_cycle_uniquement,34.0,8.0,7.0,7.0,12.0,0.17,,,,,,,,,,,,,,,,
105137,"Escola Básica de Presa, Santa Joana, Aveiro",Aveiro,Castelo Branco,Beira Baixa,Centro,1er_cycle_uniquement,43.0,11.0,12.0,8.0,12.0,0.0,,,,,,,,,,,,,,,,
105146,"Escola Básica de Barrocas, Aveiro",Aveiro,Castelo Branco,Beira Baixa,Centro,1er_cycle_uniquement,176.0,44.0,40.0,47.0,45.0,0.005,,,,,,,,,,,,,,,,
105147,"Escola Básica de Quinta do Simão, Aveiro",Aveiro,Castelo Branco,Beira Baixa,Centro,1er_cycle_uniquement,0.0,0.0,0.0,0.0,0.0,,,,,,,,,,,,,,,,,
105155,"Escola Básica de Póvoa do Paço, Aveiro",Aveiro,Castelo Branco,Beira Baixa,Centro,1er_cycle_uniquement,49.0,14.0,10.0,16.0,9.0,0.05,,,,,,,,,,,,,,,,
105210,"Escola Básica de Areais, Aveiro",Aveiro,Castelo Branco,Beira Baixa,Centro,1er_cycle_uniquement,42.0,10.0,7.0,10.0,15.0,0.0,,,,,,,,,,,,,,,,
105224,"Escola Básica de São Jacinto, Aveiro",Aveiro,Castelo Branco,Beira Baixa,Centro,1er_cycle_uniquement,0.0,0.0,0.0,0.0,0.0,,,,,,,,,,,,,,,,,
105230,"Escola Básica de Póvoa do Valado, Aveiro",Aveiro,Castelo Branco,Beira Baixa,Centro,1er_cycle_uniquement,20.0,3.0,6.0,4.0,7.0,0.0,,,,,,,,,,,,,,,,
105232,"Escola Básica João Afonso, Aveiro",Aveiro,,,,2eme_cycle_uniquement,,,,,,,292,274,244,292,238,246,258,242,0.53,0.47,500,0.009999999776482582,0.009999999776482582,232,0.9956896551724138,0.9830097190654764
105258,"Escola Básica de Costa do Valado, Aveiro",Aveiro,Castelo Branco,Beira Baixa,Centro,1er_cycle_uniquement,28.0,4.0,7.0,4.0,13.0,0.02,,,,,,,,,,,,,,,,
105331,"Escola Básica de Aradas, Aveiro",Aveiro,,,,2eme_cycle_uniquement,,,,,,,100,86,79,105,82,77,91,83,0.5,0.5,174,0,0,80,1,0.9672483720603238
105337,"Escola Básica de Eixo, Aveiro",Aveiro,Castelo Branco,Beira Baixa,Centro,1er_et_2eme_cycle,143.0,38.0,38.0,24.0,43.0,0.09,61,65,66,63,57,70,56,61,0.56,0.44,117,0.05000000074505806,0.10000000149011612,49,0.8979591836734694,0.9245724200100645
105368,"Escola Básica n.º 2 de São Bernardo, Aveiro",Aveiro,Castelo Branco,Beira Baixa,Centro,1er_et_2eme_cycle,185.0,44.0,48.0,51.0,42.0,0.0,165,151,133,163,154,134,130,154,0.5700000000000001,0.43,284,0.019999999552965164,0.009999999776482582,147,0.9863945578231292,0.9772368819061807
105382,"Escola Básica de Solposto, Aveiro",Aveiro,Castelo Branco,Beira Baixa,Centro,1er_cycle_uniquement,114.0,36.0,30.0,24.0,24.0,0.0,,,,,,,,,,,,,,,,
105394,"Escola Básica de Santiago, Aveiro",Aveiro,Castelo Branco,Beira Baixa,Centro,1er_cycle_uniquement,178.0,50.0,43.0,43.0,42.0,0.0,,,,,,,,,,,,,,,,
105411,"Escola Básica e Secundária Dr. Jaime Magalhães Lima, Esgueira, Aveiro",Aveiro,Castelo Branco,Beira Baixa,Centro,1er_et_2eme_cycle,185.0,0.0,0.0,91.0,94.0,0.0,165,125,154,161,172,165,155,174,0.48,0.52,329,0.009999999776482582,0.019999999552965164,163,0.9570552147239264,0.9511384503357088
105576,"Escola Básica de Verdemilho, Aveiro",Aveiro,Castelo Branco,Beira Baixa,Centro,1er_cycle_uniquement,183.0,43.0,47.0,48.0,45.0,0.01,,,,,,,,,,,,,,,,
105580,"Escola Básica de Bonsucesso, Aveiro",Aveiro,Castelo Branco,Beira Baixa,Centro,1er_cycle_uniquement,81.0,19.0,20.0,21.0,21.0,0.025,,,,,,,,,,,,,,,,
105593,"Escola Básica n.º 1 de São Bernardo, Aveiro",Aveiro,Castelo Branco,Beira Baixa,Centro,1er_cycle_uniquement,181.0,45.0,44.0,47.0,45.0,0.0,,,,,,,,,,,,,,,,
105610,"Escola Básica Castro Matoso, Oliveirinha, Aveiro",Aveiro,Castelo Branco,Beira Baixa,Centro,1er_et_2eme_cycle,143.0,38.0,37.0,34.0,34.0,0.0075,67,64,71,64,96,74,67,96,0.5700000000000001,0.43,163,0.009999999776482582,0.07000000029802322,95,0.9368421052631579,0.94241835369878
105730,Colégio D. José I,Aveiro,Castelo Branco,Beira Baixa,Centro,1er_et_2eme_cycle,192.0,47.0,58.0,43.0,44.0,0.0,22,39,32,24,25,33,21,25,0.54,0.46,46,0,0,25,1,0.9907784083847715
105776,"Escola Básica de Alumieira, Mataduços, Aveiro",Aveiro,Castelo Branco,Beira Baixa,Centro,1er_cycle_uniquement,57.0,9.0,12.0,18.0,18.0,0.0,,,,,,,,,,,,,,,,
105787,"Escola Básica de Vera-Cruz, Aveiro",Aveiro,Castelo Branco,Beira Baixa,Centro,1er_cycle_uniquement,281.0,68.0,69.0,72.0,72.0,0.0,,,,,,,,,,,,,,,,
105816,"Escola Básica de Requeixo, Aveiro",Aveiro,Castelo Branco,Beira Baixa,Centro,1er_cycle_uniquement,0.0,0.0,0.0,0.0,0.0,,,,,,,,,,,,,,,,,
105827,"Escola Básica de Quintã do Loureiro, Cacia, Aveiro",Aveiro,Castelo Branco,Beira Baixa,Centro,1er_cycle_uniquement,107.0,38.0,22.0,20.0,27.0,0.0125,,,,,,,,,,,,,,,,
105881,"Escola Básica de Sarrazola, Aveiro",Aveiro,Castelo Branco,Beira Baixa,Centro,1er_cycle_uniquement,62.0,16.0,16.0,16.0,14.0,0.0325,,,,,,,,,,,,,,,,
105888,"Escola Básica Rio Novo do Príncipe, Cacia, Aveiro",Aveiro,,,,2eme_cycle_uniquement,,,,,,,69,74,63,72,79,70,69,81,0.47,0.53,150,0,0.05000000074505806,64,0.96875,0.9628231731977124
105980,"Escola Básica de Glória, Aveiro",Aveiro,Castelo Branco,Beira Baixa,Centro,1er_cycle_uniquement,187.0,48.0,48.0,47.0,44.0,0.005,,,,,,,,,,,,,,,,
105981,Colégio Português (ENSIGEST)- Empreendimentos Educativos Lda,Aveiro,Castelo Branco,Beira Baixa,Centro,1er_et_2eme_cycle,61.0,15.0,11.0,16.0,19.0,0.0,25,23,23,25,21,22,25,19,0.48,0.52,44,0,0,21,0.9523809523809523,0.9893571616973411
105994,"Escola Básica de Taboeira, Aveiro",Aveiro,Castelo Branco,Beira Baixa,Centro,1er_cycle_uniquement,37.0,11.0,9.0,9.0,8.0,0.055,,,,,,,,,,,,,,,,
106033,"Escola Básica de Cruz da Agra, São Martinho, Castelo de Paiva",Castelo de Paiva,Coimbra,Região de Coimbra,Centro,1er_cycle_uniquement,38.0,15.0,0.0,16.0,7.0,0.0,,,,,,,,,,,,,,,,
106122,"Escola Básica de Adro, Real, Castelo de Paiva",Castelo de Paiva,Coimbra,Região de Coimbra,Centro,1er_cycle_uniquement,32.0,10.0,14.0,4.0,4.0,0.08,,,,,,,,,,,,,,,,
106146,Escola Básica e Secundária de Castelo de Paiva,Castelo de Paiva,,,,2eme_cycle_uniquement,,,,,,,128,140,129,126,111,132,106,112,0.49,0.51,218,0,0,110,0.9727272727272728,0.959427248679009
106147,Escola Básica de Castelo de Paiva,Castelo de Paiva,Coimbra,Região de Coimbra,Centro,1er_cycle_uniquement,226.0,54.0,68.0,38.0,66.0,0.0125,,,,,,,,,,,,,,,,
106237,"Escola Básica de Raiva, Castelo de Paiva",Castelo de Paiva,Coimbra,Região de Coimbra,Centro,1er_cycle_uniquement,0.0,0.0,0.0,0.0,0.0,,,,,,,,,,,,,,,,,
106244,"Escola Básica de Casal da Renda, Castelo de Paiva",Castelo de Paiva,Coimbra,Região de Coimbra,Centro,1er_cycle_uniquement,0.0,0.0,0.0,0.0,0.0,,,,,,,,,,,,,,,,,
106295,"Escola Básica de São Lourenço, Castelo de Paiva",Castelo de Paiva,Coimbra,Região de Coimbra,Centro,1er_cycle_uniquement,0.0,0.0,0.0,0.0,0.0,,,,,,,,,,,,,,,,,
106324,"Escola Básica de Cepa, Castelo de Paiva",Castelo de Paiva,Coimbra,Região de Coimbra,Centro,1er_cycle_uniquement,29.0,9.0,6.0,7.0,7.0,0.0,,,,,,,,,,,,,,,,
106658,"Escola Básica de Couto Mineiro do Pejão, Raiva, Castelo de Paiva",Castelo de Paiva,,,,2eme_cycle_uniquement,,,,,,,23,35,34,23,44,33,16,41,0.61,0.39,57,0,0,43,0.9302325581395349,0.941854995021031
106802,"Escola Básica de Pereire, Sardoura, Castelo de Paiva",Castelo de Paiva,Coimbra,Região de Coimbra,Centro,1er_cycle_uniquement,50.0,0.0,18.0,16.0,16.0,0.0,,,,,,,,,,,,,,,,
106917,"Escola Básica de Serradelo, Castelo de Paiva",Castelo de Paiva,Coimbra,Região de Coimbra,Centro,1er_cycle_uniquement,0.0,0.0,0.0,0.0,0.0,,,,,,,,,,,,,,,,,
106969,"Escola Básica de Póvoa, Castelo de Paiva",Castelo de Paiva,Coimbra,Região de Coimbra,Centro,1er_cycle_uniquement,23.0,6.0,7.0,3.0,7.0,0.0,,,,,,,,,,,,,,,,
106985,"Escola Básica de Oliveira do Arda, Castelo de Paiva",Castelo de Paiva,Coimbra,Região de Coimbra,Centro,1er_cycle_uniquement,56.0,12.0,12.0,15.0,17.0,0.0,,,,,,,,,,,,,,,,
107001,"Escola Básica de Anta, Espinho",Espinho,Évora,Alentejo Central,Alentejo,1er_cycle_uniquement,232.0,61.0,64.0,54.0,53.0,0.0325,,,,,,,,,,,,,,,,
107002,"Escola Básica de Paramos, Espinho",Espinho,Évora,Alentejo Central,Alentejo,1er_cycle_uniquement,154.0,38.0,48.0,20.0,48.0,0.0,,,,,,,,,,,,,,,,
107003,"Escola Básica de Silvalde, Espinho",Espinho,Évora,Alentejo Central,Alentejo,1er_cycle_uniquement,94.0,21.0,32.0,20.0,21.0,0.0,,,,,,,,,,,,,,,,
107083,"Escola Básica e Secundária Dr. Manuel Laranjeira, Espinho",Espinho,,,,2eme_cycle_uniquement,,,,,,,127,145,136,135,146,140,102,157,0.55,0.45,259,0,0.009999999776482582,141,0.9858156028368794,0.9678724462127454
107412,Escola Básica n.º 2 de Espinho,Espinho,Évora,Alentejo Central,Alentejo,1er_cycle_uniquement,267.0,66.0,91.0,70.0,40.0,0.0025,,,,,,,,,,,,,,,,
107570,Academia de Música de Espinho,Espinho,,,,2eme_cycle_uniquement,,,,,,,20,20,20,20,20,20,40,20,0.48,0.52,60,0,0,20,1,0.9558035714285713
107625,"Escola Básica de Guetim, Espinho",Espinho,Évora,Alentejo Central,Alentejo,1er_cycle_uniquement,83.0,21.0,20.0,20.0,22.0,0.0,,,,,,,,,,,,,,,,
107743,"Escola Básica e Secundária Dr. Manuel Gomes Almeida, Espinho",Espinho,,,,2eme_cycle_uniquement,,,,,,,150,162,152,143,182,151,121,183,0.49,0.51,304,0,0,182,1,0.975504539601333
107811,Colégio Mãe Galinha - Secção,Espinho,Évora,Alentejo Central,Alentejo,1er_cycle_uniquement,44.0,15.0,12.0,10.0,7.0,0.0,,,,,,,,,,,,,,,,
107812,"Escola Básica Sá Couto, Espinho",Espinho,Évora,Alentejo Central,Alentejo,1er_et_2eme_cycle,274.0,68.0,70.0,67.0,69.0,0.01,59,122,47,65,42,47,59,43,0.42000000000000004,0.58,102,0,0.07000000029802322,36,0.9166666666666666,0.9633821635169796
107850,"Escola Básica e Secundária Domingos Capela, Silvalde, Espinho",Espinho,,,,2eme_cycle_uniquement,,,,,,,39,43,32,37,33,32,21,36,0.65,0.35,57,0.05000000074505806,0.05999999865889549,30,0.9333333333333333,0.8945443901264021
108001,"Escola Básica Visconde de Salreu, Estarreja",Estarreja,Faro,Algarve,Algarve,1er_cycle_uniquement,225.0,62.0,67.0,52.0,44.0,0.0,,,,,,,,,,,,,,,,
108093,"Escola Básica de Pinheiro, Veiros, Estarreja",Estarreja,Faro,Algarve,Algarve,1er_cycle_uniquement,29.0,9.0,7.0,4.0,9.0,0.0,,,,,,,,,,,,,,,,
108132,"Escola Básica de Congosta, Estarreja",Estarreja,Faro,Algarve,Algarve,1er_cycle_uniquement,30.0,4.0,6.0,8.0,12.0,0.0,,,,,,,,,,,,,,,,
108444,"Escola Básica de Mato, Estarreja",Estarreja,Faro,Algarve,Algarve,1er_cycle_uniquement,199.0,55.0,52.0,42.0,50.0,0.0,,,,,,,,,,,,,,,,
108484,Jardim Escola João de Deus Estarreja,Estarreja,Faro,Algarve,Algarve,1er_cycle_uniquement,29.0,11.0,5.0,3.0,10.0,0.0,,,,,,,,,,,,,,,,
108598,"Escola Básica Padre Donaciano Abreu Freire, Estarreja",Estarreja,Faro,Algarve,Algarve,1er_et_2eme_cycle,266.0,71.0,63.0,63.0,69.0,0.0,144,159,134,138,147,136,140,153,0.5800000000000001,0.42,293,0.009999999776482582,0.029999999329447746,142,0.9647887323943662,0.9428886909361032
108614,"Escola Básica Professor Doutor Egas Moniz, Avanca, Estarreja",Estarreja,,,,2eme_cycle_uniquement,,,,,,,60,48,65,61,58,66,50,61,0.49,0.51,111,0,0,58,1,0.9599475367506399
108767,"Escola Básica de Pardilhó, Estarreja",Estarreja,Faro,Algarve,Algarve,1er_et_2eme_cycle,201.0,47.0,51.0,51.0,52.0,0.0,40,40,49,41,41,46,43,42,0.48,0.52,85,0.019999999552965164,0,37,0.9459459459459459,0.9503197405400514
108911,"Escola Básica de Cabeças, Estarreja",Estarreja,Faro,Algarve,Algarve,1er_cycle_uniquement,27.0,5.0,5.0,8.0,9.0,0.0,,,,,,,,,,,,,,,,
109001,"Escola Básica de Mosteirô, Santa Maria da Feira",Santa Maria da Feira,Guarda,Beiras e Serra da Estrela,Centro,1er_cycle_uniquement,70.0,24.0,19.0,15.0,12.0,0.03,,,,,,,,,,,,,,,,
109003,"Escola Básica de Espargo, Santa Maria da Feira",Santa Maria da Feira,Guarda,Beiras e Serra da Estrela,Centro,1er_cycle_uniquement,84.0,20.0,20.0,20.0,24.0,0.0,,,,,,,,,,,,,,,,
109004,"Escola Básica de São João de Vêr, Santa Maria da Feira",Santa Maria da Feira,Guarda,Beiras e Serra da Estrela,Centro,1er_cycle_uniquement,210.0,52.0,58.0,50.0,50.0,0.0125,,,,,,,,,,,,,,,,
109018,"Escola Básica de Cimo de Aldeia, Pigeiros, Santa Maria da Feira",Santa Maria da Feira,Guarda,Beiras e Serra da Estrela,Centro,1er_cycle_uniquement,26.0,7.0,5.0,5.0,9.0,0.0275,,,,,,,,,,,,,,,,
109027,"Escola Básica de Igreja, Escapães, Santa Maria da Feira",Santa Maria da Feira,Guarda,Beiras e Serra da Estrela,Centro,1er_cycle_uniquement,72.0,20.0,20.0,14.0,18.0,0.0125,,,,,,,,,,,,,,,,
109030,"Escola Básica de Prime, Santa Maria da Feira",Santa Maria da Feira,Guarda,Beiras e Serra da Estrela,Centro,1er_cycle_uniquement,60.0,19.0,10.0,18.0,13.0,0.0,,,,,,,,,,,,,,,,
109062,"Escola Básica de Louredo, Santa Maria da Feira",Santa Maria da Feira,Guarda,Beiras e Serra da Estrela,Centro,1er_cycle_uniquement,79.0,20.0,21.0,20.0,18.0,0.0,,,,,,,,,,,,,,,,
109070,"Escola Básica de Corga do Lobão, Santa Maria da Feira",Santa Maria da Feira,,,,2eme_cycle_uniquement,,,,,,,68,97,75,68,114,77,85,121,0.5,0.5,206,0,0,111,1,0.9630759820823472
109082,"Escola Básica de Milheirós, Santa Maria da Feira",Santa Maria da Feira,Guarda,Beiras e Serra da Estrela,Centro,1er_cycle_uniquement,0.0,0.0,0.0,0.0,0.0,,,,,,,,,,,,,,,,,
109084,"Escola Básica de Caldelas, Caldas de São Jorge, Santa Maria da Feira",Santa Maria da Feira,Guarda,Beiras e Serra da Estrela,Centro,1er_cycle_uniquement,78.0,19.0,20.0,16.0,23.0,0.0125,,,,,,,,,,,,,,,,
109096,"Escola Básica de Fonte Seca, Santa Maria da Feira",Santa Maria da Feira,Guarda,Beiras e Serra da Estrela,Centro,1er_cycle_uniquement,57.0,20.0,14.0,16.0,7.0,0.0,,,,,,,,,,,,,,,,
109099,"Escola Básica António Alves de Amorim, Lourosa, Santa Maria da Feira",Santa Maria da Feira,,,,2eme_cycle_uniquement,,,,,,,120,133,130,120,119,130,145,126,0.51,0.49,271,0,0.009999999776482582,114,0.9912280701754386,0.9622735074659827
109136,"Escola Básica de Sobral, Santa Maria da Feira",Santa Maria da Feira,Guarda,Beiras e Serra da Estrela,Centro,1er_cycle_uniquement,163.0,44.0,34.0,38.0,47.0,0.0,,,,,,,,,,,,,,,,
109168,"Escola Básica de Outeiro, Arrifana, Santa Maria da Feira",Santa Maria da Feira,Guarda,Beiras e Serra da Estrela,Centro,1er_cycle_uniquement,60.0,0.0,21.0,21.0,18.0,0.09,,,,,,,,,,,,,,,,
109186,"Escola Básica n.º 3 de Santa Maria de Lamas, Santa Maria da Feira",Santa Maria da Feira,Guarda,Beiras e Serra da Estrela,Centro,1er_cycle_uniquement,77.0,18.0,24.0,20.0,15.0,0.01,,,,,,,,,,,,,,,,
109195,"Escola Básica de Póvoa, Paços de Brandão, Santa Maria da Feira",Santa Maria da Feira,Guarda,Beiras e Serra da Estrela,Centro,1er_cycle_uniquement,69.0,21.0,20.0,13.0,15.0,0.025,,,,,,,,,,,,,,,,
109211,"Escola Básica de Igreja de São Paio de Oleiros, Santa Maria da Feira",Santa Maria da Feira,Guarda,Beiras e Serra da Estrela,Centro,1er_cycle_uniquement,95.0,27.0,33.0,20.0,15.0,0.0225,,,,,,,,,,,,,,,,
109233,"Escola Básica de Aldeia, Sanfins, Santa Maria da Feira",Santa Maria da Feira,Guarda,Beiras e Serra da Estrela,Centro,1er_cycle_uniquement,64.0,21.0,17.0,9.0,17.0,0.0,,,,,,,,,,,,,,,,
109238,"Escola Básica de Bairro, Arrifana, Santa Maria da Feira",Santa Maria da Feira,Guarda,Beiras e Serra da Estrela,Centro,1er_cycle_uniquement,44.0,24.0,0.0,8.0,12.0,0.0,,,,,,,,,,,,,,,,
109240,Escola Básica n.º 1 de Santa Maria da Feira,Santa Maria da Feira,Guarda,Beiras e Serra da Estrela,Centro,1er_cycle_uniquement,251.0,67.0,68.0,48.0,68.0,0.025,,,,,,,,,,,,,,,,
109258,"Escola Básica de Valrico, Santa Maria da Feira",Santa Maria da Feira,Guarda,Beiras e Serra da Estrela,Centro,1er_cycle_uniquement,60.0,15.0,13.0,12.0,20.0,0.0,,,,,,,,,,,,,,,,
109284,"Escola Básica de Fornos, Santa Maria da Feira",Santa Maria da Feira,Guarda,Beiras e Serra da Estrela,Centro,1er_cycle_uniquement,72.0,26.0,18.0,14.0,14.0,0.0,,,,,,,,,,,,,,,,
109299,"Escola Básica de São Domingos, Santa Maria da Feira",Santa Maria da Feira,Guarda,Beiras e Serra da Estrela,Centro,1er_cycle_uniquement,127.0,43.0,41.0,23.0,20.0,0.0175,,,,,,,,,,,,,,,,
109316,"Escola Básica de Aldriz, Santa Maria da Feira",Santa Maria da Feira,Guarda,Beiras e Serra da Estrela,Centro,1er_cycle_uniquement,56.0,20.0,7.0,10.0,19.0,0.025,,,,,,,,,,,,,,,,
109330,"Escola Básica Dr. Sérgio Ribeiro, Lourosa, Santa Maria da Feira",Santa Maria da Feira,Guarda,Beiras e Serra da Estrela,Centro,1er_cycle_uniquement,115.0,33.0,40.0,20.0,22.0,0.0125,,,,,,,,,,,,,,,,
109331,"Escola Básica de Canedo, Santa Maria da Feira",Santa Maria da Feira,Guarda,Beiras e Serra da Estrela,Centro,1er_et_2eme_cycle,167.0,43.0,43.0,37.0,44.0,0.005,70,68,65,68,66,67,70,65,0.42000000000000004,0.58,135,0,0,64,0.9375,0.9523091336189323
109345,"Escola Básica de Pousadela de Baixo, Santa Maria da Feira",Santa Maria da Feira,Guarda,Beiras e Serra da Estrela,Centro,1er_cycle_uniquement,43.0,13.0,12.0,12.0,6.0,0.04,,,,,,,,,,,,,,,,
109352,"Escola Básica n.º 1 de Santa Maria de Lamas, Santa Maria da Feira",Santa Maria da Feira,Guarda,Beiras e Serra da Estrela,Centro,1er_cycle_uniquement,48.0,15.0,17.0,0.0,16.0,0.0,,,,,,,,,,,,,,,,
109357,"Escola Básica Professor Doutor Ferreira de Almeida, Santa Maria da Feira",Santa Maria da Feira,,,,2eme_cycle_uniquement,,,,,,,129,125,109,127,118,109,97,123,0.56,0.44,220,0.019999999552965164,0.029999999329447746,115,0.9565217391304348,0.96317920095745
109416,Colégio das Terras de Santa Maria,Santa Maria da Feira,,,,2eme_cycle_uniquement,,,,,,,56,47,62,61,60,61,52,66,0.55,0.45,118,0,0,60,1,0.9888009317049918
109469,"Escola Básica de Igreja, Romariz, Santa Maria da Feira",Santa Maria da Feira,Guarda,Beiras e Serra da Estrela,Centro,1er_cycle_uniquement,81.0,21.0,23.0,15.0,22.0,0.0225,,,,,,,,,,,,,,,,
109484,"Escola Básica de Souto Redondo, Santa Maria da Feira",Santa Maria da Feira,Guarda,Beiras e Serra da Estrela,Centro,1er_cycle_uniquement,61.0,20.0,13.0,16.0,12.0,0.0325,,,,,,,,,,,,,,,,
109487,"Escola Básica de Outeiro, Travanca, Santa Maria da Feira",Santa Maria da Feira,Guarda,Beiras e Serra da Estrela,Centro,1er_cycle_uniquement,22.0,0.0,0.0,10.0,12.0,0.0,,,,,,,,,,,,,,,,
109490,"Escola Básica de Chão do Rio, Fiães, Santa Maria da Feira",Santa Maria da Feira,Guarda,Beiras e Serra da Estrela,Centro,1er_cycle_uniquement,88.0,25.0,21.0,23.0,19.0,0.0,,,,,,,,,,,,,,,,
109529,"Escola Básica n.º 2 de Carvalhal, Santa Maria da Feira",Santa Maria da Feira,Guarda,Beiras e Serra da Estrela,Centro,1er_cycle_uniquement,45.0,0.0,13.0,15.0,17.0,0.0,,,,,,,,,,,,,,,,
109531,"Externato Infantil ""Paraíso dos Pequeninos""",Santa Maria da Feira,Guarda,Beiras e Serra da Estrela,Centro,1er_cycle_uniquement,177.0,46.0,46.0,36.0,49.0,0.0,,,,,,,,,,,,,,,,
109535,"Escola Básica de Santo António, Rio Meão, Santa Maria da Feira",Santa Maria da Feira,Guarda,Beiras e Serra da Estrela,Centro,1er_cycle_uniquement,76.0,19.0,24.0,13.0,20.0,0.0125,,,,,,,,,,,,,,,,
109536,"Escola Básica n.º 2 de Vendas Novas, Santa Maria da Feira",Santa Maria da Feira,Guarda,Beiras e Serra da Estrela,Centro,1er_cycle_uniquement,60.0,0.0,24.0,18.0,18.0,0.0,,,,,,,,,,,,,,,,
109552,"Escola Básica de Póvoa, Santa Maria da Feira",Santa Maria da Feira,Guarda,Beiras e Serra da Estrela,Centro,1er_cycle_uniquement,35.0,15.0,7.0,6.0,7.0,0.0425,,,,,,,,,,,,,,,,
109561,"Escola Básica de Igreja, Milheirós de Poiares, Santa Maria da Feira",Santa Maria da Feira,Guarda,Beiras e Serra da Estrela,Centro,1er_cycle_uniquement,83.0,21.0,21.0,17.0,24.0,0.0425,,,,,,,,,,,,,,,,
109570,"Escola Básica e Secundária de Arrifana, Santa Maria da Feira",Santa Maria da Feira,,,,2eme_cycle_uniquement,,,,,,,44,39,33,44,29,33,42,34,0.51,0.49,76,0.11999999731779099,0.029999999329447746,27,1,0.9459954615591556
109578,"Escola Básica de Mieiro, Santa Maria da Feira",Santa Maria da Feira,Guarda,Beiras e Serra da Estrela,Centro,1er_cycle_uniquement,35.0,20.0,15.0,0.0,0.0,0.0,,,,,,,,,,,,,,,,
109632,"Escola Básica e Secundária Coelho e Castro, Fiães, Santa Maria da Feira",Santa Maria da Feira,,,,2eme_cycle_uniquement,,,,,,,85,93,115,94,114,115,99,114,0.51,0.49,213,0,0.009999999776482582,112,0.9910714285714286,0.951157050460177
109641,Escola Básica n.º 2 de Santa Maria da Feira,Santa Maria da Feira,Guarda,Beiras e Serra da Estrela,Centro,1er_cycle_uniquement,268.0,68.0,69.0,59.0,72.0,0.005,,,,,,,,,,,,,,,,
109646,"Escola Básica de Vergada, Santa Maria da Feira",Santa Maria da Feira,Guarda,Beiras e Serra da Estrela,Centro,1er_cycle_uniquement,31.0,4.0,8.0,9.0,10.0,0.025,,,,,,,,,,,,,,,,
109663,"Escola Básica Fernando Pessoa, Santa Maria da Feira",Santa Maria da Feira,,,,2eme_cycle_uniquement,,,,,,,245,227,222,242,237,233,236,237,0.44999999999999996,0.55,473,0,0.009999999776482582,236,0.9830508474576272,0.972646168107912
109681,"Escola Básica de Argoncilhe, Santa Maria da Feira",Santa Maria da Feira,,,,2eme_cycle_uniquement,,,,,,,88,84,96,94,76,98,83,75,0.53,0.47,158,0.05999999865889549,0.029999999329447746,75,0.96,0.9467046960460298
109682,"Escola Básica de Casalmeão, Santa Maria da Feira",Santa Maria da Feira,Guarda,Beiras e Serra da Estrela,Centro,1er_cycle_uniquement,88.0,26.0,16.0,22.0,24.0,0.0,,,,,,,,,,,,,,,,
109714,"Escola Básica de Igreja, Paços de Brandão, Santa Maria da Feira",Santa Maria da Feira,Guarda,Beiras e Serra da Estrela,Centro,1er_cycle_uniquement,81.0,24.0,18.0,19.0,20.0,0.0,,,,,,,,,,,,,,,,
109721,"Escola Básica de Milheirós de Poiares, Santa Maria da Feira",Santa Maria da Feira,,,,2eme_cycle_uniquement,,,,,,,52,35,31,53,24,32,46,26,0.56,0.44,72,0,0.03999999910593033,24,0.9583333333333334,0.9381860333502737
109735,"Escola Básica de Outeiro, Rio Meão, Santa Maria da Feira",Santa Maria da Feira,Guarda,Beiras e Serra da Estrela,Centro,1er_cycle_uniquement,36.0,17.0,3.0,7.0,9.0,0.0,,,,,,,,,,,,,,,,
109831,"Escola Básica de Presinha, Santa Maria da Feira",Santa Maria da Feira,Guarda,Beiras e Serra da Estrela,Centro,1er_cycle_uniquement,35.0,10.0,8.0,5.0,12.0,0.0,,,,,,,,,,,,,,,,
109840,"Escola Básica de Beira, Gião, Santa Maria da Feira",Santa Maria da Feira,Guarda,Beiras e Serra da Estrela,Centro,1er_cycle_uniquement,81.0,19.0,22.0,16.0,24.0,0.0125,,,,,,,,,,,,,,,,
109857,"Escola Básica de Arraial, Sanguedo, Santa Maria da Feira",Santa Maria da Feira,Guarda,Beiras e Serra da Estrela,Centro,1er_cycle_uniquement,76.0,20.0,17.0,20.0,19.0,0.0,,,,,,,,,,,,,,,,
109869,"Escola Básica de Cavaco, Santa Maria da Feira",Santa Maria da Feira,Guarda,Beiras e Serra da Estrela,Centro,1er_cycle_uniquement,70.0,19.0,15.0,18.0,18.0,0.0425,,,,,,,,,,,,,,,,
109873,"Escola Básica de Igreja, Lobão, Santa Maria da Feira",Santa Maria da Feira,Guarda,Beiras e Serra da Estrela,Centro,1er_cycle_uniquement,142.0,44.0,39.0,36.0,23.0,0.0,,,,,,,,,,,,,,,,
109882,"Escola Básica de Avenida, Chousa de Baixo, Santa Maria da Feira",Santa Maria da Feira,Guarda,Beiras e Serra da Estrela,Centro,1er_cycle_uniquement,88.0,24.0,18.0,23.0,23.0,0.0,,,,,,,,,,,,,,,,
109928,"Escola Básica de Souto, Santa Maria da Feira",Santa Maria da Feira,Guarda,Beiras e Serra da Estrela,Centro,1er_cycle_uniquement,70.0,15.0,20.0,10.0,25.0,0.0,,,,,,,,,,,,,,,,
109937,Colégio de Lamas,Santa Maria da Feira,Guarda,Beiras e Serra da Estrela,Centro,1er_et_2eme_cycle,134.0,48.0,33.0,28.0,25.0,0.0,50,47,50,52,50,50,53,50,0.39,0.61,103,0,0,49,1,0.9890193784129502
109955,"Escola Básica de Badoucos, Santa Maria da Feira",Santa Maria da Feira,Guarda,Beiras e Serra da Estrela,Centro,1er_cycle_uniquement,41.0,15.0,11.0,5.0,10.0,0.0225,,,,,,,,,,,,,,,,
109968,"Escola Básica de Aldeia Nova, Santa Maria da Feira",Santa Maria da Feira,Guarda,Beiras e Serra da Estrela,Centro,1er_cycle_uniquement,50.0,10.0,12.0,10.0,18.0,0.015,,,,,,,,,,,,,,,,
109976,"Escola Básica de Paços de Brandão, Santa Maria da Feira",Santa Maria da Feira,,,,2eme_cycle_uniquement,,,,,,,132,128,131,135,140,135,103,142,0.55,0.45,245,0,0.009999999776482582,135,0.9851851851851852,0.9657026292036323
109987,Colégio Santa Eulália,Santa Maria da Feira,Guarda,Beiras e Serra da Estrela,Centro,1er_et_2eme_cycle,70.0,16.0,20.0,16.0,18.0,0.0,10,11,12,9,16,12,14,15,0.52,0.48,29,0,0,16,1,0.9935215483075477
110048,"Escola Básica n.º 2 de Cale da Vila, Gafanha da Nazaré, Ílhavo",Ílhavo,Leiria,Região de Leiria,Centro,1er_cycle_uniquement,88.0,20.0,23.0,21.0,24.0,0.0,,,,,,,,,,,,,,,,
110074,"Escola Básica de Senhora do Pranto, Ílhavo",Ílhavo,Leiria,Região de Leiria,Centro,1er_cycle_uniquement,180.0,41.0,45.0,43.0,51.0,0.0,,,,,,,,,,,,,,,,
1101002,"Escola Básica de Ota, Alenquer",Alenquer,Leiria,Região de Leiria,Centro,1er_cycle_uniquement,39.0,9.0,15.0,7.0,8.0,0.0175,,,,,,,,,,,,,,,,
1101009,"Escola Básica do Carregado, Alenquer",Alenquer,Leiria,Região de Leiria,Centro,1er_et_2eme_cycle,139.0,43.0,48.0,12.0,36.0,0.04,162,171,135,165,147,122,152,150,0.5,0.5,302,0.05000000074505806,0.03999999910593033,126,0.9126984126984127,0.947392094409838
1101016,"Escola Básica de Canados, Alenquer",Alenquer,Leiria,Região de Leiria,Centro,1er_cycle_uniquement,37.0,7.0,14.0,7.0,9.0,0.0525,,,,,,,,,,,,,,,,
1101033,"Escola Básica de Olhalvo, Alenquer",Alenquer,Leiria,Região de Leiria,Centro,1er_cycle_uniquement,25.0,16.0,9.0,0.0,0.0,0.0,,,,,,,,,,,,,,,,
1101109,"Escola Básica n.º 1 do Carregado, Alenquer",Alenquer,Leiria,Região de Leiria,Centro,1er_cycle_uniquement,356.0,95.0,77.0,92.0,92.0,0.0125,,,,,,,,,,,,,,,,
1101112,Escola Básica de Alenquer,Alenquer,Leiria,Região de Leiria,Centro,1er_cycle_uniquement,173.0,54.0,24.0,50.0,45.0,0.0675,,,,,,,,,,,,,,,,
1101199,"Escola Básica de Merceana, Alenquer",Alenquer,Leiria,Região de Leiria,Centro,1er_cycle_uniquement,33.0,19.0,0.0,0.0,14.0,0.0,,,,,,,,,,,,,,,,
110120,"Escola Básica de Gafanha da Encarnação, Ílhavo",Ílhavo,,,,2eme_cycle_uniquement,,,,,,,71,70,75,69,83,80,70,79,0.52,0.48,149,0,0,80,1,0.95663643548975
110126,"Escola Básica de Gafanha da Encarnação-Sul, Ílhavo",Ílhavo,Leiria,Região de Leiria,Centro,1er_cycle_uniquement,41.0,23.0,0.0,18.0,0.0,0.0,,,,,,,,,,,,,,,,
1101287,"Escola Básica de Cadafais, Alenquer",Alenquer,Leiria,Região de Leiria,Centro,1er_cycle_uniquement,45.0,9.0,14.0,7.0,15.0,0.0,,,,,,,,,,,,,,,,
1101384,"Escola Básica de Vila Verde dos Francos, Alenquer",Alenquer,Leiria,Região de Leiria,Centro,1er_cycle_uniquement,43.0,12.0,10.0,13.0,8.0,0.0625,,,,,,,,,,,,,,,,
110139,"Escola Básica de Chousa Velha, Ílhavo",Ílhavo,Leiria,Região de Leiria,Centro,1er_cycle_uniquement,90.0,24.0,23.0,17.0,26.0,0.025,,,,,,,,,,,,,,,,
1101415,"Escola Básica de Cabanas de Torres, Alenquer",Alenquer,Leiria,Região de Leiria,Centro,1er_cycle_uniquement,40.0,12.0,12.0,8.0,8.0,0.095,,,,,,,,,,,,,,,,
1101519,"Escola Básica de Santana da Carnota, Alenquer",Alenquer,Leiria,Região de Leiria,Centro,1er_cycle_uniquement,38.0,10.0,12.0,8.0,8.0,0.1575,,,,,,,,,,,,,,,,
1101653,"Escola Básica Pêro de Alenquer, Alenquer",Alenquer,,,,2eme_cycle_uniquement,,,,,,,181,164,158,177,169,171,197,171,0.53,0.47,368,0.009999999776482582,0.05000000074505806,164,0.9451219512195121,0.9664313888005712
1101684,"Escola Básica de Cortegana, Alenquer",Alenquer,Leiria,Região de Leiria,Centro,1er_cycle_uniquement,21.0,0.0,0.0,7.0,14.0,0.105,,,,,,,,,,,,,,,,
1101755,"Escola Básica da Pocariça, Alenquer",Alenquer,Leiria,Região de Leiria,Centro,1er_cycle_uniquement,0.0,0.0,0.0,0.0,0.0,,,,,,,,,,,,,,,,,
1101757,"Escola Básica Visconde de Chanceleiros, Merceana, Alenquer",Alenquer,,,,2eme_cycle_uniquement,,,,,,,71,63,59,73,66,59,61,71,0.43000000000000005,0.57,132,0.019999999552965164,0,59,0.9830508474576272,0.9371298778908547
1101792,"Escola Básica da Labrugeira, Alenquer",Alenquer,Leiria,Região de Leiria,Centro,1er_cycle_uniquement,20.0,10.0,10.0,0.0,0.0,0.05,,,,,,,,,,,,,,,,
1101840,"Escola Básica do Paiol, Alenquer",Alenquer,Leiria,Região de Leiria,Centro,1er_cycle_uniquement,30.0,0.0,14.0,16.0,0.0,0.035,,,,,,,,,,,,,,,,
1101864,"Escola Básica de Ribafria, Alenquer",Alenquer,Leiria,Região de Leiria,Centro,1er_cycle_uniquement,30.0,8.0,10.0,5.0,7.0,0.0,,,,,,,,,,,,,,,,
1101900,"Escola Básica de Paredes, Alenquer",Alenquer,Leiria,Região de Leiria,Centro,1er_cycle_uniquement,450.0,148.0,145.0,82.0,75.0,0.0425,,,,,,,,,,,,,,,,
1101902,"Escola Básica de Cheganças, Alenquer",Alenquer,Leiria,Região de Leiria,Centro,1er_cycle_uniquement,35.0,5.0,12.0,12.0,6.0,0.0825,,,,,,,,,,,,,,,,
1101960,"Escola Básica de Aldeia Gavinha, Alenquer",Alenquer,Leiria,Região de Leiria,Centro,1er_cycle_uniquement,31.0,6.0,6.0,9.0,10.0,0.0675,,,,,,,,,,,,,,,,
1101992,"Escola Básica de Abrigada, Alenquer",Alenquer,Leiria,Região de Leiria,Centro,1er_et_2eme_cycle,103.0,22.0,26.0,35.0,20.0,0.02,61,64,63,66,71,71,45,71,0.55,0.45,116,0,0.05999999865889549,68,0.9264705882352942,0.954052085322504
1102006,Escola Básica de Arruda dos Vinhos,Arruda dos Vinhos,Leiria,Região de Leiria,Centro,1er_cycle_uniquement,303.0,98.0,74.0,62.0,69.0,0.005,,,,,,,,,,,,,,,,
1102158,"Escola Básica do Casal do Telheiro, Arruda dos Vinhos",Arruda dos Vinhos,Leiria,Região de Leiria,Centro,1er_cycle_uniquement,217.0,48.0,49.0,59.0,61.0,0.005,,,,,,,,,,,,,,,,
110241,Escola Básica de Ílhavo,Ílhavo,Leiria,Região de Leiria,Centro,1er_cycle_uniquement,91.0,19.0,21.0,24.0,27.0,0.02,,,,,,,,,,,,,,,,
1102623,Externato João Alberto Faria,Arruda dos Vinhos,,,,2eme_cycle_uniquement,,,,,,,197,235,162,198,197,171,172,193,0.51,0.49,365,0.05999999865889549,0.05999999865889549,189,0.9153439153439153,0.9347467269691988
1102839,"Escola Básica de Santiago dos Velhos, Arruda dos Vinhos",Arruda dos Vinhos,Leiria,Região de Leiria,Centro,1er_cycle_uniquement,43.0,7.0,10.0,15.0,11.0,0.0,,,,,,,,,,,,,,,,
1102861,"Escola Básica de Arranhó, Arruda dos Vinhos",Arruda dos Vinhos,Leiria,Região de Leiria,Centro,1er_et_2eme_cycle,107.0,34.0,28.0,26.0,19.0,0.0,27,0,44,26,32,43,40,35,0.61,0.39,75,0.029999999329447746,0.029999999329447746,30,1,0.9657945327988403
110296,"Escola Básica de Farol da Barra, Gafanha da Nazaré, Ílhavo",Ílhavo,Leiria,Região de Leiria,Centro,1er_cycle_uniquement,83.0,21.0,23.0,22.0,17.0,0.0,,,,,,,,,,,,,,,,
110298,"Escola Básica de Gafanha da Encarnação-Centro, Ílhavo",Ílhavo,Leiria,Região de Leiria,Centro,1er_cycle_uniquement,83.0,20.0,21.0,22.0,20.0,0.0,,,,,,,,,,,,,,,,
1103001,"Escola Básica Boavida Canada, Azambuja",Azambuja,Leiria,Região de Leiria,Centro,1er_cycle_uniquement,226.0,64.0,73.0,47.0,42.0,0.02,,,,,,,,,,,,,,,,
1103010,Escola Básica de Azambuja,Azambuja,Leiria,Região de Leiria,Centro,1er_et_2eme_cycle,43.0,0.0,0.0,22.0,21.0,0.0,132,135,123,133,123,121,133,129,0.5,0.5,262,0.05000000074505806,0.05000000074505806,114,0.9736842105263158,0.9576066828558202
110307,"Escola Básica de Vale de Ílhavo, Ílhavo",Ílhavo,Leiria,Região de Leiria,Centro,1er_cycle_uniquement,59.0,22.0,17.0,16.0,4.0,0.0,,,,,,,,,,,,,,,,
1103146,"Escola Básica de Vila Nova da Rainha, Azambuja",Azambuja,Leiria,Região de Leiria,Centro,1er_cycle_uniquement,40.0,12.0,8.0,8.0,12.0,0.0,,,,,,,,,,,,,,,,
1103185,"Escola Básica de Alcoentre, Azambuja",Azambuja,Leiria,Região de Leiria,Centro,1er_cycle_uniquement,69.0,22.0,18.0,15.0,14.0,0.015,,,,,,,,,,,,,,,,
1103442,"Escola Básica de Vale do Paraíso, Azambuja",Azambuja,Leiria,Região de Leiria,Centro,1er_cycle_uniquement,26.0,8.0,8.0,7.0,3.0,0.0325,,,,,,,,,,,,,,,,
1103488,"Escola Básica de Manique do Intendente, Azambuja",Azambuja,Leiria,Região de Leiria,Centro,1er_et_2eme_cycle,60.0,14.0,22.0,9.0,15.0,0.05,20,28,30,22,41,32,25,41,0.36,0.64,66,0,0.07000000029802322,39,0.9487179487179487,0.9505021946943001
1103493,"Escola Básica Professor Inocêncio Carrilho Lopes, Azambuja",Azambuja,Leiria,Região de Leiria,Centro,1er_cycle_uniquement,91.0,20.0,23.0,24.0,24.0,0.0,,,,,,,,,,,,,,,,
1103686,"Escola Básica do Bairro da Socasa, Azambuja",Azambuja,Leiria,Região de Leiria,Centro,1er_cycle_uniquement,86.0,13.0,24.0,24.0,25.0,0.03,,,,,,,,,,,,,,,,
1103735,"Escola Básica de Vale do Brejo, Azambuja",Azambuja,Leiria,Região de Leiria,Centro,1er_cycle_uniquement,24.0,5.0,8.0,7.0,4.0,0.0,,,,,,,,,,,,,,,,
1103801,"Escola Básica Vale Aveiras, Aveiras de Cima, Azambuja",Azambuja,,,,2eme_cycle_uniquement,,,,,,,49,62,61,50,53,58,47,54,0.5,0.5,101,0,0.019999999552965164,50,1,0.9473528082312344
110392,"Escola Básica Professor Fernando Martins, Gafanha da Nazaré, Ílhavo",Ílhavo,,,,2eme_cycle_uniquement,,,,,,,147,134,152,146,133,165,138,139,0.45999999999999996,0.54,277,0.009999999776482582,0.019999999552965164,123,0.975609756097561,0.9582349122992168
1103999,"Escola Básica de Aveiras de Cima, Azambuja",Azambuja,Leiria,Região de Leiria,Centro,1er_cycle_uniquement,187.0,55.0,46.0,34.0,52.0,0.0275,,,,,,,,,,,,,,,,
1104001,"Escola Básica do Vilar, Cadaval",Cadaval,Leiria,Região de Leiria,Centro,1er_cycle_uniquement,39.0,7.0,12.0,12.0,8.0,0.0825,,,,,,,,,,,,,,,,
1104008,"Escola Básica da Murteira, Cadaval",Cadaval,Leiria,Região de Leiria,Centro,1er_cycle_uniquement,38.0,5.0,12.0,6.0,15.0,0.07,,,,,,,,,,,,,,,,
1104039,Escola Básica e Secundária do Cadaval,Cadaval,,,,2eme_cycle_uniquement,,,,,,,100,126,104,102,96,110,102,106,0.54,0.46,208,0,0.03999999910593033,92,0.9782608695652174,0.9532995189009561
1104069,"Escola Básica do Painho, Cadaval",Cadaval,Leiria,Região de Leiria,Centro,1er_cycle_uniquement,30.0,9.0,8.0,5.0,8.0,0.1275,,,,,,,,,,,,,,,,
1104096,"Escola Básica de Chão do Sapo, Cadaval",Cadaval,Leiria,Região de Leiria,Centro,1er_cycle_uniquement,39.0,13.0,7.0,10.0,9.0,0.1,,,,,,,,,,,,,,,,
1104127,Escola Básica n.º 1 do Cadaval,Cadaval,Leiria,Região de Leiria,Centro,1er_cycle_uniquement,159.0,42.0,37.0,41.0,39.0,0.0275,,,,,,,,,,,,,,,,
1104241,"Escola Básica da Sobrena, Cadaval",Cadaval,Leiria,Região de Leiria,Centro,1er_cycle_uniquement,0.0,0.0,0.0,0.0,0.0,,,,,,,,,,,,,,,,,
1104334,"Escola Básica da Dagorda, Cadaval",Cadaval,Leiria,Região de Leiria,Centro,1er_cycle_uniquement,27.0,5.0,12.0,4.0,6.0,0.02,,,,,,,,,,,,,,,,
1104338,"Escola Básica de Alguber, Cadaval",Cadaval,Leiria,Região de Leiria,Centro,1er_cycle_uniquement,29.0,9.0,4.0,10.0,6.0,0.17,,,,,,,,,,,,,,,,
1104390,"Escola Básica da Vermelha, Cadaval",Cadaval,Leiria,Região de Leiria,Centro,1er_cycle_uniquement,0.0,0.0,0.0,0.0,0.0,,,,,,,,,,,,,,,,,
110445,"Escola Básica de Marinha Velha, Gafanha da Nazaré, Ílhavo",Ílhavo,Leiria,Região de Leiria,Centro,1er_cycle_uniquement,77.0,21.0,21.0,19.0,16.0,0.0,,,,,,,,,,,,,,,,
1104758,"Escola Básica de Figueiros, Cadaval",Cadaval,Leiria,Região de Leiria,Centro,1er_cycle_uniquement,23.0,4.0,5.0,12.0,2.0,0.05,,,,,,,,,,,,,,,,
110482,"Escola Básica de Presa, Ílhavo",Ílhavo,Leiria,Região de Leiria,Centro,1er_cycle_uniquement,61.0,15.0,14.0,9.0,23.0,0.08,,,,,,,,,,,,,,,,
1105002,"Escola Básica Rómulo de Carvalho, S. Domingos de Rana, Cascais",Cascais,Leiria,Região de Leiria,Centro,1er_cycle_uniquement,145.0,40.0,40.0,37.0,28.0,0.0,,,,,,,,,,,,,,,,
1105005,Colégio Marista de Carcavelos,Cascais,Leiria,Região de Leiria,Centro,1er_et_2eme_cycle,344.0,80.0,97.0,84.0,83.0,0.005,201,118,150,149,146,150,150,144,0.53,0.47,294,0,0,145,1,0.9908961174576518
1105011,"Escola Básica de Alvide, Cascais",Cascais,Leiria,Região de Leiria,Centro,1er_cycle_uniquement,131.0,36.0,25.0,42.0,28.0,0.0525,,,,,,,,,,,,,,,,
1105041,Colégio da Bafureira,Cascais,Leiria,Região de Leiria,Centro,1er_cycle_uniquement,194.0,49.0,49.0,43.0,53.0,0.0,,,,,,,,,,,,,,,,
1105068,Escolinha da Tia Ló,Cascais,Leiria,Região de Leiria,Centro,1er_cycle_uniquement,57.0,9.0,20.0,15.0,13.0,0.0,,,,,,,,,,,,,,,,
110507,"Escola Básica n.º 1 de Cale da Vila, Gafanha da Nazaré, Ílhavo",Ílhavo,Leiria,Região de Leiria,Centro,1er_cycle_uniquement,97.0,28.0,24.0,24.0,21.0,0.0,,,,,,,,,,,,,,,,
1105105,Salesianos do Estoril – Escola,Cascais,Leiria,Região de Leiria,Centro,1er_et_2eme_cycle,383.0,95.0,78.0,104.0,106.0,0.015,191,189,164,195,172,172,167,173,0.5900000000000001,0.41,340,0,0,160,0.99375,0.9899506503997644
1105114,Centro Alfredo Pinheiro,Cascais,Leiria,Região de Leiria,Centro,1er_cycle_uniquement,66.0,15.0,21.0,16.0,14.0,0.0,,,,,,,,,,,,,,,,
1105116,Colégio Amor de Deus,Cascais,Leiria,Região de Leiria,Centro,1er_et_2eme_cycle,308.0,76.0,79.0,69.0,84.0,0.005,92,109,94,93,112,91,85,112,0.5700000000000001,0.43,197,0,0,108,0.9907407407407407,0.9896641469576607
1105122,"Escola Básica e Secundária de Alvide, Cascais",Cascais,,,,2eme_cycle_uniquement,,,,,,,91,103,98,90,99,108,99,117,0.5,0.5,216,0.07000000029802322,0.15000000596046448,88,0.8636363636363636,0.9291264480355782
1105135,"Escola Básica Afonso do Paço, Parede, Cascais",Cascais,Leiria,Região de Leiria,Centro,1er_cycle_uniquement,193.0,49.0,50.0,48.0,46.0,0.01,,,,,,,,,,,,,,,,
1105139,"Escola Básica do Arneiro, Sassoeiros, Cascais",Cascais,Leiria,Região de Leiria,Centro,1er_cycle_uniquement,144.0,23.0,48.0,48.0,25.0,0.0,,,,,,,,,,,,,,,,
1105147,Externato O Cantinho,Cascais,Leiria,Região de Leiria,Centro,1er_cycle_uniquement,70.0,20.0,15.0,16.0,19.0,0.0,,,,,,,,,,,,,,,,
1105158,Salesianos de Manique - Escola,Cascais,Leiria,Região de Leiria,Centro,1er_et_2eme_cycle,93.0,25.0,20.0,26.0,22.0,0.0,219,203,226,216,211,228,232,216,0.55,0.45,448,0,0,207,0.9903381642512077,0.9558486866879868
1105159,Externato Nossa Senhora do Rosário,Cascais,,,,2eme_cycle_uniquement,,,,,,,48,72,56,48,53,56,51,56,0.51,0.49,107,0,0,51,1,0.9876641391980391
1105167,"Escola Básica de Murtal, Cascais",Cascais,Leiria,Região de Leiria,Centro,1er_cycle_uniquement,95.0,20.0,31.0,20.0,24.0,0.0475,,,,,,,,,,,,,,,,
110518,"Escola Básica de Gafanha de Aquém, Ílhavo",Ílhavo,Leiria,Região de Leiria,Centro,1er_cycle_uniquement,89.0,21.0,25.0,21.0,22.0,0.0,,,,,,,,,,,,,,,,
1105180,"Escola Básica Padre Andrade, Cascais",Cascais,Leiria,Região de Leiria,Centro,1er_cycle_uniquement,88.0,20.0,24.0,24.0,20.0,0.0,,,,,,,,,,,,,,,,
1105183,Externato Florinda Leal,Cascais,Leiria,Região de Leiria,Centro,1er_cycle_uniquement,40.0,11.0,10.0,7.0,12.0,0.0,,,,,,,,,,,,,,,,
1105186,"Escola Básica e Secundária Matilde Rosa Araújo, Matarraque, Cascais",Cascais,,,,2eme_cycle_uniquement,,,,,,,135,156,150,138,156,147,137,155,0.51,0.49,292,0.019999999552965164,0.009999999776482582,148,0.9662162162162162,0.9434755234354111
1105204,"Escola Básica Fausto Cardoso de Figueiredo, Estoril, Cascais",Cascais,Leiria,Região de Leiria,Centro,1er_cycle_uniquement,93.0,21.0,26.0,20.0,26.0,0.0,,,,,,,,,,,,,,,,
1105208,"Escola Básica Fernando Teixeira Lopes, Cascais",Cascais,Leiria,Região de Leiria,Centro,1er_cycle_uniquement,134.0,47.0,42.0,21.0,24.0,0.005,,,,,,,,,,,,,,,,
1105218,Externato Eduarda Maria,Cascais,Leiria,Região de Leiria,Centro,1er_cycle_uniquement,81.0,23.0,20.0,16.0,22.0,0.0,,,,,,,,,,,,,,,,
1105233,"Escola Básica de Manique, Cascais",Cascais,Leiria,Região de Leiria,Centro,1er_cycle_uniquement,152.0,34.0,31.0,43.0,44.0,0.03,,,,,,,,,,,,,,,,
110525,"Escola Básica José Ferreira Pinto Basto, Ílhavo",Ílhavo,,,,2eme_cycle_uniquement,,,,,,,113,140,124,108,112,129,131,117,0.48,0.52,248,0.07000000029802322,0.03999999910593033,99,1,0.9542825804300155
1105253,"Escola Básica Fernando José dos Santos, Cascais",Cascais,Leiria,Região de Leiria,Centro,1er_cycle_uniquement,93.0,22.0,25.0,25.0,21.0,0.01,,,,,,,,,,,,,,,,
1105256,"Escola Básica A. H. Oliveira Marques, Cascais",Cascais,Leiria,Região de Leiria,Centro,1er_cycle_uniquement,84.0,20.0,21.0,21.0,22.0,0.0125,,,,,,,,,,,,,,,,
1105271,"Escola Básica António Torrado, Tires, Cascais",Cascais,Leiria,Região de Leiria,Centro,1er_cycle_uniquement,198.0,64.0,45.0,41.0,48.0,0.005,,,,,,,,,,,,,,,,
1105291,Externato D. Luísa Sigea,Cascais,Leiria,Região de Leiria,Centro,1er_et_2eme_cycle,54.0,11.0,19.0,20.0,4.0,0.0275,24,28,18,23,24,19,20,24,0.55,0.45,44,0,0,22,1,0.9868100242217183
1105301,Colégio Senhora da Boa Nova,Cascais,Leiria,Região de Leiria,Centro,1er_et_2eme_cycle,216.0,57.0,57.0,53.0,49.0,0.0,55,48,63,50,78,67,63,76,0.45999999999999996,0.54,139,0,0,75,0.9733333333333334,0.9909366813290507
110533,"Escola Básica de Corgo Comum, Ílhavo",Ílhavo,Leiria,Região de Leiria,Centro,1er_cycle_uniquement,93.0,24.0,24.0,21.0,24.0,0.0,,,,,,,,,,,,,,,,
1105338,"Escola Básica n.º 2 de Abóboda, Cascais",Cascais,Leiria,Região de Leiria,Centro,1er_cycle_uniquement,91.0,24.0,23.0,21.0,23.0,0.01,,,,,,,,,,,,,,,,
1105342,Associação Escola 31 de Janeiro,Cascais,Leiria,Região de Leiria,Centro,1er_et_2eme_cycle,196.0,49.0,48.0,48.0,51.0,0.0,51,43,45,51,49,45,49,50,0.47,0.53,99,0,0,49,1,0.9907181588139268
1105345,PaRK International School - Cascais,Cascais,Leiria,Região de Leiria,Centro,1er_et_2eme_cycle,86.0,19.0,20.0,25.0,22.0,0.0,*,*,*,*,*,*,*,*,*,*,*,*,-,-,-,-
1105382,"Escola Básica n.º 1 de Carcavelos, Cascais",Cascais,Leiria,Região de Leiria,Centro,1er_cycle_uniquement,117.0,24.0,45.0,22.0,26.0,0.0,,,,,,,,,,,,,,,,
1105386,"Escola Básica Almada Negreiros, Cascais",Cascais,Leiria,Região de Leiria,Centro,1er_cycle_uniquement,90.0,22.0,22.0,25.0,21.0,0.0,,,,,,,,,,,,,,,,
1105388,"Escola Básica Branquinho da Fonseca, Cascais",Cascais,Leiria,Região de Leiria,Centro,1er_cycle_uniquement,109.0,20.0,43.0,25.0,21.0,0.04,,,,,,,,,,,,,,,,
1105403,"Escola Básica e Secundária Ibn Mucana, Alcabideche, Cascais",Cascais,,,,2eme_cycle_uniquement,,,,,,,249,257,236,252,246,237,246,249,0.52,0.48,495,0.009999999776482582,0.019999999552965164,232,0.978448275862069,0.954367781343398
1105424,Escola Primária Nova Apostólica,Cascais,Leiria,Região de Leiria,Centro,1er_cycle_uniquement,116.0,29.0,20.0,23.0,44.0,0.0,,,,,,,,,,,,,,,,
1105439,Externato Príncipes de Aviz,Cascais,Leiria,Região de Leiria,Centro,1er_cycle_uniquement,47.0,8.0,14.0,13.0,12.0,0.0175,,,,,,,,,,,,,,,,
1105463,Éramos Um - Cooperativa de Ensino,Cascais,Leiria,Região de Leiria,Centro,1er_cycle_uniquement,90.0,26.0,26.0,23.0,15.0,0.0,,,,,,,,,,,,,,,,
1105488,"Escola Básica da Malveira da Serra, Cascais",Cascais,Leiria,Região de Leiria,Centro,1er_cycle_uniquement,92.0,24.0,21.0,23.0,24.0,0.0,,,,,,,,,,,,,,,,
1105500,"Escola Básica Raul Lino, Cascais",Cascais,Leiria,Região de Leiria,Centro,1er_cycle_uniquement,198.0,45.0,48.0,52.0,53.0,0.005,,,,,,,,,,,,,,,,
1105502,Colégio Europa,Cascais,Leiria,Região de Leiria,Centro,1er_et_2eme_cycle,39.0,10.0,7.0,5.0,17.0,0.035,*,*,*,*,*,*,*,*,*,*,*,-,*,12,*,*
1105536,Colégio da Bafureira - Pólo,Cascais,,,,2eme_cycle_uniquement,,,,,,,0,0,0,0,0,0,46,47,0.51,0.49,93,0,0,,,
1105546,"Escola Básica n.º 1 de São Domingos de Rana, Cascais",Cascais,Leiria,Região de Leiria,Centro,1er_cycle_uniquement,140.0,46.0,24.0,34.0,36.0,0.0475,,,,,,,,,,,,,,,,
1105549,Colégio Quinta do Lago,Cascais,Leiria,Região de Leiria,Centro,1er_et_2eme_cycle,82.0,25.0,20.0,13.0,24.0,0.0,29,23,24,28,25,19,18,24,0.52,0.48,42,0.05999999865889549,0,22,1,0.9887225124186059
1105553,"Escola Básica do Alto da Peça, Alcabideche, Cascais",Cascais,Leiria,Região de Leiria,Centro,1er_cycle_uniquement,178.0,44.0,47.0,45.0,42.0,0.0,,,,,,,,,,,,,,,,
1105568,"Escola Básica Professora Maria Margarida Rodrigues, Cascais",Cascais,Leiria,Região de Leiria,Centro,1er_cycle_uniquement,89.0,24.0,21.0,22.0,22.0,0.0125,,,,,,,,,,,,,,,,
1105574,"Escola Básica de São José, Cascais",Cascais,Leiria,Região de Leiria,Centro,1er_cycle_uniquement,98.0,24.0,24.0,25.0,25.0,0.05,,,,,,,,,,,,,,,,
1105583,"Escola Básica de Caparide, Cascais",Cascais,Leiria,Região de Leiria,Centro,1er_cycle_uniquement,91.0,21.0,22.0,24.0,24.0,0.01,,,,,,,,,,,,,,,,
1105587,CEIDE - Centro de Educação e Desenvolvimento,Cascais,Leiria,Região de Leiria,Centro,1er_cycle_uniquement,55.0,18.0,20.0,6.0,11.0,0.0125,,,,,,,,,,,,,,,,
1105596,"Escola Básica José Jorge Letria, Cascais",Cascais,Leiria,Região de Leiria,Centro,1er_cycle_uniquement,174.0,44.0,37.0,48.0,45.0,0.0,,,,,,,,,,,,,,,,
1105597,"Escola Básica de São João do Estoril, Cascais",Cascais,,,,2eme_cycle_uniquement,,,,,,,68,71,59,62,57,67,44,58,0.53,0.47,102,0.09000000357627869,0.1899999976158142,48,0.7291666666666666,0.9281853054180781
1105601,Escola Básica de Cascais,Cascais,,,,2eme_cycle_uniquement,,,,,,,67,64,69,68,89,78,71,88,0.52,0.48,159,0.07999999821186066,0.10999999940395355,85,0.8705882352941177,0.9507706514257505
1105612,"Escola Básica e Secundária de Carcavelos, Cascais",Cascais,,,,2eme_cycle_uniquement,,,,,,,185,228,175,185,188,178,184,212,0.5,0.5,396,0,0,180,0.9944444444444445,0.964237570656029
110563,"Escola Básica de Gafanha da Encarnação-Norte, Ílhavo",Ílhavo,Leiria,Região de Leiria,Centro,1er_cycle_uniquement,65.0,23.0,20.0,1.0,21.0,0.025,,,,,,,,,,,,,,,,
1105638,"Escola Básica de Lombos, Carcavelos, Cascais",Cascais,Leiria,Região de Leiria,Centro,1er_cycle_uniquement,112.0,44.0,21.0,21.0,26.0,0.0,,,,,,,,,,,,,,,,
1105652,"Escola Básica Professor Manuel Gaião, Cascais",Cascais,Leiria,Região de Leiria,Centro,1er_cycle_uniquement,142.0,25.0,41.0,31.0,45.0,0.0475,,,,,,,,,,,,,,,,
1105658,Externato Miguel Ângelo,Cascais,Leiria,Região de Leiria,Centro,1er_cycle_uniquement,69.0,19.0,17.0,21.0,12.0,0.0,,,,,,,,,,,,,,,,
1105661,"Escola Básica do Cobre, Cascais",Cascais,Leiria,Região de Leiria,Centro,1er_cycle_uniquement,93.0,24.0,22.0,22.0,25.0,0.0,,,,,,,,,,,,,,,,
1105672,"Escola Básica e Secundária da Cidadela, Cascais",Cascais,,,,2eme_cycle_uniquement,,,,,,,120,124,122,125,117,128,108,113,0.47,0.53,221,0.05999999865889549,0.05000000074505806,102,0.9019607843137255,0.950116995470672
1105675,Ideia - Outeiro de Polima,Cascais,Leiria,Região de Leiria,Centro,1er_cycle_uniquement,95.0,25.0,25.0,21.0,24.0,0.0,,,,,,,,,,,,,,,,
1105688,"Escola Básica da Rebelva, Cascais",Cascais,Leiria,Região de Leiria,Centro,1er_cycle_uniquement,89.0,20.0,23.0,20.0,26.0,0.01,,,,,,,,,,,,,,,,
110569,"Escola Básica de Costa Nova do Prado, Ílhavo",Ílhavo,Leiria,Região de Leiria,Centro,1er_cycle_uniquement,39.0,14.0,7.0,11.0,7.0,0.035,,,,,,,,,,,,,,,,
1105726,"Escola Básica de Sassoeiros, Cascais",Cascais,Leiria,Região de Leiria,Centro,1er_cycle_uniquement,95.0,24.0,21.0,24.0,26.0,0.0,,,,,,,,,,,,,,,,
1105727,Os Aprendizes - Laboratório do Conhecimento,Cascais,Leiria,Região de Leiria,Centro,1er_et_2eme_cycle,154.0,48.0,34.0,37.0,35.0,0.0075,17,22,21,23,34,26,27,41,0.56,0.44,68,0,0,27,0.9259259259259259,0.9896033199301215
1105728,"Escola Básica n.º 1 de São João do Estoril, Cascais",Cascais,Leiria,Região de Leiria,Centro,1er_cycle_uniquement,170.0,39.0,41.0,44.0,46.0,0.0,,,,,,,,,,,,,,,,
1105732,Colégio Inglês de São Julião - St. Julians School,Cascais,Leiria,Região de Leiria,Centro,1er_et_2eme_cycle,54.0,10.0,16.0,12.0,16.0,0.0,16,18,16,17,16,15,14,18,0.37,0.63,32,0,0,14,*,*
1105741,"Escola Básica de Tires, Cascais",Cascais,Leiria,Região de Leiria,Centro,1er_cycle_uniquement,111.0,21.0,24.0,24.0,42.0,0.005,,,,,,,,,,,,,,,,
1105742,"Escola Básica n.º 4 da Parede, Cascais",Cascais,Leiria,Região de Leiria,Centro,1er_cycle_uniquement,145.0,24.0,49.0,47.0,25.0,0.03,,,,,,,,,,,,,,,,
1105766,Colónia Infantil da Educação Popular,Cascais,Leiria,Região de Leiria,Centro,1er_cycle_uniquement,79.0,19.0,22.0,24.0,14.0,0.0,,,,,,,,,,,,,,,,
1105770,"Escola Básica Bruno Nascimento, Alcoitão, Cascais",Cascais,Leiria,Região de Leiria,Centro,1er_cycle_uniquement,85.0,19.0,23.0,21.0,22.0,0.0225,,,,,,,,,,,,,,,,
1105796,"Escola Básica de Trajouce, Cascais",Cascais,Leiria,Região de Leiria,Centro,1er_cycle_uniquement,85.0,20.0,25.0,20.0,20.0,0.0,,,,,,,,,,,,,,,,
1105809,Centro de Apoio à Família Crescer para Integrar,Cascais,Leiria,Região de Leiria,Centro,1er_cycle_uniquement,132.0,39.0,33.0,29.0,31.0,0.0,,,,,,,,,,,,,,,,
1105817,"Escola Básica de Areia - Guincho, Cascais",Cascais,Leiria,Região de Leiria,Centro,1er_cycle_uniquement,88.0,21.0,27.0,20.0,20.0,0.0125,,,,,,,,,,,,,,,,
1105820,"Escola Básica Santo António, Parede, Cascais",Cascais,Leiria,Região de Leiria,Centro,1er_et_2eme_cycle,109.0,20.0,20.0,23.0,46.0,0.005,182,187,174,182,189,180,191,192,0.5,0.5,383,0.019999999552965164,0.019999999552965164,172,0.9767441860465116,0.9740878928299771
1105830,"Escola Básica de Talaíde, Cascais",Cascais,Leiria,Região de Leiria,Centro,1er_cycle_uniquement,90.0,25.0,20.0,21.0,24.0,0.0,,,,,,,,,,,,,,,,
1105837,"Escola Básica Padre Agostinho da Silva, Tires, Cascais",Cascais,Leiria,Região de Leiria,Centro,1er_cycle_uniquement,188.0,46.0,46.0,47.0,49.0,0.01,,,,,,,,,,,,,,,,
1105860,"Escola Básica e Secundária Frei Gonçalo de Azevedo, São Domingos de Rana, Cascais",Cascais,,,,2eme_cycle_uniquement,,,,,,,169,184,156,169,168,161,154,167,0.51,0.49,321,0,0.019999999552965164,163,0.9815950920245399,0.9635300084448366
1105862,"Escola Básica n.º 2 de Tires, Cascais",Cascais,Leiria,Região de Leiria,Centro,1er_cycle_uniquement,88.0,20.0,24.0,24.0,20.0,0.0,,,,,,,,,,,,,,,,
1105867,Externato O Nicho,Cascais,Leiria,Região de Leiria,Centro,1er_cycle_uniquement,69.0,18.0,15.0,24.0,12.0,0.01,,,,,,,,,,,,,,,,
1105896,"Escola Básica de Alapraia, Cascais",Cascais,,,,2eme_cycle_uniquement,,,,,,,124,136,137,130,145,138,127,144,0.5700000000000001,0.43,271,0.05000000074505806,0.019999999552965164,135,0.9629629629629629,0.9646983932945449
1105910,"Escola Básica Hortênsia Diogo Correia, Cascais",Cascais,Leiria,Região de Leiria,Centro,1er_cycle_uniquement,90.0,24.0,21.0,23.0,22.0,0.0,,,,,,,,,,,,,,,,
1105920,Externato A Nova Toca,Cascais,Leiria,Região de Leiria,Centro,1er_cycle_uniquement,51.0,16.0,11.0,18.0,6.0,0.0,,,,,,,,,,,,,,,,
1105928,Colégio O Papião,Cascais,Leiria,Região de Leiria,Centro,1er_cycle_uniquement,86.0,21.0,20.0,22.0,23.0,0.0,,,,,,,,,,,,,,,,
1105930,"Escola Básica Malangatana, Alcoitão, Cascais",Cascais,Leiria,Região de Leiria,Centro,1er_cycle_uniquement,83.0,21.0,22.0,20.0,20.0,0.06,,,,,,,,,,,,,,,,
1105972,"Escola Básica n.º 1 de Aldeia do Juso, Cascais",Cascais,Leiria,Região de Leiria,Centro,1er_cycle_uniquement,97.0,24.0,23.0,25.0,25.0,0.02,,,,,,,,,,,,,,,,
1105978,Externato Nossa Senhora da Assunção,Cascais,Leiria,Região de Leiria,Centro,1er_cycle_uniquement,161.0,41.0,46.0,33.0,41.0,0.005,,,,,,,,,,,,,,,,
1105992,"Escola Básica n.º 1 de Galiza, Cascais",Cascais,Leiria,Região de Leiria,Centro,1er_cycle_uniquement,103.0,37.0,26.0,24.0,16.0,0.01,,,,,,,,,,,,,,,,
1106002,"Escola Básica António Nobre, Lisboa",Lisboa,Leiria,Região de Leiria,Centro,1er_cycle_uniquement,207.0,68.0,45.0,46.0,48.0,0.01,,,,,,,,,,,,,,,,
1106004,"Escola Básica do Parque das Nações, Lisboa",Lisboa,Leiria,Região de Leiria,Centro,1er_et_2eme_cycle,228.0,72.0,63.0,45.0,48.0,0.0,52,56,46,54,109,48,84,112,0.52,0.48,196,0,0,109,0.963302752293578,0.9829066885574648
1106011,"Escola Básica Pintora Maluda, Lisboa",Lisboa,Leiria,Região de Leiria,Centro,1er_cycle_uniquement,170.0,32.0,54.0,37.0,47.0,0.0675,,,,,,,,,,,,,,,,
1106017,"Escola Básica da Luz-Carnide, Lisboa",Lisboa,Leiria,Região de Leiria,Centro,1er_cycle_uniquement,154.0,47.0,41.0,20.0,46.0,0.005,,,,,,,,,,,,,,,,
1106019,"Escola Básica e Secundária Passos Manuel, Lisboa",Lisboa,,,,2eme_cycle_uniquement,,,,,,,95,97,79,91,101,81,100,118,0.53,0.47,218,0.009999999776482582,0.05999999865889549,90,0.9444444444444444,0.9589057148265153
1106020,Externato Mãe de Deus,Lisboa,Leiria,Região de Leiria,Centro,1er_cycle_uniquement,64.0,15.0,19.0,13.0,17.0,0.0125,,,,,,,,,,,,,,,,
1106021,"Escola Básica Professor José Salvado Sampaio, Lisboa",Lisboa,Leiria,Região de Leiria,Centro,1er_cycle_uniquement,200.0,47.0,68.0,40.0,45.0,0.0275,,,,,,,,,,,,,,,,
1106024,Primeira Secção do Externato Alfredo Binet,Lisboa,Leiria,Região de Leiria,Centro,1er_et_2eme_cycle,24.0,0.0,3.0,5.0,16.0,0.0867,*,*,*,*,*,*,*,*,*,*,*,*,*,9,*,*
1106026,"Escola Básica de São Sebastião da Pedreira, Lisboa",Lisboa,Leiria,Região de Leiria,Centro,1er_cycle_uniquement,101.0,25.0,24.0,25.0,27.0,0.01,,,,,,,,,,,,,,,,
1106027,Externato das Pedralvas,Lisboa,Leiria,Região de Leiria,Centro,1er_cycle_uniquement,64.0,14.0,19.0,17.0,14.0,0.0,,,,,,,,,,,,,,,,
1106040,"Escola Básica O Leão de Arroios, Lisboa",Lisboa,Leiria,Região de Leiria,Centro,1er_cycle_uniquement,323.0,93.0,68.0,88.0,74.0,0.0275,,,,,,,,,,,,,,,,
1106041,"Escola Básica Padre José Manuel Rocha e Melo, Lisboa",Lisboa,Leiria,Região de Leiria,Centro,1er_cycle_uniquement,193.0,40.0,47.0,46.0,60.0,0.0775,,,,,,,,,,,,,,,,
1106046,"Escola Básica Vasco da Gama, Lisboa",Lisboa,Leiria,Região de Leiria,Centro,1er_et_2eme_cycle,189.0,45.0,48.0,48.0,48.0,0.0,76,74,69,76,49,67,40,49,0.54,0.46,89,0,0,49,1,0.9852415938667795
1106047,"Escola Básica de Santa Clara, Lisboa",Lisboa,Leiria,Região de Leiria,Centro,1er_cycle_uniquement,236.0,77.0,55.0,47.0,57.0,0.125,,,,,,,,,,,,,,,,
1106053,"Escola Básica e Secundária Gil Vicente, Lisboa",Lisboa,,,,2eme_cycle_uniquement,,,,,,,111,129,96,102,73,90,113,87,0.52,0.48,200,0.12999999523162842,0.20999999344348907,55,0.8545454545454545,0.9472311569064313
1106059,Externato Eduardo Claparède,Lisboa,Leiria,Região de Leiria,Centro,1er_et_2eme_cycle,0.0,0.0,0.0,0.0,0.0,,19,25,26,22,9,40,8,40,0.81,0.19,48,0.12999999523162842,0.9800000190734863,8,*,*
1106064,"Colégio ""O Pelicano""",Lisboa,Leiria,Região de Leiria,Centro,1er_cycle_uniquement,41.0,14.0,11.0,8.0,8.0,0.065,,,,,,,,,,,,,,,,
1106073,"Escola Básica Homero Serpa, Lisboa",Lisboa,Leiria,Região de Leiria,Centro,1er_cycle_uniquement,20.0,8.0,4.0,0.0,8.0,0.0433,,,,,,,,,,,,,,,,
1106079,"Escola Básica do Castelo, Lisboa",Lisboa,Leiria,Região de Leiria,Centro,1er_cycle_uniquement,90.0,19.0,27.0,19.0,25.0,0.0,,,,,,,,,,,,,,,,
1106083,CEBE - Cooperativa de Ensino de Benfica,Lisboa,Leiria,Região de Leiria,Centro,1er_cycle_uniquement,64.0,16.0,12.0,20.0,16.0,0.0,,,,,,,,,,,,,,,,
1106088,Associação Ester Janz,Lisboa,Leiria,Região de Leiria,Centro,1er_cycle_uniquement,67.0,12.0,19.0,19.0,17.0,0.0125,,,,,,,,,,,,,,,,
1106094,Colégio Mira Rio,Lisboa,Leiria,Região de Leiria,Centro,1er_et_2eme_cycle,120.0,34.0,18.0,33.0,35.0,0.0,34,30,37,38,30,40,28,33,0,1,61,0,0,27,1,0.99016223667574
1106105,"Escola Básica de Moinhos do Restelo, Lisboa",Lisboa,Leiria,Região de Leiria,Centro,1er_cycle_uniquement,201.0,47.0,59.0,46.0,49.0,0.01,,,,,,,,,,,,,,,,
1106111,Externato As Descobertas,Lisboa,Leiria,Região de Leiria,Centro,1er_et_2eme_cycle,79.0,19.0,20.0,19.0,21.0,0.0,20,22,21,20,20,20,19,20,0.54,0.46,39,0,0,20,1,0.9932829940830514
1106119,"Escola ""Pedro Nunes""",Lisboa,Leiria,Região de Leiria,Centro,1er_et_2eme_cycle,90.0,23.0,25.0,20.0,22.0,0.0,24,24,24,24,17,25,22,21,0.37,0.63,43,0,0,16,1,0.9893548244630791
1106121,Escola Básica n.º 195 de Lisboa,Lisboa,Leiria,Região de Leiria,Centro,1er_cycle_uniquement,110.0,23.0,32.0,20.0,35.0,0.115,,,,,,,,,,,,,,,,
1106123,"Escola Básica Francisco de Arruda, Lisboa",Lisboa,,,,2eme_cycle_uniquement,,,,,,,155,143,152,150,141,139,149,148,0.5,0.5,297,0.05000000074505806,0.09000000357627869,123,0.8780487804878049,0.9336251551457203
1106124,"Escola Básica Dr. Nuno Cordeiro Ferreira, Lisboa",Lisboa,Leiria,Região de Leiria,Centro,1er_cycle_uniquement,126.0,43.0,40.0,19.0,24.0,0.045,,,,,,,,,,,,,,,,
1106126,"Escola Básica de Marvila, Lisboa",Lisboa,,,,2eme_cycle_uniquement,,,,,,,83,102,66,84,59,70,65,62,0.56,0.44,127,0.14000000059604645,0.18000000715255737,48,0.8958333333333334,0.8820267885809793
1106131,Escola Básica n.º 72 de Lisboa,Lisboa,Leiria,Região de Leiria,Centro,1er_cycle_uniquement,144.0,42.0,43.0,19.0,40.0,0.005,,,,,,,,,,,,,,,,
1106137,Externato Fernão Mendes Pinto,Lisboa,Leiria,Região de Leiria,Centro,1er_cycle_uniquement,117.0,36.0,26.0,22.0,33.0,0.0125,,,,,,,,,,,,,,,,
1106142,"Escola Básica Eurico Gonçalves, Lisboa",Lisboa,Leiria,Região de Leiria,Centro,1er_cycle_uniquement,172.0,44.0,43.0,38.0,47.0,0.03,,,,,,,,,,,,,,,,
1106143,"Escola Básica Viscondessa dos Olivais, Lisboa",Lisboa,Leiria,Região de Leiria,Centro,1er_cycle_uniquement,216.0,48.0,47.0,73.0,48.0,0.035,,,,,,,,,,,,,,,,
1106148,Jardim Escola João De Deus - Olivais,Lisboa,Leiria,Região de Leiria,Centro,1er_cycle_uniquement,167.0,40.0,50.0,43.0,34.0,0.005,,,,,,,,,,,,,,,,
1106152,Escola Básica n.º 1 de Lisboa,Lisboa,Leiria,Região de Leiria,Centro,1er_cycle_uniquement,88.0,21.0,26.0,20.0,21.0,0.025,,,,,,,,,,,,,,,,
1106157,Colégio São Tomás - Quinta das Conchas,Lisboa,Leiria,Região de Leiria,Centro,1er_et_2eme_cycle,234.0,52.0,63.0,58.0,61.0,0.0,119,115,119,127,126,124,121,128,0.51,0.49,249,0,0,125,0.992,0.9900172092632424
1106158,"Escola Básica Patrício Prazeres, Lisboa",Lisboa,Leiria,Região de Leiria,Centro,1er_et_2eme_cycle,72.0,0.0,26.0,24.0,22.0,0.03,66,70,85,70,81,88,83,83,0.49,0.51,166,0.07000000029802322,0.03999999910593033,63,0.9365079365079365,0.9358817568415218
1106160,"Escola Básica de Santo Condestável, Lisboa",Lisboa,Leiria,Região de Leiria,Centro,1er_cycle_uniquement,202.0,56.0,55.0,46.0,45.0,0.04,,,,,,,,,,,,,,,,
1106161,"Externato ""João XXIII""",Lisboa,Leiria,Região de Leiria,Centro,1er_et_2eme_cycle,173.0,40.0,45.0,40.0,48.0,0.0,45,49,44,42,44,43,37,43,0.5,0.5,80,0.029999999329447746,0.019999999552965164,42,1,0.9909581283727749
1106184,Externato Alfredo Binet,Lisboa,,,,2eme_cycle_uniquement,,,,,,,*,*,*,*,*,*,*,*,*,*,*,*,*,3,*,*
1106185,"Escola Básica Paulino Montez, Lisboa",Lisboa,Leiria,Região de Leiria,Centro,1er_cycle_uniquement,237.0,71.0,66.0,52.0,48.0,0.06,,,,,,,,,,,,,,,,
1106191,"Escola Básica Prista Monteiro, Lisboa",Lisboa,Leiria,Região de Leiria,Centro,1er_cycle_uniquement,143.0,38.0,43.0,35.0,27.0,0.1175,,,,,,,,,,,,,,,,
1106196,"Escola Básica Mestre Arnaldo Louro de Almeida, Lisboa",Lisboa,Leiria,Região de Leiria,Centro,1er_cycle_uniquement,204.0,51.0,68.0,40.0,45.0,0.0175,,,,,,,,,,,,,,,,
1106197,"Escola Básica de São João de Deus, Lisboa",Lisboa,Leiria,Região de Leiria,Centro,1er_cycle_uniquement,370.0,92.0,87.0,99.0,92.0,0.0,,,,,,,,,,,,,,,,
1106199,"Externato ""O Poeta""",Lisboa,Leiria,Região de Leiria,Centro,1er_cycle_uniquement,71.0,11.0,22.0,16.0,22.0,0.0125,,,,,,,,,,,,,,,,
1106203,"Escola Básica Professora Aida Vieira, Lisboa",Lisboa,Leiria,Região de Leiria,Centro,1er_cycle_uniquement,251.0,68.0,62.0,62.0,59.0,0.075,,,,,,,,,,,,,,,,
1106204,"Escola Básica dos Olivais, Lisboa",Lisboa,,,,2eme_cycle_uniquement,,,,,,,105,127,118,102,110,120,102,113,0.5700000000000001,0.43,215,0.03999999910593033,0.029999999329447746,108,0.9537037037037037,0.9515751572003665
1106212,"Escola Básica n.º 1 de Telheiras, Lisboa",Lisboa,Leiria,Região de Leiria,Centro,1er_cycle_uniquement,276.0,70.0,68.0,70.0,68.0,0.01,,,,,,,,,,,,,,,,
1106213,"Escola Básica Infante D. Henrique, Lisboa",Lisboa,Leiria,Região de Leiria,Centro,1er_cycle_uniquement,126.0,22.0,26.0,43.0,35.0,0.165,,,,,,,,,,,,,,,,
1106215,"Escola Básica Pintor Almada Negreiros, Lisboa",Lisboa,Leiria,Região de Leiria,Centro,1er_et_2eme_cycle,130.0,46.0,18.0,25.0,41.0,0.15,116,87,111,82,103,80,103,79,0.51,0.49,182,0.5600000023841858,0.3400000035762787,51,0.8235294117647058,0.8932108097909301
1106224,Colégio Saint Daniel Brottier - Sede,Lisboa,Leiria,Região de Leiria,Centro,1er_et_2eme_cycle,99.0,35.0,22.0,24.0,18.0,0.0,*,*,*,*,*,*,*,*,*,*,*,*,*,8,*,*
1106230,"Externato Paroquial ""Nossa Senhora da Conceição""",Lisboa,Leiria,Região de Leiria,Centro,1er_cycle_uniquement,0.0,0.0,0.0,0.0,0.0,,,,,,,,,,,,,,,,,
1106235,"Escola Básica Manuel da Maia, Lisboa",Lisboa,Leiria,Região de Leiria,Centro,1er_et_2eme_cycle,88.0,26.0,23.0,17.0,22.0,0.0375,52,84,83,62,63,83,47,81,0.62,0.38,128,0.12999999523162842,0.11999999731779099,49,0.8775510204081632,0.9172123096103634
1106237,"Escola Básica Actor Vale, Lisboa",Lisboa,Leiria,Região de Leiria,Centro,1er_cycle_uniquement,189.0,48.0,45.0,34.0,62.0,0.0625,,,,,,,,,,,,,,,,
1106251,"Escola Básica Natália Correia, Lisboa",Lisboa,Leiria,Região de Leiria,Centro,1er_cycle_uniquement,85.0,21.0,24.0,20.0,20.0,0.0925,,,,,,,,,,,,,,,,
1106254,Escola Casa da Floresta,Lisboa,Leiria,Região de Leiria,Centro,1er_et_2eme_cycle,38.0,10.0,9.0,8.0,11.0,0.0,*,*,*,*,*,*,*,*,*,*,*,*,*,10,*,*
1106255,"Escola Básica da Quinta de Marrocos, Lisboa",Lisboa,,,,2eme_cycle_uniquement,,,,,,,114,143,114,110,170,118,114,168,0.48,0.52,282,0.09000000357627869,0.10999999940395355,157,0.8980891719745223,0.9465170747260166
1106258,"Escola Básica Teixeira de Pascoais, Lisboa",Lisboa,Leiria,Região de Leiria,Centro,1er_cycle_uniquement,249.0,68.0,70.0,44.0,67.0,0.005,,,,,,,,,,,,,,,,
1106260,"Escola Básica de Telheiras, Lisboa",Lisboa,,,,2eme_cycle_uniquement,,,,,,,142,151,145,144,152,147,140,153,0.52,0.48,293,0.05999999865889549,0.009999999776482582,149,0.9530201342281879,0.9764825930316625
1106262,Colégio Planalto,Lisboa,Leiria,Região de Leiria,Centro,1er_et_2eme_cycle,152.0,33.0,42.0,41.0,36.0,0.0,31,17,24,31,33,26,29,33,1,0,62,0,0,30,0.9666666666666667,0.9880760042531449
1106271,Colégio do Sagrado Coração de Maria,Lisboa,Leiria,Região de Leiria,Centro,1er_et_2eme_cycle,338.0,102.0,77.0,79.0,80.0,0.0,115,120,116,116,115,116,114,116,0.47,0.53,230,0,0,114,0.9912280701754386,0.9933743080056687
1106272,"Centro de Pedagogia Terapêutica ""Bola de Neve""",Lisboa,Leiria,Região de Leiria,Centro,1er_et_2eme_cycle,0.0,0.0,0.0,0.0,0.0,,*,*,*,*,*,*,*,*,*,*,*,*,*,3,*,*
1106273,"Escola Básica Sarah Afonso, Lisboa",Lisboa,Leiria,Região de Leiria,Centro,1er_cycle_uniquement,167.0,45.0,37.0,39.0,46.0,0.0175,,,,,,,,,,,,,,,,
1106275,Externato de Nossa Senhora da Penha de França,Lisboa,Leiria,Região de Leiria,Centro,1er_et_2eme_cycle,0.0,0.0,0.0,0.0,0.0,,*,*,*,*,*,*,*,*,*,*,*,*,*,3,*,*
1106288,Colégio Manuel Bernardes,Lisboa,Leiria,Região de Leiria,Centro,1er_et_2eme_cycle,310.0,71.0,73.0,76.0,90.0,0.0,117,117,102,113,99,102,78,98,0.51,0.49,176,0,0.009999999776482582,98,0.9795918367346939,0.9918594128910159
1106293,"Escola Básica Gaivotas, Lisboa",Lisboa,Leiria,Região de Leiria,Centro,1er_cycle_uniquement,80.0,20.0,22.0,16.0,22.0,0.0275,,,,,,,,,,,,,,,,
1106295,"Escola Básica das Olaias, Lisboa",Lisboa,,,,2eme_cycle_uniquement,,,,,,,133,110,100,120,88,91,73,84,0.51,0.49,157,0.27000001072883606,0.27000001072883606,66,0.6363636363636364,0.8565976061686333
1106300,Escola de Santa Teresa do Menino Jesus,Lisboa,Leiria,Região de Leiria,Centro,1er_cycle_uniquement,30.0,5.0,4.0,12.0,9.0,0.0,,,,,,,,,,,,,,,,
1106304,"Escola Básica e Secundária Luís António Verney, Lisboa",Lisboa,,,,2eme_cycle_uniquement,,,,,,,78,81,91,71,67,83,45,73,0.51,0.49,118,0.019999999552965164,0.029999999329447746,64,0.90625,0.9249617966765049
1106309,"Escola Básica Arquitecto Victor Palla, Lisboa",Lisboa,Leiria,Região de Leiria,Centro,1er_cycle_uniquement,229.0,44.0,70.0,67.0,48.0,0.0025,,,,,,,,,,,,,,,,
1106313,"Externato ""Grão Vasco""",Lisboa,Leiria,Região de Leiria,Centro,1er_cycle_uniquement,117.0,35.0,32.0,27.0,23.0,0.0225,,,,,,,,,,,,,,,,
1106340,Salesianos de Lisboa - Colégio Oficinas de São José,Lisboa,Leiria,Região de Leiria,Centro,1er_et_2eme_cycle,330.0,65.0,90.0,87.0,88.0,0.0,237,269,238,237,244,237,230,238,0.51,0.49,468,0,0,241,0.995850622406639,0.9903733545979075
1106342,"Escola Básica dos Coruchéus, Lisboa",Lisboa,Leiria,Região de Leiria,Centro,1er_cycle_uniquement,181.0,44.0,49.0,48.0,40.0,0.005,,,,,,,,,,,,,,,,
1106344,Centro de Educação e Desenvolvimento Nossa Senhora da Conceição (Casa Pia),Lisboa,Leiria,Região de Leiria,Centro,1er_et_2eme_cycle,142.0,44.0,36.0,33.0,29.0,0.0175,46,40,42,46,35,40,45,35,0.55,0.45,80,0,0.029999999329447746,35,1,0.942657923600534
1106364,Colégio Helen Keller,Lisboa,Leiria,Região de Leiria,Centro,1er_et_2eme_cycle,142.0,37.0,33.0,37.0,35.0,0.0075,61,63,47,60,51,48,70,52,0.48,0.52,122,0,0.019999999552965164,49,1,0.9909541909119245
1106365,"Escola Básica Nuno Gonçalves, Lisboa",Lisboa,,,,2eme_cycle_uniquement,,,,,,,225,224,205,209,176,191,193,198,0.5,0.5,391,0.10000000149011612,0.12999999523162842,158,0.8924050632911392,0.9440630805437962
1106367,"Escola Básica Engenheiro Duarte Pacheco, Lisboa",Lisboa,Leiria,Região de Leiria,Centro,1er_cycle_uniquement,96.0,25.0,27.0,19.0,25.0,0.03,,,,,,,,,,,,,,,,
1106378,Externato do Parque,Lisboa,Leiria,Região de Leiria,Centro,1er_cycle_uniquement,228.0,60.0,52.0,58.0,58.0,0.0,,,,,,,,,,,,,,,,
1106380,"Escola Básica Luiza Neto Jorge, Lisboa",Lisboa,Leiria,Região de Leiria,Centro,1er_cycle_uniquement,91.0,26.0,22.0,26.0,17.0,0.0725,,,,,,,,,,,,,,,,
1106389,"Escola Artística de Música do Conservatório Nacional, Lisboa",Lisboa,,,,2eme_cycle_uniquement,,,,,,,38,37,53,36,58,57,37,58,0.43000000000000005,0.57,95,0,0,58,0.9827586206896551,0.973859922738679
1106392,Colégio Militar,Lisboa,Leiria,Região de Leiria,Centro,1er_et_2eme_cycle,211.0,52.0,62.0,49.0,48.0,0.0,83,84,91,82,66,89,89,66,0.54,0.46,155,0,0,65,1,0.9898159471359493
1106393,"Escola Básica Dom Luís da Cunha, Lisboa",Lisboa,Leiria,Região de Leiria,Centro,1er_cycle_uniquement,105.0,37.0,24.0,23.0,21.0,0.12,,,,,,,,,,,,,,,,
1106394,"Escola Básica e Secundária Josefa de Óbidos, Lisboa",Lisboa,,,,2eme_cycle_uniquement,,,,,,,192,203,160,194,168,166,173,165,0.53,0.47,338,0.05999999865889549,0.03999999910593033,162,0.9012345679012346,0.9707240765275799
1106397,"Escola Básica Mestre Querubim Lapa, Lisboa",Lisboa,Leiria,Região de Leiria,Centro,1er_cycle_uniquement,198.0,48.0,51.0,48.0,51.0,0.04,,,,,,,,,,,,,,,,
1106398,Externato Infantil e Primário Passos Manuel,Lisboa,Leiria,Região de Leiria,Centro,1er_cycle_uniquement,0.0,0.0,0.0,0.0,0.0,,,,,,,,,,,,,,,,,
1106400,Externato Nobel,Lisboa,Leiria,Região de Leiria,Centro,1er_cycle_uniquement,0.0,0.0,0.0,0.0,0.0,,,,,,,,,,,,,,,,,
1106402,"Escola Básica e Secundária D. Filipa de Lencastre, Lisboa",Lisboa,,,,2eme_cycle_uniquement,,,,,,,162,163,160,161,155,161,165,155,0.51,0.49,320,0,0,152,0.9802631578947368,0.9838482409776277
1106404,"Escola Básica Professor Lindley Cintra, Lisboa",Lisboa,,,,2eme_cycle_uniquement,,,,,,,184,173,149,184,169,159,160,163,0.54,0.46,323,0.11999999731779099,0.10000000149011612,150,0.9133333333333333,0.9260906479128814
1106407,"Escola Básica Padre Abel Varzim, Lisboa",Lisboa,Leiria,Região de Leiria,Centro,1er_cycle_uniquement,80.0,21.0,20.0,18.0,21.0,0.0125,,,,,,,,,,,,,,,,
1106408,Escola Primária do Centro C. R. C. Cruz. e Rio Seco,Lisboa,Leiria,Região de Leiria,Centro,1er_cycle_uniquement,55.0,13.0,15.0,16.0,11.0,0.0,,,,,,,,,,,,,,,,
1106409,"Escola Básica do Bairro de São Miguel, Lisboa",Lisboa,Leiria,Região de Leiria,Centro,1er_cycle_uniquement,326.0,87.0,72.0,93.0,74.0,0.0025,,,,,,,,,,,,,,,,
1106413,"Escola Básica Luísa Ducla Soares, Lisboa",Lisboa,Leiria,Região de Leiria,Centro,1er_cycle_uniquement,83.0,20.0,23.0,21.0,19.0,0.035,,,,,,,,,,,,,,,,
1106419,"Externato ""Luso-Britânico""",Lisboa,Leiria,Região de Leiria,Centro,1er_cycle_uniquement,67.0,21.0,16.0,16.0,14.0,0.0,,,,,,,,,,,,,,,,
1106425,Escola do Grémio de Instrução Liberal de Campo de Ourique,Lisboa,Leiria,Região de Leiria,Centro,1er_et_2eme_cycle,107.0,22.0,20.0,36.0,29.0,0.0,31,45,36,29,39,35,32,41,0.5900000000000001,0.41,73,0,0,37,1,0.9893253375999138
1106426,Colégio São Tomás - Sete Rios,Lisboa,Leiria,Região de Leiria,Centro,1er_cycle_uniquement,230.0,58.0,53.0,59.0,60.0,0.0,,,,,,,,,,,,,,,,
1106428,"Escola Básica Rosa Lobato Faria, Lisboa",Lisboa,Leiria,Região de Leiria,Centro,1er_cycle_uniquement,117.0,44.0,25.0,25.0,23.0,0.01,,,,,,,,,,,,,,,,
1106429,Colégio Place4all,Lisboa,Leiria,Região de Leiria,Centro,1er_cycle_uniquement,36.0,12.0,9.0,9.0,6.0,0.1375,,,,,,,,,,,,,,,,
1106430,"Escola Básica João dos Santos, Lisboa",Lisboa,Leiria,Região de Leiria,Centro,1er_cycle_uniquement,89.0,20.0,27.0,21.0,21.0,0.03,,,,,,,,,,,,,,,,
1106434,"Escola Básica Engenheiro Ressano Garcia, Lisboa",Lisboa,Leiria,Região de Leiria,Centro,1er_cycle_uniquement,249.0,62.0,67.0,60.0,60.0,0.0025,,,,,,,,,,,,,,,,
1106435,Externato O Nosso Jardim,Lisboa,Leiria,Região de Leiria,Centro,1er_cycle_uniquement,127.0,31.0,39.0,28.0,29.0,0.0,,,,,,,,,,,,,,,,
1106449,"Escola Básica do Alto do Lumiar, Lisboa",Lisboa,,,,2eme_cycle_uniquement,,,,,,,181,113,185,110,164,119,183,114,0.54,0.46,297,0.49000000953674316,0.2800000011920929,77,0.6883116883116883,0.851713874114004
1106458,"Escola Artística de Dança do Conservatório Nacional, Lisboa",Lisboa,,,,2eme_cycle_uniquement,,,,,,,18,21,21,21,12,21,20,16,0.21999999999999997,0.78,36,0,0,10,*,*
1106462,Real Colégio de Portugal,Lisboa,Leiria,Região de Leiria,Centro,1er_et_2eme_cycle,67.0,13.0,26.0,11.0,17.0,0.0,21,23,22,20,16,21,35,16,0.55,0.45,51,0,0,11,*,*
1106463,"Escola Básica Jorge Barradas, Lisboa",Lisboa,Leiria,Região de Leiria,Centro,1er_cycle_uniquement,298.0,87.0,70.0,71.0,70.0,0.0225,,,,,,,,,,,,,,,,
1106464,Externato PIM PAM PUM,Lisboa,Leiria,Região de Leiria,Centro,1er_cycle_uniquement,0.0,0.0,0.0,0.0,0.0,,,,,,,,,,,,,,,,,
1106467,Jardim de Infância Mimá,Lisboa,Leiria,Região de Leiria,Centro,1er_cycle_uniquement,0.0,0.0,0.0,0.0,0.0,,,,,,,,,,,,,,,,,
1106468,"Externato ""Santa Francisca""",Lisboa,Leiria,Região de Leiria,Centro,1er_cycle_uniquement,0.0,0.0,0.0,0.0,0.0,,,,,,,,,,,,,,,,,
1106470,Colégio Piloto Diese,Lisboa,Leiria,Região de Leiria,Centro,1er_cycle_uniquement,54.0,13.0,11.0,15.0,15.0,0.0,,,,,,,,,,,,,,,,
1106472,Redbridge School,Lisboa,Leiria,Região de Leiria,Centro,1er_et_2eme_cycle,109.0,30.0,30.0,28.0,21.0,0.0,0,0,8,0,16,5,19,16,0.5700000000000001,0.43,35,0,0,9,*,*
1106478,"Escola Básica do Lumiar, Lisboa",Lisboa,Leiria,Região de Leiria,Centro,1er_cycle_uniquement,262.0,44.0,69.0,64.0,85.0,0.005,,,,,,,,,,,,,,,,
1106482,Escola Selecta Amadeu Andrés,Lisboa,Leiria,Região de Leiria,Centro,1er_et_2eme_cycle,0.0,0.0,0.0,0.0,0.0,,*,*,*,*,*,*,*,*,*,*,*,*,*,9,*,*
1106492,"Escola Básica Professor Oliveira Marques, Lisboa",Lisboa,Leiria,Região de Leiria,Centro,1er_cycle_uniquement,119.0,24.0,26.0,22.0,47.0,0.0325,,,,,,,,,,,,,,,,
1106494,Colégio de Stª Doroteia,Lisboa,,,,2eme_cycle_uniquement,,,,,,,113,113,105,111,109,104,85,109,0.47,0.53,194,0,0,108,1,0.9914918462754557
1106498,Associação Infante De Sagres,Lisboa,Leiria,Região de Leiria,Centro,1er_cycle_uniquement,96.0,26.0,24.0,23.0,23.0,0.0,,,,,,,,,,,,,,,,
1106499,"Escola Básica Pedro de Santarém, Lisboa",Lisboa,Leiria,Região de Leiria,Centro,1er_et_2eme_cycle,194.0,41.0,64.0,44.0,45.0,0.005,242,200,210,245,183,221,213,187,0.47,0.53,400,0.05000000074505806,0.05000000074505806,158,0.9556962025316456,0.9564878613489713
1106504,Colégio Valsassina,Lisboa,Leiria,Região de Leiria,Centro,1er_et_2eme_cycle,320.0,73.0,82.0,83.0,82.0,0.0025,109,113,104,112,114,106,116,112,0.47,0.53,228,0,0,112,1,0.9928996560972781
1106507,"Escola Básica de São João de Brito, Lisboa",Lisboa,Leiria,Região de Leiria,Centro,1er_cycle_uniquement,272.0,72.0,68.0,65.0,67.0,0.02,,,,,,,,,,,,,,,,
1106508,Astória International School - Secção I,Lisboa,,,,2eme_cycle_uniquement,,,,,,,0,0,0,0,16,12,11,18,0.62,0.38,29,0,0.10999999940395355,14,*,*
1106509,Centro de Educação e Desenvolvimento Jacob Rodrigues Pereira (Casa Pia),Lisboa,Leiria,Região de Leiria,Centro,1er_et_2eme_cycle,57.0,15.0,15.0,10.0,17.0,0.0325,15,19,18,14,13,19,16,15,0.55,0.45,31,0.05999999865889549,0.27000001072883606,10,*,*
1106512,Queen Elizabeths School,Lisboa,Leiria,Região de Leiria,Centro,1er_cycle_uniquement,151.0,42.0,36.0,35.0,38.0,0.0,,,,,,,,,,,,,,,,
1106518,"Escola Básica Almirante Gago Coutinho, Lisboa",Lisboa,,,,2eme_cycle_uniquement,,,,,,,152,151,147,151,123,141,147,130,0.52,0.48,277,0.009999999776482582,0.019999999552965164,116,0.9913793103448276,0.9734825288956059
1106536,Instituto Militar dos Pupilos do Exército,Lisboa,,,,2eme_cycle_uniquement,,,,,,,32,38,33,38,16,36,23,20,0.65,0.35,43,0,0,15,1,0.9248835403726707
1106551,"Escola Básica do Bairro do Armador, Lisboa",Lisboa,Leiria,Região de Leiria,Centro,1er_cycle_uniquement,174.0,46.0,46.0,41.0,41.0,0.03,,,,,,,,,,,,,,,,
1106553,Externato Rainha Dona Amélia,Lisboa,Leiria,Região de Leiria,Centro,1er_cycle_uniquement,81.0,22.0,25.0,19.0,15.0,0.0,,,,,,,,,,,,,,,,
1106556,Externato da Sociedade Promotora de Educação Popular,Lisboa,Leiria,Região de Leiria,Centro,1er_cycle_uniquement,39.0,11.0,10.0,6.0,12.0,0.0,,,,,,,,,,,,,,,,
1106561,"Escola Básica Rainha Santa Isabel, Lisboa",Lisboa,Leiria,Região de Leiria,Centro,1er_cycle_uniquement,123.0,24.0,20.0,40.0,39.0,0.0,,,,,,,,,,,,,,,,
1106566,"Escola Básica Professor Agostinho da Silva, Lisboa",Lisboa,Leiria,Região de Leiria,Centro,1er_cycle_uniquement,87.0,25.0,21.0,24.0,17.0,0.03,,,,,,,,,,,,,,,,
1106569,Externato Liceal das Casas de S. Vicente de Paulo,Lisboa,Leiria,Região de Leiria,Centro,1er_et_2eme_cycle,239.0,46.0,60.0,69.0,64.0,0.0,58,80,67,53,76,62,63,75,0.5700000000000001,0.43,138,0,0,76,1,0.9912605539231598
1106570,Academia de Música de Santa Cecília,Lisboa,Leiria,Região de Leiria,Centro,1er_et_2eme_cycle,197.0,46.0,48.0,51.0,52.0,0.0,53,54,45,50,53,45,51,54,0.42000000000000004,0.58,105,0,0,53,0.9811320754716981,0.9832703054319301
1106574,Escola Básica da Alta de Lisboa,Lisboa,Leiria,Região de Leiria,Centro,1er_cycle_uniquement,163.0,44.0,41.0,40.0,38.0,0.15,,,,,,,,,,,,,,,,
1106575,"Escola Básica de Santa Maria dos Olivais, Lisboa",Lisboa,Leiria,Região de Leiria,Centro,1er_cycle_uniquement,106.0,22.0,19.0,25.0,40.0,0.15,,,,,,,,,,,,,,,,
1106576,Externato Marcelino Champagnat,Lisboa,Leiria,Região de Leiria,Centro,1er_et_2eme_cycle,163.0,34.0,45.0,46.0,38.0,0.0,34,49,52,30,43,52,39,42,0.5900000000000001,0.41,81,0,0,43,1,0.9906394843045654
1106588,Colégio As Descobertas,Lisboa,Leiria,Região de Leiria,Centro,1er_et_2eme_cycle,0.0,0.0,0.0,0.0,0.0,,10,17,12,16,9,15,9,19,0.79,0.21,28,0.7799999713897705,0.6800000071525574,3,*,*
1106590,"Escola Básica Frei Luís de Sousa, Lisboa",Lisboa,Leiria,Região de Leiria,Centro,1er_cycle_uniquement,183.0,44.0,46.0,46.0,47.0,0.01,,,,,,,,,,,,,,,,
1106597,"Escola Básica Sampaio Garrido, Lisboa",Lisboa,Leiria,Região de Leiria,Centro,1er_cycle_uniquement,185.0,44.0,46.0,47.0,48.0,0.0,,,,,,,,,,,,,,,,
1106598,"Escola Básica Maria Barroso, Lisboa",Lisboa,Leiria,Região de Leiria,Centro,1er_cycle_uniquement,89.0,20.0,24.0,23.0,22.0,0.01,,,,,,,,,,,,,,,,
1106602,"Escola Básica Arquitecto Gonçalo Ribeiro Telles, Lisboa",Lisboa,Leiria,Região de Leiria,Centro,1er_cycle_uniquement,142.0,34.0,26.0,32.0,50.0,0.135,,,,,,,,,,,,,,,,
1106603,"Escola Básica Maria da Luz de Deus Ramos, Lisboa",Lisboa,Leiria,Região de Leiria,Centro,1er_cycle_uniquement,169.0,40.0,43.0,34.0,52.0,0.1475,,,,,,,,,,,,,,,,
1106606,Colégio Académico,Lisboa,,,,2eme_cycle_uniquement,,,,,,,21,17,24,22,22,23,20,20,0.6,0.4,40,0,0,22,0.9545454545454546,0.9887225124186059
1106612,Escola Raiz,Lisboa,Leiria,Região de Leiria,Centro,1er_et_2eme_cycle,95.0,21.0,35.0,21.0,18.0,0.0,23,21,27,20,21,25,15,20,0.4,0.6,35,0,0,19,1,0.9818821301796768
1106620,Centro de Educação e Desenvolvimento D. Nuno Álvares Pereira (Casa Pia),Lisboa,Leiria,Região de Leiria,Centro,1er_et_2eme_cycle,124.0,24.0,31.0,33.0,36.0,0.04,51,49,45,51,34,48,36,35,0.52,0.48,71,0,0.05999999865889549,34,0.8823529411764706,0.9443275193090832
1106630,"Escola Básica Prof. Delfim Santos, Lisboa",Lisboa,,,,2eme_cycle_uniquement,,,,,,,210,212,182,201,204,175,201,211,0.54,0.46,412,0.029999999329447746,0.05999999865889549,182,0.9395604395604396,0.9640510653170148
1106644,"Jardim Infantil ""Pestalozzi""",Lisboa,Leiria,Região de Leiria,Centro,1er_cycle_uniquement,82.0,20.0,23.0,19.0,20.0,0.0125,,,,,,,,,,,,,,,,
1106648,"Escola Básica Manuel Teixeira Gomes, Lisboa",Lisboa,Leiria,Região de Leiria,Centro,1er_cycle_uniquement,133.0,42.0,37.0,33.0,21.0,0.0125,,,,,,,,,,,,,,,,
1106651,"Externato ""O Lar da Criança""",Lisboa,Leiria,Região de Leiria,Centro,1er_cycle_uniquement,43.0,9.0,11.0,12.0,11.0,0.0,,,,,,,,,,,,,,,,
1106652,"Externato ""Sá de Miranda""",Lisboa,Leiria,Região de Leiria,Centro,1er_cycle_uniquement,63.0,12.0,21.0,16.0,14.0,0.0,,,,,,,,,,,,,,,,
1106659,"Escola Básica do Bairro do Restelo, Lisboa",Lisboa,Leiria,Região de Leiria,Centro,1er_cycle_uniquement,244.0,66.0,73.0,62.0,43.0,0.0075,,,,,,,,,,,,,,,,
1106661,Externato O Barquinho,Lisboa,Leiria,Região de Leiria,Centro,1er_cycle_uniquement,24.0,3.0,2.0,9.0,10.0,0.0,,,,,,,,,,,,,,,,
1106668,Escola Privativa n.º 6 de A Voz do Operário,Lisboa,Leiria,Região de Leiria,Centro,1er_cycle_uniquement,61.0,15.0,17.0,17.0,12.0,0.0,,,,,,,,,,,,,,,,
1106672,Colégio Moderno,Lisboa,Leiria,Região de Leiria,Centro,1er_et_2eme_cycle,402.0,106.0,89.0,108.0,99.0,0.0,127,148,133,127,134,134,120,137,0.51,0.49,257,0.009999999776482582,0.009999999776482582,134,0.9925373134328358,0.9935982944182384
1106677,Externato Infantil e Primário O Beiral,Lisboa,Leiria,Região de Leiria,Centro,1er_cycle_uniquement,163.0,43.0,43.0,40.0,37.0,0.0,,,,,,,,,,,,,,,,
1106682,"Escola Básica do Beato, Lisboa",Lisboa,Leiria,Região de Leiria,Centro,1er_cycle_uniquement,111.0,23.0,39.0,22.0,27.0,0.025,,,,,,,,,,,,,,,,
1106689,"Escola Básica Damião de Góis, Lisboa",Lisboa,,,,2eme_cycle_uniquement,,,,,,,88,80,84,76,77,89,65,81,0.5800000000000001,0.42,146,0.10999999940395355,0.1899999976158142,64,0.90625,0.9087304105688969
1106705,"Escola Básica Fernanda de Castro, Lisboa",Lisboa,Leiria,Região de Leiria,Centro,1er_cycle_uniquement,48.0,13.0,11.0,9.0,15.0,0.0675,,,,,,,,,,,,,,,,
1106706,"Escola Básica de Lóios, Lisboa",Lisboa,Leiria,Região de Leiria,Centro,1er_cycle_uniquement,106.0,22.0,23.0,36.0,25.0,0.1025,,,,,,,,,,,,,,,,
1106710,"Escola Básica do Parque Silva Porto, Lisboa",Lisboa,Leiria,Região de Leiria,Centro,1er_cycle_uniquement,234.0,69.0,58.0,61.0,46.0,0.08,,,,,,,,,,,,,,,,
1106712,Externato Marista de Lisboa,Lisboa,Leiria,Região de Leiria,Centro,1er_et_2eme_cycle,228.0,70.0,52.0,53.0,53.0,0.0,112,118,110,116,114,115,114,115,0.51,0.49,229,0,0,113,1,0.989468699213061
1106713,"Escola Secundária Fonseca Benevides, Lisboa",Lisboa,,,,2eme_cycle_uniquement,,,,,,,67,70,76,74,80,77,59,73,0.22999999999999998,0.77,132,0.5299999713897705,0.44999998807907104,34,0.4117647058823529,0.8494090643108557
1106714,"Escola Básica Santo António, Lisboa",Lisboa,Leiria,Região de Leiria,Centro,1er_cycle_uniquement,175.0,49.0,45.0,42.0,39.0,0.0725,,,,,,,,,,,,,,,,
1106716,Colégio de Santa Maria,Lisboa,Leiria,Região de Leiria,Centro,1er_et_2eme_cycle,227.0,57.0,68.0,42.0,60.0,0.0,48,52,39,48,64,40,36,63,0.55,0.45,99,0,0,61,1,0.9863494786001147
1106718,"Escola Básica de Piscinas, Lisboa",Lisboa,,,,2eme_cycle_uniquement,,,,,,,165,134,165,140,183,137,162,160,0.53,0.47,322,0.30000001192092896,0.20999999344348907,124,0.8951612903225806,0.9297018567927003
1106720,"Escola Básica de Caselas, Lisboa",Lisboa,Leiria,Região de Leiria,Centro,1er_cycle_uniquement,88.0,24.0,20.0,20.0,24.0,0.0125,,,,,,,,,,,,,,,,
1106723,"Escola Básica do Condado, Lisboa",Lisboa,Leiria,Região de Leiria,Centro,1er_cycle_uniquement,163.0,44.0,37.0,34.0,48.0,0.11,,,,,,,,,,,,,,,,
1106730,Centro de Educação e Desenvolvimento D. Maria Pia (Casa Pia),Lisboa,Leiria,Região de Leiria,Centro,1er_et_2eme_cycle,127.0,33.0,38.0,19.0,37.0,0.0925,38,42,38,40,46,34,40,42,0.51,0.49,82,0.029999999329447746,0.14000000059604645,40,0.85,0.9496116010503156
1106741,"Escola Básica Arco-Íris, Lisboa",Lisboa,Leiria,Região de Leiria,Centro,1er_cycle_uniquement,168.0,44.0,39.0,42.0,43.0,0.03,,,,,,,,,,,,,,,,
1106743,"Escola Básica Professor Manuel Sérgio, Lisboa",Lisboa,Leiria,Região de Leiria,Centro,1er_cycle_uniquement,66.0,22.0,21.0,9.0,14.0,0.04,,,,,,,,,,,,,,,,
1106749,Externato São Miguel Arcanjo,Lisboa,Leiria,Região de Leiria,Centro,1er_et_2eme_cycle,203.0,48.0,39.0,51.0,65.0,0.0,59,38,61,58,46,57,45,46,0.56,0.44,91,0,0,46,1,0.9898506668617718
1106751,Cooperativa A Torre,Lisboa,Leiria,Região de Leiria,Centro,1er_et_2eme_cycle,157.0,38.0,40.0,40.0,39.0,0.0,35,30,30,33,36,30,35,36,0.5900000000000001,0.41,71,0,0,36,1,0.9901436893542096
1106753,PaRK International School I Restelo,Lisboa,Leiria,Região de Leiria,Centro,1er_cycle_uniquement,201.0,73.0,40.0,43.0,45.0,0.0,,,,,,,,,,,,,,,,
1106765,Colégio Luso-Suíço,Lisboa,Leiria,Região de Leiria,Centro,1er_cycle_uniquement,40.0,10.0,13.0,7.0,10.0,0.0,,,,,,,,,,,,,,,,
1106769,Externato da Luz,Lisboa,Leiria,Região de Leiria,Centro,1er_et_2eme_cycle,208.0,49.0,54.0,52.0,53.0,0.0,81,77,75,81,68,77,70,71,0.48,0.52,141,0,0,67,1,0.9914382682882038
1106770,PaRK International School - Praça de Espanha,Lisboa,Leiria,Região de Leiria,Centro,1er_cycle_uniquement,116.0,21.0,50.0,24.0,21.0,0.0,,,,,,,,,,,,,,,,
1106782,"Escola Básica Raúl Lino, Lisboa",Lisboa,Leiria,Região de Leiria,Centro,1er_cycle_uniquement,150.0,46.0,30.0,31.0,43.0,0.0225,,,,,,,,,,,,,,,,
1106797,Jardim Escola O Bosque,Lisboa,Leiria,Região de Leiria,Centro,1er_cycle_uniquement,0.0,0.0,0.0,0.0,0.0,,,,,,,,,,,,,,,,,
1106803,"Escola Básica de São Vicente/Telheiras, Lisboa",Lisboa,Leiria,Região de Leiria,Centro,1er_et_2eme_cycle,135.0,23.0,46.0,45.0,21.0,0.0225,128,111,112,122,154,118,131,152,0.48,0.52,283,0.029999999329447746,0.03999999910593033,141,0.9432624113475178,0.9516981591636626
1106805,"Escola Básica Eugénio dos Santos, Lisboa",Lisboa,,,,2eme_cycle_uniquement,,,,,,,213,213,221,210,211,220,211,209,0.49,0.51,420,0.029999999329447746,0.05000000074505806,187,0.946524064171123,0.9742530362088934
1106812,"Escola Básica Marquesa de Alorna, Lisboa",Lisboa,,,,2eme_cycle_uniquement,,,,,,,135,116,107,137,120,111,107,134,0.54,0.46,241,0.07000000029802322,0.11999999731779099,104,0.8653846153846154,0.9382761498268832
1106816,"Externato ""A Escolinha""",Lisboa,Leiria,Região de Leiria,Centro,1er_cycle_uniquement,35.0,11.0,6.0,7.0,11.0,0.0,,,,,,,,,,,,,,,,
1106837,Externato de S. José,Lisboa,Leiria,Região de Leiria,Centro,1er_et_2eme_cycle,253.0,72.0,56.0,67.0,58.0,0.0,100,75,103,103,93,100,101,94,0.55,0.45,195,0,0.009999999776482582,93,0.978494623655914,0.9906562450865422
1106841,"Escola Básica Fernando Pessoa, Lisboa",Lisboa,,,,2eme_cycle_uniquement,,,,,,,141,181,170,144,121,165,155,124,0.47,0.53,279,0.05000000074505806,0.05000000074505806,106,0.9622641509433962,0.9527697508226317
1106844,"Escola Básica Luís de Camões, Lisboa",Lisboa,,,,2eme_cycle_uniquement,,,,,,,97,97,104,97,106,98,104,104,0.43999999999999995,0.56,208,0.029999999329447746,0.019999999552965164,100,0.94,0.9768941614970313
1106851,Externato São Cristóvão,Lisboa,Leiria,Região de Leiria,Centro,1er_cycle_uniquement,87.0,22.0,28.0,13.0,24.0,0.0,,,,,,,,,,,,,,,,
1106854,Externato Santa Maria de Belém,Lisboa,Leiria,Região de Leiria,Centro,1er_cycle_uniquement,0.0,0.0,0.0,0.0,0.0,,,,,,,,,,,,,,,,,
1106859,Jardim Escola João De Deus - Estrela,Lisboa,Leiria,Região de Leiria,Centro,1er_cycle_uniquement,180.0,47.0,46.0,43.0,44.0,0.005,,,,,,,,,,,,,,,,
1106863,Colégio do Bom Sucesso,Lisboa,Leiria,Região de Leiria,Centro,1er_et_2eme_cycle,254.0,52.0,79.0,50.0,73.0,0.0025,89,84,69,87,67,63,64,63,0.53,0.47,127,0,0,64,0.984375,0.9915072106954035
1106864,"Escola ""S. Francisco Xavier""",Lisboa,,,,2eme_cycle_uniquement,,,,,,,*,*,*,*,*,*,*,*,*,*,*,-,*,5,*,*
1106868,"Externato ""A Ritinha""",Lisboa,Leiria,Região de Leiria,Centro,1er_cycle_uniquement,0.0,0.0,0.0,0.0,0.0,,,,,,,,,,,,,,,,,
1106871,Astória International School - Secção II,Lisboa,Leiria,Região de Leiria,Centro,1er_cycle_uniquement,78.0,15.0,24.0,22.0,17.0,0.0125,,,,,,,,,,,,,,,,
1106876,"Escola Básica Quinta dos Frades, Lisboa",Lisboa,Leiria,Região de Leiria,Centro,1er_cycle_uniquement,303.0,71.0,66.0,84.0,82.0,0.025,,,,,,,,,,,,,,,,
1106884,"Escola Básica Alexandre Herculano, Lisboa",Lisboa,Leiria,Região de Leiria,Centro,1er_cycle_uniquement,84.0,23.0,22.0,19.0,20.0,0.0475,,,,,,,,,,,,,,,,
1106894,"Escola Básica de São José, Lisboa",Lisboa,Leiria,Região de Leiria,Centro,1er_cycle_uniquement,166.0,44.0,43.0,37.0,42.0,0.025,,,,,,,,,,,,,,,,
1106900,Colégio de São João de Brito,Lisboa,Leiria,Região de Leiria,Centro,1er_et_2eme_cycle,360.0,90.0,90.0,90.0,90.0,0.0075,120,121,120,119,121,121,120,122,0.48,0.52,242,0,0,120,1,0.9929459875563117
1106908,"Escola Básica Adriano Correia de Oliveira, Lisboa",Lisboa,Leiria,Região de Leiria,Centro,1er_cycle_uniquement,124.0,27.0,37.0,32.0,28.0,0.06,,,,,,,,,,,,,,,,
1106922,"Escola Básica Paula Vicente, Lisboa",Lisboa,,,,2eme_cycle_uniquement,,,,,,,143,121,136,137,138,138,143,139,0.52,0.48,282,0.019999999552965164,0.05999999865889549,122,0.9426229508196722,0.9565366664698268
1106933,"Escola Básica Alice Vieira, Lisboa",Lisboa,Leiria,Região de Leiria,Centro,1er_cycle_uniquement,140.0,45.0,23.0,36.0,36.0,0.0275,,,,,,,,,,,,,,,,
1106936,Lua Crescente,Lisboa,Leiria,Região de Leiria,Centro,1er_cycle_uniquement,23.0,8.0,8.0,4.0,3.0,0.0325,,,,,,,,,,,,,,,,
1106942,Colégio de Talentos,Lisboa,Leiria,Região de Leiria,Centro,1er_cycle_uniquement,20.0,5.0,8.0,2.0,5.0,0.05,,,,,,,,,,,,,,,,
1106944,Escola Ave-Maria,Lisboa,Leiria,Região de Leiria,Centro,1er_et_2eme_cycle,124.0,34.0,42.0,26.0,22.0,0.02,32,33,23,33,35,23,24,36,0.47,0.53,60,0,0,34,1,0.9913360792641479
1106946,"Escola Básica do Bairro Padre Cruz, Lisboa",Lisboa,,,,2eme_cycle_uniquement,,,,,,,64,66,58,66,50,62,59,53,0.5800000000000001,0.42,112,0.029999999329447746,0.15000000596046448,41,0.8048780487804879,0.9092167867677621
1106951,"Externato ""Infante D. Pedro""",Lisboa,Leiria,Região de Leiria,Centro,1er_cycle_uniquement,24.0,7.0,4.0,5.0,8.0,0.1125,,,,,,,,,,,,,,,,
1106964,Jardim Escola João De Deus - Alvalade,Lisboa,Leiria,Região de Leiria,Centro,1er_cycle_uniquement,167.0,37.0,47.0,41.0,42.0,0.005,,,,,,,,,,,,,,,,
1106971,"Escola Básica do Bairro Madre de Deus, Lisboa",Lisboa,Leiria,Região de Leiria,Centro,1er_cycle_uniquement,103.0,20.0,22.0,22.0,39.0,0.0075,,,,,,,,,,,,,,,,
1106973,"Escola Básica de Santo Amaro, Lisboa",Lisboa,Leiria,Região de Leiria,Centro,1er_cycle_uniquement,170.0,43.0,40.0,44.0,43.0,0.0175,,,,,,,,,,,,,,,,
1106975,Nova Escola João de Deus Ramos,Lisboa,Leiria,Região de Leiria,Centro,1er_cycle_uniquement,25.0,7.0,10.0,4.0,4.0,0.025,,,,,,,,,,,,,,,,
1106976,Nuclisol Jean Piaget - Unidade de Desenvolvimento Integrado Bairro do Condado,Lisboa,Leiria,Região de Leiria,Centro,1er_cycle_uniquement,23.0,11.0,5.0,0.0,7.0,0.0,,,,,,,,,,,,,,,,
1106979,"Escola Básica de Laranjeiras, Lisboa",Lisboa,Leiria,Região de Leiria,Centro,1er_cycle_uniquement,296.0,89.0,69.0,70.0,68.0,0.0225,,,,,,,,,,,,,,,,
1106982,Externato Os Fofinhos,Lisboa,Leiria,Região de Leiria,Centro,1er_cycle_uniquement,0.0,0.0,0.0,0.0,0.0,,,,,,,,,,,,,,,,,
1106986,Externato Educação Popular,Lisboa,Leiria,Região de Leiria,Centro,1er_et_2eme_cycle,139.0,32.0,34.0,34.0,39.0,0.02,0,0,0,0,27,21,31,24,0.6,0.4,55,0,0,27,0.9629629629629629,0.9858464121347081
1106988,Escola Privativa n.º 1 de A Voz do Operário,Lisboa,Leiria,Região de Leiria,Centro,1er_et_2eme_cycle,170.0,40.0,49.0,40.0,41.0,0.0,26,22,24,24,43,18,18,41,0.49,0.51,59,0,0.07000000029802322,40,0.9,0.9310922942546584
1106992,Externato Prim. Associação Pró-Infancia Stº António de Lisboa,Lisboa,Leiria,Região de Leiria,Centro,1er_cycle_uniquement,68.0,8.0,24.0,17.0,19.0,0.01,,,,,,,,,,,,,,,,
1107010,"Escola Básica do Infantado, Loures",Loures,Leiria,Região de Leiria,Centro,1er_cycle_uniquement,286.0,72.0,73.0,68.0,73.0,0.01,,,,,,,,,,,,,,,,
1107019,"Escola Básica Barbosa du Bocage, Póvoa de Santo Adrião, Odivelas",Odivelas,Leiria,Região de Leiria,Centro,1er_cycle_uniquement,207.0,62.0,51.0,50.0,44.0,0.0475,,,,,,,,,,,,,,,,
1107020,"Escola Básica Manuel Coco, Odivelas",Odivelas,Leiria,Região de Leiria,Centro,1er_cycle_uniquement,353.0,87.0,112.0,88.0,66.0,0.035,,,,,,,,,,,,,,,,
1107021,"Escola Básica Maria Veleda, Loures",Loures,,,,2eme_cycle_uniquement,,,,,,,152,134,124,150,141,124,129,144,0.51,0.49,273,0.029999999329447746,0.05999999865889549,138,0.9637681159420289,0.9521839697709494
1107023,"Escola Básica António Maria Bravo, Odivelas",Odivelas,Leiria,Região de Leiria,Centro,1er_cycle_uniquement,185.0,70.0,38.0,29.0,48.0,0.025,,,,,,,,,,,,,,,,
1107032,"Escola Básica Fernando de Bulhões, Santo António dos Cavaleiros, Loures",Loures,Leiria,Região de Leiria,Centro,1er_cycle_uniquement,223.0,67.0,43.0,50.0,63.0,0.015,,,,,,,,,,,,,,,,
1107038,"Escola Básica da Fonte Santa, Loures",Loures,Leiria,Região de Leiria,Centro,1er_cycle_uniquement,212.0,46.0,67.0,51.0,48.0,0.0375,,,,,,,,,,,,,,,,
1107039,"Escola Básica da Bobadela, Loures",Loures,Leiria,Região de Leiria,Centro,1er_et_2eme_cycle,120.0,44.0,33.0,21.0,22.0,0.045,131,164,148,134,125,151,176,126,0.54,0.46,302,0.05999999865889549,0.029999999329447746,116,0.9396551724137931,0.9586924728621575
1107044,"Escola Básica de Santo Antão do Tojal, Loures",Loures,Leiria,Região de Leiria,Centro,1er_cycle_uniquement,83.0,21.0,32.0,11.0,19.0,0.075,,,,,,,,,,,,,,,,
1107048,"Escola Básica Eça de Queirós, Ramada, Odivelas",Odivelas,Leiria,Região de Leiria,Centro,1er_cycle_uniquement,89.0,25.0,21.0,23.0,20.0,0.0,,,,,,,,,,,,,,,,
1107060,"Escola Básica Artur Alves Cardoso, Caneças, Odivelas",Odivelas,Leiria,Região de Leiria,Centro,1er_cycle_uniquement,118.0,21.0,20.0,50.0,27.0,0.005,,,,,,,,,,,,,,,,
1107073,"Escola Básica de Amoreira, Ramada, Odivelas",Odivelas,Leiria,Região de Leiria,Centro,1er_cycle_uniquement,229.0,48.0,70.0,69.0,42.0,0.01,,,,,,,,,,,,,,,,
1107078,"Escola Básica de Castanheiros, Caneças, Odivelas",Odivelas,Leiria,Região de Leiria,Centro,1er_et_2eme_cycle,140.0,23.0,50.0,25.0,42.0,0.005,183,184,187,186,183,189,193,188,0.51,0.49,381,0.029999999329447746,0.10999999940395355,176,0.8806818181818182,0.9633376256834613
1107084,"Escola Básica do Zambujal, Loures",Loures,Leiria,Região de Leiria,Centro,1er_cycle_uniquement,43.0,11.0,13.0,8.0,11.0,0.1375,,,,,,,,,,,,,,,,
1107090,"Escola Básica da Serra da Luz, Odivelas",Odivelas,Leiria,Região de Leiria,Centro,1er_cycle_uniquement,95.0,25.0,25.0,21.0,24.0,0.0525,,,,,,,,,,,,,,,,
1107098,"Escola Básica de Casaínhos, Loures",Loures,Leiria,Região de Leiria,Centro,1er_cycle_uniquement,40.0,5.0,12.0,14.0,9.0,0.08,,,,,,,,,,,,,,,,
1107127,"Escola Básica de Fanhões, Loures",Loures,Leiria,Região de Leiria,Centro,1er_cycle_uniquement,64.0,12.0,20.0,27.0,5.0,0.0225,,,,,,,,,,,,,,,,
1107130,"Escola Básica da Quinta das Dálias, Famões, Odivelas",Odivelas,Leiria,Região de Leiria,Centro,1er_cycle_uniquement,69.0,18.0,15.0,10.0,26.0,0.0,,,,,,,,,,,,,,,,
1107146,Escola Básica de Loures,Loures,Leiria,Região de Leiria,Centro,1er_cycle_uniquement,236.0,65.0,74.0,47.0,50.0,0.08,,,,,,,,,,,,,,,,
1107174,"Escola Básica de Fetais, Vila Lorena, Loures",Loures,Leiria,Região de Leiria,Centro,1er_cycle_uniquement,229.0,63.0,74.0,46.0,46.0,0.0725,,,,,,,,,,,,,,,,
1107183,"Escola Básica de Camarate, Loures",Loures,,,,2eme_cycle_uniquement,,,,,,,179,208,170,167,201,173,193,203,0.5,0.5,396,0.09000000357627869,0.029999999329447746,182,0.9395604395604396,0.8746653579329745
1107187,"Escola Básica n.º 4 de São João da Talha, Loures",Loures,Leiria,Região de Leiria,Centro,1er_cycle_uniquement,239.0,69.0,65.0,59.0,46.0,0.01,,,,,,,,,,,,,,,,
1107189,Jardim Infantil O Pintainho,Odivelas,Leiria,Região de Leiria,Centro,1er_cycle_uniquement,37.0,9.0,13.0,8.0,7.0,0.0,,,,,,,,,,,,,,,,
1107198,Colégio Bartolomeu Dias,Loures,Leiria,Região de Leiria,Centro,1er_et_2eme_cycle,0.0,0.0,0.0,0.0,0.0,,-,-,-,-,-,-,-,-,-,-,-,-,-,-,-,-
1107204,"Escola Básica da Quinta da Paiã, Pontinha, Odivelas",Odivelas,Leiria,Região de Leiria,Centro,1er_cycle_uniquement,178.0,45.0,44.0,43.0,46.0,0.035,,,,,,,,,,,,,,,,
1107214,Colégio Cesário Verde,Lisboa,Leiria,Região de Leiria,Centro,1er_et_2eme_cycle,120.0,23.0,32.0,28.0,37.0,0.0075,40,40,44,37,37,45,28,38,0.64,0.36,66,0,0,37,1,0.992709693186217
1107228,"Escola Básica de Unhos, Catujal, Loures",Loures,Leiria,Região de Leiria,Centro,1er_cycle_uniquement,281.0,66.0,80.0,76.0,59.0,0.04,,,,,,,,,,,,,,,,
1107235,"Escola Básica de Moinhos da Arroja, Odivelas",Odivelas,,,,2eme_cycle_uniquement,,,,,,,152,180,182,151,175,178,177,178,0.51,0.49,355,0.029999999329447746,0.019999999552965164,165,0.9818181818181818,0.9592527064744913
1107239,"Escola Básica General Humberto Delgado, Santo António dos Cavaleiros, Loures",Loures,Leiria,Região de Leiria,Centro,1er_et_2eme_cycle,80.0,0.0,0.0,1.0,79.0,0.565,135,128,157,136,123,156,146,130,0.5,0.5,276,0.15000000596046448,0.2199999988079071,93,0.8172043010752689,0.9306022691740558
1107248,"Escola Básica n.º 1 da Bobadela, Loures",Loures,Leiria,Região de Leiria,Centro,1er_cycle_uniquement,123.0,25.0,25.0,48.0,25.0,0.015,,,,,,,,,,,,,,,,
1107251,"Escola Básica D. Dinis, Odivelas",Odivelas,,,,2eme_cycle_uniquement,,,,,,,127,118,121,123,119,140,126,121,0.53,0.47,247,0.14000000059604645,0.11999999731779099,95,0.8315789473684211,0.9437320209416441
1107264,"Escola Básica Mello Falcão, Pontinha, Odivelas",Odivelas,Leiria,Região de Leiria,Centro,1er_cycle_uniquement,187.0,46.0,48.0,45.0,48.0,0.03,,,,,,,,,,,,,,,,
1107296,Colégio Pedro Arrupe,Lisboa,Leiria,Região de Leiria,Centro,1er_et_2eme_cycle,411.0,101.0,106.0,104.0,100.0,0.0,140,142,143,143,150,148,135,150,0.5,0.5,285,0,0,147,0.9931972789115646,0.9912903063745107
1107299,"Escola Básica Maria Lamas, Odivelas",Odivelas,Leiria,Região de Leiria,Centro,1er_cycle_uniquement,263.0,70.0,41.0,65.0,87.0,0.05,,,,,,,,,,,,,,,,
1107301,"Escola Básica Cesário Verde, Caneças, Odivelas",Odivelas,Leiria,Região de Leiria,Centro,1er_cycle_uniquement,192.0,46.0,46.0,51.0,49.0,0.015,,,,,,,,,,,,,,,,
1107305,"Escola Básica de A-das-Lebres, Loures",Loures,Leiria,Região de Leiria,Centro,1er_cycle_uniquement,44.0,11.0,13.0,10.0,10.0,0.0375,,,,,,,,,,,,,,,,
1107307,"Escola Básica Bartolomeu Dias, Sacavém, Loures",Loures,Leiria,Região de Leiria,Centro,1er_et_2eme_cycle,224.0,45.0,72.0,36.0,71.0,0.06,143,190,167,133,133,160,178,139,0.5800000000000001,0.42,317,0.1599999964237213,0.2199999988079071,114,0.7368421052631579,0.9130109818316273
1107313,"Escola Básica Carlos Paredes, Póvoa de Santo Adrião, Odivelas",Odivelas,Leiria,Região de Leiria,Centro,1er_et_2eme_cycle,188.0,45.0,52.0,33.0,58.0,0.0225,182,192,186,177,192,195,195,196,0.54,0.46,391,0.05999999865889549,0.03999999910593033,169,0.9053254437869822,0.9377670780340877
1107345,"Escola Básica da Portela, Loures",Loures,Leiria,Região de Leiria,Centro,1er_cycle_uniquement,320.0,87.0,96.0,71.0,66.0,0.0175,,,,,,,,,,,,,,,,
1107357,"Escola Básica de Frielas, Loures",Loures,Leiria,Região de Leiria,Centro,1er_cycle_uniquement,86.0,20.0,23.0,24.0,19.0,0.0225,,,,,,,,,,,,,,,,
1107359,"Escola Básica Dr. Mário Madeira, Pontinha, Odivelas",Odivelas,Leiria,Região de Leiria,Centro,1er_cycle_uniquement,90.0,23.0,28.0,18.0,21.0,0.075,,,,,,,,,,,,,,,,
1107366,"Escola Básica da Quinta de São José, Póvoa de Santo Adrião, Odivelas",Odivelas,Leiria,Região de Leiria,Centro,1er_cycle_uniquement,117.0,21.0,27.0,46.0,23.0,0.0325,,,,,,,,,,,,,,,,
1107375,"Escola Básica Fernando Pessoa, Santa Iria de Azoia, Loures",Loures,Leiria,Região de Leiria,Centro,1er_cycle_uniquement,87.0,23.0,21.0,16.0,27.0,0.065,,,,,,,,,,,,,,,,
1107399,"Escola Básica de Casais de Trigache, Famões, Odivelas",Odivelas,Leiria,Região de Leiria,Centro,1er_cycle_uniquement,192.0,38.0,42.0,62.0,50.0,0.0,,,,,,,,,,,,,,,,
1107410,"Escola Básica da Quinta da Alegria, Moscavide, Loures",Loures,Leiria,Região de Leiria,Centro,1er_cycle_uniquement,157.0,46.0,24.0,47.0,40.0,0.0075,,,,,,,,,,,,,,,,
1107428,"Escola Básica D. Dinis n.º 1, Odivelas",Odivelas,Leiria,Região de Leiria,Centro,1er_cycle_uniquement,307.0,91.0,72.0,71.0,73.0,0.0125,,,,,,,,,,,,,,,,
1107429,"Escola Básica da Bemposta, Loures",Loures,Leiria,Região de Leiria,Centro,1er_cycle_uniquement,0.0,0.0,0.0,0.0,0.0,,,,,,,,,,,,,,,,,
1107435,"Escola Básica de Prior Velho, Loures",Loures,Leiria,Região de Leiria,Centro,1er_cycle_uniquement,174.0,45.0,44.0,42.0,43.0,0.0575,,,,,,,,,,,,,,,,
1107439,"Escola Básica de Vale Grande, Odivelas",Odivelas,Leiria,Região de Leiria,Centro,1er_cycle_uniquement,92.0,24.0,24.0,20.0,24.0,0.0225,,,,,,,,,,,,,,,,
1107447,"Escola Básica Francisco Vieira Caldas, Caneças, Odivelas",Odivelas,Leiria,Região de Leiria,Centro,1er_cycle_uniquement,24.0,24.0,0.0,0.0,0.0,0.0,,,,,,,,,,,,,,,,
1107453,"Escola Básica Gaspar Correia, Portela, Loures",Loures,,,,2eme_cycle_uniquement,,,,,,,203,186,222,202,198,221,197,201,0.49,0.51,398,0.009999999776482582,0.009999999776482582,191,0.9790575916230366,0.9657424327601535
1107486,"Escola Básica da Pontinha, Odivelas",Odivelas,,,,2eme_cycle_uniquement,,,,,,,211,211,197,213,219,204,205,234,0.51,0.49,439,0.05000000074505806,0.05999999865889549,194,0.8917525773195877,0.9350812592832608
1107507,"Escola Básica de Olival Basto, Odivelas",Odivelas,Leiria,Região de Leiria,Centro,1er_cycle_uniquement,197.0,45.0,51.0,50.0,51.0,0.055,,,,,,,,,,,,,,,,
1107514,Escola Básica n.º 2 de Loures,Loures,Leiria,Região de Leiria,Centro,1er_cycle_uniquement,92.0,22.0,24.0,27.0,19.0,0.03,,,,,,,,,,,,,,,,
1107534,"Escola Básica Luís de Sttau Monteiro, Loures",Loures,,,,2eme_cycle_uniquement,,,,,,,220,208,218,206,212,227,230,220,0.52,0.48,450,0.10999999940395355,0.05999999865889549,186,0.8655913978494624,0.9423571314343132
1107540,"Escola Básica Maria Keil, Loures",Loures,Leiria,Região de Leiria,Centro,1er_et_2eme_cycle,42.0,0.0,0.0,0.0,42.0,0.0,34,53,50,30,64,45,43,59,0.45999999999999996,0.54,102,0.25999999046325684,0.27000001072883606,47,0.7446808510638298,0.8699559632640342
1107543,Colégio Integrado Monte Maior,Loures,Leiria,Região de Leiria,Centro,1er_et_2eme_cycle,423.0,98.0,117.0,113.0,95.0,0.0,99,122,126,99,126,123,117,123,0.47,0.53,240,0.009999999776482582,0,126,1,0.9925504189846981
1107557,"Escola Básica de Lousa, Loures",Loures,Leiria,Região de Leiria,Centro,1er_cycle_uniquement,83.0,20.0,23.0,18.0,22.0,0.0,,,,,,,,,,,,,,,,
1107582,"Escola Básica do Alto da Eira, Santa Iria de Azoia, Loures",Loures,Leiria,Região de Leiria,Centro,1er_cycle_uniquement,159.0,44.0,46.0,29.0,40.0,0.0225,,,,,,,,,,,,,,,,
1107584,"Escola Básica Professora Maria Costa, Ponte da Bica, Odivelas",Odivelas,Leiria,Região de Leiria,Centro,1er_cycle_uniquement,115.0,44.0,24.0,21.0,26.0,0.025,,,,,,,,,,,,,,,,
1107589,Colégio Small Land,Loures,Leiria,Região de Leiria,Centro,1er_cycle_uniquement,0.0,0.0,0.0,0.0,0.0,,,,,,,,,,,,,,,,,
1107597,Externato da Quintinha,Loures,Leiria,Região de Leiria,Centro,1er_cycle_uniquement,139.0,39.0,39.0,35.0,26.0,0.0,,,,,,,,,,,,,,,,
1107611,"Escola Básica do Casal da Serra, Paiã, Odivelas",Odivelas,Leiria,Região de Leiria,Centro,1er_cycle_uniquement,127.0,38.0,29.0,37.0,23.0,0.04,,,,,,,,,,,,,,,,
1107631,"Escola Básica n.º 1 de Apelação, Loures",Loures,Leiria,Região de Leiria,Centro,1er_cycle_uniquement,157.0,58.0,47.0,49.0,3.0,0.225,,,,,,,,,,,,,,,,
1107632,"Escola Básica Vasco Santana, Ramada, Odivelas",Odivelas,,,,2eme_cycle_uniquement,,,,,,,292,281,292,290,287,292,278,289,0.5,0.5,567,0.009999999776482582,0.009999999776482582,283,0.9858657243816255,0.978686863630945
1107637,Externato Primário Rainha Santa,Odivelas,Leiria,Região de Leiria,Centro,1er_cycle_uniquement,27.0,6.0,10.0,6.0,5.0,0.05,,,,,,,,,,,,,,,,
1107638,"Escola Básica de Vale Figueira, Loures",Loures,Leiria,Região de Leiria,Centro,1er_cycle_uniquement,104.0,21.0,25.0,29.0,29.0,0.0575,,,,,,,,,,,,,,,,
1107669,"Escola Básica de São Julião do Tojal, Loures",Loures,Leiria,Região de Leiria,Centro,1er_cycle_uniquement,135.0,29.0,39.0,34.0,33.0,0.03,,,,,,,,,,,,,,,,
1107674,"Escola Básica de Santo António dos Cavaleiros, Loures",Loures,Leiria,Região de Leiria,Centro,1er_cycle_uniquement,289.0,113.0,82.0,94.0,0.0,0.05,,,,,,,,,,,,,,,,
1107700,"Escola Básica n.º 2 da Bobadela, Loures",Loures,Leiria,Região de Leiria,Centro,1er_cycle_uniquement,99.0,26.0,23.0,25.0,25.0,0.0,,,,,,,,,,,,,,,,
1107706,"Escola Básica n.º 1 de São João da Talha, Loures",Loures,Leiria,Região de Leiria,Centro,1er_cycle_uniquement,102.0,23.0,28.0,28.0,23.0,0.055,,,,,,,,,,,,,,,,
1107713,"Escola Básica n.º 5 de Camarate, Loures",Loures,Leiria,Região de Leiria,Centro,1er_cycle_uniquement,93.0,24.0,25.0,24.0,20.0,0.0125,,,,,,,,,,,,,,,,
1107714,"Escola Básica de Montemor, Loures",Loures,Leiria,Região de Leiria,Centro,1er_cycle_uniquement,50.0,14.0,11.0,14.0,11.0,0.09,,,,,,,,,,,,,,,,
1107717,"Escola Básica da Quinta das Mós, Camarate, Loures",Loures,Leiria,Região de Leiria,Centro,1er_cycle_uniquement,188.0,48.0,47.0,44.0,49.0,0.0975,,,,,,,,,,,,,,,,
1107720,Colégio Oriente,Loures,Leiria,Região de Leiria,Centro,1er_et_2eme_cycle,206.0,50.0,49.0,45.0,62.0,0.0,74,86,48,73,60,47,60,60,0.52,0.48,120,0.029999999329447746,0.019999999552965164,54,1,0.9884739926037632
1107744,"Escola Básica da Quinta do Conventinho, Santo António dos Cavaleiros, Loures",Loures,Leiria,Região de Leiria,Centro,1er_cycle_uniquement,187.0,45.0,46.0,49.0,47.0,0.015,,,,,,,,,,,,,,,,
1107746,"Externato ""Florbela Espanca""",Loures,Leiria,Região de Leiria,Centro,1er_cycle_uniquement,38.0,12.0,5.0,9.0,12.0,0.0,,,,,,,,,,,,,,,,
1107756,"Escola Básica António Gedeão, Odivelas",Odivelas,,,,2eme_cycle_uniquement,,,,,,,195,168,196,197,158,192,182,165,0.52,0.48,347,0.019999999552965164,0.029999999329447746,151,0.9735099337748344,0.968258744140006
1107762,Externato Santo Adrião,Odivelas,Leiria,Região de Leiria,Centro,1er_cycle_uniquement,0.0,0.0,0.0,0.0,0.0,,,,,,,,,,,,,,,,,
1107764,"Escola Básica Rainha Santa, Patameiras, Odivelas",Odivelas,Leiria,Região de Leiria,Centro,1er_cycle_uniquement,193.0,49.0,48.0,48.0,48.0,0.025,,,,,,,,,,,,,,,,
1107770,"Escola Básica João Villaret, Ramada, Odivelas",Odivelas,Leiria,Região de Leiria,Centro,1er_cycle_uniquement,182.0,47.0,43.0,47.0,45.0,0.0,,,,,,,,,,,,,,,,
1107771,"Escola Básica de Fanqueiro, Loures",Loures,Leiria,Região de Leiria,Centro,1er_cycle_uniquement,268.0,68.0,69.0,64.0,67.0,0.035,,,,,,,,,,,,,,,,
1107774,"Escola Básica n.º 2 de São João da Talha, Loures",Loures,Leiria,Região de Leiria,Centro,1er_cycle_uniquement,81.0,12.0,31.0,13.0,25.0,0.0825,,,,,,,,,,,,,,,,
1107777,"Escola Básica n.º 3 de Sacavém, Loures",Loures,Leiria,Região de Leiria,Centro,1er_cycle_uniquement,147.0,44.0,39.0,43.0,21.0,0.0775,,,,,,,,,,,,,,,,
1107782,"Escola Básica Maria Máxima Vaz, Odivelas",Odivelas,Leiria,Região de Leiria,Centro,1er_cycle_uniquement,212.0,45.0,70.0,49.0,48.0,0.03,,,,,,,,,,,,,,,,
1107794,"Escola Básica n.º 1 de Camarate, Loures",Loures,Leiria,Região de Leiria,Centro,1er_cycle_uniquement,191.0,50.0,48.0,44.0,49.0,0.0425,,,,,,,,,,,,,,,,
1107804,"Escola Básica do Bairro da Covina, Santa Iria de Azoia, Loures",Loures,Leiria,Região de Leiria,Centro,1er_cycle_uniquement,92.0,25.0,24.0,23.0,20.0,0.0,,,,,,,,,,,,,,,,
1107809,Externato Flor do Campo,Odivelas,Leiria,Região de Leiria,Centro,1er_et_2eme_cycle,92.0,21.0,32.0,19.0,20.0,0.0,34,23,47,33,28,47,32,35,0.54,0.46,67,0,0,27,0.9629629629629629,0.9892612692231566
1107816,"Escola Básica da Manjoeira, Loures",Loures,Leiria,Região de Leiria,Centro,1er_cycle_uniquement,40.0,13.0,9.0,7.0,11.0,0.1275,,,,,,,,,,,,,,,,
1107822,"Escola Básica da Murteira, Loures",Loures,Leiria,Região de Leiria,Centro,1er_cycle_uniquement,0.0,0.0,0.0,0.0,0.0,,,,,,,,,,,,,,,,,
1107824,Instituto de Ciências Educativas,Odivelas,,,,2eme_cycle_uniquement,,,,,,,56,75,84,56,84,81,82,86,0.44999999999999996,0.55,168,0,0,80,1,0.9925487560610389
1107826,"Escola Básica Sophia de Mello Breyner Andresen, Famões, Odivelas",Odivelas,Leiria,Região de Leiria,Centro,1er_cycle_uniquement,62.0,9.0,13.0,20.0,20.0,0.0,,,,,,,,,,,,,,,,
1107830,"Escola Básica n.º 4 de Camarate, Loures",Loures,Leiria,Região de Leiria,Centro,1er_cycle_uniquement,49.0,9.0,15.0,13.0,12.0,0.1575,,,,,,,,,,,,,,,,
1107838,"Escola Básica de Santa Iria de Azoia, Loures",Loures,,,,2eme_cycle_uniquement,,,,,,,163,166,151,165,160,158,140,162,0.53,0.47,302,0.05999999865889549,0.11999999731779099,146,0.8972602739726028,0.953793429185828
1107843,"Escola Básica de Sacavém, Loures",Loures,Leiria,Região de Leiria,Centro,1er_cycle_uniquement,99.0,19.0,21.0,35.0,24.0,0.07,,,,,,,,,,,,,,,,
1107856,"Escola Básica de Bela Vista, Santa Iria de Azoia, Loures",Loures,Leiria,Região de Leiria,Centro,1er_cycle_uniquement,117.0,47.0,25.0,23.0,22.0,0.01,,,,,,,,,,,,,,,,
1107858,Nuclisol Jean Piaget - Unidade de Desenvolvimento Integrado São João da Talha,Loures,Leiria,Região de Leiria,Centro,1er_cycle_uniquement,28.0,5.0,8.0,10.0,5.0,0.0,,,,,,,,,,,,,,,,
1107864,"Escola Básica João Villaret, Loures",Loures,,,,2eme_cycle_uniquement,,,,,,,217,213,236,213,250,227,208,259,0.54,0.46,467,0.05999999865889549,0.05999999865889549,228,0.956140350877193,0.9533592084497292
1107879,"Escola Básica n.º 3 da Bobadela, Loures",Loures,Leiria,Região de Leiria,Centro,1er_cycle_uniquement,82.0,22.0,19.0,20.0,21.0,0.0,,,,,,,,,,,,,,,,
1107883,"Escola Básica Veiga Ferreira, Famões, Odivelas",Odivelas,Leiria,Região de Leiria,Centro,1er_cycle_uniquement,185.0,47.0,49.0,45.0,44.0,0.005,,,,,,,,,,,,,,,,
1107886,"Escola Básica da Flamenga, Loures",Loures,Leiria,Região de Leiria,Centro,1er_cycle_uniquement,214.0,47.0,72.0,49.0,46.0,0.035,,,,,,,,,,,,,,,,
1107890,"Escola Básica Dr. Catela Gomes, Moscavide, Loures",Loures,Leiria,Região de Leiria,Centro,1er_cycle_uniquement,221.0,50.0,74.0,50.0,47.0,0.0325,,,,,,,,,,,,,,,,
1107905,"Escola Básica de Bucelas, Loures",Loures,Leiria,Região de Leiria,Centro,1er_et_2eme_cycle,138.0,38.0,47.0,16.0,37.0,0.05,46,42,53,47,54,63,40,54,0.49,0.51,94,0.029999999329447746,0,53,0.9811320754716981,0.9557909660119405
1107908,"Escola Básica de Cabeço de Montachique, Loures",Loures,Leiria,Região de Leiria,Centro,1er_cycle_uniquement,46.0,15.0,9.0,12.0,10.0,0.0275,,,,,,,,,,,,,,,,
1107914,"Escola Básica Bernardim Ribeiro, Odivelas",Odivelas,Leiria,Região de Leiria,Centro,1er_cycle_uniquement,216.0,24.0,46.0,61.0,85.0,0.0575,,,,,,,,,,,,,,,,
1107922,"Escola Básica do Catujal, Loures",Loures,,,,2eme_cycle_uniquement,,,,,,,117,103,104,113,101,101,108,104,0.49,0.51,212,0.14000000059604645,0.10999999940395355,83,0.9397590361445783,0.9306434124424584
1107923,"Escola Básica n.º 3 de Unhos, Catujal, Loures",Loures,Leiria,Região de Leiria,Centro,1er_cycle_uniquement,138.0,41.0,38.0,30.0,29.0,0.145,,,,,,,,,,,,,,,,
1107926,"Escola Básica de São João da Talha, Bairro do Estacal Novo, Loures",Loures,,,,2eme_cycle_uniquement,,,,,,,125,136,137,102,153,122,165,138,0.5800000000000001,0.42,303,0.1899999976158142,0.10000000149011612,116,0.8706896551724138,0.9344672376498434
1107927,"Escola Básica de A-dos-Cãos, Loures",Loures,Leiria,Região de Leiria,Centro,1er_cycle_uniquement,45.0,13.0,13.0,11.0,8.0,0.09,,,,,,,,,,,,,,,,
1107949,"Escola Básica de Vila de Rei, Loures",Loures,Leiria,Região de Leiria,Centro,1er_cycle_uniquement,20.0,4.0,10.0,3.0,3.0,0.0,,,,,,,,,,,,,,,,
1107952,Externato Pica-Pau,Odivelas,Leiria,Região de Leiria,Centro,1er_cycle_uniquement,104.0,24.0,35.0,24.0,21.0,0.015,,,,,,,,,,,,,,,,
1107953,"Escola Básica da Via Rara, Loures",Loures,Leiria,Região de Leiria,Centro,1er_cycle_uniquement,144.0,37.0,31.0,42.0,34.0,0.0475,,,,,,,,,,,,,,,,
1107954,"Escola Básica n.º 2 de Camarate, Loures",Loures,Leiria,Região de Leiria,Centro,1er_cycle_uniquement,93.0,23.0,26.0,26.0,18.0,0.04,,,,,,,,,,,,,,,,
1107969,"Escola Básica Avelar Brotero, Odivelas",Odivelas,,,,2eme_cycle_uniquement,,,,,,,204,174,175,208,207,187,147,234,0.5,0.5,381,0.07999999821186066,0.14000000059604645,180,0.9166666666666666,0.9338303879567208
1108173,"Escola Básica da Marteleira, Lourinhã",Lourinhã,Leiria,Região de Leiria,Centro,1er_cycle_uniquement,31.0,6.0,10.0,7.0,8.0,0.0575,,,,,,,,,,,,,,,,
1108193,"Escola Básica da Praia da Areia Branca, Lourinhã",Lourinhã,Leiria,Região de Leiria,Centro,1er_cycle_uniquement,42.0,14.0,12.0,7.0,9.0,0.035,,,,,,,,,,,,,,,,
1108209,"Escola Básica Dr. João das Regras, Lourinhã",Lourinhã,,,,2eme_cycle_uniquement,,,,,,,114,127,110,120,122,114,124,118,0.55,0.45,242,0.09000000357627869,0.029999999329447746,108,0.9537037037037037,0.9675818802619816
1108222,"Escola Básica do Vimeiro, Lourinhã",Lourinhã,Leiria,Região de Leiria,Centro,1er_cycle_uniquement,45.0,12.0,13.0,7.0,13.0,0.02,,,,,,,,,,,,,,,,
1108309,"Escola Básica da Cabeça Gorda, Lourinhã",Lourinhã,Leiria,Região de Leiria,Centro,1er_cycle_uniquement,74.0,17.0,24.0,24.0,9.0,0.0475,,,,,,,,,,,,,,,,
1108368,"Escola Básica de Moledo, Lourinhã",Lourinhã,Leiria,Região de Leiria,Centro,1er_cycle_uniquement,34.0,11.0,9.0,4.0,10.0,0.0275,,,,,,,,,,,,,,,,
1108468,"Escola Básica de Ribamar, Lourinhã",Lourinhã,Leiria,Região de Leiria,Centro,1er_et_2eme_cycle,114.0,32.0,32.0,24.0,26.0,0.0225,74,75,46,74,75,57,75,85,0.47,0.53,160,0.009999999776482582,0.05999999865889549,70,0.9571428571428572,0.9588471249404453
1108589,Escola Básica da Lourinhã,Lourinhã,Leiria,Região de Leiria,Centro,1er_cycle_uniquement,329.0,92.0,92.0,69.0,76.0,0.0175,,,,,,,,,,,,,,,,
1108596,"Escola Básica da Marquiteira, Lourinhã",Lourinhã,Leiria,Região de Leiria,Centro,1er_cycle_uniquement,34.0,4.0,9.0,9.0,12.0,0.0475,,,,,,,,,,,,,,,,
1108598,"Escola Básica do Seixal, Lourinhã",Lourinhã,Leiria,Região de Leiria,Centro,1er_cycle_uniquement,45.0,11.0,9.0,16.0,9.0,0.0275,,,,,,,,,,,,,,,,
1108665,"Escola Básica da Zambujeira, Lourinhã",Lourinhã,Leiria,Região de Leiria,Centro,1er_cycle_uniquement,33.0,10.0,9.0,8.0,6.0,0.11,,,,,,,,,,,,,,,,
1108770,"Escola Básica de São Bartolomeu, São Bartolomeu dos Galegos, Lourinhã",Lourinhã,Leiria,Região de Leiria,Centro,1er_cycle_uniquement,35.0,9.0,12.0,7.0,7.0,0.0425,,,,,,,,,,,,,,,,
1108788,"Escola Básica da Moita dos Ferreiros, Lourinhã",Lourinhã,Leiria,Região de Leiria,Centro,1er_cycle_uniquement,55.0,13.0,13.0,10.0,19.0,0.07,,,,,,,,,,,,,,,,
110879,"Escola Básica de Chave, Gafanha da Nazaré, Ílhavo",Ílhavo,Leiria,Região de Leiria,Centro,1er_cycle_uniquement,88.0,24.0,29.0,21.0,14.0,0.0,,,,,,,,,,,,,,,,
1108795,"Escola Básica de Reguengo Grande, Lourinhã",Lourinhã,Leiria,Região de Leiria,Centro,1er_cycle_uniquement,35.0,11.0,2.0,11.0,11.0,0.045,,,,,,,,,,,,,,,,
1108823,"Escola Básica de Atalaia, Lourinhã",Lourinhã,Leiria,Região de Leiria,Centro,1er_cycle_uniquement,79.0,16.0,23.0,24.0,16.0,0.045,,,,,,,,,,,,,,,,
1108896,"Escola Básica Dr. Afonso Rodrigues Pereira, Lourinhã",Lourinhã,Leiria,Região de Leiria,Centro,1er_et_2eme_cycle,40.0,9.0,11.0,10.0,10.0,0.07,62,73,72,68,65,80,55,82,0.5,0.5,137,0.07000000029802322,0.09000000357627869,63,0.9206349206349206,0.9410867845595748
1109002,"Escola Básica São Silvestre do Gradil, Gradil, Mafra",Mafra,Leiria,Região de Leiria,Centro,1er_cycle_uniquement,69.0,17.0,23.0,15.0,14.0,0.0,,,,,,,,,,,,,,,,
1109003,"Escola Básica São Miguel do Milharado, Milharado, Mafra",Mafra,Leiria,Região de Leiria,Centro,1er_cycle_uniquement,209.0,55.0,63.0,43.0,48.0,0.005,,,,,,,,,,,,,,,,
1109004,"Escola Básica de São Miguel de Alcainça, Alcainça, Mafra",Mafra,Leiria,Região de Leiria,Centro,1er_cycle_uniquement,119.0,32.0,39.0,24.0,24.0,0.0075,,,,,,,,,,,,,,,,
1109030,"Escola Básica da Ericeira, Mafra",Mafra,Leiria,Região de Leiria,Centro,1er_cycle_uniquement,520.0,128.0,133.0,134.0,125.0,0.005,,,,,,,,,,,,,,,,
1109038,"Escola Básica e Secundária Professor Armando de Lucena, Malveira, Mafra",Mafra,,,,2eme_cycle_uniquement,,,,,,,132,131,125,131,156,133,124,167,0.54,0.46,291,0.03999999910593033,0.03999999910593033,141,0.9787234042553191,0.9581647482620295
1109058,"Escola Básica Artur Patrocínio, Azueira, Mafra",Mafra,Leiria,Região de Leiria,Centro,1er_cycle_uniquement,113.0,30.0,24.0,31.0,28.0,0.01,,,,,,,,,,,,,,,,
110907,"Escola Básica de Gafanha do Carmo, Ílhavo",Ílhavo,Leiria,Região de Leiria,Centro,1er_cycle_uniquement,59.0,13.0,19.0,19.0,8.0,0.0275,,,,,,,,,,,,,,,,
1109106,"Escola Básica do Sobral da Abelheira, Mafra",Mafra,Leiria,Região de Leiria,Centro,1er_cycle_uniquement,42.0,13.0,7.0,11.0,11.0,0.035,,,,,,,,,,,,,,,,
1109143,"Escola Básica n.º 1 da Venda do Pinheiro, Mafra",Mafra,Leiria,Região de Leiria,Centro,1er_cycle_uniquement,364.0,86.0,97.0,92.0,89.0,0.0125,,,,,,,,,,,,,,,,
1109230,"Escola Básica da Freguesia da Encarnação, Encarnação, Mafra",Mafra,Leiria,Região de Leiria,Centro,1er_cycle_uniquement,180.0,46.0,44.0,45.0,45.0,0.0425,,,,,,,,,,,,,,,,
1109264,Jardim de Infância do Posto Assistência Social da Malveira,Mafra,Leiria,Região de Leiria,Centro,1er_cycle_uniquement,0.0,0.0,0.0,0.0,0.0,,,,,,,,,,,,,,,,,
1109288,Colégio Verde Água,Mafra,Leiria,Região de Leiria,Centro,1er_et_2eme_cycle,81.0,14.0,21.0,23.0,23.0,0.0,24,14,18,25,12,15,25,15,0.47,0.53,40,0,0,12,*,*
1109292,"Escola Básica da Venda do Pinheiro, Mafra",Mafra,,,,2eme_cycle_uniquement,,,,,,,244,246,208,245,239,209,181,240,0.54,0.46,421,0.009999999776482582,0.029999999329447746,234,0.9615384615384616,0.9621974209345723
1109406,"Escola Básica e Secundária António Bento Franco, Ericeira, Mafra",Mafra,,,,2eme_cycle_uniquement,,,,,,,158,153,178,165,187,181,154,195,0.47,0.53,349,0.029999999329447746,0.03999999910593033,171,0.9590643274853801,0.9662298656118142
1109507,Escola Básica de Mafra,Mafra,,,,2eme_cycle_uniquement,,,,,,,242,264,287,247,274,290,266,286,0.52,0.48,552,0.019999999552965164,0.05999999865889549,264,0.9583333333333334,0.961024057278759
1109583,"Escola Básica da Freguesia de Santo Isidoro, Lagoa, Mafra",Mafra,Leiria,Região de Leiria,Centro,1er_cycle_uniquement,230.0,61.0,63.0,55.0,51.0,0.0225,,,,,,,,,,,,,,,,
1109612,"Escola Básica Dr. Sanches de Brito, Mafra",Mafra,Leiria,Região de Leiria,Centro,1er_cycle_uniquement,324.0,72.0,97.0,77.0,78.0,0.0225,,,,,,,,,,,,,,,,
1109615,"Escola Básica de Santo Estevão das Galés, Mafra",Mafra,Leiria,Região de Leiria,Centro,1er_cycle_uniquement,74.0,12.0,17.0,25.0,20.0,0.01,,,,,,,,,,,,,,,,
1109646,"Escola Básica Hélia Correia, Mafra",Mafra,Leiria,Região de Leiria,Centro,1er_cycle_uniquement,559.0,122.0,142.0,155.0,140.0,0.025,,,,,,,,,,,,,,,,
1109661,Colégio Miramar,Mafra,,,,2eme_cycle_uniquement,,,,,,,141,169,170,137,181,182,141,186,0.47,0.53,327,0.009999999776482582,0.019999999552965164,170,0.9882352941176471,0.926879236127392
1109676,"Escola Básica das Freguesias de Igreja Nova e Cheleiros, Igreja Nova, Mafra",Mafra,Leiria,Região de Leiria,Centro,1er_cycle_uniquement,182.0,52.0,45.0,44.0,41.0,0.0375,,,,,,,,,,,,,,,,
110982,"Escola Básica de Cambeia, Gafanha da Nazaré, Ílhavo",Ílhavo,Leiria,Região de Leiria,Centro,1er_cycle_uniquement,83.0,20.0,21.0,24.0,18.0,0.0,,,,,,,,,,,,,,,,
1109842,"Escola Básica São Miguel, Enxara do Bispo, Mafra",Mafra,Leiria,Região de Leiria,Centro,1er_cycle_uniquement,100.0,21.0,20.0,21.0,38.0,0.0,,,,,,,,,,,,,,,,
1109866,Colégio Arte & Manha,Mafra,Leiria,Região de Leiria,Centro,1er_cycle_uniquement,74.0,21.0,22.0,14.0,17.0,0.015,,,,,,,,,,,,,,,,
1109902,Colégio Santo André,Mafra,Leiria,Região de Leiria,Centro,1er_et_2eme_cycle,160.0,47.0,46.0,42.0,25.0,0.005,39,47,59,46,60,67,61,59,0.47,0.53,120,0,0.019999999552965164,59,0.9322033898305084,0.9874206149498159
1109943,"Escola Básica da Malveira, Mafra",Mafra,Leiria,Região de Leiria,Centro,1er_cycle_uniquement,290.0,67.0,76.0,79.0,68.0,0.0,,,,,,,,,,,,,,,,
1109950,"Escola Básica da Freguesia da Carvoeira, Fonte Boa da Brincosa, Mafra",Mafra,Leiria,Região de Leiria,Centro,1er_cycle_uniquement,138.0,35.0,40.0,30.0,33.0,0.0075,,,,,,,,,,,,,,,,
1109990,"Escola Básica Prof. João Dias Agudo, Póvoa da Galega, Mafra",Mafra,Leiria,Região de Leiria,Centro,1er_cycle_uniquement,163.0,52.0,42.0,30.0,39.0,0.0,,,,,,,,,,,,,,,,
1110001,"Escola Básica de Porto Salvo, Oeiras",Oeiras,Lisboa,Grande Lisboa,Grande Lisboa,1er_cycle_uniquement,393.0,95.0,95.0,102.0,101.0,0.0025,,,,,,,,,,,,,,,,
1110004,Colégio Monte Flor,Oeiras,Lisboa,Grande Lisboa,Grande Lisboa,1er_cycle_uniquement,99.0,25.0,25.0,25.0,24.0,0.0,,,,,,,,,,,,,,,,
111001,"Escola Básica n.º 1 de Pampilhosa, Mealhada",Mealhada,Lisboa,Grande Lisboa,Grande Lisboa,1er_cycle_uniquement,137.0,36.0,30.0,34.0,37.0,0.0,,,,,,,,,,,,,,,,
1110010,"Escola Básica Professor Noronha Feio, Queijas, Oeiras",Oeiras,,,,2eme_cycle_uniquement,,,,,,,174,199,189,180,164,192,176,164,0.51,0.49,340,0.009999999776482582,0.009999999776482582,158,0.9936708860759493,0.9757296390725291
1110044,"Escola Básica de São Julião da Barra, Oeiras",Oeiras,,,,2eme_cycle_uniquement,,,,,,,195,168,187,196,202,194,158,227,0.51,0.49,385,0.019999999552965164,0.029999999329447746,194,0.9742268041237113,0.9726013106708812
1110066,Externato A Minha Escola,Oeiras,Lisboa,Grande Lisboa,Grande Lisboa,1er_cycle_uniquement,176.0,47.0,43.0,40.0,46.0,0.0,,,,,,,,,,,,,,,,
1110070,"Escola Básica Manuel Beça Múrias, Oeiras",Oeiras,Lisboa,Grande Lisboa,Grande Lisboa,1er_cycle_uniquement,196.0,49.0,48.0,50.0,49.0,0.0,,,,,,,,,,,,,,,,
1110097,"Externato ""Alfa-Beta""",Oeiras,Lisboa,Grande Lisboa,Grande Lisboa,1er_cycle_uniquement,54.0,11.0,19.0,12.0,12.0,0.0125,,,,,,,,,,,,,,,,
1110134,"Escola Básica António Rebelo de Andrade, Oeiras",Oeiras,Lisboa,Grande Lisboa,Grande Lisboa,1er_cycle_uniquement,208.0,44.0,45.0,69.0,50.0,0.005,,,,,,,,,,,,,,,,
1110156,"Escola Básica Sophia de Mello Breyner, Portela, Oeiras",Oeiras,,,,2eme_cycle_uniquement,,,,,,,43,49,40,44,47,37,43,42,0.5900000000000001,0.41,85,0.07000000029802322,0.23999999463558197,26,1,0.9047693005889512
1110170,"Escola Básica Dr. Joaquim de Barros, Paço de Arcos, Oeiras",Oeiras,Lisboa,Grande Lisboa,Grande Lisboa,1er_et_2eme_cycle,208.0,44.0,65.0,26.0,73.0,0.0475,187,173,170,184,199,176,212,195,0.55,0.45,407,0.019999999552965164,0.009999999776482582,187,0.9679144385026738,0.9651690179384597
1110171,"Escola Básica Gil Vicente, Queijas, Oeiras",Oeiras,Lisboa,Grande Lisboa,Grande Lisboa,1er_cycle_uniquement,132.0,23.0,47.0,31.0,31.0,0.0,,,,,,,,,,,,,,,,
1110172,"Escola Básica Anselmo de Oliveira, Paço de Arcos, Oeiras",Oeiras,Lisboa,Grande Lisboa,Grande Lisboa,1er_cycle_uniquement,110.0,45.0,23.0,21.0,21.0,0.01,,,,,,,,,,,,,,,,
1110214,Academia de São Miguel dos Arcos,Oeiras,Lisboa,Grande Lisboa,Grande Lisboa,1er_et_2eme_cycle,58.0,15.0,20.0,11.0,12.0,0.0,20,11,21,18,12,18,13,10,0.52,0.48,23,0,0,9,*,*
1110245,Externato A Palmeirinha,Oeiras,Lisboa,Grande Lisboa,Grande Lisboa,1er_cycle_uniquement,52.0,17.0,14.0,12.0,9.0,0.0,,,,,,,,,,,,,,,,
1110253,"Escola Básica Visconde de Leceia, Leceia, Oeiras",Oeiras,Lisboa,Grande Lisboa,Grande Lisboa,1er_cycle_uniquement,81.0,25.0,15.0,19.0,22.0,0.025,,,,,,,,,,,,,,,,
1110273,"Escola Básica Conde de Oeiras, Oeiras",Oeiras,,,,2eme_cycle_uniquement,,,,,,,220,226,211,218,203,210,189,207,0.5,0.5,396,0.009999999776482582,0.019999999552965164,194,0.9896907216494846,0.9801321429883966
1110282,Externato Santa Catarina,Oeiras,Lisboa,Grande Lisboa,Grande Lisboa,1er_cycle_uniquement,73.0,25.0,18.0,18.0,12.0,0.0,,,,,,,,,,,,,,,,
1110289,"Escola Básica Armando Guerreiro, Linda-a-Velha, Oeiras",Oeiras,Lisboa,Grande Lisboa,Grande Lisboa,1er_cycle_uniquement,114.0,23.0,24.0,42.0,25.0,0.0,,,,,,,,,,,,,,,,
1110292,"Escola Básica do Alto de Algés, Oeiras",Oeiras,Lisboa,Grande Lisboa,Grande Lisboa,1er_cycle_uniquement,431.0,141.0,144.0,146.0,0.0,0.0267,,,,,,,,,,,,,,,,
1110309,"Escola Básica de São Bruno, Caxias, Oeiras",Oeiras,Lisboa,Grande Lisboa,Grande Lisboa,1er_et_2eme_cycle,99.0,23.0,25.0,26.0,25.0,0.01,91,70,70,89,65,71,72,69,0.6,0.4,141,0.009999999776482582,0.05999999865889549,57,0.9473684210526315,0.9583334785826652
1110331,"Escola Básica Jorge Mineiro, Queluz de Baixo, Oeiras",Oeiras,Lisboa,Grande Lisboa,Grande Lisboa,1er_cycle_uniquement,169.0,42.0,43.0,41.0,43.0,0.005,,,,,,,,,,,,,,,,
1110351,"Escola Básica Amélia Vieira Luís, Outurela, Oeiras",Oeiras,Lisboa,Grande Lisboa,Grande Lisboa,1er_cycle_uniquement,220.0,71.0,54.0,54.0,41.0,0.0175,,,,,,,,,,,,,,,,
1110358,"Escola Básica D. Pedro V, Linda-a-Velha, Oeiras",Oeiras,Lisboa,Grande Lisboa,Grande Lisboa,1er_cycle_uniquement,213.0,46.0,71.0,52.0,44.0,0.0125,,,,,,,,,,,,,,,,
1110361,"Escola Básica Maria Luciana Seruca, Paço de Arcos, Oeiras",Oeiras,Lisboa,Grande Lisboa,Grande Lisboa,1er_cycle_uniquement,85.0,21.0,23.0,21.0,20.0,0.0125,,,,,,,,,,,,,,,,
1110364,"Escola Básica Vieira da Silva, Carnaxide, Oeiras",Oeiras,Lisboa,Grande Lisboa,Grande Lisboa,1er_et_2eme_cycle,216.0,0.0,0.0,88.0,128.0,0.01,205,204,210,204,199,214,190,203,0.48,0.52,393,0.029999999329447746,0.029999999329447746,195,0.9743589743589743,0.9694822666873684
1110379,"Escola Básica Gomes Freire de Andrade, Oeiras",Oeiras,Lisboa,Grande Lisboa,Grande Lisboa,1er_cycle_uniquement,379.0,117.0,91.0,74.0,97.0,0.0075,,,,,,,,,,,,,,,,
1110388,Externato Nova Oeiras,Oeiras,Lisboa,Grande Lisboa,Grande Lisboa,1er_cycle_uniquement,64.0,17.0,13.0,16.0,18.0,0.0,,,,,,,,,,,,,,,,
1110390,"Escola Básica Narcisa Pereira, Linda-a-Pastora, Oeiras",Oeiras,Lisboa,Grande Lisboa,Grande Lisboa,1er_cycle_uniquement,160.0,39.0,41.0,42.0,38.0,0.02,,,,,,,,,,,,,,,,
1110394,"Escola Básica São Bento, Valejas, Oeiras",Oeiras,Lisboa,Grande Lisboa,Grande Lisboa,1er_cycle_uniquement,81.0,21.0,18.0,20.0,22.0,0.0,,,,,,,,,,,,,,,,
1110409,"Escola Básica de Santo António de Tercena, Oeiras",Oeiras,Lisboa,Grande Lisboa,Grande Lisboa,1er_cycle_uniquement,151.0,41.0,44.0,41.0,25.0,0.025,,,,,,,,,,,,,,,,
1110484,Colégio da Fonte,Oeiras,Lisboa,Grande Lisboa,Grande Lisboa,1er_cycle_uniquement,82.0,18.0,23.0,21.0,20.0,0.01,,,,,,,,,,,,,,,,
1110496,"Externato ""Padre António Vieira""",Oeiras,Lisboa,Grande Lisboa,Grande Lisboa,1er_et_2eme_cycle,93.0,24.0,23.0,22.0,24.0,0.01,26,13,22,25,20,21,26,20,0.54,0.46,46,0,0,20,1,0.9864394763855155
1110528,Externato Nossa Senhora Das Dores,Oeiras,Lisboa,Grande Lisboa,Grande Lisboa,1er_cycle_uniquement,88.0,26.0,22.0,19.0,21.0,0.0,,,,,,,,,,,,,,,,
1110579,"Escola Básica e Secundária Aquilino Ribeiro, Leião, Oeiras",Oeiras,,,,2eme_cycle_uniquement,,,,,,,115,113,102,112,103,108,112,112,0.55,0.45,224,0.009999999776482582,0.03999999910593033,96,0.9583333333333334,0.9536476820295956
1110647,"Escola Básica Pedro Álvares Cabral, Porto Salvo, Oeiras",Oeiras,Lisboa,Grande Lisboa,Grande Lisboa,1er_cycle_uniquement,78.0,22.0,19.0,19.0,18.0,0.055,,,,,,,,,,,,,,,,
1110653,Parkids,Oeiras,Lisboa,Grande Lisboa,Grande Lisboa,1er_cycle_uniquement,55.0,9.0,18.0,16.0,12.0,0.0,,,,,,,,,,,,,,,,
1110654,Colégio da Torre,Oeiras,Lisboa,Grande Lisboa,Grande Lisboa,1er_et_2eme_cycle,131.0,30.0,24.0,37.0,40.0,0.0,22,19,17,19,18,17,15,13,0.79,0.21,28,0,0,18,0.9444444444444444,0.987884821716948
1110678,"Escola Básica Sá de Miranda, Oeiras",Oeiras,Lisboa,Grande Lisboa,Grande Lisboa,1er_cycle_uniquement,177.0,44.0,41.0,48.0,44.0,0.0,,,,,,,,,,,,,,,,
1110680,"Escola Básica Conde de Ferreira, Oeiras",Oeiras,Lisboa,Grande Lisboa,Grande Lisboa,1er_cycle_uniquement,192.0,48.0,44.0,52.0,48.0,0.005,,,,,,,,,,,,,,,,
1110705,Colégio São Francisco de Assis,Oeiras,Lisboa,Grande Lisboa,Grande Lisboa,1er_cycle_uniquement,89.0,26.0,23.0,20.0,20.0,0.0,,,,,,,,,,,,,,,,
1110748,"Escola Básica Sylvia Philips, Carnaxide, Oeiras",Oeiras,Lisboa,Grande Lisboa,Grande Lisboa,1er_cycle_uniquement,247.0,87.0,136.0,24.0,0.0,0.01,,,,,,,,,,,,,,,,
1110770,"Escola Básica João Gonçalves Zarco, Cruz Quebrada-Dafundo, Oeiras",Oeiras,Lisboa,Grande Lisboa,Grande Lisboa,1er_et_2eme_cycle,214.0,64.0,46.0,41.0,63.0,0.0225,169,159,167,164,170,163,144,167,0.54,0.46,311,0.03999999910593033,0.029999999329447746,161,0.906832298136646,0.9594893778853801
1110792,"Escola Básica Antero Basalisa, Carnaxide, Oeiras",Oeiras,Lisboa,Grande Lisboa,Grande Lisboa,1er_cycle_uniquement,86.0,20.0,20.0,21.0,25.0,0.0,,,,,,,,,,,,,,,,
1110806,"Escola Básica Cesário Verde, Linda-a-Pastora, Oeiras",Oeiras,Lisboa,Grande Lisboa,Grande Lisboa,1er_cycle_uniquement,111.0,43.0,24.0,24.0,20.0,0.0,,,,,,,,,,,,,,,,
1110871,"Escola Básica Samuel Johnson, Murganhal, Oeiras",Oeiras,Lisboa,Grande Lisboa,Grande Lisboa,1er_cycle_uniquement,90.0,22.0,26.0,21.0,21.0,0.02,,,,,,,,,,,,,,,,
1110952,"Escola Básica Dionísio dos Santos Matias, Paço de Arcos, Oeiras",Oeiras,Lisboa,Grande Lisboa,Grande Lisboa,1er_cycle_uniquement,152.0,20.0,42.0,44.0,46.0,0.01,,,,,,,,,,,,,,,,
1110984,"Escola Básica de Miraflores, Algés, Oeiras",Oeiras,Lisboa,Grande Lisboa,Grande Lisboa,1er_et_2eme_cycle,172.0,0.0,0.0,0.0,172.0,0.01,202,209,166,202,182,170,179,184,0.47,0.53,363,0.029999999329447746,0.05000000074505806,173,0.9710982658959537,0.9794721356793491
1111001,"Escola Básica Fernando Formigal de Morais, Varge Mondar, Sintra",Sintra,Lisboa,Grande Lisboa,Grande Lisboa,1er_cycle_uniquement,157.0,40.0,40.0,37.0,40.0,0.0125,,,,,,,,,,,,,,,,
1111006,"Escola Básica do Sabugo e Vale de Lobos, Sabugo, Sintra",Sintra,Lisboa,Grande Lisboa,Grande Lisboa,1er_cycle_uniquement,126.0,34.0,30.0,34.0,28.0,0.0625,,,,,,,,,,,,,,,,
1111009,Centro de Intervencão Tecnico-Pedagógico,Sintra,Lisboa,Grande Lisboa,Grande Lisboa,1er_cycle_uniquement,31.0,0.0,1.0,10.0,20.0,0.4333,,,,,,,,,,,,,,,,
1111013,"Escola Básica n.º 2 de Belas, Sintra",Sintra,Lisboa,Grande Lisboa,Grande Lisboa,1er_cycle_uniquement,100.0,26.0,25.0,27.0,22.0,0.08,,,,,,,,,,,,,,,,
1111018,Colégio Cosme e Damião,Sintra,Lisboa,Grande Lisboa,Grande Lisboa,1er_cycle_uniquement,41.0,10.0,15.0,8.0,8.0,0.0,,,,,,,,,,,,,,,,
1111038,"Escola Básica da Tapada das Mercês, Sintra",Sintra,Lisboa,Grande Lisboa,Grande Lisboa,1er_cycle_uniquement,244.0,68.0,45.0,71.0,60.0,0.005,,,,,,,,,,,,,,,,
1111050,Colégio dos Plátanos,Sintra,Lisboa,Grande Lisboa,Grande Lisboa,1er_et_2eme_cycle,207.0,54.0,54.0,52.0,47.0,0.0,89,82,77,86,82,70,72,83,0.52,0.48,155,0,0,80,1,0.9917790148791565
1111058,Externato O Nial,Sintra,Lisboa,Grande Lisboa,Grande Lisboa,1er_cycle_uniquement,32.0,11.0,7.0,4.0,10.0,0.0,,,,,,,,,,,,,,,,
1111060,"Escola Básica de Assafora, Sintra",Sintra,Lisboa,Grande Lisboa,Grande Lisboa,1er_cycle_uniquement,63.0,24.0,11.0,18.0,10.0,0.1125,,,,,,,,,,,,,,,,
1111067,"Externato ""Calimero""",Sintra,Lisboa,Grande Lisboa,Grande Lisboa,1er_cycle_uniquement,22.0,7.0,6.0,5.0,4.0,0.0,,,,,,,,,,,,,,,,
1111073,"Escola Básica de Ouressa, Mem Martins, Sintra",Sintra,Lisboa,Grande Lisboa,Grande Lisboa,1er_cycle_uniquement,314.0,71.0,87.0,72.0,84.0,0.035,,,,,,,,,,,,,,,,
1111076,"Escola Básica da Portela de Sintra, Sintra",Sintra,Lisboa,Grande Lisboa,Grande Lisboa,1er_cycle_uniquement,146.0,40.0,20.0,43.0,43.0,0.0,,,,,,,,,,,,,,,,
1111091,"Escola Básica da Rinchoa, Rio de Mouro, Sintra",Sintra,Lisboa,Grande Lisboa,Grande Lisboa,1er_cycle_uniquement,172.0,39.0,48.0,44.0,41.0,0.055,,,,,,,,,,,,,,,,
1111094,"Escola Básica n.º 1 de Fitares, Sintra",Sintra,Lisboa,Grande Lisboa,Grande Lisboa,1er_cycle_uniquement,238.0,60.0,70.0,43.0,65.0,0.0775,,,,,,,,,,,,,,,,
1111105,"Escola Básica de Lameiras e Fação, Sintra",Sintra,Lisboa,Grande Lisboa,Grande Lisboa,1er_cycle_uniquement,39.0,6.0,17.0,10.0,6.0,0.045,,,,,,,,,,,,,,,,
1111110,"Escola Básica n.º 2 da Serras das Minas, Sintra",Sintra,Lisboa,Grande Lisboa,Grande Lisboa,1er_cycle_uniquement,334.0,92.0,89.0,86.0,67.0,0.0225,,,,,,,,,,,,,,,,
1111112,"Escola Básica n.º 3 de Agualva, Sintra",Sintra,Lisboa,Grande Lisboa,Grande Lisboa,1er_cycle_uniquement,214.0,50.0,51.0,43.0,70.0,0.065,,,,,,,,,,,,,,,,
1111119,"Escola Básica de Negrais, Sintra",Sintra,Lisboa,Grande Lisboa,Grande Lisboa,1er_cycle_uniquement,45.0,15.0,14.0,7.0,9.0,0.0525,,,,,,,,,,,,,,,,
1111154,"Escola Básica de Cortegaça, Sintra",Sintra,Lisboa,Grande Lisboa,Grande Lisboa,1er_cycle_uniquement,45.0,15.0,10.0,11.0,9.0,0.05,,,,,,,,,,,,,,,,
1111161,"Escola Básica de Albarraque, Sintra",Sintra,Lisboa,Grande Lisboa,Grande Lisboa,1er_cycle_uniquement,79.0,20.0,23.0,16.0,20.0,0.0,,,,,,,,,,,,,,,,
1111163,"Escola Básica António Sérgio, Cacém, Sintra",Sintra,,,,2eme_cycle_uniquement,,,,,,,240,203,222,261,229,219,188,230,0.5,0.5,418,0.029999999329447746,0.05999999865889549,200,0.89,0.9387214734658264
1111164,"Escola Básica de Francos, Sintra",Sintra,Lisboa,Grande Lisboa,Grande Lisboa,1er_cycle_uniquement,56.0,7.0,13.0,19.0,17.0,0.0575,,,,,,,,,,,,,,,,
1111166,"Escola Básica do Casal de Cambra, Sintra",Sintra,Lisboa,Grande Lisboa,Grande Lisboa,1er_cycle_uniquement,271.0,70.0,71.0,71.0,59.0,0.02,,,,,,,,,,,,,,,,
1111174,"Escola Básica de Monte Abraão, Sintra",Sintra,Lisboa,Grande Lisboa,Grande Lisboa,1er_cycle_uniquement,569.0,146.0,144.0,140.0,139.0,0.035,,,,,,,,,,,,,,,,
1111181,"Escola Básica de Santa Susana, Sintra",Sintra,Lisboa,Grande Lisboa,Grande Lisboa,1er_cycle_uniquement,40.0,10.0,14.0,7.0,9.0,0.0525,,,,,,,,,,,,,,,,
1111188,"Escola Básica de Abrunheira, Sintra",Sintra,Lisboa,Grande Lisboa,Grande Lisboa,1er_cycle_uniquement,109.0,37.0,24.0,27.0,21.0,0.01,,,,,,,,,,,,,,,,
1111194,"Escola Básica de Maceira, Sintra",Sintra,Lisboa,Grande Lisboa,Grande Lisboa,1er_cycle_uniquement,60.0,13.0,21.0,8.0,18.0,0.0475,,,,,,,,,,,,,,,,
1111202,"Escola Básica e Secundária Rainha D. Leonor de Lencastre, São Marcos, Sintra",Sintra,,,,2eme_cycle_uniquement,,,,,,,186,161,159,184,123,163,154,125,0.5,0.5,279,0,0.019999999552965164,117,0.9145299145299145,0.9599548779543929
1111203,"Escola Básica Padre Alberto Neto, Rio de Mouro, Sintra",Sintra,,,,2eme_cycle_uniquement,,,,,,,191,174,212,194,162,219,183,166,0.51,0.49,349,0.009999999776482582,0.05999999865889549,159,0.9371069182389937,0.946925622623729
1111215,"Escola Básica e Secundária Gama Barros, Cacém, Sintra",Sintra,,,,2eme_cycle_uniquement,,,,,,,182,185,186,187,179,180,173,180,0.5,0.5,353,0.019999999552965164,0.009999999776482582,168,0.9702380952380952,0.9513881352008091
1111226,"Escola Básica e Secundária Padre Alberto Neto, Queluz, Sintra",Sintra,,,,2eme_cycle_uniquement,,,,,,,204,194,184,199,187,194,172,196,0.53,0.47,368,0.029999999329447746,0.11999999731779099,176,0.8693181818181818,0.9445758172110644
1111237,"Escola Básica n.º 1 de Mem Martins, Sintra",Sintra,Lisboa,Grande Lisboa,Grande Lisboa,1er_cycle_uniquement,265.0,62.0,72.0,63.0,68.0,0.02,,,,,,,,,,,,,,,,
1111258,"Escola Básica n.º 1 do Cacém, Sintra",Sintra,Lisboa,Grande Lisboa,Grande Lisboa,1er_cycle_uniquement,159.0,48.0,44.0,24.0,43.0,0.0,,,,,,,,,,,,,,,,
1111259,"Escola Básica n.º 5 de Belas, Serra da Silveira, Sintra",Sintra,Lisboa,Grande Lisboa,Grande Lisboa,1er_cycle_uniquement,92.0,21.0,25.0,22.0,24.0,0.0225,,,,,,,,,,,,,,,,
1111262,"Escola Básica n.º 2 de Monte Abraão, Sintra",Sintra,Lisboa,Grande Lisboa,Grande Lisboa,1er_cycle_uniquement,180.0,41.0,44.0,47.0,48.0,0.04,,,,,,,,,,,,,,,,
1111272,"Escola Básica do Casal do Cotão, Sintra",Sintra,Lisboa,Grande Lisboa,Grande Lisboa,1er_cycle_uniquement,161.0,43.0,28.0,46.0,44.0,0.0225,,,,,,,,,,,,,,,,
1111278,"Escola Básica n.º 2 de Agualva, Sintra",Sintra,Lisboa,Grande Lisboa,Grande Lisboa,1er_cycle_uniquement,275.0,62.0,97.0,47.0,69.0,0.02,,,,,,,,,,,,,,,,
1111302,Colégio Quinta dos Girassóis,Sintra,Lisboa,Grande Lisboa,Grande Lisboa,1er_cycle_uniquement,91.0,22.0,24.0,24.0,21.0,0.0,,,,,,,,,,,,,,,,
1111309,"Escola Básica n.º 1 de Morelena, Sintra",Sintra,Lisboa,Grande Lisboa,Grande Lisboa,1er_cycle_uniquement,47.0,16.0,9.0,13.0,9.0,0.1325,,,,,,,,,,,,,,,,
1111310,"Escola Básica de São João das Lampas, Sintra",Sintra,Lisboa,Grande Lisboa,Grande Lisboa,1er_cycle_uniquement,135.0,37.0,30.0,23.0,45.0,0.0125,,,,,,,,,,,,,,,,
1111311,"Escola Básica D. Fernando II, Sintra",Sintra,,,,2eme_cycle_uniquement,,,,,,,100,87,96,102,94,94,67,105,0.49,0.51,172,0.03999999910593033,0.07000000029802322,92,0.9347826086956522,0.9737354329036414
1111320,"Escola Básica de Dona Maria, Sintra",Sintra,Lisboa,Grande Lisboa,Grande Lisboa,1er_cycle_uniquement,81.0,21.0,24.0,19.0,17.0,0.03,,,,,,,,,,,,,,,,
1111332,"Escola Básica de Vila Verde, Sintra",Sintra,Lisboa,Grande Lisboa,Grande Lisboa,1er_cycle_uniquement,87.0,24.0,24.0,21.0,18.0,0.0,,,,,,,,,,,,,,,,
1111333,"Escola Básica de Pêro Pinheiro, Sintra",Sintra,Lisboa,Grande Lisboa,Grande Lisboa,1er_cycle_uniquement,86.0,21.0,25.0,21.0,19.0,0.06,,,,,,,,,,,,,,,,
1111360,"Escola Básica Professor Egas Moniz, Massamá, Sintra",Sintra,,,,2eme_cycle_uniquement,,,,,,,191,217,188,191,204,182,211,203,0.53,0.47,414,0.05000000074505806,0.09000000357627869,189,0.8888888888888888,0.9699200064029264
1111366,Colégio Catarina de Bragança,Sintra,Lisboa,Grande Lisboa,Grande Lisboa,1er_cycle_uniquement,80.0,22.0,16.0,22.0,20.0,0.0125,,,,,,,,,,,,,,,,
1111368,"Escola Básica de Galamares, Sintra",Sintra,Lisboa,Grande Lisboa,Grande Lisboa,1er_cycle_uniquement,53.0,8.0,12.0,13.0,20.0,0.0325,,,,,,,,,,,,,,,,
1111380,Colégio Colibri,Sintra,Lisboa,Grande Lisboa,Grande Lisboa,1er_cycle_uniquement,186.0,44.0,47.0,49.0,46.0,0.0,,,,,,,,,,,,,,,,
1111392,Escola Básica de Sintra,Sintra,Lisboa,Grande Lisboa,Grande Lisboa,1er_cycle_uniquement,38.0,9.0,18.0,2.0,9.0,0.0,,,,,,,,,,,,,,,,
1111395,"Escola Básica de Serradas, Sintra",Sintra,Lisboa,Grande Lisboa,Grande Lisboa,1er_cycle_uniquement,40.0,10.0,10.0,10.0,10.0,0.05,,,,,,,,,,,,,,,,
1111396,Externato Paroquial de Colares,Sintra,Lisboa,Grande Lisboa,Grande Lisboa,1er_cycle_uniquement,49.0,9.0,13.0,13.0,14.0,0.02,,,,,,,,,,,,,,,,
1111403,"Escola Básica Ruy Belo, Queluz, Sintra",Sintra,,,,2eme_cycle_uniquement,,,,,,,152,134,134,157,128,132,132,138,0.49,0.51,270,0.029999999329447746,0.019999999552965164,107,0.9626168224299065,0.9357137663074623
1111424,"Escola Básica D. Carlos I, Sintra",Sintra,Lisboa,Grande Lisboa,Grande Lisboa,1er_et_2eme_cycle,151.0,43.0,27.0,37.0,44.0,0.02,159,163,156,163,172,160,172,172,0.53,0.47,344,0.009999999776482582,0.009999999776482582,160,0.99375,0.9772471134950477
1111438,"Escola Básica Mário Cunha Brito, Belas, Sintra",Sintra,Lisboa,Grande Lisboa,Grande Lisboa,1er_cycle_uniquement,192.0,44.0,43.0,41.0,64.0,0.025,,,,,,,,,,,,,,,,
1111448,"Escola Básica n.º 1 da Serra das Minas, Sintra",Sintra,Lisboa,Grande Lisboa,Grande Lisboa,1er_cycle_uniquement,208.0,51.0,45.0,54.0,58.0,0.0375,,,,,,,,,,,,,,,,
1111450,Externato de Ensino Primário do Centro Paroquial de São João das Lampas,Sintra,Lisboa,Grande Lisboa,Grande Lisboa,1er_cycle_uniquement,100.0,25.0,25.0,25.0,25.0,0.0,,,,,,,,,,,,,,,,
1111471,"Escola Básica D. Pedro IV, Monte Abraão, Sintra",Sintra,,,,2eme_cycle_uniquement,,,,,,,265,269,270,261,256,274,231,269,0.55,0.45,500,0.009999999776482582,0,239,0.9874476987447699,0.9643236089233186
1111477,"Escola Básica de Lopas, Agualva, Sintra",Sintra,Lisboa,Grande Lisboa,Grande Lisboa,1er_cycle_uniquement,203.0,47.0,42.0,43.0,71.0,0.0075,,,,,,,,,,,,,,,,
1111481,Externato Afonso Albuquerque,Sintra,Lisboa,Grande Lisboa,Grande Lisboa,1er_cycle_uniquement,20.0,3.0,9.0,3.0,5.0,0.0,,,,,,,,,,,,,,,,
1111510,"Escola Básica de Pego Longo, Sintra",Sintra,Lisboa,Grande Lisboa,Grande Lisboa,1er_cycle_uniquement,116.0,25.0,25.0,34.0,32.0,0.035,,,,,,,,,,,,,,,,
1111514,"Escola Básica de Mucifal, Sintra",Sintra,Lisboa,Grande Lisboa,Grande Lisboa,1er_cycle_uniquement,77.0,19.0,18.0,17.0,23.0,0.0275,,,,,,,,,,,,,,,,
1111519,"Escola Básica Professor Agostinho da Silva, Casal de Cambra, Sintra",Sintra,,,,2eme_cycle_uniquement,,,,,,,157,159,154,169,135,151,152,136,0.52,0.48,288,0.05000000074505806,0.07000000029802322,119,0.8907563025210085,0.9485447127218511
1111525,"Escola Básica de Faião, Sintra",Sintra,Lisboa,Grande Lisboa,Grande Lisboa,1er_cycle_uniquement,47.0,13.0,11.0,11.0,12.0,0.0,,,,,,,,,,,,,,,,
1111539,"Escola Básica de Meleças, Sintra",Sintra,Lisboa,Grande Lisboa,Grande Lisboa,1er_cycle_uniquement,100.0,24.0,24.0,25.0,27.0,0.0,,,,,,,,,,,,,,,,
1111541,Colégio A Quinta de Sintra,Sintra,Lisboa,Grande Lisboa,Grande Lisboa,1er_et_2eme_cycle,40.0,19.0,8.0,6.0,7.0,0.035,23,23,18,15,12,21,21,16,0.51,0.49,37,0,0.05999999865889549,12,*,*
1111543,"Escola Básica da Quinta da Fidalga, Agualva, Sintra",Sintra,Lisboa,Grande Lisboa,Grande Lisboa,1er_cycle_uniquement,229.0,64.0,44.0,74.0,47.0,0.0525,,,,,,,,,,,,,,,,
1111546,Escola da Terra,Sintra,Lisboa,Grande Lisboa,Grande Lisboa,1er_cycle_uniquement,50.0,13.0,11.0,12.0,14.0,0.0175,,,,,,,,,,,,,,,,
1111552,"Escola Básica de São Pedro, Sintra",Sintra,Lisboa,Grande Lisboa,Grande Lisboa,1er_cycle_uniquement,80.0,19.0,25.0,17.0,19.0,0.01,,,,,,,,,,,,,,,,
1111558,Colégio Mem Martins,Sintra,Lisboa,Grande Lisboa,Grande Lisboa,1er_et_2eme_cycle,95.0,26.0,24.0,25.0,20.0,0.0125,23,36,24,21,25,24,22,25,0.6,0.4,47,0,0.11999999731779099,25,0.92,0.9885589360480296
1111562,"Escola Básica do Casal da Cavaleira, Sintra",Sintra,Lisboa,Grande Lisboa,Grande Lisboa,1er_cycle_uniquement,265.0,64.0,70.0,65.0,66.0,0.0125,,,,,,,,,,,,,,,,
1111563,"Escola Básica n.º 2 de Rio de Mouro, Sintra",Sintra,Lisboa,Grande Lisboa,Grande Lisboa,1er_cycle_uniquement,141.0,24.0,51.0,45.0,21.0,0.0175,,,,,,,,,,,,,,,,
1111587,"Escola Básica Eduardo Luna de Carvalho, Tapada das Mercês, Sintra",Sintra,Lisboa,Grande Lisboa,Grande Lisboa,1er_cycle_uniquement,247.0,63.0,70.0,43.0,71.0,0.01,,,,,,,,,,,,,,,,
1111592,"Escola Básica e Secundária Mestre Domingos Saraiva, Algueirão, Sintra",Sintra,Lisboa,Grande Lisboa,Grande Lisboa,1er_et_2eme_cycle,175.0,44.0,46.0,35.0,50.0,0.07,136,121,175,130,146,173,144,155,0.53,0.47,299,0.10000000149011612,0.05000000074505806,132,0.9393939393939394,0.9529099025722341
1111602,"Escola Básica Professor Galopim de Carvalho, Pendão, Sintra",Sintra,,,,2eme_cycle_uniquement,,,,,,,139,134,100,138,114,102,104,130,0.48,0.52,234,0.15000000596046448,0.18000000715255737,90,0.9,0.9264180371268008
1111604,"Escola Básica do Casal da Barôta, Belas, Sintra",Sintra,Lisboa,Grande Lisboa,Grande Lisboa,1er_cycle_uniquement,211.0,50.0,44.0,65.0,52.0,0.0,,,,,,,,,,,,,,,,
1111612,"Escola Básica de Colares, Sintra",Sintra,Lisboa,Grande Lisboa,Grande Lisboa,1er_et_2eme_cycle,120.0,36.0,43.0,20.0,21.0,0.0,69,86,101,69,67,95,87,74,0.5,0.5,161,0.009999999776482582,0.009999999776482582,62,0.967741935483871,0.9519179613889576
1111613,"Escola Básica Maria Alberta Menéres, Tapada das Mercês, Sintra",Sintra,,,,2eme_cycle_uniquement,,,,,,,144,150,131,146,143,134,102,149,0.51,0.49,251,0.09000000357627869,0.07000000029802322,126,0.9444444444444444,0.940515829088915
1111614,"Escola Básica de Colaride, Agualva, Sintra",Sintra,Lisboa,Grande Lisboa,Grande Lisboa,1er_cycle_uniquement,147.0,43.0,41.0,41.0,22.0,0.005,,,,,,,,,,,,,,,,
1111615,"Escola Básica n.º 2 de Mira Sintra, Sintra",Sintra,Lisboa,Grande Lisboa,Grande Lisboa,1er_cycle_uniquement,112.0,24.0,44.0,24.0,20.0,0.0,,,,,,,,,,,,,,,,
1111625,"Escola Básica e Secundária do Alto dos Moinhos, Terrugem, Sintra",Sintra,,,,2eme_cycle_uniquement,,,,,,,149,142,149,151,144,156,149,147,0.49,0.51,296,0,0.029999999329447746,141,0.9787234042553191,0.9567548412334717
1111631,"Escola Básica de Ranholas, Sintra",Sintra,Lisboa,Grande Lisboa,Grande Lisboa,1er_cycle_uniquement,43.0,14.0,10.0,8.0,11.0,0.0,,,,,,,,,,,,,,,,
1111637,"Escola Básica Escultor Francisco dos Santos, Fitares, Sintra",Sintra,,,,2eme_cycle_uniquement,,,,,,,164,169,149,171,159,150,139,185,0.5,0.5,324,0.03999999910593033,0.07999999821186066,131,0.8854961832061069,0.9460324595626447
1111642,"Escola Básica n.º 2 da Rinchoa, Sintra",Sintra,Lisboa,Grande Lisboa,Grande Lisboa,1er_cycle_uniquement,181.0,40.0,45.0,48.0,48.0,0.03,,,,,,,,,,,,,,,,
1111647,"Escola Básica de Aruil, Sintra",Sintra,Lisboa,Grande Lisboa,Grande Lisboa,1er_cycle_uniquement,45.0,9.0,12.0,9.0,15.0,0.1,,,,,,,,,,,,,,,,
1111650,"Escola Básica de Almargem do Bispo, Sintra",Sintra,Lisboa,Grande Lisboa,Grande Lisboa,1er_cycle_uniquement,40.0,9.0,11.0,11.0,9.0,0.0675,,,,,,,,,,,,,,,,
1111679,"Escola Básica de Bolembre, Magoito, Sintra",Sintra,Lisboa,Grande Lisboa,Grande Lisboa,1er_cycle_uniquement,127.0,25.0,32.0,33.0,37.0,0.0425,,,,,,,,,,,,,,,,
1111685,"Escola Básica de Mira Sintra, Sintra",Sintra,Lisboa,Grande Lisboa,Grande Lisboa,1er_cycle_uniquement,108.0,40.0,20.0,26.0,22.0,0.01,,,,,,,,,,,,,,,,
1111691,"Externato ""O Pinóquio""",Sintra,Lisboa,Grande Lisboa,Grande Lisboa,1er_cycle_uniquement,51.0,13.0,14.0,12.0,12.0,0.0,,,,,,,,,,,,,,,,
1111712,"Escola Básica Visconde de Juromenha, Mem Martins, Sintra",Sintra,,,,2eme_cycle_uniquement,,,,,,,153,158,149,160,129,161,131,155,0.52,0.48,286,0.019999999552965164,0.10000000149011612,118,0.8983050847457628,0.9406866294645574
1111715,Jardim Escola João De Deus – Albarraque,Sintra,Lisboa,Grande Lisboa,Grande Lisboa,1er_cycle_uniquement,98.0,25.0,25.0,23.0,25.0,0.0,,,,,,,,,,,,,,,,
1111724,Colégio Vasco da Gama,Sintra,Lisboa,Grande Lisboa,Grande Lisboa,1er_et_2eme_cycle,173.0,44.0,51.0,38.0,40.0,0.0,50,78,73,48,71,76,75,72,0.5,0.5,147,0,0,70,0.9714285714285714,0.9892473945541594
1111728,"Escola Básica n.º 1 de Rio de Mouro, Sintra",Sintra,Lisboa,Grande Lisboa,Grande Lisboa,1er_cycle_uniquement,171.0,45.0,40.0,46.0,40.0,0.02,,,,,,,,,,,,,,,,
1111729,"Escola Básica n.º 2 de Queluz, Sintra",Sintra,Lisboa,Grande Lisboa,Grande Lisboa,1er_cycle_uniquement,453.0,112.0,117.0,114.0,110.0,0.025,,,,,,,,,,,,,,,,
1111730,"Escola Básica de Xutaria, Belas, Sintra",Sintra,Lisboa,Grande Lisboa,Grande Lisboa,1er_cycle_uniquement,200.0,64.0,42.0,42.0,52.0,0.0125,,,,,,,,,,,,,,,,
1111743,"Escola Básica n.º 2 de Casal de Cambra, Sintra",Sintra,Lisboa,Grande Lisboa,Grande Lisboa,1er_cycle_uniquement,214.0,67.0,43.0,61.0,43.0,0.01,,,,,,,,,,,,,,,,
1111745,"Escola Básica de Vale Mourão, Sintra",Sintra,Lisboa,Grande Lisboa,Grande Lisboa,1er_cycle_uniquement,182.0,49.0,43.0,42.0,48.0,0.015,,,,,,,,,,,,,,,,
1111749,Jardim Escola João de Deus - Belas,Sintra,Lisboa,Grande Lisboa,Grande Lisboa,1er_et_2eme_cycle,50.0,19.0,20.0,5.0,6.0,0.0,*,*,*,*,*,*,*,*,*,*,*,*,*,8,*,*
1111751,"Escola Básica n.º 2 de Massamá, Sintra",Sintra,Lisboa,Grande Lisboa,Grande Lisboa,1er_cycle_uniquement,269.0,72.0,75.0,69.0,53.0,0.0,,,,,,,,,,,,,,,,
1111753,"Escola Básica do Pendão, Sintra",Sintra,Lisboa,Grande Lisboa,Grande Lisboa,1er_cycle_uniquement,196.0,49.0,42.0,44.0,61.0,0.045,,,,,,,,,,,,,,,,
1111759,"Escola Básica n.º 2 de São Marcos, Sintra",Sintra,Lisboa,Grande Lisboa,Grande Lisboa,1er_cycle_uniquement,184.0,69.0,44.0,24.0,47.0,0.005,,,,,,,,,,,,,,,,
1111761,"Escola Básica n.º 1 da Terrugem, Sintra",Sintra,Lisboa,Grande Lisboa,Grande Lisboa,1er_cycle_uniquement,38.0,10.0,10.0,10.0,8.0,0.075,,,,,,,,,,,,,,,,
1111787,"Escola Básica de Manique de Cima, Sintra",Sintra,Lisboa,Grande Lisboa,Grande Lisboa,1er_cycle_uniquement,70.0,18.0,19.0,14.0,19.0,0.0,,,,,,,,,,,,,,,,
1111791,"Escola Básica de Montelavar, Sintra",Sintra,Lisboa,Grande Lisboa,Grande Lisboa,1er_cycle_uniquement,85.0,25.0,24.0,20.0,16.0,0.01,,,,,,,,,,,,,,,,
1111814,"Escola Básica de Mem Martins, Sintra",Sintra,Lisboa,Grande Lisboa,Grande Lisboa,1er_cycle_uniquement,133.0,44.0,20.0,25.0,44.0,0.0175,,,,,,,,,,,,,,,,
1111818,"Escola Básica do Lourel, Sintra",Sintra,Lisboa,Grande Lisboa,Grande Lisboa,1er_cycle_uniquement,156.0,26.0,47.0,38.0,45.0,0.01,,,,,,,,,,,,,,,,
1111820,"Escola Básica de Algueirão, Sintra",Sintra,Lisboa,Grande Lisboa,Grande Lisboa,1er_cycle_uniquement,141.0,20.0,50.0,52.0,19.0,0.035,,,,,,,,,,,,,,,,
1111827,Colégio a Nova Formiguinha,Sintra,Lisboa,Grande Lisboa,Grande Lisboa,1er_cycle_uniquement,49.0,12.0,14.0,13.0,10.0,0.0,,,,,,,,,,,,,,,,
1111840,Colégio da Beloura,Sintra,Lisboa,Grande Lisboa,Grande Lisboa,1er_cycle_uniquement,52.0,18.0,13.0,13.0,8.0,0.02,,,,,,,,,,,,,,,,
1111848,Colégio Faz de Conta,Sintra,Lisboa,Grande Lisboa,Grande Lisboa,1er_cycle_uniquement,0.0,0.0,0.0,0.0,0.0,,,,,,,,,,,,,,,,,
1111859,"Escola Básica de Cabra Figa, Sintra",Sintra,Lisboa,Grande Lisboa,Grande Lisboa,1er_cycle_uniquement,50.0,17.0,9.0,7.0,17.0,0.0,,,,,,,,,,,,,,,,
1111883,"Escola Básica Ferreira de Castro, Ouressa, Sintra",Sintra,,,,2eme_cycle_uniquement,,,,,,,250,259,238,249,238,248,241,243,0.49,0.51,484,0.05000000074505806,0.05000000074505806,224,0.9419642857142857,0.9568657910166574
1111884,"Escola Básica n.º 2 de Mem Martins, Sintra",Sintra,Lisboa,Grande Lisboa,Grande Lisboa,1er_cycle_uniquement,248.0,45.0,69.0,55.0,79.0,0.0225,,,,,,,,,,,,,,,,
1111887,Externato Nossa Senhora da Apresentação,Sintra,Lisboa,Grande Lisboa,Grande Lisboa,1er_cycle_uniquement,82.0,25.0,19.0,19.0,19.0,0.0,,,,,,,,,,,,,,,,
1111892,"Escola Básica e Secundária Dr. Rui Grácio, Montelavar, Sintra",Sintra,,,,2eme_cycle_uniquement,,,,,,,134,121,123,135,153,129,137,167,0.52,0.48,304,0.03999999910593033,0.07000000029802322,148,0.9459459459459459,0.9434793132313244
1111897,"Escola Básica n.º 1 de São Marcos, Sintra",Sintra,Lisboa,Grande Lisboa,Grande Lisboa,1er_cycle_uniquement,282.0,49.0,74.0,90.0,69.0,0.0025,,,,,,,,,,,,,,,,
1111898,"Escola Básica D. Domingos Jardo, Mira Sintra, Sintra",Sintra,,,,2eme_cycle_uniquement,,,,,,,210,230,232,219,205,244,245,211,0.53,0.47,456,0.019999999552965164,0.12999999523162842,192,0.8802083333333334,0.9552188024204544
1111905,Colégio de São José - Ramalhão,Sintra,Lisboa,Grande Lisboa,Grande Lisboa,1er_et_2eme_cycle,219.0,60.0,57.0,47.0,55.0,0.005,56,56,70,61,73,72,59,81,0.54,0.46,140,0,0,69,0.9855072463768116,0.989588680534417
1111916,"Escola Básica Ribeiro de Carvalho, Cacém, Sintra",Sintra,Lisboa,Grande Lisboa,Grande Lisboa,1er_cycle_uniquement,280.0,66.0,67.0,81.0,66.0,0.0,,,,,,,,,,,,,,,,
1111920,"Escola Básica de Massamá, Sintra",Sintra,Lisboa,Grande Lisboa,Grande Lisboa,1er_cycle_uniquement,356.0,98.0,96.0,94.0,68.0,0.0275,,,,,,,,,,,,,,,,
1111954,"Escola Básica Dr. António Torrado, Agualva, Sintra",Sintra,Lisboa,Grande Lisboa,Grande Lisboa,1er_cycle_uniquement,374.0,114.0,89.0,83.0,88.0,0.0025,,,,,,,,,,,,,,,,
1111966,"Escola Básica da Várzea de Sintra, Sintra",Sintra,Lisboa,Grande Lisboa,Grande Lisboa,1er_cycle_uniquement,187.0,47.0,47.0,48.0,45.0,0.02,,,,,,,,,,,,,,,,
1111975,"Externato ""Júlio Dinis""",Sintra,Lisboa,Grande Lisboa,Grande Lisboa,1er_cycle_uniquement,0.0,0.0,0.0,0.0,0.0,,,,,,,,,,,,,,,,,
1111988,"Escola Básica n.º 3 de Belas, Sintra",Sintra,Lisboa,Grande Lisboa,Grande Lisboa,1er_cycle_uniquement,94.0,20.0,31.0,21.0,22.0,0.0375,,,,,,,,,,,,,,,,
1111993,"Escola Básica e Secundária Alfredo da Silva, Albarraque, Sintra",Sintra,,,,2eme_cycle_uniquement,,,,,,,146,158,172,150,115,183,141,113,0.5,0.5,254,0.009999999776482582,0,111,0.972972972972973,0.9650503739514592
1111999,"Escola Básica n.º 1 do Linhó, Sintra",Sintra,Lisboa,Grande Lisboa,Grande Lisboa,1er_cycle_uniquement,120.0,20.0,36.0,32.0,32.0,0.0,,,,,,,,,,,,,,,,
1112156,"Escola Básica da Sapataria, Sobral de Monte Agraço",Sobral de Monte Agraço,Lisboa,Grande Lisboa,Grande Lisboa,1er_cycle_uniquement,103.0,25.0,30.0,31.0,17.0,0.11,,,,,,,,,,,,,,,,
111226,"Escola Básica de Luso, Mealhada",Mealhada,Lisboa,Grande Lisboa,Grande Lisboa,1er_cycle_uniquement,76.0,23.0,20.0,16.0,17.0,0.0,,,,,,,,,,,,,,,,
111232,"Escola Básica n.º 2 de Pampilhosa, Mealhada",Mealhada,,,,2eme_cycle_uniquement,,,,,,,70,69,56,67,56,59,64,59,0.48,0.52,123,0.029999999329447746,0.05000000074505806,56,0.9107142857142857,0.9605639142577784
1112383,"Escola Básica e Secundária Joaquim Inácio da Cruz Sobral, Sobral de Monte Agraço",Sobral de Monte Agraço,,,,2eme_cycle_uniquement,,,,,,,141,129,117,140,121,124,103,122,0.52,0.48,225,0.05000000074505806,0.029999999329447746,112,0.9196428571428571,0.9514090700138497
1112654,Escola Básica de Sobral de Monte Agraço e Santo Quintino,Sobral de Monte Agraço,Lisboa,Grande Lisboa,Grande Lisboa,1er_cycle_uniquement,268.0,64.0,54.0,74.0,76.0,0.045,,,,,,,,,,,,,,,,
1112822,"Escola Básica de Pero Negro, Sobral de Monte Agraço",Sobral de Monte Agraço,Lisboa,Grande Lisboa,Grande Lisboa,1er_cycle_uniquement,40.0,11.0,11.0,11.0,7.0,0.045,,,,,,,,,,,,,,,,
1113001,"Escola Básica de Orjariça, Torres Vedras",Torres Vedras,Lisboa,Grande Lisboa,Grande Lisboa,1er_cycle_uniquement,46.0,13.0,11.0,13.0,9.0,0.0,,,,,,,,,,,,,,,,
1113003,"Escola Básica de Ventosa, Torres Vedras",Torres Vedras,Lisboa,Grande Lisboa,Grande Lisboa,1er_cycle_uniquement,200.0,62.0,51.0,51.0,36.0,0.0275,,,,,,,,,,,,,,,,
1113039,"Escola Básica do Barro, Torres Vedras",Torres Vedras,Lisboa,Grande Lisboa,Grande Lisboa,1er_cycle_uniquement,46.0,10.0,16.0,8.0,12.0,0.0325,,,,,,,,,,,,,,,,
1113045,Externato de Penafirme,Torres Vedras,,,,2eme_cycle_uniquement,,,,,,,202,219,223,208,231,229,221,225,0.51,0.49,446,0.009999999776482582,0.009999999776482582,221,0.9502262443438914,0.9236483981681223
1113056,"Escola Básica da Conquinha, Torres Vedras",Torres Vedras,Lisboa,Grande Lisboa,Grande Lisboa,1er_cycle_uniquement,254.0,64.0,71.0,57.0,62.0,0.025,,,,,,,,,,,,,,,,
1113058,"Escola Básica da Póvoa de Penafirme, Torres Vedras",Torres Vedras,Lisboa,Grande Lisboa,Grande Lisboa,1er_cycle_uniquement,94.0,24.0,28.0,18.0,24.0,0.0,,,,,,,,,,,,,,,,
1113072,"Escola Básica da Fonte Grada, Torres Vedras",Torres Vedras,Lisboa,Grande Lisboa,Grande Lisboa,1er_cycle_uniquement,43.0,9.0,17.0,7.0,10.0,0.03,,,,,,,,,,,,,,,,
1113085,"Escola Básica de Outeiro da Cabeça, Torres Vedras",Torres Vedras,Lisboa,Grande Lisboa,Grande Lisboa,1er_cycle_uniquement,32.0,9.0,11.0,7.0,5.0,0.0675,,,,,,,,,,,,,,,,
1113120,"Escola Básica Gaspar Campello, Torres Vedras",Torres Vedras,Lisboa,Grande Lisboa,Grande Lisboa,1er_et_2eme_cycle,123.0,23.0,33.0,41.0,26.0,0.0075,41,47,45,37,49,46,58,50,0.51,0.49,108,0.029999999329447746,0,45,0.9333333333333333,0.9597387362589405
1113151,"Escola Básica de Dois Portos, Torres Vedras",Torres Vedras,Lisboa,Grande Lisboa,Grande Lisboa,1er_cycle_uniquement,40.0,13.0,7.0,6.0,14.0,0.115,,,,,,,,,,,,,,,,
1113158,"Escola Básica da Ponte do Rol, Torres Vedras",Torres Vedras,Lisboa,Grande Lisboa,Grande Lisboa,1er_cycle_uniquement,90.0,24.0,24.0,21.0,21.0,0.0,,,,,,,,,,,,,,,,
1113175,Escola Básica de Torres Vedras,Torres Vedras,Lisboa,Grande Lisboa,Grande Lisboa,1er_cycle_uniquement,262.0,76.0,60.0,48.0,78.0,0.025,,,,,,,,,,,,,,,,
1113199,"Escola Básica de Maceira, Torres Vedras",Torres Vedras,Lisboa,Grande Lisboa,Grande Lisboa,1er_cycle_uniquement,85.0,24.0,19.0,21.0,21.0,0.0,,,,,,,,,,,,,,,,
1113217,"Escola Básica de São Pedro da Cadeira, Torres Vedras",Torres Vedras,Lisboa,Grande Lisboa,Grande Lisboa,1er_cycle_uniquement,186.0,50.0,49.0,54.0,33.0,0.04,,,,,,,,,,,,,,,,
1113286,"Escola Básica da Silveira, Torres Vedras",Torres Vedras,Lisboa,Grande Lisboa,Grande Lisboa,1er_cycle_uniquement,101.0,23.0,29.0,23.0,26.0,0.0175,,,,,,,,,,,,,,,,
1113335,"Escola Básica Padre Francisco Soares, Torres Vedras",Torres Vedras,Lisboa,Grande Lisboa,Grande Lisboa,1er_et_2eme_cycle,184.0,44.0,49.0,41.0,50.0,0.005,174,164,160,178,177,162,173,177,0.55,0.45,350,0.009999999776482582,0.009999999776482582,173,0.9826589595375722,0.9724926906689716
1113336,"Escola Básica n.º 1 de Freiria, Torres Vedras",Torres Vedras,Lisboa,Grande Lisboa,Grande Lisboa,1er_cycle_uniquement,31.0,15.0,8.0,3.0,5.0,0.145,,,,,,,,,,,,,,,,
1113374,Mundo da Criança,Torres Vedras,Lisboa,Grande Lisboa,Grande Lisboa,1er_et_2eme_cycle,94.0,24.0,27.0,27.0,16.0,0.0,18,18,28,17,28,28,24,27,0.32999999999999996,0.67,51,0,0,28,1,0.9901078870588792
1113399,"Escola Básica de Matacães, Torres Vedras",Torres Vedras,Lisboa,Grande Lisboa,Grande Lisboa,1er_cycle_uniquement,0.0,0.0,0.0,0.0,0.0,,,,,,,,,,,,,,,,,
1113405,Externato Os Primeiros Passos,Torres Vedras,Lisboa,Grande Lisboa,Grande Lisboa,1er_cycle_uniquement,29.0,7.0,4.0,11.0,7.0,0.0,,,,,,,,,,,,,,,,
1113421,"Escola Básica do Varatojo, Torres Vedras",Torres Vedras,Lisboa,Grande Lisboa,Grande Lisboa,1er_cycle_uniquement,80.0,11.0,20.0,23.0,26.0,0.0125,,,,,,,,,,,,,,,,
1113451,"Escola Básica de Freiria, Torres Vedras",Torres Vedras,,,,2eme_cycle_uniquement,,,,,,,100,102,91,99,102,99,115,104,0.5,0.5,219,0,0.07000000029802322,94,0.9361702127659575,0.9470831974550735
1113510,Jardim Escola João de Deus Torres Vedras,Torres Vedras,Lisboa,Grande Lisboa,Grande Lisboa,1er_cycle_uniquement,85.0,23.0,25.0,23.0,14.0,0.0,,,,,,,,,,,,,,,,
1113533,"Escola Básica do Sobreiro Curvo, Torres Vedras",Torres Vedras,Lisboa,Grande Lisboa,Grande Lisboa,1er_cycle_uniquement,112.0,32.0,37.0,21.0,22.0,0.0,,,,,,,,,,,,,,,,
1113555,"Escola Básica da Ereira, Torres Vedras",Torres Vedras,Lisboa,Grande Lisboa,Grande Lisboa,1er_cycle_uniquement,0.0,0.0,0.0,0.0,0.0,,,,,,,,,,,,,,,,,
1113568,"Escola Básica n.º 1 do Maxial, Torres Vedras",Torres Vedras,Lisboa,Grande Lisboa,Grande Lisboa,1er_cycle_uniquement,31.0,8.0,7.0,11.0,5.0,0.0,,,,,,,,,,,,,,,,
1113583,"Escola Básica da Carvoeira, Torres Vedras",Torres Vedras,Lisboa,Grande Lisboa,Grande Lisboa,1er_cycle_uniquement,53.0,11.0,14.0,16.0,12.0,0.05,,,,,,,,,,,,,,,,
1113614,"Escola Básica de São Domingos de Carmões, Torres Vedras",Torres Vedras,Lisboa,Grande Lisboa,Grande Lisboa,1er_cycle_uniquement,29.0,7.0,5.0,9.0,8.0,0.0,,,,,,,,,,,,,,,,
1113631,"Escola Básica Carlos Bernardes, Torres Vedras",Torres Vedras,Lisboa,Grande Lisboa,Grande Lisboa,1er_cycle_uniquement,82.0,23.0,27.0,14.0,18.0,0.08,,,,,,,,,,,,,,,,
1113636,"Escola Básica de A-dos-Cunhados, Torres Vedras",Torres Vedras,Lisboa,Grande Lisboa,Grande Lisboa,1er_cycle_uniquement,87.0,20.0,25.0,21.0,21.0,0.0,,,,,,,,,,,,,,,,
1113679,"Escola Básica de Santa Cruz, Torres Vedras",Torres Vedras,Lisboa,Grande Lisboa,Grande Lisboa,1er_cycle_uniquement,94.0,19.0,27.0,24.0,24.0,0.0375,,,,,,,,,,,,,,,,
1113697,"Escola Básica de Monte Redondo, Torres Vedras",Torres Vedras,Lisboa,Grande Lisboa,Grande Lisboa,1er_cycle_uniquement,24.0,6.0,10.0,6.0,2.0,0.075,,,,,,,,,,,,,,,,
1113701,"Escola Básica do Ramalhal, Torres Vedras",Torres Vedras,Lisboa,Grande Lisboa,Grande Lisboa,1er_cycle_uniquement,94.0,24.0,27.0,18.0,25.0,0.0375,,,,,,,,,,,,,,,,
1113770,Colégio Quinta do Mar,Torres Vedras,Lisboa,Grande Lisboa,Grande Lisboa,1er_cycle_uniquement,49.0,11.0,18.0,7.0,13.0,0.0,,,,,,,,,,,,,,,,
1113789,"Escola Básica São Gonçalo, Torres Vedras",Torres Vedras,,,,2eme_cycle_uniquement,,,,,,,182,170,177,182,166,174,172,200,0.52,0.48,372,0.05999999865889549,0.10000000149011612,161,0.9130434782608695,0.9591723766920784
1113795,"Escola Básica da Boavista, Torres Vedras",Torres Vedras,Lisboa,Grande Lisboa,Grande Lisboa,1er_cycle_uniquement,68.0,23.0,13.0,9.0,23.0,0.01,,,,,,,,,,,,,,,,
1113810,"Escola Básica de Chãos, Torres Vedras",Torres Vedras,Lisboa,Grande Lisboa,Grande Lisboa,1er_cycle_uniquement,33.0,9.0,9.0,11.0,4.0,0.11,,,,,,,,,,,,,,,,
1113815,"Escola Básica de Casalinhos de Alfaiata, Torres Vedras",Torres Vedras,Lisboa,Grande Lisboa,Grande Lisboa,1er_cycle_uniquement,88.0,19.0,26.0,20.0,23.0,0.03,,,,,,,,,,,,,,,,
1113880,"Escola Básica de Runa, Torres Vedras",Torres Vedras,Lisboa,Grande Lisboa,Grande Lisboa,1er_cycle_uniquement,31.0,8.0,8.0,7.0,8.0,0.0325,,,,,,,,,,,,,,,,
1113881,"Escola Básica do Maxial, Torres Vedras",Torres Vedras,,,,2eme_cycle_uniquement,,,,,,,55,57,39,53,37,42,46,41,0.49,0.51,87,0.03999999910593033,0.17000000178813934,37,0.8378378378378378,0.9386519056154295
1113922,"Escola Básica de Palhagueiras, Torres Vedras",Torres Vedras,Lisboa,Grande Lisboa,Grande Lisboa,1er_cycle_uniquement,0.0,0.0,0.0,0.0,0.0,,,,,,,,,,,,,,,,,
1113923,"Escola Básica do Sarge, Torres Vedras",Torres Vedras,Lisboa,Grande Lisboa,Grande Lisboa,1er_cycle_uniquement,40.0,13.0,10.0,8.0,9.0,0.06,,,,,,,,,,,,,,,,
1113952,"Escola Básica Padre Vítor Melícias, Torres Vedras",Torres Vedras,Lisboa,Grande Lisboa,Grande Lisboa,1er_et_2eme_cycle,92.0,22.0,23.0,24.0,23.0,0.0,63,91,70,79,65,84,75,77,0.49,0.51,152,0.009999999776482582,0.09000000357627869,62,0.9516129032258065,0.9586927914426451
1113977,Escola Internacional de Torres Vedras,Torres Vedras,Lisboa,Grande Lisboa,Grande Lisboa,1er_et_2eme_cycle,81.0,21.0,12.0,26.0,22.0,0.0125,24,26,25,26,21,27,22,22,0.48,0.52,44,0,0,20,1,0.9921588777012087
1113992,"Escola Básica da Serra da Vila, Torres Vedras",Torres Vedras,Lisboa,Grande Lisboa,Grande Lisboa,1er_cycle_uniquement,40.0,11.0,13.0,6.0,10.0,0.0,,,,,,,,,,,,,,,,
1113995,"Escola Básica do Paúl, Torres Vedras",Torres Vedras,Lisboa,Grande Lisboa,Grande Lisboa,1er_cycle_uniquement,0.0,0.0,0.0,0.0,0.0,,,,,,,,,,,,,,,,,
1114043,"Escola Básica n.º 4 de Alverca do Ribatejo, Vila Franca de Xira",Vila Franca de Xira,Lisboa,Grande Lisboa,Grande Lisboa,1er_cycle_uniquement,110.0,41.0,21.0,24.0,24.0,0.0125,,,,,,,,,,,,,,,,
1114045,"Escola Básica da Quinta de São Sebastião, Castanheira do Ribatejo, Vila Franca de Xira",Vila Franca de Xira,Lisboa,Grande Lisboa,Grande Lisboa,1er_cycle_uniquement,174.0,47.0,43.0,43.0,41.0,0.0225,,,,,,,,,,,,,,,,
1114062,"Escola Básica Álvaro Guerra, Vila Franca de Xira",Vila Franca de Xira,Lisboa,Grande Lisboa,Grande Lisboa,1er_cycle_uniquement,197.0,48.0,48.0,54.0,47.0,0.0425,,,,,,,,,,,,,,,,
1114129,"Escola Básica de Alverca - Malva Rosa, Alverca do Ribatejo, Vila Franca de Xira",Vila Franca de Xira,Lisboa,Grande Lisboa,Grande Lisboa,1er_cycle_uniquement,250.0,69.0,68.0,70.0,43.0,0.01,,,,,,,,,,,,,,,,
1114143,"Escola Básica de Cotovios, Vila Franca de Xira",Vila Franca de Xira,Lisboa,Grande Lisboa,Grande Lisboa,1er_cycle_uniquement,43.0,14.0,7.0,6.0,16.0,0.035,,,,,,,,,,,,,,,,
1114188,"Escola Básica da Quinta da Vala, Vila Franca de Xira",Vila Franca de Xira,Lisboa,Grande Lisboa,Grande Lisboa,1er_cycle_uniquement,229.0,44.0,61.0,60.0,64.0,0.005,,,,,,,,,,,,,,,,
1114198,"Escola Básica Professor Romeu Gil, Forte da Casa, Vila Franca de Xira",Vila Franca de Xira,Lisboa,Grande Lisboa,Grande Lisboa,1er_cycle_uniquement,384.0,92.0,85.0,96.0,111.0,0.0425,,,,,,,,,,,,,,,,
1114202,"Escola Básica n.º 1 de Alverca do Ribatejo, Vila Franca de Xira",Vila Franca de Xira,Lisboa,Grande Lisboa,Grande Lisboa,1er_cycle_uniquement,179.0,44.0,46.0,44.0,45.0,0.005,,,,,,,,,,,,,,,,
1114215,Creche Mamã Galinha,Vila Franca de Xira,Lisboa,Grande Lisboa,Grande Lisboa,1er_cycle_uniquement,0.0,0.0,0.0,0.0,0.0,,,,,,,,,,,,,,,,,
1114223,"Escola Básica n.º 2 de Alhandra, Vila Franca de Xira",Vila Franca de Xira,Lisboa,Grande Lisboa,Grande Lisboa,1er_cycle_uniquement,108.0,22.0,24.0,22.0,40.0,0.0225,,,,,,,,,,,,,,,,
1114258,"Escola Básica n.º 1 de Vialonga, Vila Franca de Xira",Vila Franca de Xira,Lisboa,Grande Lisboa,Grande Lisboa,1er_cycle_uniquement,92.0,24.0,24.0,23.0,21.0,0.01,,,,,,,,,,,,,,,,
1114277,"Escola Básica Pedro Jacques de Magalhães, Alverca do Ribatejo, Vila Franca de Xira",Vila Franca de Xira,,,,2eme_cycle_uniquement,,,,,,,191,214,202,191,189,207,173,194,0.51,0.49,367,0.009999999776482582,0.009999999776482582,186,0.989247311827957,0.9698545925098573
1114294,"Escola Básica de Arcena, Vila Franca de Xira",Vila Franca de Xira,Lisboa,Grande Lisboa,Grande Lisboa,1er_cycle_uniquement,162.0,45.0,50.0,41.0,26.0,0.005,,,,,,,,,,,,,,,,
1114301,"Escola Básica do Bom Sucesso, Alverca do Ribatejo, Vila Franca de Xira",Vila Franca de Xira,Lisboa,Grande Lisboa,Grande Lisboa,1er_et_2eme_cycle,158.0,38.0,46.0,24.0,50.0,0.0325,74,105,81,88,114,80,71,116,0.5700000000000001,0.43,187,0.07000000029802322,0.2199999988079071,100,0.78,0.9479782903831215
1114306,"Escola Básica n.º 2 de Vialonga, Vila Franca de Xira",Vila Franca de Xira,Lisboa,Grande Lisboa,Grande Lisboa,1er_cycle_uniquement,275.0,68.0,83.0,76.0,48.0,0.0,,,,,,,,,,,,,,,,
1114311,"Escola Básica do Cabo, Vialonga, Vila Franca de Xira",Vila Franca de Xira,Lisboa,Grande Lisboa,Grande Lisboa,1er_cycle_uniquement,203.0,51.0,48.0,50.0,54.0,0.01,,,,,,,,,,,,,,,,
1114350,"Escola Básica n.º 1 do Bom Retiro, Vila Franca de Xira",Vila Franca de Xira,Lisboa,Grande Lisboa,Grande Lisboa,1er_cycle_uniquement,196.0,48.0,48.0,48.0,52.0,0.09,,,,,,,,,,,,,,,,
1114354,"Escola Básica de Bragadas, Póvoa de Santa Iria, Vila Franca de Xira",Vila Franca de Xira,Lisboa,Grande Lisboa,Grande Lisboa,1er_cycle_uniquement,172.0,43.0,44.0,41.0,44.0,0.0,,,,,,,,,,,,,,,,
1114369,"Colégio ""O Cocas""",Vila Franca de Xira,Lisboa,Grande Lisboa,Grande Lisboa,1er_cycle_uniquement,85.0,22.0,22.0,20.0,21.0,0.0,,,,,,,,,,,,,,,,
1114428,"Escola Básica de A-dos-Loucos, Vila Franca de Xira",Vila Franca de Xira,Lisboa,Grande Lisboa,Grande Lisboa,1er_cycle_uniquement,90.0,26.0,19.0,23.0,22.0,0.0125,,,,,,,,,,,,,,,,
1114483,"Escola Básica e Secundária Professor Reynaldo dos Santos, Vila Franca de Xira",Vila Franca de Xira,,,,2eme_cycle_uniquement,,,,,,,111,119,121,112,99,131,145,109,0.52,0.48,254,0.05999999865889549,0.05000000074505806,95,0.9473684210526315,0.9551129189469455
111449,"Escola Básica de Barcouço, Mealhada",Mealhada,Lisboa,Grande Lisboa,Grande Lisboa,1er_cycle_uniquement,65.0,29.0,15.0,14.0,7.0,0.0,,,,,,,,,,,,,,,,
1114530,"Escola Básica n.º 1 da Póvoa de Santa Iria, Vila Franca de Xira",Vila Franca de Xira,Lisboa,Grande Lisboa,Grande Lisboa,1er_cycle_uniquement,237.0,59.0,67.0,63.0,48.0,0.015,,,,,,,,,,,,,,,,
1114540,"Escola Básica Padre José Rota, Forte da Casa, Vila Franca de Xira",Vila Franca de Xira,,,,2eme_cycle_uniquement,,,,,,,86,102,118,88,102,119,111,115,0.52,0.48,226,0.05999999865889549,0.07000000029802322,95,0.9473684210526315,0.960126217578035
1114544,Colégio José Álvaro Vidal,Vila Franca de Xira,Lisboa,Grande Lisboa,Grande Lisboa,1er_et_2eme_cycle,261.0,75.0,61.0,58.0,67.0,0.0,98,89,58,86,71,49,84,65,0.53,0.47,149,0,0,63,0.9841269841269841,0.9528588065661032
1114558,"Escola Básica do Casal da Serra, Póvoa de Santa Iria, Vila Franca de Xira",Vila Franca de Xira,Lisboa,Grande Lisboa,Grande Lisboa,1er_cycle_uniquement,177.0,48.0,44.0,44.0,41.0,0.0,,,,,,,,,,,,,,,,
1114568,"Escola Básica de Póvoa de Santa Iria Norte, Vila Franca de Xira",Vila Franca de Xira,Lisboa,Grande Lisboa,Grande Lisboa,1er_cycle_uniquement,184.0,43.0,45.0,47.0,49.0,0.0,,,,,,,,,,,,,,,,
1114607,"Escola Básica D. António de Ataíde, Castanheira do Ribatejo, Vila Franca de Xira",Vila Franca de Xira,Lisboa,Grande Lisboa,Grande Lisboa,1er_et_2eme_cycle,62.0,20.0,20.0,6.0,16.0,0.05,98,106,86,100,99,86,110,103,0.48,0.52,213,0.07000000029802322,0.10999999940395355,88,0.9431818181818182,0.9511263111277217
1114643,Escola Básica n.º 4 de Vila Franca de Xira,Vila Franca de Xira,Lisboa,Grande Lisboa,Grande Lisboa,1er_cycle_uniquement,79.0,21.0,21.0,19.0,18.0,0.1075,,,,,,,,,,,,,,,,
1114678,"Escola Básica Soeiro Pereira Gomes, Alhandra, Vila Franca de Xira",Vila Franca de Xira,,,,2eme_cycle_uniquement,,,,,,,142,148,147,143,141,142,146,142,0.5,0.5,288,0.18000000715255737,0.17000000178813934,124,0.8629032258064516,0.9332465475784847
1114704,"Escola Básica do Sobralinho, Vila Franca de Xira",Vila Franca de Xira,Lisboa,Grande Lisboa,Grande Lisboa,1er_cycle_uniquement,189.0,51.0,48.0,44.0,46.0,0.015,,,,,,,,,,,,,,,,
1114721,Jardim do Monte,Vila Franca de Xira,Lisboa,Grande Lisboa,Grande Lisboa,1er_et_2eme_cycle,51.0,12.0,12.0,12.0,15.0,0.0175,11,9,10,10,10,10,14,6,0.44999999999999996,0.55,20,0,0,10,*,*
1114761,"Escola Básica e Secundária de Vialonga, Vila Franca de Xira",Vila Franca de Xira,,,,2eme_cycle_uniquement,,,,,,,208,216,204,205,213,199,209,213,0.51,0.49,422,0.05000000074505806,0.03999999910593033,201,0.9651741293532339,0.9491775337166866
1114780,"Escola Básica Aristides de Sousa Mendes, Póvoa de Santa Iria, Vila Franca de Xira",Vila Franca de Xira,,,,2eme_cycle_uniquement,,,,,,,292,345,315,302,320,325,267,333,0.51,0.49,600,0,0.009999999776482582,301,0.9767441860465116,0.9698553189374978
1114791,"Escola Básica de Povos, Vila Franca de Xira",Vila Franca de Xira,Lisboa,Grande Lisboa,Grande Lisboa,1er_cycle_uniquement,85.0,18.0,23.0,24.0,20.0,0.1325,,,,,,,,,,,,,,,,
1114876,Jardim Infantil da Quinta dos Bacelos,Vila Franca de Xira,Lisboa,Grande Lisboa,Grande Lisboa,1er_cycle_uniquement,151.0,40.0,42.0,44.0,25.0,0.0,,,,,,,,,,,,,,,,
1114879,"Escola Básica n.º 4 da Póvoa de Santa Iria, Vila Franca de Xira",Vila Franca de Xira,Lisboa,Grande Lisboa,Grande Lisboa,1er_cycle_uniquement,268.0,69.0,66.0,65.0,68.0,0.0125,,,,,,,,,,,,,,,,
1114901,"Escola Básica de Alpriate, Vila Franca de Xira",Vila Franca de Xira,Lisboa,Grande Lisboa,Grande Lisboa,1er_cycle_uniquement,40.0,8.0,12.0,11.0,9.0,0.0,,,,,,,,,,,,,,,,
1114929,"Escola Básica da Vala do Carregado, Vila Franca de Xira",Vila Franca de Xira,Lisboa,Grande Lisboa,Grande Lisboa,1er_cycle_uniquement,42.0,7.0,15.0,8.0,12.0,0.05,,,,,,,,,,,,,,,,
1114937,"Escola Básica n.º 1 de Alhandra, Vila Franca de Xira",Vila Franca de Xira,Lisboa,Grande Lisboa,Grande Lisboa,1er_cycle_uniquement,90.0,23.0,24.0,19.0,24.0,0.0325,,,,,,,,,,,,,,,,
1114940,"Escola Básica n.º 2 de Alpriate, Vila Franca de Xira",Vila Franca de Xira,Lisboa,Grande Lisboa,Grande Lisboa,1er_cycle_uniquement,0.0,0.0,0.0,0.0,0.0,,,,,,,,,,,,,,,,,
1114948,"Escola Básica n.º 3 de Vialonga, Vila Franca de Xira",Vila Franca de Xira,Lisboa,Grande Lisboa,Grande Lisboa,1er_cycle_uniquement,176.0,40.0,42.0,46.0,48.0,0.015,,,,,,,,,,,,,,,,
1114953,"Escola Básica Dr. Vasco Moniz, Vila Franca de Xira",Vila Franca de Xira,Lisboa,Grande Lisboa,Grande Lisboa,1er_et_2eme_cycle,119.0,21.0,37.0,36.0,25.0,0.0575,115,104,98,109,81,107,121,88,0.55,0.45,209,0.07999999821186066,0.029999999329447746,71,0.9154929577464789,0.9513150755780629
1114988,"Escola Básica da Quinta da Cevadeira, Castanheira do Ribatejo, Vila Franca de Xira",Vila Franca de Xira,Lisboa,Grande Lisboa,Grande Lisboa,1er_cycle_uniquement,172.0,44.0,43.0,45.0,40.0,0.02,,,,,,,,,,,,,,,,
1115002,"Escola Básica Aprígio Gomes, Mina, Amadora",Amadora,Lisboa,Grande Lisboa,Grande Lisboa,1er_cycle_uniquement,423.0,96.0,131.0,109.0,87.0,0.0375,,,,,,,,,,,,,,,,
1115014,"Escola Básica Alice Vieira, Buraca, Amadora",Amadora,Lisboa,Grande Lisboa,Grande Lisboa,1er_cycle_uniquement,285.0,69.0,68.0,65.0,83.0,0.0725,,,,,,,,,,,,,,,,
1115029,"Escola Básica Cardoso Lopes, Amadora",Amadora,,,,2eme_cycle_uniquement,,,,,,,140,150,145,141,175,143,164,179,0.49,0.51,343,0.07999999821186066,0.019999999552965164,170,0.9588235294117647,0.9570290086272453
1115032,"Escola Básica Orlando Gonçalves, Alfornelos, Amadora",Amadora,Lisboa,Grande Lisboa,Grande Lisboa,1er_cycle_uniquement,211.0,47.0,69.0,50.0,45.0,0.015,,,,,,,,,,,,,,,,
1115065,"Escola Básica da Quinta Grande, Alfragide, Amadora",Amadora,Lisboa,Grande Lisboa,Grande Lisboa,1er_cycle_uniquement,226.0,63.0,70.0,44.0,49.0,0.0,,,,,,,,,,,,,,,,
1115108,"Escola Básica da Mina, Amadora",Amadora,Lisboa,Grande Lisboa,Grande Lisboa,1er_cycle_uniquement,176.0,44.0,45.0,41.0,46.0,0.02,,,,,,,,,,,,,,,,
1115111,"Escola Básica Padre Himalaia, Damaia, Amadora",Amadora,Lisboa,Grande Lisboa,Grande Lisboa,1er_cycle_uniquement,182.0,65.0,73.0,44.0,0.0,0.07,,,,,,,,,,,,,,,,
1115113,"Externato ""O Viveirinho""",Amadora,Lisboa,Grande Lisboa,Grande Lisboa,1er_cycle_uniquement,27.0,8.0,4.0,9.0,6.0,0.0,,,,,,,,,,,,,,,,
1115115,"Escola Básica da Brandoa, Amadora",Amadora,Lisboa,Grande Lisboa,Grande Lisboa,1er_cycle_uniquement,276.0,70.0,72.0,70.0,64.0,0.0175,,,,,,,,,,,,,,,,
1115136,"Escola Básica Manuel Heleno, Carenque, Amadora",Amadora,Lisboa,Grande Lisboa,Grande Lisboa,1er_cycle_uniquement,108.0,24.0,45.0,19.0,20.0,0.0425,,,,,,,,,,,,,,,,
1115140,Externato Nossa Senhora da Paz,Amadora,Lisboa,Grande Lisboa,Grande Lisboa,1er_cycle_uniquement,47.0,13.0,10.0,15.0,9.0,0.025,,,,,,,,,,,,,,,,
1115169,"Escola Básica da Venteira, Amadora",Amadora,Lisboa,Grande Lisboa,Grande Lisboa,1er_cycle_uniquement,210.0,105.0,105.0,0.0,0.0,0.015,,,,,,,,,,,,,,,,
1115227,"Escola Básica Alice Leite, Alfornelos, Amadora",Amadora,Lisboa,Grande Lisboa,Grande Lisboa,1er_cycle_uniquement,146.0,48.0,25.0,25.0,48.0,0.015,,,,,,,,,,,,,,,,
1115228,"Escola Básica Ricardo Alberty, São Brás, Amadora",Amadora,Lisboa,Grande Lisboa,Grande Lisboa,1er_cycle_uniquement,200.0,57.0,56.0,29.0,58.0,0.0775,,,,,,,,,,,,,,,,
1115234,"Escola Básica Prof. Pedro d’Orey da Cunha, Damaia, Amadora",Amadora,Lisboa,Grande Lisboa,Grande Lisboa,1er_et_2eme_cycle,111.0,0.0,0.0,26.0,85.0,0.065,143,162,114,127,98,122,144,110,0.53,0.47,254,0.07999999821186066,0.15000000596046448,80,0.875,0.9083824556235168
1115235,"Escola Básica Roque Gameiro, Reboleira, Amadora",Amadora,Lisboa,Grande Lisboa,Grande Lisboa,1er_et_2eme_cycle,44.0,0.0,0.0,0.0,44.0,0.02,187,197,188,177,187,176,186,189,0.49,0.51,375,0.07999999821186066,0.09000000357627869,177,0.8813559322033898,0.965616532657184
1115256,"Escola Básica do Alto do Moinho, Zambujal, Amadora",Amadora,Lisboa,Grande Lisboa,Grande Lisboa,1er_cycle_uniquement,142.0,28.0,35.0,33.0,46.0,0.0775,,,,,,,,,,,,,,,,
1115267,Escola Luis Madureira (Stª Casa Misericórdia da Amadora),Amadora,Lisboa,Grande Lisboa,Grande Lisboa,1er_et_2eme_cycle,185.0,48.0,48.0,49.0,40.0,0.0075,55,53,55,55,50,54,56,53,0.56,0.44,109,0,0,49,1,0.985245272680335
1115310,"Externato ""O Baloiço""",Amadora,Lisboa,Grande Lisboa,Grande Lisboa,1er_cycle_uniquement,49.0,10.0,15.0,12.0,12.0,0.0,,,,,,,,,,,,,,,,
1115323,"Escola Básica da Terra dos Arcos, Falagueira, Amadora",Amadora,Lisboa,Grande Lisboa,Grande Lisboa,1er_cycle_uniquement,220.0,42.0,66.0,49.0,63.0,0.0175,,,,,,,,,,,,,,,,
1115390,"Escola Básica D. Francisco Manuel Melo, Venteira, Amadora",Amadora,Lisboa,Grande Lisboa,Grande Lisboa,1er_et_2eme_cycle,205.0,0.0,0.0,106.0,99.0,0.03,144,155,154,148,163,152,171,167,0.55,0.45,338,0.03999999910593033,0.05000000074505806,151,0.8940397350993378,0.927730715871188
1115424,"Escola Básica Sophia de Mello Breyner Andresen, Brandoa, Amadora",Amadora,,,,2eme_cycle_uniquement,,,,,,,164,201,205,160,163,206,168,179,0.51,0.49,347,0.07000000029802322,0.05999999865889549,146,0.9657534246575342,0.9452145583878591
1115433,"Escola Básica Artur Martinho Simões, São Brás, Amadora",Amadora,Lisboa,Grande Lisboa,Grande Lisboa,1er_cycle_uniquement,274.0,69.0,67.0,67.0,71.0,0.01,,,,,,,,,,,,,,,,
1115446,"Escola Básica Sacadura Cabral, Brandoa, Amadora",Amadora,Lisboa,Grande Lisboa,Grande Lisboa,1er_cycle_uniquement,385.0,87.0,116.0,91.0,91.0,0.02,,,,,,,,,,,,,,,,
1115448,"Escola Básica de Alfragide, Amadora",Amadora,Lisboa,Grande Lisboa,Grande Lisboa,1er_cycle_uniquement,160.0,46.0,46.0,42.0,26.0,0.01,,,,,,,,,,,,,,,,
1115466,"Escola Básica de Águas Livres, Damaia, Amadora",Amadora,Lisboa,Grande Lisboa,Grande Lisboa,1er_cycle_uniquement,215.0,45.0,63.0,64.0,43.0,0.1075,,,,,,,,,,,,,,,,
1115498,"Escola Básica Miguel Torga, São Brás, Amadora",Amadora,,,,2eme_cycle_uniquement,,,,,,,114,97,103,112,118,101,106,110,0.52,0.48,216,0.11999999731779099,0.05000000074505806,107,0.8504672897196262,0.9417027835494001
1115504,"Escola Básica Brito Pais, Amadora",Amadora,Lisboa,Grande Lisboa,Grande Lisboa,1er_cycle_uniquement,110.0,45.0,20.0,24.0,21.0,0.0475,,,,,,,,,,,,,,,,
1115517,"Escola Básica Gago Coutinho, Reboleira, Amadora",Amadora,Lisboa,Grande Lisboa,Grande Lisboa,1er_cycle_uniquement,136.0,46.0,25.0,22.0,43.0,0.0225,,,,,,,,,,,,,,,,
1115554,"Escola Básica Almeida Garrett, Alfragide, Amadora",Amadora,,,,2eme_cycle_uniquement,,,,,,,108,136,123,108,121,111,105,114,0.51,0.49,219,0.1599999964237213,0.15000000596046448,97,0.865979381443299,0.919350580235722
1115570,"Externato ""O Cisne""",Amadora,Lisboa,Grande Lisboa,Grande Lisboa,1er_cycle_uniquement,0.0,0.0,0.0,0.0,0.0,,,,,,,,,,,,,,,,,
1115572,"Escola Básica Santos Mattos, Venda Nova, Amadora",Amadora,Lisboa,Grande Lisboa,Grande Lisboa,1er_cycle_uniquement,115.0,43.0,23.0,24.0,25.0,0.0425,,,,,,,,,,,,,,,,
1115581,"Escola Básica Condes da Lousã, Damaia, Amadora",Amadora,Lisboa,Grande Lisboa,Grande Lisboa,1er_cycle_uniquement,181.0,41.0,55.0,43.0,42.0,0.1425,,,,,,,,,,,,,,,,
1115593,"Externato ""Rainha D. Estefânea""",Amadora,Lisboa,Grande Lisboa,Grande Lisboa,1er_cycle_uniquement,43.0,17.0,7.0,8.0,11.0,0.0,,,,,,,,,,,,,,,,
1115606,"Escola Básica e Secundária Dr. Azevedo Neves, Damaia, Amadora",Amadora,,,,2eme_cycle_uniquement,,,,,,,90,82,88,101,75,88,74,80,0.55,0.45,154,0.07999999821186066,0.20000000298023224,57,0.8245614035087719,0.9261867229160088
1115654,"Externato ""Aljubarrota""",Amadora,Lisboa,Grande Lisboa,Grande Lisboa,1er_cycle_uniquement,21.0,6.0,4.0,5.0,6.0,0.0,,,,,,,,,,,,,,,,
111568,"Escola Básica de Antes, Mealhada",Mealhada,Lisboa,Grande Lisboa,Grande Lisboa,1er_cycle_uniquement,21.0,6.0,5.0,3.0,7.0,0.0,,,,,,,,,,,,,,,,
1115684,"Escola Básica Maria Irene Lopes de Azevedo, Venda Nova, Amadora",Amadora,Lisboa,Grande Lisboa,Grande Lisboa,1er_cycle_uniquement,92.0,23.0,23.0,22.0,24.0,0.01,,,,,,,,,,,,,,,,
1115693,PaRK International School - Alfragide,Amadora,Lisboa,Grande Lisboa,Grande Lisboa,1er_cycle_uniquement,298.0,75.0,75.0,73.0,75.0,0.0,,,,,,,,,,,,,,,,
1115697,Colégio D. João VI,Amadora,Lisboa,Grande Lisboa,Grande Lisboa,1er_cycle_uniquement,0.0,0.0,0.0,0.0,0.0,,,,,,,,,,,,,,,,,
1115723,"Escola Básica José Ruy, Reboleira, Amadora",Amadora,Lisboa,Grande Lisboa,Grande Lisboa,1er_cycle_uniquement,291.0,68.0,88.0,70.0,65.0,0.115,,,,,,,,,,,,,,,,
1115744,"Escola Básica de Moinhos da Funcheira, Amadora",Amadora,Lisboa,Grande Lisboa,Grande Lisboa,1er_cycle_uniquement,198.0,46.0,67.0,32.0,53.0,0.035,,,,,,,,,,,,,,,,
1115766,"Externato ""Roque Gameiro""",Amadora,Lisboa,Grande Lisboa,Grande Lisboa,1er_cycle_uniquement,0.0,0.0,0.0,0.0,0.0,,,,,,,,,,,,,,,,,
1115777,"Externato ""Cinderela""",Amadora,Lisboa,Grande Lisboa,Grande Lisboa,1er_et_2eme_cycle,63.0,14.0,14.0,18.0,17.0,0.0,13,11,15,8,15,15,11,13,0.54,0.46,24,0.09000000357627869,0,14,*,*
1115817,Colégio D. Filipa,Amadora,Lisboa,Grande Lisboa,Grande Lisboa,1er_et_2eme_cycle,54.0,18.0,13.0,11.0,12.0,0.0,20,21,32,19,23,32,16,22,0.39,0.61,38,0,0,21,0.9523809523809523,0.9581252157122623
1115822,"Escola Básica e Secundária de Mães d’Água, Falagueira, Amadora",Amadora,,,,2eme_cycle_uniquement,,,,,,,83,62,68,80,53,64,86,52,0.55,0.45,138,0.4399999976158142,0.4000000059604645,31,0.5806451612903226,0.835270956017202
1115837,Colégio de Alfragide,Amadora,Lisboa,Grande Lisboa,Grande Lisboa,1er_et_2eme_cycle,83.0,25.0,20.0,17.0,21.0,0.0125,16,16,10,15,18,8,17,18,0.33999999999999997,0.66,35,0,0,18,0.9444444444444444,0.9891973267974419
1115839,"Escola Básica José Cardoso Pires, São Brás, Amadora",Amadora,,,,2eme_cycle_uniquement,,,,,,,106,105,100,105,103,114,103,95,0.45999999999999996,0.54,198,0.1599999964237213,0.09000000357627869,87,0.7586206896551724,0.9057820299671746
1115905,"Escola Básica de Alfornelos, Amadora",Amadora,,,,2eme_cycle_uniquement,,,,,,,136,119,112,131,113,116,107,117,0.47,0.53,224,0.029999999329447746,0.07999999821186066,100,0.92,0.9473752938742007
1115976,"Escola Básica Artur Bual, Falagueira, Amadora",Amadora,Lisboa,Grande Lisboa,Grande Lisboa,1er_cycle_uniquement,166.0,44.0,38.0,34.0,50.0,0.1125,,,,,,,,,,,,,,,,
1115980,"Escola Básica Vasco Martins Rebolo, Reboleira, Amadora",Amadora,Lisboa,Grande Lisboa,Grande Lisboa,1er_cycle_uniquement,135.0,42.0,47.0,46.0,0.0,0.0433,,,,,,,,,,,,,,,,
1115984,"Escola Básica e Secundária D. João V, Damaia, Amadora",Amadora,,,,2eme_cycle_uniquement,,,,,,,83,66,87,87,113,94,62,121,0.49,0.51,183,0.05999999865889549,0.15000000596046448,102,0.8333333333333334,0.9283720117669318
1115999,"Escola Básica José Garcês, Casal da Mira, Amadora",Amadora,Lisboa,Grande Lisboa,Grande Lisboa,1er_cycle_uniquement,115.0,20.0,37.0,33.0,25.0,0.095,,,,,,,,,,,,,,,,
1116001,"Escola Básica de Porto Pinheiro, Odivelas",Odivelas,Lisboa,Grande Lisboa,Grande Lisboa,1er_cycle_uniquement,300.0,94.0,69.0,70.0,67.0,0.0,,,,,,,,,,,,,,,,
1116002,"Escola Básica de Casal dos Apréstimos, Ramada, Odivelas",Odivelas,Lisboa,Grande Lisboa,Grande Lisboa,1er_cycle_uniquement,273.0,72.0,68.0,64.0,69.0,0.0025,,,,,,,,,,,,,,,,
1116072,"Escola Básica da Quinta da Condessa, Bairro da Condessa, Odivelas",Odivelas,Lisboa,Grande Lisboa,Grande Lisboa,1er_cycle_uniquement,146.0,34.0,35.0,36.0,41.0,0.065,,,,,,,,,,,,,,,,
1116232,Jardim de Infância Pião Mágico,Odivelas,Lisboa,Grande Lisboa,Grande Lisboa,1er_cycle_uniquement,83.0,20.0,21.0,22.0,20.0,0.0,,,,,,,,,,,,,,,,
1116420,Jardim Escola João de Deus - Odivelas,Odivelas,Lisboa,Grande Lisboa,Grande Lisboa,1er_cycle_uniquement,190.0,52.0,47.0,45.0,46.0,0.0,,,,,,,,,,,,,,,,
1116429,"Escola Básica do Mosteiro, Odivelas",Odivelas,Lisboa,Grande Lisboa,Grande Lisboa,1er_cycle_uniquement,162.0,73.0,44.0,45.0,0.0,0.0533,,,,,,,,,,,,,,,,
111759,"Escola Básica de Casal Comba, Mealhada",Mealhada,Lisboa,Grande Lisboa,Grande Lisboa,1er_cycle_uniquement,39.0,14.0,14.0,7.0,4.0,0.0,,,,,,,,,,,,,,,,
111869,Escola Básica n.º 2 de Mealhada,Mealhada,,,,2eme_cycle_uniquement,,,,,,,102,111,105,108,96,106,94,100,0.51,0.49,194,0.019999999552965164,0.019999999552965164,93,1,0.9716412959411095
111876,Escola Básica n.º 1 de Mealhada,Mealhada,Lisboa,Grande Lisboa,Grande Lisboa,1er_cycle_uniquement,235.0,67.0,57.0,59.0,52.0,0.0075,,,,,,,,,,,,,,,,
112010,"Escola Básica de Torreira, Murtosa",Murtosa,Portalegre,Alto Alentejo,Alentejo,1er_et_2eme_cycle,101.0,21.0,29.0,20.0,31.0,0.0,37,33,26,38,26,32,12,29,0.39,0.61,41,0,0.029999999329447746,21,0.9523809523809523,0.9415794314396762
112155,"Escola Básica de Monte, Murtosa",Murtosa,Portalegre,Alto Alentejo,Alentejo,1er_cycle_uniquement,77.0,24.0,25.0,17.0,11.0,0.0225,,,,,,,,,,,,,,,,
112573,"Escola Básica e Secundária Padre António Morais da Fonseca, Murtosa",Murtosa,Portalegre,Alto Alentejo,Alentejo,1er_et_2eme_cycle,147.0,36.0,38.0,28.0,45.0,0.0625,78,74,70,77,71,72,82,71,0.54,0.46,153,0.05000000074505806,0.029999999329447746,65,0.9538461538461539,0.928557140916505
112628,"Escola Básica de São Silvestre, Murtosa",Murtosa,Portalegre,Alto Alentejo,Alentejo,1er_cycle_uniquement,49.0,10.0,13.0,14.0,12.0,0.0,,,,,,,,,,,,,,,,
113001,"Escola Básica de Azagães, Carregosa, Oliveira de Azeméis",Oliveira de Azeméis,Porto,Área Metropolitana do Porto,Norte,1er_cycle_uniquement,102.0,37.0,34.0,31.0,0.0,0.01,,,,,,,,,,,,,,,,
113009,"Escola Básica Dr. José Pereira Tavares, Pinheiro da Bemposta, Oliveira de Azeméis",Oliveira de Azeméis,,,,2eme_cycle_uniquement,,,,,,,33,28,49,34,35,48,30,34,0.42000000000000004,0.58,64,0,0,33,1,0.9599090750083594
113010,"Escola Básica de Loureiro, Alumieira, Oliveira de Azeméis",Oliveira de Azeméis,,,,2eme_cycle_uniquement,,,,,,,43,56,50,43,64,51,42,63,0.51,0.49,105,0,0.019999999552965164,63,0.9841269841269841,0.9559757188361536
113079,"Escola Básica n.º 1 de Travanca, Outeiro, Oliveira de Azeméis",Oliveira de Azeméis,Porto,Área Metropolitana do Porto,Norte,1er_cycle_uniquement,50.0,13.0,8.0,16.0,13.0,0.0,,,,,,,,,,,,,,,,
113095,"Escola Básica n.º 1 de Faria de Baixo, Oliveira de Azeméis",Oliveira de Azeméis,Porto,Área Metropolitana do Porto,Norte,1er_cycle_uniquement,39.0,5.0,10.0,12.0,12.0,0.025,,,,,,,,,,,,,,,,
113109,"Escola Básica de Bustelo, Oliveira de Azeméis",Oliveira de Azeméis,Porto,Área Metropolitana do Porto,Norte,1er_cycle_uniquement,21.0,6.0,5.0,5.0,5.0,0.0,,,,,,,,,,,,,,,,
113147,"Escola Básica e Secundária Ferreira de Castro, Oliveira de Azeméis",Oliveira de Azeméis,,,,2eme_cycle_uniquement,,,,,,,109,94,101,110,113,100,112,118,0.52,0.48,230,0.009999999776482582,0.019999999552965164,109,0.9908256880733946,0.964260392902998
113151,"Escola Básica de Outeiro, Santiago de Riba-Ul, Oliveira de Azeméis",Oliveira de Azeméis,Porto,Área Metropolitana do Porto,Norte,1er_cycle_uniquement,156.0,37.0,26.0,67.0,26.0,0.01,,,,,,,,,,,,,,,,
113169,"Escola Básica de Madail, Oliveira de Azeméis",Oliveira de Azeméis,Porto,Área Metropolitana do Porto,Norte,1er_cycle_uniquement,37.0,13.0,3.0,3.0,18.0,0.0,,,,,,,,,,,,,,,,
113176,"Escola Básica Comendador Ângelo Azevedo, Oliveira de Azeméis",Oliveira de Azeméis,Porto,Área Metropolitana do Porto,Norte,1er_et_2eme_cycle,181.0,38.0,39.0,59.0,45.0,0.0,47,39,53,48,53,52,50,54,0.5700000000000001,0.43,104,0,0,50,1,0.9661336374621942
113278,"Escola Básica e Secundária Soares Basto, Oliveira de Azeméis",Oliveira de Azeméis,,,,2eme_cycle_uniquement,,,,,,,154,132,130,154,128,140,124,140,0.49,0.51,264,0,0.009999999776482582,127,0.9921259842519685,0.9595881122707911
113293,"Escola Básica de Macieira de Sarnes, Oliveira de Azeméis",Oliveira de Azeméis,Porto,Área Metropolitana do Porto,Norte,1er_cycle_uniquement,29.0,9.0,7.0,6.0,7.0,0.0,,,,,,,,,,,,,,,,
113350,"Escola Básica de Curval, Oliveira de Azeméis",Oliveira de Azeméis,Porto,Área Metropolitana do Porto,Norte,1er_cycle_uniquement,37.0,8.0,12.0,11.0,6.0,0.0,,,,,,,,,,,,,,,,
113401,"Escola Básica e Secundária de Fajões, Oliveira de Azeméis",Oliveira de Azeméis,,,,2eme_cycle_uniquement,,,,,,,65,70,65,65,57,69,70,55,0.55,0.45,125,0,0.019999999552965164,54,0.9629629629629629,0.95745546205004
113429,Escola Básica n.º 4 de Oliveira de Azeméis,Oliveira de Azeméis,Porto,Área Metropolitana do Porto,Norte,1er_cycle_uniquement,178.0,46.0,48.0,40.0,44.0,0.0,,,,,,,,,,,,,,,,
113433,"Escola Básica Comendador António da Silva Rodrigues, Oliveira de Azeméis",Oliveira de Azeméis,Porto,Área Metropolitana do Porto,Norte,1er_cycle_uniquement,77.0,21.0,17.0,17.0,22.0,0.0,,,,,,,,,,,,,,,,
113435,"Escola Básica de Pindelo, Oliveira de Azeméis",Oliveira de Azeméis,Porto,Área Metropolitana do Porto,Norte,1er_cycle_uniquement,36.0,14.0,10.0,6.0,6.0,0.0,,,,,,,,,,,,,,,,
113470,"Escola Básica de Carregosa, Oliveira de Azeméis",Oliveira de Azeméis,Porto,Área Metropolitana do Porto,Norte,1er_et_2eme_cycle,22.0,0.0,0.0,0.0,22.0,0.0,27,40,37,28,27,38,32,28,0.55,0.45,60,0,0,27,0.9259259259259259,0.9509324944545021
113486,"Escola Básica de Brejo, Serrazina, Oliveira de Azeméis",Oliveira de Azeméis,Porto,Área Metropolitana do Porto,Norte,1er_cycle_uniquement,60.0,17.0,10.0,15.0,18.0,0.0525,,,,,,,,,,,,,,,,
113503,Escola Básica n.º 1 de Oliveira de Azeméis,Oliveira de Azeméis,Porto,Área Metropolitana do Porto,Norte,1er_cycle_uniquement,87.0,21.0,21.0,25.0,20.0,0.0,,,,,,,,,,,,,,,,
113509,"Escola Básica de Alumieira, Oliveira de Azeméis",Oliveira de Azeméis,Porto,Área Metropolitana do Porto,Norte,1er_cycle_uniquement,127.0,34.0,34.0,35.0,24.0,0.0,,,,,,,,,,,,,,,,
113513,"Escola Básica e Secundária Dr. Ferreira da Silva, Cucujães, Oliveira de Azeméis",Oliveira de Azeméis,,,,2eme_cycle_uniquement,,,,,,,44,64,46,44,55,49,45,63,0.52,0.48,108,0,0,55,1,0.962988579760554
113515,"Escola Básica n.º 1 de Cruzeiro, Alvão, Oliveira de Azeméis",Oliveira de Azeméis,Porto,Área Metropolitana do Porto,Norte,1er_cycle_uniquement,24.0,6.0,7.0,8.0,3.0,0.0,,,,,,,,,,,,,,,,
113551,"Escola Básica de Palmaz, Oliveira de Azeméis",Oliveira de Azeméis,Porto,Área Metropolitana do Porto,Norte,1er_cycle_uniquement,21.0,7.0,3.0,6.0,5.0,0.0,,,,,,,,,,,,,,,,
113561,"Escola Básica de Picoto, Oliveira de Azeméis",Oliveira de Azeméis,Porto,Área Metropolitana do Porto,Norte,1er_cycle_uniquement,138.0,31.0,33.0,38.0,36.0,0.0075,,,,,,,,,,,,,,,,
113563,"Escola Básica n.º 1 de Cesar, Picoto, Oliveira de Azeméis",Oliveira de Azeméis,Porto,Área Metropolitana do Porto,Norte,1er_cycle_uniquement,133.0,39.0,26.0,46.0,22.0,0.0,,,,,,,,,,,,,,,,
113582,Colégio da Gandarinha - Fundação Condessa Penha Longa,Oliveira de Azeméis,Porto,Área Metropolitana do Porto,Norte,1er_cycle_uniquement,77.0,22.0,19.0,16.0,20.0,0.0,,,,,,,,,,,,,,,,
113605,"Escola Básica n.º 1 de Santiago de Riba-Ul, Vila Cova, Oliveira de Azeméis",Oliveira de Azeméis,Porto,Área Metropolitana do Porto,Norte,1er_cycle_uniquement,67.0,13.0,16.0,14.0,24.0,0.0325,,,,,,,,,,,,,,,,
113614,Escola Básica n.º 2 de Oliveira de Azeméis,Oliveira de Azeméis,Porto,Área Metropolitana do Porto,Norte,1er_cycle_uniquement,61.0,22.0,6.0,15.0,18.0,0.0325,,,,,,,,,,,,,,,,
113673,"Externato Infantil ""O Despertar""",Oliveira de Azeméis,Porto,Área Metropolitana do Porto,Norte,1er_cycle_uniquement,0.0,0.0,0.0,0.0,0.0,,,,,,,,,,,,,,,,,
113713,"Escola Básica n.º 3 de Fajões, Oliveira de Azeméis",Oliveira de Azeméis,Porto,Área Metropolitana do Porto,Norte,1er_cycle_uniquement,75.0,23.0,21.0,13.0,18.0,0.0,,,,,,,,,,,,,,,,
113728,"Escola Básica Maria Godinho, Arroteia, Oliveira de Azeméis",Oliveira de Azeméis,Porto,Área Metropolitana do Porto,Norte,1er_cycle_uniquement,48.0,12.0,8.0,13.0,15.0,0.0,,,,,,,,,,,,,,,,
113836,"Escola Básica de Santo António, Ossela, Oliveira de Azeméis",Oliveira de Azeméis,Porto,Área Metropolitana do Porto,Norte,1er_cycle_uniquement,33.0,5.0,8.0,9.0,11.0,0.0,,,,,,,,,,,,,,,,
113966,"Escola Básica n.º 1 de Areosa, Oliveira de Azeméis",Oliveira de Azeméis,Porto,Área Metropolitana do Porto,Norte,1er_cycle_uniquement,63.0,18.0,9.0,19.0,17.0,0.0,,,,,,,,,,,,,,,,
114001,Escola Básica de Oliveira do Bairro,Oliveira do Bairro,Santarém,Lezíria do Tejo,Oeste e Vale do Tejo,1er_cycle_uniquement,199.0,47.0,49.0,49.0,54.0,0.02,,,,,,,,,,,,,,,,
114002,"Escola Básica de Palhaça, Oliveira do Bairro",Oliveira do Bairro,Santarém,Lezíria do Tejo,Oeste e Vale do Tejo,1er_cycle_uniquement,133.0,33.0,42.0,21.0,37.0,0.025,,,,,,,,,,,,,,,,
114004,"Escola Básica de Troviscal, Oliveira do Bairro",Oliveira do Bairro,Santarém,Lezíria do Tejo,Oeste e Vale do Tejo,1er_cycle_uniquement,81.0,21.0,27.0,21.0,12.0,0.0,,,,,,,,,,,,,,,,
114005,"Escola Básica de Oiã Poente, Oliveira do Bairro",Oliveira do Bairro,Santarém,Lezíria do Tejo,Oeste e Vale do Tejo,1er_cycle_uniquement,75.0,19.0,23.0,17.0,16.0,0.01,,,,,,,,,,,,,,,,
114006,"Escola Básica de Oiã Nascente, Oliveira do Bairro",Oliveira do Bairro,Santarém,Lezíria do Tejo,Oeste e Vale do Tejo,1er_cycle_uniquement,89.0,24.0,27.0,17.0,21.0,0.01,,,,,,,,,,,,,,,,
114135,"Escola Básica Frei Gil, Bustos, Oliveira do Bairro",Oliveira do Bairro,,,,2eme_cycle_uniquement,,,,,,,0,0,0,0,0,0,85,98,0.44999999999999996,0.55,183,0.009999999776482582,0.029999999329447746,,,
114354,"Escola Básica Dr. Acácio de Azevedo, Oliveira do Bairro",Oliveira do Bairro,,,,2eme_cycle_uniquement,,,,,,,170,188,185,171,185,204,104,104,0.53,0.47,208,0,0.009999999776482582,176,0.9545454545454546,0.9493201433043823
114503,"Escola Básica de Vila Verde, Oliveira do Bairro",Oliveira do Bairro,Santarém,Lezíria do Tejo,Oeste e Vale do Tejo,1er_cycle_uniquement,82.0,21.0,22.0,21.0,18.0,0.0125,,,,,,,,,,,,,,,,
114766,"Escola Básica Dr. Fernando Peixinho, Oiã, Oliveira do Bairro",Oliveira do Bairro,Santarém,Lezíria do Tejo,Oeste e Vale do Tejo,1er_et_2eme_cycle,122.0,27.0,32.0,41.0,22.0,0.045,40,44,52,43,63,54,55,66,0.48,0.52,121,0.019999999552965164,0.029999999329447746,58,0.9310344827586207,0.9560979088805491
114769,"Escola Básica de Bustos, Oliveira do Bairro",Oliveira do Bairro,Santarém,Lezíria do Tejo,Oeste e Vale do Tejo,1er_cycle_uniquement,129.0,31.0,20.0,44.0,34.0,0.02,,,,,,,,,,,,,,,,
114852,"Escola Básica de Mamarrosa, Oliveira do Bairro",Oliveira do Bairro,Santarém,Lezíria do Tejo,Oeste e Vale do Tejo,1er_cycle_uniquement,44.0,8.0,12.0,12.0,12.0,0.0625,,,,,,,,,,,,,,,,
115039,"Escola Básica de Maceda, Ovar",Ovar,,,,2eme_cycle_uniquement,,,,,,,33,47,44,32,31,45,40,31,0.44999999999999996,0.55,71,0.029999999329447746,0,31,1,0.9470995742093089
115043,"Escola Básica de Campo Grande, Esmoriz, Ovar",Ovar,Setúbal,Península de Setúbal,Península de Setúbal,1er_cycle_uniquement,71.0,16.0,12.0,18.0,25.0,0.0,,,,,,,,,,,,,,,,
115064,"Escola Básica de São João, Ovar",Ovar,Setúbal,Península de Setúbal,Península de Setúbal,1er_cycle_uniquement,87.0,20.0,26.0,18.0,23.0,0.01,,,,,,,,,,,,,,,,
115068,"Escola Básica de Habitovar, Ovar",Ovar,Setúbal,Península de Setúbal,Península de Setúbal,1er_cycle_uniquement,189.0,44.0,48.0,48.0,49.0,0.005,,,,,,,,,,,,,,,,
115119,"Escola Básica de Combatentes, Ovar",Ovar,Setúbal,Península de Setúbal,Península de Setúbal,1er_cycle_uniquement,219.0,67.0,54.0,49.0,49.0,0.0275,,,,,,,,,,,,,,,,
115125,"Escola Básica de Ponte Nova, Ovar",Ovar,Setúbal,Península de Setúbal,Península de Setúbal,1er_cycle_uniquement,89.0,19.0,23.0,24.0,23.0,0.0425,,,,,,,,,,,,,,,,
115191,"Escola Básica de Torre, Esmoriz, Ovar",Ovar,Setúbal,Península de Setúbal,Península de Setúbal,1er_cycle_uniquement,88.0,20.0,20.0,24.0,24.0,0.0,,,,,,,,,,,,,,,,
115212,"Escola Básica Monsenhor Miguel de Oliveira, Válega, Ovar",Ovar,,,,2eme_cycle_uniquement,,,,,,,39,39,47,40,40,49,38,45,0.51,0.49,83,0.07999999821186066,0.03999999910593033,38,0.9473684210526315,0.9479592699454511
115259,"Escola Básica de Praia, Esmoriz, Ovar",Ovar,Setúbal,Península de Setúbal,Península de Setúbal,1er_cycle_uniquement,81.0,21.0,17.0,22.0,21.0,0.04,,,,,,,,,,,,,,,,
115308,"Escola Básica Florbela Espanca, Esmoriz, Ovar",Ovar,,,,2eme_cycle_uniquement,,,,,,,121,121,142,123,117,147,132,120,0.53,0.47,252,0.019999999552965164,0.009999999776482582,114,1,0.9617581447081032
115342,"Escola Básica de Vinha, Esmoriz, Ovar",Ovar,Setúbal,Península de Setúbal,Península de Setúbal,1er_cycle_uniquement,77.0,17.0,20.0,20.0,20.0,0.0,,,,,,,,,,,,,,,,
115521,"Escola Básica de Regedoura, Válega, Ovar",Ovar,Setúbal,Península de Setúbal,Península de Setúbal,1er_cycle_uniquement,123.0,40.0,34.0,37.0,12.0,0.0,,,,,,,,,,,,,,,,
115522,"Escola Básica António Dias Simões, Ovar",Ovar,,,,2eme_cycle_uniquement,,,,,,,242,244,250,242,229,262,229,244,0.51,0.49,473,0.009999999776482582,0.019999999552965164,213,0.9765258215962441,0.9577491660318399
115554,"Escola Básica de Oliveirinha, Ovar",Ovar,Setúbal,Península de Setúbal,Península de Setúbal,1er_cycle_uniquement,99.0,25.0,24.0,25.0,25.0,0.03,,,,,,,,,,,,,,,,
115560,"Escola Básica de Estrada, Maceda, Ovar",Ovar,Setúbal,Península de Setúbal,Península de Setúbal,1er_cycle_uniquement,122.0,33.0,23.0,29.0,37.0,0.03,,,,,,,,,,,,,,,,
115614,"Escola Básica de Relva, Esmoriz, Ovar",Ovar,Setúbal,Península de Setúbal,Península de Setúbal,1er_cycle_uniquement,92.0,24.0,24.0,20.0,24.0,0.01,,,,,,,,,,,,,,,,
115657,"Escola Básica de Gavinho, Cortegaça, Ovar",Ovar,Setúbal,Península de Setúbal,Península de Setúbal,1er_cycle_uniquement,65.0,22.0,13.0,12.0,18.0,0.015,,,,,,,,,,,,,,,,
115696,"Escola Básica de Furadouro, Ovar",Ovar,Setúbal,Península de Setúbal,Península de Setúbal,1er_cycle_uniquement,97.0,24.0,25.0,28.0,20.0,0.0,,,,,,,,,,,,,,,,
115704,"Escola Básica de São Vicente de Pereira Jusã, Ovar",Ovar,Setúbal,Península de Setúbal,Península de Setúbal,1er_et_2eme_cycle,53.0,12.0,12.0,12.0,17.0,0.0,18,28,31,19,11,29,24,10,0.47,0.53,34,0,0,10,*,*
115789,"Escola Básica de Outeiral, Ovar",Ovar,Setúbal,Península de Setúbal,Península de Setúbal,1er_cycle_uniquement,74.0,18.0,18.0,19.0,19.0,0.0125,,,,,,,,,,,,,,,,
115898,"Escola Básica de Cabanões, Ovar",Ovar,Setúbal,Península de Setúbal,Península de Setúbal,1er_cycle_uniquement,40.0,14.0,11.0,9.0,6.0,0.0225,,,,,,,,,,,,,,,,
115950,"Escola Básica de São Donato, Ovar",Ovar,Setúbal,Península de Setúbal,Península de Setúbal,1er_cycle_uniquement,51.0,12.0,14.0,14.0,11.0,0.035,,,,,,,,,,,,,,,,
115958,"Escola Básica de Murteira, Ovar",Ovar,Setúbal,Península de Setúbal,Península de Setúbal,1er_cycle_uniquement,25.0,7.0,8.0,5.0,5.0,0.0,,,,,,,,,,,,,,,,
115995,Externato de S. Miguel,Ovar,Setúbal,Península de Setúbal,Península de Setúbal,1er_cycle_uniquement,50.0,8.0,16.0,16.0,10.0,0.015,,,,,,,,,,,,,,,,
116045,"Escola Básica de Fundo de Vila, São João da Madeira",São João da Madeira,Viana do Castelo,Alto Minho,Norte,1er_cycle_uniquement,113.0,33.0,20.0,40.0,20.0,0.0,,,,,,,,,,,,,,,,
116113,Externato Estrela Guia,São João da Madeira,Viana do Castelo,Alto Minho,Norte,1er_cycle_uniquement,29.0,0.0,11.0,12.0,6.0,0.0,,,,,,,,,,,,,,,,
116123,"Escola Básica Conde Dias Garcia, São João da Madeira",São João da Madeira,Viana do Castelo,Alto Minho,Norte,1er_cycle_uniquement,82.0,20.0,20.0,20.0,22.0,0.0,,,,,,,,,,,,,,,,
116250,"Escola Básica de Parrinho, São João da Madeira",São João da Madeira,Viana do Castelo,Alto Minho,Norte,1er_cycle_uniquement,115.0,34.0,40.0,20.0,21.0,0.0,,,,,,,,,,,,,,,,
116290,"Escola Básica das Fontainhas, São João da Madeira",São João da Madeira,Viana do Castelo,Alto Minho,Norte,1er_cycle_uniquement,84.0,20.0,21.0,23.0,20.0,0.0,,,,,,,,,,,,,,,,
116340,"Escola Básica de Ribeiros, São João da Madeira",São João da Madeira,Viana do Castelo,Alto Minho,Norte,1er_cycle_uniquement,157.0,36.0,41.0,40.0,40.0,0.005,,,,,,,,,,,,,,,,
116344,"Escola Básica de Espadanal, São João da Madeira",São João da Madeira,Viana do Castelo,Alto Minho,Norte,1er_cycle_uniquement,184.0,43.0,46.0,48.0,47.0,0.0,,,,,,,,,,,,,,,,
116353,"Escola Básica de Casaldelo, São João da Madeira",São João da Madeira,Viana do Castelo,Alto Minho,Norte,1er_cycle_uniquement,133.0,24.0,21.0,40.0,48.0,0.0,,,,,,,,,,,,,,,,
116374,"Escola Básica e Secundária Oliveira Júnior, São João da Madeira",São João da Madeira,,,,2eme_cycle_uniquement,,,,,,,132,161,131,130,120,134,100,122,0.42000000000000004,0.58,222,0,0,112,0.9910714285714286,0.9687451521709944
116386,Escola Básica e Secundária de São João da Madeira,São João da Madeira,,,,2eme_cycle_uniquement,,,,,,,155,130,109,161,141,119,167,141,0.49,0.51,308,0.009999999776482582,0.019999999552965164,136,1,0.9738340572729816
116392,"Escola Básica de Carquejido, São João da Madeira",São João da Madeira,Viana do Castelo,Alto Minho,Norte,1er_cycle_uniquement,119.0,48.0,24.0,23.0,24.0,0.0,,,,,,,,,,,,,,,,
116413,"Escola Básica e Secundária Dr. Serafim Leite, São João da Madeira",São João da Madeira,,,,2eme_cycle_uniquement,,,,,,,53,65,82,56,67,87,66,75,0.51,0.49,141,0,0.10999999940395355,62,0.9032258064516129,0.9538441492688804
116520,Centro de Educação Integral,São João da Madeira,Viana do Castelo,Alto Minho,Norte,1er_et_2eme_cycle,73.0,23.0,11.0,22.0,17.0,0.0,15,18,21,17,28,22,8,25,0.52,0.48,33,0,0,25,0.88,0.9935098171611655
116565,"Escola Básica do Parque, São João da Madeira",São João da Madeira,Viana do Castelo,Alto Minho,Norte,1er_cycle_uniquement,153.0,35.0,39.0,37.0,42.0,0.0,,,,,,,,,,,,,,,,
117000,"Escola Básica de Paradela do Vouga, Sever do Vouga",Sever do Vouga,Vila Real,Douro,Norte,1er_cycle_uniquement,0.0,0.0,0.0,0.0,0.0,,,,,,,,,,,,,,,,,
117002,"Escola Básica de Rocas do Vouga, Sever do Vouga",Sever do Vouga,Vila Real,Douro,Norte,1er_cycle_uniquement,33.0,7.0,8.0,6.0,12.0,0.0325,,,,,,,,,,,,,,,,
117048,"Escola Básica de Cedrim, Sever do Vouga",Sever do Vouga,Vila Real,Douro,Norte,1er_cycle_uniquement,0.0,0.0,0.0,0.0,0.0,,,,,,,,,,,,,,,,,
117431,Escola Básica e Secundária de Sever do Vouga,Sever do Vouga,,,,2eme_cycle_uniquement,,,,,,,75,98,78,75,82,82,96,83,0.45999999999999996,0.54,179,0.03999999910593033,0.05999999865889549,79,0.9620253164556962,0.9635887607163242
117455,"Escola Básica de Talhadas, Sever do Vouga",Sever do Vouga,Vila Real,Douro,Norte,1er_cycle_uniquement,0.0,0.0,0.0,0.0,0.0,,,,,,,,,,,,,,,,,
117579,Escola Básica de Sever do Vouga,Sever do Vouga,Vila Real,Douro,Norte,1er_cycle_uniquement,267.0,71.0,64.0,69.0,63.0,0.0125,,,,,,,,,,,,,,,,
118001,"Escola Básica de Fonte de Angeão, Vagos",Vagos,Viseu,Viseu Dão Lafões,Centro,1er_cycle_uniquement,184.0,50.0,37.0,44.0,53.0,0.0175,,,,,,,,,,,,,,,,
118002,"Escola Básica da Gafanha da Boa Hora, Vagos",Vagos,Viseu,Viseu Dão Lafões,Centro,1er_cycle_uniquement,137.0,46.0,40.0,25.0,26.0,0.03,,,,,,,,,,,,,,,,
118300,"Escola Básica de Vigia, Vagos",Vagos,Viseu,Viseu Dão Lafões,Centro,1er_cycle_uniquement,59.0,10.0,14.0,16.0,19.0,0.0,,,,,,,,,,,,,,,,
118360,"Escola Básica de Calvão, Vagos",Vagos,Viseu,Viseu Dão Lafões,Centro,1er_cycle_uniquement,130.0,29.0,40.0,35.0,26.0,0.0,,,,,,,,,,,,,,,,
118394,"Escola Básica de Soza, Vagos",Vagos,Viseu,Viseu Dão Lafões,Centro,1er_cycle_uniquement,42.0,6.0,16.0,11.0,9.0,0.0625,,,,,,,,,,,,,,,,
118484,"Escola Básica Dr. João Rocha - Pai, Vagos",Vagos,Viseu,Viseu Dão Lafões,Centro,1er_et_2eme_cycle,134.0,37.0,24.0,31.0,42.0,0.0,116,145,124,118,112,134,139,128,0.55,0.45,267,0,0.05000000074505806,107,0.9813084112149533,0.9580349979234934
118500,Colégio Diocesano de Nossa Senhora da Apresentação,Vagos,,,,2eme_cycle_uniquement,,,,,,,90,78,98,94,83,100,88,90,0.49,0.51,178,0,0.029999999329447746,80,0.9875,0.9358470475412511
118601,"Escola Básica de Quintã, Vagos",Vagos,Viseu,Viseu Dão Lafões,Centro,1er_cycle_uniquement,84.0,24.0,20.0,20.0,20.0,0.0,,,,,,,,,,,,,,,,
118710,"Escola Básica de Salgueiro, Vagos",Vagos,Viseu,Viseu Dão Lafões,Centro,1er_cycle_uniquement,31.0,5.0,11.0,7.0,8.0,0.0325,,,,,,,,,,,,,,,,
118723,"Escola Básica de Ouca, Vagos",Vagos,Viseu,Viseu Dão Lafões,Centro,1er_cycle_uniquement,43.0,8.0,11.0,13.0,11.0,0.09,,,,,,,,,,,,,,,,
118822,"Escola Básica de Lombomeão, Vagos",Vagos,Viseu,Viseu Dão Lafões,Centro,1er_cycle_uniquement,45.0,17.0,15.0,13.0,0.0,0.0,,,,,,,,,,,,,,,,
119001,"Escola Básica de Arões - Junqueira, Vale de Cambra",Vale de Cambra,,,,1er_cycle_uniquement,35.0,10.0,7.0,7.0,11.0,0.0,,,,,,,,,,,,,,,,
119002,"Escola Básica do Búzio, Vale de Cambra",Vale de Cambra,,,,1er_cycle_uniquement,198.0,53.0,44.0,56.0,45.0,0.01,,,,,,,,,,,,,,,,
119185,"Escola Básica de Areias, Vale de Cambra",Vale de Cambra,,,,1er_cycle_uniquement,85.0,19.0,21.0,21.0,24.0,0.0,,,,,,,,,,,,,,,,
119383,"Escola Básica de Casal, Vale de Cambra",Vale de Cambra,,,,1er_cycle_uniquement,25.0,5.0,6.0,10.0,4.0,0.0,,,,,,,,,,,,,,,,
119507,"Escola Básica de Janardo, Vale de Cambra",Vale de Cambra,,,,1er_cycle_uniquement,0.0,0.0,0.0,0.0,0.0,,,,,,,,,,,,,,,,,
119542,"Escola Básica das Dairas, Vale de Cambra",Vale de Cambra,,,,2eme_cycle_uniquement,,,,,,,66,64,71,60,59,75,64,63,0.54,0.46,127,0.019999999552965164,0,56,1,0.9688800996858485
119684,"Escola Básica e Secundária de Búzio, Vale de Cambra",Vale de Cambra,,,,2eme_cycle_uniquement,,,,,,,106,114,111,112,107,115,115,113,0.5800000000000001,0.42,228,0.019999999552965164,0.029999999329447746,102,0.9901960784313726,0.9710084779416475
119719,"Escola Básica de Codal, Vale de Cambra",Vale de Cambra,,,,1er_cycle_uniquement,41.0,10.0,14.0,7.0,10.0,0.0175,,,,,,,,,,,,,,,,
119798,"Escola Básica de Vila Chã, Vale de Cambra",Vale de Cambra,,,,1er_cycle_uniquement,78.0,18.0,24.0,22.0,14.0,0.01,,,,,,,,,,,,,,,,
119873,"Escola Básica de Covo, Vale de Cambra",Vale de Cambra,,,,1er_cycle_uniquement,30.0,7.0,5.0,7.0,11.0,0.0225,,,,,,,,,,,,,,,,
119885,"Escola Básica Luiz Bernardo de Almeida, Vale de Cambra",Vale de Cambra,,,,1er_cycle_uniquement,85.0,17.0,25.0,20.0,23.0,0.0,,,,,,,,,,,,,,,,
119917,"Escola Básica de Macinhata, Vale de Cambra",Vale de Cambra,,,,1er_cycle_uniquement,83.0,19.0,22.0,22.0,20.0,0.0,,,,,,,,,,,,,,,,
1201458,"Escola Básica e Secundária Padre José Agostinho Rodrigues, Alter do Chão",Alter do Chão,,,,2eme_cycle_uniquement,,,,,,,23,20,26,23,24,28,27,24,0.5700000000000001,0.43,51,0,0.17000000178813934,21,0.8095238095238095,0.9570690909497821
1201957,Escola Básica de Alter do Chão,Alter do Chão,,,,1er_cycle_uniquement,106.0,27.0,30.0,24.0,25.0,0.0625,,,,,,,,,,,,,,,,
1202143,"Escola Básica e Secundária Nossa Senhora da Luz, Arronches",Arronches,,,,1er_et_2eme_cycle,95.0,30.0,26.0,18.0,21.0,0.0,28,17,27,27,20,27,22,21,0.53,0.47,43,0,0,20,1,0.9550925656386902
1203036,"Escola Básica Mestre de Avis, Avis",Avis,,,,1er_et_2eme_cycle,42.0,0.0,3.0,18.0,21.0,0.0567,23,42,30,20,37,27,38,28,0.42000000000000004,0.58,66,0.12999999523162842,0.07000000029802322,32,0.8125,0.9265573810944346
1203057,"Escola Básica de Ervedal, Avis",Avis,,,,1er_cycle_uniquement,0.0,0.0,0.0,0.0,0.0,,,,,,,,,,,,,,,,,
1203496,"Escola Básica de Benavila, Avis",Avis,,,,1er_cycle_uniquement,0.0,0.0,0.0,0.0,0.0,,,,,,,,,,,,,,,,,
1203645,Escola Básica de Avis,Avis,,,,1er_cycle_uniquement,41.0,20.0,21.0,0.0,0.0,0.05,,,,,,,,,,,,,,,,
1203678,"Escola Básica de Alcôrrego, Avis",Avis,,,,1er_cycle_uniquement,0.0,0.0,0.0,0.0,0.0,,,,,,,,,,,,,,,,,
1204462,"Escola Básica São João Batista, Campo Maior",Campo Maior,,,,1er_et_2eme_cycle,355.0,90.0,77.0,79.0,109.0,0.05,102,106,91,92,109,76,84,102,0.47,0.53,186,0.14000000059604645,0.05000000074505806,93,0.9139784946236559,0.9555952122506008
1205172,"Escola Básica Garcia da Orta, Castelo de Vide",Castelo de Vide,,,,2eme_cycle_uniquement,,,,,,,26,12,22,28,22,22,24,23,0.47,0.53,47,0,0,22,1,0.9711455671712833
1205446,Escola Básica de Castelo de Vide,Castelo de Vide,,,,1er_cycle_uniquement,89.0,25.0,24.0,21.0,19.0,0.0,,,,,,,,,,,,,,,,
1206960,"Escola Básica Ana Maria Ferreira Gordo, Crato",Crato,,,,1er_et_2eme_cycle,94.0,22.0,23.0,28.0,21.0,0.0275,21,19,20,20,22,20,28,25,0.51,0.49,53,0.10999999940395355,0,20,1,0.9542241452131315
1207010,Escola Básica n.º 2 de Elvas,Elvas,,,,2eme_cycle_uniquement,,,,,,,66,68,68,52,76,63,62,76,0.49,0.51,138,0.05999999865889549,0.10999999940395355,69,0.9130434782608695,0.9059200633803988
1207038,"Escola Básica de Santa Luzia, Elvas",Elvas,,,,1er_cycle_uniquement,295.0,62.0,79.0,67.0,87.0,0.01,,,,,,,,,,,,,,,,
1207070,"Escola Básica de São Vicente, Elvas",Elvas,,,,1er_cycle_uniquement,0.0,0.0,0.0,0.0,0.0,,,,,,,,,,,,,,,,,
1207112,Colégio Luso-Britânico,Elvas,,,,1er_et_2eme_cycle,100.0,22.0,26.0,25.0,27.0,0.0,24,26,27,25,31,25,18,30,0.54,0.46,48,0,0,31,1,0.9925676184140785
1207137,"Escola Básica de Terrugem, Elvas",Elvas,,,,1er_cycle_uniquement,0.0,0.0,0.0,0.0,0.0,,,,,,,,,,,,,,,,,
1207154,"Escola Básica de Alcáçova, Elvas",Elvas,,,,1er_cycle_uniquement,52.0,12.0,19.0,7.0,14.0,0.1675,,,,,,,,,,,,,,,,
1207204,"Escola Básica da Calçadinha, Elvas",Elvas,,,,1er_cycle_uniquement,30.0,5.0,7.0,8.0,10.0,0.0,,,,,,,,,,,,,,,,
1207270,"Escola Básica de Santa Eulália, Elvas",Elvas,,,,1er_cycle_uniquement,28.0,7.0,7.0,7.0,7.0,0.0,,,,,,,,,,,,,,,,
1207287,Escola Básica n.º 1 de Elvas,Elvas,,,,2eme_cycle_uniquement,,,,,,,93,88,92,100,93,92,109,101,0.5800000000000001,0.42,210,0.12999999523162842,0.14000000059604645,82,0.8780487804878049,0.9497311377033294
1207291,"Escola Básica da Boa Fé, Elvas",Elvas,,,,1er_cycle_uniquement,148.0,39.0,38.0,39.0,32.0,0.135,,,,,,,,,,,,,,,,
1207513,"Escola Básica da Raposeira, Elvas",Elvas,,,,1er_cycle_uniquement,38.0,6.0,10.0,8.0,14.0,0.0325,,,,,,,,,,,,,,,,
1207815,"Escola Básica de Barbacena, Elvas",Elvas,,,,1er_cycle_uniquement,0.0,0.0,0.0,0.0,0.0,,,,,,,,,,,,,,,,,
1207836,"Escola Básica de Vila Boim, Elvas",Elvas,,,,1er_et_2eme_cycle,86.0,21.0,18.0,25.0,22.0,0.0,53,52,45,53,50,46,55,43,0.5,0.5,98,0.12999999523162842,0.019999999552965164,45,0.9555555555555556,0.9176763321906448
1207859,"Escola Básica das Fontainhas, Elvas",Elvas,,,,1er_cycle_uniquement,0.0,0.0,0.0,0.0,0.0,,,,,,,,,,,,,,,,,
1208312,"Escola Básica Frei Manuel Cardoso, Fronteira",Fronteira,,,,1er_et_2eme_cycle,58.0,16.0,17.0,12.0,13.0,0.02,25,33,21,26,28,23,17,28,0.51,0.49,45,0,0,27,1,0.9510113182086405
1208333,"Escola Básica de Cabeço de Vide, Fronteira",Fronteira,,,,1er_cycle_uniquement,22.0,7.0,5.0,8.0,2.0,0.0325,,,,,,,,,,,,,,,,
1209473,"Escola Básica da Comenda, Gavião",Gavião,,,,1er_cycle_uniquement,0.0,0.0,0.0,0.0,0.0,,,,,,,,,,,,,,,,,
1209689,Escola Básica e Secundária de Gavião,Gavião,,,,1er_et_2eme_cycle,63.0,17.0,13.0,13.0,20.0,0.0,27,25,34,27,18,36,31,18,0.44999999999999996,0.55,49,0.029999999329447746,0.05999999865889549,18,0.9444444444444444,0.9373589996611381
1210789,"Escola Básica de Ammaia, Portagem, Marvão",Marvão,,,,1er_cycle_uniquement,0.0,0.0,0.0,0.0,0.0,,,,,,,,,,,,,,,,,
1210943,"Escola Básica Dr. Manuel Magro Machado, Santo António das Areias, Marvão",Marvão,,,,1er_et_2eme_cycle,42.0,2.0,12.0,14.0,14.0,0.0,0,0,0,0,0,0,23,16,0.43999999999999995,0.56,39,0,0,-,-,-
1211428,"Escola Básica João Maria Botas Carriço, Monforte",Monforte,,,,1er_et_2eme_cycle,49.0,15.0,17.0,8.0,9.0,0.0,28,21,31,26,40,24,30,40,0.51,0.49,70,0.029999999329447746,0,34,0.9705882352941176,0.8638670588372531
1211607,"Escola Básica de Assumar, Monforte",Monforte,,,,1er_cycle_uniquement,0.0,0.0,0.0,0.0,0.0,,,,,,,,,,,,,,,,,
1211777,"Escola Básica de Vaiamonte, Monforte",Monforte,,,,1er_cycle_uniquement,20.0,6.0,5.0,2.0,7.0,0.0,,,,,,,,,,,,,,,,
1211855,"Escola Básica de Santo Aleixo, Monforte",Monforte,,,,1er_cycle_uniquement,0.0,0.0,0.0,0.0,0.0,,,,,,,,,,,,,,,,,
1212795,"Escola Básica e Secundária Prof. Mendes dos Remédios, Nisa",Nisa,,,,1er_et_2eme_cycle,133.0,27.0,44.0,36.0,26.0,0.025,25,42,43,24,37,38,25,39,0.5,0.5,64,0.07999999821186066,0,34,0.9411764705882353,0.9624910763554569
1213014,"Escola Básica de Foros de Arrão de Cima, Ponte de Sor",Ponte de Sor,,,,1er_cycle_uniquement,0.0,0.0,0.0,0.0,0.0,,,,,,,,,,,,,,,,,
1213106,"Escola Básica n.º 1 de Montargil, Ponte de Sor",Ponte de Sor,,,,1er_et_2eme_cycle,0.0,0.0,0.0,0.0,0.0,,14,24,21,17,19,22,12,19,0.44999999999999996,0.55,31,0,0,19,0.9473684210526315,0.9368066485206527
1213165,"Escola Básica de Vale de Açor, Ponte de Sor",Ponte de Sor,,,,1er_cycle_uniquement,0.0,0.0,0.0,0.0,0.0,,,,,,,,,,,,,,,,,
1213203,Jardim-Escola João de Deus de Ponte de Sor,Ponte de Sor,,,,1er_cycle_uniquement,0.0,0.0,0.0,0.0,0.0,,,,,,,,,,,,,,,,,
1213264,"Escola Básica n.º 2 de Montargil, Ponte de Sor",Ponte de Sor,,,,1er_cycle_uniquement,36.0,16.0,0.0,12.0,8.0,0.0,,,,,,,,,,,,,,,,
1213327,"Escola Básica de Galveias, Ponte de Sor",Ponte de Sor,,,,1er_cycle_uniquement,26.0,4.0,6.0,8.0,8.0,0.0,,,,,,,,,,,,,,,,
1213330,Escola Básica de Ponte de Sor,Ponte de Sor,,,,1er_cycle_uniquement,176.0,91.0,85.0,0.0,0.0,0.005,,,,,,,,,,,,,,,,
1213553,"Escola Básica de Tramaga, Ponte de Sor",Ponte de Sor,,,,1er_cycle_uniquement,46.0,11.0,19.0,8.0,8.0,0.0,,,,,,,,,,,,,,,,
1213571,"Escola Básica de Longomel, Ponte de Sor",Ponte de Sor,,,,1er_cycle_uniquement,0.0,0.0,0.0,0.0,0.0,,,,,,,,,,,,,,,,,
1213757,"Escola Básica João Pedro de Andrade, Ponte de Sor",Ponte de Sor,,,,1er_et_2eme_cycle,142.0,0.0,0.0,68.0,74.0,0.03,124,118,110,121,100,106,148,107,0.52,0.48,255,0.09000000357627869,0.009999999776482582,95,0.9578947368421052,0.9529808241081684
1214239,"Escola Básica da Corredoura, Portalegre",Portalegre,,,,1er_cycle_uniquement,171.0,44.0,44.0,41.0,42.0,0.005,,,,,,,,,,,,,,,,
1214246,"Escola Básica de Caia e Nave Longa, Portalegre",Portalegre,,,,1er_cycle_uniquement,30.0,7.0,6.0,8.0,9.0,0.0,,,,,,,,,,,,,,,,
1214362,"Escola Básica de Alegrete, Portalegre",Portalegre,,,,1er_cycle_uniquement,23.0,6.0,2.0,11.0,4.0,0.0,,,,,,,,,,,,,,,,
1214570,"Escola Básica de Fortios, Portalegre",Portalegre,,,,1er_cycle_uniquement,51.0,19.0,15.0,5.0,12.0,0.0,,,,,,,,,,,,,,,,
1214630,"Escola Básica José Régio, Portalegre",Portalegre,,,,2eme_cycle_uniquement,,,,,,,91,96,102,94,80,101,79,85,0.51,0.49,164,0.03999999910593033,0,80,1,0.9502528132172197
1214675,"Escola Básica Cristóvão Falcão, Portalegre",Portalegre,,,,2eme_cycle_uniquement,,,,,,,111,111,106,110,133,109,104,133,0.54,0.46,237,0,0.009999999776482582,130,0.9923076923076923,0.970606290293235
1214692,"Escola Básica de Monte de Carvalho, Portalegre",Portalegre,,,,1er_cycle_uniquement,41.0,10.0,10.0,12.0,9.0,0.0,,,,,,,,,,,,,,,,
1214697,"Escola Básica de Urra, Portalegre",Portalegre,,,,1er_cycle_uniquement,25.0,10.0,2.0,7.0,6.0,0.0,,,,,,,,,,,,,,,,
1214785,"Escola Básica de Reguengo, Portalegre",Portalegre,,,,1er_cycle_uniquement,30.0,7.0,8.0,5.0,10.0,0.0,,,,,,,,,,,,,,,,
1214902,"Escola Básica dos Assentos, Portalegre",Portalegre,,,,1er_cycle_uniquement,153.0,36.0,28.0,40.0,49.0,0.0375,,,,,,,,,,,,,,,,
1214945,"Escola Básica da Praceta, Portalegre",Portalegre,,,,1er_cycle_uniquement,184.0,43.0,48.0,45.0,48.0,0.005,,,,,,,,,,,,,,,,
1214967,"Escola Básica de Atalaião, Portalegre",Portalegre,,,,1er_cycle_uniquement,107.0,24.0,33.0,25.0,25.0,0.01,,,,,,,,,,,,,,,,
1215016,"Escola Básica de Casa Branca, Sousel",Sousel,,,,1er_cycle_uniquement,0.0,0.0,0.0,0.0,0.0,,,,,,,,,,,,,,,,,
1215494,"Escola Básica de Cano, Sousel",Sousel,,,,1er_cycle_uniquement,0.0,0.0,0.0,0.0,0.0,,,,,,,,,,,,,,,,,
1215510,"Escola Básica de Santo Amaro, Sousel",Sousel,,,,1er_cycle_uniquement,0.0,0.0,0.0,0.0,0.0,,,,,,,,,,,,,,,,,
1215987,"Escola Básica e Secundária Padre Joaquim Maria Fernandes, Sousel",Sousel,,,,1er_et_2eme_cycle,88.0,29.0,17.0,18.0,24.0,0.0,56,41,35,54,35,41,44,34,0.42000000000000004,0.58,78,0.09000000357627869,0.05999999865889549,30,0.9666666666666667,0.9297833795585118
1301001,"Escola Básica Luís Van Zeller de Macedo, Amarante",Amarante,,,,1er_cycle_uniquement,132.0,35.0,38.0,35.0,24.0,0.0125,,,,,,,,,,,,,,,,
1301002,"Escola Básica Ilídio Sardoeira, Amarante",Amarante,,,,1er_cycle_uniquement,160.0,35.0,41.0,43.0,41.0,0.005,,,,,,,,,,,,,,,,
1301003,"Escola Básica Acácio Lino, Travanca, Amarante",Amarante,,,,1er_cycle_uniquement,74.0,21.0,21.0,13.0,19.0,0.0375,,,,,,,,,,,,,,,,
1301013,"Escola Básica do Marão, Várzea, Amarante",Amarante,,,,1er_et_2eme_cycle,79.0,21.0,18.0,15.0,25.0,0.0,19,33,23,23,17,20,22,20,0.55,0.45,42,0,0.05000000074505806,16,1,0.920764787636822
1301086,"Escola Básica Amadeo de Souza Cardoso, Telões, Amarante",Amarante,,,,1er_et_2eme_cycle,116.0,23.0,26.0,27.0,40.0,0.05,78,71,77,79,69,86,73,71,0.43999999999999995,0.56,144,0.009999999776482582,0,65,0.9846153846153847,0.9348986101497965
1301129,Colégio de S. Gonçalo de Amarante - Escola Católica,Amarante,,,,1er_et_2eme_cycle,155.0,43.0,34.0,37.0,41.0,0.0,34,55,56,31,44,52,47,41,0.41000000000000003,0.59,88,0,0,43,1,0.9541712806863576
1301181,Escola Básica n.º 2 de Amarante,Amarante,,,,1er_cycle_uniquement,160.0,47.0,23.0,46.0,44.0,0.0325,,,,,,,,,,,,,,,,
1301190,"Escola Básica de Igreja, Vila Caiz, Amarante",Amarante,,,,1er_cycle_uniquement,96.0,15.0,24.0,25.0,32.0,0.01,,,,,,,,,,,,,,,,
1301336,"Escola Básica de Igreja, Lomba, Amarante",Amarante,,,,1er_cycle_uniquement,33.0,11.0,6.0,5.0,11.0,0.0,,,,,,,,,,,,,,,,
1301405,"Escola Básica de Vila Caiz, Amarante",Amarante,,,,2eme_cycle_uniquement,,,,,,,19,24,25,18,15,28,19,15,0.53,0.47,34,0,0.07000000029802322,14,*,*
1301485,"Escola Básica de Lama, Amarante",Amarante,,,,1er_cycle_uniquement,83.0,23.0,17.0,20.0,23.0,0.0,,,,,,,,,,,,,,,,
1301515,"Escola Básica de Torreira, Amarante",Amarante,,,,1er_cycle_uniquement,79.0,20.0,25.0,19.0,15.0,0.01,,,,,,,,,,,,,,,,
1301633,Externato de Vila Meã,Amarante,,,,2eme_cycle_uniquement,,,,,,,121,131,141,124,103,144,107,110,0.56,0.44,217,0.009999999776482582,0.029999999329447746,98,0.9795918367346939,0.9219841344078985
1301657,"Escola Básica de Santa Comba, Amarante",Amarante,,,,1er_cycle_uniquement,138.0,28.0,32.0,40.0,38.0,0.0,,,,,,,,,,,,,,,,
1301700,"Escola Básica de Barracão, São Gonçalo, Amarante",Amarante,,,,1er_cycle_uniquement,88.0,21.0,24.0,20.0,23.0,0.0,,,,,,,,,,,,,,,,
1301755,"Escola Básica de Portela, Fridão, Amarante",Amarante,,,,1er_cycle_uniquement,0.0,0.0,0.0,0.0,0.0,,,,,,,,,,,,,,,,,
1301780,"Escola Básica de Salvador do Monte, Amarante",Amarante,,,,1er_cycle_uniquement,29.0,8.0,8.0,7.0,6.0,0.0,,,,,,,,,,,,,,,,
1301812,"Escola Básica de Freixo de Cima, Amarante",Amarante,,,,1er_cycle_uniquement,82.0,21.0,22.0,19.0,20.0,0.0125,,,,,,,,,,,,,,,,
1301873,"Escola Básica de Mancelos, Amarante",Amarante,,,,1er_cycle_uniquement,60.0,6.0,22.0,20.0,12.0,0.0125,,,,,,,,,,,,,,,,
1301968,"Escola Básica Teixeira de Pascoaes, Amarante",Amarante,,,,2eme_cycle_uniquement,,,,,,,227,190,184,225,208,182,169,212,0.51,0.49,381,0.029999999329447746,0,204,0.9754901960784313,0.9617946657600769
1301975,"Escola Básica de Bela Vista, Amarante",Amarante,,,,1er_cycle_uniquement,85.0,21.0,25.0,19.0,20.0,0.01,,,,,,,,,,,,,,,,
1302002,"Escola Básica de Campelo, Baião",Baião,,,,1er_cycle_uniquement,175.0,46.0,34.0,47.0,48.0,0.0,,,,,,,,,,,,,,,,
1302003,"Escola Básica de Santa Cruz do Douro, Baião",Baião,,,,1er_cycle_uniquement,40.0,15.0,12.0,7.0,6.0,0.0,,,,,,,,,,,,,,,,
1302004,"Escola Básica n.º 1 de Eiriz, Baião",Baião,,,,1er_cycle_uniquement,136.0,34.0,33.0,32.0,37.0,0.05,,,,,,,,,,,,,,,,
1302182,"Escola Básica de Eiriz, Baião",Baião,,,,2eme_cycle_uniquement,,,,,,,41,49,48,43,49,48,45,48,0.54,0.46,93,0.03999999910593033,0.019999999552965164,49,0.9795918367346939,0.9480420488931817
1302194,"Escola Básica de Carvalhais, Gestaçô, Baião",Baião,,,,1er_cycle_uniquement,0.0,0.0,0.0,0.0,0.0,,,,,,,,,,,,,,,,,
1302721,"Escola Básica e Secundária de Vale de Ovil, Baião",Baião,,,,2eme_cycle_uniquement,,,,,,,60,61,33,62,52,36,41,51,0.51,0.49,92,0,0,50,0.98,0.9649321689429067
1302882,Escola Básica do Sudeste de Baião,Baião,,,,1er_et_2eme_cycle,96.0,27.0,22.0,24.0,23.0,0.0,52,53,37,49,55,38,35,54,0.53,0.47,89,0.029999999329447746,0.019999999552965164,53,0.9811320754716981,0.9503260486898718
1303001,"Escola Básica de Idães, Felgueiras",Felgueiras,,,,1er_cycle_uniquement,102.0,29.0,23.0,27.0,23.0,0.01,,,,,,,,,,,,,,,,
1303002,"Escola Básica n.º 1 de Airães, Felgueiras",Felgueiras,,,,1er_cycle_uniquement,96.0,35.0,18.0,24.0,19.0,0.0,,,,,,,,,,,,,,,,
1303003,"Escola Básica de Macieira da Lixa, Felgueiras",Felgueiras,,,,1er_cycle_uniquement,48.0,9.0,15.0,16.0,8.0,0.0,,,,,,,,,,,,,,,,
1303004,"Escola Básica de Pombeiro de Ribavizela, Felgueiras",Felgueiras,,,,1er_cycle_uniquement,75.0,18.0,16.0,18.0,23.0,0.0,,,,,,,,,,,,,,,,
1303005,"Escola Básica de Várzea, Felgueiras",Felgueiras,,,,1er_cycle_uniquement,99.0,25.0,34.0,20.0,20.0,0.0,,,,,,,,,,,,,,,,
1303006,"Escola Básica de Vila Cova da Lixa, Felgueiras",Felgueiras,,,,1er_cycle_uniquement,176.0,45.0,44.0,42.0,45.0,0.0,,,,,,,,,,,,,,,,
1303007,"Escola Básica de Santão, Felgueiras",Felgueiras,,,,1er_cycle_uniquement,87.0,24.0,20.0,20.0,23.0,0.0,,,,,,,,,,,,,,,,
1303008,"Escola Básica de Jugueiros, Felgueiras",Felgueiras,,,,1er_cycle_uniquement,28.0,11.0,9.0,4.0,4.0,0.0,,,,,,,,,,,,,,,,
1303011,"Escola Básica e Secundária Dr. Machado de Matos, Felgueiras",Felgueiras,,,,2eme_cycle_uniquement,,,,,,,76,57,51,75,51,53,46,52,0.54,0.46,98,0,0,51,1,0.9555932692744428
1303088,Externato da Misericórdia Nossa Senhora Rosário Unhão,Felgueiras,,,,1er_cycle_uniquement,96.0,25.0,24.0,23.0,24.0,0.0,,,,,,,,,,,,,,,,
1303099,"Escola Básica de Outeiro, Longra, Felgueiras",Felgueiras,,,,1er_cycle_uniquement,31.0,5.0,9.0,9.0,8.0,0.0,,,,,,,,,,,,,,,,
1303101,"Escola Básica de Pinheiro, Felgueiras",Felgueiras,,,,1er_cycle_uniquement,32.0,9.0,5.0,7.0,11.0,0.0,,,,,,,,,,,,,,,,
1303239,"Escola Básica de Cruzeiro, Vizela (São Jorge), Felgueiras",Felgueiras,,,,1er_cycle_uniquement,27.0,5.0,4.0,12.0,6.0,0.0,,,,,,,,,,,,,,,,
1303242,Escola Básica n.º 1 de Felgueiras,Felgueiras,,,,1er_cycle_uniquement,175.0,49.0,44.0,38.0,44.0,0.0,,,,,,,,,,,,,,,,
1303247,"Escola Básica de Santa Luzia, Lagares, Felgueiras",Felgueiras,,,,1er_cycle_uniquement,99.0,23.0,18.0,31.0,27.0,0.015,,,,,,,,,,,,,,,,
1303256,"Escola Básica de Torrados, Felgueiras",Felgueiras,,,,1er_cycle_uniquement,66.0,19.0,12.0,17.0,18.0,0.015,,,,,,,,,,,,,,,,
1303331,Externato de S. Vicente de Paulo,Felgueiras,,,,1er_cycle_uniquement,48.0,14.0,12.0,3.0,19.0,0.0,,,,,,,,,,,,,,,,
1303444,"Escola Básica de Cimo de Vila, Felgueiras",Felgueiras,,,,1er_cycle_uniquement,74.0,19.0,20.0,16.0,19.0,0.0,,,,,,,,,,,,,,,,
1303465,"Escola Básica Dr. Leonardo Coimbra, Lixa, Felgueiras",Felgueiras,,,,2eme_cycle_uniquement,,,,,,,125,164,155,124,141,160,129,138,0.48,0.52,267,0.019999999552965164,0,136,0.9926470588235294,0.9582560286097729
1303542,"Escola Básica de Vinha, Felgueiras",Felgueiras,,,,1er_cycle_uniquement,28.0,7.0,10.0,7.0,4.0,0.0,,,,,,,,,,,,,,,,
1303545,"Escola Básica de Margaride, Felgueiras",Felgueiras,,,,1er_cycle_uniquement,135.0,46.0,41.0,23.0,25.0,0.0,,,,,,,,,,,,,,,,
1303606,"Escola Básica de Paços, Felgueiras",Felgueiras,,,,1er_cycle_uniquement,20.0,5.0,5.0,7.0,3.0,0.0,,,,,,,,,,,,,,,,
1303615,"Escola Básica de Fontão, Felgueiras",Felgueiras,,,,1er_cycle_uniquement,38.0,13.0,11.0,6.0,8.0,0.0,,,,,,,,,,,,,,,,
1303623,"Escola Básica de Ribeirinho, Penacova, Felgueiras",Felgueiras,,,,1er_cycle_uniquement,27.0,8.0,5.0,4.0,10.0,0.0,,,,,,,,,,,,,,,,
1303635,"Escola Básica e Secundária de Idães, Felgueiras",Felgueiras,,,,2eme_cycle_uniquement,,,,,,,80,71,70,79,64,70,64,65,0.5,0.5,129,0,0.019999999552965164,62,1,0.9512138275756546
1303681,"Escola Básica Maria de Lurdes Sampaio de Melo, Vizela",Vizela,,,,1er_cycle_uniquement,37.0,11.0,12.0,4.0,10.0,0.0,,,,,,,,,,,,,,,,
1303765,"Escola Básica de Lagoas, Vizela",Vizela,,,,1er_cycle_uniquement,33.0,8.0,14.0,9.0,2.0,0.0,,,,,,,,,,,,,,,,
1303792,"Escola Básica de Montinho, Regilde, Felgueiras",Felgueiras,,,,1er_cycle_uniquement,23.0,8.0,9.0,5.0,1.0,0.0,,,,,,,,,,,,,,,,
1303819,"Escola Básica e Secundária de Airães, Felgueiras",Felgueiras,,,,2eme_cycle_uniquement,,,,,,,60,52,51,63,45,53,73,43,0.56,0.44,116,0,0,45,0.9777777777777777,0.9299059420302516
1303844,"Escola Básica de Lagares, Felgueiras",Felgueiras,,,,2eme_cycle_uniquement,,,,,,,46,55,36,45,40,33,43,41,0.43999999999999995,0.56,84,0,0,37,1,0.9274401323471821
1303850,"Escola Básica D. Manuel de Faria e Sousa, Margaride, Felgueiras",Felgueiras,,,,2eme_cycle_uniquement,,,,,,,170,194,156,172,191,162,154,191,0.51,0.49,345,0,0,190,0.9947368421052631,0.9557867184336986
1303909,"Escola Básica de Salgueiros, Felgueiras",Felgueiras,,,,1er_cycle_uniquement,22.0,9.0,2.0,5.0,6.0,0.0,,,,,,,,,,,,,,,,
1303919,"Escola Básica de Estradinha, Sendim, Felgueiras",Felgueiras,,,,1er_cycle_uniquement,24.0,12.0,4.0,4.0,4.0,0.0,,,,,,,,,,,,,,,,
1303930,"Escola Básica de Boavista, Felgueiras",Felgueiras,,,,1er_cycle_uniquement,42.0,11.0,13.0,8.0,10.0,0.0,,,,,,,,,,,,,,,,
1303934,"Escola Básica de Covelo, Felgueiras",Felgueiras,,,,1er_cycle_uniquement,31.0,5.0,10.0,8.0,8.0,0.0,,,,,,,,,,,,,,,,
1303942,"Escola Básica de Estrada, Varziela, Felgueiras",Felgueiras,,,,1er_cycle_uniquement,82.0,21.0,19.0,16.0,26.0,0.0125,,,,,,,,,,,,,,,,
1303989,"Escola Básica de Caramos, Felgueiras",Felgueiras,,,,1er_cycle_uniquement,62.0,15.0,13.0,15.0,19.0,0.0275,,,,,,,,,,,,,,,,
1304001,"Escola Básica de Valbom, Gondomar",Gondomar,,,,1er_cycle_uniquement,86.0,23.0,21.0,21.0,21.0,0.025,,,,,,,,,,,,,,,,
1304002,Escola Básica n.º 1 de Gondomar,Gondomar,,,,1er_cycle_uniquement,148.0,21.0,43.0,42.0,42.0,0.005,,,,,,,,,,,,,,,,
1304003,"Jardim Infantil ""Carrocel Mágico""",Gondomar,,,,1er_et_2eme_cycle,102.0,25.0,26.0,27.0,24.0,0.0,21,21,21,21,20,19,22,20,0.43000000000000005,0.57,42,0,0,19,1,0.9823067422756078
1304004,"Escola Básica da Venda Nova, Gondomar",Gondomar,,,,1er_cycle_uniquement,262.0,50.0,93.0,63.0,56.0,0.02,,,,,,,,,,,,,,,,
1304005,"Escola Básica de Carvalhal e Mó, S. Pedro da Cova, Gondomar",Gondomar,,,,1er_cycle_uniquement,82.0,18.0,27.0,18.0,19.0,0.07,,,,,,,,,,,,,,,,
1304006,"Escola Básica da Boavista - Lourinha, Gondomar",Gondomar,,,,1er_cycle_uniquement,292.0,75.0,89.0,66.0,62.0,0.0425,,,,,,,,,,,,,,,,
1304007,"Escola Básica de Baguim do Monte, Gondomar",Gondomar,,,,1er_cycle_uniquement,235.0,58.0,75.0,60.0,42.0,0.025,,,,,,,,,,,,,,,,
1304010,"Escola Básica de Carvalhos, Gondomar",Gondomar,,,,1er_cycle_uniquement,30.0,11.0,12.0,4.0,3.0,0.02,,,,,,,,,,,,,,,,
1304011,"Escola Básica de Santegãos, Gondomar",Gondomar,,,,1er_cycle_uniquement,31.0,0.0,12.0,13.0,6.0,0.2467,,,,,,,,,,,,,,,,
1304027,Colégio Madre Isabel Larrañaga,Gondomar,,,,1er_cycle_uniquement,59.0,19.0,13.0,18.0,9.0,0.0,,,,,,,,,,,,,,,,
1304064,"Escola Básica de Lagoa, Valbom, Gondomar",Gondomar,,,,1er_cycle_uniquement,88.0,20.0,24.0,24.0,20.0,0.0,,,,,,,,,,,,,,,,
1304119,Colégio Camões,Gondomar,,,,1er_et_2eme_cycle,82.0,22.0,21.0,16.0,23.0,0.0,40,27,36,62,40,33,39,38,0.5700000000000001,0.43,77,0,0,40,1,0.9905650606901693
1304142,"Escola Básica de Passal, Gondomar",Gondomar,,,,1er_cycle_uniquement,60.0,20.0,20.0,9.0,11.0,0.035,,,,,,,,,,,,,,,,
1304158,Externato Santa Margarida,Gondomar,,,,1er_cycle_uniquement,97.0,23.0,26.0,23.0,25.0,0.0,,,,,,,,,,,,,,,,
1304168,"Escola Básica de Vila Verde, Gondomar",Gondomar,,,,1er_cycle_uniquement,87.0,22.0,25.0,21.0,19.0,0.0,,,,,,,,,,,,,,,,
1304177,"Escola Básica de Jancido, Gondomar",Gondomar,,,,1er_cycle_uniquement,76.0,23.0,20.0,14.0,19.0,0.0,,,,,,,,,,,,,,,,
1304179,"Escola Básica de Branzelo, Gondomar",Gondomar,,,,1er_cycle_uniquement,40.0,12.0,9.0,13.0,6.0,0.02,,,,,,,,,,,,,,,,
1304203,"Escola Básica do Taralhão, Gondomar",Gondomar,,,,1er_cycle_uniquement,88.0,23.0,24.0,19.0,22.0,0.0,,,,,,,,,,,,,,,,
1304244,"Escola Básica de Sante, Gondomar",Gondomar,,,,1er_cycle_uniquement,0.0,0.0,0.0,0.0,0.0,,,,,,,,,,,,,,,,,
1304250,"Escola Básica de Vinhal, Gondomar",Gondomar,,,,1er_cycle_uniquement,87.0,20.0,20.0,25.0,22.0,0.0,,,,,,,,,,,,,,,,
1304279,"Escola Básica de Jovim e Foz do Sousa, Gondomar",Gondomar,,,,1er_et_2eme_cycle,0.0,0.0,0.0,0.0,0.0,,63,78,70,63,50,74,61,53,0.56,0.44,114,0,0,49,1,0.9631834774630912
1304308,"Escola Básica de Souto, Gondomar",Gondomar,,,,1er_cycle_uniquement,84.0,20.0,24.0,20.0,20.0,0.0,,,,,,,,,,,,,,,,
1304313,"Escola Básica n.º 2 de São Caetano, Gondomar",Gondomar,,,,1er_cycle_uniquement,130.0,44.0,45.0,18.0,23.0,0.0525,,,,,,,,,,,,,,,,
1304322,"Escola Básica Santa Bárbara, Fânzeres, Gondomar",Gondomar,,,,2eme_cycle_uniquement,,,,,,,117,122,96,112,107,105,89,106,0.51,0.49,195,0.029999999329447746,0,102,0.9901960784313726,0.9424385072622687
1304335,"Escola Básica Júlio Dinis, Gondomar",Gondomar,,,,2eme_cycle_uniquement,,,,,,,273,248,234,271,231,235,234,229,0.51,0.49,463,0.009999999776482582,0.009999999776482582,227,0.9779735682819384,0.9655393189236378
1304365,"Escola Básica de Chães, Gondomar",Gondomar,,,,1er_cycle_uniquement,24.0,6.0,4.0,4.0,10.0,0.0,,,,,,,,,,,,,,,,
1304390,"Escola Básica da Boavista, Gondomar",Gondomar,,,,1er_cycle_uniquement,141.0,50.0,21.0,25.0,45.0,0.0125,,,,,,,,,,,,,,,,
1304419,"Escola Básica de Alvarinha, Gondomar",Gondomar,,,,1er_cycle_uniquement,88.0,21.0,21.0,22.0,24.0,0.0,,,,,,,,,,,,,,,,
1304471,"Escola Básica de Aguiar, Gondomar",Gondomar,,,,1er_cycle_uniquement,51.0,21.0,0.0,15.0,15.0,0.0,,,,,,,,,,,,,,,,
1304481,"Escola Básica de Seixo, Gondomar",Gondomar,,,,1er_cycle_uniquement,80.0,20.0,20.0,21.0,19.0,0.0125,,,,,,,,,,,,,,,,
1304501,"Escola Básica de Gandra, Gondomar",Gondomar,,,,1er_cycle_uniquement,89.0,19.0,22.0,24.0,24.0,0.0,,,,,,,,,,,,,,,,
1304516,"Escola Básica Frei Manuel de Santa Inês, Baguim do Monte, Gondomar",Gondomar,,,,2eme_cycle_uniquement,,,,,,,108,111,118,113,88,121,112,89,0.55,0.45,201,0.03999999910593033,0.05999999865889549,79,0.9113924050632911,0.9566741205217931
1304517,"Escola Básica de Atães, Gondomar",Gondomar,,,,1er_cycle_uniquement,58.0,17.0,15.0,16.0,10.0,0.0175,,,,,,,,,,,,,,,,
1304560,"Escola Básica n.º 1 de São Caetano, Gondomar",Gondomar,,,,1er_cycle_uniquement,177.0,47.0,52.0,37.0,41.0,0.03,,,,,,,,,,,,,,,,
1304588,"Escola Básica de Cabanas, Gondomar",Gondomar,,,,1er_cycle_uniquement,125.0,20.0,31.0,37.0,37.0,0.025,,,,,,,,,,,,,,,,
1304591,"Escola Básica de Belo Horizonte, Gondomar",Gondomar,,,,1er_cycle_uniquement,86.0,20.0,21.0,23.0,22.0,0.0125,,,,,,,,,,,,,,,,
1304593,Colégio Mundo do Colibri,Gondomar,,,,1er_cycle_uniquement,40.0,10.0,14.0,16.0,0.0,0.0,,,,,,,,,,,,,,,,
1304603,"Escola Básica de Pinheiro de Além, Gondomar",Gondomar,,,,1er_cycle_uniquement,85.0,23.0,21.0,21.0,20.0,0.0125,,,,,,,,,,,,,,,,
1304621,"Escola Básica de Cimo de Vila, Gondomar",Gondomar,,,,1er_cycle_uniquement,53.0,12.0,13.0,14.0,14.0,0.0,,,,,,,,,,,,,,,,
1304679,"Escola Básica e Secundária À Beira Douro, Gondomar",Gondomar,,,,2eme_cycle_uniquement,,,,,,,89,83,85,88,89,84,74,90,0.43000000000000005,0.57,164,0.029999999329447746,0.03999999910593033,87,0.9540229885057471,0.9641354719659851
1304692,"Escola Básica n.º 2 de Bela Vista, Fânzeres, Gondomar",Gondomar,,,,1er_cycle_uniquement,151.0,44.0,40.0,21.0,46.0,0.01,,,,,,,,,,,,,,,,
1304726,"Escola Básica de Boucinha, Gondomar",Gondomar,,,,1er_cycle_uniquement,198.0,56.0,57.0,46.0,39.0,0.0475,,,,,,,,,,,,,,,,
1304727,"Escola Básica Marques Leitão, Valbom, Gondomar",Gondomar,,,,2eme_cycle_uniquement,,,,,,,103,116,112,102,99,111,97,98,0.51,0.49,195,0,0,92,0.9891304347826086,0.9492608564077847
1304731,"Escola Básica de Outeiro, Gondomar",Gondomar,,,,1er_cycle_uniquement,82.0,23.0,20.0,20.0,19.0,0.0,,,,,,,,,,,,,,,,
1304758,"Escola Básica de Arroteia, Gondomar",Gondomar,,,,1er_cycle_uniquement,110.0,42.0,22.0,25.0,21.0,0.0,,,,,,,,,,,,,,,,
1304775,"Escola Básica Infanta D. Mafalda, Rio Tinto, Gondomar",Gondomar,,,,2eme_cycle_uniquement,,,,,,,215,258,213,214,221,223,180,203,0.5,0.5,383,0.03999999910593033,0.019999999552965164,214,0.9813084112149533,0.9648929875883385
1304792,Colégio Paulo VI de Gondomar,Gondomar,,,,1er_et_2eme_cycle,304.0,65.0,76.0,70.0,93.0,0.0,101,100,105,103,97,108,109,106,0.5700000000000001,0.43,215,0,0,95,1,0.9903724263639735
1304793,Colégio da Quinta Inglesa,Gondomar,,,,1er_cycle_uniquement,35.0,10.0,16.0,6.0,3.0,0.0825,,,,,,,,,,,,,,,,
1304815,"Escola Básica de Alto de Soutelo, Gondomar",Gondomar,,,,1er_cycle_uniquement,175.0,44.0,53.0,35.0,43.0,0.005,,,,,,,,,,,,,,,,
1304823,"Escola Básica de Rio Tinto, Gondomar",Gondomar,,,,2eme_cycle_uniquement,,,,,,,143,167,165,142,144,175,167,172,0.48,0.52,339,0.019999999552965164,0.03999999910593033,133,0.9473684210526315,0.9502568764791721
1304876,"Escola Básica de Zebreiros, Gondomar",Gondomar,,,,1er_cycle_uniquement,34.0,7.0,9.0,11.0,7.0,0.0225,,,,,,,,,,,,,,,,
1304879,"Escola Básica de Gens, Gondomar",Gondomar,,,,1er_cycle_uniquement,44.0,13.0,14.0,6.0,11.0,0.0575,,,,,,,,,,,,,,,,
1304880,"Escola Básica de Vale de Ferreiros, Gondomar",Gondomar,,,,1er_cycle_uniquement,127.0,41.0,25.0,24.0,37.0,0.0,,,,,,,,,,,,,,,,
1304888,"Escola Básica de Silveirinhos, Gondomar",Gondomar,,,,1er_cycle_uniquement,87.0,22.0,23.0,22.0,20.0,0.0575,,,,,,,,,,,,,,,,
1304914,"Escola Básica de Montezelo, Gondomar",Gondomar,,,,1er_cycle_uniquement,105.0,21.0,37.0,23.0,24.0,0.0,,,,,,,,,,,,,,,,
1304942,"Escola Básica de Ramalde, Gondomar",Gondomar,,,,1er_cycle_uniquement,83.0,19.0,24.0,20.0,20.0,0.0,,,,,,,,,,,,,,,,
1304945,"Escola Básica de São Pedro da Cova, Gondomar",Gondomar,,,,2eme_cycle_uniquement,,,,,,,130,106,110,123,112,109,103,115,0.47,0.53,218,0.05000000074505806,0.029999999329447746,106,0.9433962264150944,0.908447128618229
1305001,"Escola Básica de Lustosa, Lousada",Lousada,,,,1er_cycle_uniquement,155.0,43.0,52.0,29.0,31.0,0.02,,,,,,,,,,,,,,,,
1305002,"Escola Básica do Torno, Lousada",Lousada,,,,1er_cycle_uniquement,92.0,22.0,25.0,22.0,23.0,0.0,,,,,,,,,,,,,,,,
1305003,"Escola Básica de Vilar do Torno e Alentém, Lousada",Lousada,,,,1er_cycle_uniquement,42.0,10.0,13.0,11.0,8.0,0.0,,,,,,,,,,,,,,,,
1305004,"Escola Básica e Secundária Dr. Mário Fonseca, Nogueira, Lousada",Lousada,,,,1er_et_2eme_cycle,62.0,17.0,12.0,12.0,21.0,0.02,82,94,60,83,71,62,61,68,0.6,0.4,129,0,0,69,0.9565217391304348,0.9390695607712828
1305005,"Escola Básica de Nespereira, Lousada",Lousada,,,,1er_cycle_uniquement,75.0,23.0,23.0,20.0,9.0,0.0275,,,,,,,,,,,,,,,,
1305006,"Escola Básica de Caíde de Rei, Lousada",Lousada,,,,1er_cycle_uniquement,72.0,19.0,22.0,18.0,13.0,0.0,,,,,,,,,,,,,,,,
1305007,"Escola Básica de Lodares, Lousada",Lousada,,,,1er_cycle_uniquement,97.0,33.0,19.0,25.0,20.0,0.0,,,,,,,,,,,,,,,,
1305008,"Escola Básica de Sousela, Lousada",Lousada,,,,1er_cycle_uniquement,49.0,13.0,8.0,15.0,13.0,0.0625,,,,,,,,,,,,,,,,
1305009,Escola Básica de Lousada Este,Lousada,,,,2eme_cycle_uniquement,,,,,,,82,88,94,81,96,92,80,94,0.54,0.46,174,0,0.009999999776482582,94,0.9787234042553191,0.9436454912418936
1305010,Externato Senhora do Carmo,Lousada,,,,1er_et_2eme_cycle,80.0,16.0,25.0,17.0,22.0,0.0,24,23,26,24,26,25,18,27,0.5800000000000001,0.42,45,0,0,26,1,0.990811231107018
1305049,"Escola Básica de Boavista, Silvares, Lousada",Lousada,,,,1er_cycle_uniquement,122.0,37.0,37.0,28.0,20.0,0.0,,,,,,,,,,,,,,,,
1305072,"Escola Básica de Lagoas, Lousada",Lousada,,,,1er_cycle_uniquement,21.0,7.0,4.0,4.0,6.0,0.0,,,,,,,,,,,,,,,,
1305136,Colégio de S. José de Bairros,Lousada,,,,1er_et_2eme_cycle,107.0,22.0,24.0,36.0,25.0,0.0,25,34,37,25,36,47,30,37,0.5700000000000001,0.43,67,0,0,35,1,0.9806301037208381
1305178,"Escola Básica de Santo António, Lousada",Lousada,,,,1er_cycle_uniquement,39.0,12.0,10.0,9.0,8.0,0.0,,,,,,,,,,,,,,,,
1305339,"Escola Básica n.º 1 de Cruzeiro, Lousada",Lousada,,,,1er_cycle_uniquement,25.0,4.0,8.0,7.0,6.0,0.0,,,,,,,,,,,,,,,,
1305341,"Escola Básica da Devesinha, Bonviver, Vizela",Vizela,,,,1er_cycle_uniquement,82.0,19.0,20.0,19.0,24.0,0.0,,,,,,,,,,,,,,,,
1305343,"Escola Básica de Meinedo, Lousada",Lousada,,,,1er_cycle_uniquement,101.0,28.0,27.0,24.0,22.0,0.0,,,,,,,,,,,,,,,,
1305365,"Escola Básica de Estrada do Meio, Lousada",Lousada,,,,1er_cycle_uniquement,55.0,15.0,19.0,11.0,10.0,0.0125,,,,,,,,,,,,,,,,
1305380,"Escola Básica de Pias, Lousada",Lousada,,,,1er_cycle_uniquement,67.0,11.0,19.0,20.0,17.0,0.0,,,,,,,,,,,,,,,,
1305479,"Escola Básica de Monte de Sines, Lousada",Lousada,,,,1er_cycle_uniquement,0.0,0.0,0.0,0.0,0.0,,,,,,,,,,,,,,,,,
1305488,"Escola Básica de Cristelos, Lousada",Lousada,,,,1er_cycle_uniquement,104.0,30.0,21.0,24.0,29.0,0.025,,,,,,,,,,,,,,,,
1305513,"Escola Básica de Telheiro, Lousada",Lousada,,,,1er_cycle_uniquement,36.0,11.0,8.0,7.0,10.0,0.0,,,,,,,,,,,,,,,,
1305574,"Escola Básica de Ordem, Lousada",Lousada,,,,1er_cycle_uniquement,37.0,6.0,4.0,14.0,13.0,0.0,,,,,,,,,,,,,,,,
1305606,"Escola Básica Professor Marnoco e Sousa, Lousada",Lousada,,,,2eme_cycle_uniquement,,,,,,,152,159,141,149,130,142,109,135,0.5800000000000001,0.42,244,0,0.009999999776482582,125,0.984,0.9531047319750073
1305668,"Escola Básica de Mourinho, Lousada",Lousada,,,,1er_cycle_uniquement,49.0,12.0,14.0,13.0,10.0,0.0,,,,,,,,,,,,,,,,
1305675,"Escola Básica de Campo, Lousada",Lousada,,,,1er_cycle_uniquement,77.0,19.0,19.0,23.0,16.0,0.0125,,,,,,,,,,,,,,,,
1305696,"Escola Básica de Mós, Lousada",Lousada,,,,1er_cycle_uniquement,0.0,0.0,0.0,0.0,0.0,,,,,,,,,,,,,,,,,
1305726,"Escola Básica de Carmo, Santo Estevão de Barrosas, Lousada",Lousada,,,,1er_cycle_uniquement,0.0,0.0,0.0,0.0,0.0,,,,,,,,,,,,,,,,,
1305767,"Escola Básica de Boim, Lousada",Lousada,,,,1er_cycle_uniquement,110.0,17.0,35.0,23.0,35.0,0.0075,,,,,,,,,,,,,,,,
1305770,"Escola Básica de Igreja, Figueiras, Lousada",Lousada,,,,1er_cycle_uniquement,76.0,22.0,24.0,15.0,15.0,0.0825,,,,,,,,,,,,,,,,
1305825,"Escola Básica de Monte - Santa Eulália, Vizela",Vizela,,,,1er_cycle_uniquement,61.0,22.0,20.0,11.0,8.0,0.0,,,,,,,,,,,,,,,,
1305904,Escola Básica e Secundária de Lousada Norte,Lousada,,,,2eme_cycle_uniquement,,,,,,,71,61,61,68,69,62,52,68,0.5700000000000001,0.43,120,0,0.009999999776482582,69,0.9710144927536232,0.9502686048502745
1305928,Escola Básica e Secundária de Lousada Oeste,Lousada,,,,2eme_cycle_uniquement,,,,,,,98,88,78,98,69,77,69,68,0.47,0.53,137,0.009999999776482582,0.009999999776482582,67,0.9850746268656716,0.9500408479293515
1306001,"Escola Básica n.º 1 de Gueifães, Maia",Maia,,,,1er_cycle_uniquement,283.0,68.0,74.0,68.0,73.0,0.0,,,,,,,,,,,,,,,,
1306002,"Escola Básica de Gandra, Águas Santas, Maia",Maia,,,,1er_cycle_uniquement,230.0,60.0,73.0,48.0,49.0,0.0,,,,,,,,,,,,,,,,
1306003,Escola Básica n.º 1 da Maia,Maia,,,,1er_cycle_uniquement,243.0,64.0,68.0,44.0,67.0,0.0,,,,,,,,,,,,,,,,
1306022,"Escola Básica da Guarda, Moreira, Maia",Maia,,,,1er_cycle_uniquement,133.0,45.0,18.0,46.0,24.0,0.0,,,,,,,,,,,,,,,,
1306053,"Escola Básica de Folgosa, Maia",Maia,,,,1er_cycle_uniquement,76.0,17.0,25.0,15.0,19.0,0.0175,,,,,,,,,,,,,,,,
1306058,"Escola Básica do Castêlo da Maia, Maia",Maia,,,,2eme_cycle_uniquement,,,,,,,224,268,228,234,234,243,183,241,0.5,0.5,424,0.019999999552965164,0.03999999910593033,218,0.981651376146789,0.9693080769823836
1306073,"Escola Básica de Parada, Pedrouços, Maia",Maia,,,,1er_cycle_uniquement,36.0,7.0,12.0,8.0,9.0,0.0425,,,,,,,,,,,,,,,,
1306074,"Escola Básica de Enxurreiras, Pedrouços, Maia",Maia,,,,1er_cycle_uniquement,78.0,23.0,23.0,15.0,17.0,0.0175,,,,,,,,,,,,,,,,
1306114,"Escola Básica de Mandim, Barca, Maia",Maia,,,,1er_cycle_uniquement,105.0,38.0,23.0,21.0,23.0,0.0,,,,,,,,,,,,,,,,
1306155,"Escola Básica de Crestins, Maia",Maia,,,,1er_cycle_uniquement,91.0,21.0,24.0,22.0,24.0,0.0,,,,,,,,,,,,,,,,
1306181,"Escola Básica n.º 2 de Gueifães, Maia",Maia,,,,1er_cycle_uniquement,179.0,42.0,42.0,48.0,47.0,0.0,,,,,,,,,,,,,,,,
1306189,Externato Patronato Imaculada Conceição,Maia,,,,1er_et_2eme_cycle,87.0,24.0,18.0,21.0,24.0,0.0,11,14,38,11,20,37,18,19,0.45999999999999996,0.54,37,0,0,20,0.95,0.9889422247687817
1306205,"Escola Básica de Gestalinho, Maia",Maia,,,,1er_cycle_uniquement,62.0,16.0,25.0,21.0,0.0,0.0,,,,,,,,,,,,,,,,
1306251,"Escola Básica de Frejufe, Silva Escura, Maia",Maia,,,,1er_cycle_uniquement,61.0,14.0,22.0,19.0,6.0,0.0,,,,,,,,,,,,,,,,
1306281,"Escola Básica de Currais, Maia",Maia,,,,1er_cycle_uniquement,146.0,50.0,28.0,46.0,22.0,0.0,,,,,,,,,,,,,,,,
1306287,"Escola Básica de Ferronho, São Pedro de Avisoso, Maia",Maia,,,,1er_cycle_uniquement,81.0,20.0,23.0,19.0,19.0,0.0,,,,,,,,,,,,,,,,
1306303,"Escola Básica de Moutidos, Águas Santas, Maia",Maia,,,,1er_cycle_uniquement,184.0,44.0,44.0,49.0,47.0,0.0,,,,,,,,,,,,,,,,
1306342,"Escola Básica Gonçalo Mendes da Maia, Vermoim, Maia",Maia,,,,2eme_cycle_uniquement,,,,,,,281,308,257,275,230,254,255,239,0.52,0.48,494,0.019999999552965164,0.009999999776482582,221,0.9864253393665159,0.9743867962906256
1306349,"Escola Básica de Monte do Calvário, Nogueira, Maia",Maia,,,,1er_cycle_uniquement,118.0,24.0,26.0,37.0,31.0,0.0,,,,,,,,,,,,,,,,
1306361,"Escola Básica da Seara, Gemunde, Maia",Maia,,,,1er_cycle_uniquement,78.0,23.0,20.0,17.0,18.0,0.0,,,,,,,,,,,,,,,,
1306380,"Escola Básica de Monte das Cruzes, Milheirós, Maia",Maia,,,,1er_cycle_uniquement,90.0,25.0,26.0,19.0,20.0,0.01,,,,,,,,,,,,,,,,
1306398,"Escola Básica n.º 2 de Pedrouços, Maia",Maia,,,,1er_cycle_uniquement,82.0,18.0,24.0,21.0,19.0,0.0425,,,,,,,,,,,,,,,,
1306423,"Escola Básica de Arcos, São Pedro Fins, Maia",Maia,,,,1er_cycle_uniquement,71.0,13.0,24.0,13.0,21.0,0.0,,,,,,,,,,,,,,,,
1306442,"Escola Básica de Porto Bom, Gondim, Maia",Maia,,,,1er_cycle_uniquement,64.0,13.0,19.0,14.0,18.0,0.0,,,,,,,,,,,,,,,,
1306466,"Escola Básica de Pícua, Águas Santas, Maia",Maia,,,,1er_cycle_uniquement,170.0,38.0,22.0,66.0,44.0,0.0,,,,,,,,,,,,,,,,
1306477,"Escola Básica de Giesta, Pedrouços, Maia",Maia,,,,1er_cycle_uniquement,163.0,47.0,46.0,29.0,41.0,0.0,,,,,,,,,,,,,,,,
1306499,Colégio O Castelo da Maia,Maia,,,,1er_cycle_uniquement,0.0,0.0,0.0,0.0,0.0,,,,,,,,,,,,,,,,,
1306561,"Escola Básica de Gueifães, Maia",Maia,,,,2eme_cycle_uniquement,,,,,,,145,152,146,140,132,152,124,138,0.56,0.44,262,0,0.009999999776482582,131,0.9770992366412213,0.9717328550109766
1306564,"Escola Básica e Secundária Dr. Vieira de Carvalho, Moreira da Maia, Maia",Maia,,,,2eme_cycle_uniquement,,,,,,,165,155,143,159,162,146,127,161,0.47,0.53,288,0,0,162,1,0.9665544529343603
1306599,"Escola Básica de Pedras Rubras, Maia",Maia,,,,1er_cycle_uniquement,125.0,21.0,46.0,22.0,36.0,0.0,,,,,,,,,,,,,,,,
1306657,Colégio CCG,Maia,,,,1er_et_2eme_cycle,116.0,38.0,24.0,27.0,27.0,0.0,18,10,28,17,20,25,24,21,0.51,0.49,45,0,0,20,1,0.9939195137682981
1306665,"Escola Básica de Corim, Águas Santas, Maia",Maia,,,,1er_cycle_uniquement,177.0,43.0,45.0,43.0,46.0,0.0,,,,,,,,,,,,,,,,
1306723,"Escola Básica de Cidade Jardim, Vermoim, Maia",Maia,,,,1er_cycle_uniquement,127.0,43.0,21.0,43.0,20.0,0.0,,,,,,,,,,,,,,,,
1306728,"Escola Básica de Ferreiró, Maia",Maia,,,,1er_cycle_uniquement,84.0,18.0,23.0,23.0,20.0,0.0,,,,,,,,,,,,,,,,
1306753,"Escola Básica e Secundária de Pedrouços, Maia",Maia,,,,2eme_cycle_uniquement,,,,,,,170,172,184,163,161,182,142,169,0.5,0.5,311,0.029999999329447746,0.019999999552965164,149,0.9664429530201343,0.9331658505860947
1306755,"Escola Básica Santa Cristina, Folgosa, Maia",Maia,,,,1er_cycle_uniquement,82.0,18.0,24.0,20.0,20.0,0.0,,,,,,,,,,,,,,,,
1306771,"Escola Básica Lidador, Vila Nova da Telha, Maia",Maia,,,,1er_cycle_uniquement,106.0,44.0,21.0,21.0,20.0,0.0,,,,,,,,,,,,,,,,
1306791,"Escola Básica D. Manuel II, Maia",Maia,,,,1er_cycle_uniquement,222.0,61.0,40.0,61.0,60.0,0.025,,,,,,,,,,,,,,,,
1306835,"Escola Básica de Prozela, Maia",Maia,,,,1er_cycle_uniquement,82.0,20.0,20.0,22.0,20.0,0.0,,,,,,,,,,,,,,,,
1306845,"Escola Básica de Paço, Maia",Maia,,,,1er_cycle_uniquement,59.0,18.0,21.0,3.0,17.0,0.0275,,,,,,,,,,,,,,,,
1306866,"Escola Básica da Bajouca, Maia",Maia,,,,1er_cycle_uniquement,31.0,10.0,11.0,5.0,5.0,0.0,,,,,,,,,,,,,,,,
1306885,Colégio Novo da Maia,Maia,,,,1er_et_2eme_cycle,273.0,57.0,71.0,70.0,75.0,0.0,98,83,84,97,92,84,104,92,0.44999999999999996,0.55,196,0,0,92,1,0.9923606986007374
1306922,"Escola Básica do Castêlo da Maia, Santa Maria de Avioso, Maia",Maia,,,,1er_cycle_uniquement,172.0,39.0,43.0,47.0,43.0,0.0,,,,,,,,,,,,,,,,
1306933,"Escola Básica e Secundária do Levante da Maia, Nogueira da Maia, Maia",Maia,,,,2eme_cycle_uniquement,,,,,,,86,94,116,87,98,119,97,98,0.53,0.47,195,0.019999999552965164,0.029999999329447746,93,0.967741935483871,0.9664254967867408
1306934,"Escola Básica e Secundária de Águas Santas, Maia",Maia,,,,2eme_cycle_uniquement,,,,,,,222,242,205,228,220,212,202,235,0.5,0.5,437,0.019999999552965164,0.029999999329447746,214,0.9672897196261683,0.9716444218139614
1306963,Escola Básica da Maia,Maia,,,,1er_cycle_uniquement,222.0,48.0,68.0,42.0,64.0,0.0,,,,,,,,,,,,,,,,
1307003,"Escola Básica de Gouveia, Marco de Canaveses",Marco de Canaveses,,,,1er_cycle_uniquement,31.0,7.0,9.0,10.0,5.0,0.0,,,,,,,,,,,,,,,,
1307016,"Escola Básica de Igreja, Vila Boa de Quires, Marco de Canaveses",Marco de Canaveses,,,,1er_cycle_uniquement,44.0,15.0,10.0,8.0,11.0,0.0,,,,,,,,,,,,,,,,
1307092,"Escola Básica de Favões, Marco de Canaveses",Marco de Canaveses,,,,1er_cycle_uniquement,23.0,7.0,9.0,0.0,7.0,0.0,,,,,,,,,,,,,,,,
1307102,"Escola Básica de Cruz, Torrão, Marco de Canaveses",Marco de Canaveses,,,,1er_cycle_uniquement,27.0,9.0,8.0,4.0,6.0,0.0,,,,,,,,,,,,,,,,
1307147,"Escola Básica de Casal, Marco de Canaveses",Marco de Canaveses,,,,1er_cycle_uniquement,0.0,0.0,0.0,0.0,0.0,,,,,,,,,,,,,,,,,
1307203,"Escola Básica de Livração, Marco de Canaveses",Marco de Canaveses,,,,1er_cycle_uniquement,29.0,11.0,4.0,6.0,8.0,0.0,,,,,,,,,,,,,,,,
1307207,"Escola Básica de Vale do Côvo, Marco de Canaveses",Marco de Canaveses,,,,1er_cycle_uniquement,92.0,23.0,21.0,23.0,25.0,0.0,,,,,,,,,,,,,,,,
1307211,"Escola Básica de Serrinha, Marco de Canaveses",Marco de Canaveses,,,,1er_cycle_uniquement,34.0,9.0,11.0,11.0,3.0,0.0,,,,,,,,,,,,,,,,
1307243,"Escola Básica de Ladário, Tabuado, Marco de Canaveses",Marco de Canaveses,,,,1er_cycle_uniquement,41.0,7.0,13.0,10.0,11.0,0.0,,,,,,,,,,,,,,,,
1307272,"Escola Básica de Feira Nova, Marco de Canaveses",Marco de Canaveses,,,,1er_cycle_uniquement,80.0,24.0,20.0,16.0,20.0,0.0,,,,,,,,,,,,,,,,
1307287,"Escola Básica de Peso, Santo Isidoro, Marco de Canaveses",Marco de Canaveses,,,,1er_cycle_uniquement,29.0,7.0,13.0,0.0,9.0,0.0,,,,,,,,,,,,,,,,
1307418,"Escola Básica de Paredes, Marco de Canaveses",Marco de Canaveses,,,,1er_cycle_uniquement,32.0,4.0,8.0,7.0,13.0,0.0,,,,,,,,,,,,,,,,
1307462,"Escola Básica de Carreira, Avessadas, Marco de Canaveses",Marco de Canaveses,,,,1er_cycle_uniquement,43.0,12.0,11.0,9.0,11.0,0.0225,,,,,,,,,,,,,,,,
1307478,"Escola Básica de Freita, Marco de Canaveses",Marco de Canaveses,,,,1er_cycle_uniquement,34.0,6.0,10.0,9.0,9.0,0.025,,,,,,,,,,,,,,,,
1307487,"Escola Básica de Cabo, Maureles, Marco de Canaveses",Marco de Canaveses,,,,1er_cycle_uniquement,20.0,4.0,7.0,4.0,5.0,0.0,,,,,,,,,,,,,,,,
1307502,"Escola Básica de Alpendurada, Marco de Canaveses",Marco de Canaveses,,,,2eme_cycle_uniquement,,,,,,,159,154,154,159,140,158,118,144,0.5,0.5,262,0,0,138,0.9927536231884058,0.960517606421359
1307505,"Escola Básica de Regoufe, Banho e Carvalhosa, Marco de Canaveses",Marco de Canaveses,,,,1er_cycle_uniquement,32.0,10.0,9.0,5.0,8.0,0.0275,,,,,,,,,,,,,,,,
1307514,"Escola Básica de Picota, Tuias, Marco de Canaveses",Marco de Canaveses,,,,1er_cycle_uniquement,87.0,23.0,25.0,19.0,20.0,0.0,,,,,,,,,,,,,,,,
1307553,"Escola Básica de Searinha, Marco de Canaveses",Marco de Canaveses,,,,1er_cycle_uniquement,24.0,5.0,6.0,5.0,8.0,0.0,,,,,,,,,,,,,,,,
1307556,"Escola Básica de Gandra, Marco de Canaveses",Marco de Canaveses,,,,1er_cycle_uniquement,33.0,6.0,4.0,14.0,9.0,0.0,,,,,,,,,,,,,,,,
1307595,"Escola Básica de Barroca, Rio de Galinhas, Marco de Canaveses",Marco de Canaveses,,,,1er_cycle_uniquement,86.0,21.0,20.0,24.0,21.0,0.0,,,,,,,,,,,,,,,,
1307615,"Escola Básica de Paços, Seara, Marco de Canaveses",Marco de Canaveses,,,,1er_cycle_uniquement,0.0,0.0,0.0,0.0,0.0,,,,,,,,,,,,,,,,,
1307625,"Escola Básica de Eiró, Marco de Canaveses",Marco de Canaveses,,,,1er_cycle_uniquement,55.0,20.0,13.0,12.0,10.0,0.0,,,,,,,,,,,,,,,,
1307656,"Escola Básica n.º 1 de Igreja, Sande, Marco de Canaveses",Marco de Canaveses,,,,1er_cycle_uniquement,62.0,17.0,18.0,17.0,10.0,0.0,,,,,,,,,,,,,,,,
1307664,"Escola Básica de Toutosa, Marco de Canaveses",Marco de Canaveses,,,,2eme_cycle_uniquement,,,,,,,77,62,57,76,58,61,58,58,0.54,0.46,116,0.019999999552965164,0,58,0.9655172413793104,0.9393080547256566
1307693,"Escola Básica n.º 1 de São Sebastião, Penha Longa, Marco de Canaveses",Marco de Canaveses,,,,1er_cycle_uniquement,37.0,10.0,6.0,10.0,11.0,0.025,,,,,,,,,,,,,,,,
1307696,"Escola Básica de Esperança, Marco de Canaveses",Marco de Canaveses,,,,1er_cycle_uniquement,27.0,8.0,5.0,5.0,9.0,0.0,,,,,,,,,,,,,,,,
1307713,"Escola Básica de Cruzeiro, Alpendurada, Marco de Canaveses",Marco de Canaveses,,,,1er_cycle_uniquement,79.0,18.0,23.0,20.0,18.0,0.0,,,,,,,,,,,,,,,,
1307787,"Escola Básica Carmen Miranda, Marco de Canaveses",Marco de Canaveses,,,,2eme_cycle_uniquement,,,,,,,201,212,280,210,218,288,207,226,0.49,0.51,433,0,0.009999999776482582,212,0.9905660377358491,0.9549735001597578
1307821,"Escola Básica de Vila Boa do Bispo, Marco de Canaveses",Marco de Canaveses,,,,1er_cycle_uniquement,97.0,24.0,23.0,22.0,28.0,0.0,,,,,,,,,,,,,,,,
1307839,"Escola Básica de Ladário, Fontelas, Marco de Canaveses",Marco de Canaveses,,,,1er_cycle_uniquement,52.0,10.0,14.0,13.0,15.0,0.035,,,,,,,,,,,,,,,,
1307875,"Escola Básica de Manhuncelos, Marco de Canaveses",Marco de Canaveses,,,,1er_cycle_uniquement,0.0,0.0,0.0,0.0,0.0,,,,,,,,,,,,,,,,,
1307907,"Escola Básica de Sande, Marco de Canaveses",Marco de Canaveses,,,,2eme_cycle_uniquement,,,,,,,60,61,49,59,46,49,62,46,0.51,0.49,108,0,0,44,1,0.9461304449814745
1307940,"Escola Básica de Quinta do Bairro, Pena, Marco de Canaveses",Marco de Canaveses,,,,1er_cycle_uniquement,40.0,10.0,8.0,14.0,8.0,0.0,,,,,,,,,,,,,,,,
1307941,"Escola Básica de Vila Nova, Vila Boa de Quires, Marco de Canaveses",Marco de Canaveses,,,,1er_cycle_uniquement,50.0,14.0,12.0,12.0,12.0,0.0,,,,,,,,,,,,,,,,
1307951,"Escola Básica de Rua Direita, Sobretâmega, Marco de Canaveses",Marco de Canaveses,,,,1er_cycle_uniquement,78.0,22.0,17.0,20.0,19.0,0.0,,,,,,,,,,,,,,,,
1307963,Escola Básica n.º 1 de Marco de Canaveses,Marco de Canaveses,,,,1er_cycle_uniquement,205.0,63.0,45.0,48.0,49.0,0.005,,,,,,,,,,,,,,,,
1308001,"Escola Básica da Quinta do Vieira, Custóias, Matosinhos",Matosinhos,,,,1er_cycle_uniquement,107.0,24.0,20.0,39.0,24.0,0.03,,,,,,,,,,,,,,,,
1308002,"Escola Básica do Araújo, Leça do Balio, Matosinhos",Matosinhos,,,,1er_cycle_uniquement,180.0,51.0,42.0,45.0,42.0,0.0,,,,,,,,,,,,,,,,
1308004,"Escola Básica das Ribeiras, Matosinhos",Matosinhos,,,,1er_cycle_uniquement,205.0,58.0,44.0,56.0,47.0,0.0,,,,,,,,,,,,,,,,
1308005,"Escola Básica do Padrão da Légua, Matosinhos",Matosinhos,,,,1er_cycle_uniquement,138.0,46.0,35.0,20.0,37.0,0.055,,,,,,,,,,,,,,,,
1308006,"Escola Básica n.º 1 da Quinta de São Gens, Senhora da Hora, Matosinhos",Matosinhos,,,,1er_cycle_uniquement,360.0,80.0,92.0,92.0,96.0,0.0,,,,,,,,,,,,,,,,
1308021,"Escola Básica Maria Manuela Sá, São Mamede de Infesta, Matosinhos",Matosinhos,,,,2eme_cycle_uniquement,,,,,,,147,157,143,150,130,146,136,136,0.5700000000000001,0.43,272,0,0.009999999776482582,127,1,0.9626013087556472
1308024,"Escola Básica do Estádio do Mar, Matosinhos",Matosinhos,,,,1er_cycle_uniquement,182.0,54.0,41.0,47.0,40.0,0.0125,,,,,,,,,,,,,,,,
1308047,"Externato ""S. João Bosco""",Matosinhos,,,,1er_et_2eme_cycle,51.0,12.0,13.0,8.0,18.0,0.0,10,20,10,8,12,6,18,10,0.61,0.39,28,0.05999999865889549,0,12,*,*
1308069,"Escola Básica da Senhora da Hora, Matosinhos",Matosinhos,,,,2eme_cycle_uniquement,,,,,,,133,148,145,130,137,144,159,135,0.51,0.49,294,0.009999999776482582,0.009999999776482582,130,0.9538461538461539,0.9674826263444362
1308085,"Escola Básica de Lomba, Matosinhos",Matosinhos,,,,1er_cycle_uniquement,59.0,15.0,13.0,16.0,15.0,0.0,,,,,,,,,,,,,,,,
1308100,"Escola Básica Professor Óscar Lopes, Matosinhos",Matosinhos,,,,2eme_cycle_uniquement,,,,,,,51,49,45,46,52,41,56,57,0.54,0.46,113,0,0.09000000357627869,48,0.9583333333333334,0.9266735081528985
1308148,Jardim Escola João de Deus Matosinhos,Matosinhos,,,,1er_cycle_uniquement,181.0,49.0,48.0,41.0,43.0,0.0,,,,,,,,,,,,,,,,
1308160,Externato Bom Jesus Matosinhos,Matosinhos,,,,1er_cycle_uniquement,60.0,13.0,17.0,13.0,17.0,0.0,,,,,,,,,,,,,,,,
1308167,"Escola Básica da Praia, Leça da Palmeira, Matosinhos",Matosinhos,,,,1er_cycle_uniquement,111.0,20.0,44.0,25.0,22.0,0.0,,,,,,,,,,,,,,,,
1308200,"Escola Básica de Cabanelas, Matosinhos",Matosinhos,,,,1er_cycle_uniquement,88.0,20.0,24.0,20.0,24.0,0.0,,,,,,,,,,,,,,,,
1308245,"Escola Básica de Leça do Balio, Matosinhos",Matosinhos,,,,2eme_cycle_uniquement,,,,,,,66,76,70,71,65,71,62,67,0.61,0.39,129,0,0,63,1,0.9734298251632466
1308253,"Escola Básica de Sendim, Matosinhos",Matosinhos,,,,1er_cycle_uniquement,78.0,19.0,24.0,18.0,17.0,0.0275,,,,,,,,,,,,,,,,
1308261,"Escola Básica e Secundária de Padrão da Légua, Matosinhos",Matosinhos,,,,2eme_cycle_uniquement,,,,,,,130,117,106,122,103,109,62,103,0.53,0.47,165,0.019999999552965164,0.009999999776482582,97,0.979381443298969,0.9589495931837271
1308280,"Escola Básica Dr. José Domingues dos Santos, Cabanelas, Matosinhos",Matosinhos,,,,2eme_cycle_uniquement,,,,,,,101,131,94,101,122,94,87,124,0.55,0.45,211,0,0,122,1,0.9693386809795891
1308350,"Escola Básica de Godinho, Matosinhos",Matosinhos,,,,1er_cycle_uniquement,153.0,39.0,24.0,33.0,57.0,0.005,,,,,,,,,,,,,,,,
1308439,Externato Arco Íris II,Matosinhos,,,,1er_cycle_uniquement,72.0,24.0,17.0,17.0,14.0,0.0,,,,,,,,,,,,,,,,
1308443,"Escola Básica de Amorosa, Leça da Palmeira, Matosinhos",Matosinhos,,,,1er_cycle_uniquement,124.0,45.0,20.0,39.0,20.0,0.0,,,,,,,,,,,,,,,,
1308456,"Escola Básica de Igreja Velha, São Mamede de Infesta, Matosinhos",Matosinhos,,,,1er_cycle_uniquement,183.0,40.0,45.0,39.0,59.0,0.015,,,,,,,,,,,,,,,,
1308542,Externato António Nobre,Matosinhos,,,,1er_et_2eme_cycle,84.0,22.0,18.0,21.0,23.0,0.0,0,0,9,0,13,9,11,14,0.52,0.48,25,0,0,13,*,*
1308557,"Escola Básica Prof.ª Elvira Valente, Custóias, Matosinhos",Matosinhos,,,,1er_cycle_uniquement,77.0,34.0,26.0,16.0,1.0,0.0375,,,,,,,,,,,,,,,,
1308589,"Escola Básica de Custóias, Matosinhos",Matosinhos,,,,2eme_cycle_uniquement,,,,,,,99,72,80,94,82,77,82,84,0.53,0.47,166,0.009999999776482582,0.07000000029802322,82,0.8902439024390244,0.9368817687163192
1308615,"Escola Básica Eng. Fernando Pinto de Oliveira, Leça da Palmeira, Matosinhos",Matosinhos,,,,1er_et_2eme_cycle,179.0,45.0,41.0,45.0,48.0,0.005,257,250,243,257,242,255,239,252,0.56,0.44,491,0.029999999329447746,0.029999999329447746,238,0.9663865546218487,0.9641472763273952
1308627,"Escola Básica da Barranha, Senhora da Hora, Matosinhos",Matosinhos,,,,1er_et_2eme_cycle,169.0,43.0,43.0,43.0,40.0,0.0,78,84,65,76,74,67,65,70,0.5900000000000001,0.41,135,0.029999999329447746,0,66,0.9848484848484849,0.9598618317382297
1308636,"Escola Básica da Viscondessa, Santa Cruz do Bispo, Matosinhos",Matosinhos,,,,1er_cycle_uniquement,149.0,37.0,30.0,42.0,40.0,0.0425,,,,,,,,,,,,,,,,
1308639,"Escola Básica Padre Manuel Castro, São Mamede de Infesta, Matosinhos",Matosinhos,,,,1er_cycle_uniquement,186.0,49.0,43.0,48.0,46.0,0.005,,,,,,,,,,,,,,,,
1308641,"Escola Básica Irmãos Passos, Guifões, Matosinhos",Matosinhos,,,,1er_et_2eme_cycle,177.0,60.0,41.0,39.0,37.0,0.06,74,89,70,75,87,71,88,87,0.51,0.49,175,0.07000000029802322,0.17000000178813934,80,0.8375,0.9454048474647291
1308648,"Escola Básica de Quatro Caminhos, Senhora da Hora, Matosinhos",Matosinhos,,,,1er_cycle_uniquement,130.0,39.0,23.0,48.0,20.0,0.0125,,,,,,,,,,,,,,,,
1308666,"Escola Básica Nogueira Pinto, Leça da Palmeira, Matosinhos",Matosinhos,,,,1er_cycle_uniquement,88.0,20.0,24.0,24.0,20.0,0.0,,,,,,,,,,,,,,,,
1308693,"Escola Básica de Perafita, Matosinhos",Matosinhos,,,,2eme_cycle_uniquement,,,,,,,103,99,67,103,76,73,90,81,0.5,0.5,171,0.009999999776482582,0,73,0.9863013698630136,0.9411249862877433
1308705,"Escola Básica da Praia de Angeiras, Matosinhos",Matosinhos,,,,1er_cycle_uniquement,104.0,24.0,20.0,40.0,20.0,0.0,,,,,,,,,,,,,,,,
1308760,"Escola Básica de Corpo Santo, Leça da Palmeira, Matosinhos",Matosinhos,,,,1er_cycle_uniquement,93.0,23.0,23.0,23.0,24.0,0.0,,,,,,,,,,,,,,,,
1308793,"Escola Básica de Amieira, Senhora da Hora, Matosinhos",Matosinhos,,,,1er_cycle_uniquement,131.0,36.0,34.0,38.0,23.0,0.0075,,,,,,,,,,,,,,,,
1308807,Projeto Scholé,Matosinhos,,,,1er_cycle_uniquement,43.0,11.0,13.0,11.0,8.0,0.0,,,,,,,,,,,,,,,,
1308847,Colégio Efanor,Matosinhos,,,,1er_et_2eme_cycle,307.0,95.0,72.0,68.0,72.0,0.0,71,72,72,69,73,74,76,75,0.6,0.4,151,0,0,73,1,0.9907572147794429
1308859,"Escola Básica de Gondivai, Leça do Balio, Matosinhos",Matosinhos,,,,1er_cycle_uniquement,167.0,44.0,44.0,38.0,41.0,0.0,,,,,,,,,,,,,,,,
1308865,"Escola Básica de Ermida, São Mamede de Infesta, Matosinhos",Matosinhos,,,,1er_cycle_uniquement,186.0,49.0,48.0,45.0,44.0,0.005,,,,,,,,,,,,,,,,
1308928,Colégio Anjos do Saber,Matosinhos,,,,1er_cycle_uniquement,82.0,20.0,20.0,19.0,23.0,0.0125,,,,,,,,,,,,,,,,
1308930,Escola Básica de Matosinhos,Matosinhos,,,,1er_et_2eme_cycle,318.0,72.0,79.0,82.0,85.0,0.0,231,303,233,237,254,236,235,257,0.53,0.47,492,0,0,240,0.9791666666666666,0.9557888571991816
1308938,"Escola Básica Augusto Gomes, Matosinhos",Matosinhos,,,,1er_cycle_uniquement,102.0,38.0,23.0,22.0,19.0,0.0,,,,,,,,,,,,,,,,
1308973,"Escola Básica Florbela Espanca, Matosinhos",Matosinhos,,,,1er_cycle_uniquement,165.0,39.0,40.0,43.0,43.0,0.0,,,,,,,,,,,,,,,,
1308983,"Escola Básica de Santiago, Custóias, Matosinhos",Matosinhos,,,,1er_cycle_uniquement,125.0,39.0,25.0,39.0,22.0,0.0325,,,,,,,,,,,,,,,,
1308987,"Escola Básica n.º 2 de Perafita, Matosinhos",Matosinhos,,,,1er_cycle_uniquement,118.0,39.0,22.0,34.0,23.0,0.0,,,,,,,,,,,,,,,,
1308992,"Escola Básica de Agudela, Pampelido, Matosinhos",Matosinhos,,,,1er_cycle_uniquement,184.0,48.0,47.0,44.0,45.0,0.0,,,,,,,,,,,,,,,,
1309001,"Escola Básica de Figueiró, Paços de Ferreira",Paços de Ferreira,,,,1er_cycle_uniquement,82.0,24.0,24.0,18.0,16.0,0.0,,,,,,,,,,,,,,,,
1309002,"Escola Básica de Sanfins de Ferreira, Paços de Ferreira",Paços de Ferreira,,,,1er_cycle_uniquement,94.0,26.0,30.0,20.0,18.0,0.0225,,,,,,,,,,,,,,,,
1309003,"Escola Básica de Lamoso, Paços de Ferreira",Paços de Ferreira,,,,1er_cycle_uniquement,76.0,19.0,13.0,22.0,22.0,0.0,,,,,,,,,,,,,,,,
1309004,"Escola Básica de Penamaior, Paços de Ferreira",Paços de Ferreira,,,,1er_cycle_uniquement,163.0,37.0,39.0,49.0,38.0,0.025,,,,,,,,,,,,,,,,
1309005,"Escola Básica de Ferreira, Paços de Ferreira",Paços de Ferreira,,,,1er_cycle_uniquement,115.0,28.0,30.0,33.0,24.0,0.0225,,,,,,,,,,,,,,,,
1309006,"Escola Básica de Carvalhosa, Paços de Ferreira",Paços de Ferreira,,,,1er_cycle_uniquement,144.0,37.0,39.0,36.0,32.0,0.0,,,,,,,,,,,,,,,,
1309007,"Escola Básica n.º 1 de Frazão, Paços de Ferreira",Paços de Ferreira,,,,1er_cycle_uniquement,112.0,32.0,32.0,26.0,22.0,0.015,,,,,,,,,,,,,,,,
1309008,Escola Básica de Paços de Ferreira,Paços de Ferreira,,,,2eme_cycle_uniquement,,,,,,,253,226,220,251,227,221,193,231,0.49,0.51,424,0.019999999552965164,0.019999999552965164,219,0.9726027397260274,0.9516133247466784
1309009,"Escola Básica de Freamunde, Paços de Ferreira",Paços de Ferreira,,,,1er_cycle_uniquement,239.0,65.0,67.0,61.0,46.0,0.01,,,,,,,,,,,,,,,,
1309010,"Escola Básica de Meixomil, Paços de Ferreira",Paços de Ferreira,,,,1er_cycle_uniquement,104.0,34.0,23.0,23.0,24.0,0.0,,,,,,,,,,,,,,,,
1309011,"Escola Básica de Raimonda, Paços de Ferreira",Paços de Ferreira,,,,1er_cycle_uniquement,77.0,21.0,20.0,20.0,16.0,0.0,,,,,,,,,,,,,,,,
1309012,Escola Básica n.º 2 de Paços de Ferreira,Paços de Ferreira,,,,1er_cycle_uniquement,316.0,95.0,62.0,70.0,89.0,0.0025,,,,,,,,,,,,,,,,
1309014,"Escola Básica de Arreigada, Paços de Ferreira",Paços de Ferreira,,,,1er_cycle_uniquement,101.0,23.0,21.0,39.0,18.0,0.0,,,,,,,,,,,,,,,,
1309015,"Escola Básica de Seroa, Paços de Ferreira",Paços de Ferreira,,,,1er_cycle_uniquement,95.0,31.0,21.0,25.0,18.0,0.01,,,,,,,,,,,,,,,,
1309016,"Escola Básica n.º 1 de Eiriz, Paços de Ferreira",Paços de Ferreira,,,,1er_cycle_uniquement,72.0,16.0,23.0,18.0,15.0,0.0,,,,,,,,,,,,,,,,
1309093,"Escola Básica e Secundária Dr. Manuel Pinto de Vasconcelos, Freamunde, Paços de Ferreira",Paços de Ferreira,,,,2eme_cycle_uniquement,,,,,,,139,161,133,140,124,145,104,129,0.44999999999999996,0.55,233,0.029999999329447746,0.029999999329447746,122,0.9836065573770492,0.9564110934650396
1309245,"Escola Básica de Eiriz, Paços de Ferreira",Paços de Ferreira,,,,2eme_cycle_uniquement,,,,,,,107,126,119,105,117,119,106,121,0.55,0.45,227,0,0,114,1,0.9419374511420502
1309386,Colégio Marca d´Água,Paços de Ferreira,,,,1er_et_2eme_cycle,89.0,22.0,23.0,20.0,24.0,0.0,13,17,22,13,16,23,21,14,0.54,0.46,35,0,0,16,1,0.9873145671003121
1309479,Colégio Nova Encosta,Paços de Ferreira,,,,1er_et_2eme_cycle,113.0,32.0,22.0,34.0,25.0,0.0,37,32,30,32,24,29,26,23,0.5900000000000001,0.41,49,0,0,24,0.9166666666666666,0.9916317991631799
1309931,"Escola Básica de Frazão, Paços de Ferreira",Paços de Ferreira,,,,2eme_cycle_uniquement,,,,,,,78,123,112,79,109,105,89,120,0.49,0.51,209,0.019999999552965164,0.09000000357627869,102,0.9313725490196079,0.9484548292409613
1310001,"Escola Básica da Gandra, Paredes",Paredes,,,,1er_cycle_uniquement,157.0,41.0,38.0,43.0,35.0,0.0325,,,,,,,,,,,,,,,,
1310002,"Escola Básica de Mouriz, Paredes",Paredes,,,,1er_cycle_uniquement,276.0,82.0,73.0,60.0,61.0,0.0,,,,,,,,,,,,,,,,
1310003,"Escola Básica de Vilela, Paredes",Paredes,,,,1er_cycle_uniquement,186.0,43.0,58.0,47.0,38.0,0.0,,,,,,,,,,,,,,,,
1310004,"Escola Básica n.º 1 de Rebordosa, Paredes",Paredes,,,,1er_cycle_uniquement,221.0,69.0,39.0,64.0,49.0,0.0,,,,,,,,,,,,,,,,
1310006,"Escola Básica n.º 1 de Sobreira, Paredes",Paredes,,,,1er_cycle_uniquement,136.0,35.0,36.0,34.0,31.0,0.015,,,,,,,,,,,,,,,,
1310007,"Escola Básica de Recarei, Paredes",Paredes,,,,1er_cycle_uniquement,151.0,39.0,37.0,43.0,32.0,0.0075,,,,,,,,,,,,,,,,
1310008,"Escola Básica de Duas Igrejas, Paredes",Paredes,,,,1er_cycle_uniquement,128.0,37.0,42.0,22.0,27.0,0.0,,,,,,,,,,,,,,,,
1310010,"Escola Básica n.º 1 de Lordelo, Paredes",Paredes,,,,1er_cycle_uniquement,136.0,37.0,38.0,40.0,21.0,0.0125,,,,,,,,,,,,,,,,
1310011,"Escola Básica de Sobrosa, Paredes",Paredes,,,,1er_cycle_uniquement,175.0,55.0,44.0,40.0,36.0,0.0,,,,,,,,,,,,,,,,
1310012,"Escola Básica de Cete, Paredes",Paredes,,,,1er_cycle_uniquement,137.0,40.0,40.0,25.0,32.0,0.0125,,,,,,,,,,,,,,,,
1310013,"Escola Básica n.º 2 de Lordelo, Paredes",Paredes,,,,1er_cycle_uniquement,122.0,23.0,24.0,37.0,38.0,0.01,,,,,,,,,,,,,,,,
1310014,"Escola Básica de Bitarães, Paredes",Paredes,,,,1er_cycle_uniquement,147.0,37.0,37.0,37.0,36.0,0.0,,,,,,,,,,,,,,,,
1310041,"Escola Básica e Secundária de Cristelo, Paredes",Paredes,,,,2eme_cycle_uniquement,,,,,,,60,104,97,62,79,98,60,78,0.52,0.48,138,0,0,78,0.9871794871794872,0.9405995064291839
1310046,"Escola Básica e Secundária de Lordelo, Paredes",Paredes,,,,2eme_cycle_uniquement,,,,,,,78,62,85,73,74,86,88,75,0.45999999999999996,0.54,163,0,0,74,1,0.9574593430105317
1310048,Escola Básica n.º 2 de Paredes,Paredes,,,,1er_cycle_uniquement,344.0,84.0,81.0,86.0,93.0,0.0,,,,,,,,,,,,,,,,
1310115,"Escola Básica e Secundária de Sobreira, Paredes",Paredes,,,,2eme_cycle_uniquement,,,,,,,74,83,87,73,69,87,74,73,0.52,0.48,147,0,0,69,0.9855072463768116,0.9582096327914198
1310500,Escola Básica e Secundária de Paredes,Paredes,,,,2eme_cycle_uniquement,,,,,,,252,282,255,256,229,259,235,234,0.49,0.51,469,0,0,226,0.9823008849557522,0.9571302099108743
1310705,Grande Colégio de Paredes,Paredes,,,,1er_cycle_uniquement,47.0,14.0,12.0,11.0,10.0,0.0,,,,,,,,,,,,,,,,
1310758,"Escola Básica e Secundária de Rebordosa, Paredes",Paredes,,,,2eme_cycle_uniquement,,,,,,,106,86,87,109,78,91,88,81,0.5,0.5,169,0,0,75,1,0.9578981424638429
1310808,"Escola Básica de Serrinha, Rebordosa, Paredes",Paredes,,,,1er_cycle_uniquement,121.0,26.0,26.0,25.0,44.0,0.005,,,,,,,,,,,,,,,,
1310869,"Escola Básica de Baltar, Paredes",Paredes,,,,1er_et_2eme_cycle,195.0,52.0,43.0,44.0,56.0,0.01,170,132,153,164,123,156,117,127,0.47,0.53,244,0.009999999776482582,0.029999999329447746,117,0.9658119658119658,0.9582179431677423
1310955,"Escola Básica e Secundária de Vilela, Paredes",Paredes,,,,2eme_cycle_uniquement,,,,,,,83,64,71,85,45,72,63,46,0.5900000000000001,0.41,109,0,0,45,1,0.9452632100244317
1310973,Colégio Casa Mãe,Paredes,,,,1er_et_2eme_cycle,145.0,36.0,33.0,33.0,43.0,0.0,48,41,39,46,38,37,33,35,0.45999999999999996,0.54,68,0,0,38,0.9736842105263158,0.9890131138763179
1311001,"Escola Básica do Douro, Rio Mau, Penafiel",Penafiel,,,,1er_cycle_uniquement,75.0,18.0,21.0,21.0,15.0,0.0,,,,,,,,,,,,,,,,
1311002,"Escola Básica de Abragão, Penafiel",Penafiel,,,,1er_cycle_uniquement,75.0,16.0,20.0,25.0,14.0,0.0,,,,,,,,,,,,,,,,
1311003,"Escola Básica de Cabeça Santa, Penafiel",Penafiel,,,,1er_cycle_uniquement,69.0,14.0,17.0,18.0,20.0,0.0,,,,,,,,,,,,,,,,
1311004,"Escola Básica de Castelões, Penafiel",Penafiel,,,,1er_cycle_uniquement,26.0,4.0,7.0,11.0,4.0,0.0,,,,,,,,,,,,,,,,
1311006,"Escola Básica de Fonte Arcada, Penafiel",Penafiel,,,,1er_cycle_uniquement,55.0,13.0,22.0,7.0,13.0,0.0,,,,,,,,,,,,,,,,
1311007,"Escola Básica de Lagares, Penafiel",Penafiel,,,,1er_cycle_uniquement,91.0,24.0,14.0,29.0,24.0,0.0,,,,,,,,,,,,,,,,
1311008,"Escola Básica da Portela, Penafiel",Penafiel,,,,1er_cycle_uniquement,46.0,9.0,10.0,12.0,15.0,0.0375,,,,,,,,,,,,,,,,
1311011,"Escola Básica de Rans, Penafiel",Penafiel,,,,1er_cycle_uniquement,96.0,26.0,28.0,22.0,20.0,0.01,,,,,,,,,,,,,,,,
1311012,Escola Básica de Penafiel,Penafiel,,,,1er_cycle_uniquement,440.0,119.0,124.0,93.0,104.0,0.005,,,,,,,,,,,,,,,,
1311016,"Escola Básica de Boelhe, Penafiel",Penafiel,,,,1er_cycle_uniquement,49.0,10.0,14.0,8.0,17.0,0.0,,,,,,,,,,,,,,,,
1311017,"Escola Básica de Urrô, Penafiel",Penafiel,,,,1er_cycle_uniquement,47.0,19.0,5.0,5.0,18.0,0.0,,,,,,,,,,,,,,,,
1311018,"Escola Básica de Irivo, Penafiel",Penafiel,,,,1er_cycle_uniquement,77.0,19.0,21.0,14.0,23.0,0.0,,,,,,,,,,,,,,,,
1311019,"Escola Básica de Pinheiro, Penafiel",Penafiel,,,,1er_cycle_uniquement,77.0,22.0,20.0,20.0,15.0,0.0,,,,,,,,,,,,,,,,
1311073,"Escola Básica de Oldrões, Penafiel",Penafiel,,,,1er_cycle_uniquement,63.0,20.0,14.0,11.0,18.0,0.0,,,,,,,,,,,,,,,,
1311131,"Escola Básica de São Lourenço, Penafiel",Penafiel,,,,1er_cycle_uniquement,49.0,14.0,15.0,13.0,7.0,0.0,,,,,,,,,,,,,,,,
1311144,"Escola Básica de Luzim, Penafiel",Penafiel,,,,1er_cycle_uniquement,29.0,5.0,6.0,9.0,9.0,0.0,,,,,,,,,,,,,,,,
1311168,"Escola Básica de Bustelo, Penafiel",Penafiel,,,,1er_cycle_uniquement,25.0,4.0,8.0,9.0,4.0,0.0,,,,,,,,,,,,,,,,
1311171,"Escola Básica de Peroselo, Penafiel",Penafiel,,,,1er_cycle_uniquement,50.0,9.0,14.0,18.0,9.0,0.0,,,,,,,,,,,,,,,,
1311212,"Escola Básica e Secundária de Pinheiro, Penafiel",Penafiel,,,,2eme_cycle_uniquement,,,,,,,104,122,103,106,85,106,92,87,0.54,0.46,179,0,0,82,0.9878048780487805,0.957316752937681
1311228,"Escola Básica de Mosteiro, Assento, Penafiel",Penafiel,,,,1er_cycle_uniquement,84.0,24.0,20.0,18.0,22.0,0.0,,,,,,,,,,,,,,,,
1311283,Jardim Escola João de Deus Penafiel,Penafiel,,,,1er_cycle_uniquement,72.0,18.0,21.0,15.0,18.0,0.0,,,,,,,,,,,,,,,,
1311314,Escola Básica de Penafiel Sul,Penafiel,,,,2eme_cycle_uniquement,,,,,,,130,166,131,131,109,136,79,112,0.56,0.44,191,0.029999999329447746,0,106,1,0.9594688710516303
1311360,"Escola Básica de Duas Igrejas, Penafiel",Penafiel,,,,1er_cycle_uniquement,77.0,24.0,17.0,19.0,17.0,0.0,,,,,,,,,,,,,,,,
1311369,"Escola Básica de Guilhufe, Penafiel",Penafiel,,,,1er_cycle_uniquement,104.0,21.0,26.0,33.0,24.0,0.0,,,,,,,,,,,,,,,,
1311524,"Escola Básica D. António Ferreira Gomes, Milhundos, Penafiel",Penafiel,,,,2eme_cycle_uniquement,,,,,,,243,247,248,244,283,252,272,287,0.49,0.51,559,0.009999999776482582,0.019999999552965164,273,0.978021978021978,0.9589780466499124
1311617,"Escola Básica de Capela, Penafiel",Penafiel,,,,1er_cycle_uniquement,23.0,7.0,6.0,4.0,6.0,0.0,,,,,,,,,,,,,,,,
1311638,"Escola Básica de Galegos, Penafiel",Penafiel,,,,1er_cycle_uniquement,84.0,19.0,23.0,21.0,21.0,0.0,,,,,,,,,,,,,,,,
1311685,"Escola Básica de S. Mamede de Recesinhos, Penafiel",Penafiel,,,,1er_cycle_uniquement,42.0,7.0,6.0,17.0,12.0,0.0625,,,,,,,,,,,,,,,,
1311701,"Escola Básica de Santiago de Subarrifana, Penafiel",Penafiel,,,,1er_cycle_uniquement,30.0,8.0,7.0,10.0,5.0,0.0,,,,,,,,,,,,,,,,
1311707,"Escola Básica de Milhundos, Penafiel",Penafiel,,,,1er_cycle_uniquement,86.0,20.0,27.0,18.0,21.0,0.0,,,,,,,,,,,,,,,,
1311717,"Escola Básica de São Martinho de Recezinhos, Penafiel",Penafiel,,,,1er_cycle_uniquement,47.0,10.0,20.0,11.0,6.0,0.0125,,,,,,,,,,,,,,,,
1311729,"Escola Básica de Valpedre, Penafiel",Penafiel,,,,1er_cycle_uniquement,39.0,14.0,12.0,6.0,7.0,0.0,,,,,,,,,,,,,,,,
1311754,"Escola Básica de Paço de Sousa, Penafiel",Penafiel,,,,2eme_cycle_uniquement,,,,,,,90,93,108,88,82,105,78,84,0.49,0.51,162,0,0,80,1,0.9623967640328317
1311763,"Escola Básica de Tojais, Penafiel",Penafiel,,,,1er_cycle_uniquement,30.0,5.0,10.0,10.0,5.0,0.0,,,,,,,,,,,,,,,,
1311784,Escola Básica de Penafiel Sudeste,Penafiel,,,,2eme_cycle_uniquement,,,,,,,97,85,97,96,74,100,75,80,0.52,0.48,155,0,0,74,1,0.9439177475839039
1311796,"Escola Básica de Canelas, Penafiel",Penafiel,,,,1er_cycle_uniquement,44.0,14.0,10.0,10.0,10.0,0.0,,,,,,,,,,,,,,,,
1311859,"Escola Básica de Figueira, Penafiel",Penafiel,,,,1er_cycle_uniquement,22.0,5.0,12.0,3.0,2.0,0.0,,,,,,,,,,,,,,,,
1311867,"Escola Básica de Santa Marta, Penafiel",Penafiel,,,,1er_cycle_uniquement,43.0,8.0,13.0,15.0,7.0,0.0575,,,,,,,,,,,,,,,,
1311928,"Escola Básica de Rio de Moinhos, Penafiel",Penafiel,,,,1er_cycle_uniquement,75.0,18.0,17.0,20.0,20.0,0.0,,,,,,,,,,,,,,,,
1311960,"Escola Básica de Croca, Penafiel",Penafiel,,,,1er_cycle_uniquement,53.0,12.0,10.0,14.0,17.0,0.0175,,,,,,,,,,,,,,,,
1311978,"Escola Básica de Novelas, Penafiel",Penafiel,,,,1er_cycle_uniquement,24.0,6.0,4.0,7.0,7.0,0.0,,,,,,,,,,,,,,,,
1312002,"Escola Básica e Secundária Clara de Resende, Porto",Porto,,,,1er_et_2eme_cycle,0.0,0.0,0.0,0.0,0.0,,153,158,137,155,158,146,148,156,0.5,0.5,304,0.03999999910593033,0.03999999910593033,148,0.9662162162162162,0.9788785040037941
1312003,"Escola Básica das Antas, Porto",Porto,,,,1er_cycle_uniquement,202.0,45.0,47.0,48.0,62.0,0.0175,,,,,,,,,,,,,,,,
1312004,Colégio Chapim Azul,Porto,,,,1er_cycle_uniquement,40.0,9.0,10.0,11.0,10.0,0.0,,,,,,,,,,,,,,,,
1312010,"Escola Básica Manoel de Oliveira, Porto",Porto,,,,2eme_cycle_uniquement,,,,,,,41,56,42,45,58,47,69,57,0.5800000000000001,0.42,126,0.09000000357627869,0.10999999940395355,51,0.8431372549019608,0.9226076574252339
1312023,"Escola Básica da Pasteleira, Porto",Porto,,,,1er_cycle_uniquement,69.0,19.0,19.0,16.0,15.0,0.0,,,,,,,,,,,,,,,,
1312027,"Escola Básica Nicolau Nasoni, Porto",Porto,,,,2eme_cycle_uniquement,,,,,,,21,23,25,20,22,19,18,26,0.52,0.48,44,0.2199999988079071,0.3100000023841858,13,*,*
1312033,Colégio D. Duarte,Porto,,,,2eme_cycle_uniquement,,,,,,,*,*,*,*,*,*,*,*,*,*,*,*,*,2,*,*
1312054,"Escola Básica e Secundária Carolina Michaëlis, Porto",Porto,,,,2eme_cycle_uniquement,,,,,,,74,89,93,73,96,92,84,96,0.5900000000000001,0.41,180,0,0.019999999552965164,91,0.978021978021978,0.9638113593771679
1312056,"Escola Básica de São Tomé, Porto",Porto,,,,1er_cycle_uniquement,84.0,21.0,22.0,20.0,21.0,0.035,,,,,,,,,,,,,,,,
1312060,"Escola Básica de São Roque de Lameira, Porto",Porto,,,,1er_cycle_uniquement,79.0,21.0,19.0,19.0,20.0,0.0,,,,,,,,,,,,,,,,
1312067,"Escola Básica de São João de Deus, Porto",Porto,,,,1er_cycle_uniquement,46.0,16.0,7.0,13.0,10.0,0.045,,,,,,,,,,,,,,,,
1312092,"Escola Básica de Castelos, Porto",Porto,,,,1er_cycle_uniquement,148.0,39.0,21.0,42.0,46.0,0.0175,,,,,,,,,,,,,,,,
1312109,"Externato ""Nossa Senhora do Perpétuo Socorro""",Porto,,,,1er_et_2eme_cycle,77.0,22.0,11.0,17.0,27.0,0.0,26,22,26,24,34,27,28,38,0.44999999999999996,0.55,66,0.03999999910593033,0.07999999821186066,32,0.9375,0.9912265938936989
1312111,Colégio CEBES,Porto,,,,2eme_cycle_uniquement,,,,,,,35,37,30,33,41,34,27,41,0.56,0.44,68,0,0,38,1,0.98977677139392
1312113,"Escola Básica Eugénio de Andrade, Porto",Porto,,,,2eme_cycle_uniquement,,,,,,,105,112,129,109,142,125,139,140,0.52,0.48,279,0.03999999910593033,0.03999999910593033,131,0.9618320610687023,0.9681420587533959
1312121,Academia de Música de Costa Cabral,Porto,,,,2eme_cycle_uniquement,,,,,,,40,36,41,42,32,41,70,72,0.51,0.49,142,0.009999999776482582,0,31,1,0.9558035714285714
1312122,"Escola Básica n.º 2 do Viso, Porto",Porto,,,,1er_cycle_uniquement,130.0,25.0,43.0,28.0,34.0,0.065,,,,,,,,,,,,,,,,
1312125,"Escola Básica das Campinas, Porto",Porto,,,,1er_cycle_uniquement,87.0,20.0,21.0,25.0,21.0,0.03,,,,,,,,,,,,,,,,
1312126,"Externato ""Jardim Flori""",Porto,,,,1er_cycle_uniquement,186.0,48.0,56.0,39.0,43.0,0.0,,,,,,,,,,,,,,,,
1312128,"Escola Básica e Secundária de Miragaia, Porto",Porto,,,,2eme_cycle_uniquement,,,,,,,9,25,21,9,26,20,14,25,0.45999999999999996,0.54,39,0,0.07999999821186066,25,0.88,0.9447436031443456
1312135,"Escola Básica do Cerco, Porto",Porto,,,,1er_cycle_uniquement,81.0,25.0,26.0,21.0,9.0,0.0475,,,,,,,,,,,,,,,,
1312146,Colégio de Nossa Senhora da Esperança,Porto,,,,1er_et_2eme_cycle,159.0,39.0,36.0,47.0,37.0,0.0075,49,42,58,47,56,54,39,58,0.43000000000000005,0.57,97,0,0,55,1,0.9678943816699299
1312153,"Escola Básica Augusto Lessa, Porto",Porto,,,,1er_cycle_uniquement,188.0,49.0,46.0,52.0,41.0,0.0625,,,,,,,,,,,,,,,,
1312156,"Colégio ""Luso Francês""",Porto,,,,1er_et_2eme_cycle,288.0,68.0,74.0,73.0,73.0,0.0,106,100,102,104,106,99,103,106,0.53,0.47,209,0,0,106,1,0.9933915494407759
1312157,"Escola Básica da Vilarinha, Porto",Porto,,,,1er_cycle_uniquement,162.0,37.0,44.0,40.0,41.0,0.005,,,,,,,,,,,,,,,,
1312165,Externato das Escravas do Sagrado Coração de Jesus,Porto,,,,1er_et_2eme_cycle,202.0,64.0,44.0,46.0,48.0,0.0,70,67,67,70,75,67,70,78,0.5,0.5,148,0,0,74,1,0.9907047359717309
1312183,"Escola Básica do Campo 24 de Agosto, Porto",Porto,,,,1er_cycle_uniquement,163.0,37.0,40.0,44.0,42.0,0.0,,,,,,,,,,,,,,,,
1312189,Casa Nª Senhora da Conceição -A.T.N.P.,Porto,,,,1er_cycle_uniquement,54.0,18.0,10.0,13.0,13.0,0.0,,,,,,,,,,,,,,,,
1312199,"Escola Básica da Torrinha, Porto",Porto,,,,1er_cycle_uniquement,204.0,68.0,55.0,40.0,41.0,0.0125,,,,,,,,,,,,,,,,
1312236,Centro de Bem-Estar Infantil e Juvenil do Sagrado Coração Jesus,Porto,,,,1er_cycle_uniquement,153.0,38.0,32.0,35.0,48.0,0.0,,,,,,,,,,,,,,,,
1312257,"Escola Básica de São Miguel de Nevogilde, Porto",Porto,,,,1er_cycle_uniquement,343.0,69.0,92.0,90.0,92.0,0.0,,,,,,,,,,,,,,,,
1312258,"Escola Básica das Florinhas, Porto",Porto,,,,1er_cycle_uniquement,99.0,25.0,25.0,25.0,24.0,0.01,,,,,,,,,,,,,,,,
1312264,"Escola Básica do Lagarteiro, Porto",Porto,,,,1er_cycle_uniquement,64.0,19.0,13.0,21.0,11.0,0.0925,,,,,,,,,,,,,,,,
1312289,"Escola Básica e Secundária Leonardo Coimbra - Filho, Porto",Porto,,,,2eme_cycle_uniquement,,,,,,,61,33,47,59,48,41,24,47,0.5900000000000001,0.41,71,0,0.019999999552965164,41,0.9024390243902439,0.9160481266351481
1312290,Jardim Escola João de Deus Porto,Porto,,,,1er_cycle_uniquement,82.0,22.0,22.0,21.0,17.0,0.0,,,,,,,,,,,,,,,,
1312293,"Escola Básica Fernão de Magalhães, Porto",Porto,,,,1er_cycle_uniquement,160.0,44.0,24.0,48.0,44.0,0.025,,,,,,,,,,,,,,,,
1312318,Colégio Tickles,Porto,,,,1er_cycle_uniquement,58.0,19.0,18.0,17.0,4.0,0.0,,,,,,,,,,,,,,,,
1312325,"Escola Básica do Covelo, Porto",Porto,,,,1er_cycle_uniquement,148.0,41.0,45.0,43.0,19.0,0.0,,,,,,,,,,,,,,,,
1312336,Colégio Espinheira Rio,Porto,,,,1er_cycle_uniquement,52.0,15.0,19.0,18.0,0.0,0.0,,,,,,,,,,,,,,,,
1312346,"Escola Básica e Secundária do Cerco do Porto, Porto",Porto,,,,2eme_cycle_uniquement,,,,,,,164,132,159,172,170,164,146,145,0.54,0.46,291,0.2199999988079071,0.15000000596046448,152,0.8026315789473685,0.9146404666327997
1312351,"Escola Básica Augusto Gil, Porto",Porto,,,,2eme_cycle_uniquement,,,,,,,129,116,114,135,119,123,125,123,0.53,0.47,248,0.07000000029802322,0.09000000357627869,109,0.8807339449541285,0.9524350723478716
1312354,"Escola Básica da Alegria, Porto",Porto,,,,1er_cycle_uniquement,76.0,25.0,25.0,7.0,19.0,0.0,,,,,,,,,,,,,,,,
1312383,"Escola Básica dos Correios, Porto",Porto,,,,1er_cycle_uniquement,87.0,21.0,23.0,21.0,22.0,0.0125,,,,,,,,,,,,,,,,
1312398,"Colégio ""Nossa Senhora do Rosário""",Porto,,,,1er_et_2eme_cycle,313.0,78.0,79.0,78.0,78.0,0.0,140,140,138,141,139,140,141,139,0.5,0.5,280,0,0,138,1,0.9912892781000823
1312405,"Escola Básica de São Nicolau, Porto",Porto,,,,1er_cycle_uniquement,30.0,12.0,10.0,8.0,0.0,0.0333,,,,,,,,,,,,,,,,
1312412,"Colégio ""Júlio Dinis""",Porto,,,,1er_et_2eme_cycle,180.0,50.0,35.0,43.0,52.0,0.0,58,62,46,62,60,52,86,70,0.52,0.48,156,0,0,58,1,0.9909832679256414
1312414,"Escola Básica Gomes Teixeira, Porto",Porto,,,,2eme_cycle_uniquement,,,,,,,52,56,39,52,51,43,47,67,0.47,0.53,114,0.15000000596046448,0.10000000149011612,40,0.925,0.9434519545804945
1312419,"Grande Colégio ""Universal""",Porto,,,,1er_et_2eme_cycle,163.0,38.0,43.0,40.0,42.0,0.0,99,73,87,99,94,91,93,94,0.44999999999999996,0.55,187,0,0,94,1,0.9875522338132503
1312422,"Escola Básica Costa Cabral, Porto",Porto,,,,1er_cycle_uniquement,247.0,54.0,62.0,73.0,58.0,0.015,,,,,,,,,,,,,,,,
1312431,"Escola Básica da Lomba, Porto",Porto,,,,1er_cycle_uniquement,95.0,26.0,26.0,23.0,20.0,0.0,,,,,,,,,,,,,,,,
1312477,Colégio Ribadouro,Porto,,,,1er_et_2eme_cycle,66.0,17.0,19.0,11.0,19.0,0.0,48,41,38,28,22,41,27,22,0.5900000000000001,0.41,49,0,0,22,1,0.9887225124186059
1312478,"Escola Básica da Corujeira, Porto",Porto,,,,1er_cycle_uniquement,135.0,40.0,38.0,32.0,25.0,0.0275,,,,,,,,,,,,,,,,
1312501,"Escola Básica de São João da Foz, Porto",Porto,,,,1er_cycle_uniquement,172.0,44.0,40.0,46.0,42.0,0.005,,,,,,,,,,,,,,,,
1312511,"Escola Básica e Secundária Fontes Pereira de Melo, Porto",Porto,,,,2eme_cycle_uniquement,,,,,,,109,126,131,106,132,128,96,125,0.45999999999999996,0.54,221,0.15000000596046448,0.029999999329447746,120,0.8833333333333333,0.9629875772751325
1312528,Colégio de Nossa Senhora de Lurdes,Porto,,,,1er_et_2eme_cycle,226.0,47.0,65.0,58.0,56.0,0.0,73,62,81,65,74,81,55,73,0.51,0.49,128,0,0,73,1,0.9931033882808525
1312553,"Escola Básica do Viso, Porto",Porto,,,,2eme_cycle_uniquement,,,,,,,79,56,43,82,65,41,51,67,0.5800000000000001,0.42,118,0.10000000149011612,0.09000000357627869,58,0.8620689655172413,0.9303804411094145
1312563,"Escola Básica e Secundária Maria Lamas, Porto",Porto,,,,2eme_cycle_uniquement,,,,,,,37,29,34,40,20,38,45,20,0.65,0.35,65,0.09000000357627869,0.20000000298023224,18,0.7222222222222222,0.9080075729894777
1312579,"Escola Básica das Flores, Porto",Porto,,,,1er_cycle_uniquement,115.0,45.0,26.0,20.0,24.0,0.01,,,,,,,,,,,,,,,,
1312581,"Escola Básica do Monte Aventino, Porto",Porto,,,,1er_cycle_uniquement,89.0,24.0,24.0,24.0,17.0,0.02,,,,,,,,,,,,,,,,
1312588,"Escola Básica do Falcão, Porto",Porto,,,,1er_cycle_uniquement,98.0,21.0,20.0,23.0,34.0,0.1,,,,,,,,,,,,,,,,
1312592,"Escola Básica Francisco Torrinha, Porto",Porto,,,,2eme_cycle_uniquement,,,,,,,226,211,190,231,214,191,210,214,0.52,0.48,424,0,0,207,0.9806763285024155,0.9840866091422613
1312594,"Escola Básica de Montebello, Porto",Porto,,,,1er_cycle_uniquement,159.0,48.0,45.0,38.0,28.0,0.0975,,,,,,,,,,,,,,,,
1312640,Escola Artística do Conservatório de Música do Porto,Porto,,,,1er_et_2eme_cycle,228.0,48.0,66.0,57.0,57.0,0.0,48,69,66,47,47,68,49,46,0.45999999999999996,0.54,95,0,0,47,0.9787234042553191,0.9822056601796121
1312643,Colégio INED - Polo II,Porto,,,,2eme_cycle_uniquement,,,,,,,0,0,0,0,0,0,29,26,0.42000000000000004,0.58,55,0,0,-,-,-
1312684,"Escola Básica do Bom Sucesso, Porto",Porto,,,,1er_cycle_uniquement,268.0,66.0,71.0,67.0,64.0,0.0,,,,,,,,,,,,,,,,
1312694,"Escola Básica Ramalho Ortigão, Porto",Porto,,,,2eme_cycle_uniquement,,,,,,,109,117,75,106,94,78,97,101,0.54,0.46,198,0.09000000357627869,0.1599999964237213,92,0.8260869565217391,0.928319017985455
1312695,"Escola Básica da Constituição, Porto",Porto,,,,1er_cycle_uniquement,98.0,20.0,20.0,21.0,37.0,0.0,,,,,,,,,,,,,,,,
1312700,"Escola Básica da Ponte, Porto",Porto,,,,1er_cycle_uniquement,163.0,48.0,43.0,49.0,23.0,0.0,,,,,,,,,,,,,,,,
1312701,"Escola Básica da Agra, Porto",Porto,,,,1er_cycle_uniquement,87.0,23.0,22.0,19.0,23.0,0.085,,,,,,,,,,,,,,,,
1312718,Tangerina - Educação e Ensino,Porto,,,,1er_cycle_uniquement,100.0,34.0,23.0,21.0,22.0,0.0,,,,,,,,,,,,,,,,
1312722,"Escola Básica da Fontinha, Porto",Porto,,,,1er_cycle_uniquement,163.0,50.0,25.0,45.0,43.0,0.0,,,,,,,,,,,,,,,,
1312731,"Escola Básica da Fonte da Moura, Porto",Porto,,,,1er_cycle_uniquement,103.0,38.0,24.0,17.0,24.0,0.01,,,,,,,,,,,,,,,,
1312749,Escola Montessori do Porto - Pólo,Porto,,,,1er_cycle_uniquement,20.0,11.0,9.0,0.0,0.0,0.0,,,,,,,,,,,,,,,,
1312751,"Escola Básica Paulo da Gama, Porto",Porto,,,,1er_cycle_uniquement,115.0,20.0,20.0,38.0,37.0,0.0075,,,,,,,,,,,,,,,,
1312757,"Escola Básica de Caramila, Porto",Porto,,,,1er_cycle_uniquement,85.0,22.0,25.0,24.0,14.0,0.0575,,,,,,,,,,,,,,,,
1312780,"Escola Básica de Nossa Senhora de Campanhã, Porto",Porto,,,,1er_cycle_uniquement,83.0,26.0,18.0,16.0,23.0,0.0,,,,,,,,,,,,,,,,
1312786,Escola da OSMOPE,Porto,,,,1er_cycle_uniquement,96.0,23.0,25.0,24.0,24.0,0.0,,,,,,,,,,,,,,,,
1312798,Salesianos do Porto - Colégio,Porto,,,,1er_et_2eme_cycle,139.0,32.0,48.0,29.0,30.0,0.015,32,28,47,28,32,52,38,32,0.5700000000000001,0.43,70,0,0,30,1,0.9890351531811116
1312807,Colégio Primeiros Passos,Porto,,,,1er_cycle_uniquement,54.0,18.0,14.0,13.0,9.0,0.0,,,,,,,,,,,,,,,,
1312811,"Escola Básica Pêro Vaz de Caminha, Porto",Porto,,,,2eme_cycle_uniquement,,,,,,,79,89,92,74,79,97,86,78,0.49,0.51,164,0.009999999776482582,0.07999999821186066,73,0.863013698630137,0.9389481509548303
1312815,"Escola Básica Padre Américo, Porto",Porto,,,,1er_cycle_uniquement,87.0,23.0,25.0,17.0,22.0,0.0525,,,,,,,,,,,,,,,,
1312819,"Escola Básica João de Deus, Porto",Porto,,,,1er_cycle_uniquement,190.0,46.0,49.0,47.0,48.0,0.01,,,,,,,,,,,,,,,,
1312823,Externato Silva Teixeira,Porto,,,,1er_cycle_uniquement,0.0,0.0,0.0,0.0,0.0,,,,,,,,,,,,,,,,,
1312829,Colégio C Kids,Porto,,,,1er_cycle_uniquement,75.0,11.0,24.0,16.0,24.0,0.0,,,,,,,,,,,,,,,,
1312833,"Escola Básica da Areosa, Porto",Porto,,,,2eme_cycle_uniquement,,,,,,,110,82,85,101,83,87,90,89,0.5,0.5,179,0.09000000357627869,0.009999999776482582,79,0.9240506329113924,0.9472845899232822
1312840,"Escola Básica Irene Lisboa, Porto",Porto,,,,2eme_cycle_uniquement,,,,,,,65,102,90,64,66,90,61,68,0.51,0.49,129,0.029999999329447746,0,63,1,0.9616420929944062
1312854,Colégio Casa do Cuco,Porto,,,,1er_cycle_uniquement,79.0,23.0,22.0,19.0,15.0,0.0325,,,,,,,,,,,,,,,,
1312876,Novo Colégio Chupetão,Porto,,,,1er_cycle_uniquement,59.0,19.0,14.0,14.0,12.0,0.0,,,,,,,,,,,,,,,,
1312897,"Escola Básica das Condominhas, Porto",Porto,,,,1er_cycle_uniquement,75.0,24.0,14.0,20.0,17.0,0.0,,,,,,,,,,,,,,,,
1312899,Colégio Horizonte,Vila Nova de Gaia,,,,1er_et_2eme_cycle,99.0,26.0,25.0,26.0,22.0,0.0125,20,17,18,17,24,19,23,23,0,1,46,0,0,24,1,0.9934785330967858
1312903,"Escola Básica do Bom Pastor, Porto",Porto,,,,1er_cycle_uniquement,135.0,44.0,47.0,21.0,23.0,0.0,,,,,,,,,,,,,,,,
1312904,Externato S. João de Brito,Porto,,,,1er_cycle_uniquement,48.0,5.0,15.0,10.0,18.0,0.0175,,,,,,,,,,,,,,,,
1312920,"Escola Básica de Carlos Alberto, Porto",Porto,,,,1er_cycle_uniquement,77.0,18.0,20.0,21.0,18.0,0.015,,,,,,,,,,,,,,,,
1312952,"Escola de ""Santa Maria""",Porto,,,,1er_cycle_uniquement,95.0,26.0,25.0,21.0,23.0,0.0,,,,,,,,,,,,,,,,
1312953,"Externato ""Sol Nascente""",Porto,,,,1er_cycle_uniquement,24.0,3.0,8.0,8.0,5.0,0.0,,,,,,,,,,,,,,,,
1312958,"Escola Básica e Secundária Rodrigues de Freitas, Porto",Porto,,,,2eme_cycle_uniquement,,,,,,,83,79,54,81,60,62,47,74,0.5800000000000001,0.42,121,0.019999999552965164,0.05000000074505806,59,0.9491525423728814,0.9538862490346186
1312973,"Escola Básica da Bandeirinha, Porto",Porto,,,,1er_cycle_uniquement,79.0,16.0,21.0,18.0,24.0,0.0,,,,,,,,,,,,,,,,
1312989,"Escola Básica dos Miosótis, Porto",Porto,,,,1er_cycle_uniquement,181.0,44.0,47.0,42.0,48.0,0.015,,,,,,,,,,,,,,,,
1312990,Colégio de Nossa Senhora da Paz,Porto,,,,1er_et_2eme_cycle,126.0,32.0,30.0,22.0,42.0,0.0,40,52,39,40,49,41,45,47,0.47,0.53,92,0,0.019999999552965164,46,0.9782608695652174,0.9921353290036095
1313040,"Escola Básica de Navais, Póvoa de Varzim",Póvoa de Varzim,,,,1er_cycle_uniquement,70.0,18.0,18.0,17.0,17.0,0.015,,,,,,,,,,,,,,,,
1313084,"Escola Básica de Granja, Rates, Póvoa de Varzim",Póvoa de Varzim,,,,1er_cycle_uniquement,28.0,9.0,7.0,4.0,8.0,0.0,,,,,,,,,,,,,,,,
1313123,"Escola Básica de Fontainhas, Póvoa de Varzim",Póvoa de Varzim,,,,1er_cycle_uniquement,33.0,9.0,9.0,11.0,4.0,0.0275,,,,,,,,,,,,,,,,
1313186,"Escola Básica e Secundária Campo Aberto, Beiriz, Póvoa de Varzim",Póvoa de Varzim,,,,2eme_cycle_uniquement,,,,,,,84,105,115,81,102,115,74,101,0.54,0.46,175,0.07000000029802322,0,97,1,0.9630404184137035
1313231,"Escola Básica de Nova, Póvoa de Varzim",Póvoa de Varzim,,,,1er_cycle_uniquement,168.0,39.0,45.0,42.0,42.0,0.0225,,,,,,,,,,,,,,,,
1313333,"Escola Básica de Rates, Póvoa de Varzim",Póvoa de Varzim,,,,1er_et_2eme_cycle,84.0,23.0,20.0,19.0,22.0,0.0,101,97,91,101,81,90,72,85,0.53,0.47,157,0,0.009999999776482582,81,1,0.9497248979808887
1313365,"Escola Básica de Aver-o-Mar, Póvoa de Varzim",Póvoa de Varzim,,,,2eme_cycle_uniquement,,,,,,,127,131,122,130,120,123,123,133,0.5,0.5,256,0.019999999552965164,0,115,0.991304347826087,0.947662162043729
1313528,"Escola Básica de Cadilhe, Amorim, Póvoa de Varzim",Póvoa de Varzim,,,,1er_cycle_uniquement,176.0,39.0,47.0,42.0,48.0,0.0,,,,,,,,,,,,,,,,
1313566,"Escola Básica de Sininhos, Póvoa de Varzim",Póvoa de Varzim,,,,1er_cycle_uniquement,236.0,50.0,72.0,50.0,64.0,0.08,,,,,,,,,,,,,,,,
1313582,Colégio de Amorim,Póvoa de Varzim,,,,2eme_cycle_uniquement,,,,,,,52,58,77,52,54,74,90,61,0.56,0.44,151,0,0,54,1,0.9902064125519943
1313594,"Escola Básica de Aldeia, Aguçadoura, Póvoa de Varzim",Póvoa de Varzim,,,,1er_cycle_uniquement,75.0,21.0,16.0,18.0,20.0,0.0,,,,,,,,,,,,,,,,
1313597,"Escola Básica de Teso, Póvoa de Varzim",Póvoa de Varzim,,,,1er_cycle_uniquement,67.0,20.0,12.0,13.0,22.0,0.0,,,,,,,,,,,,,,,,
1313605,"Escola Básica de Agro Velho, Aver-o-Mar, Póvoa de Varzim",Póvoa de Varzim,,,,1er_cycle_uniquement,81.0,20.0,21.0,20.0,20.0,0.0125,,,,,,,,,,,,,,,,
1313616,"Escola Básica de Pedreira, Argivai, Póvoa de Varzim",Póvoa de Varzim,,,,1er_cycle_uniquement,88.0,20.0,24.0,21.0,23.0,0.01,,,,,,,,,,,,,,,,
1313633,"Escola Básica do Desterro, Póvoa de Varzim",Póvoa de Varzim,,,,1er_cycle_uniquement,288.0,89.0,66.0,64.0,69.0,0.0125,,,,,,,,,,,,,,,,
1313649,"Escola Básica Dr. Flávio Gonçalves, Póvoa de Varzim",Póvoa de Varzim,,,,2eme_cycle_uniquement,,,,,,,247,266,242,251,228,245,242,238,0.5,0.5,480,0,0.029999999329447746,218,0.9724770642201835,0.9680424465777666
1313668,"Escola Básica da Giesteira, Póvoa de Varzim",Póvoa de Varzim,,,,1er_cycle_uniquement,83.0,20.0,22.0,21.0,20.0,0.0,,,,,,,,,,,,,,,,
1313691,"Escola Básica Cego do Maio, Póvoa de Varzim",Póvoa de Varzim,,,,2eme_cycle_uniquement,,,,,,,126,122,128,134,114,124,84,119,0.5,0.5,203,0.019999999552965164,0.07000000029802322,102,0.9215686274509803,0.9496722266407072
1313780,Grande Colégio da Póvoa de Varzim,Póvoa de Varzim,,,,1er_cycle_uniquement,234.0,64.0,63.0,44.0,63.0,0.0,,,,,,,,,,,,,,,,
1313811,"Escola Básica da Rua do Século, Póvoa de Varzim",Póvoa de Varzim,,,,1er_cycle_uniquement,259.0,62.0,69.0,64.0,64.0,0.0125,,,,,,,,,,,,,,,,
1313816,"Escola Básica de Fieiro, Aguçadoura, Póvoa de Varzim",Póvoa de Varzim,,,,1er_cycle_uniquement,73.0,18.0,16.0,20.0,19.0,0.0,,,,,,,,,,,,,,,,
1313839,"Escola Básica de Paço, Terroso, Póvoa de Varzim",Póvoa de Varzim,,,,1er_cycle_uniquement,82.0,16.0,23.0,22.0,21.0,0.0125,,,,,,,,,,,,,,,,
1313854,"Escola Básica de Igreja, Beiriz, Póvoa de Varzim",Póvoa de Varzim,,,,1er_cycle_uniquement,109.0,37.0,24.0,24.0,24.0,0.0,,,,,,,,,,,,,,,,
1313863,"Escola Básica de Refojos, Aver-o-Mar, Póvoa de Varzim",Póvoa de Varzim,,,,1er_cycle_uniquement,85.0,20.0,22.0,19.0,24.0,0.0,,,,,,,,,,,,,,,,
1313896,"Escola Básica de Machuqueiras, Laúndos, Póvoa de Varzim",Póvoa de Varzim,,,,1er_cycle_uniquement,60.0,14.0,16.0,15.0,15.0,0.0,,,,,,,,,,,,,,,,
1313980,"Escola Básica de Quinta, Balazar, Póvoa de Varzim",Póvoa de Varzim,,,,1er_cycle_uniquement,51.0,19.0,11.0,9.0,12.0,0.0,,,,,,,,,,,,,,,,
1314001,"Escola Básica de Costa, Roriz, Santo Tirso",Santo Tirso,,,,1er_cycle_uniquement,64.0,20.0,14.0,21.0,9.0,0.0,,,,,,,,,,,,,,,,
1314002,"Escola Básica de S. Tomé de Negrelos, Santo Tirso",Santo Tirso,,,,1er_et_2eme_cycle,137.0,33.0,46.0,23.0,35.0,0.0,60,41,46,58,48,48,50,51,0.5,0.5,101,0,0,48,0.9583333333333334,0.961963417257337
1314011,Escola Básica de Santo Tirso,Santo Tirso,,,,2eme_cycle_uniquement,,,,,,,114,118,98,114,123,98,157,126,0.47,0.53,283,0.05999999865889549,0.07999999821186066,113,0.911504424778761,0.9450885215141496
1314028,"Escola Básica de Sequeiró, Santo Tirso",Santo Tirso,,,,1er_cycle_uniquement,0.0,0.0,0.0,0.0,0.0,,,,,,,,,,,,,,,,,
1314053,"Escola Básica de Tarrio, Santo Tirso",Santo Tirso,,,,1er_cycle_uniquement,31.0,9.0,6.0,8.0,8.0,0.0,,,,,,,,,,,,,,,,
1314063,"Escola Básica n.º 1 de Cerro, Guidões, Trofa",Trofa,,,,1er_cycle_uniquement,33.0,20.0,0.0,0.0,13.0,0.0,,,,,,,,,,,,,,,,
1314076,"Escola Básica de Portela, São Romão do Coronado, Trofa",Trofa,,,,1er_cycle_uniquement,58.0,20.0,11.0,10.0,17.0,0.0,,,,,,,,,,,,,,,,
1314102,"Escola Básica de Fonteleite, São Romão do Coronado, Trofa",Trofa,,,,1er_cycle_uniquement,76.0,20.0,20.0,20.0,16.0,0.0,,,,,,,,,,,,,,,,
1314116,"Escola Básica n.º 2 de Cerro, Guidões, Trofa",Trofa,,,,1er_cycle_uniquement,25.0,0.0,15.0,10.0,0.0,0.0,,,,,,,,,,,,,,,,
1314125,"Escola Básica de Paranho, São Martinho do Bougado, Trofa",Trofa,,,,1er_cycle_uniquement,150.0,46.0,36.0,31.0,37.0,0.0375,,,,,,,,,,,,,,,,
1314154,"Escola Básica de Feira Nova, São Mamede Coronado, Trofa",Trofa,,,,1er_cycle_uniquement,95.0,20.0,24.0,22.0,29.0,0.01,,,,,,,,,,,,,,,,
1314179,"Escola Básica do Castro, Alvarelhos, Trofa",Trofa,,,,2eme_cycle_uniquement,,,,,,,61,70,57,60,59,54,54,61,0.5700000000000001,0.43,115,0.019999999552965164,0,54,0.9814814814814815,0.9687612712585476
1314195,"Escola Básica de Quelha, Santo Tirso",Santo Tirso,,,,1er_cycle_uniquement,33.0,7.0,7.0,12.0,7.0,0.0,,,,,,,,,,,,,,,,
1314211,"Escola Básica de Ramada, Lajinhas, Santo Tirso",Santo Tirso,,,,1er_cycle_uniquement,35.0,8.0,6.0,12.0,9.0,0.0,,,,,,,,,,,,,,,,
1314220,"Escola Básica de Igreja, Lama, Santo Tirso",Santo Tirso,,,,1er_cycle_uniquement,27.0,9.0,7.0,6.0,5.0,0.0775,,,,,,,,,,,,,,,,
1314257,"Colégio ""Santa Teresa de Jesus""",Santo Tirso,,,,1er_et_2eme_cycle,83.0,17.0,26.0,17.0,23.0,0.0,21,41,22,19,28,22,20,27,0.44999999999999996,0.55,47,0,0,28,1,0.9874685936158559
1314271,"Escola Básica de Paradela, Trofa",Trofa,,,,1er_cycle_uniquement,92.0,23.0,25.0,20.0,24.0,0.0,,,,,,,,,,,,,,,,
1314282,"Escola Básica n.º 1 de Giesta, Alvarelhos, Trofa",Trofa,,,,1er_cycle_uniquement,56.0,10.0,20.0,16.0,10.0,0.0125,,,,,,,,,,,,,,,,
1314288,"Escola Básica de Vila, Trofa",Trofa,,,,1er_cycle_uniquement,45.0,9.0,16.0,9.0,11.0,0.0,,,,,,,,,,,,,,,,
1314306,"Escola Básica de Cabanas, Santo Tirso",Santo Tirso,,,,1er_cycle_uniquement,0.0,0.0,0.0,0.0,0.0,,,,,,,,,,,,,,,,,
1314311,"Escola Básica de Campinhos, Agrela, Santo Tirso",Santo Tirso,,,,1er_cycle_uniquement,0.0,0.0,0.0,0.0,0.0,,,,,,,,,,,,,,,,,
1314332,"Escola Básica de Esprela, São Martinho de Bougado, Trofa",Trofa,,,,1er_cycle_uniquement,0.0,0.0,0.0,0.0,0.0,,,,,,,,,,,,,,,,,
1314334,"Escola Básica de Estação, Muro, Trofa",Trofa,,,,1er_cycle_uniquement,81.0,23.0,22.0,17.0,19.0,0.0,,,,,,,,,,,,,,,,
1314414,Colégio de Lourdes,Santo Tirso,,,,1er_et_2eme_cycle,94.0,24.0,25.0,24.0,21.0,0.0,19,31,26,20,26,27,21,26,0.51,0.49,47,0,0,26,1,0.9902883974255652
1314494,"Escola Básica de Lagoa, Santiago de Bougado, Trofa",Trofa,,,,1er_cycle_uniquement,79.0,19.0,28.0,20.0,12.0,0.0,,,,,,,,,,,,,,,,
1314500,"Escola Básica de Quintão, Palmeira, Santo Tirso",Santo Tirso,,,,1er_cycle_uniquement,25.0,6.0,4.0,9.0,6.0,0.0275,,,,,,,,,,,,,,,,
1314507,"Escola Básica de Quinchães, Santo Tirso",Santo Tirso,,,,1er_cycle_uniquement,38.0,10.0,11.0,9.0,8.0,0.0,,,,,,,,,,,,,,,,
1314510,"Escola Básica de São Bento da Batalha, Santo Tirso",Santo Tirso,,,,1er_cycle_uniquement,55.0,17.0,19.0,15.0,4.0,0.0,,,,,,,,,,,,,,,,
1314516,"Escola Básica de Olival, Santo Tirso",Santo Tirso,,,,1er_cycle_uniquement,27.0,6.0,7.0,9.0,5.0,0.0,,,,,,,,,,,,,,,,
1314525,"Escola Básica de São José, Refojos de Riba de Ave, Santo Tirso",Santo Tirso,,,,1er_cycle_uniquement,25.0,5.0,5.0,8.0,7.0,0.0,,,,,,,,,,,,,,,,
1314529,"Escola Básica da Agrela e Vale do Leça, Santo Tirso",Santo Tirso,,,,2eme_cycle_uniquement,,,,,,,65,61,67,62,69,65,39,72,0.54,0.46,111,0,0,69,0.9855072463768116,0.9631352529432744
1314540,Colégio da Trofa,Trofa,,,,1er_et_2eme_cycle,70.0,13.0,17.0,14.0,26.0,0.015,19,47,22,21,28,22,23,30,0.38,0.62,53,0,0,28,1,0.9916317991631799
1314554,"Escola Básica Ave, Vila das Aves, Santo Tirso",Santo Tirso,,,,2eme_cycle_uniquement,,,,,,,152,106,117,155,113,116,116,111,0.45999999999999996,0.54,227,0.05000000074505806,0.03999999910593033,104,1,0.9646875178729547
1314556,"Escola Básica e Secundária de Coronado e Castro, São Romão do Coronado, Trofa",Trofa,,,,2eme_cycle_uniquement,,,,,,,72,74,96,68,69,94,69,70,0.52,0.48,139,0.03999999910593033,0.009999999776482582,68,0.9558823529411765,0.9469963977150966
1314562,"Escola Básica de Santa Luzia, Monte Cordova, Santo Tirso",Santo Tirso,,,,1er_cycle_uniquement,40.0,10.0,10.0,9.0,11.0,0.0,,,,,,,,,,,,,,,,
1314563,"Escola Básica de Foral, Santo Tirso",Santo Tirso,,,,1er_cycle_uniquement,50.0,8.0,13.0,16.0,13.0,0.0,,,,,,,,,,,,,,,,
1314581,"Escola Básica de Cedões, Santiago de Bougado, Trofa",Trofa,,,,1er_cycle_uniquement,85.0,24.0,20.0,18.0,23.0,0.0,,,,,,,,,,,,,,,,
1314584,"Escola Básica de Ribeira, Santo Tirso",Santo Tirso,,,,1er_cycle_uniquement,30.0,6.0,6.0,8.0,10.0,0.0,,,,,,,,,,,,,,,,
1314589,A Torre dos Pequeninos - Creche e Jardim de Infância Unipessoal Lda.,Santo Tirso,,,,1er_cycle_uniquement,55.0,20.0,20.0,2.0,13.0,0.0,,,,,,,,,,,,,,,,
1314601,Jardim Escola João de Deus Santo Tirso,Santo Tirso,,,,1er_cycle_uniquement,0.0,0.0,0.0,0.0,0.0,,,,,,,,,,,,,,,,,
1314604,"Escola Básica de Cantim, Reguenga, Santo Tirso",Santo Tirso,,,,1er_cycle_uniquement,37.0,8.0,15.0,10.0,4.0,0.0,,,,,,,,,,,,,,,,
1314606,"Escola Básica de Arcozelo, Água Longa, Santo Tirso",Santo Tirso,,,,1er_cycle_uniquement,82.0,20.0,25.0,19.0,18.0,0.0,,,,,,,,,,,,,,,,
1314640,"Escola Básica de Parada, Carreira, Santo Tirso",Santo Tirso,,,,1er_cycle_uniquement,45.0,15.0,10.0,8.0,12.0,0.0,,,,,,,,,,,,,,,,
1314647,Instituto Nun’Alvres,Santo Tirso,,,,1er_et_2eme_cycle,111.0,25.0,30.0,36.0,20.0,0.0075,29,28,34,32,53,34,69,54,0.5,0.5,123,0,0,52,1,0.9913824420742685
1314679,"Escola Básica de Areal, Couto-São Miguel, Santo Tirso",Santo Tirso,,,,1er_cycle_uniquement,77.0,20.0,19.0,20.0,18.0,0.0275,,,,,,,,,,,,,,,,
1314690,"Escola Básica de Aldeia Nova, Rebordões, Santo Tirso",Santo Tirso,,,,1er_cycle_uniquement,23.0,9.0,6.0,4.0,4.0,0.0,,,,,,,,,,,,,,,,
1314712,"Escola Básica Prof. Napoleão Sousa Marques, São Martinho de Bougado, Trofa",Trofa,,,,2eme_cycle_uniquement,,,,,,,140,191,199,138,174,205,199,182,0.53,0.47,381,0.019999999552965164,0.03999999910593033,166,0.9457831325301205,0.956638149351719
1314727,"Escola Básica de Lage, Santo Tirso",Santo Tirso,,,,1er_cycle_uniquement,78.0,25.0,17.0,20.0,16.0,0.0,,,,,,,,,,,,,,,,
1314737,"Escola Básica de Igreja, Guimarei, Santo Tirso",Santo Tirso,,,,1er_cycle_uniquement,34.0,9.0,5.0,12.0,8.0,0.0,,,,,,,,,,,,,,,,
1314760,"Escola Básica de Quereledo, Covelas, Trofa",Trofa,,,,1er_cycle_uniquement,37.0,10.0,13.0,5.0,9.0,0.0,,,,,,,,,,,,,,,,
1314789,"Escola Básica de Igreja, Areias, Santo Tirso",Santo Tirso,,,,1er_cycle_uniquement,64.0,16.0,17.0,20.0,11.0,0.015,,,,,,,,,,,,,,,,
1314797,"Escola Básica da Ponte, Vila das Aves, Santo Tirso",Santo Tirso,,,,1er_et_2eme_cycle,90.0,20.0,24.0,20.0,26.0,0.0,28,18,21,27,23,20,20,23,0.53,0.47,43,0,0.03999999910593033,23,0.9565217391304348,0.9757815217987337
1314802,"Escola Básica de Bairros, Santiago de Bougado, Trofa",Trofa,,,,1er_cycle_uniquement,81.0,23.0,20.0,18.0,20.0,0.0,,,,,,,,,,,,,,,,
1314807,"Escola Básica de São Martinho, São Martinho do Campo, Santo Tirso",Santo Tirso,,,,1er_et_2eme_cycle,121.0,42.0,25.0,26.0,28.0,0.0,74,103,90,73,100,91,72,98,0.45999999999999996,0.54,170,0,0,99,0.98989898989899,0.9514994605482407
1314829,"Escola Básica de Ermida, Santa Cristina do Couto, Santo Tirso",Santo Tirso,,,,1er_cycle_uniquement,91.0,21.0,22.0,24.0,24.0,0.0,,,,,,,,,,,,,,,,
1314863,Escola Básica n.º 1 de Santo Tirso,Santo Tirso,,,,1er_cycle_uniquement,95.0,24.0,24.0,24.0,23.0,0.0,,,,,,,,,,,,,,,,
1314898,"Escola Básica de Finzes, Trofa",Trofa,,,,1er_cycle_uniquement,128.0,34.0,32.0,28.0,34.0,0.015,,,,,,,,,,,,,,,,
1314982,"Escola Básica de Merouços, Santa Cristina do Couto, Santo Tirso",Santo Tirso,,,,1er_cycle_uniquement,66.0,21.0,9.0,18.0,18.0,0.0,,,,,,,,,,,,,,,,
1314986,"Escola Básica e Secundária D. Dinis, Santo Tirso",Santo Tirso,,,,2eme_cycle_uniquement,,,,,,,117,147,141,116,118,147,89,122,0.53,0.47,211,0,0.009999999776482582,116,0.9913793103448276,0.9582682676907721
1314994,"Escola Básica de Bom Nome, Vila das Aves, Santo Tirso",Santo Tirso,,,,1er_cycle_uniquement,182.0,46.0,48.0,51.0,37.0,0.0,,,,,,,,,,,,,,,,
1315001,"Escola Básica de Estação, Valongo",Valongo,,,,1er_cycle_uniquement,66.0,21.0,24.0,21.0,0.0,0.0,,,,,,,,,,,,,,,,
1315002,"Escola Básica de Valado, Valongo",Valongo,,,,1er_cycle_uniquement,217.0,64.0,60.0,45.0,48.0,0.0075,,,,,,,,,,,,,,,,
1315003,"Escola Básica n.º 1 de Campelo, Sobrado, Valongo",Valongo,,,,1er_cycle_uniquement,93.0,22.0,25.0,23.0,23.0,0.0,,,,,,,,,,,,,,,,
1315004,"Escola Básica de Sampaio, Ermesinde, Valongo",Valongo,,,,1er_cycle_uniquement,53.0,12.0,21.0,6.0,14.0,0.0,,,,,,,,,,,,,,,,
1315005,"Escola Básica Mirante dos Sonhos, Ermesinde, Valongo",Valongo,,,,1er_cycle_uniquement,171.0,45.0,39.0,42.0,45.0,0.005,,,,,,,,,,,,,,,,
1315037,"Escola Básica de Azenha, Valongo",Valongo,,,,1er_cycle_uniquement,82.0,21.0,22.0,24.0,15.0,0.0,,,,,,,,,,,,,,,,
1315042,"Escola Básica e Secundária de Ermesinde, Valongo",Valongo,,,,2eme_cycle_uniquement,,,,,,,105,121,97,103,98,97,90,99,0.5,0.5,189,0.029999999329447746,0,97,0.9278350515463918,0.9527591479338433
1315050,"Escola Básica de Carvalhal, Ermesinde, Valongo",Valongo,,,,1er_cycle_uniquement,163.0,41.0,42.0,40.0,40.0,0.0,,,,,,,,,,,,,,,,
1315058,"Escola Básica D. António Ferreira Gomes, Ermesinde, Valongo",Valongo,,,,2eme_cycle_uniquement,,,,,,,57,50,47,57,37,44,44,45,0.55,0.45,89,0.05000000074505806,0.1599999964237213,31,0.8709677419354839,0.9338398017632188
1315117,"Escola Básica de Barreiro, Alfena, Valongo",Valongo,,,,1er_cycle_uniquement,106.0,24.0,24.0,33.0,25.0,0.0,,,,,,,,,,,,,,,,
1315153,"Escola Básica de Alfena, Valongo",Valongo,,,,2eme_cycle_uniquement,,,,,,,88,164,122,88,103,121,94,102,0.5700000000000001,0.43,196,0.029999999329447746,0.05000000074505806,99,0.9292929292929293,0.9574631443657726
1315182,"Escola Básica de Calvário, Valongo",Valongo,,,,1er_cycle_uniquement,85.0,19.0,21.0,24.0,21.0,0.0125,,,,,,,,,,,,,,,,
1315189,"Escola Básica de São Lourenço, Ermesinde, Valongo",Valongo,,,,2eme_cycle_uniquement,,,,,,,153,147,197,152,165,196,141,159,0.56,0.44,300,0.10999999940395355,0.05999999865889549,155,0.9612903225806452,0.9564455275136738
1315190,"Escola Básica de Balsa, Sobrado, Valongo",Valongo,,,,1er_cycle_uniquement,0.0,0.0,0.0,0.0,0.0,,,,,,,,,,,,,,,,,
1315252,"Escola Básica de Paço, Sobrado, Valongo",Valongo,,,,1er_cycle_uniquement,0.0,0.0,0.0,0.0,0.0,,,,,,,,,,,,,,,,,
1315347,"Escola Básica de Codiceira, Alfena, Valongo",Valongo,,,,1er_cycle_uniquement,55.0,17.0,5.0,15.0,18.0,0.0,,,,,,,,,,,,,,,,
1315423,"Escola Básica de Costa, Ermesinde, Valongo",Valongo,,,,1er_cycle_uniquement,114.0,46.0,24.0,21.0,23.0,0.0,,,,,,,,,,,,,,,,
1315435,"Escola Básica de Lombelho, Igreja, Valongo",Valongo,,,,1er_cycle_uniquement,87.0,20.0,24.0,23.0,20.0,0.0,,,,,,,,,,,,,,,,
1315438,"Escola Básica de Fijós, Sobrado, Valongo",Valongo,,,,1er_cycle_uniquement,75.0,20.0,19.0,17.0,19.0,0.04,,,,,,,,,,,,,,,,
1315440,"Escola Básica de Boavista, Valongo",Valongo,,,,1er_cycle_uniquement,84.0,24.0,17.0,20.0,23.0,0.01,,,,,,,,,,,,,,,,
1315528,Novo Colégio de Valongo,Valongo,,,,1er_cycle_uniquement,0.0,0.0,0.0,0.0,0.0,,,,,,,,,,,,,,,,,
1315542,"Escola Básica de Gandra, Ermesinde, Valongo",Valongo,,,,1er_cycle_uniquement,158.0,40.0,44.0,38.0,36.0,0.04,,,,,,,,,,,,,,,,
1315549,"Externato ""Maria Droste""",Valongo,,,,1er_et_2eme_cycle,63.0,14.0,14.0,14.0,21.0,0.0,20,19,19,19,22,20,15,25,0.62,0.38,40,0,0,22,1,0.9906620369149884
1315574,"Externato ""Santa Joana""",Valongo,,,,1er_et_2eme_cycle,69.0,22.0,11.0,21.0,15.0,0.0,15,26,26,15,20,24,21,19,0.5700000000000001,0.43,40,0,0,19,1,0.9844912526886754
1315577,"Escola Básica e Secundária de Campo, Valongo",Valongo,,,,2eme_cycle_uniquement,,,,,,,135,141,100,134,121,106,103,124,0.49,0.51,227,0.009999999776482582,0.009999999776482582,121,1,0.966840765473551
1315595,"Escola Básica de Vallis Longus, Valongo",Valongo,,,,2eme_cycle_uniquement,,,,,,,239,256,193,233,213,191,208,216,0.5,0.5,424,0,0,207,0.9951690821256038,0.9639259774239964
1315677,"Escola Básica de Balselhas, Valongo",Valongo,,,,1er_cycle_uniquement,65.0,18.0,16.0,18.0,13.0,0.035,,,,,,,,,,,,,,,,
1315697,"Escola Básica de Saibreiras, Ermesinde, Valongo",Valongo,,,,1er_cycle_uniquement,87.0,20.0,26.0,20.0,21.0,0.01,,,,,,,,,,,,,,,,
1315731,"Escola Básica de Outeiro, Campo, Valongo",Valongo,,,,1er_cycle_uniquement,66.0,18.0,20.0,13.0,15.0,0.0,,,,,,,,,,,,,,,,
1315756,"Escola Básica de Bela, Ermesinde, Valongo",Valongo,,,,1er_cycle_uniquement,127.0,26.0,38.0,28.0,35.0,0.0,,,,,,,,,,,,,,,,
1315777,"Escola Básica de São João do Sobrado, Sobrado, Valongo",Valongo,,,,2eme_cycle_uniquement,,,,,,,51,72,64,53,83,65,47,78,0.55,0.45,125,0,0,81,0.9382716049382716,0.9470337001562676
1315782,"Escola Básica de Susão, Valongo",Valongo,,,,1er_cycle_uniquement,186.0,55.0,52.0,39.0,40.0,0.005,,,,,,,,,,,,,,,,
1315799,Jardim Escola A Cegonha,Valongo,,,,1er_cycle_uniquement,0.0,0.0,0.0,0.0,0.0,,,,,,,,,,,,,,,,,
1315805,"Academia de Ensino Particular, Lda",Valongo,,,,1er_cycle_uniquement,74.0,17.0,18.0,22.0,17.0,0.0,,,,,,,,,,,,,,,,
1315833,"Escola Básica de Retorta, Valongo",Valongo,,,,1er_cycle_uniquement,53.0,16.0,18.0,10.0,9.0,0.0,,,,,,,,,,,,,,,,
1315867,Escola Básica Nova de Valongo,Valongo,,,,1er_cycle_uniquement,132.0,24.0,39.0,24.0,45.0,0.0075,,,,,,,,,,,,,,,,
1315877,Colégio de Ermesinde - Escola Católica,Valongo,,,,1er_et_2eme_cycle,98.0,20.0,29.0,26.0,23.0,0.0,27,43,39,24,40,45,36,35,0.45999999999999996,0.54,71,0,0,39,1,0.9844148104824859
1315945,"Escola Básica de Ilha, Valongo",Valongo,,,,1er_cycle_uniquement,82.0,23.0,23.0,17.0,19.0,0.01,,,,,,,,,,,,,,,,
1315950,"Escola Básica de Cabeda, Valongo",Valongo,,,,1er_cycle_uniquement,88.0,17.0,22.0,24.0,25.0,0.045,,,,,,,,,,,,,,,,
1315961,"Escola Básica de Moirais, Campo, Valongo",Valongo,,,,1er_cycle_uniquement,95.0,22.0,24.0,24.0,25.0,0.0,,,,,,,,,,,,,,,,
1315985,"Escola Básica de Montes da Costa, Ermesinde, Valongo",Valongo,,,,1er_cycle_uniquement,85.0,24.0,23.0,15.0,23.0,0.0,,,,,,,,,,,,,,,,
1316001,"Escola Básica Bento de Freitas, Vila do Conde",Vila do Conde,,,,1er_cycle_uniquement,279.0,68.0,72.0,66.0,73.0,0.005,,,,,,,,,,,,,,,,
1316002,"Escola Básica de Labruge, Vila do Conde",Vila do Conde,,,,1er_cycle_uniquement,89.0,23.0,23.0,19.0,24.0,0.01,,,,,,,,,,,,,,,,
1316004,"Escola Básica das Violetas, Vila do Conde",Vila do Conde,,,,1er_cycle_uniquement,179.0,44.0,45.0,45.0,45.0,0.0225,,,,,,,,,,,,,,,,
1316005,"Escola Básica de Bouçó, Rio Mau, Vila do Conde",Vila do Conde,,,,1er_cycle_uniquement,33.0,13.0,6.0,6.0,8.0,0.0,,,,,,,,,,,,,,,,
1316006,"Escola Básica Agustina Bessa Luís, Bagunte, Vila do Conde",Vila do Conde,,,,1er_cycle_uniquement,70.0,20.0,17.0,7.0,26.0,0.01,,,,,,,,,,,,,,,,
1316008,"Escola Básica de Mindelo, Vila do Conde",Vila do Conde,,,,1er_cycle_uniquement,167.0,40.0,43.0,40.0,44.0,0.0175,,,,,,,,,,,,,,,,
1316010,"Escola Básica Maria Pais Ribeiro - A Ribeirinha, Macieira, Vila do Conde",Vila do Conde,,,,2eme_cycle_uniquement,,,,,,,99,94,113,102,96,110,75,97,0.5800000000000001,0.42,172,0,0.009999999776482582,90,0.9888888888888889,0.9587487958473698
1316055,"Escola Básica de Padrão, Vila do Conde",Vila do Conde,,,,1er_cycle_uniquement,31.0,5.0,9.0,10.0,7.0,0.0,,,,,,,,,,,,,,,,
1316062,"Escola Básica de Medados, Touguinha, Vila do Conde",Vila do Conde,,,,1er_cycle_uniquement,67.0,18.0,19.0,16.0,14.0,0.0,,,,,,,,,,,,,,,,
1316118,"Escola Básica de Areia, Vila do Conde",Vila do Conde,,,,1er_cycle_uniquement,134.0,39.0,38.0,34.0,23.0,0.0075,,,,,,,,,,,,,,,,
1316166,"Escola Básica de Igreja, Malta, Vila do Conde",Vila do Conde,,,,1er_cycle_uniquement,67.0,18.0,18.0,11.0,20.0,0.0,,,,,,,,,,,,,,,,
1316192,Jardim das Cores,Vila do Conde,,,,1er_cycle_uniquement,60.0,15.0,19.0,10.0,16.0,0.0,,,,,,,,,,,,,,,,
1316199,"Escola Básica Santos Azevedo, Árvore, Vila do Conde",Vila do Conde,,,,1er_cycle_uniquement,28.0,9.0,5.0,5.0,9.0,0.05,,,,,,,,,,,,,,,,
1316255,"Escola Básica de Facho, Vila do Conde",Vila do Conde,,,,1er_cycle_uniquement,39.0,20.0,0.0,0.0,19.0,0.0,,,,,,,,,,,,,,,,
1316265,"Escola Básica de Gião de Cima, Vila do Conde",Vila do Conde,,,,1er_cycle_uniquement,20.0,6.0,7.0,1.0,6.0,0.0,,,,,,,,,,,,,,,,
1316275,Colégio do Forte,Vila do Conde,,,,1er_et_2eme_cycle,78.0,25.0,23.0,16.0,14.0,0.0,9,4,7,7,14,6,16,13,0.55,0.45,29,0,0,11,*,*
1316285,"Escola Básica de Mosteiró, Vila do Conde",Vila do Conde,,,,1er_cycle_uniquement,29.0,4.0,13.0,5.0,7.0,0.0925,,,,,,,,,,,,,,,,
1316310,"Escola Básica de Monte, Touguinhó, Vila do Conde",Vila do Conde,,,,1er_cycle_uniquement,33.0,6.0,8.0,8.0,11.0,0.0625,,,,,,,,,,,,,,,,
1316433,"Escola Básica Júlio Saúl Dias, Vila do Conde",Vila do Conde,,,,1er_et_2eme_cycle,130.0,26.0,45.0,33.0,26.0,0.02,151,144,173,149,170,176,162,170,0.49,0.51,332,0,0.009999999776482582,169,0.9940828402366864,0.9708006008727164
1316459,"Escola Básica n.º 1 de Junqueira, Vila do Conde",Vila do Conde,,,,1er_cycle_uniquement,69.0,18.0,20.0,17.0,14.0,0.08,,,,,,,,,,,,,,,,
1316476,"Escola Básica de Carrapata, Vilar, Vila do Conde",Vila do Conde,,,,1er_cycle_uniquement,22.0,6.0,7.0,7.0,2.0,0.0,,,,,,,,,,,,,,,,
1316517,"Escola Básica Frei João de Vila do Conde, Vila do Conde",Vila do Conde,,,,2eme_cycle_uniquement,,,,,,,246,261,248,243,234,253,181,238,0.47,0.53,419,0.009999999776482582,0.009999999776482582,228,0.956140350877193,0.949038895996142
1316551,"Escola Básica de Igreja, Modivas, Vila do Conde",Vila do Conde,,,,1er_cycle_uniquement,37.0,10.0,9.0,7.0,11.0,0.0,,,,,,,,,,,,,,,,
1316553,"Escola Básica de Aveleda, Vila do Conde",Vila do Conde,,,,1er_cycle_uniquement,38.0,7.0,10.0,8.0,13.0,0.0,,,,,,,,,,,,,,,,
1316570,"Escola Básica Gonçalo Mendes da Maia, Guilhabreu, Vila do Conde",Vila do Conde,,,,1er_cycle_uniquement,34.0,16.0,1.0,17.0,0.0,0.3333,,,,,,,,,,,,,,,,
1316575,"Escola Básica de Casais, Arcos, Vila do Conde",Vila do Conde,,,,1er_cycle_uniquement,0.0,0.0,0.0,0.0,0.0,,,,,,,,,,,,,,,,,
1316613,"Escola Básica de Caxinas, Vila do Conde",Vila do Conde,,,,1er_cycle_uniquement,282.0,71.0,85.0,43.0,83.0,0.0325,,,,,,,,,,,,,,,,
1316703,"Escola Básica de Benguiados, Vila do Conde",Vila do Conde,,,,1er_cycle_uniquement,109.0,44.0,20.0,23.0,22.0,0.0,,,,,,,,,,,,,,,,
1316774,"Escola Básica de Vairão, Vila do Conde",Vila do Conde,,,,1er_cycle_uniquement,31.0,5.0,4.0,10.0,12.0,0.0,,,,,,,,,,,,,,,,
1316778,"Escola Básica de Azurara, Vila do Conde",Vila do Conde,,,,1er_cycle_uniquement,79.0,20.0,25.0,13.0,21.0,0.01,,,,,,,,,,,,,,,,
1316798,"Escola Básica D. Pedro IV, Mindelo, Vila do Conde",Vila do Conde,,,,2eme_cycle_uniquement,,,,,,,109,116,120,117,115,124,122,123,0.5800000000000001,0.42,245,0,0.019999999552965164,112,0.9821428571428571,0.9563715197102971
1316799,"Escola Básica de Quinta, Fajozes, Vila do Conde",Vila do Conde,,,,1er_cycle_uniquement,65.0,20.0,9.0,20.0,16.0,0.0125,,,,,,,,,,,,,,,,
1316825,Escola Básica n.º 1 de Vila do Conde,Vila do Conde,,,,1er_cycle_uniquement,251.0,63.0,89.0,44.0,55.0,0.015,,,,,,,,,,,,,,,,
1316830,"Escola Básica de Macieira, Macieira da Mata, Vila do Conde",Vila do Conde,,,,1er_cycle_uniquement,67.0,21.0,17.0,17.0,12.0,0.0,,,,,,,,,,,,,,,,
1316874,"Escola Básica de Igreja, Vila Chã, Vila do Conde",Vila do Conde,,,,1er_cycle_uniquement,32.0,0.0,14.0,18.0,0.0,0.0,,,,,,,,,,,,,,,,
1316890,"Escola Básica de Real, Vilar do Pinheiro, Vila do Conde",Vila do Conde,,,,1er_cycle_uniquement,28.0,7.0,7.0,8.0,6.0,0.0,,,,,,,,,,,,,,,,
1316922,"Escola Básica Dr. Carlos Pinto Ferreira, Junqueira, Vila do Conde",Vila do Conde,,,,2eme_cycle_uniquement,,,,,,,72,101,106,70,120,107,90,125,0.51,0.49,215,0,0.019999999552965164,119,0.9747899159663865,0.9605909133472428
1316942,"Escola Básica de Parada, Guilhabreu, Vila do Conde",Vila do Conde,,,,1er_cycle_uniquement,36.0,0.0,19.0,0.0,17.0,0.0,,,,,,,,,,,,,,,,
1316978,"Escola Básica de Casal do Monte, Retorta, Vila do Conde",Vila do Conde,,,,1er_cycle_uniquement,75.0,20.0,18.0,19.0,18.0,0.0,,,,,,,,,,,,,,,,
1317001,"Escola Básica Professor Doutor Marques dos Santos, Santa Marinha, Vila Nova de Gaia",Vila Nova de Gaia,,,,1er_cycle_uniquement,165.0,45.0,49.0,50.0,21.0,0.005,,,,,,,,,,,,,,,,
1317002,Colégio Adventista de Oliveira do Douro,Vila Nova de Gaia,,,,1er_et_2eme_cycle,58.0,12.0,18.0,15.0,13.0,0.02,18,21,23,16,13,23,19,16,0.5700000000000001,0.43,35,0,0,12,*,*
1317003,"Escola Básica Manuel António Pina, Oliveira do Douro, Vila Nova de Gaia",Vila Nova de Gaia,,,,1er_cycle_uniquement,318.0,70.0,92.0,67.0,89.0,0.01,,,,,,,,,,,,,,,,
1317004,"Escola Básica Dr. Fernando Guedes, Avintes, Vila Nova de Gaia",Vila Nova de Gaia,,,,1er_cycle_uniquement,166.0,58.0,42.0,33.0,33.0,0.04,,,,,,,,,,,,,,,,
1317009,Academia de Música de Vilar do Paraíso,Vila Nova de Gaia,,,,2eme_cycle_uniquement,,,,,,,92,69,86,92,87,85,88,88,0.43000000000000005,0.57,176,0,0,87,1,0.9471270812448356
1317016,"Escola Básica de Monte, Gulpilhares, Vila Nova de Gaia",Vila Nova de Gaia,,,,1er_cycle_uniquement,53.0,20.0,12.0,11.0,10.0,0.025,,,,,,,,,,,,,,,,
1317021,"Escola Básica de Monte, São Félix da Marinha, Vila Nova de Gaia",Vila Nova de Gaia,,,,1er_cycle_uniquement,89.0,24.0,24.0,19.0,22.0,0.01,,,,,,,,,,,,,,,,
1317024,"Escola Básica de Matosinhos, Vila Nova de Gaia",Vila Nova de Gaia,,,,1er_cycle_uniquement,38.0,10.0,11.0,11.0,6.0,0.1125,,,,,,,,,,,,,,,,
1317037,"Escola Básica de Chouselas, Canidelo, Vila Nova de Gaia",Vila Nova de Gaia,,,,1er_cycle_uniquement,172.0,47.0,40.0,45.0,40.0,0.0,,,,,,,,,,,,,,,,
1317044,"Escola Básica de São Lourenço, Balteiro, Vila Nova de Gaia",Vila Nova de Gaia,,,,1er_cycle_uniquement,112.0,46.0,23.0,16.0,27.0,0.01,,,,,,,,,,,,,,,,
1317049,"Escola Básica de Gestosa, Sandim, Vila Nova de Gaia",Vila Nova de Gaia,,,,1er_cycle_uniquement,24.0,9.0,4.0,11.0,0.0,0.06,,,,,,,,,,,,,,,,
1317074,"Escola Básica dos Carvalhos, Vila Nova de Gaia",Vila Nova de Gaia,,,,1er_cycle_uniquement,173.0,47.0,48.0,39.0,39.0,0.0475,,,,,,,,,,,,,,,,
1317076,"Escola Básica de Moinhos, Vila Nova de Gaia",Vila Nova de Gaia,,,,1er_cycle_uniquement,44.0,8.0,13.0,11.0,12.0,0.0,,,,,,,,,,,,,,,,
1317082,Colégio de Nossa Senhora da Bonança,Vila Nova de Gaia,,,,1er_et_2eme_cycle,199.0,49.0,49.0,50.0,51.0,0.005,52,74,68,47,64,64,63,63,0.48,0.52,126,0,0,62,0.9838709677419355,0.9917067342574524
1317084,"Escola Básica da Quinta das Chãs, Vila Nova de Gaia",Vila Nova de Gaia,,,,1er_cycle_uniquement,88.0,27.0,18.0,24.0,19.0,0.015,,,,,,,,,,,,,,,,
1317093,"Escola Básica de Murraceses de Cima, Grijó, Vila Nova de Gaia",Vila Nova de Gaia,,,,1er_cycle_uniquement,74.0,18.0,24.0,15.0,17.0,0.08,,,,,,,,,,,,,,,,
1317094,"Escola Básica de Matas, Vila Nova de Gaia",Vila Nova de Gaia,,,,1er_cycle_uniquement,142.0,42.0,21.0,39.0,40.0,0.025,,,,,,,,,,,,,,,,
1317104,Colégio Internato Claret,Vila Nova de Gaia,,,,1er_et_2eme_cycle,95.0,24.0,25.0,22.0,24.0,0.0,56,51,76,56,70,78,96,74,0.48,0.52,170,0,0.009999999776482582,69,1,0.9923590056549785
1317108,"Escola Básica de Pena, Madalena, Vila Nova de Gaia",Vila Nova de Gaia,,,,1er_cycle_uniquement,137.0,24.0,24.0,46.0,43.0,0.0,,,,,,,,,,,,,,,,
1317111,"Escola Básica de Capela, Gulpilhares, Vila Nova de Gaia",Vila Nova de Gaia,,,,1er_cycle_uniquement,84.0,24.0,21.0,20.0,19.0,0.0,,,,,,,,,,,,,,,,
1317124,Jardim Escola João de Deus - Vila Nova de Gaia,Vila Nova de Gaia,,,,1er_cycle_uniquement,67.0,15.0,23.0,15.0,14.0,0.0,,,,,,,,,,,,,,,,
1317125,Colégio do Sardão,Vila Nova de Gaia,,,,1er_cycle_uniquement,161.0,43.0,42.0,40.0,36.0,0.0,,,,,,,,,,,,,,,,
1317128,"Escola Básica de Curvadelo, Serzedo, Vila Nova de Gaia",Vila Nova de Gaia,,,,1er_cycle_uniquement,0.0,0.0,0.0,0.0,0.0,,,,,,,,,,,,,,,,,
1317134,"Escola Básica de Pedras, Vila Nova de Gaia",Vila Nova de Gaia,,,,1er_cycle_uniquement,127.0,32.0,30.0,23.0,42.0,0.005,,,,,,,,,,,,,,,,
1317136,"Escola Básica de Outeiro, Serzedo, Vila Nova de Gaia",Vila Nova de Gaia,,,,1er_cycle_uniquement,71.0,13.0,20.0,19.0,19.0,0.0,,,,,,,,,,,,,,,,
1317154,"Escola Básica de Afurada de Cima, Afurada, Vila Nova de Gaia",Vila Nova de Gaia,,,,1er_cycle_uniquement,87.0,25.0,20.0,21.0,21.0,0.0,,,,,,,,,,,,,,,,
1317156,"Escola Básica de Corveiros, Grijó, Vila Nova de Gaia",Vila Nova de Gaia,,,,1er_cycle_uniquement,63.0,23.0,19.0,12.0,9.0,0.095,,,,,,,,,,,,,,,,
1317163,"Escola Básica Anes de Cernache, Vilar de Andorinho, Vila Nova de Gaia",Vila Nova de Gaia,,,,2eme_cycle_uniquement,,,,,,,107,132,123,113,129,118,112,140,0.54,0.46,252,0.029999999329447746,0.009999999776482582,118,0.9915254237288136,0.9661327171444828
1317167,"Escola Básica de Alheiras, Pedroso, Vila Nova de Gaia",Vila Nova de Gaia,,,,1er_cycle_uniquement,51.0,17.0,10.0,14.0,10.0,0.075,,,,,,,,,,,,,,,,
1317170,"Escola Básica de São Miguel, Olival, Vila Nova de Gaia",Vila Nova de Gaia,,,,1er_cycle_uniquement,25.0,8.0,7.0,2.0,8.0,0.0325,,,,,,,,,,,,,,,,
1317173,"Escola Básica de Boavista, Arcozelo, Vila Nova de Gaia",Vila Nova de Gaia,,,,1er_cycle_uniquement,88.0,22.0,23.0,22.0,21.0,0.0,,,,,,,,,,,,,,,,
1317178,"Escola Básica Adriano Correia de Oliveira, Avintes, Vila Nova de Gaia",Vila Nova de Gaia,,,,2eme_cycle_uniquement,,,,,,,101,107,104,100,72,105,75,80,0.55,0.45,155,0.009999999776482582,0.05999999865889549,70,0.9285714285714286,0.938554450843896
1317182,"Escola Básica da Lagarteira, Canelas, Vila Nova de Gaia",Vila Nova de Gaia,,,,1er_cycle_uniquement,94.0,24.0,25.0,21.0,24.0,0.01,,,,,,,,,,,,,,,,
1317187,"Escola Básica da Madalena, Vila Nova de Gaia",Vila Nova de Gaia,,,,2eme_cycle_uniquement,,,,,,,71,81,95,71,76,96,105,74,0.51,0.49,179,0.03999999910593033,0.009999999776482582,71,0.9436619718309859,0.9479119675364628
1317195,"Escola Básica de Viso, Canidelo, Vila Nova de Gaia",Vila Nova de Gaia,,,,1er_cycle_uniquement,84.0,20.0,20.0,20.0,24.0,0.0,,,,,,,,,,,,,,,,
1317210,"Escola Básica de Lagos, Vilar do Paraíso, Vila Nova de Gaia",Vila Nova de Gaia,,,,1er_cycle_uniquement,74.0,20.0,19.0,15.0,20.0,0.0,,,,,,,,,,,,,,,,
1317215,"Colégio Creche ""Nossa Senhora da Bonança""",Vila Nova de Gaia,,,,1er_cycle_uniquement,155.0,39.0,38.0,47.0,31.0,0.0,,,,,,,,,,,,,,,,
1317230,"Escola Básica n.º 2 de Campolinho, Valadares, Vila Nova de Gaia",Vila Nova de Gaia,,,,1er_cycle_uniquement,73.0,20.0,14.0,20.0,19.0,0.0125,,,,,,,,,,,,,,,,
1317239,Colégio Oceanus,Vila Nova de Gaia,,,,1er_cycle_uniquement,93.0,24.0,24.0,22.0,23.0,0.0,,,,,,,,,,,,,,,,
1317243,Colégio Heliântia,Vila Nova de Gaia,,,,1er_et_2eme_cycle,59.0,14.0,16.0,10.0,19.0,0.0275,12,17,17,10,15,17,18,10,0.6799999999999999,0.32,28,0,0,15,0.9333333333333333,0.9900059362023987
1317245,"Escola Básica do Olival, Vila Nova de Gaia",Vila Nova de Gaia,,,,2eme_cycle_uniquement,,,,,,,148,169,167,144,128,162,127,127,0.53,0.47,254,0.05000000074505806,0.05999999865889549,118,0.9745762711864406,0.9551922167646394
1317254,"Escola Básica de Lavadores, Canidelo, Vila Nova de Gaia",Vila Nova de Gaia,,,,1er_cycle_uniquement,85.0,20.0,20.0,24.0,21.0,0.0,,,,,,,,,,,,,,,,
1317256,"Escola Básica de Valadares, Vila Nova de Gaia",Vila Nova de Gaia,,,,2eme_cycle_uniquement,,,,,,,271,255,237,271,259,236,182,261,0.52,0.48,443,0.05000000074505806,0.029999999329447746,241,0.9626556016597511,0.9575177150986784
1317263,"Escola Básica de Laborim de Cima, Vila Nova de Gaia",Vila Nova de Gaia,,,,1er_cycle_uniquement,86.0,24.0,21.0,20.0,21.0,0.0,,,,,,,,,,,,,,,,
1317272,"Escola Básica n.º 2 de Igreja, Sandim, Vila Nova de Gaia",Vila Nova de Gaia,,,,1er_cycle_uniquement,59.0,17.0,6.0,15.0,21.0,0.0,,,,,,,,,,,,,,,,
1317297,"Escola Básica de Laborim de Baixo, Vila Nova de Gaia",Vila Nova de Gaia,,,,1er_cycle_uniquement,56.0,11.0,20.0,5.0,20.0,0.05,,,,,,,,,,,,,,,,
1317299,"Escola Básica n.º 1 de Vila d´Este, Vila Nova de Gaia",Vila Nova de Gaia,,,,1er_cycle_uniquement,167.0,20.0,67.0,41.0,39.0,0.0425,,,,,,,,,,,,,,,,
1317311,"Escola Básica de Afurada de Baixo, Afurada, Vila Nova de Gaia",Vila Nova de Gaia,,,,1er_cycle_uniquement,40.0,10.0,10.0,10.0,10.0,0.025,,,,,,,,,,,,,,,,
1317325,"Escola Básica de Portelinha, Vila Nova de Gaia",Vila Nova de Gaia,,,,1er_cycle_uniquement,45.0,17.0,7.0,8.0,13.0,0.0375,,,,,,,,,,,,,,,,
1317327,"Escola Básica de Cadavão, Vila Nova de Gaia",Vila Nova de Gaia,,,,1er_cycle_uniquement,80.0,20.0,20.0,20.0,20.0,0.0125,,,,,,,,,,,,,,,,
1317332,Colégio de Gaia,Vila Nova de Gaia,,,,1er_et_2eme_cycle,75.0,13.0,20.0,22.0,20.0,0.025,47,73,46,48,43,45,32,39,0.54,0.46,71,0,0,43,1,0.991556599156489
1317334,"Escola Básica de Meiral, Canidelo, Vila Nova de Gaia",Vila Nova de Gaia,,,,1er_cycle_uniquement,175.0,44.0,40.0,44.0,47.0,0.005,,,,,,,,,,,,,,,,
1317338,"Escola Básica de Devesas, Vila Nova de Gaia",Vila Nova de Gaia,,,,1er_cycle_uniquement,249.0,64.0,65.0,60.0,60.0,0.005,,,,,,,,,,,,,,,,
1317359,"Escola Básica de Loureiro, Grijó, Vila Nova de Gaia",Vila Nova de Gaia,,,,1er_cycle_uniquement,68.0,19.0,20.0,12.0,17.0,0.0125,,,,,,,,,,,,,,,,
1317383,"Escola Básica de Megide, Souto de Megide, Vila Nova de Gaia",Vila Nova de Gaia,,,,1er_cycle_uniquement,110.0,43.0,24.0,21.0,22.0,0.01,,,,,,,,,,,,,,,,
1317391,"Escola Básica de Aguda, Arcozelo, Vila Nova de Gaia",Vila Nova de Gaia,,,,1er_cycle_uniquement,61.0,19.0,8.0,12.0,22.0,0.0525,,,,,,,,,,,,,,,,
1317393,"Escola Básica de Cabanões, Avintes, Vila Nova de Gaia",Vila Nova de Gaia,,,,1er_cycle_uniquement,104.0,24.0,20.0,40.0,20.0,0.0125,,,,,,,,,,,,,,,,
1317399,"Escola Básica de Leirós, Vila Nova de Gaia",Vila Nova de Gaia,,,,1er_cycle_uniquement,85.0,24.0,19.0,24.0,18.0,0.0275,,,,,,,,,,,,,,,,
1317408,"Escola Básica Joaquim Nicolau de Almeida, Vila Nova de Gaia",Vila Nova de Gaia,,,,1er_cycle_uniquement,178.0,48.0,44.0,43.0,43.0,0.0,,,,,,,,,,,,,,,,
1317467,"Escola Básica de Serpente, Vila Nova de Gaia",Vila Nova de Gaia,,,,1er_cycle_uniquement,84.0,24.0,19.0,21.0,20.0,0.0125,,,,,,,,,,,,,,,,
1317482,"Escola Básica de Sá, Sandim, Vila Nova de Gaia",Vila Nova de Gaia,,,,1er_cycle_uniquement,80.0,14.0,24.0,18.0,24.0,0.0,,,,,,,,,,,,,,,,
1317487,"Escola Básica de Marinha, Valadares, Vila Nova de Gaia",Vila Nova de Gaia,,,,1er_cycle_uniquement,44.0,0.0,20.0,24.0,0.0,0.0,,,,,,,,,,,,,,,,
1317507,"Escola Básica de Seixo Alvo, Vila Nova de Gaia",Vila Nova de Gaia,,,,1er_cycle_uniquement,64.0,11.0,17.0,16.0,20.0,0.0,,,,,,,,,,,,,,,,
1317511,Escola Jasmim,Vila Nova de Gaia,,,,1er_cycle_uniquement,77.0,20.0,19.0,17.0,21.0,0.0,,,,,,,,,,,,,,,,
1317518,"Escola Básica de Marmoiral, Vila Nova de Gaia",Vila Nova de Gaia,,,,1er_cycle_uniquement,43.0,24.0,0.0,0.0,19.0,0.0,,,,,,,,,,,,,,,,
1317544,"Escola Básica de Corvo, Vila Nova de Gaia",Vila Nova de Gaia,,,,1er_cycle_uniquement,80.0,20.0,19.0,25.0,16.0,0.0275,,,,,,,,,,,,,,,,
1317553,"Escola Básica Padre António Luis Moreira, Carvalhos, Vila Nova de Gaia",Vila Nova de Gaia,,,,2eme_cycle_uniquement,,,,,,,173,194,153,178,164,161,156,175,0.52,0.48,331,0.009999999776482582,0.10000000149011612,160,0.90625,0.9570983695465436
1317560,"Escola Básica n.º 1 de Campolinho, Valadares, Vila Nova de Gaia",Vila Nova de Gaia,,,,1er_cycle_uniquement,79.0,20.0,20.0,17.0,22.0,0.0125,,,,,,,,,,,,,,,,
1317562,"Escola Básica e Secundária de Canelas, Vila Nova de Gaia",Vila Nova de Gaia,,,,1er_et_2eme_cycle,96.0,24.0,28.0,20.0,24.0,0.0,207,189,159,209,196,156,195,202,0.5,0.5,397,0.029999999329447746,0.03999999910593033,188,0.9680851063829787,0.9516421508056466
1317564,"Escola Básica de Vila d’Este, Vilar de Andorinho, Vila Nova de Gaia",Vila Nova de Gaia,,,,2eme_cycle_uniquement,,,,,,,106,103,83,96,92,85,80,84,0.51,0.49,164,0.18000000715255737,0.20999999344348907,72,0.7638888888888888,0.914047532717797
1317573,"Escola Básica de Santa Marinha, Vila Nova de Gaia",Vila Nova de Gaia,,,,2eme_cycle_uniquement,,,,,,,84,116,86,84,110,93,67,127,0.53,0.47,194,0.09000000357627869,0.07999999821186066,73,0.9726027397260274,0.927653216467749
1317577,"Escola Básica de Chãos Velhos, Arcozelo, Vila Nova de Gaia",Vila Nova de Gaia,,,,1er_cycle_uniquement,74.0,14.0,17.0,20.0,23.0,0.045,,,,,,,,,,,,,,,,
1317578,"Escola Básica de Quinta dos Castelos, Santa Marinha, Vila Nova de Gaia",Vila Nova de Gaia,,,,1er_cycle_uniquement,129.0,20.0,44.0,20.0,45.0,0.005,,,,,,,,,,,,,,,,
1317585,"Escola Básica de Miramar, Vila Nova de Gaia",Vila Nova de Gaia,,,,1er_cycle_uniquement,88.0,23.0,23.0,20.0,22.0,0.01,,,,,,,,,,,,,,,,
1317588,"Externato ""Nossa Senhora de Fátima""",Vila Nova de Gaia,,,,1er_cycle_uniquement,126.0,17.0,32.0,40.0,37.0,0.0,,,,,,,,,,,,,,,,
1317624,"Escola Básica de Arnelas, Vila Nova de Gaia",Vila Nova de Gaia,,,,1er_cycle_uniquement,27.0,10.0,3.0,9.0,5.0,0.0,,,,,,,,,,,,,,,,
1317632,"Escola Básica Santo António, Grijó, Vila Nova de Gaia",Vila Nova de Gaia,,,,1er_cycle_uniquement,76.0,20.0,21.0,19.0,16.0,0.025,,,,,,,,,,,,,,,,
1317642,"Escola Básica de Brandariz, Vila Nova de Gaia",Vila Nova de Gaia,,,,1er_cycle_uniquement,37.0,7.0,12.0,6.0,12.0,0.02,,,,,,,,,,,,,,,,
1317649,"Escola Básica de Aldeia Nova, Vila Nova de Gaia",Vila Nova de Gaia,,,,1er_cycle_uniquement,83.0,17.0,23.0,20.0,23.0,0.0,,,,,,,,,,,,,,,,
1317651,"Escola Básica Sophia de Mello Breyner, Corvo, Vila Nova de Gaia",Vila Nova de Gaia,,,,2eme_cycle_uniquement,,,,,,,224,242,227,221,195,235,187,201,0.52,0.48,388,0.019999999552965164,0.019999999552965164,193,0.9689119170984456,0.9587406210583101
1317667,"Escola Básica de Hortas, Vila Nova de Gaia",Vila Nova de Gaia,,,,1er_cycle_uniquement,64.0,12.0,13.0,14.0,25.0,0.0,,,,,,,,,,,,,,,,
1317685,"Escola Básica de Igreja e Lavadores, Vila Nova de Gaia",Vila Nova de Gaia,,,,1er_cycle_uniquement,85.0,25.0,15.0,23.0,22.0,0.0,,,,,,,,,,,,,,,,
1317689,"Escola Básica Escultor António Fernandes Sá, Gervide, Vila Nova de Gaia",Vila Nova de Gaia,,,,2eme_cycle_uniquement,,,,,,,105,161,111,103,93,108,98,89,0.5,0.5,187,0.009999999776482582,0.019999999552965164,88,0.9772727272727273,0.9477123201077895
1317691,"Escola Básica de Junqueira, Vilar do Paraíso, Vila Nova de Gaia",Vila Nova de Gaia,,,,1er_cycle_uniquement,177.0,44.0,38.0,34.0,61.0,0.0125,,,,,,,,,,,,,,,,
1317694,"Escola Básica n.º 2 de Loureiro, Perozinho, Vila Nova de Gaia",Vila Nova de Gaia,,,,1er_cycle_uniquement,85.0,14.0,22.0,25.0,24.0,0.01,,,,,,,,,,,,,,,,
1317697,"Escola Básica Dr. Costa Matos, Vila Nova de Gaia",Vila Nova de Gaia,,,,2eme_cycle_uniquement,,,,,,,231,261,245,221,240,234,200,238,0.49,0.51,438,0.029999999329447746,0.029999999329447746,221,0.9728506787330317,0.9557383988454027
1317701,"Escola Básica n.º 1 de Igreja, Sandim, Vila Nova de Gaia",Vila Nova de Gaia,,,,1er_cycle_uniquement,84.0,15.0,23.0,22.0,24.0,0.0,,,,,,,,,,,,,,,,
1317702,"Escola Básica de Vendas, Seixezelo, Vila Nova de Gaia",Vila Nova de Gaia,,,,1er_cycle_uniquement,69.0,20.0,19.0,12.0,18.0,0.0125,,,,,,,,,,,,,,,,
1317705,"Escola Básica de Granja, São Félix da Marinha, Vila Nova de Gaia",Vila Nova de Gaia,,,,1er_cycle_uniquement,88.0,22.0,24.0,23.0,19.0,0.0,,,,,,,,,,,,,,,,
1317714,"Escola Básica de Cabo-Mor, Vila Nova de Gaia",Vila Nova de Gaia,,,,1er_cycle_uniquement,111.0,47.0,20.0,22.0,22.0,0.0225,,,,,,,,,,,,,,,,
1317720,"Escola Básica de Francelos, Vila Nova de Gaia",Vila Nova de Gaia,,,,1er_cycle_uniquement,142.0,25.0,49.0,24.0,44.0,0.005,,,,,,,,,,,,,,,,
1317742,"Escola Básica Soares dos Reis, Vila Nova de Gaia",Vila Nova de Gaia,,,,2eme_cycle_uniquement,,,,,,,267,272,263,261,259,261,271,265,0.49,0.51,536,0,0,257,0.9961089494163424,0.9734683815315787
1317744,"Escola Básica de Figueiredo, Pedroso, Vila Nova de Gaia",Vila Nova de Gaia,,,,1er_cycle_uniquement,87.0,20.0,23.0,24.0,20.0,0.0,,,,,,,,,,,,,,,,
1317748,"Escola Básica de Gervide, Oliveira do Douro, Vila Nova de Gaia",Vila Nova de Gaia,,,,1er_cycle_uniquement,133.0,23.0,26.0,40.0,44.0,0.045,,,,,,,,,,,,,,,,
1317749,"Escola Básica de Espinho, Vila Nova de Gaia",Vila Nova de Gaia,,,,1er_cycle_uniquement,75.0,19.0,20.0,22.0,14.0,0.025,,,,,,,,,,,,,,,,
1317751,"Escola Básica do Curro, Canelas, Vila Nova de Gaia",Vila Nova de Gaia,,,,1er_cycle_uniquement,69.0,20.0,17.0,14.0,18.0,0.03,,,,,,,,,,,,,,,,
1317752,"Escola Básica de Sardão, Oliveira do Douro, Vila Nova de Gaia",Vila Nova de Gaia,,,,1er_cycle_uniquement,81.0,20.0,21.0,20.0,20.0,0.0125,,,,,,,,,,,,,,,,
1317753,"Escola Básica de Asprela, Sermonde, Vila Nova de Gaia",Vila Nova de Gaia,,,,1er_cycle_uniquement,63.0,16.0,17.0,14.0,16.0,0.0,,,,,,,,,,,,,,,,
1317758,"Escola Básica da Praia, Vila Nova de Gaia",Vila Nova de Gaia,,,,1er_cycle_uniquement,95.0,28.0,22.0,21.0,24.0,0.0125,,,,,,,,,,,,,,,,
1317761,"Escola Básica de Sá, Arcozelo, Vila Nova de Gaia",Vila Nova de Gaia,,,,1er_cycle_uniquement,61.0,18.0,23.0,10.0,10.0,0.01,,,,,,,,,,,,,,,,
1317768,"Escola Básica de Alquebre, Serzedo, Vila Nova de Gaia",Vila Nova de Gaia,,,,1er_cycle_uniquement,84.0,24.0,25.0,16.0,19.0,0.025,,,,,,,,,,,,,,,,
1317775,"Escola Básica de Balteiro, Vilar de Andorinho, Vila Nova de Gaia",Vila Nova de Gaia,,,,1er_cycle_uniquement,42.0,22.0,0.0,6.0,14.0,0.0,,,,,,,,,,,,,,,,
1317782,"Escola Básica de Maninho, Madalena, Vila Nova de Gaia",Vila Nova de Gaia,,,,1er_cycle_uniquement,148.0,45.0,43.0,40.0,20.0,0.025,,,,,,,,,,,,,,,,
1317790,"Escola Básica Júlio Dinis, Grijó, Vila Nova de Gaia",Vila Nova de Gaia,,,,2eme_cycle_uniquement,,,,,,,85,101,103,83,85,100,83,84,0.56,0.44,167,0.05000000074505806,0.10000000149011612,77,0.8701298701298701,0.9356108618658164
1317811,"Escola Básica D. Pedro I, Canidelo, Vila Nova de Gaia",Vila Nova de Gaia,,,,2eme_cycle_uniquement,,,,,,,332,308,290,327,287,289,281,287,0.49,0.51,568,0.019999999552965164,0.009999999776482582,282,0.975177304964539,0.9621591456211535
1317813,"Escola Básica de Senhora do Monte, Vila Nova de Gaia",Vila Nova de Gaia,,,,1er_cycle_uniquement,78.0,24.0,20.0,14.0,20.0,0.0125,,,,,,,,,,,,,,,,
1317834,"Escola Básica de Mexedinho, Pedroso, Vila Nova de Gaia",Vila Nova de Gaia,,,,1er_cycle_uniquement,83.0,20.0,20.0,24.0,19.0,0.0625,,,,,,,,,,,,,,,,
1317852,"Escola Básica de Bandeira, Vila Nova de Gaia",Vila Nova de Gaia,,,,1er_cycle_uniquement,265.0,66.0,67.0,70.0,62.0,0.0175,,,,,,,,,,,,,,,,
1317884,"Escola Básica de Outeiro, Oliveira do Douro, Vila Nova de Gaia",Vila Nova de Gaia,,,,1er_cycle_uniquement,173.0,48.0,48.0,36.0,41.0,0.0075,,,,,,,,,,,,,,,,
1317907,"Escola Básica Urbano dos Santos Moura, Crestuma, Vila Nova de Gaia",Vila Nova de Gaia,,,,1er_cycle_uniquement,78.0,24.0,20.0,17.0,17.0,0.0,,,,,,,,,,,,,,,,
1317929,Colégio Cedros,Vila Nova de Gaia,,,,1er_et_2eme_cycle,75.0,16.0,27.0,19.0,13.0,0.0,21,15,22,20,18,24,19,15,1,0,34,0,0,17,1,0.9891832837762932
1317931,"Escola Básica de Vila Chã, Valadares, Vila Nova de Gaia",Vila Nova de Gaia,,,,1er_cycle_uniquement,74.0,17.0,15.0,20.0,22.0,0.035,,,,,,,,,,,,,,,,
1317948,"Escola Básica de Freixieiro, Vila Nova de Gaia",Vila Nova de Gaia,,,,1er_cycle_uniquement,116.0,44.0,24.0,24.0,24.0,0.0,,,,,,,,,,,,,,,,
1317964,"Escola Básica de São Paio, Canidelo, Vila Nova de Gaia",Vila Nova de Gaia,,,,1er_cycle_uniquement,104.0,28.0,36.0,20.0,20.0,0.0,,,,,,,,,,,,,,,,
1317982,"Escola Básica do Cedro, Vila Nova de Gaia",Vila Nova de Gaia,,,,1er_cycle_uniquement,296.0,92.0,92.0,45.0,67.0,0.0,,,,,,,,,,,,,,,,
1317983,"Escola Básica do Marco, Vila Nova de Gaia",Vila Nova de Gaia,,,,1er_cycle_uniquement,133.0,20.0,44.0,35.0,34.0,0.0,,,,,,,,,,,,,,,,
1317998,"Escola Básica de Vilar, Vilar do Andorinho, Vila Nova de Gaia",Vila Nova de Gaia,,,,1er_cycle_uniquement,87.0,22.0,22.0,23.0,20.0,0.0,,,,,,,,,,,,,,,,
1401062,"Escola Básica de Mouriscas, Abrantes",Abrantes,,,,1er_cycle_uniquement,27.0,7.0,5.0,3.0,12.0,0.07,,,,,,,,,,,,,,,,
1401312,"Escola Básica de Alvega, Abrantes",Abrantes,,,,1er_cycle_uniquement,0.0,0.0,0.0,0.0,0.0,,,,,,,,,,,,,,,,,
1401354,"Escola Básica Maria Lucília Moita, Abrantes",Abrantes,,,,1er_cycle_uniquement,131.0,50.0,28.0,29.0,24.0,0.0,,,,,,,,,,,,,,,,
1401406,"Escola Básica António Torrado, Abrantes",Abrantes,,,,1er_cycle_uniquement,134.0,30.0,47.0,30.0,27.0,0.0775,,,,,,,,,,,,,,,,
1401443,"Escola Básica de Bemposta, Abrantes",Abrantes,,,,1er_cycle_uniquement,56.0,15.0,5.0,18.0,18.0,0.015,,,,,,,,,,,,,,,,
1401539,"Escola Básica e Secundária Dr. Manuel Fernandes, Abrantes",Abrantes,,,,2eme_cycle_uniquement,,,,,,,118,150,107,120,105,104,113,111,0.5700000000000001,0.43,224,0.03999999910593033,0.05999999865889549,99,0.9696969696969697,0.9680671123977134
1401565,"Escola Básica e Secundária D. Miguel de Almeida, Abrantes",Abrantes,,,,2eme_cycle_uniquement,,,,,,,67,89,54,59,50,59,38,49,0.56,0.44,87,0.25999999046325684,0.05999999865889549,36,0.8888888888888888,0.921195592207083
1401579,"Escola Básica de São Miguel do Rio Torto, Abrantes",Abrantes,,,,1er_cycle_uniquement,22.0,5.0,4.0,8.0,5.0,0.0,,,,,,,,,,,,,,,,
1401581,"Escola Básica de Rio de Moinhos, Abrantes",Abrantes,,,,1er_cycle_uniquement,30.0,11.0,6.0,7.0,6.0,0.0775,,,,,,,,,,,,,,,,
1401588,"Escola Básica e Secundária Dr. Solano de Abreu, Abrantes",Abrantes,,,,2eme_cycle_uniquement,,,,,,,78,0,75,81,72,83,63,78,0.5700000000000001,0.43,141,0,0.009999999776482582,70,1,0.962919431233644
1401606,"Escola Básica e Secundária Octávio Duarte Ferreira, Tramagal, Abrantes",Abrantes,,,,2eme_cycle_uniquement,,,,,,,18,25,16,17,23,21,21,23,0.55,0.45,44,0,0,23,1,0.9623165507110294
1401667,"Escola Básica do Pego, Abrantes",Abrantes,,,,1er_cycle_uniquement,69.0,19.0,19.0,14.0,17.0,0.0125,,,,,,,,,,,,,,,,
1401710,Jardim Escola João de Deus - Tramagal,Abrantes,,,,1er_cycle_uniquement,0.0,0.0,0.0,0.0,0.0,,,,,,,,,,,,,,,,,
1401716,"Escola Básica de Chainça, Abrantes",Abrantes,,,,1er_cycle_uniquement,177.0,45.0,44.0,47.0,41.0,0.0,,,,,,,,,,,,,,,,
1401720,"Escola Básica Rossio ao Sul do Tejo, Abrantes",Abrantes,,,,1er_cycle_uniquement,79.0,21.0,27.0,13.0,18.0,0.12,,,,,,,,,,,,,,,,
1401879,"Escola Básica Maria de Lourdes Pintasilgo, Abrantes",Abrantes,,,,1er_cycle_uniquement,150.0,28.0,37.0,38.0,47.0,0.0125,,,,,,,,,,,,,,,,
1401972,"Escola Básica do Tramagal, Abrantes",Abrantes,,,,1er_cycle_uniquement,64.0,19.0,13.0,17.0,15.0,0.0375,,,,,,,,,,,,,,,,
1402094,"Escola Básica de Vila Moreira, Alcanena",Alcanena,,,,1er_cycle_uniquement,0.0,0.0,0.0,0.0,0.0,,,,,,,,,,,,,,,,,
1402404,"Escola Básica de Covão do Coelho, Alcanena",Alcanena,,,,1er_cycle_uniquement,28.0,6.0,3.0,10.0,9.0,0.0,,,,,,,,,,,,,,,,
1402504,"Escola Básica de Malhou, Alcanena",Alcanena,,,,1er_cycle_uniquement,21.0,5.0,7.0,4.0,5.0,0.0,,,,,,,,,,,,,,,,
1402649,"Escola Básica Dr. Anastácio Gonçalves, Alcanena",Alcanena,,,,1er_et_2eme_cycle,246.0,82.0,58.0,40.0,66.0,0.0,99,117,108,98,85,109,120,84,0.52,0.48,204,0.009999999776482582,0,82,0.975609756097561,0.9647437662067295
1402827,"Escola Básica Professor Abílio Madeira Martins, Minde, Alcanena",Alcanena,,,,1er_et_2eme_cycle,102.0,25.0,24.0,33.0,20.0,0.0,20,21,31,20,23,31,18,24,0.64,0.36,42,0,0,23,1,0.9762085414619059
1402929,"Escola Básica da Serra de Santo António, Alcanena",Alcanena,,,,1er_cycle_uniquement,22.0,5.0,8.0,6.0,3.0,0.0,,,,,,,,,,,,,,,,
1403001,"Escola Básica dos Charcos, Almeirim",Almeirim,,,,1er_cycle_uniquement,201.0,50.0,64.0,39.0,48.0,0.0375,,,,,,,,,,,,,,,,
1403002,"Escola Básica Febo Moniz, Almeirim",Almeirim,,,,2eme_cycle_uniquement,,,,,,,180,183,184,167,177,189,180,172,0.5,0.5,352,0.07999999821186066,0.029999999329447746,167,0.9401197604790419,0.9462762417827576
1403003,"Escola Básica n.º 1 de Fazendas de Almeirim, Almeirim",Almeirim,,,,1er_cycle_uniquement,164.0,39.0,42.0,34.0,49.0,0.015,,,,,,,,,,,,,,,,
1403004,"Escola Básica Moinho de Vento, Almeirim",Almeirim,,,,1er_cycle_uniquement,145.0,24.0,29.0,35.0,57.0,0.005,,,,,,,,,,,,,,,,
1403056,"Escola Básica de Paço dos Negros, Almeirim",Almeirim,,,,1er_cycle_uniquement,45.0,14.0,12.0,9.0,10.0,0.025,,,,,,,,,,,,,,,,
1403302,"Escola Básica de Cortiçóis, Almeirim",Almeirim,,,,1er_cycle_uniquement,39.0,8.0,14.0,10.0,7.0,0.0,,,,,,,,,,,,,,,,
1403317,"Escola Básica de Benfica do Ribatejo, Almeirim",Almeirim,,,,1er_cycle_uniquement,56.0,22.0,12.0,12.0,10.0,0.0,,,,,,,,,,,,,,,,
1403646,"Escola Básica de Fazendas de Almeirim, Almeirim",Almeirim,,,,2eme_cycle_uniquement,,,,,,,50,86,84,50,72,84,65,70,0.5800000000000001,0.42,135,0.019999999552965164,0,70,1,0.9513780847692827
1403846,Escola Básica de Almeirim,Almeirim,,,,1er_cycle_uniquement,228.0,68.0,70.0,50.0,40.0,0.0375,,,,,,,,,,,,,,,,
1404002,"Escola Básica Professor Abel Avelino, Alpiarça",Alpiarça,,,,2eme_cycle_uniquement,,,,,,,0,0,51,44,48,52,65,51,0.6,0.4,116,0.019999999552965164,0,45,0.9777777777777777,0.9576884745319003
1404052,"Escola Básica de Frade de Baixo, Alpiarça",Alpiarça,,,,1er_cycle_uniquement,0.0,0.0,0.0,0.0,0.0,,,,,,,,,,,,,,,,,
1404125,Escola Básica de Alpiarça,Alpiarça,,,,1er_cycle_uniquement,192.0,43.0,45.0,47.0,57.0,0.0,,,,,,,,,,,,,,,,
1405115,Escola Básica de Benavente,Benavente,,,,1er_cycle_uniquement,185.0,52.0,45.0,44.0,44.0,0.0125,,,,,,,,,,,,,,,,
1405237,"Escola Básica n.º 2 de Porto Alto, Benavente",Benavente,,,,1er_cycle_uniquement,211.0,46.0,68.0,49.0,48.0,0.005,,,,,,,,,,,,,,,,
1405396,"Escola Básica de Porto Alto, Benavente",Benavente,,,,2eme_cycle_uniquement,,,,,,,152,60,177,141,233,183,191,234,0.54,0.46,425,0.029999999329447746,0.07999999821186066,216,0.9074074074074074,0.9518340414310588
1405484,"Escola Básica Duarte Lopes, Benavente",Benavente,,,,2eme_cycle_uniquement,,,,,,,126,145,119,128,152,115,148,158,0.56,0.44,306,0.07000000029802322,0.03999999910593033,140,0.9285714285714286,0.944371910587183
1405629,"Escola Básica de Samora Correia, Benavente",Benavente,,,,1er_cycle_uniquement,202.0,52.0,59.0,47.0,44.0,0.0325,,,,,,,,,,,,,,,,
1405700,"Escola Básica de Santo Estevão, Benavente",Benavente,,,,1er_cycle_uniquement,53.0,14.0,17.0,14.0,8.0,0.0,,,,,,,,,,,,,,,,
1405737,Escola Básica n.º 2 de Benavente,Benavente,,,,1er_cycle_uniquement,67.0,20.0,17.0,14.0,16.0,0.06,,,,,,,,,,,,,,,,
1405743,"Escola Básica de Foros da Charneca, Benavente",Benavente,,,,1er_cycle_uniquement,0.0,0.0,0.0,0.0,0.0,,,,,,,,,,,,,,,,,
1405822,Escola Básica n.º 1 de Benavente,Benavente,,,,1er_cycle_uniquement,188.0,40.0,61.0,43.0,44.0,0.0175,,,,,,,,,,,,,,,,
1405870,"Escola Básica de Acácias, Samora Correia, Benavente",Benavente,,,,1er_cycle_uniquement,181.0,50.0,21.0,49.0,61.0,0.03,,,,,,,,,,,,,,,,
1405929,"Escola Básica de Fonte dos Escudeiros, Samora Correia, Benavente",Benavente,,,,1er_cycle_uniquement,142.0,44.0,49.0,24.0,25.0,0.0,,,,,,,,,,,,,,,,
1406016,"Escola Básica de Casais do Vale da Pedra, Cartaxo",Cartaxo,,,,1er_cycle_uniquement,60.0,13.0,18.0,18.0,11.0,0.0,,,,,,,,,,,,,,,,
1406144,Escola Básica n.º 3 do Cartaxo,Cartaxo,,,,1er_cycle_uniquement,95.0,24.0,24.0,24.0,23.0,0.01,,,,,,,,,,,,,,,,
1406256,"Escola Básica da Ereira, Cartaxo",Cartaxo,,,,1er_cycle_uniquement,0.0,0.0,0.0,0.0,0.0,,,,,,,,,,,,,,,,,
1406501,"Escola Básica de Casais Penedos, Cartaxo",Cartaxo,,,,1er_cycle_uniquement,0.0,0.0,0.0,0.0,0.0,,,,,,,,,,,,,,,,,
1406698,"Escola Básica de Vale da Pinta, Cartaxo",Cartaxo,,,,1er_cycle_uniquement,30.0,6.0,6.0,10.0,8.0,0.0,,,,,,,,,,,,,,,,
1406758,"Escola Básica da Lapa, Cartaxo",Cartaxo,,,,1er_cycle_uniquement,35.0,0.0,19.0,9.0,7.0,0.0167,,,,,,,,,,,,,,,,
1406809,"Escola Básica D. Sancho I, Pontével, Cartaxo",Cartaxo,,,,1er_et_2eme_cycle,88.0,23.0,21.0,23.0,21.0,0.0125,35,80,46,39,44,45,56,45,0.52,0.48,101,0.03999999910593033,0.019999999552965164,41,0.975609756097561,0.9325662518530482
1406842,"Escola Básica José Tagarro, Cartaxo",Cartaxo,,,,1er_cycle_uniquement,306.0,80.0,79.0,89.0,58.0,0.045,,,,,,,,,,,,,,,,
1406916,"Escola Básica n.º 1 de Vila Chã de Ourique, Cartaxo",Cartaxo,,,,1er_cycle_uniquement,82.0,18.0,24.0,20.0,20.0,0.0325,,,,,,,,,,,,,,,,
1406964,"Escola Básica Marcelino Mesquita, Cartaxo",Cartaxo,,,,2eme_cycle_uniquement,,,,,,,185,166,181,188,161,193,176,171,0.49,0.51,347,0.05000000074505806,0.029999999329447746,151,0.9668874172185431,0.9542825941803277
1406988,Escola Básica n.º 2 do Cartaxo,Cartaxo,,,,1er_cycle_uniquement,99.0,25.0,26.0,24.0,24.0,0.01,,,,,,,,,,,,,,,,
1407035,"Escola Básica de Ulme, Chamusca",Chamusca,,,,1er_cycle_uniquement,0.0,0.0,0.0,0.0,0.0,,,,,,,,,,,,,,,,,
1407113,"Escola Básica da Parreira, Chamusca",Chamusca,,,,1er_cycle_uniquement,21.0,3.0,8.0,7.0,3.0,0.0,,,,,,,,,,,,,,,,
1407450,Escola Básica e Secundária da Chamusca,Chamusca,,,,2eme_cycle_uniquement,,,,,,,68,76,61,71,67,66,68,64,0.5,0.5,132,0.03999999910593033,0,62,1,0.945291767784248
1407743,Escola Básica da Chamusca,Chamusca,,,,1er_cycle_uniquement,145.0,44.0,38.0,32.0,31.0,0.0,,,,,,,,,,,,,,,,
1407749,"Escola Básica da Carregueira, Chamusca",Chamusca,,,,1er_cycle_uniquement,41.0,15.0,11.0,9.0,6.0,0.0,,,,,,,,,,,,,,,,
1407785,"Escola Básica do Chouto, Chamusca",Chamusca,,,,1er_cycle_uniquement,0.0,0.0,0.0,0.0,0.0,,,,,,,,,,,,,,,,,
1407961,"Escola Básica de Vale de Cavalos, Chamusca",Chamusca,,,,1er_cycle_uniquement,20.0,2.0,7.0,5.0,6.0,0.035,,,,,,,,,,,,,,,,
1408001,"Escola Básica de Santa Margarida da Coutada, Constância",Constância,,,,1er_cycle_uniquement,40.0,11.0,10.0,11.0,8.0,0.0,,,,,,,,,,,,,,,,
1408087,Escola Básica de Constância,Constância,,,,1er_cycle_uniquement,59.0,10.0,12.0,17.0,20.0,0.0,,,,,,,,,,,,,,,,
1408758,"Escola Básica de Montalvo, Constância",Constância,,,,1er_cycle_uniquement,49.0,13.0,12.0,13.0,11.0,0.0,,,,,,,,,,,,,,,,
1408875,"Escola Básica e Secundária Luís de Camões, Constância",Constância,,,,2eme_cycle_uniquement,,,,,,,43,44,38,39,33,37,49,34,0.49,0.51,83,0,0,33,1,0.9626903605988645
1409049,"Escola Básica de Foros do Rebocho, Coruche",Coruche,,,,1er_cycle_uniquement,20.0,5.0,8.0,5.0,2.0,0.0,,,,,,,,,,,,,,,,
1409147,"Escola Básica da Lamarosa, Coruche",Coruche,,,,1er_cycle_uniquement,32.0,7.0,12.0,8.0,5.0,0.02,,,,,,,,,,,,,,,,
1409238,"Escola Básica do Couço, Coruche",Coruche,,,,1er_et_2eme_cycle,53.0,19.0,16.0,11.0,7.0,0.0975,16,8,20,16,9,20,17,11,0.5700000000000001,0.43,28,0,0,9,*,*
1409352,"Escola Básica de Fajarda, Coruche",Coruche,,,,1er_cycle_uniquement,44.0,19.0,8.0,10.0,7.0,0.12,,,,,,,,,,,,,,,,
1409382,Escola Básica n.º 1 de Coruche,Coruche,,,,1er_cycle_uniquement,234.0,56.0,63.0,65.0,50.0,0.045,,,,,,,,,,,,,,,,
1409476,"Escola Básica de Santana do Mato, Coruche",Coruche,,,,1er_cycle_uniquement,25.0,4.0,5.0,4.0,12.0,0.0925,,,,,,,,,,,,,,,,
1409574,"Escola Básica Dr. Armando Lizardo, Coruche",Coruche,,,,2eme_cycle_uniquement,,,,,,,112,145,114,110,131,112,134,128,0.56,0.44,262,0.09000000357627869,0.03999999910593033,122,0.9508196721311475,0.9346925030568204
1409593,"Escola Básica de Azervadinha, Montinhos dos Pegos, Coruche",Coruche,,,,1er_cycle_uniquement,0.0,0.0,0.0,0.0,0.0,,,,,,,,,,,,,,,,,
1409649,"Escola Básica do Biscainho, Coruche",Coruche,,,,1er_cycle_uniquement,23.0,5.0,8.0,8.0,2.0,0.0325,,,,,,,,,,,,,,,,
1409723,"Escola Básica de Erra, Coruche",Coruche,,,,1er_cycle_uniquement,31.0,10.0,9.0,5.0,7.0,0.0,,,,,,,,,,,,,,,,
1409973,"Escola Básica de Foros da Branca, Branca, Coruche",Coruche,,,,1er_cycle_uniquement,29.0,5.0,5.0,8.0,11.0,0.1225,,,,,,,,,,,,,,,,
1410001,"Escola Básica António Gedeão, Entroncamento",Entroncamento,,,,1er_cycle_uniquement,183.0,49.0,45.0,24.0,65.0,0.0125,,,,,,,,,,,,,,,,
1410171,"Escola Básica Dr. Ruy de Andrade, Entroncamento",Entroncamento,,,,2eme_cycle_uniquement,,,,,,,228,228,188,215,212,212,218,233,0.49,0.51,451,0.07000000029802322,0.03999999910593033,188,0.9361702127659575,0.9523968390737269
1410219,"Escola Básica do Bonito, Entroncamento",Entroncamento,,,,1er_cycle_uniquement,330.0,94.0,85.0,87.0,64.0,0.0175,,,,,,,,,,,,,,,,
1410486,Colégio Andrade Corvo - Pólo I,Entroncamento,,,,1er_et_2eme_cycle,42.0,12.0,8.0,10.0,12.0,0.0,10,0,9,18,15,8,7,14,0.43000000000000005,0.57,21,0,0,14,*,*
1410528,"Escola Básica da Zona Verde, Entroncamento",Entroncamento,,,,1er_cycle_uniquement,288.0,43.0,65.0,95.0,85.0,0.0275,,,,,,,,,,,,,,,,
1410719,Escola Rumo ao Futuro,Entroncamento,,,,1er_cycle_uniquement,81.0,15.0,25.0,24.0,17.0,0.0,,,,,,,,,,,,,,,,
1410727,Jardim Escola João De Deus - Entroncamento,Entroncamento,,,,1er_cycle_uniquement,46.0,15.0,10.0,8.0,13.0,0.0,,,,,,,,,,,,,,,,
1411028,"Escola Básica de Areias, Ferreira do Zêzere",Ferreira do Zêzere,,,,1er_cycle_uniquement,60.0,17.0,13.0,13.0,17.0,0.0375,,,,,,,,,,,,,,,,
1411566,"Escola Básica e Secundária Pedro Ferreiro, Ferreira do Zêzere",Ferreira do Zêzere,,,,2eme_cycle_uniquement,,,,,,,65,61,58,67,59,60,71,58,0.5,0.5,129,0,0.019999999552965164,57,0.9649122807017544,0.9488773416146496
1411668,Escola Básica de Ferreira do Zêzere,Ferreira do Zêzere,,,,1er_cycle_uniquement,166.0,44.0,36.0,52.0,34.0,0.0125,,,,,,,,,,,,,,,,
1412567,"Escola Básica e Secundária Mestre Martins Correia, Golegã",Golegã,,,,2eme_cycle_uniquement,,,,,,,37,37,35,41,44,37,50,47,0.54,0.46,97,0,0.10999999940395355,42,0.9047619047619048,0.954540894396974
1412638,Escola Básica da Golegã,Golegã,,,,1er_cycle_uniquement,144.0,40.0,42.0,37.0,25.0,0.0125,,,,,,,,,,,,,,,,
1412758,"Escola Básica Augusto do Souto Barreiros, Azinhaga, Golegã",Golegã,,,,1er_cycle_uniquement,38.0,9.0,15.0,7.0,7.0,0.05,,,,,,,,,,,,,,,,
1413450,Escola Básica e Secundária de Mação,Mação,,,,2eme_cycle_uniquement,,,,,,,40,38,36,40,52,36,43,52,0.48,0.52,95,0,0.019999999552965164,51,1,0.9545000729696435
1413715,Escola Básica de Mação,Mação,,,,1er_cycle_uniquement,132.0,39.0,31.0,38.0,24.0,0.0075,,,,,,,,,,,,,,,,
1414001,"Escola Básica de Santo António, Fráguas, Rio Maior",Rio Maior,,,,1er_cycle_uniquement,54.0,13.0,21.0,6.0,14.0,0.09,,,,,,,,,,,,,,,,
1414072,Colégio Alto Pina,Rio Maior,,,,1er_cycle_uniquement,39.0,4.0,14.0,17.0,4.0,0.0,,,,,,,,,,,,,,,,
1414131,Colégio Águas Férreas,Rio Maior,,,,1er_cycle_uniquement,67.0,17.0,15.0,13.0,22.0,0.0,,,,,,,,,,,,,,,,
1414170,"Escola Básica de Asseiceira, Rio Maior",Rio Maior,,,,1er_cycle_uniquement,37.0,12.0,11.0,7.0,7.0,0.0,,,,,,,,,,,,,,,,
1414187,"Escola Básica de Alcobertas, Rio Maior",Rio Maior,,,,1er_cycle_uniquement,61.0,17.0,17.0,13.0,14.0,0.0,,,,,,,,,,,,,,,,
1414335,"Escola Básica Fernando Casimiro Pereira da Silva, Rio Maior",Rio Maior,,,,1er_et_2eme_cycle,152.0,26.0,34.0,33.0,59.0,0.065,112,145,105,113,114,111,109,114,0.54,0.46,223,0.009999999776482582,0.019999999552965164,108,0.9814814814814815,0.9606453917270971
1414367,"Escola Básica Latino Coelho, Rio Maior",Rio Maior,,,,1er_cycle_uniquement,134.0,46.0,33.0,32.0,23.0,0.0175,,,,,,,,,,,,,,,,
1414553,"Escola Básica de Marinhas do Sal, Rio Maior",Rio Maior,,,,1er_et_2eme_cycle,96.0,26.0,24.0,23.0,23.0,0.0425,109,106,114,113,77,124,108,78,0.51,0.49,186,0.03999999910593033,0.11999999731779099,69,0.855072463768116,0.9507268323260896
1414555,"Escola Básica Poeta Ruy Belo, Rio Maior",Rio Maior,,,,1er_cycle_uniquement,107.0,29.0,27.0,33.0,18.0,0.01,,,,,,,,,,,,,,,,
1414839,"Escola Básica Mina do Espadanal, Rio Maior",Rio Maior,,,,1er_cycle_uniquement,131.0,44.0,42.0,45.0,0.0,0.0,,,,,,,,,,,,,,,,
1415134,"Escola Básica de Granho, Salvaterra de Magos",Salvaterra de Magos,,,,1er_cycle_uniquement,27.0,6.0,10.0,3.0,8.0,0.025,,,,,,,,,,,,,,,,
1415234,"Escola Básica de Muge, Salvaterra de Magos",Salvaterra de Magos,,,,1er_cycle_uniquement,36.0,7.0,11.0,9.0,9.0,0.0,,,,,,,,,,,,,,,,
1415257,Escola Básica de Salvaterra de Magos,Salvaterra de Magos,,,,1er_cycle_uniquement,281.0,71.0,69.0,66.0,75.0,0.0525,,,,,,,,,,,,,,,,
1415412,"Escola Básica de Glória do Ribatejo, Salvaterra de Magos",Salvaterra de Magos,,,,1er_cycle_uniquement,81.0,18.0,21.0,21.0,21.0,0.0125,,,,,,,,,,,,,,,,
1415496,"Escola Básica dos Foros de Salvaterra e da Várzea Fresca, Salvaterra de Magos",Salvaterra de Magos,,,,1er_cycle_uniquement,145.0,56.0,27.0,37.0,25.0,0.0275,,,,,,,,,,,,,,,,
1415858,"Escola Básica n.º 1 de Marinhais, Salvaterra de Magos",Salvaterra de Magos,,,,1er_cycle_uniquement,221.0,50.0,62.0,59.0,50.0,0.02,,,,,,,,,,,,,,,,
1415949,Escola Básica e Secundária de Salvaterra de Magos,Salvaterra de Magos,,,,2eme_cycle_uniquement,,,,,,,126,111,115,124,129,120,98,139,0.51,0.49,237,0.03999999910593033,0.03999999910593033,118,0.9661016949152542,0.9577103608783957
1415969,"Escola Básica de Marinhais, Salvaterra de Magos",Salvaterra de Magos,,,,2eme_cycle_uniquement,,,,,,,83,85,98,88,78,104,92,82,0.49,0.51,174,0,0.019999999552965164,78,0.9743589743589743,0.9563041239948976
1416001,"Escola Básica de Pereiro, Santarém",Santarém,,,,1er_cycle_uniquement,81.0,15.0,26.0,21.0,19.0,0.0975,,,,,,,,,,,,,,,,
1416002,"Escola Básica n.º 1 de Alcanede, Santarém",Santarém,,,,1er_cycle_uniquement,137.0,31.0,36.0,35.0,35.0,0.02,,,,,,,,,,,,,,,,
1416004,"Escola Básica Salgueiro Maia, Santarém",Santarém,,,,1er_cycle_uniquement,187.0,49.0,47.0,50.0,41.0,0.005,,,,,,,,,,,,,,,,
1416005,"Escola Básica do Sacapeito, Santarém",Santarém,,,,1er_cycle_uniquement,179.0,45.0,47.0,45.0,42.0,0.0225,,,,,,,,,,,,,,,,
1416067,"Escola Básica de Vale de Figueira, Santarém",Santarém,,,,1er_cycle_uniquement,28.0,10.0,7.0,5.0,6.0,0.0425,,,,,,,,,,,,,,,,
1416075,"Escola Básica Mem Ramires, Santarém",Santarém,,,,2eme_cycle_uniquement,,,,,,,156,182,162,156,154,168,169,163,0.5700000000000001,0.43,332,0.07000000029802322,0.03999999910593033,142,0.9577464788732394,0.9528050588978174
1416076,"Escola Básica n.º 7 de Santarém - Leões, Santarém",Santarém,,,,1er_cycle_uniquement,159.0,39.0,35.0,36.0,49.0,0.0425,,,,,,,,,,,,,,,,
1416131,"Escola Básica de Perofilho, Santarém",Santarém,,,,1er_cycle_uniquement,34.0,10.0,13.0,8.0,3.0,0.0575,,,,,,,,,,,,,,,,
1416147,"Escola Básica de Pernes, Santarém",Santarém,,,,1er_cycle_uniquement,66.0,16.0,17.0,12.0,21.0,0.015,,,,,,,,,,,,,,,,
1416181,"Escola Básica da Ribeira de Santarém, Santarém",Santarém,,,,1er_cycle_uniquement,0.0,0.0,0.0,0.0,0.0,,,,,,,,,,,,,,,,,
1416187,"Escola Básica de Azoia de Cima, Santarém",Santarém,,,,1er_cycle_uniquement,0.0,0.0,0.0,0.0,0.0,,,,,,,,,,,,,,,,,
1416195,"Escola Básica da Romeira, Santarém",Santarém,,,,1er_cycle_uniquement,34.0,11.0,9.0,8.0,6.0,0.0975,,,,,,,,,,,,,,,,
1416224,"Escola Básica São Domingos, Santarém",Santarém,,,,1er_cycle_uniquement,153.0,41.0,31.0,44.0,37.0,0.045,,,,,,,,,,,,,,,,
1416328,"Escola Básica de Tremês, Santarém",Santarém,,,,1er_cycle_uniquement,53.0,18.0,11.0,14.0,10.0,0.0175,,,,,,,,,,,,,,,,
1416336,"Escola Básica de Tojosa, Santarém",Santarém,,,,1er_cycle_uniquement,30.0,8.0,11.0,6.0,5.0,0.0,,,,,,,,,,,,,,,,
1416351,Jardim Escola João de Deus de Santarém,Santarém,,,,1er_et_2eme_cycle,74.0,25.0,14.0,17.0,18.0,0.0,*,*,*,*,*,*,*,*,*,*,*,-,*,9,*,*
1416355,"Escola Básica de São Bento, Santarém",Santarém,,,,1er_cycle_uniquement,140.0,24.0,45.0,27.0,44.0,0.0175,,,,,,,,,,,,,,,,
1416402,"Escola Básica de Advagar, Santarém",Santarém,,,,1er_cycle_uniquement,32.0,6.0,9.0,9.0,8.0,0.0275,,,,,,,,,,,,,,,,
1416411,"Escola Básica de Abitureiras, Santarém",Santarém,,,,1er_cycle_uniquement,0.0,0.0,0.0,0.0,0.0,,,,,,,,,,,,,,,,,
1416432,Colégio Valle dos Príncipes,Santarém,,,,1er_cycle_uniquement,65.0,9.0,17.0,20.0,19.0,0.0,,,,,,,,,,,,,,,,
1416458,"Escola Básica de Amiais de Cima, Santarém",Santarém,,,,1er_cycle_uniquement,36.0,11.0,8.0,7.0,10.0,0.095,,,,,,,,,,,,,,,,
1416478,"Escola Básica n.º 1 de Vale de Santarém, Santarém",Santarém,,,,1er_cycle_uniquement,74.0,18.0,16.0,24.0,16.0,0.0425,,,,,,,,,,,,,,,,
1416495,"Escola Básica de Combatentes, Santarém",Santarém,,,,1er_cycle_uniquement,111.0,25.0,44.0,26.0,16.0,0.065,,,,,,,,,,,,,,,,
1416520,"Escola Básica da Portela das Padeiras, Santarém",Santarém,,,,1er_cycle_uniquement,86.0,23.0,15.0,29.0,19.0,0.0525,,,,,,,,,,,,,,,,
1416524,"Escola Básica de Alcanhões, Santarém",Santarém,,,,1er_cycle_uniquement,48.0,15.0,4.0,18.0,11.0,0.14,,,,,,,,,,,,,,,,
1416552,"Escola Básica D. Manuel I, Pernes, Santarém",Santarém,,,,2eme_cycle_uniquement,,,,,,,49,41,42,55,43,46,53,46,0.51,0.49,99,0.03999999910593033,0,38,0.9736842105263158,0.9515101808257765
1416555,"Escola Básica de Fontainhas, Santarém",Santarém,,,,1er_cycle_uniquement,48.0,13.0,11.0,12.0,12.0,0.1325,,,,,,,,,,,,,,,,
1416643,"Escola Básica de Abrã, Santarém",Santarém,,,,1er_cycle_uniquement,22.0,4.0,8.0,6.0,4.0,0.0,,,,,,,,,,,,,,,,
1416687,"Escola Básica de Alcanede, Santarém",Santarém,,,,2eme_cycle_uniquement,,,,,,,66,56,62,66,70,69,67,71,0.52,0.48,138,0,0.009999999776482582,63,0.9841269841269841,0.941635471920044
1416697,"Escola Básica da Póvoa da Isenta, Santarém",Santarém,,,,1er_cycle_uniquement,32.0,13.0,8.0,3.0,8.0,0.0,,,,,,,,,,,,,,,,
1416739,"Escola Básica de Casével, Santarém",Santarém,,,,1er_cycle_uniquement,33.0,7.0,11.0,10.0,5.0,0.0,,,,,,,,,,,,,,,,
1416746,"Escola Básica de Almoster, Santarém",Santarém,,,,1er_cycle_uniquement,37.0,11.0,6.0,10.0,10.0,0.0,,,,,,,,,,,,,,,,
1416762,"Escola Básica Alexandre Herculano, Santarém",Santarém,,,,2eme_cycle_uniquement,,,,,,,145,141,155,152,143,142,148,142,0.5700000000000001,0.43,290,0.14000000059604645,0.20000000298023224,123,0.7886178861788617,0.9415746050011519
1416775,"Escola Básica da Póvoa de Santarém, Santarém",Santarém,,,,1er_cycle_uniquement,29.0,7.0,6.0,8.0,8.0,0.0325,,,,,,,,,,,,,,,,
1416806,"Escola Básica de Amiais de Baixo, Santarém",Santarém,,,,1er_cycle_uniquement,84.0,30.0,21.0,11.0,22.0,0.0375,,,,,,,,,,,,,,,,
1416829,"Escola Básica D. João II, Santarém",Santarém,,,,2eme_cycle_uniquement,,,,,,,169,175,176,174,192,180,170,206,0.5,0.5,376,0.10000000149011612,0.07000000029802322,176,0.9488636363636364,0.9581680712210017
1416862,"Escola Básica da Moçarria, Santarém",Santarém,,,,1er_cycle_uniquement,29.0,7.0,5.0,6.0,11.0,0.0,,,,,,,,,,,,,,,,
1416871,"Escola Básica do Mergulhão, Santarém",Santarém,,,,1er_cycle_uniquement,144.0,39.0,35.0,37.0,33.0,0.055,,,,,,,,,,,,,,,,
1416906,"Escola Básica de Arneiro das Milhariças, Santarém",Santarém,,,,1er_cycle_uniquement,21.0,4.0,6.0,3.0,8.0,0.0,,,,,,,,,,,,,,,,
1417797,"Escola Básica e Secundária Dr.ª Judite Andrade, Sardoal",Sardoal,,,,1er_et_2eme_cycle,126.0,33.0,34.0,24.0,35.0,0.0075,28,39,34,31,39,36,32,41,0.55,0.45,73,0,0.019999999552965164,39,1,0.962197138829379
1418001,"Escola Básica de Casais, Tomar",Tomar,,,,1er_cycle_uniquement,67.0,22.0,20.0,13.0,12.0,0.0,,,,,,,,,,,,,,,,
1418091,"Escola Básica de Vale do Calvo, Tomar",Tomar,,,,1er_cycle_uniquement,0.0,0.0,0.0,0.0,0.0,,,,,,,,,,,,,,,,,
1418132,"Escola Básica da Junceira, Tomar",Tomar,,,,1er_cycle_uniquement,33.0,11.0,9.0,5.0,8.0,0.0,,,,,,,,,,,,,,,,
1418187,"Escola Básica de Linhaceira, Tomar",Tomar,,,,1er_cycle_uniquement,48.0,12.0,18.0,7.0,11.0,0.015,,,,,,,,,,,,,,,,
1418227,"Escola Básica Templários, Tomar",Tomar,,,,1er_cycle_uniquement,87.0,27.0,18.0,19.0,23.0,0.18,,,,,,,,,,,,,,,,
1418366,"Escola Básica de Cem Soldos, Tomar",Tomar,,,,1er_cycle_uniquement,39.0,12.0,7.0,9.0,11.0,0.0,,,,,,,,,,,,,,,,
1418445,"Escola Básica de Santa Iria, Tomar",Tomar,,,,1er_et_2eme_cycle,117.0,43.0,27.0,20.0,27.0,0.0775,39,50,37,41,76,34,79,75,0.55,0.45,154,0.10999999940395355,0.09000000357627869,69,0.9130434782608695,0.9169515216350912
1418450,"Escola Básica de Olalhas, Tomar",Tomar,,,,1er_cycle_uniquement,0.0,0.0,0.0,0.0,0.0,,,,,,,,,,,,,,,,,
1418472,"Escola Básica de Carregueiros, Tomar",Tomar,,,,1er_cycle_uniquement,21.0,6.0,6.0,6.0,3.0,0.0,,,,,,,,,,,,,,,,
1418494,2.º Jardim Escola João De Deus - Tomar,Tomar,,,,1er_cycle_uniquement,48.0,12.0,11.0,11.0,14.0,0.0,,,,,,,,,,,,,,,,
1418620,"Escola Básica Santo António, Tomar",Tomar,,,,1er_cycle_uniquement,85.0,10.0,45.0,21.0,9.0,0.0,,,,,,,,,,,,,,,,
1418662,"Escola Básica da Serra, Tomar",Tomar,,,,1er_cycle_uniquement,0.0,0.0,0.0,0.0,0.0,,,,,,,,,,,,,,,,,
1418670,"Escola Básica de Carvalhos de Figueiredo, Tomar",Tomar,,,,1er_cycle_uniquement,28.0,9.0,7.0,6.0,6.0,0.0425,,,,,,,,,,,,,,,,
1418687,"Escola Básica da Curvaceira, Tomar",Tomar,,,,1er_cycle_uniquement,32.0,7.0,14.0,4.0,7.0,0.0725,,,,,,,,,,,,,,,,
1418704,1.º Jardim Escola João De Deus - Tomar,Tomar,,,,1er_cycle_uniquement,50.0,14.0,13.0,10.0,13.0,0.02,,,,,,,,,,,,,,,,
1418720,"Escola Básica de Vale Donas, Tomar",Tomar,,,,1er_cycle_uniquement,38.0,10.0,9.0,9.0,10.0,0.0,,,,,,,,,,,,,,,,
1418858,"Escola Básica da Pedreira, Tomar",Tomar,,,,1er_cycle_uniquement,22.0,6.0,5.0,9.0,2.0,0.0275,,,,,,,,,,,,,,,,
1418872,"Escola Básica do Marmeleiro, Tomar",Tomar,,,,1er_cycle_uniquement,0.0,0.0,0.0,0.0,0.0,,,,,,,,,,,,,,,,,
1418894,"Escola Básica Raul Lopes, Tomar",Tomar,,,,1er_cycle_uniquement,207.0,63.0,21.0,61.0,62.0,0.005,,,,,,,,,,,,,,,,
1418940,"Escola Básica Gualdim Pais, Tomar",Tomar,,,,2eme_cycle_uniquement,,,,,,,69,96,65,71,60,68,70,64,0.54,0.46,134,0,0.019999999552965164,58,0.9827586206896551,0.9376357159089139
1418942,"Escola Básica D. Nuno Álvares Pereira, Tomar",Tomar,,,,2eme_cycle_uniquement,,,,,,,179,161,166,176,151,168,158,158,0.44999999999999996,0.55,316,0.009999999776482582,0.029999999329447746,148,0.9932432432432432,0.965484859294661
1418991,"Escola Básica de São Pedro, São Pedro de Tomar, Tomar",Tomar,,,,1er_cycle_uniquement,69.0,15.0,24.0,13.0,17.0,0.01,,,,,,,,,,,,,,,,
1419001,"Escola Básica de Assentis e Chancelaria, Outeiro Grande, Torres Novas",Torres Novas,,,,1er_cycle_uniquement,107.0,28.0,31.0,22.0,26.0,0.0,,,,,,,,,,,,,,,,
1419002,"Escola Básica da Serra de Aire, Pedrógão, Torres Novas",Torres Novas,,,,1er_cycle_uniquement,68.0,18.0,22.0,18.0,10.0,0.0125,,,,,,,,,,,,,,,,
1419003,"Escola Básica de Olaia, Torres Novas",Torres Novas,,,,1er_cycle_uniquement,36.0,14.0,10.0,3.0,9.0,0.0,,,,,,,,,,,,,,,,
1419229,"Escola Básica Manuel Figueiredo, Torres Novas",Torres Novas,,,,2eme_cycle_uniquement,,,,,,,142,195,180,144,148,180,168,152,0.52,0.48,320,0.019999999552965164,0.05000000074505806,145,0.9586206896551724,0.9626981637042643
1419330,"Escola Básica de Riachos, Torres Novas",Torres Novas,,,,1er_cycle_uniquement,186.0,62.0,40.0,41.0,43.0,0.0125,,,,,,,,,,,,,,,,
1419399,"Escola Básica de Santa Maria, Torres Novas",Torres Novas,,,,1er_cycle_uniquement,338.0,96.0,86.0,76.0,80.0,0.0025,,,,,,,,,,,,,,,,
1419522,"Escola Básica e Secundária Artur Gonçalves, Torres Novas",Torres Novas,,,,2eme_cycle_uniquement,,,,,,,93,87,108,93,104,106,85,107,0.52,0.48,192,0.019999999552965164,0.07000000029802322,102,0.9313725490196079,0.9750782717393797
1419579,"Escola Básica da Meia Via, Torres Novas",Torres Novas,,,,1er_cycle_uniquement,126.0,35.0,31.0,41.0,19.0,0.0275,,,,,,,,,,,,,,,,
1419654,"Escola Básica Dr. António Chora Barroso, Torres Novas",Torres Novas,,,,2eme_cycle_uniquement,,,,,,,52,43,50,53,55,51,62,61,0.53,0.47,123,0,0.019999999552965164,43,0.9767441860465116,0.9616633739383672
1419685,Jardim Escola João de Deus Torres Novas,Torres Novas,,,,1er_cycle_uniquement,66.0,14.0,24.0,15.0,13.0,0.0,,,,,,,,,,,,,,,,
1419792,Colégio Os Timoneiros,Torres Novas,,,,1er_cycle_uniquement,0.0,0.0,0.0,0.0,0.0,,,,,,,,,,,,,,,,,
1419833,"Escola Básica Visconde de São Gião, Torres Novas",Torres Novas,,,,1er_cycle_uniquement,269.0,68.0,68.0,64.0,69.0,0.0025,,,,,,,,,,,,,,,,
1420286,Escola Básica de Vila Nova da Barquinha,Vila Nova da Barquinha,,,,1er_cycle_uniquement,284.0,71.0,60.0,77.0,76.0,0.0075,,,,,,,,,,,,,,,,
1420382,"Escola Básica e Secundária D. Maria II, Vila Nova da Barquinha",Vila Nova da Barquinha,,,,2eme_cycle_uniquement,,,,,,,72,86,70,74,94,76,93,106,0.5,0.5,199,0.009999999776482582,0,91,0.989010989010989,0.958823357387176
1420784,"Escola Básica da Praia do Ribatejo, Vila Nova da Barquinha",Vila Nova da Barquinha,,,,1er_cycle_uniquement,21.0,5.0,7.0,6.0,3.0,0.1675,,,,,,,,,,,,,,,,
1421001,"Escola Básica Beato Nuno, Fátima, Ourém",Ourém,,,,1er_cycle_uniquement,174.0,44.0,42.0,44.0,44.0,0.0,,,,,,,,,,,,,,,,
1421003,"Escola Básica da Caridade, Ourém",Ourém,,,,1er_cycle_uniquement,180.0,49.0,44.0,41.0,46.0,0.0525,,,,,,,,,,,,,,,,
1421004,"Escola Básica Ourém Nascente, Ourém",Ourém,,,,1er_cycle_uniquement,68.0,18.0,19.0,10.0,21.0,0.0,,,,,,,,,,,,,,,,
1421117,Colégio de São Miguel de Fátima,Ourém,,,,2eme_cycle_uniquement,,,,,,,56,83,82,56,54,82,83,56,0.53,0.47,139,0.009999999776482582,0,54,1,0.9349378996439716
1421119,"Escola Básica do Bairro, Ourém",Ourém,,,,1er_cycle_uniquement,40.0,14.0,10.0,10.0,6.0,0.0,,,,,,,,,,,,,,,,
1421145,"Escola Básica de Matas, Ourém",Ourém,,,,1er_cycle_uniquement,23.0,2.0,9.0,6.0,6.0,0.0275,,,,,,,,,,,,,,,,
1421201,Colégio do Sagrado Coração de Maria,Ourém,,,,2eme_cycle_uniquement,,,,,,,69,57,56,69,72,60,57,73,0.44999999999999996,0.55,130,0,0,67,1,0.9317409270573516
1421224,"Escola Básica de Maxieira, Ourém",Ourém,,,,1er_cycle_uniquement,48.0,0.0,0.0,24.0,24.0,0.02,,,,,,,,,,,,,,,,
1421227,"Escola Básica Santa Teresa, Ourém",Ourém,,,,1er_cycle_uniquement,192.0,47.0,52.0,47.0,46.0,0.005,,,,,,,,,,,,,,,,
1421361,"Escola Básica de Gondemaria, Ourém",Ourém,,,,1er_cycle_uniquement,26.0,9.0,8.0,4.0,5.0,0.0325,,,,,,,,,,,,,,,,
1421370,"Escola Básica do Pinheiro, Ourém",Ourém,,,,1er_cycle_uniquement,47.0,12.0,19.0,7.0,9.0,0.0275,,,,,,,,,,,,,,,,
1421397,"Escola Básica de Cercal, Ourém",Ourém,,,,1er_cycle_uniquement,33.0,10.0,6.0,5.0,12.0,0.0,,,,,,,,,,,,,,,,
1421400,Escola Básica e Secundária de Ourém,Ourém,,,,2eme_cycle_uniquement,,,,,,,68,107,94,66,84,96,94,88,0.5,0.5,182,0.03999999910593033,0.009999999776482582,79,0.9746835443037974,0.9619135004126061
1421405,"Escola Básica de Espite, Ourém",Ourém,,,,1er_cycle_uniquement,28.0,10.0,5.0,9.0,4.0,0.0,,,,,,,,,,,,,,,,
1421416,"Escola Básica da Cova da Iria, Ourém",Ourém,,,,1er_cycle_uniquement,175.0,45.0,41.0,45.0,44.0,0.0,,,,,,,,,,,,,,,,
1421421,"Escola Básica da Mata, Ourém",Ourém,,,,1er_cycle_uniquement,22.0,4.0,5.0,7.0,6.0,0.0,,,,,,,,,,,,,,,,
1421426,"Escola Básica de Casal dos Bernardos, Ourém",Ourém,,,,1er_cycle_uniquement,25.0,4.0,8.0,6.0,7.0,0.0,,,,,,,,,,,,,,,,
1421664,"Escola Básica de Rio de Couros, Ourém",Ourém,,,,1er_cycle_uniquement,27.0,7.0,6.0,9.0,5.0,0.0,,,,,,,,,,,,,,,,
1421670,"Escola Básica 4.º Conde de Ourém, Ourém",Ourém,,,,2eme_cycle_uniquement,,,,,,,100,87,79,101,87,82,91,100,0.5,0.5,191,0.029999999329447746,0.05000000074505806,84,0.9761904761904762,0.9627702673566715
1421684,"Escola Básica de Fontainhas da Serra, Ourém",Ourém,,,,1er_cycle_uniquement,49.0,13.0,17.0,11.0,8.0,0.0775,,,,,,,,,,,,,,,,
1421722,"Escola Básica de Freixianda, Ourém",Ourém,,,,1er_et_2eme_cycle,117.0,24.0,32.0,28.0,33.0,0.025,16,30,20,17,24,19,26,23,0.5700000000000001,0.43,49,0,0.03999999910593033,24,0.9583333333333334,0.9706780975965992
1421736,"Escola Básica de Atouguia, Ourém",Ourém,,,,1er_cycle_uniquement,37.0,10.0,8.0,9.0,10.0,0.0825,,,,,,,,,,,,,,,,
1421752,"Escola Básica do Olival, Ourém",Ourém,,,,1er_cycle_uniquement,50.0,13.0,19.0,9.0,9.0,0.055,,,,,,,,,,,,,,,,
1421803,"Escola Básica das Misericórdias, Ourém",Ourém,,,,1er_cycle_uniquement,71.0,21.0,14.0,22.0,14.0,0.035,,,,,,,,,,,,,,,,
1421860,"Escola Básica de Boleiros, Ourém",Ourém,,,,1er_cycle_uniquement,48.0,24.0,24.0,0.0,0.0,0.0,,,,,,,,,,,,,,,,
1421895,"Escola Básica da Moita Redonda, Ourém",Ourém,,,,1er_cycle_uniquement,96.0,24.0,24.0,24.0,24.0,0.01,,,,,,,,,,,,,,,,
1421904,"Escola Básica da Urqueira Norte, Amieira, Ourém",Ourém,,,,1er_cycle_uniquement,24.0,4.0,5.0,11.0,4.0,0.0,,,,,,,,,,,,,,,,
1421961,Externato Primário de São Domingos e do Santíssimo Rosário,Ourém,,,,1er_cycle_uniquement,63.0,19.0,13.0,15.0,16.0,0.0,,,,,,,,,,,,,,,,
1421966,"Escola Básica Cónego Dr. Manuel Lopes Perdigão, Caxarias, Ourém",Ourém,,,,1er_et_2eme_cycle,71.0,21.0,14.0,16.0,20.0,0.0,50,42,39,51,47,39,39,50,0.54,0.46,89,0.07999999821186066,0,44,0.9772727272727273,0.9629927419793854
1421978,Centro de Estudos de Fátima,Ourém,,,,2eme_cycle_uniquement,,,,,,,39,55,53,40,45,55,56,54,0.5,0.5,110,0.03999999910593033,0,41,1,0.9421685888148211
1501001,"Escola Básica de Torrão, Alcácer do Sal",Alcácer do Sal,,,,1er_cycle_uniquement,47.0,10.0,14.0,11.0,12.0,0.0175,,,,,,,,,,,,,,,,
1501116,"Escola Básica Pedro Nunes, Alcácer do Sal",Alcácer do Sal,,,,1er_et_2eme_cycle,110.0,32.0,18.0,35.0,25.0,0.01,95,85,91,95,83,99,74,81,0.55,0.45,155,0.009999999776482582,0.03999999910593033,83,0.9156626506024096,0.9449852767396498
1501319,Escola Básica de Alcácer do Sal,Alcácer do Sal,,,,1er_cycle_uniquement,88.0,16.0,28.0,20.0,24.0,0.0225,,,,,,,,,,,,,,,,
1501407,"Escola Básica de Palma, Alcácer do Sal",Alcácer do Sal,,,,1er_cycle_uniquement,0.0,0.0,0.0,0.0,0.0,,,,,,,,,,,,,,,,,
1501443,"Escola Básica Bernardim Ribeiro, Alcácer do Sal",Alcácer do Sal,,,,2eme_cycle_uniquement,,,,,,,10,7,16,9,9,18,14,8,0.55,0.45,22,0.07000000029802322,0.12999999523162842,8,*,*
1501495,"Escola Básica de Comporta, Alcácer do Sal",Alcácer do Sal,,,,1er_cycle_uniquement,38.0,15.0,5.0,10.0,8.0,0.0,,,,,,,,,,,,,,,,
1501643,"Escola Básica de Olival Queimado, Alcácer do Sal",Alcácer do Sal,,,,1er_cycle_uniquement,57.0,12.0,19.0,14.0,12.0,0.0275,,,,,,,,,,,,,,,,
1501668,"Escola Básica de Casebres, Alcácer do Sal",Alcácer do Sal,,,,1er_cycle_uniquement,0.0,0.0,0.0,0.0,0.0,,,,,,,,,,,,,,,,,
1502007,Escola Básica n.º 1 de Alcochete,Alcochete,,,,1er_cycle_uniquement,69.0,24.0,25.0,13.0,7.0,0.02,,,,,,,,,,,,,,,,
1502054,"Escola Básica de Passil, Alcochete",Alcochete,,,,1er_cycle_uniquement,0.0,0.0,0.0,0.0,0.0,,,,,,,,,,,,,,,,,
1502128,"Escola Básica do Samouco, Alcochete",Alcochete,,,,1er_cycle_uniquement,118.0,38.0,36.0,24.0,20.0,0.01,,,,,,,,,,,,,,,,
1502186,Colégio Penas Real,Alcochete,,,,1er_et_2eme_cycle,95.0,25.0,23.0,23.0,24.0,0.0,13,14,14,11,21,14,19,21,0.52,0.48,40,0,0,20,1,0.9888499937859896
1502541,Escola Básica n.º 2 de Alcochete,Alcochete,,,,1er_cycle_uniquement,158.0,43.0,24.0,47.0,44.0,0.0,,,,,,,,,,,,,,,,
1502575,"Escola Básica da Restauração, Alcochete",Alcochete,,,,1er_cycle_uniquement,210.0,47.0,48.0,48.0,67.0,0.0025,,,,,,,,,,,,,,,,
1502673,"Escola Básica de São Francisco, Alcochete",Alcochete,,,,1er_cycle_uniquement,218.0,62.0,48.0,67.0,41.0,0.005,,,,,,,,,,,,,,,,
1502779,"Escola Básica El Rei D. Manuel I, Alcochete",Alcochete,,,,2eme_cycle_uniquement,,,,,,,213,238,221,213,240,223,231,245,0.5,0.5,476,0,0,235,0.9829787234042553,0.9703526355434392
1503001,"Escola Básica Presidente Maria Emília, Charneca de Caparica, Almada",Almada,,,,1er_cycle_uniquement,297.0,99.0,75.0,71.0,52.0,0.01,,,,,,,,,,,,,,,,
1503009,"Escola Básica de Alembrança, Feijó, Almada",Almada,,,,1er_et_2eme_cycle,43.0,0.0,0.0,0.0,43.0,0.05,127,165,132,130,139,131,136,152,0.56,0.44,288,0.029999999329447746,0.07000000029802322,124,0.9435483870967742,0.961177088533673
1503044,"Escola Básica de Vila Nova da Caparica, Almada",Almada,,,,1er_cycle_uniquement,170.0,41.0,44.0,40.0,45.0,0.0,,,,,,,,,,,,,,,,
1503050,"Externato ""O Barquinho""",Almada,,,,1er_cycle_uniquement,68.0,25.0,17.0,11.0,15.0,0.0225,,,,,,,,,,,,,,,,
1503057,"Escola Básica e Secundária Anselmo de Andrade, Almada",Almada,,,,2eme_cycle_uniquement,,,,,,,137,137,129,131,128,127,127,126,0.52,0.48,253,0.019999999552965164,0.019999999552965164,116,0.9568965517241379,0.9624896424733393
1503074,"Escola Básica da Cova da Piedade, Almada",Almada,,,,1er_cycle_uniquement,151.0,40.0,21.0,50.0,40.0,0.0175,,,,,,,,,,,,,,,,
1503096,"Escola Básica n.º 3 de Monte da Caparica, Almada",Almada,,,,1er_cycle_uniquement,190.0,45.0,46.0,49.0,50.0,0.035,,,,,,,,,,,,,,,,
1503103,Escola Básica de Almada,Almada,,,,1er_cycle_uniquement,158.0,41.0,23.0,52.0,42.0,0.045,,,,,,,,,,,,,,,,
1503138,"Escola Básica Maria Adelaide Silva, Almada",Almada,,,,1er_cycle_uniquement,124.0,40.0,22.0,37.0,25.0,0.115,,,,,,,,,,,,,,,,
1503206,"Escola Básica da Fonte Santa, Almada",Almada,,,,1er_cycle_uniquement,22.0,6.0,3.0,4.0,9.0,0.2625,,,,,,,,,,,,,,,,
1503233,"Escola Básica de Monte da Caparica, Almada",Almada,,,,2eme_cycle_uniquement,,,,,,,127,126,124,126,117,132,116,121,0.52,0.48,237,0.029999999329447746,0.07000000029802322,102,0.8921568627450981,0.8968887196637624
1503251,"Escola Básica de Alfeite, Almada",Almada,,,,1er_cycle_uniquement,242.0,62.0,66.0,70.0,44.0,0.02,,,,,,,,,,,,,,,,
1503253,"Escola Básica Louro Artur, Charneca de Caparica, Almada",Almada,,,,1er_cycle_uniquement,259.0,45.0,45.0,72.0,97.0,0.0,,,,,,,,,,,,,,,,
1503263,"Escola Básica n.º 1 da Cova da Piedade, Almada",Almada,,,,1er_cycle_uniquement,133.0,21.0,69.0,24.0,19.0,0.0125,,,,,,,,,,,,,,,,
1503275,Externato Rainha Santa (Secção),Almada,,,,1er_cycle_uniquement,39.0,14.0,8.0,8.0,9.0,0.0,,,,,,,,,,,,,,,,
1503286,"Escola Básica Rogério Ribeiro, Pragal, Almada",Almada,,,,1er_cycle_uniquement,167.0,40.0,41.0,45.0,41.0,0.035,,,,,,,,,,,,,,,,
1503308,"Externato ""Frei Luís de Sousa""",Almada,,,,1er_et_2eme_cycle,132.0,36.0,37.0,36.0,23.0,0.0075,56,45,41,55,61,44,61,61,0.5900000000000001,0.41,122,0,0,59,0.9830508474576272,0.9898237678529926
1503325,Colégio Campo de Flores,Almada,,,,1er_et_2eme_cycle,419.0,104.0,106.0,102.0,107.0,0.0025,112,111,112,110,109,112,105,109,0.53,0.47,214,0,0,109,1,0.9885000898846151
1503348,"Escola Básica do Pragal, Almada",Almada,,,,1er_cycle_uniquement,200.0,44.0,53.0,52.0,51.0,0.01,,,,,,,,,,,,,,,,
1503350,"Escola Básica n.º 3 do Laranjeiro, Almada",Almada,,,,1er_cycle_uniquement,226.0,67.0,46.0,49.0,64.0,0.0075,,,,,,,,,,,,,,,,
1503353,"Escola Básica de Santa Maria, Charneca de Caparica, Almada",Almada,,,,1er_cycle_uniquement,222.0,73.0,72.0,51.0,26.0,0.0,,,,,,,,,,,,,,,,
1503383,"Escola Básica do Cataventos da Paz, Cacilhas, Almada",Almada,,,,1er_cycle_uniquement,211.0,64.0,63.0,44.0,40.0,0.01,,,,,,,,,,,,,,,,
1503423,Jardim de Infância o Mestre Cuco,Almada,,,,1er_cycle_uniquement,29.0,1.0,7.0,11.0,10.0,0.0,,,,,,,,,,,,,,,,
1503427,"Escola Básica e Secundária de Monte da Caparica, Almada",Almada,,,,2eme_cycle_uniquement,,,,,,,45,26,52,48,53,52,66,53,0.55,0.45,119,0,0.019999999552965164,52,1,0.9410112110710517
1503432,"Escola Básica de Chegadinho, Feijó, Almada",Almada,,,,1er_cycle_uniquement,159.0,52.0,39.0,40.0,28.0,0.0425,,,,,,,,,,,,,,,,
1503436,"Escola Básica Elias Garcia, Sobreda, Almada",Almada,,,,1er_et_2eme_cycle,251.0,53.0,82.0,73.0,43.0,0.02,155,178,148,154,137,152,143,142,0.51,0.49,285,0.05000000074505806,0.05000000074505806,133,0.9398496240601504,0.9629918651070716
1503471,"Colégio Um, Dó, Li,Tá",Almada,,,,1er_cycle_uniquement,90.0,25.0,25.0,23.0,17.0,0.0,,,,,,,,,,,,,,,,
1503482,"Escola Básica n.º 1 de Alfeite, Almada",Almada,,,,1er_cycle_uniquement,103.0,24.0,31.0,25.0,23.0,0.0475,,,,,,,,,,,,,,,,
1503510,"Escola Básica n.º 1 do Laranjeiro, Almada",Almada,,,,1er_cycle_uniquement,289.0,78.0,76.0,80.0,55.0,0.0275,,,,,,,,,,,,,,,,
1503514,"Escola Básica Feliciano Oleiro, Almada",Almada,,,,1er_cycle_uniquement,182.0,45.0,46.0,43.0,48.0,0.0225,,,,,,,,,,,,,,,,
1503524,"Escola Básica do Miradouro de Alfazina, Monte de Caparica, Almada",Almada,,,,1er_et_2eme_cycle,88.0,23.0,22.0,23.0,20.0,0.035,65,53,55,70,63,59,51,62,0.5800000000000001,0.42,113,0.25,0.05999999865889549,42,0.8809523809523809,0.8526912597035257
1503575,"Escola Básica Alexandre Castanheira, Laranjeiro, Almada",Almada,,,,1er_cycle_uniquement,198.0,50.0,28.0,53.0,67.0,0.045,,,,,,,,,,,,,,,,
1503581,"Escola Básica e Secundária Francisco Simões, Laranjeiro, Almada",Almada,,,,2eme_cycle_uniquement,,,,,,,103,96,96,89,109,94,105,117,0.45999999999999996,0.54,222,0.18000000715255737,0.12999999523162842,91,0.8131868131868132,0.9076595537878832
1503590,"Escola Básica n.º 1 da Trafaria, Almada",Almada,,,,1er_cycle_uniquement,128.0,25.0,44.0,37.0,22.0,0.0125,,,,,,,,,,,,,,,,
1503604,"Escola Básica Maria Rosa Colaço, Feijó, Almada",Almada,,,,1er_cycle_uniquement,158.0,37.0,29.0,39.0,53.0,0.07,,,,,,,,,,,,,,,,
1503607,"Escola Básica n.º 1 de Monte da Caparica, Almada",Almada,,,,1er_cycle_uniquement,229.0,50.0,45.0,63.0,71.0,0.0475,,,,,,,,,,,,,,,,
1503611,"Escola Básica n.º 2 da Cova da Piedade, Almada",Almada,,,,1er_cycle_uniquement,140.0,25.0,21.0,48.0,46.0,0.0,,,,,,,,,,,,,,,,
1503632,"Escola Básica da Costa da Caparica, Almada",Almada,,,,2eme_cycle_uniquement,,,,,,,115,120,111,109,109,127,119,115,0.52,0.48,234,0.03999999910593033,0.10000000149011612,102,0.8921568627450981,0.9494508730743634
1503636,"Escola Básica de Vale Rosal, Vale Fetal, Almada",Almada,,,,1er_et_2eme_cycle,113.0,22.0,23.0,43.0,25.0,0.01,210,193,208,213,197,212,210,206,0.55,0.45,416,0.009999999776482582,0.05000000074505806,193,0.9637305699481865,0.9687683761590729
1503638,"Escola Básica n.º 3 da Trafaria, Almada",Almada,,,,1er_cycle_uniquement,132.0,25.0,44.0,24.0,39.0,0.0075,,,,,,,,,,,,,,,,
1503642,"Escola Básica de Marco Cabaço, Charneca de Caparica, Almada",Almada,,,,1er_cycle_uniquement,182.0,47.0,45.0,44.0,46.0,0.0275,,,,,,,,,,,,,,,,
1503645,Externato O Sossego da Mamã,Almada,,,,1er_cycle_uniquement,35.0,11.0,9.0,10.0,5.0,0.0,,,,,,,,,,,,,,,,
1503670,Externato O Pátio das Andorinhas,Almada,,,,1er_cycle_uniquement,20.0,7.0,3.0,6.0,4.0,0.0,,,,,,,,,,,,,,,,
1503674,"Escola Básica Miquelina Pombo, Almada",Almada,,,,1er_cycle_uniquement,225.0,65.0,51.0,46.0,63.0,0.01,,,,,,,,,,,,,,,,
1503676,"Escola Básica n.º 1 do Feijó, Almada",Almada,,,,1er_cycle_uniquement,186.0,45.0,50.0,48.0,43.0,0.015,,,,,,,,,,,,,,,,
1503723,"Escola Básica Cremilde Castro e Norvinda Silva, Almada",Almada,,,,1er_cycle_uniquement,63.0,21.0,21.0,13.0,8.0,0.0,,,,,,,,,,,,,,,,
1503751,Colégio do Vale,Almada,,,,1er_et_2eme_cycle,189.0,47.0,53.0,41.0,48.0,0.005,71,53,52,73,50,52,52,51,0.44999999999999996,0.55,103,0,0,50,0.98,0.9904311744813605
1503760,"Escola Básica Comandante Conceição e Silva, Cova da Piedade, Almada",Almada,,,,2eme_cycle_uniquement,,,,,,,208,186,187,207,207,191,197,211,0.5,0.5,408,0.03999999910593033,0.05000000074505806,193,0.9378238341968912,0.9638458295709511
1503763,"Escola Básica e Secundária Carlos Gargaté, Charneca de Caparica, Almada",Almada,,,,2eme_cycle_uniquement,,,,,,,108,129,106,110,112,109,133,112,0.53,0.47,245,0.05000000074505806,0.05000000074505806,109,0.908256880733945,0.9773224189458924
1503820,"Escola Básica n.º 2 do Feijó, Almada",Almada,,,,1er_cycle_uniquement,70.0,22.0,24.0,24.0,0.0,0.0,,,,,,,,,,,,,,,,
1503825,"Escola Básica da Trafaria, Almada",Almada,,,,2eme_cycle_uniquement,,,,,,,51,52,68,48,62,90,62,68,0.53,0.47,130,0.029999999329447746,0.07000000029802322,47,0.9361702127659575,0.9143499824391083
1503836,"Escola Básica n.º 2 da Costa da Caparica, Almada",Almada,,,,1er_cycle_uniquement,242.0,70.0,48.0,55.0,69.0,0.0175,,,,,,,,,,,,,,,,
1503857,"Escola Básica de Vale Flores, Feijó, Almada",Almada,,,,1er_cycle_uniquement,185.0,46.0,48.0,46.0,45.0,0.0175,,,,,,,,,,,,,,,,
1503869,"Escola Básica D. António da Costa, Almada",Almada,,,,1er_et_2eme_cycle,95.0,24.0,25.0,22.0,24.0,0.0525,235,219,221,233,219,229,196,231,0.49,0.51,427,0.029999999329447746,0.07999999821186066,205,0.9365853658536586,0.9614733871384713
1503883,"Escola Básica n.º 3 da Cova da Piedade, Almada",Almada,,,,1er_cycle_uniquement,134.0,20.0,46.0,47.0,21.0,0.005,,,,,,,,,,,,,,,,
1503888,"Escola Básica e Secundária Professor Ruy Luís Gomes, Laranjeiro, Almada",Almada,,,,2eme_cycle_uniquement,,,,,,,139,165,160,148,162,158,133,156,0.48,0.52,289,0.14000000059604645,0.11999999731779099,136,0.8161764705882353,0.9158544696139084
1503910,"Escola Básica n.º 2 de Vale de Figueira, Vale Fetal, Almada",Almada,,,,1er_cycle_uniquement,96.0,23.0,25.0,24.0,24.0,0.0,,,,,,,,,,,,,,,,
1503964,"Escola Básica José Cardoso Pires, Costa da Caparica, Almada",Almada,,,,1er_cycle_uniquement,179.0,43.0,46.0,44.0,46.0,0.0225,,,,,,,,,,,,,,,,
1503986,"Externato ""Abelhinha""",Almada,,,,1er_cycle_uniquement,0.0,0.0,0.0,0.0,0.0,,,,,,,,,,,,,,,,,
1504002,"Escola Básica Professor José Joaquim Rita Seixas, Barreiro",Barreiro,,,,1er_cycle_uniquement,206.0,48.0,53.0,41.0,64.0,0.1025,,,,,,,,,,,,,,,,
1504009,Colégio Minerva - Espaço Casquilhos,Barreiro,,,,2eme_cycle_uniquement,,,,,,,54,71,54,54,54,55,75,54,0.48,0.52,129,0,0,53,1,0.9896190850631601
1504010,"Escola Básica da Quinta da Lomba, Barreiro",Barreiro,,,,2eme_cycle_uniquement,,,,,,,129,135,134,130,129,138,121,133,0.55,0.45,254,0.009999999776482582,0.019999999552965164,128,0.9921875,0.9726576409960723
1504078,"Escola Básica de Penalva, Barreiro",Barreiro,,,,1er_cycle_uniquement,90.0,20.0,24.0,23.0,23.0,0.0,,,,,,,,,,,,,,,,
1504128,Escola Básica n.º 9 do Barreiro,Barreiro,,,,1er_cycle_uniquement,200.0,44.0,68.0,43.0,45.0,0.025,,,,,,,,,,,,,,,,
1504131,Jardim de Infância O Refúgio dos Fidalguinhos,Barreiro,,,,1er_cycle_uniquement,49.0,11.0,13.0,18.0,7.0,0.0,,,,,,,,,,,,,,,,
1504170,"Escola Básica Professora Manuela Fonseca, Barreiro",Barreiro,,,,1er_cycle_uniquement,299.0,101.0,50.0,76.0,72.0,0.005,,,,,,,,,,,,,,,,
1504172,Brincadeiras ao Cubo - Secções I,Barreiro,,,,1er_cycle_uniquement,134.0,47.0,39.0,24.0,24.0,0.0,,,,,,,,,,,,,,,,
1504219,"Escola Básica da Telha Nova, Barreiro",Barreiro,,,,1er_cycle_uniquement,359.0,82.0,94.0,88.0,95.0,0.005,,,,,,,,,,,,,,,,
1504237,Escola Básica n.º 6 do Barreiro,Barreiro,,,,1er_cycle_uniquement,142.0,25.0,50.0,42.0,25.0,0.04,,,,,,,,,,,,,,,,
1504298,"Escola Básica n.º 2 do Lavradio, Barreiro",Barreiro,,,,1er_cycle_uniquement,177.0,47.0,46.0,42.0,42.0,0.01,,,,,,,,,,,,,,,,
1504299,"Escola Básica D. Luís de Mendonça Furtado, Barreiro",Barreiro,,,,1er_et_2eme_cycle,96.0,15.0,34.0,26.0,21.0,0.0,128,127,92,131,125,101,143,129,0.55,0.45,272,0.019999999552965164,0.05000000074505806,106,0.9150943396226415,0.9454286166374529
1504438,"Escola Básica da Quinta Nova da Telha, Alto do Seixalinho, Barreiro",Barreiro,,,,1er_et_2eme_cycle,123.0,27.0,26.0,44.0,26.0,0.0,141,140,119,141,129,131,126,144,0.52,0.48,270,0.03999999910593033,0.09000000357627869,124,0.9354838709677419,0.9557832945125938
1504519,Colégio Minerva - Espaço D. Manuel de Mello,Barreiro,,,,1er_cycle_uniquement,152.0,39.0,32.0,38.0,43.0,0.0,,,,,,,,,,,,,,,,
1504524,Externato O Início,Barreiro,,,,1er_cycle_uniquement,0.0,0.0,0.0,0.0,0.0,,,,,,,,,,,,,,,,,
1504528,"Escola Básica de Palhais, Barreiro",Barreiro,,,,1er_cycle_uniquement,94.0,25.0,23.0,24.0,22.0,0.0,,,,,,,,,,,,,,,,
1504565,"Escola Básica e Secundária Alfredo da Silva, Barreiro",Barreiro,,,,2eme_cycle_uniquement,,,,,,,60,58,69,64,65,68,53,77,0.5900000000000001,0.41,130,0.12999999523162842,0.25,53,0.8490566037735849,0.9402689951447593
1504596,"Escola Básica de Santo António da Charneca, Barreiro",Barreiro,,,,1er_cycle_uniquement,83.0,18.0,21.0,20.0,24.0,0.0,,,,,,,,,,,,,,,,
1504621,"Escola Básica de Fidalguinhos, Barreiro",Barreiro,,,,1er_cycle_uniquement,185.0,48.0,47.0,43.0,47.0,0.005,,,,,,,,,,,,,,,,
1504641,"Escola Básica n.º 1 do Lavradio, Barreiro",Barreiro,,,,1er_cycle_uniquement,186.0,46.0,46.0,49.0,45.0,0.005,,,,,,,,,,,,,,,,
1504660,Escola Básica n.º 5 do Barreiro,Barreiro,,,,1er_cycle_uniquement,95.0,23.0,25.0,24.0,23.0,0.02,,,,,,,,,,,,,,,,
1504723,"Escola Básica e Secundária de Santo António, Barreiro",Barreiro,,,,2eme_cycle_uniquement,,,,,,,129,119,108,108,128,115,115,143,0.56,0.44,258,0.10000000149011612,0.09000000357627869,119,0.9411764705882353,0.9415722659776218
1504736,Colégio O Carinho,Barreiro,,,,1er_cycle_uniquement,64.0,16.0,16.0,16.0,16.0,0.0,,,,,,,,,,,,,,,,
1504784,"Escola Básica Álvaro Velho, Lavradio, Barreiro",Barreiro,,,,2eme_cycle_uniquement,,,,,,,170,149,164,167,170,168,175,176,0.5,0.5,351,0.09000000357627869,0.029999999329447746,155,0.9483870967741935,0.9498002476418037
1504856,"Escola Básica de Vila Chã, Barreiro",Barreiro,,,,1er_cycle_uniquement,149.0,34.0,47.0,44.0,24.0,0.01,,,,,,,,,,,,,,,,
1504878,Brincadeiras ao Cubo - Secção II,Barreiro,,,,2eme_cycle_uniquement,,,,,,,0,0,0,0,41,25,24,43,0.5700000000000001,0.43,67,0,0,27,1,0.9938830597546309
1504880,"Escola Básica Padre Abílio Mendes, Barreiro",Barreiro,,,,2eme_cycle_uniquement,,,,,,,138,126,139,137,113,146,101,115,0.53,0.47,216,0.05999999865889549,0.029999999329447746,104,0.9519230769230769,0.9541054534090926
1504890,Escola Básica n.º 8 do Barreiro,Barreiro,,,,1er_cycle_uniquement,161.0,40.0,40.0,28.0,53.0,0.0375,,,,,,,,,,,,,,,,
1504901,"Escola Básica da Cidade Sol, Santo António da Charneca, Barreiro",Barreiro,,,,1er_cycle_uniquement,145.0,52.0,30.0,36.0,27.0,0.0425,,,,,,,,,,,,,,,,
1504921,Escola Básica do Barreiro,Barreiro,,,,1er_cycle_uniquement,120.0,24.0,23.0,25.0,48.0,0.005,,,,,,,,,,,,,,,,
1504994,"Escola Básica de Coina, Barreiro",Barreiro,,,,1er_cycle_uniquement,78.0,16.0,19.0,22.0,21.0,0.0,,,,,,,,,,,,,,,,
1505033,"Escola Básica de Ameiras de Cima, Grândola",Grândola,,,,1er_cycle_uniquement,34.0,10.0,6.0,6.0,12.0,0.0425,,,,,,,,,,,,,,,,
1505097,"Escola Básica de Água Derramada, Grândola",Grândola,,,,1er_cycle_uniquement,0.0,0.0,0.0,0.0,0.0,,,,,,,,,,,,,,,,,
1505126,Escola Básica de Grândola,Grândola,,,,1er_cycle_uniquement,339.0,83.0,96.0,77.0,83.0,0.0275,,,,,,,,,,,,,,,,
1505207,"Escola Básica D. Jorge de Lencastre, Grândola",Grândola,,,,2eme_cycle_uniquement,,,,,,,130,159,117,135,138,125,129,146,0.43999999999999995,0.56,275,0.05999999865889549,0.03999999910593033,132,0.9772727272727273,0.954341205866304
1505265,"Escola Básica de Aldeia Nova de São Lourenço, Grândola",Grândola,,,,1er_cycle_uniquement,0.0,0.0,0.0,0.0,0.0,,,,,,,,,,,,,,,,,
1505285,"Escola Básica de Melides, Grândola",Grândola,,,,1er_cycle_uniquement,42.0,11.0,9.0,11.0,11.0,0.0275,,,,,,,,,,,,,,,,
1505727,"Escola Básica de Aldeia do Futuro, Grândola",Grândola,,,,1er_cycle_uniquement,0.0,0.0,0.0,0.0,0.0,,,,,,,,,,,,,,,,,
1505820,"Escola Básica de Lousal, Grândola",Grândola,,,,1er_cycle_uniquement,0.0,0.0,0.0,0.0,0.0,,,,,,,,,,,,,,,,,
1505913,"Escola Básica de Carvalhal, Grândola",Grândola,,,,1er_cycle_uniquement,52.0,12.0,17.0,14.0,9.0,0.03,,,,,,,,,,,,,,,,
1506002,"Escola Básica do Rosário, Moita",Moita,,,,1er_cycle_uniquement,39.0,8.0,9.0,11.0,11.0,0.0,,,,,,,,,,,,,,,,
1506006,"Escola Básica de Barra Cheia, Moita",Moita,,,,1er_cycle_uniquement,34.0,7.0,6.0,10.0,11.0,0.0,,,,,,,,,,,,,,,,
1506010,"Escola Básica D. João I, Baixa da Banheira, Moita",Moita,,,,2eme_cycle_uniquement,,,,,,,103,122,102,109,102,104,118,109,0.49,0.51,227,0.12999999523162842,0.15000000596046448,87,0.9195402298850575,0.9473516753115906
1506034,"Escola Básica n.º 3 da Baixa da Banheira, Moita",Moita,,,,1er_cycle_uniquement,74.0,23.0,5.0,20.0,26.0,0.2125,,,,,,,,,,,,,,,,
1506070,"Escola Básica de Penteado, Moita",Moita,,,,1er_cycle_uniquement,39.0,10.0,13.0,7.0,9.0,0.065,,,,,,,,,,,,,,,,
1506116,"Escola Básica Mouzinho da Silveira, Baixa da Banheira, Moita",Moita,,,,2eme_cycle_uniquement,,,,,,,152,153,116,161,127,125,128,132,0.52,0.48,260,0.07000000029802322,0.07999999821186066,108,0.9259259259259259,0.9370441589865047
1506188,"Escola Básica n.º 5 da Baixa da Banheira, Moita",Moita,,,,1er_cycle_uniquement,120.0,39.0,30.0,23.0,28.0,0.1175,,,,,,,,,,,,,,,,
1506191,"Escola Básica n.º 1 de Alhos Vedros, Moita",Moita,,,,1er_cycle_uniquement,153.0,27.0,43.0,45.0,38.0,0.0425,,,,,,,,,,,,,,,,
1506205,"Escola Básica n.º 2 de Alhos Vedros, Moita",Moita,,,,1er_cycle_uniquement,186.0,47.0,53.0,42.0,44.0,0.025,,,,,,,,,,,,,,,,
1506217,"Escola Básica n.º 6 da Baixa da Banheira, Moita",Moita,,,,1er_cycle_uniquement,93.0,27.0,20.0,23.0,23.0,0.0,,,,,,,,,,,,,,,,
1506257,"Escola Básica n.º 1 de Vale da Amoreira, Moita",Moita,,,,1er_cycle_uniquement,169.0,59.0,44.0,66.0,0.0,0.01,,,,,,,,,,,,,,,,
1506271,"Escola Básica de Chão Duro, Moita",Moita,,,,1er_cycle_uniquement,39.0,7.0,13.0,7.0,12.0,0.0,,,,,,,,,,,,,,,,
1506353,Escola Básica da Moita,Moita,,,,1er_cycle_uniquement,181.0,44.0,44.0,45.0,48.0,0.0175,,,,,,,,,,,,,,,,
1506392,"Escola Básica D. Pedro II, Moita",Moita,,,,2eme_cycle_uniquement,,,,,,,138,133,121,134,157,122,140,153,0.53,0.47,293,0.05999999865889549,0.07000000029802322,145,0.9172413793103448,0.9564034616747923
1506562,"Escola Básica n.º 4 da Baixa da Banheira, Moita",Moita,,,,1er_cycle_uniquement,121.0,18.0,51.0,25.0,27.0,0.05,,,,,,,,,,,,,,,,
1506605,"Escola Básica n.º 2 da Baixa da Banheira, Moita",Moita,,,,1er_cycle_uniquement,104.0,20.0,41.0,22.0,21.0,0.0,,,,,,,,,,,,,,,,
1506629,"Escola Básica José Afonso, Alhos Vedros, Moita",Moita,,,,2eme_cycle_uniquement,,,,,,,115,114,132,122,134,137,122,157,0.51,0.49,279,0.10999999940395355,0.05999999865889549,123,0.983739837398374,0.9584835983459384
1506665,"Escola Básica n.º 1 da Baixa da Banheira, Moita",Moita,,,,1er_cycle_uniquement,296.0,73.0,73.0,59.0,91.0,0.0125,,,,,,,,,,,,,,,,
1506673,Escola Básica n.º 1 da Moita,Moita,,,,1er_cycle_uniquement,185.0,49.0,46.0,44.0,46.0,0.0325,,,,,,,,,,,,,,,,
1506687,"Escola Básica de Fragata do Tejo, Moita",Moita,,,,2eme_cycle_uniquement,,,,,,,127,116,101,125,101,103,93,100,0.51,0.49,193,0.15000000596046448,0.14000000059604645,89,0.9101123595505618,0.9606720950991173
1506772,"Escola Básica n.º 7 da Baixa da Banheira, Moita",Moita,,,,1er_cycle_uniquement,138.0,38.0,29.0,26.0,45.0,0.035,,,,,,,,,,,,,,,,
1506847,Escola Básica n.º 2 da Moita,Moita,,,,1er_cycle_uniquement,183.0,41.0,43.0,48.0,51.0,0.0825,,,,,,,,,,,,,,,,
1506858,"Escola Básica de Alhos Vedros, Fonte da Prata, Moita",Moita,,,,1er_cycle_uniquement,178.0,41.0,51.0,42.0,44.0,0.07,,,,,,,,,,,,,,,,
1506877,"Escola Básica de Vale da Amoreira, Moita",Moita,,,,1er_et_2eme_cycle,107.0,0.0,0.0,5.0,102.0,0.415,73,112,81,87,91,87,102,102,0.52,0.48,204,0.05999999865889549,0.05999999865889549,84,0.9285714285714286,0.8633497194657037
1506886,"Escola Básica n.º 2 de Vale da Amoreira, Moita",Moita,,,,1er_cycle_uniquement,124.0,35.0,52.0,37.0,0.0,0.0133,,,,,,,,,,,,,,,,
1506926,Colégio Corte Real,Moita,,,,1er_et_2eme_cycle,115.0,29.0,26.0,25.0,35.0,0.0,0,0,0,0,0,0,23,0,0.5700000000000001,0.43,23,0,-,,,
1506933,"Escola Básica do Gaio, Moita",Moita,,,,1er_cycle_uniquement,35.0,3.0,7.0,10.0,15.0,0.1425,,,,,,,,,,,,,,,,
1506961,"Escola Básica de Sarilhos Pequenos, Moita",Moita,,,,1er_cycle_uniquement,36.0,8.0,8.0,8.0,12.0,0.0325,,,,,,,,,,,,,,,,
1507001,"Escola Básica do Esteval, Montijo",Montijo,,,,1er_et_2eme_cycle,110.0,25.0,24.0,20.0,41.0,0.0,256,270,261,259,253,260,278,270,0.5,0.5,548,0.009999999776482582,0.029999999329447746,243,0.9711934156378601,0.9578501128727412
1507017,"Escola Básica da Lançada, Hortinha, Montijo",Montijo,,,,1er_cycle_uniquement,24.0,3.0,21.0,0.0,0.0,0.0,,,,,,,,,,,,,,,,
1507043,"Escola Básica da Rosa dos Ventos, Afonsoeiro, Montijo",Montijo,,,,1er_cycle_uniquement,151.0,46.0,43.0,41.0,21.0,0.005,,,,,,,,,,,,,,,,
1507067,"Escola Básica de Pegões Cruzamento, Pegões, Montijo",Montijo,,,,1er_cycle_uniquement,36.0,0.0,0.0,19.0,17.0,0.11,,,,,,,,,,,,,,,,
1507098,"Escola Básica de Craveira do Norte, Montijo",Montijo,,,,1er_cycle_uniquement,0.0,0.0,0.0,0.0,0.0,,,,,,,,,,,,,,,,,
1507140,"Escola Básica de Caneira, Montijo",Montijo,,,,1er_cycle_uniquement,187.0,48.0,46.0,44.0,49.0,0.015,,,,,,,,,,,,,,,,
1507152,"Escola Básica Ary dos Santos, Montijo",Montijo,,,,1er_cycle_uniquement,194.0,49.0,49.0,49.0,47.0,0.01,,,,,,,,,,,,,,,,
1507242,"Escola Básica Joaquim de Almeida, Montijo",Montijo,,,,1er_cycle_uniquement,241.0,67.0,59.0,52.0,63.0,0.0425,,,,,,,,,,,,,,,,
1507282,"Escola Básica do Alto Estanqueiro, Montijo",Montijo,,,,1er_cycle_uniquement,93.0,24.0,25.0,24.0,20.0,0.0,,,,,,,,,,,,,,,,
1507305,"Escola Básica de Jardia, Montijo",Montijo,,,,1er_cycle_uniquement,0.0,0.0,0.0,0.0,0.0,,,,,,,,,,,,,,,,,
1507343,"Escola Básica de Foros da Craveira do Norte, Afonsos, Montijo",Montijo,,,,1er_cycle_uniquement,29.0,5.0,17.0,1.0,6.0,0.38,,,,,,,,,,,,,,,,
1507453,"Escola Básica de Areias, Montijo",Montijo,,,,1er_cycle_uniquement,215.0,50.0,44.0,64.0,57.0,0.01,,,,,,,,,,,,,,,,
1507464,"Escola Básica de Foros do Trapo, Montijo",Montijo,,,,1er_cycle_uniquement,39.0,11.0,11.0,9.0,8.0,0.0325,,,,,,,,,,,,,,,,
1507499,"Escola Básica Luís de Camões, Montijo",Montijo,,,,1er_cycle_uniquement,179.0,45.0,43.0,53.0,38.0,0.0075,,,,,,,,,,,,,,,,
1507558,"Escola Básica de Sarilhos Grandes, Montijo",Montijo,,,,1er_cycle_uniquement,94.0,23.0,24.0,24.0,23.0,0.01,,,,,,,,,,,,,,,,
1507628,"Escola Básica de Afonsoeiro, Montijo",Montijo,,,,1er_cycle_uniquement,188.0,47.0,55.0,49.0,37.0,0.0075,,,,,,,,,,,,,,,,
1507671,O Girassol - Escola Padre Manuel Gonçalves,Montijo,,,,1er_cycle_uniquement,0.0,0.0,0.0,0.0,0.0,,,,,,,,,,,,,,,,,
1507675,"Escola Básica de Pegões, Canha e Santo Isidro, Montijo",Montijo,,,,2eme_cycle_uniquement,,,,,,,54,65,59,54,58,63,57,64,0.55,0.45,121,0.03999999910593033,0.029999999329447746,58,0.9655172413793104,0.9520192810880042
1507690,Colégio CdD - Secção,Montijo,,,,1er_et_2eme_cycle,83.0,24.0,25.0,10.0,24.0,0.0,0,0,0,0,0,0,19,13,0.5900000000000001,0.41,32,0,0,,,
1507774,"Escola Básica de Pegões Velhos, Montijo",Montijo,,,,1er_cycle_uniquement,25.0,5.0,6.0,8.0,6.0,0.115,,,,,,,,,,,,,,,,
1507782,"Escola Básica D. Pedro Varela, Montijo",Montijo,,,,2eme_cycle_uniquement,,,,,,,240,264,272,268,274,294,264,308,0.55,0.45,572,0.07000000029802322,0.11999999731779099,248,0.8870967741935484,0.9546123308568383
1507803,Colégio do Tejo,Montijo,,,,1er_et_2eme_cycle,134.0,39.0,33.0,32.0,30.0,0.0,30,29,33,27,35,32,38,34,0.53,0.47,72,0,0,35,1,0.9888490991930213
1507832,"Escola Básica da Liberdade, Montijo",Montijo,,,,1er_cycle_uniquement,210.0,44.0,43.0,73.0,50.0,0.0125,,,,,,,,,,,,,,,,
1507853,"Escola Básica de Canha, Montijo",Montijo,,,,1er_cycle_uniquement,52.0,13.0,17.0,11.0,11.0,0.015,,,,,,,,,,,,,,,,
1507925,"Escola Básica de Novos Trilhos, Atalaia, Montijo",Montijo,,,,1er_cycle_uniquement,121.0,48.0,24.0,25.0,24.0,0.0,,,,,,,,,,,,,,,,
1508009,"Escola Básica da Lagoa da Palha, Palmela",Palmela,,,,1er_cycle_uniquement,45.0,11.0,12.0,11.0,11.0,0.02,,,,,,,,,,,,,,,,
1508020,Saint Peters International School,Palmela,,,,1er_et_2eme_cycle,256.0,54.0,61.0,76.0,65.0,0.005,90,134,118,97,94,127,104,98,0.45999999999999996,0.54,202,0,0,87,0.9540229885057471,0.9889942114787471
1508057,"Escola Básica Hermenegildo Capelo, Palmela",Palmela,,,,2eme_cycle_uniquement,,,,,,,242,262,274,253,266,283,283,277,0.53,0.47,560,0.029999999329447746,0.029999999329447746,259,0.9768339768339769,0.963895888099079
1508069,Colégio Crescer no Campo,Palmela,,,,1er_et_2eme_cycle,133.0,47.0,32.0,34.0,20.0,0.0,10,6,9,11,25,8,24,28,0.45999999999999996,0.54,52,0,0,25,1,0.9890716268279547
1508081,"Escola Básica de Palhota, Palmela",Palmela,,,,1er_cycle_uniquement,41.0,8.0,12.0,9.0,12.0,0.0625,,,,,,,,,,,,,,,,
1508166,"Escola Básica e Secundária José Saramago, Poceirão, Palmela",Palmela,,,,1er_et_2eme_cycle,167.0,53.0,40.0,34.0,40.0,0.0825,56,75,53,60,77,55,64,90,0.55,0.45,154,0.029999999329447746,0.09000000357627869,75,0.92,0.923849596947205
1508294,Escola Básica n.º 2 de Palmela,Palmela,,,,1er_cycle_uniquement,96.0,21.0,27.0,24.0,24.0,0.0,,,,,,,,,,,,,,,,
1508373,"Escola Básica n.º 2 de Olhos de Água, Lagoinha, Palmela",Palmela,,,,1er_cycle_uniquement,46.0,9.0,13.0,14.0,10.0,0.02,,,,,,,,,,,,,,,,
1508395,"Escola Básica José Maria dos Santos, Pinhal Novo, Palmela",Palmela,,,,2eme_cycle_uniquement,,,,,,,313,374,294,317,323,317,327,357,0.51,0.49,684,0.029999999329447746,0.03999999910593033,312,0.9583333333333334,0.9532036055067408
1508451,"Escola Básica de Batudes, Palmela",Palmela,,,,1er_cycle_uniquement,44.0,7.0,15.0,6.0,16.0,0.0175,,,,,,,,,,,,,,,,
1508537,"Escola Básica de Aires, Palmela",Palmela,,,,1er_cycle_uniquement,277.0,66.0,68.0,74.0,69.0,0.0025,,,,,,,,,,,,,,,,
1508604,"Escola Básica João Eduardo Xavier, Pinhal Novo, Palmela",Palmela,,,,1er_cycle_uniquement,93.0,22.0,26.0,25.0,20.0,0.03,,,,,,,,,,,,,,,,
1508613,"Escola Básica Joaquim José Carvalho, Palmela",Palmela,,,,1er_cycle_uniquement,90.0,21.0,21.0,24.0,24.0,0.0,,,,,,,,,,,,,,,,
1508634,"Escola Básica Salgueiro Maia, Pinhal Novo, Palmela",Palmela,,,,1er_cycle_uniquement,169.0,41.0,46.0,41.0,41.0,0.015,,,,,,,,,,,,,,,,
1508669,"Escola Básica do Bairro Alentejano, Palmela",Palmela,,,,1er_cycle_uniquement,97.0,24.0,25.0,22.0,26.0,0.01,,,,,,,,,,,,,,,,
1508698,"Escola Básica António Santos Jorge, Pinhal Novo, Palmela",Palmela,,,,1er_cycle_uniquement,112.0,36.0,22.0,22.0,32.0,0.0125,,,,,,,,,,,,,,,,
1508720,"Escola Básica Alberto Valente, Pinhal Novo, Palmela",Palmela,,,,1er_cycle_uniquement,332.0,89.0,89.0,67.0,87.0,0.015,,,,,,,,,,,,,,,,
1508784,"Escola Básica de Cajados, Palmela",Palmela,,,,1er_cycle_uniquement,36.0,8.0,9.0,10.0,9.0,0.0825,,,,,,,,,,,,,,,,
1508821,"Escola Básica n.º 1 de Brejos do Assa, Palmela",Palmela,,,,1er_cycle_uniquement,44.0,8.0,14.0,10.0,12.0,0.02,,,,,,,,,,,,,,,,
1508844,"Escola Básica de Algeruz-Lau, Palmela",Palmela,,,,1er_cycle_uniquement,40.0,8.0,9.0,11.0,12.0,0.0975,,,,,,,,,,,,,,,,
1508860,"Escola Básica n.º 1 de Águas de Moura, Palmela",Palmela,,,,1er_cycle_uniquement,56.0,18.0,14.0,13.0,11.0,0.02,,,,,,,,,,,,,,,,
1508871,"Escola Básica de Cabanas, Palmela",Palmela,,,,1er_cycle_uniquement,91.0,22.0,23.0,24.0,22.0,0.0,,,,,,,,,,,,,,,,
1508875,"Escola Básica Zeca Afonso, Pinhal Novo, Palmela",Palmela,,,,1er_cycle_uniquement,271.0,69.0,61.0,68.0,73.0,0.0075,,,,,,,,,,,,,,,,
1508924,"Escola Básica António Matos Fortuna, Quinta do Anjo, Palmela",Palmela,,,,1er_cycle_uniquement,307.0,72.0,71.0,78.0,86.0,0.0025,,,,,,,,,,,,,,,,
1509053,"Escola Básica n.º 1 de Cercal do Alentejo, Santiago do Cacém",Santiago do Cacém,,,,1er_et_2eme_cycle,48.0,0.0,0.0,19.0,29.0,0.025,32,23,24,31,27,17,30,30,0.53,0.47,60,0,0,21,0.9523809523809523,0.9426192442529396
1509253,"Escola Básica de Cruz de João Mendes, Santiago do Cacém",Santiago do Cacém,,,,1er_cycle_uniquement,0.0,0.0,0.0,0.0,0.0,,,,,,,,,,,,,,,,,
1509258,"Escola Básica de Relvas Verdes, Santiago do Cacém",Santiago do Cacém,,,,1er_cycle_uniquement,0.0,0.0,0.0,0.0,0.0,,,,,,,,,,,,,,,,,
1509421,"Escola Básica n.º 2 de Santo André, Santiago do Cacém",Santiago do Cacém,,,,1er_cycle_uniquement,137.0,24.0,42.0,27.0,44.0,0.0375,,,,,,,,,,,,,,,,
1509428,"Escola Básica n.º 2 de Cercal do Alentejo, Santiago do Cacém",Santiago do Cacém,,,,1er_cycle_uniquement,49.0,24.0,25.0,0.0,0.0,0.08,,,,,,,,,,,,,,,,
1509441,"Escola Básica n.º 4 de Santo André, Santiago do Cacém",Santiago do Cacém,,,,1er_cycle_uniquement,143.0,43.0,43.0,24.0,33.0,0.025,,,,,,,,,,,,,,,,
1509558,"Escola Básica e Secundária Frei André da Veiga, Santiago do Cacém",Santiago do Cacém,,,,1er_et_2eme_cycle,240.0,68.0,63.0,64.0,45.0,0.0,101,100,101,100,92,109,109,99,0.49,0.51,208,0.019999999552965164,0.05000000074505806,89,0.9438202247191011,0.9687378710522334
1509600,"Escola Básica de Santa Cruz, Santiago do Cacém",Santiago do Cacém,,,,1er_cycle_uniquement,24.0,0.0,0.0,0.0,24.0,0.0,,,,,,,,,,,,,,,,
1509622,"Escola Básica de Abela, Santiago do Cacém",Santiago do Cacém,,,,1er_cycle_uniquement,0.0,0.0,0.0,0.0,0.0,,,,,,,,,,,,,,,,,
1509628,"Escola Básica n.º 1 de Santo André, Santiago do Cacém",Santiago do Cacém,,,,2eme_cycle_uniquement,,,,,,,102,117,90,105,121,88,109,120,0.5,0.5,229,0.05000000074505806,0.029999999329447746,118,0.9576271186440678,0.9584080533147762
1509647,"Escola Básica de Deixa-o-Resto, Santiago do Cacém",Santiago do Cacém,,,,1er_cycle_uniquement,0.0,0.0,0.0,0.0,0.0,,,,,,,,,,,,,,,,,
1509648,"Escola Básica de São Bartolomeu da Serra, Santiago do Cacém",Santiago do Cacém,,,,1er_cycle_uniquement,0.0,0.0,0.0,0.0,0.0,,,,,,,,,,,,,,,,,
1509796,"Escola Básica n.º 3 de Santo André, Santiago do Cacém",Santiago do Cacém,,,,1er_cycle_uniquement,136.0,48.0,41.0,23.0,24.0,0.005,,,,,,,,,,,,,,,,
1509876,"Escola Básica de Ermidas-do-Sado, Santiago do Cacém",Santiago do Cacém,,,,1er_cycle_uniquement,58.0,14.0,13.0,11.0,20.0,0.02,,,,,,,,,,,,,,,,
1509884,"Escola Básica de Aldeia dos Chãos, Santiago do Cacém",Santiago do Cacém,,,,1er_cycle_uniquement,0.0,0.0,0.0,0.0,0.0,,,,,,,,,,,,,,,,,
1509898,"Escola Básica de Vale de Água, Santiago do Cacém",Santiago do Cacém,,,,1er_cycle_uniquement,0.0,0.0,0.0,0.0,0.0,,,,,,,,,,,,,,,,,
1509983,"Escola Básica de São Domingos da Serra, Santiago do Cacém",Santiago do Cacém,,,,1er_cycle_uniquement,22.0,5.0,4.0,8.0,5.0,0.0,,,,,,,,,,,,,,,,
1509985,"Escola Básica Prof. Arménio Lança, Alvalade do Sado, Santiago do Cacém",Santiago do Cacém,,,,1er_et_2eme_cycle,61.0,21.0,25.0,5.0,10.0,0.03,44,20,34,44,34,42,43,39,0.61,0.39,82,0.019999999552965164,0.15000000596046448,32,0.90625,0.9526712872703627
1510002,"Escola Básica dos Redondos, Seixal",Seixal,,,,1er_cycle_uniquement,374.0,118.0,95.0,79.0,82.0,0.025,,,,,,,,,,,,,,,,
1510005,"Colégio do Parque do Falcão, Lda.",Seixal,,,,1er_cycle_uniquement,26.0,16.0,0.0,0.0,10.0,0.0,,,,,,,,,,,,,,,,
1510009,"Escola Básica Dr. António Augusto Louro, Arrentela, Seixal",Seixal,,,,2eme_cycle_uniquement,,,,,,,260,302,287,275,273,287,277,294,0.56,0.44,571,0.05000000074505806,0.07999999821186066,249,0.9598393574297188,0.9599679557796807
1510077,"Escola Básica da Quinta de Santa Marta de Corroios, Seixal",Seixal,,,,1er_cycle_uniquement,130.0,20.0,25.0,39.0,46.0,0.0375,,,,,,,,,,,,,,,,
1510116,"Escola Básica de Pinhal de Frades, Seixal",Seixal,,,,1er_cycle_uniquement,266.0,64.0,66.0,67.0,69.0,0.015,,,,,,,,,,,,,,,,
1510117,"Escola Básica da Quinta Cabouca, Vale de Milhaços, Seixal",Seixal,,,,1er_cycle_uniquement,157.0,43.0,27.0,42.0,45.0,0.0,,,,,,,,,,,,,,,,
1510119,"Externato ""As Joaninhas""",Seixal,,,,1er_cycle_uniquement,91.0,25.0,34.0,19.0,13.0,0.02,,,,,,,,,,,,,,,,
1510123,"EBM n.º 2996 - (Externato ""Sol Nascente"")",Seixal,,,,1er_cycle_uniquement,40.0,13.0,7.0,9.0,11.0,0.035,,,,,,,,,,,,,,,,
1510152,"Escola Básica da Quinta da Princesa, Seixal",Seixal,,,,1er_cycle_uniquement,109.0,39.0,24.0,24.0,22.0,0.0625,,,,,,,,,,,,,,,,
1510181,"Escola Básica da Quinta dos Franceses, Seixal",Seixal,,,,1er_cycle_uniquement,174.0,20.0,42.0,67.0,45.0,0.0,,,,,,,,,,,,,,,,
1510190,Colégio Quinta do Pinheiro,Seixal,,,,1er_cycle_uniquement,0.0,0.0,0.0,0.0,0.0,,,,,,,,,,,,,,,,,
1510207,"Escola Básica da Quinta dos Morgados, Fernão Ferro, Seixal",Seixal,,,,1er_cycle_uniquement,173.0,44.0,42.0,40.0,47.0,0.0175,,,,,,,,,,,,,,,,
1510219,"Escola Básica do Bairro Novo, Seixal",Seixal,,,,1er_cycle_uniquement,126.0,45.0,17.0,26.0,38.0,0.0,,,,,,,,,,,,,,,,
1510230,"Escola Básica de Santa Marta do Pinhal, Corroios, Seixal",Seixal,,,,1er_cycle_uniquement,259.0,62.0,71.0,67.0,59.0,0.01,,,,,,,,,,,,,,,,
1510238,"Escola Básica José Afonso, Corroios, Seixal",Seixal,,,,1er_cycle_uniquement,91.0,23.0,24.0,21.0,23.0,0.065,,,,,,,,,,,,,,,,
1510239,"Escola Básica da Quinta das Inglesinhas, Cruz de Pau, Seixal",Seixal,,,,1er_cycle_uniquement,115.0,24.0,44.0,24.0,23.0,0.06,,,,,,,,,,,,,,,,
1510254,"Escola Básica da Quinta Medideira, Amora, Seixal",Seixal,,,,1er_cycle_uniquement,159.0,41.0,24.0,47.0,47.0,0.03,,,,,,,,,,,,,,,,
1510260,"Escola Básica de Paivas, Seixal",Seixal,,,,1er_cycle_uniquement,255.0,70.0,46.0,50.0,89.0,0.0475,,,,,,,,,,,,,,,,
1510268,"Escola Básica de Foros de Amora, Seixal",Seixal,,,,1er_cycle_uniquement,185.0,45.0,45.0,46.0,49.0,0.03,,,,,,,,,,,,,,,,
1510339,"Escola Básica da Quinta do Conde de Portalegre, Paivas, Seixal",Seixal,,,,1er_cycle_uniquement,259.0,70.0,77.0,64.0,48.0,0.0275,,,,,,,,,,,,,,,,
1510352,Colégio Mundo das Descobertas,Seixal,,,,1er_cycle_uniquement,0.0,0.0,0.0,0.0,0.0,,,,,,,,,,,,,,,,,
1510354,"Escola Básica do Casal do Marco, Seixal",Seixal,,,,1er_cycle_uniquement,201.0,46.0,46.0,62.0,47.0,0.01,,,,,,,,,,,,,,,,
1510420,Seixal International School,Seixal,,,,1er_cycle_uniquement,40.0,20.0,6.0,4.0,10.0,0.0,,,,,,,,,,,,,,,,
1510426,"Escola Básica de Fernão Ferro, Seixal",Seixal,,,,1er_cycle_uniquement,83.0,22.0,20.0,20.0,21.0,0.0475,,,,,,,,,,,,,,,,
1510458,"Escola Básica de Amora, Seixal",Seixal,,,,1er_cycle_uniquement,90.0,23.0,23.0,22.0,22.0,0.065,,,,,,,,,,,,,,,,
1510488,"Escola Básica n.º 1 de Corroios, Seixal",Seixal,,,,1er_cycle_uniquement,139.0,44.0,25.0,25.0,45.0,0.0,,,,,,,,,,,,,,,,
1510494,"Escola Básica de Miratejo, Seixal",Seixal,,,,1er_cycle_uniquement,217.0,65.0,44.0,45.0,63.0,0.04,,,,,,,,,,,,,,,,
1510498,Colégio O Cantinho dos Amigos,Seixal,,,,1er_cycle_uniquement,142.0,45.0,25.0,48.0,24.0,0.0,,,,,,,,,,,,,,,,
1510499,"Escola Básica Carlos Ribeiro, Pinhal de Frades, Seixal",Seixal,,,,2eme_cycle_uniquement,,,,,,,185,174,205,186,209,205,212,209,0.52,0.48,421,0.09000000357627869,0.05999999865889549,203,0.9261083743842364,0.9639862077402166
1510568,"Escola Básica da Quinta do Campo, Corroios, Seixal",Seixal,,,,1er_cycle_uniquement,263.0,64.0,67.0,65.0,67.0,0.025,,,,,,,,,,,,,,,,
1510610,"Escola Básica do Fogueteiro, Seixal",Seixal,,,,1er_cycle_uniquement,139.0,21.0,47.0,23.0,48.0,0.075,,,,,,,,,,,,,,,,
1510619,"Escola Básica Infante D. Augusto, Cruz de Pau, Seixal",Seixal,,,,1er_cycle_uniquement,159.0,22.0,45.0,46.0,46.0,0.0325,,,,,,,,,,,,,,,,
1510635,"Escola Básica D. Nuno Álvares Pereira, Corroios, Seixal",Seixal,,,,1er_cycle_uniquement,150.0,25.0,52.0,29.0,44.0,0.07,,,,,,,,,,,,,,,,
1510660,"Escola Básica da Quinta das Sementes, Paivas, Seixal",Seixal,,,,1er_cycle_uniquement,144.0,48.0,48.0,23.0,25.0,0.01,,,,,,,,,,,,,,,,
1510664,"Escola Básica da Quinta de Santo António, Cruz de Pau, Seixal",Seixal,,,,1er_cycle_uniquement,210.0,45.0,47.0,47.0,71.0,0.0575,,,,,,,,,,,,,,,,
1510666,Jardim de Infância A Palmeira,Seixal,,,,1er_et_2eme_cycle,43.0,10.0,20.0,10.0,3.0,0.0,0,0,0,0,0,0,23,15,0.61,0.39,38,0.09000000357627869,0.20000000298023224,,,
1510678,Colégio Espaço Júnior,Seixal,,,,1er_cycle_uniquement,0.0,0.0,0.0,0.0,0.0,,,,,,,,,,,,,,,,,
1510695,"Escola Básica de Aldeia de Paio Pires, Seixal",Seixal,,,,1er_cycle_uniquement,223.0,64.0,71.0,46.0,42.0,0.025,,,,,,,,,,,,,,,,
1510770,"Escola Básica da Cruz de Pau, Seixal",Seixal,,,,2eme_cycle_uniquement,,,,,,,154,154,141,152,121,153,136,137,0.52,0.48,273,0.05000000074505806,0.029999999329447746,113,0.9911504424778761,0.9471745958932967
1510771,"Escola Básica da Torre da Marinha, Seixal",Seixal,,,,1er_cycle_uniquement,68.0,22.0,22.0,24.0,0.0,0.12,,,,,,,,,,,,,,,,
1510774,"Escola Básica do Alto do Moinho, Seixal",Seixal,,,,1er_cycle_uniquement,344.0,77.0,112.0,65.0,90.0,0.0325,,,,,,,,,,,,,,,,
1510775,Colégio Atlântico,Seixal,,,,1er_et_2eme_cycle,359.0,93.0,88.0,83.0,95.0,0.0,136,136,137,137,136,136,139,136,0.49,0.51,275,0,0,132,0.9924242424242424,0.9903673421735449
1510778,"Escola Básica da Quinta de São João, Arrentela, Seixal",Seixal,,,,1er_cycle_uniquement,149.0,23.0,42.0,22.0,62.0,0.0375,,,,,,,,,,,,,,,,
1510784,"Escola Básica de Vale de Milhaços, Seixal",Seixal,,,,2eme_cycle_uniquement,,,,,,,276,304,289,280,291,306,312,298,0.49,0.51,610,0.009999999776482582,0.07999999821186066,278,0.8884892086330936,0.9645057302019082
1510791,"Escola Básica Nun’Álvares, Arrentela, Seixal",Seixal,,,,1er_et_2eme_cycle,186.0,48.0,26.0,67.0,45.0,0.055,137,149,156,140,167,162,147,167,0.5900000000000001,0.41,314,0.07000000029802322,0.07999999821186066,147,0.9047619047619048,0.9355878453663766
1510811,Colégio Guadalupe,Seixal,,,,1er_et_2eme_cycle,255.0,61.0,67.0,73.0,54.0,0.0,61,88,70,62,84,74,76,86,0.51,0.49,162,0,0,80,0.975,0.9927055702152099
1510840,"Escola Básica de Arrentela, Seixal",Seixal,,,,1er_cycle_uniquement,65.0,24.0,18.0,22.0,1.0,0.315,,,,,,,,,,,,,,,,
1510845,"Escola Básica Paulo da Gama, Amora, Seixal",Seixal,,,,2eme_cycle_uniquement,,,,,,,170,175,175,176,179,189,168,178,0.52,0.48,346,0.019999999552965164,0.029999999329447746,154,0.922077922077922,0.9251147568818984
1510907,"Escola Básica Pedro Eanes Lobato, Amora, Seixal",Seixal,,,,2eme_cycle_uniquement,,,,,,,201,167,210,203,166,216,173,169,0.49,0.51,342,0.019999999552965164,0.09000000357627869,151,0.9337748344370861,0.9440433315236102
1510928,"Escola Básica da Quinta de Nossa Senhora do Monte Sião, Torre da Marinha, Seixal",Seixal,,,,1er_cycle_uniquement,106.0,22.0,20.0,20.0,44.0,0.035,,,,,,,,,,,,,,,,
1510944,"Escola Básica de Corroios, Seixal",Seixal,,,,2eme_cycle_uniquement,,,,,,,115,127,92,122,107,99,96,127,0.56,0.44,223,0.07000000029802322,0.15000000596046448,93,0.9247311827956989,0.9409020610493481
1510997,"Escola Básica da Quinta da Courela, Aldeia de Paio Pires, Seixal",Seixal,,,,1er_cycle_uniquement,198.0,43.0,49.0,57.0,49.0,0.04,,,,,,,,,,,,,,,,
1511002,"Escola Básica de Sampaio, Sesimbra",Sesimbra,,,,1er_cycle_uniquement,296.0,80.0,85.0,61.0,70.0,0.01,,,,,,,,,,,,,,,,
1511074,"Escola Básica n.º 1 do Zambujal, Sesimbra",Sesimbra,,,,1er_cycle_uniquement,38.0,7.0,11.0,12.0,8.0,0.0325,,,,,,,,,,,,,,,,
1511198,"Escola Básica do Pinhal General, Quinta do Conde, Sesimbra",Sesimbra,,,,1er_cycle_uniquement,277.0,67.0,95.0,46.0,69.0,0.0075,,,,,,,,,,,,,,,,
1511241,"Escola Básica de Azoia, Sesimbra",Sesimbra,,,,1er_cycle_uniquement,0.0,0.0,0.0,0.0,0.0,,,,,,,,,,,,,,,,,
1511265,"Escola Básica de Aldeia do Meco, Sesimbra",Sesimbra,,,,1er_cycle_uniquement,36.0,5.0,6.0,8.0,17.0,0.0,,,,,,,,,,,,,,,,
1511365,"Escola Básica do Casal do Sapo (Fontainhas), Sesimbra",Sesimbra,,,,1er_cycle_uniquement,91.0,22.0,22.0,25.0,22.0,0.0125,,,,,,,,,,,,,,,,
1511425,Escola Casa da Floresta - Pólo Sesimbra,Sesimbra,,,,1er_cycle_uniquement,25.0,6.0,7.0,4.0,8.0,0.0,,,,,,,,,,,,,,,,
1511640,"Escola Básica e Secundária Michel Giacometti, Quinta do Conde, Sesimbra",Sesimbra,,,,2eme_cycle_uniquement,,,,,,,120,79,117,126,119,135,107,128,0.41000000000000003,0.59,235,0.019999999552965164,0.05000000074505806,114,0.9385964912280702,0.9610073587820009
1511691,Escola Básica de Sesimbra,Sesimbra,,,,1er_cycle_uniquement,183.0,41.0,46.0,48.0,48.0,0.015,,,,,,,,,,,,,,,,
1511743,"Escola Básica n.º 3 da Quinta do Conde, Sesimbra",Sesimbra,,,,1er_cycle_uniquement,467.0,123.0,129.0,98.0,117.0,0.045,,,,,,,,,,,,,,,,
1511748,"Escola Básica de Aiana de Cima, Sesimbra",Sesimbra,,,,1er_cycle_uniquement,76.0,20.0,18.0,20.0,18.0,0.0,,,,,,,,,,,,,,,,
1511820,"Escola Básica Navegador Rodrigues Soromenho, Sesimbra",Sesimbra,,,,2eme_cycle_uniquement,,,,,,,83,95,89,79,95,91,96,99,0.47,0.53,195,0.009999999776482582,0.009999999776482582,92,1,0.9540047382652143
1511831,Colégio Educa a Brincar,Sesimbra,,,,1er_cycle_uniquement,64.0,17.0,17.0,13.0,17.0,0.0,,,,,,,,,,,,,,,,
1511856,"Escola Básica do Castelo, Sesimbra",Sesimbra,,,,2eme_cycle_uniquement,,,,,,,157,166,146,164,171,152,140,170,0.53,0.47,310,0.009999999776482582,0.019999999552965164,167,0.9820359281437125,0.9706034407479337
1511923,"Escola Básica da Cotovia, Sesimbra",Sesimbra,,,,1er_cycle_uniquement,179.0,44.0,43.0,43.0,49.0,0.015,,,,,,,,,,,,,,,,
1511939,"Escola Básica n.º 2 da Quinta do Conde, Sesimbra",Sesimbra,,,,1er_cycle_uniquement,94.0,22.0,24.0,24.0,24.0,0.0,,,,,,,,,,,,,,,,
1511966,"Escola Básica Maria do Carmo Serrote, Sesimbra",Sesimbra,,,,1er_et_2eme_cycle,285.0,74.0,74.0,71.0,66.0,0.0075,111,120,105,114,125,114,122,138,0.52,0.48,260,0.05999999865889549,0.05000000074505806,122,0.9590163934426229,0.9562451614904218
1511969,"Escola Básica de Alfarim, Sesimbra",Sesimbra,,,,1er_cycle_uniquement,75.0,20.0,16.0,19.0,20.0,0.015,,,,,,,,,,,,,,,,
1511988,"Escola Básica da Boa Água, Quinta do Conde, Sesimbra",Sesimbra,,,,1er_et_2eme_cycle,145.0,48.0,25.0,50.0,22.0,0.01,109,138,141,114,104,143,126,110,0.5800000000000001,0.42,236,0,0.009999999776482582,102,0.9901960784313726,0.9566232578676872
1512001,"Escola Básica da Brejoeira, Vila Nogueira de Azeitão, Setúbal",Setúbal,,,,1er_cycle_uniquement,298.0,75.0,99.0,75.0,49.0,0.005,,,,,,,,,,,,,,,,
1512019,"Escola Básica de Manteigadas, Setúbal",Setúbal,,,,1er_cycle_uniquement,41.0,10.0,11.0,10.0,10.0,0.09,,,,,,,,,,,,,,,,
1512060,"Escola Básica e Secundária Lima de Freitas, Setúbal",Setúbal,,,,2eme_cycle_uniquement,,,,,,,110,115,112,110,110,112,102,123,0.52,0.48,225,0.07000000029802322,0.07000000029802322,108,0.9444444444444444,0.9508201037205288
1512114,"Escola Básica Barbosa du Bocage, Setúbal",Setúbal,,,,2eme_cycle_uniquement,,,,,,,386,364,371,372,349,377,364,356,0.53,0.47,720,0.03999999910593033,0.03999999910593033,322,0.9285714285714286,0.9714585091119898
1512122,Colégio das Faias,Setúbal,,,,1er_et_2eme_cycle,76.0,25.0,18.0,16.0,17.0,0.0,*,*,*,*,*,*,*,*,*,*,*,*,*,11,*,*
1512167,Escola Básica n.º 11 de Setúbal,Setúbal,,,,1er_cycle_uniquement,79.0,20.0,18.0,5.0,36.0,0.265,,,,,,,,,,,,,,,,
1512186,"Escola Básica de Montinho da Cotovia, Pontes, Setúbal",Setúbal,,,,1er_cycle_uniquement,36.0,9.0,9.0,10.0,8.0,0.025,,,,,,,,,,,,,,,,
1512202,"Escola Básica de Azeitão, Vila Nogueira de Azeitão, Setúbal",Setúbal,,,,2eme_cycle_uniquement,,,,,,,183,200,182,197,171,189,155,170,0.47,0.53,325,0.009999999776482582,0.019999999552965164,167,0.9700598802395209,0.9680679313794058
1512211,"Escola Básica n.º 2 do Faralhão, Setúbal",Setúbal,,,,1er_cycle_uniquement,93.0,22.0,23.0,48.0,0.0,0.0567,,,,,,,,,,,,,,,,
1512238,Academia de Música e Belas-Artes Luísa Todi,Setúbal,,,,1er_et_2eme_cycle,86.0,22.0,22.0,19.0,23.0,0.0,21,24,25,21,24,25,21,22,0.56,0.44,43,0,0,21,1,0.9381349822537709
1512240,Colégio Adventista de Setúbal,Setúbal,,,,1er_cycle_uniquement,37.0,9.0,11.0,7.0,10.0,0.0,,,,,,,,,,,,,,,,
1512304,"Escola Básica de Aranguez, Setúbal",Setúbal,,,,2eme_cycle_uniquement,,,,,,,215,220,191,219,173,208,160,180,0.54,0.46,340,0.11999999731779099,0.12999999523162842,139,0.8273381294964028,0.9502115434961719
1512343,"Externato Primário ""Santa Ana""",Setúbal,,,,1er_cycle_uniquement,167.0,45.0,43.0,44.0,35.0,0.0,,,,,,,,,,,,,,,,
1512390,Escola Básica n.º 4 de Setúbal,Setúbal,,,,1er_cycle_uniquement,249.0,65.0,47.0,72.0,65.0,0.025,,,,,,,,,,,,,,,,
1512408,"Escola Básica de São Gabriel, Setúbal",Setúbal,,,,1er_cycle_uniquement,85.0,21.0,23.0,20.0,21.0,0.0,,,,,,,,,,,,,,,,
1512437,"Escola Básica de Vendas de Azeitão, Setúbal",Setúbal,,,,1er_cycle_uniquement,48.0,0.0,0.0,48.0,0.0,0.0,,,,,,,,,,,,,,,,
1512444,Escola Básica n.º 1 de Setúbal,Setúbal,,,,1er_cycle_uniquement,150.0,42.0,41.0,21.0,46.0,0.0425,,,,,,,,,,,,,,,,
1512457,A Escolinha do Campo,Setúbal,,,,1er_cycle_uniquement,76.0,23.0,23.0,19.0,11.0,0.0125,,,,,,,,,,,,,,,,
1512522,Escola Básica n.º 6 de Setúbal,Setúbal,,,,1er_cycle_uniquement,196.0,61.0,44.0,49.0,42.0,0.0,,,,,,,,,,,,,,,,
1512523,Escola Básica n.º 12 de Setúbal,Setúbal,,,,1er_cycle_uniquement,260.0,55.0,73.0,68.0,64.0,0.0325,,,,,,,,,,,,,,,,
1512553,Escola Básica n.º 2 de Setúbal,Setúbal,,,,1er_cycle_uniquement,159.0,47.0,23.0,53.0,36.0,0.015,,,,,,,,,,,,,,,,
1512623,"Escola Básica Luísa Todi, Setúbal",Setúbal,,,,1er_et_2eme_cycle,171.0,42.0,45.0,44.0,40.0,0.005,355,373,339,352,342,346,332,350,0.49,0.51,682,0.07999999821186066,0.07000000029802322,314,0.9331210191082803,0.9539800648660736
1512653,Escola Básica n.º 9 de Setúbal,Setúbal,,,,1er_cycle_uniquement,174.0,41.0,40.0,44.0,49.0,0.0,,,,,,,,,,,,,,,,
1512657,"Escola Básica do Faralhão, Setúbal",Setúbal,,,,1er_cycle_uniquement,65.0,21.0,21.0,0.0,23.0,0.0,,,,,,,,,,,,,,,,
1512668,"Escola Básica de Brejos do Clérigo, Setúbal",Setúbal,,,,1er_cycle_uniquement,68.0,20.0,24.0,3.0,21.0,0.0,,,,,,,,,,,,,,,,
1512685,"Escola Básica de Gâmbia, Setúbal",Setúbal,,,,1er_cycle_uniquement,42.0,12.0,14.0,7.0,9.0,0.0175,,,,,,,,,,,,,,,,
1512696,Colégio Vale dos Pintassilgos,Setúbal,,,,1er_cycle_uniquement,76.0,20.0,20.0,14.0,22.0,0.0,,,,,,,,,,,,,,,,
1512698,Escola Básica n.º 7 de Setúbal,Setúbal,,,,1er_cycle_uniquement,207.0,58.0,55.0,44.0,50.0,0.0925,,,,,,,,,,,,,,,,
1512753,Escola Básica n.º 3 de Setúbal,Setúbal,,,,1er_cycle_uniquement,156.0,45.0,46.0,44.0,21.0,0.0175,,,,,,,,,,,,,,,,
1512773,"Escola Básica de Montalvão, Setúbal",Setúbal,,,,1er_cycle_uniquement,176.0,48.0,41.0,43.0,44.0,0.0,,,,,,,,,,,,,,,,
1512785,Colégio do Centeio,Setúbal,,,,1er_et_2eme_cycle,83.0,23.0,20.0,23.0,17.0,0.0,10,10,6,12,25,7,16,24,0.5,0.5,40,0,0,24,1,0.9838819376692336
1512800,"Escola Básica dos Arcos, Setúbal",Setúbal,,,,1er_cycle_uniquement,214.0,63.0,42.0,43.0,66.0,0.0225,,,,,,,,,,,,,,,,
1512802,Colégio São Cristóvão,Setúbal,,,,1er_cycle_uniquement,43.0,12.0,11.0,5.0,15.0,0.0,,,,,,,,,,,,,,,,
1512826,Escola Básica de Setúbal,Setúbal,,,,1er_cycle_uniquement,179.0,40.0,57.0,41.0,41.0,0.1375,,,,,,,,,,,,,,,,
1512844,"Escola Básica de Azeda, Setúbal",Setúbal,,,,1er_cycle_uniquement,255.0,60.0,67.0,62.0,66.0,0.005,,,,,,,,,,,,,,,,
1512859,Escola Básica n.º 8 de Setúbal,Setúbal,,,,1er_cycle_uniquement,126.0,43.0,21.0,29.0,33.0,0.0075,,,,,,,,,,,,,,,,
1512894,"Escola Básica do Viso, Setúbal",Setúbal,,,,1er_cycle_uniquement,162.0,39.0,53.0,36.0,34.0,0.0125,,,,,,,,,,,,,,,,
1512899,"Escola Básica do Alto da Guerra, Setúbal",Setúbal,,,,1er_cycle_uniquement,98.0,24.0,24.0,25.0,25.0,0.0,,,,,,,,,,,,,,,,
1512906,"Escola Básica de Vila Fresca de Azeitão, Setúbal",Setúbal,,,,1er_cycle_uniquement,75.0,24.0,25.0,0.0,26.0,0.0267,,,,,,,,,,,,,,,,
1512911,"Escola Básica e Secundária Ordem de Sant´Iago, Setúbal",Setúbal,,,,2eme_cycle_uniquement,,,,,,,220,185,231,179,230,170,212,195,0.51,0.49,407,0.25,0.10999999940395355,149,0.8926174496644296,0.8952841107118559
1512917,"Escola Básica n.º 1 do Faralhão, Setúbal",Setúbal,,,,1er_cycle_uniquement,45.0,0.0,12.0,13.0,20.0,0.1233,,,,,,,,,,,,,,,,
1512964,Escola Básica n.º 5 de Setúbal,Setúbal,,,,1er_cycle_uniquement,252.0,70.0,66.0,56.0,60.0,0.105,,,,,,,,,,,,,,,,
1512992,"Escola Básica de Vila Nogueira de Azeitão, Setúbal",Setúbal,,,,1er_cycle_uniquement,118.0,25.0,26.0,23.0,44.0,0.0125,,,,,,,,,,,,,,,,
1512996,"Escola Básica do Bairro Afonso Costa, Setúbal",Setúbal,,,,1er_cycle_uniquement,218.0,43.0,89.0,42.0,44.0,0.0225,,,,,,,,,,,,,,,,
1513416,"Escola Básica de Porto Côvo, Sines",Sines,,,,1er_cycle_uniquement,35.0,6.0,12.0,10.0,7.0,0.0,,,,,,,,,,,,,,,,
1513457,Escola Básica n.º 1 de Sines,Sines,,,,1er_cycle_uniquement,186.0,49.0,42.0,45.0,50.0,0.02,,,,,,,,,,,,,,,,
1513464,Escola Básica n.º 3 de Sines,Sines,,,,1er_cycle_uniquement,190.0,41.0,63.0,43.0,43.0,0.0,,,,,,,,,,,,,,,,
1513632,"Escola Básica Vasco da Gama, Sines",Sines,,,,2eme_cycle_uniquement,,,,,,,168,156,162,173,168,168,171,176,0.52,0.48,347,0.10999999940395355,0.029999999329447746,153,0.9607843137254902,0.9615160450876132
1513908,Escola Básica n.º 2 de Sines,Sines,,,,1er_cycle_uniquement,183.0,62.0,41.0,39.0,41.0,0.0,,,,,,,,,,,,,,,,
1601073,"Escola Básica Padre Himalaya, Távora, Arcos de Valdevez",Arcos de Valdevez,,,,1er_et_2eme_cycle,89.0,29.0,18.0,21.0,21.0,0.015,30,32,20,83,75,21,30,69,0.55,0.45,99,0,0,75,0.9866666666666667,0.9639200956650491
1601521,"Escola Básica e Secundária de Valdevez, Arcos de Valdevez",Arcos de Valdevez,,,,2eme_cycle_uniquement,,,,,,,91,109,0,0,0,0,74,20,0.47,0.53,94,0,0.05000000074505806,-,-,-
1601564,"Escola Básica Prof. António Melo Machado, Arcos de Valdevez",Arcos de Valdevez,,,,1er_cycle_uniquement,390.0,98.0,95.0,100.0,97.0,0.01,,,,,,,,,,,,,,,,
1601602,"Escola Básica Dr. Manuel da Costa Brandão, Sabadim, Arcos de Valdevez",Arcos de Valdevez,,,,1er_et_2eme_cycle,91.0,24.0,24.0,21.0,22.0,0.0,19,23,107,60,75,107,23,69,0.55,0.45,92,0,0.009999999776482582,71,1,0.9607244192506059
1601834,"Escola Básica de Eira do Penedo, Arcos de Valdevez",Arcos de Valdevez,,,,1er_cycle_uniquement,0.0,0.0,0.0,0.0,0.0,,,,,,,,,,,,,,,,,
1602097,Escola Básica e Secundária de Caminha,Caminha,,,,2eme_cycle_uniquement,,,,,,,72,63,72,66,63,77,76,64,0.55,0.45,140,0.029999999329447746,0,60,1,0.9647059533711195
1602276,"Escola Básica de Dem, Caminha",Caminha,,,,1er_cycle_uniquement,22.0,6.0,5.0,5.0,6.0,0.0,,,,,,,,,,,,,,,,
1602335,"Escola Básica de Cruzeiro, Moledo, Caminha",Caminha,,,,1er_cycle_uniquement,73.0,18.0,11.0,17.0,27.0,0.0,,,,,,,,,,,,,,,,
1602337,"Escola Básica de Lage, Caminha",Caminha,,,,1er_cycle_uniquement,39.0,7.0,7.0,10.0,15.0,0.0,,,,,,,,,,,,,,,,
1602518,"Escola Básica de Perafita, Caminha",Caminha,,,,1er_cycle_uniquement,24.0,5.0,8.0,7.0,4.0,0.0,,,,,,,,,,,,,,,,
1602522,"Escola Básica e Secundária do Vale do Âncora, Vila Praia de Âncora, Caminha",Caminha,,,,1er_et_2eme_cycle,152.0,49.0,38.0,42.0,23.0,0.0,53,54,61,52,49,65,50,50,0.54,0.46,100,0.019999999552965164,0,46,0.9782608695652174,0.9592488914653362
1602530,"Escola Básica de Vilarelho, Caminha",Caminha,,,,1er_cycle_uniquement,33.0,11.0,11.0,6.0,5.0,0.0,,,,,,,,,,,,,,,,
1602631,"Escola Básica de Loução, Caminha",Caminha,,,,1er_cycle_uniquement,29.0,5.0,7.0,8.0,9.0,0.0,,,,,,,,,,,,,,,,
1602735,Escola Básica de Caminha,Caminha,,,,1er_cycle_uniquement,99.0,23.0,27.0,13.0,36.0,0.0,,,,,,,,,,,,,,,,
1602894,"Escola Básica de Cruzeiro, Seixas, Caminha",Caminha,,,,1er_cycle_uniquement,36.0,2.0,10.0,14.0,10.0,0.0,,,,,,,,,,,,,,,,
1602980,"Escola Básica de Torre, Caminha",Caminha,,,,1er_cycle_uniquement,0.0,0.0,0.0,0.0,0.0,,,,,,,,,,,,,,,,,
1603190,Escola Básica e Secundária de Melgaço,Melgaço,,,,2eme_cycle_uniquement,,,,,,,66,51,55,65,50,55,43,53,0.5800000000000001,0.42,96,0,0.019999999552965164,49,1,0.9667333417415146
1603773,Escola Básica de Melgaço,Melgaço,,,,1er_cycle_uniquement,148.0,35.0,40.0,37.0,36.0,0.0,,,,,,,,,,,,,,,,
1603780,"Escola Básica de Pomares, Melgaço",Melgaço,,,,1er_cycle_uniquement,0.0,0.0,0.0,0.0,0.0,,,,,,,,,,,,,,,,,
1604090,"Escola Básica Deu-la-Deu Martins, Monção",Monção,,,,2eme_cycle_uniquement,,,,,,,120,137,105,125,104,116,105,115,0.49,0.51,220,0,0,100,1,0.9693822575193941
1604149,"Escola Básica José Pinheiro Gonçalves, Monção",Monção,,,,1er_cycle_uniquement,225.0,63.0,58.0,58.0,46.0,0.005,,,,,,,,,,,,,,,,
1604542,"Escola Básica de Estrada, Monção",Monção,,,,1er_cycle_uniquement,80.0,20.0,20.0,20.0,20.0,0.0,,,,,,,,,,,,,,,,
1604872,"Escola Básica de Pias, Monção",Monção,,,,1er_cycle_uniquement,90.0,23.0,31.0,15.0,21.0,0.0,,,,,,,,,,,,,,,,
1604916,Colégio do Minho - Polo de Monção,Monção,,,,1er_et_2eme_cycle,84.0,21.0,21.0,20.0,22.0,0.0,0,0,0,0,21,20,21,20,0.5900000000000001,0.41,41,0,0,21,1,0.9863673793184228
1604918,"Escola Básica de Vale do Mouro, Tangil, Monção",Monção,,,,1er_et_2eme_cycle,58.0,18.0,9.0,11.0,20.0,0.0,10,17,17,10,14,18,16,12,0.39,0.61,28,0,0,11,*,*
1605387,Escola Básica e Secundária de Paredes de Coura,Paredes de Coura,,,,2eme_cycle_uniquement,,,,,,,83,74,64,80,65,66,62,65,0.56,0.44,127,0,0,65,0.9692307692307692,0.9640347076079109
1605651,Escola Básica de Paredes de Coura,Paredes de Coura,,,,1er_cycle_uniquement,258.0,71.0,66.0,57.0,64.0,0.015,,,,,,,,,,,,,,,,
1606001,"Escola Básica de Crasto, Ponte da Barca",Ponte da Barca,,,,1er_cycle_uniquement,55.0,16.0,13.0,12.0,14.0,0.0,,,,,,,,,,,,,,,,
1606002,"Escola Básica de Entre Ambos-os-Rios, Ponte da Barca",Ponte da Barca,,,,1er_cycle_uniquement,43.0,11.0,11.0,7.0,14.0,0.0,,,,,,,,,,,,,,,,
1606298,"Escola Básica Diogo Bernardes, Ponte da Barca",Ponte da Barca,,,,1er_et_2eme_cycle,219.0,56.0,57.0,48.0,58.0,0.0,88,86,74,89,94,77,99,95,0.45999999999999996,0.54,194,0,0,92,1,0.9726542182920962
1607001,"Escola Básica de Lagoas, Ponte de Lima",Ponte de Lima,,,,1er_cycle_uniquement,99.0,29.0,26.0,22.0,22.0,0.0,,,,,,,,,,,,,,,,
1607040,"Escola Básica da Correlhã, Ponte de Lima",Ponte de Lima,,,,1er_et_2eme_cycle,101.0,31.0,24.0,20.0,26.0,0.0,54,76,54,53,57,54,58,57,0.43000000000000005,0.57,115,0,0,57,1,0.961316719954601
1607083,"Escola Básica de Arcozelo, Ponte de Lima",Ponte de Lima,,,,1er_cycle_uniquement,154.0,43.0,42.0,19.0,50.0,0.0,,,,,,,,,,,,,,,,
1607085,"Escola Básica e Secundária de Arcozelo, Ponte de Lima",Ponte de Lima,,,,2eme_cycle_uniquement,,,,,,,79,85,77,81,78,77,66,80,0.5,0.5,146,0,0,77,1,0.9552108182199087
1607354,"Escola Básica de Feitosa, Ponte de Lima",Ponte de Lima,,,,1er_cycle_uniquement,108.0,21.0,43.0,31.0,13.0,0.0,,,,,,,,,,,,,,,,
1607471,"Escola Básica de Freixo, Ponte de Lima",Ponte de Lima,,,,1er_et_2eme_cycle,131.0,38.0,31.0,23.0,39.0,0.0,50,62,57,50,47,60,55,47,0.44999999999999996,0.55,102,0,0,45,1,0.9707468642846582
1607476,"Escola Básica de Paço, Vitorino de Piães, Ponte de Lima",Ponte de Lima,,,,1er_cycle_uniquement,43.0,13.0,11.0,9.0,10.0,0.0,,,,,,,,,,,,,,,,
1607520,"Escola Básica de Ribeiro, Ponte de Lima",Ponte de Lima,,,,1er_cycle_uniquement,27.0,7.0,8.0,6.0,6.0,0.0,,,,,,,,,,,,,,,,
1607567,"Escola Básica de Trovela, Oliveira, Ponte de Lima",Ponte de Lima,,,,1er_cycle_uniquement,82.0,19.0,21.0,24.0,18.0,0.0,,,,,,,,,,,,,,,,
1607705,"Escola Básica de Gandra, Ponte de Lima",Ponte de Lima,,,,1er_cycle_uniquement,60.0,16.0,15.0,11.0,18.0,0.0,,,,,,,,,,,,,,,,
1607759,"Escola Básica de Refóios de Lima, Ponte de Lima",Ponte de Lima,,,,1er_cycle_uniquement,49.0,15.0,16.0,8.0,10.0,0.0,,,,,,,,,,,,,,,,
1607788,"Escola Básica António Feijó, Ponte de Lima",Ponte de Lima,,,,2eme_cycle_uniquement,,,,,,,170,175,191,173,170,199,166,169,0.53,0.47,335,0.009999999776482582,0.009999999776482582,161,1,0.9683870446200349
1607823,"Escola Básica de Igreja, Ribeira, Ponte de Lima",Ponte de Lima,,,,1er_cycle_uniquement,86.0,16.0,21.0,24.0,25.0,0.0,,,,,,,,,,,,,,,,
1607880,"Escola Básica de São Roque, Ponte de Lima",Ponte de Lima,,,,1er_cycle_uniquement,25.0,6.0,6.0,5.0,8.0,0.0,,,,,,,,,,,,,,,,
1607894,Escola Básica de Ponte de Lima,Ponte de Lima,,,,1er_cycle_uniquement,263.0,65.0,60.0,68.0,70.0,0.0075,,,,,,,,,,,,,,,,
1607901,"Escola Básica de Facha, Ponte de Lima",Ponte de Lima,,,,1er_cycle_uniquement,124.0,30.0,31.0,33.0,30.0,0.0,,,,,,,,,,,,,,,,
1608439,"Escola Básica de Passos, Valença",Valença,,,,1er_cycle_uniquement,68.0,20.0,17.0,16.0,15.0,0.0,,,,,,,,,,,,,,,,
1608456,"Escola Básica de Real, Valença",Valença,,,,1er_cycle_uniquement,26.0,8.0,10.0,4.0,4.0,0.025,,,,,,,,,,,,,,,,
1608474,"Escola Básica de Pedreira, Valença",Valença,,,,1er_cycle_uniquement,36.0,15.0,5.0,5.0,11.0,0.0,,,,,,,,,,,,,,,,
1608480,"Escola Básica e Secundária de Muralhas do Minho, Valença",Valença,,,,2eme_cycle_uniquement,,,,,,,116,113,114,117,117,115,139,124,0.51,0.49,263,0.03999999910593033,0.029999999329447746,106,0.9811320754716981,0.9488409652897158
1608535,Escola Básica de Valença,Valença,,,,1er_cycle_uniquement,197.0,45.0,61.0,46.0,45.0,0.0325,,,,,,,,,,,,,,,,
1608681,"Escola Básica São Pedro da Torre, Valença",Valença,,,,1er_cycle_uniquement,47.0,7.0,14.0,12.0,14.0,0.0375,,,,,,,,,,,,,,,,
1608911,"Escola Básica de Vilar de Lamas, Arão, Valença",Valença,,,,1er_cycle_uniquement,78.0,24.0,18.0,23.0,13.0,0.0,,,,,,,,,,,,,,,,
1608974,"Escola Básica de Friestas, Valença",Valença,,,,1er_cycle_uniquement,37.0,12.0,13.0,7.0,5.0,0.0375,,,,,,,,,,,,,,,,
1609007,"Escola Básica de Lanheses, Viana do Castelo",Viana do Castelo,,,,1er_cycle_uniquement,98.0,25.0,16.0,22.0,35.0,0.0,,,,,,,,,,,,,,,,
1609021,"Escola Básica de Santana, Viana do Castelo",Viana do Castelo,,,,1er_cycle_uniquement,66.0,22.0,19.0,9.0,16.0,0.0,,,,,,,,,,,,,,,,
1609024,"Escola Básica de Breia de Cima, Viana do Castelo",Viana do Castelo,,,,1er_cycle_uniquement,29.0,5.0,8.0,8.0,8.0,0.0,,,,,,,,,,,,,,,,
1609039,"Escola Básica de Carmo, Viana do Castelo",Viana do Castelo,,,,1er_cycle_uniquement,184.0,48.0,47.0,43.0,46.0,0.0,,,,,,,,,,,,,,,,
1609085,"Escola Básica e Secundária de Monte da Ola, Viana do Castelo",Viana do Castelo,,,,2eme_cycle_uniquement,,,,,,,98,91,80,98,75,78,79,73,0.5,0.5,152,0,0,73,1,0.9665416597554153
1609086,Colégio do Minho,Viana do Castelo,,,,1er_et_2eme_cycle,102.0,22.0,28.0,26.0,26.0,0.0,69,37,56,68,41,36,36,44,0.43999999999999995,0.56,80,0,0,41,1,0.9862125104237397
1609098,"Escola Básica de Mujães, Viana do Castelo",Viana do Castelo,,,,1er_cycle_uniquement,80.0,21.0,21.0,19.0,19.0,0.0,,,,,,,,,,,,,,,,
1609118,"Escola Básica e Secundária Pintor José de Brito, Santa Marta de Portuzelo, Viana do Castelo",Viana do Castelo,,,,2eme_cycle_uniquement,,,,,,,95,68,67,100,81,70,85,84,0.51,0.49,169,0.019999999552965164,0.009999999776482582,79,0.9873417721518988,0.9765442975157659
1609123,"Escola Básica de Perre, Viana do Castelo",Viana do Castelo,,,,1er_cycle_uniquement,96.0,31.0,18.0,20.0,27.0,0.0,,,,,,,,,,,,,,,,
1609124,"Escola Básica de Cabedelo, Cais Novo, Viana do Castelo",Viana do Castelo,,,,1er_cycle_uniquement,77.0,22.0,12.0,22.0,21.0,0.0,,,,,,,,,,,,,,,,
1609128,"Escola Básica Educadora Zaida Garcez, Darque, Viana do Castelo",Viana do Castelo,,,,1er_cycle_uniquement,51.0,10.0,12.0,13.0,16.0,0.035,,,,,,,,,,,,,,,,
1609141,"Escola Básica e Secundária de Arga e Lima, Lanheses, Viana do Castelo",Viana do Castelo,,,,2eme_cycle_uniquement,,,,,,,58,70,66,61,44,66,64,45,0.45999999999999996,0.54,109,0,0,43,0.9767441860465116,0.9534743658561141
1609152,"Escola Básica de Portuzelo, Meadela, Viana do Castelo",Viana do Castelo,,,,1er_cycle_uniquement,41.0,12.0,17.0,8.0,4.0,0.0,,,,,,,,,,,,,,,,
1609155,"Escola Básica de Calvário, Vila Franca, Viana do Castelo",Viana do Castelo,,,,1er_cycle_uniquement,71.0,23.0,20.0,17.0,11.0,0.0,,,,,,,,,,,,,,,,
1609176,"Escola Básica de Calvário, Meadela, Viana do Castelo",Viana do Castelo,,,,1er_cycle_uniquement,96.0,24.0,24.0,24.0,24.0,0.0,,,,,,,,,,,,,,,,
1609184,"Escola Básica de Outeiro, Além do Rio, Viana do Castelo",Viana do Castelo,,,,1er_cycle_uniquement,29.0,7.0,6.0,4.0,12.0,0.0,,,,,,,,,,,,,,,,
1609239,"Escola Básica de Igreja, Torre, Viana do Castelo",Viana do Castelo,,,,1er_cycle_uniquement,36.0,10.0,12.0,6.0,8.0,0.0,,,,,,,,,,,,,,,,
1609246,"Escola Básica de Monserrate, Viana do Castelo",Viana do Castelo,,,,1er_cycle_uniquement,167.0,41.0,46.0,38.0,42.0,0.0,,,,,,,,,,,,,,,,
1609268,"Escola Básica de Avenida, Viana do Castelo",Viana do Castelo,,,,1er_cycle_uniquement,173.0,51.0,46.0,33.0,43.0,0.045,,,,,,,,,,,,,,,,
1609295,"Escola Básica de Santa Marta de Portuzelo, Viana do Castelo",Viana do Castelo,,,,1er_cycle_uniquement,109.0,29.0,23.0,32.0,25.0,0.0,,,,,,,,,,,,,,,,
1609335,"Escola Básica de Montedor, Viana do Castelo",Viana do Castelo,,,,1er_cycle_uniquement,69.0,18.0,18.0,13.0,20.0,0.0,,,,,,,,,,,,,,,,
1609346,"Escola Básica de Senhora de Oliveira, Viana do Castelo",Viana do Castelo,,,,1er_cycle_uniquement,111.0,35.0,34.0,20.0,22.0,0.0,,,,,,,,,,,,,,,,
1609359,"Escola Básica de Meio, Viana do Castelo",Viana do Castelo,,,,1er_cycle_uniquement,77.0,20.0,20.0,18.0,19.0,0.0,,,,,,,,,,,,,,,,
1609401,"Escola Básica da Abelheira, Viana do Castelo",Viana do Castelo,,,,2eme_cycle_uniquement,,,,,,,129,104,118,131,138,129,113,141,0.52,0.48,254,0.009999999776482582,0,131,1,0.9700157117998723
1609419,"Escola Básica de Vila Nova de Anha, Viana do Castelo",Viana do Castelo,,,,1er_cycle_uniquement,77.0,24.0,15.0,18.0,20.0,0.0,,,,,,,,,,,,,,,,
1609421,"Escola Básica de Geraz do Lima, Viana do Castelo",Viana do Castelo,,,,1er_cycle_uniquement,45.0,8.0,12.0,10.0,15.0,0.0,,,,,,,,,,,,,,,,
1609522,"Externato ""S. João Bosco""",Viana do Castelo,,,,1er_cycle_uniquement,98.0,24.0,25.0,23.0,26.0,0.0,,,,,,,,,,,,,,,,
1609527,"Escola Básica de Igreja, Alvarães, Viana do Castelo",Viana do Castelo,,,,1er_cycle_uniquement,76.0,13.0,22.0,21.0,20.0,0.0,,,,,,,,,,,,,,,,
1609545,"Escola Básica de Monte, Viana do Castelo",Viana do Castelo,,,,1er_cycle_uniquement,75.0,18.0,30.0,8.0,19.0,0.0,,,,,,,,,,,,,,,,
1609598,"Escola Básica da Foz do Neiva, Castelo do Neiva, Viana do Castelo",Viana do Castelo,,,,1er_et_2eme_cycle,104.0,30.0,33.0,20.0,21.0,0.0,45,31,40,48,48,39,38,57,0.53,0.47,95,0,0,47,0.9787234042553191,0.9685326918950882
1609710,"Escola Básica de Carvalhos, Viana do Castelo",Viana do Castelo,,,,1er_cycle_uniquement,22.0,6.0,4.0,8.0,4.0,0.0,,,,,,,,,,,,,,,,
1609742,"Escola Básica de Chafé, Viana do Castelo",Viana do Castelo,,,,1er_cycle_uniquement,84.0,22.0,24.0,18.0,20.0,0.0,,,,,,,,,,,,,,,,
1609783,"Escola Básica Dr. Pedro Barbosa, Viana do Castelo",Viana do Castelo,,,,2eme_cycle_uniquement,,,,,,,83,96,93,86,94,96,100,88,0.56,0.44,188,0.009999999776482582,0.009999999776482582,84,0.9642857142857143,0.9673205552860056
1609797,"Escola Básica n.º 1 de Abelheira, Viana do Castelo",Viana do Castelo,,,,1er_cycle_uniquement,220.0,44.0,54.0,46.0,76.0,0.0175,,,,,,,,,,,,,,,,
1609802,"Escola Básica Frei Bartolomeu dos Mártires, Viana do Castelo",Viana do Castelo,,,,2eme_cycle_uniquement,,,,,,,139,158,149,141,142,152,149,147,0.53,0.47,296,0,0.009999999776482582,134,0.9925373134328358,0.9804471176289551
1609823,"Escola Básica de Vila de Punhe, Viana do Castelo",Viana do Castelo,,,,1er_cycle_uniquement,55.0,18.0,16.0,10.0,11.0,0.0,,,,,,,,,,,,,,,,
1609846,"Escola Básica de Darque, Viana do Castelo",Viana do Castelo,,,,2eme_cycle_uniquement,,,,,,,48,60,40,53,48,44,60,51,0.51,0.49,111,0.07000000029802322,0.10000000149011612,43,0.9069767441860465,0.927950318044436
1609857,"Escola Básica de Igreja, Meadela, Viana do Castelo",Viana do Castelo,,,,1er_cycle_uniquement,210.0,49.0,73.0,45.0,43.0,0.0075,,,,,,,,,,,,,,,,
1609889,"Escola Básica de Laboreira, Viana do Castelo",Viana do Castelo,,,,1er_cycle_uniquement,26.0,9.0,6.0,7.0,4.0,0.0,,,,,,,,,,,,,,,,
1609922,"Escola Básica e Secundária de Barroselas, Viana do Castelo",Viana do Castelo,,,,2eme_cycle_uniquement,,,,,,,74,80,81,74,73,81,85,72,0.55,0.45,157,0,0,70,1,0.9648843940391532
1609925,"Escola Básica de Barroselas, Viana do Castelo",Viana do Castelo,,,,1er_cycle_uniquement,138.0,40.0,30.0,30.0,38.0,0.0,,,,,,,,,,,,,,,,
1609928,"Escola Básica de Igreja, Cardielos, Viana do Castelo",Viana do Castelo,,,,1er_cycle_uniquement,0.0,0.0,0.0,0.0,0.0,,,,,,,,,,,,,,,,,
1609944,"Escola Básica de Igreja, Nogueira, Viana do Castelo",Viana do Castelo,,,,1er_cycle_uniquement,0.0,0.0,0.0,0.0,0.0,,,,,,,,,,,,,,,,,
1609980,"Escola Básica de Subportela, Cortegaça, Viana do Castelo",Viana do Castelo,,,,1er_cycle_uniquement,26.0,7.0,7.0,4.0,8.0,0.095,,,,,,,,,,,,,,,,
1610001,"Escola Básica do Norte, Campos, Vila Nova de Cerveira",Vila Nova de Cerveira,,,,1er_cycle_uniquement,125.0,33.0,24.0,30.0,38.0,0.0,,,,,,,,,,,,,,,,
1610209,Escola Básica de Vila Nova de Cerveira,Vila Nova de Cerveira,,,,1er_cycle_uniquement,160.0,44.0,31.0,48.0,37.0,0.015,,,,,,,,,,,,,,,,
1610300,"Escola Básica de São Sebastião, Vila Nova de Cerveira",Vila Nova de Cerveira,,,,1er_cycle_uniquement,34.0,5.0,8.0,11.0,10.0,0.085,,,,,,,,,,,,,,,,
1610981,Escola Básica e Secundária de Vila Nova de Cerveira,Vila Nova de Cerveira,,,,2eme_cycle_uniquement,,,,,,,83,109,75,86,77,82,74,81,0.54,0.46,155,0.029999999329447746,0.009999999776482582,71,0.9859154929577465,0.9600017592855957
1701002,Escola Básica de Alijó,Alijó,,,,1er_cycle_uniquement,112.0,26.0,33.0,19.0,34.0,0.0075,,,,,,,,,,,,,,,,
1701063,"Escola Básica do Pinhão, Alijó",Alijó,,,,2eme_cycle_uniquement,,,,,,,*,*,*,*,*,*,*,*,*,*,*,*,*,6,*,*
1701134,"Escola Básica de Pegarinhos, Alijó",Alijó,,,,1er_cycle_uniquement,0.0,0.0,0.0,0.0,0.0,,,,,,,,,,,,,,,,,
1701226,"Escola Básica de Vilar de Maçada, Alijó",Alijó,,,,1er_cycle_uniquement,0.0,0.0,0.0,0.0,0.0,,,,,,,,,,,,,,,,,
1701588,"Escola Básica n.º 1 de Pinhão, Alijó",Alijó,,,,1er_cycle_uniquement,22.0,6.0,5.0,6.0,5.0,0.0,,,,,,,,,,,,,,,,
1701770,"Escola Básica e Secundária D. Sancho II, Alijó",Alijó,,,,2eme_cycle_uniquement,,,,,,,66,72,65,68,68,65,50,69,0.47,0.53,119,0,0,67,1,0.9502664166919187
1701841,"Escola Básica de Favaios, Alijó",Alijó,,,,1er_cycle_uniquement,50.0,17.0,11.0,11.0,11.0,0.0,,,,,,,,,,,,,,,,
1701964,"Escola Básica de Sanfins do Douro, Alijó",Alijó,,,,1er_cycle_uniquement,29.0,7.0,7.0,7.0,8.0,0.0,,,,,,,,,,,,,,,,
1702189,Escola Básica de Boticas,Boticas,,,,1er_cycle_uniquement,93.0,22.0,28.0,22.0,21.0,0.01,,,,,,,,,,,,,,,,
1702965,"Escola Básica Gomes Monteiro, Boticas",Boticas,,,,2eme_cycle_uniquement,,,,,,,48,42,25,51,27,31,44,29,0.52,0.48,73,0,0,24,1,0.9556066619094906
1703001,"Escola Básica de Santa Cruz, Trindade, Chaves",Chaves,,,,1er_cycle_uniquement,423.0,101.0,114.0,102.0,106.0,0.0125,,,,,,,,,,,,,,,,
1703058,"Escola Básica n.º 1 de Vilar de Nantes, Chaves",Chaves,,,,1er_cycle_uniquement,31.0,9.0,8.0,7.0,7.0,0.0,,,,,,,,,,,,,,,,
1703072,"Escola Básica de Vidago, Chaves",Chaves,,,,1er_et_2eme_cycle,50.0,11.0,16.0,9.0,14.0,0.015,16,20,17,19,18,18,16,18,0.41000000000000003,0.59,34,0,0,18,0.9444444444444444,0.916181029032827
1703306,Escola Básica n.º 1 de Chaves,Chaves,,,,1er_cycle_uniquement,191.0,49.0,48.0,46.0,48.0,0.0,,,,,,,,,,,,,,,,
1703324,"Escola Básica e Secundária Fernão de Magalhães, Chaves",Chaves,,,,2eme_cycle_uniquement,,,,,,,33,65,76,37,51,76,54,59,0.51,0.49,113,0,0,50,1,0.9705649069453215
1703390,"Escola Básica Nadir Afonso, Chaves",Chaves,,,,2eme_cycle_uniquement,,,,,,,157,116,109,158,136,121,139,137,0.5700000000000001,0.43,276,0.029999999329447746,0.009999999776482582,129,0.9689922480620154,0.9596478468511725
1703455,"Escola Básica de Vila Verde da Raia, Chaves",Chaves,,,,1er_cycle_uniquement,0.0,0.0,0.0,0.0,0.0,,,,,,,,,,,,,,,,,
1703557,Externato AEIOU,Chaves,,,,1er_cycle_uniquement,0.0,0.0,0.0,0.0,0.0,,,,,,,,,,,,,,,,,
1703615,"Escola Básica Dr. Francisco Gonçalves Carneiro, Chaves",Chaves,,,,1er_et_2eme_cycle,149.0,40.0,24.0,42.0,43.0,0.0125,116,93,69,117,90,62,57,89,0.51,0.49,146,0.07000000029802322,0.019999999552965164,86,0.9651162790697675,0.9544403195705229
1703716,Externato Quinta da Fraga,Chaves,,,,1er_cycle_uniquement,0.0,0.0,0.0,0.0,0.0,,,,,,,,,,,,,,,,,
1703739,"Escola Básica de Bustelo, Chaves",Chaves,,,,1er_cycle_uniquement,0.0,0.0,0.0,0.0,0.0,,,,,,,,,,,,,,,,,
1703798,"Escola Básica de Mairos, Chaves",Chaves,,,,1er_cycle_uniquement,0.0,0.0,0.0,0.0,0.0,,,,,,,,,,,,,,,,,
1703821,Escola Básica n.º 3 de Chaves,Chaves,,,,1er_cycle_uniquement,87.0,23.0,23.0,20.0,21.0,0.0,,,,,,,,,,,,,,,,
1703857,"Escola Básica de Santo Estevão, Chaves",Chaves,,,,1er_cycle_uniquement,0.0,0.0,0.0,0.0,0.0,,,,,,,,,,,,,,,,,
1703969,Jardim Escola João de Deus Chaves,Chaves,,,,1er_cycle_uniquement,80.0,21.0,23.0,20.0,16.0,0.01,,,,,,,,,,,,,,,,
1703992,"Externato ""O Pinguim""",Chaves,,,,1er_cycle_uniquement,35.0,6.0,7.0,10.0,12.0,0.0,,,,,,,,,,,,,,,,
1704001,Escola Básica de Mesão Frio,Mesão Frio,,,,1er_cycle_uniquement,132.0,24.0,43.0,37.0,28.0,0.0,,,,,,,,,,,,,,,,
1704848,"Escola Básica e Secundária Professor António da Natividade, Mesão Frio",Mesão Frio,,,,2eme_cycle_uniquement,,,,,,,44,41,35,45,28,37,26,30,0.55,0.45,56,0,0,28,1,0.9533386807356753
1705001,Escola Básica de Mondim de Basto Oeste,Mondim de Basto,,,,1er_cycle_uniquement,150.0,37.0,41.0,34.0,38.0,0.0075,,,,,,,,,,,,,,,,
1705367,"Escola Básica de Vilarinho, Mondim de Basto",Mondim de Basto,,,,1er_cycle_uniquement,22.0,6.0,4.0,5.0,7.0,0.0,,,,,,,,,,,,,,,,
1705801,Escola Básica e Secundária de Mondim de Basto,Mondim de Basto,,,,2eme_cycle_uniquement,,,,,,,53,60,55,53,46,56,52,45,0.62,0.38,97,0.03999999910593033,0,45,1,0.9515668840687457
1706002,Escola Básica de Montalegre,Montalegre,,,,1er_cycle_uniquement,138.0,37.0,32.0,34.0,35.0,0.0075,,,,,,,,,,,,,,,,
1706147,"Escola Básica n.º 1 de Salto, Montalegre",Montalegre,,,,1er_cycle_uniquement,51.0,9.0,12.0,14.0,16.0,0.02,,,,,,,,,,,,,,,,
1706156,"Escola Básica de Cabril, Montalegre",Montalegre,,,,1er_cycle_uniquement,0.0,0.0,0.0,0.0,0.0,,,,,,,,,,,,,,,,,
1706541,"Escola Básica e Secundária do Baixo Barroso, Venda Nova, Montalegre",Montalegre,,,,2eme_cycle_uniquement,,,,,,,19,14,16,20,10,15,15,11,0.5,0.5,26,0,0,10,*,*
1706742,"Escola Básica e Secundária Dr. Bento da Cruz, Montalegre",Montalegre,,,,2eme_cycle_uniquement,,,,,,,25,31,31,26,40,33,36,42,0.5,0.5,78,0,0,39,1,0.9431213841691408
1707001,Escola Básica de Murça,Murça,,,,1er_cycle_uniquement,115.0,30.0,24.0,38.0,23.0,0.0,,,,,,,,,,,,,,,,
1707142,Escola Básica e Secundária de Murça,Murça,,,,2eme_cycle_uniquement,,,,,,,31,29,39,31,51,40,49,53,0.51,0.49,102,0,0,51,1,0.9611527404749363
1708001,"Escola Básica de Godim, Peso da Régua",Peso da Régua,,,,1er_cycle_uniquement,201.0,38.0,40.0,55.0,68.0,0.01,,,,,,,,,,,,,,,,
1708002,Escola Básica n.º 1 de Peso da Régua,Peso da Régua,,,,1er_cycle_uniquement,225.0,63.0,54.0,49.0,59.0,0.005,,,,,,,,,,,,,,,,
1708522,Escola Básica de Peso da Régua,Peso da Régua,,,,2eme_cycle_uniquement,,,,,,,140,135,154,127,166,131,117,155,0.5800000000000001,0.42,272,0.15000000596046448,0.029999999329447746,143,0.993006993006993,0.939526513978874
1709001,Escola Básica Ribeira de Pena,Ribeira de Pena,,,,1er_cycle_uniquement,109.0,30.0,24.0,28.0,27.0,0.01,,,,,,,,,,,,,,,,
1709092,Escola Básica e Secundária de Ribeira de Pena,Ribeira de Pena,,,,2eme_cycle_uniquement,,,,,,,22,33,25,22,35,25,24,36,0.5800000000000001,0.42,60,0,0,33,1,0.9405308699842632
1709707,"Escola Básica de Cerva, Ribeira de Pena",Ribeira de Pena,,,,2eme_cycle_uniquement,,,,,,,11,28,19,11,21,19,21,20,0.56,0.44,41,0,0.05000000074505806,19,0.9473684210526315,0.945328403537073
1709845,"Escola Básica n.º 1 de Cerva, Ribeira de Pena",Ribeira de Pena,,,,1er_cycle_uniquement,71.0,25.0,21.0,15.0,10.0,0.0125,,,,,,,,,,,,,,,,
1710091,"Escola Básica Fernão de Magalhães, Sabrosa",Sabrosa,,,,1er_cycle_uniquement,121.0,27.0,35.0,26.0,33.0,0.0,,,,,,,,,,,,,,,,
1710636,"Escola Básica e Secundária Miguel Torga, Sabrosa",Sabrosa,,,,2eme_cycle_uniquement,,,,,,,37,54,41,36,40,41,35,40,0.43999999999999995,0.56,75,0,0,37,1,0.9465264842273795
1711023,Escola Básica n.º 1 de Santa Marta de Penaguião,Santa Marta de Penaguião,,,,1er_cycle_uniquement,88.0,26.0,26.0,17.0,19.0,0.0,,,,,,,,,,,,,,,,
1711076,"Escola Básica de Fontes, Santa Marta de Penaguião",Santa Marta de Penaguião,,,,1er_cycle_uniquement,0.0,0.0,0.0,0.0,0.0,,,,,,,,,,,,,,,,,
1711085,"Escola Básica de Assento, Cumeeira, Santa Marta de Penaguião",Santa Marta de Penaguião,,,,1er_cycle_uniquement,26.0,10.0,7.0,4.0,5.0,0.0,,,,,,,,,,,,,,,,
1711226,Escola Básica de Santa Marta de Penaguião,Santa Marta de Penaguião,,,,2eme_cycle_uniquement,,,,,,,37,26,37,36,44,35,34,46,0.52,0.48,80,0,0.09000000357627869,43,0.9069767441860465,0.9455402128386631
1711736,"Escola Básica de São João de Lobrigos, Santa Marta de Penaguião",Santa Marta de Penaguião,,,,1er_cycle_uniquement,0.0,0.0,0.0,0.0,0.0,,,,,,,,,,,,,,,,,
1712002,Escola Básica de Valpaços,Valpaços,,,,1er_cycle_uniquement,227.0,75.0,47.0,47.0,58.0,0.01,,,,,,,,,,,,,,,,
1712307,"Escola Básica de Vilarandelo, Valpaços",Valpaços,,,,1er_cycle_uniquement,32.0,10.0,6.0,9.0,7.0,0.0425,,,,,,,,,,,,,,,,
1712735,"Escola Básica de Lebução, Valpaços",Valpaços,,,,1er_cycle_uniquement,0.0,0.0,0.0,0.0,0.0,,,,,,,,,,,,,,,,,
1712854,"Escola Básica José dos Anjos, Carrazedo de Montenegro, Valpaços",Valpaços,,,,1er_et_2eme_cycle,67.0,14.0,20.0,14.0,19.0,0.0,14,20,24,14,25,25,17,25,0.43000000000000005,0.57,42,0,0,25,1,0.9397711010775806
1712955,"Escola Básica Júlio do Carvalhal, Valpaços",Valpaços,,,,2eme_cycle_uniquement,,,,,,,70,94,76,63,63,72,75,66,0.5900000000000001,0.41,141,0.009999999776482582,0.029999999329447746,53,0.9811320754716981,0.9590644942981736
1713015,"Escola Básica de Campo, Campo de Jales, Vila Pouca de Aguiar",Vila Pouca de Aguiar,,,,1er_cycle_uniquement,0.0,0.0,0.0,0.0,0.0,,,,,,,,,,,,,,,,,
1713108,"Escola Básica de Pedras Salgadas, Vila Pouca de Aguiar",Vila Pouca de Aguiar,,,,1er_et_2eme_cycle,111.0,31.0,33.0,24.0,23.0,0.0,27,16,30,27,25,32,29,26,0.49,0.51,55,0.07000000029802322,0,23,1,0.9594375520122433
1713703,Escola Básica e Secundária de Vila Pouca de Aguiar - Sul,Vila Pouca de Aguiar,,,,1er_et_2eme_cycle,163.0,40.0,49.0,47.0,27.0,0.01,58,45,60,58,53,59,45,56,0.5,0.5,101,0,0,53,1,0.9652848832421679
1714002,"Escola Básica do Douro, Folhadela, Vila Real",Vila Real,,,,1er_cycle_uniquement,207.0,60.0,53.0,41.0,53.0,0.0325,,,,,,,,,,,,,,,,
1714003,"Escola Básica Abade de Mouçós, Mouçós, Vila Real",Vila Real,,,,1er_cycle_uniquement,149.0,39.0,44.0,31.0,35.0,0.0125,,,,,,,,,,,,,,,,
1714067,Escola Básica n.º 7 de Vila Real,Vila Real,,,,1er_cycle_uniquement,187.0,64.0,59.0,21.0,43.0,0.0725,,,,,,,,,,,,,,,,
1714100,Escola Básica n.º 2 de Vila Real,Vila Real,,,,1er_cycle_uniquement,219.0,44.0,75.0,51.0,49.0,0.0,,,,,,,,,,,,,,,,
1714112,Colégio João Paulo II - Vila Real,Vila Real,,,,1er_et_2eme_cycle,74.0,24.0,20.0,7.0,23.0,0.0,16,0,0,0,40,38,31,40,0.55,0.45,71,0,0,40,0.975,0.9905650606901693
1714183,"Escola Básica Diogo Cão, Vila Real",Vila Real,,,,2eme_cycle_uniquement,,,,,,,273,306,302,290,282,308,259,296,0.52,0.48,555,0,0.009999999776482582,279,0.996415770609319,0.9691286722039635
1714218,Nuclisol Jean Piaget- Udi Vila Real,Vila Real,,,,1er_cycle_uniquement,72.0,18.0,17.0,14.0,23.0,0.0,,,,,,,,,,,,,,,,
1714255,"Escola Básica de Árvores, Vila Real",Vila Real,,,,1er_cycle_uniquement,189.0,50.0,48.0,46.0,45.0,0.0,,,,,,,,,,,,,,,,
1714298,Escola Básica n.º 6 de Vila Real,Vila Real,,,,1er_cycle_uniquement,79.0,21.0,20.0,18.0,20.0,0.0,,,,,,,,,,,,,,,,
1714328,"Escola Básica de Arrabães, Vila Real",Vila Real,,,,1er_cycle_uniquement,30.0,9.0,7.0,7.0,7.0,0.0,,,,,,,,,,,,,,,,
1714377,"Escola Básica de Vilarinho da Samardã, Vila Real",Vila Real,,,,1er_cycle_uniquement,20.0,4.0,10.0,2.0,4.0,0.0,,,,,,,,,,,,,,,,
1714600,"Escola Básica Monsenhor Jerónimo do Amaral, Vila Real",Vila Real,,,,2eme_cycle_uniquement,,,,,,,157,145,162,161,147,157,142,160,0.52,0.48,302,0.029999999329447746,0.009999999776482582,143,0.9790209790209791,0.9676610374757796
1714721,Escola Básica n.º 3 de Vila Real,Vila Real,,,,1er_cycle_uniquement,114.0,24.0,23.0,19.0,48.0,0.0,,,,,,,,,,,,,,,,
1714859,"Escola Básica de Lordelo, Vila Real",Vila Real,,,,1er_cycle_uniquement,208.0,72.0,49.0,38.0,49.0,0.0,,,,,,,,,,,,,,,,
1714860,"Escola Básica de Prado, Vila Real",Vila Real,,,,1er_cycle_uniquement,97.0,22.0,25.0,25.0,25.0,0.0,,,,,,,,,,,,,,,,
1714915,Colégio Moderno de S. José,Vila Real,,,,1er_cycle_uniquement,56.0,14.0,22.0,20.0,0.0,0.0,,,,,,,,,,,,,,,,
1714981,"Escola Básica n.º 1 de Vila Seca, Vila Real",Vila Real,,,,1er_cycle_uniquement,47.0,10.0,15.0,9.0,13.0,0.0,,,,,,,,,,,,,,,,
1714984,"Escola Básica de Vendas de Cima, Vila Real",Vila Real,,,,1er_cycle_uniquement,31.0,8.0,7.0,7.0,9.0,0.0,,,,,,,,,,,,,,,,
1801001,"Escola Básica José Manuel Durão Barroso, Armamar",Armamar,,,,1er_cycle_uniquement,140.0,38.0,34.0,39.0,29.0,0.0075,,,,,,,,,,,,,,,,
1801278,"Escola Básica e Secundária Gomes Teixeira, Armamar",Armamar,,,,2eme_cycle_uniquement,,,,,,,42,45,42,41,41,44,37,41,0.47,0.53,78,0,0,39,1,0.945310386816935
1802001,"Escola Básica Nuno Álvares, Carregal do Sal",Carregal do Sal,,,,1er_cycle_uniquement,232.0,62.0,49.0,63.0,58.0,0.02,,,,,,,,,,,,,,,,
1802221,Escola Básica de Carregal do Sal,Carregal do Sal,,,,2eme_cycle_uniquement,,,,,,,76,59,55,76,51,60,57,59,0.53,0.47,116,0.07000000029802322,0.05000000074505806,50,0.98,0.9472828693405971
1802519,"Escola Básica Aristides de Sousa Mendes, Cabanas de Viriato, Carregal do Sal",Carregal do Sal,,,,1er_et_2eme_cycle,67.0,17.0,22.0,15.0,13.0,0.0225,18,13,17,17,16,16,12,17,0.55,0.45,29,0,0.05999999865889549,16,1,0.9592886762028441
1803093,"Escola Básica de Lamas, Castro Daire",Castro Daire,,,,1er_cycle_uniquement,0.0,0.0,0.0,0.0,0.0,,,,,,,,,,,,,,,,,
1803126,"Escola Básica de Mões, Castro Daire",Castro Daire,,,,1er_et_2eme_cycle,53.0,11.0,8.0,17.0,17.0,0.0625,34,41,35,34,17,35,18,19,0.49,0.51,37,0,0,17,1,0.95983881145678
1803270,Escola Básica de Castro Daire,Castro Daire,,,,1er_et_2eme_cycle,163.0,43.0,37.0,49.0,34.0,0.02,94,83,69,93,78,76,78,76,0.5700000000000001,0.43,154,0,0,75,0.9866666666666667,0.9570505402061051
1803281,"Escola Básica de Parada de Ester, Castro Daire",Castro Daire,,,,1er_cycle_uniquement,0.0,0.0,0.0,0.0,0.0,,,,,,,,,,,,,,,,,
1803370,"Escola Básica de Lamelas de Cá, Castro Daire",Castro Daire,,,,1er_cycle_uniquement,32.0,2.0,13.0,10.0,7.0,0.05,,,,,,,,,,,,,,,,
1803476,"Escola Básica de Póvoa do Veado, Castro Daire",Castro Daire,,,,1er_cycle_uniquement,0.0,0.0,0.0,0.0,0.0,,,,,,,,,,,,,,,,,
1803504,"Escola Básica de Alva, Castro Daire",Castro Daire,,,,1er_cycle_uniquement,0.0,0.0,0.0,0.0,0.0,,,,,,,,,,,,,,,,,
1803656,"Escola Básica de Picão, Castro Daire",Castro Daire,,,,1er_cycle_uniquement,0.0,0.0,0.0,0.0,0.0,,,,,,,,,,,,,,,,,
1803667,"Escola Básica de Carvalhas, Castro Daire",Castro Daire,,,,1er_cycle_uniquement,0.0,0.0,0.0,0.0,0.0,,,,,,,,,,,,,,,,,
1803694,"Escola Básica de Farejinhas, Castro Daire",Castro Daire,,,,1er_cycle_uniquement,0.0,0.0,0.0,0.0,0.0,,,,,,,,,,,,,,,,,
1803766,"Escola Básica de Mezio, Castro Daire",Castro Daire,,,,1er_cycle_uniquement,0.0,0.0,0.0,0.0,0.0,,,,,,,,,,,,,,,,,
1803795,"Escola Básica de Termas do Carvalhal, Castro Daire",Castro Daire,,,,1er_cycle_uniquement,35.0,9.0,11.0,8.0,7.0,0.0,,,,,,,,,,,,,,,,
1804001,"Escola Básica de Nespereira, Cinfães",Cinfães,,,,1er_cycle_uniquement,68.0,24.0,16.0,12.0,16.0,0.015,,,,,,,,,,,,,,,,
1804033,"Escola Básica de Fonte Coberta, Cinfães",Cinfães,,,,1er_cycle_uniquement,66.0,16.0,21.0,16.0,13.0,0.0125,,,,,,,,,,,,,,,,
1804043,"Escola Básica n.º 1 de Meridãos, Cinfães",Cinfães,,,,1er_cycle_uniquement,0.0,0.0,0.0,0.0,0.0,,,,,,,,,,,,,,,,,
1804183,Escola Básica de Cinfães,Cinfães,,,,1er_cycle_uniquement,111.0,38.0,18.0,24.0,31.0,0.0075,,,,,,,,,,,,,,,,
1804249,"Escola Básica de Lavra, Cinfães",Cinfães,,,,1er_cycle_uniquement,32.0,10.0,9.0,7.0,6.0,0.0,,,,,,,,,,,,,,,,
1804309,"Escola Básica de Oliveira do Douro, Cinfães",Cinfães,,,,1er_cycle_uniquement,51.0,15.0,18.0,9.0,9.0,0.0425,,,,,,,,,,,,,,,,
1804372,"Escola Básica General Serpa Pinto, Cinfães",Cinfães,,,,2eme_cycle_uniquement,,,,,,,112,104,94,105,99,98,94,98,0.5700000000000001,0.43,192,0,0.009999999776482582,99,0.9191919191919192,0.9372523252341046
1804400,"Escola Básica de São Cristóvão, Cinfães",Cinfães,,,,1er_cycle_uniquement,37.0,4.0,6.0,9.0,18.0,0.0,,,,,,,,,,,,,,,,
1804494,"Escola Básica de Tarouquela, Cinfães",Cinfães,,,,1er_cycle_uniquement,45.0,13.0,8.0,14.0,10.0,0.0,,,,,,,,,,,,,,,,
1804553,"Escola Básica de Souselo, Cinfães",Cinfães,,,,2eme_cycle_uniquement,,,,,,,48,50,51,48,52,54,50,52,0.48,0.52,102,0.019999999552965164,0.03999999910593033,49,0.9795918367346939,0.9371328632722653
1804730,"Escola Básica de Santiago de Piães, Cinfães",Cinfães,,,,1er_cycle_uniquement,69.0,9.0,17.0,16.0,27.0,0.015,,,,,,,,,,,,,,,,
1804853,"Escola Básica de Louredo, Cinfães",Cinfães,,,,1er_cycle_uniquement,21.0,5.0,2.0,7.0,7.0,0.0,,,,,,,,,,,,,,,,
1804924,"Escola Básica de Santa Isabel, Cinfães",Cinfães,,,,1er_cycle_uniquement,30.0,16.0,1.0,5.0,8.0,0.0,,,,,,,,,,,,,,,,
1805001,Escola Básica de Lamego Sudeste,Lamego,,,,1er_cycle_uniquement,76.0,20.0,17.0,21.0,18.0,0.0,,,,,,,,,,,,,,,,
1805003,"Escola Básica de Penude, Lamego",Lamego,,,,1er_cycle_uniquement,47.0,13.0,15.0,12.0,7.0,0.0375,,,,,,,,,,,,,,,,
1805004,Escola Básica n.º 1 de Lamego,Lamego,,,,1er_cycle_uniquement,364.0,96.0,90.0,92.0,86.0,0.0,,,,,,,,,,,,,,,,
1805032,"Escola Básica de Cambres, Lamego",Lamego,,,,1er_cycle_uniquement,23.0,6.0,8.0,2.0,7.0,0.0,,,,,,,,,,,,,,,,
1805257,"Escola Básica e Secundária da Sé, Lamego",Lamego,,,,2eme_cycle_uniquement,,,,,,,68,72,65,66,66,64,49,69,0.52,0.48,118,0,0,65,1,0.9628926030019143
1805447,Escola Básica n.º 2 de Lamego,Lamego,,,,1er_cycle_uniquement,177.0,49.0,34.0,52.0,42.0,0.0,,,,,,,,,,,,,,,,
1805921,Escola Básica de Lamego,Lamego,,,,2eme_cycle_uniquement,,,,,,,131,128,116,130,105,122,107,108,0.48,0.52,215,0,0,104,1,0.9561903219097453
1805987,Colégio de Lamego,Lamego,,,,1er_et_2eme_cycle,36.0,6.0,11.0,9.0,10.0,0.0,10,12,5,11,14,6,16,13,0.33999999999999997,0.66,29,0,0,12,*,*
1806128,"Escola Básica de Moimenta do Dão, Mangualde",Mangualde,,,,1er_cycle_uniquement,41.0,11.0,11.0,10.0,9.0,0.0,,,,,,,,,,,,,,,,
1806203,"Escola Básica de Chãs de Tavares, Mangualde",Mangualde,,,,1er_cycle_uniquement,34.0,8.0,15.0,5.0,6.0,0.05,,,,,,,,,,,,,,,,
1806510,"Escola Básica de Fagilde, Mangualde",Mangualde,,,,1er_cycle_uniquement,24.0,9.0,4.0,6.0,5.0,0.105,,,,,,,,,,,,,,,,
1806513,"Escola Básica de Santiago de Cassurrães, Mangualde",Mangualde,,,,1er_cycle_uniquement,36.0,7.0,12.0,6.0,11.0,0.0825,,,,,,,,,,,,,,,,
1806646,"Escola Básica de Mesquitela, Mangualde",Mangualde,,,,1er_cycle_uniquement,27.0,9.0,3.0,5.0,10.0,0.0825,,,,,,,,,,,,,,,,
1806731,"Escola Básica Ana de Castro Osório, Mangualde",Mangualde,,,,1er_cycle_uniquement,459.0,112.0,127.0,110.0,110.0,0.025,,,,,,,,,,,,,,,,
1806767,"Escola Básica Gomes Eanes de Azurara, Mangualde",Mangualde,,,,2eme_cycle_uniquement,,,,,,,160,151,151,164,153,162,163,168,0.52,0.48,331,0.03999999910593033,0.019999999552965164,149,0.9731543624161074,0.9578576775534885
1806833,"Escola Básica de Tibaldinho, Mangualde",Mangualde,,,,1er_cycle_uniquement,22.0,5.0,7.0,7.0,3.0,0.035,,,,,,,,,,,,,,,,
1807001,Escola Básica de Moimenta da Beira,Moimenta da Beira,,,,1er_cycle_uniquement,257.0,68.0,69.0,55.0,65.0,0.0,,,,,,,,,,,,,,,,
1807756,"Escola Básica de Alvite, Moimenta da Beira",Moimenta da Beira,,,,1er_cycle_uniquement,22.0,5.0,4.0,3.0,10.0,0.0,,,,,,,,,,,,,,,,
1807856,"Escola Básica de Leomil, Moimenta da Beira",Moimenta da Beira,,,,1er_cycle_uniquement,42.0,14.0,14.0,7.0,7.0,0.0175,,,,,,,,,,,,,,,,
1807935,Escola Básica e Secundária de Moimenta da Beira,Moimenta da Beira,,,,2eme_cycle_uniquement,,,,,,,86,91,82,87,83,83,66,85,0.47,0.53,151,0,0.009999999776482582,80,1,0.9366272316441995
1808001,"Escola Básica Dr. Afonso Abrantes, Mortágua",Mortágua,,,,1er_cycle_uniquement,270.0,72.0,67.0,57.0,74.0,0.01,,,,,,,,,,,,,,,,
1808317,"Escola Básica Dr. José Lopes de Oliveira, Mortágua",Mortágua,,,,2eme_cycle_uniquement,,,,,,,61,79,66,62,59,68,70,63,0.47,0.53,133,0.009999999776482582,0,54,1,0.9724852786038797
1809001,Escola Básica de Nelas,Nelas,,,,1er_cycle_uniquement,200.0,55.0,53.0,49.0,43.0,0.025,,,,,,,,,,,,,,,,
1809002,"Escola Básica do Fojo, Canas de Senhorim, Nelas",Nelas,,,,1er_cycle_uniquement,57.0,0.0,0.0,32.0,25.0,0.0,,,,,,,,,,,,,,,,
1809125,"Escola Básica Dr. Fortunato de Almeida, Nelas",Nelas,,,,2eme_cycle_uniquement,,,,,,,73,88,58,71,78,54,69,79,0.52,0.48,148,0.03999999910593033,0,73,0.9863013698630136,0.9554996207618636
1809164,Jardim Escola João de Deus Urgeiriça,Nelas,,,,1er_cycle_uniquement,27.0,9.0,10.0,3.0,5.0,0.0,,,,,,,,,,,,,,,,
1809183,"Escola Básica de Santar, Nelas",Nelas,,,,1er_cycle_uniquement,29.0,6.0,7.0,9.0,7.0,0.07,,,,,,,,,,,,,,,,
1809273,"Escola Básica da Feira, Canas de Senhorim, Nelas",Nelas,,,,1er_cycle_uniquement,55.0,34.0,21.0,0.0,0.0,0.0,,,,,,,,,,,,,,,,
1809365,"Escola Básica de Vale de Madeiros, Nelas",Nelas,,,,1er_cycle_uniquement,0.0,0.0,0.0,0.0,0.0,,,,,,,,,,,,,,,,,
1809385,"Escola Básica de Vilar Seco, Nelas",Nelas,,,,1er_cycle_uniquement,26.0,4.0,9.0,8.0,5.0,0.0,,,,,,,,,,,,,,,,
1809670,"Escola Básica de Aguieira, Nelas",Nelas,,,,1er_cycle_uniquement,0.0,0.0,0.0,0.0,0.0,,,,,,,,,,,,,,,,,
1809877,"Escola Básica e Secundária Eng. Dionísio Augusto Cunha, Canas de Senhorim, Nelas",Nelas,,,,2eme_cycle_uniquement,,,,,,,44,48,36,44,49,38,40,50,0.61,0.39,90,0,0,47,0.9787234042553191,0.968319558855587
1809961,"Escola Básica de Lapa do Lobo, Nelas",Nelas,,,,1er_cycle_uniquement,0.0,0.0,0.0,0.0,0.0,,,,,,,,,,,,,,,,,
1809971,"Escola Básica de Carvalhal Redondo, Nelas",Nelas,,,,1er_cycle_uniquement,54.0,14.0,20.0,12.0,8.0,0.0775,,,,,,,,,,,,,,,,
1810159,Escola Básica de Oliveira de Frades,Oliveira de Frades,,,,1er_cycle_uniquement,270.0,59.0,67.0,69.0,75.0,0.0175,,,,,,,,,,,,,,,,
1810275,"Escola Básica de Arcozelo das Maias, Oliveira de Frades",Oliveira de Frades,,,,1er_cycle_uniquement,33.0,13.0,5.0,9.0,6.0,0.0,,,,,,,,,,,,,,,,
1810566,"Escola Básica de Ribeiradio, Oliveira de Frades",Oliveira de Frades,,,,1er_cycle_uniquement,27.0,9.0,6.0,5.0,7.0,0.0425,,,,,,,,,,,,,,,,
1810946,Escola Básica e Secundária de Oliveira de Frades,Oliveira de Frades,,,,2eme_cycle_uniquement,,,,,,,79,94,70,79,103,77,106,108,0.51,0.49,214,0.019999999552965164,0,102,0.9901960784313726,0.9528751074003851
1811017,"Escola Básica de Castelo de Penalva, Penalva do Castelo",Penalva do Castelo,,,,1er_cycle_uniquement,0.0,0.0,0.0,0.0,0.0,,,,,,,,,,,,,,,,,
1811407,"Escola Básica de Sezures, Penalva do Castelo",Penalva do Castelo,,,,1er_cycle_uniquement,21.0,5.0,6.0,6.0,4.0,0.0,,,,,,,,,,,,,,,,
1811500,"Escola Básica de Ínsua, Penalva do Castelo",Penalva do Castelo,,,,1er_et_2eme_cycle,142.0,31.0,41.0,35.0,35.0,0.025,47,55,60,48,58,61,54,58,0.47,0.53,112,0,0,57,1,0.9618337929892581
1811630,"Escola Básica de Roriz, Penalva do Castelo",Penalva do Castelo,,,,1er_cycle_uniquement,31.0,8.0,7.0,5.0,11.0,0.0725,,,,,,,,,,,,,,,,
1812001,Escola Básica de Penedono,Penedono,,,,1er_cycle_uniquement,63.0,15.0,22.0,15.0,11.0,0.0,,,,,,,,,,,,,,,,
1812936,"Escola Básica Álvaro Coutinho - o Magriço, Penedono",Penedono,,,,2eme_cycle_uniquement,,,,,,,16,31,18,20,18,16,19,20,0.45999999999999996,0.54,39,0,0,17,1,0.958280712086106
1813001,Escola Básica n.º 1 de Resende,Resende,,,,1er_cycle_uniquement,207.0,49.0,63.0,45.0,50.0,0.0,,,,,,,,,,,,,,,,
1813302,"Escola Básica D. António José de Castro, Resende",Resende,,,,2eme_cycle_uniquement,,,,,,,88,91,87,92,82,89,73,87,0.5900000000000001,0.41,160,0,0.019999999552965164,82,0.9634146341463414,0.9500736905221956
1813756,"Escola Básica de São Martinho de Mouros, Resende",Resende,,,,1er_cycle_uniquement,51.0,14.0,17.0,13.0,7.0,0.0,,,,,,,,,,,,,,,,
1813817,"Escola Básica de São Cipriano, Resende",Resende,,,,1er_cycle_uniquement,41.0,10.0,12.0,6.0,13.0,0.0,,,,,,,,,,,,,,,,
1814002,Escola Básica de Santa Comba Dão-Centro,Santa Comba Dão,,,,1er_cycle_uniquement,123.0,23.0,41.0,22.0,37.0,0.0,,,,,,,,,,,,,,,,
1814003,Escola Básica de Santa Comba Dão-Sul,Santa Comba Dão,,,,1er_cycle_uniquement,86.0,21.0,23.0,22.0,20.0,0.0,,,,,,,,,,,,,,,,
1814004,Escola Básica de Santa Comba Dão-Norte,Santa Comba Dão,,,,1er_cycle_uniquement,77.0,22.0,21.0,17.0,17.0,0.0,,,,,,,,,,,,,,,,
1814829,Escola Básica de Santa Comba Dão,Santa Comba Dão,,,,2eme_cycle_uniquement,,,,,,,95,101,77,96,89,79,71,97,0.55,0.45,168,0,0.029999999329447746,87,0.9885057471264368,0.960812087375344
1815037,"Escola Básica de Ervedosa do Douro, São João da Pesqueira",São João da Pesqueira,,,,1er_cycle_uniquement,31.0,4.0,10.0,4.0,13.0,0.07,,,,,,,,,,,,,,,,
1815228,"Escola Básica de Paredes da Beira, São João da Pesqueira",São João da Pesqueira,,,,1er_cycle_uniquement,29.0,9.0,5.0,7.0,8.0,0.0,,,,,,,,,,,,,,,,
1815360,Escola Básica e Secundária de São João da Pesqueira,São João da Pesqueira,,,,2eme_cycle_uniquement,,,,,,,71,51,60,67,49,62,37,52,0.51,0.49,89,0.029999999329447746,0.019999999552965164,48,0.9583333333333334,0.9499483905125993
1815704,"Escola Básica de Trevões, São João da Pesqueira",São João da Pesqueira,,,,1er_cycle_uniquement,25.0,9.0,5.0,9.0,2.0,0.05,,,,,,,,,,,,,,,,
1815925,Escola Básica de São João da Pesqueira,São João da Pesqueira,,,,1er_cycle_uniquement,113.0,31.0,25.0,29.0,28.0,0.0,,,,,,,,,,,,,,,,
1816001,Escola Básica n.º 1 de São Pedro do Sul,São Pedro do Sul,,,,1er_cycle_uniquement,242.0,59.0,65.0,59.0,59.0,0.0,,,,,,,,,,,,,,,,
1816107,"Escola Básica de Figueiredo de Alva, São Pedro do Sul",São Pedro do Sul,,,,1er_cycle_uniquement,0.0,0.0,0.0,0.0,0.0,,,,,,,,,,,,,,,,,
1816112,"Escola Básica de Sul, São Pedro do Sul",São Pedro do Sul,,,,1er_cycle_uniquement,20.0,4.0,7.0,4.0,5.0,0.135,,,,,,,,,,,,,,,,
1816238,"Escola Básica de Manhouce, São Pedro do Sul",São Pedro do Sul,,,,1er_cycle_uniquement,0.0,0.0,0.0,0.0,0.0,,,,,,,,,,,,,,,,,
1816242,"Escola Básica de Carvalhais, São Pedro do Sul",São Pedro do Sul,,,,1er_cycle_uniquement,36.0,12.0,4.0,13.0,7.0,0.0,,,,,,,,,,,,,,,,
1816332,"Escola Básica de Santa Cruz da Trapa, São Pedro do Sul",São Pedro do Sul,,,,1er_et_2eme_cycle,65.0,20.0,13.0,12.0,20.0,0.0,24,25,28,26,35,28,32,31,0.73,0.27,63,0,0.029999999329447746,35,0.8571428571428571,0.94563095475845
1816487,"Escola Básica de Vila Maior, São Pedro do Sul",São Pedro do Sul,,,,1er_cycle_uniquement,26.0,7.0,4.0,11.0,4.0,0.0,,,,,,,,,,,,,,,,
1816619,"Escola Básica de Pindelo dos Milagres, São Pedro do Sul",São Pedro do Sul,,,,1er_cycle_uniquement,0.0,0.0,0.0,0.0,0.0,,,,,,,,,,,,,,,,,
1816992,Escola Básica n.º 2 de São Pedro do Sul,São Pedro do Sul,,,,2eme_cycle_uniquement,,,,,,,90,83,103,92,92,108,86,102,0.51,0.49,188,0,0.029999999329447746,90,1,0.9654263051070178
1817001,Escola Básica de Sátão,Sátão,,,,1er_cycle_uniquement,256.0,54.0,67.0,62.0,73.0,0.01,,,,,,,,,,,,,,,,
1817042,"Escola Básica de Rãs, Sátão",Sátão,,,,1er_cycle_uniquement,25.0,3.0,11.0,3.0,8.0,0.045,,,,,,,,,,,,,,,,
1817158,"Escola Básica Ferreira Lapa, Sátão",Sátão,,,,2eme_cycle_uniquement,,,,,,,77,74,74,79,81,82,74,86,0.47,0.53,160,0,0,72,1,0.9587038072412203
1817364,"Escola Básica de Ferreira de Aves, Sátão",Sátão,,,,1er_et_2eme_cycle,42.0,13.0,11.0,7.0,11.0,0.0,11,10,13,11,15,13,16,16,0.5,0.5,32,0,0,15,1,0.9702133706990702
1817583,"Escola Básica de Casal de Cima, Sátão",Sátão,,,,1er_cycle_uniquement,0.0,0.0,0.0,0.0,0.0,,,,,,,,,,,,,,,,,
1817758,"Escola Básica de Abrunhosa, Sátão",Sátão,,,,1er_cycle_uniquement,34.0,11.0,10.0,5.0,8.0,0.05,,,,,,,,,,,,,,,,
1818661,"Escola Básica Padre João Rodrigues, Veiga, Sernancelhe",Sernancelhe,,,,1er_et_2eme_cycle,136.0,36.0,24.0,36.0,40.0,0.015,30,35,36,27,30,38,37,29,0.47,0.53,66,0,0,28,1,0.944036306804583
1819030,"Escola Básica e Secundária Abel Botelho, Tabuaço",Tabuaço,,,,1er_et_2eme_cycle,104.0,27.0,24.0,26.0,27.0,0.0,24,47,27,26,34,29,25,31,0.5700000000000001,0.43,56,0,0.029999999329447746,32,0.90625,0.9540876351632066
1820172,Escola Básica de Tarouca,Tarouca,,,,1er_cycle_uniquement,270.0,75.0,62.0,72.0,61.0,0.0275,,,,,,,,,,,,,,,,
1820735,"Escola Básica e Secundária Dr. José Leite de Vasconcelos, Tarouca",Tarouca,,,,2eme_cycle_uniquement,,,,,,,70,64,68,75,54,79,76,60,0.54,0.46,136,0.029999999329447746,0.07000000029802322,52,0.9038461538461539,0.9423742657182126
1821268,"Escola Básica Professor Doutor Carlos Mota Pinto, Lajeosa do Dão, Tondela",Tondela,,,,1er_et_2eme_cycle,43.0,11.0,16.0,8.0,8.0,0.0,9,11,12,9,14,11,13,14,0.56,0.44,27,0,0.07000000029802322,13,*,*
1821454,"Escola Básica de Vilar de Besteiros, Tondela",Tondela,,,,1er_cycle_uniquement,32.0,12.0,8.0,6.0,6.0,0.0,,,,,,,,,,,,,,,,
1821532,"Escola Básica de Canas de Santa Maria, Tondela",Tondela,,,,1er_cycle_uniquement,79.0,19.0,24.0,15.0,21.0,0.0175,,,,,,,,,,,,,,,,
1821552,"Escola Básica de Campo de Besteiros, Tondela",Tondela,,,,1er_et_2eme_cycle,88.0,24.0,24.0,15.0,25.0,0.01,40,42,43,40,41,40,40,42,0.48,0.52,82,0.029999999329447746,0,41,0.926829268292683,0.9548580572519807
1821643,"Escola Básica de Adiça, Tondela",Tondela,,,,1er_cycle_uniquement,44.0,9.0,5.0,14.0,16.0,0.0175,,,,,,,,,,,,,,,,
1821644,"Escola Básica de Outeiro de Baixo, Tondela",Tondela,,,,1er_cycle_uniquement,0.0,0.0,0.0,0.0,0.0,,,,,,,,,,,,,,,,,
1821657,"Escola Básica de São João do Monte, Tondela",Tondela,,,,1er_cycle_uniquement,0.0,0.0,0.0,0.0,0.0,,,,,,,,,,,,,,,,,
1821681,"Escola Básica de Caramulo, Tondela",Tondela,,,,1er_et_2eme_cycle,25.0,8.0,6.0,4.0,7.0,0.0425,12,17,10,16,12,11,12,13,0.56,0.44,25,0,0,12,*,*
1821750,"Escola Básica de Tonda, Tondela",Tondela,,,,1er_cycle_uniquement,23.0,6.0,3.0,7.0,7.0,0.0,,,,,,,,,,,,,,,,
1821827,"Escola Básica de Tourigo, Tondela",Tondela,,,,1er_cycle_uniquement,0.0,0.0,0.0,0.0,0.0,,,,,,,,,,,,,,,,,
1821836,"Escola Básica de São Miguel do Outeiro, Tondela",Tondela,,,,1er_cycle_uniquement,0.0,0.0,0.0,0.0,0.0,,,,,,,,,,,,,,,,,
1821849,"Escola Básica de Molelos, Tondela",Tondela,,,,1er_cycle_uniquement,77.0,19.0,16.0,21.0,21.0,0.015,,,,,,,,,,,,,,,,
1821880,Escola Básica de Tondela,Tondela,,,,1er_et_2eme_cycle,268.0,73.0,69.0,75.0,51.0,0.0,124,131,111,124,133,120,141,141,0.48,0.52,282,0.019999999552965164,0.03999999910593033,129,0.9767441860465116,0.9643729760277093
1821952,"Escola Básica de Lobão da Beira, Tondela",Tondela,,,,1er_cycle_uniquement,0.0,0.0,0.0,0.0,0.0,,,,,,,,,,,,,,,,,
1822353,"Escola Básica Aquilino Ribeiro, Vila Nova de Paiva",Vila Nova de Paiva,,,,2eme_cycle_uniquement,,,,,,,35,44,47,34,45,48,28,48,0.5800000000000001,0.42,76,0.03999999910593033,0.03999999910593033,39,0.9487179487179487,0.9424389320710923
1822444,"Escola Básica de Vila Cova à Coelheira, Vila Nova de Paiva",Vila Nova de Paiva,,,,1er_cycle_uniquement,23.0,4.0,7.0,6.0,6.0,0.035,,,,,,,,,,,,,,,,
1822919,Escola Básica de Vila Nova de Paiva,Vila Nova de Paiva,,,,1er_cycle_uniquement,87.0,16.0,27.0,22.0,22.0,0.0175,,,,,,,,,,,,,,,,
1822938,"Escola Básica de Touro, Vila Nova de Paiva",Vila Nova de Paiva,,,,1er_cycle_uniquement,0.0,0.0,0.0,0.0,0.0,,,,,,,,,,,,,,,,,
1823002,"Escola Básica Professor Rolando de Oliveira, Abraveses, Viseu",Viseu,,,,1er_cycle_uniquement,177.0,46.0,44.0,40.0,47.0,0.0,,,,,,,,,,,,,,,,
1823003,"Escola Básica Mestre Arnaldo Malho, Rio de Loba, Viseu",Viseu,,,,1er_cycle_uniquement,175.0,48.0,40.0,43.0,44.0,0.0075,,,,,,,,,,,,,,,,
1823004,"Escola Básica Aquilino Ribeiro, Ranhados, Viseu",Viseu,,,,1er_cycle_uniquement,207.0,46.0,69.0,44.0,48.0,0.0225,,,,,,,,,,,,,,,,
1823015,"Escola Básica de Santa Eugénia, Viso, Viseu",Viseu,,,,1er_cycle_uniquement,84.0,20.0,24.0,20.0,20.0,0.0,,,,,,,,,,,,,,,,
1823016,"Escola Básica de São Salvador, Viseu",Viseu,,,,1er_cycle_uniquement,47.0,15.0,8.0,12.0,12.0,0.0,,,,,,,,,,,,,,,,
1823025,"Escola Básica de S. Miguel, Viseu",Viseu,,,,1er_cycle_uniquement,86.0,22.0,20.0,23.0,21.0,0.025,,,,,,,,,,,,,,,,
1823036,"Escola Básica de Vila Chã de Sá, Viseu",Viseu,,,,1er_cycle_uniquement,59.0,10.0,19.0,11.0,19.0,0.0675,,,,,,,,,,,,,,,,
1823048,"Escola Básica de Travassós de Cima, Viseu",Viseu,,,,1er_cycle_uniquement,39.0,13.0,12.0,8.0,6.0,0.135,,,,,,,,,,,,,,,,
1823072,"Escola Básica de Calde, Viseu",Viseu,,,,1er_cycle_uniquement,27.0,10.0,2.0,3.0,12.0,0.0,,,,,,,,,,,,,,,,
1823083,"Escola Básica de Tondelinha, Orgens, Viseu",Viseu,,,,1er_cycle_uniquement,40.0,10.0,10.0,12.0,8.0,0.0,,,,,,,,,,,,,,,,
1823105,Colégio da Imaculada Conceição,Viseu,,,,1er_et_2eme_cycle,118.0,40.0,26.0,26.0,26.0,0.01,22,35,18,23,20,20,47,25,0.5800000000000001,0.42,72,0,0,18,1,0.9922724468683914
1823120,"Escola Básica João de Barros, Marzovelos, Viseu",Viseu,,,,1er_et_2eme_cycle,195.0,50.0,48.0,49.0,48.0,0.005,112,116,115,111,119,118,125,124,0.51,0.49,249,0,0.009999999776482582,113,0.9911504424778761,0.9752904378413242
1823132,"Escola Básica n.º 2 de Mundão, Viseu",Viseu,,,,1er_cycle_uniquement,33.0,7.0,13.0,10.0,3.0,0.0,,,,,,,,,,,,,,,,
1823200,"Escola Básica de Nesprido, Viseu",Viseu,,,,1er_cycle_uniquement,0.0,0.0,0.0,0.0,0.0,,,,,,,,,,,,,,,,,
1823203,"Escola Básica de São Martinho de Orgens, Viseu",Viseu,,,,1er_cycle_uniquement,44.0,13.0,11.0,10.0,10.0,0.0225,,,,,,,,,,,,,,,,
1823204,"Escola Básica D. Luis Loureiro, Silgueiros, Viseu",Viseu,,,,2eme_cycle_uniquement,,,,,,,25,33,23,26,32,27,40,39,0.51,0.49,79,0.05000000074505806,0.12999999523162842,26,1,0.854927577175215
1823242,"Escola Básica de Bigas, Viseu",Viseu,,,,1er_cycle_uniquement,0.0,0.0,0.0,0.0,0.0,,,,,,,,,,,,,,,,,
1823259,"Escola Básica de São João de Lourosa, Viseu",Viseu,,,,1er_cycle_uniquement,58.0,23.0,9.0,15.0,11.0,0.1175,,,,,,,,,,,,,,,,
1823313,"Escola Básica n.º 1 de Mundão, Viseu",Viseu,,,,1er_cycle_uniquement,40.0,12.0,8.0,9.0,11.0,0.0325,,,,,,,,,,,,,,,,
1823319,"Escola Básica de Gumirães, Viseu",Viseu,,,,1er_cycle_uniquement,86.0,24.0,20.0,21.0,21.0,0.0125,,,,,,,,,,,,,,,,
1823347,"Escola Básica de Fragosela de Cima, Viseu",Viseu,,,,1er_cycle_uniquement,82.0,24.0,18.0,20.0,20.0,0.0,,,,,,,,,,,,,,,,
1823405,"Escola Básica de Barbeita, Viseu",Viseu,,,,1er_cycle_uniquement,41.0,20.0,4.0,10.0,7.0,0.0,,,,,,,,,,,,,,,,
1823425,"Escola Básica de Avenida, Viseu",Viseu,,,,1er_cycle_uniquement,91.0,24.0,27.0,16.0,24.0,0.0425,,,,,,,,,,,,,,,,
1823432,"Escola Básica de Portela, Viseu",Viseu,,,,1er_cycle_uniquement,0.0,0.0,0.0,0.0,0.0,,,,,,,,,,,,,,,,,
1823445,"Escola Básica de Santiago, Viseu",Viseu,,,,1er_cycle_uniquement,92.0,24.0,20.0,24.0,24.0,0.0125,,,,,,,,,,,,,,,,
1823446,"Escola Básica de Casal de Esporão, Viseu",Viseu,,,,1er_cycle_uniquement,25.0,9.0,6.0,3.0,7.0,0.0,,,,,,,,,,,,,,,,
1823448,"Escola Básica de Cavernães, Viseu",Viseu,,,,1er_cycle_uniquement,37.0,9.0,15.0,7.0,6.0,0.0325,,,,,,,,,,,,,,,,
1823454,Jardim Escola João de Deus de Viseu,Viseu,,,,1er_cycle_uniquement,87.0,25.0,24.0,18.0,20.0,0.01,,,,,,,,,,,,,,,,
1823455,"Escola Básica de Oliveira de Barreiros, Viseu",Viseu,,,,1er_cycle_uniquement,26.0,5.0,6.0,7.0,8.0,0.125,,,,,,,,,,,,,,,,
1823463,"Escola Básica de Torredeita, Viseu",Viseu,,,,1er_cycle_uniquement,52.0,17.0,16.0,8.0,11.0,0.0,,,,,,,,,,,,,,,,
1823467,"Escola Básica de Campo, Viseu",Viseu,,,,1er_cycle_uniquement,40.0,0.0,20.0,0.0,20.0,0.025,,,,,,,,,,,,,,,,
1823487,"Colégio ""Via Sacra""",Viseu,,,,1er_et_2eme_cycle,331.0,70.0,96.0,81.0,84.0,0.0,84,83,84,83,82,82,77,83,0.49,0.51,160,0,0,82,1,0.9908512588170735
1823506,"Escola Básica de Cepões, Viseu",Viseu,,,,1er_cycle_uniquement,0.0,0.0,0.0,0.0,0.0,,,,,,,,,,,,,,,,,
1823529,"Escola Básica de Vildemoinhos, Viseu",Viseu,,,,1er_cycle_uniquement,113.0,21.0,24.0,48.0,20.0,0.0,,,,,,,,,,,,,,,,
1823532,"Escola Básica de Oliveira de Baixo, Viseu",Viseu,,,,1er_cycle_uniquement,38.0,6.0,10.0,13.0,9.0,0.02,,,,,,,,,,,,,,,,
1823567,"Escola Básica Infante D. Henrique, Repeses, Viseu",Viseu,,,,2eme_cycle_uniquement,,,,,,,151,138,156,152,134,154,146,133,0.49,0.51,279,0.009999999776482582,0.019999999552965164,125,0.992,0.9616674974209323
1823568,"Escola Básica de Viso, Viseu",Viseu,,,,2eme_cycle_uniquement,,,,,,,128,133,130,127,120,133,148,121,0.53,0.47,269,0.029999999329447746,0.009999999776482582,117,0.9658119658119658,0.9626840558452611
1823569,"Escola Básica n.º 3 de Mundão, Viseu",Viseu,,,,2eme_cycle_uniquement,,,,,,,39,43,44,41,56,44,59,57,0.53,0.47,116,0.029999999329447746,0,48,1,0.9591019019152888
1823573,"Escola Básica de Vila Nova do Campo, Viseu",Viseu,,,,1er_cycle_uniquement,39.0,20.0,0.0,19.0,0.0,0.0,,,,,,,,,,,,,,,,
1823575,"Escola Básica de Jugueiros, Viseu",Viseu,,,,1er_cycle_uniquement,181.0,44.0,41.0,47.0,49.0,0.005,,,,,,,,,,,,,,,,
1823605,"Escola Básica de Ribeira, Viseu",Viseu,,,,1er_cycle_uniquement,206.0,62.0,46.0,41.0,57.0,0.0125,,,,,,,,,,,,,,,,
1823615,"Escola Básica D. Duarte, Vil de Soito, Viseu",Viseu,,,,2eme_cycle_uniquement,,,,,,,46,55,46,50,49,54,48,58,0.55,0.45,106,0.019999999552965164,0.07000000029802322,38,0.9736842105263158,0.9530204703344204
1823616,"Escola Básica de Loureiro de Silgueiros, Viseu",Viseu,,,,1er_cycle_uniquement,29.0,9.0,6.0,5.0,9.0,0.0425,,,,,,,,,,,,,,,,
1823619,"Escola Básica de Santos Evos, Viseu",Viseu,,,,1er_cycle_uniquement,20.0,4.0,8.0,4.0,4.0,0.0,,,,,,,,,,,,,,,,
1823622,"Escola Básica Maria Cecília Correia, Viseu",Viseu,,,,1er_cycle_uniquement,97.0,26.0,24.0,23.0,24.0,0.0,,,,,,,,,,,,,,,,
1823635,"Escola Básica de Moselos, Viseu",Viseu,,,,1er_cycle_uniquement,40.0,8.0,13.0,8.0,11.0,0.0,,,,,,,,,,,,,,,,
1823686,"Escola Básica de Couto de Cima, Viseu",Viseu,,,,1er_cycle_uniquement,39.0,11.0,9.0,8.0,11.0,0.0,,,,,,,,,,,,,,,,
1823691,"Escola Básica de Póvoa de Abraveses, Viseu",Viseu,,,,1er_cycle_uniquement,88.0,24.0,22.0,20.0,22.0,0.07,,,,,,,,,,,,,,,,
1823709,"Escola Básica de Fail, Viseu",Viseu,,,,1er_cycle_uniquement,0.0,0.0,0.0,0.0,0.0,,,,,,,,,,,,,,,,,
1823725,"Escola Básica de Passos de Silgueiros, Viseu",Viseu,,,,1er_cycle_uniquement,40.0,12.0,8.0,10.0,10.0,0.0,,,,,,,,,,,,,,,,
1823743,"Escola Básica de Sanguinhedo de Cota, Viseu",Viseu,,,,1er_cycle_uniquement,0.0,0.0,0.0,0.0,0.0,,,,,,,,,,,,,,,,,
1823768,"Escola Básica de Pascoal, Viseu",Viseu,,,,1er_cycle_uniquement,42.0,14.0,8.0,5.0,15.0,0.095,,,,,,,,,,,,,,,,
1823772,"Escola Básica de Teivas, Viseu",Viseu,,,,1er_cycle_uniquement,20.0,6.0,6.0,4.0,4.0,0.145,,,,,,,,,,,,,,,,
1823804,"Escola Básica de Póvoa de Sobrinhos, Viseu",Viseu,,,,1er_cycle_uniquement,47.0,13.0,11.0,11.0,12.0,0.0675,,,,,,,,,,,,,,,,
1823851,"Escola Básica de Lustosa, Viseu",Viseu,,,,1er_cycle_uniquement,0.0,0.0,0.0,0.0,0.0,,,,,,,,,,,,,,,,,
1823872,"Escola Básica de Farminhão, Viseu",Viseu,,,,1er_cycle_uniquement,31.0,7.0,9.0,5.0,10.0,0.0,,,,,,,,,,,,,,,,
1823897,"Escola Básica de Abraveses, Viseu",Viseu,,,,1er_cycle_uniquement,87.0,24.0,20.0,22.0,21.0,0.0125,,,,,,,,,,,,,,,,
1823898,"Escola Básica do Bairro Municipal, Viseu",Viseu,,,,1er_cycle_uniquement,69.0,26.0,15.0,9.0,19.0,0.1075,,,,,,,,,,,,,,,,
1823907,"Escola Básica de Paradinha, Viseu",Viseu,,,,1er_cycle_uniquement,43.0,14.0,12.0,10.0,7.0,0.02,,,,,,,,,,,,,,,,
1823962,"Escola Básica Dr. Azeredo Perdigão, Abraveses, Viseu",Viseu,,,,2eme_cycle_uniquement,,,,,,,163,203,161,159,204,167,159,205,0.52,0.48,364,0.009999999776482582,0,195,0.9897435897435898,0.9625606355247032
1823976,"Escola Básica de Povolide, Viseu",Viseu,,,,1er_cycle_uniquement,23.0,4.0,11.0,2.0,6.0,0.0225,,,,,,,,,,,,,,,,
1823994,"Escola Básica Grão Vasco, Viseu",Viseu,,,,2eme_cycle_uniquement,,,,,,,195,220,200,199,210,198,218,227,0.47,0.53,445,0.009999999776482582,0.05000000074505806,193,0.9740932642487047,0.9648959163139399
1823998,"Escola Básica de Repeses, Viseu",Viseu,,,,1er_cycle_uniquement,90.0,24.0,21.0,24.0,21.0,0.0,,,,,,,,,,,,,,,,
1824001,"Escola Básica de Queirã, Vouzela",Vouzela,,,,1er_cycle_uniquement,25.0,8.0,8.0,7.0,2.0,0.0325,,,,,,,,,,,,,,,,
1824188,"Escola Básica de Moçâmedes, Vouzela",Vouzela,,,,1er_cycle_uniquement,23.0,3.0,5.0,5.0,10.0,0.0,,,,,,,,,,,,,,,,
1824407,"Escola Básica de Campia, Vouzela",Vouzela,,,,1er_et_2eme_cycle,50.0,17.0,13.0,10.0,10.0,0.07,19,19,18,20,17,18,19,15,0.62,0.38,34,0,0,16,0.875,0.9412109303859065
1824523,"Escola Básica Dr. José Girão Pereira, Cambra, Vouzela",Vouzela,,,,1er_cycle_uniquement,49.0,14.0,11.0,11.0,13.0,0.045,,,,,,,,,,,,,,,,
1824545,"Escola Básica de Paços de Vilharigues, Vouzela",Vouzela,,,,1er_cycle_uniquement,0.0,0.0,0.0,0.0,0.0,,,,,,,,,,,,,,,,,
1824764,"Escola Básica de Fataunços, Vouzela",Vouzela,,,,1er_cycle_uniquement,0.0,0.0,0.0,0.0,0.0,,,,,,,,,,,,,,,,,
1824809,"Escola Básica de Viladra, Vouzela",Vouzela,,,,1er_cycle_uniquement,26.0,9.0,8.0,3.0,6.0,0.0,,,,,,,,,,,,,,,,
1824992,Escola Básica de Vouzela,Vouzela,,,,1er_et_2eme_cycle,103.0,30.0,30.0,19.0,24.0,0.0,48,44,69,48,59,72,48,64,0.45999999999999996,0.54,112,0.05999999865889549,0.07999999821186066,54,0.9259259259259259,0.9639598571476138
201001,Escola Básica de Aljustrel,Aljustrel,Aveiro,Região de Aveiro,Centro,1er_cycle_uniquement,234.0,65.0,50.0,52.0,67.0,0.055,,,,,,,,,,,,,,,,
201090,"Escola Básica de Ervidel, Aljustrel",Aljustrel,Aveiro,Região de Aveiro,Centro,1er_cycle_uniquement,23.0,6.0,5.0,7.0,5.0,0.0,,,,,,,,,,,,,,,,
201282,"Escola Básica de Montes Velhos, Aljustrel",Aljustrel,Aveiro,Região de Aveiro,Centro,1er_cycle_uniquement,35.0,9.0,10.0,8.0,8.0,0.125,,,,,,,,,,,,,,,,
201450,"Escola Básica Dr. Manuel Brito Camacho, Aljustrel",Aljustrel,,,,2eme_cycle_uniquement,,,,,,,76,83,97,76,52,96,76,57,0.55,0.45,133,0.09000000357627869,0.05000000074505806,52,0.9423076923076923,0.9474452032844085
201582,"Escola Básica de Messejana, Aljustrel",Aljustrel,Aveiro,Região de Aveiro,Centro,1er_cycle_uniquement,0.0,0.0,0.0,0.0,0.0,,,,,,,,,,,,,,,,,
202249,"Escola Básica e Secundária Dr. João Brito Camacho, Almodôvar",Almodôvar,,,,2eme_cycle_uniquement,,,,,,,66,51,50,67,65,50,48,64,0.47,0.53,112,0,0,63,1,0.9631010451575458
202279,"Escola Básica de Rosário, Almodôvar",Almodôvar,Beja,Baixo Alentejo,Alentejo,1er_cycle_uniquement,0.0,0.0,0.0,0.0,0.0,,,,,,,,,,,,,,,,,
202295,"Escola Básica de Santa Clara-a-Nova, Almodôvar",Almodôvar,Beja,Baixo Alentejo,Alentejo,1er_cycle_uniquement,0.0,0.0,0.0,0.0,0.0,,,,,,,,,,,,,,,,,
202341,"Escola Básica de Telhada, Almodôvar",Almodôvar,Beja,Baixo Alentejo,Alentejo,1er_cycle_uniquement,0.0,0.0,0.0,0.0,0.0,,,,,,,,,,,,,,,,,
202509,"Escola Básica de Aldeia dos Fernandes, Almodôvar",Almodôvar,Beja,Baixo Alentejo,Alentejo,1er_cycle_uniquement,0.0,0.0,0.0,0.0,0.0,,,,,,,,,,,,,,,,,
202916,Escola Básica de Almodôvar,Almodôvar,Beja,Baixo Alentejo,Alentejo,1er_cycle_uniquement,138.0,48.0,34.0,27.0,29.0,0.0475,,,,,,,,,,,,,,,,
203001,Escola Básica n.º 1 de Alvito,Alvito,Braga,Cávado,Norte,1er_et_2eme_cycle,90.0,24.0,19.0,23.0,24.0,0.0,12,15,24,15,15,24,18,18,0.43999999999999995,0.56,36,0.05999999865889549,0.05999999865889549,14,*,*
204506,Escola Básica de Barrancos,Barrancos,Bragança,Terras de Trás-os-Montes,Norte,1er_et_2eme_cycle,48.0,12.0,16.0,10.0,10.0,0.0,15,8,10,15,14,11,8,13,0.52,0.48,21,0.12999999523162842,0,14,*,*
205005,"Escola Básica de Salvada, Beja",Beja,Castelo Branco,Beira Baixa,Centro,1er_cycle_uniquement,48.0,9.0,19.0,13.0,7.0,0.0275,,,,,,,,,,,,,,,,
205058,"Escola Básica de Baleizão, Beja",Beja,Castelo Branco,Beira Baixa,Centro,1er_cycle_uniquement,26.0,14.0,3.0,3.0,6.0,0.1675,,,,,,,,,,,,,,,,
205088,"Escola Básica de Santa Vitória, Beja",Beja,Castelo Branco,Beira Baixa,Centro,1er_cycle_uniquement,22.0,5.0,6.0,7.0,4.0,0.18,,,,,,,,,,,,,,,,
205191,"Escola Básica de Neves, Beja",Beja,Castelo Branco,Beira Baixa,Centro,1er_cycle_uniquement,37.0,12.0,7.0,9.0,9.0,0.0725,,,,,,,,,,,,,,,,
205242,"Escola Básica de Santa Clara do Louredo, Beja",Beja,Castelo Branco,Beira Baixa,Centro,1er_cycle_uniquement,22.0,8.0,7.0,7.0,0.0,0.0,,,,,,,,,,,,,,,,
205247,Externato António Sérgio,Beja,,,,2eme_cycle_uniquement,,,,,,,29,49,28,24,24,29,26,25,0.5700000000000001,0.43,51,0,0,23,1,0.9879214044744478
205335,"Escola Básica de Santiago Maior, Beja",Beja,Castelo Branco,Beira Baixa,Centro,1er_et_2eme_cycle,367.0,100.0,101.0,100.0,66.0,0.01,128,112,98,130,98,102,90,102,0.49,0.51,192,0.019999999552965164,0.03999999910593033,95,0.968421052631579,0.9588977091728753
205354,"Escola Básica de Albernoa, Beja",Beja,Castelo Branco,Beira Baixa,Centro,1er_cycle_uniquement,21.0,1.0,10.0,6.0,4.0,0.0,,,,,,,,,,,,,,,,
205458,"Escola Básica de Santa Maria, Beja",Beja,Castelo Branco,Beira Baixa,Centro,1er_et_2eme_cycle,287.0,74.0,79.0,55.0,79.0,0.07,65,65,63,64,62,63,78,67,0.5,0.5,145,0.14000000059604645,0.1599999964237213,48,0.9375,0.9295844790080331
205465,"Escola Básica de São Matias, Beja",Beja,Castelo Branco,Beira Baixa,Centro,1er_cycle_uniquement,21.0,2.0,8.0,9.0,2.0,0.0325,,,,,,,,,,,,,,,,
205466,"Escola Básica de Penedo Gordo, Beja",Beja,Castelo Branco,Beira Baixa,Centro,1er_cycle_uniquement,37.0,9.0,7.0,6.0,15.0,0.0,,,,,,,,,,,,,,,,
205540,Jardim Infantil Nossa Senhora da Conceição-Beja,Beja,Castelo Branco,Beira Baixa,Centro,1er_cycle_uniquement,42.0,9.0,11.0,7.0,15.0,0.0,,,,,,,,,,,,,,,,
205657,"Escola Básica de Beringel, Beja",Beja,Castelo Branco,Beira Baixa,Centro,1er_cycle_uniquement,39.0,11.0,12.0,6.0,10.0,0.1125,,,,,,,,,,,,,,,,
205670,Colégio de S. José - Beja,Beja,Castelo Branco,Beira Baixa,Centro,1er_cycle_uniquement,22.0,6.0,6.0,7.0,3.0,0.0,,,,,,,,,,,,,,,,
205679,"Escola Básica de Cabeça Gorda, Beja",Beja,Castelo Branco,Beira Baixa,Centro,1er_cycle_uniquement,38.0,8.0,15.0,10.0,5.0,0.1075,,,,,,,,,,,,,,,,
205710,"Escola Básica de Trigaches, Beja",Beja,Castelo Branco,Beira Baixa,Centro,1er_cycle_uniquement,20.0,5.0,9.0,2.0,4.0,0.3475,,,,,,,,,,,,,,,,
205976,"Escola Básica Mário Beirão, Beja",Beja,Castelo Branco,Beira Baixa,Centro,1er_et_2eme_cycle,464.0,117.0,113.0,118.0,116.0,0.005,156,154,160,152,198,172,186,190,0.53,0.47,376,0.09000000357627869,0.07000000029802322,187,0.9251336898395722,0.9438314681475661
206001,Escola Básica n.º 2 de Castro Verde,Castro Verde,Coimbra,Região de Coimbra,Centro,1er_cycle_uniquement,114.0,20.0,24.0,34.0,36.0,0.0,,,,,,,,,,,,,,,,
206710,"Escola Básica de Entradas, Castro Verde",Castro Verde,Coimbra,Região de Coimbra,Centro,1er_cycle_uniquement,0.0,0.0,0.0,0.0,0.0,,,,,,,,,,,,,,,,,
206824,"Escola Básica Dr. António Colaço, Castro Verde",Castro Verde,,,,2eme_cycle_uniquement,,,,,,,66,53,51,68,62,57,58,66,0.49,0.51,124,0,0.019999999552965164,62,1,0.9639481203528664
206832,"Escola Básica de Santa Bárbara de Padrões, Castro Verde",Castro Verde,Coimbra,Região de Coimbra,Centro,1er_cycle_uniquement,0.0,0.0,0.0,0.0,0.0,,,,,,,,,,,,,,,,,
206845,Escola Básica n.º 1 de Castro Verde,Castro Verde,Coimbra,Região de Coimbra,Centro,1er_cycle_uniquement,91.0,20.0,33.0,18.0,20.0,0.03,,,,,,,,,,,,,,,,
207168,"Escola Básica de Faro do Alentejo, Cuba",Cuba,Évora,Alentejo Central,Alentejo,1er_cycle_uniquement,24.0,7.0,6.0,9.0,2.0,0.0825,,,,,,,,,,,,,,,,
207173,"Escola Básica de Vila Alva, Cuba",Cuba,Évora,Alentejo Central,Alentejo,1er_cycle_uniquement,0.0,0.0,0.0,0.0,0.0,,,,,,,,,,,,,,,,,
207320,"Escola Básica Fialho de Almeida, Cuba",Cuba,Évora,Alentejo Central,Alentejo,1er_et_2eme_cycle,123.0,32.0,40.0,23.0,28.0,0.0325,48,53,36,50,43,38,41,46,0.63,0.37,87,0.17000000178813934,0.15000000596046448,40,0.925,0.9496762578379698
208057,Escola Básica de Ferreira do Alentejo,Ferreira do Alentejo,Faro,Algarve,Algarve,1er_cycle_uniquement,148.0,41.0,38.0,37.0,32.0,0.0275,,,,,,,,,,,,,,,,
208238,"Escola Básica de Figueira dos Cavaleiros, Ferreira do Alentejo",Ferreira do Alentejo,Faro,Algarve,Algarve,1er_cycle_uniquement,34.0,10.0,12.0,6.0,6.0,0.02,,,,,,,,,,,,,,,,
208280,"Escola Básica de Santa Margarida do Sado, Ferreira do Alentejo",Ferreira do Alentejo,Faro,Algarve,Algarve,1er_cycle_uniquement,0.0,0.0,0.0,0.0,0.0,,,,,,,,,,,,,,,,,
208319,"Escola Básica de Alfundão, Ferreira do Alentejo",Ferreira do Alentejo,Faro,Algarve,Algarve,1er_cycle_uniquement,32.0,10.0,7.0,8.0,7.0,0.135,,,,,,,,,,,,,,,,
208366,"Escola Básica de Canhestros, Ferreira do Alentejo",Ferreira do Alentejo,Faro,Algarve,Algarve,1er_cycle_uniquement,30.0,10.0,7.0,7.0,6.0,0.07,,,,,,,,,,,,,,,,
208469,"Escola Básica e Secundária José Gomes Ferreira, Ferreira do Alentejo",Ferreira do Alentejo,,,,2eme_cycle_uniquement,,,,,,,61,64,72,66,62,73,57,67,0.5900000000000001,0.41,124,0.05000000074505806,0.12999999523162842,55,0.9272727272727272,0.9608377946889448
208683,"Escola Básica de Odivelas, Ferreira do Alentejo",Ferreira do Alentejo,Faro,Algarve,Algarve,1er_cycle_uniquement,0.0,0.0,0.0,0.0,0.0,,,,,,,,,,,,,,,,,
209046,"Jardim de Infância de Penilhos, Mértola",Mértola,Guarda,Beiras e Serra da Estrela,Centro,1er_cycle_uniquement,0.0,0.0,0.0,0.0,0.0,,,,,,,,,,,,,,,,,
209082,"Escola Básica de Mina de São Domingos, Mértola",Mértola,Guarda,Beiras e Serra da Estrela,Centro,1er_cycle_uniquement,0.0,0.0,0.0,0.0,0.0,,,,,,,,,,,,,,,,,
209390,"Escola Básica de São Miguel do Pinheiro, Mértola",Mértola,Guarda,Beiras e Serra da Estrela,Centro,1er_cycle_uniquement,22.0,5.0,4.0,7.0,6.0,0.0,,,,,,,,,,,,,,,,
209448,"Escola Básica de Algodor, Mértola",Mértola,Guarda,Beiras e Serra da Estrela,Centro,1er_cycle_uniquement,0.0,0.0,0.0,0.0,0.0,,,,,,,,,,,,,,,,,
209727,"Escola Básica de Santana de Cambas, Mértola",Mértola,Guarda,Beiras e Serra da Estrela,Centro,1er_cycle_uniquement,0.0,0.0,0.0,0.0,0.0,,,,,,,,,,,,,,,,,
209872,"Escola Básica e Secundária de São Sebastião, Mértola",Mértola,,,,2eme_cycle_uniquement,,,,,,,34,42,32,33,40,37,50,40,0.6599999999999999,0.34,90,0,0,38,0.9736842105263158,0.952489698572564
209970,Escola Básica de Mértola,Mértola,Guarda,Beiras e Serra da Estrela,Centro,1er_cycle_uniquement,95.0,30.0,21.0,19.0,25.0,0.01,,,,,,,,,,,,,,,,
210107,"Escola Básica de Póvoa de São Miguel, Moura",Moura,Leiria,Região de Leiria,Centro,1er_cycle_uniquement,28.0,6.0,11.0,7.0,4.0,0.1525,,,,,,,,,,,,,,,,
210266,"Escola Básica de Bombeiros Voluntários, Moura",Moura,Leiria,Região de Leiria,Centro,1er_cycle_uniquement,80.0,20.0,28.0,22.0,10.0,0.0775,,,,,,,,,,,,,,,,
210317,"Escola Básica de Safara, Moura",Moura,Leiria,Região de Leiria,Centro,1er_cycle_uniquement,25.0,3.0,10.0,6.0,6.0,0.0675,,,,,,,,,,,,,,,,
210377,"Escola Básica de Santo Amador, Moura",Moura,Leiria,Região de Leiria,Centro,1er_cycle_uniquement,0.0,0.0,0.0,0.0,0.0,,,,,,,,,,,,,,,,,
210429,"Escola Básica de Fojo, Moura",Moura,Leiria,Região de Leiria,Centro,1er_cycle_uniquement,87.0,30.0,27.0,13.0,17.0,0.1225,,,,,,,,,,,,,,,,
210443,Escola Básica de Moura,Moura,,,,2eme_cycle_uniquement,,,,,,,117,109,100,108,127,97,116,113,0.43999999999999995,0.56,229,0,0.03999999910593033,121,0.8512396694214877,0.90012944623417
210453,"Escola Básica de Amareleja, Moura",Moura,Leiria,Região de Leiria,Centro,1er_et_2eme_cycle,82.0,22.0,25.0,19.0,16.0,0.085,46,36,40,45,30,41,45,30,0.5700000000000001,0.43,75,0.12999999523162842,0.17000000178813934,29,0.8275862068965517,0.8452777336805456
210687,"Escola Básica de Santo Aleixo da Restauração, Moura",Moura,Leiria,Região de Leiria,Centro,1er_cycle_uniquement,24.0,2.0,8.0,6.0,8.0,0.1875,,,,,,,,,,,,,,,,
210718,"Escola Básica de Sete e Meio, Moura",Moura,Leiria,Região de Leiria,Centro,1er_cycle_uniquement,92.0,25.0,21.0,24.0,22.0,0.0,,,,,,,,,,,,,,,,
210788,"Escola Básica da Porta Nova, Moura",Moura,Leiria,Região de Leiria,Centro,1er_cycle_uniquement,122.0,21.0,27.0,32.0,42.0,0.03,,,,,,,,,,,,,,,,
210831,"Escola Básica de Sobral da Adiça, Moura",Moura,Leiria,Região de Leiria,Centro,1er_cycle_uniquement,28.0,6.0,9.0,8.0,5.0,0.265,,,,,,,,,,,,,,,,
211105,"Escola Básica de Relíquias, Odemira",Odemira,Lisboa,Grande Lisboa,Grande Lisboa,1er_cycle_uniquement,0.0,0.0,0.0,0.0,0.0,,,,,,,,,,,,,,,,,
211121,"Escola Básica de São Luís, Odemira",Odemira,Lisboa,Grande Lisboa,Grande Lisboa,1er_cycle_uniquement,30.0,8.0,10.0,5.0,7.0,0.0,,,,,,,,,,,,,,,,
211135,"Escola Básica de Vila Nova de Milfontes, Odemira",Odemira,Lisboa,Grande Lisboa,Grande Lisboa,1er_cycle_uniquement,174.0,37.0,41.0,47.0,49.0,0.01,,,,,,,,,,,,,,,,
211180,"Escola Básica de Brunheiras, Odemira",Odemira,Lisboa,Grande Lisboa,Grande Lisboa,1er_cycle_uniquement,35.0,11.0,14.0,10.0,0.0,0.0333,,,,,,,,,,,,,,,,
211198,"Escola Básica de Foros do Galeado, Odemira",Odemira,Lisboa,Grande Lisboa,Grande Lisboa,1er_cycle_uniquement,39.0,20.0,0.0,0.0,19.0,0.0,,,,,,,,,,,,,,,,
211289,"Escola Básica Damião de Odemira, Odemira",Odemira,,,,2eme_cycle_uniquement,,,,,,,79,69,83,80,84,89,85,100,0.52,0.48,185,0.009999999776482582,0.029999999329447746,83,0.963855421686747,0.9611853143266532
211323,"Escola Básica de Longueira, Odemira",Odemira,Lisboa,Grande Lisboa,Grande Lisboa,1er_cycle_uniquement,40.0,13.0,10.0,7.0,10.0,0.06,,,,,,,,,,,,,,,,
211347,Escola Básica de Odemira,Odemira,Lisboa,Grande Lisboa,Grande Lisboa,1er_cycle_uniquement,142.0,43.0,30.0,28.0,41.0,0.0425,,,,,,,,,,,,,,,,
211358,"Escola Básica n.º 1 de Sabóia, Odemira",Odemira,,,,2eme_cycle_uniquement,,,,,,,*,*,*,*,*,*,*,*,*,*,*,*,*,9,*,*
211412,"Escola Básica de Boavista dos Pinheiros, Odemira",Odemira,Lisboa,Grande Lisboa,Grande Lisboa,1er_cycle_uniquement,108.0,21.0,23.0,32.0,32.0,0.0375,,,,,,,,,,,,,,,,
211487,"Escola Básica de Luzianes-Gare, Odemira",Odemira,Lisboa,Grande Lisboa,Grande Lisboa,1er_cycle_uniquement,0.0,0.0,0.0,0.0,0.0,,,,,,,,,,,,,,,,,
211513,"Escola Básica de Zambujeira do Mar, Odemira",Odemira,Lisboa,Grande Lisboa,Grande Lisboa,1er_cycle_uniquement,45.0,10.0,11.0,7.0,17.0,0.0225,,,,,,,,,,,,,,,,
211551,"Escola Básica de Santa Clara-a-Velha, Odemira",Odemira,Lisboa,Grande Lisboa,Grande Lisboa,1er_cycle_uniquement,0.0,0.0,0.0,0.0,0.0,,,,,,,,,,,,,,,,,
211774,"Escola Básica Aviador Brito Paes, Colos, Odemira",Odemira,Lisboa,Grande Lisboa,Grande Lisboa,1er_et_2eme_cycle,54.0,12.0,17.0,9.0,16.0,0.015,26,19,16,29,28,17,28,30,0.53,0.47,58,0,0,24,1,0.9387008527503667
211860,"Escola Básica de Bicos, Odemira",Odemira,Lisboa,Grande Lisboa,Grande Lisboa,1er_cycle_uniquement,0.0,0.0,0.0,0.0,0.0,,,,,,,,,,,,,,,,,
211889,Colégio de Nossa Senhora da Graça,Odemira,,,,2eme_cycle_uniquement,,,,,,,69,84,60,71,75,69,84,78,0.52,0.48,162,0.12999999523162842,0.05999999865889549,65,0.7692307692307693,0.926927954292084
211927,"Escola Básica n.º 2 de Sabóia, Odemira",Odemira,Lisboa,Grande Lisboa,Grande Lisboa,1er_cycle_uniquement,20.0,4.0,4.0,4.0,8.0,0.0,,,,,,,,,,,,,,,,
211947,"Escola Básica de São Martinho das Amoreiras, Odemira",Odemira,Lisboa,Grande Lisboa,Grande Lisboa,1er_cycle_uniquement,21.0,6.0,3.0,6.0,6.0,0.0,,,,,,,,,,,,,,,,
211975,"Escola Básica Engenheiro Manuel R. Amaro da Costa, São Teotónio, Odemira",Odemira,Lisboa,Grande Lisboa,Grande Lisboa,1er_et_2eme_cycle,164.0,48.0,42.0,40.0,34.0,0.0325,47,53,53,44,55,52,58,58,0.55,0.45,116,0.14000000059604645,0.09000000357627869,46,0.9130434782608695,0.959239106275431
212207,"Escola Básica de Santana da Serra, Ourique",Ourique,Portalegre,Alto Alentejo,Alentejo,1er_cycle_uniquement,0.0,0.0,0.0,0.0,0.0,,,,,,,,,,,,,,,,,
212277,"Escola Básica de Garvão, Ourique",Ourique,Portalegre,Alto Alentejo,Alentejo,1er_cycle_uniquement,0.0,0.0,0.0,0.0,0.0,,,,,,,,,,,,,,,,,
212547,Escola Básica de Ourique,Ourique,Portalegre,Alto Alentejo,Alentejo,1er_cycle_uniquement,137.0,33.0,32.0,27.0,45.0,0.015,,,,,,,,,,,,,,,,
212724,Escola Básica e Secundária de Ourique,Ourique,,,,2eme_cycle_uniquement,,,,,,,58,27,45,55,28,45,25,32,0.5800000000000001,0.42,57,0,0.05999999865889549,28,0.9285714285714286,0.9580459252689574
213074,"Escola Básica n.º 2 de Vila Nova de S. Bento, Serpa",Serpa,Porto,Área Metropolitana do Porto,Norte,1er_cycle_uniquement,78.0,21.0,34.0,14.0,9.0,0.04,,,,,,,,,,,,,,,,
213226,"Escola Básica de Vales Mortos, Serpa",Serpa,Porto,Área Metropolitana do Porto,Norte,1er_cycle_uniquement,0.0,0.0,0.0,0.0,0.0,,,,,,,,,,,,,,,,,
213345,"Escola Básica n.º 1 de Vila Nova de S. Bento, Serpa",Serpa,,,,2eme_cycle_uniquement,,,,,,,30,34,29,34,37,29,35,30,0.49,0.51,65,0.25999999046325684,0.029999999329447746,32,0.84375,0.9262458552884568
213372,"Escola Básica de Abade Correia da Serra, Serpa",Serpa,Porto,Área Metropolitana do Porto,Norte,1er_et_2eme_cycle,209.0,55.0,56.0,51.0,47.0,0.0375,51,55,59,54,55,59,63,56,0.6,0.4,119,0.10999999940395355,0.07000000029802322,52,0.9038461538461539,0.9183738672824032
213523,"Escola Básica de Vale de Vargo, Serpa",Serpa,Porto,Área Metropolitana do Porto,Norte,1er_cycle_uniquement,26.0,10.0,7.0,7.0,2.0,0.195,,,,,,,,,,,,,,,,
213551,"Escola Básica de Brinches, Serpa",Serpa,Porto,Área Metropolitana do Porto,Norte,1er_cycle_uniquement,27.0,13.0,7.0,3.0,4.0,0.18,,,,,,,,,,,,,,,,
213575,"Escola Básica de Pias, Serpa",Serpa,Porto,Área Metropolitana do Porto,Norte,1er_et_2eme_cycle,92.0,33.0,22.0,21.0,16.0,0.1075,27,32,30,23,24,28,30,27,0.6,0.4,57,0.17000000178813934,0.30000001192092896,21,0.7142857142857143,0.8999283071906048
213604,"Escola Básica de Vila Verde de Ficalho, Serpa",Serpa,Porto,Área Metropolitana do Porto,Norte,1er_cycle_uniquement,36.0,10.0,10.0,10.0,6.0,0.025,,,,,,,,,,,,,,,,
213999,"Escola Básica de Montes do Pinto, Serpa",Serpa,Porto,Área Metropolitana do Porto,Norte,1er_cycle_uniquement,0.0,0.0,0.0,0.0,0.0,,,,,,,,,,,,,,,,,
214011,"Escola Básica de Pedrógão, Vidigueira",Vidigueira,Santarém,Lezíria do Tejo,Oeste e Vale do Tejo,1er_cycle_uniquement,35.0,10.0,10.0,8.0,7.0,0.025,,,,,,,,,,,,,,,,
214039,"Escola Básica Frei António Chagas, Vidigueira",Vidigueira,Santarém,Lezíria do Tejo,Oeste e Vale do Tejo,1er_et_2eme_cycle,141.0,41.0,38.0,35.0,27.0,0.05,50,46,46,50,46,48,38,47,0.51,0.49,85,0.10999999940395355,0.09000000357627869,44,0.8863636363636364,0.9293609548322087
214194,"Escola Básica de Selmes, Vidigueira",Vidigueira,Santarém,Lezíria do Tejo,Oeste e Vale do Tejo,1er_cycle_uniquement,0.0,0.0,0.0,0.0,0.0,,,,,,,,,,,,,,,,,
214794,"Escola Básica de Vila de Frades, Vidigueira",Vidigueira,Santarém,Lezíria do Tejo,Oeste e Vale do Tejo,1er_cycle_uniquement,47.0,15.0,16.0,9.0,7.0,0.0675,,,,,,,,,,,,,,,,
301002,"Escola Básica D. Gualdim Pais, Amares",Amares,Aveiro,Região de Aveiro,Centro,1er_cycle_uniquement,193.0,48.0,45.0,42.0,58.0,0.01,,,,,,,,,,,,,,,,
301003,"Escola Básica de Caldelas, Amares",Amares,Aveiro,Região de Aveiro,Centro,1er_cycle_uniquement,40.0,10.0,10.0,10.0,10.0,0.0,,,,,,,,,,,,,,,,
301004,"Escola Básica de Bouro, Amares",Amares,Aveiro,Região de Aveiro,Centro,1er_cycle_uniquement,31.0,8.0,6.0,9.0,8.0,0.0,,,,,,,,,,,,,,,,
301106,"Escola Básica do Vale do Homem, Rendufe, Amares",Amares,Aveiro,Região de Aveiro,Centro,1er_cycle_uniquement,78.0,20.0,20.0,22.0,16.0,0.0275,,,,,,,,,,,,,,,,
301233,"Escola Básica de Feira Nova, Ferreiros, Amares",Amares,Aveiro,Região de Aveiro,Centro,1er_cycle_uniquement,151.0,41.0,42.0,24.0,44.0,0.01,,,,,,,,,,,,,,,,
301723,"Escola Básica de Vale do Cávado, Veiga, Amares",Amares,Aveiro,Região de Aveiro,Centro,1er_cycle_uniquement,63.0,21.0,13.0,13.0,16.0,0.02,,,,,,,,,,,,,,,,
301858,Escola Básica de Amares,Amares,,,,2eme_cycle_uniquement,,,,,,,191,182,141,195,141,147,153,148,0.54,0.46,301,0.009999999776482582,0.019999999552965164,136,0.9779411764705882,0.9725417875129795
302003,"Escola Básica de Gilmonde, Barcelos",Barcelos,Beja,Baixo Alentejo,Alentejo,1er_cycle_uniquement,88.0,24.0,23.0,17.0,24.0,0.0,,,,,,,,,,,,,,,,
302004,"Escola Básica de Arcozelo, Barcelos",Barcelos,Beja,Baixo Alentejo,Alentejo,1er_cycle_uniquement,177.0,44.0,49.0,43.0,41.0,0.0,,,,,,,,,,,,,,,,
302007,"Escola Básica de Creixomil, Barcelos",Barcelos,Beja,Baixo Alentejo,Alentejo,1er_cycle_uniquement,22.0,4.0,7.0,7.0,4.0,0.035,,,,,,,,,,,,,,,,
302044,"Escola Básica de Rio Covo - Santa Eugénia, Barcelos",Barcelos,Beja,Baixo Alentejo,Alentejo,1er_cycle_uniquement,50.0,14.0,9.0,14.0,13.0,0.0175,,,,,,,,,,,,,,,,
302064,"Escola Básica de Alvelos, Barcelos",Barcelos,Beja,Baixo Alentejo,Alentejo,1er_cycle_uniquement,80.0,26.0,14.0,16.0,24.0,0.0,,,,,,,,,,,,,,,,
302101,"Escola Básica António Fogaça, Barcelos",Barcelos,Beja,Baixo Alentejo,Alentejo,1er_cycle_uniquement,208.0,61.0,73.0,51.0,23.0,0.005,,,,,,,,,,,,,,,,
302123,"Escola Básica de Caminhos, Barcelos",Barcelos,Beja,Baixo Alentejo,Alentejo,1er_cycle_uniquement,0.0,0.0,0.0,0.0,0.0,,,,,,,,,,,,,,,,,
302152,"Escola Básica de Bastuço - São João, Barcelos",Barcelos,Beja,Baixo Alentejo,Alentejo,1er_cycle_uniquement,33.0,8.0,6.0,11.0,8.0,0.0,,,,,,,,,,,,,,,,
302160,"Escola Básica de Chavão, Barcelos",Barcelos,Beja,Baixo Alentejo,Alentejo,1er_cycle_uniquement,35.0,9.0,5.0,10.0,11.0,0.025,,,,,,,,,,,,,,,,
302178,"Escola Básica de Pereira, Barcelos",Barcelos,Beja,Baixo Alentejo,Alentejo,1er_cycle_uniquement,32.0,13.0,5.0,8.0,6.0,0.0,,,,,,,,,,,,,,,,
302185,"Escola Básica de Fragoso, Barcelos",Barcelos,Beja,Baixo Alentejo,Alentejo,1er_et_2eme_cycle,68.0,18.0,19.0,13.0,18.0,0.0,60,58,46,62,44,48,24,44,0.43000000000000005,0.57,68,0,0.019999999552965164,43,0.9767441860465116,0.9451481623910395
302189,"Escola Básica de Balugães, Fonte de Cal, Barcelos",Barcelos,Beja,Baixo Alentejo,Alentejo,1er_cycle_uniquement,23.0,6.0,6.0,8.0,3.0,0.0,,,,,,,,,,,,,,,,
302194,"Escola Básica de Areias de Vilar, Barcelos",Barcelos,Beja,Baixo Alentejo,Alentejo,1er_cycle_uniquement,40.0,12.0,10.0,7.0,11.0,0.0,,,,,,,,,,,,,,,,
302231,"Escola Básica de Gamil, Barcelos",Barcelos,Beja,Baixo Alentejo,Alentejo,1er_cycle_uniquement,35.0,11.0,12.0,9.0,3.0,0.0,,,,,,,,,,,,,,,,
302238,"Escola Básica Gonçalo Nunes, Arcozelo, Barcelos",Barcelos,,,,2eme_cycle_uniquement,,,,,,,253,234,229,253,234,232,201,249,0.5,0.5,450,0.019999999552965164,0,215,0.9953488372093023,0.9621832502661236
302247,"Escola Básica e Secundária Vale d’Este, Viatodos, Barcelos",Barcelos,,,,2eme_cycle_uniquement,,,,,,,122,111,117,119,145,122,83,147,0.55,0.45,230,0,0.009999999776482582,143,0.986013986013986,0.9629756949820281
302261,"Escola Básica de Areias, Barcelos",Barcelos,Beja,Baixo Alentejo,Alentejo,1er_cycle_uniquement,33.0,8.0,11.0,6.0,8.0,0.0,,,,,,,,,,,,,,,,
302271,"Escola Básica de Galegos - Santa Maria, Barcelos",Barcelos,Beja,Baixo Alentejo,Alentejo,1er_cycle_uniquement,80.0,20.0,16.0,20.0,24.0,0.0,,,,,,,,,,,,,,,,
302294,"Colégio ""La Salle""",Barcelos,,,,2eme_cycle_uniquement,,,,,,,51,51,70,52,68,72,45,68,0.5700000000000001,0.43,113,0,0,68,1,0.9900630661146351
302306,"Escola Básica de Macieira de Rates, Barcelos",Barcelos,Beja,Baixo Alentejo,Alentejo,1er_cycle_uniquement,80.0,19.0,22.0,19.0,20.0,0.0125,,,,,,,,,,,,,,,,
302317,"Escola Básica Rosa Ramalho, Barcelinhos, Barcelos",Barcelos,,,,2eme_cycle_uniquement,,,,,,,175,154,165,174,156,168,181,163,0.49,0.51,344,0.009999999776482582,0.009999999776482582,151,0.9933774834437086,0.9583498202773713
302330,"Escola Básica de Alvito, São Pedro, Barcelos",Barcelos,Beja,Baixo Alentejo,Alentejo,1er_cycle_uniquement,55.0,17.0,16.0,11.0,11.0,0.0,,,,,,,,,,,,,,,,
302346,"Escola Básica de Martim, Barcelos",Barcelos,Beja,Baixo Alentejo,Alentejo,1er_cycle_uniquement,54.0,14.0,16.0,8.0,16.0,0.0,,,,,,,,,,,,,,,,
302357,"Escola Básica de Aldreu, Barcelos",Barcelos,Beja,Baixo Alentejo,Alentejo,1er_cycle_uniquement,29.0,7.0,12.0,6.0,4.0,0.0,,,,,,,,,,,,,,,,
302365,"Escola Básica de Carreira, Barcelos",Barcelos,Beja,Baixo Alentejo,Alentejo,1er_cycle_uniquement,58.0,19.0,17.0,11.0,11.0,0.0,,,,,,,,,,,,,,,,
302369,"Escola Básica de Tamel - Santa Leocádia, Barcelos",Barcelos,Beja,Baixo Alentejo,Alentejo,1er_cycle_uniquement,23.0,7.0,5.0,5.0,6.0,0.0,,,,,,,,,,,,,,,,
302381,"Escola Básica de Remelhe, Barcelos",Barcelos,Beja,Baixo Alentejo,Alentejo,1er_cycle_uniquement,48.0,12.0,13.0,12.0,11.0,0.0,,,,,,,,,,,,,,,,
302411,"Escola Básica de Paradela, Algova, Barcelos",Barcelos,Beja,Baixo Alentejo,Alentejo,1er_cycle_uniquement,29.0,8.0,4.0,7.0,10.0,0.05,,,,,,,,,,,,,,,,
302414,"Escola Básica de Moure, Barcelos",Barcelos,Beja,Baixo Alentejo,Alentejo,1er_cycle_uniquement,31.0,7.0,7.0,4.0,13.0,0.0,,,,,,,,,,,,,,,,
302434,"Escola Básica de Milhazes, Barcelos",Barcelos,Beja,Baixo Alentejo,Alentejo,1er_cycle_uniquement,69.0,17.0,12.0,20.0,20.0,0.0125,,,,,,,,,,,,,,,,
302448,"Escola Básica de Airó, Barcelos",Barcelos,Beja,Baixo Alentejo,Alentejo,1er_cycle_uniquement,23.0,6.0,7.0,7.0,3.0,0.0,,,,,,,,,,,,,,,,
302464,"Escola Básica de Aborim, Barcelos",Barcelos,Beja,Baixo Alentejo,Alentejo,1er_cycle_uniquement,43.0,5.0,14.0,8.0,16.0,0.0,,,,,,,,,,,,,,,,
302471,"Escola Básica e Secundária de Vila Cova, Barcelos",Barcelos,Beja,Baixo Alentejo,Alentejo,1er_et_2eme_cycle,97.0,22.0,34.0,16.0,25.0,0.0075,61,62,49,63,55,49,51,57,0.53,0.47,108,0,0,53,1,0.9592863564326072
302480,"Escola Básica de Pousa, Barcelos",Barcelos,Beja,Baixo Alentejo,Alentejo,1er_cycle_uniquement,63.0,19.0,10.0,21.0,13.0,0.0,,,,,,,,,,,,,,,,
302481,"Escola Básica de Alheira, Barcelos",Barcelos,Beja,Baixo Alentejo,Alentejo,1er_cycle_uniquement,64.0,18.0,18.0,7.0,21.0,0.0,,,,,,,,,,,,,,,,
302484,"Escola Básica de Bárrio, Roriz, Barcelos",Barcelos,Beja,Baixo Alentejo,Alentejo,1er_cycle_uniquement,46.0,14.0,11.0,9.0,12.0,0.0275,,,,,,,,,,,,,,,,
302504,"Escola Básica de Gueral, Barcelos",Barcelos,Beja,Baixo Alentejo,Alentejo,1er_cycle_uniquement,61.0,11.0,16.0,18.0,16.0,0.015,,,,,,,,,,,,,,,,
302524,"Escola Básica de Perelhal, Barcelos",Barcelos,Beja,Baixo Alentejo,Alentejo,1er_cycle_uniquement,43.0,15.0,7.0,8.0,13.0,0.0,,,,,,,,,,,,,,,,
302533,"Escola Básica de Viatodos, Barcelos",Barcelos,Beja,Baixo Alentejo,Alentejo,1er_cycle_uniquement,131.0,40.0,30.0,26.0,35.0,0.0175,,,,,,,,,,,,,,,,
302547,"Escola Básica de Cossourado, Barcelos",Barcelos,Beja,Baixo Alentejo,Alentejo,1er_cycle_uniquement,32.0,4.0,9.0,12.0,7.0,0.0,,,,,,,,,,,,,,,,
302555,"Escola Básica de Abade de Neiva, Barcelos",Barcelos,Beja,Baixo Alentejo,Alentejo,1er_cycle_uniquement,94.0,24.0,24.0,21.0,25.0,0.0,,,,,,,,,,,,,,,,
302569,"Escola Básica de Igreja - Cristelo, Barcelos",Barcelos,Beja,Baixo Alentejo,Alentejo,1er_cycle_uniquement,57.0,16.0,7.0,17.0,17.0,0.03,,,,,,,,,,,,,,,,
302593,"Escola Básica de Fraião, Barcelos",Barcelos,Beja,Baixo Alentejo,Alentejo,1er_cycle_uniquement,84.0,21.0,21.0,21.0,21.0,0.0,,,,,,,,,,,,,,,,
302624,"Escola Básica e Secundária de Vale do Tamel, Lijó, Barcelos",Barcelos,Beja,Baixo Alentejo,Alentejo,1er_et_2eme_cycle,141.0,40.0,37.0,27.0,37.0,0.0,159,166,174,159,176,175,155,173,0.54,0.46,328,0.009999999776482582,0,175,1,0.9607361574706413
302635,"Escola Básica de Silva, Barcelos",Barcelos,Beja,Baixo Alentejo,Alentejo,1er_cycle_uniquement,82.0,20.0,24.0,18.0,20.0,0.0,,,,,,,,,,,,,,,,
302649,"Escola Básica de São Brás, Areal, Barcelos",Barcelos,Beja,Baixo Alentejo,Alentejo,1er_cycle_uniquement,87.0,21.0,23.0,18.0,25.0,0.01,,,,,,,,,,,,,,,,
302698,"Escola Básica de Durrães, Barcelos",Barcelos,Beja,Baixo Alentejo,Alentejo,1er_cycle_uniquement,25.0,8.0,5.0,4.0,8.0,0.0,,,,,,,,,,,,,,,,
302706,Conservatório de Música de Barcelos,Barcelos,,,,2eme_cycle_uniquement,,,,,,,19,16,17,19,21,17,20,22,0.5,0.5,42,0,0,21,1,0.9558928230268536
302726,"Escola Básica de Silveiros, Barcelos",Barcelos,Beja,Baixo Alentejo,Alentejo,1er_cycle_uniquement,27.0,5.0,11.0,7.0,4.0,0.0,,,,,,,,,,,,,,,,
302759,Colégio Didálvi,Barcelos,Beja,Baixo Alentejo,Alentejo,1er_et_2eme_cycle,51.0,8.0,18.0,9.0,16.0,0.0,20,37,32,23,24,33,31,24,0.4,0.6,55,0,0,23,1,0.9916317991631799
302763,"Escola Básica de Várzea, Barcelos",Barcelos,Beja,Baixo Alentejo,Alentejo,1er_cycle_uniquement,76.0,23.0,20.0,14.0,19.0,0.0,,,,,,,,,,,,,,,,
302791,"Escola Básica de Manhente, Barcelos",Barcelos,Beja,Baixo Alentejo,Alentejo,1er_et_2eme_cycle,48.0,15.0,12.0,12.0,9.0,0.0475,83,104,97,84,96,100,77,96,0.5900000000000001,0.41,173,0.009999999776482582,0,95,0.9789473684210527,0.9626176545599444
302793,Colégio da Casa do Menino Deus - Escola Particular e Cooperativa de 1º Ciclo,Barcelos,Beja,Baixo Alentejo,Alentejo,1er_cycle_uniquement,116.0,22.0,29.0,40.0,25.0,0.0,,,,,,,,,,,,,,,,
302796,"Escola Básica de Pontes, Tamel - São Veríssimo, Barcelos",Barcelos,Beja,Baixo Alentejo,Alentejo,1er_cycle_uniquement,90.0,13.0,28.0,24.0,25.0,0.0,,,,,,,,,,,,,,,,
302797,"Escola Básica de Oliveira, Barcelos",Barcelos,Beja,Baixo Alentejo,Alentejo,1er_cycle_uniquement,24.0,5.0,7.0,4.0,8.0,0.0325,,,,,,,,,,,,,,,,
302802,"Escola Básica de Palme, Barcelos",Barcelos,Beja,Baixo Alentejo,Alentejo,1er_cycle_uniquement,22.0,4.0,10.0,8.0,0.0,0.0,,,,,,,,,,,,,,,,
302803,"Escola Básica de Cambeses, Barcelos",Barcelos,Beja,Baixo Alentejo,Alentejo,1er_cycle_uniquement,0.0,0.0,0.0,0.0,0.0,,,,,,,,,,,,,,,,,
302823,"Escola Básica de Vila Boa, Barcelos",Barcelos,Beja,Baixo Alentejo,Alentejo,1er_cycle_uniquement,164.0,48.0,25.0,47.0,44.0,0.0,,,,,,,,,,,,,,,,
302849,"Escola Básica de Ucha, Barcelos",Barcelos,Beja,Baixo Alentejo,Alentejo,1er_cycle_uniquement,60.0,13.0,18.0,17.0,12.0,0.0,,,,,,,,,,,,,,,,
302858,"Escola Básica de Negreiros, Barcelos",Barcelos,Beja,Baixo Alentejo,Alentejo,1er_cycle_uniquement,50.0,13.0,13.0,16.0,8.0,0.0,,,,,,,,,,,,,,,,
302862,"Escola Básica de Carvalhal, Barcelos",Barcelos,Beja,Baixo Alentejo,Alentejo,1er_cycle_uniquement,88.0,24.0,24.0,20.0,20.0,0.0,,,,,,,,,,,,,,,,
302865,"Escola Básica Abel Varzim, Barrancos, Barcelos",Barcelos,,,,2eme_cycle_uniquement,,,,,,,69,95,77,67,81,81,78,80,0.47,0.53,158,0.009999999776482582,0,79,1,0.9493149071919006
302870,"Escola Básica de Vila Frescaínha, São Pedro, Barcelos",Barcelos,Beja,Baixo Alentejo,Alentejo,1er_cycle_uniquement,64.0,10.0,20.0,10.0,24.0,0.0,,,,,,,,,,,,,,,,
302875,"Escola Básica de Carapeços, Barcelos",Barcelos,Beja,Baixo Alentejo,Alentejo,1er_cycle_uniquement,72.0,16.0,21.0,21.0,14.0,0.0,,,,,,,,,,,,,,,,
302889,"Escola Básica de Galegos - São Martinho, Barcelos",Barcelos,Beja,Baixo Alentejo,Alentejo,1er_cycle_uniquement,67.0,13.0,17.0,18.0,19.0,0.0,,,,,,,,,,,,,,,,
302903,"Escola Básica de Aldão, Barcelos",Barcelos,Beja,Baixo Alentejo,Alentejo,1er_cycle_uniquement,94.0,24.0,20.0,25.0,25.0,0.0,,,,,,,,,,,,,,,,
302913,"Escola Básica de Rio Covo - Santa Eulália, Barcelos",Barcelos,Beja,Baixo Alentejo,Alentejo,1er_cycle_uniquement,28.0,4.0,9.0,8.0,7.0,0.0,,,,,,,,,,,,,,,,
302917,"Escola Básica de Barqueiros, Barcelos",Barcelos,Beja,Baixo Alentejo,Alentejo,1er_cycle_uniquement,60.0,20.0,13.0,18.0,9.0,0.0,,,,,,,,,,,,,,,,
303001,"Escola Básica de S. Frutuoso, Braga",Braga,Braga,Cávado,Norte,1er_cycle_uniquement,152.0,42.0,46.0,22.0,42.0,0.0,,,,,,,,,,,,,,,,
303039,"Escola Básica de Sobreposta, Braga",Braga,Braga,Cávado,Norte,1er_cycle_uniquement,54.0,16.0,20.0,11.0,7.0,0.0,,,,,,,,,,,,,,,,
303055,"Escola Básica de Crespos, Braga",Braga,Braga,Cávado,Norte,1er_cycle_uniquement,28.0,9.0,6.0,6.0,7.0,0.0,,,,,,,,,,,,,,,,
303064,"Escola Básica de Arcos, Braga",Braga,Braga,Cávado,Norte,1er_cycle_uniquement,73.0,12.0,16.0,26.0,19.0,0.0375,,,,,,,,,,,,,,,,
303075,"Escola Básica de Aveleda, Braga",Braga,Braga,Cávado,Norte,1er_cycle_uniquement,58.0,15.0,14.0,13.0,16.0,0.0,,,,,,,,,,,,,,,,
303079,"Escola Básica de Espinho, Braga",Braga,Braga,Cávado,Norte,1er_cycle_uniquement,36.0,9.0,5.0,10.0,12.0,0.0,,,,,,,,,,,,,,,,
303090,"Escola Básica de Lamaçães, Braga",Braga,,,,2eme_cycle_uniquement,,,,,,,136,178,114,142,146,118,117,159,0.54,0.46,276,0.019999999552965164,0,127,0.984251968503937,0.946599906688895
303100,"Escola Básica de Pousada, Braga",Braga,Braga,Cávado,Norte,1er_cycle_uniquement,22.0,4.0,7.0,6.0,5.0,0.0,,,,,,,,,,,,,,,,
303109,"Escola Básica do Bairro da Alegria, Braga",Braga,Braga,Cávado,Norte,1er_cycle_uniquement,118.0,47.0,23.0,24.0,24.0,0.0,,,,,,,,,,,,,,,,
303120,"Escola Básica Frei Caetano Brandão, Maximinos, Braga",Braga,,,,2eme_cycle_uniquement,,,,,,,128,137,135,130,120,147,145,143,0.52,0.48,288,0.029999999329447746,0.07999999821186066,102,0.9509803921568627,0.9343572599275558
303124,"Escola Básica n.º 2 de Lamaçães, Braga",Braga,Braga,Cávado,Norte,1er_cycle_uniquement,175.0,48.0,40.0,40.0,47.0,0.03,,,,,,,,,,,,,,,,
303139,"Externato ""Paulo VI""",Braga,Braga,Cávado,Norte,1er_et_2eme_cycle,198.0,54.0,44.0,50.0,50.0,0.0,54,47,50,53,54,52,53,54,0.55,0.45,107,0,0,54,1,0.9915310395630008
303141,"Escola Básica da Naia, Ferreiros, Braga",Braga,Braga,Cávado,Norte,1er_cycle_uniquement,96.0,18.0,21.0,38.0,19.0,0.0,,,,,,,,,,,,,,,,
303142,"Escola Básica de Merelim - São Pedro, Braga",Braga,Braga,Cávado,Norte,1er_cycle_uniquement,80.0,20.0,21.0,23.0,16.0,0.0,,,,,,,,,,,,,,,,
303148,"Escola Básica de Nogueiró, Braga",Braga,Braga,Cávado,Norte,1er_cycle_uniquement,89.0,24.0,21.0,20.0,24.0,0.0125,,,,,,,,,,,,,,,,
303172,"Escola Básica de São João do Souto, Braga",Braga,Braga,Cávado,Norte,1er_cycle_uniquement,91.0,20.0,24.0,23.0,24.0,0.0,,,,,,,,,,,,,,,,
303185,"Escola Básica de Real, Braga",Braga,,,,2eme_cycle_uniquement,,,,,,,147,166,151,144,184,151,164,195,0.5,0.5,359,0.009999999776482582,0.009999999776482582,176,0.9886363636363636,0.9621252534230897
303197,"Escola Básica do Bairro Económico, Braga",Braga,Braga,Cávado,Norte,1er_cycle_uniquement,91.0,23.0,21.0,29.0,18.0,0.0,,,,,,,,,,,,,,,,
303202,"Escola Básica de Merelim - São Paio, Braga",Braga,Braga,Cávado,Norte,1er_cycle_uniquement,84.0,22.0,20.0,19.0,23.0,0.0,,,,,,,,,,,,,,,,
303209,"Escola Básica de Trigal de Santa Maria, Braga",Braga,,,,2eme_cycle_uniquement,,,,,,,77,73,67,81,70,68,78,69,0.6,0.4,147,0,0,70,1,0.9664411864907789
303210,"Escola Básica Dr. Francisco Sanches, Braga",Braga,,,,2eme_cycle_uniquement,,,,,,,188,192,151,182,171,148,157,181,0.56,0.44,338,0,0,157,0.9872611464968153,0.9505053598770219
303213,"Escola Básica de Esporões, Braga",Braga,Braga,Cávado,Norte,1er_cycle_uniquement,75.0,20.0,18.0,20.0,17.0,0.0425,,,,,,,,,,,,,,,,
303229,"Escola Básica de Garapoa, Celeirós, Braga",Braga,Braga,Cávado,Norte,1er_cycle_uniquement,82.0,23.0,24.0,20.0,15.0,0.0,,,,,,,,,,,,,,,,
303233,"Escola Básica de Quinta da Veiga, Braga",Braga,Braga,Cávado,Norte,1er_cycle_uniquement,182.0,44.0,48.0,43.0,47.0,0.0,,,,,,,,,,,,,,,,
303235,"Escola Básica de São Lázaro, Braga",Braga,Braga,Cávado,Norte,1er_cycle_uniquement,301.0,70.0,89.0,73.0,69.0,0.0,,,,,,,,,,,,,,,,
303252,"Colégio ""D. Diogo de Sousa""",Braga,Braga,Cávado,Norte,1er_et_2eme_cycle,464.0,117.0,117.0,116.0,114.0,0.0,142,161,152,154,164,159,152,165,0.53,0.47,317,0,0,163,1,0.9906360325690358
303257,"Escola Básica da Sé, Braga",Braga,Braga,Cávado,Norte,1er_cycle_uniquement,216.0,47.0,74.0,70.0,25.0,0.0025,,,,,,,,,,,,,,,,
303264,Colégio João Paulo II,Braga,Braga,Cávado,Norte,1er_et_2eme_cycle,343.0,93.0,93.0,88.0,69.0,0.005,50,50,74,49,95,74,75,96,0.48,0.52,171,0,0,92,1,0.9904223185643998
303265,"Escola Básica de Presa, Braga",Braga,Braga,Cávado,Norte,1er_cycle_uniquement,25.0,9.0,8.0,6.0,2.0,0.0,,,,,,,,,,,,,,,,
303279,Colégio Leonardo da Vinci,Braga,Braga,Cávado,Norte,1er_et_2eme_cycle,236.0,62.0,72.0,53.0,49.0,0.0,47,24,38,43,48,38,43,46,0.54,0.46,89,0,0,47,0.9574468085106383,0.9868016026407717
303312,"Escola Básica n.º 1 de Gualtar, Braga",Braga,Braga,Cávado,Norte,1er_cycle_uniquement,261.0,60.0,67.0,69.0,65.0,0.0,,,,,,,,,,,,,,,,
303323,"Escola Básica de Bracara Augusta, Assento, Braga",Braga,Braga,Cávado,Norte,1er_cycle_uniquement,91.0,24.0,20.0,23.0,24.0,0.025,,,,,,,,,,,,,,,,
303324,Colégio D. Pedro V,Braga,Braga,Cávado,Norte,1er_cycle_uniquement,79.0,20.0,21.0,16.0,22.0,0.0,,,,,,,,,,,,,,,,
303331,"Escola Básica André Soares, Braga",Braga,,,,2eme_cycle_uniquement,,,,,,,264,243,272,264,274,281,262,273,0.47,0.53,535,0,0.009999999776482582,253,0.9881422924901185,0.9690721500431176
303343,"Escola Básica Padim da Graça, Braga",Braga,Braga,Cávado,Norte,1er_cycle_uniquement,28.0,6.0,11.0,6.0,5.0,0.0,,,,,,,,,,,,,,,,
303363,"Escola Básica da Ponte Pedrinha, Braga",Braga,Braga,Cávado,Norte,1er_cycle_uniquement,147.0,40.0,44.0,42.0,21.0,0.0,,,,,,,,,,,,,,,,
303373,"Escola Básica de Este - São Pedro, Braga",Braga,Braga,Cávado,Norte,1er_cycle_uniquement,84.0,20.0,20.0,24.0,20.0,0.0,,,,,,,,,,,,,,,,
303376,"Escola Básica de Figueiredo, Braga",Braga,Braga,Cávado,Norte,1er_cycle_uniquement,79.0,20.0,16.0,24.0,19.0,0.0,,,,,,,,,,,,,,,,
303380,Edifacoop - Coop.Ed.Indivíduo Formação e Apoio,Braga,Braga,Cávado,Norte,1er_cycle_uniquement,96.0,24.0,23.0,25.0,24.0,0.0,,,,,,,,,,,,,,,,
303407,"Escola Básica de Ruílhe, Braga",Braga,Braga,Cávado,Norte,1er_cycle_uniquement,54.0,20.0,11.0,12.0,11.0,0.0225,,,,,,,,,,,,,,,,
303432,"Escola Básica de Palmeira, Braga",Braga,,,,2eme_cycle_uniquement,,,,,,,117,112,105,113,95,110,112,102,0.55,0.45,214,0,0,90,1,0.9703356289390007
303471,"Escola Básica de Celeirós, Braga",Braga,,,,2eme_cycle_uniquement,,,,,,,70,94,88,71,74,94,81,78,0.5700000000000001,0.43,159,0.009999999776482582,0.029999999329447746,71,0.9577464788732394,0.9619222172952147
303499,"Escola Básica de Pedralva, Braga",Braga,Braga,Cávado,Norte,1er_cycle_uniquement,23.0,12.0,4.0,5.0,2.0,0.0,,,,,,,,,,,,,,,,
303507,"Escola Básica de Guisande, Braga",Braga,Braga,Cávado,Norte,1er_cycle_uniquement,0.0,0.0,0.0,0.0,0.0,,,,,,,,,,,,,,,,,
303517,Colégio Teresiano,Braga,Braga,Cávado,Norte,1er_et_2eme_cycle,217.0,47.0,49.0,46.0,75.0,0.0,71,49,51,72,72,52,44,70,0.51,0.49,114,0,0,70,0.9857142857142858,0.9891935397962988
303520,"Escola Básica de São Vitor, Braga",Braga,Braga,Cávado,Norte,1er_cycle_uniquement,132.0,24.0,46.0,41.0,21.0,0.0,,,,,,,,,,,,,,,,
303549,"Escola Básica das Enguardas, Braga",Braga,Braga,Cávado,Norte,1er_cycle_uniquement,101.0,20.0,20.0,20.0,41.0,0.0,,,,,,,,,,,,,,,,
303551,"Escola Básica de Frossos, Braga",Braga,Braga,Cávado,Norte,1er_cycle_uniquement,88.0,24.0,17.0,23.0,24.0,0.025,,,,,,,,,,,,,,,,
303552,"Escola Básica de Cruz, Celeirós, Braga",Braga,Braga,Cávado,Norte,1er_cycle_uniquement,94.0,35.0,24.0,12.0,23.0,0.04,,,,,,,,,,,,,,,,
303567,"Escola Básica de Maximinos, Braga",Braga,Braga,Cávado,Norte,1er_cycle_uniquement,87.0,23.0,27.0,15.0,22.0,0.01,,,,,,,,,,,,,,,,
303571,"Escola Básica n.º 1 de Nogueira, Braga",Braga,Braga,Cávado,Norte,1er_cycle_uniquement,216.0,65.0,64.0,43.0,44.0,0.005,,,,,,,,,,,,,,,,
303581,"Externato ""Carvalho Araújo""",Braga,,,,2eme_cycle_uniquement,,,,,,,2,9,13,4,7,16,25,12,0.49,0.51,37,0,0,6,*,*
303623,"Escola Básica de Dume, Braga",Braga,Braga,Cávado,Norte,1er_cycle_uniquement,94.0,20.0,35.0,21.0,18.0,0.0,,,,,,,,,,,,,,,,
303628,"Escola Básica de Sequeira, Braga",Braga,Braga,Cávado,Norte,1er_cycle_uniquement,69.0,20.0,22.0,15.0,12.0,0.0,,,,,,,,,,,,,,,,
303629,"Escola Básica de Tebosa, Braga",Braga,Braga,Cávado,Norte,1er_cycle_uniquement,45.0,18.0,8.0,10.0,9.0,0.0,,,,,,,,,,,,,,,,
303633,"Escola Artística do Conservatório de Música Calouste Gulbenkian, Braga",Braga,Braga,Cávado,Norte,1er_et_2eme_cycle,194.0,47.0,48.0,48.0,51.0,0.0,52,52,47,51,52,48,49,49,0.52,0.48,98,0,0,52,1,0.9891945326364803
303635,"Escola Básica do Fujacal, Braga",Braga,Braga,Cávado,Norte,1er_cycle_uniquement,91.0,23.0,24.0,21.0,23.0,0.03,,,,,,,,,,,,,,,,
303638,"Escola Básica das Parretas, Braga",Braga,Braga,Cávado,Norte,1er_cycle_uniquement,80.0,19.0,19.0,21.0,21.0,0.04,,,,,,,,,,,,,,,,
303645,"Escola Básica de Lomar, Braga",Braga,Braga,Cávado,Norte,1er_cycle_uniquement,144.0,33.0,31.0,35.0,45.0,0.055,,,,,,,,,,,,,,,,
303652,"Escola Básica de Gondizalves, Braga",Braga,Braga,Cávado,Norte,1er_cycle_uniquement,81.0,20.0,19.0,21.0,21.0,0.0125,,,,,,,,,,,,,,,,
303659,"Escola Básica de Panoias, Braga",Braga,Braga,Cávado,Norte,1er_cycle_uniquement,85.0,16.0,23.0,23.0,23.0,0.0,,,,,,,,,,,,,,,,
303689,"Escola Básica de Braga Oeste, Cabreiros, Braga",Braga,,,,2eme_cycle_uniquement,,,,,,,88,76,94,87,59,96,74,61,0.52,0.48,135,0.009999999776482582,0,55,1,0.9583835517846895
303696,"Escola Básica de Tenões, Braga",Braga,Braga,Cávado,Norte,1er_cycle_uniquement,40.0,9.0,19.0,0.0,12.0,0.0,,,,,,,,,,,,,,,,
303710,"Escola Básica de Fraião, Braga",Braga,Braga,Cávado,Norte,1er_cycle_uniquement,88.0,24.0,20.0,24.0,20.0,0.0,,,,,,,,,,,,,,,,
303711,"Escola Básica do Carandá, Braga",Braga,Braga,Cávado,Norte,1er_cycle_uniquement,184.0,47.0,48.0,45.0,44.0,0.005,,,,,,,,,,,,,,,,
303714,"Escola Básica de Arentim, Braga",Braga,Braga,Cávado,Norte,1er_cycle_uniquement,36.0,8.0,5.0,9.0,14.0,0.0,,,,,,,,,,,,,,,,
303722,"Escola Básica da Gandra, Braga",Braga,Braga,Cávado,Norte,1er_cycle_uniquement,109.0,40.0,24.0,22.0,23.0,0.0,,,,,,,,,,,,,,,,
303723,"Escola Básica de Estação, Tadim, Braga",Braga,Braga,Cávado,Norte,1er_cycle_uniquement,70.0,14.0,19.0,18.0,19.0,0.0,,,,,,,,,,,,,,,,
303742,"Escola Básica de Cabreiros, Braga",Braga,Braga,Cávado,Norte,1er_cycle_uniquement,61.0,21.0,16.0,12.0,12.0,0.0,,,,,,,,,,,,,,,,
303801,"Escola Básica de Nogueira, Braga",Braga,,,,2eme_cycle_uniquement,,,,,,,153,147,155,155,154,166,138,165,0.51,0.49,303,0.019999999552965164,0.029999999329447746,142,0.9859154929577465,0.9634278122720775
303804,"Escola Básica de Trandeiras, Braga",Braga,Braga,Cávado,Norte,1er_cycle_uniquement,23.0,6.0,7.0,7.0,3.0,0.07,,,,,,,,,,,,,,,,
303815,"Escola Básica de Santa Tecla, Braga",Braga,Braga,Cávado,Norte,1er_cycle_uniquement,93.0,25.0,24.0,19.0,25.0,0.0925,,,,,,,,,,,,,,,,
303816,Jardim Escola João de Deus de Braga,Braga,Braga,Cávado,Norte,1er_cycle_uniquement,53.0,19.0,12.0,9.0,13.0,0.0,,,,,,,,,,,,,,,,
303817,"Escola Básica de Mosteiro e Cávado, Panóias, Braga",Braga,,,,2eme_cycle_uniquement,,,,,,,101,113,77,97,79,84,74,78,0.43999999999999995,0.56,152,0.009999999776482582,0.009999999776482582,74,0.9864864864864865,0.9633120677609662
303823,"Escola Básica n.º 1 de Real, Braga",Braga,Braga,Cávado,Norte,1er_cycle_uniquement,177.0,43.0,43.0,45.0,46.0,0.0275,,,,,,,,,,,,,,,,
303829,Colégio Alfacoop - Externato Infante  D. Henrique,Braga,Braga,Cávado,Norte,1er_et_2eme_cycle,219.0,57.0,53.0,54.0,55.0,0.0,71,89,79,66,79,80,63,81,0.43999999999999995,0.56,144,0,0,79,0.9746835443037974,0.9748618553831673
303832,Externato Nossa Senhora das Graças,Braga,Braga,Cávado,Norte,1er_et_2eme_cycle,167.0,44.0,40.0,39.0,44.0,0.0,23,17,36,23,28,36,29,28,0.4,0.6,57,0,0,28,1,0.991714310402961
303861,"Escola Básica de Estrada, Ferreiros, Braga",Braga,Braga,Cávado,Norte,1er_cycle_uniquement,113.0,24.0,36.0,31.0,22.0,0.0,,,,,,,,,,,,,,,,
303908,"Escola Básica de Ortigueira, Braga",Braga,Braga,Cávado,Norte,1er_cycle_uniquement,81.0,22.0,20.0,18.0,21.0,0.0,,,,,,,,,,,,,,,,
303910,"Escola Básica de Gualtar, Braga",Braga,,,,2eme_cycle_uniquement,,,,,,,152,152,133,150,135,136,144,134,0.55,0.45,278,0.009999999776482582,0,126,0.9920634920634921,0.9716308805334808
303913,"Escola Básica do Bairro da Misericórdia, Braga",Braga,Braga,Cávado,Norte,1er_cycle_uniquement,68.0,24.0,0.0,24.0,20.0,0.0,,,,,,,,,,,,,,,,
303925,"Escola Básica de Eira Velha, Braga",Braga,Braga,Cávado,Norte,1er_cycle_uniquement,62.0,14.0,20.0,17.0,11.0,0.0,,,,,,,,,,,,,,,,
303951,"Escola Básica de Este - São Mamede, Braga",Braga,Braga,Cávado,Norte,1er_cycle_uniquement,84.0,24.0,19.0,21.0,20.0,0.0,,,,,,,,,,,,,,,,
303957,"Escola Básica de Escudeiros, Braga",Braga,Braga,Cávado,Norte,1er_cycle_uniquement,30.0,7.0,6.0,10.0,7.0,0.0,,,,,,,,,,,,,,,,
303968,"Escola Básica de Carrascal, Braga",Braga,Braga,Cávado,Norte,1er_cycle_uniquement,67.0,22.0,16.0,15.0,14.0,0.015,,,,,,,,,,,,,,,,
303996,"Escola Básica de Fradelos, Braga",Braga,Braga,Cávado,Norte,1er_cycle_uniquement,85.0,37.0,21.0,10.0,17.0,0.0,,,,,,,,,,,,,,,,
304046,"Escola Básica Padre Dr. Joaquim Santos, Refojos de Basto, Cabeceiras de Basto",Cabeceiras de Basto,Bragança,Terras de Trás-os-Montes,Norte,1er_cycle_uniquement,204.0,46.0,55.0,46.0,57.0,0.01,,,,,,,,,,,,,,,,
304101,Externato de S. Miguel de Refojos,Cabeceiras de Basto,,,,2eme_cycle_uniquement,,,,,,,*,*,*,*,*,*,*,*,*,*,*,*,*,4,*,*
304240,Escola Básica e Secundária de Cabeceiras de Basto,Cabeceiras de Basto,,,,2eme_cycle_uniquement,,,,,,,106,106,89,105,91,87,82,90,0.55,0.45,172,0,0,90,1,0.9601197699843876
304384,"Escola Básica de Faia, Cabeceiras de Basto",Cabeceiras de Basto,Bragança,Terras de Trás-os-Montes,Norte,1er_cycle_uniquement,33.0,8.0,8.0,8.0,9.0,0.0,,,,,,,,,,,,,,,,
304463,"Escola Básica de Pedraça, Cabeceiras de Basto",Cabeceiras de Basto,Bragança,Terras de Trás-os-Montes,Norte,1er_cycle_uniquement,0.0,0.0,0.0,0.0,0.0,,,,,,,,,,,,,,,,,
304562,"Escola Básica de Ferreirinha, Cabeceiras de Basto",Cabeceiras de Basto,Bragança,Terras de Trás-os-Montes,Norte,1er_cycle_uniquement,25.0,5.0,8.0,3.0,9.0,0.1175,,,,,,,,,,,,,,,,
304746,"Escola Básica do Arco de Baúlhe, Cabeceiras de Basto",Cabeceiras de Basto,Bragança,Terras de Trás-os-Montes,Norte,1er_et_2eme_cycle,95.0,15.0,29.0,32.0,19.0,0.0,29,63,57,31,39,58,47,40,0.47,0.53,87,0,0,38,1,0.9434232615453916
304868,"Escola Básica de Gondarém, Cabeceiras de Basto",Cabeceiras de Basto,Bragança,Terras de Trás-os-Montes,Norte,1er_cycle_uniquement,0.0,0.0,0.0,0.0,0.0,,,,,,,,,,,,,,,,,
304980,"Escola Básica Prof.ª Filomena Mesquita, Cerca dos Frades, Cabeceiras de Basto",Cabeceiras de Basto,Bragança,Terras de Trás-os-Montes,Norte,1er_cycle_uniquement,130.0,30.0,40.0,36.0,24.0,0.0,,,,,,,,,,,,,,,,
305001,Escola Básica de Celorico de Basto,Celorico de Basto,Castelo Branco,Beira Baixa,Centro,1er_cycle_uniquement,177.0,48.0,50.0,52.0,27.0,0.0,,,,,,,,,,,,,,,,
305002,"Escola Básica n.º 1 da Mota, Celorico de Basto",Celorico de Basto,Castelo Branco,Beira Baixa,Centro,1er_cycle_uniquement,94.0,29.0,20.0,22.0,23.0,0.0,,,,,,,,,,,,,,,,
305003,"Escola Básica de Fermil, Celorico de Basto",Celorico de Basto,Castelo Branco,Beira Baixa,Centro,1er_cycle_uniquement,74.0,15.0,21.0,17.0,21.0,0.0,,,,,,,,,,,,,,,,
305004,"Escola Básica n.º 1 de Gandarela, Celorico de Basto",Celorico de Basto,Castelo Branco,Beira Baixa,Centro,1er_cycle_uniquement,91.0,22.0,22.0,22.0,25.0,0.0125,,,,,,,,,,,,,,,,
305314,"Escola Básica de Gandarela, Celorico de Basto",Celorico de Basto,,,,2eme_cycle_uniquement,,,,,,,37,44,26,35,29,26,26,30,0.5,0.5,56,0,0,29,1,0.946697456144857
305328,"Escola Básica da Mota, Celorico de Basto",Celorico de Basto,,,,2eme_cycle_uniquement,,,,,,,23,34,21,23,37,22,31,36,0.51,0.49,67,0,0,37,1,0.916854466102035
305958,Escola Básica e Secundária de Celorico de Basto,Celorico de Basto,,,,2eme_cycle_uniquement,,,,,,,78,74,76,80,88,76,85,91,0.55,0.45,176,0,0,85,1,0.9540958078582109
306001,"Escola Básica de Fão, Esposende",Esposende,Coimbra,Região de Coimbra,Centro,1er_cycle_uniquement,91.0,20.0,24.0,24.0,23.0,0.01,,,,,,,,,,,,,,,,
306015,"Escola Básica de Barral, Esposende",Esposende,Coimbra,Região de Coimbra,Centro,1er_cycle_uniquement,82.0,20.0,20.0,20.0,22.0,0.0,,,,,,,,,,,,,,,,
306016,"Escola Básica de Forjães, Esposende",Esposende,Coimbra,Região de Coimbra,Centro,1er_et_2eme_cycle,136.0,37.0,30.0,34.0,35.0,0.0,36,32,34,37,54,35,41,57,0.52,0.48,98,0,0,54,1,0.9662303406271138
306049,"Escola Básica de Curvos, Esposende",Esposende,Coimbra,Região de Coimbra,Centro,1er_cycle_uniquement,32.0,12.0,8.0,6.0,6.0,0.0425,,,,,,,,,,,,,,,,
306123,"Escola Básica de Pinhote, Esposende",Esposende,Coimbra,Região de Coimbra,Centro,1er_cycle_uniquement,59.0,13.0,17.0,16.0,13.0,0.0,,,,,,,,,,,,,,,,
306167,"Escola Básica de Gandra, Esposende",Esposende,Coimbra,Região de Coimbra,Centro,1er_cycle_uniquement,86.0,20.0,22.0,20.0,24.0,0.0125,,,,,,,,,,,,,,,,
306204,"Escola Básica de Belinho, Esposende",Esposende,Coimbra,Região de Coimbra,Centro,1er_cycle_uniquement,68.0,20.0,14.0,17.0,17.0,0.0,,,,,,,,,,,,,,,,
306208,"Escola Básica de Guilheta, Esposende",Esposende,Coimbra,Região de Coimbra,Centro,1er_cycle_uniquement,31.0,11.0,7.0,5.0,8.0,0.0,,,,,,,,,,,,,,,,
306235,"Escola Básica de Góios, Esposende",Esposende,Coimbra,Região de Coimbra,Centro,1er_cycle_uniquement,85.0,23.0,18.0,20.0,24.0,0.0,,,,,,,,,,,,,,,,
306293,Escola Básica de Esposende,Esposende,Coimbra,Região de Coimbra,Centro,1er_cycle_uniquement,203.0,61.0,42.0,51.0,49.0,0.0,,,,,,,,,,,,,,,,
306319,"Escola Básica de Rio Tinto, Esposende",Esposende,Coimbra,Região de Coimbra,Centro,1er_cycle_uniquement,33.0,7.0,9.0,10.0,7.0,0.0,,,,,,,,,,,,,,,,
306445,"Escola Básica de Gemeses, Esposende",Esposende,Coimbra,Região de Coimbra,Centro,1er_cycle_uniquement,29.0,9.0,8.0,5.0,7.0,0.0675,,,,,,,,,,,,,,,,
306487,"Escola Básica de Mar, Esposende",Esposende,Coimbra,Região de Coimbra,Centro,1er_cycle_uniquement,80.0,25.0,20.0,16.0,19.0,0.0,,,,,,,,,,,,,,,,
306503,"Escola Básica de Rio de Moinhos, Esposende",Esposende,Coimbra,Região de Coimbra,Centro,1er_cycle_uniquement,55.0,10.0,7.0,19.0,19.0,0.0,,,,,,,,,,,,,,,,
306510,"Escola Básica António Rodrigues Sampaio, Esposende",Esposende,,,,2eme_cycle_uniquement,,,,,,,80,77,64,77,57,67,80,57,0.53,0.47,137,0.05999999865889549,0,55,1,0.9553698256151615
306585,"Escola Básica de Criaz, Esposende",Esposende,Coimbra,Região de Coimbra,Centro,1er_cycle_uniquement,40.0,16.0,5.0,6.0,13.0,0.0,,,,,,,,,,,,,,,,
306609,"Escola Básica de Fonte Boa, Esposende",Esposende,Coimbra,Região de Coimbra,Centro,1er_cycle_uniquement,50.0,16.0,14.0,8.0,12.0,0.0325,,,,,,,,,,,,,,,,
306645,"Escola Básica de Apúlia, Esposende",Esposende,Coimbra,Região de Coimbra,Centro,1er_et_2eme_cycle,72.0,18.0,15.0,19.0,20.0,0.045,60,64,55,61,75,56,60,82,0.55,0.45,142,0.029999999329447746,0.05999999865889549,65,0.9846153846153847,0.9559383179058839
306683,"Escola Básica de Facho, Apúlia, Esposende",Esposende,Coimbra,Região de Coimbra,Centro,1er_cycle_uniquement,92.0,24.0,24.0,20.0,24.0,0.0,,,,,,,,,,,,,,,,
306718,"Escola Básica de Vila Chã, Esposende",Esposende,Coimbra,Região de Coimbra,Centro,1er_cycle_uniquement,49.0,21.0,13.0,2.0,13.0,0.02,,,,,,,,,,,,,,,,
306901,"Escola Básica Antonio Correia Oliveira, Esposende",Esposende,,,,2eme_cycle_uniquement,,,,,,,158,197,186,156,175,189,180,179,0.51,0.49,359,0.019999999552965164,0.029999999329447746,169,0.9704142011834319,0.9729153188984899
307010,"Escola Básica de Travassós, Fafe",Fafe,Évora,Alentejo Central,Alentejo,1er_cycle_uniquement,59.0,16.0,13.0,18.0,12.0,0.0,,,,,,,,,,,,,,,,
307024,"Escola Básica de Arões - São Romão, Fafe",Fafe,Évora,Alentejo Central,Alentejo,1er_cycle_uniquement,94.0,22.0,32.0,18.0,22.0,0.0,,,,,,,,,,,,,,,,
307040,"Escola Básica de Monte, Arões - Santa Cristina, Fafe",Fafe,Évora,Alentejo Central,Alentejo,1er_cycle_uniquement,36.0,7.0,14.0,3.0,12.0,0.0,,,,,,,,,,,,,,,,
307047,"Escola Básica de Silvares - São Clemente, Cortinhas, Fafe",Fafe,Évora,Alentejo Central,Alentejo,1er_cycle_uniquement,0.0,0.0,0.0,0.0,0.0,,,,,,,,,,,,,,,,,
307051,"Escola Básica de Arões - Santa Cristina, Fafe",Fafe,,,,2eme_cycle_uniquement,,,,,,,55,56,58,55,62,57,41,61,0.61,0.39,102,0,0,62,0.9838709677419355,0.9458227910571577
307155,"Escola Básica de Seidões, Fafe",Fafe,Évora,Alentejo Central,Alentejo,1er_cycle_uniquement,20.0,7.0,4.0,3.0,6.0,0.0,,,,,,,,,,,,,,,,
307210,Associação Cultural e Recreativa de Fornelos,Fafe,Évora,Alentejo Central,Alentejo,1er_et_2eme_cycle,128.0,31.0,43.0,21.0,33.0,0.0,40,38,29,36,30,29,20,31,0.61,0.39,51,0,0,30,1,0.9840689525573043
307224,"Escola Básica de Moreira de Rei, Fafe",Fafe,Évora,Alentejo Central,Alentejo,1er_cycle_uniquement,41.0,13.0,8.0,10.0,10.0,0.0,,,,,,,,,,,,,,,,
307258,"Escola Básica de Montelongo, Fafe",Fafe,Évora,Alentejo Central,Alentejo,1er_et_2eme_cycle,219.0,52.0,50.0,54.0,63.0,0.0,72,94,89,77,66,95,67,75,0.56,0.44,142,0,0,59,1,0.9496573510020829
307326,"Escola Básica de Fareja, Fafe",Fafe,Évora,Alentejo Central,Alentejo,1er_cycle_uniquement,20.0,3.0,5.0,7.0,5.0,0.0,,,,,,,,,,,,,,,,
307402,"Escola Básica Prof. Carlos Teixeira, Fafe",Fafe,Évora,Alentejo Central,Alentejo,1er_et_2eme_cycle,414.0,120.0,88.0,88.0,118.0,0.0,185,158,179,185,173,180,185,178,0.52,0.48,363,0.009999999776482582,0.009999999776482582,169,1,0.9664707147769716
307575,"Escola Básica de Medelo, Fafe",Fafe,Évora,Alentejo Central,Alentejo,1er_cycle_uniquement,76.0,18.0,19.0,18.0,21.0,0.0,,,,,,,,,,,,,,,,
307598,"Escola Básica de Cepães, Fafe",Fafe,Évora,Alentejo Central,Alentejo,1er_cycle_uniquement,27.0,5.0,8.0,6.0,8.0,0.0,,,,,,,,,,,,,,,,
307650,"Escola Básica Padre Joaquim Flores, Revelhe, Fafe",Fafe,Évora,Alentejo Central,Alentejo,1er_et_2eme_cycle,85.0,18.0,26.0,15.0,26.0,0.0,60,55,69,58,61,69,54,64,0.5,0.5,118,0,0,59,1,0.9495238743550539
307655,"Escola Básica de Regadas, Fafe",Fafe,Évora,Alentejo Central,Alentejo,1er_cycle_uniquement,31.0,6.0,6.0,12.0,7.0,0.0,,,,,,,,,,,,,,,,
307694,"Escola Básica de São Gens, Fafe",Fafe,Évora,Alentejo Central,Alentejo,1er_cycle_uniquement,27.0,5.0,11.0,3.0,8.0,0.0,,,,,,,,,,,,,,,,
307724,"Escola Básica de Quinchães, Fafe",Fafe,Évora,Alentejo Central,Alentejo,1er_cycle_uniquement,44.0,13.0,14.0,9.0,8.0,0.0275,,,,,,,,,,,,,,,,
307772,"Escola Básica de Serafão, Fafe",Fafe,Évora,Alentejo Central,Alentejo,1er_cycle_uniquement,32.0,11.0,9.0,1.0,11.0,0.0,,,,,,,,,,,,,,,,
307785,"Escola Básica de Golães, Fafe",Fafe,Évora,Alentejo Central,Alentejo,1er_cycle_uniquement,38.0,16.0,8.0,10.0,4.0,0.0,,,,,,,,,,,,,,,,
307803,"Escola Básica de Passos, Fafe",Fafe,Évora,Alentejo Central,Alentejo,1er_cycle_uniquement,24.0,5.0,10.0,4.0,5.0,0.0,,,,,,,,,,,,,,,,
307811,"Escola Básica de Silvares, São Martinho, Fafe",Fafe,Évora,Alentejo Central,Alentejo,1er_et_2eme_cycle,65.0,21.0,12.0,21.0,11.0,0.0,33,35,34,34,22,36,25,21,0.48,0.52,46,0,0,22,1,0.9509833249406533
307863,"Escola Básica de São Jorge, Fafe",Fafe,Évora,Alentejo Central,Alentejo,1er_cycle_uniquement,83.0,20.0,20.0,23.0,20.0,0.0,,,,,,,,,,,,,,,,
308001,"Escola Básica de Urgezes, Guimarães",Guimarães,Faro,Algarve,Algarve,1er_cycle_uniquement,108.0,37.0,25.0,25.0,21.0,0.0,,,,,,,,,,,,,,,,
308003,"Escola Básica de Ponte, Guimarães",Guimarães,Faro,Algarve,Algarve,1er_cycle_uniquement,212.0,62.0,57.0,52.0,41.0,0.0225,,,,,,,,,,,,,,,,
308004,"Escola Básica de Ronfe, Guimarães",Guimarães,Faro,Algarve,Algarve,1er_cycle_uniquement,185.0,65.0,38.0,53.0,29.0,0.015,,,,,,,,,,,,,,,,
308007,"Escola Básica Agostinho da Silva, Guimarães",Guimarães,Faro,Algarve,Algarve,1er_cycle_uniquement,32.0,7.0,10.0,4.0,11.0,0.0,,,,,,,,,,,,,,,,
308010,"Escola Básica Arquiteto Fernando Távora, Fermentões, Guimarães",Guimarães,,,,2eme_cycle_uniquement,,,,,,,45,65,59,44,48,60,40,44,0.55,0.45,84,0.029999999329447746,0.019999999552965164,44,0.9090909090909091,0.9339681858068537
308021,"Escola Básica de Salgueiral, Guimarães",Guimarães,Faro,Algarve,Algarve,1er_cycle_uniquement,139.0,48.0,23.0,44.0,24.0,0.0,,,,,,,,,,,,,,,,
308041,"Escola Básica de Calvos, Guimarães",Guimarães,Faro,Algarve,Algarve,1er_cycle_uniquement,36.0,6.0,12.0,8.0,10.0,0.0,,,,,,,,,,,,,,,,
308066,"Escola Básica de Abação, Guimarães",Guimarães,,,,2eme_cycle_uniquement,,,,,,,57,61,50,58,44,52,56,48,0.51,0.49,104,0,0,43,1,0.9466300870485692
308071,"Escola Básica de Charneca, Caldas das Taipas, Guimarães",Guimarães,Faro,Algarve,Algarve,1er_cycle_uniquement,92.0,24.0,24.0,21.0,23.0,0.0125,,,,,,,,,,,,,,,,
308099,"Escola Básica de Tabuadelo, Guimarães",Guimarães,Faro,Algarve,Algarve,1er_cycle_uniquement,60.0,21.0,15.0,11.0,13.0,0.02,,,,,,,,,,,,,,,,
308102,Escola Básica de Vizela,Vizela,Faro,Algarve,Algarve,1er_cycle_uniquement,61.0,16.0,15.0,10.0,20.0,0.0,,,,,,,,,,,,,,,,
308122,"Escola Básica de Candoso - São Martinho, Guimarães",Guimarães,Faro,Algarve,Algarve,1er_cycle_uniquement,99.0,32.0,24.0,21.0,22.0,0.0,,,,,,,,,,,,,,,,
308169,"Escola Básica do Vale de São Torcato, Guimarães",Guimarães,,,,2eme_cycle_uniquement,,,,,,,61,70,57,62,66,60,67,68,0.5900000000000001,0.41,135,0.009999999776482582,0,66,0.9848484848484849,0.9436113353198374
308208,"Escola Básica de Oliveira do Castelo, Guimarães",Guimarães,Faro,Algarve,Algarve,1er_cycle_uniquement,323.0,91.0,71.0,88.0,73.0,0.0,,,,,,,,,,,,,,,,
308222,"Escola Básica Joaquim Pinto, Caldas São João, Vizela",Vizela,Faro,Algarve,Algarve,1er_cycle_uniquement,80.0,23.0,12.0,21.0,24.0,0.0,,,,,,,,,,,,,,,,
308223,"Escola Básica de Infantas, Guimarães",Guimarães,Faro,Algarve,Algarve,1er_cycle_uniquement,50.0,13.0,12.0,10.0,15.0,0.0,,,,,,,,,,,,,,,,
308224,"Escola Básica Virgínia Moura, Moreira de Cónegos, Guimarães",Guimarães,,,,2eme_cycle_uniquement,,,,,,,79,94,84,80,87,88,69,93,0.49,0.51,162,0.09000000357627869,0.05000000074505806,87,0.9540229885057471,0.9534755660532398
308232,"Escola Básica n.º 1 de Pevidém, Barreiro, Guimarães",Guimarães,Faro,Algarve,Algarve,1er_cycle_uniquement,157.0,46.0,38.0,44.0,29.0,0.0075,,,,,,,,,,,,,,,,
308243,"Escola Básica de Vermis, Guimarães",Guimarães,Faro,Algarve,Algarve,1er_cycle_uniquement,111.0,41.0,25.0,21.0,24.0,0.0325,,,,,,,,,,,,,,,,
308259,"Escola Básica de São Roque, Guimarães",Guimarães,Faro,Algarve,Algarve,1er_cycle_uniquement,87.0,24.0,20.0,20.0,23.0,0.0,,,,,,,,,,,,,,,,
308260,"Escola Básica de Polvoreira, Guimarães",Guimarães,Faro,Algarve,Algarve,1er_cycle_uniquement,86.0,23.0,23.0,21.0,19.0,0.0,,,,,,,,,,,,,,,,
308284,"Escola Básica de Casais, Brito, Guimarães",Guimarães,Faro,Algarve,Algarve,1er_cycle_uniquement,167.0,41.0,54.0,38.0,34.0,0.0,,,,,,,,,,,,,,,,
308305,"Escola Básica de Nespereira, Guimarães",Guimarães,Faro,Algarve,Algarve,1er_cycle_uniquement,81.0,19.0,22.0,20.0,20.0,0.0,,,,,,,,,,,,,,,,
308308,"Escola Básica de São Romão, Mesão Frio, Guimarães",Guimarães,Faro,Algarve,Algarve,1er_cycle_uniquement,125.0,25.0,26.0,48.0,26.0,0.0,,,,,,,,,,,,,,,,
308323,"Escola Básica de Mascotelos, Guimarães",Guimarães,Faro,Algarve,Algarve,1er_cycle_uniquement,88.0,20.0,24.0,24.0,20.0,0.0,,,,,,,,,,,,,,,,
308331,"Escola Básica de Sande, Vila Nova, Guimarães",Guimarães,Faro,Algarve,Algarve,1er_cycle_uniquement,62.0,17.0,13.0,16.0,16.0,0.0,,,,,,,,,,,,,,,,
308335,"Escola Básica D. Afonso Henriques, Creixomil, Guimarães",Guimarães,,,,2eme_cycle_uniquement,,,,,,,93,110,108,92,116,108,109,118,0.53,0.47,227,0.009999999776482582,0.009999999776482582,113,1,0.9691893722478466
308346,"Escola Básica de Nossa Senhora da Conceição, Fermentões, Guimarães",Guimarães,Faro,Algarve,Algarve,1er_cycle_uniquement,78.0,22.0,25.0,18.0,13.0,0.0475,,,,,,,,,,,,,,,,
308374,"Escola Básica de Pevidém, Selho - São Jorge, Guimarães",Guimarães,,,,2eme_cycle_uniquement,,,,,,,93,112,88,97,119,92,84,125,0.53,0.47,209,0.019999999552965164,0.019999999552965164,119,1,0.9573325331127208
308394,"Escola Básica Gil Vicente, Urgeses, Guimarães",Guimarães,,,,2eme_cycle_uniquement,,,,,,,61,59,78,60,61,79,64,64,0.47,0.53,128,0,0,60,1,0.957086104455458
308408,"Escola Básica Professor Abel Salazar, Guimarães",Guimarães,,,,2eme_cycle_uniquement,,,,,,,93,97,104,97,109,105,84,111,0.6,0.4,195,0,0.019999999552965164,108,0.9814814814814815,0.9562410318873269
308410,"Escola Básica de Poças, Guimarães",Guimarães,Faro,Algarve,Algarve,1er_cycle_uniquement,86.0,24.0,23.0,23.0,16.0,0.055,,,,,,,,,,,,,,,,
308411,"Escola Básica de Cruz de Argola, Mesão Frio, Guimarães",Guimarães,Faro,Algarve,Algarve,1er_cycle_uniquement,156.0,52.0,53.0,25.0,26.0,0.0,,,,,,,,,,,,,,,,
308432,"Escola Básica Professor João de Meira, Guimarães",Guimarães,,,,2eme_cycle_uniquement,,,,,,,137,150,133,140,138,137,142,138,0.51,0.49,280,0.009999999776482582,0,133,1,0.9797135707627073
308439,"Escola Básica de Conde, Guimarães",Guimarães,Faro,Algarve,Algarve,1er_cycle_uniquement,85.0,20.0,21.0,20.0,24.0,0.0,,,,,,,,,,,,,,,,
308445,"Escola Básica Egas Moniz, Guimarães",Guimarães,,,,2eme_cycle_uniquement,,,,,,,93,105,98,94,96,94,78,100,0.49,0.51,178,0,0,94,1,0.9647426418341195
308454,"Escola Básica de Igreja, Sande - São Martinho, Guimarães",Guimarães,Faro,Algarve,Algarve,1er_cycle_uniquement,81.0,23.0,15.0,23.0,20.0,0.0125,,,,,,,,,,,,,,,,
308468,"Escola Básica de Souto - Santa Maria, Guimarães",Guimarães,Faro,Algarve,Algarve,1er_cycle_uniquement,39.0,10.0,8.0,8.0,13.0,0.0,,,,,,,,,,,,,,,,
308477,"Escola Básica de Serzedo, Guimarães",Guimarães,Faro,Algarve,Algarve,1er_cycle_uniquement,42.0,11.0,15.0,5.0,11.0,0.0,,,,,,,,,,,,,,,,
308479,"Escola Básica de Vinha, Guimarães",Guimarães,Faro,Algarve,Algarve,1er_cycle_uniquement,34.0,8.0,6.0,14.0,6.0,0.0,,,,,,,,,,,,,,,,
308495,"Escola Básica de Longos, Guimarães",Guimarães,Faro,Algarve,Algarve,1er_cycle_uniquement,42.0,12.0,14.0,4.0,12.0,0.02,,,,,,,,,,,,,,,,
308504,"Escola Básica do Serrado, Briteiros - Santa Leocádia, Guimarães",Guimarães,Faro,Algarve,Algarve,1er_cycle_uniquement,22.0,6.0,10.0,4.0,2.0,0.0,,,,,,,,,,,,,,,,
308548,"Escola Básica de Selho - São Cristóvão, Guimarães",Guimarães,Faro,Algarve,Algarve,1er_cycle_uniquement,66.0,12.0,15.0,21.0,18.0,0.0,,,,,,,,,,,,,,,,
308553,"Escola Básica e Secundária Santos Simões, Guimarães",Guimarães,,,,2eme_cycle_uniquement,,,,,,,115,119,122,112,136,130,117,147,0.55,0.45,264,0,0.009999999776482582,131,1,0.9689851193119373
308561,"Escola Básica de Agrolongo, Guimarães",Guimarães,Faro,Algarve,Algarve,1er_cycle_uniquement,31.0,13.0,6.0,6.0,6.0,0.0425,,,,,,,,,,,,,,,,
308620,"Escola Básica de Carreiro, Guimarães",Guimarães,Faro,Algarve,Algarve,1er_cycle_uniquement,69.0,14.0,19.0,15.0,21.0,0.12,,,,,,,,,,,,,,,,
308657,"Escola Básica de Silvares, Guimarães",Guimarães,Faro,Algarve,Algarve,1er_cycle_uniquement,50.0,17.0,14.0,10.0,9.0,0.0175,,,,,,,,,,,,,,,,
308659,"Escola Básica de Mosteiro, Guimarães",Guimarães,Faro,Algarve,Algarve,1er_cycle_uniquement,152.0,40.0,47.0,27.0,38.0,0.01,,,,,,,,,,,,,,,,
308664,Colégio de Nossa Senhora da Conceição,Guimarães,Faro,Algarve,Algarve,1er_et_2eme_cycle,244.0,67.0,70.0,60.0,47.0,0.0,55,53,62,52,65,63,48,63,0.45999999999999996,0.54,111,0,0,64,1,0.990533139720461
308686,"Escola Básica de Eirinha, Serzedelo, Guimarães",Guimarães,Faro,Algarve,Algarve,1er_cycle_uniquement,62.0,17.0,21.0,19.0,5.0,0.0125,,,,,,,,,,,,,,,,
308697,"Escola Básica de Motelo, Guimarães",Guimarães,Faro,Algarve,Algarve,1er_cycle_uniquement,103.0,23.0,33.0,23.0,24.0,0.0325,,,,,,,,,,,,,,,,
308713,"Escola Básica de Pégada, Azurém, Guimarães",Guimarães,Faro,Algarve,Algarve,1er_cycle_uniquement,93.0,25.0,20.0,24.0,24.0,0.01,,,,,,,,,,,,,,,,
308714,"Escola Básica de Infias, Vizela",Vizela,Faro,Algarve,Algarve,1er_cycle_uniquement,63.0,15.0,19.0,13.0,16.0,0.0,,,,,,,,,,,,,,,,
308724,"Escola Básica de Gondar, Guimarães",Guimarães,Faro,Algarve,Algarve,1er_cycle_uniquement,32.0,8.0,7.0,9.0,8.0,0.0,,,,,,,,,,,,,,,,
308733,"Escola Básica de Caneiros, Fermentões, Guimarães",Guimarães,Faro,Algarve,Algarve,1er_cycle_uniquement,41.0,7.0,13.0,11.0,10.0,0.0375,,,,,,,,,,,,,,,,
308746,"Escola Básica dos Enxertos, Vizela",Vizela,Faro,Algarve,Algarve,1er_cycle_uniquement,161.0,43.0,36.0,36.0,46.0,0.0075,,,,,,,,,,,,,,,,
308750,"Escola Básica de Alto da Bandeira, Creixomil, Guimarães",Guimarães,Faro,Algarve,Algarve,1er_cycle_uniquement,179.0,45.0,46.0,42.0,46.0,0.0,,,,,,,,,,,,,,,,
308758,"Escola Básica de Santa Luzia, Azurém, Guimarães",Guimarães,Faro,Algarve,Algarve,1er_cycle_uniquement,187.0,49.0,43.0,47.0,48.0,0.005,,,,,,,,,,,,,,,,
308768,"Escola Básica de Caldas de Vizela, Vizela",Vizela,,,,2eme_cycle_uniquement,,,,,,,150,130,134,153,141,139,104,138,0.54,0.46,242,0,0.009999999776482582,140,0.9857142857142858,0.9650694129018025
308778,"Escola Básica de Corvite, Guimarães",Guimarães,Faro,Algarve,Algarve,1er_cycle_uniquement,37.0,10.0,9.0,11.0,7.0,0.0275,,,,,,,,,,,,,,,,
308788,"Escola Básica de Briteiros, Guimarães",Guimarães,,,,2eme_cycle_uniquement,,,,,,,61,75,56,62,56,59,56,63,0.49,0.51,119,0,0,50,1,0.961967919486554
308791,"Escola Básica de Igreja - São Salvador, Guimarães",Guimarães,Faro,Algarve,Algarve,1er_cycle_uniquement,51.0,14.0,7.0,18.0,12.0,0.0,,,,,,,,,,,,,,,,
308796,"Escola Básica de Bela Vista, Guimarães",Guimarães,Faro,Algarve,Algarve,1er_cycle_uniquement,72.0,26.0,11.0,15.0,20.0,0.0,,,,,,,,,,,,,,,,
308809,"Escola Básica de Pinheiral, Guimarães",Guimarães,Faro,Algarve,Algarve,1er_cycle_uniquement,171.0,44.0,40.0,42.0,45.0,0.0,,,,,,,,,,,,,,,,
308849,"Escola Básica de Fafião, Briteiros - Santo Estêvão, Guimarães",Guimarães,Faro,Algarve,Algarve,1er_cycle_uniquement,37.0,9.0,9.0,10.0,9.0,0.0,,,,,,,,,,,,,,,,
308854,"Escola Básica das Taipas, Caldas das Taipas, Guimarães",Guimarães,,,,2eme_cycle_uniquement,,,,,,,139,153,140,141,123,141,129,125,0.48,0.52,254,0.009999999776482582,0,117,1,0.9663923673691729
308875,Colégio do Ave,Guimarães,Faro,Algarve,Algarve,1er_et_2eme_cycle,184.0,46.0,46.0,46.0,46.0,0.0,43,34,44,44,46,44,42,45,0.5900000000000001,0.41,87,0,0,46,0.9782608695652174,0.9911697529680978
308878,"Escola Básica de Guardizela, Guimarães",Guimarães,Faro,Algarve,Algarve,1er_cycle_uniquement,77.0,21.0,21.0,15.0,20.0,0.0,,,,,,,,,,,,,,,,
308888,"Escola Básica de Monte Largo, Guimarães",Guimarães,Faro,Algarve,Algarve,1er_cycle_uniquement,103.0,25.0,26.0,26.0,26.0,0.0,,,,,,,,,,,,,,,,
308895,"Escola Básica de Pencelo, Guimarães",Guimarães,Faro,Algarve,Algarve,1er_cycle_uniquement,23.0,6.0,4.0,6.0,7.0,0.0,,,,,,,,,,,,,,,,
308901,"Escola Básica de Ucha de Baixo, Guimarães",Guimarães,Faro,Algarve,Algarve,1er_cycle_uniquement,29.0,9.0,8.0,3.0,9.0,0.0,,,,,,,,,,,,,,,,
308902,"Escola Básica de Barco, Guimarães",Guimarães,Faro,Algarve,Algarve,1er_cycle_uniquement,68.0,19.0,19.0,18.0,12.0,0.0125,,,,,,,,,,,,,,,,
308903,"Escola Básica de Donim, Guimarães",Guimarães,Faro,Algarve,Algarve,1er_cycle_uniquement,31.0,12.0,7.0,7.0,5.0,0.0,,,,,,,,,,,,,,,,
308907,"Escola Básica de Pinheiro, Guimarães",Guimarães,Faro,Algarve,Algarve,1er_cycle_uniquement,29.0,6.0,8.0,11.0,4.0,0.0,,,,,,,,,,,,,,,,
308936,"Escola Básica de Tagilde, Vizela",Vizela,Faro,Algarve,Algarve,1er_cycle_uniquement,26.0,11.0,4.0,5.0,6.0,0.0,,,,,,,,,,,,,,,,
308937,Colégio Arautos do Evangelho,Guimarães,,,,2eme_cycle_uniquement,,,,,,,*,*,*,*,*,*,*,*,*,*,*,-,*,2,*,*
308958,"Escola Básica de Cerca do Paço, Guimarães",Guimarães,Faro,Algarve,Algarve,1er_cycle_uniquement,69.0,15.0,22.0,11.0,21.0,0.0125,,,,,,,,,,,,,,,,
308967,"Escola Básica de Deserto, Guimarães",Guimarães,Faro,Algarve,Algarve,1er_cycle_uniquement,33.0,12.0,6.0,10.0,5.0,0.0425,,,,,,,,,,,,,,,,
308976,"Escola Básica de Vieite, Guimarães",Guimarães,Faro,Algarve,Algarve,1er_cycle_uniquement,54.0,15.0,10.0,19.0,10.0,0.0,,,,,,,,,,,,,,,,
308980,"Escola Básica e Secundária Arqueólogo Mário Cardoso, Ponte, Guimarães",Guimarães,,,,2eme_cycle_uniquement,,,,,,,87,82,85,90,103,88,87,106,0.53,0.47,193,0.009999999776482582,0,99,1,0.9618847724391726
309001,"Escola Básica do Cávado, Póvoa de Lanhoso",Póvoa de Lanhoso,Guarda,Beiras e Serra da Estrela,Centro,1er_cycle_uniquement,94.0,25.0,26.0,22.0,21.0,0.0425,,,,,,,,,,,,,,,,
309002,"Escola Básica D. Elvira Câmara Lopes, Campos, Póvoa de Lanhoso",Póvoa de Lanhoso,Guarda,Beiras e Serra da Estrela,Centro,1er_cycle_uniquement,62.0,11.0,14.0,20.0,17.0,0.03,,,,,,,,,,,,,,,,
309216,"Escola Básica António Lopes, Póvoa de Lanhoso",Póvoa de Lanhoso,Guarda,Beiras e Serra da Estrela,Centro,1er_cycle_uniquement,213.0,62.0,48.0,47.0,56.0,0.015,,,,,,,,,,,,,,,,
309387,Escola Básica de Póvoa de Lanhoso,Póvoa de Lanhoso,Guarda,Beiras e Serra da Estrela,Centro,1er_cycle_uniquement,184.0,20.0,52.0,54.0,58.0,0.0275,,,,,,,,,,,,,,,,
309719,"Escola Básica do Ave, Póvoa de Lanhoso",Póvoa de Lanhoso,Guarda,Beiras e Serra da Estrela,Centro,1er_et_2eme_cycle,151.0,40.0,43.0,34.0,34.0,0.0,51,48,41,54,40,44,50,37,0.54,0.46,87,0,0,40,0.95,0.954977795139248
309979,"Escola Básica Gonçalo Sampaio, Póvoa de Lanhoso",Póvoa de Lanhoso,,,,2eme_cycle_uniquement,,,,,,,165,153,187,171,149,198,171,150,0.52,0.48,321,0,0.019999999552965164,141,0.9716312056737588,0.9521149857364467
310009,"Escola Básica do Gerês, Terras de Bouro",Terras de Bouro,Leiria,Região de Leiria,Centro,1er_cycle_uniquement,26.0,12.0,2.0,6.0,6.0,0.0,,,,,,,,,,,,,,,,
310057,"Escola Básica de Rio Caldo, Terras de Bouro",Terras de Bouro,Leiria,Região de Leiria,Centro,1er_et_2eme_cycle,39.0,9.0,9.0,12.0,9.0,0.0275,16,28,12,18,20,12,12,23,0.5700000000000001,0.43,35,0,0,19,1,0.9621402250203531
310736,Escola Básica e Secundária de Terras de Bouro,Terras de Bouro,Leiria,Região de Leiria,Centro,1er_et_2eme_cycle,92.0,20.0,31.0,17.0,24.0,0.025,28,40,29,30,27,30,37,27,0.44999999999999996,0.55,64,0,0,27,0.9629629629629629,0.9500100305126997
311001,"Escola Básica do Cávado, Louredo, Vieira do Minho",Vieira do Minho,Lisboa,Grande Lisboa,Grande Lisboa,1er_cycle_uniquement,47.0,10.0,8.0,16.0,13.0,0.0775,,,,,,,,,,,,,,,,
311002,"Escola Básica Domingos de Abreu, Vieira do Minho",Vieira do Minho,Lisboa,Grande Lisboa,Grande Lisboa,1er_cycle_uniquement,219.0,51.0,58.0,40.0,70.0,0.0075,,,,,,,,,,,,,,,,
311243,"Escola Básica de Rossas, Vieira do Minho",Vieira do Minho,Lisboa,Grande Lisboa,Grande Lisboa,1er_cycle_uniquement,38.0,8.0,10.0,8.0,12.0,0.0425,,,,,,,,,,,,,,,,
311345,"Escola Básica e Secundária Vieira de Araújo, Vieira do Minho",Vieira do Minho,,,,2eme_cycle_uniquement,,,,,,,79,103,97,82,90,100,75,95,0.54,0.46,170,0.029999999329447746,0.029999999329447746,89,0.9662921348314607,0.957346682300805
311940,"Escola Básica de Guilhofrei, Vieira do Minho",Vieira do Minho,Lisboa,Grande Lisboa,Grande Lisboa,1er_cycle_uniquement,0.0,0.0,0.0,0.0,0.0,,,,,,,,,,,,,,,,,
312002,"Escola Básica de Joane, Vila Nova de Famalicão",Vila Nova de Famalicão,Portalegre,Alto Alentejo,Alentejo,1er_cycle_uniquement,239.0,65.0,47.0,59.0,68.0,0.0075,,,,,,,,,,,,,,,,
312003,"Escola Básica n.º 1 de Ribeirão, Vila Nova de Famalicão",Vila Nova de Famalicão,Portalegre,Alto Alentejo,Alentejo,1er_cycle_uniquement,287.0,69.0,75.0,74.0,69.0,0.0,,,,,,,,,,,,,,,,
312004,"Escola Básica de Louro/Mouquim, Vila Nova de Famalicão",Vila Nova de Famalicão,Portalegre,Alto Alentejo,Alentejo,1er_cycle_uniquement,153.0,45.0,37.0,39.0,32.0,0.0075,,,,,,,,,,,,,,,,
312005,"Escola Básica de Antas, Vila Nova de Famalicão",Vila Nova de Famalicão,Portalegre,Alto Alentejo,Alentejo,1er_cycle_uniquement,183.0,46.0,44.0,44.0,49.0,0.0,,,,,,,,,,,,,,,,
312008,"Escola Básica de Cruz, Vila Nova de Famalicão",Vila Nova de Famalicão,Portalegre,Alto Alentejo,Alentejo,1er_cycle_uniquement,38.0,11.0,7.0,7.0,13.0,0.0,,,,,,,,,,,,,,,,
312045,"Escola Básica de Outiz, Vila Nova de Famalicão",Vila Nova de Famalicão,Portalegre,Alto Alentejo,Alentejo,1er_cycle_uniquement,30.0,0.0,13.0,17.0,0.0,0.0,,,,,,,,,,,,,,,,
312091,"Escola Básica de Louredo, Calendário, Vila Nova de Famalicão",Vila Nova de Famalicão,Portalegre,Alto Alentejo,Alentejo,1er_cycle_uniquement,84.0,20.0,24.0,18.0,22.0,0.0225,,,,,,,,,,,,,,,,
312136,Jardim de Infância O Talvaizinho,Vila Nova de Famalicão,Portalegre,Alto Alentejo,Alentejo,1er_cycle_uniquement,0.0,0.0,0.0,0.0,0.0,,,,,,,,,,,,,,,,,
312138,"Escola Básica de Carreira, Vila Nova de Famalicão",Vila Nova de Famalicão,Portalegre,Alto Alentejo,Alentejo,1er_cycle_uniquement,30.0,13.0,2.0,8.0,7.0,0.0,,,,,,,,,,,,,,,,
312140,"Escola Básica de Cabeçudos, Vila Nova de Famalicão",Vila Nova de Famalicão,Portalegre,Alto Alentejo,Alentejo,1er_cycle_uniquement,37.0,10.0,11.0,10.0,6.0,0.0425,,,,,,,,,,,,,,,,
312145,"Escola Básica de Estalagem, Vila Nova de Famalicão",Vila Nova de Famalicão,Portalegre,Alto Alentejo,Alentejo,1er_cycle_uniquement,43.0,0.0,0.0,19.0,24.0,0.0,,,,,,,,,,,,,,,,
312155,"Escola Básica de Pousada de Saramagos, Vila Nova de Famalicão",Vila Nova de Famalicão,Portalegre,Alto Alentejo,Alentejo,1er_cycle_uniquement,87.0,20.0,23.0,23.0,21.0,0.0,,,,,,,,,,,,,,,,
312160,"Escola Básica de Agra Maior, Vermoim, Vila Nova de Famalicão",Vila Nova de Famalicão,Portalegre,Alto Alentejo,Alentejo,1er_cycle_uniquement,44.0,24.0,20.0,0.0,0.0,0.0,,,,,,,,,,,,,,,,
312179,"Escola Básica Terras do Ave, Vila Nova de Famalicão",Vila Nova de Famalicão,Portalegre,Alto Alentejo,Alentejo,1er_et_2eme_cycle,43.0,15.0,18.0,10.0,0.0,0.02,73,113,112,68,113,110,118,117,0.55,0.45,235,0,0.009999999776482582,111,1,0.9625695642496905
312187,"Escola Básica de Ribeirão, Vila Nova de Famalicão",Vila Nova de Famalicão,,,,2eme_cycle_uniquement,,,,,,,145,155,153,148,166,151,131,165,0.52,0.48,296,0.009999999776482582,0,164,0.9939024390243902,0.9626765042926426
312200,"Escola Básica de Barranhas, Vila Nova de Famalicão",Vila Nova de Famalicão,Portalegre,Alto Alentejo,Alentejo,1er_cycle_uniquement,33.0,9.0,9.0,7.0,8.0,0.0,,,,,,,,,,,,,,,,
312220,"Escola Básica de Requião, Vila Nova de Famalicão",Vila Nova de Famalicão,Portalegre,Alto Alentejo,Alentejo,1er_cycle_uniquement,112.0,42.0,24.0,22.0,24.0,0.0,,,,,,,,,,,,,,,,
312277,"Escola Básica de Boca Monte, Vila Nova de Famalicão",Vila Nova de Famalicão,Portalegre,Alto Alentejo,Alentejo,1er_cycle_uniquement,96.0,24.0,23.0,25.0,24.0,0.0,,,,,,,,,,,,,,,,
312312,"Escola Básica de Nine, Vila Nova de Famalicão",Vila Nova de Famalicão,Portalegre,Alto Alentejo,Alentejo,1er_cycle_uniquement,82.0,20.0,24.0,20.0,18.0,0.02,,,,,,,,,,,,,,,,
312314,"Escola Básica de Oliveira Santa Maria, Vila Nova de Famalicão",Vila Nova de Famalicão,Portalegre,Alto Alentejo,Alentejo,1er_cycle_uniquement,83.0,22.0,19.0,19.0,23.0,0.0,,,,,,,,,,,,,,,,
312323,"Escola Básica Bernardino Machado, Joane, Vila Nova de Famalicão",Vila Nova de Famalicão,,,,2eme_cycle_uniquement,,,,,,,218,197,209,223,187,213,205,194,0.5,0.5,399,0,0.029999999329447746,182,0.9725274725274725,0.9647299376511026
312358,"Escola Básica de Lousado, Vila Nova de Famalicão",Vila Nova de Famalicão,Portalegre,Alto Alentejo,Alentejo,1er_cycle_uniquement,164.0,45.0,40.0,40.0,39.0,0.0,,,,,,,,,,,,,,,,
312363,"Escola Básica Luís de Camões, Vila Nova de Famalicão",Vila Nova de Famalicão,Portalegre,Alto Alentejo,Alentejo,1er_cycle_uniquement,281.0,71.0,72.0,65.0,73.0,0.01,,,,,,,,,,,,,,,,
312391,Colégio Machado Ruivo - Escolinha de Famalicão,Vila Nova de Famalicão,Portalegre,Alto Alentejo,Alentejo,1er_et_2eme_cycle,105.0,24.0,25.0,18.0,38.0,0.0,26,15,26,26,21,27,18,20,0.5,0.5,38,0,0,21,1,0.9886643682844969
312395,Didáxis - Riba de Ave,Vila Nova de Famalicão,,,,2eme_cycle_uniquement,,,,,,,16,24,24,15,13,24,13,13,0.5,0.5,26,0,0,13,*,*
312396,"Escola Básica de Riba de Ave, Vila Nova de Famalicão",Vila Nova de Famalicão,Portalegre,Alto Alentejo,Alentejo,1er_cycle_uniquement,168.0,39.0,40.0,43.0,46.0,0.0,,,,,,,,,,,,,,,,
312403,"Escola Básica de Oliveira - São Mateus, Vila Nova de Famalicão",Vila Nova de Famalicão,Portalegre,Alto Alentejo,Alentejo,1er_cycle_uniquement,78.0,20.0,21.0,16.0,21.0,0.015,,,,,,,,,,,,,,,,
312468,"Escola Básica de Gavião, Vila Nova de Famalicão",Vila Nova de Famalicão,Portalegre,Alto Alentejo,Alentejo,1er_cycle_uniquement,112.0,24.0,42.0,24.0,22.0,0.0,,,,,,,,,,,,,,,,
312475,"Escola Básica de Telhado, Vila Nova de Famalicão",Vila Nova de Famalicão,Portalegre,Alto Alentejo,Alentejo,1er_cycle_uniquement,64.0,17.0,21.0,20.0,6.0,0.0,,,,,,,,,,,,,,,,
312497,Colégio Mundos de Vida,Vila Nova de Famalicão,Portalegre,Alto Alentejo,Alentejo,1er_et_2eme_cycle,104.0,27.0,26.0,25.0,26.0,0.0,22,0,22,21,22,21,24,22,0.5900000000000001,0.41,46,0,0,22,1,0.9910424096802984
312522,"Escola Básica Conde São Cosme, Vila Nova de Famalicão",Vila Nova de Famalicão,Portalegre,Alto Alentejo,Alentejo,1er_cycle_uniquement,187.0,46.0,41.0,50.0,50.0,0.0,,,,,,,,,,,,,,,,
312547,"Escola Básica de Seide - São Miguel, Vila Nova de Famalicão",Vila Nova de Famalicão,Portalegre,Alto Alentejo,Alentejo,1er_cycle_uniquement,29.0,5.0,8.0,12.0,4.0,0.0,,,,,,,,,,,,,,,,
312550,"Escola Básica de Bairro, Vila Nova de Famalicão",Vila Nova de Famalicão,Portalegre,Alto Alentejo,Alentejo,1er_cycle_uniquement,138.0,37.0,32.0,40.0,29.0,0.0,,,,,,,,,,,,,,,,
312579,"Escola Básica de São Miguel, São Miguel-o-Anjo, Vila Nova de Famalicão",Vila Nova de Famalicão,Portalegre,Alto Alentejo,Alentejo,1er_cycle_uniquement,51.0,10.0,15.0,10.0,16.0,0.14,,,,,,,,,,,,,,,,
312581,"Escola Básica de Vale - São Martinho, Vila Nova de Famalicão",Vila Nova de Famalicão,Portalegre,Alto Alentejo,Alentejo,1er_cycle_uniquement,76.0,18.0,21.0,16.0,21.0,0.0,,,,,,,,,,,,,,,,
312584,"Escola Básica de Igreja, Ruivães, Vila Nova de Famalicão",Vila Nova de Famalicão,Portalegre,Alto Alentejo,Alentejo,1er_cycle_uniquement,72.0,23.0,18.0,16.0,15.0,0.0,,,,,,,,,,,,,,,,
312592,"Escola Básica de Cavalões, Vila Nova de Famalicão",Vila Nova de Famalicão,Portalegre,Alto Alentejo,Alentejo,1er_cycle_uniquement,22.0,12.0,0.0,0.0,10.0,0.0,,,,,,,,,,,,,,,,
312594,"Escola Básica Dr. Nuno Simões, Calendário, Vila Nova de Famalicão",Vila Nova de Famalicão,Portalegre,Alto Alentejo,Alentejo,1er_et_2eme_cycle,127.0,44.0,44.0,19.0,20.0,0.0775,86,105,83,92,82,80,110,92,0.52,0.48,202,0.10999999940395355,0.07999999821186066,73,0.9863013698630136,0.9507242739892474
312604,"Escola Básica D. Maria II, Gavião, Vila Nova de Famalicão",Vila Nova de Famalicão,,,,2eme_cycle_uniquement,,,,,,,130,156,130,135,154,133,117,152,0.49,0.51,269,0,0.03999999910593033,151,0.9536423841059603,0.9619190689563979
312608,"Escola Básica de Delães, Vila Nova de Famalicão",Vila Nova de Famalicão,Portalegre,Alto Alentejo,Alentejo,1er_cycle_uniquement,86.0,20.0,23.0,23.0,20.0,0.0,,,,,,,,,,,,,,,,
312640,"Escola Básica Conde de Arnoso, Vila Nova de Famalicão",Vila Nova de Famalicão,Portalegre,Alto Alentejo,Alentejo,1er_et_2eme_cycle,91.0,25.0,25.0,19.0,22.0,0.0,78,65,82,77,88,88,68,92,0.51,0.49,160,0,0,83,0.9879518072289156,0.966927731942099
312680,"Escola Básica de Lagoa, Vila Nova de Famalicão",Vila Nova de Famalicão,Portalegre,Alto Alentejo,Alentejo,1er_cycle_uniquement,78.0,17.0,24.0,16.0,21.0,0.0,,,,,,,,,,,,,,,,
312715,"Escola Básica de Quintão, Vila Nova de Famalicão",Vila Nova de Famalicão,Portalegre,Alto Alentejo,Alentejo,1er_cycle_uniquement,42.0,12.0,15.0,3.0,12.0,0.0,,,,,,,,,,,,,,,,
312741,"Escola Básica de Castelões, Vila Nova de Famalicão",Vila Nova de Famalicão,Portalegre,Alto Alentejo,Alentejo,1er_cycle_uniquement,85.0,21.0,20.0,23.0,21.0,0.0,,,,,,,,,,,,,,,,
312746,"Escola Básica Júlio Brandão, Vila Nova de Famalicão",Vila Nova de Famalicão,,,,2eme_cycle_uniquement,,,,,,,291,309,282,290,262,279,254,267,0.51,0.49,521,0.029999999329447746,0.029999999329447746,251,0.9880478087649402,0.975994066533564
312780,"Escola Básica de Landim, Vila Nova de Famalicão",Vila Nova de Famalicão,Portalegre,Alto Alentejo,Alentejo,1er_cycle_uniquement,58.0,22.0,17.0,0.0,19.0,0.0,,,,,,,,,,,,,,,,
312787,"Escola Básica de Gondifelos, Vila Nova de Famalicão",Vila Nova de Famalicão,Portalegre,Alto Alentejo,Alentejo,1er_et_2eme_cycle,84.0,20.0,22.0,20.0,22.0,0.0,66,51,51,66,64,54,43,68,0.5,0.5,111,0,0,62,0.9838709677419355,0.9636971384733396
312868,"Escola Básica de Lagarinhos, Brufe, Vila Nova de Famalicão",Vila Nova de Famalicão,Portalegre,Alto Alentejo,Alentejo,1er_cycle_uniquement,46.0,21.0,25.0,0.0,0.0,0.0,,,,,,,,,,,,,,,,
312870,"Escola Básica de Vale - São Cosme, Vila Nova de Famalicão",Vila Nova de Famalicão,Portalegre,Alto Alentejo,Alentejo,1er_cycle_uniquement,71.0,18.0,16.0,17.0,20.0,0.0,,,,,,,,,,,,,,,,
312922,"Escola Básica de Sapugal, Fradelos, Vila Nova de Famalicão",Vila Nova de Famalicão,Portalegre,Alto Alentejo,Alentejo,1er_cycle_uniquement,69.0,21.0,17.0,18.0,13.0,0.0,,,,,,,,,,,,,,,,
312942,"Escola Básica de Carvalho, Brufe, Vila Nova de Famalicão",Vila Nova de Famalicão,Portalegre,Alto Alentejo,Alentejo,1er_cycle_uniquement,41.0,0.0,0.0,19.0,22.0,0.0,,,,,,,,,,,,,,,,
312965,"Escola Básica de Esmeriz, Vila Nova de Famalicão",Vila Nova de Famalicão,Portalegre,Alto Alentejo,Alentejo,1er_cycle_uniquement,86.0,24.0,21.0,21.0,20.0,0.0,,,,,,,,,,,,,,,,
312980,"Escola Básica de Valdossos, Fradelos, Vila Nova de Famalicão",Vila Nova de Famalicão,Portalegre,Alto Alentejo,Alentejo,1er_cycle_uniquement,58.0,21.0,15.0,10.0,12.0,0.02,,,,,,,,,,,,,,,,
312985,"Escola Básica Senador Sousa Fernandes, Vila Nova de Famalicão",Vila Nova de Famalicão,Portalegre,Alto Alentejo,Alentejo,1er_cycle_uniquement,44.0,15.0,10.0,7.0,12.0,0.0,,,,,,,,,,,,,,,,
312999,Escola Mais Plural,Vila Nova de Famalicão,Portalegre,Alto Alentejo,Alentejo,1er_cycle_uniquement,78.0,21.0,21.0,20.0,16.0,0.0,,,,,,,,,,,,,,,,
313001,"Escola Básica de Cabanelas, Vila Verde",Vila Verde,Porto,Área Metropolitana do Porto,Norte,1er_cycle_uniquement,55.0,20.0,7.0,12.0,16.0,0.0,,,,,,,,,,,,,,,,
313002,"Escola Básica n.º 1 de Prado, Vila Verde",Vila Verde,Porto,Área Metropolitana do Porto,Norte,1er_cycle_uniquement,188.0,51.0,38.0,56.0,43.0,0.0,,,,,,,,,,,,,,,,
313003,Colégio Dom João de Aboim,Vila Verde,Porto,Área Metropolitana do Porto,Norte,1er_cycle_uniquement,149.0,49.0,34.0,41.0,25.0,0.0,,,,,,,,,,,,,,,,
313126,"Escola Básica de Prado, Vila Verde",Vila Verde,,,,2eme_cycle_uniquement,,,,,,,74,111,89,75,109,89,106,112,0.55,0.45,218,0,0,105,0.9904761904761905,0.9443602748667377
313135,"Escola Básica de Moure e Ribeira do Neiva, Ribeira, Vila Verde",Vila Verde,Porto,Área Metropolitana do Porto,Norte,1er_et_2eme_cycle,88.0,21.0,23.0,24.0,20.0,0.0,52,61,53,54,52,56,47,51,0.56,0.44,98,0,0.019999999552965164,47,1,0.9468300602545106
313163,"Escola Básica de Aboim da Nóbrega, Vila Verde",Vila Verde,Porto,Área Metropolitana do Porto,Norte,1er_cycle_uniquement,0.0,0.0,0.0,0.0,0.0,,,,,,,,,,,,,,,,,
313257,"Escola Básica de Lanhas, Vila Verde",Vila Verde,Porto,Área Metropolitana do Porto,Norte,1er_cycle_uniquement,0.0,0.0,0.0,0.0,0.0,,,,,,,,,,,,,,,,,
313331,"Escola Básica de Lage, Vila Verde",Vila Verde,Porto,Área Metropolitana do Porto,Norte,1er_cycle_uniquement,114.0,21.0,46.0,23.0,24.0,0.0,,,,,,,,,,,,,,,,
313391,"Escola Básica de Atães, Vila Verde",Vila Verde,Porto,Área Metropolitana do Porto,Norte,1er_cycle_uniquement,30.0,10.0,4.0,8.0,8.0,0.0,,,,,,,,,,,,,,,,
313458,"Escola Básica de Sobral, Vila Verde",Vila Verde,Porto,Área Metropolitana do Porto,Norte,1er_cycle_uniquement,71.0,18.0,9.0,23.0,21.0,0.0,,,,,,,,,,,,,,,,
313460,"Escola Básica de Freiriz, Vila Verde",Vila Verde,Porto,Área Metropolitana do Porto,Norte,1er_cycle_uniquement,37.0,11.0,6.0,9.0,11.0,0.0,,,,,,,,,,,,,,,,
313467,"Escola Básica de Soutelo, Vila Verde",Vila Verde,Porto,Área Metropolitana do Porto,Norte,1er_cycle_uniquement,69.0,16.0,14.0,14.0,25.0,0.0,,,,,,,,,,,,,,,,
313473,"Escola Básica de Barbudo, Vila Verde",Vila Verde,Porto,Área Metropolitana do Porto,Norte,1er_cycle_uniquement,45.0,8.0,15.0,10.0,12.0,0.0,,,,,,,,,,,,,,,,
313507,Escola Básica de Vila Verde,Vila Verde,,,,2eme_cycle_uniquement,,,,,,,158,148,176,165,165,176,174,166,0.54,0.46,340,0.009999999776482582,0.019999999552965164,153,0.9738562091503268,0.955555028569838
313540,"Escola Básica Monsenhor Elísio Araújo, Vila Verde",Vila Verde,Porto,Área Metropolitana do Porto,Norte,1er_et_2eme_cycle,112.0,31.0,32.0,24.0,25.0,0.015,63,71,79,64,66,78,60,68,0.53,0.47,128,0,0.009999999776482582,65,0.9692307692307692,0.95077939126358
313611,"Escola Básica de Ribeira do Neiva, Vila Verde",Vila Verde,Porto,Área Metropolitana do Porto,Norte,1er_et_2eme_cycle,103.0,28.0,30.0,24.0,21.0,0.0,33,45,36,35,24,36,29,27,0.5700000000000001,0.43,56,0,0,23,1,0.9482173266543015
313615,"Escola Básica de Parada de Gatim, Vila Verde",Vila Verde,Porto,Área Metropolitana do Porto,Norte,1er_cycle_uniquement,0.0,0.0,0.0,0.0,0.0,,,,,,,,,,,,,,,,,
313619,"Escola Básica de Geme, Vila Verde",Vila Verde,Porto,Área Metropolitana do Porto,Norte,1er_cycle_uniquement,24.0,3.0,6.0,8.0,7.0,0.0,,,,,,,,,,,,,,,,
313742,"Escola Básica de Turiz, Vila Verde",Vila Verde,Porto,Área Metropolitana do Porto,Norte,1er_cycle_uniquement,63.0,17.0,19.0,11.0,16.0,0.0,,,,,,,,,,,,,,,,
313766,"Escola Básica de Oleiros, Vila Verde",Vila Verde,Porto,Área Metropolitana do Porto,Norte,1er_cycle_uniquement,38.0,9.0,7.0,14.0,8.0,0.0,,,,,,,,,,,,,,,,
313882,Escola Básica n.º 2 de Vila Verde,Vila Verde,Porto,Área Metropolitana do Porto,Norte,1er_cycle_uniquement,255.0,64.0,66.0,53.0,72.0,0.0025,,,,,,,,,,,,,,,,
313942,"Escola Básica de Oriz - São Miguel, Vila Verde",Vila Verde,Porto,Área Metropolitana do Porto,Norte,1er_cycle_uniquement,0.0,0.0,0.0,0.0,0.0,,,,,,,,,,,,,,,,,
313949,"Escola Básica de Sande, Vila Verde",Vila Verde,Porto,Área Metropolitana do Porto,Norte,1er_cycle_uniquement,0.0,0.0,0.0,0.0,0.0,,,,,,,,,,,,,,,,,
313981,"Escola Básica de Esqueiros, Vila Verde",Vila Verde,Porto,Área Metropolitana do Porto,Norte,1er_cycle_uniquement,39.0,9.0,7.0,13.0,10.0,0.0,,,,,,,,,,,,,,,,
314001,"Escola Básica de S. Miguel, Vizela",Vizela,Santarém,Lezíria do Tejo,Oeste e Vale do Tejo,1er_cycle_uniquement,237.0,52.0,66.0,63.0,56.0,0.0,,,,,,,,,,,,,,,,
314182,"Escola Básica e Secundária de S. Bento, Vizela",Vizela,,,,2eme_cycle_uniquement,,,,,,,96,109,80,96,95,84,102,102,0.52,0.48,204,0,0,94,1,0.9708637300704794
401878,Escola Básica e Secundária de Alfândega da Fé,Alfândega da Fé,,,,2eme_cycle_uniquement,,,,,,,28,25,18,30,30,20,31,28,0.43999999999999995,0.56,59,0,0,28,1,0.9458471811028915
401950,Escola Básica de Alfândega da Fé,Alfândega da Fé,Aveiro,Região de Aveiro,Centro,1er_cycle_uniquement,98.0,22.0,22.0,21.0,33.0,0.0075,,,,,,,,,,,,,,,,
402001,"Escola Básica da Sé, Bragança",Bragança,Beja,Baixo Alentejo,Alentejo,1er_cycle_uniquement,260.0,72.0,71.0,51.0,66.0,0.0075,,,,,,,,,,,,,,,,
402002,"Escola Básica de Santa Maria, Bragança",Bragança,Beja,Baixo Alentejo,Alentejo,1er_cycle_uniquement,189.0,46.0,48.0,42.0,53.0,0.0,,,,,,,,,,,,,,,,
402250,"Escola Básica de Santa Comba de Rossas, Bragança",Bragança,Beja,Baixo Alentejo,Alentejo,1er_cycle_uniquement,0.0,0.0,0.0,0.0,0.0,,,,,,,,,,,,,,,,,
402321,Escola Básica n.º 10 de Bragança,Bragança,Beja,Baixo Alentejo,Alentejo,1er_cycle_uniquement,80.0,15.0,24.0,20.0,21.0,0.01,,,,,,,,,,,,,,,,
402347,"Escola Básica e Secundária Miguel Torga, Bragança",Bragança,,,,2eme_cycle_uniquement,,,,,,,42,68,50,44,38,59,32,43,0.55,0.45,75,0.029999999329447746,0,37,1,0.9803725613518981
402520,Escola Básica n.º 3 de Bragança,Bragança,Beja,Baixo Alentejo,Alentejo,1er_cycle_uniquement,84.0,23.0,21.0,21.0,19.0,0.025,,,,,,,,,,,,,,,,
402554,"Escola Básica de Izeda, Bragança",Bragança,Beja,Baixo Alentejo,Alentejo,1er_et_2eme_cycle,0.0,0.0,0.0,0.0,0.0,,*,*,*,*,*,*,*,*,*,*,*,*,-,-,-,-
402601,"Escola Básica Paulo Quintela, Bragança",Bragança,,,,2eme_cycle_uniquement,,,,,,,156,169,171,155,143,177,136,143,0.56,0.44,279,0,0.029999999329447746,142,0.971830985915493,0.9657841110448752
402653,Escola de Santa Clara,Bragança,Beja,Baixo Alentejo,Alentejo,1er_cycle_uniquement,78.0,23.0,16.0,17.0,22.0,0.0,,,,,,,,,,,,,,,,
402716,"Escola Básica de Rebordãos, Bragança",Bragança,Beja,Baixo Alentejo,Alentejo,1er_cycle_uniquement,22.0,7.0,2.0,7.0,6.0,0.0,,,,,,,,,,,,,,,,
402719,"Escola Básica Augusto Moreno, Bragança",Bragança,Beja,Baixo Alentejo,Alentejo,1er_et_2eme_cycle,220.0,45.0,73.0,57.0,45.0,0.0275,87,49,56,90,98,54,54,107,0.5,0.5,161,0,0.05999999865889549,95,0.9578947368421052,0.9578808581785508
402846,Centro Social Do Sagrado Coração De Jesus,Bragança,Beja,Baixo Alentejo,Alentejo,1er_cycle_uniquement,67.0,17.0,23.0,17.0,10.0,0.0225,,,,,,,,,,,,,,,,
402878,"Escola Básica de Parada, Bragança",Bragança,Beja,Baixo Alentejo,Alentejo,1er_cycle_uniquement,0.0,0.0,0.0,0.0,0.0,,,,,,,,,,,,,,,,,
402997,Escola Básica n.º 8 de Bragança,Bragança,Beja,Baixo Alentejo,Alentejo,1er_cycle_uniquement,25.0,5.0,10.0,0.0,10.0,0.1333,,,,,,,,,,,,,,,,
403001,Escola Básica de Carrazeda de Ansiães,Carrazeda de Ansiães,Braga,Cávado,Norte,1er_cycle_uniquement,162.0,42.0,33.0,35.0,52.0,0.0,,,,,,,,,,,,,,,,
403561,Escola Básica e Secundária de Carrazeda de Ansiães,Carrazeda de Ansiães,,,,2eme_cycle_uniquement,,,,,,,40,37,33,40,34,34,34,36,0.56,0.44,70,0,0,34,1,0.9391623377411475
404745,"Escola Básica Guerra Junqueiro, Freixo de Espada à Cinta",Freixo de Espada à Cinta,,,,2eme_cycle_uniquement,,,,,,,21,28,30,19,21,25,30,19,0.43000000000000005,0.57,49,0.029999999329447746,0,20,1,0.9301359118277711
404746,"Escola Básica de Freixo, Freixo de Espada à Cinta",Freixo de Espada à Cinta,Bragança,Terras de Trás-os-Montes,Norte,1er_cycle_uniquement,87.0,23.0,16.0,25.0,23.0,0.01,,,,,,,,,,,,,,,,
405001,Escola Básica de Macedo de Cavaleiros,Macedo de Cavaleiros,Castelo Branco,Beira Baixa,Centro,1er_cycle_uniquement,178.0,97.0,81.0,0.0,0.0,0.03,,,,,,,,,,,,,,,,
405116,"Escola Básica de Morais, Macedo de Cavaleiros",Macedo de Cavaleiros,Castelo Branco,Beira Baixa,Centro,1er_cycle_uniquement,0.0,0.0,0.0,0.0,0.0,,,,,,,,,,,,,,,,,
405193,"Escola Básica de Chacim, Macedo de Cavaleiros",Macedo de Cavaleiros,Castelo Branco,Beira Baixa,Centro,1er_cycle_uniquement,0.0,0.0,0.0,0.0,0.0,,,,,,,,,,,,,,,,,
405195,Escola Básica e Secundária de Macedo de Cavaleiros,Macedo de Cavaleiros,Castelo Branco,Beira Baixa,Centro,1er_et_2eme_cycle,174.0,0.0,0.0,91.0,83.0,0.065,79,106,105,77,80,107,87,90,0.5,0.5,177,0.009999999776482582,0,77,0.987012987012987,0.9323872922456675
406621,Escola Básica de Miranda do Douro,Miranda do Douro,Coimbra,Região de Coimbra,Centro,1er_cycle_uniquement,107.0,35.0,24.0,34.0,14.0,0.0,,,,,,,,,,,,,,,,
406691,Escola Básica e Secundária de Miranda do Douro,Miranda do Douro,,,,2eme_cycle_uniquement,,,,,,,32,30,27,29,16,27,31,17,0.48,0.52,48,0,0,16,1,0.9601000336161033
406761,"Escola Básica de Sendim, Miranda do Douro",Miranda do Douro,Coimbra,Região de Coimbra,Centro,1er_et_2eme_cycle,48.0,17.0,9.0,12.0,10.0,0.0275,16,23,11,16,18,10,16,18,0.43999999999999995,0.56,34,0,0,18,1,0.9442318993270958
406886,"Escola Básica de Palaçoulo, Miranda do Douro",Miranda do Douro,Coimbra,Região de Coimbra,Centro,1er_cycle_uniquement,0.0,0.0,0.0,0.0,0.0,,,,,,,,,,,,,,,,,
407075,"Escola Básica do Convento, Mirandela",Mirandela,Évora,Alentejo Central,Alentejo,1er_cycle_uniquement,194.0,50.0,49.0,51.0,44.0,0.005,,,,,,,,,,,,,,,,
407565,"Escola Básica Luciano Cordeiro, Mirandela",Mirandela,Évora,Alentejo Central,Alentejo,1er_et_2eme_cycle,177.0,49.0,63.0,21.0,44.0,0.03,175,176,166,168,178,164,132,177,0.51,0.49,309,0.03999999910593033,0.009999999776482582,167,0.9880239520958084,0.9605137593334556
407604,Colégio Infantil de Nossa Senhora do Amparo,Mirandela,Évora,Alentejo Central,Alentejo,1er_cycle_uniquement,54.0,13.0,15.0,13.0,13.0,0.0,,,,,,,,,,,,,,,,
407787,"Escola Básica de Pereira, Mirandela",Mirandela,Évora,Alentejo Central,Alentejo,1er_cycle_uniquement,0.0,0.0,0.0,0.0,0.0,,,,,,,,,,,,,,,,,
407788,"Escola Básica do Fomento, Mirandela",Mirandela,Évora,Alentejo Central,Alentejo,1er_cycle_uniquement,161.0,26.0,25.0,72.0,38.0,0.0025,,,,,,,,,,,,,,,,
407897,"Escola Básica de Torre de Dona Chama, Mirandela",Mirandela,Évora,Alentejo Central,Alentejo,1er_et_2eme_cycle,35.0,11.0,9.0,7.0,8.0,0.0275,15,22,15,15,15,15,16,13,0.5900000000000001,0.41,29,0,0,15,0.9333333333333333,0.8797230858047428
408001,Escola Básica de Mogadouro,Mogadouro,Faro,Algarve,Algarve,1er_cycle_uniquement,169.0,46.0,44.0,43.0,36.0,0.0,,,,,,,,,,,,,,,,
408133,"Escola Básica de Bemposta, Mogadouro",Mogadouro,Faro,Algarve,Algarve,1er_cycle_uniquement,0.0,0.0,0.0,0.0,0.0,,,,,,,,,,,,,,,,,
408677,Escola Básica e Secundária do Mogadouro,Mogadouro,,,,2eme_cycle_uniquement,,,,,,,61,30,47,58,57,55,49,59,0.52,0.48,108,0,0,55,1,0.9562373249991468
409001,"Escola Básica Visconde de Vila Maior, Torre de Moncorvo",Torre de Moncorvo,Guarda,Beiras e Serra da Estrela,Centro,1er_cycle_uniquement,126.0,26.0,37.0,36.0,27.0,0.05,,,,,,,,,,,,,,,,
409629,"Escola Básica e Secundária Dr. Ramiro Salgado, Torre de Moncorvo",Torre de Moncorvo,,,,2eme_cycle_uniquement,,,,,,,42,46,49,39,47,42,44,41,0.53,0.47,85,0.05000000074505806,0,35,0.8571428571428571,0.9351873737046785
410156,"Escola Básica de Santa Comba de Vilariça, Vila Flor",Vila Flor,Leiria,Região de Leiria,Centro,1er_cycle_uniquement,22.0,5.0,9.0,1.0,7.0,0.36,,,,,,,,,,,,,,,,
410277,"Escola Básica de Seixo de Manhoses, Vila Flor",Vila Flor,Leiria,Região de Leiria,Centro,1er_cycle_uniquement,0.0,0.0,0.0,0.0,0.0,,,,,,,,,,,,,,,,,
410378,Escola Básica e Secundária de Vila Flor,Vila Flor,,,,2eme_cycle_uniquement,,,,,,,41,47,41,39,36,41,43,33,0.49,0.51,76,0,0,34,0.9117647058823529,0.9469202668755097
410591,"Escola Básica de Samões, Vila Flor",Vila Flor,Leiria,Região de Leiria,Centro,1er_cycle_uniquement,28.0,9.0,7.0,4.0,8.0,0.0,,,,,,,,,,,,,,,,
410947,"Escola Básica Dr. Artur Pimentel, Vila Flor",Vila Flor,Leiria,Região de Leiria,Centro,1er_cycle_uniquement,86.0,23.0,17.0,18.0,28.0,0.015,,,,,,,,,,,,,,,,
411213,Escola Básica n.º 1 de Vimioso,Vimioso,Lisboa,Grande Lisboa,Grande Lisboa,1er_cycle_uniquement,80.0,25.0,19.0,15.0,21.0,0.0,,,,,,,,,,,,,,,,
411953,Escola Básica de Vimioso,Vimioso,,,,2eme_cycle_uniquement,,,,,,,21,23,23,22,19,22,23,17,0.55,0.45,40,0,0,15,0.9333333333333333,0.9688292376483544
412158,Escola Básica de Vinhais,Vinhais,Portalegre,Alto Alentejo,Alentejo,1er_cycle_uniquement,116.0,28.0,33.0,28.0,27.0,0.03,,,,,,,,,,,,,,,,
412189,"Escola Básica de Ervedosa, Vinhais",Vinhais,Portalegre,Alto Alentejo,Alentejo,1er_cycle_uniquement,0.0,0.0,0.0,0.0,0.0,,,,,,,,,,,,,,,,,
412357,"Escola Básica de Rebordelo, Vinhais",Vinhais,Portalegre,Alto Alentejo,Alentejo,1er_cycle_uniquement,20.0,3.0,6.0,7.0,4.0,0.0425,,,,,,,,,,,,,,,,
412497,"Escola Básica e Secundária D. Afonso III, Vinhais",Vinhais,,,,2eme_cycle_uniquement,,,,,,,40,33,37,37,33,34,30,34,0.56,0.44,64,0.029999999329447746,0.09000000357627869,31,0.8709677419354839,0.9442462135692636
412744,"Escola Básica de Penhas Juntas, Vinhais",Vinhais,Portalegre,Alto Alentejo,Alentejo,1er_cycle_uniquement,0.0,0.0,0.0,0.0,0.0,,,,,,,,,,,,,,,,,
501605,"Escola Básica e Secundária Pedro Álvares Cabral, Belmonte",Belmonte,,,,2eme_cycle_uniquement,,,,,,,41,60,44,44,61,44,50,64,0.47,0.53,114,0.10000000149011612,0.019999999552965164,60,0.9833333333333333,0.9558602113455751
501866,Escola Básica Centro Educativo de Belmonte,Belmonte,Aveiro,Região de Aveiro,Centro,1er_cycle_uniquement,144.0,48.0,26.0,32.0,38.0,0.0,,,,,,,,,,,,,,,,
501871,"Escola Básica de São Marcos, Belmonte",Belmonte,Aveiro,Região de Aveiro,Centro,1er_cycle_uniquement,50.0,17.0,9.0,8.0,16.0,0.07,,,,,,,,,,,,,,,,
502001,"Escola Básica de Cebolais de Cima e Retaxo, Castelo Branco",Castelo Branco,Beja,Baixo Alentejo,Alentejo,1er_cycle_uniquement,23.0,7.0,8.0,4.0,4.0,0.0,,,,,,,,,,,,,,,,
502009,"Escola Básica de Quinta da Granja, Castelo Branco",Castelo Branco,Beja,Baixo Alentejo,Alentejo,1er_cycle_uniquement,144.0,66.0,78.0,0.0,0.0,0.015,,,,,,,,,,,,,,,,
502014,"Escola Básica de São Tiago, Castelo Branco",Castelo Branco,Beja,Baixo Alentejo,Alentejo,1er_cycle_uniquement,118.0,50.0,58.0,0.0,10.0,0.0067,,,,,,,,,,,,,,,,
502089,"Escola Básica de Sarzedas, Castelo Branco",Castelo Branco,Beja,Baixo Alentejo,Alentejo,1er_cycle_uniquement,0.0,0.0,0.0,0.0,0.0,,,,,,,,,,,,,,,,,
502121,"Escola Básica de Malpica do Tejo, Castelo Branco",Castelo Branco,Beja,Baixo Alentejo,Alentejo,1er_cycle_uniquement,0.0,0.0,0.0,0.0,0.0,,,,,,,,,,,,,,,,,
502213,"Escola Básica de Valongo, Castelo Branco",Castelo Branco,Beja,Baixo Alentejo,Alentejo,1er_cycle_uniquement,47.0,22.0,25.0,0.0,0.0,0.04,,,,,,,,,,,,,,,,
502232,"Escola Básica Nossa Senhora da Piedade, Castelo Branco",Castelo Branco,Beja,Baixo Alentejo,Alentejo,1er_cycle_uniquement,177.0,52.0,48.0,25.0,52.0,0.045,,,,,,,,,,,,,,,,
502266,Escola Básica Cidade de Castelo Branco,Castelo Branco,Beja,Baixo Alentejo,Alentejo,1er_et_2eme_cycle,234.0,48.0,50.0,64.0,72.0,0.02,130,126,92,135,105,98,115,107,0.49,0.51,222,0.029999999329447746,0.12999999523162842,99,0.9191919191919192,0.9687819442978716
502392,"Escola Básica Professor Doutor António Sena Faria de Vasconcelos, Castelo Branco",Castelo Branco,Beja,Baixo Alentejo,Alentejo,1er_et_2eme_cycle,98.0,25.0,24.0,26.0,23.0,0.0,47,46,65,43,64,63,44,61,0.54,0.46,105,0.20000000298023224,0.10000000149011612,53,0.9811320754716981,0.9499643256552692
502493,"Escola Básica de Alcains, Castelo Branco",Castelo Branco,Beja,Baixo Alentejo,Alentejo,1er_cycle_uniquement,152.0,40.0,40.0,36.0,36.0,0.02,,,,,,,,,,,,,,,,
502518,"Escola Básica e Secundária de Alcains, Castelo Branco",Castelo Branco,,,,2eme_cycle_uniquement,,,,,,,47,50,65,53,62,68,63,66,0.51,0.49,129,0,0.019999999552965164,57,1,0.9676852106741121
502524,"Escola Básica de Escalos de Cima, Castelo Branco",Castelo Branco,Beja,Baixo Alentejo,Alentejo,1er_cycle_uniquement,0.0,0.0,0.0,0.0,0.0,,,,,,,,,,,,,,,,,
502649,"Escola Básica de Boa Esperança, Castelo Branco",Castelo Branco,Beja,Baixo Alentejo,Alentejo,1er_cycle_uniquement,73.0,24.0,25.0,24.0,0.0,0.0,,,,,,,,,,,,,,,,
502676,"Escola Básica de Tinalhas, Castelo Branco",Castelo Branco,Beja,Baixo Alentejo,Alentejo,1er_cycle_uniquement,0.0,0.0,0.0,0.0,0.0,,,,,,,,,,,,,,,,,
502693,"Escola Básica de Póvoa de Rio de Moinhos, Castelo Branco",Castelo Branco,Beja,Baixo Alentejo,Alentejo,1er_cycle_uniquement,0.0,0.0,0.0,0.0,0.0,,,,,,,,,,,,,,,,,
502712,"Escola Básica de Mina, Castelo Branco",Castelo Branco,Beja,Baixo Alentejo,Alentejo,1er_cycle_uniquement,113.0,29.0,26.0,26.0,32.0,0.01,,,,,,,,,,,,,,,,
502744,"Escola Básica de São Vicente da Beira, Castelo Branco",Castelo Branco,Beja,Baixo Alentejo,Alentejo,1er_et_2eme_cycle,21.0,6.0,4.0,9.0,2.0,0.0,*,*,*,*,*,*,*,*,*,*,*,*,*,7,*,*
502787,"Escola Básica de Lardosa, Castelo Branco",Castelo Branco,Beja,Baixo Alentejo,Alentejo,1er_cycle_uniquement,0.0,0.0,0.0,0.0,0.0,,,,,,,,,,,,,,,,,
502837,"Escola Básica Afonso de Paiva, Castelo Branco",Castelo Branco,Beja,Baixo Alentejo,Alentejo,1er_et_2eme_cycle,97.0,0.0,0.0,51.0,46.0,0.01,135,103,137,136,107,137,144,109,0.49,0.51,253,0,0.009999999776482582,92,0.9782608695652174,0.9488984756040854
502859,"Escola Básica de Castelo, Castelo Branco",Castelo Branco,Beja,Baixo Alentejo,Alentejo,1er_cycle_uniquement,42.0,15.0,10.0,16.0,1.0,0.0475,,,,,,,,,,,,,,,,
502870,Jardim Escola João de Deus Castelo Branco,Castelo Branco,Beja,Baixo Alentejo,Alentejo,1er_cycle_uniquement,49.0,19.0,16.0,8.0,6.0,0.0,,,,,,,,,,,,,,,,
502900,"Escola Básica de Escalos de Baixo, Castelo Branco",Castelo Branco,Beja,Baixo Alentejo,Alentejo,1er_cycle_uniquement,0.0,0.0,0.0,0.0,0.0,,,,,,,,,,,,,,,,,
502967,"Escola Básica João Roiz de Castelo Branco, Castelo Branco",Castelo Branco,Beja,Baixo Alentejo,Alentejo,1er_et_2eme_cycle,199.0,0.0,0.0,95.0,104.0,0.0,112,120,140,114,152,140,121,164,0.49,0.51,285,0.019999999552965164,0.029999999329447746,148,0.9932432432432432,0.9694081666257243
502971,Centro Social Padres Redentoristas,Castelo Branco,Beja,Baixo Alentejo,Alentejo,1er_cycle_uniquement,125.0,31.0,20.0,39.0,35.0,0.025,,,,,,,,,,,,,,,,
503035,"Escola Básica n.º 1 de Teixoso, Covilhã",Covilhã,Braga,Cávado,Norte,1er_cycle_uniquement,89.0,25.0,21.0,21.0,22.0,0.06,,,,,,,,,,,,,,,,
503047,"Escola Básica de Unhais da Serra, Covilhã",Covilhã,Braga,Cávado,Norte,1er_cycle_uniquement,0.0,0.0,0.0,0.0,0.0,,,,,,,,,,,,,,,,,
503050,"Escola Básica n.º 2 de Teixoso, Covilhã",Covilhã,,,,2eme_cycle_uniquement,,,,,,,30,38,33,30,39,29,42,34,0.71,0.29,76,0.07000000029802322,0.029999999329447746,32,0.9375,0.9427324150251528
503082,"Escola Básica de Penedos Altos, Covilhã",Covilhã,Braga,Cávado,Norte,1er_cycle_uniquement,105.0,23.0,29.0,25.0,28.0,0.045,,,,,,,,,,,,,,,,
503098,"Escola Básica de Tortosendo, Covilhã",Covilhã,,,,2eme_cycle_uniquement,,,,,,,49,59,66,50,59,60,37,62,0.48,0.52,99,0,0.20999999344348907,54,0.8703703703703703,0.9540205972577529
503153,"Escola Básica de São Domingos, Cantar-Galo, Covilhã",Covilhã,Braga,Cávado,Norte,1er_et_2eme_cycle,74.0,18.0,22.0,14.0,20.0,0.0125,52,48,46,53,42,48,62,43,0.5,0.5,105,0.019999999552965164,0.019999999552965164,38,0.9736842105263158,0.9565560621205683
503170,"Escola Básica de Refúgio, Covilhã",Covilhã,Braga,Cávado,Norte,1er_cycle_uniquement,89.0,37.0,20.0,32.0,0.0,0.0,,,,,,,,,,,,,,,,
503201,"Escola Básica de Cortes, Covilhã",Covilhã,Braga,Cávado,Norte,1er_cycle_uniquement,0.0,0.0,0.0,0.0,0.0,,,,,,,,,,,,,,,,,
503210,"Escola Básica D. Maria Amália Cabral Lobo Vasconcelos, Peraboa, Covilhã",Covilhã,Braga,Cávado,Norte,1er_cycle_uniquement,0.0,0.0,0.0,0.0,0.0,,,,,,,,,,,,,,,,,
503221,"Escola Básica de Canhoso, Covilhã",Covilhã,Braga,Cávado,Norte,1er_cycle_uniquement,72.0,17.0,24.0,14.0,17.0,0.0525,,,,,,,,,,,,,,,,
503233,"Escola Básica de Barroca Grande, Covilhã",Covilhã,Braga,Cávado,Norte,1er_cycle_uniquement,0.0,0.0,0.0,0.0,0.0,,,,,,,,,,,,,,,,,
503254,"Escola Básica de Largo da Feira, Tortosendo, Covilhã",Covilhã,Braga,Cávado,Norte,1er_cycle_uniquement,28.0,6.0,12.0,6.0,4.0,0.0425,,,,,,,,,,,,,,,,
503347,"Jardim de Infância de São Jorge da Beira, Covilhã",Covilhã,Braga,Cávado,Norte,1er_cycle_uniquement,0.0,0.0,0.0,0.0,0.0,,,,,,,,,,,,,,,,,
503396,"Escola Básica n.º 1 de Paúl, Covilhã",Covilhã,Braga,Cávado,Norte,1er_cycle_uniquement,50.0,9.0,12.0,14.0,15.0,0.0,,,,,,,,,,,,,,,,
503416,"Escola Básica de Montes Hermínios, Tortosendo, Covilhã",Covilhã,Braga,Cávado,Norte,1er_cycle_uniquement,106.0,21.0,29.0,26.0,30.0,0.0,,,,,,,,,,,,,,,,
503440,"Escola Básica de Dominguizo, Covilhã",Covilhã,Braga,Cávado,Norte,1er_cycle_uniquement,32.0,8.0,11.0,8.0,5.0,0.0,,,,,,,,,,,,,,,,
503500,"Escola Básica de Peso, Covilhã",Covilhã,Braga,Cávado,Norte,1er_cycle_uniquement,0.0,0.0,0.0,0.0,0.0,,,,,,,,,,,,,,,,,
503515,"Escola Básica de Jardim, Ferro, Covilhã",Covilhã,Braga,Cávado,Norte,1er_cycle_uniquement,37.0,6.0,8.0,12.0,11.0,0.0325,,,,,,,,,,,,,,,,
503547,"Escola Básica A Lã e a Neve, Covilhã",Covilhã,Braga,Cávado,Norte,1er_cycle_uniquement,44.0,6.0,14.0,10.0,14.0,0.0175,,,,,,,,,,,,,,,,
503552,"Escola Básica de São Silvestre, Covilhã",Covilhã,Braga,Cávado,Norte,1er_cycle_uniquement,130.0,37.0,33.0,35.0,25.0,0.0475,,,,,,,,,,,,,,,,
503563,"Escola Básica n.º 2 de Paúl, Covilhã",Covilhã,,,,2eme_cycle_uniquement,,,,,,,28,23,27,28,20,28,20,25,0.5800000000000001,0.42,45,0.10000000149011612,0.03999999910593033,19,1,0.9702299394877096
503604,"Escola Básica de Santo António, Covilhã",Covilhã,Braga,Cávado,Norte,1er_cycle_uniquement,87.0,27.0,30.0,21.0,9.0,0.0,,,,,,,,,,,,,,,,
503639,"Escola Básica Pêro da Covilhã, Covilhã",Covilhã,Braga,Cávado,Norte,1er_et_2eme_cycle,83.0,0.0,0.0,0.0,83.0,0.02,196,210,205,199,194,213,195,206,0.52,0.48,401,0.05999999865889549,0.019999999552965164,174,0.9770114942528736,0.9662608066796533
503646,"Escola Básica de Rodrigo, Covilhã",Covilhã,Braga,Cávado,Norte,1er_cycle_uniquement,117.0,38.0,44.0,35.0,0.0,0.05,,,,,,,,,,,,,,,,
503760,Conservatório Regional de Música da Covilhã,Covilhã,Braga,Cávado,Norte,1er_et_2eme_cycle,80.0,17.0,21.0,18.0,24.0,0.0,16,8,16,13,24,16,22,24,0.63,0.37,46,0,0,24,0.9583333333333334,0.9846229192630164
503793,"Escola Básica de Vale Formoso, Covilhã",Covilhã,Braga,Cávado,Norte,1er_cycle_uniquement,0.0,0.0,0.0,0.0,0.0,,,,,,,,,,,,,,,,,
503832,"Escola Básica de Orjais, Covilhã",Covilhã,Braga,Cávado,Norte,1er_cycle_uniquement,0.0,0.0,0.0,0.0,0.0,,,,,,,,,,,,,,,,,
503844,"Escola Básica de Verdelhos, Covilhã",Covilhã,Braga,Cávado,Norte,1er_cycle_uniquement,0.0,0.0,0.0,0.0,0.0,,,,,,,,,,,,,,,,,
503861,"Jardim de Infância de Coutada, Covilhã",Covilhã,Braga,Cávado,Norte,1er_cycle_uniquement,0.0,0.0,0.0,0.0,0.0,,,,,,,,,,,,,,,,,
503864,"Escola Básica de Boidobra, Covilhã",Covilhã,Braga,Cávado,Norte,1er_cycle_uniquement,60.0,14.0,18.0,12.0,16.0,0.0275,,,,,,,,,,,,,,,,
503871,"Escola Básica de Vila de Carvalho, Covilhã",Covilhã,Braga,Cávado,Norte,1er_cycle_uniquement,0.0,0.0,0.0,0.0,0.0,,,,,,,,,,,,,,,,,
503900,"Escola Básica de Vales do Rio, Covilhã",Covilhã,Braga,Cávado,Norte,1er_cycle_uniquement,24.0,4.0,7.0,4.0,9.0,0.0,,,,,,,,,,,,,,,,
504103,"Escola Básica de Alcaria, Fundão",Fundão,Bragança,Terras de Trás-os-Montes,Norte,1er_cycle_uniquement,20.0,6.0,3.0,7.0,4.0,0.0,,,,,,,,,,,,,,,,
504127,"Escola Básica de Castelejo, Fundão",Fundão,Bragança,Terras de Trás-os-Montes,Norte,1er_cycle_uniquement,0.0,0.0,0.0,0.0,0.0,,,,,,,,,,,,,,,,,
504148,"Escola Básica de Salgueiro, Fundão",Fundão,Bragança,Terras de Trás-os-Montes,Norte,1er_cycle_uniquement,0.0,0.0,0.0,0.0,0.0,,,,,,,,,,,,,,,,,
504159,"Escola Básica de Aldeia de Joanes, Fundão",Fundão,Bragança,Terras de Trás-os-Montes,Norte,1er_cycle_uniquement,73.0,21.0,12.0,20.0,20.0,0.0,,,,,,,,,,,,,,,,
504189,"Escola Básica de Souto da Casa, Fundão",Fundão,Bragança,Terras de Trás-os-Montes,Norte,1er_cycle_uniquement,30.0,8.0,15.0,1.0,6.0,0.06,,,,,,,,,,,,,,,,
504198,"Escola Básica de Soalheira, Fundão",Fundão,Bragança,Terras de Trás-os-Montes,Norte,1er_cycle_uniquement,27.0,10.0,5.0,5.0,7.0,0.0,,,,,,,,,,,,,,,,
504205,"Escola Básica de Silvares, Fundão",Fundão,Bragança,Terras de Trás-os-Montes,Norte,1er_et_2eme_cycle,41.0,5.0,14.0,11.0,11.0,0.0,19,26,17,21,9,14,25,9,0.43999999999999995,0.56,34,0.07999999821186066,0,6,*,*
504335,"Escola Básica de Alpedrinha, Fundão",Fundão,Bragança,Terras de Trás-os-Montes,Norte,1er_cycle_uniquement,39.0,9.0,12.0,14.0,4.0,0.1225,,,,,,,,,,,,,,,,
504336,"Escola Básica de Janeiro de Cima, Fundão",Fundão,Bragança,Terras de Trás-os-Montes,Norte,1er_cycle_uniquement,0.0,0.0,0.0,0.0,0.0,,,,,,,,,,,,,,,,,
504353,"Escola Básica Santa Teresinha, Fundão",Fundão,Bragança,Terras de Trás-os-Montes,Norte,1er_cycle_uniquement,134.0,36.0,30.0,26.0,42.0,0.03,,,,,,,,,,,,,,,,
504430,"Escola Básica Nossa Senhora da Conceição, Fundão",Fundão,Bragança,Terras de Trás-os-Montes,Norte,1er_cycle_uniquement,74.0,21.0,20.0,33.0,0.0,0.01,,,,,,,,,,,,,,,,
504507,"Escola Básica Serra da Gardunha, Fundão",Fundão,Bragança,Terras de Trás-os-Montes,Norte,1er_et_2eme_cycle,20.0,0.0,0.0,0.0,20.0,0.0,75,56,66,75,72,70,81,67,0.6,0.4,148,0.07000000029802322,0.009999999776482582,59,0.9322033898305084,0.9521772569352867
504563,"Escola Básica de Fatela, Fundão",Fundão,Bragança,Terras de Trás-os-Montes,Norte,1er_cycle_uniquement,0.0,0.0,0.0,0.0,0.0,,,,,,,,,,,,,,,,,
504665,"Escola Básica de Tílias, Fundão",Fundão,Bragança,Terras de Trás-os-Montes,Norte,1er_cycle_uniquement,133.0,43.0,41.0,30.0,19.0,0.005,,,,,,,,,,,,,,,,
504682,"Escola Básica de Valverde, Fundão",Fundão,Bragança,Terras de Trás-os-Montes,Norte,1er_cycle_uniquement,29.0,8.0,8.0,6.0,7.0,0.0,,,,,,,,,,,,,,,,
504701,"Escola Básica de Donas, Fundão",Fundão,Bragança,Terras de Trás-os-Montes,Norte,1er_cycle_uniquement,29.0,2.0,11.0,6.0,10.0,0.1375,,,,,,,,,,,,,,,,
504702,"Escola Básica de Peroviseu, Fundão",Fundão,Bragança,Terras de Trás-os-Montes,Norte,1er_cycle_uniquement,0.0,0.0,0.0,0.0,0.0,,,,,,,,,,,,,,,,,
504766,"Escola Básica João Franco, Fundão",Fundão,,,,2eme_cycle_uniquement,,,,,,,97,121,96,94,121,98,91,119,0.56,0.44,210,0.09000000357627869,0.009999999776482582,110,0.9727272727272728,0.9618809769420434
504837,"Escola Básica de Atalaias, Atalaia do Campo, Fundão",Fundão,Bragança,Terras de Trás-os-Montes,Norte,1er_cycle_uniquement,20.0,8.0,5.0,2.0,5.0,0.05,,,,,,,,,,,,,,,,
504859,"Escola Básica de Alcaide, Fundão",Fundão,Bragança,Terras de Trás-os-Montes,Norte,1er_cycle_uniquement,22.0,4.0,7.0,5.0,6.0,0.035,,,,,,,,,,,,,,,,
504873,"Escola Básica de Telhado, Fundão",Fundão,Bragança,Terras de Trás-os-Montes,Norte,1er_cycle_uniquement,0.0,0.0,0.0,0.0,0.0,,,,,,,,,,,,,,,,,
504900,"Externato ""Capitão Santiago de Carvalho""",Fundão,,,,2eme_cycle_uniquement,,,,,,,21,16,16,16,32,13,19,26,0.47,0.53,45,0.25999999046325684,0.07999999821186066,30,0.8333333333333334,0.8946721535712988
504919,"Escola Básica de Vale de Prazeres, Fundão",Fundão,Bragança,Terras de Trás-os-Montes,Norte,1er_cycle_uniquement,25.0,5.0,8.0,3.0,9.0,0.1425,,,,,,,,,,,,,,,,
504961,"Jardim de Infância de Capinha, Fundão",Fundão,Bragança,Terras de Trás-os-Montes,Norte,1er_cycle_uniquement,0.0,0.0,0.0,0.0,0.0,,,,,,,,,,,,,,,,,
505241,"Escola Básica de Ladoeiro, Idanha-a-Nova",Idanha-a-Nova,Castelo Branco,Beira Baixa,Centro,1er_cycle_uniquement,27.0,9.0,7.0,6.0,5.0,0.0,,,,,,,,,,,,,,,,
505408,Escola Básica de Idanha-a-Nova,Idanha-a-Nova,Castelo Branco,Beira Baixa,Centro,1er_cycle_uniquement,107.0,26.0,29.0,24.0,28.0,0.045,,,,,,,,,,,,,,,,
505437,"Escola Básica e Secundária José Silvestre Ribeiro, Idanha-a-Nova",Idanha-a-Nova,,,,2eme_cycle_uniquement,,,,,,,65,57,57,63,56,64,63,63,0.48,0.52,126,0.1599999964237213,0.23999999463558197,48,0.875,0.9347892469296113
505524,"Escola Básica de Zebreira, Idanha-a-Nova",Idanha-a-Nova,Castelo Branco,Beira Baixa,Centro,1er_cycle_uniquement,31.0,8.0,5.0,6.0,12.0,0.07,,,,,,,,,,,,,,,,
505585,"Escola Básica de Penha Garcia, Idanha-a-Nova",Idanha-a-Nova,Castelo Branco,Beira Baixa,Centro,1er_cycle_uniquement,0.0,0.0,0.0,0.0,0.0,,,,,,,,,,,,,,,,,
505896,"Escola Básica de Monsanto, Idanha-a-Nova",Idanha-a-Nova,Castelo Branco,Beira Baixa,Centro,1er_cycle_uniquement,25.0,9.0,9.0,4.0,3.0,0.0,,,,,,,,,,,,,,,,
506052,"Escola Básica de Orvalho, Oleiros",Oleiros,Coimbra,Região de Coimbra,Centro,1er_cycle_uniquement,0.0,0.0,0.0,0.0,0.0,,,,,,,,,,,,,,,,,
506188,"Escola Básica e Secundária Padre António de Andrade, Oleiros",Oleiros,,,,2eme_cycle_uniquement,,,,,,,15,30,21,17,18,23,24,18,0.6,0.4,42,0.03999999910593033,0,18,0.8333333333333334,0.9677303641352358
506489,"Escola Básica de Estreito, Oleiros",Oleiros,Coimbra,Região de Coimbra,Centro,1er_cycle_uniquement,0.0,0.0,0.0,0.0,0.0,,,,,,,,,,,,,,,,,
506667,Escola Básica de Oleiros,Oleiros,Coimbra,Região de Coimbra,Centro,1er_cycle_uniquement,62.0,16.0,19.0,17.0,10.0,0.0125,,,,,,,,,,,,,,,,
507106,"Escola Básica e Secundária Ribeiro Sanches, Penamacor",Penamacor,,,,2eme_cycle_uniquement,,,,,,,32,32,27,32,24,26,38,26,0.5900000000000001,0.41,64,0.07999999821186066,0.07999999821186066,23,0.8695652173913043,0.9091623830909618
507164,Escola Básica de Penamacor,Penamacor,Évora,Alentejo Central,Alentejo,1er_cycle_uniquement,96.0,22.0,18.0,28.0,28.0,0.0,,,,,,,,,,,,,,,,
508242,"Escola Básica e Secundária Pedro da Fonseca, Proença-a-Nova",Proença-a-Nova,,,,2eme_cycle_uniquement,,,,,,,55,37,46,57,45,48,53,47,0.56,0.44,100,0.019999999552965164,0,44,0.9772727272727273,0.9582211146123911
508406,Escola Básica de Proença-a-Nova,Proença-a-Nova,Faro,Algarve,Algarve,1er_cycle_uniquement,142.0,36.0,37.0,33.0,36.0,0.035,,,,,,,,,,,,,,,,
508803,"Escola Básica de Sobreira Formosa, Proença-a-Nova",Proença-a-Nova,Faro,Algarve,Algarve,1er_cycle_uniquement,33.0,12.0,5.0,7.0,9.0,0.0775,,,,,,,,,,,,,,,,
509001,"Escola Básica São Nuno de Santa Maria, Cernache do Bonjardim, Sertã",Sertã,Guarda,Beiras e Serra da Estrela,Centro,1er_cycle_uniquement,100.0,28.0,24.0,20.0,28.0,0.01,,,,,,,,,,,,,,,,
509151,"Instituto ""Vaz Serra""",Sertã,,,,2eme_cycle_uniquement,,,,,,,28,29,34,29,22,33,21,22,0.49,0.51,43,0,0.05000000074505806,22,0.9090909090909091,0.9208697766463119
509174,"Escola Básica de Castelo, Sertã",Sertã,Guarda,Beiras e Serra da Estrela,Centro,1er_cycle_uniquement,0.0,0.0,0.0,0.0,0.0,,,,,,,,,,,,,,,,,
509237,Escola Básica de Sertã,Sertã,Guarda,Beiras e Serra da Estrela,Centro,1er_et_2eme_cycle,249.0,64.0,60.0,62.0,63.0,0.0225,91,82,94,0,74,0,94,0,0.44999999999999996,0.55,94,0.029999999329447746,-,73,0.9726027397260274,0.9566352439147138
509451,"Escola Básica de Cumeada, Sertã",Sertã,Guarda,Beiras e Serra da Estrela,Centro,1er_cycle_uniquement,0.0,0.0,0.0,0.0,0.0,,,,,,,,,,,,,,,,,
509602,"Escola Básica Padre António Lourenço Farinha, Sertã",Sertã,,,,2eme_cycle_uniquement,,,,,,,0,0,0,92,0,96,0,76,0.53,0.47,76,-,0.029999999329447746,,,
509655,"Escola Básica de Cabeçudo, Sertã",Sertã,Guarda,Beiras e Serra da Estrela,Centro,1er_cycle_uniquement,40.0,14.0,2.0,13.0,11.0,0.0,,,,,,,,,,,,,,,,
509838,"Escola Básica de Pedrógão Pequeno, Sertã",Sertã,Guarda,Beiras e Serra da Estrela,Centro,1er_cycle_uniquement,0.0,0.0,0.0,0.0,0.0,,,,,,,,,,,,,,,,,
509851,"Escola Básica de Várzea dos Cavaleiros, Sertã",Sertã,Guarda,Beiras e Serra da Estrela,Centro,1er_cycle_uniquement,0.0,0.0,0.0,0.0,0.0,,,,,,,,,,,,,,,,,
510409,"Escola Básica e Secundária do Centro de Portugal, Vila de Rei",Vila de Rei,Leiria,Região de Leiria,Centro,1er_et_2eme_cycle,96.0,25.0,24.0,29.0,18.0,0.0175,26,20,18,25,24,18,27,26,0.6599999999999999,0.34,53,0,0,24,0.9583333333333334,0.9701954518431818
511471,Escola Básica de Vila Velha de Ródão,Vila Velha de Ródão,Lisboa,Grande Lisboa,Grande Lisboa,1er_et_2eme_cycle,101.0,25.0,26.0,29.0,21.0,0.0925,13,22,26,13,20,27,24,22,0.63,0.37,46,0,0.09000000357627869,18,0.8333333333333334,0.953388003553775
601001,"Escola Básica de Coja, Arganil",Arganil,Aveiro,Região de Aveiro,Centro,1er_cycle_uniquement,81.0,21.0,20.0,20.0,20.0,0.0375,,,,,,,,,,,,,,,,
601002,"Escola Básica de São Martinho da Cortiça, Arganil",Arganil,Aveiro,Região de Aveiro,Centro,1er_cycle_uniquement,34.0,4.0,9.0,12.0,9.0,0.0,,,,,,,,,,,,,,,,
601207,"Escola Básica de Sarzedo, Arganil",Arganil,Aveiro,Região de Aveiro,Centro,1er_cycle_uniquement,48.0,15.0,12.0,8.0,13.0,0.0375,,,,,,,,,,,,,,,,
601215,"Escola Básica Professor Mendes Ferrão, Coja, Arganil",Arganil,,,,2eme_cycle_uniquement,,,,,,,24,25,30,25,22,32,28,22,0.45999999999999996,0.54,50,0.07000000029802322,0,21,1,0.9596886538406173
601316,"Escola Básica de Pombeiro da Beira, Arganil",Arganil,Aveiro,Região de Aveiro,Centro,1er_cycle_uniquement,0.0,0.0,0.0,0.0,0.0,,,,,,,,,,,,,,,,,
601528,Escola Básica n.º 1 de Arganil,Arganil,Aveiro,Região de Aveiro,Centro,1er_cycle_uniquement,152.0,31.0,42.0,40.0,39.0,0.0,,,,,,,,,,,,,,,,
601549,Escola Básica n.º 2 de Arganil,Arganil,,,,2eme_cycle_uniquement,,,,,,,56,60,68,57,60,65,51,61,0.45999999999999996,0.54,112,0,0,59,0.9830508474576272,0.9679212192637895
601599,"Escola Básica de Pomares, Arganil",Arganil,Aveiro,Região de Aveiro,Centro,1er_cycle_uniquement,0.0,0.0,0.0,0.0,0.0,,,,,,,,,,,,,,,,,
602001,"Escola Básica de Ançã, Cantanhede",Cantanhede,Beja,Baixo Alentejo,Alentejo,1er_cycle_uniquement,66.0,16.0,16.0,16.0,18.0,0.015,,,,,,,,,,,,,,,,
602002,"Escola Básica de Cadima, Cantanhede",Cantanhede,Beja,Baixo Alentejo,Alentejo,1er_cycle_uniquement,72.0,22.0,19.0,12.0,19.0,0.0125,,,,,,,,,,,,,,,,
602068,Escola Pedro Teixeira,Cantanhede,Beja,Baixo Alentejo,Alentejo,1er_cycle_uniquement,29.0,9.0,8.0,3.0,9.0,0.0,,,,,,,,,,,,,,,,
602084,"Escola Básica de Ourentã, Cantanhede",Cantanhede,Beja,Baixo Alentejo,Alentejo,1er_cycle_uniquement,36.0,12.0,9.0,8.0,7.0,0.1,,,,,,,,,,,,,,,,
602123,"Escola Básica de Vilamar, Cantanhede",Cantanhede,Beja,Baixo Alentejo,Alentejo,1er_cycle_uniquement,23.0,9.0,7.0,2.0,5.0,0.0,,,,,,,,,,,,,,,,
602144,"Escola Básica de Covões, Cantanhede",Cantanhede,Beja,Baixo Alentejo,Alentejo,1er_cycle_uniquement,27.0,5.0,5.0,9.0,8.0,0.0,,,,,,,,,,,,,,,,
602160,"Escola Básica de Febres, Cantanhede",Cantanhede,Beja,Baixo Alentejo,Alentejo,1er_cycle_uniquement,89.0,21.0,30.0,22.0,16.0,0.0,,,,,,,,,,,,,,,,
602263,Academia de Música de Cantanhede,Cantanhede,,,,2eme_cycle_uniquement,,,,,,,19,0,22,19,20,24,27,21,0.5800000000000001,0.42,48,0,0.05000000074505806,19,0.9473684210526315,0.9362751307616869
602286,"Escola Básica de Cantanhede-Sul, Cantanhede",Cantanhede,Beja,Baixo Alentejo,Alentejo,1er_cycle_uniquement,154.0,64.0,20.0,24.0,46.0,0.0,,,,,,,,,,,,,,,,
602289,"Escola Básica e Secundária João Garcia Bacelar, Tocha, Cantanhede",Cantanhede,Beja,Baixo Alentejo,Alentejo,1er_et_2eme_cycle,28.0,0.0,0.0,0.0,28.0,0.0,55,65,44,55,69,47,46,70,0.55,0.45,116,0.019999999552965164,0.009999999776482582,64,0.953125,0.9658101298744105
602324,"Escola Básica Carlos de Oliveira, Febres, Cantanhede",Cantanhede,,,,2eme_cycle_uniquement,,,,,,,64,44,48,63,46,56,52,48,0.45999999999999996,0.54,100,0,0,46,1,0.9746549184715135
602341,Escola Básica de Cantanhede,Cantanhede,Beja,Baixo Alentejo,Alentejo,1er_cycle_uniquement,252.0,45.0,89.0,68.0,50.0,0.0075,,,,,,,,,,,,,,,,
602425,"Escola Básica de Corticeiro de Cima, Cantanhede",Cantanhede,Beja,Baixo Alentejo,Alentejo,1er_cycle_uniquement,32.0,11.0,5.0,10.0,6.0,0.0,,,,,,,,,,,,,,,,
602545,"Escola Básica de Cordinhã, Cantanhede",Cantanhede,Beja,Baixo Alentejo,Alentejo,1er_cycle_uniquement,35.0,7.0,11.0,10.0,7.0,0.0225,,,,,,,,,,,,,,,,
602597,"Escola Básica de Tocha, Cantanhede",Cantanhede,Beja,Baixo Alentejo,Alentejo,1er_cycle_uniquement,94.0,31.0,29.0,34.0,0.0,0.01,,,,,,,,,,,,,,,,
602632,"Escola Básica de Sanguinheira, Cantanhede",Cantanhede,Beja,Baixo Alentejo,Alentejo,1er_cycle_uniquement,33.0,0.0,12.0,11.0,10.0,0.0,,,,,,,,,,,,,,,,
602728,"Escola Básica de Murtede, Cantanhede",Cantanhede,Beja,Baixo Alentejo,Alentejo,1er_cycle_uniquement,32.0,7.0,8.0,10.0,7.0,0.095,,,,,,,,,,,,,,,,
602734,"Escola Básica de São Caetano, Cantanhede",Cantanhede,Beja,Baixo Alentejo,Alentejo,1er_cycle_uniquement,0.0,0.0,0.0,0.0,0.0,,,,,,,,,,,,,,,,,
602909,"Escola Básica Marquês de Marialva, Cantanhede",Cantanhede,,,,2eme_cycle_uniquement,,,,,,,143,163,137,149,194,143,151,190,0.5,0.5,341,0,0.019999999552965164,187,0.9625668449197861,0.9709014896317123
602944,"Escola Básica de Gesteira, Cantanhede",Cantanhede,Beja,Baixo Alentejo,Alentejo,1er_cycle_uniquement,21.0,8.0,6.0,3.0,4.0,0.0,,,,,,,,,,,,,,,,
602974,"Escola Básica de Bolho-Sepins, Cantanhede",Cantanhede,Beja,Baixo Alentejo,Alentejo,1er_cycle_uniquement,26.0,10.0,2.0,3.0,11.0,0.17,,,,,,,,,,,,,,,,
603001,"Escola Básica de Solum-Sul, Coimbra",Coimbra,Braga,Cávado,Norte,1er_cycle_uniquement,264.0,68.0,64.0,68.0,64.0,0.015,,,,,,,,,,,,,,,,
603009,"Escola Básica n.º 2 de São Silvestre, Coimbra",Coimbra,,,,2eme_cycle_uniquement,,,,,,,47,55,49,47,47,47,37,48,0.65,0.35,85,0,0.10000000149011612,47,0.9148936170212766,0.973481120551643
603010,"Escola Básica de Bairro Azul, São Silvestre, Coimbra",Coimbra,Braga,Cávado,Norte,1er_cycle_uniquement,36.0,20.0,16.0,0.0,0.0,0.03,,,,,,,,,,,,,,,,
603052,"Escola Básica Poeta Manuel da Silva Gaio, Santa Clara, Coimbra",Coimbra,,,,2eme_cycle_uniquement,,,,,,,68,57,60,68,79,65,68,92,0.53,0.47,160,0.09000000357627869,0.18000000715255737,71,0.8028169014084507,0.9150028185065925
603064,"Escola Básica de Ribeira de Frades, Coimbra",Coimbra,Braga,Cávado,Norte,1er_cycle_uniquement,83.0,22.0,24.0,19.0,18.0,0.0125,,,,,,,,,,,,,,,,
603065,Colégio de S. José,Coimbra,Braga,Cávado,Norte,1er_et_2eme_cycle,87.0,22.0,22.0,23.0,20.0,0.0,15,13,15,15,26,15,24,26,0.64,0.36,50,0,0,25,1,0.9884285428929944
603089,Colégio Novo de Coimbra,Coimbra,Braga,Cávado,Norte,1er_et_2eme_cycle,53.0,9.0,16.0,13.0,15.0,0.0,*,*,*,*,*,*,*,*,*,*,*,*,*,15,*,*
603111,"Escola Básica de Almalaguês, Coimbra",Coimbra,Braga,Cávado,Norte,1er_cycle_uniquement,61.0,19.0,14.0,17.0,11.0,0.0175,,,,,,,,,,,,,,,,
603120,"Escola Básica de Souselas, Coimbra",Coimbra,Braga,Cávado,Norte,1er_cycle_uniquement,49.0,16.0,12.0,9.0,12.0,0.02,,,,,,,,,,,,,,,,
603140,"Escola Básica de Coselhas, Coimbra",Coimbra,Braga,Cávado,Norte,1er_cycle_uniquement,83.0,20.0,23.0,20.0,20.0,0.0,,,,,,,,,,,,,,,,
603151,"Escola Básica de Olivais, Coimbra",Coimbra,Braga,Cávado,Norte,1er_cycle_uniquement,85.0,41.0,44.0,0.0,0.0,0.0,,,,,,,,,,,,,,,,
603172,Jardim Escola João de Deus Coimbra 1,Coimbra,Braga,Cávado,Norte,1er_cycle_uniquement,180.0,49.0,51.0,44.0,36.0,0.0,,,,,,,,,,,,,,,,
603176,St. Paul’s School,Coimbra,Braga,Cávado,Norte,1er_et_2eme_cycle,79.0,24.0,18.0,19.0,18.0,0.015,8,9,5,11,17,5,16,14,0.5,0.5,30,0.05999999865889549,0,12,*,*
603177,"Escola Básica Rainha Santa Isabel, Pedrulha, Coimbra",Coimbra,,,,2eme_cycle_uniquement,,,,,,,145,133,142,151,144,144,144,149,0.48,0.52,293,0.029999999329447746,0.029999999329447746,128,0.9296875,0.9575908908612684
603193,"Escola Básica de São Paulo de Frades, Coimbra",Coimbra,Braga,Cávado,Norte,1er_cycle_uniquement,44.0,12.0,15.0,9.0,8.0,0.06,,,,,,,,,,,,,,,,
603208,"Escola Básica de Antuzede, Coimbra",Coimbra,Braga,Cávado,Norte,1er_cycle_uniquement,32.0,4.0,10.0,14.0,4.0,0.0,,,,,,,,,,,,,,,,
603231,"Escola Básica n.º 1 de São Silvestre, Coimbra",Coimbra,Braga,Cávado,Norte,1er_cycle_uniquement,38.0,0.0,0.0,19.0,19.0,0.0,,,,,,,,,,,,,,,,
603247,"Escola Básica de Marmeleira, Coimbra",Coimbra,Braga,Cávado,Norte,1er_cycle_uniquement,23.0,4.0,11.0,5.0,3.0,0.0,,,,,,,,,,,,,,,,
603273,"Escola Básica de Casconha, Coimbra",Coimbra,Braga,Cávado,Norte,1er_cycle_uniquement,69.0,21.0,22.0,12.0,14.0,0.0,,,,,,,,,,,,,,,,
603276,"Escola Básica de Espírito Santo das Touregas, Coimbra",Coimbra,Braga,Cávado,Norte,1er_cycle_uniquement,40.0,12.0,9.0,11.0,8.0,0.0,,,,,,,,,,,,,,,,
603293,"Escola Básica de Cruz de Morouços, Coimbra",Coimbra,Braga,Cávado,Norte,1er_cycle_uniquement,37.0,0.0,18.0,11.0,8.0,0.0,,,,,,,,,,,,,,,,
603321,"Escola Básica de Ceira, Coimbra",Coimbra,,,,2eme_cycle_uniquement,,,,,,,40,40,44,39,32,42,36,40,0.49,0.51,76,0.05999999865889549,0.10000000149011612,29,1,0.9672590459059338
603331,"Escola Básica de Dianteiro, Coimbra",Coimbra,Braga,Cávado,Norte,1er_cycle_uniquement,39.0,11.0,14.0,9.0,5.0,0.0725,,,,,,,,,,,,,,,,
603332,Colégio da Rainha Stª Isabel,Coimbra,Braga,Cávado,Norte,1er_et_2eme_cycle,161.0,45.0,32.0,37.0,47.0,0.0,71,56,69,73,78,72,72,79,0.44999999999999996,0.55,151,0,0,77,1,0.9916317991631788
603333,"Escola Básica de Santa Apolónia, Coimbra",Coimbra,Braga,Cávado,Norte,1er_cycle_uniquement,99.0,24.0,25.0,24.0,26.0,0.03,,,,,,,,,,,,,,,,
603340,Colégio Bom Jesus,Coimbra,Braga,Cávado,Norte,1er_cycle_uniquement,84.0,19.0,26.0,21.0,18.0,0.0,,,,,,,,,,,,,,,,
603341,Colégio Bissaya Barreto,Coimbra,Braga,Cávado,Norte,1er_et_2eme_cycle,180.0,50.0,44.0,44.0,42.0,0.0,47,47,49,47,45,51,54,47,0.49,0.51,101,0,0,45,1,0.9906835871871705
603355,"Escola Básica Eugénio de Castro, Coimbra",Coimbra,,,,2eme_cycle_uniquement,,,,,,,220,258,198,214,179,205,194,188,0.54,0.46,382,0,0.009999999776482582,171,0.9883040935672515,0.9701320317896646
603381,"Externato ""Menino Jesus""",Coimbra,Braga,Cávado,Norte,1er_cycle_uniquement,52.0,7.0,16.0,18.0,11.0,0.015,,,,,,,,,,,,,,,,
603392,"Escola Básica de Palheira, Coimbra",Coimbra,Braga,Cávado,Norte,1er_cycle_uniquement,41.0,8.0,12.0,9.0,12.0,0.0,,,,,,,,,,,,,,,,
603395,"Escola Básica de Vendas de Ceira, Coimbra",Coimbra,Braga,Cávado,Norte,1er_cycle_uniquement,69.0,17.0,24.0,13.0,15.0,0.03,,,,,,,,,,,,,,,,
603401,"Escola Básica de Quinta das Flores, Coimbra",Coimbra,Braga,Cávado,Norte,1er_cycle_uniquement,250.0,45.0,49.0,70.0,86.0,0.01,,,,,,,,,,,,,,,,
603403,"Escola Básica de Tovim, Coimbra",Coimbra,Braga,Cávado,Norte,1er_cycle_uniquement,84.0,21.0,21.0,21.0,21.0,0.025,,,,,,,,,,,,,,,,
603405,"Escola Básica e Secundária Quinta das Flores, Coimbra",Coimbra,,,,2eme_cycle_uniquement,,,,,,,68,80,76,69,76,79,78,77,0.4,0.6,155,0,0,75,0.9866666666666667,0.9860212232389894
603409,Escola de Música São Teotónio,Coimbra,,,,2eme_cycle_uniquement,,,,,,,26,28,28,26,28,28,28,28,0.33999999999999997,0.66,56,0,0,27,1,0.9558035714285714
603411,"Escola Básica de Trouxemil, Coimbra",Coimbra,Braga,Cávado,Norte,1er_cycle_uniquement,43.0,11.0,13.0,10.0,9.0,0.02,,,,,,,,,,,,,,,,
603419,"Escola Básica de São Bartolomeu, Coimbra",Coimbra,Braga,Cávado,Norte,1er_cycle_uniquement,89.0,21.0,22.0,21.0,25.0,0.035,,,,,,,,,,,,,,,,
603444,"Escola Básica Martim de Freitas, Coimbra",Coimbra,Braga,Cávado,Norte,1er_et_2eme_cycle,86.0,0.0,0.0,42.0,44.0,0.0,225,216,217,223,231,217,187,233,0.55,0.45,420,0.009999999776482582,0.009999999776482582,219,0.9771689497716894,0.9790855439262379
603456,"Escola Básica de Eiras, Coimbra",Coimbra,Braga,Cávado,Norte,1er_cycle_uniquement,80.0,20.0,20.0,20.0,20.0,0.05,,,,,,,,,,,,,,,,
603462,"Escola Básica de Adémia, Coimbra",Coimbra,Braga,Cávado,Norte,1er_cycle_uniquement,89.0,21.0,26.0,23.0,19.0,0.0325,,,,,,,,,,,,,,,,
603465,"Escola Básica de Casais, Casais do Campo, Coimbra",Coimbra,Braga,Cávado,Norte,1er_cycle_uniquement,40.0,11.0,10.0,15.0,4.0,0.0675,,,,,,,,,,,,,,,,
603474,"Escola Básica de Montes Claros, Coimbra",Coimbra,Braga,Cávado,Norte,1er_cycle_uniquement,255.0,49.0,72.0,64.0,70.0,0.005,,,,,,,,,,,,,,,,
603476,"Escola Básica de Vila Verde, Coimbra",Coimbra,Braga,Cávado,Norte,1er_cycle_uniquement,23.0,3.0,11.0,5.0,4.0,0.045,,,,,,,,,,,,,,,,
603483,"Escola Básica de Conchada, Coimbra",Coimbra,Braga,Cávado,Norte,1er_cycle_uniquement,85.0,21.0,24.0,20.0,20.0,0.01,,,,,,,,,,,,,,,,
603489,"Escola Básica de Solum, Coimbra",Coimbra,Braga,Cávado,Norte,1er_cycle_uniquement,250.0,73.0,65.0,66.0,46.0,0.025,,,,,,,,,,,,,,,,
603523,"Escola Básica de Feteira, Coimbra",Coimbra,Braga,Cávado,Norte,1er_cycle_uniquement,28.0,3.0,5.0,8.0,12.0,0.0,,,,,,,,,,,,,,,,
603585,"Escola Básica de Sargento-Mor, Coimbra",Coimbra,Braga,Cávado,Norte,1er_cycle_uniquement,0.0,0.0,0.0,0.0,0.0,,,,,,,,,,,,,,,,,
603587,"Escola Básica de Bairro Norton de Matos, Coimbra",Coimbra,Braga,Cávado,Norte,1er_cycle_uniquement,115.0,48.0,20.0,24.0,23.0,0.0125,,,,,,,,,,,,,,,,
603592,"Escola Básica de Torres do Mondego, Coimbra",Coimbra,Braga,Cávado,Norte,1er_cycle_uniquement,48.0,12.0,10.0,10.0,16.0,0.025,,,,,,,,,,,,,,,,
603593,"Escola Básica de São João do Campo, Coimbra",Coimbra,Braga,Cávado,Norte,1er_cycle_uniquement,41.0,12.0,10.0,12.0,7.0,0.0,,,,,,,,,,,,,,,,
603615,"Escola Básica n.º 1 de Taveiro, Coimbra",Coimbra,Braga,Cávado,Norte,1er_cycle_uniquement,38.0,9.0,11.0,9.0,9.0,0.0275,,,,,,,,,,,,,,,,
603619,"Escola Básica de Larçã, Coimbra",Coimbra,Braga,Cávado,Norte,1er_cycle_uniquement,23.0,6.0,10.0,2.0,5.0,0.025,,,,,,,,,,,,,,,,
603658,Jardim Escola João de Deus Coimbra 2,Coimbra,Braga,Cávado,Norte,1er_cycle_uniquement,251.0,76.0,46.0,69.0,60.0,0.0,,,,,,,,,,,,,,,,
603684,"Escola Básica de Almedina, Coimbra",Coimbra,Braga,Cávado,Norte,1er_cycle_uniquement,91.0,21.0,22.0,22.0,26.0,0.0425,,,,,,,,,,,,,,,,
603688,"Escola Básica de Ameal, Coimbra",Coimbra,Braga,Cávado,Norte,1er_cycle_uniquement,27.0,10.0,4.0,6.0,7.0,0.0425,,,,,,,,,,,,,,,,
603696,"Escola Básica de Vilela, Coimbra",Coimbra,Braga,Cávado,Norte,1er_cycle_uniquement,20.0,7.0,7.0,1.0,5.0,0.0725,,,,,,,,,,,,,,,,
603722,"Escola Básica de Vera Cruz, Coimbra",Coimbra,Braga,Cávado,Norte,1er_cycle_uniquement,22.0,6.0,6.0,7.0,3.0,0.0,,,,,,,,,,,,,,,,
603725,"Escola Básica Associação Portuguesa de Paralisia Cerebral, Coimbra",Coimbra,Braga,Cávado,Norte,1er_cycle_uniquement,0.0,0.0,0.0,0.0,0.0,,,,,,,,,,,,,,,,,
603749,"Escola Básica n.º 2 de Taveiro, Coimbra",Coimbra,,,,2eme_cycle_uniquement,,,,,,,64,68,61,61,59,61,50,59,0.5,0.5,109,0.019999999552965164,0.019999999552965164,57,0.9824561403508771,0.9710395333396441
603775,"Escola Básica Inês de Castro, São Martinho do Bispo, Coimbra",Coimbra,,,,2eme_cycle_uniquement,,,,,,,89,118,93,93,110,84,113,113,0.47,0.53,226,0.019999999552965164,0.03999999910593033,105,0.9619047619047619,0.9700716877107497
603790,"Escola Básica de São Martinho de Árvore, Coimbra",Coimbra,Braga,Cávado,Norte,1er_cycle_uniquement,0.0,0.0,0.0,0.0,0.0,,,,,,,,,,,,,,,,,
603831,"Escola Básica de Assafarge, Coimbra",Coimbra,Braga,Cávado,Norte,1er_cycle_uniquement,68.0,18.0,22.0,12.0,16.0,0.0,,,,,,,,,,,,,,,,
603842,"Escola Básica de Castelo Viegas, Coimbra",Coimbra,Braga,Cávado,Norte,1er_cycle_uniquement,45.0,15.0,13.0,9.0,8.0,0.145,,,,,,,,,,,,,,,,
603859,"Escola Básica de São Martinho do Bispo, Coimbra",Coimbra,Braga,Cávado,Norte,1er_cycle_uniquement,129.0,42.0,20.0,24.0,43.0,0.0,,,,,,,,,,,,,,,,
603867,"Escola Básica de Santa Cruz, Coimbra",Coimbra,Braga,Cávado,Norte,1er_cycle_uniquement,82.0,20.0,21.0,20.0,21.0,0.0,,,,,,,,,,,,,,,,
603885,"Escola Básica de Arzila, Coimbra",Coimbra,Braga,Cávado,Norte,1er_cycle_uniquement,39.0,11.0,14.0,5.0,9.0,0.0,,,,,,,,,,,,,,,,
603892,"Escola Básica de Almas de Freire, Coimbra",Coimbra,Braga,Cávado,Norte,1er_cycle_uniquement,127.0,41.0,46.0,20.0,20.0,0.0,,,,,,,,,,,,,,,,
603934,"Escola Básica de Loreto, Coimbra",Coimbra,Braga,Cávado,Norte,1er_cycle_uniquement,82.0,20.0,23.0,19.0,20.0,0.095,,,,,,,,,,,,,,,,
603935,"Escola Básica de Póvoa, Coimbra",Coimbra,Braga,Cávado,Norte,1er_cycle_uniquement,63.0,17.0,15.0,20.0,11.0,0.0125,,,,,,,,,,,,,,,,
603947,"Escola Básica de Brasfemes, Coimbra",Coimbra,Braga,Cávado,Norte,1er_cycle_uniquement,51.0,15.0,18.0,8.0,10.0,0.0275,,,,,,,,,,,,,,,,
603954,Colégio de S. Teotónio,Coimbra,Braga,Cávado,Norte,1er_et_2eme_cycle,155.0,35.0,44.0,35.0,41.0,0.02,30,22,22,27,30,21,26,31,0.56,0.44,57,0,0,30,1,0.9888822621651902
603966,"Escola Básica de Ingote, Coimbra",Coimbra,Braga,Cávado,Norte,1er_cycle_uniquement,39.0,10.0,14.0,7.0,8.0,0.105,,,,,,,,,,,,,,,,
603970,"Escola Básica Dr.ª Maria Alice Gouveia, Coimbra",Coimbra,,,,2eme_cycle_uniquement,,,,,,,135,115,140,131,153,149,170,158,0.53,0.47,328,0.05999999865889549,0,139,0.9784172661870504,0.9682575886806248
603975,"Escola Básica de Fala, Coimbra",Coimbra,Braga,Cávado,Norte,1er_cycle_uniquement,88.0,24.0,18.0,24.0,22.0,0.0,,,,,,,,,,,,,,,,
603977,"Escola Básica de Areeiro, Coimbra",Coimbra,Braga,Cávado,Norte,1er_cycle_uniquement,90.0,21.0,21.0,24.0,24.0,0.0,,,,,,,,,,,,,,,,
604001,Escola Básica n.º 3 de Condeixa-a-Nova,Condeixa-a-Nova,Bragança,Terras de Trás-os-Montes,Norte,1er_cycle_uniquement,228.0,54.0,84.0,42.0,48.0,0.0125,,,,,,,,,,,,,,,,
604118,"Escola Básica de Belide, Condeixa-a-Nova",Condeixa-a-Nova,Bragança,Terras de Trás-os-Montes,Norte,1er_cycle_uniquement,0.0,0.0,0.0,0.0,0.0,,,,,,,,,,,,,,,,,
604651,Escola Básica n.º 1 de Condeixa-a-Nova,Condeixa-a-Nova,Bragança,Terras de Trás-os-Montes,Norte,1er_cycle_uniquement,122.0,37.0,21.0,23.0,41.0,0.005,,,,,,,,,,,,,,,,
604679,"Escola Básica de Sebal Grande, Condeixa-a-Nova",Condeixa-a-Nova,Bragança,Terras de Trás-os-Montes,Norte,1er_cycle_uniquement,36.0,7.0,10.0,11.0,8.0,0.0,,,,,,,,,,,,,,,,
604812,"Escola Básica de Anobra, Condeixa-a-Nova",Condeixa-a-Nova,Bragança,Terras de Trás-os-Montes,Norte,1er_cycle_uniquement,30.0,7.0,10.0,7.0,6.0,0.035,,,,,,,,,,,,,,,,
604838,"Escola Básica de Ega, Condeixa-a-Nova",Condeixa-a-Nova,Bragança,Terras de Trás-os-Montes,Norte,1er_cycle_uniquement,34.0,8.0,13.0,7.0,6.0,0.02,,,,,,,,,,,,,,,,
604908,Escola Básica n.º 2 de Condeixa-a-Nova,Condeixa-a-Nova,,,,2eme_cycle_uniquement,,,,,,,157,167,173,153,181,172,163,190,0.5,0.5,353,0.03999999910593033,0.03999999910593033,174,0.9942528735632183,0.9727790596186509
605003,"Escola Básica de São Julião, Tavarede, Figueira da Foz",Figueira da Foz,Castelo Branco,Beira Baixa,Centro,1er_cycle_uniquement,330.0,101.0,88.0,67.0,74.0,0.0375,,,,,,,,,,,,,,,,
605011,Jardim Escola João de Deus Figueira da Foz 2,Figueira da Foz,Castelo Branco,Beira Baixa,Centro,1er_cycle_uniquement,77.0,23.0,23.0,13.0,18.0,0.0,,,,,,,,,,,,,,,,
605016,"Escola Básica de Leirosa, Figueira da Foz",Figueira da Foz,Castelo Branco,Beira Baixa,Centro,1er_cycle_uniquement,43.0,8.0,8.0,11.0,16.0,0.0,,,,,,,,,,,,,,,,
605017,"Escola Básica Pintor Mário Augusto, Alhadas, Figueira da Foz",Figueira da Foz,,,,2eme_cycle_uniquement,,,,,,,76,65,57,78,56,58,63,59,0.52,0.48,122,0.029999999329447746,0,56,0.9642857142857143,0.9555866885435297
605082,"Escola Básica Dr. Pedrosa Veríssimo, Paião, Figueira da Foz",Figueira da Foz,,,,2eme_cycle_uniquement,,,,,,,89,82,85,91,104,94,97,110,0.51,0.49,207,0.009999999776482582,0.05000000074505806,99,0.9191919191919192,0.9669170621793527
605102,"Escola Básica de Brenha, Figueira da Foz",Figueira da Foz,Castelo Branco,Beira Baixa,Centro,1er_cycle_uniquement,0.0,0.0,0.0,0.0,0.0,,,,,,,,,,,,,,,,,
605106,"Escola Básica de Costa de Lavos, Figueira da Foz",Figueira da Foz,Castelo Branco,Beira Baixa,Centro,1er_cycle_uniquement,0.0,0.0,0.0,0.0,0.0,,,,,,,,,,,,,,,,,
605130,"Escola Básica de Paião, Figueira da Foz",Figueira da Foz,Castelo Branco,Beira Baixa,Centro,1er_cycle_uniquement,93.0,21.0,26.0,22.0,24.0,0.0,,,,,,,,,,,,,,,,
605165,"Escola Básica de Vila Verde, Figueira da Foz",Figueira da Foz,Castelo Branco,Beira Baixa,Centro,1er_cycle_uniquement,45.0,8.0,12.0,8.0,17.0,0.09,,,,,,,,,,,,,,,,
605222,"Escola Básica de Marinha das Ondas, Figueira da Foz",Figueira da Foz,Castelo Branco,Beira Baixa,Centro,1er_cycle_uniquement,59.0,17.0,10.0,14.0,18.0,0.0275,,,,,,,,,,,,,,,,
605240,Jardim Escola João de Deus Figueira da Foz 1,Figueira da Foz,Castelo Branco,Beira Baixa,Centro,1er_cycle_uniquement,47.0,16.0,15.0,7.0,9.0,0.0,,,,,,,,,,,,,,,,
605242,"Escola Básica de Netos, Figueira da Foz",Figueira da Foz,Castelo Branco,Beira Baixa,Centro,1er_cycle_uniquement,25.0,3.0,11.0,5.0,6.0,0.0,,,,,,,,,,,,,,,,
605296,"Escola Básica João de Barros, Figueira da Foz",Figueira da Foz,,,,2eme_cycle_uniquement,,,,,,,275,290,302,268,298,320,266,309,0.47,0.53,575,0.019999999552965164,0.009999999776482582,275,0.9818181818181818,0.9637738184962541
605302,"Escola Básica de Viso, Figueira da Foz",Figueira da Foz,Castelo Branco,Beira Baixa,Centro,1er_cycle_uniquement,90.0,21.0,24.0,25.0,20.0,0.01,,,,,,,,,,,,,,,,
605308,"Escola Básica de Maiorca, Figueira da Foz",Figueira da Foz,Castelo Branco,Beira Baixa,Centro,1er_cycle_uniquement,51.0,11.0,15.0,11.0,14.0,0.0,,,,,,,,,,,,,,,,
605321,"Escola Básica de Gala, Figueira da Foz",Figueira da Foz,Castelo Branco,Beira Baixa,Centro,1er_cycle_uniquement,87.0,24.0,22.0,21.0,20.0,0.0,,,,,,,,,,,,,,,,
605352,"Escola Básica de Santana, Figueira da Foz",Figueira da Foz,Castelo Branco,Beira Baixa,Centro,1er_cycle_uniquement,41.0,13.0,12.0,10.0,6.0,0.0,,,,,,,,,,,,,,,,
605381,"Escola Básica de Castelo, Buarcos, Figueira da Foz",Figueira da Foz,Castelo Branco,Beira Baixa,Centro,1er_cycle_uniquement,81.0,19.0,18.0,23.0,21.0,0.015,,,,,,,,,,,,,,,,
605390,"Escola Básica Infante D. Pedro, Buarcos, Figueira da Foz",Figueira da Foz,Castelo Branco,Beira Baixa,Centro,1er_et_2eme_cycle,104.0,38.0,20.0,24.0,22.0,0.0,64,66,77,61,60,78,79,70,0.5,0.5,149,0,0.12999999523162842,52,0.8846153846153846,0.9634061738313725
605406,"Escola Básica de Carvalhais, Figueira da Foz",Figueira da Foz,Castelo Branco,Beira Baixa,Centro,1er_cycle_uniquement,0.0,0.0,0.0,0.0,0.0,,,,,,,,,,,,,,,,,
605425,"Escola Básica de Serrado, Buarcos, Figueira da Foz",Figueira da Foz,Castelo Branco,Beira Baixa,Centro,1er_cycle_uniquement,92.0,17.0,18.0,31.0,26.0,0.04,,,,,,,,,,,,,,,,
605441,"Escola Básica de Vigários, Moinhos da Gândara, Figueira da Foz",Figueira da Foz,Castelo Branco,Beira Baixa,Centro,1er_cycle_uniquement,0.0,0.0,0.0,0.0,0.0,,,,,,,,,,,,,,,,,
605483,"Escola Básica de Bom Sucesso, Figueira da Foz",Figueira da Foz,Castelo Branco,Beira Baixa,Centro,1er_cycle_uniquement,27.0,7.0,6.0,7.0,7.0,0.0,,,,,,,,,,,,,,,,
605519,"Escola Básica Rui Martins, Figueira da Foz",Figueira da Foz,Castelo Branco,Beira Baixa,Centro,1er_cycle_uniquement,81.0,17.0,24.0,22.0,18.0,0.0475,,,,,,,,,,,,,,,,
605619,"Escola Básica de Abadias, Figueira da Foz",Figueira da Foz,Castelo Branco,Beira Baixa,Centro,1er_cycle_uniquement,281.0,74.0,67.0,67.0,73.0,0.0025,,,,,,,,,,,,,,,,
605637,"Escola Básica de Quiaios, Figueira da Foz",Figueira da Foz,Castelo Branco,Beira Baixa,Centro,1er_cycle_uniquement,61.0,17.0,24.0,10.0,10.0,0.045,,,,,,,,,,,,,,,,
605664,"Escola Básica de Santa Luzia, Figueira da Foz",Figueira da Foz,Castelo Branco,Beira Baixa,Centro,1er_cycle_uniquement,42.0,8.0,16.0,13.0,5.0,0.0,,,,,,,,,,,,,,,,
605689,"Escola Básica de Alhadas, Figueira da Foz",Figueira da Foz,Castelo Branco,Beira Baixa,Centro,1er_cycle_uniquement,37.0,8.0,15.0,6.0,8.0,0.1,,,,,,,,,,,,,,,,
605724,"Escola Básica de Alqueidão, Figueira da Foz",Figueira da Foz,Castelo Branco,Beira Baixa,Centro,1er_cycle_uniquement,0.0,0.0,0.0,0.0,0.0,,,,,,,,,,,,,,,,,
605766,Conservatório de Música David de Sousa,Figueira da Foz,Castelo Branco,Beira Baixa,Centro,1er_cycle_uniquement,31.0,8.0,11.0,6.0,6.0,0.0,,,,,,,,,,,,,,,,
605886,"Escola Básica de Regalheiras, Figueira da Foz",Figueira da Foz,Castelo Branco,Beira Baixa,Centro,1er_cycle_uniquement,37.0,10.0,11.0,8.0,8.0,0.0225,,,,,,,,,,,,,,,,
605898,"Escola Básica de Sobral, Figueira da Foz",Figueira da Foz,Castelo Branco,Beira Baixa,Centro,1er_cycle_uniquement,27.0,8.0,10.0,6.0,3.0,0.0,,,,,,,,,,,,,,,,
605984,Jardim Escola João de Deus - Alhadas,Figueira da Foz,Castelo Branco,Beira Baixa,Centro,1er_cycle_uniquement,36.0,14.0,7.0,7.0,8.0,0.0,,,,,,,,,,,,,,,,
606572,"Escola Básica de Vila Nova do Ceira, Góis",Góis,Coimbra,Região de Coimbra,Centro,1er_cycle_uniquement,29.0,5.0,9.0,7.0,8.0,0.0,,,,,,,,,,,,,,,,
606837,"Escola Básica Anselmo dos Santos Ferreira, Góis",Góis,Coimbra,Região de Coimbra,Centro,1er_cycle_uniquement,0.0,0.0,0.0,0.0,0.0,,,,,,,,,,,,,,,,,
606992,Escola Básica de Góis,Góis,Coimbra,Região de Coimbra,Centro,1er_et_2eme_cycle,67.0,15.0,22.0,14.0,16.0,0.0125,21,16,18,20,12,22,18,11,0.52,0.48,29,0,0,11,*,*
607001,Escola Básica n.º 1 de Lousã,Lousã,Évora,Alentejo Central,Alentejo,1er_et_2eme_cycle,116.0,45.0,24.0,25.0,22.0,0.01,69,66,68,71,68,66,73,66,0.47,0.53,139,0.009999999776482582,0.019999999552965164,63,0.9841269841269841,0.9642909206361806
607252,"Escola Básica de Santa Rita, Lousã",Lousã,Évora,Alentejo Central,Alentejo,1er_cycle_uniquement,87.0,24.0,24.0,20.0,19.0,0.045,,,,,,,,,,,,,,,,
607419,"Escola Básica de Casal de Santo António, Lousã",Lousã,Évora,Alentejo Central,Alentejo,1er_cycle_uniquement,60.0,15.0,20.0,19.0,6.0,0.0525,,,,,,,,,,,,,,,,
607567,Escola Básica n.º 2 de Lousã,Lousã,Évora,Alentejo Central,Alentejo,1er_et_2eme_cycle,260.0,68.0,71.0,45.0,76.0,0.005,103,74,93,102,89,94,88,95,0.6,0.4,183,0.009999999776482582,0.03999999910593033,83,0.9759036144578314,0.9742835727547906
608086,"Escola Básica de Seixo, Mira",Mira,Faro,Algarve,Algarve,1er_cycle_uniquement,38.0,9.0,11.0,12.0,6.0,0.0225,,,,,,,,,,,,,,,,
608096,"Escola Básica de Lentisqueira, Mira",Mira,Faro,Algarve,Algarve,1er_cycle_uniquement,29.0,9.0,7.0,6.0,7.0,0.0425,,,,,,,,,,,,,,,,
608274,"Escola Básica de Carapelhos, Mira",Mira,Faro,Algarve,Algarve,1er_cycle_uniquement,40.0,6.0,13.0,11.0,10.0,0.0,,,,,,,,,,,,,,,,
608337,"Escola Básica de Lagoa, Mira",Mira,Faro,Algarve,Algarve,1er_cycle_uniquement,35.0,7.0,7.0,8.0,13.0,0.0,,,,,,,,,,,,,,,,
608442,"Escola Básica de Praia de Mira, Mira",Mira,Faro,Algarve,Algarve,1er_cycle_uniquement,72.0,19.0,18.0,13.0,22.0,0.0,,,,,,,,,,,,,,,,
608505,"Escola Básica de Casal de São Tomé, Mira",Mira,Faro,Algarve,Algarve,1er_cycle_uniquement,30.0,4.0,8.0,10.0,8.0,0.0325,,,,,,,,,,,,,,,,
608567,"Escola Básica de Portomar, Mira",Mira,Faro,Algarve,Algarve,1er_cycle_uniquement,36.0,13.0,9.0,9.0,5.0,0.105,,,,,,,,,,,,,,,,
608711,Escola Básica de Mira,Mira,Faro,Algarve,Algarve,1er_et_2eme_cycle,86.0,22.0,21.0,20.0,23.0,0.0,106,114,102,107,93,103,105,96,0.5,0.5,201,0.05000000074505806,0.009999999776482582,90,0.9777777777777777,0.9621934784465292
609001,Escola Básica de Miranda do Corvo,Miranda do Corvo,Guarda,Beiras e Serra da Estrela,Centro,1er_cycle_uniquement,145.0,44.0,37.0,36.0,28.0,0.025,,,,,,,,,,,,,,,,
609199,"Escola Básica de Rio de Vide, Miranda do Corvo",Miranda do Corvo,Guarda,Beiras e Serra da Estrela,Centro,1er_cycle_uniquement,28.0,3.0,8.0,13.0,4.0,0.0,,,,,,,,,,,,,,,,
609241,"Escola Básica de Semide, Miranda do Corvo",Miranda do Corvo,Guarda,Beiras e Serra da Estrela,Centro,1er_cycle_uniquement,22.0,5.0,2.0,6.0,9.0,0.125,,,,,,,,,,,,,,,,
609405,"Escola Básica de Moinhos, Miranda do Corvo",Miranda do Corvo,Guarda,Beiras e Serra da Estrela,Centro,1er_cycle_uniquement,23.0,5.0,7.0,7.0,4.0,0.0,,,,,,,,,,,,,,,,
609532,"Escola Básica de Vila Nova, Miranda do Corvo",Miranda do Corvo,Guarda,Beiras e Serra da Estrela,Centro,1er_cycle_uniquement,29.0,6.0,8.0,5.0,10.0,0.05,,,,,,,,,,,,,,,,
609579,"Escola Básica e Secundária José Falcão, Miranda do Corvo",Miranda do Corvo,,,,2eme_cycle_uniquement,,,,,,,80,92,68,80,58,68,68,61,0.47,0.53,129,0,0,56,1,0.9766972824365675
609747,"Escola Básica de Pereira, Miranda do Corvo",Miranda do Corvo,Guarda,Beiras e Serra da Estrela,Centro,1er_cycle_uniquement,27.0,5.0,9.0,6.0,7.0,0.0275,,,,,,,,,,,,,,,,
609752,"Escola Básica de Lamas, Miranda do Corvo",Miranda do Corvo,Guarda,Beiras e Serra da Estrela,Centro,1er_cycle_uniquement,36.0,9.0,6.0,14.0,7.0,0.0,,,,,,,,,,,,,,,,
609819,"Escola Básica Professor Doutor Ferrer Correia, Senhor da Serra, Miranda do Corvo",Miranda do Corvo,Guarda,Beiras e Serra da Estrela,Centro,1er_et_2eme_cycle,39.0,9.0,13.0,8.0,9.0,0.055,10,28,16,12,19,18,28,20,0.42000000000000004,0.58,48,0,0.05000000074505806,18,1,0.9583418532216164
610001,Escola Básica de Montemor-o-Velho,Montemor-o-Velho,Leiria,Região de Leiria,Centro,1er_cycle_uniquement,181.0,45.0,51.0,34.0,51.0,0.0175,,,,,,,,,,,,,,,,
610020,"Escola Básica de Pereira, Montemor-o-Velho",Montemor-o-Velho,Leiria,Região de Leiria,Centro,1er_et_2eme_cycle,145.0,37.0,31.0,38.0,39.0,0.0,44,38,37,45,40,34,39,32,0.62,0.38,71,0,0,37,0.9459459459459459,0.9702241968234083
610035,"Escola Básica Dr. José dos Santos Bessa, Carapinheira, Montemor-o-Velho",Montemor-o-Velho,,,,2eme_cycle_uniquement,,,,,,,39,44,37,39,53,40,34,53,0.5700000000000001,0.43,87,0,0,53,1,0.9708299013772963
610066,"Escola Básica de Seixo, Montemor-o-Velho",Montemor-o-Velho,Leiria,Região de Leiria,Centro,1er_cycle_uniquement,35.0,6.0,11.0,7.0,11.0,0.0675,,,,,,,,,,,,,,,,
610104,"Escola Básica de Viso, Montemor-o-Velho",Montemor-o-Velho,Leiria,Região de Leiria,Centro,1er_cycle_uniquement,20.0,7.0,0.0,7.0,6.0,0.0,,,,,,,,,,,,,,,,
610406,"Escola Básica de Carapinheira, Montemor-o-Velho",Montemor-o-Velho,Leiria,Região de Leiria,Centro,1er_cycle_uniquement,57.0,17.0,17.0,12.0,11.0,0.03,,,,,,,,,,,,,,,,
610598,"Escola Básica de Tentúgal, Montemor-o-Velho",Montemor-o-Velho,Leiria,Região de Leiria,Centro,1er_cycle_uniquement,35.0,8.0,7.0,11.0,9.0,0.0225,,,,,,,,,,,,,,,,
610607,"Escola Básica de Meãs do Campo, Montemor-o-Velho",Montemor-o-Velho,Leiria,Região de Leiria,Centro,1er_cycle_uniquement,53.0,14.0,21.0,13.0,5.0,0.0,,,,,,,,,,,,,,,,
610807,"Escola Básica de Arazede, Montemor-o-Velho",Montemor-o-Velho,Leiria,Região de Leiria,Centro,1er_et_2eme_cycle,90.0,27.0,24.0,13.0,26.0,0.0575,26,28,29,25,35,30,27,35,0.53,0.47,62,0,0,34,1,0.9493213831643966
610991,Escola Básica e Secundária de Montemor-o-Velho,Montemor-o-Velho,,,,2eme_cycle_uniquement,,,,,,,67,65,64,68,64,62,74,67,0.48,0.52,141,0.029999999329447746,0.05999999865889549,64,0.96875,0.9676612170549131
611009,"Escola Básica de Cordinha, Oliveira do Hospital",Oliveira do Hospital,Lisboa,Grande Lisboa,Grande Lisboa,1er_et_2eme_cycle,45.0,8.0,13.0,14.0,10.0,0.1125,18,28,18,24,18,22,17,20,0.49,0.51,37,0,0.30000001192092896,16,0.875,0.9395515028223187
611299,Escola Básica n.º 1 de Oliveira do Hospital,Oliveira do Hospital,Lisboa,Grande Lisboa,Grande Lisboa,1er_cycle_uniquement,258.0,70.0,60.0,67.0,61.0,0.01,,,,,,,,,,,,,,,,
611321,"Escola Básica de Seixo da Beira, Oliveira do Hospital",Oliveira do Hospital,Lisboa,Grande Lisboa,Grande Lisboa,1er_cycle_uniquement,31.0,9.0,8.0,6.0,8.0,0.0325,,,,,,,,,,,,,,,,
611474,"Escola Básica de Travanca de Lagos, Oliveira do Hospital",Oliveira do Hospital,Lisboa,Grande Lisboa,Grande Lisboa,1er_cycle_uniquement,35.0,17.0,5.0,6.0,7.0,0.0,,,,,,,,,,,,,,,,
611505,"Escola Básica de Lourosa, Oliveira do Hospital",Oliveira do Hospital,Lisboa,Grande Lisboa,Grande Lisboa,1er_cycle_uniquement,0.0,0.0,0.0,0.0,0.0,,,,,,,,,,,,,,,,,
611617,"Escola Básica de Nogueira do Cravo, Oliveira do Hospital",Oliveira do Hospital,Lisboa,Grande Lisboa,Grande Lisboa,1er_cycle_uniquement,84.0,22.0,19.0,21.0,22.0,0.0125,,,,,,,,,,,,,,,,
611698,"Escola Básica de Ponte das Três Entradas, Oliveira do Hospital",Oliveira do Hospital,Lisboa,Grande Lisboa,Grande Lisboa,1er_et_2eme_cycle,49.0,3.0,17.0,17.0,12.0,0.03,16,16,17,16,14,16,14,22,0.5,0.5,36,0.20999999344348907,0.27000001072883606,14,*,*
611705,"Escola Básica de São Paio de Gramaços, Oliveira do Hospital",Oliveira do Hospital,Lisboa,Grande Lisboa,Grande Lisboa,1er_cycle_uniquement,26.0,4.0,3.0,6.0,13.0,0.0,,,,,,,,,,,,,,,,
611750,"Escola Básica de Bobadela, Oliveira do Hospital",Oliveira do Hospital,Lisboa,Grande Lisboa,Grande Lisboa,1er_cycle_uniquement,0.0,0.0,0.0,0.0,0.0,,,,,,,,,,,,,,,,,
611850,"Escola Básica de Lagares da Beira, Oliveira do Hospital",Oliveira do Hospital,Lisboa,Grande Lisboa,Grande Lisboa,1er_et_2eme_cycle,55.0,17.0,20.0,5.0,13.0,0.0625,7,13,14,9,17,18,14,15,0.72,0.28,29,0.20999999344348907,0,17,0.8235294117647058,0.9695764002322036
611865,Escola Básica n.º 2 de Oliveira do Hospital,Oliveira do Hospital,,,,2eme_cycle_uniquement,,,,,,,106,132,109,97,140,111,102,148,0.56,0.44,250,0.009999999776482582,0.05999999865889549,130,0.9307692307692308,0.9667638033551178
612439,"Escola Básica D. Eurico Dias Nogueira, Dornelas do Zêzere, Pampilhosa da Serra",Pampilhosa da Serra,Portalegre,Alto Alentejo,Alentejo,1er_cycle_uniquement,24.0,8.0,7.0,5.0,4.0,0.0,,,,,,,,,,,,,,,,
612842,"Escola Básica e Secundária Escalada, Pampilhosa da Serra",Pampilhosa da Serra,Portalegre,Alto Alentejo,Alentejo,1er_et_2eme_cycle,60.0,14.0,8.0,18.0,20.0,0.0,22,20,19,22,17,19,18,17,0.51,0.49,35,0,0,16,0.875,0.9563072278559789
613001,Escola Básica de Penacova,Penacova,Porto,Área Metropolitana do Porto,Norte,1er_cycle_uniquement,122.0,28.0,32.0,28.0,34.0,0.01,,,,,,,,,,,,,,,,
613122,"Escola Básica de Seixo, Penacova",Penacova,Porto,Área Metropolitana do Porto,Norte,1er_cycle_uniquement,0.0,0.0,0.0,0.0,0.0,,,,,,,,,,,,,,,,,
613135,"Escola Básica de Aveleira, Penacova",Penacova,Porto,Área Metropolitana do Porto,Norte,1er_cycle_uniquement,0.0,0.0,0.0,0.0,0.0,,,,,,,,,,,,,,,,,
613159,Escola Básica e Secundária de Penacova,Penacova,,,,2eme_cycle_uniquement,,,,,,,68,60,58,68,75,60,53,82,0.48,0.52,135,0.03999999910593033,0.09000000357627869,72,0.9305555555555556,0.9726472130634097
613180,"Escola Básica de São Pedro de Alva, Penacova",Penacova,Porto,Área Metropolitana do Porto,Norte,1er_et_2eme_cycle,60.0,19.0,19.0,13.0,9.0,0.04,21,21,18,22,24,19,19,24,0.6,0.4,43,0,0,24,1,0.9699421202950015
613794,"Escola Básica de Lorvão, Penacova",Penacova,Porto,Área Metropolitana do Porto,Norte,1er_cycle_uniquement,42.0,10.0,13.0,13.0,6.0,0.0,,,,,,,,,,,,,,,,
613833,"Escola Básica de Figueira de Lorvão, Penacova",Penacova,Porto,Área Metropolitana do Porto,Norte,1er_cycle_uniquement,64.0,17.0,15.0,15.0,17.0,0.0325,,,,,,,,,,,,,,,,
614373,"Escola Básica de Cumieira, Penela",Penela,Santarém,Lezíria do Tejo,Oeste e Vale do Tejo,1er_cycle_uniquement,22.0,6.0,6.0,6.0,4.0,0.0,,,,,,,,,,,,,,,,
614415,"Escola Básica de Espinhal, Penela",Penela,Santarém,Lezíria do Tejo,Oeste e Vale do Tejo,1er_cycle_uniquement,46.0,12.0,10.0,9.0,15.0,0.0,,,,,,,,,,,,,,,,
614467,"Escola Básica Infante D. Pedro, Penela",Penela,Santarém,Lezíria do Tejo,Oeste e Vale do Tejo,1er_et_2eme_cycle,62.0,16.0,21.0,13.0,12.0,0.0125,34,32,44,37,32,38,36,34,0.53,0.47,70,0,0,28,1,0.9592887935399449
615130,"Escola Básica de Gesteira, Soure",Soure,Setúbal,Península de Setúbal,Península de Setúbal,1er_cycle_uniquement,42.0,8.0,10.0,10.0,14.0,0.025,,,,,,,,,,,,,,,,
615159,"Escola Básica de Sobral, Soure",Soure,Setúbal,Península de Setúbal,Península de Setúbal,1er_cycle_uniquement,41.0,10.0,7.0,7.0,17.0,0.0,,,,,,,,,,,,,,,,
615185,Escola Básica de Soure,Soure,Setúbal,Península de Setúbal,Península de Setúbal,1er_et_2eme_cycle,132.0,32.0,28.0,38.0,34.0,0.015,92,98,79,89,98,81,78,97,0.55,0.45,175,0,0,95,0.9789473684210527,0.9666555038532022
615213,"Escola Básica de Marco, Coles de Samuel, Soure",Soure,Setúbal,Península de Setúbal,Península de Setúbal,1er_cycle_uniquement,44.0,13.0,14.0,6.0,11.0,0.0,,,,,,,,,,,,,,,,
615284,"Escola Básica de Vila Nova de Anços, Soure",Soure,Setúbal,Península de Setúbal,Península de Setúbal,1er_cycle_uniquement,39.0,10.0,9.0,11.0,9.0,0.0,,,,,,,,,,,,,,,,
615523,"Escola Básica de Alfarelos, Soure",Soure,Setúbal,Península de Setúbal,Península de Setúbal,1er_cycle_uniquement,32.0,9.0,11.0,7.0,5.0,0.0,,,,,,,,,,,,,,,,
615602,"Escola Básica de Tapeus, Soure",Soure,Setúbal,Península de Setúbal,Península de Setúbal,1er_cycle_uniquement,0.0,0.0,0.0,0.0,0.0,,,,,,,,,,,,,,,,,
615652,"Escola Básica de Figueiró do Campo, Soure",Soure,Setúbal,Península de Setúbal,Península de Setúbal,1er_cycle_uniquement,25.0,7.0,4.0,7.0,7.0,0.0,,,,,,,,,,,,,,,,
615733,"Instituto ""Pedro Hispano""",Soure,,,,2eme_cycle_uniquement,,,,,,,56,36,37,52,26,41,33,27,0.44999999999999996,0.55,60,0,0,25,0.96,0.9446868943372606
615744,"Escola Básica de Vinha da Rainha, Soure",Soure,Setúbal,Península de Setúbal,Península de Setúbal,1er_cycle_uniquement,25.0,7.0,5.0,9.0,4.0,0.0,,,,,,,,,,,,,,,,
615799,"Escola Básica de Degracias, Soure",Soure,Setúbal,Península de Setúbal,Península de Setúbal,1er_cycle_uniquement,0.0,0.0,0.0,0.0,0.0,,,,,,,,,,,,,,,,,
615983,"Escola Básica de Granja do Ulmeiro, Soure",Soure,Setúbal,Península de Setúbal,Península de Setúbal,1er_cycle_uniquement,81.0,17.0,18.0,30.0,16.0,0.015,,,,,,,,,,,,,,,,
616001,Escola Básica n.º 1 de Tábua,Tábua,Viana do Castelo,Alto Minho,Norte,1er_cycle_uniquement,203.0,56.0,78.0,69.0,0.0,0.0133,,,,,,,,,,,,,,,,
616029,"Escola Básica Margarida Fierro Caeiro da Matta, Midões, Tábua",Tábua,Viana do Castelo,Alto Minho,Norte,1er_et_2eme_cycle,62.0,13.0,22.0,13.0,14.0,0.0175,18,17,18,18,22,17,24,21,0.51,0.49,45,0,0,19,1,0.9470815636003124
616392,Escola Básica n.º 2 de Tábua,Tábua,Viana do Castelo,Alto Minho,Norte,1er_et_2eme_cycle,44.0,0.0,0.0,0.0,44.0,0.0,62,76,71,65,64,71,58,68,0.54,0.46,126,0.019999999552965164,0,63,1,0.9521864466483637
616935,"Escola Básica de Mouronho, Tábua",Tábua,Viana do Castelo,Alto Minho,Norte,1er_cycle_uniquement,37.0,6.0,14.0,10.0,7.0,0.0,,,,,,,,,,,,,,,,
617192,"Escola Básica e Secundária Dr. Daniel de Matos, Vila Nova de Poiares",Vila Nova de Poiares,,,,2eme_cycle_uniquement,,,,,,,76,73,64,82,69,65,42,73,0.54,0.46,115,0,0,69,0.9855072463768116,0.960465345107197
617371,"Escola Básica de Arrifana, Vila Nova de Poiares",Vila Nova de Poiares,Vila Real,Douro,Norte,1er_cycle_uniquement,60.0,21.0,13.0,20.0,6.0,0.0,,,,,,,,,,,,,,,,
617698,Escola Básica de Vila Nova de Poiares,Vila Nova de Poiares,Vila Real,Douro,Norte,1er_cycle_uniquement,80.0,20.0,19.0,21.0,20.0,0.0,,,,,,,,,,,,,,,,
617966,"Escola Básica de São Miguel de Poiares, Vila Nova de Poiares",Vila Nova de Poiares,Vila Real,Douro,Norte,1er_cycle_uniquement,88.0,20.0,21.0,23.0,24.0,0.0,,,,,,,,,,,,,,,,
701012,"Escola Básica de Pias, Alandroal",Alandroal,Aveiro,Região de Aveiro,Centro,1er_cycle_uniquement,40.0,13.0,14.0,5.0,8.0,0.035,,,,,,,,,,,,,,,,
701167,"Escola Básica Diogo Lopes Sequeira, Alandroal",Alandroal,Aveiro,Região de Aveiro,Centro,1er_et_2eme_cycle,71.0,15.0,19.0,18.0,19.0,0.0125,45,37,31,45,30,33,25,30,0.51,0.49,55,0.03999999910593033,0.029999999329447746,30,0.9333333333333333,0.9534969861123898
701627,"Escola Básica de Terena, Alandroal",Alandroal,Aveiro,Região de Aveiro,Centro,1er_cycle_uniquement,21.0,8.0,8.0,3.0,2.0,0.0325,,,,,,,,,,,,,,,,
702104,"Escola Básica de Sabugueiro, Arraiolos",Arraiolos,Beja,Baixo Alentejo,Alentejo,1er_cycle_uniquement,0.0,0.0,0.0,0.0,0.0,,,,,,,,,,,,,,,,,
702692,Escola Básica de Arraiolos,Arraiolos,Beja,Baixo Alentejo,Alentejo,1er_cycle_uniquement,113.0,37.0,28.0,25.0,23.0,0.0,,,,,,,,,,,,,,,,
702772,"Escola Básica de Igrejinha, Arraiolos",Arraiolos,Beja,Baixo Alentejo,Alentejo,1er_cycle_uniquement,30.0,11.0,7.0,8.0,4.0,0.035,,,,,,,,,,,,,,,,
702787,"Escola Básica de Vimieiro, Arraiolos",Arraiolos,Beja,Baixo Alentejo,Alentejo,1er_cycle_uniquement,36.0,10.0,12.0,6.0,8.0,0.0425,,,,,,,,,,,,,,,,
702889,"Escola Básica e Secundária Cunha Rivara, Arraiolos",Arraiolos,,,,2eme_cycle_uniquement,,,,,,,49,58,45,44,54,45,54,46,0.5800000000000001,0.42,100,0,0.03999999910593033,48,0.875,0.959713873488186
703588,"Escola Básica de Rio de Moinhos, Borba",Borba,Braga,Cávado,Norte,1er_cycle_uniquement,28.0,9.0,9.0,3.0,7.0,0.0275,,,,,,,,,,,,,,,,
703591,"Escola Básica Padre Bento Pereira, Borba",Borba,Braga,Cávado,Norte,1er_et_2eme_cycle,181.0,31.0,56.0,47.0,47.0,0.0425,63,54,55,56,54,45,48,46,0.45999999999999996,0.54,94,0.10000000149011612,0.019999999552965164,47,0.8936170212765957,0.9478437969758258
704098,"Escola Básica de Glória, Estremoz",Estremoz,Bragança,Terras de Trás-os-Montes,Norte,1er_cycle_uniquement,43.0,15.0,8.0,14.0,6.0,0.0,,,,,,,,,,,,,,,,
704200,"Escola Básica de Evoramonte, Estremoz",Estremoz,Bragança,Terras de Trás-os-Montes,Norte,1er_cycle_uniquement,0.0,0.0,0.0,0.0,0.0,,,,,,,,,,,,,,,,,
704207,"Escola Básica de São Bento do Cortiço, Estremoz",Estremoz,Bragança,Terras de Trás-os-Montes,Norte,1er_cycle_uniquement,24.0,8.0,10.0,4.0,2.0,0.025,,,,,,,,,,,,,,,,
704244,"Escola Básica do Caldeiro, Estremoz",Estremoz,Bragança,Terras de Trás-os-Montes,Norte,1er_cycle_uniquement,123.0,34.0,26.0,21.0,42.0,0.125,,,,,,,,,,,,,,,,
704345,"Escola Básica de Santa Vitória do Ameixial, Estremoz",Estremoz,Bragança,Terras de Trás-os-Montes,Norte,1er_cycle_uniquement,24.0,5.0,4.0,10.0,5.0,0.0,,,,,,,,,,,,,,,,
704561,"Escola Básica da Mata, Estremoz",Estremoz,Bragança,Terras de Trás-os-Montes,Norte,1er_cycle_uniquement,118.0,24.0,47.0,25.0,22.0,0.0225,,,,,,,,,,,,,,,,
704704,"Escola Básica de Arcos, Estremoz",Estremoz,Bragança,Terras de Trás-os-Montes,Norte,1er_cycle_uniquement,28.0,12.0,9.0,6.0,1.0,0.0,,,,,,,,,,,,,,,,
704719,"Escola Básica Sebastião da Gama, Estremoz",Estremoz,,,,2eme_cycle_uniquement,,,,,,,114,91,84,106,129,85,100,134,0.48,0.52,234,0.029999999329447746,0.009999999776482582,125,0.984,0.9360410389838932
704777,"Escola Básica de Veiros, Estremoz",Estremoz,Bragança,Terras de Trás-os-Montes,Norte,1er_cycle_uniquement,25.0,7.0,2.0,9.0,7.0,0.1275,,,,,,,,,,,,,,,,
704825,"Escola Básica de São Domingos de Ana Loura, Estremoz",Estremoz,Bragança,Terras de Trás-os-Montes,Norte,1er_cycle_uniquement,0.0,0.0,0.0,0.0,0.0,,,,,,,,,,,,,,,,,
705001,"Escola Básica dos Canaviais, Évora",Évora,Castelo Branco,Beira Baixa,Centro,1er_cycle_uniquement,168.0,40.0,34.0,42.0,52.0,0.02,,,,,,,,,,,,,,,,
705009,"Escola Básica Conde de Vilalva, Évora",Évora,,,,2eme_cycle_uniquement,,,,,,,121,147,125,122,151,130,128,153,0.51,0.49,281,0,0,149,1,0.9718259170743289
705030,"Escola Básica Galopim de Carvalho, Évora",Évora,Castelo Branco,Beira Baixa,Centro,1er_cycle_uniquement,218.0,64.0,66.0,48.0,40.0,0.005,,,,,,,,,,,,,,,,
705065,"Escola Básica da Quinta da Vista Alegre, Évora",Évora,Castelo Branco,Beira Baixa,Centro,1er_cycle_uniquement,85.0,22.0,20.0,22.0,21.0,0.0,,,,,,,,,,,,,,,,
705067,"Escola Básica do Bairro de Almeirim, Évora",Évora,Castelo Branco,Beira Baixa,Centro,1er_cycle_uniquement,61.0,14.0,16.0,22.0,9.0,0.06,,,,,,,,,,,,,,,,
705083,"Escola Básica da Avenida Heróis do Ultramar, Évora",Évora,Castelo Branco,Beira Baixa,Centro,1er_cycle_uniquement,89.0,21.0,20.0,25.0,23.0,0.0,,,,,,,,,,,,,,,,
705134,"Escola Básica de Valverde, Évora",Évora,Castelo Branco,Beira Baixa,Centro,1er_cycle_uniquement,30.0,8.0,8.0,8.0,6.0,0.0425,,,,,,,,,,,,,,,,
705242,"Escola Básica de Nossa Senhora de Machede, Évora",Évora,Castelo Branco,Beira Baixa,Centro,1er_cycle_uniquement,0.0,0.0,0.0,0.0,0.0,,,,,,,,,,,,,,,,,
705253,"Escola Básica da Horta das Figueiras, Évora",Évora,Castelo Branco,Beira Baixa,Centro,1er_cycle_uniquement,92.0,19.0,23.0,26.0,24.0,0.01,,,,,,,,,,,,,,,,
705256,"Escola Básica do Rossio de São Brás, Évora",Évora,Castelo Branco,Beira Baixa,Centro,1er_cycle_uniquement,135.0,46.0,42.0,23.0,24.0,0.025,,,,,,,,,,,,,,,,
705306,"Escola Básica Manuel Ferreira Patrício, Évora",Évora,Castelo Branco,Beira Baixa,Centro,1er_et_2eme_cycle,169.0,47.0,41.0,39.0,42.0,0.025,97,110,82,97,118,98,100,111,0.5800000000000001,0.42,211,0.03999999910593033,0.05000000074505806,106,0.9056603773584906,0.9143897711271757
705314,"Escola Básica de Graça do Divor, Évora",Évora,Castelo Branco,Beira Baixa,Centro,1er_cycle_uniquement,21.0,7.0,4.0,5.0,5.0,0.1125,,,,,,,,,,,,,,,,
705326,"Escola Básica da Cruz da Picada, Évora",Évora,Castelo Branco,Beira Baixa,Centro,1er_cycle_uniquement,55.0,21.0,14.0,0.0,20.0,0.09,,,,,,,,,,,,,,,,
705340,"Escola Básica do Chafariz d’El-Rei, Évora",Évora,Castelo Branco,Beira Baixa,Centro,1er_cycle_uniquement,95.0,20.0,26.0,25.0,24.0,0.0,,,,,,,,,,,,,,,,
705389,"Escola Básica André de Resende, Évora",Évora,,,,2eme_cycle_uniquement,,,,,,,143,159,146,143,179,150,161,177,0.54,0.46,338,0.009999999776482582,0.009999999776482582,177,0.9830508474576272,0.9698375605681936
705434,"Escola Básica do Bairro do Frei Aleixo, Évora",Évora,Castelo Branco,Beira Baixa,Centro,1er_cycle_uniquement,91.0,24.0,24.0,23.0,20.0,0.02,,,,,,,,,,,,,,,,
705469,"Escola Básica de Azaruja, Évora",Évora,Castelo Branco,Beira Baixa,Centro,1er_cycle_uniquement,26.0,5.0,7.0,6.0,8.0,0.0,,,,,,,,,,,,,,,,
705493,"Escola Básica de São Manços, Évora",Évora,Castelo Branco,Beira Baixa,Centro,1er_cycle_uniquement,29.0,10.0,4.0,10.0,5.0,0.025,,,,,,,,,,,,,,,,
705504,"Escola Básica do Bairro da Câmara, Évora",Évora,Castelo Branco,Beira Baixa,Centro,1er_cycle_uniquement,89.0,24.0,20.0,24.0,21.0,0.0,,,,,,,,,,,,,,,,
705591,"Escola Básica do Bairro da Comenda, Évora",Évora,Castelo Branco,Beira Baixa,Centro,1er_cycle_uniquement,86.0,22.0,23.0,20.0,21.0,0.01,,,,,,,,,,,,,,,,
705644,"Escola Básica de Santa Clara, Évora",Évora,,,,2eme_cycle_uniquement,,,,,,,123,112,102,121,121,95,121,131,0.55,0.45,252,0.05999999865889549,0.09000000357627869,110,0.9363636363636364,0.9701979123580008
705740,Salesianos de Évora - Colégio,Évora,Castelo Branco,Beira Baixa,Centro,1er_et_2eme_cycle,169.0,47.0,44.0,29.0,49.0,0.0,56,58,51,51,47,51,48,47,0.56,0.44,95,0,0,47,1,0.9888700216855015
705808,"Escola Básica do Bairro da Senhora da Glória, Évora",Évora,Castelo Branco,Beira Baixa,Centro,1er_cycle_uniquement,82.0,23.0,19.0,22.0,18.0,0.0125,,,,,,,,,,,,,,,,
705888,"Escola Básica de Vendinha, Évora",Évora,Castelo Branco,Beira Baixa,Centro,1er_cycle_uniquement,0.0,0.0,0.0,0.0,0.0,,,,,,,,,,,,,,,,,
705889,"Escola Básica de São Sebastião da Giesteira, Évora",Évora,Castelo Branco,Beira Baixa,Centro,1er_cycle_uniquement,22.0,8.0,5.0,4.0,5.0,0.0,,,,,,,,,,,,,,,,
705953,"Escola Básica de São Mamede, Évora",Évora,Castelo Branco,Beira Baixa,Centro,1er_cycle_uniquement,209.0,55.0,58.0,51.0,45.0,0.015,,,,,,,,,,,,,,,,
706001,Escola Básica n.º 5 de Montemor-o-Novo,Montemor-o-Novo,Coimbra,Região de Coimbra,Centro,1er_cycle_uniquement,146.0,24.0,28.0,28.0,66.0,0.0175,,,,,,,,,,,,,,,,
706004,Escola Básica n.º 2 de Montemor-o-Novo,Montemor-o-Novo,Coimbra,Região de Coimbra,Centro,1er_cycle_uniquement,81.0,21.0,20.0,20.0,20.0,0.0,,,,,,,,,,,,,,,,
706064,"Escola Básica de Cortiçadas do Lavre, Montemor-o-Novo",Montemor-o-Novo,Coimbra,Região de Coimbra,Centro,1er_cycle_uniquement,0.0,0.0,0.0,0.0,0.0,,,,,,,,,,,,,,,,,
706070,"Escola Básica de Cabrela, Montemor-o-Novo",Montemor-o-Novo,Coimbra,Região de Coimbra,Centro,1er_cycle_uniquement,0.0,0.0,0.0,0.0,0.0,,,,,,,,,,,,,,,,,
706181,Escola Básica n.º 1 de Montemor-o-Novo,Montemor-o-Novo,Coimbra,Região de Coimbra,Centro,1er_cycle_uniquement,124.0,51.0,39.0,34.0,0.0,0.0,,,,,,,,,,,,,,,,
706207,"Escola Básica de Ciborro, Montemor-o-Novo",Montemor-o-Novo,Coimbra,Região de Coimbra,Centro,1er_cycle_uniquement,0.0,0.0,0.0,0.0,0.0,,,,,,,,,,,,,,,,,
706489,"Escola Básica de São Cristóvão, Montemor-o-Novo",Montemor-o-Novo,Coimbra,Região de Coimbra,Centro,1er_cycle_uniquement,0.0,0.0,0.0,0.0,0.0,,,,,,,,,,,,,,,,,
706591,"Escola Básica de Vendas, Montemor-o-Novo",Montemor-o-Novo,Coimbra,Região de Coimbra,Centro,1er_cycle_uniquement,0.0,0.0,0.0,0.0,0.0,,,,,,,,,,,,,,,,,
706642,"Escola Básica de Vale de Figueira, Montemor-o-Novo",Montemor-o-Novo,Coimbra,Região de Coimbra,Centro,1er_cycle_uniquement,28.0,5.0,11.0,8.0,4.0,0.0625,,,,,,,,,,,,,,,,
706727,"Escola Básica de São Mateus, Montemor-o-Novo",Montemor-o-Novo,Coimbra,Região de Coimbra,Centro,1er_cycle_uniquement,43.0,10.0,11.0,11.0,11.0,0.0,,,,,,,,,,,,,,,,
706743,"Escola Básica de Lavre, Montemor-o-Novo",Montemor-o-Novo,Coimbra,Região de Coimbra,Centro,1er_cycle_uniquement,0.0,0.0,0.0,0.0,0.0,,,,,,,,,,,,,,,,,
706764,"Escola Básica de Santiago de Escoural, Montemor-o-Novo",Montemor-o-Novo,Coimbra,Região de Coimbra,Centro,1er_cycle_uniquement,27.0,6.0,8.0,7.0,6.0,0.0,,,,,,,,,,,,,,,,
706800,"Escola Básica São João de Deus, Montemor-o-Novo",Montemor-o-Novo,,,,2eme_cycle_uniquement,,,,,,,125,144,129,127,120,124,155,127,0.47,0.53,282,0.009999999776482582,0.03999999910593033,107,0.9532710280373832,0.9643588339080865
707035,"Escola Básica de Pavia, Mora",Mora,Évora,Alentejo Central,Alentejo,1er_cycle_uniquement,0.0,0.0,0.0,0.0,0.0,,,,,,,,,,,,,,,,,
707284,"Escola Básica de Cabeção, Mora",Mora,Évora,Alentejo Central,Alentejo,1er_cycle_uniquement,0.0,0.0,0.0,0.0,0.0,,,,,,,,,,,,,,,,,
707621,Escola Básica de Mora,Mora,Évora,Alentejo Central,Alentejo,1er_cycle_uniquement,87.0,31.0,14.0,28.0,14.0,0.0,,,,,,,,,,,,,,,,
707735,Escola Básica e Secundária de Mora,Mora,,,,2eme_cycle_uniquement,,,,,,,23,32,26,24,27,27,24,28,0.5,0.5,52,0,0,24,1,0.962005406427342
708047,"Escola Básica de Granja, Mourão",Mourão,Faro,Algarve,Algarve,1er_cycle_uniquement,0.0,0.0,0.0,0.0,0.0,,,,,,,,,,,,,,,,,
708494,"Escola Básica de Aldeia da Luz, Mourão",Mourão,Faro,Algarve,Algarve,1er_cycle_uniquement,0.0,0.0,0.0,0.0,0.0,,,,,,,,,,,,,,,,,
708504,Escola Básica de Mourão,Mourão,Faro,Algarve,Algarve,1er_et_2eme_cycle,67.0,21.0,15.0,15.0,16.0,0.0625,23,27,26,23,32,20,32,23,0.43999999999999995,0.56,55,0.3100000023841858,0.2199999988079071,25,0.68,0.8628189960098291
709026,"Escola Básica e Secundária D. João de Portel, Portel",Portel,,,,2eme_cycle_uniquement,,,,,,,44,52,56,45,40,58,38,41,0.5800000000000001,0.42,79,0,0.05000000074505806,37,0.972972972972973,0.9449017742050985
709310,Escola Básica de Portel,Portel,Guarda,Beiras e Serra da Estrela,Centro,1er_cycle_uniquement,96.0,22.0,27.0,23.0,24.0,0.0175,,,,,,,,,,,,,,,,
709498,"Escola Básica de Oriola, Portel",Portel,Guarda,Beiras e Serra da Estrela,Centro,1er_cycle_uniquement,0.0,0.0,0.0,0.0,0.0,,,,,,,,,,,,,,,,,
709723,"Escola Básica de Monte Trigo, Portel",Portel,Guarda,Beiras e Serra da Estrela,Centro,1er_cycle_uniquement,30.0,6.0,6.0,9.0,9.0,0.0,,,,,,,,,,,,,,,,
709898,"Escola Básica de Santana, Portel",Portel,Guarda,Beiras e Serra da Estrela,Centro,1er_cycle_uniquement,0.0,0.0,0.0,0.0,0.0,,,,,,,,,,,,,,,,,
710605,"Escola Básica e Secundária Dr. Hernâni Cidade, Redondo",Redondo,Leiria,Região de Leiria,Centro,1er_et_2eme_cycle,169.0,36.0,48.0,32.0,53.0,0.02,54,59,54,50,59,55,56,62,0.53,0.47,118,0,0,59,0.9830508474576272,0.9563813139447387
710856,"Escola Básica de Montoito, Redondo",Redondo,Leiria,Região de Leiria,Centro,1er_cycle_uniquement,33.0,11.0,7.0,8.0,7.0,0.0,,,,,,,,,,,,,,,,
711220,"Escola Básica de Perolivas, Reguengos de Monsaraz",Reguengos de Monsaraz,Lisboa,Grande Lisboa,Grande Lisboa,1er_cycle_uniquement,29.0,10.0,9.0,8.0,2.0,0.0825,,,,,,,,,,,,,,,,
711226,"Escola Básica de São Marcos do Campo, Reguengos de Monsaraz",Reguengos de Monsaraz,Lisboa,Grande Lisboa,Grande Lisboa,1er_cycle_uniquement,0.0,0.0,0.0,0.0,0.0,,,,,,,,,,,,,,,,,
711254,"Escola Básica António Gião, Reguengos de Monsaraz",Reguengos de Monsaraz,,,,2eme_cycle_uniquement,,,,,,,110,97,111,97,88,120,135,80,0.5800000000000001,0.42,215,0.05999999865889549,0.14000000059604645,82,0.8048780487804879,0.923094092785413
711286,"Escola Básica de Outeiro, Reguengos de Monsaraz",Reguengos de Monsaraz,Lisboa,Grande Lisboa,Grande Lisboa,1er_cycle_uniquement,0.0,0.0,0.0,0.0,0.0,,,,,,,,,,,,,,,,,
711357,"Escola Básica Manuel Augusto Papança, Reguengos de Monsaraz",Reguengos de Monsaraz,Lisboa,Grande Lisboa,Grande Lisboa,1er_cycle_uniquement,294.0,71.0,86.0,75.0,62.0,0.03,,,,,,,,,,,,,,,,
711405,"Escola Básica de São Pedro do Corval, Reguengos de Monsaraz",Reguengos de Monsaraz,Lisboa,Grande Lisboa,Grande Lisboa,1er_cycle_uniquement,40.0,11.0,11.0,9.0,9.0,0.0725,,,,,,,,,,,,,,,,
711624,"Escola Básica de Campinho, Reguengos de Monsaraz",Reguengos de Monsaraz,Lisboa,Grande Lisboa,Grande Lisboa,1er_cycle_uniquement,0.0,0.0,0.0,0.0,0.0,,,,,,,,,,,,,,,,,
712269,Escola Básica n.º 1 de Vendas Novas,Vendas Novas,,,,2eme_cycle_uniquement,,,,,,,96,98,80,102,95,89,119,108,0.48,0.52,227,0.019999999552965164,0.10999999940395355,89,0.8539325842696629,0.955306250343397
712327,Escola Básica n.º 2 de Vendas Novas,Vendas Novas,Portalegre,Alto Alentejo,Alentejo,1er_cycle_uniquement,220.0,78.0,72.0,70.0,0.0,0.0367,,,,,,,,,,,,,,,,
712394,"Escola Básica de Landeira, Vendas Novas",Vendas Novas,Portalegre,Alto Alentejo,Alentejo,1er_cycle_uniquement,25.0,10.0,4.0,5.0,6.0,0.0625,,,,,,,,,,,,,,,,
712707,"Escola Básica dos Campos da Misericórdia, Vendas Novas",Vendas Novas,Portalegre,Alto Alentejo,Alentejo,1er_cycle_uniquement,125.0,0.0,24.0,11.0,90.0,0.01,,,,,,,,,,,,,,,,
712805,Colégio de Laura Vicuña,Vendas Novas,Portalegre,Alto Alentejo,Alentejo,1er_cycle_uniquement,64.0,13.0,15.0,21.0,15.0,0.0,,,,,,,,,,,,,,,,
713124,"Escola Básica de Alcáçovas, Viana do Alentejo",Viana do Alentejo,Porto,Área Metropolitana do Porto,Norte,1er_et_2eme_cycle,62.0,23.0,9.0,18.0,12.0,0.0,14,11,22,15,24,24,20,24,0.30000000000000004,0.7,44,0,0,24,0.9583333333333334,0.9524803537447316
713804,"Escola Básica e Secundária Dr. Isidoro de Sousa, Viana do Alentejo",Viana do Alentejo,,,,2eme_cycle_uniquement,,,,,,,36,40,29,36,29,29,32,32,0.44999999999999996,0.55,64,0.09000000357627869,0.12999999523162842,29,0.9310344827586207,0.9446730719411234
713884,"Escola Básica de Aguiar, Viana do Alentejo",Viana do Alentejo,Porto,Área Metropolitana do Porto,Norte,1er_cycle_uniquement,26.0,8.0,5.0,8.0,5.0,0.0,,,,,,,,,,,,,,,,
713998,Escola Básica de Viana do Alentejo,Viana do Alentejo,Porto,Área Metropolitana do Porto,Norte,1er_cycle_uniquement,86.0,20.0,17.0,26.0,23.0,0.065,,,,,,,,,,,,,,,,
714458,"Escola Básica de Bencatel, Vila Viçosa",Vila Viçosa,Santarém,Lezíria do Tejo,Oeste e Vale do Tejo,1er_cycle_uniquement,32.0,11.0,5.0,4.0,12.0,0.0,,,,,,,,,,,,,,,,
714655,"Escola Básica do Castelo, Vila Viçosa",Vila Viçosa,Santarém,Lezíria do Tejo,Oeste e Vale do Tejo,1er_cycle_uniquement,92.0,42.0,50.0,0.0,0.0,0.01,,,,,,,,,,,,,,,,
714901,"Escola Básica de Carrascal, Vila Viçosa",Vila Viçosa,Santarém,Lezíria do Tejo,Oeste e Vale do Tejo,1er_cycle_uniquement,85.0,0.0,0.0,38.0,47.0,0.01,,,,,,,,,,,,,,,,
714910,"Escola Básica D. João IV, Vila Viçosa",Vila Viçosa,,,,2eme_cycle_uniquement,,,,,,,65,71,69,66,53,70,58,53,0.5700000000000001,0.43,111,0,0.019999999552965164,52,0.9230769230769231,0.9479847747200915
714981,"Escola Básica de São Romão, Vila Viçosa",Vila Viçosa,Santarém,Lezíria do Tejo,Oeste e Vale do Tejo,1er_cycle_uniquement,0.0,0.0,0.0,0.0,0.0,,,,,,,,,,,,,,,,,
801001,"Escola Básica da Guia, Albufeira",Albufeira,Aveiro,Região de Aveiro,Centro,1er_et_2eme_cycle,114.0,26.0,32.0,32.0,24.0,0.025,58,48,45,60,39,49,64,48,0.53,0.47,112,0.05000000074505806,0.03999999910593033,36,0.9722222222222222,0.9519527518801326
801044,"Escola Básica Vale de Pedras, Albufeira",Albufeira,Aveiro,Região de Aveiro,Centro,1er_cycle_uniquement,299.0,81.0,55.0,86.0,77.0,0.025,,,,,,,,,,,,,,,,
801291,Escola Básica n.º 1 de Albufeira,Albufeira,Aveiro,Região de Aveiro,Centro,1er_cycle_uniquement,138.0,20.0,48.0,32.0,38.0,0.0375,,,,,,,,,,,,,,,,
801472,"Escola Básica de Vale Carro, Albufeira",Albufeira,Aveiro,Região de Aveiro,Centro,1er_cycle_uniquement,111.0,25.0,25.0,39.0,22.0,0.01,,,,,,,,,,,,,,,,
801473,"Escola Básica de Correeira, Albufeira",Albufeira,Aveiro,Região de Aveiro,Centro,1er_cycle_uniquement,279.0,71.0,73.0,64.0,71.0,0.0325,,,,,,,,,,,,,,,,
801532,"Escola Básica Prof.ª Diamantina Negrão, Albufeira",Albufeira,,,,2eme_cycle_uniquement,,,,,,,111,83,121,111,123,134,106,138,0.48,0.52,244,0.009999999776482582,0.07000000029802322,110,0.9545454545454546,0.953223078125012
801541,"Escola Básica de Vale Parra, Albufeira",Albufeira,Aveiro,Região de Aveiro,Centro,1er_cycle_uniquement,94.0,25.0,19.0,24.0,26.0,0.0675,,,,,,,,,,,,,,,,
801584,"Escola Básica de Olhos de Água, Albufeira",Albufeira,Aveiro,Região de Aveiro,Centro,1er_cycle_uniquement,170.0,45.0,52.0,46.0,27.0,0.06,,,,,,,,,,,,,,,,
801596,"Escola Básica de Ferreiras, Albufeira",Albufeira,Aveiro,Região de Aveiro,Centro,1er_et_2eme_cycle,252.0,66.0,53.0,60.0,73.0,0.035,86,71,88,85,70,84,90,68,0.5800000000000001,0.42,158,0.029999999329447746,0.12999999523162842,61,0.8852459016393442,0.9581209843278046
801667,"Escola Básica D. Martim Fernandes, Albufeira",Albufeira,,,,2eme_cycle_uniquement,,,,,,,92,89,93,97,99,90,91,99,0.53,0.47,190,0.07000000029802322,0.07999999821186066,86,0.9651162790697675,0.9594910482393594
801675,"Escola Básica de Sesmarias, Albufeira",Albufeira,Aveiro,Região de Aveiro,Centro,1er_cycle_uniquement,66.0,23.0,19.0,15.0,9.0,0.03,,,,,,,,,,,,,,,,
801790,"Escola Básica Dr. Francisco Cabrita, Albufeira",Albufeira,,,,2eme_cycle_uniquement,,,,,,,153,179,142,157,177,151,184,194,0.51,0.49,378,0.10999999940395355,0.15000000596046448,150,0.88,0.9086436631562468
801797,"Escola Básica de Brejos, Albufeira",Albufeira,Aveiro,Região de Aveiro,Centro,1er_cycle_uniquement,125.0,25.0,25.0,35.0,40.0,0.0475,,,,,,,,,,,,,,,,
801855,"Escola Básica de Caliços, Albufeira",Albufeira,Aveiro,Região de Aveiro,Centro,1er_cycle_uniquement,274.0,66.0,81.0,54.0,73.0,0.08,,,,,,,,,,,,,,,,
801888,"Escola Básica de Paderne, Albufeira",Albufeira,Aveiro,Região de Aveiro,Centro,1er_et_2eme_cycle,143.0,39.0,45.0,21.0,38.0,0.0175,29,37,36,28,35,34,35,38,0.33999999999999997,0.66,73,0.029999999329447746,0.05000000074505806,32,0.96875,0.9458417430836356
801931,"Escola Básica de Fontainhas, Albufeira",Albufeira,Aveiro,Região de Aveiro,Centro,1er_cycle_uniquement,162.0,44.0,50.0,45.0,23.0,0.04,,,,,,,,,,,,,,,,
802488,Escola Básica de Alcoutim,Alcoutim,Beja,Baixo Alentejo,Alentejo,1er_cycle_uniquement,21.0,6.0,7.0,2.0,6.0,0.035,,,,,,,,,,,,,,,,
802696,"Escola Básica Prof. Joaquim Moreira, Martinlongo, Alcoutim",Alcoutim,Beja,Baixo Alentejo,Alentejo,1er_et_2eme_cycle,20.0,4.0,8.0,1.0,7.0,0.0,14,11,10,14,23,10,14,21,0.43000000000000005,0.57,35,0,0,22,1,0.9622932838287679
803258,"Escola Básica Professora Piedade Matoso, Aljezur",Aljezur,Braga,Cávado,Norte,1er_et_2eme_cycle,154.0,40.0,42.0,32.0,40.0,0.025,47,60,58,48,63,58,69,64,0.53,0.47,133,0.029999999329447746,0.09000000357627869,54,0.9259259259259259,0.9596276042358994
803655,"Escola Básica de Odeceixe, Aljezur",Aljezur,Braga,Cávado,Norte,1er_cycle_uniquement,44.0,10.0,12.0,12.0,10.0,0.1375,,,,,,,,,,,,,,,,
803952,"Escola Básica de Rogil, Aljezur",Aljezur,Braga,Cávado,Norte,1er_cycle_uniquement,46.0,12.0,13.0,11.0,10.0,0.0475,,,,,,,,,,,,,,,,
804372,"Escola Básica de Odeleite, Castro Marim",Castro Marim,Bragança,Terras de Trás-os-Montes,Norte,1er_cycle_uniquement,0.0,0.0,0.0,0.0,0.0,,,,,,,,,,,,,,,,,
804643,Escola Básica n.º 1 de Castro Marim,Castro Marim,Bragança,Terras de Trás-os-Montes,Norte,1er_cycle_uniquement,127.0,41.0,32.0,37.0,17.0,0.0325,,,,,,,,,,,,,,,,
804817,"Escola Básica de Altura, Castro Marim",Castro Marim,Bragança,Terras de Trás-os-Montes,Norte,1er_cycle_uniquement,140.0,38.0,33.0,37.0,32.0,0.065,,,,,,,,,,,,,,,,
804973,Escola Básica de Castro Marim,Castro Marim,,,,2eme_cycle_uniquement,,,,,,,64,56,72,63,62,70,56,61,0.52,0.48,117,0,0.07000000029802322,61,0.9016393442622951,0.9455976661155044
805001,"Escola Básica da Lejana, Faro",Faro,Castelo Branco,Beira Baixa,Centro,1er_cycle_uniquement,278.0,74.0,72.0,65.0,67.0,0.0475,,,,,,,,,,,,,,,,
805009,"Escola Básica D. Afonso III, Faro",Faro,Castelo Branco,Beira Baixa,Centro,1er_et_2eme_cycle,60.0,0.0,0.0,0.0,60.0,0.03,78,92,83,81,78,85,87,84,0.5800000000000001,0.42,171,0.05000000074505806,0.07999999821186066,70,0.9428571428571428,0.9416231226369547
805016,"Escola Básica de Conceição, Faro",Faro,Castelo Branco,Beira Baixa,Centro,1er_cycle_uniquement,131.0,49.0,40.0,19.0,23.0,0.0225,,,,,,,,,,,,,,,,
805098,"Escola Básica de Areal Gordo, Faro",Faro,Castelo Branco,Beira Baixa,Centro,1er_cycle_uniquement,45.0,20.0,25.0,0.0,0.0,0.0,,,,,,,,,,,,,,,,
805100,Colégio de Nossa Senhora do Alto,Faro,Castelo Branco,Beira Baixa,Centro,1er_et_2eme_cycle,105.0,27.0,21.0,30.0,27.0,0.0,25,27,25,24,30,23,30,29,0.61,0.39,59,0,0,29,1,0.9918863946687554
805105,"Escola Básica de Bordeira, Faro",Faro,Castelo Branco,Beira Baixa,Centro,1er_cycle_uniquement,43.0,4.0,16.0,7.0,16.0,0.0975,,,,,,,,,,,,,,,,
805133,"Escola Básica do Bom João, Faro",Faro,Castelo Branco,Beira Baixa,Centro,1er_cycle_uniquement,237.0,48.0,67.0,70.0,52.0,0.0225,,,,,,,,,,,,,,,,
805232,"Escola Básica de Alto de Rodes, Faro",Faro,Castelo Branco,Beira Baixa,Centro,1er_cycle_uniquement,187.0,45.0,45.0,63.0,34.0,0.0425,,,,,,,,,,,,,,,,
805287,O Relógio,Faro,Castelo Branco,Beira Baixa,Centro,1er_cycle_uniquement,0.0,0.0,0.0,0.0,0.0,,,,,,,,,,,,,,,,,
805292,"Escola Básica de Estoi, Faro",Faro,Castelo Branco,Beira Baixa,Centro,1er_cycle_uniquement,98.0,22.0,27.0,24.0,25.0,0.0375,,,,,,,,,,,,,,,,
805415,"Escola Básica Poeta Emiliano da Costa, Estoi, Faro",Faro,,,,2eme_cycle_uniquement,,,,,,,63,54,51,58,56,54,79,50,0.5,0.5,129,0.09000000357627869,0.10000000149011612,46,0.8043478260869565,0.9063960819248983
805427,Colégio Oficina Divertida,Faro,Castelo Branco,Beira Baixa,Centro,1er_cycle_uniquement,60.0,20.0,15.0,10.0,15.0,0.0175,,,,,,,,,,,,,,,,
805442,"Escola Básica do Carmo, Faro",Faro,Castelo Branco,Beira Baixa,Centro,1er_cycle_uniquement,133.0,64.0,48.0,21.0,0.0,0.0,,,,,,,,,,,,,,,,
805467,"Escola Básica de Marchil, Faro",Faro,Castelo Branco,Beira Baixa,Centro,1er_cycle_uniquement,45.0,0.0,0.0,45.0,0.0,0.02,,,,,,,,,,,,,,,,
805473,"Escola Básica de Montenegro, Faro",Faro,Castelo Branco,Beira Baixa,Centro,1er_et_2eme_cycle,233.0,73.0,71.0,23.0,66.0,0.005,97,88,95,84,100,88,97,93,0.53,0.47,190,0.05000000074505806,0.009999999776482582,89,0.9325842696629213,0.9578454037137889
805585,"Escola Básica Santo António, Faro",Faro,,,,2eme_cycle_uniquement,,,,,,,133,141,162,137,155,160,181,160,0.51,0.49,341,0.05000000074505806,0.019999999552965164,153,0.9607843137254902,0.9564431932042115
805630,Externato Menino Jesus,Faro,Castelo Branco,Beira Baixa,Centro,1er_cycle_uniquement,95.0,24.0,25.0,26.0,20.0,0.0,,,,,,,,,,,,,,,,
805638,"Escola Básica de S. Luís, Faro",Faro,Castelo Branco,Beira Baixa,Centro,1er_cycle_uniquement,301.0,75.0,74.0,77.0,75.0,0.03,,,,,,,,,,,,,,,,
805660,"Escola Básica Dr. José de Jesus Neves Júnior, Faro",Faro,,,,2eme_cycle_uniquement,,,,,,,150,140,135,149,145,134,141,139,0.49,0.51,280,0.03999999910593033,0,140,0.9714285714285714,0.9600399786900313
805687,"Escola Básica de Ferradeira, Faro",Faro,Castelo Branco,Beira Baixa,Centro,1er_cycle_uniquement,41.0,0.0,0.0,22.0,19.0,0.025,,,,,,,,,,,,,,,,
805782,Jardim-Escola João de Deus de Faro,Faro,Castelo Branco,Beira Baixa,Centro,1er_cycle_uniquement,92.0,25.0,25.0,19.0,23.0,0.0,,,,,,,,,,,,,,,,
805797,"Escola Básica de Patacão, Faro",Faro,Castelo Branco,Beira Baixa,Centro,1er_cycle_uniquement,65.0,16.0,23.0,16.0,10.0,0.0375,,,,,,,,,,,,,,,,
805823,"Escola Básica Dr. Joaquim Rocha Peixoto Magalhães, Faro",Faro,,,,2eme_cycle_uniquement,,,,,,,199,188,155,191,160,151,143,169,0.49,0.51,312,0.07999999821186066,0.07999999821186066,147,0.9319727891156463,0.9604108454997486
805840,"Escola Básica de Santa Bárbara de Nexe, Faro",Faro,Castelo Branco,Beira Baixa,Centro,1er_cycle_uniquement,60.0,15.0,18.0,13.0,14.0,0.125,,,,,,,,,,,,,,,,
805848,"Escola Básica Vale de Carneiros, Faro",Faro,Castelo Branco,Beira Baixa,Centro,1er_cycle_uniquement,238.0,50.0,68.0,49.0,71.0,0.0025,,,,,,,,,,,,,,,,
805871,"Escola Básica de Ilha da Culatra, Faro",Faro,Castelo Branco,Beira Baixa,Centro,1er_cycle_uniquement,0.0,0.0,0.0,0.0,0.0,,,,,,,,,,,,,,,,,
805887,"Escola Básica Ria Formosa, Faro",Faro,Castelo Branco,Beira Baixa,Centro,1er_cycle_uniquement,208.0,71.0,45.0,51.0,41.0,0.0325,,,,,,,,,,,,,,,,
806011,"Escola Básica de Parchal, Lagoa",Lagoa,Coimbra,Região de Coimbra,Centro,1er_cycle_uniquement,108.0,20.0,47.0,22.0,19.0,0.01,,,,,,,,,,,,,,,,
806045,"Escola Básica de Ferragudo, Lagoa",Lagoa,Coimbra,Região de Coimbra,Centro,1er_cycle_uniquement,139.0,24.0,29.0,46.0,40.0,0.0,,,,,,,,,,,,,,,,
806059,Nobel Algarve British International School – Lagoa,Lagoa,Coimbra,Região de Coimbra,Centro,1er_et_2eme_cycle,110.0,29.0,23.0,20.0,38.0,0.0,62,37,43,63,46,44,60,48,0.54,0.46,108,0,0,45,0.9555555555555556,0.99022066460133
806181,"Escola Básica de Carvoeiro, Lagoa",Lagoa,Coimbra,Região de Coimbra,Centro,1er_cycle_uniquement,89.0,22.0,25.0,21.0,21.0,0.01,,,,,,,,,,,,,,,,
806241,"Escola Básica de Estômbar, Lagoa",Lagoa,Coimbra,Região de Coimbra,Centro,1er_cycle_uniquement,112.0,24.0,24.0,24.0,40.0,0.0,,,,,,,,,,,,,,,,
806256,Escola Básica de Lagoa,Lagoa,Coimbra,Região de Coimbra,Centro,1er_cycle_uniquement,372.0,91.0,104.0,89.0,88.0,0.0225,,,,,,,,,,,,,,,,
806284,"Escola Básica Jacinto Correia, Lagoa",Lagoa,,,,2eme_cycle_uniquement,,,,,,,132,113,129,133,135,128,125,133,0.48,0.52,258,0.05999999865889549,0.10999999940395355,126,0.8888888888888888,0.9492398602337042
806296,"Escola Básica Rio Arade, Parchal, Lagoa",Lagoa,,,,2eme_cycle_uniquement,,,,,,,60,51,62,58,47,67,49,54,0.56,0.44,103,0,0.019999999552965164,42,0.9761904761904762,0.9543145325796626
806322,"Escola Básica de Porches, Lagoa",Lagoa,Coimbra,Região de Coimbra,Centro,1er_cycle_uniquement,86.0,21.0,24.0,21.0,20.0,0.02,,,,,,,,,,,,,,,,
806719,"Escola Básica Professor João Cónim, Estômbar, Lagoa",Lagoa,,,,2eme_cycle_uniquement,,,,,,,52,66,50,54,55,48,40,58,0.63,0.37,98,0,0,49,0.9795918367346939,0.957394442453318
806963,"Escola Básica de Mexilhoeira da Carregação, Lagoa",Lagoa,Coimbra,Região de Coimbra,Centro,1er_cycle_uniquement,116.0,49.0,27.0,21.0,19.0,0.0275,,,,,,,,,,,,,,,,
807000,Escola Básica Tecnopolis de Lagos,Lagos,,,,2eme_cycle_uniquement,,,,,,,163,191,157,167,189,160,178,214,0.49,0.51,392,0.07999999821186066,0.07000000029802322,176,0.9204545454545454,0.9523445913709554
807008,"Escola Básica das Naus, Lagos",Lagos,,,,2eme_cycle_uniquement,,,,,,,143,165,139,144,158,146,150,160,0.56,0.44,310,0.029999999329447746,0.05000000074505806,147,0.9523809523809523,0.9537862137104085
807081,"Escola Básica de Bensafrim, Lagos",Lagos,Évora,Alentejo Central,Alentejo,1er_cycle_uniquement,52.0,12.0,15.0,8.0,17.0,0.135,,,,,,,,,,,,,,,,
807201,"Escola Básica de Ameijeira, Lagos",Lagos,Évora,Alentejo Central,Alentejo,1er_cycle_uniquement,231.0,70.0,46.0,48.0,67.0,0.0,,,,,,,,,,,,,,,,
807453,Externato Jardim Infantil da Torraltinha,Lagos,Évora,Alentejo Central,Alentejo,1er_cycle_uniquement,0.0,0.0,0.0,0.0,0.0,,,,,,,,,,,,,,,,,
807504,"Escola Básica Sophia de Mello Breyner Andresen, Lagos",Lagos,Évora,Alentejo Central,Alentejo,1er_cycle_uniquement,221.0,40.0,68.0,45.0,68.0,0.0125,,,,,,,,,,,,,,,,
807549,Colégio Bambino,Lagos,Évora,Alentejo Central,Alentejo,1er_cycle_uniquement,37.0,11.0,7.0,14.0,5.0,0.0,,,,,,,,,,,,,,,,
807631,"Escola Básica de Santa Maria, Lagos",Lagos,Évora,Alentejo Central,Alentejo,1er_cycle_uniquement,177.0,39.0,46.0,48.0,44.0,0.0,,,,,,,,,,,,,,,,
807807,Escola Básica n.º 1 de Lagos,Lagos,Évora,Alentejo Central,Alentejo,1er_cycle_uniquement,193.0,64.0,44.0,45.0,40.0,0.0,,,,,,,,,,,,,,,,
807862,"Escola Básica de Chinicato, Lagos",Lagos,Évora,Alentejo Central,Alentejo,1er_cycle_uniquement,78.0,25.0,16.0,19.0,18.0,0.015,,,,,,,,,,,,,,,,
807900,"Escola Básica de Odiáxere, Lagos",Lagos,Évora,Alentejo Central,Alentejo,1er_cycle_uniquement,80.0,20.0,20.0,20.0,20.0,0.0,,,,,,,,,,,,,,,,
807915,Colégio Luz de S. Gonçalo,Lagos,Évora,Alentejo Central,Alentejo,1er_cycle_uniquement,94.0,24.0,23.0,23.0,24.0,0.0,,,,,,,,,,,,,,,,
807958,"Escola Básica ""Centro Escolar da Luz"", Lagos",Lagos,Évora,Alentejo Central,Alentejo,1er_cycle_uniquement,107.0,24.0,33.0,29.0,21.0,0.05,,,,,,,,,,,,,,,,
808000,"Escola Básica Cónego Dr. Clementino de Brito Pinto, Almancil, Loulé",Loulé,Faro,Algarve,Algarve,1er_cycle_uniquement,291.0,67.0,56.0,58.0,110.0,0.065,,,,,,,,,,,,,,,,
808001,"Escola Básica Professor Manuel Martins Alves, Loulé",Loulé,Faro,Algarve,Algarve,1er_cycle_uniquement,321.0,92.0,95.0,72.0,62.0,0.0075,,,,,,,,,,,,,,,,
808003,"Escola Básica da Fonte Santa, Loulé",Loulé,Faro,Algarve,Algarve,1er_cycle_uniquement,200.0,45.0,64.0,40.0,51.0,0.0,,,,,,,,,,,,,,,,
808032,"Escola Básica Eng. Duarte Pacheco, Loulé",Loulé,,,,2eme_cycle_uniquement,,,,,,,151,169,121,159,147,123,140,157,0.53,0.47,297,0.029999999329447746,0.05000000074505806,138,0.9855072463768116,0.9654308915217094
808038,Colégio Internacional de Vilamoura,Loulé,Faro,Algarve,Algarve,1er_et_2eme_cycle,100.0,25.0,26.0,23.0,26.0,0.0,26,25,24,27,26,24,27,26,0.51,0.49,53,0,0,25,0.96,0.9870961791831355
808051,"Escola Básica de São João da Venda, Loulé",Loulé,Faro,Algarve,Algarve,1er_cycle_uniquement,88.0,21.0,22.0,19.0,26.0,0.03,,,,,,,,,,,,,,,,
808066,"Escola Básica de Benfarras, Loulé",Loulé,Faro,Algarve,Algarve,1er_cycle_uniquement,55.0,15.0,16.0,4.0,20.0,0.0325,,,,,,,,,,,,,,,,
808076,Escola Básica n.º 3 de Loulé,Loulé,Faro,Algarve,Algarve,1er_cycle_uniquement,91.0,19.0,26.0,23.0,23.0,0.03,,,,,,,,,,,,,,,,
808114,"Escola Básica de Abelheira, Quarteira, Loulé",Loulé,Faro,Algarve,Algarve,1er_cycle_uniquement,181.0,44.0,43.0,50.0,44.0,0.01,,,,,,,,,,,,,,,,
808125,"Escola Básica Prof. Dr. Aníbal Cavaco Silva, Boliqueime, Loulé",Loulé,Faro,Algarve,Algarve,1er_et_2eme_cycle,107.0,24.0,33.0,25.0,25.0,0.115,71,83,71,72,74,72,76,84,0.52,0.48,160,0.07000000029802322,0.17000000178813934,70,0.9428571428571428,0.9570474035677377
808126,"Escola Básica D. Francisca de Aragão, Quarteira, Loulé",Loulé,Faro,Algarve,Algarve,1er_cycle_uniquement,515.0,120.0,138.0,130.0,127.0,0.01,,,,,,,,,,,,,,,,
808133,Escola Básica n.º 4 de Loulé,Loulé,Faro,Algarve,Algarve,1er_cycle_uniquement,179.0,44.0,47.0,43.0,45.0,0.0,,,,,,,,,,,,,,,,
808142,"Escola Básica de Vale Judeu, Loulé",Loulé,Faro,Algarve,Algarve,1er_cycle_uniquement,88.0,20.0,22.0,28.0,18.0,0.0475,,,,,,,,,,,,,,,,
808144,"Escola Básica de Almancil, Loulé",Loulé,Faro,Algarve,Algarve,1er_cycle_uniquement,142.0,46.0,72.0,24.0,0.0,0.02,,,,,,,,,,,,,,,,
808288,"Escola Básica de Estação, Loulé",Loulé,Faro,Algarve,Algarve,1er_cycle_uniquement,0.0,0.0,0.0,0.0,0.0,,,,,,,,,,,,,,,,,
808306,"Escola Básica Dr. António de Sousa Agostinho, Almancil, Loulé",Loulé,,,,2eme_cycle_uniquement,,,,,,,139,138,107,143,144,121,122,154,0.53,0.47,276,0.07000000029802322,0.10000000149011612,127,0.8976377952755905,0.9446980828418481
808329,"Escola Básica Mãe Soberana, Loulé",Loulé,Faro,Algarve,Algarve,1er_cycle_uniquement,205.0,47.0,61.0,48.0,49.0,0.005,,,,,,,,,,,,,,,,
808349,"Escola Básica de Tôr, Loulé",Loulé,Faro,Algarve,Algarve,1er_cycle_uniquement,47.0,11.0,13.0,11.0,12.0,0.3325,,,,,,,,,,,,,,,,
808399,"Escola Básica de Vale Silves, Loulé",Loulé,Faro,Algarve,Algarve,1er_cycle_uniquement,88.0,23.0,27.0,20.0,18.0,0.0175,,,,,,,,,,,,,,,,
808439,"Escola Básica de Benafim Grande, Loulé",Loulé,Faro,Algarve,Algarve,1er_cycle_uniquement,26.0,7.0,4.0,5.0,10.0,0.1,,,,,,,,,,,,,,,,
808497,"Escola Básica São Pedro do Mar, Quarteira, Loulé",Loulé,,,,2eme_cycle_uniquement,,,,,,,155,134,132,152,116,140,126,126,0.53,0.47,252,0.029999999329447746,0.05999999865889549,103,0.9611650485436893,0.9484449848105326
808547,"Escola Básica de São Lourenço, Loulé",Loulé,Faro,Algarve,Algarve,1er_cycle_uniquement,68.0,15.0,10.0,19.0,24.0,0.12,,,,,,,,,,,,,,,,
808552,"Escola Básica de Querença, Loulé",Loulé,Faro,Algarve,Algarve,1er_cycle_uniquement,0.0,0.0,0.0,0.0,0.0,,,,,,,,,,,,,,,,,
808627,"Escola Básica D. Dinis, Quarteira, Loulé",Loulé,,,,2eme_cycle_uniquement,,,,,,,121,129,117,128,139,134,117,141,0.56,0.44,258,0.03999999910593033,0.05999999865889549,119,0.9495798319327731,0.9484434721489119
808651,"Escola Básica Professor Sebastião José Pires Teixeira, Salir, Loulé",Loulé,Faro,Algarve,Algarve,1er_et_2eme_cycle,79.0,16.0,23.0,18.0,22.0,0.01,44,29,42,45,43,40,42,41,0.55,0.45,83,0.019999999552965164,0.019999999552965164,41,0.9512195121951219,0.9274382168412508
808667,"Escola Básica de Hortas de Santo António, Loulé",Loulé,Faro,Algarve,Algarve,1er_cycle_uniquement,176.0,47.0,44.0,41.0,44.0,0.0,,,,,,,,,,,,,,,,
808679,"Escola Básica n.º 1 de Areeiro, Loulé",Loulé,Faro,Algarve,Algarve,1er_cycle_uniquement,38.0,11.0,12.0,8.0,7.0,0.0,,,,,,,,,,,,,,,,
808701,"Escola Básica de Ameixial, Loulé",Loulé,Faro,Algarve,Algarve,1er_cycle_uniquement,0.0,0.0,0.0,0.0,0.0,,,,,,,,,,,,,,,,,
808770,"Escola Básica de Gilvrasino, Loulé",Loulé,Faro,Algarve,Algarve,1er_cycle_uniquement,43.0,8.0,13.0,11.0,11.0,0.0575,,,,,,,,,,,,,,,,
808794,"Escola Básica de Alte, Loulé",Loulé,Faro,Algarve,Algarve,1er_cycle_uniquement,36.0,12.0,8.0,8.0,8.0,0.1275,,,,,,,,,,,,,,,,
808923,"Escola Básica Padre João Coelho Cabanita, Loulé",Loulé,,,,2eme_cycle_uniquement,,,,,,,143,175,163,145,161,167,164,170,0.5,0.5,334,0.009999999776482582,0,152,0.9802631578947368,0.9499994335802135
808996,"Escola Básica de Quarteira, Loulé",Loulé,Faro,Algarve,Algarve,1er_cycle_uniquement,180.0,46.0,30.0,55.0,49.0,0.01,,,,,,,,,,,,,,,,
809522,Escola Básica n.º 1 de Monchique,Monchique,Guarda,Beiras e Serra da Estrela,Centro,1er_cycle_uniquement,70.0,20.0,16.0,19.0,15.0,0.0275,,,,,,,,,,,,,,,,
809741,Escola Básica n.º 2 de Monchique,Monchique,Guarda,Beiras e Serra da Estrela,Centro,1er_cycle_uniquement,68.0,12.0,20.0,18.0,18.0,0.0125,,,,,,,,,,,,,,,,
809938,"Escola Básica de Marmelete, Monchique",Monchique,Guarda,Beiras e Serra da Estrela,Centro,1er_cycle_uniquement,0.0,0.0,0.0,0.0,0.0,,,,,,,,,,,,,,,,,
809941,"Escola Básica Manuel do Nascimento, Monchique",Monchique,,,,2eme_cycle_uniquement,,,,,,,35,46,38,38,36,41,29,35,0.53,0.47,64,0,0,35,0.9714285714285714,0.9547838067362948
810048,"Escola Básica de Quelfes, Olhão",Olhão,Leiria,Região de Leiria,Centro,1er_cycle_uniquement,40.0,9.0,11.0,8.0,12.0,0.065,,,,,,,,,,,,,,,,
810114,"Escola Básica João da Rosa, Olhão",Olhão,,,,2eme_cycle_uniquement,,,,,,,99,103,103,98,134,98,103,134,0.49,0.51,237,0.05000000074505806,0.029999999329447746,119,0.9747899159663865,0.9555811273186176
810148,Escola Básica n.º 5 de Olhão,Olhão,Leiria,Região de Leiria,Centro,1er_cycle_uniquement,192.0,48.0,43.0,59.0,42.0,0.005,,,,,,,,,,,,,,,,
810157,"Escola Básica Cavalinha, Olhão",Olhão,Leiria,Região de Leiria,Centro,1er_cycle_uniquement,200.0,45.0,68.0,43.0,44.0,0.005,,,,,,,,,,,,,,,,
810173,Escola Básica n.º 4 de Olhão,Olhão,Leiria,Região de Leiria,Centro,1er_cycle_uniquement,98.0,37.0,21.0,20.0,20.0,0.0,,,,,,,,,,,,,,,,
810209,Escola Básica n.º 1 de Olhão,Olhão,Leiria,Região de Leiria,Centro,1er_cycle_uniquement,246.0,65.0,66.0,56.0,59.0,0.0225,,,,,,,,,,,,,,,,
810240,"Escola Básica de Moncarapacho, Olhão",Olhão,Leiria,Região de Leiria,Centro,1er_cycle_uniquement,155.0,55.0,43.0,57.0,0.0,0.0233,,,,,,,,,,,,,,,,
810394,"Escola Básica e Secundária Dr. João Lúcio, Fuseta, Olhão",Olhão,Leiria,Região de Leiria,Centro,1er_et_2eme_cycle,43.0,0.0,0.0,23.0,20.0,0.0,31,32,26,26,26,24,28,29,0.6,0.4,57,0,0,23,0.9565217391304348,0.9420804202438815
810409,"Escola Básica Dr. António João Eusébio, Moncarapacho, Olhão",Olhão,Leiria,Região de Leiria,Centro,1er_et_2eme_cycle,44.0,0.0,0.0,0.0,44.0,0.0,65,49,63,62,63,68,58,63,0.49,0.51,121,0.019999999552965164,0.029999999329447746,61,0.9672131147540983,0.9386570937247145
810452,"Escola Básica Dr. Alberto Iria, Olhão",Olhão,,,,2eme_cycle_uniquement,,,,,,,83,117,97,91,108,92,80,120,0.54,0.46,200,0.029999999329447746,0.05000000074505806,99,0.9595959595959596,0.9281650567506272
810464,"Escola Básica Professor Paula Nogueira, Olhão",Olhão,,,,2eme_cycle_uniquement,,,,,,,106,103,95,104,82,94,95,84,0.51,0.49,179,0.07999999821186066,0.05000000074505806,79,0.9620253164556962,0.9345058125687297
810522,"Escola Básica de Brancanes, Olhão",Olhão,Leiria,Região de Leiria,Centro,1er_cycle_uniquement,29.0,12.0,10.0,6.0,1.0,0.025,,,,,,,,,,,,,,,,
810637,"Escola Básica José Carlos da Maia, Olhão",Olhão,Leiria,Região de Leiria,Centro,1er_et_2eme_cycle,261.0,67.0,65.0,61.0,68.0,0.0275,102,86,90,105,94,90,106,95,0.56,0.44,201,0.029999999329447746,0.009999999776482582,91,0.978021978021978,0.9432496580672718
810695,"Escola Básica n.º 1 de Marim, Olhão",Olhão,Leiria,Região de Leiria,Centro,1er_cycle_uniquement,32.0,7.0,10.0,5.0,10.0,0.0,,,,,,,,,,,,,,,,
810790,Colégio Bernardette de Jesus Romeira,Olhão,Leiria,Região de Leiria,Centro,1er_et_2eme_cycle,72.0,17.0,13.0,17.0,25.0,0.03,28,31,22,24,29,22,26,24,0.54,0.46,50,0,0,26,0.9615384615384616,0.9885606114763379
810836,"Escola Básica de Fuseta, Olhão",Olhão,Leiria,Região de Leiria,Centro,1er_cycle_uniquement,55.0,31.0,24.0,0.0,0.0,0.065,,,,,,,,,,,,,,,,
810905,"Escola Básica Professor José Mariano Gago, Pechão, Olhão",Olhão,Leiria,Região de Leiria,Centro,1er_cycle_uniquement,72.0,20.0,17.0,13.0,22.0,0.015,,,,,,,,,,,,,,,,
810998,Escola Básica n.º 6 de Olhão,Olhão,Leiria,Região de Leiria,Centro,1er_cycle_uniquement,177.0,44.0,44.0,44.0,45.0,0.035,,,,,,,,,,,,,,,,
811000,"Escola Básica e Secundária da Bemposta, Portimão",Portimão,,,,2eme_cycle_uniquement,,,,,,,104,111,122,98,103,128,106,105,0.45999999999999996,0.54,211,0,0.019999999552965164,103,0.970873786407767,0.9711883432459454
811022,"Escola Básica de Vendas, Portimão",Portimão,Lisboa,Grande Lisboa,Grande Lisboa,1er_cycle_uniquement,106.0,20.0,20.0,21.0,45.0,0.0175,,,,,,,,,,,,,,,,
811049,"Escola Básica José Sobral, Mexilhoeira Grande, Portimão",Portimão,Lisboa,Grande Lisboa,Grande Lisboa,1er_et_2eme_cycle,184.0,44.0,47.0,42.0,51.0,0.0275,38,24,18,39,21,20,32,23,0.44999999999999996,0.55,55,0,0.03999999910593033,19,0.9473684210526315,0.9565392817746593
811145,Colégio João Paulo II,Portimão,Lisboa,Grande Lisboa,Grande Lisboa,1er_cycle_uniquement,76.0,24.0,21.0,11.0,20.0,0.0,,,,,,,,,,,,,,,,
811192,"Escola Básica de Pontal, Portimão",Portimão,Lisboa,Grande Lisboa,Grande Lisboa,1er_cycle_uniquement,507.0,127.0,119.0,127.0,134.0,0.0275,,,,,,,,,,,,,,,,
811234,"Escola Básica Major David Neto, Portimão",Portimão,Lisboa,Grande Lisboa,Grande Lisboa,1er_cycle_uniquement,391.0,164.0,133.0,93.0,1.0,0.265,,,,,,,,,,,,,,,,
811239,"Escola Básica Coca Maravilhas, Portimão",Portimão,Lisboa,Grande Lisboa,Grande Lisboa,1er_cycle_uniquement,338.0,85.0,125.0,65.0,63.0,0.08,,,,,,,,,,,,,,,,
811295,Colégio do Rio,Portimão,Lisboa,Grande Lisboa,Grande Lisboa,1er_cycle_uniquement,91.0,26.0,19.0,25.0,21.0,0.0,,,,,,,,,,,,,,,,
811421,"Escola Básica de Montes de Alvor, Portimão",Portimão,Lisboa,Grande Lisboa,Grande Lisboa,1er_cycle_uniquement,100.0,25.0,24.0,25.0,26.0,0.02,,,,,,,,,,,,,,,,
811445,"Escola Básica Júdice Fialho, Portimão",Portimão,,,,2eme_cycle_uniquement,,,,,,,112,112,127,112,146,128,129,146,0.51,0.49,275,0.029999999329447746,0.029999999329447746,130,0.9615384615384616,0.9570836139994463
811517,Colégio da Penina,Portimão,Lisboa,Grande Lisboa,Grande Lisboa,1er_cycle_uniquement,78.0,21.0,17.0,21.0,19.0,0.0,,,,,,,,,,,,,,,,
811550,"Escola Básica Eng. Nuno Mergulhão, Portimão",Portimão,,,,2eme_cycle_uniquement,,,,,,,53,49,50,61,64,66,89,63,0.56,0.44,152,0.05999999865889549,0.07999999821186066,52,0.9038461538461539,0.9189884597467297
811631,"Escola Básica de Pedra Mourinha, Portimão",Portimão,Lisboa,Grande Lisboa,Grande Lisboa,1er_cycle_uniquement,434.0,74.0,130.0,112.0,118.0,0.0175,,,,,,,,,,,,,,,,
811674,"Escola Básica D. Martinho de Castelo Branco, Portimão",Portimão,,,,2eme_cycle_uniquement,,,,,,,214,201,182,214,216,194,151,228,0.47,0.53,379,0.07000000029802322,0.10999999940395355,200,0.875,0.9656671565887323
811772,"Externato ""Ti-Té""",Portimão,Lisboa,Grande Lisboa,Grande Lisboa,1er_cycle_uniquement,80.0,20.0,23.0,23.0,14.0,0.0,,,,,,,,,,,,,,,,
811781,"Escola Básica de Chão das Donas, Portimão",Portimão,Lisboa,Grande Lisboa,Grande Lisboa,1er_cycle_uniquement,117.0,25.0,48.0,23.0,21.0,0.0,,,,,,,,,,,,,,,,
811868,"Escola Básica Prof. José Buísel, Portimão",Portimão,Lisboa,Grande Lisboa,Grande Lisboa,1er_et_2eme_cycle,115.0,0.0,0.0,0.0,115.0,0.04,136,147,116,137,124,128,120,136,0.55,0.45,256,0.05000000074505806,0.07999999821186066,106,0.9433962264150944,0.9480694516697982
811902,"Escola Básica D. João II, Alvor, Portimão",Portimão,,,,2eme_cycle_uniquement,,,,,,,34,43,40,37,31,38,49,68,0.5700000000000001,0.43,117,0.05999999865889549,0.1599999964237213,27,0.9629629629629629,0.9403349622227699
811939,"Escola Básica de Alvor, Portimão",Portimão,Lisboa,Grande Lisboa,Grande Lisboa,1er_cycle_uniquement,218.0,48.0,54.0,54.0,62.0,0.02,,,,,,,,,,,,,,,,
812010,"Escola Básica Poeta Bernardo de Passos, São Brás de Alportel",São Brás de Alportel,,,,2eme_cycle_uniquement,,,,,,,114,136,123,115,113,127,109,117,0.52,0.48,226,0,0.07000000029802322,112,0.9017857142857143,0.9430286943203219
812091,Escola Básica n.º 1 de São Brás de Alportel,São Brás de Alportel,Portalegre,Alto Alentejo,Alentejo,1er_cycle_uniquement,240.0,40.0,68.0,68.0,64.0,0.0125,,,,,,,,,,,,,,,,
812548,"Escola Básica de Vilarinhos, São Brás de Alportel",São Brás de Alportel,Portalegre,Alto Alentejo,Alentejo,1er_cycle_uniquement,38.0,10.0,10.0,13.0,5.0,0.0,,,,,,,,,,,,,,,,
812733,Escola Básica n.º 2 de São Brás de Alportel,São Brás de Alportel,Portalegre,Alto Alentejo,Alentejo,1er_cycle_uniquement,131.0,61.0,29.0,21.0,20.0,0.02,,,,,,,,,,,,,,,,
812856,"Escola Básica de Mesquita Baixa, São Brás de Alportel",São Brás de Alportel,Portalegre,Alto Alentejo,Alentejo,1er_cycle_uniquement,41.0,5.0,16.0,8.0,12.0,0.0325,,,,,,,,,,,,,,,,
812908,"Escola Básica de Alportel, São Brás de Alportel",São Brás de Alportel,Portalegre,Alto Alentejo,Alentejo,1er_cycle_uniquement,38.0,6.0,12.0,11.0,9.0,0.0475,,,,,,,,,,,,,,,,
813009,Jardim-Escola João de Deus de São Bartolomeu de Messines,Silves,Porto,Área Metropolitana do Porto,Norte,1er_cycle_uniquement,28.0,10.0,8.0,4.0,6.0,0.0,,,,,,,,,,,,,,,,
813061,"Escola Básica de Portela, Silves",Silves,Porto,Área Metropolitana do Porto,Norte,1er_cycle_uniquement,42.0,10.0,11.0,12.0,9.0,0.045,,,,,,,,,,,,,,,,
813121,"Escola Básica de Algoz, Silves",Silves,,,,2eme_cycle_uniquement,,,,,,,52,55,44,54,47,53,56,53,0.56,0.44,109,0.05000000074505806,0.10999999940395355,42,0.9523809523809523,0.9539739482371575
813158,"Escola Básica de Pêra, Silves",Silves,Porto,Área Metropolitana do Porto,Norte,1er_cycle_uniquement,111.0,39.0,28.0,23.0,21.0,0.0675,,,,,,,,,,,,,,,,
813315,"Escola Básica de Armação de Pêra, Silves",Silves,Porto,Área Metropolitana do Porto,Norte,1er_cycle_uniquement,269.0,42.0,75.0,80.0,72.0,0.11,,,,,,,,,,,,,,,,
813348,"Escola Básica de São Bartolomeu de Messines, Silves",Silves,Porto,Área Metropolitana do Porto,Norte,1er_cycle_uniquement,83.0,42.0,41.0,0.0,0.0,0.035,,,,,,,,,,,,,,,,
813354,"Escola Básica Dr. António da Costa Contreiras, Armação de Pêra, Silves",Silves,,,,2eme_cycle_uniquement,,,,,,,96,114,103,94,123,104,93,131,0.42000000000000004,0.58,224,0.07999999821186066,0.07000000029802322,110,0.9818181818181818,0.9626456710031037
813413,"Escola Básica n.º 1 de Algoz, Silves",Silves,Porto,Área Metropolitana do Porto,Norte,1er_cycle_uniquement,171.0,46.0,42.0,27.0,56.0,0.11,,,,,,,,,,,,,,,,
813483,"Escola Básica de São Marcos da Serra, Silves",Silves,Porto,Área Metropolitana do Porto,Norte,1er_cycle_uniquement,25.0,7.0,6.0,6.0,6.0,0.0825,,,,,,,,,,,,,,,,
813508,"Escola Básica de Alcantarilha, Silves",Silves,Porto,Área Metropolitana do Porto,Norte,1er_cycle_uniquement,92.0,24.0,26.0,22.0,20.0,0.0375,,,,,,,,,,,,,,,,
813610,Escola Básica n.º 2 de Silves,Silves,Porto,Área Metropolitana do Porto,Norte,1er_cycle_uniquement,111.0,24.0,26.0,39.0,22.0,0.0475,,,,,,,,,,,,,,,,
813778,Escola Básica n.º 1 de Silves,Silves,Porto,Área Metropolitana do Porto,Norte,1er_cycle_uniquement,179.0,84.0,95.0,0.0,0.0,0.065,,,,,,,,,,,,,,,,
813825,"Escola Básica Dr. Garcia Domingues, Silves",Silves,Porto,Área Metropolitana do Porto,Norte,1er_et_2eme_cycle,146.0,0.0,0.0,63.0,83.0,0.035,133,127,101,139,119,106,130,123,0.55,0.45,253,0.10000000149011612,0.07000000029802322,111,0.9009009009009009,0.9250143795684641
813869,"Escola Básica de Tunes, Silves",Silves,Porto,Área Metropolitana do Porto,Norte,1er_cycle_uniquement,78.0,20.0,23.0,15.0,20.0,0.1225,,,,,,,,,,,,,,,,
813897,"Escola Básica João de Deus, São Bartolomeu de Messines, Silves",Silves,Porto,Área Metropolitana do Porto,Norte,1er_et_2eme_cycle,112.0,0.0,0.0,58.0,54.0,0.075,73,70,76,75,83,80,89,90,0.5,0.5,179,0.12999999523162842,0.12999999523162842,73,0.8767123287671232,0.9398043208751212
813914,"Escola Básica de Amorosa, Silves",Silves,Porto,Área Metropolitana do Porto,Norte,1er_cycle_uniquement,45.0,8.0,17.0,9.0,11.0,0.03,,,,,,,,,,,,,,,,
814001,"Escola Básica Horta do Carmo, Tavira",Tavira,Santarém,Lezíria do Tejo,Oeste e Vale do Tejo,1er_cycle_uniquement,281.0,69.0,72.0,65.0,75.0,0.0275,,,,,,,,,,,,,,,,
814029,"Escola Básica Santo Estêvão, Tavira",Tavira,Santarém,Lezíria do Tejo,Oeste e Vale do Tejo,1er_cycle_uniquement,33.0,8.0,11.0,9.0,5.0,0.0675,,,,,,,,,,,,,,,,
814036,"Escola Básica de Cabanas, Tavira",Tavira,Santarém,Lezíria do Tejo,Oeste e Vale do Tejo,1er_cycle_uniquement,36.0,7.0,7.0,10.0,12.0,0.0,,,,,,,,,,,,,,,,
814040,"Escola Básica D. Paio Peres Correia, Tavira",Tavira,,,,2eme_cycle_uniquement,,,,,,,106,96,104,105,92,109,99,100,0.54,0.46,199,0.07000000029802322,0.10999999940395355,75,0.9066666666666666,0.960583539524556
814126,"Escola Básica n.º 1 de Santa Luzia, Tavira",Tavira,Santarém,Lezíria do Tejo,Oeste e Vale do Tejo,1er_cycle_uniquement,62.0,22.0,15.0,11.0,14.0,0.05,,,,,,,,,,,,,,,,
814331,"Escola Básica de Santa Catarina, Tavira",Tavira,Santarém,Lezíria do Tejo,Oeste e Vale do Tejo,1er_cycle_uniquement,26.0,7.0,6.0,5.0,8.0,0.0425,,,,,,,,,,,,,,,,
814362,Escola Básica n.º 1 de Tavira,Tavira,Santarém,Lezíria do Tejo,Oeste e Vale do Tejo,1er_cycle_uniquement,162.0,79.0,83.0,0.0,0.0,0.0,,,,,,,,,,,,,,,,
814741,Jardim-Escola João de Deus de Tavira,Tavira,Santarém,Lezíria do Tejo,Oeste e Vale do Tejo,1er_cycle_uniquement,55.0,14.0,17.0,10.0,14.0,0.0,,,,,,,,,,,,,,,,
814909,"Escola Básica da Luz, Tavira",Tavira,Santarém,Lezíria do Tejo,Oeste e Vale do Tejo,1er_cycle_uniquement,53.0,13.0,12.0,9.0,19.0,0.0825,,,,,,,,,,,,,,,,
814957,"Escola Básica de Conceição de Tavira, Tavira",Tavira,Santarém,Lezíria do Tejo,Oeste e Vale do Tejo,1er_cycle_uniquement,42.0,15.0,5.0,14.0,8.0,0.0175,,,,,,,,,,,,,,,,
814995,"Escola Básica D. Manuel I, Tavira",Tavira,Santarém,Lezíria do Tejo,Oeste e Vale do Tejo,1er_et_2eme_cycle,165.0,0.0,0.0,83.0,82.0,0.01,149,178,152,145,142,145,148,153,0.47,0.53,301,0.029999999329447746,0.05000000074505806,136,0.9191176470588235,0.9622212609430776
815191,Escola Básica de Vila do Bispo,Vila do Bispo,Setúbal,Península de Setúbal,Península de Setúbal,1er_cycle_uniquement,64.0,21.0,15.0,10.0,18.0,0.0425,,,,,,,,,,,,,,,,
815308,"Escola Básica de Budens, Vila do Bispo",Vila do Bispo,Setúbal,Península de Setúbal,Península de Setúbal,1er_cycle_uniquement,74.0,18.0,17.0,18.0,21.0,0.0125,,,,,,,,,,,,,,,,
815558,Escola Waldorf a Oliveira - Polo de Vila do Bispo,Vila do Bispo,,,,2eme_cycle_uniquement,,,,,,,*,*,*,*,*,*,*,*,*,*,*,-,*,,,
815663,Escola Waldorf - A Oliveira,Vila do Bispo,Setúbal,Península de Setúbal,Península de Setúbal,1er_et_2eme_cycle,82.0,24.0,19.0,23.0,16.0,0.0125,*,*,*,*,*,*,*,*,*,*,*,*,-,9,*,*
815818,"Escola Básica n.º 2 de Sagres, Vila do Bispo",Vila do Bispo,Setúbal,Península de Setúbal,Península de Setúbal,1er_cycle_uniquement,54.0,10.0,18.0,12.0,14.0,0.0175,,,,,,,,,,,,,,,,
815934,"Escola Básica São Vicente, Vila do Bispo",Vila do Bispo,,,,2eme_cycle_uniquement,,,,,,,41,28,30,35,54,31,39,48,0.51,0.49,87,0,0,50,0.94,0.9572894036958874
816069,"Escola Básica Prof. Caldeira Alexandre, Vila Real de Santo António",Vila Real de Santo António,Viana do Castelo,Alto Minho,Norte,1er_cycle_uniquement,251.0,73.0,73.0,48.0,57.0,0.0375,,,,,,,,,,,,,,,,
816159,"Escola Básica D. José I, Vila Real de Santo António",Vila Real de Santo António,,,,2eme_cycle_uniquement,,,,,,,120,112,110,119,119,111,130,121,0.55,0.45,251,0.07999999821186066,0.12999999523162842,102,0.9117647058823529,0.9527382580379181
816345,"Escola Básica Infante D. Fernando, Vila Nova de Cacela, Vila Real de Santo António",Vila Real de Santo António,,,,2eme_cycle_uniquement,,,,,,,57,44,34,58,37,33,44,42,0.5900000000000001,0.41,86,0.07000000029802322,0.05000000074505806,29,0.9310344827586207,0.9669425346665342
816411,"Escola Básica de Monte Gordo, Vila Real de Santo António",Vila Real de Santo António,Viana do Castelo,Alto Minho,Norte,1er_et_2eme_cycle,167.0,35.0,44.0,38.0,50.0,0.06,52,51,43,53,40,44,36,40,0.53,0.47,76,0.1899999976158142,0.12999999523162842,39,0.8717948717948718,0.9112330652904603
816426,"Escola Básica Manuel Cabanas, Vila Nova de Cacela, Vila Real de Santo António",Vila Real de Santo António,Viana do Castelo,Alto Minho,Norte,1er_cycle_uniquement,91.0,22.0,21.0,29.0,19.0,0.0325,,,,,,,,,,,,,,,,
816593,"Escola Básica Santo António, Vila Real de Santo António",Vila Real de Santo António,Viana do Castelo,Alto Minho,Norte,1er_cycle_uniquement,171.0,43.0,45.0,39.0,44.0,0.015,,,,,,,,,,,,,,,,
901097,Escola Básica de Aguiar da Beira,Aguiar da Beira,Aveiro,Região de Aveiro,Centro,1er_cycle_uniquement,87.0,18.0,26.0,17.0,26.0,0.04,,,,,,,,,,,,,,,,
901181,"Escola Básica de Carapito, Aguiar da Beira",Aguiar da Beira,Aveiro,Região de Aveiro,Centro,1er_cycle_uniquement,0.0,0.0,0.0,0.0,0.0,,,,,,,,,,,,,,,,,
901302,"Escola Básica de Penaverde, Aguiar da Beira",Aguiar da Beira,Aveiro,Região de Aveiro,Centro,1er_cycle_uniquement,0.0,0.0,0.0,0.0,0.0,,,,,,,,,,,,,,,,,
901707,"Escola Básica e Secundária Padre José Augusto da Fonseca, Aguiar da Beira",Aguiar da Beira,,,,2eme_cycle_uniquement,,,,,,,22,37,33,23,37,33,40,40,0.43999999999999995,0.56,80,0.029999999329447746,0.07999999821186066,36,0.9722222222222222,0.9692021120736098
901809,"Escola Básica de Dornelas, Aguiar da Beira",Aguiar da Beira,Aveiro,Região de Aveiro,Centro,1er_cycle_uniquement,0.0,0.0,0.0,0.0,0.0,,,,,,,,,,,,,,,,,
902600,"Escola Básica e Secundária Dr. José Casimiro Matias, Almeida",Almeida,Beja,Baixo Alentejo,Alentejo,1er_et_2eme_cycle,64.0,15.0,14.0,20.0,15.0,0.0125,15,20,11,15,12,9,15,13,0.43000000000000005,0.57,28,0.07000000029802322,0.07999999821186066,10,*,*
902777,"Escola Básica e Secundária de Vilar Formoso, Almeida",Almeida,Beja,Baixo Alentejo,Alentejo,1er_et_2eme_cycle,54.0,9.0,12.0,20.0,13.0,0.0,14,17,15,15,24,13,16,25,0.5900000000000001,0.41,41,0.05999999865889549,0,21,1,0.963029724538342
903001,"Escola Básica de Santa Luzia, Celorico da Beira",Celorico da Beira,Braga,Cávado,Norte,1er_cycle_uniquement,67.0,12.0,9.0,23.0,23.0,0.0,,,,,,,,,,,,,,,,
903340,"Escola Básica de Lageosa do Mondego, Celorico da Beira",Celorico da Beira,Braga,Cávado,Norte,1er_cycle_uniquement,31.0,9.0,9.0,6.0,7.0,0.0425,,,,,,,,,,,,,,,,
903679,"Escola Básica de S. Pedro, Celorico da Beira",Celorico da Beira,Braga,Cávado,Norte,1er_cycle_uniquement,67.0,26.0,20.0,14.0,7.0,0.0525,,,,,,,,,,,,,,,,
903883,"Escola Básica e Secundária Sacadura Cabral, Celorico da Beira",Celorico da Beira,,,,2eme_cycle_uniquement,,,,,,,56,66,55,55,40,56,52,41,0.45999999999999996,0.54,93,0.10000000149011612,0,38,0.9736842105263158,0.9567711187097881
904003,Escola Básica n.º 2 de Figueira de Castelo Rodrigo,Figueira de Castelo Rodrigo,,,,2eme_cycle_uniquement,,,,,,,32,35,29,30,43,31,52,38,0.5,0.5,90,0.07999999821186066,0.12999999523162842,36,0.7777777777777778,0.951892327821915
904568,"Escola Básica de Escalhão, Figueira de Castelo Rodrigo",Figueira de Castelo Rodrigo,Bragança,Terras de Trás-os-Montes,Norte,1er_cycle_uniquement,0.0,0.0,0.0,0.0,0.0,,,,,,,,,,,,,,,,,
904829,"Escola Básica de Reigada, Figueira de Castelo Rodrigo",Figueira de Castelo Rodrigo,Bragança,Terras de Trás-os-Montes,Norte,1er_cycle_uniquement,0.0,0.0,0.0,0.0,0.0,,,,,,,,,,,,,,,,,
904934,Escola Básica n.º 1 de Figueira de Castelo Rodrigo,Figueira de Castelo Rodrigo,Bragança,Terras de Trás-os-Montes,Norte,1er_cycle_uniquement,110.0,16.0,40.0,23.0,31.0,0.0375,,,,,,,,,,,,,,,,
904938,"Escola Básica de Vermiosa, Figueira de Castelo Rodrigo",Figueira de Castelo Rodrigo,Bragança,Terras de Trás-os-Montes,Norte,1er_cycle_uniquement,0.0,0.0,0.0,0.0,0.0,,,,,,,,,,,,,,,,,
905093,Escola Básica de Fornos de Algodres,Fornos de Algodres,Castelo Branco,Beira Baixa,Centro,1er_cycle_uniquement,99.0,24.0,30.0,21.0,24.0,0.0325,,,,,,,,,,,,,,,,
905116,"Escola Básica de Figueiró da Granja, Fornos de Algodres",Fornos de Algodres,Castelo Branco,Beira Baixa,Centro,1er_cycle_uniquement,0.0,0.0,0.0,0.0,0.0,,,,,,,,,,,,,,,,,
905382,Escola Básica e Secundária de Fornos de Algodres,Fornos de Algodres,,,,2eme_cycle_uniquement,,,,,,,42,37,28,43,34,32,34,37,0.52,0.48,71,0,0,34,1,0.9622619989425355
906001,Escola Básica de Gouveia,Gouveia,Coimbra,Região de Coimbra,Centro,1er_et_2eme_cycle,162.0,33.0,57.0,41.0,31.0,0.0375,75,84,73,69,83,69,68,82,0.45999999999999996,0.54,150,0.12999999523162842,0.019999999552965164,77,0.974025974025974,0.9487885294157135
906275,"Escola Básica de Lagarinhos, Gouveia",Gouveia,Coimbra,Região de Coimbra,Centro,1er_cycle_uniquement,0.0,0.0,0.0,0.0,0.0,,,,,,,,,,,,,,,,,
906388,"Escola Básica de Folgosinho, Gouveia",Gouveia,Coimbra,Região de Coimbra,Centro,1er_cycle_uniquement,0.0,0.0,0.0,0.0,0.0,,,,,,,,,,,,,,,,,
906405,"Escola Básica de Moimenta da Serra, Gouveia",Gouveia,Coimbra,Região de Coimbra,Centro,1er_cycle_uniquement,51.0,17.0,11.0,11.0,12.0,0.065,,,,,,,,,,,,,,,,
906646,"Escola Básica de Vila Nova de Tazem, Gouveia",Gouveia,Coimbra,Região de Coimbra,Centro,1er_et_2eme_cycle,55.0,11.0,10.0,18.0,16.0,0.0275,19,18,14,20,17,16,15,19,0.47,0.53,34,0,0,15,1,0.9800597652489006
906670,"Escola Básica de Melo, Gouveia",Gouveia,Coimbra,Região de Coimbra,Centro,1er_cycle_uniquement,0.0,0.0,0.0,0.0,0.0,,,,,,,,,,,,,,,,,
906734,"Escola Básica de São Paio, Gouveia",Gouveia,Coimbra,Região de Coimbra,Centro,1er_cycle_uniquement,0.0,0.0,0.0,0.0,0.0,,,,,,,,,,,,,,,,,
906801,"Escola Básica de Paços da Serra, Gouveia",Gouveia,Coimbra,Região de Coimbra,Centro,1er_cycle_uniquement,23.0,4.0,5.0,6.0,8.0,0.0,,,,,,,,,,,,,,,,
907001,"Escola Básica de Porto da Carne, Guarda",Guarda,Évora,Alentejo Central,Alentejo,1er_cycle_uniquement,22.0,5.0,5.0,4.0,8.0,0.0325,,,,,,,,,,,,,,,,
907002,"Escola Básica de Sequeira, Guarda",Guarda,Évora,Alentejo Central,Alentejo,1er_cycle_uniquement,226.0,44.0,65.0,66.0,51.0,0.0175,,,,,,,,,,,,,,,,
907009,"Escola Básica de Bairro da Luz, Guarda",Guarda,Évora,Alentejo Central,Alentejo,1er_cycle_uniquement,72.0,13.0,20.0,20.0,19.0,0.0,,,,,,,,,,,,,,,,
907035,"Escola Básica de Alfarazes, Guarda",Guarda,Évora,Alentejo Central,Alentejo,1er_cycle_uniquement,27.0,6.0,3.0,7.0,11.0,0.0,,,,,,,,,,,,,,,,
907039,"Escola Básica de Gonçalo, Guarda",Guarda,Évora,Alentejo Central,Alentejo,1er_cycle_uniquement,27.0,6.0,9.0,6.0,6.0,0.0,,,,,,,,,,,,,,,,
907047,"Jardim de Infância de Vila Fernando, Guarda",Guarda,Évora,Alentejo Central,Alentejo,1er_cycle_uniquement,0.0,0.0,0.0,0.0,0.0,,,,,,,,,,,,,,,,,
907093,"Escola Básica de Estação, Guarda",Guarda,Évora,Alentejo Central,Alentejo,1er_cycle_uniquement,74.0,24.0,18.0,15.0,17.0,0.0,,,,,,,,,,,,,,,,
907112,"Escola Básica de Santa Clara, Guarda",Guarda,,,,2eme_cycle_uniquement,,,,,,,159,154,130,159,153,125,138,152,0.45999999999999996,0.54,290,0.03999999910593033,0.009999999776482582,142,0.9859154929577465,0.9700137353247041
907123,"Escola Básica de Póvoa do Mileu, Guarda",Guarda,Évora,Alentejo Central,Alentejo,1er_cycle_uniquement,24.0,5.0,8.0,4.0,7.0,0.035,,,,,,,,,,,,,,,,
907139,"Escola Básica Santa Zita, Guarda",Guarda,Évora,Alentejo Central,Alentejo,1er_cycle_uniquement,81.0,18.0,25.0,28.0,10.0,0.02,,,,,,,,,,,,,,,,
907173,"Escola Básica de Rochoso, Guarda",Guarda,Évora,Alentejo Central,Alentejo,1er_cycle_uniquement,0.0,0.0,0.0,0.0,0.0,,,,,,,,,,,,,,,,,
907186,"Escola Básica Carolina Beatriz Ângelo, Guarda",Guarda,,,,2eme_cycle_uniquement,,,,,,,79,74,78,84,93,85,88,91,0.53,0.47,179,0.05999999865889549,0.009999999776482582,89,0.9887640449438202,0.9720260784533501
907230,"Escola Básica e Secundária da Sé, Guarda",Guarda,,,,2eme_cycle_uniquement,,,,,,,72,82,85,74,72,88,66,79,0.52,0.48,145,0.05999999865889549,0.009999999776482582,71,1,0.9532715502365209
907231,"Escola Básica de Maçainhas, Guarda",Guarda,Évora,Alentejo Central,Alentejo,1er_cycle_uniquement,0.0,0.0,0.0,0.0,0.0,,,,,,,,,,,,,,,,,
907318,"Escola Básica de Famalicão, Guarda",Guarda,Évora,Alentejo Central,Alentejo,1er_cycle_uniquement,0.0,0.0,0.0,0.0,0.0,,,,,,,,,,,,,,,,,
907360,"Escola Básica de Barracão, Guarda",Guarda,Évora,Alentejo Central,Alentejo,1er_cycle_uniquement,0.0,0.0,0.0,0.0,0.0,,,,,,,,,,,,,,,,,
907409,"Escola Básica de Lameirinhas, Guarda",Guarda,Évora,Alentejo Central,Alentejo,1er_cycle_uniquement,86.0,23.0,26.0,18.0,19.0,0.0,,,,,,,,,,,,,,,,
907428,"Escola Básica de Trinta, Guarda",Guarda,Évora,Alentejo Central,Alentejo,1er_cycle_uniquement,0.0,0.0,0.0,0.0,0.0,,,,,,,,,,,,,,,,,
907437,"Escola Básica de Pêra do Moço, Guarda",Guarda,Évora,Alentejo Central,Alentejo,1er_cycle_uniquement,0.0,0.0,0.0,0.0,0.0,,,,,,,,,,,,,,,,,
907452,"Escola Regional Dr. José Dinis da Fonseca, Arrifana",Guarda,Évora,Alentejo Central,Alentejo,1er_cycle_uniquement,99.0,37.0,23.0,19.0,20.0,0.0,,,,,,,,,,,,,,,,
907497,"Escola Básica de Bairro do Pinheiro, Guarda",Guarda,Évora,Alentejo Central,Alentejo,1er_cycle_uniquement,0.0,0.0,0.0,0.0,0.0,,,,,,,,,,,,,,,,,
907673,"Escola Básica Adães Bermudes, Guarda",Guarda,Évora,Alentejo Central,Alentejo,1er_cycle_uniquement,91.0,24.0,24.0,24.0,19.0,0.0,,,,,,,,,,,,,,,,
907728,"Escola Básica Augusto Gil, Guarda",Guarda,Évora,Alentejo Central,Alentejo,1er_cycle_uniquement,102.0,38.0,24.0,23.0,17.0,0.0,,,,,,,,,,,,,,,,
907775,"Escola Básica de Espírito Santo, Guarda",Guarda,Évora,Alentejo Central,Alentejo,1er_cycle_uniquement,81.0,19.0,24.0,20.0,18.0,0.0,,,,,,,,,,,,,,,,
907956,"Escola Básica de Bonfim, Guarda",Guarda,Évora,Alentejo Central,Alentejo,1er_cycle_uniquement,91.0,24.0,20.0,23.0,24.0,0.0,,,,,,,,,,,,,,,,
907973,"Escola Básica de Castanheira, Guarda",Guarda,Évora,Alentejo Central,Alentejo,1er_cycle_uniquement,0.0,0.0,0.0,0.0,0.0,,,,,,,,,,,,,,,,,
907986,"Escola Básica de São Miguel, Guarda",Guarda,,,,2eme_cycle_uniquement,,,,,,,43,33,21,45,34,30,21,27,0.43999999999999995,0.56,48,0.05000000074505806,0.03999999910593033,31,0.7741935483870968,0.8930252598739101
908063,Escola Básica e Secundária de Manteigas,Manteigas,,,,2eme_cycle_uniquement,,,,,,,17,17,15,18,15,16,12,18,0.6,0.4,30,0.17000000178813934,0.10999999940395355,14,*,*
908615,Escola Básica de Manteigas,Manteigas,Faro,Algarve,Algarve,1er_cycle_uniquement,67.0,19.0,14.0,22.0,12.0,0.03,,,,,,,,,,,,,,,,
909050,Escola Básica e Secundária de Meda,Mêda,Guarda,Beiras e Serra da Estrela,Centro,1er_et_2eme_cycle,121.0,31.0,39.0,18.0,33.0,0.0125,34,28,30,33,35,29,23,39,0.56,0.44,62,0.03999999910593033,0,32,0.96875,0.9312547334391359
910557,"Escola Básica de Freixedas, Pinhel",Pinhel,Leiria,Região de Leiria,Centro,1er_cycle_uniquement,20.0,4.0,5.0,3.0,8.0,0.0,,,,,,,,,,,,,,,,
910700,Escola Básica n.º 1 de Pinhel,Pinhel,Leiria,Região de Leiria,Centro,1er_cycle_uniquement,157.0,35.0,44.0,37.0,41.0,0.005,,,,,,,,,,,,,,,,
910814,Escola Básica n.º 2 de Pinhel,Pinhel,,,,2eme_cycle_uniquement,,,,,,,49,55,31,0,55,49,40,57,0.56,0.44,97,0.05000000074505806,0.019999999552965164,54,0.9444444444444444,0.9457966806422752
911065,"Escola Regional Dr. José Dinis da Fonseca, Cerdeira",Sabugal,,,,2eme_cycle_uniquement,,,,,,,16,20,26,16,16,25,19,20,0.51,0.49,39,0.05000000074505806,0,14,*,*
911287,Escola Básica de Sabugal,Sabugal,Lisboa,Grande Lisboa,Grande Lisboa,1er_et_2eme_cycle,136.0,39.0,33.0,32.0,32.0,0.0225,43,43,45,44,50,40,46,50,0.48,0.52,96,0,0.019999999552965164,47,0.9361702127659575,0.9165219916875302
911296,"Escola Básica de Cerdeira, Sabugal",Sabugal,Lisboa,Grande Lisboa,Grande Lisboa,1er_cycle_uniquement,0.0,0.0,0.0,0.0,0.0,,,,,,,,,,,,,,,,,
911431,"Escola Básica de Ruvina, Sabugal",Sabugal,Lisboa,Grande Lisboa,Grande Lisboa,1er_cycle_uniquement,0.0,0.0,0.0,0.0,0.0,,,,,,,,,,,,,,,,,
911456,"Escola Básica de Aldeia de Santo António, Sabugal",Sabugal,Lisboa,Grande Lisboa,Grande Lisboa,1er_cycle_uniquement,0.0,0.0,0.0,0.0,0.0,,,,,,,,,,,,,,,,,
911616,"Escola Básica de Aldeia Velha, Sabugal",Sabugal,Lisboa,Grande Lisboa,Grande Lisboa,1er_cycle_uniquement,0.0,0.0,0.0,0.0,0.0,,,,,,,,,,,,,,,,,
911759,"Escola Básica de Souto, Sabugal",Sabugal,Lisboa,Grande Lisboa,Grande Lisboa,1er_cycle_uniquement,55.0,12.0,13.0,18.0,12.0,0.055,,,,,,,,,,,,,,,,
912001,Escola Básica de Seia,Seia,Portalegre,Alto Alentejo,Alentejo,1er_cycle_uniquement,278.0,73.0,65.0,79.0,61.0,0.01,,,,,,,,,,,,,,,,
912009,"Escola Básica Dr. Abranches Ferrão, Seia",Seia,Portalegre,Alto Alentejo,Alentejo,1er_et_2eme_cycle,73.0,17.0,21.0,21.0,14.0,0.0,29,43,34,30,26,28,36,26,0.55,0.45,62,0.05999999865889549,0,24,1,0.9660832239116406
912010,"Escola Básica Dr. Guilherme Correia de Carvalho, Seia",Seia,,,,2eme_cycle_uniquement,,,,,,,108,116,112,107,101,113,101,100,0.5900000000000001,0.41,201,0,0.05999999865889549,95,0.9368421052631579,0.9667796211503032
912074,"Escola Básica de Santiago, Seia",Seia,Portalegre,Alto Alentejo,Alentejo,1er_cycle_uniquement,32.0,7.0,12.0,5.0,8.0,0.0,,,,,,,,,,,,,,,,
912105,"Escola Básica Dr. Reis Leitão, Loriga, Seia",Seia,Portalegre,Alto Alentejo,Alentejo,1er_cycle_uniquement,22.0,3.0,5.0,7.0,7.0,0.0,,,,,,,,,,,,,,,,
912659,"Escola Básica de São Romão, Seia",Seia,Portalegre,Alto Alentejo,Alentejo,1er_cycle_uniquement,125.0,30.0,35.0,41.0,19.0,0.0275,,,,,,,,,,,,,,,,
912797,"Escola Básica de Tourais-Paranhos, Seia",Seia,Portalegre,Alto Alentejo,Alentejo,1er_et_2eme_cycle,69.0,18.0,21.0,16.0,14.0,0.0,17,26,19,17,20,18,26,19,0.53,0.47,45,0,0,20,1,0.9659015437261711
913257,"Escola Básica de Cogula, Trancoso",Trancoso,Porto,Área Metropolitana do Porto,Norte,1er_cycle_uniquement,0.0,0.0,0.0,0.0,0.0,,,,,,,,,,,,,,,,,
913322,Escola Básica de Trancoso,Trancoso,Porto,Área Metropolitana do Porto,Norte,1er_et_2eme_cycle,135.0,44.0,26.0,26.0,39.0,0.0,39,58,35,40,35,35,37,34,0.51,0.49,71,0,0,35,0.9714285714285714,0.9612488813954536
913463,"Escola Básica de Vila Franca das Naves, Trancoso",Trancoso,Porto,Área Metropolitana do Porto,Norte,1er_et_2eme_cycle,38.0,9.0,9.0,9.0,11.0,0.0,*,*,*,*,*,*,*,*,*,*,*,*,*,9,*,*
913628,"Escola Básica de Palhais, Trancoso",Trancoso,Porto,Área Metropolitana do Porto,Norte,1er_cycle_uniquement,0.0,0.0,0.0,0.0,0.0,,,,,,,,,,,,,,,,,
914403,"Escola Básica de Freixo de Numão, Vila Nova de Foz Côa",Vila Nova de Foz Côa,Santarém,Lezíria do Tejo,Oeste e Vale do Tejo,1er_cycle_uniquement,0.0,0.0,0.0,0.0,0.0,,,,,,,,,,,,,,,,,
914907,"Escola Básica e Secundária Tenente Coronel Adão Carrapatoso, Vila Nova de Foz Côa",Vila Nova de Foz Côa,Santarém,Lezíria do Tejo,Oeste e Vale do Tejo,1er_et_2eme_cycle,110.0,31.0,22.0,32.0,25.0,0.0225,40,45,37,41,43,39,34,42,0.5700000000000001,0.43,76,0.029999999329447746,0,43,0.9302325581395349,0.9448914393452718
Dados disponíveis no site http://infoescolas.medu.pt em dezembro de 2024.,,,,,,1er_cycle_uniquement,0.0,0.0,0.0,0.0,0.0,,,,,,,,,,,,,,,,,
Fonte: Dados reportados pelas escolas ao sistema de informação do MECI; DGEEC/MECI (Produção dos indicadores),,,,,,1er_cycle_uniquement,0.0,0.0,0.0,0.0,0.0,,,,,,,,,,,,,,,,,
Fonte: Dados reportados pelas escolas ao sistema de informação do MECI; DGEEC/MECI(Produção dos indicadores),,,,,,2eme_cycle_uniquement,,,,,,,,,,,,,,,,,,,,,,
Legenda:,,,,,,1er_cycle_uniquement,0.0,0.0,0.0,0.0,0.0,,,,,,,,,,,,,,,,,
Nota: Os dados referem-se apenas aos alunos jovens matriculados no ensino básico geral.,,,,,,1er_cycle_uniquement,0.0,0.0,0.0,0.0,0.0,,,,,,,,,,,,,,,,,
"Nota: Os dados referem-se apenas aos alunos matriculados no ensino básico geral e artístico.  Não incluem, por exemplo, os alunos matriculados no ensino vocacional.",,,,,,2eme_cycle_uniquement,,,,,,,,,,,,,,,,,,,,,,
"Os valores apresentados para o Total Nacional (Continente) no ensino básico podem não corresponder à soma dos valores para o conjunto das escolas listadas. Isto acontece porque na tabela apenas são listadas as escolas que tiveram alunos matriculados no 1.º ciclo do ensino básico no ano letivo mais recente, ou seja 2022/23, e não todas as escolas que contribuem para os totais do Continente nos vários anos em causa.",,,,,,1er_cycle_uniquement,0.0,0.0,0.0,0.0,0.0,,,,,,,,,,,,,,,,,
"Os valores apresentados para o Total Nacional (Continente) no ensino básico podem não corresponder à soma dos valores para o conjunto das escolas listadas. Isto acontece porque na tabela apenas são listadas as escolas que tiveram alunos matriculados no 2.º ciclo do ensino básico no ano letivo mais recente, ou seja 2022/23, e não todas as escolas que contribuem para os totais do Continente nos vários anos em causa.",,,,,,2eme_cycle_uniquement,,,,,,,,,,,,,,,,,,,,,,
